id,SQ3,HQ2,SQ4,SQ5,SQ8,DQ1,DQ3,DQ3_1,DQ4,'brand_loyalty','cooking_convenience','health_orientation','hmr_preference','premium_orientation','price_sensitivity','variety_seeking',cluster,'brand_loyalty'_scaled,'cooking_convenience'_scaled,'health_orientation'_scaled,'hmr_preference'_scaled,'premium_orientation'_scaled,'price_sensitivity'_scaled,'variety_seeking'_scaled,cluster_scaled
4B043022,여자,50대,단순노무 종사자,고졸(대학 재학 포함),부산광역시,1인 가구,미혼(사별/이혼 포함),맞벌이 하지 않음,100-200만원 미만,0.16862662746745066,0.17064613585420527,0.07963918430381524,0.13402346445824706,0.10638727934240669,0.13599537037037038,0.19992003198720512,1,0.5395522388059701,0.5978955279969936,0.37050163576881134,0.8041136141038197,0.46872964169381115,0.3158625477264839,0.408695652173913,0.3333333333333333
3G103032,남자,30대,기능원 및 관련 기능 종사자,고졸(대학 재학 포함),울산광역시,1인 가구,미혼(사별/이혼 포함),맞벌이 하지 않음,300-400만원 미만,0.26480470390592187,0.18750609102426666,0.09648660980660559,0.14782608695652172,0.14378116156852175,0.14573688271604937,0.2483006797281088,1,0.8813432835820894,0.6629086809470124,0.5013631406761176,0.9020568070519097,0.6495114006514658,0.3509198195071155,0.5665217391304349,0.3333333333333333
3G103036,남자,30대,판매 종사자,대학교 졸업(전문대졸/대학원생 포함),울산광역시,2세대가족,기혼,맞벌이 함,600-700만원 미만,0.26291474170516593,0.19208654127278044,0.0951528552876347,0.15058661145617666,0.13663926694515563,0.14110725308641978,0.23723843795815008,0,0.8746268656716418,0.6805712138293873,0.4910032715376227,0.9216454456415277,0.6149837133550489,0.33425893786879557,0.5304347826086957,0.0
3B043005,여자,20대,전문가 및 관련 종사자,고졸(대학 재학 포함),부산광역시,1인 가구,미혼(사별/이혼 포함),맞벌이 하지 않음,200-300만원 미만,0.24695506089878203,0.1852645940941429,0.08995823242427434,0.13954451345755692,0.124242015900822,0.16734182098765432,0.22657603625216582,1,0.8179104477611939,0.6542653137918076,0.4506543075245365,0.8432908912830557,0.5550488599348535,0.4286706004859423,0.4956521739130435,0.3333333333333333
3G103040,여자,50대,서비스 종사자,고졸(대학 재학 포함),울산광역시,1세대가족,기혼,맞벌이 함,500-600만원 미만,0.21587568248635028,0.23009453269661828,0.07437436383419326,0.14782608695652172,0.0900148228001617,0.14699074074074076,0.21897907503665204,2,0.7074626865671642,0.8271326568959038,0.32960741548527805,0.9020568070519097,0.38957654723127033,0.3554321416174939,0.47086956521739143,0.6666666666666666
3B043015,여자,40대,주부,대학교 졸업(전문대졸/대학원생 포함),부산광역시,1세대가족,기혼,맞벌이 하지 않음,300-400만원 미만,0.2102057958840823,0.14823116655296756,0.09662700501912885,0.13402346445824706,0.12019943403853928,0.1705246913580247,0.19592163134746102,3,0.6873134328358208,0.5114618564449455,0.502453653217012,0.8041136141038197,0.5355048859934853,0.44012495661228734,0.3956521739130434,1.0
1A000848,여자,60대 이상,서비스 종사자,대학교 졸업(전문대졸/대학원생 포함),서울특별시,2세대가족,기혼,맞벌이 함,"1,000만원 이상",0.15392692146157078,0.24666211870188093,0.07602400758134148,0.13402346445824706,0.08213178816871042,0.13001543209876545,0.16526722644275624,0,0.4873134328358208,0.8910184141300262,0.3424209378407852,0.8041136141038197,0.35146579804560263,0.29434224227698724,0.29565217391304344,0.0
1A000851,여자,60대 이상,주부,고졸(대학 재학 포함),서울특별시,2세대가족,기혼,맞벌이 하지 않음,700-800만원 미만,0.19214615707685848,0.25835688529383105,0.07921799866624547,0.15058661145617666,0.10362484840318018,0.1413966049382716,0.17592962814874052,3,0.6231343283582089,0.9361142427658775,0.3672300981461286,0.9216454456415277,0.45537459283387627,0.33530024297119054,0.33043478260869574,1.0
1A000555,여자,50대,판매 종사자,고졸(대학 재학 포함),서울특별시,2세대가족,기혼,맞벌이 함,500-600만원 미만,0.11171776564468712,0.1531039859662801,0.10543680460496296,0.15058661145617666,0.10861069936666216,0.20447530864197533,0.22431027588964417,2,0.3373134328358209,0.5302517850432169,0.5708833151581242,0.9216454456415277,0.47947882736156355,0.5623047552933009,0.4882608695652174,0.6666666666666666
4K185022,여자,60대 이상,서비스 종사자,고졸(대학 재학 포함),전라북도,2세대가족,기혼,맞벌이 함,400-500만원 미만,0.18773624527509453,0.12484163336906735,0.10427854410164615,0.1285024154589372,0.13118178143107398,0.1648341049382716,0.22830867652938827,2,0.6074626865671642,0.42127019917324315,0.5618865866957471,0.7649363369245838,0.588599348534202,0.41964595626518564,0.501304347826087,0.6666666666666666
4D054003,여자,40대,사무 종사자,대학교 졸업(전문대졸/대학원생 포함),대구광역시,2세대가족,기혼,맞벌이 함,800-900만원 미만,0.15854682906341874,0.21645063833934317,0.07504124109367871,0.136783988957902,0.08833041369087723,0.18335262345679013,0.17059842729574837,0,0.503731343283582,0.7745208568207441,0.33478735005452565,0.8237022526934379,0.3814332247557003,0.48628948281846573,0.31304347826086953,0.0
4D054006,여자,40대,사무 종사자,대학교 졸업(전문대졸/대학원생 포함),대구광역시,2세대가족,기혼,맞벌이 함,"1,000만원 이상",0.13439731205375893,0.24422570899522467,0.03766101575936261,0.1388543823326432,0.057472038808785875,0.16425540123456792,0.1412768226042916,0,0.41791044776119396,0.8816234498308907,0.04443838604143949,0.8383937316356511,0.23224755700325733,0.4175633460603957,0.21739130434782608,0.0
1C000357,여자,50대,판매 종사자,고졸(대학 재학 포함),인천광역시,2세대가족,기혼,맞벌이 함,600-700만원 미만,0.08882822343553129,0.11509599454244226,0.1436594012144186,0.136783988957902,0.12505053227327853,0.12297453703703705,0.11728641876582702,2,0.2559701492537313,0.3836903419767005,0.8677753544165757,0.8237022526934379,0.5589576547231271,0.26900381811870877,0.13913043478260875,0.6666666666666666
1F000278,여자,60대 이상,서비스 종사자,고졸(대학 재학 포함),광주광역시,1인 가구,미혼(사별/이혼 포함),맞벌이 하지 않음,200-300만원 미만,0.11507769844603108,0.16577331644089272,0.10392755607033802,0.136783988957902,0.06879126802317746,0.11188271604938273,0.16793282686925232,1,0.3492537313432835,0.5791055993987223,0.5591603053435116,0.8237022526934379,0.28697068403908793,0.22908712252690042,0.30434782608695654,0.3333333333333333
4I208004,여자,60대 이상,농림어업 숙련 종사자,중졸 이하,경상북도,1인 가구,미혼(사별/이혼 포함),맞벌이 하지 않음,100만원 미만,0.1123477530449391,0.1423837832569925,0.08462321434839072,0.13126293995859212,0.07532677536720118,0.10792824074074076,0.2452352392376383,1,0.3395522388059701,0.4889139421270199,0.4092148309705561,0.7845249755142016,0.3185667752442997,0.21485595279416872,0.5565217391304348,0.3333333333333333
4K185025,여자,50대,서비스 종사자,중졸 이하,전라북도,1인 가구,기혼,맞벌이 하지 않음,100-200만원 미만,0.12893742125157498,0.13556183607835495,0.11308834368748026,0.13402346445824706,0.0962808246866999,0.1518132716049383,0.16126882580301213,1,0.3985074626865671,0.46260804208944006,0.6303162486368593,0.8041136141038197,0.41986970684039093,0.3727872266574106,0.28260869565217395,0.3333333333333333
1H001250,여자,50대,주부,대학교 졸업(전문대졸/대학원생 포함),경기도,2세대가족,기혼,맞벌이 하지 않음,500-600만원 미만,0.10919781604367913,0.15018029431829258,0.10297988838580605,0.15610766045548655,0.12215334860530926,0.1304976851851852,0.2572304411568706,3,0.32835820895522383,0.5189778278842541,0.5517993456924755,0.960822722820764,0.5449511400651467,0.29607775078097887,0.5956521739130435,1.0
1F000289,여자,60대 이상,서비스 종사자,고졸(대학 재학 포함),광주광역시,1인 가구,미혼(사별/이혼 포함),맞벌이 하지 않음,100-200만원 미만,0.10289794204115918,0.06334665237306306,0.1057877926362711,0.026224982746721876,0.07883034631451287,0.09741512345679013,0.17992802878848463,1,0.3059701492537313,0.18414130026305897,0.5736095965103598,0.03917727717923605,0.3355048859934854,0.17702186740715029,0.34347826086956523,0.3333333333333333
3B043025,남자,20대,학생,고졸(대학 재학 포함),부산광역시,1인 가구,미혼(사별/이혼 포함),맞벌이 하지 않음,100-200만원 미만,0.22154556908861822,0.12191794172107982,0.07440946263732406,0.13126293995859212,0.11218164667834524,0.16772762345679013,0.2145808343329335,1,0.7276119402985074,0.4099962420142803,0.3298800436205016,0.7845249755142016,0.496742671009772,0.4300590072891357,0.4565217391304348,0.3333333333333333
3B027008,여자,60대 이상,서비스 종사자,고졸(대학 재학 포함),부산광역시,1인 가구,미혼(사별/이혼 포함),맞벌이 하지 않음,100만원 미만,0.18458630827383454,0.13946009160900497,0.07837562739110597,0.1285024154589372,0.06697210618515025,0.17901234567901234,0.2669598827135813,1,0.5962686567164179,0.47763998496805704,0.3606870229007634,0.7649363369245838,0.2781758957654723,0.4706699062825407,0.6273913043478262,0.3333333333333333
1H001266,여자,50대,서비스 종사자,대학교 졸업(전문대졸/대학원생 포함),경기도,2세대가족,기혼,맞벌이 함,"900-1,000만원 미만",0.09302813943721125,0.19208654127278044,0.08434242392334422,0.15610766045548655,0.10591564479180703,0.18123070987654322,0.22257763561242172,0,0.27089552238805964,0.6805712138293873,0.4070338058887677,0.960822722820764,0.4664495114006515,0.4786532454009025,0.482608695652174,0.0
4K185003,여자,50대,사무 종사자,고졸(대학 재학 포함),전라북도,2세대가족,기혼,맞벌이 함,500-600만원 미만,0.1854262914741705,0.12552382808693113,0.13270857463760488,0.1336093857832988,0.1351569869289853,0.17235725308641975,0.21191523390643743,2,0.5992537313432835,0.4239007891770012,0.7827153762268267,0.8011753183153769,0.6078175895765473,0.4467198889274556,0.4478260869565217,0.6666666666666666
3B027012,남자,20대,기능원 및 관련 기능 종사자,대학교 졸업(전문대졸/대학원생 포함),부산광역시,1인 가구,미혼(사별/이혼 포함),맞벌이 하지 않음,200-300만원 미만,0.1627467450650987,0.143358347139655,0.09013372643992841,0.136783988957902,0.08051475542379732,0.13898533950617284,0.19992003198720512,1,0.5186567164179104,0.49267192784667413,0.45201744820065437,0.8237022526934379,0.34364820846905536,0.3266227004512322,0.408695652173913,0.3333333333333333
1C000362,여자,60대 이상,주부,고졸(대학 재학 포함),인천광역시,1세대가족,기혼,맞벌이 하지 않음,300-400만원 미만,0.17660646787064258,0.11217230289445473,0.1107718226808466,0.13954451345755692,0.09291200646813098,0.11651234567901235,0.10835665733706518,3,0.5679104477611939,0.37241638481773764,0.6123227917121047,0.8432908912830557,0.40358306188925086,0.24574800416522044,0.11000000000000001,1.0
1H001270,여자,40대,주부,대학교 졸업(전문대졸/대학원생 포함),경기도,2세대가족,기혼,맞벌이 하지 않음,600-700만원 미만,0.1749265014699706,0.23984017152324336,0.09041451686497491,0.15610766045548655,0.105376633876836,0.18113425925925927,0.23324003731840598,3,0.5619402985074626,0.8647125140924464,0.4541984732824428,0.960822722820764,0.46384364820846913,0.47830614370010416,0.5173913043478261,1.0
3B027016,남자,20대,장치·기계 조작 및 조립 종사자,대학교 졸업(전문대졸/대학원생 포함),부산광역시,2세대가족,미혼(사별/이혼 포함),맞벌이 하지 않음,500-600만원 미만,0.15455690886182274,0.13946009160900497,0.08100803762591696,0.13402346445824706,0.06596146071957958,0.23013117283950618,0.25589764094362255,1,0.48955223880597004,0.47763998496805704,0.38113413304252997,0.8041136141038197,0.27328990228013034,0.6546338077056577,0.591304347826087,0.3333333333333333
3B043045,여자,50대,사무 종사자,중졸 이하,부산광역시,1세대가족,기혼,맞벌이 함,500-600만원 미만,0.20600587988240235,0.16090049702758016,0.06960092660840266,0.13402346445824706,0.11096887211966042,0.14573688271604937,0.19592163134746102,2,0.6723880597014925,0.560315670800451,0.2925299890948746,0.8041136141038197,0.4908794788273616,0.3509198195071155,0.3956521739130434,0.6666666666666666
4K185012,여자,30대,사무 종사자,대학교 졸업(전문대졸/대학원생 포함),전라북도,1인 가구,미혼(사별/이혼 포함),맞벌이 하지 않음,200-300만원 미만,0.16715665686686265,0.1306890166650424,0.12439015829560211,0.15058661145617666,0.1405470960786956,0.13724922839506173,0.17992802878848463,1,0.5343283582089552,0.44381811349116873,0.7181025081788439,0.9216454456415277,0.6338762214983714,0.32037486983686225,0.34347826086956523,0.3333333333333333
3B027020,남자,20대,서비스 종사자,고졸(대학 재학 포함),부산광역시,1세대가족,기혼,맞벌이 함,500-600만원 미만,0.11759764804703907,0.12337978754507359,0.10936787055561406,0.13609385783298825,0.12033418676728203,0.1427469135802469,0.14300946288151406,2,0.3582089552238806,0.41563322059376173,0.6014176663031625,0.8188050930460331,0.536156351791531,0.3401596667823672,0.2230434782608696,0.6666666666666666
4D054009,여자,40대,사무 종사자,대학교 졸업(전문대졸/대학원생 포함),대구광역시,2세대가족,기혼,맞벌이 함,700-800만원 미만,0.07055858882822344,0.13409999025436117,0.07883191183180653,0.13333333333333333,0.10551138660557875,0.1767939814814815,0.14527522324403572,0,0.19104477611940296,0.45697106350995864,0.36423118865866955,0.7992164544564153,0.46449511400651466,0.4626865671641791,0.23043478260869563,0.0
4K185019,여자,60대 이상,서비스 종사자,고졸(대학 재학 포함),전라북도,1인 가구,기혼,맞벌이 하지 않음,200-300만원 미만,0.08399832003359933,0.12484163336906735,0.13474430521919203,0.1450655624568668,0.13030588869424606,0.1413966049382716,0.1905904304944689,1,0.2388059701492537,0.42127019917324315,0.7985278080697927,0.8824681684622917,0.5843648208469056,0.33530024297119054,0.37826086956521743,0.3333333333333333
3B043030,남자,20대,사무 종사자,대학교 졸업(전문대졸/대학원생 포함),부산광역시,1인 가구,미혼(사별/이혼 포함),맞벌이 하지 않음,200-300만원 미만,0.21482570348593027,0.15018029431829258,0.06949563019901021,0.13402346445824706,0.13940169788438217,0.16338734567901236,0.17859522857523658,1,0.703731343283582,0.5189778278842541,0.29171210468920383,0.8041136141038197,0.6283387622149839,0.41443943075321066,0.33913043478260874,0.3333333333333333
1H002165,여자,30대,주부,대학교 졸업(전문대졸/대학원생 포함),경기도,2세대가족,기혼,맞벌이 하지 않음,400-500만원 미만,0.11696766064678707,0.12191794172107982,0.12119616721069812,0.13954451345755692,0.1709338364101873,0.1375385802469136,0.10262561642009864,3,0.35597014925373127,0.4099962420142803,0.6932933478735005,0.8432908912830557,0.7807817589576548,0.3214161749392572,0.09130434782608701,1.0
3B027024,여자,60대 이상,주부,대학교 졸업(전문대졸/대학원생 포함),부산광역시,1세대가족,기혼,맞벌이 하지 않음,400-500만원 미만,0.1482570348593028,0.11412143065977975,0.0845530167421291,0.11746031746031746,0.07640479719714324,0.15866126543209877,0.2572304411568706,3,0.46716417910447744,0.3799323562570462,0.4086695747001091,0.6865817825661116,0.3237785016286645,0.3974314474140923,0.5956521739130435,1.0
3D052005,여자,20대,사무 종사자,대학교 졸업(전문대졸/대학원생 포함),대구광역시,1인 가구,미혼(사별/이혼 포함),맞벌이 하지 않음,300-400만원 미만,0.18374632507349853,0.13263814443036742,0.12505703555508757,0.136783988957902,0.15078830346314512,0.12548225308641975,0.17592962814874052,1,0.5932835820895522,0.4513340849304772,0.7232824427480915,0.8237022526934379,0.6833876221498372,0.27802846233946543,0.33043478260869574,0.3333333333333333
4D054012,여자,40대,판매 종사자,대학교 졸업(전문대졸/대학원생 포함),대구광역시,2세대가족,기혼,맞벌이 함,500-600만원 미만,0.12767744645107099,0.15066757625962382,0.09848724158506196,0.12781228433402345,0.10160355747203881,0.1787229938271605,0.10928961748633881,0,0.3940298507462686,0.5208568207440811,0.5169029443838604,0.7600391772771791,0.4456026058631922,0.4696286011801457,0.1130434782608696,0.0
4I208012,여자,60대 이상,주부,고졸(대학 재학 포함),경상북도,1세대가족,기혼,맞벌이 하지 않음,200-300만원 미만,0.07832843343133136,0.13994737355033623,0.07665578603769611,0.12781228433402345,0.061042986120468934,0.10706018518518519,0.30521124883379985,3,0.21865671641791035,0.4795189778278842,0.34732824427480913,0.7600391772771791,0.24951140065146576,0.2117320374869837,0.7521739130434784,1.0
4K185034,여자,50대,서비스 종사자,고졸(대학 재학 포함),전라북도,2세대가족,기혼,맞벌이 하지 않음,200-300만원 미만,0.06362872742545149,0.13751096384367997,0.1455196377803517,0.1533471359558316,0.12680231774693437,0.13695987654320987,0.23230707716913238,3,0.16641791044776116,0.47012401352874866,0.8822246455834243,0.9412340842311457,0.5674267100977199,0.31933356473446717,0.5143478260869566,1.0
4D054015,여자,50대,주부,대학교 졸업(전문대졸/대학원생 포함),대구광역시,2세대가족,기혼,맞벌이 함,"1,000만원 이상",0.11108777824443511,0.13215086248903615,0.061879189919623746,0.13333333333333333,0.06865651529443471,0.15943287037037038,0.23457283753165403,0,0.3350746268656716,0.44945509207065004,0.2325517993456925,0.7992164544564153,0.2863192182410424,0.400208261020479,0.5217391304347827,0.0
3D052050,여자,60대 이상,장치·기계 조작 및 조립 종사자,대학교 졸업(전문대졸/대학원생 포함),대구광역시,1세대가족,기혼,맞벌이 함,500-600만원 미만,0.20432591348173038,0.13780333300847872,0.1078937208241199,0.1285024154589372,0.14438754884786417,0.1564429012345679,0.2065840330534453,0,0.6664179104477612,0.4712514092446448,0.5899672846237731,0.7649363369245838,0.6524429967426711,0.3894481082957305,0.4304347826086957,0.0
1C000363,여자,60대 이상,기능원 및 관련 기능 종사자,고졸(대학 재학 포함),인천광역시,1인 가구,미혼(사별/이혼 포함),맞벌이 하지 않음,200-300만원 미만,0.12935741285174296,0.11509599454244226,0.13274367344073568,0.136783988957902,0.05700040425818622,0.1017554012345679,0.1683326669332267,1,0.3999999999999999,0.3836903419767005,0.7829880043620502,0.8237022526934379,0.22996742671009768,0.19264144394307534,0.30565217391304345,0.3333333333333333
4K185031,여자,50대,서비스 종사자,고졸(대학 재학 포함),전라북도,1세대가족,기혼,맞벌이 함,400-500만원 미만,0.06929861402771945,0.12776532501705487,0.14987188936857254,0.14230503795721186,0.1398733324349818,0.14853395061728394,0.21324803411968546,2,0.18656716417910446,0.4325441563322059,0.9160305343511451,0.8628795298726737,0.6306188925081433,0.36098576883026723,0.4521739130434782,0.6666666666666666
4K185028,여자,50대,서비스 종사자,고졸(대학 재학 포함),전라북도,1세대가족,기혼,맞벌이 함,500-600만원 미만,0.0503989920201596,0.1316635805477049,0.14622161384296797,0.14782608695652172,0.14667834523649104,0.12519290123456792,0.2105824336931894,2,0.11940298507462686,0.447576099210823,0.8876772082878953,0.9020568070519097,0.6635179153094464,0.27698715723707046,0.4434782608695652,0.6666666666666666
1A000789,여자,40대,사무 종사자,대학교 졸업(전문대졸/대학원생 포함),서울특별시,2세대가족,기혼,맞벌이 함,700-800만원 미만,0.19382612347753045,0.10223175129129716,0.08704503176441683,0.11953071083505866,0.13764991241072633,0.14834104938271606,0.11328801812608291,0,0.6291044776119402,0.33408493047726423,0.4280261723009814,0.701273261508325,0.619869706840391,0.3602915654286706,0.12608695652173915,0.0
1C000370,여자,30대,사무 종사자,대학교 졸업(전문대졸/대학원생 포함),인천광역시,1세대가족,기혼,맞벌이 함,700-800만원 미만,0.1001679966400672,0.11704512230776729,0.12498683794882595,0.14230503795721186,0.055046489691416255,0.10223765432098766,0.1599360255897641,0,0.2962686567164179,0.39120631341600903,0.7227371864776445,0.8628795298726737,0.2205211726384365,0.19437695244706701,0.27826086956521745,0.0
1H002198,여자,40대,판매 종사자,대학교 졸업(전문대졸/대학원생 포함),경기도,2세대가족,기혼,맞벌이 함,500-600만원 미만,0.09155816883662327,0.12484163336906735,0.12417956547681724,0.13126293995859212,0.12592642501010645,0.14949845679012347,0.1212848194055711,0,0.2656716417910447,0.42127019917324315,0.7164667393675027,0.7845249755142016,0.5631921824104235,0.3644567858382506,0.15217391304347824,0.0
3D052010,여자,50대,서비스 종사자,대학교 졸업(전문대졸/대학원생 포함),대구광역시,1세대가족,기혼,맞벌이 함,500-600만원 미만,0.15518689626207477,0.14530747490498003,0.1112983047278088,0.14230503795721186,0.1207384449535103,0.15615354938271606,0.23324003731840598,0,0.4917910447761194,0.5001878992859827,0.6164122137404581,0.8628795298726737,0.5381107491856678,0.38840680319333565,0.5173913043478261,0.0
4D054018,여자,50대,사무 종사자,대학교 졸업(전문대졸/대학원생 포함),대구광역시,2세대가족,기혼,맞벌이 함,600-700만원 미만,0.14594708105837884,0.143358347139655,0.09399459478431786,0.13954451345755692,0.11339442123703006,0.18904320987654322,0.15593762495002,0,0.4589552238805969,0.49267192784667413,0.4820065430752454,0.8432908912830557,0.5026058631921825,0.5067684831655674,0.26521739130434785,0.0
3D052045,여자,30대,서비스 종사자,대학교 졸업(전문대졸/대학원생 포함),대구광역시,2세대가족,기혼,맞벌이 함,400-500만원 미만,0.17849643007139857,0.12581619725172985,0.07405847460601593,0.136783988957902,0.0997170192696402,0.15210262345679013,0.22391043582566975,0,0.5746268656716417,0.42502818489289734,0.327153762268266,0.8237022526934379,0.4364820846905538,0.37382853175980557,0.4869565217391305,0.0
3D052030,여자,60대 이상,사무 종사자,대학교 졸업(전문대졸/대학원생 포함),대구광역시,1세대가족,기혼,맞벌이 함,600-700만원 미만,0.22700545989080217,0.13975246077380374,0.10487522375486996,0.13126293995859212,0.1377172887750977,0.14072145061728397,0.23590563774490206,0,0.7470149253731342,0.4787673806839534,0.5665212649945474,0.7845249755142016,0.6201954397394138,0.33287053106560227,0.5260869565217392,0.0
4I208016,여자,60대 이상,주부,고졸(대학 재학 포함),경상북도,1세대가족,기혼,맞벌이 하지 않음,300-400만원 미만,0.07874842503149937,0.14433291102231752,0.08792250184268717,0.13126293995859212,0.05949332973992723,0.10223765432098766,0.3078768492602959,3,0.22014925373134325,0.4964299135663284,0.4348418756815703,0.7845249755142016,0.24201954397394138,0.19437695244706701,0.7608695652173915,1.0
4D054021,여자,30대,주부,대학교 졸업(전문대졸/대학원생 포함),대구광역시,1세대가족,기혼,맞벌이 하지 않음,300-400만원 미만,0.11675766484670307,0.17259526361953026,0.07321610333087641,0.13402346445824706,0.06036922247675515,0.17534722222222224,0.11195521791283487,3,0.3552238805970149,0.6054114994363021,0.32061068702290074,0.8041136141038197,0.2462540716612378,0.45748004165220413,0.12173913043478266,1.0
1A000527,여자,60대 이상,주부,고졸(대학 재학 포함),서울특별시,2세대가족,기혼,맞벌이 하지 않음,600-700만원 미만,0.14195716085678287,0.15895136926225514,0.10041767575725669,0.13954451345755692,0.10935183937474734,0.16589506172839508,0.19325603092096497,3,0.44477611940298495,0.5527996993611424,0.531897491821156,0.8432908912830557,0.4830618892508144,0.4234640749739673,0.38695652173913053,1.0
1C000377,여자,40대,판매 종사자,대학교 졸업(전문대졸/대학원생 포함),인천광역시,2세대가족,기혼,맞벌이 함,400-500만원 미만,0.08882822343553129,0.11119773901179222,0.14857323365273245,0.13402346445824706,0.058347931545613796,0.0935570987654321,0.10395841663334666,0,0.2559701492537313,0.3686583990980834,0.9059432933478736,0.8041136141038197,0.23648208469055376,0.1631377993752169,0.09565217391304351,0.0
3G107040,여자,60대 이상,주부,중졸 이하,울산광역시,1세대가족,기혼,맞벌이 하지 않음,300-400만원 미만,0.11990760184796305,0.13098138582984117,0.09399459478431786,0.13126293995859212,0.09776310470287022,0.11439043209876543,0.17366386778621887,3,0.3664179104477612,0.4449455092070651,0.4820065430752454,0.7845249755142016,0.4270358306188925,0.23811176674765702,0.32304347826086965,1.0
3B043010,남자,20대,서비스 종사자,고졸(대학 재학 포함),부산광역시,1인 가구,미혼(사별/이혼 포함),맞벌이 하지 않음,300-400만원 미만,0.20642587148257036,0.17844264691550532,0.07855112140676003,0.13954451345755692,0.09776310470287022,0.15769675925925927,0.18126082900173265,1,0.6738805970149253,0.6279594137542277,0.36205016357688113,0.8432908912830557,0.4270358306188925,0.39396043040610895,0.34782608695652173,0.3333333333333333
1F000464,여자,40대,사무 종사자,대학교 졸업(전문대졸/대학원생 포함),광주광역시,1인 가구,미혼(사별/이혼 포함),맞벌이 하지 않음,200-300만원 미만,0.15896682066358675,0.13000682194717866,0.08486890597030641,0.13402346445824706,0.0931141355612451,0.12712191358024694,0.17859522857523658,1,0.505223880597015,0.44118752348741075,0.41112322791712097,0.8041136141038197,0.4045602605863192,0.28392919125303717,0.33913043478260874,0.3333333333333333
1A000547,여자,60대 이상,주부,대학교 졸업(전문대졸/대학원생 포함),서울특별시,2세대가족,기혼,맞벌이 하지 않음,700-800만원 미만,0.26858462830743385,0.14170158853912876,0.09311712470604754,0.15058661145617666,0.15146206710685892,0.18248456790123457,0.26389444222311076,3,0.894776119402985,0.4862833521232619,0.4751908396946566,0.9216454456415277,0.6866449511400652,0.4831655675112808,0.6173913043478261,1.0
3B043040,여자,50대,주부,고졸(대학 재학 포함),부산광역시,1세대가족,기혼,맞벌이 하지 않음,400-500만원 미만,0.21629567408651829,0.14725660267030505,0.0657400582640132,0.14230503795721186,0.10820644118043389,0.18566743827160495,0.23723843795815008,3,0.708955223880597,0.5077038707252912,0.2625408942202836,0.8628795298726737,0.4775244299674267,0.49461992363762586,0.5304347826086957,1.0
3G107020,여자,60대 이상,주부,고졸(대학 재학 포함),울산광역시,1세대가족,기혼,맞벌이 하지 않음,400-500만원 미만,0.1761864762704746,0.1787350160803041,0.07100487873363519,0.13402346445824706,0.06259264250101065,0.1177662037037037,0.24390243902439027,3,0.5664179104477611,0.6290868094701241,0.30343511450381677,0.8041136141038197,0.25700325732899026,0.2502603262755988,0.5521739130434783,1.0
3G106007,여자,60대 이상,판매 종사자,대학교 졸업(전문대졸/대학원생 포함),울산광역시,1세대가족,기혼,맞벌이 함,500-600만원 미만,0.14069718605627887,0.2232725855179807,0.08887016952721911,0.15058661145617666,0.06892602075192023,0.14901620370370372,0.19325603092096497,2,0.44029850746268645,0.8008267568583238,0.4422028353326062,0.9216454456415277,0.2876221498371336,0.36272127733425896,0.38695652173913053,0.6666666666666666
4G107018,여자,50대,서비스 종사자,고졸(대학 재학 포함),울산광역시,2세대가족,기혼,맞벌이 함,600-700만원 미만,0.15875682486350273,0.13458727219569244,0.08567617844231512,0.14230503795721186,0.09897587926155504,0.1099537037037037,0.25056644009063045,2,0.5044776119402985,0.4588500563697858,0.41739367502726277,0.8628795298726737,0.432899022801303,0.2221450885109337,0.573913043478261,0.6666666666666666
1A000556,여자,50대,사무 종사자,대학교 졸업(전문대졸/대학원생 포함),서울특별시,2세대가족,기혼,맞벌이 함,800-900만원 미만,0.23309533809323815,0.14365071630445378,0.1052613105893089,0.15058661145617666,0.14997978709068857,0.14641203703703706,0.28521924563507933,0,0.7686567164179104,0.4937993235625705,0.5695201744820065,0.9216454456415277,0.6794788273615635,0.353349531412704,0.6869565217391306,0.0
3G106014,여자,60대 이상,판매 종사자,대학교 졸업(전문대졸/대학원생 포함),울산광역시,1세대가족,기혼,맞벌이 함,600-700만원 미만,0.10142797144057118,0.1755189552675178,0.08637815450493139,0.15058661145617666,0.07135156986928985,0.1089891975308642,0.22391043582566975,0,0.30074626865671633,0.6166854565952649,0.4228462377317339,0.9216454456415277,0.2993485342019544,0.21867407150295035,0.4869565217391305,0.0
4G107036,여자,60대 이상,주부,고졸(대학 재학 포함),울산광역시,1세대가족,기혼,맞벌이 하지 않음,300-400만원 미만,0.16547669046619068,0.14530747490498003,0.070478396686673,0.12022084195997239,0.07216008624174639,0.11236496913580248,0.2652272424363588,3,0.5283582089552239,0.5001878992859827,0.2993456924754635,0.7061704211557296,0.303257328990228,0.23082263103089204,0.6217391304347827,1.0
1J000470,여자,50대,서비스 종사자,고졸(대학 재학 포함),경상남도,1세대가족,기혼,맞벌이 함,400-500만원 미만,0.14405711885762285,0.14920573043563007,0.09111649292759118,0.1285024154589372,0.09169923190944616,0.13242669753086422,0.22790883646541385,2,0.45223880597014915,0.5152198421645998,0.4596510359869139,0.7649363369245838,0.3977198697068404,0.3030197847969456,0.5,0.6666666666666666
1A000559,여자,40대,판매 종사자,고졸(대학 재학 포함),서울특별시,2세대가족,기혼,맞벌이 함,600-700만원 미만,0.17975640487190256,0.1423837832569925,0.08995823242427434,0.14782608695652172,0.12437676862956475,0.15866126543209877,0.26656004264960687,2,0.5791044776119403,0.4889139421270199,0.4506543075245365,0.9020568070519097,0.5557003257328991,0.3974314474140923,0.6260869565217393,0.6666666666666666
3G106028,여자,60대 이상,서비스 종사자,고졸(대학 재학 포함),울산광역시,1세대가족,기혼,맞벌이 함,700-800만원 미만,0.06089878202435951,0.17259526361953026,0.08543048682039943,0.13126293995859212,0.05315995148901766,0.11959876543209877,0.24296947887511666,2,0.15671641791044771,0.6054114994363021,0.4154852780806979,0.7845249755142016,0.21140065146579806,0.2568552585907671,0.5491304347826088,0.6666666666666666
3A249002,여자,60대 이상,주부,고졸(대학 재학 포함),서울특별시,1세대가족,기혼,맞벌이 하지 않음,100-200만원 미만,0.17240655186896262,0.03313517201052529,0.07346179495279212,0.023464458247066944,0.10989085028971836,0.14795524691358025,0.21857923497267762,3,0.5529850746268656,0.06764374295377679,0.3225190839694657,0.01958863858961804,0.48566775244299676,0.3589031586254773,0.4695652173913044,1.0
1A000021,남자,60대 이상,판매 종사자,대학교 졸업(전문대졸/대학원생 포함),서울특별시,1세대가족,기혼,맞벌이 함,500-600만원 미만,0.10478790424191516,0.14140921937433,0.06303745042294058,0.13402346445824706,0.053025198760274894,0.12056327160493828,0.28521924563507933,2,0.31268656716417903,0.48515595640736564,0.24154852780806982,0.8041136141038197,0.21074918566775247,0.26032627559875043,0.6869565217391306,0.6666666666666666
3J229004,여자,50대,판매 종사자,고졸(대학 재학 포함),경상남도,2세대가족,기혼,맞벌이 함,400-500만원 미만,0.18458630827383454,0.14140921937433,0.0906953072900214,0.136783988957902,0.11790863764991241,0.11844135802469136,0.23057443689190993,2,0.5962686567164179,0.48515595640736564,0.4563794983642311,0.8237022526934379,0.5244299674267101,0.25269003818118707,0.5086956521739131,0.6666666666666666
1A001817,여자,30대,주부,대학교 졸업(전문대졸/대학원생 포함),서울특별시,2세대가족,기혼,맞벌이 하지 않음,400-500만원 미만,0.1616967660646787,0.15018029431829258,0.06142290547892317,0.13126293995859212,0.09991914836275435,0.13493441358024694,0.18965747034519528,3,0.5149253731343283,0.5189778278842541,0.22900763358778628,0.7845249755142016,0.43745928338762224,0.31204442901770224,0.37521739130434795,1.0
3J229003,여자,40대,판매 종사자,고졸(대학 재학 포함),경상남도,2세대가족,미혼(사별/이혼 포함),맞벌이 하지 않음,400-500만원 미만,0.13124737505249895,0.1306890166650424,0.08258748376680355,0.136783988957902,0.08577011184476485,0.11795910493827161,0.23990403838464616,1,0.40671641791044766,0.44381811349116873,0.3934023991275899,0.8237022526934379,0.3690553745928339,0.25095452967719545,0.5391304347826088,0.3333333333333333
1A001813,여자,40대,사무 종사자,대학교 졸업(전문대졸/대학원생 포함),서울특별시,2세대가족,기혼,맞벌이 함,700-800만원 미만,0.21419571608567828,0.1496930123769613,0.0769014776596118,0.1305728088336784,0.10443336477563671,0.15981867283950618,0.25056644009063045,0,0.7014925373134328,0.5170988350244269,0.349236641221374,0.7796278158667971,0.45928338762214993,0.4015966678236723,0.573913043478261,0.0
1J000465,여자,60대 이상,주부,고졸(대학 재학 포함),경상남도,2세대가족,기혼,맞벌이 하지 않음,400-500만원 미만,0.1868962620747585,0.17454439138485528,0.08894036713348075,0.13402346445824706,0.10227732111575259,0.12403549382716049,0.20791683326669333,3,0.6044776119402985,0.6129274708756106,0.4427480916030534,0.8041136141038197,0.44885993485342024,0.27282193682749045,0.4347826086956522,1.0
1A000792,여자,50대,주부,대학교 졸업(전문대졸/대학원생 포함),서울특별시,2세대가족,기혼,맞벌이 하지 않음,800-900만원 미만,0.19319613607727845,0.11051554429392849,0.09101119651819874,0.13126293995859212,0.14688047432960516,0.11969521604938271,0.16526722644275624,3,0.626865671641791,0.3660278090943255,0.45883315158124316,0.7845249755142016,0.6644951140065146,0.2572023602915654,0.29565217391304344,1.0
3B027032,여자,50대,주부,고졸(대학 재학 포함),부산광역시,1세대가족,기혼,맞벌이 하지 않음,300-400만원 미만,0.1879462410751785,0.1891628496247929,0.06538907023270507,0.14230503795721186,0.06454655706778062,0.14737654320987656,0.25856324137011866,3,0.6082089552238805,0.6692972566704246,0.25981461286804797,0.8628795298726737,0.2664495114006515,0.3568205484206872,0.6000000000000001,1.0
1A000797,여자,50대,사무 종사자,대학교 졸업(전문대졸/대학원생 포함),서울특별시,2세대가족,기혼,맞벌이 함,700-800만원 미만,0.14090718185636286,0.16041321508624892,0.06924993857709452,0.13333333333333333,0.09277725373938821,0.14303626543209877,0.1949886711981874,0,0.4410447761194029,0.5584366779406238,0.28980370774263897,0.7992164544564153,0.40293159609120516,0.34120097188476217,0.39260869565217393,0.0
3J235004,여자,60대 이상,판매 종사자,대학교 졸업(전문대졸/대학원생 포함),경상남도,1세대가족,기혼,맞벌이 함,400-500만원 미만,0.20999580008399832,0.1199688139557548,0.1041732476922537,0.136783988957902,0.13650451421641288,0.15557484567901236,0.2256430761028922,2,0.6865671641791044,0.40248027057497177,0.5610687022900763,0.8237022526934379,0.6143322475570033,0.3863241929885457,0.4926086956521739,0.6666666666666666
1J000543,여자,50대,판매 종사자,고졸(대학 재학 포함),경상남도,2세대가족,기혼,맞벌이 하지 않음,200-300만원 미만,0.12179756404871903,0.17064613585420527,0.08434242392334422,0.136783988957902,0.08395095000673763,0.11024305555555555,0.20125283220045317,3,0.37313432835820887,0.5978955279969936,0.4070338058887677,0.8237022526934379,0.36026058631921826,0.22318639361332868,0.4130434782608696,1.0
3J235032,여자,40대,판매 종사자,대학교 졸업(전문대졸/대학원생 포함),경상남도,2세대가족,기혼,맞벌이 함,500-600만원 미만,0.19634607307853844,0.11704512230776729,0.10241830753571304,0.13954451345755692,0.17639132192426896,0.15653935185185186,0.18565906970545118,0,0.6380597014925373,0.39120631341600903,0.5474372955288986,0.8432908912830557,0.8071661237785017,0.38979520999652895,0.36217391304347835,0.0
3J235012,여자,40대,서비스 종사자,대학교 졸업(전문대졸/대학원생 포함),경상남도,2세대가족,기혼,맞벌이 함,500-600만원 미만,0.26858462830743385,0.11509599454244226,0.11435190060018954,0.13954451345755692,0.2116965368548713,0.15046296296296297,0.13767826202852193,0,0.894776119402985,0.3836903419767005,0.6401308615049073,0.8432908912830557,0.9778501628664495,0.36792780284623394,0.2056521739130435,0.0
3G106035,여자,60대 이상,서비스 종사자,대학교 졸업(전문대졸/대학원생 포함),울산광역시,1세대가족,기혼,맞벌이 함,500-600만원 미만,0.09722805543889122,0.16187506091024267,0.1068407567301955,0.1533471359558316,0.06865651529443471,0.11670524691358025,0.24656803945088632,2,0.285820895522388,0.5640736565201052,0.5817884405670665,0.9412340842311457,0.2863192182410424,0.2464422075668171,0.5608695652173913,0.6666666666666666
3G106049,여자,50대,판매 종사자,대학교 졸업(전문대졸/대학원생 포함),울산광역시,1세대가족,기혼,맞벌이 함,600-700만원 미만,0.1511969760604788,0.14628203878764254,0.09564423853146609,0.15058661145617666,0.07883034631451287,0.11140046296296297,0.27055844328935097,0,0.47761194029850745,0.503945885005637,0.4948200654307525,0.9216454456415277,0.3355048859934854,0.22735161402290874,0.6391304347826088,0.0
3G101020,여자,60대 이상,주부,고졸(대학 재학 포함),울산광역시,1세대가족,기혼,맞벌이 하지 않음,500-600만원 미만,0.18185636287274254,0.14287106519832377,0.09610052297216666,0.13609385783298825,0.14169249427300903,0.11766975308641976,0.21857923497267762,3,0.5865671641791044,0.49079293498684706,0.4983642311886587,0.8188050930460331,0.6394136807817591,0.24991322457480045,0.4695652173913044,1.0
3G106056,여자,60대 이상,서비스 종사자,고졸(대학 재학 포함),울산광역시,1세대가족,기혼,맞벌이 함,500-600만원 미만,0.07979840403191936,0.13458727219569244,0.11533466708785231,0.1616287094547964,0.07883034631451287,0.12085262345679013,0.24030387844862058,2,0.2238805970149253,0.4588500563697858,0.6477644492911668,0.9999999999999998,0.3355048859934854,0.2613675807011454,0.5404347826086957,0.6666666666666666
1H002199,여자,50대,서비스 종사자,대학교 졸업(전문대졸/대학원생 포함),경기도,2세대가족,기혼,맞벌이 함,600-700만원 미만,0.09575808483830324,0.15407854984894262,0.10599838545505598,0.12022084195997239,0.11986255221668239,0.12181712962962964,0.10395841663334666,0,0.2805970149253731,0.5340097707628711,0.5752453653217011,0.7061704211557296,0.5338762214983714,0.26483859770912876,0.09565217391304351,0.0
1J000514,여자,40대,서비스 종사자,고졸(대학 재학 포함),경상남도,2세대가족,기혼,맞벌이 함,400-500만원 미만,0.07139857202855943,0.13751096384367997,0.10476992734547752,0.136783988957902,0.07667430265462875,0.11188271604938273,0.21591363454618154,2,0.1940298507462686,0.47012401352874866,0.5657033805888767,0.8237022526934379,0.3250814332247557,0.22908712252690042,0.4608695652173913,0.6666666666666666
3G107055,여자,60대 이상,판매 종사자,고졸(대학 재학 포함),울산광역시,2세대가족,기혼,맞벌이 함,600-700만원 미만,0.15728685426291475,0.14823116655296756,0.0805868519883472,0.13402346445824706,0.08213178816871042,0.1162229938271605,0.25056644009063045,2,0.4992537313432835,0.5114618564449455,0.37786259541984724,0.8041136141038197,0.35146579804560263,0.2447066990628254,0.573913043478261,0.6666666666666666
1A001237,여자,60대 이상,주부,고졸(대학 재학 포함),서울특별시,2세대가족,기혼,맞벌이 하지 않음,600-700만원 미만,0.23078538429231418,0.15339635513107885,0.09522305289389632,0.14230503795721186,0.1349548578358712,0.1722608024691358,0.2572304411568706,3,0.7604477611940299,0.5313791807591131,0.4915485278080698,0.8628795298726737,0.6068403908794789,0.4463727872266574,0.5956521739130435,1.0
3A020001,여자,30대,사무 종사자,대학교 졸업(전문대졸/대학원생 포함),서울특별시,1인 가구,미혼(사별/이혼 포함),맞벌이 하지 않음,300-400만원 미만,0.16988660226795466,0.15632004677906639,0.07960408550068443,0.15610766045548655,0.11117100121277455,0.17447916666666669,0.26789284286285486,1,0.5440298507462686,0.5426531379180759,0.3702290076335878,0.960822722820764,0.49185667752442996,0.4543561263450191,0.6304347826086957,0.3333333333333333
3A020003,여자,30대,판매 종사자,대학교 졸업(전문대졸/대학원생 포함),서울특별시,1세대가족,기혼,맞벌이 함,600-700만원 미만,0.21944561108777824,0.14628203878764254,0.09715348706609106,0.15058661145617666,0.12922786686430401,0.15721450617283952,0.27762228441956555,0,0.7201492537313432,0.503945885005637,0.5065430752453653,0.9216454456415277,0.5791530944625408,0.39222492190211733,0.6621739130434784,0.0
1A001274,여자,30대,사무 종사자,대학교 졸업(전문대졸/대학원생 포함),서울특별시,1세대가족,기혼,맞벌이 함,600-700만원 미만,0.23162536749265014,0.16284962479290518,0.08890526833034994,0.1450655624568668,0.1608947581188519,0.13339120370370372,0.26562708250033323,0,0.7634328358208954,0.5678316422397595,0.44247546346782984,0.8824681684622917,0.7322475570032574,0.30649080180492894,0.6230434782608697,0.0
1A001241,여자,40대,사무 종사자,대학교 졸업(전문대졸/대학원생 포함),서울특별시,1세대가족,기혼,맞벌이 함,600-700만원 미만,0.26291474170516593,0.14823116655296756,0.09136218454950687,0.1533471359558316,0.17086646004581593,0.15653935185185186,0.26962548314007734,0,0.8746268656716418,0.5114618564449455,0.4615594329334788,0.9412340842311457,0.7804560260586321,0.38979520999652895,0.6360869565217392,0.0
1A001260,여자,40대,주부,대학교 졸업(전문대졸/대학원생 포함),서울특별시,1세대가족,기혼,맞벌이 하지 않음,400-500만원 미만,0.2383452330953381,0.1297144527823799,0.07732266329718157,0.1450655624568668,0.1646678345236491,0.15866126543209877,0.2452352392376383,3,0.7873134328358208,0.4400601277715145,0.3525081788440567,0.8824681684622917,0.7504885993485343,0.3974314474140923,0.5565217391304348,1.0
3G106070,여자,50대,서비스 종사자,대학교 졸업(전문대졸/대학원생 포함),울산광역시,2세대가족,기혼,맞벌이 함,600-700만원 미만,0.13817723645527089,0.15700224149693012,0.10427854410164615,0.15886818495514146,0.09102546826573238,0.12201003086419754,0.25989604158336665,0,0.43134328358208945,0.5452837279218339,0.5618865866957471,0.9804113614103818,0.3944625407166124,0.2655328011107254,0.6043478260869565,0.0
4K187006,여자,60대 이상,사무 종사자,고졸(대학 재학 포함),전라북도,1세대가족,기혼,맞벌이 함,400-500만원 미만,0.16610667786644268,0.12649839196959362,0.13832438313853498,0.125327812284334,0.16547635089610563,0.14969135802469136,0.15727042516326803,2,0.5305970149253731,0.4276587748966554,0.8263358778625954,0.7424094025465229,0.7543973941368078,0.36515098923984723,0.26956521739130435,0.6666666666666666
4K187012,여자,60대 이상,주부,고졸(대학 재학 포함),전라북도,1세대가족,기혼,맞벌이 하지 않음,300-400만원 미만,0.10898782024359513,0.12747295585225613,0.13590256572250886,0.1418909592822636,0.15274221802991508,0.1728395061728395,0.16526722644275624,3,0.3276119402985074,0.4314167606163096,0.80752453653217,0.859941234084231,0.6928338762214984,0.44845539743144736,0.29565217391304344,1.0
3G106079,여자,50대,서비스 종사자,대학교 졸업(전문대졸/대학원생 포함),울산광역시,2세대가족,기혼,맞벌이 함,600-700만원 미만,0.11507769844603108,0.1521294220836176,0.10326067881085255,0.1616287094547964,0.0758657862821722,0.12008101851851852,0.28521924563507933,0,0.3492537313432835,0.5264937993235626,0.5539803707742639,0.9999999999999998,0.3211726384364821,0.2585907670947587,0.6869565217391306,0.0
4K187018,여자,30대,사무 종사자,대학교 졸업(전문대졸/대학원생 포함),전라북도,1인 가구,미혼(사별/이혼 포함),맞벌이 하지 않음,300-400만원 미만,0.14342713145737085,0.143358347139655,0.1004527745603875,0.136783988957902,0.16439832906616358,0.16801697530864196,0.194588831134213,1,0.4499999999999999,0.49267192784667413,0.5321701199563795,0.8237022526934379,0.7491856677524431,0.43110031239153057,0.3913043478260869,0.3333333333333333
4K187060,남자,30대,사무 종사자,대학교 졸업(전문대졸/대학원생 포함),전라북도,1인 가구,미혼(사별/이혼 포함),맞벌이 하지 않음,200-300만원 미만,0.13691726165476692,0.13458727219569244,0.1254431223895265,0.13954451345755692,0.14822800161703273,0.16107253086419754,0.18659202985472478,1,0.426865671641791,0.4588500563697858,0.7262813522355506,0.8432908912830557,0.6710097719869706,0.40610898993405065,0.3652173913043478,0.3333333333333333
4K187024,여자,60대 이상,서비스 종사자,고졸(대학 재학 포함),전라북도,2세대가족,기혼,맞벌이 하지 않음,200-300만원 미만,0.07349853002939942,0.11948153201442355,0.12288090976097717,0.12781228433402345,0.13711090149575528,0.1882716049382716,0.20391843262694923,3,0.2014925373134328,0.40060127771514464,0.7063794983642313,0.7600391772771791,0.6172638436482085,0.5039916695591808,0.4217391304347826,1.0
4K187066,여자,50대,서비스 종사자,대학교 졸업(전문대졸/대학원생 포함),전라북도,2세대가족,기혼,맞벌이 하지 않음,400-500만원 미만,0.08609827803443931,0.12581619725172985,0.07742795970657401,0.13954451345755692,0.12558954318824955,0.19589120370370372,0.274556843929095,0,0.24626865671641784,0.42502818489289734,0.3533260632497274,0.8432908912830557,0.5615635179153095,0.5314127039222493,0.6521739130434783,0.0
4K187036,남자,60대 이상,서비스 종사자,대학교 졸업(전문대졸/대학원생 포함),전라북도,1세대가족,기혼,맞벌이 함,500-600만원 미만,0.07769844603107938,0.14140921937433,0.1176862868976168,0.13954451345755692,0.13091227597358848,0.16772762345679013,0.20391843262694923,2,0.21641791044776115,0.48515595640736564,0.6660305343511451,0.8432908912830557,0.5872964169381109,0.4300590072891357,0.4217391304347826,0.6666666666666666
4K187042,남자,30대,서비스 종사자,대학교 졸업(전문대졸/대학원생 포함),전라북도,1인 가구,미혼(사별/이혼 포함),맞벌이 하지 않음,200-300만원 미만,0.10415791684166317,0.11899425007309229,0.1086658944929978,0.14230503795721186,0.14997978709068857,0.18769290123456792,0.18525922964147676,1,0.31044776119402984,0.3987222848553175,0.5959651035986914,0.8628795298726737,0.6794788273615635,0.5019090593543908,0.36086956521739133,0.3333333333333333
3B039004,여자,20대,사무 종사자,대학교 졸업(전문대졸/대학원생 포함),부산광역시,1인 가구,미혼(사별/이혼 포함),맞벌이 하지 않음,200-300만원 미만,0.18227635447291055,0.2106032550433681,0.07784914534414378,0.14230503795721186,0.10456811750437946,0.14795524691358025,0.2105824336931894,1,0.5880597014925373,0.7519729425028184,0.3565976008724101,0.8628795298726737,0.45993485342019547,0.3589031586254773,0.4434782608695652,0.3333333333333333
3B039008,여자,50대,판매 종사자,고졸(대학 재학 포함),부산광역시,1인 가구,미혼(사별/이혼 포함),맞벌이 하지 않음,200-300만원 미만,0.24989500209995802,0.17162069973686775,0.06047523779439122,0.13954451345755692,0.11305753941517316,0.1707175925925926,0.2016526722644276,1,0.8283582089552238,0.6016535137166478,0.22164667393675033,0.8432908912830557,0.5009771986970685,0.440819160013884,0.41434782608695664,0.3333333333333333
1F000416,여자,60대 이상,서비스 종사자,고졸(대학 재학 포함),광주광역시,2세대가족,기혼,맞벌이 함,800-900만원 미만,0.15644687106257876,0.16645551115875648,0.05854480362219649,0.125327812284334,0.06185150249292548,0.15084876543209877,0.21991203518592564,2,0.4962686567164179,0.5817361894024803,0.20665212649945477,0.7424094025465229,0.2534201954397394,0.36931620964942724,0.4739130434782609,0.6666666666666666
1F000433,여자,50대,주부,대학교 졸업(전문대졸/대학원생 포함),광주광역시,2세대가족,기혼,맞벌이 하지 않음,600-700만원 미만,0.16442671146577068,0.15797680537959263,0.07258432487452178,0.1285024154589372,0.09291200646813098,0.1537422839506173,0.20924963347994138,3,0.5246268656716417,0.5490417136414881,0.3157033805888767,0.7649363369245838,0.40358306188925086,0.3797292606733773,0.4391304347826087,1.0
1H000292,여자,40대,사무 종사자,대학교 졸업(전문대졸/대학원생 포함),경기도,2세대가족,기혼,맞벌이 함,700-800만원 미만,0.15812683746325074,0.12776532501705487,0.118774349794672,0.14230503795721186,0.14122085972240936,0.16425540123456792,0.1639344262295082,0,0.5022388059701492,0.4325441563322059,0.6744820065430751,0.8628795298726737,0.6371335504885993,0.4175633460603957,0.29130434782608694,0.0
3K188005,여자,50대,관리자,고졸(대학 재학 포함),전라북도,2세대가족,기혼,맞벌이 하지 않음,300-400만원 미만,0.15938681226375473,0.1316635805477049,0.13344564950335194,0.1450655624568668,0.1606252526613664,0.16589506172839508,0.22657603625216582,3,0.5067164179104477,0.447576099210823,0.7884405670665212,0.8824681684622917,0.7309446254071662,0.4234640749739673,0.4956521739130435,1.0
1F000431,여자,60대 이상,서비스 종사자,고졸(대학 재학 포함),광주광역시,2세대가족,기혼,맞벌이 함,500-600만원 미만,0.16022679546409072,0.1647987525582302,0.06802148046751606,0.12298136645962732,0.0743161299016305,0.1413966049382716,0.21857923497267762,2,0.5097014925373133,0.5753476136790681,0.28026172300981467,0.7257590597453476,0.31368078175895764,0.33530024297119054,0.4695652173913044,0.6666666666666666
3H116002,여자,60대 이상,주부,고졸(대학 재학 포함),경기도,1세대가족,기혼,맞벌이 하지 않음,200-300만원 미만,0.05144897102057959,0.12386706948640484,0.1021024183075357,0.136783988957902,0.07667430265462875,0.2076581790123457,0.18259362921498068,3,0.12313432835820894,0.41751221345358885,0.5449836423118865,0.8237022526934379,0.3250814332247557,0.573759111419646,0.3521739130434782,1.0
3K188015,여자,50대,주부,고졸(대학 재학 포함),전라북도,1세대가족,기혼,맞벌이 하지 않음,300-400만원 미만,0.124527509449811,0.13751096384367997,0.10929767294935243,0.15610766045548655,0.1398733324349818,0.19415509259259262,0.2612288417966147,3,0.3828358208955223,0.47012401352874866,0.6008724100327153,0.960822722820764,0.6306188925081433,0.5251648733078792,0.6086956521739131,1.0
1F000448,여자,50대,사무 종사자,대학교 졸업(전문대졸/대학원생 포함),광주광역시,2세대가족,기혼,맞벌이 함,600-700만원 미만,0.16547669046619068,0.17064613585420527,0.058720297637850555,0.13402346445824706,0.07081255895431882,0.1219135802469136,0.23057443689190993,0,0.5283582089552239,0.5978955279969936,0.20801526717557253,0.8041136141038197,0.296742671009772,0.2651856994099272,0.5086956521739131,0.0
3K188010,여자,50대,서비스 종사자,대학교 졸업(전문대졸/대학원생 포함),전라북도,1인 가구,미혼(사별/이혼 포함),맞벌이 하지 않음,200-300만원 미만,0.06362872742545149,0.2749244712990937,0.1004527745603875,0.15886818495514146,0.09102546826573238,0.18885030864197533,0.1879248300679728,1,0.16641791044776116,1.0,0.5321701199563795,0.9804113614103818,0.3944625407166124,0.5060742797639709,0.3695652173913043,0.3333333333333333
3K188020,여자,50대,사무 종사자,대학교 졸업(전문대졸/대학원생 포함),전라북도,1인 가구,미혼(사별/이혼 포함),맞벌이 하지 않음,300-400만원 미만,0.07349853002939942,0.14433291102231752,0.13246288301568915,0.14782608695652172,0.16756501819161837,0.22164351851851855,0.17992802878848463,1,0.2014925373134328,0.4964299135663284,0.7808069792802615,0.9020568070519097,0.7644951140065147,0.6240888580354044,0.34347826086956523,0.3333333333333333
3K188035,남자,30대,서비스 종사자,대학교 졸업(전문대졸/대학원생 포함),전라북도,2세대가족,기혼,맞벌이 하지 않음,500-600만원 미만,0.16505669886602267,0.2427638631712309,0.10905198132743674,0.1533471359558316,0.11905403584422583,0.15364583333333334,0.23190723710515795,0,0.526865671641791,0.8759864712514092,0.5989640130861504,0.9412340842311457,0.5299674267100977,0.379382158972579,0.5130434782608696,0.0
1H000311,여자,60대 이상,주부,고졸(대학 재학 포함),경기도,1세대가족,기혼,맞벌이 하지 않음,300-400만원 미만,0.04619907601847963,0.12484163336906735,0.11694921203186971,0.1285024154589372,0.0852984772941652,0.2170138888888889,0.20298547247767562,3,0.10447761194029849,0.42127019917324315,0.6603053435114503,0.7649363369245838,0.3667752442996743,0.6074279763970843,0.41869565217391314,1.0
3K188030,여자,60대 이상,서비스 종사자,고졸(대학 재학 포함),전라북도,1세대가족,기혼,맞벌이 함,300-400만원 미만,0.12032759344813103,0.20865412727804308,0.0967323014285213,0.15058661145617666,0.09803261016035575,0.1652199074074074,0.26656004264960687,2,0.3679104477611939,0.7444569710635099,0.5032715376226826,0.9216454456415277,0.42833876221498374,0.42103436306837905,0.6260869565217393,0.6666666666666666
3K188050,여자,50대,사무 종사자,대학교 졸업(전문대졸/대학원생 포함),전라북도,2세대가족,미혼(사별/이혼 포함),맞벌이 하지 않음,300-400만원 미만,0.14195716085678287,0.1521294220836176,0.11533466708785231,0.14230503795721186,0.14607195795714864,0.15750385802469138,0.23457283753165403,1,0.44477611940298495,0.5264937993235626,0.6477644492911668,0.8628795298726737,0.6605863192182412,0.3932662270045124,0.5217391304347827,0.3333333333333333
1H000316,여자,60대 이상,주부,고졸(대학 재학 포함),경기도,1세대가족,기혼,맞벌이 하지 않음,300-400만원 미만,0.08210835783284334,0.1199688139557548,0.12017830191990453,0.13402346445824706,0.12289448861339441,0.21633873456790126,0.16126882580301213,3,0.2320895522388059,0.40248027057497177,0.6853871319520174,0.8041136141038197,0.5485342019543974,0.6049982644914961,0.28260869565217395,1.0
3K188045,여자,60대 이상,단순노무 종사자,고졸(대학 재학 포함),전라북도,1세대가족,기혼,맞벌이 함,200-300만원 미만,0.09134817303653928,0.20865412727804308,0.08149942086974835,0.14230503795721186,0.08448996092170867,0.18904320987654322,0.2692256430761029,2,0.26492537313432835,0.7444569710635099,0.3849509269356598,0.8628795298726737,0.36286644951140073,0.5067684831655674,0.6347826086956523,0.6666666666666666
3B039012,여자,50대,서비스 종사자,고졸(대학 재학 포함),부산광역시,1인 가구,미혼(사별/이혼 포함),맞벌이 하지 않음,100-200만원 미만,0.19844603107937842,0.17288763278432903,0.062405671966585946,0.14230503795721186,0.09655033014418543,0.17563657407407407,0.2096494735439158,1,0.6455223880597014,0.6065388951521984,0.23664122137404583,0.8628795298726737,0.42117263843648217,0.458521346754599,0.44043478260869573,0.3333333333333333
3B039020,여자,60대 이상,장치·기계 조작 및 조립 종사자,고졸(대학 재학 포함),부산광역시,1세대가족,기혼,맞벌이 함,500-600만원 미만,0.23519529609407813,0.18234090244615536,0.06977642062405673,0.1450655624568668,0.11581997035439967,0.15750385802469138,0.2385712381713981,2,0.7761194029850746,0.6429913566328448,0.29389312977099236,0.8824681684622917,0.5143322475570032,0.3932662270045124,0.5347826086956522,0.6666666666666666
1H000281,여자,40대,서비스 종사자,대학교 졸업(전문대졸/대학원생 포함),경기도,2세대가족,기혼,맞벌이 함,700-800만원 미만,0.09092818143637127,0.12776532501705487,0.1376575058790495,0.1450655624568668,0.1286214795849616,0.14207175925925927,0.2096494735439158,0,0.26343283582089544,0.4325441563322059,0.8211559432933476,0.8824681684622917,0.5762214983713355,0.3377299548767789,0.44043478260869573,0.0
4K186005,여자,60대 이상,농림어업 숙련 종사자,고졸(대학 재학 포함),전라북도,1세대가족,기혼,맞벌이 하지 않음,200-300만원 미만,0.15245695086098277,0.21157781892603061,0.07462005545610895,0.13954451345755692,0.08166015361811077,0.16319444444444445,0.2385712381713981,3,0.48208955223880584,0.7557309282224727,0.3315158124318429,0.8432908912830557,0.34918566775244303,0.413745227351614,0.5347826086956522,1.0
3B039028,남자,50대,서비스 종사자,고졸(대학 재학 포함),부산광역시,2세대가족,기혼,맞벌이 하지 않음,300-400만원 미만,0.2393952120957581,0.13458727219569244,0.0988382296163701,0.14230503795721186,0.14317477428917935,0.14515817901234568,0.19232307077169136,3,0.7910447761194029,0.4588500563697858,0.519629225736096,0.8628795298726737,0.6465798045602607,0.34883720930232553,0.38391304347826094,1.0
3B039032,여자,40대,사무 종사자,고졸(대학 재학 포함),부산광역시,2세대가족,기혼,맞벌이 함,400-500만원 미만,0.21587568248635028,0.15895136926225514,0.09181846899020744,0.136783988957902,0.13913219242689664,0.14554398148148148,0.18392642942822873,2,0.7074626865671642,0.5527996993611424,0.46510359869138496,0.8237022526934379,0.6270358306188926,0.35022561610551883,0.35652173913043483,0.6666666666666666
4K186010,남자,30대,사무 종사자,대학교 졸업(전문대졸/대학원생 포함),전라북도,1인 가구,미혼(사별/이혼 포함),맞벌이 하지 않음,200-300만원 미만,0.13208735825283494,0.1297144527823799,0.08574637604857675,0.13954451345755692,0.1515294434712303,0.19888117283950618,0.22124483539917367,1,0.4097014925373133,0.4400601277715145,0.41793893129771,0.8432908912830557,0.686970684039088,0.5421728566469975,0.4782608695652174,0.3333333333333333
1H000287,여자,60대 이상,주부,고졸(대학 재학 포함),경기도,1인 가구,미혼(사별/이혼 포함),맞벌이 하지 않음,200-300만원 미만,0.05522889542209156,0.12873988889971738,0.11744059527570111,0.136783988957902,0.09742622288101334,0.2211612654320988,0.20791683326669333,1,0.13656716417910447,0.4363021420518602,0.6641221374045801,0.8237022526934379,0.42540716612377855,0.6223533495314127,0.4347826086956522,0.3333333333333333
1H000307,여자,30대,전문가 및 관련 종사자,대학교 졸업(전문대졸/대학원생 포함),경기도,2세대가족,기혼,맞벌이 함,600-700만원 미만,0.06782864342713145,0.12776532501705487,0.14144817661717735,0.14230503795721186,0.10450074114000808,0.14033564814814817,0.21897907503665204,0,0.1813432835820895,0.4325441563322059,0.8505997818974916,0.8628795298726737,0.45960912052117264,0.33148212426240886,0.47086956521739143,0.0
3H116004,여자,60대 이상,판매 종사자,고졸(대학 재학 포함),경기도,1세대가족,기혼,맞벌이 함,400-500만원 미만,0.05144897102057959,0.11899425007309229,0.1269523709241515,0.13954451345755692,0.10092979382832502,0.17100694444444448,0.18659202985472478,2,0.12313432835820894,0.3987222848553175,0.7380043620501635,0.8432908912830557,0.4423452768729642,0.4418604651162791,0.3652173913043478,0.6666666666666666
1H000212,여자,50대,서비스 종사자,고졸(대학 재학 포함),경기도,2세대가족,기혼,맞벌이 함,700-800만원 미만,0.06782864342713145,0.12776532501705487,0.12614509845214278,0.14782608695652172,0.11561784126128553,0.16628086419753088,0.21631347461015596,2,0.1813432835820895,0.4325441563322059,0.7317339149400217,0.9020568070519097,0.5133550488599349,0.42485248177716073,0.4621739130434783,0.6666666666666666
1H000215,여자,60대 이상,주부,고졸(대학 재학 포함),경기도,1세대가족,기혼,맞벌이 하지 않음,300-400만원 미만,0.07832843343133136,0.1306890166650424,0.11684391562247727,0.13954451345755692,0.10955396846786147,0.18942901234567902,0.2025856324137012,3,0.21865671641791035,0.44381811349116873,0.6594874591057797,0.8432908912830557,0.48403908794788275,0.5081568899687608,0.4173913043478261,1.0
1H000223,여자,40대,주부,대학교 졸업(전문대졸/대학원생 포함),경기도,2세대가족,기혼,맞벌이 하지 않음,600-700만원 미만,0.054598908021839566,0.12581619725172985,0.14776596118072374,0.14230503795721186,0.10618515024929254,0.15615354938271606,0.18392642942822873,3,0.13432835820895522,0.42502818489289734,0.8996728462377318,0.8628795298726737,0.4677524429967427,0.38840680319333565,0.35652173913043483,1.0
1H000242,여자,40대,서비스 종사자,대학교 졸업(전문대졸/대학원생 포함),경기도,2세대가족,기혼,맞벌이 함,"900-1,000만원 미만",0.05879882402351953,0.12776532501705487,0.13955284124811346,0.14230503795721186,0.10362484840318018,0.13821373456790126,0.21324803411968546,0,0.14925373134328357,0.4325441563322059,0.8358778625954199,0.8628795298726737,0.45537459283387627,0.3238458868448456,0.4521739130434782,0.0
1H000249,여자,60대 이상,주부,고졸(대학 재학 포함),경기도,1세대가족,기혼,맞벌이 하지 않음,300-400만원 미만,0.041999160016799666,0.12289250560374233,0.11193008318416342,0.1450655624568668,0.08152540088936801,0.1769868827160494,0.18392642942822873,3,0.08955223880597014,0.4137542277339346,0.621319520174482,0.8824681684622917,0.34853420195439744,0.46338077056577576,0.35652173913043483,1.0
3H115002,여자,60대 이상,주부,고졸(대학 재학 포함),경기도,3세대가족,기혼,맞벌이 하지 않음,"900-1,000만원 미만",0.0503989920201596,0.1306890166650424,0.12505703555508757,0.136783988957902,0.107869559358577,0.1748649691358025,0.17592962814874052,3,0.11940298507462686,0.44381811349116873,0.7232824427480915,0.8237022526934379,0.4758957654723127,0.4557445331482124,0.33043478260869574,1.0
3B039036,여자,50대,사무 종사자,고졸(대학 재학 포함),부산광역시,2세대가족,기혼,맞벌이 함,500-600만원 미만,0.26669466610667786,0.15632004677906639,0.10448913692043102,0.13954451345755692,0.1559089071553699,0.1574074074074074,0.2025856324137012,2,0.8880597014925372,0.5426531379180759,0.5635223555070883,0.8432908912830557,0.7081433224755701,0.392919125303714,0.4173913043478261,0.6666666666666666
4B039020,남자,50대,전문가 및 관련 종사자,대학교 졸업(전문대졸/대학원생 포함),부산광역시,2세대가족,기혼,맞벌이 함,600-700만원 미만,0.23519529609407813,0.14530747490498003,0.0938191007686638,0.13954451345755692,0.11972779948793962,0.18113425925925927,0.2025856324137012,0,0.7761194029850746,0.5001878992859827,0.4806434023991276,0.8432908912830557,0.5332247557003257,0.47830614370010416,0.4173913043478261,0.0
3J231004,여자,60대 이상,주부,고졸(대학 재학 포함),경상남도,3세대가족,기혼,맞벌이 하지 않음,700-800만원 미만,0.19298614027719446,0.15895136926225514,0.10108455301674213,0.13954451345755692,0.12060369222476755,0.1259645061728395,0.2025856324137012,3,0.6261194029850746,0.5527996993611424,0.5370774263904035,0.8432908912830557,0.5374592833876222,0.27976397084345705,0.4173913043478261,1.0
3J231008,여자,50대,주부,고졸(대학 재학 포함),경상남도,2세대가족,기혼,맞벌이 하지 않음,600-700만원 미만,0.17282654346913062,0.15700224149693012,0.09062510968375978,0.13954451345755692,0.08139064816062525,0.13097993827160495,0.23723843795815008,3,0.5544776119402984,0.5452837279218339,0.455834242093784,0.8432908912830557,0.3478827361563518,0.2978132592849705,0.5304347826086957,1.0
3J231016,여자,50대,서비스 종사자,고졸(대학 재학 포함),경상남도,2세대가족,기혼,맞벌이 함,500-600만원 미만,0.13355732885342295,0.15700224149693012,0.11224597241234074,0.13954451345755692,0.10153618110766742,0.11410108024691358,0.20391843262694923,2,0.4149253731343283,0.5452837279218339,0.623773173391494,0.8432908912830557,0.4452768729641694,0.23707046164526205,0.4217391304347826,0.6666666666666666
3J231020,여자,50대,서비스 종사자,고졸(대학 재학 포함),경상남도,2세대가족,기혼,맞벌이 함,600-700만원 미만,0.11465770684586309,0.1638241886755677,0.11856375697588713,0.13954451345755692,0.09257512464627408,0.11410108024691358,0.18259362921498068,2,0.3477611940298507,0.5715896279594137,0.6728462377317339,0.8432908912830557,0.40195439739413685,0.23707046164526205,0.3521739130434782,0.6666666666666666
4K186055,여자,60대 이상,주부,대학교 졸업(전문대졸/대학원생 포함),전라북도,1세대가족,기혼,맞벌이 하지 않음,200-300만원 미만,0.16883662326753465,0.16577331644089272,0.08700993296128602,0.13954451345755692,0.12147958496159547,0.16020447530864199,0.2785552445688391,3,0.5402985074626865,0.5791055993987223,0.42775354416575784,0.8432908912830557,0.5416938110749187,0.4029850746268656,0.6652173913043478,1.0
4K186060,여자,30대,주부,대학교 졸업(전문대졸/대학원생 포함),전라북도,2세대가족,기혼,맞벌이 하지 않음,400-500만원 미만,0.1108777824443511,0.19988305233408052,0.07890210943806816,0.14230503795721186,0.09547230831424336,0.19290123456790123,0.25589764094362255,3,0.3343283582089551,0.7106350995866215,0.36477644492911665,0.8628795298726737,0.41596091205211727,0.5206525511975008,0.591304347826087,1.0
4K186035,여자,60대 이상,서비스 종사자,고졸(대학 재학 포함),전라북도,1세대가족,기혼,맞벌이 함,500-600만원 미만,0.19487610247795045,0.2142091414092194,0.074795549471763,0.1308488612836439,0.10510712841935049,0.18055555555555555,0.22524323603891777,2,0.6328358208955224,0.7658774896655393,0.3328789531079607,0.7815866797257591,0.46254071661237794,0.4762235334953141,0.491304347826087,0.6666666666666666
4K186040,여자,30대,서비스 종사자,대학교 졸업(전문대졸/대학원생 포함),전라북도,2세대가족,기혼,맞벌이 함,500-600만원 미만,0.11927761444771104,0.13624403079621872,0.10438384051103856,0.1418909592822636,0.1606252526613664,0.1429398148148148,0.1905904304944689,0,0.36417910447761187,0.46523863209319805,0.5627044711014175,0.859941234084231,0.7309446254071662,0.34085387018396385,0.37826086956521743,0.0
4H115022,여자,60대 이상,관리자,고졸(대학 재학 포함),경기도,1인 가구,미혼(사별/이혼 포함),맞벌이 하지 않음,500-600만원 미만,0.054598908021839566,0.143358347139655,0.127233161349198,0.1450655624568668,0.09196873736693167,0.18123070987654322,0.18126082900173265,1,0.13432835820895522,0.49267192784667413,0.7401853871319519,0.8824681684622917,0.3990228013029316,0.4786532454009025,0.34782608695652173,0.3333333333333333
4K186015,여자,60대 이상,판매 종사자,고졸(대학 재학 포함),전라북도,1세대가족,기혼,맞벌이 함,500-600만원 미만,0.1514069718605628,0.17941721079816783,0.07728756449405075,0.15058661145617666,0.12329874679962269,0.1547067901234568,0.24790083966413437,2,0.4783582089552238,0.631717399473882,0.35223555070883306,0.9216454456415277,0.5504885993485342,0.38320027768136067,0.5652173913043479,0.6666666666666666
4K186045,여자,60대 이상,주부,고졸(대학 재학 포함),전라북도,1세대가족,기혼,맞벌이 하지 않음,300-400만원 미만,0.1516169676606468,0.14530747490498003,0.10305008599206768,0.1450655624568668,0.10092979382832502,0.14033564814814817,0.2065840330534453,3,0.47910447761194025,0.5001878992859827,0.5523446019629226,0.8824681684622917,0.4423452768729642,0.33148212426240886,0.4304347826086957,1.0
1H002161,여자,30대,주부,대학교 졸업(전문대졸/대학원생 포함),경기도,2세대가족,기혼,맞벌이 하지 않음,300-400만원 미만,0.09155816883662327,0.1638241886755677,0.08532519041100699,0.13126293995859212,0.09425953375555855,0.138695987654321,0.1372784219645475,3,0.2656716417910447,0.5715896279594137,0.41466739367502725,0.7845249755142016,0.4100977198697069,0.32558139534883723,0.20434782608695654,1.0
4H115044,여자,40대,사무 종사자,대학교 졸업(전문대졸/대학원생 포함),경기도,2세대가족,기혼,맞벌이 함,"1,000만원 이상",0.06299874002519949,0.1297144527823799,0.14706398511810748,0.1450655624568668,0.11090149575528904,0.11043595679012347,0.18392642942822873,0,0.16417910447761191,0.4400601277715145,0.8942202835332606,0.8824681684622917,0.4905537459283388,0.22388059701492538,0.35652173913043483,0.0
3E088006,여자,30대,서비스 종사자,대학교 졸업(전문대졸/대학원생 포함),대전광역시,1인 가구,미혼(사별/이혼 포함),맞벌이 하지 않음,300-400만원 미만,0.2257454850902982,0.17259526361953026,0.05335018075883612,0.14782608695652172,0.09486592103490096,0.16898148148148148,0.2602958816473411,1,0.7425373134328358,0.6054114994363021,0.1663031624863686,0.9020568070519097,0.41302931596091214,0.43457132939951404,0.6056521739130435,0.3333333333333333
3E088012,남자,30대,사무 종사자,대학교 졸업(전문대졸/대학원생 포함),대전광역시,1인 가구,미혼(사별/이혼 포함),맞벌이 하지 않음,200-300만원 미만,0.2379252414951701,0.18234090244615536,0.05731634551261802,0.13954451345755692,0.09911063199029779,0.11294367283950617,0.21857923497267762,1,0.785820895522388,0.6429913566328448,0.1971101417666303,0.8432908912830557,0.4335504885993485,0.23290524123568204,0.4695652173913044,0.3333333333333333
3J231024,여자,60대 이상,주부,고졸(대학 재학 포함),경상남도,1세대가족,기혼,맞벌이 하지 않음,200-300만원 미만,0.041999160016799666,0.1521294220836176,0.11217577480607913,0.13954451345755692,0.06016709338364101,0.1099537037037037,0.21857923497267762,3,0.08955223880597014,0.5264937993235626,0.623227917121047,0.8432908912830557,0.2452768729641694,0.2221450885109337,0.4695652173913044,1.0
3J231028,여자,60대 이상,서비스 종사자,고졸(대학 재학 포함),경상남도,2세대가족,미혼(사별/이혼 포함),맞벌이 하지 않음,400-500만원 미만,0.10142797144057118,0.14140921937433,0.09922431645080902,0.13954451345755692,0.07532677536720118,0.12229938271604938,0.23057443689190993,1,0.30074626865671633,0.48515595640736564,0.522628135223555,0.8432908912830557,0.3185667752442997,0.2665741062131204,0.5086956521739131,0.3333333333333333
3D052025,여자,30대,주부,대학교 졸업(전문대졸/대학원생 포함),대구광역시,2세대가족,기혼,맞벌이 하지 않음,400-500만원 미만,0.18227635447291055,0.11801968619042978,0.0932926187217016,0.12574189095928226,0.1251852850020213,0.14564043209876543,0.2416366786618686,3,0.5880597014925373,0.3949642991356632,0.47655398037077423,0.7453476983349656,0.5596091205211727,0.35057271780631716,0.5447826086956522,1.0
3J231032,여자,60대 이상,판매 종사자,고졸(대학 재학 포함),경상남도,1세대가족,기혼,맞벌이 함,400-500만원 미만,0.0768584628307434,0.143358347139655,0.10529640939243973,0.13954451345755692,0.09122759735884652,0.13512731481481483,0.22391043582566975,2,0.2134328358208955,0.49267192784667413,0.5697928026172301,0.8432908912830557,0.3954397394136808,0.3127386324192989,0.4869565217391305,0.6666666666666666
3J231040,여자,60대 이상,서비스 종사자,고졸(대학 재학 포함),경상남도,1세대가족,기혼,맞벌이 함,400-500만원 미만,0.07769844603107938,0.16967157197154276,0.10961356217752975,0.14230503795721186,0.08408570273548038,0.12017746913580248,0.19725443156070907,2,0.21641791044776115,0.5941375422773394,0.6033260632497274,0.8628795298726737,0.36091205211726385,0.25893786879555714,0.4,0.6666666666666666
1E000190,남자,60대 이상,판매 종사자,대학교 졸업(전문대졸/대학원생 포함),대전광역시,1세대가족,기혼,맞벌이 함,400-500만원 미만,0.11969760604787905,0.19013741350745542,0.10227791232318978,0.13126293995859212,0.07674167901900014,0.12885802469135801,0.16926562708250034,2,0.3656716417910447,0.6730552423900789,0.5463467829880043,0.7845249755142016,0.32540716612377857,0.2901770218674071,0.30869565217391304,0.6666666666666666
1E000284,여자,60대 이상,주부,고졸(대학 재학 포함),대전광역시,1세대가족,기혼,맞벌이 하지 않음,300-400만원 미만,0.11969760604787905,0.12045609589708606,0.12495173914569514,0.12505175983436853,0.10679153752863495,0.1896219135802469,0.22257763561242172,3,0.3656716417910447,0.4043592634347989,0.722464558342421,0.7404505386875613,0.47068403908794787,0.5088510933703574,0.482608695652174,1.0
3F085045,여자,40대,주부,대학교 졸업(전문대졸/대학원생 포함),광주광역시,2세대가족,기혼,맞벌이 하지 않음,500-600만원 미만,0.16442671146577068,0.12679076113439236,0.07549752553437927,0.12574189095928226,0.08913893006333379,0.14429012345679013,0.26789284286285486,3,0.5246268656716417,0.42878617061255164,0.3383315158124318,0.7453476983349656,0.385342019543974,0.3457132939951405,0.6304347826086957,1.0
3F085046,남자,30대,전문가 및 관련 종사자,대학교 졸업(전문대졸/대학원생 포함),광주광역시,1세대가족,기혼,맞벌이 함,500-600만원 미만,0.17093658126837466,0.16090049702758016,0.07082938471798113,0.12574189095928226,0.090958091901361,0.13445216049382716,0.23324003731840598,0,0.5477611940298508,0.560315670800451,0.302071973827699,0.7453476983349656,0.39413680781758964,0.3103089205137105,0.5173913043478261,0.0
4A248025,여자,50대,주부,대학교 졸업(전문대졸/대학원생 포함),서울특별시,2세대가족,기혼,맞벌이 하지 않음,800-900만원 미만,0.16127677446451072,0.1358542052431537,0.091713172580815,0.1450655624568668,0.13569599784395633,0.17148919753086422,0.273224043715847,3,0.5134328358208955,0.4637354378053363,0.4642857142857143,0.8824681684622917,0.6104234527687297,0.4435959736202708,0.6478260869565218,1.0
4A248050,여자,40대,사무 종사자,대학교 졸업(전문대졸/대학원생 포함),서울특별시,2세대가족,기혼,맞벌이 함,700-800만원 미만,0.18164636707265855,0.1446252801871163,0.091713172580815,0.14782608695652172,0.1301037596011319,0.16107253086419754,0.25856324137011866,0,0.585820895522388,0.49755730928222475,0.4642857142857143,0.9020568070519097,0.5833876221498371,0.40610898993405065,0.6000000000000001,0.0
1F000451,여자,50대,전문가 및 관련 종사자,대학교 졸업(전문대졸/대학원생 포함),광주광역시,1세대가족,기혼,맞벌이 함,500-600만원 미만,0.20684586308273836,0.1423837832569925,0.05854480362219649,0.12574189095928226,0.10968872119660424,0.12760416666666669,0.22790883646541385,0,0.6753731343283582,0.4889139421270199,0.20665212649945477,0.7453476983349656,0.4846905537459284,0.2856646997570289,0.5,0.0
1F000274,여자,50대,서비스 종사자,고졸(대학 재학 포함),광주광역시,2세대가족,기혼,맞벌이 함,600-700만원 미만,0.06929861402771945,0.11899425007309229,0.13193640096872697,0.14230503795721186,0.0727664735210888,0.09162808641975309,0.11995201919232308,2,0.18656716417910446,0.3987222848553175,0.7767175572519084,0.8628795298726737,0.3061889250814332,0.15619576535925025,0.1478260869565218,0.6666666666666666
3F085048,남자,60대 이상,전문가 및 관련 종사자,고졸(대학 재학 포함),광주광역시,2세대가족,기혼,맞벌이 함,500-600만원 미만,0.18185636287274254,0.13263814443036742,0.06205468393527781,0.13402346445824706,0.09762835197412748,0.11786265432098766,0.22391043582566975,2,0.5865671641791044,0.4513340849304772,0.23391494002181026,0.8041136141038197,0.42638436482084696,0.2506074279763971,0.4869565217391305,0.6666666666666666
1A001807,여자,40대,사무 종사자,대학교 졸업(전문대졸/대학원생 포함),서울특별시,2세대가족,기혼,맞벌이 함,700-800만원 미만,0.20327593448131037,0.15992593314491765,0.0912217893369836,0.14782608695652172,0.13690877240264115,0.14467592592592593,0.28122084499533523,0,0.6626865671641791,0.5565576850807966,0.46046892039258447,0.9020568070519097,0.6162866449511402,0.3471017007983339,0.673913043478261,0.0
3A248003,여자,30대,사무 종사자,대학교 졸업(전문대졸/대학원생 포함),서울특별시,1세대가족,기혼,맞벌이 함,700-800만원 미만,0.23309533809323815,0.16119286619237894,0.08995823242427434,0.1533471359558316,0.1301037596011319,0.17293595679012347,0.2838864454218313,0,0.7686567164179104,0.5614430665163472,0.4506543075245365,0.9412340842311457,0.5833876221498371,0.4488024991322457,0.682608695652174,0.0
1A001771,여자,40대,사무 종사자,대학교 졸업(전문대졸/대학원생 포함),서울특별시,2세대가족,기혼,맞벌이 함,800-900만원 미만,0.20810583788324233,0.1511548582009551,0.09146748095889931,0.15058661145617666,0.13906481606252527,0.15104166666666666,0.2642942822870852,0,0.6798507462686566,0.5227358136039083,0.46237731733914944,0.9216454456415277,0.6267100977198697,0.3700104130510239,0.6186956521739131,0.0
1A001762,여자,60대 이상,주부,고졸(대학 재학 포함),서울특별시,1세대가족,기혼,맞벌이 하지 않음,400-500만원 미만,0.21524569508609828,0.1521294220836176,0.08364044786072795,0.14230503795721186,0.13347257781970084,0.16589506172839508,0.25589764094362255,3,0.7052238805970149,0.5264937993235626,0.40158124318429667,0.8628795298726737,0.5996742671009773,0.4234640749739673,0.591304347826087,1.0
1A001753,여자,40대,판매 종사자,고졸(대학 재학 포함),서울특별시,2세대가족,기혼,맞벌이 함,700-800만원 미만,0.2005459890802184,0.13751096384367997,0.09006352883366678,0.1533471359558316,0.13327044872658672,0.17216435185185186,0.273224043715847,2,0.6529850746268656,0.47012401352874866,0.45147219193020716,0.9412340842311457,0.5986970684039089,0.4460256855258591,0.6478260869565218,0.6666666666666666
3A248002,여자,50대,전문가 및 관련 종사자,대학교 졸업(전문대졸/대학원생 포함),서울특별시,1인 가구,미혼(사별/이혼 포함),맞벌이 하지 않음,400-500만원 미만,0.2112557748845023,0.1584640873209239,0.09480186725632657,0.1554175293305728,0.1455329470421776,0.14564043209876543,0.2802878848460616,1,0.691044776119403,0.5509207065013153,0.48827699018538717,0.9559255631733592,0.6579804560260586,0.35057271780631716,0.6708695652173914,0.3333333333333333
1B000756,여자,60대 이상,판매 종사자,고졸(대학 재학 포함),부산광역시,1세대가족,기혼,맞벌이 함,300-400만원 미만,0.09911801763964721,0.15359126790761135,0.09059001088062898,0.14161490683229813,0.06077348066298342,0.2250192901234568,0.21591363454618154,2,0.2925373134328358,0.532130777903044,0.45556161395856054,0.8579823702252691,0.24820846905537458,0.6362374175633461,0.4608695652173913,0.6666666666666666
1B000763,여자,50대,서비스 종사자,대학교 졸업(전문대졸/대학원생 포함),부산광역시,1세대가족,기혼,맞벌이 함,400-500만원 미만,0.08252834943301134,0.15554039567293637,0.08795760064581798,0.14161490683229813,0.054979113327044866,0.19415509259259262,0.22790883646541385,0,0.23358208955223875,0.5396467493423525,0.43511450381679384,0.8579823702252691,0.2201954397394137,0.5251648733078792,0.5,0.0
1F000281,여자,60대 이상,서비스 종사자,고졸(대학 재학 포함),광주광역시,1세대가족,기혼,맞벌이 함,400-500만원 미만,0.06929861402771945,0.11314686677711724,0.12575901161770384,0.13126293995859212,0.0401563131653416,0.10030864197530864,0.12035185925629749,2,0.18656716417910446,0.37617437053739194,0.7287350054525626,0.7845249755142016,0.14853420195439743,0.1874349184311003,0.1491304347826087,0.6666666666666666
1B000773,여자,40대,판매 종사자,고졸(대학 재학 포함),부산광역시,2세대가족,기혼,맞벌이 함,400-500만원 미만,0.07832843343133136,0.15359126790761135,0.07911270225685305,0.14161490683229813,0.06663522436329336,0.19155092592592593,0.20924963347994138,2,0.21865671641791035,0.532130777903044,0.36641221374045796,0.8579823702252691,0.27654723127035835,0.5157931273863241,0.4391304347826087,0.6666666666666666
3F083033,여자,60대 이상,서비스 종사자,고졸(대학 재학 포함),광주광역시,1세대가족,기혼,맞벌이 함,300-400만원 미만,0.16652666946661066,0.11899425007309229,0.12681197571162825,0.14230503795721186,0.048039347796792885,0.09452160493827161,0.11995201919232308,2,0.5320895522388058,0.3987222848553175,0.7369138495092694,0.8628795298726737,0.18664495114006519,0.16660881638320027,0.1478260869565218,0.6666666666666666
1B000774,여자,60대 이상,단순노무 종사자,중졸 이하,부산광역시,1인 가구,미혼(사별/이혼 포함),맞벌이 하지 않음,100-200만원 미만,0.0768584628307434,0.1691842900302115,0.0956793373345969,0.1388543823326432,0.05181242420159009,0.16782407407407407,0.2065840330534453,1,0.2134328358208955,0.5922585494175122,0.49509269356597596,0.8383937316356511,0.20488599348534203,0.43040610898993403,0.4304347826086957,0.3333333333333333
4F079005,여자,60대 이상,서비스 종사자,고졸(대학 재학 포함),광주광역시,1세대가족,기혼,맞벌이 함,500-600만원 미만,0.1854262914741705,0.15018029431829258,0.10589308904566354,0.15610766045548655,0.10800431208731977,0.15084876543209877,0.2958816473410636,2,0.5992537313432835,0.5189778278842541,0.5744274809160305,0.960822722820764,0.47654723127035836,0.36931620964942724,0.7217391304347827,0.6666666666666666
3K191003,여자,60대 이상,서비스 종사자,대학교 졸업(전문대졸/대학원생 포함),전라북도,1세대가족,기혼,맞벌이 함,500-600만원 미만,0.04724905501889962,0.16187506091024267,0.06995191463971079,0.1285024154589372,0.0272874275704083,0.16512345679012344,0.22297747567639614,2,0.10820895522388059,0.5640736565201052,0.2952562704471101,0.7649363369245838,0.08631921824104234,0.4206872613675806,0.4839130434782609,0.6666666666666666
1K000441,여자,30대,서비스 종사자,대학교 졸업(전문대졸/대학원생 포함),전라북도,2세대가족,기혼,맞벌이 함,400-500만원 미만,0.06089878202435951,0.1072994834811422,0.09269593906847777,0.12574189095928226,0.090958091901361,0.17582947530864199,0.21191523390643743,0,0.15671641791044771,0.35362645621946637,0.47191930207197386,0.7453476983349656,0.39413680781758964,0.45921555015619575,0.4478260869565217,0.0
1K000450,여자,60대 이상,판매 종사자,고졸(대학 재학 포함),전라북도,1세대가족,기혼,맞벌이 함,200-300만원 미만,0.12011759764804705,0.12191794172107982,0.0670738127829841,0.13402346445824706,0.050195391456676994,0.1814236111111111,0.32253765160602427,2,0.3671641791044776,0.4099962420142803,0.27290076335877866,0.8041136141038197,0.19706840390879482,0.479347448802499,0.8086956521739131,0.6666666666666666
1B000777,여자,50대,판매 종사자,고졸(대학 재학 포함),부산광역시,2세대가족,기혼,맞벌이 함,500-600만원 미만,0.08105837883242335,0.1448201929636488,0.08725562458320171,0.14161490683229813,0.04709607869559359,0.22820216049382716,0.26656004264960687,2,0.22835820895522385,0.49830890642615555,0.4296619411123227,0.8579823702252691,0.182084690553746,0.647691773689691,0.6260869565217393,0.6666666666666666
1B000816,남자,40대,판매 종사자,고졸(대학 재학 포함),부산광역시,1인 가구,미혼(사별/이혼 포함),맞벌이 하지 않음,200-300만원 미만,0.07265854682906342,0.1448201929636488,0.07275981889017585,0.1388543823326432,0.0489152405336208,0.18412422839506173,0.2065840330534453,1,0.1985074626865671,0.49830890642615555,0.31706652126499457,0.8383937316356511,0.19087947882736156,0.48906629642485244,0.4304347826086957,0.3333333333333333
1E000197,여자,60대 이상,사무 종사자,대학교 졸업(전문대졸/대학원생 포함),대전광역시,2세대가족,기혼,맞벌이 함,500-600만원 미만,0.0871482570348593,0.13653639996101746,0.14067600294829946,0.1450655624568668,0.0834119390917666,0.14978780864197533,0.16526722644275624,0,0.24999999999999994,0.4663660278090943,0.8446019629225735,0.8824681684622917,0.35765472312703583,0.36549809094064567,0.29565217391304344,0.0
1K000443,여자,60대 이상,서비스 종사자,고졸(대학 재학 포함),전라북도,1세대가족,기혼,맞벌이 함,500-600만원 미만,0.05165896682066359,0.13361270831302993,0.074795549471763,0.1285024154589372,0.049589004177334584,0.17862654320987653,0.25189924030387845,2,0.12388059701492539,0.4550920706501316,0.3328789531079607,0.7649363369245838,0.19413680781758957,0.4692814994793474,0.5782608695652174,0.6666666666666666
1L000366,여자,50대,판매 종사자,고졸(대학 재학 포함),전라남도,2세대가족,기혼,맞벌이 함,400-500만원 미만,0.20222595548089037,0.22356495468277948,0.07381278298410025,0.13954451345755692,0.08577011184476485,0.16695601851851852,0.17592962814874052,2,0.6589552238805969,0.8019541525742202,0.32524536532170123,0.8432908912830557,0.3690553745928339,0.427282193682749,0.33043478260869574,0.6666666666666666
4F084019,여자,50대,판매 종사자,고졸(대학 재학 포함),광주광역시,1인 가구,미혼(사별/이혼 포함),맞벌이 하지 않음,100-200만원 미만,0.13124737505249895,0.12191794172107982,0.06724930679863816,0.1285024154589372,0.09668508287292818,0.1531635802469136,0.2105824336931894,1,0.40671641791044766,0.4099962420142803,0.2742639040348963,0.7649363369245838,0.42182410423452776,0.37764665046858725,0.4434782608695652,0.3333333333333333
1F000287,여자,50대,판매 종사자,대학교 졸업(전문대졸/대학원생 포함),광주광역시,2세대가족,기혼,맞벌이 함,500-600만원 미만,0.06929861402771945,0.14530747490498003,0.11136850233407042,0.14230503795721186,0.026681040291065893,0.0935570987654321,0.14567506330801014,0,0.18656716417910446,0.5001878992859827,0.6169574700109052,0.8628795298726737,0.08338762214983715,0.1631377993752169,0.23173913043478264,0.0
1L000376,여자,50대,서비스 종사자,고졸(대학 재학 포함),전라남도,1세대가족,기혼,맞벌이 함,400-500만원 미만,0.125577488450231,0.12805769418185364,0.11400091256888141,0.13402346445824706,0.06589408435520819,0.13194444444444445,0.13194722111155538,2,0.3865671641791044,0.43367155204810226,0.6374045801526718,0.8041136141038197,0.2729641693811075,0.30128427629295385,0.18695652173913044,0.6666666666666666
3K191004,여자,30대,서비스 종사자,대학교 졸업(전문대졸/대학원생 포함),전라북도,1세대가족,기혼,맞벌이 함,400-500만원 미만,0.10205795884082319,0.16674788032355523,0.07858622020989085,0.12574189095928226,0.0762026681040291,0.14313271604938274,0.21991203518592564,0,0.30298507462686564,0.5828635851183765,0.3623227917121047,0.7453476983349656,0.3228013029315961,0.3415480735855606,0.4739130434782609,0.0
1K000456,여자,60대 이상,기능원 및 관련 기능 종사자,고졸(대학 재학 포함),전라북도,1세대가족,기혼,맞벌이 함,500-600만원 미만,0.09365812683746326,0.1764935191501803,0.06012424976308309,0.136783988957902,0.043053496833310875,0.16550925925925927,0.23324003731840598,2,0.27313432835820894,0.6204434423149191,0.21892039258451476,0.8237022526934379,0.1625407166123779,0.422075668170774,0.5173913043478261,0.6666666666666666
4F084017,여자,60대 이상,서비스 종사자,고졸(대학 재학 포함),광주광역시,2세대가족,미혼(사별/이혼 포함),맞벌이 하지 않음,300-400만원 미만,0.1883662326753465,0.045804502485137906,0.06924993857709452,0.020703933747412008,0.11838027220051205,0.14284336419753085,0.17459682793549247,1,0.6097014925373134,0.11649755730928224,0.28980370774263897,0.0,0.5267100977198697,0.3405067684831655,0.32608695652173914,0.3333333333333333
4K191043,남자,50대,서비스 종사자,대학교 졸업(전문대졸/대학원생 포함),전라북도,1세대가족,기혼,맞벌이 함,600-700만원 미만,0.05627887442251155,0.1764935191501803,0.07532203151872521,0.136783988957902,0.031532138525805144,0.1474729938271605,0.21991203518592564,0,0.14029850746268657,0.6204434423149191,0.33696837513631406,0.8237022526934379,0.10684039087947882,0.35716765012148555,0.4739130434782609,0.0
1L000395,여자,50대,서비스 종사자,고졸(대학 재학 포함),전라남도,2세대가족,기혼,맞벌이 함,400-500만원 미만,0.13754724905501892,0.1572946106617289,0.10136534344178864,0.14782608695652172,0.051071284193504915,0.22376543209876545,0.20125283220045317,2,0.42910447761194026,0.5464111236377301,0.539258451472192,0.9020568070519097,0.2013029315960912,0.6317250954529677,0.4130434782608696,0.6666666666666666
4K191086,남자,60대 이상,판매 종사자,대학교 졸업(전문대졸/대학원생 포함),전라북도,1세대가족,기혼,맞벌이 함,500-600만원 미만,0.1125577488450231,0.17259526361953026,0.06767049243620793,0.1285024154589372,0.04487265867133809,0.14592978395061731,0.25056644009063045,2,0.34029850746268653,0.6054114994363021,0.27753544165757904,0.7649363369245838,0.17133550488599347,0.35161402290871235,0.573913043478261,0.6666666666666666
4F084011,남자,40대,기능원 및 관련 기능 종사자,고졸(대학 재학 포함),광주광역시,1인 가구,미혼(사별/이혼 포함),맞벌이 하지 않음,200-300만원 미만,0.2391852162956741,0.07630835201247442,0.045733740479449655,0.023464458247066944,0.09358577011184477,0.21711033950617284,0.2772224443555911,1,0.7902985074626866,0.2341225103344607,0.10714285714285718,0.01958863858961804,0.4068403908794789,0.6077750780978826,0.6608695652173914,0.3333333333333333
1F000288,여자,40대,판매 종사자,대학교 졸업(전문대졸/대학원생 포함),광주광역시,2세대가족,기혼,맞벌이 함,500-600만원 미만,0.06929861402771945,0.1072994834811422,0.12944438594643923,0.12574189095928226,0.022436329335669046,0.08584104938271606,0.11728641876582702,0,0.18656716417910446,0.35362645621946637,0.7573609596510359,0.7453476983349656,0.06286644951140065,0.13536966331135022,0.13913043478260875,0.0
1A000025,여자,60대 이상,판매 종사자,고졸(대학 재학 포함),서울특별시,2세대가족,기혼,맞벌이 함,700-800만원 미만,0.09869802603947922,0.12143065977974857,0.1176862868976168,0.13333333333333333,0.11427031397385796,0.09596836419753087,0.19325603092096497,2,0.29104477611940294,0.4081172491544532,0.6660305343511451,0.7992164544564153,0.5068403908794789,0.1718153418951753,0.38695652173913053,0.6666666666666666
1L000351,여자,40대,서비스 종사자,대학교 졸업(전문대졸/대학원생 포함),전라남도,2세대가족,기혼,맞벌이 함,400-500만원 미만,0.17219655606887863,0.16869700808888025,0.11586114913481452,0.14782608695652172,0.0702735480393478,0.17148919753086422,0.17326402772224445,0,0.5522388059701492,0.590379556557685,0.6518538713195202,0.9020568070519097,0.2941368078175896,0.4435959736202708,0.32173913043478264,0.0
4J233004,여자,60대 이상,주부,고졸(대학 재학 포함),경상남도,1세대가족,기혼,맞벌이 하지 않음,200-300만원 미만,0.1742965140697186,0.10340122795049216,0.12200343968270683,0.12298136645962732,0.14688047432960516,0.13493441358024694,0.09596161535385846,3,0.5597014925373134,0.3385945133408493,0.6995637949836423,0.7257590597453476,0.6644951140065146,0.31204442901770224,0.06956521739130436,1.0
4J233008,여자,60대 이상,주부,고졸(대학 재학 포함),경상남도,1세대가족,기혼,맞벌이 하지 않음,200-300만원 미만,0.17009659806803865,0.1306890166650424,0.11031553824014602,0.13402346445824706,0.13158603961730225,0.14467592592592593,0.11595361855257898,3,0.5447761194029851,0.44381811349116873,0.6087786259541985,0.8041136141038197,0.5905537459283389,0.3471017007983339,0.1347826086956522,1.0
1L000357,여자,60대 이상,농림어업 숙련 종사자,중졸 이하,전라남도,1세대가족,기혼,맞벌이 함,200-300만원 미만,0.11570768584628308,0.10242666406782965,0.09020392404619003,0.13402346445824706,0.0445357768494812,0.18740354938271606,0.1412768226042916,2,0.3514925373134328,0.334836527621195,0.45256270447110136,0.8041136141038197,0.16970684039087947,0.5008677542519958,0.21739130434782608,0.6666666666666666
4J233012,여자,60대 이상,판매 종사자,고졸(대학 재학 포함),경상남도,1세대가족,기혼,맞벌이 함,200-300만원 미만,0.20789584208315834,0.13751096384367997,0.09971569969464042,0.13126293995859212,0.11656111036248484,0.1304976851851852,0.15860322537651608,2,0.6791044776119403,0.47012401352874866,0.5264449291166848,0.7845249755142016,0.5179153094462542,0.29607775078097887,0.27391304347826095,0.6666666666666666
3L203025,남자,60대 이상,장치·기계 조작 및 조립 종사자,고졸(대학 재학 포함),전라남도,1세대가족,기혼,맞벌이 하지 않음,200-300만원 미만,0.16757664846703066,0.1582691745443914,0.1046997297392159,0.13402346445824706,0.05983021156178412,0.1939621913580247,0.19325603092096497,3,0.535820895522388,0.5501691093573845,0.5651581243184297,0.8041136141038197,0.24364820846905538,0.5244706699062825,0.38695652173913053,1.0
3B027036,여자,60대 이상,판매 종사자,고졸(대학 재학 포함),부산광역시,1세대가족,기혼,맞벌이 함,400-500만원 미만,0.15497690046199075,0.22424714940064322,0.06749499842055387,0.14230503795721186,0.05578762969950141,0.1521990740740741,0.22124483539917367,2,0.49104477611940284,0.8045847425779782,0.2761723009814613,0.8628795298726737,0.2241042345276873,0.374175633460604,0.4782608695652174,0.6666666666666666
3L203030,여자,60대 이상,군인,고졸(대학 재학 포함),전라남도,1세대가족,기혼,맞벌이 함,300-400만원 미만,0.1530869382612348,0.13361270831302993,0.11189498438103261,0.15058661145617666,0.062121007950411,0.20717592592592596,0.21857923497267762,2,0.4843283582089552,0.4550920706501316,0.6210468920392584,0.9216454456415277,0.25472312703583067,0.5720236029156544,0.4695652173913044,0.6666666666666666
3G099005,여자,30대,사무 종사자,대학교 졸업(전문대졸/대학원생 포함),울산광역시,1인 가구,미혼(사별/이혼 포함),맞벌이 하지 않음,200-300만원 미만,0.12809743805123897,0.14628203878764254,0.0625460671791092,0.1533471359558316,0.05592238242824417,0.10223765432098766,0.2785552445688391,1,0.39552238805970136,0.503945885005637,0.23773173391494004,0.9412340842311457,0.2247557003257329,0.19437695244706701,0.6652173913043478,0.3333333333333333
3G099010,여자,30대,서비스 종사자,대학교 졸업(전문대졸/대학원생 포함),울산광역시,1인 가구,미혼(사별/이혼 포함),맞벌이 하지 않음,300-400만원 미만,0.1119277614447711,0.1531039859662801,0.0930469270997859,0.15058661145617666,0.06151462067106859,0.11091820987654322,0.27055844328935097,1,0.3380597014925372,0.5302517850432169,0.47464558342420937,0.9216454456415277,0.2517915309446254,0.22561610551891706,0.6391304347826088,0.3333333333333333
1F000454,여자,60대 이상,서비스 종사자,고졸(대학 재학 포함),광주광역시,1세대가족,기혼,맞벌이 함,400-500만원 미만,0.13985720285594289,0.09414287106519832,0.07240883085886772,0.11677018633540372,0.11581997035439967,0.14718364197530864,0.194588831134213,2,0.4373134328358208,0.30289364900413374,0.31434023991275906,0.681684622918707,0.5143322475570032,0.3561263450190906,0.3913043478260869,0.6666666666666666
1H002159,여자,30대,서비스 종사자,대학교 졸업(전문대졸/대학원생 포함),경기도,1세대가족,기혼,맞벌이 함,500-600만원 미만,0.13628727425451492,0.1787350160803041,0.10712154715524201,0.136783988957902,0.0922382428244172,0.1379243827160494,0.15060642409702787,0,0.42462686567164176,0.6290868094701241,0.583969465648855,0.8237022526934379,0.40032573289902285,0.3228045817424505,0.24782608695652183,0.0
1H002162,여자,50대,판매 종사자,대학교 졸업(전문대졸/대학원생 포함),경기도,2세대가족,기혼,맞벌이 함,500-600만원 미만,0.11549769004619907,0.12581619725172985,0.10754273279281176,0.12298136645962732,0.12316399407087994,0.13290895061728397,0.1479408236705318,0,0.3507462686567163,0.42502818489289734,0.5872410032715376,0.7257590597453476,0.5498371335504887,0.3047552933009372,0.23913043478260873,0.0
1F000110,여자,60대 이상,서비스 종사자,고졸(대학 재학 포함),광주광역시,1세대가족,기혼,맞벌이 함,500-600만원 미만,0.20600587988240235,0.11801968619042978,0.06082622582569935,0.1285024154589372,0.10672416116426357,0.11921296296296297,0.21324803411968546,2,0.6723880597014925,0.3949642991356632,0.22437295528898585,0.7649363369245838,0.47035830618892516,0.2554668517875738,0.4521739130434782,0.6666666666666666
3B027028,여자,60대 이상,주부,고졸(대학 재학 포함),부산광역시,2세대가족,기혼,맞벌이 하지 않음,400-500만원 미만,0.1875262494750105,0.16090049702758016,0.06609104629532134,0.14230503795721186,0.07519202263845842,0.12625385802469136,0.27362388377982144,3,0.6067164179104477,0.560315670800451,0.2652671755725191,0.8628795298726737,0.31791530944625407,0.28080527594585214,0.6491304347826088,1.0
1H002196,여자,50대,서비스 종사자,대학교 졸업(전문대졸/대학원생 포함),경기도,2세대가족,기혼,맞벌이 함,600-700만원 미만,0.12872742545149096,0.14530747490498003,0.10564739742374786,0.12298136645962732,0.12316399407087994,0.1468942901234568,0.13594562175129948,0,0.39776119402985066,0.5001878992859827,0.5725190839694657,0.7257590597453476,0.5498371335504887,0.3550850399166956,0.20000000000000004,0.0
3J236035,여자,50대,서비스 종사자,고졸(대학 재학 포함),경상남도,3세대가족,기혼,맞벌이 함,500-600만원 미만,0.09575808483830324,0.14823116655296756,0.10592818784879436,0.13954451345755692,0.10288370839509499,0.12403549382716049,0.20391843262694923,2,0.2805970149253731,0.5114618564449455,0.5747001090512541,0.8432908912830557,0.4517915309446254,0.27282193682749045,0.4217391304347826,0.6666666666666666
3G101010,남자,60대 이상,판매 종사자,고졸(대학 재학 포함),울산광역시,2세대가족,기혼,맞벌이 함,500-600만원 미만,0.1629567408651827,0.2213234577526557,0.07770875013162051,0.14782608695652172,0.07606791537528636,0.13310185185185186,0.2065840330534453,2,0.5194029850746268,0.7933107854190153,0.3555070883315158,0.9020568070519097,0.32214983713355055,0.30544949670253385,0.4304347826086957,0.6666666666666666
3G101025,여자,50대,서비스 종사자,고졸(대학 재학 포함),울산광역시,2세대가족,기혼,맞벌이 함,400-500만원 미만,0.15770684586308273,0.18429003021148038,0.09146748095889931,0.14230503795721186,0.11184476485648834,0.12152777777777778,0.19725443156070907,2,0.5007462686567163,0.6505073280721533,0.46237731733914944,0.8628795298726737,0.495114006514658,0.2637972926067338,0.4,0.6666666666666666
3G101050,남자,30대,사무 종사자,대학교 졸업(전문대졸/대학원생 포함),울산광역시,1인 가구,미혼(사별/이혼 포함),맞벌이 하지 않음,500-600만원 미만,0.20999580008399832,0.252509501997856,0.08750131620511742,0.14782608695652172,0.11150788303463145,0.1160300925925926,0.19232307077169136,1,0.6865671641791044,0.9135663284479519,0.4315703380588878,0.9020568070519097,0.4934853420195441,0.24401249566122876,0.38391304347826094,0.3333333333333333
3G103044,남자,40대,기능원 및 관련 기능 종사자,대학교 졸업(전문대졸/대학원생 포함),울산광역시,2세대가족,기혼,맞벌이 함,500-600만원 미만,0.24548509029819404,0.21645063833934317,0.0776736513284897,0.14782608695652172,0.1207384449535103,0.1263503086419753,0.2065840330534453,0,0.8126865671641791,0.7745208568207441,0.35523446019629223,0.9020568070519097,0.5381107491856678,0.28115237764665046,0.4304347826086957,0.0
3L203035,남자,50대,기능원 및 관련 기능 종사자,고졸(대학 재학 포함),전라남도,1세대가족,기혼,맞벌이 함,400-500만원 미만,0.17912641747165056,0.14043465549166748,0.1179670773226633,0.14782608695652172,0.08866729551273413,0.1310763888888889,0.13328002132480343,2,0.5768656716417909,0.4813979706877113,0.6682115594329334,0.9020568070519097,0.38306188925081436,0.2981603609857688,0.19130434782608705,0.6666666666666666
3L203045,여자,50대,농림어업 숙련 종사자,고졸(대학 재학 포함),전라남도,1세대가족,기혼,맞벌이 함,400-500만원 미만,0.16820663586728266,0.15407854984894262,0.11175458916850935,0.14230503795721186,0.126734941382563,0.17988040123456792,0.1399440223910436,2,0.5380597014925372,0.5340097707628711,0.6199563794983641,0.8628795298726737,0.5671009771986971,0.4737938215897258,0.21304347826086958,0.6666666666666666
3L203055,여자,60대 이상,판매 종사자,고졸(대학 재학 포함),전라남도,1세대가족,기혼,맞벌이 함,300-400만원 미만,0.1472070558588828,0.13000682194717866,0.11305324488434945,0.13402346445824706,0.0943942864843013,0.17582947530864199,0.15727042516326803,2,0.4634328358208954,0.44118752348741075,0.6300436205016358,0.8041136141038197,0.4107491856677525,0.45921555015619575,0.26956521739130435,0.6666666666666666
1H002201,여자,50대,판매 종사자,대학교 졸업(전문대졸/대학원생 포함),경기도,2세대가족,기혼,맞벌이 함,500-600만원 미만,0.13019739605207897,0.1455998440697788,0.10719174476150363,0.13954451345755692,0.1351569869289853,0.15576774691358025,0.15593762495002,0,0.40298507462686567,0.501315295001879,0.584514721919302,0.8432908912830557,0.6078175895765473,0.38701839639014224,0.26521739130434785,0.0
3L205004,여자,50대,주부,고졸(대학 재학 포함),전라남도,1세대가족,기혼,맞벌이 하지 않음,300-400만원 미만,0.19844603107937842,0.21157781892603061,0.0670738127829841,0.136783988957902,0.06670260072766473,0.1263503086419753,0.21324803411968546,3,0.6455223880597014,0.7557309282224727,0.27290076335877866,0.8237022526934379,0.2768729641693811,0.28115237764665046,0.4521739130434782,1.0
3L205008,여자,60대 이상,농림어업 숙련 종사자,중졸 이하,전라남도,1인 가구,미혼(사별/이혼 포함),맞벌이 하지 않음,100-200만원 미만,0.19319613607727845,0.17356982750219277,0.0660208486890597,0.13954451345755692,0.10611777388492116,0.10609567901234568,0.1639344262295082,1,0.626865671641791,0.6091694851559564,0.2647219193020719,0.8432908912830557,0.46742671009771986,0.20826102047900033,0.29130434782608694,0.3333333333333333
3L203050,여자,60대 이상,판매 종사자,고졸(대학 재학 포함),전라남도,1인 가구,미혼(사별/이혼 포함),맞벌이 하지 않음,200-300만원 미만,0.12095758084838304,0.1465744079524413,0.10919237653996,0.14782608695652172,0.07047567713246193,0.1326195987654321,0.1639344262295082,1,0.3701492537313432,0.5050732807215333,0.6000545256270448,0.9020568070519097,0.295114006514658,0.30371398819854223,0.29130434782608694,0.3333333333333333
3L205012,여자,60대 이상,농림어업 숙련 종사자,중졸 이하,전라남도,1세대가족,기혼,맞벌이 함,200-300만원 미만,0.20264594708105838,0.11265958483578599,0.10094415780421889,0.13609385783298825,0.13306831963347257,0.16184413580246915,0.178995068639211,2,0.6604477611940298,0.3742953776775648,0.5359869138495094,0.8188050930460331,0.5977198697068404,0.40888580354043735,0.34043478260869564,0.6666666666666666
3L205016,여자,60대 이상,농림어업 숙련 종사자,고졸(대학 재학 포함),전라남도,1세대가족,기혼,맞벌이 함,300-400만원 미만,0.17870642587148255,0.11509599454244226,0.08118353164157104,0.13954451345755692,0.12309661770650855,0.11892361111111112,0.2385712381713981,2,0.5753731343283581,0.3836903419767005,0.38249727371864783,0.8432908912830557,0.5495114006514659,0.2544255466851788,0.5347826086956522,0.6666666666666666
3L203060,여자,60대 이상,서비스 종사자,고졸(대학 재학 포함),전라남도,1세대가족,기혼,맞벌이 함,200-300만원 미만,0.14279714405711885,0.13244323165383493,0.09336281632796321,0.12505175983436853,0.0862417463953645,0.12885802469135801,0.11768625882980141,2,0.44776119402985065,0.4505824877865464,0.47709923664122134,0.7404505386875613,0.3713355048859935,0.2901770218674071,0.14043478260869566,0.6666666666666666
3L205020,여자,50대,판매 종사자,고졸(대학 재학 포함),전라남도,2세대가족,기혼,맞벌이 함,500-600만원 미만,0.12998740025199496,0.1199688139557548,0.06426590853251904,0.13126293995859212,0.062121007950411,0.28337191358024694,0.2798880447820872,2,0.40223880597014916,0.40248027057497177,0.2510905125408942,0.7845249755142016,0.25472312703583067,0.846233946546338,0.6695652173913044,0.6666666666666666
3L203021,남자,40대,전문가 및 관련 종사자,대학교 졸업(전문대졸/대학원생 포함),전라남도,2세대가족,미혼(사별/이혼 포함),맞벌이 하지 않음,300-400만원 미만,0.1125577488450231,0.15339635513107885,0.1150889754659366,0.14230503795721186,0.07047567713246193,0.15461033950617287,0.14927362388377982,1,0.34029850746268653,0.5313791807591131,0.6458560523446019,0.8628795298726737,0.295114006514658,0.38285317598056234,0.24347826086956523,0.3333333333333333
1Q000045,여자,60대 이상,단순노무 종사자,고졸(대학 재학 포함),세종특별자치시,1세대가족,기혼,맞벌이 함,700-800만원 미만,0.21629567408651829,0.198908488451418,0.06802148046751606,0.136783988957902,0.08846516641962,0.17862654320987653,0.18659202985472478,2,0.708955223880597,0.7068771138669673,0.28026172300981467,0.8237022526934379,0.382084690553746,0.4692814994793474,0.3652173913043478,0.6666666666666666
3B044006,여자,60대 이상,서비스 종사자,고졸(대학 재학 포함),부산광역시,1세대가족,기혼,맞벌이 함,600-700만원 미만,0.07895842083158337,0.15895136926225514,0.10431364290477695,0.14230503795721186,0.06730898800700715,0.11410108024691358,0.22124483539917367,2,0.22089552238805965,0.5527996993611424,0.5621592148309705,0.8628795298726737,0.27980456026058637,0.23707046164526205,0.4782608695652174,0.6666666666666666
1H002248,여자,50대,사무 종사자,대학교 졸업(전문대졸/대학원생 포함),경기도,2세대가족,미혼(사별/이혼 포함),맞벌이 하지 않음,200-300만원 미만,0.06929861402771945,0.12094337783841731,0.09753957390052999,0.12022084195997239,0.11413556124511522,0.12519290123456792,0.1519392243102759,1,0.18656716417910446,0.40623825629462607,0.5095419847328243,0.7061704211557296,0.5061889250814333,0.27698715723707046,0.25217391304347825,0.3333333333333333
1K000369,여자,40대,판매 종사자,대학교 졸업(전문대졸/대학원생 포함),전라북도,2세대가족,기혼,맞벌이 함,500-600만원 미만,0.08882822343553129,0.18136633856349285,0.06380962409181848,0.13402346445824706,0.037461258590486456,0.16165123456790123,0.23057443689190993,0,0.2559701492537313,0.6392333709131905,0.24754634678298806,0.8041136141038197,0.13550488599348537,0.4081916001388406,0.5086956521739131,0.0
1K000372,여자,40대,사무 종사자,대학교 졸업(전문대졸/대학원생 포함),전라북도,2세대가족,기혼,맞벌이 함,500-600만원 미만,0.10688786224275515,0.13263814443036742,0.06854796251447826,0.136783988957902,0.05989758792615551,0.17447916666666669,0.27189124350259897,0,0.32014925373134323,0.4513340849304772,0.28435114503816794,0.8237022526934379,0.2439739413680782,0.4543561263450191,0.6434782608695653,0.0
1K000392,여자,60대 이상,서비스 종사자,대학교 졸업(전문대졸/대학원생 포함),전라북도,1세대가족,기혼,맞벌이 함,500-600만원 미만,0.12851742965140697,0.13751096384367997,0.05829911200028079,0.13402346445824706,0.0680501280150923,0.16290509259259262,0.2652272424363588,2,0.39701492537313426,0.47012401352874866,0.20474372955288986,0.8041136141038197,0.28338762214983715,0.41270392224921904,0.6217391304347827,0.6666666666666666
1K000395,여자,50대,주부,고졸(대학 재학 포함),전라북도,2세대가족,기혼,맞벌이 하지 않음,400-500만원 미만,0.1379672406551869,0.1852645940941429,0.06328314204485627,0.13954451345755692,0.06757849346449266,0.1712962962962963,0.26389444222311076,3,0.43059701492537306,0.6542653137918076,0.24345692475463468,0.8432908912830557,0.28110749185667755,0.44290177021867405,0.6173913043478261,1.0
1K000401,여자,60대 이상,주부,중졸 이하,전라북도,1세대가족,기혼,맞벌이 하지 않음,300-400만원 미만,0.12788744225115498,0.17064613585420527,0.07082938471798113,0.13402346445824706,0.06953240803126264,0.17418981481481483,0.27189124350259897,3,0.394776119402985,0.5978955279969936,0.302071973827699,0.8041136141038197,0.29055374592833877,0.4533148212426241,0.6434782608695653,1.0
1K000403,여자,50대,서비스 종사자,대학교 졸업(전문대졸/대학원생 포함),전라북도,2세대가족,기혼,맞벌이 함,500-600만원 미만,0.13460730785384292,0.16772244420621774,0.0657400582640132,0.13954451345755692,0.07667430265462875,0.15923996913580246,0.25056644009063045,0,0.41865671641791036,0.5866215708380308,0.2625408942202836,0.8432908912830557,0.3250814332247557,0.39951405761888226,0.573913043478261,0.0
4K190005,여자,30대,서비스 종사자,대학교 졸업(전문대졸/대학원생 포함),전라북도,1세대가족,기혼,맞벌이 함,400-500만원 미만,0.16988660226795466,0.15700224149693012,0.07328630093713805,0.13402346445824706,0.08678075731033554,0.15007716049382716,0.27588964414234307,0,0.5440298507462686,0.5452837279218339,0.32115594329334785,0.8041136141038197,0.37394136807817596,0.36653939604304053,0.6565217391304348,0.0
4K190010,여자,50대,서비스 종사자,대학교 졸업(전문대졸/대학원생 포함),전라북도,1세대가족,기혼,맞벌이 함,400-500만원 미만,0.12053758924821503,0.15797680537959263,0.05854480362219649,0.12574189095928226,0.059425953375555854,0.14834104938271606,0.26389444222311076,0,0.36865671641791037,0.5490417136414881,0.20665212649945477,0.7453476983349656,0.24169381107491855,0.3602915654286706,0.6173913043478261,0.0
1H001840,여자,60대 이상,주부,고졸(대학 재학 포함),경기도,1세대가족,기혼,맞벌이 하지 않음,300-400만원 미만,0.1383872322553549,0.12581619725172985,0.11263205924677969,0.12574189095928226,0.09863899743969816,0.16550925925925927,0.10395841663334666,3,0.4320895522388059,0.42502818489289734,0.626772082878953,0.7453476983349656,0.431270358306189,0.422075668170774,0.09565217391304351,1.0
1H002249,여자,50대,전문가 및 관련 종사자,대학교 졸업(전문대졸/대학원생 포함),경기도,2세대가족,기혼,맞벌이 함,700-800만원 미만,0.15854682906341874,0.13751096384367997,0.10069846618230317,0.13402346445824706,0.12121007950410996,0.14863040123456792,0.194588831134213,0,0.503731343283582,0.47012401352874866,0.5340785169029443,0.8041136141038197,0.5403908794788275,0.36133287053106555,0.3913043478260869,0.0
4A024004,남자,20대,취업 준비 중,대학교 졸업(전문대졸/대학원생 포함),서울특별시,1인 가구,미혼(사별/이혼 포함),맞벌이 하지 않음,100-200만원 미만,0.12851742965140697,0.15895136926225514,0.07907760345372224,0.136783988957902,0.09244037191753132,0.18933256172839508,0.17592962814874052,1,0.39701492537313426,0.5527996993611424,0.3661395856052345,0.8237022526934379,0.4013029315960912,0.5078097882679625,0.33043478260869574,0.3333333333333333
3B044072,여자,50대,서비스 종사자,고졸(대학 재학 포함),부산광역시,2세대가족,기혼,맞벌이 함,500-600만원 미만,0.0877782444351113,0.15700224149693012,0.118774349794672,0.13954451345755692,0.07775232448457081,0.1099537037037037,0.18259362921498068,2,0.2522388059701492,0.5452837279218339,0.6744820065430751,0.8432908912830557,0.33029315960912053,0.2221450885109337,0.3521739130434782,0.6666666666666666
1E000572,여자,60대 이상,주부,고졸(대학 재학 포함),대전광역시,1세대가족,기혼,맞벌이 하지 않음,400-500만원 미만,0.13985720285594289,0.21352694669135563,0.05661436945000176,0.136783988957902,0.05059964964290526,0.16946373456790123,0.19992003198720512,3,0.4373134328358208,0.7632468996617813,0.19165757906215927,0.8237022526934379,0.1990228013029316,0.43630683790350566,0.408695652173913,1.0
3H138001,남자,60대 이상,무직,고졸(대학 재학 포함),경기도,1세대가족,기혼,맞벌이 하지 않음,300-400만원 미만,0.17912641747165056,0.1531039859662801,0.06559966305148995,0.1285024154589372,0.08718501549656381,0.17081404320987653,0.20525123284019728,3,0.5768656716417909,0.5302517850432169,0.2614503816793894,0.7649363369245838,0.37589576547231274,0.4411662617146823,0.4260869565217392,1.0
3B044018,여자,50대,주부,대학교 졸업(전문대졸/대학원생 포함),부산광역시,2세대가족,기혼,맞벌이 하지 않음,500-600만원 미만,0.18458630827383454,0.15895136926225514,0.10484012495173914,0.14230503795721186,0.1345505996496429,0.11988811728395062,0.19992003198720512,3,0.5962686567164179,0.5527996993611424,0.5662486368593238,0.8628795298726737,0.604885993485342,0.25789656369316205,0.408695652173913,1.0
1E000578,여자,60대 이상,주부,고졸(대학 재학 포함),대전광역시,2세대가족,기혼,맞벌이 하지 않음,600-700만원 미만,0.06089878202435951,0.12698567391092488,0.057667333543926155,0.11635610766045548,0.03907829133539954,0.19145447530864199,0.23190723710515795,3,0.15671641791044771,0.42953776775648256,0.19983642311886587,0.6787463271302645,0.14332247557003258,0.5154460256855259,0.5130434782608696,1.0
4A024010,남자,60대 이상,단순노무 종사자,고졸(대학 재학 포함),서울특별시,1세대가족,기혼,맞벌이 하지 않음,200-300만원 미만,0.15497690046199075,0.1316635805477049,0.10673546032080307,0.14782608695652172,0.11548308853254279,0.17862654320987653,0.19325603092096497,3,0.49104477611940284,0.447576099210823,0.5809705561613959,0.9020568070519097,0.5127035830618893,0.4692814994793474,0.38695652173913053,1.0
1H001413,여자,50대,서비스 종사자,중졸 이하,경기도,1세대가족,기혼,맞벌이 함,700-800만원 미만,0.07454850902981941,0.1691842900302115,0.11301814608121863,0.11953071083505866,0.0677132461932354,0.0998263888888889,0.1012928162068506,2,0.2052238805970149,0.5922585494175122,0.6297709923664121,0.701273261508325,0.2817589576547231,0.18569940992710868,0.08695652173913046,0.6666666666666666
3H138002,여자,60대 이상,주부,중졸 이하,경기도,1세대가족,기혼,맞벌이 하지 않음,200-300만원 미만,0.1367072658546829,0.10145210018516714,0.09655680741286723,0.12298136645962732,0.08765665004716344,0.19386574074074076,0.16260162601626016,3,0.42611940298507456,0.33107854190154073,0.501908396946565,0.7257590597453476,0.3781758957654723,0.5241235682054842,0.28695652173913044,1.0
3B044030,여자,50대,사무 종사자,고졸(대학 재학 포함),부산광역시,2세대가족,기혼,맞벌이 함,600-700만원 미만,0.05942881142377153,0.1647987525582302,0.10863079568986699,0.14230503795721186,0.07061042986120468,0.12249228395061729,0.2145808343329335,2,0.15149253731343282,0.5753476136790681,0.5956924754634678,0.8628795298726737,0.29576547231270356,0.26726830961471715,0.4565217391304348,0.6666666666666666
1E000586,여자,50대,기능원 및 관련 기능 종사자,고졸(대학 재학 포함),대전광역시,2세대가족,기혼,맞벌이 함,600-700만원 미만,0.054598908021839566,0.1594386512035864,0.07837562739110597,0.12229123533471359,0.04042581862282711,0.21508487654320987,0.2425696388111422,2,0.13432835820895522,0.5546786922209695,0.3606870229007634,0.720861900097943,0.1498371335504886,0.6004859423811176,0.5478260869565217,0.6666666666666666
1E000587,여자,50대,사무 종사자,대학교 졸업(전문대졸/대학원생 포함),대전광역시,2세대가족,기혼,맞벌이 함,600-700만원 미만,0.051028979420411597,0.1448201929636488,0.09030922045558247,0.1388543823326432,0.07229483897048915,0.21122685185185186,0.22124483539917367,0,0.12164179104477611,0.49830890642615555,0.45338058887677213,0.8383937316356511,0.3039087947882736,0.5866018743491843,0.4782608695652174,0.0
1H001845,여자,60대 이상,서비스 종사자,고졸(대학 재학 포함),경기도,1인 가구,미혼(사별/이혼 포함),맞벌이 하지 않음,400-500만원 미만,0.1497270054598908,0.10145210018516714,0.10241830753571304,0.12022084195997239,0.09520280285675785,0.19926697530864199,0.17859522857523658,1,0.4723880597014924,0.33107854190154073,0.5474372955288986,0.7061704211557296,0.4146579804560261,0.5435612634501908,0.33913043478260874,0.3333333333333333
1Q000006,여자,50대,사무 종사자,대학교 졸업(전문대졸/대학원생 포함),세종특별자치시,2세대가족,기혼,맞벌이 함,600-700만원 미만,0.1782864342713146,0.1638241886755677,0.0766206872345653,0.13402346445824706,0.06461393343215201,0.13898533950617284,0.19325603092096497,0,0.5738805970149254,0.5715896279594137,0.3470556161395856,0.8041136141038197,0.2667752442996743,0.3266227004512322,0.38695652173913053,0.0
1E000600,여자,50대,서비스 종사자,고졸(대학 재학 포함),대전광역시,1인 가구,미혼(사별/이혼 포함),맞벌이 하지 않음,300-400만원 미만,0.03359932801343973,0.13020173472371113,0.0877470078270331,0.14989648033126293,0.05322732785338903,0.1871141975308642,0.16126882580301213,1,0.059701492537313425,0.44193912063134155,0.43347873500545253,0.9167482859941232,0.21172638436482089,0.4998264491496007,0.28260869565217395,0.3333333333333333
3B044036,여자,60대 이상,기능원 및 관련 기능 종사자,고졸(대학 재학 포함),부산광역시,2세대가족,기혼,맞벌이 함,500-600만원 미만,0.0877782444351113,0.16090049702758016,0.1121406760029483,0.13954451345755692,0.07061042986120468,0.11670524691358025,0.20924963347994138,2,0.2522388059701492,0.560315670800451,0.6229552889858233,0.8432908912830557,0.29576547231270356,0.2464422075668171,0.4391304347826087,0.6666666666666666
1Q000007,남자,50대,사무 종사자,대학교 졸업(전문대졸/대학원생 포함),세종특별자치시,1인 가구,미혼(사별/이혼 포함),맞벌이 하지 않음,500-600만원 미만,0.20369592608147838,0.1852645940941429,0.07118037274928926,0.14230503795721186,0.08866729551273413,0.15576774691358025,0.21857923497267762,1,0.6641791044776119,0.6542653137918076,0.30479825517993464,0.8628795298726737,0.38306188925081436,0.38701839639014224,0.4695652173913044,0.3333333333333333
1H001846,여자,60대 이상,주부,고졸(대학 재학 포함),경기도,1세대가족,기혼,맞벌이 하지 않음,300-400만원 미만,0.15644687106257876,0.1072994834811422,0.08995823242427434,0.13126293995859212,0.09870637380406953,0.19386574074074076,0.18925763028122086,3,0.4962686567164179,0.35362645621946637,0.4506543075245365,0.7845249755142016,0.43159609120521175,0.5241235682054842,0.37391304347826093,1.0
3B043035,여자,50대,서비스 종사자,고졸(대학 재학 포함),부산광역시,1인 가구,미혼(사별/이혼 포함),맞벌이 하지 않음,300-400만원 미만,0.2568248635027299,0.18136633856349285,0.0681267768769085,0.13402346445824706,0.1392669451556394,0.1410108024691358,0.20831667333066775,1,0.8529850746268656,0.6392333709131905,0.2810796074154853,0.8041136141038197,0.6276872964169381,0.33391183616799713,0.4360869565217391,0.3333333333333333
4N182006,여자,40대,주부,대학교 졸업(전문대졸/대학원생 포함),충청남도,2세대가족,기혼,맞벌이 하지 않음,500-600만원 미만,0.0503989920201596,0.13799824578501121,0.07907760345372224,0.1388543823326432,0.058617437003099314,0.21219135802469136,0.19592163134746102,3,0.11940298507462686,0.47200300638857573,0.3661395856052345,0.8383937316356511,0.237785016286645,0.5900728913571676,0.3956521739130434,1.0
1H001872,여자,60대 이상,주부,고졸(대학 재학 포함),경기도,1세대가족,기혼,맞벌이 하지 않음,500-600만원 미만,0.13229735405291895,0.09560471688919209,0.10610368186444843,0.11746031746031746,0.11811076674302655,0.18161651234567902,0.11462081833933094,3,0.4104477611940298,0.30853062758361516,0.5760632497273719,0.6865817825661116,0.5254071661237786,0.4800416522040958,0.13043478260869565,1.0
1H002250,여자,60대 이상,판매 종사자,대학교 졸업(전문대졸/대학원생 포함),경기도,2세대가족,미혼(사별/이혼 포함),맞벌이 하지 않음,300-400만원 미만,0.1108777824443511,0.14628203878764254,0.10017198413534098,0.13402346445824706,0.1307775232448457,0.13917824074074076,0.18659202985472478,1,0.3343283582089551,0.503945885005637,0.529989094874591,0.8041136141038197,0.5866449511400652,0.32731690385282886,0.3652173913043478,0.3333333333333333
4I218006,남자,60대 이상,단순노무 종사자,고졸(대학 재학 포함),경상북도,1세대가족,기혼,맞벌이 함,300-400만원 미만,0.07853842923141537,0.17941721079816783,0.07532203151872521,0.13126293995859212,0.05625926425010106,0.18016975308641978,0.17459682793549247,2,0.2194029850746268,0.631717399473882,0.33696837513631406,0.7845249755142016,0.2263843648208469,0.4748351266921208,0.32608695652173914,0.6666666666666666
1H001876,여자,40대,사무 종사자,대학교 졸업(전문대졸/대학원생 포함),경기도,2세대가족,기혼,맞벌이 함,600-700만원 미만,0.15854682906341874,0.14433291102231752,0.08286827419185006,0.136783988957902,0.08455733728608004,0.2006172839506173,0.2572304411568706,0,0.503731343283582,0.4964299135663284,0.3955834242093783,0.8237022526934379,0.3631921824104235,0.5484206872613675,0.5956521739130435,0.0
1H002252,여자,30대,사무 종사자,대학교 졸업(전문대졸/대학원생 포함),경기도,2세대가족,기혼,맞벌이 함,600-700만원 미만,0.12788744225115498,0.1852645940941429,0.09441578042188761,0.136783988957902,0.11002560301846113,0.134837962962963,0.16526722644275624,0,0.394776119402985,0.6542653137918076,0.485278080697928,0.8237022526934379,0.4863192182410424,0.3116973273169039,0.29565217391304344,0.0
1B000942,남자,50대,사무 종사자,대학교 졸업(전문대졸/대학원생 포함),부산광역시,1인 가구,미혼(사별/이혼 포함),맞벌이 하지 않음,300-400만원 미만,0.1379672406551869,0.14725660267030505,0.10761293039907341,0.1450655624568668,0.1088128284597763,0.15914351851851852,0.18259362921498068,1,0.43059701492537306,0.5077038707252912,0.5877862595419848,0.8824681684622917,0.4804560260586319,0.39916695591808393,0.3521739130434782,0.3333333333333333
1H001415,여자,40대,서비스 종사자,고졸(대학 재학 포함),경기도,2세대가족,기혼,맞벌이 함,800-900만원 미만,0.07979840403191936,0.12337978754507359,0.13874556877610475,0.13333333333333333,0.1088128284597763,0.11217206790123457,0.11768625882980141,2,0.2238805970149253,0.41563322059376173,0.829607415485278,0.7992164544564153,0.4804560260586319,0.2301284276292954,0.14043478260869566,0.6666666666666666
1H002257,남자,40대,판매 종사자,대학교 졸업(전문대졸/대학원생 포함),경기도,1인 가구,미혼(사별/이혼 포함),맞벌이 하지 않음,300-400만원 미만,0.1379672406551869,0.1787350160803041,0.0715313607805974,0.1285024154589372,0.08806090823339172,0.1638695987654321,0.1439424230307877,1,0.43059701492537306,0.6290868094701241,0.30752453653217016,0.7649363369245838,0.3801302931596091,0.4161749392572024,0.22608695652173919,0.3333333333333333
3F086032,여자,50대,서비스 종사자,고졸(대학 재학 포함),광주광역시,2세대가족,기혼,맞벌이 함,500-600만원 미만,0.20831583368332635,0.13195594971250368,0.07065389070232705,0.13954451345755692,0.08233391726182455,0.1603973765432099,0.2878848460615754,2,0.6805970149253732,0.44870349492671935,0.30070883315158126,0.8432908912830557,0.35244299674267104,0.4036792780284624,0.6956521739130436,0.6666666666666666
1Q000054,여자,60대 이상,서비스 종사자,고졸(대학 재학 포함),세종특별자치시,1세대가족,기혼,맞벌이 하지 않음,300-400만원 미만,0.15455690886182274,0.1755189552675178,0.07118037274928926,0.1450655624568668,0.05518124242015901,0.14255401234567902,0.23723843795815008,3,0.48955223880597004,0.6166854565952649,0.30479825517993464,0.8824681684622917,0.2211726384364821,0.33946546338077055,0.5304347826086957,1.0
4N184036,여자,50대,농림어업 숙련 종사자,고졸(대학 재학 포함),충청남도,1세대가족,기혼,맞벌이 함,300-400만원 미만,0.23036539269214618,0.14306597797485626,0.07855112140676003,0.125327812284334,0.10153618110766742,0.1882716049382716,0.25456484073037455,2,0.758955223880597,0.49154453213077787,0.36205016357688113,0.7424094025465229,0.4452768729641694,0.5039916695591808,0.5869565217391305,0.6666666666666666
3G099020,여자,20대,사무 종사자,대학교 졸업(전문대졸/대학원생 포함),울산광역시,1인 가구,미혼(사별/이혼 포함),맞벌이 하지 않음,300-400만원 미만,0.17240655186896262,0.15407854984894262,0.08802779825207961,0.15886818495514146,0.09594394286484301,0.11525848765432099,0.25856324137011866,1,0.5529850746268656,0.5340097707628711,0.43565976008724105,0.9804113614103818,0.41824104234527687,0.24123568205484205,0.6000000000000001,0.3333333333333333
4F079010,남자,60대 이상,기능원 및 관련 기능 종사자,고졸(대학 재학 포함),광주광역시,2세대가족,기혼,맞벌이 함,600-700만원 미만,0.2217555648887022,0.19208654127278044,0.06040504018812958,0.15058661145617666,0.09358577011184477,0.14525462962962962,0.2692256430761029,2,0.7283582089552237,0.6805712138293873,0.22110141766630312,0.9216454456415277,0.4068403908794789,0.34918431100312386,0.6347826086956523,0.6666666666666666
1H002274,여자,60대 이상,서비스 종사자,대학교 졸업(전문대졸/대학원생 포함),경기도,1세대가족,기혼,맞벌이 함,300-400만원 미만,0.16064678706425872,0.143358347139655,0.10849040047734373,0.12574189095928226,0.097897857431613,0.16435185185185186,0.10928961748633881,2,0.5111940298507462,0.49267192784667413,0.5946019629225736,0.7453476983349656,0.4276872964169382,0.417910447761194,0.1130434782608696,0.6666666666666666
1H001417,여자,40대,서비스 종사자,대학교 졸업(전문대졸/대학원생 포함),경기도,1인 가구,미혼(사별/이혼 포함),맞벌이 하지 않음,400-500만원 미만,0.06089878202435951,0.11265958483578599,0.13934224842932857,0.13333333333333333,0.1088128284597763,0.10223765432098766,0.10395841663334666,1,0.15671641791044771,0.3742953776775648,0.8342420937840785,0.7992164544564153,0.4804560260586319,0.19437695244706701,0.09565217391304351,0.3333333333333333
1F000458,여자,50대,서비스 종사자,대학교 졸업(전문대졸/대학원생 포함),광주광역시,2세대가족,기혼,맞벌이 함,600-700만원 미만,0.07202855942881142,0.14140921937433,0.07205784282755959,0.13402346445824706,0.04534429322193774,0.17930169753086422,0.22924163667866188,0,0.19626865671641786,0.48515595640736564,0.31161395856052343,0.8041136141038197,0.17361563517915307,0.47171121138493577,0.5043478260869565,0.0
4N184032,여자,60대 이상,농림어업 숙련 종사자,고졸(대학 재학 포함),충청남도,1세대가족,기혼,맞벌이 함,300-400만원 미만,0.23603527929441412,0.19306110515544295,0.07188234881190551,0.13126293995859212,0.09527017922112922,0.20592206790123457,0.24696787951486074,2,0.7791044776119402,0.6843291995490417,0.31025081788440567,0.7845249755142016,0.41498371335504886,0.5675112808052759,0.5621739130434783,0.6666666666666666
1Q000059,여자,50대,판매 종사자,고졸(대학 재학 포함),세종특별자치시,1세대가족,기혼,맞벌이 함,500-600만원 미만,0.22007559848803024,0.17405710944352404,0.08486890597030641,0.13333333333333333,0.08967794097830481,0.15326003086419754,0.22257763561242172,2,0.7223880597014924,0.6110484780157835,0.41112322791712097,0.7992164544564153,0.3879478827361564,0.3779937521693856,0.482608695652174,0.6666666666666666
4E095003,여자,50대,사무 종사자,대학교 졸업(전문대졸/대학원생 포함),대전광역시,1세대가족,기혼,맞벌이 함,500-600만원 미만,0.15665686686266272,0.1560276776142676,0.09023902284932085,0.12574189095928226,0.10894758118851906,0.16994598765432098,0.20525123284019728,0,0.49701492537313413,0.5415257422021795,0.452835332606325,0.7453476983349656,0.48110749185667756,0.4380423464074973,0.4260869565217392,0.0
1H001879,여자,50대,사무 종사자,대학교 졸업(전문대졸/대학원생 포함),경기도,2세대가족,기혼,맞벌이 함,800-900만원 미만,0.1497270054598908,0.0965792807718546,0.0888350707240883,0.12022084195997239,0.10564613933432153,0.2015817901234568,0.1639344262295082,0,0.4723880597014924,0.3122886133032694,0.44193020719738274,0.7061704211557296,0.4651465798045603,0.551891704269351,0.29130434782608694,0.0
1H002275,여자,30대,주부,대학교 졸업(전문대졸/대학원생 포함),경기도,2세대가족,기혼,맞벌이 하지 않음,400-500만원 미만,0.14657706845863083,0.13263814443036742,0.09603032536590503,0.13402346445824706,0.08125589543188248,0.138695987654321,0.16793282686925232,3,0.46119402985074615,0.4513340849304772,0.4978189749182116,0.8041136141038197,0.34723127035830614,0.32558139534883723,0.30434782608695654,1.0
3G099025,여자,30대,사무 종사자,대학교 졸업(전문대졸/대학원생 포함),울산광역시,1인 가구,미혼(사별/이혼 포함),맞벌이 하지 않음,300-400만원 미만,0.1493070138597228,0.16772244420621774,0.06159839949457724,0.1533471359558316,0.08381619727799489,0.10271990740740741,0.22257763561242172,1,0.4708955223880596,0.5866215708380308,0.23037077426390404,0.9412340842311457,0.3596091205211727,0.1961124609510587,0.482608695652174,0.3333333333333333
1H002299,여자,60대 이상,단순노무 종사자,고졸(대학 재학 포함),경기도,1세대가족,기혼,맞벌이 함,300-400만원 미만,0.16925661486770263,0.13263814443036742,0.0932926187217016,0.13954451345755692,0.09762835197412748,0.15538194444444445,0.16526722644275624,2,0.5417910447761193,0.4513340849304772,0.47655398037077423,0.8432908912830557,0.42638436482084696,0.38562998958694894,0.29565217391304344,0.6666666666666666
1B000961,여자,60대 이상,주부,고졸(대학 재학 포함),부산광역시,1세대가족,기혼,맞벌이 하지 않음,100-200만원 미만,0.12998740025199496,0.1550531137316051,0.08557088203292268,0.13402346445824706,0.08078426088128285,0.1492091049382716,0.19325603092096497,3,0.40223880597014916,0.5377677564825253,0.4165757906215921,0.8041136141038197,0.3449511400651466,0.3634154807358556,0.38695652173913053,1.0
4N184040,여자,60대 이상,농림어업 숙련 종사자,고졸(대학 재학 포함),충청남도,1세대가족,기혼,맞벌이 함,200-300만원 미만,0.19613607727845445,0.17162069973686775,0.07433926503106245,0.13954451345755692,0.08246866999056732,0.17689043209876545,0.22257763561242172,2,0.6373134328358209,0.6016535137166478,0.3293347873500545,0.8432908912830557,0.3530944625407167,0.46303366886497743,0.482608695652174,0.6666666666666666
3G107035,여자,60대 이상,주부,고졸(대학 재학 포함),울산광역시,1세대가족,기혼,맞벌이 하지 않음,300-400만원 미만,0.12662746745065098,0.11051554429392849,0.08107823523217858,0.136783988957902,0.10733054844360598,0.08873456790123457,0.1639344262295082,3,0.39029850746268646,0.3660278090943255,0.38167938931297707,0.8237022526934379,0.47328990228013035,0.14578271433530024,0.29130434782608694,1.0
1D000376,남자,60대 이상,기능원 및 관련 기능 종사자,대학교 졸업(전문대졸/대학원생 포함),대구광역시,1인 가구,미혼(사별/이혼 포함),맞벌이 하지 않음,300-400만원 미만,0.16904661906761864,0.12386706948640484,0.08206100171984136,0.13954451345755692,0.08273817544805281,0.18016975308641978,0.25856324137011866,1,0.5410447761194029,0.41751221345358885,0.3893129770992366,0.8432908912830557,0.3543973941368078,0.4748351266921208,0.6000000000000001,0.3333333333333333
4N184044,남자,50대,기능원 및 관련 기능 종사자,고졸(대학 재학 포함),충청남도,1인 가구,미혼(사별/이혼 포함),맞벌이 하지 않음,200-300만원 미만,0.21965560688786223,0.20378130786473053,0.07714716928152751,0.1450655624568668,0.08260342271931007,0.20707947530864199,0.2025856324137012,1,0.7208955223880595,0.7256670424652385,0.35114503816793896,0.8824681684622917,0.3537459283387622,0.5716765012148559,0.4173913043478261,0.3333333333333333
4F079015,남자,50대,사무 종사자,고졸(대학 재학 포함),광주광역시,2세대가족,기혼,맞벌이 함,500-600만원 미만,0.2368752624947501,0.20085761621674303,0.05373626759327507,0.1533471359558316,0.08947581188519069,0.11525848765432099,0.25456484073037455,2,0.7820895522388059,0.7143930853062759,0.1693020719738277,0.9412340842311457,0.386970684039088,0.24123568205484205,0.5869565217391305,0.6666666666666666
4E095006,여자,60대 이상,주부,대학교 졸업(전문대졸/대학원생 포함),대전광역시,1세대가족,기혼,맞벌이 하지 않음,200-300만원 미만,0.124527509449811,0.15797680537959263,0.09876803201010845,0.13126293995859212,0.08240129362619593,0.16165123456790123,0.2412368385978942,3,0.3828358208955223,0.5490417136414881,0.5190839694656487,0.7845249755142016,0.3527687296416938,0.4081916001388406,0.5434782608695653,1.0
4E095009,남자,60대 이상,관리자,대학교 졸업(전문대졸/대학원생 포함),대전광역시,1인 가구,미혼(사별/이혼 포함),맞벌이 하지 않음,300-400만원 미만,0.11486770264594709,0.18136633856349285,0.09655680741286723,0.13402346445824706,0.09850424471095538,0.1794945987654321,0.15593762495002,1,0.3485074626865671,0.6392333709131905,0.501908396946565,0.8041136141038197,0.4306188925081433,0.4724054147865324,0.26521739130434785,0.3333333333333333
3G107045,여자,60대 이상,주부,중졸 이하,울산광역시,1세대가족,기혼,맞벌이 하지 않음,100-200만원 미만,0.14321713565728686,0.11412143065977975,0.09374890316240217,0.13126293995859212,0.10187306292952432,0.10416666666666667,0.22924163667866188,3,0.44925373134328356,0.3799323562570462,0.4800981461286805,0.7845249755142016,0.4469055374592834,0.20131898646303367,0.5043478260869565,1.0
4N184048,여자,60대 이상,농림어업 숙련 종사자,고졸(대학 재학 포함),충청남도,1세대가족,기혼,맞벌이 함,200-300만원 미만,0.20978580428391433,0.20378130786473053,0.08041135797269314,0.15058661145617666,0.08954318824956206,0.21045524691358025,0.21324803411968546,2,0.685820895522388,0.7256670424652385,0.3764994547437296,0.9216454456415277,0.38729641693811084,0.5838250607427976,0.4521739130434782,0.6666666666666666
3M167070,여자,60대 이상,주부,고졸(대학 재학 포함),충청북도,1세대가족,기혼,맞벌이 하지 않음,300-400만원 미만,0.17030659386812264,0.1647987525582302,0.09013372643992841,0.1450655624568668,0.10847594663791942,0.12760416666666669,0.27055844328935097,3,0.5455223880597014,0.5753476136790681,0.45201744820065437,0.8824681684622917,0.4788273615635179,0.2856646997570289,0.6391304347826088,1.0
3F086031,여자,60대 이상,주부,고졸(대학 재학 포함),광주광역시,1세대가족,기혼,맞벌이 하지 않음,300-400만원 미만,0.16001679966400673,0.14072702465646625,0.07258432487452178,0.14230503795721186,0.09345101738310199,0.15027006172839508,0.2025856324137012,3,0.508955223880597,0.48252536640360766,0.3157033805888767,0.8628795298726737,0.40618892508143317,0.3672335994446373,0.4173913043478261,1.0
1B000930,여자,50대,서비스 종사자,고졸(대학 재학 포함),부산광역시,2세대가족,기혼,맞벌이 함,800-900만원 미만,0.10436791264174718,0.1550531137316051,0.0824119897511495,0.136783988957902,0.06623096617706509,0.13464506172839505,0.22830867652938827,2,0.31119402985074623,0.5377677564825253,0.39203925845147225,0.8237022526934379,0.2745928338762215,0.31100312391530716,0.501304347826087,0.6666666666666666
4G099038,남자,60대 이상,기능원 및 관련 기능 종사자,고졸(대학 재학 포함),울산광역시,1인 가구,미혼(사별/이혼 포함),맞벌이 하지 않음,300-400만원 미만,0.10415791684166317,0.1329305135951662,0.0792530974693763,0.13402346445824706,0.07519202263845842,0.09934413580246915,0.2452352392376383,1,0.31044776119402984,0.4524614806463736,0.36750272628135217,0.8041136141038197,0.31791530944625407,0.183963901423117,0.5565217391304348,0.3333333333333333
3E088048,여자,20대,서비스 종사자,대학교 졸업(전문대졸/대학원생 포함),대전광역시,1인 가구,미혼(사별/이혼 포함),맞벌이 하지 않음,200-300만원 미만,0.24485510289794205,0.20134489815807427,0.04759397704538275,0.14437543133195307,0.0962808246866999,0.15769675925925927,0.25189924030387845,1,0.8104477611940297,0.7162720781661029,0.12159214830970552,0.8775710088148874,0.41986970684039093,0.39396043040610895,0.5782608695652174,0.3333333333333333
3E088054,여자,30대,사무 종사자,대학교 졸업(전문대졸/대학원생 포함),대전광역시,1인 가구,미혼(사별/이혼 포함),맞벌이 하지 않음,200-300만원 미만,0.2393952120957581,0.19647207874476172,0.07591871117194904,0.14437543133195307,0.10685891389300632,0.14284336419753085,0.23590563774490206,1,0.7910447761194029,0.6974821495678316,0.34160305343511443,0.8775710088148874,0.4710097719869707,0.3405067684831655,0.5260869565217392,0.3333333333333333
3E088060,여자,50대,서비스 종사자,고졸(대학 재학 포함),대전광역시,1인 가구,미혼(사별/이혼 포함),맞벌이 하지 않음,300-400만원 미만,0.20978580428391433,0.19744664262742423,0.08385104067951284,0.13609385783298825,0.08213178816871042,0.11381172839506173,0.23057443689190993,1,0.685820895522388,0.7012401352874859,0.403217011995638,0.8188050930460331,0.35146579804560263,0.23602915654286707,0.5086956521739131,0.3333333333333333
1H001423,여자,60대 이상,서비스 종사자,고졸(대학 재학 포함),경기도,1인 가구,미혼(사별/이혼 포함),맞벌이 하지 않음,400-500만원 미만,0.0755984880302394,0.11460871260111101,0.13927205082306693,0.13333333333333333,0.10867807573103355,0.10734953703703703,0.10662401705984273,1,0.208955223880597,0.3818113491168733,0.8336968375136312,0.7992164544564153,0.4798045602605864,0.21277334258937866,0.1043478260869565,0.3333333333333333
1O001035,여자,50대,주부,고졸(대학 재학 포함),강원도,2세대가족,기혼,맞벌이 하지 않음,500-600만원 미만,0.0503989920201596,0.12386706948640484,0.14671299708679936,0.14230503795721186,0.10059291200646814,0.13001543209876545,0.18432626949220315,3,0.11940298507462686,0.41751221345358885,0.8914940021810253,0.8628795298726737,0.44071661237785026,0.29434224227698724,0.35782608695652185,1.0
1O001039,여자,50대,관리자,고졸(대학 재학 포함),강원도,1인 가구,미혼(사별/이혼 포함),맞벌이 하지 않음,500-600만원 미만,0.06929861402771945,0.14140921937433,0.13604296093503213,0.13954451345755692,0.11272065759331627,0.1358024691358025,0.15767026522724245,1,0.18656716417910446,0.48515595640736564,0.8086150490730645,0.8432908912830557,0.49934853420195446,0.3151683443248873,0.27086956521739136,0.3333333333333333
3M167063,여자,30대,사무 종사자,대학교 졸업(전문대졸/대학원생 포함),충청북도,1인 가구,미혼(사별/이혼 포함),맞벌이 하지 않음,300-400만원 미만,0.15875682486350273,0.1923789104375792,0.10754273279281176,0.15058661145617666,0.1289583614068185,0.12442129629629631,0.19725443156070907,1,0.5044776119402985,0.6816986095452837,0.5872410032715376,0.9216454456415277,0.5778501628664495,0.27421034363068386,0.4,0.3333333333333333
1O001081,남자,60대 이상,서비스 종사자,고졸(대학 재학 포함),강원도,1인 가구,미혼(사별/이혼 포함),맞벌이 하지 않음,400-500만원 미만,0.05522889542209156,0.14530747490498003,0.1152995682847215,0.14230503795721186,0.07788707721331356,0.16743827160493827,0.14927362388377982,1,0.13656716417910447,0.5001878992859827,0.6474918211559433,0.8628795298726737,0.3309446254071661,0.4290177021867406,0.24347826086956523,0.3333333333333333
1H001424,여자,50대,서비스 종사자,고졸(대학 재학 포함),경기도,2세대가족,기혼,맞벌이 함,"1,000만원 이상",0.03359932801343973,0.11100282623525974,0.13449861359727633,0.12229123533471359,0.10733054844360598,0.10030864197530864,0.09862721578035454,2,0.059701492537313425,0.3679068019541526,0.7966194111232278,0.720861900097943,0.47328990228013035,0.1874349184311003,0.07826086956521741,0.6666666666666666
1M000392,여자,20대,사무 종사자,대학교 졸업(전문대졸/대학원생 포함),충청북도,1인 가구,미혼(사별/이혼 포함),맞벌이 하지 않음,200-300만원 미만,0.17324653506929863,0.21869213526946693,0.09852234038819276,0.1450655624568668,0.12242285406279477,0.14033564814814817,0.21324803411968546,1,0.5559701492537313,0.7831642239759489,0.5171755725190839,0.8824681684622917,0.5462540716612378,0.33148212426240886,0.4521739130434782,0.3333333333333333
4N182018,여자,60대 이상,서비스 종사자,대학교 졸업(전문대졸/대학원생 포함),충청남도,1인 가구,미혼(사별/이혼 포함),맞벌이 하지 않음,100만원 미만,0.054598908021839566,0.24812396452587468,0.04387350391351655,0.1388543823326432,0.017517854736558414,0.20833333333333334,0.14660802345728377,1,0.13432835820895522,0.8966553927095077,0.09269356597600872,0.8383937316356511,0.03908794788273616,0.5761888233252342,0.23478260869565223,0.3333333333333333
1M000410,여자,60대 이상,판매 종사자,고졸(대학 재학 포함),충청북도,1인 가구,미혼(사별/이혼 포함),맞벌이 하지 않음,300-400만원 미만,0.16946661066778665,0.19013741350745542,0.08486890597030641,0.14782608695652172,0.11622422854062794,0.11863425925925926,0.2452352392376383,1,0.5425373134328358,0.6730552423900789,0.41112322791712097,0.9020568070519097,0.5162866449511401,0.2533842415827837,0.5565217391304348,0.3333333333333333
1H001427,여자,30대,사무 종사자,대학교 졸업(전문대졸/대학원생 포함),경기도,1세대가족,기혼,맞벌이 함,800-900만원 미만,0.06089878202435951,0.11685020953123479,0.13432311958162227,0.12781228433402345,0.11487670125320038,0.09770447530864197,0.10395841663334666,0,0.15671641791044771,0.3904547162720782,0.7952562704471101,0.7600391772771791,0.509771986970684,0.17806317250954526,0.09565217391304351,0.0
1O001117,남자,30대,서비스 종사자,대학교 졸업(전문대졸/대학원생 포함),강원도,1인 가구,미혼(사별/이혼 포함),맞벌이 하지 않음,400-500만원 미만,0.07034859302813944,0.1297144527823799,0.09827664876627708,0.14230503795721186,0.06926290257377711,0.15856481481481483,0.2136478741836599,1,0.1902985074626865,0.4400601277715145,0.5152671755725191,0.8628795298726737,0.28925081433224753,0.397084345713294,0.45347826086956533,0.3333333333333333
3O157003,여자,50대,주부,고졸(대학 재학 포함),강원도,2세대가족,기혼,맞벌이 하지 않음,600-700만원 미만,0.07727845443091137,0.12094337783841731,0.13544628128180827,0.1450655624568668,0.08967794097830481,0.12712191358024694,0.2105824336931894,3,0.2149253731343283,0.40623825629462607,0.8039803707742638,0.8824681684622917,0.3879478827361564,0.28392919125303717,0.4434782608695652,1.0
4N182030,여자,60대 이상,주부,고졸(대학 재학 포함),충청남도,2세대가족,기혼,맞벌이 하지 않음,700-800만원 미만,0.054598908021839566,0.20816684533671184,0.09336281632796321,0.13567977915804003,0.04042581862282711,0.23726851851851852,0.17859522857523658,3,0.13432835820895522,0.7425779782036829,0.47709923664122134,0.8158667972575906,0.1498371335504886,0.6803193335647344,0.33913043478260874,1.0
1H001439,여자,40대,서비스 종사자,고졸(대학 재학 포함),경기도,2세대가족,기혼,맞벌이 함,"1,000만원 이상",0.056698866022679546,0.11490108176590977,0.140956793373346,0.12505175983436853,0.10308583748820914,0.09963348765432099,0.10662401705984273,2,0.14179104477611937,0.38293874483276963,0.8467829880043621,0.7404505386875613,0.45276872964169385,0.18500520652551197,0.1043478260869565,0.6666666666666666
4N182042,여자,60대 이상,주부,고졸(대학 재학 포함),충청남도,1세대가족,기혼,맞벌이 하지 않음,500-600만원 미만,0.055648887022259556,0.1494006432121626,0.0911866905338528,0.13015873015873017,0.044131518663252926,0.20543981481481483,0.2602958816473411,3,0.13805970149253732,0.5159714393085307,0.4601962922573609,0.7766895200783546,0.1677524429967427,0.5657757723012843,0.6056521739130435,1.0
1H001454,여자,50대,서비스 종사자,고졸(대학 재학 포함),경기도,2세대가족,기혼,맞벌이 함,"1,000만원 이상",0.056698866022679546,0.11879933729655981,0.13906145800428205,0.12781228433402345,0.1047702465974936,0.09963348765432099,0.11462081833933094,2,0.14179104477611937,0.3979706877113867,0.8320610687022899,0.7600391772771791,0.4609120521172638,0.18500520652551197,0.13043478260869565,0.6666666666666666
4O157084,여자,30대,사무 종사자,대학교 졸업(전문대졸/대학원생 포함),강원도,2세대가족,기혼,맞벌이 함,700-800만원 미만,0.07349853002939942,0.13458727219569244,0.160682320732863,0.14230503795721186,0.11224902304271661,0.1242283950617284,0.17459682793549247,0,0.2014925373134328,0.4588500563697858,0.9999999999999999,0.8628795298726737,0.4970684039087948,0.2735161402290871,0.32608695652173914,0.0
4A021001,여자,40대,사무 종사자,대학교 졸업(전문대졸/대학원생 포함),서울특별시,1세대가족,기혼,맞벌이 함,600-700만원 미만,0.1511969760604788,0.20475587174739304,0.06321294443859464,0.13954451345755692,0.060301846112383775,0.17563657407407407,0.21724643475942956,0,0.47761194029850745,0.7294250281848929,0.24291166848418752,0.8432908912830557,0.24592833876221498,0.458521346754599,0.4652173913043478,0.0
4O157042,여자,60대 이상,서비스 종사자,고졸(대학 재학 포함),강원도,1세대가족,기혼,맞벌이 함,500-600만원 미만,0.08399832003359933,0.12873988889971738,0.12277561335158473,0.136783988957902,0.10773480662983426,0.18422067901234568,0.18432626949220315,2,0.2388059701492537,0.4363021420518602,0.7055616139585605,0.8237022526934379,0.4752442996742672,0.48941339812565077,0.35782608695652185,0.6666666666666666
4A021002,여자,50대,판매 종사자,대학교 졸업(전문대졸/대학원생 포함),서울특별시,1세대가족,기혼,맞벌이 함,500-600만원 미만,0.08924821503569928,0.20504824091219181,0.05987855814116739,0.136783988957902,0.03725912949737232,0.18451003086419754,0.2105824336931894,0,0.2574626865671641,0.7305524239007892,0.21701199563794984,0.8237022526934379,0.13452768729641695,0.49045470322804574,0.4434782608695652,0.0
1O001046,여자,50대,전문가 및 관련 종사자,대학원 졸업 이상,강원도,1세대가족,기혼,맞벌이 함,"1,000만원 이상",0.07349853002939942,0.13263814443036742,0.14980169176231092,0.13954451345755692,0.11272065759331627,0.1404320987654321,0.1683326669332267,2,0.2014925373134328,0.4513340849304772,0.915485278080698,0.8432908912830557,0.49934853420195446,0.3318292259632072,0.30565217391304345,0.6666666666666666
4E095015,여자,50대,서비스 종사자,고졸(대학 재학 포함),대전광역시,2세대가족,기혼,맞벌이 함,400-500만원 미만,0.16715665686686265,0.18458239937627913,0.0790074058474606,0.14230503795721186,0.09695458833041369,0.18065200617283952,0.23324003731840598,2,0.5343283582089552,0.6516347237880495,0.3655943293347873,0.8628795298726737,0.42312703583061895,0.4765706351961124,0.5173913043478261,0.6666666666666666
4E095018,여자,60대 이상,전문가 및 관련 종사자,대학교 졸업(전문대졸/대학원생 포함),대전광역시,1세대가족,기혼,맞벌이 함,400-500만원 미만,0.1138177236455271,0.19208654127278044,0.08525499280474537,0.14230503795721186,0.0668373534564075,0.16927083333333334,0.22124483539917367,2,0.344776119402985,0.6805712138293873,0.41412213740458015,0.8628795298726737,0.27752442996742677,0.435612634501909,0.4782608695652174,0.6666666666666666
1E000227,여자,60대 이상,주부,대학교 졸업(전문대졸/대학원생 포함),대전광역시,2세대가족,기혼,맞벌이 하지 않음,700-800만원 미만,0.15707685846283073,0.14628203878764254,0.12042399354182023,0.13402346445824706,0.10739792480797736,0.13242669753086422,0.21857923497267762,3,0.49850746268656704,0.503945885005637,0.6872955288985824,0.8041136141038197,0.47361563517915317,0.3030197847969456,0.4695652173913044,1.0
4E095024,여자,60대 이상,사무 종사자,대학교 졸업(전문대졸/대학원생 포함),대전광역시,2세대가족,기혼,맞벌이 함,500-600만원 미만,0.14678706425871485,0.18653152714160415,0.08637815450493139,0.14230503795721186,0.0787629699501415,0.16550925925925927,0.25856324137011866,0,0.4619402985074627,0.6591506952273581,0.4228462377317339,0.8628795298726737,0.3351791530944626,0.422075668170774,0.6000000000000001,0.0
1E000256,여자,40대,주부,대학교 졸업(전문대졸/대학원생 포함),대전광역시,2세대가족,기혼,맞벌이 하지 않음,400-500만원 미만,0.15560688786224275,0.14608712601111004,0.118212768944579,0.14437543133195307,0.1377172887750977,0.1558641975308642,0.21191523390643743,3,0.4932835820895521,0.5031942878617062,0.6701199563794984,0.8775710088148874,0.6201954397394138,0.38736549809094056,0.4478260869565217,1.0
4N182048,남자,30대,군인,대학교 졸업(전문대졸/대학원생 포함),충청남도,1세대가족,기혼,맞벌이 함,500-600만원 미만,0.0503989920201596,0.22697592827209825,0.03931065950651083,0.14161490683229813,0.013475272874275704,0.19704861111111113,0.18259362921498068,0,0.11940298507462686,0.8151071025930101,0.05725190839694658,0.8579823702252691,0.019543973941368073,0.5355779243318293,0.3521739130434782,0.0
1E000265,여자,60대 이상,서비스 종사자,대학교 졸업(전문대졸/대학원생 포함),대전광역시,1세대가족,기혼,맞벌이 함,600-700만원 미만,0.18395632087358252,0.11558327648377352,0.11628233477238427,0.12505175983436853,0.14634146341463414,0.12104552469135803,0.21591363454618154,0,0.5940298507462686,0.3855693348365276,0.6551254089422028,0.7404505386875613,0.6618892508143323,0.26206178410274206,0.4608695652173913,0.0
1E000364,여자,50대,사무 종사자,대학교 졸업(전문대졸/대학원생 포함),대전광역시,2세대가족,기혼,맞벌이 함,700-800만원 미만,0.2393952120957581,0.17162069973686775,0.09234495103716964,0.1450655624568668,0.148632259803261,0.18586033950617284,0.19992003198720512,0,0.7910447761194029,0.6016535137166478,0.46919302071973823,0.8824681684622917,0.6729641693811075,0.4953141270392224,0.408695652173913,0.0
4G102004,여자,60대 이상,서비스 종사자,대학교 졸업(전문대졸/대학원생 포함),울산광역시,1세대가족,기혼,맞벌이 함,400-500만원 미만,0.14027719445611087,0.16772244420621774,0.08620266048927731,0.1616287094547964,0.07667430265462875,0.11381172839506173,0.257630281220845,2,0.4388059701492536,0.5866215708380308,0.42148309705561604,0.9999999999999998,0.3250814332247557,0.23602915654286707,0.5969565217391305,0.6666666666666666
1E000368,여자,30대,전문가 및 관련 종사자,대학교 졸업(전문대졸/대학원생 포함),대전광역시,1인 가구,미혼(사별/이혼 포함),맞벌이 하지 않음,300-400만원 미만,0.20789584208315834,0.19501023292076797,0.08251728616054192,0.1450655624568668,0.0900148228001617,0.1402391975308642,0.1976542716246835,1,0.6791044776119403,0.6918451709883502,0.3928571428571428,0.8824681684622917,0.38957654723127033,0.33113502256161054,0.40130434782608704,0.3333333333333333
4G102008,여자,50대,판매 종사자,대학교 졸업(전문대졸/대학원생 포함),울산광역시,1세대가족,기혼,맞벌이 함,600-700만원 미만,0.16862662746745066,0.1755189552675178,0.08767681022077148,0.14782608695652172,0.08577011184476485,0.11525848765432099,0.21991203518592564,0,0.5395522388059701,0.6166854565952649,0.43293347873500543,0.9020568070519097,0.3690553745928339,0.24123568205484205,0.4739130434782609,0.0
3F081028,남자,60대 이상,사무 종사자,고졸(대학 재학 포함),광주광역시,2세대가족,기혼,맞벌이 함,700-800만원 미만,0.1980260394792104,0.13848552772634246,0.05521041732476923,0.12298136645962732,0.10867807573103355,0.12914737654320987,0.19992003198720512,2,0.6440298507462686,0.4738819992484028,0.18075245365321704,0.7257590597453476,0.4798045602605864,0.2912183269698021,0.408695652173913,0.6666666666666666
4G102012,여자,60대 이상,서비스 종사자,고졸(대학 재학 포함),울산광역시,1세대가족,기혼,맞벌이 함,500-600만원 미만,0.1742965140697186,0.1560276776142676,0.0882383910708645,0.1450655624568668,0.08893680097021965,0.12056327160493828,0.2602958816473411,2,0.5597014925373134,0.5415257422021795,0.43729552889858236,0.8824681684622917,0.3843648208469056,0.26032627559875043,0.6056521739130435,0.6666666666666666
1D000337,여자,50대,사무 종사자,대학교 졸업(전문대졸/대학원생 포함),대구광역시,2세대가족,기혼,맞벌이 함,600-700만원 미만,0.1860562788744225,0.11509599454244226,0.12077498157312837,0.13954451345755692,0.17490904190809864,0.1017554012345679,0.12395041983206719,0,0.6014925373134328,0.3836903419767005,0.6900218102508179,0.8432908912830557,0.8,0.19264144394307534,0.16086956521739135,0.0
1L000621,남자,50대,장치·기계 조작 및 조립 종사자,고졸(대학 재학 포함),전라남도,2세대가족,미혼(사별/이혼 포함),맞벌이 하지 않음,300-400만원 미만,0.1742965140697186,0.1092486112464672,0.06258116598224,0.1285024154589372,0.10039078291335399,0.12644675925925927,0.20391843262694923,1,0.5597014925373134,0.36114242765877486,0.2380043620501636,0.7649363369245838,0.4397394136807818,0.2814994793474488,0.4217391304347826,0.3333333333333333
1N000003,여자,50대,판매 종사자,대학교 졸업(전문대졸/대학원생 포함),충청남도,2세대가족,기혼,맞벌이 함,500-600만원 미만,0.17009659806803865,0.08800311860442453,0.08743111859885579,0.11083505866114561,0.14101873062929524,0.0925925925925926,0.15860322537651608,0,0.5447761194029851,0.2792183389703119,0.43102508178844057,0.6395690499510283,0.636156351791531,0.1596667823672336,0.27391304347826095,0.0
1N000005,여자,50대,판매 종사자,고졸(대학 재학 포함),충청남도,1세대가족,기혼,맞벌이 함,400-500만원 미만,0.07139857202855943,0.10973589318779846,0.05205152504299604,0.10807453416149068,0.0545748551408166,0.08680555555555555,0.2629614820738372,2,0.1940298507462686,0.363021420518602,0.15621592148309707,0.6199804113614102,0.21824104234527686,0.13884068031933353,0.6143478260869567,0.6666666666666666
3G103048,여자,40대,주부,대학교 졸업(전문대졸/대학원생 포함),울산광역시,2세대가족,기혼,맞벌이 하지 않음,600-700만원 미만,0.253044939101218,0.16284962479290518,0.06689831876733003,0.14230503795721186,0.13636976148767013,0.11506558641975309,0.2532320405171265,3,0.8395522388059702,0.5678316422397595,0.2715376226826608,0.8628795298726737,0.6136807817589578,0.2405414786532454,0.582608695652174,1.0
1L000639,여자,60대 이상,서비스 종사자,고졸(대학 재학 포함),전라남도,1세대가족,기혼,맞벌이 함,300-400만원 미만,0.17912641747165056,0.13556183607835495,0.05608788740303956,0.1285024154589372,0.08913893006333379,0.10706018518518519,0.2145808343329335,2,0.5768656716417909,0.46260804208944006,0.18756815703380594,0.7649363369245838,0.385342019543974,0.2117320374869837,0.4565217391304348,0.6666666666666666
1H002391,여자,50대,서비스 종사자,고졸(대학 재학 포함),경기도,2세대가족,기혼,맞벌이 함,600-700만원 미만,0.1858462830743385,0.14920573043563007,0.08539538801726862,0.15058661145617666,0.1304406414229888,0.1449652777777778,0.2612288417966147,2,0.6007462686567163,0.5152198421645998,0.41521264994547435,0.9216454456415277,0.5850162866449512,0.3481430059007289,0.6086956521739131,0.6666666666666666
4G102020,여자,50대,서비스 종사자,대학교 졸업(전문대졸/대학원생 포함),울산광역시,1세대가족,기혼,맞벌이 함,600-700만원 미만,0.1879462410751785,0.15797680537959263,0.08444772033273665,0.14782608695652172,0.08320980999865248,0.11574074074074074,0.25056644009063045,0,0.6082089552238805,0.5490417136414881,0.40785169029443824,0.9020568070519097,0.3566775244299675,0.24297119055883373,0.573913043478261,0.0
1H002405,여자,50대,판매 종사자,고졸(대학 재학 포함),경기도,1인 가구,미혼(사별/이혼 포함),맞벌이 하지 않음,200-300만원 미만,0.1887862242755145,0.19822629373355427,0.08679934014250115,0.15610766045548655,0.13441584692090014,0.15846836419753088,0.21591363454618154,1,0.6111940298507462,0.7042465238632094,0.42611777535441664,0.960822722820764,0.6042345276872965,0.39673724401249566,0.4608695652173913,0.3333333333333333
1N000013,여자,60대 이상,주부,고졸(대학 재학 포함),충청남도,1세대가족,기혼,맞벌이 하지 않음,500-600만원 미만,0.06152876942461151,0.03927492447129909,0.07335649854339968,0.023464458247066944,0.08172752998248214,0.07619598765432099,0.13194722111155538,3,0.15895522388059702,0.09131905298759863,0.32170119956379506,0.01958863858961804,0.34951140065146585,0.10065949323151688,0.18695652173913044,1.0
4D054024,여자,40대,주부,대학교 졸업(전문대졸/대학원생 포함),대구광역시,2세대가족,기혼,맞벌이 하지 않음,400-500만원 미만,0.17093658126837466,0.1199688139557548,0.10083886139482644,0.13126293995859212,0.12397251044333647,0.19077932098765435,0.1879248300679728,3,0.5477611940298508,0.40248027057497177,0.5351690294438386,0.7845249755142016,0.5537459283387622,0.5130163137799376,0.3695652173913043,1.0
1H002411,여자,40대,서비스 종사자,고졸(대학 재학 포함),경기도,2세대가족,기혼,맞벌이 함,500-600만원 미만,0.18164636707265855,0.15339635513107885,0.09311712470604754,0.1450655624568668,0.1462067106858914,0.14882330246913583,0.2536318805811009,2,0.585820895522388,0.5313791807591131,0.4751908396946566,0.8824681684622917,0.6612377850162867,0.3620270739326623,0.583913043478261,0.6666666666666666
4D054027,여자,40대,주부,대학교 졸업(전문대졸/대학원생 포함),대구광역시,2세대가족,기혼,맞벌이 하지 않음,500-600만원 미만,0.16883662326753465,0.14072702465646625,0.09230985223403883,0.14230503795721186,0.1280150923056192,0.14621913580246915,0.15860322537651608,3,0.5402985074626865,0.48252536640360766,0.4689203925845148,0.8628795298726737,0.5732899022801303,0.3526553280111072,0.27391304347826095,1.0
3H143002,여자,60대 이상,서비스 종사자,고졸(대학 재학 포함),경기도,1세대가족,기혼,맞벌이 함,400-500만원 미만,0.2133557328853423,0.1465744079524413,0.08995823242427434,0.15058661145617666,0.1351569869289853,0.16184413580246915,0.25589764094362255,2,0.698507462686567,0.5050732807215333,0.4506543075245365,0.9216454456415277,0.6078175895765473,0.40888580354043735,0.591304347826087,0.6666666666666666
1H000587,여자,30대,주부,대학교 졸업(전문대졸/대학원생 포함),경기도,2세대가족,기혼,맞벌이 하지 않음,200-300만원 미만,0.12767744645107099,0.12143065977974857,0.10620897827384088,0.13333333333333333,0.14068184880743836,0.17033179012345678,0.1052912168465947,3,0.3940298507462686,0.4081172491544532,0.5768811341330425,0.7992164544564153,0.6345276872964171,0.4394307532106907,0.1,1.0
4G102024,여자,50대,사무 종사자,대학교 졸업(전문대졸/대학원생 포함),울산광역시,2세대가족,기혼,맞벌이 함,600-700만원 미만,0.16862662746745066,0.1487184484942988,0.09252044505282371,0.14437543133195307,0.09473116830615819,0.1089891975308642,0.2492336398773824,0,0.5395522388059701,0.5133408493047725,0.4705561613958561,0.8775710088148874,0.41237785016286643,0.21867407150295035,0.5695652173913044,0.0
4H143024,여자,30대,주부,대학교 졸업(전문대졸/대학원생 포함),경기도,2세대가족,기혼,맞벌이 하지 않음,400-500만원 미만,0.2127257454850903,0.1699639411363415,0.09638131339721316,0.15058661145617666,0.12788033957687645,0.15962577160493827,0.25456484073037455,3,0.6962686567164178,0.5952649379932357,0.5005452562704471,0.9216454456415277,0.5726384364820848,0.40090246442207556,0.5869565217391305,1.0
4G102028,여자,60대 이상,서비스 종사자,고졸(대학 재학 포함),울산광역시,1세대가족,기혼,맞벌이 함,500-600만원 미만,0.17849643007139857,0.15797680537959263,0.08690463655189358,0.1450655624568668,0.08320980999865248,0.10706018518518519,0.2492336398773824,2,0.5746268656716417,0.5490417136414881,0.4269356597600872,0.8824681684622917,0.3566775244299675,0.2117320374869837,0.5695652173913044,0.6666666666666666
1N000027,남자,60대 이상,기능원 및 관련 기능 종사자,고졸(대학 재학 포함),충청남도,1세대가족,기혼,맞벌이 함,500-600만원 미만,0.06719865602687947,0.08381249390897574,0.08388613948264365,0.09937888198757763,0.07701118447648564,0.09645061728395062,0.12528322004531522,2,0.17910447761194026,0.2630590003757986,0.4034896401308615,0.5582761998041135,0.3267100977198697,0.17355085039916693,0.1652173913043479,0.6666666666666666
4H143048,여자,30대,사무 종사자,대학교 졸업(전문대졸/대학원생 포함),경기도,1인 가구,미혼(사별/이혼 포함),맞벌이 하지 않음,200-300만원 미만,0.19340613187736244,0.17064613585420527,0.08981783721175109,0.14782608695652172,0.11817814310739792,0.16280864197530867,0.25456484073037455,1,0.6276119402985074,0.5978955279969936,0.4495637949836423,0.9020568070519097,0.5257328990228014,0.4123568205484207,0.5869565217391305,0.3333333333333333
1D000292,남자,40대,기능원 및 관련 기능 종사자,대학교 졸업(전문대졸/대학원생 포함),대구광역시,2세대가족,기혼,맞벌이 함,500-600만원 미만,0.15581688366232677,0.10145210018516714,0.05626338141869363,0.11746031746031746,0.0803126263306832,0.10513117283950618,0.27362388377982144,0,0.49402985074626865,0.33107854190154073,0.1889312977099237,0.6865817825661116,0.342671009771987,0.20479000347101703,0.6491304347826088,0.0
1N000001,여자,50대,판매 종사자,대학교 졸업(전문대졸/대학원생 포함),충청남도,2세대가족,기혼,맞벌이 함,600-700만원 미만,0.09869802603947922,0.09287593801773707,0.07511143869994033,0.10531400966183574,0.11204689394960249,0.09837962962962964,0.15593762495002,0,0.29104477611940294,0.29800826756858323,0.33533260632497264,0.6003917727717922,0.49609120521172645,0.18049288441513364,0.26521739130434785,0.0
4D054030,여자,40대,사무 종사자,대학교 졸업(전문대졸/대학원생 포함),대구광역시,2세대가족,기혼,맞벌이 함,800-900만원 미만,0.20768584628307435,0.12581619725172985,0.08581657365483837,0.14230503795721186,0.13199029780353053,0.18248456790123457,0.17592962814874052,0,0.6783582089552238,0.42502818489289734,0.418484187568157,0.8628795298726737,0.5925081433224757,0.4831655675112808,0.33043478260869574,0.0
1D000287,여자,60대 이상,서비스 종사자,고졸(대학 재학 포함),대구광역시,1인 가구,미혼(사별/이혼 포함),맞벌이 하지 않음,200-300만원 미만,0.14636707265854684,0.1550531137316051,0.04503176441683339,0.13126293995859212,0.04696132596685083,0.10927854938271606,0.28695188591230175,1,0.4604477611940298,0.5377677564825253,0.10169029443838604,0.7845249755142016,0.18143322475570034,0.21971537660534537,0.692608695652174,0.3333333333333333
1N000057,여자,60대 이상,서비스 종사자,대학교 졸업(전문대졸/대학원생 포함),충청남도,2세대가족,기혼,맞벌이 함,600-700만원 미만,0.07139857202855943,0.08897768248708704,0.0927661366747394,0.09979296066252588,0.10126667565018192,0.08584104938271606,0.19232307077169136,0,0.1940298507462686,0.2829763246899662,0.47246455834242096,0.5612144955925562,0.4439739413680783,0.13536966331135022,0.38391304347826094,0.0
4D054033,여자,60대 이상,주부,고졸(대학 재학 포함),대구광역시,1세대가족,기혼,맞벌이 하지 않음,200-300만원 미만,0.10247795044099117,0.1092486112464672,0.10750763398968095,0.1285024154589372,0.11171001212774559,0.15625,0.14260962281753967,3,0.30447761194029843,0.36114242765877486,0.5869683751363141,0.7649363369245838,0.49446254071661244,0.388753904894134,0.2217391304347827,1.0
1N000063,여자,60대 이상,기능원 및 관련 기능 종사자,고졸(대학 재학 포함),충청남도,2세대가족,기혼,맞벌이 함,500-600만원 미만,0.06719865602687947,0.09677419354838711,0.07416377101540839,0.10807453416149068,0.10039078291335399,0.08391203703703703,0.16966546714647476,2,0.17910447761194026,0.3130402104472003,0.32797164667393675,0.6199804113614102,0.4397394136807818,0.12842762929538357,0.31000000000000005,0.6666666666666666
1N000074,여자,50대,서비스 종사자,대학교 졸업(전문대졸/대학원생 포함),충청남도,2세대가족,기혼,맞벌이 함,600-700만원 미만,0.1616967660646787,0.09258356885293832,0.076866378856481,0.10766045548654245,0.11723487400619863,0.06944444444444445,0.14927362388377982,0,0.5149253731343283,0.29688087185268697,0.34896401308615044,0.6170421155729677,0.5211726384364822,0.07636237417563349,0.24347826086956523,0.0
1Q000192,여자,60대 이상,주부,고졸(대학 재학 포함),세종특별자치시,1세대가족,기혼,맞벌이 하지 않음,300-400만원 미만,0.2095758084838303,0.20767956339538057,0.0673195044048998,0.13126293995859212,0.07802182994205632,0.1902006172839506,0.21857923497267762,3,0.6850746268656716,0.7406989853438556,0.2748091603053435,0.7845249755142016,0.3315960912052117,0.5109337035751474,0.4695652173913044,1.0
1H001703,여자,60대 이상,주부,중졸 이하,경기도,1세대가족,기혼,맞벌이 하지 않음,400-500만원 미만,0.08084838303233935,0.1029139460091609,0.14443157488329647,0.11635610766045548,0.11218164667834524,0.1099537037037037,0.10395841663334666,3,0.2276119402985074,0.33671552048102216,0.8737731733914939,0.6787463271302645,0.496742671009772,0.2221450885109337,0.09565217391304351,1.0
3D053040,여자,60대 이상,주부,중졸 이하,대구광역시,1인 가구,미혼(사별/이혼 포함),맞벌이 하지 않음,200-300만원 미만,0.2120957580848383,0.10242666406782965,0.1070864483521112,0.1285024154589372,0.1542918744104568,0.1335841049382716,0.10035985605757697,1,0.6940298507462686,0.334836527621195,0.5836968375136314,0.7649363369245838,0.7003257328990229,0.3071850052065255,0.08391304347826087,0.3333333333333333
1H001717,여자,40대,서비스 종사자,고졸(대학 재학 포함),경기도,2세대가족,기혼,맞벌이 함,800-900만원 미만,0.06089878202435951,0.11265958483578599,0.1540837457442701,0.13609385783298825,0.12990163050801778,0.09963348765432099,0.11728641876582702,2,0.15671641791044771,0.3742953776775648,0.9487459105779715,0.8188050930460331,0.5824104234527688,0.18500520652551197,0.13913043478260875,0.6666666666666666
4E089007,여자,60대 이상,주부,고졸(대학 재학 포함),대전광역시,2세대가족,기혼,맞벌이 하지 않음,500-600만원 미만,0.12074758504829904,0.12386706948640484,0.08708013056754765,0.136783988957902,0.10497237569060774,0.13589891975308643,0.2772224443555911,3,0.3694029850746268,0.41751221345358885,0.42829880043620505,0.8237022526934379,0.4618892508143323,0.3155154460256856,0.6608695652173914,1.0
4E089014,여자,50대,판매 종사자,대학교 졸업(전문대졸/대학원생 포함),대전광역시,2세대가족,기혼,맞벌이 함,500-600만원 미만,0.0999580008399832,0.16090049702758016,0.07423396862167,0.13954451345755692,0.06178412612855411,0.11410108024691358,0.30121284819405575,0,0.29552238805970144,0.560315670800451,0.32851690294438385,0.8432908912830557,0.25309446254071666,0.23707046164526205,0.7391304347826089,0.0
4E089028,여자,30대,사무 종사자,대학교 졸업(전문대졸/대학원생 포함),대전광역시,2세대가족,기혼,맞벌이 함,600-700만원 미만,0.13208735825283494,0.12191794172107982,0.09585483135025097,0.13954451345755692,0.11150788303463145,0.13339120370370372,0.2452352392376383,0,0.4097014925373133,0.4099962420142803,0.49645583424209383,0.8432908912830557,0.4934853420195441,0.30649080180492894,0.5565217391304348,0.0
4I218014,남자,50대,서비스 종사자,고졸(대학 재학 포함),경상북도,1인 가구,미혼(사별/이혼 포함),맞벌이 하지 않음,300-400만원 미만,0.06089878202435951,0.15018029431829258,0.0813590256572251,0.13954451345755692,0.06575933162646543,0.17843364197530864,0.21991203518592564,1,0.15671641791044771,0.5189778278842541,0.3838604143947656,0.8432908912830557,0.27231270358306187,0.46858729607775074,0.4739130434782609,0.3333333333333333
4E089042,여자,30대,사무 종사자,대학교 졸업(전문대졸/대학원생 포함),대전광역시,1세대가족,기혼,맞벌이 함,500-600만원 미만,0.11465770684586309,0.17941721079816783,0.0779544417535362,0.136783988957902,0.06057135156986929,0.1295331790123457,0.25989604158336665,0,0.3477611940298507,0.631717399473882,0.35741548527808065,0.8237022526934379,0.24723127035830622,0.2926067337729956,0.6043478260869565,0.0
4I250005,여자,20대,사무 종사자,대학교 졸업(전문대졸/대학원생 포함),경상북도,1인 가구,미혼(사별/이혼 포함),맞벌이 하지 않음,200-300만원 미만,0.07727845443091137,0.10437579183315467,0.06984661823031835,0.1285024154589372,0.04568117504379463,0.15190972222222224,0.1599360255897641,1,0.2149253731343283,0.3423524990605035,0.29443838604143946,0.7649363369245838,0.17524429967426708,0.3731343283582089,0.27826086956521745,0.3333333333333333
4I218018,여자,50대,서비스 종사자,대학교 졸업(전문대졸/대학원생 포함),경상북도,2세대가족,기혼,맞벌이 함,300-400만원 미만,0.07874842503149937,0.1797095799629666,0.07672598364395775,0.13126293995859212,0.043323002290796386,0.1257716049382716,0.26256164200986276,0,0.22014925373134325,0.6328447951897783,0.34787350054525623,0.7845249755142016,0.16384364820846908,0.2790697674418605,0.6130434782608697,0.0
4E089056,여자,60대 이상,서비스 종사자,고졸(대학 재학 포함),대전광역시,2세대가족,기혼,맞벌이 함,400-500만원 미만,0.14027719445611087,0.1360491180196862,0.07433926503106245,0.12781228433402345,0.07498989354534429,0.09837962962962964,0.2878848460615754,2,0.4388059701492536,0.46448703494926713,0.3293347873500545,0.7600391772771791,0.31693811074918565,0.18049288441513364,0.6956521739130436,0.6666666666666666
4E095036,여자,50대,사무 종사자,대학교 졸업(전문대졸/대학원생 포함),대전광역시,1세대가족,기혼,맞벌이 함,400-500만원 미만,0.10562788744225116,0.18234090244615536,0.07605910638447229,0.13126293995859212,0.06151462067106859,0.14834104938271606,0.23590563774490206,0,0.31567164179104473,0.6429913566328448,0.34269356597600864,0.7845249755142016,0.2517915309446254,0.3602915654286706,0.5260869565217392,0.0
4E095033,남자,60대 이상,무직,대학교 졸업(전문대졸/대학원생 포함),대전광역시,1세대가족,기혼,맞벌이 하지 않음,200-300만원 미만,0.13775724485510288,0.17259526361953026,0.07198764522129796,0.136783988957902,0.09345101738310199,0.16734182098765432,0.22257763561242172,3,0.42985074626865655,0.6054114994363021,0.3110687022900763,0.8237022526934379,0.40618892508143317,0.4286706004859423,0.482608695652174,1.0
4I250008,여자,20대,사무 종사자,대학교 졸업(전문대졸/대학원생 포함),경상북도,1인 가구,미혼(사별/이혼 포함),맞벌이 하지 않음,300-400만원 미만,0.12137757244855103,0.1297144527823799,0.07721736688778913,0.13954451345755692,0.07667430265462875,0.14564043209876543,0.13461282153805146,1,0.37164179104477607,0.4400601277715145,0.35169029443838606,0.8432908912830557,0.3250814332247557,0.35057271780631716,0.19565217391304354,0.3333333333333333
1N000093,여자,20대,서비스 종사자,대학교 졸업(전문대졸/대학원생 포함),충청남도,1인 가구,미혼(사별/이혼 포함),맞벌이 하지 않음,200-300만원 미만,0.18479630407391853,0.09414287106519832,0.09954020567898636,0.11677018633540372,0.1423662579167228,0.07908950617283951,0.08929761428761829,1,0.5970149253731343,0.30289364900413374,0.5250817884405671,0.681684622918707,0.642671009771987,0.11107254425546689,0.04782608695652177,0.3333333333333333
1H001742,여자,40대,서비스 종사자,고졸(대학 재학 포함),경기도,2세대가족,기혼,맞벌이 함,"1,000만원 이상",0.07034859302813944,0.11655784036643603,0.14165876943596226,0.13609385783298825,0.11487670125320038,0.09963348765432099,0.12661602025856325,2,0.1902985074626865,0.38932732055618186,0.8522355507088332,0.8188050930460331,0.509771986970684,0.18500520652551197,0.1695652173913044,0.6666666666666666
1H001743,여자,60대 이상,서비스 종사자,고졸(대학 재학 포함),경기도,2세대가족,기혼,맞벌이 함,800-900만원 미만,0.07139857202855943,0.10876132930513596,0.14292232634867152,0.1305728088336784,0.11777388492116966,0.09741512345679013,0.12435025989604159,2,0.1940298507462686,0.3592634347989478,0.8620501635768812,0.7796278158667971,0.5237785016286646,0.17702186740715029,0.1621739130434783,0.6666666666666666
4I250014,여자,20대,판매 종사자,대학교 졸업(전문대졸/대학원생 포함),경상북도,1인 가구,미혼(사별/이혼 포함),맞벌이 하지 않음,400-500만원 미만,0.13586728265434692,0.11022317512912971,0.0797795795163385,0.14230503795721186,0.1022099447513812,0.12201003086419754,0.1412768226042916,1,0.4231343283582089,0.3649004133784291,0.37159214830970555,0.8628795298726737,0.44853420195439736,0.2655328011107254,0.21739130434782608,0.3333333333333333
3B044042,여자,50대,서비스 종사자,고졸(대학 재학 포함),부산광역시,2세대가족,기혼,맞벌이 함,500-600만원 미만,0.09764804703905922,0.1550531137316051,0.1102804394370152,0.136783988957902,0.09621344832232853,0.11410108024691358,0.1919232307077169,2,0.28731343283582084,0.5377677564825253,0.6085059978189749,0.8237022526934379,0.41954397394136816,0.23707046164526205,0.3826086956521739,0.6666666666666666
4I250023,남자,30대,판매 종사자,대학교 졸업(전문대졸/대학원생 포함),경상북도,1인 가구,미혼(사별/이혼 포함),맞벌이 하지 않음,200-300만원 미만,0.12116757664846704,0.11217230289445473,0.09266084026534696,0.13954451345755692,0.07660692629025738,0.15721450617283952,0.07863521258163401,1,0.3708955223880597,0.37241638481773764,0.4716466739367503,0.8432908912830557,0.3247557003257329,0.39222492190211733,0.013043478260869573,0.3333333333333333
3A017002,여자,60대 이상,주부,고졸(대학 재학 포함),서울특별시,1세대가족,기혼,맞벌이 하지 않음,300-400만원 미만,0.06509869802603949,0.09726147548971836,0.11259696044364888,0.11704623878536921,0.1361002560301846,0.12133487654320987,0.13328002132480343,3,0.17164179104477612,0.31491920330702744,0.6264994547437296,0.6836434867776688,0.6123778501628665,0.26310308920513703,0.19130434782608705,1.0
4I250017,여자,60대 이상,주부,중졸 이하,경상북도,1인 가구,미혼(사별/이혼 포함),맞벌이 하지 않음,100만원 미만,0.05837883242335153,0.030211480362537766,0.08258748376680355,0.026224982746721876,0.0517450478372187,0.11284722222222222,0.09329601492736239,1,0.14776119402985072,0.05636978579481397,0.3934023991275899,0.03917727717923605,0.2045602605863192,0.23255813953488372,0.060869565217391314,0.3333333333333333
1H001744,여자,30대,사무 종사자,대학교 졸업(전문대졸/대학원생 포함),경기도,1세대가족,기혼,맞벌이 함,700-800만원 미만,0.0741285174296514,0.1297144527823799,0.14755536836193886,0.1450655624568668,0.11912141220859723,0.10368441358024692,0.11728641876582702,0,0.203731343283582,0.4400601277715145,0.8980370774263903,0.8824681684622917,0.5302931596091206,0.19958347795904205,0.13913043478260875,0.0
1L000618,남자,60대 이상,농림어업 숙련 종사자,고졸(대학 재학 포함),전라남도,1세대가족,기혼,맞벌이 함,300-400만원 미만,0.09491810163796725,0.1469642335055063,0.046786704573374055,0.11980676328502415,0.04729820778870772,0.14303626543209877,0.22391043582566975,2,0.27761194029850744,0.506576475009395,0.11532170119956384,0.7032321253672869,0.18306188925081435,0.34120097188476217,0.4869565217391305,0.6666666666666666
4I250026,여자,20대,기능원 및 관련 기능 종사자,대학교 졸업(전문대졸/대학원생 포함),경상북도,1인 가구,미혼(사별/이혼 포함),맞벌이 하지 않음,200-300만원 미만,0.13481730365392694,0.18039177468083034,0.04141658769435962,0.13954451345755692,0.058078426088128285,0.15171682098765435,0.17726242836198855,1,0.41940298507462687,0.6354753851935362,0.07360959651035989,0.8432908912830557,0.23517915309446258,0.3724401249566124,0.33478260869565224,0.3333333333333333
4J228005,여자,50대,판매 종사자,고졸(대학 재학 포함),경상남도,2세대가족,기혼,맞벌이 함,600-700만원 미만,0.13040739185216296,0.1306890166650424,0.0972587834754835,0.13402346445824706,0.12033418676728203,0.10320216049382716,0.20791683326669333,2,0.403731343283582,0.44381811349116873,0.507360959651036,0.8041136141038197,0.536156351791531,0.19784796945505032,0.4347826086956522,0.6666666666666666
1N000099,여자,50대,서비스 종사자,고졸(대학 재학 포함),충청남도,2세대가족,기혼,맞벌이 함,600-700만원 미만,0.16589668206635869,0.09901569047851087,0.10670036151767225,0.11677018633540372,0.10780218299420563,0.08198302469135803,0.09596161535385846,2,0.5298507462686567,0.3216835776024051,0.5806979280261723,0.681684622918707,0.4755700325732899,0.12148559527941691,0.06956521739130436,0.6666666666666666
1N000101,여자,50대,농림어업 숙련 종사자,고졸(대학 재학 포함),충청남도,1인 가구,미혼(사별/이혼 포함),맞벌이 하지 않음,200-300만원 미만,0.05249895002099958,0.0799142383783257,0.08564107963918431,0.0966183574879227,0.10039078291335399,0.0771604938271605,0.13461282153805146,1,0.12686567164179102,0.2480270574971815,0.4171210468920393,0.5386875612144955,0.4397394136807818,0.10413051023950023,0.19565217391304354,0.3333333333333333
1N000103,남자,30대,사무 종사자,대학교 졸업(전문대졸/대학원생 포함),충청남도,1인 가구,미혼(사별/이혼 포함),맞벌이 하지 않음,200-300만원 미만,0.1616967660646787,0.0799142383783257,0.06352883366677196,0.0966183574879227,0.11541571216817141,0.07523148148148148,0.20924963347994138,1,0.5149253731343283,0.2480270574971815,0.24536532170119954,0.5386875612144955,0.5123778501628665,0.09718847622353352,0.4391304347826087,0.3333333333333333
4J228010,여자,30대,사무 종사자,고졸(대학 재학 포함),경상남도,1세대가족,기혼,맞벌이 함,500-600만원 미만,0.12011759764804705,0.1572946106617289,0.04703239619528974,0.1450655624568668,0.06548982616897993,0.09837962962962964,0.26162868186058913,2,0.3671641791044776,0.5464111236377301,0.11723009814612864,0.8824681684622917,0.27100977198697074,0.18049288441513364,0.6100000000000001,0.6666666666666666
1H001748,여자,40대,서비스 종사자,고졸(대학 재학 포함),경기도,2세대가족,기혼,맞벌이 함,"1,000만원 이상",0.07139857202855943,0.12464672059253486,0.14548453897722088,0.13609385783298825,0.11386605578762969,0.11525848765432099,0.12661602025856325,2,0.1940298507462686,0.4205186020293123,0.8819520174482006,0.8188050930460331,0.504885993485342,0.24123568205484205,0.1695652173913044,0.6666666666666666
1N000114,남자,30대,사무 종사자,대학교 졸업(전문대졸/대학원생 포함),충청남도,1인 가구,미혼(사별/이혼 포함),맞벌이 하지 않음,200-300만원 미만,0.05249895002099958,0.08186336614365072,0.07521673510933277,0.10213940648723258,0.10443336477563671,0.0771604938271605,0.15593762495002,1,0.12686567164179102,0.25554302893649006,0.3361504907306434,0.5778648383937317,0.45928338762214993,0.10413051023950023,0.26521739130434785,0.3333333333333333
3N174006,여자,40대,판매 종사자,대학교 졸업(전문대졸/대학원생 포함),충청남도,1세대가족,기혼,맞벌이 함,500-600만원 미만,0.18479630407391853,0.07016859955170061,0.0659857498859289,0.09109730848861283,0.11811076674302655,0.07137345679012345,0.17992802878848463,0,0.5970149253731343,0.21044720030063885,0.26444929116684845,0.4995102840352595,0.5254071661237786,0.08330440819160015,0.34347826086956523,0.0
4J228015,여자,60대 이상,서비스 종사자,고졸(대학 재학 포함),경상남도,1인 가구,미혼(사별/이혼 포함),맞벌이 하지 않음,200-300만원 미만,0.13040739185216296,0.11314686677711724,0.07749815731283564,0.136783988957902,0.105376633876836,0.08680555555555555,0.2105824336931894,1,0.403731343283582,0.37617437053739194,0.3538713195201746,0.8237022526934379,0.46384364820846913,0.13884068031933353,0.4434782608695652,0.3333333333333333
3N174008,남자,60대 이상,농림어업 숙련 종사자,고졸(대학 재학 포함),충청남도,2세대가족,기혼,맞벌이 함,500-600만원 미만,0.14132717345653087,0.09287593801773707,0.08644835211119302,0.11083505866114561,0.14371378520415037,0.08487654320987655,0.11995201919232308,2,0.4425373134328357,0.29800826756858323,0.423391494002181,0.6395690499510283,0.649185667752443,0.13189864630336687,0.1478260869565218,0.6666666666666666
3G107056,남자,60대 이상,취업 준비 중,고졸(대학 재학 포함),울산광역시,1세대가족,기혼,맞벌이 하지 않음,200-300만원 미만,0.1005879882402352,0.11753240424909853,0.07490084588115546,0.12781228433402345,0.08806090823339172,0.09066358024691358,0.2145808343329335,3,0.2977611940298507,0.3930853062758361,0.33369683751363144,0.7600391772771791,0.3801302931596091,0.1527247483512669,0.4565217391304348,1.0
3B044048,여자,60대 이상,판매 종사자,고졸(대학 재학 포함),부산광역시,3세대가족,기혼,맞벌이 함,600-700만원 미만,0.1354472910541789,0.17454439138485528,0.1089817837211751,0.13954451345755692,0.09331626465435924,0.1160300925925926,0.20391843262694923,2,0.421641791044776,0.6129274708756106,0.5984187568157033,0.8432908912830557,0.40553745928338764,0.24401249566122876,0.4217391304347826,0.6666666666666666
4B044020,남자,60대 이상,무직,고졸(대학 재학 포함),부산광역시,1세대가족,기혼,맞벌이 하지 않음,300-400만원 미만,0.12305753884922302,0.14628203878764254,0.11505387666280581,0.136783988957902,0.09574181377172887,0.11863425925925926,0.19992003198720512,3,0.3776119402985074,0.503945885005637,0.6455834242093784,0.8237022526934379,0.41726384364820845,0.2533842415827837,0.408695652173913,1.0
3B044054,여자,50대,서비스 종사자,고졸(대학 재학 포함),부산광역시,2세대가족,기혼,맞벌이 함,600-700만원 미만,0.15812683746325074,0.14628203878764254,0.10564739742374786,0.13954451345755692,0.12134483223285271,0.11381172839506173,0.22391043582566975,2,0.5022388059701492,0.503945885005637,0.5725190839694657,0.8432908912830557,0.541042345276873,0.23602915654286707,0.4869565217391305,0.6666666666666666
4I250034,남자,60대 이상,판매 종사자,대학교 졸업(전문대졸/대학원생 포함),경상북도,1인 가구,미혼(사별/이혼 포함),맞벌이 하지 않음,200-300만원 미만,0.10415791684166317,0.17191306890166652,0.061773893510231305,0.13126293995859212,0.05700040425818622,0.1509452160493827,0.12928162068505933,1,0.31044776119402984,0.6027809094325441,0.23173391494002185,0.7845249755142016,0.22996742671009768,0.36966331135022557,0.17826086956521744,0.3333333333333333
3J236005,여자,50대,서비스 종사자,고졸(대학 재학 포함),경상남도,2세대가족,기혼,맞벌이 함,500-600만원 미만,0.05879882402351953,0.15700224149693012,0.1102453406338844,0.136783988957902,0.06299690068723891,0.11988811728395062,0.22124483539917367,2,0.14925373134328357,0.5452837279218339,0.6082333696837514,0.8237022526934379,0.25895765472312704,0.25789656369316205,0.4782608695652174,0.6666666666666666
3J236015,여자,60대 이상,기능원 및 관련 기능 종사자,고졸(대학 재학 포함),경상남도,1세대가족,기혼,맞벌이 함,400-500만원 미만,0.08525829483410333,0.1550531137316051,0.1028394931732828,0.136783988957902,0.08967794097830481,0.11988811728395062,0.21191523390643743,2,0.2432835820895522,0.5377677564825253,0.5507088331515813,0.8237022526934379,0.3879478827361564,0.25789656369316205,0.4478260869565217,0.6666666666666666
4I250037,여자,50대,기능원 및 관련 기능 종사자,고졸(대학 재학 포함),경상북도,1인 가구,미혼(사별/이혼 포함),맞벌이 하지 않음,100-200만원 미만,0.09890802183956321,0.09852840853717962,0.08388613948264365,0.1285024154589372,0.06070610429861204,0.1169945987654321,0.07463681194188991,1,0.29179104477611933,0.31980458474257795,0.4034896401308615,0.7649363369245838,0.24788273615635176,0.24748351266921206,0.0,0.3333333333333333
4G102032,여자,40대,서비스 종사자,대학교 졸업(전문대졸/대학원생 포함),울산광역시,2세대가족,기혼,맞벌이 함,600-700만원 미만,0.1742965140697186,0.14628203878764254,0.09532834930328878,0.15058661145617666,0.08758927368279207,0.11940586419753087,0.26562708250033323,0,0.5597014925373134,0.503945885005637,0.49236641221374056,0.9216454456415277,0.3778501628664495,0.25616105518917043,0.6230434782608697,0.0
3J236020,여자,50대,서비스 종사자,고졸(대학 재학 포함),경상남도,2세대가족,기혼,맞벌이 함,500-600만원 미만,0.0999580008399832,0.15700224149693012,0.10536660699870135,0.14230503795721186,0.08287292817679558,0.11863425925925926,0.20391843262694923,2,0.29552238805970144,0.5452837279218339,0.5703380588876772,0.8628795298726737,0.3550488599348534,0.2533842415827837,0.4217391304347826,0.6666666666666666
4J236002,여자,60대 이상,서비스 종사자,고졸(대학 재학 포함),경상남도,2세대가족,기혼,맞벌이 함,600-700만원 미만,0.06929861402771945,0.15895136926225514,0.11726510126004705,0.13954451345755692,0.08408570273548038,0.11188271604938273,0.19992003198720512,2,0.18656716417910446,0.5527996993611424,0.6627589967284625,0.8432908912830557,0.36091205211726385,0.22908712252690042,0.408695652173913,0.6666666666666666
4Q110003,남자,30대,사무 종사자,대학교 졸업(전문대졸/대학원생 포함),세종특별자치시,1세대가족,기혼,맞벌이 함,400-500만원 미만,0.2568248635027299,0.24081473540590587,0.045101962023095014,0.14782608695652172,0.08711763913219243,0.18364197530864199,0.17326402772224445,0,0.8529850746268656,0.8684704998121007,0.10223555070883314,0.9020568070519097,0.37557003257328997,0.4873307879208608,0.32173913043478264,0.0
4Q110006,여자,50대,사무 종사자,대학교 졸업(전문대졸/대학원생 포함),세종특별자치시,1인 가구,미혼(사별/이혼 포함),맞벌이 하지 않음,200-300만원 미만,0.26585468290634184,0.16674788032355523,0.08767681022077148,0.14230503795721186,0.1169653685487131,0.20360725308641975,0.23590563774490206,1,0.8850746268656714,0.5828635851183765,0.43293347873500543,0.8628795298726737,0.5198697068403909,0.5591808399861159,0.5260869565217392,0.3333333333333333
1H001753,여자,50대,주부,고졸(대학 재학 포함),경기도,1세대가족,기혼,맞벌이 하지 않음,600-700만원 미만,0.05144897102057959,0.12337978754507359,0.14611631743357553,0.1305728088336784,0.1226249831559089,0.11381172839506173,0.12661602025856325,3,0.12313432835820894,0.41563322059376173,0.8868593238822248,0.7796278158667971,0.5472312703583062,0.23602915654286707,0.1695652173913044,1.0
1H001757,여자,30대,주부,고졸(대학 재학 포함),경기도,2세대가족,기혼,맞벌이 하지 않음,400-500만원 미만,0.07937841243175137,0.12630347919306112,0.14941560492787195,0.14437543133195307,0.12505053227327853,0.1099537037037037,0.12928162068505933,3,0.2223880597014925,0.4269071777527245,0.9124863685932386,0.8775710088148874,0.5589576547231271,0.2221450885109337,0.17826086956521744,1.0
1F000304,여자,30대,사무 종사자,대학교 졸업(전문대졸/대학원생 포함),광주광역시,2세대가족,기혼,맞벌이 함,500-600만원 미만,0.07454850902981941,0.11314686677711724,0.12568881401144222,0.13402346445824706,0.11474194852445763,0.09741512345679013,0.11995201919232308,0,0.2052238805970149,0.37617437053739194,0.7281897491821157,0.8041136141038197,0.5091205211726385,0.17702186740715029,0.1478260869565218,0.0
1F000319,여자,60대 이상,서비스 종사자,고졸(대학 재학 포함),광주광역시,1세대가족,기혼,맞벌이 함,400-500만원 미만,0.055648887022259556,0.11314686677711724,0.12814573023059914,0.13402346445824706,0.0862417463953645,0.10030864197530864,0.11728641876582702,2,0.13805970149253732,0.37617437053739194,0.7472737186477644,0.8041136141038197,0.3713355048859935,0.1874349184311003,0.13913043478260875,0.6666666666666666
4I250047,여자,20대,사무 종사자,대학교 졸업(전문대졸/대학원생 포함),경상북도,1인 가구,미혼(사별/이혼 포함),맞벌이 하지 않음,200-300만원 미만,0.11066778664426713,0.11022317512912971,0.07405847460601593,0.136783988957902,0.10510712841935049,0.16396604938271606,0.1439424230307877,1,0.3335820895522388,0.3649004133784291,0.327153762268266,0.8237022526934379,0.46254071661237794,0.4165220409580007,0.22608695652173919,0.3333333333333333
3J236040,여자,50대,사무 종사자,대학교 졸업(전문대졸/대학원생 포함),경상남도,2세대가족,기혼,맞벌이 함,500-600만원 미만,0.09155816883662327,0.14628203878764254,0.1158260503316837,0.13954451345755692,0.09742622288101334,0.1303047839506173,0.18525922964147676,0,0.2656716417910447,0.503945885005637,0.6515812431842966,0.8432908912830557,0.42540716612377855,0.2953835473793821,0.36086956521739133,0.0
3G101045,여자,60대 이상,판매 종사자,고졸(대학 재학 포함),울산광역시,1인 가구,미혼(사별/이혼 포함),맞벌이 하지 않음,200-300만원 미만,0.23225535489290214,0.22814540493129326,0.08314906461689657,0.1450655624568668,0.09270987737501683,0.10609567901234568,0.22830867652938827,1,0.7656716417910446,0.8196166854565953,0.39776444929116683,0.8824681684622917,0.4026058631921824,0.20826102047900033,0.501304347826087,0.3333333333333333
4I250044,남자,30대,사무 종사자,대학교 졸업(전문대졸/대학원생 포함),경상북도,1인 가구,미혼(사별/이혼 포함),맞벌이 하지 않음,200-300만원 미만,0.15203695926081479,0.11217230289445473,0.09652170860973641,0.13954451345755692,0.09594394286484301,0.17746913580246915,0.11995201919232308,1,0.48059701492537305,0.37241638481773764,0.5016357688113413,0.8432908912830557,0.41824104234527687,0.4651162790697674,0.1478260869565218,0.3333333333333333
3G101055,남자,40대,서비스 종사자,대학교 졸업(전문대졸/대학원생 포함),울산광역시,1인 가구,미혼(사별/이혼 포함),맞벌이 하지 않음,400-500만원 미만,0.2133557328853423,0.23496735210993083,0.08016566635077745,0.14230503795721186,0.0922382428244172,0.12249228395061729,0.21591363454618154,1,0.698507462686567,0.8459225854941751,0.37459105779716473,0.8628795298726737,0.40032573289902285,0.26726830961471715,0.4608695652173913,0.3333333333333333
3F083031,여자,40대,판매 종사자,대학교 졸업(전문대졸/대학원생 포함),광주광역시,2세대가족,기혼,맞벌이 함,500-600만원 미만,0.07307853842923141,0.1072994834811422,0.12779474219929102,0.12574189095928226,0.08745452095404932,0.10127314814814815,0.12261761961881915,0,0.19999999999999996,0.35362645621946637,0.744547437295529,0.7453476983349656,0.3771986970684039,0.19090593543908366,0.1565217391304348,0.0
3G103020,남자,30대,서비스 종사자,대학교 졸업(전문대졸/대학원생 포함),울산광역시,2세대가족,기혼,맞벌이 함,700-800만원 미만,0.24884502309953802,0.21352694669135563,0.07970938191007687,0.14230503795721186,0.11272065759331627,0.11410108024691358,0.22924163667866188,0,0.8246268656716417,0.7632468996617813,0.37104689203925845,0.8628795298726737,0.49934853420195446,0.23707046164526205,0.5043478260869565,0.0
3I213003,남자,60대 이상,기능원 및 관련 기능 종사자,중졸 이하,경상북도,1세대가족,기혼,맞벌이 하지 않음,200-300만원 미만,0.12830743385132298,0.10047753630250464,0.08971254080235865,0.12574189095928226,0.08934105915644791,0.15653935185185186,0.09862721578035454,3,0.39626865671641787,0.3273205561818865,0.44874591057797164,0.7453476983349656,0.3863192182410424,0.38979520999652895,0.07826086956521741,1.0
3L204002,여자,40대,서비스 종사자,고졸(대학 재학 포함),전라남도,1인 가구,미혼(사별/이혼 포함),맞벌이 하지 않음,200-300만원 미만,0.17240655186896262,0.1245492642042686,0.05801832157523429,0.125327812284334,0.08853254278399138,0.12827932098765432,0.2425696388111422,1,0.5529850746268656,0.42014280345734684,0.20256270447110145,0.7424094025465229,0.38241042345276877,0.2880944116626172,0.5478260869565217,0.3333333333333333
3L204004,여자,60대 이상,서비스 종사자,고졸(대학 재학 포함),전라남도,1인 가구,미혼(사별/이혼 포함),맞벌이 하지 않음,200-300만원 미만,0.15266694666106678,0.14043465549166748,0.07170685479625145,0.12574189095928226,0.08267079908368144,0.14342206790123457,0.19592163134746102,1,0.4828358208955223,0.4813979706877113,0.3088876772082879,0.7453476983349656,0.35407166123778505,0.3425893786879556,0.3956521739130434,0.3333333333333333
3I213006,여자,60대 이상,판매 종사자,중졸 이하,경상북도,1인 가구,미혼(사별/이혼 포함),맞벌이 하지 않음,200-300만원 미만,0.1121377572448551,0.09852840853717962,0.09125688814011443,0.12574189095928226,0.105376633876836,0.16811342592592596,0.07596961215513795,1,0.3388059701492537,0.31980458474257795,0.460741548527808,0.7453476983349656,0.46384364820846913,0.4314474140923291,0.004347826086956524,0.3333333333333333
3L204003,여자,60대 이상,농림어업 숙련 종사자,고졸(대학 재학 포함),전라남도,1세대가족,기혼,맞벌이 함,400-500만원 미만,0.1125577488450231,0.12065100867361857,0.07988487592573093,0.12256728778467908,0.07674167901900014,0.12442129629629631,0.2452352392376383,2,0.34029850746268653,0.4051108605787298,0.3724100327153762,0.7228207639569049,0.32540716612377857,0.27421034363068386,0.5565217391304348,0.6666666666666666
1L000628,여자,60대 이상,농림어업 숙련 종사자,고졸(대학 재학 포함),전라남도,1세대가족,기혼,맞벌이 함,300-400만원 미만,0.14468710625787487,0.11801968619042978,0.06398511810747254,0.1285024154589372,0.08368144454925212,0.11795910493827161,0.2065840330534453,2,0.4544776119402985,0.3949642991356632,0.24890948745910577,0.7649363369245838,0.3589576547231271,0.25095452967719545,0.4304347826086957,0.6666666666666666
4I217012,남자,20대,사무 종사자,대학교 졸업(전문대졸/대학원생 포함),경상북도,1인 가구,미혼(사별/이혼 포함),맞벌이 하지 않음,200-300만원 미만,0.15203695926081479,0.15018029431829258,0.06802148046751606,0.13954451345755692,0.060908233391726185,0.15827546296296297,0.2692256430761029,1,0.48059701492537305,0.5189778278842541,0.28026172300981467,0.8432908912830557,0.24885993485342023,0.3960430406108989,0.6347826086956523,0.3333333333333333
4I217016,여자,30대,서비스 종사자,고졸(대학 재학 포함),경상북도,1인 가구,미혼(사별/이혼 포함),맞벌이 하지 않음,200-300만원 미만,0.14594708105837884,0.11022317512912971,0.06738970201116141,0.13954451345755692,0.09668508287292818,0.1383101851851852,0.23457283753165403,1,0.4589552238805969,0.3649004133784291,0.2753544165757905,0.8432908912830557,0.42182410423452776,0.32419298854564393,0.5217391304347827,0.3333333333333333
4I217024,여자,40대,기능원 및 관련 기능 종사자,고졸(대학 재학 포함),경상북도,1세대가족,기혼,맞벌이 함,300-400만원 미만,0.124737505249895,0.1082740473638047,0.08041135797269314,0.13954451345755692,0.10672416116426357,0.12162422839506173,0.2105824336931894,2,0.38358208955223877,0.3573844419391206,0.3764994547437296,0.8432908912830557,0.47035830618892516,0.2641443943075321,0.4434782608695652,0.6666666666666666
4J228020,여자,60대 이상,주부,고졸(대학 재학 포함),경상남도,1세대가족,기혼,맞벌이 하지 않음,200-300만원 미만,0.11150776984460312,0.1241594386512036,0.0673195044048998,0.13126293995859212,0.07775232448457081,0.09452160493827161,0.25856324137011866,3,0.3365671641791044,0.41863960916948517,0.2748091603053435,0.7845249755142016,0.33029315960912053,0.16660881638320027,0.6000000000000001,1.0
4Q110009,여자,50대,서비스 종사자,대학교 졸업(전문대졸/대학원생 포함),세종특별자치시,1세대가족,기혼,맞벌이 함,400-500만원 미만,0.26879462410751787,0.20085761621674303,0.07128566915868169,0.136783988957902,0.10578089206306428,0.18942901234567902,0.22657603625216582,0,0.8955223880597014,0.7143930853062759,0.3056161395856052,0.8237022526934379,0.46579804560260596,0.5081568899687608,0.4956521739130435,0.0
3J236050,여자,50대,서비스 종사자,고졸(대학 재학 포함),경상남도,2세대가족,기혼,맞벌이 함,600-700만원 미만,0.06362872742545149,0.15895136926225514,0.12010810431364291,0.13954451345755692,0.10618515024929254,0.11988811728395062,0.16660002665600426,2,0.16641791044776116,0.5527996993611424,0.6848418756815703,0.8432908912830557,0.4677524429967427,0.25789656369316205,0.29999999999999993,0.6666666666666666
4Q110012,여자,50대,전문가 및 관련 종사자,대학교 졸업(전문대졸/대학원생 포함),세종특별자치시,1세대가족,기혼,맞벌이 함,500-600만원 미만,0.21398572028559432,0.1862391579768054,0.07504124109367871,0.14782608695652172,0.08684813367470691,0.1693672839506173,0.2025856324137012,0,0.7007462686567164,0.6580232995114619,0.33478735005452565,0.9020568070519097,0.37426710097719873,0.43595973620270734,0.4173913043478261,0.0
4I217004,남자,50대,기능원 및 관련 기능 종사자,고졸(대학 재학 포함),경상북도,2세대가족,미혼(사별/이혼 포함),맞벌이 하지 않음,300-400만원 미만,0.15203695926081479,0.11314686677711724,0.07995507353199256,0.136783988957902,0.08516372456542246,0.14535108024691357,0.2772224443555911,1,0.48059701492537305,0.37617437053739194,0.3729552889858233,0.8237022526934379,0.36612377850162875,0.3495314127039222,0.6608695652173914,0.3333333333333333
3J236055,여자,60대 이상,판매 종사자,고졸(대학 재학 포함),경상남도,1세대가족,기혼,맞벌이 함,400-500만원 미만,0.11318773624527509,0.15992593314491765,0.0962058193815591,0.13402346445824706,0.08785877914027759,0.11217206790123457,0.20525123284019728,2,0.3425373134328357,0.5565576850807966,0.49918211559432935,0.8041136141038197,0.37915309446254075,0.2301284276292954,0.4260869565217392,0.6666666666666666
4I218026,여자,40대,사무 종사자,대학교 졸업(전문대졸/대학원생 포함),경상북도,2세대가족,기혼,맞벌이 함,600-700만원 미만,0.0867282654346913,0.17844264691550532,0.068407567301955,0.13954451345755692,0.047769842339307374,0.10252700617283951,0.2452352392376383,0,0.2485074626865671,0.6279594137542277,0.28326063249727373,0.8432908912830557,0.185342019543974,0.195418257549462,0.5565217391304348,0.0
1H001770,여자,40대,주부,대학교 졸업(전문대졸/대학원생 포함),경기도,2세대가족,기혼,맞벌이 하지 않음,600-700만원 미만,0.055648887022259556,0.13361270831302993,0.15018777859674984,0.1450655624568668,0.1135291739657728,0.11429398148148148,0.12661602025856325,3,0.13805970149253732,0.4550920706501316,0.918484187568157,0.8824681684622917,0.503257328990228,0.2377646650468587,0.1695652173913044,1.0
1H001786,여자,60대 이상,서비스 종사자,고졸(대학 재학 포함),경기도,1세대가족,기혼,맞벌이 함,700-800만원 미만,0.056698866022679546,0.10876132930513596,0.15176722473763643,0.12781228433402345,0.1091497102816332,0.10609567901234568,0.10662401705984273,2,0.14179104477611937,0.3592634347989478,0.9307524536532169,0.7600391772771791,0.4820846905537459,0.20826102047900033,0.1043478260869565,0.6666666666666666
1H001797,여자,60대 이상,서비스 종사자,대학교 졸업(전문대졸/대학원생 포함),경기도,1세대가족,기혼,맞벌이 함,"900-1,000만원 미만",0.043049139017219656,0.12464672059253486,0.14881892527464813,0.13609385783298825,0.12552216682387818,0.10127314814814815,0.13594562175129948,2,0.09328358208955222,0.4205186020293123,0.9078516902944384,0.8188050930460331,0.5612377850162866,0.19090593543908366,0.20000000000000004,0.6666666666666666
1H001804,여자,40대,서비스 종사자,고졸(대학 재학 포함),경기도,2세대가족,기혼,맞벌이 함,"1,000만원 이상",0.08504829903401932,0.12727804307572363,0.14997718577796498,0.13609385783298825,0.12794771594124782,0.11410108024691358,0.12661602025856325,2,0.2425373134328358,0.4306651634723788,0.9168484187568157,0.8188050930460331,0.5729641693811076,0.23707046164526205,0.1695652173913044,0.6666666666666666
4I217028,여자,50대,단순노무 종사자,중졸 이하,경상북도,1세대가족,기혼,맞벌이 함,300-400만원 미만,0.14174716505669888,0.14140921937433,0.0384331894282405,0.136783988957902,0.04682657323810807,0.12229938271604938,0.28655204584832733,2,0.4440298507462686,0.48515595640736564,0.05043620501635768,0.8237022526934379,0.18078175895765475,0.2665741062131204,0.691304347826087,0.6666666666666666
4I217008,여자,50대,단순노무 종사자,고졸(대학 재학 포함),경상북도,2세대가족,미혼(사별/이혼 포함),맞벌이 하지 않음,200-300만원 미만,0.1516169676606468,0.1082740473638047,0.05994875574742902,0.13954451345755692,0.08502897183667969,0.1304976851851852,0.26789284286285486,1,0.47910447761194025,0.3573844419391206,0.217557251908397,0.8432908912830557,0.3654723127035831,0.29607775078097887,0.6304347826086957,0.3333333333333333
1L000630,여자,50대,서비스 종사자,고졸(대학 재학 포함),전라남도,1인 가구,미혼(사별/이혼 포함),맞벌이 하지 않음,100-200만원 미만,0.09638807223855522,0.13721859467888123,0.08497420237969885,0.11152518978605935,0.07943673359385528,0.14457947530864199,0.2105824336931894,1,0.2828358208955223,0.4689966178128524,0.41194111232279174,0.6444662095984328,0.3384364820846906,0.3467545990975356,0.4434782608695652,0.3333333333333333
4A012009,여자,40대,판매 종사자,대학교 졸업(전문대졸/대학원생 포함),서울특별시,2세대가족,기혼,맞벌이 함,400-500만원 미만,0.1986560268794624,0.17454439138485528,0.0967323014285213,0.15610766045548655,0.11602209944751381,0.2025462962962963,0.23990403838464616,0,0.6462686567164179,0.6129274708756106,0.5032715376226826,0.960822722820764,0.5153094462540717,0.5553627212773342,0.5391304347826088,0.0
4J228035,여자,50대,서비스 종사자,고졸(대학 재학 포함),경상남도,1인 가구,미혼(사별/이혼 포함),맞벌이 하지 않음,200-300만원 미만,0.12137757244855103,0.12805769418185364,0.0877821066301639,0.13402346445824706,0.08610699366662175,0.09741512345679013,0.25056644009063045,1,0.37164179104477607,0.43367155204810226,0.4337513631406761,0.8041136141038197,0.37068403908794795,0.17702186740715029,0.573913043478261,0.3333333333333333
1L000616,여자,60대 이상,농림어업 숙련 종사자,고졸(대학 재학 포함),전라남도,1인 가구,미혼(사별/이혼 포함),맞벌이 하지 않음,100-200만원 미만,0.12242755144897102,0.14530747490498003,0.07837562739110597,0.12574189095928226,0.08415307909985177,0.14660493827160495,0.20391843262694923,1,0.3753731343283581,0.5001878992859827,0.3606870229007634,0.7453476983349656,0.36123778501628667,0.3540437348143006,0.4217391304347826,0.3333333333333333
1H000832,여자,60대 이상,서비스 종사자,고졸(대학 재학 포함),경기도,1세대가족,기혼,맞벌이 함,500-600만원 미만,0.12284754304913902,0.15018029431829258,0.09806605594749218,0.136783988957902,0.08246866999056732,0.15065586419753085,0.26389444222311076,2,0.37686567164179097,0.5189778278842541,0.5136314067611777,0.8237022526934379,0.3530944625407167,0.3686220062478305,0.6173913043478261,0.6666666666666666
3G099030,여자,30대,사무 종사자,대학교 졸업(전문대졸/대학원생 포함),울산광역시,1인 가구,미혼(사별/이혼 포함),맞벌이 하지 않음,200-300만원 미만,0.0867282654346913,0.13195594971250368,0.0670387139798533,0.136783988957902,0.07788707721331356,0.09162808641975309,0.25056644009063045,1,0.2485074626865671,0.44870349492671935,0.2726281352235551,0.8237022526934379,0.3309446254071661,0.15619576535925025,0.573913043478261,0.3333333333333333
1H001806,여자,50대,서비스 종사자,고졸(대학 재학 포함),경기도,1세대가족,기혼,맞벌이 함,"1,000만원 이상",0.08882822343553129,0.12464672059253486,0.1497665929591801,0.13609385783298825,0.12249023042716616,0.10368441358024692,0.1212848194055711,2,0.2559701492537313,0.4205186020293123,0.9152126499454744,0.8188050930460331,0.5465798045602607,0.19958347795904205,0.15217391304347824,0.6666666666666666
4F079020,여자,60대 이상,판매 종사자,고졸(대학 재학 포함),광주광역시,2세대가족,기혼,맞벌이 함,600-700만원 미만,0.21902561948761023,0.22717084104863075,0.0758485135656874,0.15610766045548655,0.07633742083277185,0.14014274691358025,0.23190723710515795,2,0.7186567164179103,0.8158586997369409,0.34105779716466733,0.960822722820764,0.3234527687296417,0.3307879208608122,0.5130434782608696,0.6666666666666666
1H000836,여자,50대,사무 종사자,대학교 졸업(전문대졸/대학원생 포함),경기도,2세대가족,기혼,맞벌이 함,500-600만원 미만,0.20789584208315834,0.13263814443036742,0.07030290267101892,0.136783988957902,0.10517450478372187,0.10349151234567902,0.26656004264960687,0,0.6791044776119403,0.4513340849304772,0.29798255179934563,0.8237022526934379,0.46286644951140066,0.19888927455744534,0.6260869565217393,0.0
4F079030,여자,40대,사무 종사자,대학교 졸업(전문대졸/대학원생 포함),광주광역시,2세대가족,기혼,맞벌이 함,600-700만원 미만,0.2015959680806384,0.21157781892603061,0.053034291530658806,0.15610766045548655,0.07074518258994744,0.11429398148148148,0.22124483539917367,0,0.6567164179104478,0.7557309282224727,0.16384950926935662,0.960822722820764,0.2964169381107492,0.2377646650468587,0.4782608695652174,0.0
3G099040,여자,40대,서비스 종사자,대학교 졸업(전문대졸/대학원생 포함),울산광역시,2세대가족,미혼(사별/이혼 포함),맞벌이 하지 않음,300-400만원 미만,0.10247795044099117,0.13263814443036742,0.08753641500824823,0.136783988957902,0.07195795714863226,0.09934413580246915,0.26162868186058913,1,0.30447761194029843,0.4513340849304772,0.4318429661941112,0.8237022526934379,0.30228013029315964,0.183963901423117,0.6100000000000001,0.3333333333333333
1H001812,여자,60대 이상,주부,고졸(대학 재학 포함),경기도,1세대가족,기혼,맞벌이 하지 않음,600-700만원 미만,0.08084838303233935,0.12094337783841731,0.12765434698676775,0.13954451345755692,0.08961056461393344,0.09403935185185186,0.19592163134746102,3,0.2276119402985074,0.40623825629462607,0.7434569247546347,0.8432908912830557,0.3876221498371336,0.16487330787920865,0.3956521739130434,1.0
1H000841,여자,60대 이상,장치·기계 조작 및 조립 종사자,대학교 졸업(전문대졸/대학원생 포함),경기도,2세대가족,기혼,맞벌이 함,700-800만원 미만,0.16064678706425872,0.13946009160900497,0.0840616334982977,0.136783988957902,0.08853254278399138,0.10850694444444445,0.29321604691456754,0,0.5111940298507462,0.47763998496805704,0.4048527808069792,0.8237022526934379,0.38241042345276877,0.21693856299895872,0.7130434782608697,0.0
3G099045,여자,40대,서비스 종사자,고졸(대학 재학 포함),울산광역시,1인 가구,미혼(사별/이혼 포함),맞벌이 하지 않음,300-400만원 미만,0.11003779924401512,0.14530747490498003,0.08592187006423081,0.14230503795721186,0.08064950815254009,0.09548611111111112,0.22391043582566975,1,0.3313432835820895,0.5001878992859827,0.41930207197382763,0.8628795298726737,0.344299674267101,0.17007983339118363,0.4869565217391305,0.3333333333333333
1H001814,여자,30대,사무 종사자,대학교 졸업(전문대졸/대학원생 포함),경기도,1세대가족,기혼,맞벌이 함,700-800만원 미만,0.06614867702645948,0.12337978754507359,0.13769260468218034,0.1305728088336784,0.09870637380406953,0.09770447530864197,0.16260162601626016,0,0.17537313432835822,0.41563322059376173,0.8214285714285713,0.7796278158667971,0.43159609120521175,0.17806317250954526,0.28695652173913044,0.0
1H000844,여자,60대 이상,판매 종사자,고졸(대학 재학 포함),경기도,2세대가족,기혼,맞벌이 함,500-600만원 미만,0.15350692986140277,0.16704024948835397,0.08360534905759713,0.13954451345755692,0.07546152809594395,0.1162229938271605,0.27189124350259897,2,0.485820895522388,0.5839909808342728,0.401308615049073,0.8432908912830557,0.3192182410423453,0.2447066990628254,0.6434782608695653,0.6666666666666666
1L000644,여자,50대,서비스 종사자,고졸(대학 재학 포함),전라남도,1인 가구,미혼(사별/이혼 포함),맞벌이 하지 않음,100-200만원 미만,0.1360772784544309,0.11509599454244226,0.09241514864343127,0.12298136645962732,0.10854332300229079,0.15036651234567902,0.18392642942822873,1,0.42388059701492525,0.3836903419767005,0.46973827699018544,0.7257590597453476,0.47915309446254073,0.3675807011454356,0.35652173913043483,0.3333333333333333
4J228040,여자,60대 이상,주부,중졸 이하,경상남도,1세대가족,기혼,맞벌이 하지 않음,100-200만원 미만,0.029399412011759767,0.11431634343631225,0.08574637604857675,0.11911663216011041,0.07411400080851636,0.09548611111111112,0.22031187524990006,3,0.04477611940298508,0.38068395340097705,0.41793893129771,0.6983349657198823,0.3127035830618892,0.17007983339118363,0.4752173913043479,1.0
4A012018,여자,50대,서비스 종사자,대학교 졸업(전문대졸/대학원생 포함),서울특별시,2세대가족,기혼,맞벌이 함,500-600만원 미만,0.12263754724905501,0.15992593314491765,0.0972587834754835,0.14782608695652172,0.0708799353186902,0.1847993827160494,0.26256164200986276,0,0.3761194029850745,0.5565576850807966,0.507360959651036,0.9020568070519097,0.2970684039087948,0.4914960083304408,0.6130434782608697,0.0
1H001826,여자,30대,사무 종사자,대학교 졸업(전문대졸/대학원생 포함),경기도,2세대가족,기혼,맞벌이 함,500-600만원 미만,0.09407811843763124,0.12484163336906735,0.1354813800849391,0.1450655624568668,0.126734941382563,0.09934413580246915,0.16166866586698656,0,0.2746268656716417,0.42127019917324315,0.8042529989094874,0.8824681684622917,0.5671009771986971,0.183963901423117,0.28391304347826085,0.0
1H000853,여자,30대,사무 종사자,대학교 졸업(전문대졸/대학원생 포함),경기도,1세대가족,기혼,맞벌이 함,600-700만원 미만,0.13754724905501892,0.1582691745443914,0.061317609069530724,0.13402346445824706,0.06912814984503436,0.10059799382716049,0.2532320405171265,0,0.42910447761194026,0.5501691093573845,0.22818974918211551,0.8041136141038197,0.288599348534202,0.18847622353349527,0.582608695652174,0.0
4J228050,여자,60대 이상,서비스 종사자,고졸(대학 재학 포함),경상남도,1인 가구,미혼(사별/이혼 포함),맞벌이 하지 않음,100-200만원 미만,0.0377992440151197,0.12464672059253486,0.08732582218946335,0.12229123533471359,0.07970623905134079,0.09741512345679013,0.2145808343329335,1,0.0746268656716418,0.4205186020293123,0.4302071973827699,0.720861900097943,0.3397394136807818,0.17702186740715029,0.4565217391304348,0.3333333333333333
4J228055,여자,60대 이상,주부,중졸 이하,경상남도,2세대가족,미혼(사별/이혼 포함),맞벌이 하지 않음,400-500만원 미만,0.04682906341873163,0.13556183607835495,0.09087080130567547,0.13402346445824706,0.07094731168306158,0.0935570987654321,0.22031187524990006,3,0.10671641791044777,0.46260804208944006,0.45774263904034884,0.8041136141038197,0.2973941368078176,0.1631377993752169,0.4752173913043479,1.0
4A011003,여자,50대,주부,고졸(대학 재학 포함),서울특별시,2세대가족,기혼,맞벌이 하지 않음,600-700만원 미만,0.0867282654346913,0.14920573043563007,0.10168123266996595,0.14782608695652172,0.05484436059830212,0.19010416666666666,0.25229908036785287,3,0.2485074626865671,0.5152198421645998,0.5417121046892038,0.9020568070519097,0.2195439739413681,0.5105866018743491,0.5795652173913044,1.0
4A011006,여자,60대 이상,단순노무 종사자,중졸 이하,서울특별시,1세대가족,기혼,맞벌이 함,300-400만원 미만,0.08252834943301134,0.16187506091024267,0.09690779544417537,0.15058661145617666,0.07317073170731707,0.18769290123456792,0.20391843262694923,2,0.23358208955223875,0.5640736565201052,0.5046346782988005,0.9216454456415277,0.30814332247557,0.5019090593543908,0.4217391304347826,0.6666666666666666
1H001995,여자,40대,서비스 종사자,고졸(대학 재학 포함),경기도,1세대가족,기혼,맞벌이 함,"1,000만원 이상",0.06992860142797144,0.12289250560374233,0.14229054789231688,0.14230503795721186,0.12114270313973859,0.10464891975308642,0.12395041983206719,2,0.1888059701492537,0.4137542277339346,0.8571428571428571,0.8628795298726737,0.5400651465798046,0.20305449496702535,0.16086956521739135,0.6666666666666666
1H000565,여자,50대,주부,대학교 졸업(전문대졸/대학원생 포함),경기도,2세대가족,기혼,맞벌이 하지 않음,500-600만원 미만,0.14363712725745487,0.1764935191501803,0.10357656803902988,0.13954451345755692,0.14432017248349277,0.16049382716049385,0.11328801812608291,3,0.45074626865671635,0.6204434423149191,0.556434023991276,0.8432908912830557,0.6521172638436482,0.4040263797292607,0.12608695652173915,1.0
1H000566,여자,50대,서비스 종사자,대학교 졸업(전문대졸/대학원생 포함),경기도,2세대가족,미혼(사별/이혼 포함),맞벌이 하지 않음,500-600만원 미만,0.10247795044099117,0.22843777409609203,0.08785230423642554,0.14230503795721186,0.09473116830615819,0.15258487654320987,0.11635345861655338,1,0.30447761194029843,0.8207440811724915,0.4342966194111232,0.8628795298726737,0.41237785016286643,0.3755640402637972,0.13608695652173916,0.3333333333333333
1H001997,여자,50대,서비스 종사자,고졸(대학 재학 포함),경기도,1세대가족,기혼,맞벌이 함,"900-1,000만원 미만",0.09638807223855522,0.12464672059253486,0.14193955986100873,0.13609385783298825,0.11144050667026008,0.1099537037037037,0.12661602025856325,2,0.2828358208955223,0.4205186020293123,0.8544165757906214,0.8188050930460331,0.49315960912052126,0.2221450885109337,0.1695652173913044,0.6666666666666666
1H001998,여자,50대,서비스 종사자,고졸(대학 재학 포함),경기도,2세대가족,기혼,맞벌이 함,"1,000만원 이상",0.08357832843343133,0.13117629860637364,0.1386402723667123,0.14161490683229813,0.11204689394960249,0.09548611111111112,0.13501266160202585,2,0.23731343283582085,0.4456971063509958,0.8287895310796075,0.8579823702252691,0.49609120521172645,0.17007983339118363,0.19695652173913045,0.6666666666666666
3I213009,여자,60대 이상,주부,중졸 이하,경상북도,1세대가족,기혼,맞벌이 하지 않음,300-400만원 미만,0.11948761024779504,0.0565247051944255,0.09371380435927135,0.028985507246376812,0.10369222476755155,0.1480516975308642,0.15860322537651608,3,0.36492537313432827,0.15783540022547915,0.47982551799345685,0.058765915768854066,0.4557003257328991,0.3592502603262755,0.27391304347826095,1.0
3I213018,여자,40대,전문가 및 관련 종사자,대학교 졸업(전문대졸/대학원생 포함),경상북도,2세대가족,기혼,맞벌이 함,700-800만원 미만,0.10352792944141116,0.11412143065977975,0.0983117475694079,0.13954451345755692,0.10126667565018192,0.1712962962962963,0.1479408236705318,0,0.3082089552238805,0.3799323562570462,0.5155398037077428,0.8432908912830557,0.4439739413680783,0.44290177021867405,0.23913043478260873,0.0
3I213021,남자,50대,장치·기계 조작 및 조립 종사자,고졸(대학 재학 포함),경상북도,1세대가족,기혼,맞벌이 함,400-500만원 미만,0.16883662326753465,0.13361270831302993,0.08142922326348671,0.15058661145617666,0.09028432825764722,0.1394675925925926,0.21991203518592564,2,0.5402985074626865,0.4550920706501316,0.3844056706652126,0.9216454456415277,0.3908794788273616,0.32835820895522383,0.4739130434782609,0.6666666666666666
3I213024,여자,60대 이상,주부,고졸(대학 재학 포함),경상북도,1세대가족,기혼,맞벌이 하지 않음,300-400만원 미만,0.15266694666106678,0.1092486112464672,0.11410620897827385,0.13402346445824706,0.11871715402236895,0.16685956790123457,0.08929761428761829,3,0.4828358208955223,0.36114242765877486,0.6382224645583424,0.8041136141038197,0.5283387622149838,0.4269350919819507,0.04782608695652177,1.0
4I213007,여자,50대,주부,고졸(대학 재학 포함),경상북도,1세대가족,기혼,맞벌이 하지 않음,200-300만원 미만,0.16862662746745066,0.11704512230776729,0.11428170299392792,0.136783988957902,0.06151462067106859,0.16213348765432098,0.15327202452352393,3,0.5395522388059701,0.39120631341600903,0.6395856052344603,0.8237022526934379,0.2517915309446254,0.4099271086428322,0.25652173913043474,1.0
1C000282,여자,50대,서비스 종사자,대학교 졸업(전문대졸/대학원생 포함),인천광역시,2세대가족,기혼,맞벌이 함,800-900만원 미만,0.18374632507349853,0.12289250560374233,0.07749815731283564,0.1450655624568668,0.09048645735076136,0.15788966049382716,0.3096094895375184,0,0.5932835820895522,0.4137542277339346,0.3538713195201746,0.8824681684622917,0.39185667752443004,0.3946546338077056,0.766521739130435,0.0
1F000111,여자,50대,서비스 종사자,고졸(대학 재학 포함),광주광역시,1세대가족,기혼,맞벌이 함,400-500만원 미만,0.12053758924821503,0.10895624208166846,0.0927661366747394,0.11152518978605935,0.09729147015227059,0.16618441358024694,0.14660802345728377,2,0.36865671641791037,0.3600150319428786,0.47246455834242096,0.6444662095984328,0.42475570032573295,0.4245053800763624,0.23478260869565223,0.6666666666666666
1F000113,여자,50대,서비스 종사자,고졸(대학 재학 포함),광주광역시,1세대가족,기혼,맞벌이 함,400-500만원 미만,0.125787484250315,0.11022317512912971,0.07170685479625145,0.12022084195997239,0.08974531734267618,0.16550925925925927,0.23990403838464616,2,0.3873134328358208,0.3649004133784291,0.3088876772082879,0.7061704211557296,0.38827361563517915,0.422075668170774,0.5391304347826088,0.6666666666666666
1H000567,여자,60대 이상,주부,대학교 졸업(전문대졸/대학원생 포함),경기도,1세대가족,기혼,맞벌이 하지 않음,400-500만원 미만,0.1354472910541789,0.2320436604619433,0.08750131620511742,0.136783988957902,0.11514620671068589,0.12924382716049385,0.11195521791283487,3,0.421641791044776,0.8346486283352124,0.4315703380588878,0.8237022526934379,0.5110749185667752,0.29156542867060053,0.12173913043478266,1.0
3I221004,여자,50대,판매 종사자,고졸(대학 재학 포함),경상북도,2세대가족,기혼,맞벌이 함,700-800만원 미만,0.1738765224695506,0.15797680537959263,0.07672598364395775,0.14230503795721186,0.07229483897048915,0.16994598765432098,0.22391043582566975,2,0.5582089552238805,0.5490417136414881,0.34787350054525623,0.8628795298726737,0.3039087947882736,0.4380423464074973,0.4869565217391305,0.6666666666666666
1F000114,여자,50대,서비스 종사자,대학교 졸업(전문대졸/대학원생 포함),광주광역시,1세대가족,기혼,맞벌이 함,500-600만원 미만,0.1493070138597228,0.12211285449761233,0.07398827699975431,0.10807453416149068,0.09809998652472712,0.14814814814814814,0.1985872317739571,0,0.4708955223880596,0.4107478391582112,0.326608505997819,0.6199804113614102,0.42866449511400656,0.3595973620270738,0.4043478260869565,0.0
1F000117,여자,50대,서비스 종사자,대학교 졸업(전문대졸/대학원생 포함),광주광역시,1세대가족,기혼,맞벌이 함,400-500만원 미만,0.17198656026879464,0.12094337783841731,0.09048471447123654,0.12298136645962732,0.08839779005524862,0.13097993827160495,0.1599360255897641,0,0.5514925373134328,0.40623825629462607,0.4547437295528899,0.7257590597453476,0.3817589576547231,0.2978132592849705,0.27826086956521745,0.0
1H000578,여자,60대 이상,주부,고졸(대학 재학 포함),경기도,1세대가족,기혼,맞벌이 하지 않음,700-800만원 미만,0.10268794624107518,0.13000682194717866,0.12084517917938999,0.1450655624568668,0.16736288909850425,0.16261574074074076,0.11995201919232308,3,0.30522388059701483,0.44118752348741075,0.690567066521265,0.8824681684622917,0.7635179153094463,0.41166261714682406,0.1478260869565218,1.0
4I217050,여자,60대 이상,서비스 종사자,중졸 이하,경상북도,1인 가구,미혼(사별/이혼 포함),맞벌이 하지 않음,100-200만원 미만,0.16022679546409072,0.10047753630250464,0.060720929416306905,0.13126293995859212,0.10126667565018192,0.1410108024691358,0.24390243902439027,1,0.5097014925373133,0.3273205561818865,0.22355507088331514,0.7845249755142016,0.4439739413680783,0.33391183616799713,0.5521739130434783,0.3333333333333333
4I217044,여자,60대 이상,단순노무 종사자,중졸 이하,경상북도,1인 가구,미혼(사별/이혼 포함),맞벌이 하지 않음,100만원 미만,0.14888702225955483,0.11314686677711724,0.06819697448317014,0.136783988957902,0.11110362484840318,0.11815200617283951,0.22257763561242172,1,0.4694029850746268,0.37617437053739194,0.2816248636859324,0.8237022526934379,0.49153094462540725,0.2516487330787921,0.482608695652174,0.3333333333333333
1N000145,남자,30대,사무 종사자,대학교 졸업(전문대졸/대학원생 포함),충청남도,1세대가족,기혼,맞벌이 함,500-600만원 미만,0.16925661486770263,0.08576162167430076,0.08704503176441683,0.1048999309868875,0.12841935049184744,0.08487654320987655,0.10795681727309077,0,0.5417910447761193,0.27057497181510715,0.4280261723009814,0.5974534769833497,0.575244299674267,0.13189864630336687,0.10869565217391305,0.0
4B034005,남자,60대 이상,판매 종사자,고졸(대학 재학 포함),부산광역시,1인 가구,미혼(사별/이혼 포함),맞벌이 하지 않음,200-300만원 미만,0.10625787484250315,0.1360491180196862,0.07521673510933277,0.1388543823326432,0.06259264250101065,0.22627314814814814,0.21591363454618154,1,0.317910447761194,0.46448703494926713,0.3361504907306434,0.8383937316356511,0.25700325732899026,0.6407497396737243,0.4608695652173913,0.3333333333333333
4B034014,여자,50대,판매 종사자,고졸(대학 재학 포함),부산광역시,1인 가구,미혼(사별/이혼 포함),맞벌이 하지 않음,200-300만원 미만,0.05522889542209156,0.13799824578501121,0.0803411603664315,0.14161490683229813,0.0536315860396173,0.2047646604938272,0.22391043582566975,1,0.13656716417910447,0.47200300638857573,0.3759541984732824,0.8579823702252691,0.21368078175895766,0.563346060395696,0.4869565217391305,0.3333333333333333
4B034011,여자,60대 이상,단순노무 종사자,중졸 이하,부산광역시,1인 가구,미혼(사별/이혼 포함),맞벌이 하지 않음,200-300만원 미만,0.14531709365812684,0.1360491180196862,0.10427854410164615,0.14161490683229813,0.07849346449265597,0.17197145061728397,0.22790883646541385,1,0.45671641791044765,0.46448703494926713,0.5618865866957471,0.8579823702252691,0.3338762214983713,0.44533148212426243,0.5,0.3333333333333333
1H000569,여자,60대 이상,주부,고졸(대학 재학 포함),경기도,1세대가족,기혼,맞벌이 하지 않음,200-300만원 미만,0.08420831583368334,0.13000682194717866,0.10294478958267524,0.1450655624568668,0.12626330683196335,0.22125771604938274,0.14927362388377982,3,0.23955223880597015,0.44118752348741075,0.5515267175572519,0.8824681684622917,0.5648208469055376,0.6227004512322111,0.24347826086956523,1.0
1H002001,여자,40대,주부,고졸(대학 재학 포함),경기도,2세대가족,기혼,맞벌이 하지 않음,700-800만원 미만,0.08462830743385132,0.13312542637169866,0.1447474641114738,0.14437543133195307,0.12686969411130575,0.11188271604938273,0.12661602025856325,3,0.2410447761194029,0.4532130777903043,0.8762268266085059,0.8775710088148874,0.5677524429967427,0.22908712252690042,0.1695652173913044,1.0
4B034008,남자,40대,판매 종사자,대학교 졸업(전문대졸/대학원생 포함),부산광역시,1인 가구,미혼(사별/이혼 포함),맞벌이 하지 않음,300-400만원 미만,0.09869802603947922,0.12727804307572363,0.0755677231406409,0.14161490683229813,0.0545748551408166,0.18422067901234568,0.20391843262694923,1,0.29104477611940294,0.4306651634723788,0.3388767720828789,0.8579823702252691,0.21824104234527686,0.48941339812565077,0.4217391304347826,0.3333333333333333
1H000593,남자,40대,전문가 및 관련 종사자,대학교 졸업(전문대졸/대학원생 포함),경기도,1인 가구,미혼(사별/이혼 포함),맞벌이 하지 않음,400-500만원 미만,0.18479630407391853,0.14530747490498003,0.11909023902284933,0.13954451345755692,0.17403314917127072,0.13994984567901234,0.10795681727309077,1,0.5970149253731343,0.5001878992859827,0.6769356597600873,0.8432908912830557,0.7957654723127037,0.33009371745921545,0.10869565217391305,0.3333333333333333
1D000110,여자,60대 이상,주부,고졸(대학 재학 포함),대구광역시,1세대가족,기혼,맞벌이 하지 않음,200-300만원 미만,0.19172616547669047,0.11655784036643603,0.08493910357656805,0.13609385783298825,0.1389974396981539,0.16647376543209877,0.13861122217779556,3,0.6216417910447761,0.38932732055618186,0.4116684841875682,0.8188050930460331,0.626384364820847,0.4255466851787574,0.2086956521739131,1.0
1H002006,여자,30대,주부,고졸(대학 재학 포함),경기도,1인 가구,기혼,맞벌이 하지 않음,500-600만원 미만,0.09407811843763124,0.12240522366241108,0.14229054789231688,0.14161490683229813,0.12720657593316265,0.09770447530864197,0.12395041983206719,3,0.2746268656716417,0.41187523487410743,0.8571428571428571,0.8579823702252691,0.5693811074918568,0.17806317250954526,0.16086956521739135,1.0
1H002012,남자,60대 이상,서비스 종사자,고졸(대학 재학 포함),경기도,1인 가구,미혼(사별/이혼 포함),맞벌이 하지 않음,500-600만원 미만,0.07139857202855943,0.12464672059253486,0.1447474641114738,0.14161490683229813,0.12565691955262093,0.09548611111111112,0.11462081833933094,1,0.1940298507462686,0.4205186020293123,0.8762268266085059,0.8579823702252691,0.5618892508143323,0.17007983339118363,0.13043478260869565,0.3333333333333333
1H002020,여자,60대 이상,주부,중졸 이하,경기도,2세대가족,기혼,맞벌이 하지 않음,"900-1,000만원 미만",0.07517849643007139,0.12269759282720984,0.13642904776947107,0.13333333333333333,0.12114270313973859,0.09548611111111112,0.13328002132480343,3,0.2074626865671641,0.41300263059000375,0.8116139585605234,0.7992164544564153,0.5400651465798046,0.17007983339118363,0.19130434782608705,1.0
1B000760,남자,50대,사무 종사자,고졸(대학 재학 포함),부산광역시,2세대가족,기혼,맞벌이 함,500-600만원 미만,0.125157496850063,0.15359126790761135,0.09402969358744866,0.14161490683229813,0.06575933162646543,0.21498842592592593,0.2425696388111422,2,0.38507462686567157,0.532130777903044,0.4822791712104688,0.8579823702252691,0.27231270358306187,0.6001388406803193,0.5478260869565217,0.6666666666666666
3G100007,여자,50대,사무 종사자,대학교 졸업(전문대졸/대학원생 포함),울산광역시,2세대가족,기혼,맞벌이 함,400-500만원 미만,0.1745065098698026,0.1297144527823799,0.07223333684321365,0.13954451345755692,0.06495081525400889,0.22945601851851855,0.3745168599226976,0,0.5604477611940297,0.4400601277715145,0.3129770992366412,0.8432908912830557,0.2684039087947883,0.6522040958000694,0.9782608695652174,0.0
4B038026,남자,60대 이상,서비스 종사자,고졸(대학 재학 포함),부산광역시,1인 가구,미혼(사별/이혼 포함),맞벌이 하지 않음,300-400만원 미만,0.12326753464930702,0.16723516226488647,0.09574953494085853,0.1388543823326432,0.06986928985311952,0.1937692901234568,0.17726242836198855,1,0.3783582089552238,0.5847425779782036,0.4956379498364232,0.8383937316356511,0.2921824104234528,0.5237764665046859,0.33478260869565224,0.3333333333333333
1H002060,여자,30대,서비스 종사자,대학교 졸업(전문대졸/대학원생 포함),경기도,1세대가족,기혼,맞벌이 함,700-800만원 미만,0.10352792944141116,0.11460871260111101,0.14618651503983715,0.1305728088336784,0.13596550330144186,0.10609567901234568,0.11462081833933094,0,0.3082089552238805,0.3818113491168733,0.8874045801526719,0.7796278158667971,0.611726384364821,0.20826102047900033,0.13043478260869565,0.0
1J000154,여자,50대,서비스 종사자,고졸(대학 재학 포함),경상남도,1세대가족,기혼,맞벌이 함,300-400만원 미만,0.19739605207895844,0.16090049702758016,0.06872345653013233,0.136783988957902,0.09958226654089745,0.14216820987654322,0.22257763561242172,2,0.6417910447761194,0.560315670800451,0.2857142857142857,0.8237022526934379,0.4358306188925082,0.33807705657757725,0.482608695652174,0.6666666666666666
4B038052,여자,60대 이상,주부,고졸(대학 재학 포함),부산광역시,1세대가족,기혼,맞벌이 하지 않음,200-300만원 미만,0.05522889542209156,0.16431147061689894,0.09206416061212314,0.14161490683229813,0.043323002290796386,0.2236689814814815,0.20391843262694923,3,0.13656716417910447,0.5734686208192408,0.4670119956379498,0.8579823702252691,0.16384364820846908,0.6313779937521694,0.4217391304347826,1.0
3G100014,여자,50대,서비스 종사자,대학교 졸업(전문대졸/대학원생 포함),울산광역시,1인 가구,미혼(사별/이혼 포함),맞벌이 하지 않음,300-400만원 미만,0.19886602267954642,0.11607055842510478,0.04959460882383911,0.14230503795721186,0.06380541705969546,0.19772376543209877,0.3425296548047448,1,0.6470149253731343,0.38744832769635473,0.13713195201744824,0.8628795298726737,0.2628664495114007,0.5380076362374175,0.8739130434782608,0.3333333333333333
1D000115,남자,50대,기능원 및 관련 기능 종사자,대학교 졸업(전문대졸/대학원생 포함),대구광역시,1인 가구,미혼(사별/이혼 포함),맞벌이 하지 않음,300-400만원 미만,0.19739605207895844,0.14530747490498003,0.04703239619528974,0.13954451345755692,0.07411400080851636,0.14988425925925927,0.25856324137011866,1,0.6417910447761194,0.5001878992859827,0.11723009814612864,0.8432908912830557,0.3127035830618892,0.365845192641444,0.6000000000000001,0.3333333333333333
1J000158,여자,60대 이상,서비스 종사자,고졸(대학 재학 포함),경상남도,1세대가족,기혼,맞벌이 함,200-300만원 미만,0.1875262494750105,0.18458239937627913,0.08223649573549542,0.136783988957902,0.1038269774962943,0.10570987654320987,0.1905904304944689,2,0.6067164179104477,0.6516347237880495,0.3906761177753544,0.8237022526934379,0.45635179153094463,0.20687261367580698,0.37826086956521743,0.6666666666666666
4B034023,남자,50대,사무 종사자,대학교 졸업(전문대졸/대학원생 포함),부산광역시,1인 가구,미혼(사별/이혼 포함),맞벌이 하지 않음,300-400만원 미만,0.1005879882402352,0.13799824578501121,0.070478396686673,0.14161490683229813,0.05046489691416251,0.18769290123456792,0.2452352392376383,1,0.2977611940298507,0.47200300638857573,0.2993456924754635,0.8579823702252691,0.198371335504886,0.5019090593543908,0.5565217391304348,0.3333333333333333
1J000155,여자,60대 이상,주부,고졸(대학 재학 포함),경상남도,1세대가족,기혼,맞벌이 하지 않음,200-300만원 미만,0.21902561948761023,0.18721372185946789,0.06100171984135341,0.136783988957902,0.0922382428244172,0.16261574074074076,0.2492336398773824,3,0.7186567164179103,0.661781285231116,0.2257360959651036,0.8237022526934379,0.40032573289902285,0.41166261714682406,0.5695652173913044,1.0
4B034032,여자,50대,판매 종사자,고졸(대학 재학 포함),부산광역시,1인 가구,미혼(사별/이혼 포함),맞벌이 하지 않음,300-400만원 미만,0.17051658966820665,0.15554039567293637,0.08121863044470184,0.14161490683229813,0.09244037191753132,0.15297067901234568,0.1919232307077169,1,0.5462686567164179,0.5396467493423525,0.3827699018538714,0.8579823702252691,0.4013029315960912,0.3769524470669906,0.3826086956521739,0.3333333333333333
3G100021,여자,40대,주부,대학교 졸업(전문대졸/대학원생 포함),울산광역시,2세대가족,기혼,맞벌이 하지 않음,300-400만원 미만,0.1875262494750105,0.16187506091024267,0.10434874170790777,0.15058661145617666,0.1125859048645735,0.2156635802469136,0.2065840330534453,3,0.6067164179104477,0.5640736565201052,0.5624318429661941,0.9216454456415277,0.4986970684039088,0.6025685525859077,0.4304347826086957,1.0
1D000116,여자,60대 이상,주부,고졸(대학 재학 포함),대구광역시,1인 가구,미혼(사별/이혼 포함),맞벌이 하지 않음,100-200만원 미만,0.17849643007139857,0.10778676542247345,0.059667965322382506,0.13609385783298825,0.09230561918878857,0.17274305555555555,0.26389444222311076,1,0.5746268656716417,0.3555054490792935,0.21537622682660848,0.8188050930460331,0.40065146579804567,0.44810829573064903,0.6173913043478261,0.3333333333333333
3G100028,여자,40대,주부,대학교 졸업(전문대졸/대학원생 포함),울산광역시,2세대가족,기혼,맞벌이 하지 않음,300-400만원 미만,0.14552708945821083,0.16869700808888025,0.05292899512126637,0.14782608695652172,0.06286214795849615,0.2375578703703704,0.2385712381713981,3,0.4574626865671641,0.590379556557685,0.16303162486368597,0.9020568070519097,0.2583061889250814,0.6813606386671295,0.5347826086956522,1.0
1D000132,여자,50대,사무 종사자,고졸(대학 재학 포함),대구광역시,2세대가족,기혼,맞벌이 함,500-600만원 미만,0.19739605207895844,0.11460871260111101,0.07265452248078341,0.13609385783298825,0.08893680097021965,0.1701388888888889,0.3078768492602959,2,0.6417910447761194,0.3818113491168733,0.3162486368593239,0.8188050930460331,0.3843648208469056,0.43873654980909405,0.7608695652173915,0.6666666666666666
1J000156,남자,60대 이상,판매 종사자,고졸(대학 재학 포함),경상남도,1인 가구,미혼(사별/이혼 포함),맞벌이 하지 않음,100-200만원 미만,0.1875262494750105,0.16090049702758016,0.06170369590396968,0.136783988957902,0.09473116830615819,0.15354938271604937,0.21591363454618154,1,0.6067164179104477,0.560315670800451,0.23118865866957475,0.8237022526934379,0.41237785016286643,0.37903505727178055,0.4608695652173913,0.3333333333333333
1J000157,남자,30대,기능원 및 관련 기능 종사자,대학교 졸업(전문대졸/대학원생 포함),경상남도,1인 가구,미혼(사별/이혼 포함),맞벌이 하지 않음,200-300만원 미만,0.21902561948761023,0.14140921937433,0.07497104348741708,0.136783988957902,0.12242285406279477,0.16849922839506173,0.24656803945088632,1,0.7186567164179103,0.48515595640736564,0.33424209378407843,0.8237022526934379,0.5462540716612378,0.4328358208955223,0.5608695652173913,0.3333333333333333
1J000169,여자,30대,주부,대학교 졸업(전문대졸/대학원생 포함),경상남도,2세대가족,기혼,맞벌이 하지 않음,300-400만원 미만,0.19319613607727845,0.14754897183510382,0.08627285809553895,0.136783988957902,0.09291200646813098,0.16792052469135801,0.21857923497267762,3,0.626865671641791,0.5088312664411876,0.42202835332606325,0.8237022526934379,0.40358306188925086,0.43075321069073225,0.4695652173913044,1.0
1J000189,여자,60대 이상,주부,고졸(대학 재학 포함),경상남도,1세대가족,기혼,맞벌이 하지 않음,100-200만원 미만,0.19319613607727845,0.14725660267030505,0.08760661261450985,0.12298136645962732,0.08610699366662175,0.1423611111111111,0.21724643475942956,3,0.626865671641791,0.5077038707252912,0.4323882224645583,0.7257590597453476,0.37068403908794795,0.3387712599791738,0.4652173913043478,1.0
4J225013,남자,50대,판매 종사자,고졸(대학 재학 포함),경상남도,1인 가구,미혼(사별/이혼 포함),맞벌이 하지 않음,200-300만원 미만,0.17660646787064258,0.16704024948835397,0.08732582218946335,0.136783988957902,0.09560706104298612,0.16454475308641975,0.21591363454618154,1,0.5679104477611939,0.5839909808342728,0.4302071973827699,0.8237022526934379,0.4166123778501629,0.41860465116279066,0.4608695652173913,0.3333333333333333
1D000691,여자,60대 이상,주부,고졸(대학 재학 포함),대구광역시,1세대가족,기혼,맞벌이 하지 않음,400-500만원 미만,0.1119277614447711,0.11675275314296853,0.11375522094696572,0.11704623878536921,0.12821722139873332,0.13994984567901234,0.10928961748633881,3,0.3380597014925372,0.3900789177001127,0.6354961832061069,0.6836434867776688,0.5742671009771987,0.33009371745921545,0.1130434782608696,1.0
1D000135,여자,50대,주부,대학교 졸업(전문대졸/대학원생 포함),대구광역시,2세대가족,기혼,맞벌이 하지 않음,500-600만원 미만,0.18269634607307855,0.11655784036643603,0.04211856375697589,0.13609385783298825,0.06939765530251987,0.21006944444444448,0.31187524990004,3,0.5895522388059702,0.38932732055618186,0.07906215921483098,0.8188050930460331,0.2899022801302932,0.5824366539396043,0.773913043478261,1.0
1H000598,여자,40대,주부,대학교 졸업(전문대졸/대학원생 포함),경기도,2세대가족,기혼,맞벌이 하지 않음,400-500만원 미만,0.14552708945821083,0.12191794172107982,0.12628549366466604,0.13954451345755692,0.2003773076404797,0.15596064814814814,0.11595361855257898,3,0.4574626865671641,0.4099962420142803,0.732824427480916,0.8432908912830557,0.923127035830619,0.3877125997917389,0.1347826086956522,1.0
1D000171,여자,30대,주부,대학교 졸업(전문대졸/대학원생 포함),대구광역시,2세대가족,기혼,맞벌이 하지 않음,300-400만원 미만,0.1868962620747585,0.11217230289445473,0.04843634832052227,0.14230503795721186,0.08287292817679558,0.20052083333333334,0.30254564840730375,3,0.6044776119402985,0.37241638481773764,0.12813522355507087,0.8628795298726737,0.3550488599348534,0.5480735855605692,0.7434782608695653,1.0
1B000410,여자,30대,판매 종사자,대학교 졸업(전문대졸/대학원생 포함),부산광역시,1인 가구,미혼(사별/이혼 포함),맞벌이 하지 않음,300-400만원 미만,0.15350692986140277,0.09852840853717962,0.050472078902109446,0.12574189095928226,0.055181242420159,0.11911651234567902,0.3425296548047448,1,0.485820895522388,0.31980458474257795,0.14394765539803714,0.7453476983349656,0.22117263843648205,0.25511975008677545,0.8739130434782608,0.3333333333333333
1D000401,여자,30대,사무 종사자,대학교 졸업(전문대졸/대학원생 포함),대구광역시,1인 가구,미혼(사별/이혼 포함),맞벌이 하지 않음,200-300만원 미만,0.17996640067198658,0.11899425007309229,0.06082622582569935,0.14230503795721186,0.09547230831424336,0.1341628086419753,0.2532320405171265,1,0.5798507462686567,0.3987222848553175,0.22437295528898585,0.8628795298726737,0.41596091205211727,0.3092676154113154,0.582608695652174,0.3333333333333333
1D000335,여자,60대 이상,사무 종사자,대학교 졸업(전문대졸/대학원생 포함),대구광역시,2세대가족,기혼,맞벌이 함,600-700만원 미만,0.16589668206635869,0.12581619725172985,0.0792530974693763,0.14230503795721186,0.0862417463953645,0.1377314814814815,0.2692256430761029,0,0.5298507462686567,0.42502818489289734,0.36750272628135217,0.8628795298726737,0.3713355048859935,0.322110378340854,0.6347826086956523,0.0
3P242025,여자,40대,전문가 및 관련 종사자,대학교 졸업(전문대졸/대학원생 포함),제주특별자치도,2세대가족,기혼,맞벌이 함,500-600만원 미만,0.17702645947081058,0.12484163336906735,0.094907163665719,0.12574189095928226,0.10059291200646814,0.1160300925925926,0.2692256430761029,0,0.5694029850746268,0.42127019917324315,0.4890948745910577,0.7453476983349656,0.44071661237785026,0.24401249566122876,0.6347826086956523,0.0
1B000411,여자,60대 이상,주부,고졸(대학 재학 포함),부산광역시,2세대가족,미혼(사별/이혼 포함),맞벌이 하지 않음,400-500만원 미만,0.21062578748425032,0.12289250560374233,0.0811133340353094,0.12574189095928226,0.09048645735076136,0.1388888888888889,0.2798880447820872,3,0.6888059701492537,0.4137542277339346,0.3819520174482006,0.7453476983349656,0.39185667752443004,0.3262755987504339,0.6695652173913044,1.0
3P242030,여자,50대,서비스 종사자,대학교 졸업(전문대졸/대학원생 포함),제주특별자치도,2세대가족,기혼,맞벌이 함,500-600만원 미만,0.2001259974800504,0.14140921937433,0.09820645116001545,0.136783988957902,0.15139469074248751,0.11313657407407407,0.20698387311741973,0,0.6514925373134327,0.48515595640736564,0.5147219193020719,0.8237022526934379,0.6863192182410424,0.2335994446372787,0.4317391304347826,0.0
1J000749,여자,60대 이상,주부,중졸 이하,경상남도,1세대가족,기혼,맞벌이 하지 않음,100-200만원 미만,0.07034859302813944,0.14725660267030505,0.1068407567301955,0.12298136645962732,0.10140142837892467,0.1644483024691358,0.10662401705984273,3,0.1902985074626865,0.5077038707252912,0.5817884405670665,0.7257590597453476,0.4446254071661238,0.41825754946199234,0.1043478260869565,1.0
1D000296,여자,40대,사무 종사자,대학교 졸업(전문대졸/대학원생 포함),대구광역시,2세대가족,기혼,맞벌이 함,600-700만원 미만,0.15392692146157078,0.11607055842510478,0.07504124109367871,0.1285024154589372,0.07788707721331356,0.1377314814814815,0.30654404904704785,0,0.4873134328358208,0.38744832769635473,0.33478735005452565,0.7649363369245838,0.3309446254071661,0.322110378340854,0.7565217391304347,0.0
3P242010,남자,50대,서비스 종사자,대학교 졸업(전문대졸/대학원생 포함),제주특별자치도,1인 가구,미혼(사별/이혼 포함),맞벌이 하지 않음,200-300만원 미만,0.1713565728685426,0.12581619725172985,0.06774069004246955,0.13954451345755692,0.08866729551273413,0.12162422839506173,0.27588964414234307,1,0.5492537313432835,0.42502818489289734,0.27808069792802614,0.8432908912830557,0.38306188925081436,0.2641443943075321,0.6565217391304348,0.3333333333333333
1B000412,여자,40대,사무 종사자,대학교 졸업(전문대졸/대학원생 포함),부산광역시,2세대가족,기혼,맞벌이 함,600-700만원 미만,0.19697606047879043,0.11217230289445473,0.051174054964725706,0.14230503795721186,0.06879126802317746,0.10657793209876544,0.3562574970011996,0,0.6402985074626866,0.37241638481773764,0.14940021810250817,0.8628795298726737,0.28697068403908793,0.20999652898299206,0.9186956521739132,0.0
3P242005,여자,50대,서비스 종사자,대학교 졸업(전문대졸/대학원생 포함),제주특별자치도,2세대가족,기혼,맞벌이 함,500-600만원 미만,0.21062578748425032,0.14530747490498003,0.08199080411357973,0.14230503795721186,0.09304675919687373,0.1234567901234568,0.31054244968679195,0,0.6888059701492537,0.5001878992859827,0.3887677208287895,0.8628795298726737,0.40423452768729645,0.2707393266227005,0.7695652173913045,0.0
1J000772,여자,50대,농림어업 숙련 종사자,고졸(대학 재학 포함),경상남도,2세대가족,기혼,맞벌이 함,400-500만원 미만,0.07034859302813944,0.11607055842510478,0.08911586114913482,0.12298136645962732,0.09668508287292818,0.12712191358024694,0.15327202452352393,2,0.1902985074626865,0.38744832769635473,0.44411123227917126,0.7257590597453476,0.42182410423452776,0.28392919125303717,0.25652173913043474,0.6666666666666666
1J000748,여자,50대,주부,고졸(대학 재학 포함),경상남도,1세대가족,기혼,맞벌이 하지 않음,200-300만원 미만,0.06509869802603949,0.12484163336906735,0.11803727492892493,0.1285024154589372,0.10578089206306428,0.1232638888888889,0.11195521791283487,3,0.17164179104477612,0.42127019917324315,0.6687568157033806,0.7649363369245838,0.46579804560260596,0.27004512322110374,0.12173913043478266,1.0
1J000771,남자,40대,판매 종사자,고졸(대학 재학 포함),경상남도,1인 가구,미혼(사별/이혼 포함),맞벌이 하지 않음,200-300만원 미만,0.06089878202435951,0.16577331644089272,0.07188234881190551,0.1285024154589372,0.06488343888963752,0.09934413580246915,0.12968146074903372,1,0.15671641791044771,0.5791055993987223,0.31025081788440567,0.7649363369245838,0.2680781758957655,0.183963901423117,0.17956521739130435,0.3333333333333333
1J000729,여자,60대 이상,농림어업 숙련 종사자,중졸 이하,경상남도,1인 가구,미혼(사별/이혼 포함),맞벌이 하지 않음,100-200만원 미만,0.051028979420411597,0.1560276776142676,0.09715348706609106,0.12022084195997239,0.07229483897048915,0.1609760802469136,0.09596161535385846,1,0.12164179104477611,0.5415257422021795,0.5065430752453653,0.7061704211557296,0.3039087947882736,0.4057618882332523,0.06956521739130436,0.3333333333333333
3J232008,여자,60대 이상,서비스 종사자,고졸(대학 재학 포함),경상남도,1세대가족,기혼,맞벌이 함,400-500만원 미만,0.06782864342713145,0.13848552772634246,0.11807237373205573,0.12298136645962732,0.0931815119256165,0.1326195987654321,0.12794882047181128,2,0.1813432835820895,0.4738819992484028,0.6690294438386041,0.7257590597453476,0.40488599348534204,0.30371398819854223,0.1739130434782609,0.6666666666666666
1B000413,여자,60대 이상,판매 종사자,고졸(대학 재학 포함),부산광역시,2세대가족,기혼,맞벌이 하지 않음,500-600만원 미만,0.21629567408651829,0.09852840853717962,0.10663016391141063,0.12574189095928226,0.1953914566769977,0.13126929012345678,0.1052912168465947,3,0.708955223880597,0.31980458474257795,0.5801526717557252,0.7453476983349656,0.8990228013029317,0.29885456438736546,0.1,1.0
1B000419,여자,60대 이상,사무 종사자,대학교 졸업(전문대졸/대학원생 포함),부산광역시,1세대가족,기혼,맞벌이 함,500-600만원 미만,0.21629567408651829,0.12191794172107982,0.12095047558878244,0.136783988957902,0.0680501280150923,0.12201003086419754,0.12035185925629749,0,0.708955223880597,0.4099962420142803,0.6913849509269357,0.8237022526934379,0.28338762214983715,0.2655328011107254,0.1491304347826087,0.0
1B000427,여자,60대 이상,판매 종사자,고졸(대학 재학 포함),부산광역시,2세대가족,미혼(사별/이혼 포함),맞벌이 하지 않음,300-400만원 미만,0.2015959680806384,0.10535035571581718,0.12498683794882595,0.12574189095928226,0.061986255221668236,0.138695987654321,0.11195521791283487,1,0.6567164179104478,0.3461104847801578,0.7227371864776445,0.7453476983349656,0.254071661237785,0.32558139534883723,0.12173913043478266,0.3333333333333333
1B000438,여자,30대,사무 종사자,대학교 졸업(전문대졸/대학원생 포함),부산광역시,1인 가구,미혼(사별/이혼 포함),맞벌이 하지 않음,300-400만원 미만,0.21902561948761023,0.10437579183315467,0.11393071496261979,0.1285024154589372,0.06757849346449266,0.13821373456790126,0.11062241769958683,1,0.7186567164179103,0.3423524990605035,0.6368593238822248,0.7649363369245838,0.28110749185667755,0.3238458868448456,0.1173913043478261,0.3333333333333333
4E089063,여자,50대,판매 종사자,대학교 졸업(전문대졸/대학원생 포함),대전광역시,2세대가족,기혼,맞벌이 함,500-600만원 미만,0.125577488450231,0.1550531137316051,0.08634305570180058,0.14230503795721186,0.07013879531060503,0.12297453703703705,0.273224043715847,0,0.3865671641791044,0.5377677564825253,0.42257360959651036,0.8628795298726737,0.29348534201954396,0.26900381811870877,0.6478260869565218,0.0
1D000286,여자,40대,서비스 종사자,대학교 졸업(전문대졸/대학원생 포함),대구광역시,2세대가족,기혼,맞벌이 함,500-600만원 미만,0.18038639227215456,0.10632491959847969,0.08107823523217858,0.136783988957902,0.1470152270583479,0.13917824074074076,0.1599360255897641,0,0.5813432835820895,0.34986847049981207,0.38167938931297707,0.8237022526934379,0.6651465798045603,0.32731690385282886,0.27826086956521745,0.0
1B000450,여자,60대 이상,판매 종사자,고졸(대학 재학 포함),부산광역시,1세대가족,기혼,맞벌이 함,500-600만원 미만,0.1883662326753465,0.12289250560374233,0.12979537397774737,0.1450655624568668,0.06333378250909581,0.1560570987654321,0.11995201919232308,2,0.6097014925373134,0.4137542277339346,0.7600872410032716,0.8824681684622917,0.2605863192182411,0.3880597014925373,0.1478260869565218,0.6666666666666666
3D050013,여자,50대,서비스 종사자,대학교 졸업(전문대졸/대학원생 포함),대구광역시,2세대가족,기혼,맞벌이 함,500-600만원 미만,0.11045779084418313,0.143358347139655,0.039661647537818964,0.13954451345755692,0.039684678614741946,0.13724922839506173,0.29721444755431164,0,0.3328358208955224,0.49267192784667413,0.05997818974918215,0.8432908912830557,0.14625407166123777,0.32037486983686225,0.7260869565217393,0.0
1Q000021,여자,50대,판매 종사자,고졸(대학 재학 포함),세종특별자치시,1세대가족,기혼,맞벌이 함,500-600만원 미만,0.16652666946661066,0.14530747490498003,0.09785546312870731,0.14230503795721186,0.08664600458159277,0.2029320987654321,0.2412368385978942,2,0.5320895522388058,0.5001878992859827,0.5119956379498364,0.8628795298726737,0.3732899022801303,0.5567511280805276,0.5434782608695653,0.6666666666666666
1H001569,여자,30대,사무 종사자,대학교 졸업(전문대졸/대학원생 포함),경기도,1인 가구,미혼(사별/이혼 포함),맞벌이 하지 않음,300-400만원 미만,0.251154976900462,0.13848552772634246,0.08683443894563196,0.1450655624568668,0.10921708664600457,0.13647762345679013,0.3238704518192723,1,0.8328358208955223,0.4738819992484028,0.4263904034896402,0.8824681684622917,0.48241042345276874,0.31759805623047555,0.8130434782608696,0.3333333333333333
4E094011,여자,30대,서비스 종사자,대학교 졸업(전문대졸/대학원생 포함),대전광역시,1인 가구,미혼(사별/이혼 포함),맞벌이 하지 않음,100-200만원 미만,0.19928601427971443,0.14920573043563007,0.0769014776596118,0.14230503795721186,0.10894758118851906,0.12741126543209877,0.2452352392376383,1,0.6485074626865672,0.5152198421645998,0.349236641221374,0.8628795298726737,0.48110749185667756,0.28497049635543215,0.5565217391304348,0.3333333333333333
3B033009,여자,50대,사무 종사자,대학교 졸업(전문대졸/대학원생 포함),부산광역시,2세대가족,기혼,맞벌이 함,700-800만원 미만,0.22049559008819825,0.1072994834811422,0.12551331999578816,0.1285024154589372,0.07074518258994744,0.14110725308641978,0.12261761961881915,0,0.7238805970149254,0.35362645621946637,0.7268266085059979,0.7649363369245838,0.2964169381107492,0.33425893786879557,0.1565217391304348,0.0
3I221008,여자,50대,주부,고졸(대학 재학 포함),경상북도,2세대가족,기혼,맞벌이 하지 않음,"1,000만원 이상",0.21062578748425032,0.1306890166650424,0.10427854410164615,0.13954451345755692,0.12592642501010645,0.16068672839506173,0.17326402772224445,3,0.6888059701492537,0.44381811349116873,0.5618865866957471,0.8432908912830557,0.5631921824104235,0.40472058313085735,0.32173913043478264,1.0
3D050017,여자,40대,서비스 종사자,고졸(대학 재학 포함),대구광역시,1인 가구,미혼(사별/이혼 포함),맞벌이 하지 않음,200-300만원 미만,0.16148677026459474,0.1316635805477049,0.06809167807377768,0.14230503795721186,0.11669586309122759,0.13724922839506173,0.1985872317739571,1,0.514179104477612,0.447576099210823,0.28080697928026166,0.8628795298726737,0.5185667752442997,0.32037486983686225,0.4043478260869565,0.3333333333333333
3B033011,여자,60대 이상,주부,대학교 졸업(전문대졸/대학원생 포함),부산광역시,2세대가족,기혼,맞벌이 하지 않음,500-600만원 미만,0.21629567408651829,0.1092486112464672,0.12498683794882595,0.1285024154589372,0.1906751111710012,0.14901620370370372,0.11462081833933094,3,0.708955223880597,0.36114242765877486,0.7227371864776445,0.7649363369245838,0.8762214983713356,0.36272127733425896,0.13043478260869565,1.0
3D050028,여자,60대 이상,주부,중졸 이하,대구광역시,1세대가족,기혼,맞벌이 하지 않음,100-200만원 미만,0.14636707265854684,0.10242666406782965,0.058720297637850555,0.13402346445824706,0.08334456272739522,0.10513117283950618,0.26256164200986276,3,0.4604477611940298,0.334836527621195,0.20801526717557253,0.8041136141038197,0.357328990228013,0.20479000347101703,0.6130434782608697,1.0
3I221012,여자,50대,서비스 종사자,고졸(대학 재학 포함),경상북도,1세대가족,기혼,맞벌이 함,100-200만원 미만,0.14468710625787487,0.14530747490498003,0.08918605875539644,0.136783988957902,0.07627004446840048,0.16473765432098766,0.21897907503665204,2,0.4544776119402985,0.5001878992859827,0.44465648854961826,0.8237022526934379,0.3231270358306189,0.4192988545643873,0.47086956521739143,0.6666666666666666
4P241008,여자,60대 이상,주부,중졸 이하,제주특별자치도,1인 가구,미혼(사별/이혼 포함),맞벌이 하지 않음,100만원 미만,0.03464930701385972,0.10895624208166846,0.07275981889017585,0.1308488612836439,0.03624848403180164,0.2179783950617284,0.17193122750899642,1,0.06343283582089551,0.3600150319428786,0.31706652126499457,0.7815866797257591,0.12964169381107493,0.6108989934050676,0.31739130434782614,0.3333333333333333
3I221016,여자,60대 이상,서비스 종사자,고졸(대학 재학 포함),경상북도,2세대가족,기혼,맞벌이 함,"1,000만원 이상",0.22049559008819825,0.1550531137316051,0.08065704959460883,0.13402346445824706,0.11622422854062794,0.18383487654320987,0.23324003731840598,2,0.7238805970149254,0.5377677564825253,0.37840785169029445,0.8041136141038197,0.5162866449511401,0.48802499132245736,0.5173913043478261,0.6666666666666666
1D000363,남자,50대,서비스 종사자,고졸(대학 재학 포함),대구광역시,2세대가족,기혼,맞벌이 함,400-500만원 미만,0.16904661906761864,0.12581619725172985,0.06854796251447826,0.13954451345755692,0.08455733728608004,0.12355324074074074,0.26389444222311076,2,0.5410447761194029,0.42502818489289734,0.28435114503816794,0.8432908912830557,0.3631921824104235,0.27108642832349883,0.6173913043478261,0.6666666666666666
4E094017,남자,20대,서비스 종사자,대학교 졸업(전문대졸/대학원생 포함),대전광역시,2세대가족,기혼,맞벌이 하지 않음,200-300만원 미만,0.19445611087778245,0.15797680537959263,0.08630795689866975,0.14782608695652172,0.0940574046624444,0.1657021604938272,0.3176062908170066,1,0.6313432835820895,0.5490417136414881,0.4223009814612868,0.9020568070519097,0.4091205211726384,0.4227698715723708,0.7926086956521742,0.3333333333333333
4K189042,여자,60대 이상,농림어업 숙련 종사자,중졸 이하,전라북도,1세대가족,기혼,맞벌이 함,300-400만원 미만,0.10499790004199916,0.10895624208166846,0.10312028359832931,0.1308488612836439,0.09836949198221263,0.19917052469135804,0.1905904304944689,2,0.31343283582089543,0.3600150319428786,0.5528898582333698,0.7815866797257591,0.42996742671009774,0.5432141617493925,0.37826086956521743,0.6666666666666666
1D000294,여자,40대,기능원 및 관련 기능 종사자,고졸(대학 재학 포함),대구광역시,2세대가족,기혼,맞벌이 함,400-500만원 미만,0.1383872322553549,0.10437579183315467,0.05615808500930118,0.13402346445824706,0.08637649912410725,0.12567515432098766,0.27588964414234307,2,0.4320895522388059,0.3423524990605035,0.188113413304253,0.8041136141038197,0.3719869706840391,0.2787226657410622,0.6565217391304348,0.6666666666666666
3J232006,여자,60대 이상,서비스 종사자,고졸(대학 재학 포함),경상남도,1세대가족,기혼,맞벌이 함,400-500만원 미만,0.0503989920201596,0.16187506091024267,0.10785862202098909,0.13126293995859212,0.06468130979652338,0.11043595679012347,0.11462081833933094,2,0.11940298507462686,0.5640736565201052,0.5896946564885496,0.7845249755142016,0.2671009771986971,0.22388059701492538,0.13043478260869565,0.6666666666666666
4K189038,여자,60대 이상,농림어업 숙련 종사자,고졸(대학 재학 포함),전라북도,1세대가족,기혼,맞벌이 함,400-500만원 미만,0.14888702225955483,0.12698567391092488,0.09680249903478293,0.11911663216011041,0.09762835197412748,0.1691743827160494,0.15860322537651608,2,0.4694029850746268,0.42953776775648256,0.5038167938931298,0.6983349657198823,0.42638436482084696,0.4352655328011107,0.27391304347826095,0.6666666666666666
1H001547,여자,60대 이상,판매 종사자,고졸(대학 재학 포함),경기도,1인 가구,미혼(사별/이혼 포함),맞벌이 하지 않음,200-300만원 미만,0.22805543889122218,0.13361270831302993,0.10452423572356183,0.15058661145617666,0.15530251987602747,0.16358024691358025,0.26389444222311076,1,0.7507462686567163,0.4550920706501316,0.5637949836423118,0.9216454456415277,0.7052117263843648,0.4151336341548073,0.6173913043478261,0.3333333333333333
3I221020,여자,60대 이상,서비스 종사자,고졸(대학 재학 포함),경상북도,1세대가족,기혼,맞벌이 함,600-700만원 미만,0.20600587988240235,0.17162069973686775,0.08486890597030641,0.14230503795721186,0.08853254278399138,0.15171682098765435,0.18126082900173265,2,0.6723880597014925,0.6016535137166478,0.41112322791712097,0.8628795298726737,0.38241042345276877,0.3724401249566124,0.34782608695652173,0.6666666666666666
3I221024,여자,40대,서비스 종사자,대학교 졸업(전문대졸/대학원생 포함),경상북도,2세대가족,기혼,맞벌이 함,800-900만원 미만,0.18521629567408654,0.1531039859662801,0.08557088203292268,0.13126293995859212,0.07849346449265597,0.16454475308641975,0.1879248300679728,0,0.5985074626865672,0.5302517850432169,0.4165757906215921,0.7845249755142016,0.3338762214983713,0.41860465116279066,0.3695652173913043,0.0
3J232072,여자,60대 이상,주부,중졸 이하,경상남도,1인 가구,미혼(사별/이혼 포함),맞벌이 하지 않음,100-200만원 미만,0.05942881142377153,0.15895136926225514,0.091713172580815,0.11746031746031746,0.07364236625791672,0.1593364197530864,0.09862721578035454,1,0.15149253731343282,0.5527996993611424,0.4642857142857143,0.6865817825661116,0.3104234527687296,0.3998611593196806,0.07826086956521741,0.3333333333333333
4K189046,여자,60대 이상,무직,중졸 이하,전라북도,1인 가구,미혼(사별/이혼 포함),맞벌이 하지 않음,100만원 미만,0.13334733305333893,0.031186044245200276,0.07451475904671652,0.020703933747412008,0.06973453712437677,0.16869212962962965,0.25056644009063045,1,0.41417910447761186,0.06012777151446824,0.33069792802617237,0.0,0.2915309446254072,0.43353002429711907,0.573913043478261,0.3333333333333333
4K189050,여자,60대 이상,농림어업 숙련 종사자,고졸(대학 재학 포함),전라북도,1인 가구,미혼(사별/이혼 포함),맞벌이 하지 않음,200-300만원 미만,0.1625367492650147,0.13234577526556868,0.07749815731283564,0.13636991028295375,0.10288370839509499,0.1783371913580247,0.17592962814874052,1,0.517910447761194,0.45020668921458096,0.3538713195201746,0.8207639569049949,0.4517915309446254,0.4682401943769524,0.33043478260869574,0.3333333333333333
3I221032,여자,40대,주부,대학교 졸업(전문대졸/대학원생 포함),경상북도,2세대가족,기혼,맞벌이 하지 않음,400-500만원 미만,0.21923561528769425,0.14140921937433,0.08557088203292268,0.13954451345755692,0.10200781565826708,0.19685570987654322,0.21098227375716383,3,0.7194029850746269,0.48515595640736564,0.4165757906215921,0.8432908912830557,0.44755700325732906,0.5348837209302325,0.4447826086956522,1.0
1H000489,여자,50대,서비스 종사자,고졸(대학 재학 포함),경기도,2세대가족,미혼(사별/이혼 포함),맞벌이 하지 않음,400-500만원 미만,0.17324653506929863,0.13263814443036742,0.12059948755747431,0.14230503795721186,0.17423527826438487,0.15152391975308643,0.1052912168465947,1,0.5559701492537313,0.4513340849304772,0.6886586695747002,0.8628795298726737,0.7967426710097721,0.3717459215550156,0.1,0.3333333333333333
1H001540,여자,50대,주부,대학교 졸업(전문대졸/대학원생 포함),경기도,2세대가족,기혼,맞벌이 하지 않음,600-700만원 미만,0.2364552708945821,0.13556183607835495,0.10189182548875084,0.15058661145617666,0.1354264923864708,0.14207175925925927,0.29055044648807143,3,0.780597014925373,0.46260804208944006,0.5433478735005453,0.9216454456415277,0.6091205211726384,0.3377299548767789,0.7043478260869565,1.0
4K189022,여자,60대 이상,농림어업 숙련 종사자,고졸(대학 재학 포함),전라북도,1세대가족,기혼,맞벌이 함,400-500만원 미만,0.16484670306593868,0.14530747490498003,0.0932926187217016,0.14230503795721186,0.10274895566635224,0.15692515432098764,0.21991203518592564,2,0.5261194029850745,0.5001878992859827,0.47655398037077423,0.8628795298726737,0.45114006514657984,0.39118361679972224,0.4739130434782609,0.6666666666666666
1D000693,여자,60대 이상,주부,중졸 이하,대구광역시,1세대가족,기혼,맞벌이 하지 않음,200-300만원 미만,0.1875262494750105,0.10535035571581718,0.11726510126004705,0.12574189095928226,0.12215334860530926,0.13493441358024694,0.11328801812608291,3,0.6067164179104477,0.3461104847801578,0.6627589967284625,0.7453476983349656,0.5449511400651467,0.31204442901770224,0.12608695652173915,1.0
4K189010,여자,60대 이상,농림어업 숙련 종사자,중졸 이하,전라북도,1세대가족,기혼,맞벌이 함,300-400만원 미만,0.18437631247375053,0.143358347139655,0.09294163069039346,0.13954451345755692,0.10564613933432153,0.16763117283950618,0.2145808343329335,2,0.5955223880597015,0.49267192784667413,0.4738276990185387,0.8432908912830557,0.4651465798045603,0.4297119055883374,0.4565217391304348,0.6666666666666666
3D051024,여자,30대,사무 종사자,대학교 졸업(전문대졸/대학원생 포함),대구광역시,2세대가족,기혼,맞벌이 함,500-600만원 미만,0.14258714825703486,0.10242666406782965,0.06668772594854516,0.13126293995859212,0.11063199029780352,0.1259645061728395,0.21991203518592564,0,0.4470149253731343,0.334836527621195,0.2699018538713195,0.7845249755142016,0.4892508143322476,0.27976397084345705,0.4739130434782609,0.0
4K189014,여자,60대 이상,주부,중졸 이하,전라북도,1인 가구,미혼(사별/이혼 포함),맞벌이 하지 않음,100만원 미만,0.1663166736665267,0.14043465549166748,0.0808325436102629,0.11980676328502415,0.09580919013610024,0.18769290123456792,0.20525123284019728,1,0.5313432835820896,0.4813979706877113,0.3797709923664123,0.7032321253672869,0.4175895765472313,0.5019090593543908,0.4260869565217392,0.3333333333333333
3P242040,남자,50대,서비스 종사자,대학교 졸업(전문대졸/대학원생 포함),제주특별자치도,2세대가족,미혼(사별/이혼 포함),맞벌이 하지 않음,200-300만원 미만,0.19214615707685848,0.14530747490498003,0.05415745323084483,0.12298136645962732,0.0906212100795041,0.11487268518518519,0.254964680794349,1,0.6231343283582089,0.5001878992859827,0.17257360959651039,0.7257590597453476,0.3925081433224756,0.23984727525164876,0.5882608695652175,0.3333333333333333
3P242045,여자,40대,사무 종사자,대학교 졸업(전문대졸/대학원생 포함),제주특별자치도,1인 가구,미혼(사별/이혼 포함),맞벌이 하지 않음,200-300만원 미만,0.2379252414951701,0.143358347139655,0.0962058193815591,0.14230503795721186,0.14000808516372457,0.13271604938271606,0.23324003731840598,1,0.785820895522388,0.49267192784667413,0.49918211559432935,0.8628795298726737,0.631270358306189,0.30406108989934055,0.5173913043478261,0.3333333333333333
4D050001,여자,50대,서비스 종사자,대학교 졸업(전문대졸/대학원생 포함),대구광역시,2세대가족,기혼,맞벌이 함,500-600만원 미만,0.14258714825703486,0.14140921937433,0.04292583622898459,0.136783988957902,0.04574855140816602,0.11120756172839506,0.29761428761828607,0,0.4470149253731343,0.48515595640736564,0.08533260632497272,0.8237022526934379,0.17557003257328996,0.22665741062131203,0.7273913043478263,0.0
1A000003,여자,30대,사무 종사자,대학교 졸업(전문대졸/대학원생 포함),서울특별시,1인 가구,미혼(사별/이혼 포함),맞벌이 하지 않음,200-300만원 미만,0.15959680806383872,0.17210798167819902,0.053806465199536704,0.10848861283643892,0.08213178816871042,0.09548611111111112,0.22124483539917367,1,0.5074626865671641,0.603532506576475,0.16984732824427487,0.622918707149853,0.35146579804560263,0.17007983339118363,0.4782608695652174,0.3333333333333333
1C000929,여자,40대,사무 종사자,대학교 졸업(전문대졸/대학원생 포함),인천광역시,1인 가구,미혼(사별/이혼 포함),맞벌이 하지 않음,300-400만원 미만,0.20432591348173038,0.20475587174739304,0.06823207328630095,0.13954451345755692,0.09695458833041369,0.13532021604938274,0.22257763561242172,1,0.6664179104477612,0.7294250281848929,0.281897491821156,0.8432908912830557,0.42312703583061895,0.31343283582089565,0.482608695652174,0.3333333333333333
4K189018,여자,60대 이상,주부,중졸 이하,전라북도,1인 가구,미혼(사별/이혼 포함),맞벌이 하지 않음,100만원 미만,0.10730785384292314,0.11967644479095606,0.07398827699975431,0.1336093857832988,0.0674437407357499,0.19926697530864199,0.25989604158336665,1,0.3216417910447761,0.4013528748590755,0.326608505997819,0.8011753183153769,0.2804560260586319,0.5435612634501908,0.6043478260869565,0.3333333333333333
3P242050,여자,30대,사무 종사자,대학교 졸업(전문대졸/대학원생 포함),제주특별자치도,2세대가족,기혼,맞벌이 함,400-500만원 미만,0.17051658966820665,0.14725660267030505,0.08100803762591696,0.12298136645962732,0.10018865382023985,0.15962577160493827,0.23324003731840598,0,0.5462686567164179,0.5077038707252912,0.38113413304252997,0.7257590597453476,0.4387622149837134,0.40090246442207556,0.5173913043478261,0.0
3P242055,여자,30대,사무 종사자,대학교 졸업(전문대졸/대학원생 포함),제주특별자치도,2세대가족,기혼,맞벌이 함,500-600만원 미만,0.19025619487610246,0.16772244420621774,0.07258432487452178,0.12022084195997239,0.08833041369087723,0.14621913580246915,0.25456484073037455,0,0.6164179104477611,0.5866215708380308,0.3157033805888767,0.7061704211557296,0.3814332247557003,0.3526553280111072,0.5869565217391305,0.0
4D051001,여자,50대,서비스 종사자,대학교 졸업(전문대졸/대학원생 포함),대구광역시,2세대가족,기혼,맞벌이 함,600-700만원 미만,0.13124737505249895,0.11704512230776729,0.04387350391351655,0.13954451345755692,0.05423797331895971,0.11988811728395062,0.3038784486205518,0,0.40671641791044766,0.39120631341600903,0.09269356597600872,0.8432908912830557,0.21661237785016285,0.25789656369316205,0.7478260869565218,0.0
3P242060,여자,50대,서비스 종사자,고졸(대학 재학 포함),제주특별자치도,1세대가족,기혼,맞벌이 함,500-600만원 미만,0.2242755144897102,0.14725660267030505,0.08567617844231512,0.12574189095928226,0.11777388492116966,0.14120370370370372,0.25189924030387845,2,0.7373134328358208,0.5077038707252912,0.41739367502726277,0.7453476983349656,0.5237785016286646,0.3346060395695939,0.5782608695652174,0.6666666666666666
1H000490,남자,60대 이상,서비스 종사자,대학교 졸업(전문대졸/대학원생 포함),경기도,1인 가구,미혼(사별/이혼 포함),맞벌이 하지 않음,300-400만원 미만,0.17240655186896262,0.1306890166650424,0.11979221508546559,0.13954451345755692,0.1410861069936666,0.14824459876543208,0.11062241769958683,1,0.5529850746268656,0.44381811349116873,0.6823882224645583,0.8432908912830557,0.6364820846905538,0.35994446372787214,0.1173913043478261,0.3333333333333333
4D051002,여자,60대 이상,주부,중졸 이하,대구광역시,1세대가족,기혼,맞벌이 하지 않음,100-200만원 미만,0.15770684586308273,0.13312542637169866,0.074795549471763,0.1305728088336784,0.0627273952297534,0.13271604938271606,0.2918832467013195,3,0.5007462686567163,0.4532130777903043,0.3328789531079607,0.7796278158667971,0.25765472312703586,0.30406108989934055,0.7086956521739131,1.0
1D000364,여자,50대,서비스 종사자,고졸(대학 재학 포함),대구광역시,2세대가족,기혼,맞벌이 함,400-500만원 미만,0.1383872322553549,0.11509599454244226,0.05405215682145239,0.136783988957902,0.07896509904325563,0.12808641975308643,0.27588964414234307,2,0.4320895522388059,0.3836903419767005,0.17175572519083968,0.8237022526934379,0.336156351791531,0.28740020826102053,0.6565217391304348,0.6666666666666666
3D052035,여자,60대 이상,사무 종사자,고졸(대학 재학 포함),대구광역시,1세대가족,기혼,맞벌이 함,400-500만원 미만,0.1663166736665267,0.20085761621674303,0.06872345653013233,0.13402346445824706,0.0803126263306832,0.14949845679012347,0.21324803411968546,2,0.5313432835820896,0.7143930853062759,0.2857142857142857,0.8041136141038197,0.342671009771987,0.3644567858382506,0.4521739130434782,0.6666666666666666
3D051007,여자,60대 이상,주부,고졸(대학 재학 포함),대구광역시,1세대가족,기혼,맞벌이 하지 않음,200-300만원 미만,0.15392692146157078,0.13946009160900497,0.06398511810747254,0.136783988957902,0.06757849346449266,0.12210648148148148,0.2825536452085832,3,0.4873134328358208,0.47763998496805704,0.24890948745910577,0.8237022526934379,0.28110749185667755,0.26587990281152374,0.6782608695652174,1.0
1D000236,여자,60대 이상,사무 종사자,고졸(대학 재학 포함),대구광역시,1세대가족,기혼,맞벌이 함,600-700만원 미만,0.10877782444351113,0.20056524705194428,0.09374890316240217,0.13636991028295375,0.0881282845977631,0.11863425925925926,0.2145808343329335,2,0.326865671641791,0.7132656895903796,0.4800981461286805,0.8207639569049949,0.38045602605863194,0.2533842415827837,0.4565217391304348,0.6666666666666666
3D059003,남자,20대,기능원 및 관련 기능 종사자,대학교 졸업(전문대졸/대학원생 포함),대구광역시,1인 가구,미혼(사별/이혼 포함),맞벌이 하지 않음,300-400만원 미만,0.1713565728685426,0.1862391579768054,0.06661752834228353,0.14782608695652172,0.07923460450074113,0.1560570987654321,0.20924963347994138,1,0.5492537313432835,0.6580232995114619,0.2693565976008724,0.9020568070519097,0.33745928338762216,0.3880597014925373,0.4391304347826087,0.3333333333333333
3D052040,여자,60대 이상,사무 종사자,대학교 졸업(전문대졸/대학원생 포함),대구광역시,1세대가족,기혼,맞벌이 함,400-500만원 미만,0.2005459890802184,0.1755189552675178,0.09855743919132358,0.1285024154589372,0.11440506670260073,0.16338734567901236,0.194588831134213,0,0.6529850746268656,0.6166854565952649,0.5174482006543075,0.7649363369245838,0.5074918566775245,0.41443943075321066,0.3913043478260869,0.0
1D000238,남자,50대,기능원 및 관련 기능 종사자,대학교 졸업(전문대졸/대학원생 포함),대구광역시,1인 가구,미혼(사별/이혼 포함),맞벌이 하지 않음,200-300만원 미만,0.09029819403611929,0.17054867946593902,0.07216313923695201,0.11870255348516218,0.07114944077617572,0.10223765432098766,0.27055844328935097,1,0.26119402985074625,0.5975197294250282,0.3124318429661941,0.6953966699314398,0.298371335504886,0.19437695244706701,0.6391304347826088,0.3333333333333333
1H000493,여자,50대,주부,대학교 졸업(전문대졸/대학원생 포함),경기도,2세대가족,기혼,맞벌이 하지 않음,500-600만원 미만,0.2045359092818144,0.11412143065977975,0.12084517917938999,0.1285024154589372,0.133674706912815,0.14409722222222224,0.10262561642009864,3,0.6671641791044777,0.3799323562570462,0.690567066521265,0.7649363369245838,0.6006514657980457,0.34501909059354396,0.09130434782608701,1.0
4I221022,여자,60대 이상,단순노무 종사자,중졸 이하,경상북도,1인 가구,미혼(사별/이혼 포함),맞벌이 하지 않음,100-200만원 미만,0.19403611927761447,0.15797680537959263,0.09445087922501844,0.13126293995859212,0.09863899743969816,0.18258101851851855,0.19898707183793152,1,0.6298507462686567,0.5490417136414881,0.48555070883315166,0.7845249755142016,0.431270358306189,0.48351266921207914,0.40565217391304353,0.3333333333333333
4D059002,남자,60대 이상,기능원 및 관련 기능 종사자,고졸(대학 재학 포함),대구광역시,1인 가구,미혼(사별/이혼 포함),맞벌이 하지 않음,300-400만원 미만,0.17660646787064258,0.16772244420621774,0.07170685479625145,0.1285024154589372,0.09641557741544265,0.1429398148148148,0.16526722644275624,1,0.5679104477611939,0.5866215708380308,0.3088876772082879,0.7649363369245838,0.42052117263843647,0.34085387018396385,0.29565217391304344,0.3333333333333333
1D000244,여자,40대,사무 종사자,대학교 졸업(전문대졸/대학원생 포함),대구광역시,2세대가족,기혼,맞벌이 함,400-500만원 미만,0.0755984880302394,0.168599551700614,0.10083886139482644,0.11870255348516218,0.07175582805551813,0.11284722222222222,0.2385712381713981,0,0.208955223880597,0.5900037579857197,0.5351690294438386,0.6953966699314398,0.30130293159609123,0.23255813953488372,0.5347826086956522,0.0
1D000249,여자,60대 이상,주부,대학교 졸업(전문대졸/대학원생 포함),대구광역시,1세대가족,기혼,맞벌이 하지 않음,200-300만원 미만,0.09449811003779925,0.13838807133807624,0.10652486750201819,0.11594202898550725,0.07734806629834254,0.11863425925925926,0.22124483539917367,3,0.2761194029850746,0.47350620067643745,0.5793347873500545,0.6758080313418218,0.3283387622149837,0.2533842415827837,0.4782608695652174,1.0
1E000189,여자,60대 이상,판매 종사자,대학교 졸업(전문대졸/대학원생 포함),대전광역시,2세대가족,기혼,맞벌이 함,500-600만원 미만,0.12872742545149096,0.17844264691550532,0.1145273946158436,0.14230503795721186,0.0966177065085568,0.138695987654321,0.16126882580301213,0,0.39776119402985066,0.6279594137542277,0.641494002181025,0.8628795298726737,0.42149837133550494,0.32558139534883723,0.28260869565217395,0.0
1E000233,남자,40대,사무 종사자,대학교 졸업(전문대졸/대학원생 포함),대전광역시,2세대가족,기혼,맞벌이 함,600-700만원 미만,0.15518689626207477,0.1496930123769613,0.11157909515285529,0.1305728088336784,0.09089071553698963,0.12789351851851852,0.21857923497267762,0,0.4917910447761194,0.5170988350244269,0.6185932388222464,0.7796278158667971,0.3938110749185668,0.28670600485942377,0.4695652173913044,0.0
1E000244,여자,30대,사무 종사자,대학교 졸업(전문대졸/대학원생 포함),대전광역시,2세대가족,기혼,맞벌이 함,600-700만원 미만,0.1476270474590508,0.1448201929636488,0.12818082903372996,0.13609385783298825,0.12437676862956475,0.12181712962962964,0.18525922964147676,0,0.4649253731343282,0.49830890642615555,0.747546346782988,0.8188050930460331,0.5557003257328991,0.26483859770912876,0.36086956521739133,0.0
4G102036,여자,50대,서비스 종사자,대학교 졸업(전문대졸/대학원생 포함),울산광역시,2세대가족,미혼(사별/이혼 포함),맞벌이 하지 않음,400-500만원 미만,0.1742965140697186,0.15895136926225514,0.08943175037731214,0.15886818495514146,0.10214256838700983,0.12731481481481483,0.2385712381713981,1,0.5597014925373134,0.5527996993611424,0.44656488549618323,0.9804113614103818,0.4482084690553746,0.2846233946546338,0.5347826086956522,0.3333333333333333
1B000111,여자,40대,사무 종사자,대학교 졸업(전문대졸/대학원생 포함),부산광역시,2세대가족,기혼,맞벌이 함,500-600만원 미만,0.12200755984880303,0.1531039859662801,0.0758485135656874,0.14782608695652172,0.11265328122894487,0.14380787037037038,0.18032786885245905,0,0.3738805970149253,0.5302517850432169,0.34105779716466733,0.9020568070519097,0.49902280130293153,0.3439777854911489,0.34478260869565225,0.0
1B000116,여자,60대 이상,주부,고졸(대학 재학 포함),부산광역시,1세대가족,기혼,맞벌이 하지 않음,200-300만원 미만,0.0856782864342713,0.14043465549166748,0.0795689866975536,0.13126293995859212,0.08172752998248214,0.10223765432098766,0.20125283220045317,3,0.244776119402985,0.4813979706877113,0.36995637949836413,0.7845249755142016,0.34951140065146585,0.19437695244706701,0.4130434782608696,1.0
1B000114,여자,60대 이상,주부,대학교 졸업(전문대졸/대학원생 포함),부산광역시,1세대가족,기혼,맞벌이 하지 않음,200-300만원 미만,0.1392272154556909,0.16187506091024267,0.0803411603664315,0.13126293995859212,0.06306427705161029,0.1266396604938272,0.2443022790883647,3,0.43507462686567155,0.5640736565201052,0.3759541984732824,0.7845249755142016,0.2592833876221498,0.28219368274904555,0.5534782608695653,1.0
1B000113,남자,60대 이상,사무 종사자,대학교 졸업(전문대졸/대학원생 포함),부산광역시,2세대가족,기혼,맞벌이 함,600-700만원 미만,0.13019739605207897,0.16869700808888025,0.050472078902109446,0.12298136645962732,0.08731976822530656,0.14313271604938274,0.1599360255897641,0,0.40298507462686567,0.590379556557685,0.14394765539803714,0.7257590597453476,0.37654723127035833,0.3415480735855606,0.27826086956521745,0.0
1O001197,남자,50대,사무 종사자,대학교 졸업(전문대졸/대학원생 포함),강원도,2세대가족,기혼,맞벌이 함,800-900만원 미만,0.06362872742545149,0.11899425007309229,0.1309536344810642,0.14230503795721186,0.09695458833041369,0.15721450617283952,0.18659202985472478,0,0.16641791044776116,0.3987222848553175,0.7690839694656489,0.8628795298726737,0.42312703583061895,0.39222492190211733,0.3652173913043478,0.0
1F000118,여자,60대 이상,판매 종사자,고졸(대학 재학 포함),광주광역시,1세대가족,기혼,맞벌이 함,400-500만원 미만,0.16400671986560267,0.12776532501705487,0.07240883085886772,0.12298136645962732,0.09169923190944616,0.1619405864197531,0.20791683326669333,2,0.5231343283582088,0.4325441563322059,0.31434023991275906,0.7257590597453476,0.3977198697068404,0.4092329052412357,0.4347826086956522,0.6666666666666666
1F000123,여자,60대 이상,판매 종사자,고졸(대학 재학 포함),광주광역시,1세대가족,기혼,맞벌이 함,500-600만원 미만,0.1507769844603108,0.1199688139557548,0.07451475904671652,0.11469979296066252,0.08947581188519069,0.15335648148148148,0.22391043582566975,2,0.47611940298507455,0.40248027057497177,0.33069792802617237,0.6669931439764936,0.386970684039088,0.3783408538701839,0.4869565217391305,0.6666666666666666
1D000932,남자,60대 이상,장치·기계 조작 및 조립 종사자,대학교 졸업(전문대졸/대학원생 포함),대구광역시,1세대가족,기혼,맞벌이 함,500-600만원 미만,0.2001259974800504,0.20767956339538057,0.07595380997507985,0.14782608695652172,0.10315321385258051,0.15326003086419754,0.18259362921498068,0,0.6514925373134327,0.7406989853438556,0.341875681570338,0.9020568070519097,0.45309446254071667,0.3779937521693856,0.3521739130434782,0.0
1H000494,여자,50대,주부,대학교 졸업(전문대졸/대학원생 포함),경기도,2세대가족,기혼,맞벌이 하지 않음,600-700만원 미만,0.1652666946661067,0.14530747490498003,0.12288090976097717,0.14230503795721186,0.18717154022368954,0.1358024691358025,0.09996001599360256,3,0.5276119402985074,0.5001878992859827,0.7063794983642313,0.8628795298726737,0.85928338762215,0.3151683443248873,0.08260869565217391,1.0
1F000129,남자,60대 이상,판매 종사자,대학교 졸업(전문대졸/대학원생 포함),광주광역시,2세대가족,기혼,맞벌이 함,500-600만원 미만,0.15875682486350273,0.11801968619042978,0.05836930960654242,0.1285024154589372,0.09291200646813098,0.1257716049382716,0.22790883646541385,0,0.5044776119402985,0.3949642991356632,0.20528898582333702,0.7649363369245838,0.40358306188925086,0.2790697674418605,0.5,0.0
1O001219,여자,60대 이상,주부,고졸(대학 재학 포함),강원도,1세대가족,기혼,맞벌이 하지 않음,200-300만원 미만,0.04619907601847963,0.11509599454244226,0.13200659857498862,0.13954451345755692,0.09196873736693167,0.16242283950617284,0.1599360255897641,3,0.10447761194029849,0.3836903419767005,0.7772628135223557,0.8432908912830557,0.3990228013029316,0.4109684137452273,0.27826086956521745,1.0
1D000697,남자,30대,장치·기계 조작 및 조립 종사자,대학교 졸업(전문대졸/대학원생 포함),대구광역시,1인 가구,미혼(사별/이혼 포함),맞벌이 하지 않음,300-400만원 미만,0.1511969760604788,0.10242666406782965,0.1060334842581868,0.12574189095928226,0.10443336477563671,0.14081790123456792,0.09462881514061043,1,0.47761194029850745,0.334836527621195,0.5755179934569248,0.7453476983349656,0.45928338762214993,0.3332176327664006,0.06521739130434787,0.3333333333333333
1D000250,여자,50대,주부,고졸(대학 재학 포함),대구광역시,1세대가족,기혼,맞벌이 하지 않음,300-400만원 미만,0.09449811003779925,0.17522658610271907,0.09546874451581201,0.12808833678398895,0.08038000269505458,0.11477623456790124,0.194588831134213,3,0.2761194029850746,0.6155580608793687,0.49345692475463465,0.7619980411361409,0.3429967426710098,0.23950017355085043,0.3913043478260869,1.0
1D000936,여자,60대 이상,사무 종사자,대학교 졸업(전문대졸/대학원생 포함),대구광역시,1세대가족,기혼,맞벌이 함,500-600만원 미만,0.1883662326753465,0.19501023292076797,0.09796075953809977,0.15058661145617666,0.10423123568252256,0.16589506172839508,0.20391843262694923,0,0.6097014925373134,0.6918451709883502,0.5128135223555071,0.9216454456415277,0.45830618892508146,0.4234640749739673,0.4217391304347826,0.0
3O159002,여자,60대 이상,단순노무 종사자,고졸(대학 재학 포함),강원도,1인 가구,미혼(사별/이혼 포함),맞벌이 하지 않음,200-300만원 미만,0.041999160016799666,0.11509599454244226,0.1280404338212067,0.136783988957902,0.07970623905134079,0.17476851851851852,0.18965747034519528,1,0.08955223880597014,0.3836903419767005,0.7464558342420937,0.8237022526934379,0.3397394136807818,0.45539743144741407,0.37521739130434795,0.3333333333333333
1F000135,여자,60대 이상,판매 종사자,고졸(대학 재학 포함),광주광역시,2세대가족,기혼,맞벌이 함,600-700만원 미만,0.20978580428391433,0.16284962479290518,0.06714401038924574,0.12574189095928226,0.09715671742352781,0.11988811728395062,0.20924963347994138,2,0.685820895522388,0.5678316422397595,0.27344601962922577,0.7453476983349656,0.42410423452768725,0.25789656369316205,0.4391304347826087,0.6666666666666666
1H000501,여자,50대,주부,대학교 졸업(전문대졸/대학원생 포함),경기도,2세대가족,기혼,맞벌이 하지 않음,500-600만원 미만,0.1591768164636707,0.18234090244615536,0.10610368186444843,0.1450655624568668,0.14095135426492386,0.15808256172839508,0.11328801812608291,3,0.5059701492537313,0.6429913566328448,0.5760632497273719,0.8824681684622917,0.6358306188925082,0.39534883720930236,0.12608695652173915,1.0
4P243004,여자,60대 이상,주부,고졸(대학 재학 포함),제주특별자치도,2세대가족,미혼(사별/이혼 포함),맞벌이 하지 않음,100-200만원 미만,0.16358672826543472,0.12289250560374233,0.04748868063599032,0.10089717046238784,0.07155369896240399,0.09693287037037038,0.23990403838464616,3,0.5216417910447761,0.4137542277339346,0.12077426390403498,0.5690499510284035,0.3003257328990228,0.17528635890315866,0.5391304347826088,1.0
4P243006,여자,50대,서비스 종사자,대학교 졸업(전문대졸/대학원생 포함),제주특별자치도,2세대가족,기혼,맞벌이 하지 않음,300-400만원 미만,0.20684586308273836,0.17162069973686775,0.05127935137411814,0.12298136645962732,0.07411400080851636,0.12876157407407407,0.2145808343329335,0,0.6753731343283582,0.6016535137166478,0.15021810250817882,0.7257590597453476,0.3127035830618892,0.2898299201666088,0.4565217391304348,0.0
4P243008,여자,40대,전문가 및 관련 종사자,대학교 졸업(전문대졸/대학원생 포함),제주특별자치도,1인 가구,미혼(사별/이혼 포함),맞벌이 하지 않음,100-200만원 미만,0.16778664426711468,0.14823116655296756,0.051068758555333264,0.11193926846100759,0.06596146071957958,0.10059799382716049,0.23324003731840598,1,0.5365671641791045,0.5114618564449455,0.14858233369683752,0.6474045053868756,0.27328990228013034,0.18847622353349527,0.5173913043478261,0.3333333333333333
4P243010,여자,20대,전문가 및 관련 종사자,대학원 졸업 이상,제주특별자치도,1인 가구,미혼(사별/이혼 포함),맞벌이 하지 않음,200-300만원 미만,0.20264594708105838,0.20280674398206805,0.043908602716647364,0.11469979296066252,0.0636706643309527,0.09895833333333333,0.1639344262295082,1,0.6604477611940298,0.7219090567455844,0.09296619411123228,0.6669931439764936,0.26221498371335505,0.1825754946199236,0.29130434782608694,0.3333333333333333
1D000937,남자,30대,기능원 및 관련 기능 종사자,대학교 졸업(전문대졸/대학원생 포함),대구광역시,1인 가구,미혼(사별/이혼 포함),맞벌이 하지 않음,300-400만원 미만,0.19592608147837043,0.21547607445668066,0.08462321434839072,0.14230503795721186,0.1025468265732381,0.16849922839506173,0.23324003731840598,1,0.6365671641791044,0.7707628711010898,0.4092148309705561,0.8628795298726737,0.4501628664495114,0.4328358208955223,0.5173913043478261,0.3333333333333333
4P243026,남자,50대,사무 종사자,대학교 졸업(전문대졸/대학원생 포함),제주특별자치도,2세대가족,기혼,맞벌이 하지 않음,400-500만원 미만,0.19739605207895844,0.2310690965792808,0.05678986346565583,0.12298136645962732,0.06670260072766473,0.09934413580246915,0.1749966679994669,0,0.6417910447761194,0.830890642615558,0.19302071973827703,0.7257590597453476,0.2768729641693811,0.183963901423117,0.32739130434782615,0.0
4P243028,남자,20대,전문가 및 관련 종사자,대학교 졸업(전문대졸/대학원생 포함),제주특별자치도,1인 가구,미혼(사별/이혼 포함),맞벌이 하지 않음,200-300만원 미만,0.1633767324653507,0.20183218009940554,0.04871713874556878,0.12022084195997239,0.06016709338364101,0.10927854938271606,0.18659202985472478,1,0.5208955223880597,0.7181510710259301,0.13031624863685934,0.7061704211557296,0.2452768729641694,0.21971537660534537,0.3652173913043478,0.3333333333333333
4P243030,여자,20대,전문가 및 관련 종사자,대학교 졸업(전문대졸/대학원생 포함),제주특별자치도,1인 가구,미혼(사별/이혼 포함),맞벌이 하지 않음,100-200만원 미만,0.1742965140697186,0.18429003021148038,0.053560773577621006,0.12022084195997239,0.0727664735210888,0.146508487654321,0.1985872317739571,1,0.5597014925373134,0.6505073280721533,0.16793893129770995,0.7061704211557296,0.3061889250814332,0.3536966331135023,0.4043478260869565,0.3333333333333333
1D000257,남자,60대 이상,기능원 및 관련 기능 종사자,대학교 졸업(전문대졸/대학원생 포함),대구광역시,1세대가족,기혼,맞벌이 하지 않음,300-400만원 미만,0.09449811003779925,0.11382906149498101,0.1171598048506546,0.12808833678398895,0.08934105915644791,0.1234567901234568,0.19992003198720512,3,0.2761194029850746,0.3788049605411499,0.6619411123227916,0.7619980411361409,0.3863192182410424,0.2707393266227005,0.408695652173913,1.0
1D000273,여자,30대,사무 종사자,대학교 졸업(전문대졸/대학원생 포함),대구광역시,1세대가족,기혼,맞벌이 함,600-700만원 미만,0.08504829903401932,0.1457947568463113,0.08213119932610298,0.1305728088336784,0.07734806629834254,0.1080246913580247,0.20391843262694923,0,0.2425373134328358,0.5020668921458099,0.3898582333696837,0.7796278158667971,0.3283387622149837,0.21520305449496704,0.4217391304347826,0.0
1H000502,여자,60대 이상,주부,고졸(대학 재학 포함),경기도,1인 가구,미혼(사별/이혼 포함),맞벌이 하지 않음,200-300만원 미만,0.21062578748425032,0.1531039859662801,0.1166333228036924,0.1533471359558316,0.18838431478237436,0.1413966049382716,0.1052912168465947,1,0.6888059701492537,0.5302517850432169,0.6578516902944384,0.9412340842311457,0.8651465798045604,0.33530024297119054,0.1,0.3333333333333333
1D000277,여자,60대 이상,서비스 종사자,고졸(대학 재학 포함),대구광역시,1세대가족,기혼,맞벌이 함,400-500만원 미만,0.09449811003779925,0.12279504921547608,0.11845846056649469,0.1131815044858523,0.06872389165880609,0.10706018518518519,0.2065840330534453,2,0.2761194029850746,0.41337842916196915,0.6720283533260633,0.6562193927522038,0.28664495114006516,0.2117320374869837,0.4304347826086957,0.6666666666666666
3O159003,여자,50대,주부,고졸(대학 재학 포함),강원도,1세대가족,기혼,맞벌이 하지 않음,500-600만원 미만,0.05522889542209156,0.11704512230776729,0.1216524516513987,0.14230503795721186,0.07788707721331356,0.15248842592592593,0.19632147141143547,3,0.13656716417910447,0.39120631341600903,0.6968375136314068,0.8628795298726737,0.3309446254071661,0.37521693856299887,0.39695652173913054,1.0
3D049018,여자,50대,서비스 종사자,고졸(대학 재학 포함),대구광역시,2세대가족,기혼,맞벌이 하지 않음,200-300만원 미만,0.11339773204535909,0.1352694669135562,0.11410620897827385,0.12808833678398895,0.08947581188519069,0.12152777777777778,0.21857923497267762,3,0.3432835820895522,0.4614806463735438,0.6382224645583424,0.7619980411361409,0.386970684039088,0.2637972926067338,0.4695652173913044,1.0
3D049020,여자,50대,서비스 종사자,대학교 졸업(전문대졸/대학원생 포함),대구광역시,1인 가구,미혼(사별/이혼 포함),맞벌이 하지 않음,300-400만원 미만,0.09449811003779925,0.10720202709287595,0.09136218454950687,0.1131815044858523,0.07007141894623366,0.1253858024691358,0.22790883646541385,1,0.2761194029850746,0.35325065764750097,0.4615594329334788,0.6562193927522038,0.2931596091205212,0.2776813606386671,0.5,0.3333333333333333
4D049001,여자,60대 이상,주부,고졸(대학 재학 포함),대구광역시,1세대가족,기혼,맞벌이 하지 않음,200-300만원 미만,0.09974800503989921,0.14228632686872625,0.11242146642799482,0.11870255348516218,0.07781970084894219,0.11477623456790124,0.2145808343329335,3,0.29477611940298504,0.4885381435550544,0.6251363140676118,0.6953966699314398,0.3306188925081433,0.23950017355085043,0.4565217391304348,1.0
1D000960,여자,60대 이상,서비스 종사자,대학교 졸업(전문대졸/대학원생 포함),대구광역시,2세대가족,기혼,맞벌이 함,600-700만원 미만,0.16652666946661066,0.16577331644089272,0.10926257414622162,0.136783988957902,0.10618515024929254,0.16830632716049385,0.22524323603891777,0,0.5320895522388058,0.5791055993987223,0.6005997818974919,0.8237022526934379,0.4677524429967427,0.43214161749392577,0.491304347826087,0.0
1H000503,남자,50대,전문가 및 관련 종사자,대학교 졸업(전문대졸/대학원생 포함),경기도,1인 가구,미혼(사별/이혼 포함),맞벌이 하지 않음,400-500만원 미만,0.19550608987820242,0.1638241886755677,0.10505071777052404,0.136783988957902,0.15941247810268158,0.15634645061728394,0.1052912168465947,1,0.6350746268656715,0.5715896279594137,0.5678844056706652,0.8237022526934379,0.7250814332247558,0.3891010065949322,0.1,0.3333333333333333
1O001209,여자,60대 이상,주부,중졸 이하,강원도,1세대가족,기혼,맞벌이 하지 않음,200-300만원 미만,0.05144897102057959,0.11899425007309229,0.11410620897827385,0.14230503795721186,0.07984099178008354,0.1726466049382716,0.1905904304944689,3,0.12313432835820894,0.3987222848553175,0.6382224645583424,0.8628795298726737,0.34039087947882735,0.4477611940298507,0.37826086956521743,1.0
3P239020,여자,60대 이상,판매 종사자,고졸(대학 재학 포함),제주특별자치도,1세대가족,기혼,맞벌이 함,"1,000만원 이상",0.11045779084418313,0.10340122795049216,0.13930714962619775,0.12022084195997239,0.1522032071149441,0.0998263888888889,0.10169265627082501,2,0.3328358208955224,0.3385945133408493,0.8339694656488549,0.7061704211557296,0.6902280130293161,0.18569940992710868,0.08826086956521742,0.6666666666666666
1C000296,여자,30대,사무 종사자,대학교 졸업(전문대졸/대학원생 포함),인천광역시,1세대가족,기혼,맞벌이 함,500-600만원 미만,0.16736665266694667,0.1487184484942988,0.07433926503106245,0.1305728088336784,0.07647217356151462,0.1410108024691358,0.3038784486205518,0,0.5350746268656716,0.5133408493047725,0.3293347873500545,0.7796278158667971,0.32410423452768733,0.33391183616799713,0.7478260869565218,0.0
1O001230,여자,60대 이상,주부,중졸 이하,강원도,1인 가구,미혼(사별/이혼 포함),맞벌이 하지 않음,100-200만원 미만,0.05144897102057959,0.13458727219569244,0.12488154153943351,0.14230503795721186,0.08880204824147689,0.18364197530864199,0.15367186458749835,1,0.12313432835820894,0.4588500563697858,0.7219193020719739,0.8628795298726737,0.38371335504885995,0.4873307879208608,0.25782608695652176,0.3333333333333333
1Q000051,여자,60대 이상,판매 종사자,고졸(대학 재학 포함),세종특별자치시,1세대가족,기혼,맞벌이 함,500-600만원 미만,0.19634607307853844,0.14433291102231752,0.09855743919132358,0.13402346445824706,0.08408570273548038,0.18277391975308643,0.19992003198720512,2,0.6380597014925373,0.4964299135663284,0.5174482006543075,0.8041136141038197,0.36091205211726385,0.4842068726136758,0.408695652173913,0.6666666666666666
1C000298,여자,50대,관리자,대학교 졸업(전문대졸/대학원생 포함),인천광역시,2세대가족,기혼,맞벌이 함,800-900만원 미만,0.1742965140697186,0.11850696813176104,0.08357025025446632,0.1388543823326432,0.08711763913219243,0.13368055555555555,0.3296014927362389,0,0.5597014925373134,0.39684329199549034,0.40103598691384945,0.8383937316356511,0.37557003257328997,0.3075321069073238,0.8317391304347829,0.0
4I218034,남자,60대 이상,판매 종사자,고졸(대학 재학 포함),경상북도,2세대가족,미혼(사별/이혼 포함),맞벌이 하지 않음,300-400만원 미만,0.08399832003359933,0.15339635513107885,0.06152820188831561,0.12022084195997239,0.07923460450074113,0.14814814814814814,0.1985872317739571,1,0.2388059701492537,0.5313791807591131,0.22982551799345693,0.7061704211557296,0.33745928338762216,0.3595973620270738,0.4043478260869565,0.3333333333333333
4I218038,남자,30대,서비스 종사자,대학교 졸업(전문대졸/대학원생 포함),경상북도,3세대가족,기혼,맞벌이 하지 않음,400-500만원 미만,0.06089878202435951,0.1199688139557548,0.08318416342002738,0.1285024154589372,0.07822395903517046,0.10445601851851852,0.15060642409702787,1,0.15671641791044771,0.40248027057497177,0.3980370774263904,0.7649363369245838,0.33257328990228013,0.20236029156542865,0.24782608695652183,0.3333333333333333
4I218042,남자,60대 이상,단순노무 종사자,중졸 이하,경상북도,1인 가구,미혼(사별/이혼 포함),맞벌이 하지 않음,300-400만원 미만,0.06152876942461151,0.170938505019004,0.047769471061036815,0.14230503795721186,0.06279477159412478,0.1263503086419753,0.2443022790883647,1,0.15895522388059702,0.5990229237128899,0.12295528898582328,0.8628795298726737,0.2579804560260586,0.28115237764665046,0.5534782608695653,0.3333333333333333
4I218046,여자,50대,사무 종사자,대학교 졸업(전문대졸/대학원생 포함),경상북도,1세대가족,기혼,맞벌이 함,400-500만원 미만,0.07937841243175137,0.17162069973686775,0.059562668912990065,0.13402346445824706,0.05531599514890176,0.15991512345679015,0.23723843795815008,0,0.2223880597014925,0.6016535137166478,0.21455834242093783,0.8041136141038197,0.2218241042345277,0.40194376952447075,0.5304347826086957,0.0
1N000544,여자,50대,서비스 종사자,고졸(대학 재학 포함),충청남도,1인 가구,미혼(사별/이혼 포함),맞벌이 하지 않음,200-300만원 미만,0.1864762704745905,0.21723028944547318,0.06714401038924574,0.13333333333333333,0.06589408435520819,0.17515432098765432,0.21857923497267762,1,0.6029850746268656,0.7775272453964676,0.27344601962922577,0.7992164544564153,0.2729641693811075,0.45678583825060737,0.4695652173913044,0.3333333333333333
1N000541,여자,50대,사무 종사자,대학교 졸업(전문대졸/대학원생 포함),충청남도,2세대가족,기혼,맞벌이 함,600-700만원 미만,0.20705585888282232,0.20982360393723812,0.08206100171984136,0.12187715665976535,0.08705026276782103,0.1736111111111111,0.24790083966413437,0,0.6761194029850744,0.7489665539270951,0.3893129770992366,0.7179236043095005,0.37524429967426703,0.45123221103783395,0.5652173913043479,0.0
1N000542,여자,40대,주부,대학교 졸업(전문대졸/대학원생 포함),충청남도,2세대가족,기혼,맞벌이 하지 않음,600-700만원 미만,0.22742545149097018,0.21303966475002437,0.0787266154224141,0.1388543823326432,0.08597224093787899,0.1964699074074074,0.2572304411568706,3,0.7485074626865671,0.7613679068019541,0.3634133042529989,0.8383937316356511,0.3700325732899023,0.5334953141270392,0.5956521739130435,1.0
1N000548,여자,50대,서비스 종사자,대학교 졸업(전문대졸/대학원생 포함),충청남도,2세대가족,기혼,맞벌이 함,700-800만원 미만,0.19487610247795045,0.24617483676054966,0.07216313923695201,0.13333333333333333,0.08678075731033554,0.16772762345679013,0.21591363454618154,0,0.6328358208955224,0.8891394212701991,0.3124318429661941,0.7992164544564153,0.37394136807817596,0.4300590072891357,0.4608695652173913,0.0
1N000550,여자,50대,서비스 종사자,대학교 졸업(전문대졸/대학원생 포함),충청남도,1인 가구,미혼(사별/이혼 포함),맞벌이 하지 않음,200-300만원 미만,0.17240655186896262,0.19452295097943673,0.05092836334281001,0.147135955831608,0.0627273952297534,0.12239583333333334,0.21991203518592564,1,0.5529850746268656,0.6899661781285231,0.14749182115594325,0.8971596474045052,0.25765472312703586,0.2669212079139188,0.4739130434782609,0.3333333333333333
1N000578,여자,40대,서비스 종사자,대학교 졸업(전문대졸/대학원생 포함),충청남도,1인 가구,미혼(사별/이혼 포함),맞벌이 하지 않음,200-300만원 미만,0.19739605207895844,0.17405710944352404,0.0397669439472114,0.12229123533471359,0.06333378250909581,0.1593364197530864,0.23723843795815008,1,0.6417910447761194,0.6110484780157835,0.06079607415485275,0.720861900097943,0.2605863192182411,0.3998611593196806,0.5304347826086957,0.3333333333333333
4O159016,여자,60대 이상,주부,고졸(대학 재학 포함),강원도,1세대가족,기혼,맞벌이 하지 않음,200-300만원 미만,0.04724905501889962,0.1297144527823799,0.1301463620090555,0.1450655624568668,0.09621344832232853,0.1682098765432099,0.16526722644275624,3,0.10820895522388059,0.4400601277715145,0.7628135223555071,0.8824681684622917,0.41954397394136816,0.43179451579312744,0.29565217391304344,1.0
1L000671,여자,60대 이상,서비스 종사자,고졸(대학 재학 포함),전라남도,1세대가족,기혼,맞벌이 함,400-500만원 미만,0.12053758924821503,0.1021342949030309,0.07170685479625145,0.11152518978605935,0.07034092440371918,0.12364969135802469,0.2572304411568706,2,0.36865671641791037,0.3337091319052988,0.3088876772082879,0.6444662095984328,0.29446254071661243,0.27143353002429704,0.5956521739130435,0.6666666666666666
4O159032,남자,60대 이상,단순노무 종사자,고졸(대학 재학 포함),강원도,1인 가구,미혼(사별/이혼 포함),맞벌이 하지 않음,200-300만원 미만,0.06089878202435951,0.13848552772634246,0.11786178091327086,0.14230503795721186,0.08880204824147689,0.1869212962962963,0.1519392243102759,1,0.15671641791044771,0.4738819992484028,0.6673936750272628,0.8628795298726737,0.38371335504885995,0.4991322457480042,0.25217391304347825,0.3333333333333333
1L000611,여자,50대,서비스 종사자,고졸(대학 재학 포함),전라남도,2세대가족,기혼,맞벌이 함,600-700만원 미만,0.15602687946241076,0.10535035571581718,0.09627601698782072,0.13126293995859212,0.12976687777927504,0.15393518518518517,0.19325603092096497,2,0.494776119402985,0.3461104847801578,0.49972737186477645,0.7845249755142016,0.5817589576547232,0.38042346407497385,0.38695652173913053,0.6666666666666666
1G000001,여자,60대 이상,판매 종사자,고졸(대학 재학 포함),울산광역시,3세대가족,기혼,맞벌이 함,300-400만원 미만,0.08462830743385132,0.20475587174739304,0.06795128286125443,0.136783988957902,0.038808785877914025,0.1275077160493827,0.22257763561242172,2,0.2410447761194029,0.7294250281848929,0.27971646673936745,0.8237022526934379,0.1420195439739414,0.28531759805623047,0.482608695652174,0.6666666666666666
4L204024,여자,60대 이상,농림어업 숙련 종사자,고졸(대학 재학 포함),전라남도,1세대가족,기혼,맞벌이 함,400-500만원 미만,0.16484670306593868,0.10145210018516714,0.07030290267101892,0.12298136645962732,0.1135291739657728,0.12808641975308643,0.21098227375716383,2,0.5261194029850745,0.33107854190154073,0.29798255179934563,0.7257590597453476,0.503257328990228,0.28740020826102053,0.4447826086956522,0.6666666666666666
1G000002,여자,50대,판매 종사자,대학교 졸업(전문대졸/대학원생 포함),울산광역시,2세대가족,미혼(사별/이혼 포함),맞벌이 하지 않음,400-500만원 미만,0.1875262494750105,0.23691647987525583,0.06939033378961777,0.12022084195997239,0.06151462067106859,0.12374614197530866,0.17459682793549247,1,0.6067164179104477,0.8534385569334836,0.2908942202835332,0.7061704211557296,0.2517915309446254,0.2717806317250955,0.32608695652173914,0.3333333333333333
1A000859,여자,40대,전문가 및 관련 종사자,대학교 졸업(전문대졸/대학원생 포함),서울특별시,2세대가족,기혼,맞벌이 함,600-700만원 미만,0.16589668206635869,0.16284962479290518,0.06917974097083289,0.13954451345755692,0.07242959169923191,0.10927854938271606,0.28921764627482344,0,0.5298507462686567,0.5678316422397595,0.28925845147219187,0.8432908912830557,0.30456026058631924,0.21971537660534537,0.7000000000000001,0.0
1G000003,남자,50대,판매 종사자,고졸(대학 재학 포함),울산광역시,1인 가구,기혼,맞벌이 하지 않음,400-500만원 미만,0.20642587148257036,0.2106032550433681,0.07472535186550139,0.13126293995859212,0.08240129362619593,0.12249228395061729,0.254964680794349,1,0.6738805970149253,0.7519729425028184,0.33233369683751357,0.7845249755142016,0.3527687296416938,0.26726830961471715,0.5882608695652175,0.3333333333333333
3P239040,여자,60대 이상,서비스 종사자,고졸(대학 재학 포함),제주특별자치도,2세대가족,기혼,맞벌이 함,400-500만원 미만,0.09680806383872323,0.1862391579768054,0.0667930223579376,0.13126293995859212,0.05134078965099043,0.20187114197530867,0.27362388377982144,2,0.2843283582089552,0.6580232995114619,0.27071973827699025,0.7845249755142016,0.20260586319218243,0.5529330093717459,0.6491304347826088,0.6666666666666666
1G000008,여자,60대 이상,판매 종사자,대학교 졸업(전문대졸/대학원생 포함),울산광역시,2세대가족,기혼,맞벌이 함,500-600만원 미만,0.22322553548929022,0.2106032550433681,0.08055175318521639,0.13402346445824706,0.08981269370704757,0.11863425925925926,0.22257763561242172,0,0.7335820895522388,0.7519729425028184,0.3775899672846238,0.8041136141038197,0.388599348534202,0.2533842415827837,0.482608695652174,0.0
1G000015,여자,50대,사무 종사자,대학교 졸업(전문대졸/대학원생 포함),울산광역시,2세대가족,기혼,맞벌이 함,500-600만원 미만,0.20579588408231836,0.1862391579768054,0.08181531009792566,0.13126293995859212,0.0852984772941652,0.1099537037037037,0.273224043715847,0,0.6716417910447761,0.6580232995114619,0.38740458015267165,0.7845249755142016,0.3667752442996743,0.2221450885109337,0.6478260869565218,0.0
3P239028,여자,60대 이상,전문가 및 관련 종사자,대학원 졸업 이상,제주특별자치도,3세대가족,기혼,맞벌이 함,400-500만원 미만,0.04619907601847963,0.10340122795049216,0.06566986065775157,0.12298136645962732,0.06501819161838027,0.18807870370370372,0.25856324137011866,2,0.10447761194029849,0.3385945133408493,0.2619956379498364,0.7257590597453476,0.2687296416938111,0.5032974661575842,0.6000000000000001,0.6666666666666666
1G000019,여자,60대 이상,주부,대학교 졸업(전문대졸/대학원생 포함),울산광역시,2세대가족,기혼,맞벌이 하지 않음,600-700만원 미만,0.07979840403191936,0.21450151057401814,0.09687269664104455,0.13126293995859212,0.03860665678479989,0.1080246913580247,0.24030387844862058,3,0.2238805970149253,0.7670048853814355,0.5043620501635768,0.7845249755142016,0.14104234527687298,0.21520305449496704,0.5404347826086957,1.0
1G000022,여자,60대 이상,주부,대학교 졸업(전문대졸/대학원생 포함),울산광역시,1인 가구,미혼(사별/이혼 포함),맞벌이 하지 않음,100-200만원 미만,0.10289794204115918,0.2201539810934607,0.0837457442701204,0.11124913733609385,0.053901091497102815,0.1099537037037037,0.19632147141143547,1,0.3059701492537313,0.7888012025554303,0.4023991275899673,0.642507345739471,0.21498371335504884,0.2221450885109337,0.39695652173913054,0.3333333333333333
1G000023,남자,60대 이상,사무 종사자,대학교 졸업(전문대졸/대학원생 포함),울산광역시,1세대가족,기혼,맞벌이 함,500-600만원 미만,0.09239815203695927,0.196959360686093,0.0811133340353094,0.13126293995859212,0.055248618784530384,0.12056327160493828,0.26162868186058913,0,0.2686567164179104,0.6993611424276588,0.3819520174482006,0.7845249755142016,0.22149837133550487,0.26032627559875043,0.6100000000000001,0.0
1G000036,여자,60대 이상,주부,중졸 이하,울산광역시,1인 가구,미혼(사별/이혼 포함),맞벌이 하지 않음,100-200만원 미만,0.054598908021839566,0.20114998538154177,0.09034431925871328,0.1285024154589372,0.03995418407222746,0.15721450617283952,0.24696787951486074,1,0.13432835820895522,0.7155204810221721,0.45365321701199557,0.7649363369245838,0.14755700325732896,0.39222492190211733,0.5621739130434783,0.3333333333333333
1D000699,여자,60대 이상,사무 종사자,대학교 졸업(전문대졸/대학원생 포함),대구광역시,1세대가족,기혼,맞벌이 함,400-500만원 미만,0.13082738345233094,0.1072994834811422,0.1203186971324278,0.1285024154589372,0.06575933162646543,0.14226466049382716,0.11195521791283487,0,0.4052238805970148,0.35362645621946637,0.6864776444929117,0.7649363369245838,0.27231270358306187,0.33842415827837546,0.12173913043478266,0.0
3P239024,여자,40대,판매 종사자,대학교 졸업(전문대졸/대학원생 포함),제주특별자치도,2세대가족,기혼,맞벌이 함,500-600만원 미만,0.11864762704745906,0.11412143065977975,0.07377768418096943,0.12298136645962732,0.06973453712437677,0.16782407407407407,0.2425696388111422,0,0.3619402985074626,0.3799323562570462,0.32497273718647757,0.7257590597453476,0.2915309446254072,0.43040610898993403,0.5478260869565217,0.0
1G000040,여자,60대 이상,서비스 종사자,대학교 졸업(전문대졸/대학원생 포함),울산광역시,2세대가족,기혼,맞벌이 함,500-600만원 미만,0.06089878202435951,0.18234090244615536,0.07440946263732406,0.12574189095928226,0.04736558415307909,0.17650462962962965,0.26656004264960687,0,0.15671641791044771,0.6429913566328448,0.3298800436205016,0.7453476983349656,0.18338762214983712,0.46164526206178413,0.6260869565217393,0.0
3P239044,여자,60대 이상,사무 종사자,대학교 졸업(전문대졸/대학원생 포함),제주특별자치도,2세대가족,기혼,맞벌이 함,400-500만원 미만,0.0377992440151197,0.1531039859662801,0.0782001333754519,0.1285024154589372,0.01684409109284463,0.14448302469135804,0.2722910835665734,0,0.0746268656716418,0.5302517850432169,0.3593238822246455,0.7649363369245838,0.035830618892508145,0.34640749739673726,0.6447826086956522,0.0
4A245003,여자,60대 이상,서비스 종사자,고졸(대학 재학 포함),서울특별시,1세대가족,기혼,맞벌이 함,400-500만원 미만,0.18269634607307855,0.12581619725172985,0.08939665157418132,0.14230503795721186,0.10362484840318018,0.13667052469135801,0.29055044648807143,2,0.5895522388059702,0.42502818489289734,0.44629225736095957,0.8628795298726737,0.45537459283387627,0.3182922596320722,0.7043478260869565,0.6666666666666666
1D000701,여자,60대 이상,서비스 종사자,중졸 이하,대구광역시,1세대가족,기혼,맞벌이 함,500-600만원 미만,0.20789584208315834,0.11236721567098724,0.07005721104910323,0.13291925465838508,0.06670260072766473,0.16946373456790123,0.36785285885645747,2,0.6791044776119403,0.37316798196166856,0.29607415485278077,0.7962781586679726,0.2768729641693811,0.43630683790350566,0.9565217391304349,0.6666666666666666
4I207005,여자,60대 이상,판매 종사자,고졸(대학 재학 포함),경상북도,1인 가구,미혼(사별/이혼 포함),맞벌이 하지 않음,100-200만원 미만,0.0755984880302394,0.13838807133807624,0.10329577761398337,0.11594202898550725,0.05794367335938552,0.11284722222222222,0.20125283220045317,1,0.208955223880597,0.47350620067643745,0.5542529989094874,0.6758080313418218,0.23452768729641693,0.23255813953488372,0.4130434782608696,0.3333333333333333
1A000861,여자,30대,사무 종사자,대학교 졸업(전문대졸/대학원생 포함),서울특별시,1세대가족,기혼,맞벌이 함,600-700만원 미만,0.12914741705165897,0.15992593314491765,0.11673861921308484,0.15058661145617666,0.09830211561784126,0.2166280864197531,0.20525123284019728,0,0.3992537313432835,0.5565576850807966,0.6586695747001091,0.9216454456415277,0.429641693811075,0.6060395695938909,0.4260869565217392,0.0
4I207020,여자,60대 이상,주부,고졸(대학 재학 포함),경상북도,2세대가족,기혼,맞벌이 하지 않음,500-600만원 미만,0.0755984880302394,0.14521001851671378,0.11789687971640167,0.11042097998619738,0.07950410995822665,0.11284722222222222,0.194588831134213,3,0.208955223880597,0.49981210071401727,0.6676663031624863,0.6366307541625857,0.3387622149837134,0.23255813953488372,0.3913043478260869,1.0
4I215007,여자,30대,사무 종사자,대학교 졸업(전문대졸/대학원생 포함),경상북도,1세대가족,기혼,맞벌이 함,500-600만원 미만,0.07937841243175137,0.1647987525582302,0.08188550770418729,0.12298136645962732,0.07458563535911603,0.14014274691358025,0.19725443156070907,0,0.2223880597014925,0.5753476136790681,0.38794983642311887,0.7257590597453476,0.31498371335504893,0.3307879208608122,0.4,0.0
4I215010,여자,60대 이상,주부,고졸(대학 재학 포함),경상북도,1세대가족,기혼,맞벌이 하지 않음,300-400만원 미만,0.09449811003779925,0.15066757625962382,0.0917482713839458,0.12781228433402345,0.11063199029780352,0.14033564814814817,0.2136478741836599,3,0.2761194029850746,0.5208568207440811,0.46455834242093774,0.7600391772771791,0.4892508143322476,0.33148212426240886,0.45347826086956533,1.0
4I215013,남자,30대,전문가 및 관련 종사자,대학교 졸업(전문대졸/대학원생 포함),경상북도,1인 가구,미혼(사별/이혼 포함),맞벌이 하지 않음,500-600만원 미만,0.09197816043679126,0.17678588831497907,0.06830227089256256,0.136783988957902,0.06717423527826438,0.09384645061728396,0.2412368385978942,1,0.26716417910447754,0.6215708380308155,0.28244274809160297,0.8237022526934379,0.2791530944625407,0.16417910447761194,0.5434782608695653,0.3333333333333333
4I207025,남자,50대,전문가 및 관련 종사자,고졸(대학 재학 포함),경상북도,2세대가족,미혼(사별/이혼 포함),맞벌이 하지 않음,500-600만원 미만,0.0755984880302394,0.15105740181268884,0.10059316977291076,0.11594202898550725,0.06266001886538203,0.11284722222222222,0.23324003731840598,1,0.208955223880597,0.5223600150319428,0.5332606324972738,0.6758080313418218,0.2573289902280131,0.23255813953488372,0.5173913043478261,0.3333333333333333
4I207040,남자,40대,전문가 및 관련 종사자,대학교 졸업(전문대졸/대학원생 포함),경상북도,2세대가족,기혼,맞벌이 함,500-600만원 미만,0.0755984880302394,0.14228632686872625,0.10691095433645714,0.11594202898550725,0.07781970084894219,0.1089891975308642,0.22924163667866188,0,0.208955223880597,0.4885381435550544,0.5823336968375137,0.6758080313418218,0.3306188925081433,0.21867407150295035,0.5043478260869565,0.0
1H001231,여자,40대,주부,고졸(대학 재학 포함),경기도,2세대가족,기혼,맞벌이 하지 않음,300-400만원 미만,0.1591768164636707,0.20280674398206805,0.052262117861780914,0.13402346445824706,0.054103220590216945,0.11988811728395062,0.1905904304944689,3,0.5059701492537313,0.7219090567455844,0.15785169029443838,0.8041136141038197,0.21596091205211726,0.25789656369316205,0.37826086956521743,1.0
4I215026,여자,20대,서비스 종사자,대학교 졸업(전문대졸/대학원생 포함),경상북도,1인 가구,미혼(사별/이혼 포함),맞벌이 하지 않음,300-400만원 미만,0.06845863082738346,0.14140921937433,0.0720929416306904,0.136783988957902,0.07909985177199838,0.09529320987654322,0.22657603625216582,1,0.18358208955223881,0.48515595640736564,0.311886586695747,0.8237022526934379,0.33680781758957656,0.16938562998958698,0.4956521739130435,0.3333333333333333
1A000864,여자,50대,기능원 및 관련 기능 종사자,대학교 졸업(전문대졸/대학원생 포함),서울특별시,2세대가족,기혼,맞벌이 함,"900-1,000만원 미만",0.16547669046619068,0.2381834129227171,0.08192060650731811,0.15610766045548655,0.09722409378789922,0.24459876543209877,0.26256164200986276,0,0.5283582089552239,0.8583239383690342,0.3882224645583424,0.960822722820764,0.4244299674267102,0.7066990628254077,0.6130434782608697,0.0
1O001243,여자,60대 이상,주부,중졸 이하,강원도,1세대가족,기혼,맞벌이 하지 않음,200-300만원 미만,0.06467870642587148,0.12776532501705487,0.11006984661823033,0.14230503795721186,0.08105376633876836,0.1615547839506173,0.16660002665600426,3,0.17014925373134326,0.4325441563322059,0.6068702290076337,0.8628795298726737,0.34625407166123784,0.40784449843804227,0.29999999999999993,1.0
4B034017,남자,50대,기능원 및 관련 기능 종사자,고졸(대학 재학 포함),부산광역시,1인 가구,미혼(사별/이혼 포함),맞벌이 하지 않음,300-400만원 미만,0.127047459050819,0.15359126790761135,0.06879365413639395,0.1388543823326432,0.0636706643309527,0.19888117283950618,0.2065840330534453,1,0.39179104477611937,0.532130777903044,0.2862595419847328,0.8383937316356511,0.26221498371335505,0.5421728566469975,0.4304347826086957,0.3333333333333333
4B034029,여자,60대 이상,판매 종사자,고졸(대학 재학 포함),부산광역시,1인 가구,미혼(사별/이혼 포함),맞벌이 하지 않음,300-400만원 미만,0.08315833683326335,0.1448201929636488,0.0659857498859289,0.14161490683229813,0.05228405875218973,0.20302854938271606,0.22124483539917367,1,0.23582089552238805,0.49830890642615555,0.26444929116684845,0.8579823702252691,0.20716612377850163,0.5570982297813258,0.4782608695652174,0.3333333333333333
4E094023,여자,50대,서비스 종사자,고졸(대학 재학 포함),대전광역시,1세대가족,기혼,맞벌이 함,600-700만원 미만,0.17954640907181857,0.14530747490498003,0.08048155557895477,0.14230503795721186,0.0935183937474734,0.14255401234567902,0.2572304411568706,2,0.5783582089552238,0.5001878992859827,0.3770447110141767,0.8628795298726737,0.4065146579804561,0.33946546338077055,0.5956521739130435,0.6666666666666666
3Q109006,여자,50대,서비스 종사자,고졸(대학 재학 포함),세종특별자치시,2세대가족,기혼,맞벌이 함,800-900만원 미만,0.17765644687106258,0.17162069973686775,0.08276297778245763,0.13954451345755692,0.09136235008758926,0.19367283950617287,0.18659202985472478,2,0.5716417910447761,0.6016535137166478,0.39476553980370777,0.8432908912830557,0.39609120521172636,0.5234293648038876,0.3652173913043478,0.6666666666666666
1O001244,여자,60대 이상,주부,고졸(대학 재학 포함),강원도,1인 가구,미혼(사별/이혼 포함),맞벌이 하지 않음,100-200만원 미만,0.06089878202435951,0.13848552772634246,0.11136850233407042,0.14230503795721186,0.08758927368279207,0.17476851851851852,0.1479408236705318,1,0.15671641791044771,0.4738819992484028,0.6169574700109052,0.8628795298726737,0.3778501628664495,0.45539743144741407,0.23913043478260873,0.3333333333333333
1A000870,여자,60대 이상,기능원 및 관련 기능 종사자,대학교 졸업(전문대졸/대학원생 포함),서울특별시,2세대가족,기혼,맞벌이 함,"1,000만원 이상",0.20390592188156237,0.15700224149693012,0.12017830191990453,0.15610766045548655,0.14196199973049453,0.16435185185185186,0.22391043582566975,0,0.6649253731343283,0.5452837279218339,0.6853871319520174,0.960822722820764,0.6407166123778502,0.417910447761194,0.4869565217391305,0.0
1O001253,여자,60대 이상,주부,중졸 이하,강원도,1인 가구,미혼(사별/이혼 포함),맞벌이 하지 않음,200-300만원 미만,0.0377992440151197,0.14043465549166748,0.11522937067845987,0.14230503795721186,0.09473116830615819,0.1736111111111111,0.16566706650673066,1,0.0746268656716418,0.4813979706877113,0.6469465648854962,0.8628795298726737,0.41237785016286643,0.45123221103783395,0.29695652173913045,0.3333333333333333
1A001559,여자,60대 이상,기능원 및 관련 기능 종사자,고졸(대학 재학 포함),서울특별시,1세대가족,기혼,맞벌이 하지 않음,300-400만원 미만,0.11612767744645107,0.12191794172107982,0.12635569127092766,0.13402346445824706,0.09729147015227059,0.11766975308641976,0.15060642409702787,3,0.35298507462686557,0.4099962420142803,0.7333696837513631,0.8041136141038197,0.42475570032573295,0.24991322457480045,0.24782608695652183,1.0
1A000894,여자,50대,사무 종사자,대학교 졸업(전문대졸/대학원생 포함),서울특별시,2세대가족,기혼,맞벌이 함,"1,000만원 이상",0.11129777404451911,0.14823116655296756,0.13474430521919203,0.1533471359558316,0.13151866325293085,0.18315972222222224,0.2336398773823804,0,0.33582089552238803,0.5114618564449455,0.7985278080697927,0.9412340842311457,0.5902280130293159,0.4855952794168691,0.5186956521739131,0.0
4H133002,여자,50대,단순노무 종사자,고졸(대학 재학 포함),경기도,1세대가족,기혼,맞벌이 하지 않음,300-400만원 미만,0.12158756824863502,0.13263814443036742,0.12488154153943351,0.13954451345755692,0.13286619054035842,0.2107445987654321,0.17859522857523658,3,0.37238805970149247,0.4513340849304772,0.7219193020719739,0.8432908912830557,0.596742671009772,0.5848663658451926,0.33913043478260874,1.0
3O160012,여자,60대 이상,주부,고졸(대학 재학 포함),강원도,1세대가족,기혼,맞벌이 하지 않음,300-400만원 미만,0.06362872742545149,0.12581619725172985,0.13218209259064267,0.14230503795721186,0.11514620671068589,0.1646412037037037,0.17859522857523658,3,0.16641791044776116,0.42502818489289734,0.7786259541984734,0.8628795298726737,0.5110749185667752,0.418951752863589,0.33913043478260874,1.0
4O160044,여자,60대 이상,서비스 종사자,고졸(대학 재학 포함),강원도,1세대가족,기혼,맞벌이 함,300-400만원 미만,0.05942881142377153,0.1297144527823799,0.1206345863606051,0.14782608695652172,0.11514620671068589,0.1693672839506173,0.19325603092096497,2,0.15149253731343282,0.4400601277715145,0.6889312977099236,0.9020568070519097,0.5110749185667752,0.43595973620270734,0.38695652173913053,0.6666666666666666
4I207035,남자,60대 이상,전문가 및 관련 종사자,고졸(대학 재학 포함),경상북도,2세대가족,기혼,맞벌이 함,"1,000만원 이상",0.0755984880302394,0.1523243348601501,0.10480502614860834,0.12739820565907523,0.06218838431478237,0.10030864197530864,0.22657603625216582,2,0.208955223880597,0.5272453964674935,0.5659760087241004,0.7571008814887366,0.25504885993485343,0.1874349184311003,0.4956521739130435,0.6666666666666666
4I207045,남자,50대,관리자,고졸(대학 재학 포함),경상북도,1인 가구,미혼(사별/이혼 포함),맞벌이 하지 않음,700-800만원 미만,0.0755984880302394,0.1461845823993763,0.09301182829665508,0.11870255348516218,0.050532273278533886,0.09548611111111112,0.19992003198720512,1,0.208955223880597,0.5035700864336715,0.4743729552889857,0.6953966699314398,0.19869706840390883,0.17007983339118363,0.408695652173913,0.3333333333333333
4I207050,여자,50대,사무 종사자,고졸(대학 재학 포함),경상북도,1인 가구,미혼(사별/이혼 포함),맞벌이 하지 않음,200-300만원 미만,0.0755984880302394,0.11207484650618849,0.09476676845319575,0.11042097998619738,0.06131249157795445,0.10416666666666667,0.2065840330534453,1,0.208955223880597,0.37204058624577224,0.4880043620501635,0.6366307541625857,0.250814332247557,0.20131898646303367,0.4304347826086957,0.3333333333333333
1O001241,여자,60대 이상,주부,고졸(대학 재학 포함),강원도,1세대가족,기혼,맞벌이 하지 않음,300-400만원 미만,0.041999160016799666,0.12289250560374233,0.11996770910111966,0.1450655624568668,0.08880204824147689,0.1541280864197531,0.16566706650673066,3,0.08955223880597014,0.4137542277339346,0.6837513631406761,0.8824681684622917,0.38371335504885995,0.3811176674765706,0.29695652173913045,1.0
4I219012,여자,50대,주부,고졸(대학 재학 포함),경상북도,2세대가족,미혼(사별/이혼 포함),맞벌이 하지 않음,100만원 미만,0.0755984880302394,0.1559302212260014,0.0758134147625566,0.11042097998619738,0.07175582805551813,0.11477623456790124,0.2145808343329335,1,0.208955223880597,0.5411499436302143,0.3407851690294438,0.6366307541625857,0.30130293159609123,0.23950017355085043,0.4565217391304348,0.3333333333333333
4H133004,남자,40대,사무 종사자,대학교 졸업(전문대졸/대학원생 포함),경기도,1인 가구,미혼(사별/이혼 포함),맞벌이 하지 않음,200-300만원 미만,0.07244855102897942,0.12191794172107982,0.11754589168509354,0.13954451345755692,0.09466379194178681,0.21865354938271606,0.20391843262694923,1,0.1977611940298507,0.4099962420142803,0.6649400218102508,0.8432908912830557,0.41205211726384366,0.613328705310656,0.4217391304347826,0.3333333333333333
4I219015,여자,40대,사무 종사자,대학교 졸업(전문대졸/대학원생 포함),경상북도,2세대가족,기혼,맞벌이 함,800-900만원 미만,0.0755984880302394,0.13156612415943866,0.10670036151767225,0.1131815044858523,0.09297938283250236,0.1089891975308642,0.22391043582566975,0,0.208955223880597,0.4472003006388575,0.5806979280261723,0.6562193927522038,0.40390879478827363,0.21867407150295035,0.4869565217391305,0.0
1C000109,여자,60대 이상,주부,고졸(대학 재학 포함),인천광역시,1세대가족,기혼,맞벌이 하지 않음,400-500만원 미만,0.16064678706425872,0.23418770100380082,0.07426906742480081,0.12187715665976535,0.09668508287292818,0.17197145061728397,0.09196321471411437,3,0.5111940298507462,0.8429161969184517,0.3287895310796074,0.7179236043095005,0.42182410423452776,0.44533148212426243,0.05652173913043482,1.0
1O000401,여자,40대,사무 종사자,대학교 졸업(전문대졸/대학원생 포함),강원도,2세대가족,기혼,맞벌이 함,500-600만원 미만,0.22889542209155816,0.14628203878764254,0.07907760345372224,0.15058661145617666,0.14418541975475002,0.15239197530864199,0.2602958816473411,0,0.753731343283582,0.503945885005637,0.3661395856052345,0.9216454456415277,0.6514657980456027,0.37486983686220066,0.6056521739130435,0.0
1O001242,여자,60대 이상,주부,고졸(대학 재학 포함),강원도,1세대가족,기혼,맞벌이 하지 않음,200-300만원 미만,0.056698866022679546,0.1297144527823799,0.11294794847495701,0.14230503795721186,0.08758927368279207,0.17235725308641975,0.16926562708250034,3,0.14179104477611937,0.4400601277715145,0.6292257360959651,0.8628795298726737,0.3778501628664495,0.4467198889274556,0.30869565217391304,1.0
1A000006,여자,60대 이상,주부,고졸(대학 재학 포함),서울특별시,1세대가족,기혼,맞벌이 하지 않음,200-300만원 미만,0.13082738345233094,0.13994737355033623,0.07167175599312063,0.12781228433402345,0.0668373534564075,0.08584104938271606,0.2922830867652939,3,0.4052238805970148,0.4795189778278842,0.30861504907306425,0.7600391772771791,0.27752442996742677,0.13536966331135022,0.7100000000000001,1.0
1A000013,여자,30대,사무 종사자,대학교 졸업(전문대졸/대학원생 포함),서울특별시,1세대가족,기혼,맞벌이 하지 않음,500-600만원 미만,0.16925661486770263,0.11558327648377352,0.0639149205012109,0.1305728088336784,0.08839779005524862,0.10416666666666667,0.30521124883379985,0,0.5417910447761193,0.3855693348365276,0.24836423118865866,0.7796278158667971,0.3817589576547231,0.20131898646303367,0.7521739130434784,0.0
4H133009,여자,60대 이상,판매 종사자,고졸(대학 재학 포함),경기도,1인 가구,미혼(사별/이혼 포함),맞벌이 하지 않음,200-300만원 미만,0.13229735405291895,0.17162069973686775,0.12421466427994805,0.1450655624568668,0.12417463953645062,0.16261574074074076,0.1639344262295082,1,0.4104477611940298,0.6016535137166478,0.7167393675027263,0.8824681684622917,0.5547231270358307,0.41166261714682406,0.29130434782608694,0.3333333333333333
4I219021,여자,60대 이상,주부,중졸 이하,경상북도,1세대가족,기혼,맞벌이 하지 않음,300-400만원 미만,0.0755984880302394,0.13838807133807624,0.10213751711066653,0.11042097998619738,0.06872389165880609,0.11766975308641976,0.20924963347994138,3,0.208955223880597,0.47350620067643745,0.5452562704471101,0.6366307541625857,0.28664495114006516,0.24991322457480045,0.4391304347826087,1.0
4O160022,여자,60대 이상,주부,고졸(대학 재학 포함),강원도,1세대가족,기혼,맞벌이 하지 않음,400-500만원 미만,0.054598908021839566,0.1297144527823799,0.13130462251237235,0.1450655624568668,0.10146880474329605,0.14978780864197533,0.18392642942822873,3,0.13432835820895522,0.4400601277715145,0.7718102508178845,0.8824681684622917,0.4449511400651466,0.36549809094064567,0.35652173913043483,1.0
4I219024,여자,60대 이상,서비스 종사자,고졸(대학 재학 포함),경상북도,1세대가족,기혼,맞벌이 함,500-600만원 미만,0.0755984880302394,0.13156612415943866,0.09083570250254468,0.11042097998619738,0.06737636437137852,0.10609567901234568,0.21857923497267762,2,0.208955223880597,0.4472003006388575,0.4574700109051255,0.6366307541625857,0.28013029315960913,0.20826102047900033,0.4695652173913044,0.6666666666666666
1O000427,남자,60대 이상,서비스 종사자,대학교 졸업(전문대졸/대학원생 포함),강원도,1인 가구,미혼(사별/이혼 포함),맞벌이 하지 않음,200-300만원 미만,0.2020159596808064,0.1423837832569925,0.07907760345372224,0.14782608695652172,0.12060369222476755,0.16377314814814817,0.2443022790883647,1,0.6582089552238806,0.4889139421270199,0.3661395856052345,0.9020568070519097,0.5374592833876222,0.41582783755640407,0.5534782608695653,0.3333333333333333
1C000074,여자,30대,사무 종사자,대학교 졸업(전문대졸/대학원생 포함),인천광역시,2세대가족,기혼,맞벌이 함,600-700만원 미만,0.18185636287274254,0.12386706948640484,0.1290232003088695,0.13954451345755692,0.1732246327988142,0.1648341049382716,0.1052912168465947,0,0.5865671641791044,0.41751221345358885,0.7540894220283535,0.8432908912830557,0.7918566775244301,0.41964595626518564,0.1,0.0
4I208042,여자,60대 이상,단순노무 종사자,고졸(대학 재학 포함),경상북도,1세대가족,기혼,맞벌이 함,200-300만원 미만,0.08252834943301134,0.1279602377935874,0.08185040890105648,0.11359558316080055,0.04709607869559359,0.11766975308641976,0.32253765160602427,2,0.23358208955223875,0.43329575347613686,0.3876772082878953,0.6591576885406465,0.182084690553746,0.24991322457480045,0.8086956521739131,0.6666666666666666
4H133013,여자,40대,기능원 및 관련 기능 종사자,고졸(대학 재학 포함),경기도,2세대가족,기혼,맞벌이 함,500-600만원 미만,0.1507769844603108,0.11850696813176104,0.13074304166227932,0.11953071083505866,0.1301037596011319,0.1423611111111111,0.1879248300679728,2,0.47611940298507455,0.39684329199549034,0.7674482006543074,0.701273261508325,0.5833876221498371,0.3387712599791738,0.3695652173913043,0.6666666666666666
4I219027,여자,40대,사무 종사자,대학교 졸업(전문대졸/대학원생 포함),경상북도,2세대가족,기혼,맞벌이 함,600-700만원 미만,0.09449811003779925,0.14501510574018128,0.10371696325155312,0.125327812284334,0.07768494812019942,0.10513117283950618,0.18525922964147676,0,0.2761194029850746,0.49906050357008647,0.55752453653217,0.7424094025465229,0.3299674267100977,0.20479000347101703,0.36086956521739133,0.0
3Q109018,여자,50대,판매 종사자,고졸(대학 재학 포함),세종특별자치시,1세대가족,기혼,맞벌이 함,500-600만원 미만,0.17198656026879464,0.1448201929636488,0.07679618125021938,0.13333333333333333,0.07290122624983156,0.17525077160493827,0.23324003731840598,2,0.5514925373134328,0.49830890642615555,0.34841875681570345,0.7992164544564153,0.30684039087947884,0.4571329399514057,0.5173913043478261,0.6666666666666666
3Q109024,여자,50대,판매 종사자,대학교 졸업(전문대졸/대학원생 포함),세종특별자치시,2세대가족,기혼,맞벌이 함,500-600만원 미만,0.24401511969760606,0.1521294220836176,0.0962058193815591,0.13954451345755692,0.10207519202263846,0.19810956790123457,0.23723843795815008,0,0.8074626865671641,0.5264937993235626,0.49918211559432935,0.8432908912830557,0.4478827361563518,0.5393960430406108,0.5304347826086957,0.0
3O150032,여자,60대 이상,주부,고졸(대학 재학 포함),강원도,1세대가족,기혼,맞벌이 하지 않음,300-400만원 미만,0.16988660226795466,0.1531039859662801,0.09030922045558247,0.15058661145617666,0.12147958496159547,0.17100694444444448,0.22790883646541385,3,0.5440298507462686,0.5302517850432169,0.45338058887677213,0.9216454456415277,0.5416938110749187,0.4418604651162791,0.5,1.0
4I219030,여자,50대,서비스 종사자,고졸(대학 재학 포함),경상북도,1인 가구,미혼(사별/이혼 포함),맞벌이 하지 않음,200-300만원 미만,0.0755984880302394,0.12766786862878862,0.10687585553332632,0.10766045548654245,0.06266001886538203,0.12152777777777778,0.20924963347994138,1,0.208955223880597,0.4321683577602405,0.58206106870229,0.6170421155729677,0.2573289902280131,0.2637972926067338,0.4391304347826087,0.3333333333333333
1C000079,여자,30대,주부,대학교 졸업(전문대졸/대학원생 포함),인천광역시,1세대가족,기혼,맞벌이 하지 않음,500-600만원 미만,0.19928601427971443,0.11607055842510478,0.12979537397774737,0.12574189095928226,0.15321385258051476,0.14380787037037038,0.12528322004531522,3,0.6485074626865672,0.38744832769635473,0.7600872410032716,0.7453476983349656,0.695114006514658,0.3439777854911489,0.1652173913043479,1.0
1O000367,여자,50대,주부,대학교 졸업(전문대졸/대학원생 포함),강원도,2세대가족,기혼,맞벌이 하지 않음,400-500만원 미만,0.20768584628307435,0.14920573043563007,0.09136218454950687,0.14782608695652172,0.14681309796523379,0.1605902777777778,0.27762228441956555,3,0.6783582089552238,0.5152198421645998,0.4615594329334788,0.9020568070519097,0.6641693811074919,0.404373481430059,0.6621739130434784,1.0
4I219033,여자,30대,주부,대학교 졸업(전문대졸/대학원생 포함),경상북도,2세대가족,기혼,맞벌이 하지 않음,300-400만원 미만,0.09449811003779925,0.12961699639411364,0.10462953213295428,0.11042097998619738,0.07950410995822665,0.10706018518518519,0.22124483539917367,3,0.2761194029850746,0.43968432919954903,0.5646128680479826,0.6366307541625857,0.3387622149837134,0.2117320374869837,0.4782608695652174,1.0
3O150008,남자,40대,기능원 및 관련 기능 종사자,고졸(대학 재학 포함),강원도,2세대가족,기혼,맞벌이 하지 않음,400-500만원 미만,0.17933641327173458,0.1531039859662801,0.0988382296163701,0.1533471359558316,0.12363562862147959,0.173900462962963,0.26389444222311076,3,0.5776119402985075,0.5302517850432169,0.519629225736096,0.9412340842311457,0.5521172638436482,0.45227351614022915,0.6173913043478261,1.0
3O150026,남자,30대,사무 종사자,대학교 졸업(전문대졸/대학원생 포함),강원도,1인 가구,미혼(사별/이혼 포함),맞벌이 하지 않음,300-400만원 미만,0.1868962620747585,0.1511548582009551,0.08037625916956231,0.1533471359558316,0.10968872119660424,0.15046296296296297,0.256297481007597,1,0.6044776119402985,0.5227358136039083,0.3762268266085059,0.9412340842311457,0.4846905537459284,0.36792780284623394,0.5926086956521739,0.3333333333333333
3Q109030,여자,50대,서비스 종사자,고졸(대학 재학 포함),세종특별자치시,2세대가족,기혼,맞벌이 함,500-600만원 미만,0.18038639227215458,0.12873988889971738,0.07433926503106245,0.13126293995859212,0.08590486457350761,0.22125771604938274,0.2798880447820872,2,0.5813432835820896,0.4363021420518602,0.3293347873500545,0.7845249755142016,0.36970684039087953,0.6227004512322111,0.6695652173913044,0.6666666666666666
3Q109042,여자,50대,서비스 종사자,고졸(대학 재학 포함),세종특별자치시,1세대가족,기혼,맞벌이 함,500-600만원 미만,0.12851742965140697,0.19013741350745542,0.07837562739110597,0.136783988957902,0.06656784799892197,0.1295331790123457,0.1949886711981874,2,0.39701492537313426,0.6730552423900789,0.3606870229007634,0.8237022526934379,0.27622149837133547,0.2926067337729956,0.39260869565217393,0.6666666666666666
3L205032,여자,50대,농림어업 숙련 종사자,고졸(대학 재학 포함),전라남도,1세대가족,기혼,맞벌이 함,200-300만원 미만,0.20306593868122638,0.1979339245687555,0.06795128286125443,0.14230503795721186,0.08442258455733728,0.14660493827160495,0.23723843795815008,2,0.6619402985074626,0.703119128147313,0.27971646673936745,0.8628795298726737,0.36254071661237786,0.3540437348143006,0.5304347826086957,0.6666666666666666
4H120068,여자,20대,서비스 종사자,대학교 졸업(전문대졸/대학원생 포함),경기도,2세대가족,기혼,맞벌이 함,600-700만원 미만,0.06404871902561948,0.14267615242179127,0.08223649573549542,0.12574189095928226,0.07074518258994744,0.26350308641975306,0.23723843795815008,0,0.16791044776119396,0.49004133784291626,0.3906761177753544,0.7453476983349656,0.2964169381107492,0.7747309961818811,0.5304347826086957,0.0
3Q109048,여자,50대,주부,고졸(대학 재학 포함),세종특별자치시,1세대가족,기혼,맞벌이 하지 않음,500-600만원 미만,0.09155816883662327,0.17844264691550532,0.09094099891193712,0.13954451345755692,0.053362080582131786,0.17563657407407407,0.22524323603891777,3,0.2656716417910447,0.6279594137542277,0.45828789531079617,0.8432908912830557,0.21237785016286648,0.458521346754599,0.491304347826087,1.0
3L205024,여자,40대,판매 종사자,고졸(대학 재학 포함),전라남도,2세대가족,기혼,맞벌이 함,300-400만원 미만,0.2045359092818144,0.12191794172107982,0.0797795795163385,0.13402346445824706,0.11386605578762969,0.14062500000000003,0.2385712381713981,2,0.6671641791044777,0.4099962420142803,0.37159214830970555,0.8041136141038197,0.504885993485342,0.33252342936480395,0.5347826086956522,0.6666666666666666
3Q109054,여자,40대,서비스 종사자,고졸(대학 재학 포함),세종특별자치시,2세대가족,기혼,맞벌이 함,700-800만원 미만,0.1486770264594708,0.18039177468083034,0.08486890597030641,0.14230503795721186,0.06589408435520819,0.16628086419753088,0.22297747567639614,2,0.46865671641791035,0.6354753851935362,0.41112322791712097,0.8628795298726737,0.2729641693811075,0.42485248177716073,0.4839130434782609,0.6666666666666666
4L205015,여자,60대 이상,농림어업 숙련 종사자,중졸 이하,전라남도,1인 가구,미혼(사별/이혼 포함),맞벌이 하지 않음,100-200만원 미만,0.1499370012599748,0.16967157197154276,0.05163033940542627,0.13402346445824706,0.07067780622557607,0.1419753086419753,0.2256430761028922,1,0.47313432835820884,0.5941375422773394,0.1529443838604144,0.8041136141038197,0.2960912052117264,0.3373828531759805,0.4926086956521739,0.3333333333333333
4H133015,여자,40대,주부,고졸(대학 재학 포함),경기도,2세대가족,기혼,맞벌이 하지 않음,300-400만원 미만,0.16736665266694667,0.1297144527823799,0.11814257133831738,0.12574189095928226,0.14755423797331896,0.14949845679012347,0.20391843262694923,3,0.5350746268656716,0.4400601277715145,0.6695747001090513,0.7453476983349656,0.6677524429967427,0.3644567858382506,0.4217391304347826,1.0
3Q109060,남자,40대,장치·기계 조작 및 조립 종사자,대학교 졸업(전문대졸/대학원생 포함),세종특별자치시,1세대가족,기혼,맞벌이 함,500-600만원 미만,0.1883662326753465,0.17795536497417408,0.0636341300761644,0.13333333333333333,0.0727664735210888,0.1470871913580247,0.20791683326669333,0,0.6097014925373134,0.6260804208944006,0.24618320610687025,0.7992164544564153,0.3061889250814332,0.35577924331829225,0.4347826086956522,0.0
1C000335,여자,60대 이상,서비스 종사자,고졸(대학 재학 포함),인천광역시,1인 가구,기혼,맞벌이 하지 않음,200-300만원 미만,0.21965560688786223,0.15018029431829258,0.06556456424835913,0.13402346445824706,0.08334456272739522,0.1385030864197531,0.30920964947354396,1,0.7208955223880595,0.5189778278842541,0.2611777535441657,0.8041136141038197,0.357328990228013,0.3248871919472406,0.765217391304348,0.3333333333333333
1L000190,남자,50대,판매 종사자,고졸(대학 재학 포함),전라남도,1세대가족,기혼,맞벌이 함,300-400만원 미만,0.15455690886182274,0.13263814443036742,0.0553859113404233,0.136783988957902,0.09324888828998787,0.1814236111111111,0.22391043582566975,2,0.48955223880597004,0.4513340849304772,0.1821155943293348,0.8237022526934379,0.40521172638436487,0.479347448802499,0.4869565217391305,0.6666666666666666
3L198002,여자,30대,사무 종사자,고졸(대학 재학 포함),전라남도,1인 가구,미혼(사별/이혼 포함),맞벌이 하지 않음,100-200만원 미만,0.14132717345653087,0.18721372185946789,0.050472078902109446,0.136783988957902,0.0555181242420159,0.17959104938271606,0.23990403838464616,1,0.4425373134328357,0.661781285231116,0.14394765539803714,0.8237022526934379,0.2228013029315961,0.47275251648733074,0.5391304347826088,0.3333333333333333
3L198008,여자,60대 이상,주부,고졸(대학 재학 포함),전라남도,1세대가족,기혼,맞벌이 하지 않음,200-300만원 미만,0.13985720285594289,0.1521294220836176,0.052227019058650105,0.136783988957902,0.0674437407357499,0.18113425925925927,0.2612288417966147,3,0.4373134328358208,0.5264937993235626,0.15757906215921488,0.8237022526934379,0.2804560260586319,0.47830614370010416,0.6086956521739131,1.0
1L000140,여자,60대 이상,서비스 종사자,고졸(대학 재학 포함),전라남도,2세대가족,기혼,맞벌이 함,500-600만원 미만,0.12137757244855103,0.1891628496247929,0.04661121055771999,0.13954451345755692,0.04608543323002291,0.1537422839506173,0.23723843795815008,2,0.37164179104477607,0.6692972566704246,0.11395856052344608,0.8432908912830557,0.17719869706840397,0.3797292606733773,0.5304347826086957,0.6666666666666666
4I209007,여자,60대 이상,서비스 종사자,고졸(대학 재학 포함),경상북도,1세대가족,기혼,맞벌이 함,500-600만원 미만,0.0755984880302394,0.13643894357275121,0.11814257133831738,0.10766045548654245,0.06872389165880609,0.11959876543209877,0.20391843262694923,2,0.208955223880597,0.46599022923712896,0.6695747001090513,0.6170421155729677,0.28664495114006516,0.2568552585907671,0.4217391304347826,0.6666666666666666
1L000141,여자,40대,판매 종사자,고졸(대학 재학 포함),전라남도,2세대가족,기혼,맞벌이 함,300-400만원 미만,0.13292734145317092,0.18136633856349285,0.07714716928152751,0.13126293995859212,0.08172752998248214,0.1644483024691358,0.1639344262295082,2,0.41268656716417895,0.6392333709131905,0.35114503816793896,0.7845249755142016,0.34951140065146585,0.41825754946199234,0.29130434782608694,0.6666666666666666
4I209084,여자,60대 이상,주부,중졸 이하,경상북도,1인 가구,미혼(사별/이혼 포함),맞벌이 하지 않음,100만원 미만,0.0755984880302394,0.12084592145015106,0.10750763398968095,0.11042097998619738,0.07478776445223015,0.11766975308641976,0.23057443689190993,1,0.208955223880597,0.4058624577226606,0.5869683751363141,0.6366307541625857,0.31596091205211724,0.24991322457480045,0.5086956521739131,0.3333333333333333
1L000143,여자,50대,판매 종사자,고졸(대학 재학 포함),전라남도,1세대가족,기혼,맞벌이 함,300-400만원 미만,0.1530869382612348,0.17844264691550532,0.052227019058650105,0.136783988957902,0.06717423527826438,0.1736111111111111,0.21991203518592564,2,0.4843283582089552,0.6279594137542277,0.15757906215921488,0.8237022526934379,0.2791530944625407,0.45123221103783395,0.4739130434782609,0.6666666666666666
1L000159,여자,60대 이상,판매 종사자,중졸 이하,전라남도,1세대가족,기혼,맞벌이 함,100-200만원 미만,0.1591768164636707,0.12191794172107982,0.057035555087571514,0.13126293995859212,0.0903517046220186,0.1423611111111111,0.24390243902439027,2,0.5059701492537313,0.4099962420142803,0.1949291166848419,0.7845249755142016,0.3912052117263844,0.3387712599791738,0.5521739130434783,0.6666666666666666
4I209014,여자,50대,사무 종사자,고졸(대학 재학 포함),경상북도,1세대가족,기혼,맞벌이 함,700-800만원 미만,0.0755984880302394,0.13838807133807624,0.1073321399740269,0.11042097998619738,0.06872389165880609,0.11959876543209877,0.21857923497267762,2,0.208955223880597,0.47350620067643745,0.5856052344601963,0.6366307541625857,0.28664495114006516,0.2568552585907671,0.4695652173913044,0.6666666666666666
1L000230,여자,60대 이상,서비스 종사자,고졸(대학 재학 포함),전라남도,1세대가족,기혼,맞벌이 함,200-300만원 미만,0.1138177236455271,0.19208654127278044,0.060299743778737154,0.13402346445824706,0.0454790459506805,0.1726466049382716,0.2412368385978942,2,0.344776119402985,0.6805712138293873,0.22028353326063257,0.8041136141038197,0.17426710097719872,0.4477611940298507,0.5434782608695653,0.6666666666666666
3K192001,남자,60대 이상,사무 종사자,대학교 졸업(전문대졸/대학원생 포함),전라북도,1세대가족,기혼,맞벌이 하지 않음,400-500만원 미만,0.20600587988240235,0.21109053698469937,0.04450528236987119,0.13609385783298825,0.07640479719714324,0.1078317901234568,0.19325603092096497,3,0.6723880597014925,0.7538519353626456,0.09760087241003271,0.8188050930460331,0.3237785016286645,0.2145088510933704,0.38695652173913053,1.0
3K192002,여자,50대,판매 종사자,대학교 졸업(전문대졸/대학원생 포함),전라북도,1세대가족,기혼,맞벌이 함,600-700만원 미만,0.23015539689206216,0.11704512230776729,0.062405671966585946,0.12298136645962732,0.08597224093787899,0.10715663580246913,0.2958816473410636,0,0.7582089552238805,0.39120631341600903,0.23664122137404583,0.7257590597453476,0.3700325732899023,0.212079139187782,0.7217391304347827,0.0
1K000558,여자,60대 이상,서비스 종사자,고졸(대학 재학 포함),전라북도,1세대가족,기혼,맞벌이 함,600-700만원 미만,0.20327593448131037,0.15407854984894262,0.05714085149696396,0.12022084195997239,0.07216008624174639,0.09606481481481481,0.2612288417966147,2,0.6626865671641791,0.5340097707628711,0.1957470010905126,0.7061704211557296,0.303257328990228,0.17216244359597363,0.6086956521739131,0.6666666666666666
1K000654,여자,60대 이상,서비스 종사자,고졸(대학 재학 포함),전라북도,1세대가족,기혼,맞벌이 함,400-500만원 미만,0.22910541789164215,0.1531039859662801,0.04450528236987119,0.1285024154589372,0.08563535911602209,0.12741126543209877,0.26256164200986276,2,0.7544776119402984,0.5302517850432169,0.09760087241003271,0.7649363369245838,0.36840390879478824,0.28497049635543215,0.6130434782608697,0.6666666666666666
1K000548,여자,60대 이상,판매 종사자,고졸(대학 재학 포함),전라북도,1인 가구,미혼(사별/이혼 포함),맞벌이 하지 않음,200-300만원 미만,0.21545569088618227,0.17162069973686775,0.05678986346565583,0.12574189095928226,0.07640479719714324,0.11583719135802469,0.25056644009063045,1,0.7059701492537312,0.6016535137166478,0.19302071973827703,0.7453476983349656,0.3237785016286645,0.24331829225963206,0.573913043478261,0.3333333333333333
1E000216,여자,50대,서비스 종사자,대학교 졸업(전문대졸/대학원생 포함),대전광역시,1세대가족,기혼,맞벌이 함,500-600만원 미만,0.14258714825703486,0.19013741350745542,0.0755677231406409,0.14782608695652172,0.056394016978843824,0.1859567901234568,0.23457283753165403,0,0.4470149253731343,0.6730552423900789,0.3388767720828789,0.9020568070519097,0.22703583061889254,0.49566122874002083,0.5217391304347827,0.0
1E000226,여자,30대,사무 종사자,대학교 졸업(전문대졸/대학원생 포함),대전광역시,3세대가족,기혼,맞벌이 함,500-600만원 미만,0.19508609827803444,0.16674788032355523,0.08171001368853323,0.14782608695652172,0.08961056461393344,0.18287037037037038,0.2412368385978942,0,0.6335820895522387,0.5828635851183765,0.3865866957470011,0.9020568070519097,0.3876221498371336,0.4845539743144741,0.5434782608695653,0.0
1E000235,여자,40대,판매 종사자,고졸(대학 재학 포함),대전광역시,2세대가족,기혼,맞벌이 함,600-700만원 미만,0.09575808483830324,0.16577331644089272,0.08715032817380929,0.136783988957902,0.06124511521358308,0.19261188271604937,0.22391043582566975,2,0.2805970149253731,0.5791055993987223,0.42884405670665215,0.8237022526934379,0.25048859934853424,0.5196112460951058,0.4869565217391305,0.6666666666666666
1A001546,여자,50대,주부,대학교 졸업(전문대졸/대학원생 포함),서울특별시,1세대가족,기혼,맞벌이 하지 않음,400-500만원 미만,0.16673666526669467,0.1521294220836176,0.10663016391141063,0.13954451345755692,0.10456811750437946,0.10320216049382716,0.17766226842596297,3,0.5328358208955224,0.5264937993235626,0.5801526717557252,0.8432908912830557,0.45993485342019547,0.19784796945505032,0.33608695652173914,1.0
1K000550,여자,60대 이상,주부,고졸(대학 재학 포함),전라북도,1세대가족,기혼,맞벌이 하지 않음,100-200만원 미만,0.23288534229315416,0.1511548582009551,0.04397880032290899,0.12298136645962732,0.08536585365853658,0.10947145061728396,0.24790083966413437,3,0.767910447761194,0.5227358136039083,0.09351145038167938,0.7257590597453476,0.36710097719869705,0.22040958000694208,0.5652173913043479,1.0
4K192051,남자,60대 이상,판매 종사자,대학교 졸업(전문대졸/대학원생 포함),전라북도,1세대가족,기혼,맞벌이 함,400-500만원 미만,0.21545569088618227,0.14530747490498003,0.05608788740303956,0.12298136645962732,0.07808920630642771,0.1080246913580247,0.2785552445688391,2,0.7059701492537312,0.5001878992859827,0.18756815703380594,0.7257590597453476,0.3319218241042346,0.21520305449496704,0.6652173913043478,0.6666666666666666
1A001561,여자,50대,사무 종사자,대학교 졸업(전문대졸/대학원생 포함),서울특별시,2세대가족,기혼,맞벌이 함,600-700만원 미만,0.18227635447291055,0.12776532501705487,0.11270225685304132,0.136783988957902,0.14472443066972107,0.11477623456790124,0.17992802878848463,0,0.5880597014925373,0.4325441563322059,0.6273173391494002,0.8237022526934379,0.6540716612377852,0.23950017355085043,0.34347826086956523,0.0
1A000872,여자,50대,판매 종사자,대학교 졸업(전문대졸/대학원생 포함),서울특별시,2세대가족,기혼,맞벌이 함,"1,000만원 이상",0.1371272574548509,0.16284962479290518,0.13955284124811346,0.1616287094547964,0.11238377577145937,0.1787229938271605,0.15593762495002,0,0.4276119402985074,0.5678316422397595,0.8358778625954199,0.9999999999999998,0.49771986970684046,0.4696286011801457,0.26521739130434785,0.0
4D059001,남자,50대,기능원 및 관련 기능 종사자,고졸(대학 재학 포함),대구광역시,2세대가족,기혼,맞벌이 함,600-700만원 미만,0.1652666946661067,0.19208654127278044,0.05970306412551332,0.13126293995859212,0.06515294434712303,0.1947337962962963,0.22391043582566975,2,0.5276119402985074,0.6805712138293873,0.2156488549618321,0.7845249755142016,0.2693811074918567,0.5272474835126691,0.4869565217391305,0.6666666666666666
4A001007,여자,40대,사무 종사자,대학교 졸업(전문대졸/대학원생 포함),서울특별시,2세대가족,기혼,맞벌이 함,500-600만원 미만,0.18185636287274254,0.2666406782964624,0.06788108525499281,0.1305728088336784,0.06986928985311952,0.1015625,0.11861921897907504,0,0.5865671641791044,0.9680571213829389,0.27917121046892046,0.7796278158667971,0.2921824104234528,0.19194724054147863,0.14347826086956525,0.0
1A000907,여자,30대,사무 종사자,대학원 졸업 이상,서울특별시,2세대가족,기혼,맞벌이 함,600-700만원 미만,0.1713565728685426,0.16187506091024267,0.11817767014144817,0.1533471359558316,0.13731303058886943,0.12876157407407407,0.1639344262295082,0,0.5492537313432835,0.5640736565201052,0.6698473282442747,0.9412340842311457,0.618241042345277,0.2898299201666088,0.29130434782608694,0.0
4I209028,남자,40대,기능원 및 관련 기능 종사자,고졸(대학 재학 포함),경상북도,1인 가구,미혼(사별/이혼 포함),맞벌이 하지 않음,200-300만원 미만,0.09449811003779925,0.11889679368482606,0.10645466989575657,0.11042097998619738,0.07950410995822665,0.11766975308641976,0.20924963347994138,1,0.2761194029850746,0.3983464862833521,0.5787895310796075,0.6366307541625857,0.3387622149837134,0.24991322457480045,0.4391304347826087,0.3333333333333333
1O000188,여자,60대 이상,주부,고졸(대학 재학 포함),강원도,1세대가족,기혼,맞벌이 하지 않음,200-300만원 미만,0.08252834943301134,0.13361270831302993,0.08704503176441683,0.13126293995859212,0.04709607869559359,0.1861496913580247,0.254964680794349,3,0.23358208955223875,0.4550920706501316,0.4280261723009814,0.7845249755142016,0.182084690553746,0.4963554321416175,0.5882608695652175,1.0
1C000108,여자,40대,서비스 종사자,고졸(대학 재학 포함),인천광역시,2세대가족,기혼,맞벌이 함,500-600만원 미만,0.1898362032759345,0.12337978754507359,0.12446035590186376,0.1388543823326432,0.14822800161703273,0.15393518518518517,0.11328801812608291,2,0.6149253731343284,0.41563322059376173,0.7186477644492912,0.8383937316356511,0.6710097719869706,0.38042346407497385,0.12608695652173915,0.6666666666666666
1A001530,여자,40대,사무 종사자,대학교 졸업(전문대졸/대학원생 포함),서울특별시,2세대가족,기혼,맞벌이 함,700-800만원 미만,0.1633767324653507,0.14140921937433,0.09374890316240217,0.13954451345755692,0.0935183937474734,0.11188271604938273,0.22524323603891777,0,0.5208955223880597,0.48515595640736564,0.4800981461286805,0.8432908912830557,0.4065146579804561,0.22908712252690042,0.491304347826087,0.0
4I209035,남자,30대,사무 종사자,대학교 졸업(전문대졸/대학원생 포함),경상북도,1세대가족,기혼,맞벌이 함,500-600만원 미만,0.0755984880302394,0.12698567391092488,0.100733564985434,0.11911663216011041,0.06872389165880609,0.11188271604938273,0.23590563774490206,0,0.208955223880597,0.42953776775648256,0.5343511450381679,0.6983349657198823,0.28664495114006516,0.22908712252690042,0.5260869565217392,0.0
4I209049,남자,60대 이상,서비스 종사자,대학교 졸업(전문대졸/대학원생 포함),경상북도,1인 가구,미혼(사별/이혼 포함),맞벌이 하지 않음,400-500만원 미만,0.0755984880302394,0.13838807133807624,0.09722368467235268,0.11042097998619738,0.06266001886538203,0.11766975308641976,0.23057443689190993,1,0.208955223880597,0.47350620067643745,0.5070883315158125,0.6366307541625857,0.2573289902280131,0.24991322457480045,0.5086956521739131,0.3333333333333333
1H000001,여자,20대,사무 종사자,대학교 졸업(전문대졸/대학원생 포함),경기도,1인 가구,미혼(사별/이혼 포함),맞벌이 하지 않음,300-400만원 미만,0.1768164636707266,0.1789299288568366,0.05942227370046682,0.12781228433402345,0.06548982616897993,0.11795910493827161,0.22790883646541385,1,0.5686567164179104,0.6298384066140549,0.21346782988004367,0.7600391772771791,0.27100977198697074,0.25095452967719545,0.5,0.3333333333333333
1A001583,여자,40대,판매 종사자,대학교 졸업(전문대졸/대학원생 포함),서울특별시,2세대가족,기혼,맞벌이 함,600-700만원 미만,0.1497270054598908,0.11509599454244226,0.08041135797269314,0.136783988957902,0.11002560301846113,0.09645061728395062,0.20125283220045317,0,0.4723880597014924,0.3836903419767005,0.3764994547437296,0.8237022526934379,0.4863192182410424,0.17355085039916693,0.4130434782608696,0.0
4I209063,여자,50대,서비스 종사자,고졸(대학 재학 포함),경상북도,1세대가족,기혼,맞벌이 함,400-500만원 미만,0.0755984880302394,0.13838807133807624,0.11161419395598611,0.11042097998619738,0.055248618784530384,0.11381172839506173,0.21857923497267762,2,0.208955223880597,0.47350620067643745,0.61886586695747,0.6366307541625857,0.22149837133550487,0.23602915654286707,0.4695652173913044,0.6666666666666666
4A001014,여자,50대,판매 종사자,고졸(대학 재학 포함),서울특별시,1세대가족,기혼,맞벌이 함,700-800만원 미만,0.2118857622847543,0.15018029431829258,0.07823523217858272,0.136783988957902,0.09708934105915644,0.11844135802469136,0.31627349060375853,2,0.6932835820895522,0.5189778278842541,0.35959651035986917,0.8237022526934379,0.4237785016286645,0.25269003818118707,0.7882608695652175,0.6666666666666666
1D000958,여자,60대 이상,주부,고졸(대학 재학 포함),대구광역시,1세대가족,기혼,맞벌이 하지 않음,300-400만원 미만,0.19487610247795045,0.1891628496247929,0.08725562458320171,0.1450655624568668,0.08617437003099312,0.16415895061728394,0.26656004264960687,3,0.6328358208955224,0.6692972566704246,0.4296619411123227,0.8824681684622917,0.3710097719869707,0.41721624435959725,0.6260869565217393,1.0
1C000129,여자,40대,사무 종사자,고졸(대학 재학 포함),인천광역시,2세대가족,기혼,맞벌이 함,400-500만원 미만,0.19172616547669047,0.11607055842510478,0.12526762837387245,0.13402346445824706,0.17066433095270178,0.13686342592592593,0.11368785819005732,2,0.6216417910447761,0.38744832769635473,0.7249182115594329,0.8041136141038197,0.7794788273615636,0.31898646303366884,0.1273913043478261,0.6666666666666666
4I209077,여자,60대 이상,서비스 종사자,고졸(대학 재학 포함),경상북도,1세대가족,기혼,맞벌이 함,500-600만원 미만,0.09449811003779925,0.14521001851671378,0.09897862482889334,0.10766045548654245,0.09297938283250236,0.10030864197530864,0.194588831134213,2,0.2761194029850746,0.49981210071401727,0.5207197382769903,0.6170421155729677,0.40390879478827363,0.1874349184311003,0.3913043478260869,0.6666666666666666
1D000966,여자,60대 이상,사무 종사자,대학교 졸업(전문대졸/대학원생 포함),대구광역시,2세대가족,기혼,맞벌이 함,600-700만원 미만,0.14195716085678287,0.19501023292076797,0.11694921203186971,0.13126293995859212,0.10544401024120738,0.1385030864197531,0.17992802878848463,0,0.44477611940298495,0.6918451709883502,0.6603053435114503,0.7845249755142016,0.46416938110749184,0.3248871919472406,0.34347826086956523,0.0
1D000981,여자,50대,판매 종사자,고졸(대학 재학 포함),대구광역시,1세대가족,기혼,맞벌이 함,400-500만원 미만,0.13817723645527089,0.19725172985089176,0.09869783440384683,0.14230503795721186,0.07283384988546017,0.16869212962962965,0.25989604158336665,2,0.43134328358208945,0.7004885381435552,0.5185387131952017,0.8628795298726737,0.306514657980456,0.43353002429711907,0.6043478260869565,0.6666666666666666
1C000139,여자,60대 이상,주부,고졸(대학 재학 포함),인천광역시,1세대가족,기혼,맞벌이 하지 않음,200-300만원 미만,0.16022679546409072,0.12406198226293734,0.09848724158506196,0.13291925465838508,0.11945829403045412,0.20013503086419754,0.16660002665600426,3,0.5097014925373133,0.4182638105975197,0.5169029443838604,0.7962781586679726,0.5319218241042346,0.5466851787573759,0.29999999999999993,1.0
3O147005,여자,60대 이상,주부,중졸 이하,강원도,1인 가구,미혼(사별/이혼 포함),맞벌이 하지 않음,100-200만원 미만,0.07349853002939942,0.17795536497417408,0.0837808430732512,0.11677018633540372,0.03813502223420024,0.15104166666666666,0.17726242836198855,1,0.2014925373134328,0.6260804208944006,0.40267175572519076,0.681684622918707,0.13876221498371338,0.3700104130510239,0.33478260869565224,0.3333333333333333
1H000013,여자,40대,주부,고졸(대학 재학 포함),경기도,2세대가족,기혼,맞벌이 하지 않음,400-500만원 미만,0.1383872322553549,0.17308254556086153,0.07328630093713805,0.1305728088336784,0.07896509904325563,0.18383487654320987,0.21324803411968546,3,0.4320895522388059,0.6072904922961293,0.32115594329334785,0.7796278158667971,0.336156351791531,0.48802499132245736,0.4521739130434782,1.0
4C071020,남자,60대 이상,서비스 종사자,고졸(대학 재학 포함),인천광역시,1세대가족,기혼,맞벌이 함,400-500만원 미만,0.12935741285174296,0.21547607445668066,0.06854796251447826,0.13954451345755692,0.04622018595876566,0.2082368827160494,0.22524323603891777,2,0.3999999999999999,0.7707628711010898,0.28435114503816794,0.8432908912830557,0.1778501628664495,0.5758417216244359,0.491304347826087,0.6666666666666666
3O147007,여자,60대 이상,주부,중졸 이하,강원도,1인 가구,미혼(사별/이혼 포함),맞벌이 하지 않음,100-200만원 미만,0.08252834943301134,0.15719715427346265,0.08335965743568144,0.12187715665976535,0.05026276782104837,0.18325617283950618,0.18659202985472478,1,0.23358208955223875,0.5460353250657648,0.39940021810250814,0.7179236043095005,0.1973941368078176,0.4859423811176674,0.3652173913043478,0.3333333333333333
1H000020,여자,60대 이상,서비스 종사자,고졸(대학 재학 포함),경기도,1세대가족,기혼,맞벌이 함,500-600만원 미만,0.12095758084838304,0.12825260695838614,0.07697167526587344,0.11124913733609385,0.09473116830615819,0.20399305555555555,0.22830867652938827,2,0.3701492537313432,0.43442314919203306,0.3497818974918211,0.642507345739471,0.41237785016286643,0.5605692467893092,0.501304347826087,0.6666666666666666
3O147006,여자,60대 이상,주부,대학교 졸업(전문대졸/대학원생 포함),강원도,1세대가족,기혼,맞벌이 하지 않음,300-400만원 미만,0.10772784544309114,0.15066757625962382,0.09353831034361729,0.1305728088336784,0.06488343888963752,0.1787229938271605,0.18525922964147676,3,0.3231343283582089,0.5208568207440811,0.4784623773173391,0.7796278158667971,0.2680781758957655,0.4696286011801457,0.36086956521739133,1.0
3E088018,남자,30대,서비스 종사자,대학교 졸업(전문대졸/대학원생 포함),대전광역시,1인 가구,미혼(사별/이혼 포함),맞벌이 하지 않음,300-400만원 미만,0.16715665686686265,0.21888704804599943,0.04327682426029272,0.1388543823326432,0.06191887885729686,0.18441358024691357,0.20125283220045317,1,0.5343283582089552,0.7839158211198797,0.08805888767720829,0.8383937316356511,0.25374592833876225,0.4901076015272474,0.4130434782608696,0.3333333333333333
1C000097,여자,50대,사무 종사자,대학교 졸업(전문대졸/대학원생 포함),인천광역시,2세대가족,기혼,맞벌이 함,600-700만원 미만,0.21965560688786223,0.13195594971250368,0.12277561335158473,0.14230503795721186,0.1671607600053901,0.14525462962962962,0.11462081833933094,0,0.7208955223880595,0.44870349492671935,0.7055616139585605,0.8628795298726737,0.7625407166123779,0.34918431100312386,0.13043478260869565,0.0
1H000032,여자,30대,주부,고졸(대학 재학 포함),경기도,2세대가족,기혼,맞벌이 하지 않음,300-400만원 미만,0.14258714825703486,0.13799824578501121,0.08399143589203609,0.12781228433402345,0.08954318824956206,0.17476851851851852,0.22790883646541385,3,0.4470149253731343,0.47200300638857573,0.4043075245365322,0.7600391772771791,0.38729641693811084,0.45539743144741407,0.5,1.0
3E088036,여자,20대,학생,고졸(대학 재학 포함),대전광역시,1인 가구,미혼(사별/이혼 포함),맞벌이 하지 않음,100만원 미만,0.20264594708105838,0.2182048533281357,0.044575479976132815,0.14161490683229813,0.0746530117234874,0.22781635802469136,0.2065840330534453,1,0.6604477611940298,0.7812852311161218,0.09814612868047981,0.8579823702252691,0.3153094462540717,0.6463033668864977,0.4304347826086957,0.3333333333333333
1O000192,남자,30대,사무 종사자,대학교 졸업(전문대졸/대학원생 포함),강원도,1인 가구,미혼(사별/이혼 포함),맞벌이 하지 않음,300-400만원 미만,0.07895842083158337,0.18672643991813664,0.0927661366747394,0.1388543823326432,0.06306427705161029,0.15335648148148148,0.15460482473677198,1,0.22089552238805965,0.659902292371289,0.47246455834242096,0.8383937316356511,0.2592833876221498,0.3783408538701839,0.26086956521739135,0.3333333333333333
3E088042,남자,20대,판매 종사자,고졸(대학 재학 포함),대전광역시,1인 가구,미혼(사별/이혼 포함),맞벌이 하지 않음,200-300만원 미만,0.1883662326753465,0.20621771757138682,0.04106559966305149,0.13333333333333333,0.06043659884112653,0.20283564814814817,0.1985872317739571,1,0.6097014925373134,0.7350620067643743,0.07088331515812432,0.7992164544564153,0.24657980456026057,0.5564040263797293,0.4043478260869565,0.3333333333333333
1A001587,여자,60대 이상,서비스 종사자,고졸(대학 재학 포함),서울특별시,1세대가족,기혼,맞벌이 함,500-600만원 미만,0.18185636287274254,0.12386706948640484,0.10806921483977396,0.136783988957902,0.13549386875084218,0.10127314814814815,0.2136478741836599,2,0.5865671641791044,0.41751221345358885,0.5913304252998909,0.8237022526934379,0.6094462540716612,0.19090593543908366,0.45347826086956533,0.6666666666666666
1O000193,남자,30대,사무 종사자,대학교 졸업(전문대졸/대학원생 포함),강원도,1인 가구,미혼(사별/이혼 포함),맞벌이 하지 않음,200-300만원 미만,0.14552708945821083,0.16626059838222396,0.07570811835316416,0.147135955831608,0.08112114270313973,0.1398533950617284,0.22657603625216582,1,0.4574626865671641,0.5809845922585494,0.3399672846237731,0.8971596474045052,0.3465798045602606,0.3297466157584171,0.4956521739130435,0.3333333333333333
1A000911,여자,40대,판매 종사자,대학교 졸업(전문대졸/대학원생 포함),서울특별시,2세대가족,기혼,맞벌이 함,600-700만원 미만,0.12830743385132298,0.2427638631712309,0.09094099891193712,0.15058661145617666,0.06191887885729686,0.19483024691358025,0.25589764094362255,0,0.39626865671641787,0.8759864712514092,0.45828789531079617,0.9216454456415277,0.25374592833876225,0.5275945852134675,0.591304347826087,0.0
1N000562,남자,40대,서비스 종사자,대학교 졸업(전문대졸/대학원생 포함),충청남도,1인 가구,미혼(사별/이혼 포함),맞벌이 하지 않음,300-400만원 미만,0.19214615707685848,0.21888704804599943,0.07005721104910323,0.14161490683229813,0.06636571890580784,0.18605324074074076,0.22524323603891777,1,0.6231343283582089,0.7839158211198797,0.29607415485278077,0.8579823702252691,0.2752442996742671,0.49600833044081916,0.491304347826087,0.3333333333333333
1N000581,여자,30대,서비스 종사자,대학교 졸업(전문대졸/대학원생 포함),충청남도,2세대가족,기혼,맞벌이 함,600-700만원 미만,0.19928601427971443,0.21206510086736186,0.06444140254817311,0.14161490683229813,0.06953240803126264,0.20148533950617287,0.22924163667866188,0,0.6485074626865672,0.7576099210822999,0.25245365321701196,0.8579823702252691,0.29055374592833877,0.5515446025685526,0.5043478260869565,0.0
1N000585,남자,50대,서비스 종사자,고졸(대학 재학 포함),충청남도,1세대가족,기혼,맞벌이 함,500-600만원 미만,0.18227635447291055,0.18575187603547413,0.06724930679863816,0.147135955831608,0.05983021156178412,0.19058641975308643,0.2612288417966147,2,0.5880597014925373,0.6561443066516347,0.2742639040348963,0.8971596474045052,0.24364820846905538,0.5123221103783409,0.6086956521739131,0.6666666666666666
3N181003,남자,60대 이상,농림어업 숙련 종사자,고졸(대학 재학 포함),충청남도,1세대가족,기혼,맞벌이 함,300-400만원 미만,0.2251154976900462,0.19452295097943673,0.06854796251447826,0.14437543133195307,0.07647217356151462,0.21875000000000003,0.25456484073037455,2,0.7402985074626866,0.6899661781285231,0.28435114503816794,0.8775710088148874,0.32410423452768733,0.6136758070114544,0.5869565217391305,0.6666666666666666
1O000194,여자,40대,사무 종사자,대학교 졸업(전문대졸/대학원생 포함),강원도,1인 가구,미혼(사별/이혼 포함),맞벌이 하지 않음,200-300만원 미만,0.07475850482990341,0.1521294220836176,0.08286827419185006,0.13954451345755692,0.07613529173965773,0.1514274691358025,0.23097427695588435,1,0.20597014925373136,0.5264937993235626,0.3955834242093783,0.8432908912830557,0.3224755700325733,0.3713988198542173,0.5100000000000001,0.3333333333333333
1H000035,여자,60대 이상,주부,고졸(대학 재학 포함),경기도,1세대가족,기혼,맞벌이 하지 않음,300-400만원 미만,0.14741705165896682,0.1496930123769613,0.07100487873363519,0.12505175983436853,0.07896509904325563,0.16666666666666669,0.23723843795815008,3,0.46417910447761185,0.5170988350244269,0.30343511450381677,0.7404505386875613,0.336156351791531,0.426240888580354,0.5304347826086957,1.0
3N181006,여자,60대 이상,농림어업 숙련 종사자,고졸(대학 재학 포함),충청남도,1세대가족,기혼,맞벌이 함,300-400만원 미만,0.2624947501049979,0.20231946204073678,0.07030290267101892,0.13333333333333333,0.08017787360194044,0.20929783950617284,0.22790883646541385,2,0.8731343283582088,0.7200300638857572,0.29798255179934563,0.7992164544564153,0.3420195439739414,0.5796598403332176,0.5,0.6666666666666666
1C000309,여자,60대 이상,기능원 및 관련 기능 종사자,고졸(대학 재학 포함),인천광역시,1세대가족,기혼,맞벌이 함,400-500만원 미만,0.21440571188576227,0.143358347139655,0.07163665718998982,0.136783988957902,0.08395095000673763,0.14515817901234568,0.29854724776755964,2,0.7022388059701491,0.49267192784667413,0.3083424209378407,0.8237022526934379,0.36026058631921826,0.34883720930232553,0.7304347826086957,0.6666666666666666
3N181009,여자,60대 이상,서비스 종사자,고졸(대학 재학 포함),충청남도,1인 가구,미혼(사별/이혼 포함),맞벌이 하지 않음,100-200만원 미만,0.24359512809743805,0.196179709579963,0.07181215120564388,0.12739820565907523,0.07815658267079909,0.1875,0.2536318805811009,1,0.8059701492537312,0.6963547538519355,0.30970556161395846,0.7571008814887366,0.33224755700325737,0.5012148559527941,0.583913043478261,0.3333333333333333
3N181012,여자,60대 이상,농림어업 숙련 종사자,고졸(대학 재학 포함),충청남도,1세대가족,기혼,맞벌이 함,300-400만원 미만,0.2011759764804704,0.20358639508819806,0.06854796251447826,0.1388543823326432,0.06319902978035305,0.2541473765432099,0.2452352392376383,2,0.6552238805970149,0.7249154453213078,0.28435114503816794,0.8383937316356511,0.25993485342019546,0.7410621312044429,0.5565217391304348,0.6666666666666666
3N181015,여자,60대 이상,농림어업 숙련 종사자,대학교 졸업(전문대졸/대학원생 포함),충청남도,1세대가족,기혼,맞벌이 함,200-300만원 미만,0.23372532549349012,0.1818536205048241,0.049348917201923415,0.14161490683229813,0.08192965907559628,0.21807484567901236,0.23990403838464616,2,0.7708955223880596,0.6411123637730176,0.13522355507088332,0.8579823702252691,0.3504885993485342,0.611246095105866,0.5391304347826088,0.6666666666666666
1C000105,여자,40대,판매 종사자,고졸(대학 재학 포함),인천광역시,2세대가족,기혼,맞벌이 함,600-700만원 미만,0.22049559008819825,0.1852645940941429,0.10322558000772175,0.13954451345755692,0.14910389435386068,0.12789351851851852,0.12794882047181128,2,0.7238805970149254,0.6542653137918076,0.5537077426390404,0.8432908912830557,0.6752442996742672,0.28670600485942377,0.1739130434782609,0.6666666666666666
3N181018,남자,50대,서비스 종사자,고졸(대학 재학 포함),충청남도,2세대가족,기혼,맞벌이 함,400-500만원 미만,0.23372532549349012,0.21011597310203686,0.04597943210136535,0.14161490683229813,0.07498989354534429,0.18836805555555558,0.22124483539917367,2,0.7708955223880596,0.7500939496429914,0.10905125408942204,0.8579823702252691,0.31693811074918565,0.5043387712599792,0.4782608695652174,0.6666666666666666
1H000039,여자,60대 이상,주부,고졸(대학 재학 포함),경기도,1세대가족,기혼,맞벌이 하지 않음,300-400만원 미만,0.10205795884082319,0.13215086248903615,0.07416377101540839,0.12229123533471359,0.07047567713246193,0.17959104938271606,0.27588964414234307,3,0.30298507462686564,0.44945509207065004,0.32797164667393675,0.720861900097943,0.295114006514658,0.47275251648733074,0.6565217391304348,1.0
3N181021,여자,60대 이상,농림어업 숙련 종사자,고졸(대학 재학 포함),충청남도,1인 가구,미혼(사별/이혼 포함),맞벌이 하지 않음,200-300만원 미만,0.22805543889122218,0.2149887925153494,0.06433610613878067,0.13609385783298825,0.0718232044198895,0.21479552469135801,0.20831667333066775,1,0.7507462686567163,0.7688838782412626,0.2516357688113413,0.8188050930460331,0.301628664495114,0.5994446372787225,0.4360869565217391,0.3333333333333333
3N181024,여자,60대 이상,주부,고졸(대학 재학 포함),충청남도,1세대가족,기혼,맞벌이 하지 않음,200-300만원 미만,0.19403611927761447,0.20231946204073678,0.07240883085886772,0.13609385783298825,0.059560706104298616,0.24459876543209877,0.22524323603891777,3,0.6298507462686567,0.7200300638857572,0.31434023991275906,0.8188050930460331,0.2423452768729642,0.7066990628254077,0.491304347826087,1.0
4I219009,여자,60대 이상,서비스 종사자,고졸(대학 재학 포함),경상북도,1인 가구,미혼(사별/이혼 포함),맞벌이 하지 않음,100-200만원 미만,0.09449811003779925,0.10817659097553846,0.11161419395598611,0.10766045548654245,0.08691551003907828,0.11091820987654322,0.19992003198720512,1,0.2761194029850746,0.3570086433671552,0.61886586695747,0.6170421155729677,0.3745928338762215,0.22561610551891706,0.408695652173913,0.3333333333333333
1H000061,여자,60대 이상,주부,고졸(대학 재학 포함),경기도,1세대가족,기혼,맞벌이 하지 않음,200-300만원 미만,0.09365812683746326,0.14287106519832377,0.06819697448317014,0.12229123533471359,0.049589004177334584,0.22916666666666666,0.28961748633879786,3,0.27313432835820894,0.49079293498684706,0.2816248636859324,0.720861900097943,0.19413680781758957,0.6511627906976744,0.7013043478260871,1.0
4J233020,여자,40대,사무 종사자,대학교 졸업(전문대졸/대학원생 포함),경상남도,2세대가족,기혼,맞벌이 함,700-800만원 미만,0.16862662746745066,0.11314686677711724,0.11235126882173319,0.13402346445824706,0.15853658536585366,0.1404320987654321,0.14527522324403572,0,0.5395522388059701,0.37617437053739194,0.6245910577971646,0.8041136141038197,0.7208469055374593,0.3318292259632072,0.23043478260869563,0.0
4I207015,여자,60대 이상,판매 종사자,고졸(대학 재학 포함),경상북도,2세대가족,미혼(사별/이혼 포함),맞벌이 하지 않음,400-500만원 미만,0.0755984880302394,0.13643894357275121,0.1017865290793584,0.11042097998619738,0.07344023716480258,0.11766975308641976,0.22391043582566975,1,0.208955223880597,0.46599022923712896,0.5425299890948746,0.6366307541625857,0.3094462540716612,0.24991322457480045,0.4869565217391305,0.3333333333333333
1A000912,여자,20대,사무 종사자,대학교 졸업(전문대졸/대학원생 포함),서울특별시,1세대가족,기혼,맞벌이 함,600-700만원 미만,0.06299874002519949,0.21645063833934317,0.1055421010143554,0.15058661145617666,0.0426492386470826,0.13117283950617284,0.2692256430761029,0,0.16417910447761191,0.7745208568207441,0.571701199563795,0.9216454456415277,0.16058631921824107,0.29850746268656714,0.6347826086956523,0.0
4I215029,여자,40대,판매 종사자,대학교 졸업(전문대졸/대학원생 포함),경상북도,1인 가구,미혼(사별/이혼 포함),맞벌이 하지 않음,400-500만원 미만,0.055648887022259556,0.13751096384367997,0.060299743778737154,0.1285024154589372,0.06380541705969546,0.12056327160493828,0.24390243902439027,1,0.13805970149253732,0.47012401352874866,0.22028353326063257,0.7649363369245838,0.2628664495114007,0.26032627559875043,0.5521739130434783,0.3333333333333333
4J233024,여자,50대,사무 종사자,대학교 졸업(전문대졸/대학원생 포함),경상남도,2세대가족,기혼,맞벌이 함,800-900만원 미만,0.13502729945401093,0.11704512230776729,0.11972201747920397,0.13954451345755692,0.15671742352782642,0.13339120370370372,0.13328002132480343,0,0.42014925373134326,0.39120631341600903,0.6818429661941112,0.8432908912830557,0.7120521172638437,0.30649080180492894,0.19130434782608705,0.0
1H000063,남자,50대,장치·기계 조작 및 조립 종사자,고졸(대학 재학 포함),경기도,1인 가구,미혼(사별/이혼 포함),맞벌이 하지 않음,300-400만원 미만,0.0755984880302394,0.15066757625962382,0.06503808220139694,0.12505175983436853,0.0545748551408166,0.18875385802469136,0.21857923497267762,1,0.208955223880597,0.5208568207440811,0.25708833151581245,0.7404505386875613,0.21824104234527686,0.5057271780631725,0.4695652173913044,0.3333333333333333
1A000915,남자,60대 이상,단순노무 종사자,고졸(대학 재학 포함),서울특별시,1세대가족,기혼,맞벌이 함,300-400만원 미만,0.09617807643847123,0.22619627716596824,0.09150257976203012,0.14230503795721186,0.04588330413690877,0.18258101851851855,0.25456484073037455,2,0.28208955223880594,0.8121007140172867,0.462649945474373,0.8628795298726737,0.1762214983713355,0.48351266921207914,0.5869565217391305,0.6666666666666666
1H000073,여자,60대 이상,주부,고졸(대학 재학 포함),경기도,1세대가족,기혼,맞벌이 하지 않음,300-400만원 미만,0.08882822343553129,0.1457947568463113,0.061879189919623746,0.11400966183574879,0.05093653146476216,0.1625192901234568,0.22257763561242172,3,0.2559701492537313,0.5020668921458099,0.2325517993456925,0.662095984329089,0.2006514657980456,0.41131551544602574,0.482608695652174,1.0
4I215045,여자,60대 이상,주부,고졸(대학 재학 포함),경상북도,1세대가족,기혼,맞벌이 하지 않음,300-400만원 미만,0.08357832843343133,0.16674788032355523,0.07735776210031238,0.13126293995859212,0.049723756906077346,0.1449652777777778,0.23190723710515795,3,0.23731343283582085,0.5828635851183765,0.35278080697928027,0.7845249755142016,0.19478827361563522,0.3481430059007289,0.5130434782608696,1.0
1A000928,여자,30대,사무 종사자,대학교 졸업(전문대졸/대학원생 포함),서울특별시,2세대가족,기혼,맞벌이 함,600-700만원 미만,0.09008819823603528,0.22034889386999318,0.10933277175248324,0.15610766045548655,0.07377711898665948,0.1871141975308642,0.23057443689190993,0,0.2604477611940298,0.7895527996993611,0.6011450381679388,0.960822722820764,0.31107491856677527,0.4998264491496007,0.5086956521739131,0.0
1A000934,남자,40대,장치·기계 조작 및 조립 종사자,고졸(대학 재학 포함),서울특별시,2세대가족,기혼,맞벌이 함,500-600만원 미만,0.07727845443091137,0.23886560764058085,0.11568565511916044,0.14782608695652172,0.049925885999191476,0.18856095679012347,0.25856324137011866,2,0.2149253731343283,0.8609545283727921,0.6504907306434023,0.9020568070519097,0.19576547231270358,0.5050329746615758,0.6000000000000001,0.6666666666666666
1A000941,여자,60대 이상,판매 종사자,고졸(대학 재학 포함),서울특별시,1세대가족,기혼,맞벌이 함,700-800만원 미만,0.13292734145317092,0.1358542052431537,0.15260959601277596,0.14782608695652172,0.11817814310739792,0.1234567901234568,0.23497267759562845,2,0.41268656716417895,0.4637354378053363,0.9372955288985821,0.9020568070519097,0.5257328990228014,0.2707393266227005,0.5230434782608697,0.6666666666666666
1A000952,여자,60대 이상,서비스 종사자,고졸(대학 재학 포함),서울특별시,1세대가족,기혼,맞벌이 함,600-700만원 미만,0.11129777404451911,0.16187506091024267,0.14404548804885753,0.1533471359558316,0.11528095943942863,0.13599537037037038,0.1936558709849394,2,0.33582089552238803,0.5640736565201052,0.8707742639040349,0.9412340842311457,0.5117263843648209,0.3158625477264839,0.38826086956521744,0.6666666666666666
1C000387,여자,30대,사무 종사자,대학교 졸업(전문대졸/대학원생 포함),인천광역시,1인 가구,미혼(사별/이혼 포함),맞벌이 하지 않음,400-500만원 미만,0.09869802603947922,0.1082740473638047,0.12354778702046261,0.13126293995859212,0.04952162781296321,0.10706018518518519,0.13861122217779556,1,0.29104477611940294,0.3573844419391206,0.7115594329334788,0.7845249755142016,0.1938110749185668,0.2117320374869837,0.2086956521739131,0.3333333333333333
4A008004,여자,60대 이상,판매 종사자,고졸(대학 재학 포함),서울특별시,1세대가족,기혼,맞벌이 함,"900-1,000만원 미만",0.09764804703905922,0.13361270831302993,0.15285528763469167,0.15058661145617666,0.13441584692090014,0.12731481481481483,0.11861921897907504,2,0.28731343283582084,0.4550920706501316,0.9392039258451473,0.9216454456415277,0.6042345276872965,0.2846233946546338,0.14347826086956525,0.6666666666666666
4A008008,여자,40대,사무 종사자,대학교 졸업(전문대졸/대학원생 포함),서울특별시,2세대가족,기혼,맞벌이 함,"1,000만원 이상",0.10247795044099117,0.11850696813176104,0.14706398511810748,0.13609385783298825,0.13124915779544535,0.10927854938271606,0.10395841663334666,0,0.30447761194029843,0.39684329199549034,0.8942202835332606,0.8188050930460331,0.5889250814332248,0.21971537660534537,0.09565217391304351,0.0
1C000304,여자,50대,서비스 종사자,고졸(대학 재학 포함),인천광역시,2세대가족,기혼,맞벌이 함,600-700만원 미만,0.1889962200755985,0.12386706948640484,0.07040819908041136,0.13402346445824706,0.07108206441180434,0.15962577160493827,0.3198720511795282,2,0.6119402985074627,0.41751221345358885,0.2988004362050164,0.8041136141038197,0.2980456026058632,0.40090246442207556,0.8000000000000002,0.6666666666666666
4A008012,여자,60대 이상,주부,고졸(대학 재학 포함),서울특별시,1세대가족,기혼,맞벌이 하지 않음,500-600만원 미만,0.08084838303233935,0.11071045707046097,0.1415885718297006,0.1305728088336784,0.12430939226519337,0.0935570987654321,0.12435025989604159,3,0.2276119402985074,0.3667794062382563,0.8516902944383861,0.7796278158667971,0.5553745928338762,0.1631377993752169,0.1621739130434783,1.0
1C000305,여자,60대 이상,단순노무 종사자,고졸(대학 재학 포함),인천광역시,1세대가족,기혼,맞벌이 함,300-400만원 미만,0.17996640067198658,0.13458727219569244,0.06802148046751606,0.136783988957902,0.08199703543996766,0.14988425925925927,0.30121284819405575,2,0.5798507462686567,0.4588500563697858,0.28026172300981467,0.8237022526934379,0.35081433224755704,0.365845192641444,0.7391304347826089,0.6666666666666666
1H000196,여자,30대,사무 종사자,대학교 졸업(전문대졸/대학원생 포함),경기도,2세대가족,기혼,맞벌이 함,600-700만원 미만,0.17702645947081058,0.12191794172107982,0.08251728616054192,0.13402346445824706,0.1034900956744374,0.13464506172839505,0.29321604691456754,0,0.5694029850746268,0.4099962420142803,0.3928571428571428,0.8041136141038197,0.4547231270358306,0.31100312391530716,0.7130434782608697,0.0
4A008016,여자,40대,사무 종사자,대학교 졸업(전문대졸/대학원생 포함),서울특별시,2세대가족,기혼,맞벌이 함,"1,000만원 이상",0.06614867702645948,0.12922717084104865,0.14439647608016568,0.1388543823326432,0.12127745586848133,0.09934413580246915,0.12395041983206719,0,0.17537313432835822,0.43818113491168736,0.8735005452562704,0.8383937316356511,0.5407166123778502,0.183963901423117,0.16086956521739135,0.0
1H000184,여자,50대,장치·기계 조작 및 조립 종사자,대학교 졸업(전문대졸/대학원생 포함),경기도,2세대가족,기혼,맞벌이 함,600-700만원 미만,0.15581688366232677,0.14530747490498003,0.08016566635077745,0.14230503795721186,0.07222746260611777,0.11670524691358025,0.32253765160602427,0,0.49402985074626865,0.5001878992859827,0.37459105779716473,0.8628795298726737,0.3035830618892508,0.2464422075668171,0.8086956521739131,0.0
3P239036,여자,60대 이상,주부,고졸(대학 재학 포함),제주특별자치도,2세대가족,기혼,맞벌이 하지 않음,400-500만원 미만,0.03359932801343973,0.0965792807718546,0.11052613105893089,0.12022084195997239,0.08489421910793693,0.08487654320987655,0.16926562708250034,3,0.059701492537313425,0.3122886133032694,0.6104143947655397,0.7061704211557296,0.36482084690553745,0.13189864630336687,0.30869565217391304,1.0
1E000601,여자,50대,사무 종사자,고졸(대학 재학 포함),대전광역시,2세대가족,기혼,맞벌이 함,600-700만원 미만,0.04619907601847963,0.18312055355228538,0.06854796251447826,0.14437543133195307,0.01953914566769977,0.1922260802469136,0.29321604691456754,2,0.10447761194029849,0.6459977452085682,0.28435114503816794,0.8775710088148874,0.0488599348534202,0.5182228392919125,0.7130434782608697,0.6666666666666666
1E000269,여자,60대 이상,주부,고졸(대학 재학 포함),대전광역시,1세대가족,기혼,맞벌이 하지 않음,400-500만원 미만,0.1476270474590508,0.16333690673423643,0.1195816222666807,0.13333333333333333,0.11467457216008622,0.12210648148148148,0.194588831134213,3,0.4649253731343282,0.5697106350995865,0.6807524536532169,0.7992164544564153,0.5087947882736156,0.26587990281152374,0.3913043478260869,1.0
4I215048,여자,60대 이상,주부,대학교 졸업(전문대졸/대학원생 포함),경상북도,2세대가족,기혼,맞벌이 하지 않음,300-400만원 미만,0.03359932801343973,0.15456583179027386,0.06605594749219051,0.12781228433402345,0.05625926425010106,0.12519290123456792,0.2483006797281088,3,0.059701492537313425,0.5358887636226982,0.26499454743729545,0.7600391772771791,0.2263843648208469,0.27698715723707046,0.5665217391304349,1.0
1E000275,여자,60대 이상,주부,대학교 졸업(전문대졸/대학원생 포함),대전광역시,2세대가족,기혼,맞벌이 하지 않음,800-900만원 미만,0.10982780344393112,0.14550238768151255,0.11463269102523604,0.13291925465838508,0.10618515024929254,0.12374614197530866,0.2065840330534453,3,0.330597014925373,0.5009394964299136,0.6423118865866957,0.7962781586679726,0.4677524429967427,0.2717806317250955,0.4304347826086957,1.0
4I215051,여자,60대 이상,주부,고졸(대학 재학 포함),경상북도,2세대가족,기혼,맞벌이 하지 않음,300-400만원 미만,0.0741285174296514,0.1457947568463113,0.07370748657470781,0.13333333333333333,0.06562457889772268,0.12152777777777778,0.2572304411568706,3,0.203731343283582,0.5020668921458099,0.3244274809160306,0.7992164544564153,0.2716612377850163,0.2637972926067338,0.5956521739130435,1.0
4E094025,여자,20대,사무 종사자,대학교 졸업(전문대졸/대학원생 포함),대전광역시,1인 가구,미혼(사별/이혼 포함),맞벌이 하지 않음,200-300만원 미만,0.08609827803443931,0.1574895234382614,0.05777262995331859,0.12505175983436853,0.06340115887346719,0.11863425925925926,0.20791683326669333,1,0.24626865671641784,0.5471627207816611,0.20065430752453653,0.7404505386875613,0.26091205211726387,0.2533842415827837,0.4347826086956522,0.3333333333333333
4A022010,여자,60대 이상,주부,고졸(대학 재학 포함),서울특별시,1세대가족,기혼,맞벌이 하지 않음,300-400만원 미만,0.06929861402771945,0.12776532501705487,0.1442209820645116,0.1450655624568668,0.11999730494542514,0.12644675925925927,0.18126082900173265,3,0.18656716417910446,0.4325441563322059,0.8721374045801525,0.8824681684622917,0.534527687296417,0.2814994793474488,0.34782608695652173,1.0
4A022017,여자,40대,서비스 종사자,대학교 졸업(전문대졸/대학원생 포함),서울특별시,2세대가족,기혼,맞벌이 함,800-900만원 미만,0.08294834103317934,0.1297144527823799,0.14046541012951458,0.1450655624568668,0.11844764856488345,0.14525462962962962,0.18392642942822873,0,0.2350746268656716,0.4400601277715145,0.8429661941112322,0.8824681684622917,0.5270358306188926,0.34918431100312386,0.35652173913043483,0.0
4F080078,여자,60대 이상,주부,중졸 이하,광주광역시,1인 가구,미혼(사별/이혼 포함),맞벌이 하지 않음,100-200만원 미만,0.1713565728685426,0.10632491959847969,0.08609736407988489,0.136783988957902,0.1263980595607061,0.18566743827160495,0.17632946821271495,1,0.5492537313432835,0.34986847049981207,0.4206652126499455,0.8237022526934379,0.5654723127035831,0.49461992363762586,0.33173913043478265,0.3333333333333333
1H000084,여자,50대,사무 종사자,대학교 졸업(전문대졸/대학원생 포함),경기도,2세대가족,미혼(사별/이혼 포함),맞벌이 하지 않음,300-400만원 미만,0.1371272574548509,0.18770100380079915,0.07100487873363519,0.12781228433402345,0.06171674976418272,0.1615547839506173,0.17726242836198855,1,0.4276119402985074,0.6636602780909432,0.30343511450381677,0.7600391772771791,0.2527687296416938,0.40784449843804227,0.33478260869565224,0.3333333333333333
4A022019,여자,60대 이상,주부,고졸(대학 재학 포함),서울특별시,1세대가족,기혼,맞벌이 하지 않음,400-500만원 미만,0.06362872742545149,0.1316635805477049,0.1352707872661542,0.14782608695652172,0.09102546826573238,0.16763117283950618,0.19592163134746102,3,0.16641791044776116,0.447576099210823,0.8026172300981459,0.9020568070519097,0.3944625407166124,0.4297119055883374,0.3956521739130434,1.0
4F080021,남자,20대,서비스 종사자,고졸(대학 재학 포함),광주광역시,1인 가구,미혼(사별/이혼 포함),맞벌이 하지 않음,100-200만원 미만,0.16673666526669467,0.14092193743299875,0.08048155557895477,0.12781228433402345,0.12626330683196335,0.14081790123456792,0.13328002132480343,1,0.5328358208955224,0.48327696354753846,0.3770447110141767,0.7600391772771791,0.5648208469055376,0.3332176327664006,0.19130434782608705,0.3333333333333333
1H000086,여자,50대,서비스 종사자,고졸(대학 재학 포함),경기도,2세대가족,기혼,맞벌이 함,600-700만원 미만,0.1860562788744225,0.1818536205048241,0.0673195044048998,0.12781228433402345,0.08550060638727934,0.15673225308641975,0.22830867652938827,2,0.6014925373134328,0.6411123637730176,0.2748091603053435,0.7600391772771791,0.3677524429967427,0.3904894133981256,0.501304347826087,0.6666666666666666
1A000020,여자,50대,사무 종사자,고졸(대학 재학 포함),서울특별시,2세대가족,기혼,맞벌이 함,700-800만원 미만,0.1123477530449391,0.13458727219569244,0.08255238496367273,0.13954451345755692,0.06528769707586579,0.12471064814814817,0.3332000533120085,2,0.3395522388059701,0.4588500563697858,0.39312977099236635,0.8432908912830557,0.2700325732899023,0.27525164873307884,0.8434782608695651,0.6666666666666666
1H002093,여자,40대,사무 종사자,대학교 졸업(전문대졸/대학원생 포함),경기도,2세대가족,기혼,맞벌이 함,700-800만원 미만,0.14552708945821083,0.1521294220836176,0.08486890597030641,0.136783988957902,0.0943942864843013,0.14081790123456792,0.2492336398773824,0,0.4574626865671641,0.5264937993235626,0.41112322791712097,0.8237022526934379,0.4107491856677525,0.3332176327664006,0.5695652173913044,0.0
4A022025,여자,60대 이상,주부,고졸(대학 재학 포함),서울특별시,1인 가구,미혼(사별/이혼 포함),맞벌이 하지 않음,200-300만원 미만,0.041999160016799666,0.12289250560374233,0.12674177810536663,0.1450655624568668,0.08577011184476485,0.16599151234567902,0.17099826735972282,1,0.08955223880597014,0.4137542277339346,0.7363685932388224,0.8824681684622917,0.3690553745928339,0.42381117667476564,0.31434782608695666,0.3333333333333333
4F080040,남자,50대,장치·기계 조작 및 조립 종사자,고졸(대학 재학 포함),광주광역시,1인 가구,미혼(사별/이혼 포함),맞벌이 하지 않음,300-400만원 미만,0.17702645947081058,0.15018029431829258,0.07756835491909726,0.136783988957902,0.11474194852445763,0.14409722222222224,0.1412768226042916,1,0.5694029850746268,0.5189778278842541,0.3544165757906216,0.8237022526934379,0.5091205211726385,0.34501909059354396,0.21739130434782608,0.3333333333333333
4F080043,남자,30대,서비스 종사자,고졸(대학 재학 포함),광주광역시,1인 가구,미혼(사별/이혼 포함),맞벌이 하지 않음,200-300만원 미만,0.22952540949181016,0.12776532501705487,0.08318416342002738,0.13954451345755692,0.14324215065355073,0.14110725308641978,0.15860322537651608,1,0.7559701492537313,0.4325441563322059,0.3980370774263904,0.8432908912830557,0.6469055374592834,0.33425893786879557,0.27391304347826095,0.3333333333333333
4A022033,여자,30대,사무 종사자,대학교 졸업(전문대졸/대학원생 포함),서울특별시,2세대가족,기혼,맞벌이 함,600-700만원 미만,0.06782864342713145,0.12776532501705487,0.15159173072198237,0.14230503795721186,0.11662848672685622,0.12731481481481483,0.17592962814874052,0,0.1813432835820895,0.4325441563322059,0.929389312977099,0.8628795298726737,0.5182410423452769,0.2846233946546338,0.33043478260869574,0.0
1C001136,여자,30대,사무 종사자,대학교 졸업(전문대졸/대학원생 포함),인천광역시,2세대가족,기혼,맞벌이 함,500-600만원 미만,0.2005459890802184,0.12581619725172985,0.08588677126109999,0.13954451345755692,0.11150788303463145,0.12905092592592593,0.35319205651072905,0,0.6529850746268656,0.42502818489289734,0.4190294438386041,0.8432908912830557,0.4934853420195441,0.2908712252690038,0.908695652173913,0.0
4F080024,남자,40대,서비스 종사자,고졸(대학 재학 포함),광주광역시,1인 가구,미혼(사별/이혼 포함),맞벌이 하지 않음,200-300만원 미만,0.2125157496850063,0.11704512230776729,0.08458811554525991,0.136783988957902,0.14566769977092034,0.14409722222222224,0.17059842729574837,1,0.6955223880597015,0.39120631341600903,0.40894220283533256,0.8237022526934379,0.6586319218241042,0.34501909059354396,0.31304347826086953,0.3333333333333333
1C001153,여자,40대,사무 종사자,대학교 졸업(전문대졸/대학원생 포함),인천광역시,1세대가족,기혼,맞벌이 함,500-600만원 미만,0.10982780344393112,0.11412143065977975,0.11789687971640167,0.12298136645962732,0.12437676862956475,0.11265432098765432,0.2838864454218313,0,0.330597014925373,0.3799323562570462,0.6676663031624863,0.7257590597453476,0.5557003257328991,0.23186393613328707,0.682608695652174,0.0
4A022037,남자,60대 이상,단순노무 종사자,고졸(대학 재학 포함),서울특별시,1인 가구,미혼(사별/이혼 포함),맞벌이 하지 않음,200-300만원 미만,0.06089878202435951,0.12094337783841731,0.1232318977922853,0.14230503795721186,0.08017787360194044,0.16608796296296297,0.18126082900173265,1,0.15671641791044771,0.40623825629462607,0.7091057797164668,0.8628795298726737,0.3420195439739414,0.42415827837556397,0.34782608695652173,0.3333333333333333
4F080046,여자,30대,사무 종사자,대학교 졸업(전문대졸/대학원생 포함),광주광역시,1인 가구,미혼(사별/이혼 포함),맞벌이 하지 않음,200-300만원 미만,0.21545569088618227,0.1092486112464672,0.08785230423642554,0.12574189095928226,0.1627812963212505,0.15702160493827164,0.15593762495002,1,0.7059701492537312,0.36114242765877486,0.4342966194111232,0.7453476983349656,0.7413680781758958,0.3915307185005207,0.26521739130434785,0.3333333333333333
3D053035,남자,50대,판매 종사자,대학교 졸업(전문대졸/대학원생 포함),대구광역시,1인 가구,미혼(사별/이혼 포함),맞벌이 하지 않음,500-600만원 미만,0.20642587148257036,0.11704512230776729,0.1081394124460356,0.13954451345755692,0.14034496698558147,0.14303626543209877,0.1399440223910436,1,0.6738805970149253,0.39120631341600903,0.5918756815703381,0.8432908912830557,0.6328990228013031,0.34120097188476217,0.21304347826086958,0.3333333333333333
1O000200,남자,40대,판매 종사자,대학교 졸업(전문대졸/대학원생 포함),강원도,1인 가구,기혼,맞벌이 하지 않음,300-400만원 미만,0.08504829903401932,0.15164214014228633,0.08908076234600401,0.14437543133195307,0.08516372456542246,0.10831404320987655,0.2412368385978942,1,0.2425373134328358,0.5246148064637354,0.4438386041439477,0.8775710088148874,0.36612377850162875,0.21624435959736202,0.5434782608695653,0.3333333333333333
4F080075,남자,20대,학생,고졸(대학 재학 포함),광주광역시,1인 가구,미혼(사별/이혼 포함),맞벌이 하지 않음,100만원 미만,0.2011759764804704,0.09852840853717962,0.09030922045558247,0.12574189095928226,0.1615685217625657,0.16493055555555555,0.13061442089830735,1,0.6552238805970149,0.31980458474257795,0.45338058887677213,0.7453476983349656,0.7355048859934854,0.41999305796598396,0.18260869565217394,0.3333333333333333
4C065004,여자,30대,주부,대학교 졸업(전문대졸/대학원생 포함),인천광역시,1세대가족,기혼,맞벌이 하지 않음,400-500만원 미만,0.24275514489710207,0.11412143065977975,0.12316170018602365,0.1285024154589372,0.1953240803126263,0.1304976851851852,0.10262561642009864,3,0.8029850746268656,0.3799323562570462,0.7085605234460196,0.7649363369245838,0.8986970684039087,0.29607775078097887,0.09130434782608701,1.0
4F080054,남자,20대,학생,고졸(대학 재학 포함),광주광역시,1인 가구,미혼(사별/이혼 포함),맞벌이 하지 않음,100만원 미만,0.17891642167156657,0.10242666406782965,0.0887999719209575,0.13126293995859212,0.15914297264519606,0.15075231481481483,0.13594562175129948,1,0.5761194029850746,0.334836527621195,0.4416575790621592,0.7845249755142016,0.7237785016286645,0.3689691079486289,0.20000000000000004,0.3333333333333333
4H118044,여자,40대,사무 종사자,대학교 졸업(전문대졸/대학원생 포함),경기도,2세대가족,기혼,맞벌이 함,600-700만원 미만,0.14783704325913483,0.1446252801871163,0.08644835211119302,0.1450655624568668,0.10153618110766742,0.13001543209876545,0.22657603625216582,0,0.46567164179104475,0.49755730928222475,0.423391494002181,0.8824681684622917,0.4452768729641694,0.29434224227698724,0.4956521739130435,0.0
1H000094,여자,50대,판매 종사자,고졸(대학 재학 포함),경기도,2세대가족,기혼,맞벌이 함,600-700만원 미만,0.14279714405711885,0.16626059838222396,0.06152820188831561,0.12229123533471359,0.058819566096213444,0.1564429012345679,0.2492336398773824,2,0.44776119402985065,0.5809845922585494,0.22982551799345693,0.720861900097943,0.23876221498371336,0.3894481082957305,0.5695652173913044,0.6666666666666666
1C000937,여자,60대 이상,주부,고졸(대학 재학 포함),인천광역시,2세대가족,기혼,맞벌이 하지 않음,300-400만원 미만,0.1364972700545989,0.2232725855179807,0.08335965743568144,0.1533471359558316,0.07013879531060503,0.11188271604938273,0.21857923497267762,3,0.42537313432835816,0.8008267568583238,0.39940021810250814,0.9412340842311457,0.29348534201954396,0.22908712252690042,0.4695652173913044,1.0
3D053045,여자,40대,서비스 종사자,대학교 졸업(전문대졸/대학원생 포함),대구광역시,1인 가구,미혼(사별/이혼 포함),맞벌이 하지 않음,200-300만원 미만,0.2120957580848383,0.12679076113439236,0.11259696044364888,0.13126293995859212,0.14822800161703273,0.11766975308641976,0.10395841663334666,1,0.6940298507462686,0.42878617061255164,0.6264994547437296,0.7845249755142016,0.6710097719869706,0.24991322457480045,0.09565217391304351,0.3333333333333333
1O000409,여자,40대,주부,대학교 졸업(전문대졸/대학원생 포함),강원도,2세대가족,기혼,맞벌이 하지 않음,500-600만원 미만,0.2368752624947501,0.17454439138485528,0.09206416061212314,0.15610766045548655,0.14391591429726452,0.15817901234567902,0.23057443689190993,3,0.7820895522388059,0.6129274708756106,0.4670119956379498,0.960822722820764,0.6501628664495115,0.3956959389101007,0.5086956521739131,1.0
4A022015,여자,50대,서비스 종사자,대학교 졸업(전문대졸/대학원생 포함),서울특별시,2세대가족,기혼,맞벌이 함,"1,000만원 이상",0.07349853002939942,0.1199688139557548,0.15566319188515673,0.13402346445824706,0.1239051340789651,0.13512731481481483,0.17459682793549247,0,0.2014925373134328,0.40248027057497177,0.9610141766630317,0.8041136141038197,0.5534201954397394,0.3127386324192989,0.32608695652173914,0.0
1C000942,여자,60대 이상,장치·기계 조작 및 조립 종사자,고졸(대학 재학 포함),인천광역시,2세대가족,기혼,맞벌이 하지 않음,500-600만원 미만,0.23162536749265014,0.14676932072897378,0.11543996349724474,0.11953071083505866,0.13603287966581323,0.11795910493827161,0.23990403838464616,3,0.7634328358208954,0.505824877865464,0.6485823336968374,0.701273261508325,0.6120521172638437,0.25095452967719545,0.5391304347826088,1.0
4F084007,여자,50대,사무 종사자,고졸(대학 재학 포함),광주광역시,1인 가구,미혼(사별/이혼 포함),맞벌이 하지 않음,200-300만원 미만,0.21671566568668627,0.10340122795049216,0.10820961005229722,0.12574189095928226,0.16520684543862013,0.15991512345679015,0.1683326669332267,1,0.7104477611940297,0.3385945133408493,0.5924209378407852,0.7453476983349656,0.7530944625407167,0.40194376952447075,0.30565217391304345,0.3333333333333333
1O000204,여자,40대,관리자,대학교 졸업(전문대졸/대학원생 포함),강원도,2세대가족,미혼(사별/이혼 포함),맞벌이 하지 않음,200-300만원 미만,0.07832843343133136,0.1253289153103986,0.1076480292022042,0.11677018633540372,0.09607869559358577,0.11863425925925926,0.1936558709849394,1,0.21865671641791035,0.4231491920330703,0.5880588876772083,0.681684622918707,0.4188925081433225,0.2533842415827837,0.38826086956521744,0.3333333333333333
3O150020,남자,30대,사무 종사자,대학교 졸업(전문대졸/대학원생 포함),강원도,1인 가구,미혼(사별/이혼 포함),맞벌이 하지 않음,400-500만원 미만,0.17597648047039058,0.16216743007504145,0.0885542802990418,0.14230503795721186,0.11918878857296861,0.16184413580246915,0.22391043582566975,1,0.5656716417910447,0.5652010522360016,0.43974918211559433,0.8628795298726737,0.5306188925081434,0.40888580354043735,0.4869565217391305,0.3333333333333333
4F084009,남자,20대,서비스 종사자,고졸(대학 재학 포함),광주광역시,1세대가족,미혼(사별/이혼 포함),맞벌이 하지 않음,100-200만원 미만,0.19172616547669047,0.10437579183315467,0.08715032817380929,0.13402346445824706,0.15112518528500202,0.14130015432098766,0.15060642409702787,1,0.6216417910447761,0.3423524990605035,0.42884405670665215,0.8041136141038197,0.6850162866449512,0.3349531412703922,0.24782608695652183,0.3333333333333333
1H000097,여자,50대,서비스 종사자,고졸(대학 재학 포함),경기도,2세대가족,기혼,맞벌이 함,600-700만원 미만,0.12998740025199498,0.15651495955559888,0.0657400582640132,0.11400966183574879,0.05989758792615551,0.18508873456790126,0.22431027588964417,2,0.40223880597014927,0.5434047350620067,0.2625408942202836,0.662095984329089,0.2439739413680782,0.4925373134328358,0.4882608695652174,0.6666666666666666
1C000983,여자,60대 이상,판매 종사자,고졸(대학 재학 포함),인천광역시,2세대가족,기혼,맞벌이 함,500-600만원 미만,0.1868962620747585,0.14920573043563007,0.09964550208837879,0.14782608695652172,0.11649373399811347,0.11574074074074074,0.28521924563507933,2,0.6044776119402985,0.5152198421645998,0.5258996728462377,0.9020568070519097,0.5175895765472314,0.24297119055883373,0.6869565217391306,0.6666666666666666
1H000102,여자,50대,단순노무 종사자,고졸(대학 재학 포함),경기도,1인 가구,미혼(사별/이혼 포함),맞벌이 하지 않음,200-300만원 미만,0.08378832423351533,0.14384562908098628,0.06538907023270507,0.11124913733609385,0.06124511521358308,0.17447916666666669,0.19325603092096497,1,0.23805970149253725,0.4945509207065013,0.25981461286804797,0.642507345739471,0.25048859934853424,0.4543561263450191,0.38695652173913053,0.3333333333333333
4A024008,여자,30대,서비스 종사자,대학교 졸업(전문대졸/대학원생 포함),서울특별시,1인 가구,미혼(사별/이혼 포함),맞벌이 하지 않음,200-300만원 미만,0.16610667786644268,0.15797680537959263,0.10673546032080307,0.1450655624568668,0.107869559358577,0.1558641975308642,0.140343862455018,1,0.5305970149253731,0.5490417136414881,0.5809705561613959,0.8824681684622917,0.4758957654723127,0.38736549809094056,0.2143478260869566,0.3333333333333333
4C065008,여자,30대,사무 종사자,대학교 졸업(전문대졸/대학원생 포함),인천광역시,1인 가구,미혼(사별/이혼 포함),맞벌이 하지 않음,200-300만원 미만,0.11339773204535909,0.13634148718448497,0.1134744305219192,0.13609385783298825,0.18400485109823475,0.13994984567901234,0.10262561642009864,1,0.3432835820895522,0.4656144306651635,0.6333151581243184,0.8188050930460331,0.8439739413680784,0.33009371745921545,0.09130434782608701,0.3333333333333333
4I208020,남자,60대 이상,단순노무 종사자,중졸 이하,경상북도,2세대가족,미혼(사별/이혼 포함),맞벌이 하지 않음,300-400만원 미만,0.125157496850063,0.16674788032355523,0.07268962128391422,0.14782608695652172,0.05228405875218973,0.11410108024691358,0.2772224443555911,1,0.38507462686567157,0.5828635851183765,0.31652126499454747,0.9020568070519097,0.20716612377850163,0.23707046164526205,0.6608695652173914,0.3333333333333333
3A026002,여자,60대 이상,주부,고졸(대학 재학 포함),서울특별시,1세대가족,기혼,맞벌이 하지 않음,300-400만원 미만,0.15350692986140277,0.11314686677711724,0.10059316977291076,0.136783988957902,0.1129227866864304,0.09548611111111112,0.2296414767426363,3,0.485820895522388,0.37617437053739194,0.5332606324972738,0.8237022526934379,0.5003257328990228,0.17007983339118363,0.5056521739130435,1.0
1O000362,여자,60대 이상,주부,중졸 이하,강원도,1세대가족,기혼,맞벌이 하지 않음,200-300만원 미만,0.18311633767324653,0.13848552772634246,0.08785230423642554,0.14230503795721186,0.13327044872658672,0.1449652777777778,0.25989604158336665,3,0.5910447761194029,0.4738819992484028,0.4342966194111232,0.8628795298726737,0.5986970684039089,0.3481430059007289,0.6043478260869565,1.0
4A022021,여자,40대,사무 종사자,대학교 졸업(전문대졸/대학원생 포함),서울특별시,2세대가족,기혼,맞벌이 함,"1,000만원 이상",0.07769844603107938,0.1297144527823799,0.1421150538766628,0.1450655624568668,0.10268157930198087,0.1303047839506173,0.20924963347994138,0,0.21641791044776115,0.4400601277715145,0.8557797164667392,0.8824681684622917,0.45081433224755707,0.2953835473793821,0.4391304347826087,0.0
3D053020,여자,60대 이상,서비스 종사자,고졸(대학 재학 포함),대구광역시,1세대가족,기혼,맞벌이 함,400-500만원 미만,0.1875262494750105,0.11119773901179222,0.11891474500719526,0.13402346445824706,0.17356151462067107,0.13937114197530864,0.09329601492736239,2,0.6067164179104477,0.3686583990980834,0.6755725190839694,0.8041136141038197,0.7934853420195441,0.3280111072544255,0.060869565217391314,0.6666666666666666
3D053025,여자,60대 이상,주부,고졸(대학 재학 포함),대구광역시,1세대가족,기혼,맞벌이 하지 않음,200-300만원 미만,0.21062578748425032,0.10505798655101843,0.10655996630514901,0.125327812284334,0.1160894758118852,0.13020833333333334,0.17326402772224445,3,0.6888059701492537,0.34498308906426156,0.5796074154852782,0.7424094025465229,0.5156351791530945,0.2950364456785839,0.32173913043478264,1.0
4C065024,여자,30대,사무 종사자,대학교 졸업(전문대졸/대학원생 포함),인천광역시,2세대가족,기혼,맞벌이 함,500-600만원 미만,0.20495590088198234,0.1550531137316051,0.11322873890000353,0.136783988957902,0.17430265462875622,0.13493441358024694,0.11901905904304945,0,0.6686567164179104,0.5377677564825253,0.6314067611777536,0.8237022526934379,0.7970684039087947,0.31204442901770224,0.1447826086956522,0.0
4I208026,남자,60대 이상,단순노무 종사자,고졸(대학 재학 포함),경상북도,1세대가족,기혼,맞벌이 함,300-400만원 미만,0.17912641747165056,0.1487184484942988,0.061914288722754555,0.12505175983436853,0.07458563535911603,0.09963348765432099,0.30121284819405575,2,0.5768656716417909,0.5133408493047725,0.23282442748091606,0.7404505386875613,0.31498371335504893,0.18500520652551197,0.7391304347826089,0.6666666666666666
4H117003,여자,60대 이상,주부,고졸(대학 재학 포함),경기도,1인 가구,미혼(사별/이혼 포함),맞벌이 하지 않음,200-300만원 미만,0.041999160016799666,0.12484163336906735,0.12137166122635219,0.14782608695652172,0.07498989354534429,0.19097222222222224,0.19592163134746102,1,0.08955223880597014,0.42127019917324315,0.6946564885496184,0.9020568070519097,0.31693811074918565,0.5137105171815342,0.3956521739130434,0.3333333333333333
3D053030,여자,40대,사무 종사자,대학교 졸업(전문대졸/대학원생 포함),대구광역시,1인 가구,미혼(사별/이혼 포함),맞벌이 하지 않음,300-400만원 미만,0.2383452330953381,0.13361270831302993,0.10392755607033802,0.13126293995859212,0.15954723083142433,0.10657793209876544,0.17859522857523658,1,0.7873134328358208,0.4550920706501316,0.5591603053435116,0.7845249755142016,0.7257328990228014,0.20999652898299206,0.33913043478260874,0.3333333333333333
3A026003,여자,60대 이상,주부,고졸(대학 재학 포함),서울특별시,1세대가족,기혼,맞벌이 하지 않음,300-400만원 미만,0.21062578748425032,0.11314686677711724,0.10297988838580605,0.136783988957902,0.12080582131788169,0.10127314814814815,0.24030387844862058,3,0.6888059701492537,0.37617437053739194,0.5517993456924755,0.8237022526934379,0.5384364820846906,0.19090593543908366,0.5404347826086957,1.0
3D053010,남자,30대,사무 종사자,대학교 졸업(전문대졸/대학원생 포함),대구광역시,1인 가구,미혼(사별/이혼 포함),맞벌이 하지 않음,200-300만원 미만,0.20222595548089037,0.12484163336906735,0.1052262117861781,0.14782608695652172,0.09473116830615819,0.14226466049382716,0.16660002665600426,1,0.6589552238805969,0.42127019917324315,0.569247546346783,0.9020568070519097,0.41237785016286643,0.33842415827837546,0.29999999999999993,0.3333333333333333
4H117006,여자,30대,사무 종사자,대학교 졸업(전문대졸/대학원생 포함),경기도,1세대가족,기혼,맞벌이 함,600-700만원 미만,0.08819823603527929,0.11899425007309229,0.10185672668562001,0.14230503795721186,0.0940574046624444,0.13724922839506173,0.22524323603891777,0,0.25373134328358204,0.3987222848553175,0.5430752453653216,0.8628795298726737,0.4091205211726384,0.32037486983686225,0.491304347826087,0.0
3P239004,여자,40대,전문가 및 관련 종사자,고졸(대학 재학 포함),제주특별자치도,2세대가족,기혼,맞벌이 함,100-200만원 미만,0.12032759344813103,0.15018029431829258,0.06917974097083289,0.11746031746031746,0.06394016978843822,0.22376543209876545,0.27189124350259897,2,0.3679104477611939,0.5189778278842541,0.28925845147219187,0.6865817825661116,0.2635179153094463,0.6317250954529677,0.6434782608695653,0.6666666666666666
3D053015,남자,60대 이상,서비스 종사자,고졸(대학 재학 포함),대구광역시,1세대가족,기혼,맞벌이 하지 않음,200-300만원 미만,0.19319613607727845,0.09950297241984213,0.06774069004246955,0.11469979296066252,0.09048645735076136,0.1358024691358025,0.1985872317739571,3,0.626865671641791,0.32356257046223225,0.27808069792802614,0.6669931439764936,0.39185667752443004,0.3151683443248873,0.4043478260869565,1.0
1O000363,여자,60대 이상,주부,고졸(대학 재학 포함),강원도,1세대가족,기혼,맞벌이 하지 않음,200-300만원 미만,0.25955480890382193,0.14267615242179127,0.10118984942613457,0.14782608695652172,0.16230966177065084,0.1478587962962963,0.25456484073037455,3,0.862686567164179,0.49004133784291626,0.5378953107960741,0.9020568070519097,0.7390879478827361,0.35855605692467896,0.5869565217391305,1.0
4A016006,여자,50대,판매 종사자,고졸(대학 재학 포함),서울특별시,2세대가족,기혼,맞벌이 함,"900-1,000만원 미만",0.08252834943301134,0.18331546632881787,0.1227405145484539,0.15610766045548655,0.0702735480393478,0.17554012345679013,0.2136478741836599,2,0.23358208955223875,0.646749342352499,0.705288985823337,0.960822722820764,0.2941368078175896,0.45817424505380067,0.45347826086956533,0.6666666666666666
4C065012,여자,30대,사무 종사자,대학교 졸업(전문대졸/대학원생 포함),인천광역시,1인 가구,미혼(사별/이혼 포함),맞벌이 하지 않음,300-400만원 미만,0.12788744225115498,0.1199688139557548,0.12393387385490157,0.136783988957902,0.14681309796523379,0.14573688271604937,0.11995201919232308,1,0.394776119402985,0.40248027057497177,0.714558342420938,0.8237022526934379,0.6641693811074919,0.3509198195071155,0.1478260869565218,0.3333333333333333
3G100082,여자,50대,사무 종사자,대학교 졸업(전문대졸/대학원생 포함),울산광역시,2세대가족,기혼,맞벌이 함,400-500만원 미만,0.13313733725325494,0.19111197739011793,0.0845179179389983,0.14230503795721186,0.07256434442797467,0.19772376543209877,0.21324803411968546,0,0.41343283582089546,0.6768132281097331,0.40839694656488557,0.8628795298726737,0.3052117263843649,0.5380076362374175,0.4521739130434782,0.0
3G100063,남자,30대,사무 종사자,대학교 졸업(전문대졸/대학원생 포함),울산광역시,1세대가족,기혼,맞벌이 함,400-500만원 미만,0.2120957580848383,0.1511548582009551,0.07205784282755959,0.1450655624568668,0.10578089206306428,0.1527777777777778,0.24790083966413437,0,0.6940298507462686,0.5227358136039083,0.31161395856052343,0.8824681684622917,0.46579804560260596,0.37625824366539395,0.5652173913043479,0.0
1B000119,여자,60대 이상,주부,고졸(대학 재학 포함),부산광역시,2세대가족,기혼,맞벌이 하지 않음,700-800만원 미만,0.13691726165476692,0.12776532501705487,0.06830227089256256,0.11746031746031746,0.08064950815254009,0.16550925925925927,0.22391043582566975,3,0.426865671641791,0.4325441563322059,0.28244274809160297,0.6865817825661116,0.344299674267101,0.422075668170774,0.4869565217391305,1.0
1B000121,여자,60대 이상,주부,대학교 졸업(전문대졸/대학원생 포함),부산광역시,2세대가족,기혼,맞벌이 하지 않음,600-700만원 미만,0.14741705165896682,0.1297144527823799,0.10013688533221018,0.13402346445824706,0.1094865921034901,0.13898533950617284,0.1212848194055711,3,0.46417910447761185,0.4400601277715145,0.5297164667393676,0.8041136141038197,0.48371335504886004,0.3266227004512322,0.15217391304347824,1.0
1B000128,여자,60대 이상,사무 종사자,대학교 졸업(전문대졸/대학원생 포함),부산광역시,1인 가구,미혼(사별/이혼 포함),맞벌이 하지 않음,200-300만원 미만,0.13397732045359093,0.16187506091024267,0.0877821066301639,0.13402346445824706,0.08004312087319768,0.1531635802469136,0.2105824336931894,1,0.4164179104477611,0.5640736565201052,0.4337513631406761,0.8041136141038197,0.34136807817589576,0.37764665046858725,0.4434782608695652,0.3333333333333333
1B000138,여자,60대 이상,서비스 종사자,대학교 졸업(전문대졸/대학원생 포함),부산광역시,2세대가족,기혼,맞벌이 함,600-700만원 미만,0.08042839143217136,0.09901569047851087,0.0840616334982977,0.11953071083505866,0.1135291739657728,0.08198302469135803,0.1949886711981874,0,0.2261194029850746,0.3216835776024051,0.4048527808069792,0.701273261508325,0.503257328990228,0.12148559527941691,0.39260869565217393,0.0
4A008020,여자,60대 이상,판매 종사자,고졸(대학 재학 포함),서울특별시,1세대가족,기혼,맞벌이 함,"900-1,000만원 미만",0.08462830743385132,0.1297144527823799,0.13558667649433156,0.14230503795721186,0.10733054844360598,0.10368441358024692,0.12794882047181128,2,0.2410447761194029,0.4400601277715145,0.8050708833151582,0.8628795298726737,0.47328990228013035,0.19958347795904205,0.1739130434782609,0.6666666666666666
1B000932,여자,50대,판매 종사자,고졸(대학 재학 포함),부산광역시,2세대가족,기혼,맞벌이 함,600-700만원 미만,0.16148677026459474,0.1891628496247929,0.06349373486364115,0.136783988957902,0.07606791537528636,0.12065972222222222,0.17859522857523658,2,0.514179104477612,0.6692972566704246,0.24509269356597604,0.8237022526934379,0.32214983713355055,0.26067337729954876,0.33913043478260874,0.6666666666666666
1B000939,여자,50대,사무 종사자,고졸(대학 재학 포함),부산광역시,2세대가족,기혼,맞벌이 함,500-600만원 미만,0.12179756404871903,0.14530747490498003,0.10371696325155312,0.12574189095928226,0.09823473925346989,0.1080246913580247,0.1879248300679728,2,0.37313432835820887,0.5001878992859827,0.55752453653217,0.7453476983349656,0.42931596091205215,0.21520305449496704,0.3695652173913043,0.6666666666666666
4A008024,여자,60대 이상,주부,고졸(대학 재학 포함),서울특별시,1세대가족,기혼,맞벌이 하지 않음,300-400만원 미만,0.09407811843763124,0.1638241886755677,0.11617703836299183,0.13126293995859212,0.09217086646004582,0.1295331790123457,0.11368785819005732,3,0.2746268656716417,0.5715896279594137,0.6543075245365322,0.7845249755142016,0.4000000000000001,0.2926067337729956,0.1273913043478261,1.0
4A008028,여자,60대 이상,사무 종사자,고졸(대학 재학 포함),서울특별시,2세대가족,기혼,맞벌이 함,"1,000만원 이상",0.13187736245275095,0.18672643991813664,0.11684391562247727,0.13333333333333333,0.09217086646004582,0.10947145061728396,0.1212848194055711,2,0.40895522388059696,0.659902292371289,0.6594874591057797,0.7992164544564153,0.4000000000000001,0.22040958000694208,0.15217391304347824,0.6666666666666666
4A008032,여자,60대 이상,주부,고졸(대학 재학 포함),서울특별시,1세대가족,기혼,맞벌이 하지 않음,500-600만원 미만,0.10730785384292314,0.17454439138485528,0.11923063423537257,0.13402346445824706,0.08428783182859452,0.10927854938271606,0.11595361855257898,3,0.3216417910447761,0.6129274708756106,0.6780261723009814,0.8041136141038197,0.36188925081433226,0.21971537660534537,0.1347826086956522,1.0
4A008036,여자,50대,판매 종사자,대학교 졸업(전문대졸/대학원생 포함),서울특별시,2세대가족,기혼,맞벌이 함,"1,000만원 이상",0.1129777404451911,0.170158853912874,0.11968691867607315,0.14437543133195307,0.09655033014418543,0.11747685185185186,0.12395041983206719,0,0.3417910447761193,0.5960165351371665,0.6815703380588877,0.8775710088148874,0.42117263843648217,0.24921902117320374,0.16086956521739135,0.0
4A008040,여자,40대,사무 종사자,대학교 졸업(전문대졸/대학원생 포함),서울특별시,2세대가족,기혼,맞벌이 함,"900-1,000만원 미만",0.09785804283914322,0.1511548582009551,0.12681197571162825,0.14230503795721186,0.09338364101873062,0.12490354938271606,0.12968146074903372,0,0.28805970149253723,0.5227358136039083,0.7369138495092694,0.8628795298726737,0.4058631921824104,0.2759458521346755,0.17956521739130435,0.0
4A023006,여자,50대,주부,고졸(대학 재학 포함),서울특별시,2세대가족,기혼,맞벌이 하지 않음,400-500만원 미만,0.13439731205375893,0.11801968619042978,0.07504124109367871,0.13402346445824706,0.053901091497102815,0.21026234567901236,0.35185925629748105,3,0.41791044776119396,0.3949642991356632,0.33478735005452565,0.8041136141038197,0.21498371335504884,0.583130857341201,0.9043478260869567,1.0
4O158003,여자,60대 이상,주부,고졸(대학 재학 포함),강원도,1세대가족,기혼,맞벌이 하지 않음,200-300만원 미만,0.07937841243175137,0.12094337783841731,0.11294794847495701,0.14230503795721186,0.08711763913219243,0.1634837962962963,0.20525123284019728,3,0.2223880597014925,0.40623825629462607,0.6292257360959651,0.8628795298726737,0.37557003257328997,0.414786532454009,0.4260869565217392,1.0
4A023012,여자,60대 이상,사무 종사자,대학교 졸업(전문대졸/대학원생 포함),서울특별시,2세대가족,기혼,맞벌이 함,600-700만원 미만,0.09827803443931121,0.2642042685898061,0.06258116598224,0.13402346445824706,0.031532138525805144,0.19483024691358025,0.13328002132480343,0,0.2895522388059701,0.9586621570838031,0.2380043620501636,0.8041136141038197,0.10684039087947882,0.5275945852134675,0.19130434782608705,0.0
1D000706,여자,30대,주부,대학교 졸업(전문대졸/대학원생 포함),대구광역시,2세대가족,기혼,맞벌이 하지 않음,300-400만원 미만,0.05144897102057959,0.143358347139655,0.0940998911937103,0.13402346445824706,0.07822395903517046,0.18132716049382716,0.13861122217779556,3,0.12313432835820894,0.49267192784667413,0.48282442748091603,0.8041136141038197,0.33257328990228013,0.4790003471017007,0.2086956521739131,1.0
1D000811,여자,60대 이상,주부,중졸 이하,대구광역시,1인 가구,미혼(사별/이혼 포함),맞벌이 하지 않음,100만원 미만,0.22679546409071819,0.1487184484942988,0.04071461163174336,0.11953071083505866,0.08489421910793693,0.154320987654321,0.2105824336931894,1,0.7462686567164178,0.5133408493047725,0.06815703380588875,0.701273261508325,0.36482084690553745,0.38181187087816737,0.4434782608695652,0.3333333333333333
4A016012,남자,30대,기능원 및 관련 기능 종사자,대학교 졸업(전문대졸/대학원생 포함),서울특별시,2세대가족,기혼,맞벌이 함,700-800만원 미만,0.08609827803443931,0.21352694669135563,0.11522937067845987,0.1533471359558316,0.09324888828998787,0.2006172839506173,0.2416366786618686,0,0.24626865671641784,0.7632468996617813,0.6469465648854962,0.9412340842311457,0.40521172638436487,0.5484206872613675,0.5447826086956522,0.0
4I208030,여자,60대 이상,농림어업 숙련 종사자,고졸(대학 재학 포함),경상북도,1인 가구,미혼(사별/이혼 포함),맞벌이 하지 않음,100-200만원 미만,0.14678706425871485,0.16528603449956145,0.07012740865536486,0.1305728088336784,0.053025198760274894,0.11188271604938273,0.28521924563507933,1,0.4619402985074627,0.5772266065388951,0.296619411123228,0.7796278158667971,0.21074918566775247,0.22908712252690042,0.6869565217391306,0.3333333333333333
4O158009,여자,60대 이상,농림어업 숙련 종사자,고졸(대학 재학 포함),강원도,1세대가족,기혼,맞벌이 함,300-400만원 미만,0.0741285174296514,0.11899425007309229,0.11944122705415747,0.1450655624568668,0.09742622288101334,0.14544753086419754,0.18392642942822873,2,0.203731343283582,0.3987222848553175,0.6796619411123228,0.8824681684622917,0.42540716612377855,0.3498785144047205,0.35652173913043483,0.6666666666666666
4A016018,남자,30대,사무 종사자,대학교 졸업(전문대졸/대학원생 포함),서울특별시,1세대가족,기혼,맞벌이 함,600-700만원 미만,0.0503989920201596,0.18234090244615536,0.11800217612579411,0.14782608695652172,0.08300768090553834,0.16010802469135804,0.20391843262694923,0,0.11940298507462686,0.6429913566328448,0.668484187568157,0.9020568070519097,0.35570032573289906,0.4026379729260674,0.4217391304347826,0.0
1D000707,여자,60대 이상,주부,대학교 졸업(전문대졸/대학원생 포함),대구광역시,1세대가족,기혼,맞벌이 하지 않음,300-400만원 미만,0.05522889542209156,0.12825260695838614,0.10957846337439893,0.11124913733609385,0.09244037191753132,0.1789158950617284,0.16926562708250034,3,0.13656716417910447,0.43442314919203306,0.6030534351145037,0.642507345739471,0.4013029315960912,0.47032280458174236,0.30869565217391304,1.0
1H000121,여자,30대,사무 종사자,대학교 졸업(전문대졸/대학원생 포함),경기도,1세대가족,기혼,맞벌이 함,500-600만원 미만,0.15497690046199075,0.1448201929636488,0.06960092660840266,0.12229123533471359,0.08226654089745317,0.2027391975308642,0.26162868186058913,0,0.49104477611940284,0.49830890642615555,0.2925299890948746,0.720861900097943,0.3521172638436482,0.5560569246789309,0.6100000000000001,0.0
4A016024,여자,40대,주부,대학교 졸업(전문대졸/대학원생 포함),서울특별시,2세대가족,기혼,맞벌이 하지 않음,500-600만원 미만,0.1385972280554389,0.1531039859662801,0.12765434698676775,0.15058661145617666,0.10921708664600457,0.17293595679012347,0.23190723710515795,3,0.4328358208955223,0.5302517850432169,0.7434569247546347,0.9216454456415277,0.48241042345276874,0.4488024991322457,0.5130434782608696,1.0
1D000831,남자,60대 이상,무직,중졸 이하,대구광역시,1인 가구,미혼(사별/이혼 포함),맞벌이 하지 않음,100만원 미만,0.14090718185636286,0.12143065977974857,0.06756519602681549,0.1305728088336784,0.10719579571486322,0.16579861111111113,0.17459682793549247,1,0.4410447761194029,0.4081172491544532,0.2767175572519084,0.7796278158667971,0.4726384364820847,0.4231169732731691,0.32608695652173914,0.3333333333333333
4A016030,여자,60대 이상,서비스 종사자,고졸(대학 재학 포함),서울특별시,1세대가족,기혼,맞벌이 함,400-500만원 미만,0.09092818143637127,0.17941721079816783,0.12558351760204978,0.15058661145617666,0.09237299555315995,0.16396604938271606,0.20791683326669333,2,0.26343283582089544,0.631717399473882,0.7273718647764449,0.9216454456415277,0.40097719869706844,0.4165220409580007,0.4347826086956522,0.6666666666666666
1H000127,남자,50대,단순노무 종사자,고졸(대학 재학 포함),경기도,1인 가구,미혼(사별/이혼 포함),맞벌이 하지 않음,300-400만원 미만,0.06425871482570349,0.17990449273949907,0.06609104629532134,0.14161490683229813,0.03004985850963482,0.1650270061728395,0.24790083966413437,1,0.1686567164179104,0.633596392333709,0.2652671755725191,0.8579823702252691,0.0996742671009772,0.4203401596667823,0.5652173913043479,0.3333333333333333
4O158012,여자,50대,농림어업 숙련 종사자,고졸(대학 재학 포함),강원도,1세대가족,기혼,맞벌이 함,400-500만원 미만,0.041999160016799666,0.1297144527823799,0.12439015829560211,0.1450655624568668,0.08287292817679558,0.15065586419753085,0.17099826735972282,2,0.08955223880597014,0.4400601277715145,0.7181025081788439,0.8824681684622917,0.3550488599348534,0.3686220062478305,0.31434782608695666,0.6666666666666666
4A016036,남자,60대 이상,관리자,고졸(대학 재학 포함),서울특별시,1세대가족,기혼,맞벌이 함,500-600만원 미만,0.15749685006299874,0.19013741350745542,0.11961672106981153,0.1533471359558316,0.1057135156986929,0.1716820987654321,0.2065840330534453,2,0.49999999999999994,0.6730552423900789,0.6810250817884406,0.9412340842311457,0.46547231270358314,0.44429017702186735,0.4304347826086957,0.6666666666666666
4A016042,여자,50대,사무 종사자,대학교 졸업(전문대졸/대학원생 포함),서울특별시,2세대가족,기혼,맞벌이 함,600-700만원 미만,0.1371272574548509,0.21450151057401814,0.10606858306131761,0.1533471359558316,0.09082333917261826,0.1623263888888889,0.21591363454618154,0,0.4276119402985074,0.7670048853814355,0.5757906215921483,0.9412340842311457,0.39348534201954405,0.410621312044429,0.4608695652173913,0.0
4A016048,여자,60대 이상,서비스 종사자,대학교 졸업(전문대졸/대학원생 포함),서울특별시,1세대가족,기혼,맞벌이 함,400-500만원 미만,0.13439731205375893,0.20280674398206805,0.11084202028710821,0.15610766045548655,0.08590486457350761,0.1716820987654321,0.2612288417966147,2,0.41791044776119396,0.7219090567455844,0.6128680479825518,0.960822722820764,0.36970684039087953,0.44429017702186735,0.6086956521739131,0.6666666666666666
1O000220,여자,60대 이상,판매 종사자,고졸(대학 재학 포함),강원도,1세대가족,기혼,맞벌이 함,300-400만원 미만,0.0741285174296514,0.1477438846116363,0.10512091537678565,0.11400966183574879,0.04487265867133809,0.14467592592592593,0.1639344262295082,2,0.203731343283582,0.5095828635851183,0.5684296619411123,0.662095984329089,0.17133550488599347,0.3471017007983339,0.29130434782608694,0.6666666666666666
4O158021,여자,50대,서비스 종사자,고졸(대학 재학 포함),강원도,1인 가구,미혼(사별/이혼 포함),맞벌이 하지 않음,300-400만원 미만,0.06929861402771945,0.14433291102231752,0.12263521813906145,0.15058661145617666,0.1066567847998922,0.14834104938271606,0.19325603092096497,1,0.18656716417910446,0.4964299135663284,0.7044711014176661,0.9216454456415277,0.47003257328990233,0.3602915654286706,0.38695652173913053,0.3333333333333333
4A016054,여자,60대 이상,판매 종사자,대학교 졸업(전문대졸/대학원생 포함),서울특별시,1세대가족,기혼,맞벌이 함,600-700만원 미만,0.13439731205375893,0.17454439138485528,0.1269523709241515,0.1616287094547964,0.09648295377981403,0.18036265432098766,0.217646274823404,0,0.41791044776119396,0.6129274708756106,0.7380043620501635,0.9999999999999998,0.4208469055374593,0.47552933009371745,0.46652173913043493,0.0
1D000836,여자,60대 이상,주부,중졸 이하,대구광역시,1세대가족,기혼,맞벌이 하지 않음,100-200만원 미만,0.13460730785384292,0.11753240424909853,0.0498403004457548,0.12781228433402345,0.07216008624174639,0.17968750000000003,0.2425696388111422,3,0.41865671641791036,0.3930853062758361,0.13904034896401304,0.7600391772771791,0.303257328990228,0.4730996181881292,0.5478260869565217,1.0
4A016060,여자,40대,판매 종사자,고졸(대학 재학 포함),서울특별시,2세대가족,기혼,맞벌이 함,600-700만원 미만,0.12599748005039899,0.19501023292076797,0.12835632304938402,0.15058661145617666,0.11305753941517316,0.16685956790123457,0.1905904304944689,2,0.3880597014925372,0.6918451709883502,0.7489094874591058,0.9216454456415277,0.5009771986970685,0.4269350919819507,0.37826086956521743,0.6666666666666666
4A016066,남자,60대 이상,관리자,대학교 졸업(전문대졸/대학원생 포함),서울특별시,2세대가족,기혼,맞벌이 함,700-800만원 미만,0.13019739605207897,0.19208654127278044,0.1301814608121863,0.15058661145617666,0.11224902304271661,0.16203703703703703,0.18259362921498068,0,0.40298507462686567,0.6805712138293873,0.7630861504907304,0.9216454456415277,0.4970684039087948,0.409580006942034,0.3521739130434782,0.0
4F084021,여자,60대 이상,주부,고졸(대학 재학 포함),광주광역시,1세대가족,기혼,맞벌이 하지 않음,400-500만원 미만,0.2015959680806384,0.11119773901179222,0.12207363728896846,0.13126293995859212,0.16035574720388088,0.15798611111111113,0.16166866586698656,3,0.6567164179104478,0.3686583990980834,0.7001090512540895,0.7845249755142016,0.729641693811075,0.39500173550850404,0.28391304347826085,1.0
4A016072,여자,30대,판매 종사자,대학교 졸업(전문대졸/대학원생 포함),서울특별시,2세대가족,기혼,맞벌이 함,600-700만원 미만,0.10289794204115918,0.17454439138485528,0.13614825734442454,0.1533471359558316,0.061986255221668236,0.15817901234567902,0.19592163134746102,0,0.3059701492537313,0.6129274708756106,0.8094329334787348,0.9412340842311457,0.254071661237785,0.3956959389101007,0.3956521739130434,0.0
4F084023,남자,60대 이상,장치·기계 조작 및 조립 종사자,고졸(대학 재학 포함),광주광역시,1세대가족,기혼,맞벌이 하지 않음,300-400만원 미만,0.2001259974800504,0.11314686677711724,0.11340423291565759,0.13954451345755692,0.138660557876297,0.15104166666666666,0.17366386778621887,3,0.6514925373134327,0.37617437053739194,0.6327699018538714,0.8432908912830557,0.624755700325733,0.3700104130510239,0.32304347826086965,1.0
4F084025,남자,20대,서비스 종사자,고졸(대학 재학 포함),광주광역시,2세대가족,미혼(사별/이혼 포함),맞벌이 하지 않음,200-300만원 미만,0.18269634607307855,0.10632491959847969,0.0953985469095504,0.13126293995859212,0.15294434712302923,0.14641203703703706,0.15767026522724245,1,0.5895522388059702,0.34986847049981207,0.49291166848418755,0.7845249755142016,0.6938110749185669,0.353349531412704,0.27086956521739136,0.3333333333333333
1O000226,여자,30대,사무 종사자,대학교 졸업(전문대졸/대학원생 포함),강원도,3세대가족,기혼,맞벌이 함,400-500만원 미만,0.09449811003779925,0.17795536497417408,0.09192376539959987,0.13609385783298825,0.05814580245249966,0.16329089506172842,0.2492336398773824,0,0.2761194029850746,0.6260804208944006,0.4659214830970555,0.8188050930460331,0.23550488599348535,0.41409232905241244,0.5695652173913044,0.0
4P243002,여자,50대,전문가 및 관련 종사자,대학교 졸업(전문대졸/대학원생 포함),제주특별자치도,2세대가족,기혼,맞벌이 하지 않음,300-400만원 미만,0.16589668206635869,0.12873988889971738,0.04018812958478116,0.1285024154589372,0.06656784799892197,0.11815200617283951,0.26656004264960687,3,0.5298507462686567,0.4363021420518602,0.06406761177753542,0.7649363369245838,0.27622149837133547,0.2516487330787921,0.6260869565217393,1.0
1D000708,여자,50대,주부,고졸(대학 재학 포함),대구광역시,2세대가족,기혼,맞벌이 하지 않음,300-400만원 미만,0.15434691306173876,0.13263814443036742,0.09603032536590503,0.13402346445824706,0.10564613933432153,0.20640432098765432,0.17859522857523658,3,0.4888059701492536,0.4513340849304772,0.4978189749182116,0.8041136141038197,0.4651465798045603,0.5692467893092675,0.33913043478260874,1.0
1B000987,여자,60대 이상,서비스 종사자,고졸(대학 재학 포함),부산광역시,1세대가족,기혼,맞벌이 함,300-400만원 미만,0.24842503149937,0.17454439138485528,0.08655364852058545,0.136783988957902,0.13185554507478775,0.14438657407407407,0.22124483539917367,2,0.8231343283582089,0.6129274708756106,0.42420937840785167,0.8237022526934379,0.5918566775244299,0.3460603956959388,0.4782608695652174,0.6666666666666666
1C000789,여자,50대,사무 종사자,대학교 졸업(전문대졸/대학원생 포함),인천광역시,2세대가족,기혼,맞벌이 함,700-800만원 미만,0.21587568248635028,0.17162069973686775,0.06345863606051035,0.14230503795721186,0.07957148632259803,0.1099537037037037,0.26389444222311076,0,0.7074626865671642,0.6016535137166478,0.2448200654307525,0.8628795298726737,0.33908794788273616,0.2221450885109337,0.6173913043478261,0.0
3O148010,여자,60대 이상,서비스 종사자,고졸(대학 재학 포함),강원도,1인 가구,미혼(사별/이혼 포함),맞벌이 하지 않음,100-200만원 미만,0.0768584628307434,0.1954975148620992,0.07988487592573093,0.14161490683229813,0.052688316938418,0.15750385802469138,0.2145808343329335,1,0.2134328358208955,0.6937241638481773,0.3724100327153762,0.8579823702252691,0.20912052117263846,0.3932662270045124,0.4565217391304348,0.3333333333333333
4F079040,여자,50대,사무 종사자,고졸(대학 재학 포함),광주광역시,2세대가족,기혼,맞벌이 함,500-600만원 미만,0.21902561948761023,0.12873988889971738,0.13235758660629673,0.1533471359558316,0.1477563670664331,0.14448302469135804,0.12261761961881915,2,0.7186567164179103,0.4363021420518602,0.779989094874591,0.9412340842311457,0.6687296416938112,0.34640749739673726,0.1565217391304348,0.6666666666666666
1Q000202,여자,50대,서비스 종사자,대학교 졸업(전문대졸/대학원생 포함),세종특별자치시,1세대가족,기혼,맞벌이 함,500-600만원 미만,0.1738765224695506,0.20378130786473053,0.07574321715629498,0.15058661145617666,0.0702735480393478,0.23215663580246915,0.22164467546314812,0,0.5582089552238805,0.7256670424652385,0.3402399127589968,0.9216454456415277,0.2941368078175896,0.6619229434224227,0.4795652173913044,0.0
4D055002,여자,50대,판매 종사자,고졸(대학 재학 포함),대구광역시,1세대가족,기혼,맞벌이 함,300-400만원 미만,0.2253254934901302,0.09463015300652958,0.0906602084868906,0.12022084195997239,0.16460045815927773,0.12490354938271606,0.11995201919232308,2,0.7410447761194029,0.30477264186396086,0.45610687022900764,0.7061704211557296,0.7501628664495116,0.2759458521346755,0.1478260869565218,0.6666666666666666
1D000710,여자,50대,기능원 및 관련 기능 종사자,고졸(대학 재학 포함),대구광역시,2세대가족,미혼(사별/이혼 포함),맞벌이 하지 않음,200-300만원 미만,0.1005879882402352,0.14725660267030505,0.07304060931522235,0.136783988957902,0.06245788977226789,0.19733796296296297,0.1829934692789551,1,0.2977611940298507,0.5077038707252912,0.319247546346783,0.8237022526934379,0.2563517915309447,0.5366192294342241,0.35347826086956524,0.3333333333333333
4D055004,여자,60대 이상,단순노무 종사자,중졸 이하,대구광역시,1인 가구,기혼,맞벌이 하지 않음,100-200만원 미만,0.1511969760604788,0.13263814443036742,0.06949563019901021,0.13402346445824706,0.07970623905134079,0.13271604938271606,0.15327202452352393,1,0.47761194029850745,0.4513340849304772,0.29171210468920383,0.8041136141038197,0.3397394136807818,0.30406108989934055,0.25652173913043474,0.3333333333333333
4F079045,여자,50대,서비스 종사자,고졸(대학 재학 포함),광주광역시,2세대가족,기혼,맞벌이 함,600-700만원 미만,0.2246955060898782,0.12873988889971738,0.133059562668913,0.1533471359558316,0.13879531060503975,0.11940586419753087,0.12528322004531522,2,0.7388059701492536,0.4363021420518602,0.7854416575790623,0.9412340842311457,0.6254071661237786,0.25616105518917043,0.1652173913043479,0.6666666666666666
1A001855,여자,50대,주부,대학교 졸업(전문대졸/대학원생 포함),서울특별시,2세대가족,기혼,맞벌이 하지 않음,600-700만원 미만,0.1530869382612348,0.10223175129129716,0.07240883085886772,0.11953071083505866,0.12188384314782374,0.10542052469135803,0.20791683326669333,3,0.4843283582089552,0.33408493047726423,0.31434023991275906,0.701273261508325,0.5436482084690555,0.205831308573412,0.4347826086956522,1.0
4F079050,여자,50대,기능원 및 관련 기능 종사자,고졸(대학 재학 포함),광주광역시,2세대가족,기혼,맞벌이 함,600-700만원 미만,0.21902561948761023,0.11412143065977975,0.11189498438103261,0.1450655624568668,0.11743700309931276,0.11091820987654322,0.11861921897907504,2,0.7186567164179103,0.3799323562570462,0.6210468920392584,0.8824681684622917,0.5221498371335506,0.22561610551891706,0.14347826086956525,0.6666666666666666
1O000248,여자,60대 이상,주부,고졸(대학 재학 포함),강원도,1세대가족,기혼,맞벌이 하지 않음,200-300만원 미만,0.10562788744225116,0.16431147061689894,0.07311080692148399,0.12505175983436853,0.05605713515698693,0.19319058641975312,0.20924963347994138,3,0.31567164179104473,0.5734686208192408,0.3197928026172301,0.7404505386875613,0.22540716612377854,0.521693856299896,0.4391304347826087,1.0
1O000281,여자,60대 이상,주부,고졸(대학 재학 포함),강원도,1세대가족,기혼,맞벌이 하지 않음,300-400만원 미만,0.09869802603947922,0.15164214014228633,0.06640693552349865,0.14161490683229813,0.07674167901900014,0.10542052469135803,0.1909902705584433,3,0.29104477611940294,0.5246148064637354,0.2677208287895311,0.8579823702252691,0.32540716612377857,0.205831308573412,0.37956521739130444,1.0
1Q000212,여자,50대,서비스 종사자,고졸(대학 재학 포함),세종특별자치시,1세대가족,기혼,맞벌이 함,600-700만원 미만,0.20075598488030238,0.15700224149693012,0.08434242392334422,0.15610766045548655,0.11332704487265866,0.2181712962962963,0.25589764094362255,2,0.653731343283582,0.5452837279218339,0.4070338058887677,0.960822722820764,0.5022801302931595,0.6115931968066644,0.591304347826087,0.6666666666666666
3F247005,여자,50대,판매 종사자,고졸(대학 재학 포함),광주광역시,2세대가족,기혼,맞벌이 함,500-600만원 미만,0.13145737085258297,0.1852645940941429,0.06696851637359166,0.14230503795721186,0.0733728608004312,0.18055555555555555,0.20791683326669333,2,0.40746268656716417,0.6542653137918076,0.2720828789531079,0.8628795298726737,0.30912052117263844,0.4762235334953141,0.4347826086956522,0.6666666666666666
4D055006,여자,30대,사무 종사자,대학교 졸업(전문대졸/대학원생 포함),대구광역시,1세대가족,기혼,맞벌이 함,500-600만원 미만,0.27152456950860987,0.11607055842510478,0.08753641500824823,0.1285024154589372,0.15516776714728472,0.1509452160493827,0.25456484073037455,0,0.905223880597015,0.38744832769635473,0.4318429661941112,0.7649363369245838,0.7045602605863193,0.36966331135022557,0.5869565217391305,0.0
1A001820,여자,40대,판매 종사자,대학교 졸업(전문대졸/대학원생 포함),서울특별시,2세대가족,기혼,맞벌이 함,700-800만원 미만,0.2120957580848383,0.1243543514277361,0.0755677231406409,0.12781228433402345,0.10733054844360598,0.10349151234567902,0.2642942822870852,0,0.6940298507462686,0.419391206313416,0.3388767720828789,0.7600391772771791,0.47328990228013035,0.19888927455744534,0.6186956521739131,0.0
1F000601,여자,60대 이상,단순노무 종사자,고졸(대학 재학 포함),광주광역시,1인 가구,미혼(사별/이혼 포함),맞벌이 하지 않음,200-300만원 미만,0.1129777404451911,0.11899425007309229,0.06328314204485627,0.1285024154589372,0.05262094057404662,0.3260995370370371,0.34386245501799284,1,0.3417910447761193,0.3987222848553175,0.24345692475463468,0.7649363369245838,0.20879478827361564,1.0,0.8782608695652175,0.3333333333333333
1D000783,여자,40대,서비스 종사자,고졸(대학 재학 포함),대구광역시,2세대가족,기혼,맞벌이 함,500-600만원 미만,0.08357832843343133,0.1531039859662801,0.07444456144045489,0.13126293995859212,0.06003234065489826,0.20399305555555555,0.15060642409702787,2,0.23731343283582085,0.5302517850432169,0.33015267175572516,0.7845249755142016,0.2446254071661238,0.5605692467893092,0.24782608695652183,0.6666666666666666
1O000278,여자,30대,사무 종사자,대학교 졸업(전문대졸/대학원생 포함),강원도,1인 가구,미혼(사별/이혼 포함),맞벌이 하지 않음,300-400만원 미만,0.17009659806803865,0.1487184484942988,0.09588993015338176,0.14161490683229813,0.10308583748820914,0.10860339506172839,0.19325603092096497,1,0.5447761194029851,0.5133408493047725,0.49672846237731727,0.8579823702252691,0.45276872964169385,0.217285664699757,0.38695652173913053,0.3333333333333333
1F000602,여자,50대,판매 종사자,고졸(대학 재학 포함),광주광역시,1세대가족,기혼,맞벌이 함,300-400만원 미만,0.10268794624107518,0.10340122795049216,0.06538907023270507,0.1285024154589372,0.044401024120738444,0.26678240740740744,0.3345328535252566,2,0.30522388059701483,0.3385945133408493,0.25981461286804797,0.7649363369245838,0.16905537459283387,0.7865324540090247,0.8478260869565218,0.6666666666666666
1F000603,여자,30대,사무 종사자,대학교 졸업(전문대졸/대학원생 포함),광주광역시,1인 가구,미혼(사별/이혼 포함),맞벌이 하지 않음,200-300만원 미만,0.1129777404451911,0.11314686677711724,0.09315222350917833,0.13402346445824706,0.10295108475946638,0.15557484567901236,0.20125283220045317,1,0.3417910447761193,0.37617437053739194,0.4754634678298799,0.8041136141038197,0.45211726384364825,0.3863241929885457,0.4130434782608696,0.3333333333333333
3O148006,여자,50대,사무 종사자,대학교 졸업(전문대졸/대학원생 포함),강원도,1세대가족,기혼,맞벌이 함,400-500만원 미만,0.08462830743385132,0.15066757625962382,0.08767681022077148,0.1305728088336784,0.057472038808785875,0.13532021604938274,0.2025856324137012,0,0.2410447761194029,0.5208568207440811,0.43293347873500543,0.7796278158667971,0.23224755700325733,0.31343283582089565,0.4173913043478261,0.0
1F000604,남자,60대 이상,판매 종사자,고졸(대학 재학 포함),광주광역시,1세대가족,기혼,맞벌이 함,300-400만원 미만,0.13040739185216296,0.1092486112464672,0.09574953494085853,0.13126293995859212,0.12626330683196335,0.16329089506172842,0.17726242836198855,2,0.403731343283582,0.36114242765877486,0.4956379498364232,0.7845249755142016,0.5648208469055376,0.41409232905241244,0.33478260869565224,0.6666666666666666
1A001845,여자,60대 이상,주부,고졸(대학 재학 포함),서울특별시,1세대가족,기혼,맞벌이 하지 않음,300-400만원 미만,0.1889962200755985,0.14842607932950008,0.06714401038924574,0.10255348516218081,0.090958091901361,0.10985725308641976,0.20924963347994138,3,0.6119402985074627,0.5122134535888765,0.27344601962922577,0.5808031341821742,0.39413680781758964,0.22179798681013538,0.4391304347826087,1.0
1N000417,여자,60대 이상,농림어업 숙련 종사자,고졸(대학 재학 포함),충청남도,1세대가족,기혼,맞벌이 함,200-300만원 미만,0.12158756824863502,0.1594386512035864,0.1070864483521112,0.1305728088336784,0.0960113192292144,0.13252314814814817,0.19592163134746102,2,0.37238805970149247,0.5546786922209695,0.5836968375136314,0.7796278158667971,0.41856677524429975,0.3033668864977439,0.3956521739130434,0.6666666666666666
4D055017,여자,50대,사무 종사자,대학교 졸업(전문대졸/대학원생 포함),대구광역시,2세대가족,기혼,맞벌이 함,700-800만원 미만,0.24569508609827803,0.19403566903810546,0.09339791513109404,0.136783988957902,0.13475272874275704,0.14014274691358025,0.10395841663334666,0,0.8134328358208954,0.6880871852686959,0.4773718647764449,0.8237022526934379,0.6058631921824105,0.3307879208608122,0.09565217391304351,0.0
1F000606,여자,60대 이상,주부,고졸(대학 재학 포함),광주광역시,1세대가족,기혼,맞벌이 하지 않음,200-300만원 미만,0.11633767324653507,0.13653639996101746,0.05661436945000176,0.12574189095928226,0.059425953375555854,0.16695601851851852,0.2612288417966147,3,0.353731343283582,0.4663660278090943,0.19165757906215927,0.7453476983349656,0.24169381107491855,0.427282193682749,0.6086956521739131,1.0
1F000607,남자,50대,판매 종사자,고졸(대학 재학 포함),광주광역시,2세대가족,기혼,맞벌이 하지 않음,300-400만원 미만,0.15455690886182274,0.10535035571581718,0.08416692990769016,0.13126293995859212,0.09944751381215469,0.1593364197530864,0.25589764094362255,3,0.48955223880597004,0.3461104847801578,0.40567066521265005,0.7845249755142016,0.4351791530944626,0.3998611593196806,0.591304347826087,1.0
1Q000216,여자,30대,사무 종사자,대학교 졸업(전문대졸/대학원생 포함),세종특별자치시,2세대가족,기혼,맞벌이 함,500-600만원 미만,0.18290634187316254,0.1550531137316051,0.10094415780421889,0.1533471359558316,0.11427031397385796,0.18393132716049382,0.2385712381713981,0,0.5902985074626865,0.5377677564825253,0.5359869138495094,0.9412340842311457,0.5068403908794789,0.4883720930232557,0.5347826086956522,0.0
4D055019,여자,50대,사무 종사자,대학교 졸업(전문대졸/대학원생 포함),대구광역시,2세대가족,기혼,맞벌이 함,500-600만원 미만,0.2253254934901302,0.13556183607835495,0.11480818504089012,0.13126293995859212,0.1693168036652742,0.12393904320987655,0.10395841663334666,0,0.7410447761194029,0.46260804208944006,0.6436750272628136,0.7845249755142016,0.7729641693811076,0.2724748351266921,0.09565217391304351,0.0
4A249003,여자,60대 이상,주부,고졸(대학 재학 포함),서울특별시,1세대가족,기혼,맞벌이 하지 않음,200-300만원 미만,0.15728685426291475,0.12406198226293734,0.07732266329718157,0.10807453416149068,0.09021695189327585,0.13040123456790123,0.20924963347994138,3,0.4992537313432835,0.4182638105975197,0.3525081788440567,0.6199804113614102,0.39055374592833886,0.29573064908018043,0.4391304347826087,1.0
1Q000196,여자,60대 이상,주부,고졸(대학 재학 포함),세종특별자치시,1세대가족,기혼,맞벌이 하지 않음,400-500만원 미만,0.14699706005879884,0.16869700808888025,0.07784914534414378,0.1533471359558316,0.08320980999865248,0.2195216049382716,0.2412368385978942,3,0.46268656716417905,0.590379556557685,0.3565976008724101,0.9412340842311457,0.3566775244299675,0.616452620617841,0.5434782608695653,1.0
4F087004,여자,60대 이상,주부,고졸(대학 재학 포함),광주광역시,1세대가족,기혼,맞벌이 하지 않음,200-300만원 미만,0.14321713565728686,0.11217230289445473,0.08802779825207961,0.1285024154589372,0.11265328122894487,0.17197145061728397,0.2056510729041717,3,0.44925373134328356,0.37241638481773764,0.43565976008724105,0.7649363369245838,0.49902280130293153,0.44533148212426243,0.42739130434782624,1.0
4A249006,여자,30대,사무 종사자,대학교 졸업(전문대졸/대학원생 포함),서울특별시,1인 가구,미혼(사별/이혼 포함),맞벌이 하지 않음,300-400만원 미만,0.1364972700545989,0.11753240424909853,0.05931697729107437,0.12229123533471359,0.08172752998248214,0.08487654320987655,0.21191523390643743,1,0.42537313432835816,0.3930853062758361,0.2126499454743729,0.720861900097943,0.34951140065146585,0.13189864630336687,0.4478260869565217,0.3333333333333333
4D055025,여자,60대 이상,서비스 종사자,고졸(대학 재학 포함),대구광역시,2세대가족,기혼,맞벌이 함,800-900만원 미만,0.21629567408651829,0.13263814443036742,0.11551016110350638,0.136783988957902,0.188855949332974,0.11043595679012347,0.1012928162068506,2,0.708955223880597,0.4513340849304772,0.6491275899672847,0.8237022526934379,0.86742671009772,0.22388059701492538,0.08695652173913046,0.6666666666666666
3F247009,남자,50대,사무 종사자,대학교 졸업(전문대졸/대학원생 포함),광주광역시,1세대가족,기혼,맞벌이 함,700-800만원 미만,0.08000839983200336,0.11899425007309229,0.07146116317433576,0.1285024154589372,0.06474868616089476,0.15036651234567902,0.25189924030387845,0,0.22462686567164175,0.3987222848553175,0.30697928026172305,0.7649363369245838,0.2674267100977199,0.3675807011454356,0.5782608695652174,0.0
1Q000193,여자,50대,서비스 종사자,대학교 졸업(전문대졸/대학원생 포함),세종특별자치시,2세대가족,기혼,맞벌이 함,500-600만원 미만,0.19172616547669047,0.13751096384367997,0.08381594187638203,0.1533471359558316,0.11123837757714593,0.21846064814814817,0.28521924563507933,0,0.6216417910447761,0.47012401352874866,0.4029443838604144,0.9412340842311457,0.4921824104234528,0.6126345019090593,0.6869565217391306,0.0
1F000619,남자,60대 이상,판매 종사자,고졸(대학 재학 포함),광주광역시,2세대가족,기혼,맞벌이 함,600-700만원 미만,0.1591768164636707,0.11119773901179222,0.07082938471798113,0.1285024154589372,0.11278803395768765,0.1501736111111111,0.20391843262694923,2,0.5059701492537313,0.3686583990980834,0.302071973827699,0.7649363369245838,0.4996742671009773,0.36688649774383886,0.4217391304347826,0.6666666666666666
4F087008,남자,60대 이상,기능원 및 관련 기능 종사자,대학교 졸업(전문대졸/대학원생 포함),광주광역시,1세대가족,기혼,맞벌이 함,300-400만원 미만,0.06530869382612348,0.11139265178832473,0.06215998034467025,0.11911663216011041,0.028365449400350358,0.1851851851851852,0.31454085032653606,2,0.1723880597014925,0.36940999624201426,0.23473282442748092,0.6983349657198823,0.09153094462540719,0.4928844151336341,0.782608695652174,0.6666666666666666
4D055027,여자,60대 이상,주부,중졸 이하,대구광역시,1세대가족,기혼,맞벌이 하지 않음,100-200만원 미만,0.15539689206215876,0.1021342949030309,0.10213751711066653,0.1308488612836439,0.15732381080716884,0.13368055555555555,0.09462881514061043,3,0.49253731343283574,0.3337091319052988,0.5452562704471101,0.7815866797257591,0.714983713355049,0.3075321069073238,0.06521739130434787,1.0
1F000643,여자,60대 이상,주부,고졸(대학 재학 포함),광주광역시,1세대가족,기혼,맞벌이 하지 않음,300-400만원 미만,0.13229735405291895,0.12873988889971738,0.06777578884560037,0.136783988957902,0.0680501280150923,0.1509452160493827,0.2692256430761029,3,0.4104477611940298,0.4363021420518602,0.2783533260632497,0.8237022526934379,0.28338762214983715,0.36966331135022557,0.6347826086956523,1.0
4F087016,남자,50대,장치·기계 조작 및 조립 종사자,대학교 졸업(전문대졸/대학원생 포함),광주광역시,1세대가족,기혼,맞벌이 함,400-500만원 미만,0.04682906341873163,0.09287593801773707,0.0951528552876347,0.11083505866114561,0.09991914836275435,0.16685956790123457,0.16260162601626016,0,0.10671641791044777,0.29800826756858323,0.4910032715376227,0.6395690499510283,0.43745928338762224,0.4269350919819507,0.28695652173913044,0.0
3F247008,여자,50대,판매 종사자,고졸(대학 재학 포함),광주광역시,2세대가족,기혼,맞벌이 함,600-700만원 미만,0.1499370012599748,0.12873988889971738,0.08258748376680355,0.13402346445824706,0.10706104298612047,0.15297067901234568,0.22124483539917367,2,0.47313432835820884,0.4363021420518602,0.3934023991275899,0.8041136141038197,0.47198697068403916,0.3769524470669906,0.4782608695652174,0.6666666666666666
4F247010,여자,50대,판매 종사자,고졸(대학 재학 포함),광주광역시,2세대가족,기혼,맞벌이 함,500-600만원 미만,0.1761864762704746,0.1199688139557548,0.07433926503106245,0.136783988957902,0.10018865382023985,0.14265046296296297,0.27055844328935097,2,0.5664179104477611,0.40248027057497177,0.3293347873500545,0.8237022526934379,0.4387622149837134,0.3398125650815689,0.6391304347826088,0.6666666666666666
4F087032,여자,60대 이상,판매 종사자,고졸(대학 재학 포함),광주광역시,1세대가족,기혼,맞벌이 함,400-500만원 미만,0.22112557748845024,0.10359614072702467,0.10048787336351832,0.11359558316080055,0.1493060234469748,0.15885416666666666,0.1599360255897641,2,0.7261194029850746,0.33934611048478014,0.5324427480916031,0.6591576885406465,0.6762214983713356,0.39812565081568896,0.27826086956521745,0.6666666666666666
1A000782,여자,30대,사무 종사자,대학교 졸업(전문대졸/대학원생 포함),서울특별시,2세대가족,기혼,맞벌이 함,800-900만원 미만,0.18521629567408654,0.1477438846116363,0.05545610894668492,0.12781228433402345,0.1000539010914971,0.08680555555555555,0.1905904304944689,0,0.5985074626865672,0.5095828635851183,0.1826608505997819,0.7600391772771791,0.4381107491856678,0.13884068031933353,0.37826086956521743,0.0
4A021003,여자,60대 이상,주부,고졸(대학 재학 포함),서울특별시,2세대가족,기혼,맞벌이 하지 않음,600-700만원 미만,0.12809743805123897,0.18653152714160415,0.0540872556245832,0.13954451345755692,0.06623096617706509,0.1322337962962963,0.21191523390643743,3,0.39552238805970136,0.6591506952273581,0.17202835332606323,0.8432908912830557,0.2745928338762215,0.3023255813953488,0.4478260869565217,1.0
4A021026,여자,50대,주부,대학교 졸업(전문대졸/대학원생 포함),서울특별시,2세대가족,기혼,맞벌이 하지 않음,500-600만원 미만,0.11717765644687106,0.16967157197154276,0.034396827068196974,0.13954451345755692,0.04049319498719849,0.17554012345679013,0.23057443689190993,3,0.35671641791044767,0.5941375422773394,0.01908396946564886,0.8432908912830557,0.15016286644951143,0.45817424505380067,0.5086956521739131,1.0
4F087040,남자,60대 이상,장치·기계 조작 및 조립 종사자,고졸(대학 재학 포함),광주광역시,1인 가구,미혼(사별/이혼 포함),맞벌이 하지 않음,200-300만원 미만,0.22259554808903823,0.09872332131371211,0.09592502895651259,0.11359558316080055,0.14977765799757445,0.1552854938271605,0.1372784219645475,1,0.7313432835820896,0.3205561818865088,0.49700109051254093,0.6591576885406465,0.6785016286644951,0.3852828878861506,0.20434782608695654,0.3333333333333333
4D055029,여자,60대 이상,주부,중졸 이하,대구광역시,1인 가구,미혼(사별/이혼 포함),맞벌이 하지 않음,100-200만원 미만,0.1511969760604788,0.09531234772439334,0.09978589730090205,0.10876466528640441,0.17551542918744104,0.11429398148148148,0.08929761428761829,1,0.47761194029850745,0.3074032318677189,0.526990185387132,0.6248775710088148,0.8029315960912052,0.2377646650468587,0.04782608695652177,0.3333333333333333
4A021027,여자,50대,주부,고졸(대학 재학 포함),서울특별시,1세대가족,기혼,맞벌이 하지 않음,300-400만원 미만,0.15959680806383872,0.2232725855179807,0.07381278298410025,0.1533471359558316,0.06441180433903786,0.1440007716049383,0.22524323603891777,3,0.5074626865671641,0.8008267568583238,0.32524536532170123,0.9412340842311457,0.26579804560260584,0.34467198889274564,0.491304347826087,1.0
4A021040,여자,50대,주부,대학교 졸업(전문대졸/대학원생 포함),서울특별시,2세대가족,기혼,맞벌이 하지 않음,600-700만원 미만,0.12347753044939101,0.19569242763863173,0.06402021691060335,0.13636991028295375,0.050801778736019404,0.18856095679012347,0.22790883646541385,3,0.3791044776119402,0.6944757609921083,0.24918211559432932,0.8207639569049949,0.2,0.5050329746615758,0.5,1.0
1A000798,여자,50대,서비스 종사자,고졸(대학 재학 포함),서울특별시,1세대가족,기혼,맞벌이 하지 않음,400-500만원 미만,0.17849643007139857,0.12601111002826237,0.0782001333754519,0.10531400966183574,0.11157525939900283,0.10349151234567902,0.19992003198720512,3,0.5746268656716417,0.4257797820368283,0.3593238822246455,0.6003917727717922,0.4938110749185668,0.19888927455744534,0.408695652173913,1.0
4A021041,여자,40대,사무 종사자,대학교 졸업(전문대졸/대학원생 포함),서울특별시,2세대가족,기혼,맞벌이 함,600-700만원 미만,0.16652666946661066,0.1764935191501803,0.06082622582569935,0.13954451345755692,0.059156447918070336,0.17177854938271606,0.24296947887511666,0,0.5320895522388058,0.6204434423149191,0.22437295528898585,0.8432908912830557,0.24039087947882737,0.4446372787226657,0.5491304347826088,0.0
1A000807,여자,50대,사무 종사자,대학교 졸업(전문대졸/대학원생 포함),서울특별시,2세대가족,기혼,맞벌이 함,800-900만원 미만,0.17282654346913062,0.13185849332423744,0.08048155557895477,0.11083505866114561,0.10551138660557875,0.12085262345679013,0.20525123284019728,0,0.5544776119402984,0.4483276963547539,0.3770447110141767,0.6395690499510283,0.46449511400651466,0.2613675807011454,0.4260869565217392,0.0
1A000820,여자,60대 이상,주부,대학교 졸업(전문대졸/대학원생 포함),서울특별시,1세대가족,기혼,맞벌이 하지 않음,700-800만원 미만,0.14405711885762285,0.12269759282720984,0.08048155557895477,0.11677018633540372,0.09473116830615819,0.10416666666666667,0.2145808343329335,3,0.45223880597014915,0.41300263059000375,0.3770447110141767,0.681684622918707,0.41237785016286643,0.20131898646303367,0.4565217391304348,1.0
1Q000217,여자,60대 이상,주부,중졸 이하,세종특별자치시,1세대가족,기혼,맞벌이 하지 않음,100-200만원 미만,0.14741705165896682,0.17162069973686775,0.07188234881190551,0.14230503795721186,0.08455733728608004,0.23939043209876543,0.22657603625216582,3,0.46417910447761185,0.6016535137166478,0.31025081788440567,0.8628795298726737,0.3631921824104235,0.6879555709822978,0.4956521739130435,1.0
4A021042,여자,30대,사무 종사자,대학교 졸업(전문대졸/대학원생 포함),서울특별시,1세대가족,기혼,맞벌이 함,600-700만원 미만,0.15791684166316675,0.20212454926420428,0.040468920009827665,0.136783988957902,0.06636571890580784,0.1685956790123457,0.22790883646541385,0,0.5014925373134328,0.7192784667418264,0.06624863685932389,0.8237022526934379,0.2752442996742671,0.43318292259632074,0.5,0.0
1H000939,여자,60대 이상,판매 종사자,고졸(대학 재학 포함),경기도,2세대가족,미혼(사별/이혼 포함),맞벌이 하지 않음,400-500만원 미만,0.09218815623687526,0.13799824578501121,0.0755677231406409,0.12505175983436853,0.06461393343215201,0.19077932098765435,0.20125283220045317,1,0.267910447761194,0.47200300638857573,0.3388767720828789,0.7404505386875613,0.2667752442996743,0.5130163137799376,0.4130434782608696,0.3333333333333333
4A021043,여자,30대,사무 종사자,대학교 졸업(전문대졸/대학원생 포함),서울특별시,1세대가족,기혼,맞벌이 함,700-800만원 미만,0.1371272574548509,0.18429003021148038,0.036853743287353906,0.1308488612836439,0.05578762969950141,0.17881944444444445,0.23590563774490206,0,0.4276119402985074,0.6505073280721533,0.038167938931297746,0.7815866797257591,0.2241042345276873,0.46997570288094404,0.5260869565217392,0.0
1A000821,여자,50대,서비스 종사자,대학교 졸업(전문대졸/대학원생 포함),서울특별시,1인 가구,미혼(사별/이혼 포함),맞벌이 하지 않음,400-500만원 미만,0.16148677026459474,0.13312542637169866,0.0776736513284897,0.12229123533471359,0.08502897183667969,0.09963348765432099,0.2025856324137012,1,0.514179104477612,0.4532130777903043,0.35523446019629223,0.720861900097943,0.3654723127035831,0.18500520652551197,0.4173913043478261,0.3333333333333333
4A021044,여자,30대,사무 종사자,대학교 졸업(전문대졸/대학원생 포함),서울특별시,1세대가족,기혼,맞벌이 함,600-700만원 미만,0.13229735405291895,0.18039177468083034,0.048927731564353656,0.14230503795721186,0.04669182050936531,0.15248842592592593,0.2456350793016127,0,0.4104477611940298,0.6354753851935362,0.13195201744820065,0.8628795298726737,0.1801302931596091,0.37521693856299887,0.5578260869565218,0.0
1I000684,남자,40대,사무 종사자,대학교 졸업(전문대졸/대학원생 포함),경상북도,2세대가족,기혼,맞벌이 함,"900-1,000만원 미만",0.1497270054598908,0.11801968619042978,0.0805868519883472,0.12574189095928226,0.07970623905134079,0.14255401234567902,0.18126082900173265,0,0.4723880597014924,0.3949642991356632,0.37786259541984724,0.7453476983349656,0.3397394136807818,0.33946546338077055,0.34782608695652173,0.0
1H001275,여자,40대,사무 종사자,대학교 졸업(전문대졸/대학원생 포함),경기도,2세대가족,기혼,맞벌이 함,800-900만원 미만,0.21860562788744226,0.21157781892603061,0.080060369941385,0.15610766045548655,0.0762026681040291,0.13339120370370372,0.23457283753165403,0,0.7171641791044776,0.7557309282224727,0.37377317339149396,0.960822722820764,0.3228013029315961,0.30649080180492894,0.5217391304347827,0.0
1H000968,남자,30대,사무 종사자,대학교 졸업(전문대졸/대학원생 포함),경기도,1인 가구,미혼(사별/이혼 포함),맞벌이 하지 않음,300-400만원 미만,0.12200755984880303,0.14189650131566126,0.06644203432662947,0.12505175983436853,0.06764586982886403,0.1764081790123457,0.22524323603891777,1,0.3738805970149253,0.4870349492671928,0.2679934569247546,0.7404505386875613,0.2814332247557003,0.4612981603609858,0.491304347826087,0.3333333333333333
1Q000218,여자,60대 이상,서비스 종사자,중졸 이하,세종특별자치시,1인 가구,미혼(사별/이혼 포함),맞벌이 하지 않음,200-300만원 미만,0.17576648467030662,0.19530260208556674,0.07504124109367871,0.15886818495514146,0.0803126263306832,0.2542438271604939,0.2492336398773824,1,0.5649253731343284,0.6929725667042466,0.33478735005452565,0.9804113614103818,0.342671009771987,0.7414092329052413,0.5695652173913044,0.3333333333333333
4C065020,여자,50대,판매 종사자,고졸(대학 재학 포함),인천광역시,1인 가구,미혼(사별/이혼 포함),맞벌이 하지 않음,200-300만원 미만,0.12662746745065098,0.12484163336906735,0.12375837983924749,0.136783988957902,0.15658267079908367,0.17611882716049382,0.11635345861655338,1,0.39029850746268646,0.42127019917324315,0.7131952017448201,0.8237022526934379,0.711400651465798,0.4602568552585907,0.13608695652173916,0.3333333333333333
4A021045,여자,60대 이상,주부,고졸(대학 재학 포함),서울특별시,1세대가족,기혼,맞벌이 하지 않음,300-400만원 미만,0.07055858882822344,0.18896793684826044,0.038713979853287006,0.13333333333333333,0.028365449400350358,0.15509259259259262,0.21498067439690793,3,0.19104477611940296,0.6685456595264938,0.052617230098146145,0.7992164544564153,0.09153094462540719,0.38458868448455397,0.4578260869565218,1.0
1H001285,여자,60대 이상,서비스 종사자,대학교 졸업(전문대졸/대학원생 포함),경기도,2세대가족,기혼,맞벌이 함,"900-1,000만원 미만",0.24401511969760606,0.2286326868726245,0.08469341195465235,0.15265700483091788,0.11784126128554104,0.13339120370370372,0.22657603625216582,0,0.8074626865671641,0.8214956783164223,0.4097600872410033,0.9363369245837414,0.5241042345276874,0.30649080180492894,0.4956521739130435,0.0
1H001245,여자,40대,주부,대학교 졸업(전문대졸/대학원생 포함),경기도,2세대가족,기혼,맞벌이 하지 않음,500-600만원 미만,0.21839563208735827,0.25543319364584355,0.08953704678670457,0.15610766045548655,0.08630912275973587,0.1634837962962963,0.23324003731840598,3,0.7164179104477612,0.9248402856069149,0.44738276990185377,0.960822722820764,0.37166123778501625,0.414786532454009,0.5173913043478261,1.0
4A021046,여자,50대,사무 종사자,대학교 졸업(전문대졸/대학원생 포함),서울특별시,2세대가족,기혼,맞벌이 함,700-800만원 미만,0.123897522049559,0.20085761621674303,0.039942437962865465,0.13402346445824706,0.05322732785338903,0.13994984567901234,0.20924963347994138,0,0.38059701492537307,0.7143930853062759,0.06215921483097056,0.8041136141038197,0.21172638436482089,0.33009371745921545,0.4391304347826087,0.0
1I000641,여자,30대,사무 종사자,대학교 졸업(전문대졸/대학원생 포함),경상북도,1세대가족,기혼,맞벌이 함,700-800만원 미만,0.1507769844603108,0.1199688139557548,0.08311396581376576,0.12574189095928226,0.09217086646004582,0.13242669753086422,0.22391043582566975,0,0.47611940298507455,0.40248027057497177,0.3974918211559433,0.7453476983349656,0.4000000000000001,0.3030197847969456,0.4869565217391305,0.0
1H001299,여자,60대 이상,주부,고졸(대학 재학 포함),경기도,1세대가족,기혼,맞벌이 하지 않음,400-500만원 미만,0.20600587988240235,0.23594191599259334,0.07268962128391422,0.1533471359558316,0.07896509904325563,0.1234567901234568,0.1879248300679728,3,0.6723880597014925,0.8496805712138294,0.31652126499454747,0.9412340842311457,0.336156351791531,0.2707393266227005,0.3695652173913043,1.0
4A019002,여자,40대,사무 종사자,대학교 졸업(전문대졸/대학원생 포함),서울특별시,1세대가족,기혼,맞벌이 함,600-700만원 미만,0.1371272574548509,0.19208654127278044,0.06051033659752203,0.136783988957902,0.05396846786147419,0.1685956790123457,0.23324003731840598,0,0.4276119402985074,0.6805712138293873,0.22191930207197388,0.8237022526934379,0.21530944625407167,0.43318292259632074,0.5173913043478261,0.0
1H001300,여자,60대 이상,주부,고졸(대학 재학 포함),경기도,1세대가족,기혼,맞벌이 하지 않음,500-600만원 미만,0.2265854682906342,0.23399278822726832,0.08146432206661752,0.1533471359558316,0.09803261016035575,0.12393904320987655,0.22924163667866188,3,0.7455223880597014,0.8421645997745209,0.38467829880043614,0.9412340842311457,0.42833876221498374,0.2724748351266921,0.5043478260869565,1.0
4C065032,여자,30대,사무 종사자,대학교 졸업(전문대졸/대학원생 포함),인천광역시,1세대가족,기혼,맞벌이 함,500-600만원 미만,0.19361612767744646,0.16284962479290518,0.10638447228949494,0.12574189095928226,0.1495755289044603,0.1314621913580247,0.10262561642009864,0,0.6283582089552239,0.5678316422397595,0.5782442748091603,0.7453476983349656,0.6775244299674267,0.2995487677889622,0.09130434782608701,0.0
1C000398,여자,50대,주부,대학교 졸업(전문대졸/대학원생 포함),인천광역시,2세대가족,기혼,맞벌이 하지 않음,700-800만원 미만,0.0377992440151197,0.10535035571581718,0.13498999684110774,0.1285024154589372,0.0454790459506805,0.09548611111111112,0.12301745968279355,3,0.0746268656716418,0.3461104847801578,0.8004362050163577,0.7649363369245838,0.17426710097719872,0.17007983339118363,0.15782608695652176,1.0
4A019001,여자,60대 이상,단순노무 종사자,대학교 졸업(전문대졸/대학원생 포함),서울특별시,2세대가족,기혼,맞벌이 함,800-900만원 미만,0.1007979840403192,0.17064613585420527,0.036327261240391706,0.1285024154589372,0.048241476889907015,0.14477237654320987,0.22124483539917367,0,0.29850746268656714,0.5978955279969936,0.03407851690294442,0.7649363369245838,0.18762214983713354,0.34744880249913224,0.4782608695652174,0.0
3A019003,여자,60대 이상,주부,고졸(대학 재학 포함),서울특별시,2세대가족,기혼,맞벌이 하지 않음,600-700만원 미만,0.08189836203275935,0.1852645940941429,0.03836299182197887,0.13402346445824706,0.053362080582131786,0.14448302469135804,0.2296414767426363,3,0.23134328358208955,0.6542653137918076,0.049890948745910574,0.8041136141038197,0.21237785016286648,0.34640749739673726,0.5056521739130435,1.0
1H001325,여자,50대,사무 종사자,대학교 졸업(전문대졸/대학원생 포함),경기도,2세대가족,기혼,맞벌이 함,"900-1,000만원 미만",0.254094918101638,0.24714940064321217,0.08013056754764664,0.147135955831608,0.11635898126937069,0.14255401234567902,0.19325603092096497,0,0.8432835820895522,0.8928974069898533,0.3743184296619412,0.8971596474045052,0.5169381107491856,0.33946546338077055,0.38695652173913053,0.0
1A001186,여자,40대,사무 종사자,대학교 졸업(전문대졸/대학원생 포함),서울특별시,2세대가족,기혼,맞벌이 함,600-700만원 미만,0.08189836203275935,0.1852645940941429,0.04355761468533923,0.13402346445824706,0.038067645869828866,0.20264274691358025,0.20525123284019728,0,0.23134328358208955,0.6542653137918076,0.09023991275899676,0.8041136141038197,0.13843648208469056,0.5557098229781325,0.4260869565217392,0.0
1H001331,여자,60대 이상,서비스 종사자,대학교 졸업(전문대졸/대학원생 포함),경기도,2세대가족,기혼,맞벌이 함,"900-1,000만원 미만",0.2246955060898782,0.20037033427541176,0.07970938191007687,0.14989648033126293,0.09419215739118718,0.13020833333333334,0.2798880447820872,0,0.7388059701492536,0.7125140924464487,0.37104689203925845,0.9167482859941232,0.4097719869706841,0.2950364456785839,0.6695652173913044,0.0
1A001172,여자,40대,사무 종사자,대학교 졸업(전문대졸/대학원생 포함),서울특별시,2세대가족,기혼,맞벌이 함,500-600만원 미만,0.0993280134397312,0.20017542149887926,0.0662665403109754,0.15610766045548655,0.03759601131922921,0.18489583333333334,0.2425696388111422,0,0.2932835820895522,0.7117624953025178,0.26663031624863687,0.960822722820764,0.13615635179153096,0.49184311003123915,0.5478260869565217,0.0
1A001167,여자,40대,주부,대학교 졸업(전문대졸/대학원생 포함),서울특별시,2세대가족,기혼,맞벌이 하지 않음,600-700만원 미만,0.08609827803443931,0.198908488451418,0.04239935418202239,0.1533471359558316,0.04500741140008085,0.19849537037037038,0.23324003731840598,3,0.24626865671641784,0.7068771138669673,0.08124318429661939,0.9412340842311457,0.17198697068403906,0.5407844498438042,0.5173913043478261,1.0
1A001162,여자,50대,주부,대학교 졸업(전문대졸/대학원생 포함),서울특별시,2세대가족,기혼,맞벌이 하지 않음,500-600만원 미만,0.08189836203275935,0.19403566903810546,0.03485311150889755,0.136783988957902,0.04500741140008085,0.14081790123456792,0.2056510729041717,3,0.23134328358208955,0.6880871852686959,0.022628135223555085,0.8237022526934379,0.17198697068403906,0.3332176327664006,0.42739130434782624,1.0
1A001160,여자,60대 이상,주부,고졸(대학 재학 포함),서울특별시,1세대가족,기혼,맞벌이 하지 않음,300-400만원 미만,0.04682906341873163,0.21450151057401814,0.06293215401354814,0.1533471359558316,0.022436329335669046,0.22289737654320987,0.24296947887511666,3,0.10671641791044777,0.7670048853814355,0.2407306434023991,0.9412340842311457,0.06286644951140065,0.6286011801457826,0.5491304347826088,1.0
1A001156,여자,40대,사무 종사자,대학교 졸업(전문대졸/대학원생 포함),서울특별시,2세대가족,기혼,맞벌이 함,600-700만원 미만,0.044099118017639646,0.2193743299873307,0.039942437962865465,0.14230503795721186,0.01953914566769977,0.2000385802469136,0.1905904304944689,0,0.09701492537313432,0.7857948139797069,0.06215921483097056,0.8628795298726737,0.0488599348534202,0.5463380770565776,0.37826086956521743,0.0
4E094027,여자,50대,서비스 종사자,대학교 졸업(전문대졸/대학원생 포함),대전광역시,2세대가족,기혼,맞벌이 함,500-600만원 미만,0.1007979840403192,0.16723516226488647,0.05707065389070233,0.13333333333333333,0.06778062255760678,0.1080246913580247,0.20125283220045317,0,0.29850746268656714,0.5847425779782036,0.19520174482006544,0.7992164544564153,0.2820846905537459,0.21520305449496704,0.4130434782608696,0.0
1A001148,여자,60대 이상,주부,고졸(대학 재학 포함),서울특별시,1세대가족,기혼,맞벌이 하지 않음,300-400만원 미만,0.13124737505249895,0.19501023292076797,0.04141658769435962,0.15058661145617666,0.04500741140008085,0.15856481481481483,0.2492336398773824,3,0.40671641791044766,0.6918451709883502,0.07360959651035989,0.9216454456415277,0.17198697068403906,0.397084345713294,0.5695652173913044,1.0
4A008044,여자,50대,사무 종사자,대학교 졸업(전문대졸/대학원생 포함),서울특별시,1세대가족,기혼,맞벌이 함,"1,000만원 이상",0.1129777404451911,0.15183705291881885,0.12351268821733179,0.13636991028295375,0.09688721196604232,0.0998263888888889,0.12528322004531522,0,0.3417910447761193,0.5253664036076663,0.7112868047982551,0.8207639569049949,0.4228013029315962,0.18569940992710868,0.1652173913043479,0.0
4A008048,여자,40대,사무 종사자,대학교 졸업(전문대졸/대학원생 포함),서울특별시,2세대가족,기혼,맞벌이 함,"1,000만원 이상",0.08504829903401932,0.1574895234382614,0.12891790389947705,0.1388543823326432,0.09702196469478507,0.10947145061728396,0.1412768226042916,0,0.2425373134328358,0.5471627207816611,0.7532715376226827,0.8383937316356511,0.4234527687296417,0.22040958000694208,0.21739130434782608,0.0
4E094031,여자,50대,서비스 종사자,대학교 졸업(전문대졸/대학원생 포함),대전광역시,2세대가족,기혼,맞벌이 함,500-600만원 미만,0.15539689206215876,0.17405710944352404,0.054719034080937846,0.1305728088336784,0.07229483897048915,0.09066358024691358,0.21631347461015596,0,0.49253731343283574,0.6110484780157835,0.17693565976008727,0.7796278158667971,0.3039087947882736,0.1527247483512669,0.4621739130434783,0.0
4A007007,여자,40대,판매 종사자,대학교 졸업(전문대졸/대학원생 포함),서울특별시,2세대가족,기혼,맞벌이 함,800-900만원 미만,0.126207475850483,0.16187506091024267,0.12625039486153522,0.14782608695652172,0.10989085028971836,0.10927854938271606,0.12928162068505933,0,0.3888059701492537,0.5640736565201052,0.7325517993456924,0.9020568070519097,0.48566775244299676,0.21971537660534537,0.17826086956521744,0.0
4A007010,여자,40대,서비스 종사자,대학교 졸업(전문대졸/대학원생 포함),서울특별시,2세대가족,기혼,맞벌이 함,800-900만원 미만,0.1129777404451911,0.16090049702758016,0.11814257133831738,0.136783988957902,0.09217086646004582,0.10657793209876544,0.10395841663334666,0,0.3417910447761193,0.560315670800451,0.6695747001090513,0.8237022526934379,0.4000000000000001,0.20999652898299206,0.09565217391304351,0.0
1H000179,여자,50대,주부,고졸(대학 재학 포함),경기도,2세대가족,기혼,맞벌이 하지 않음,600-700만원 미만,0.21482570348593027,0.1511548582009551,0.053806465199536704,0.15058661145617666,0.0931815119256165,0.11815200617283951,0.31853925096628016,3,0.703731343283582,0.5227358136039083,0.16984732824427487,0.9216454456415277,0.40488599348534204,0.2516487330787921,0.7956521739130434,1.0
1H000174,여자,60대 이상,기능원 및 관련 기능 종사자,고졸(대학 재학 포함),경기도,1세대가족,기혼,맞벌이 함,400-500만원 미만,0.12032759344813103,0.1550531137316051,0.07409357340914675,0.1533471359558316,0.056326640614472435,0.11381172839506173,0.35185925629748105,2,0.3679104477611939,0.5377677564825253,0.32742639040348964,0.9412340842311457,0.22671009771986966,0.23602915654286707,0.9043478260869567,0.6666666666666666
1D000851,여자,60대 이상,주부,고졸(대학 재학 포함),대구광역시,2세대가족,기혼,맞벌이 하지 않음,300-400만원 미만,0.2404451910961781,0.16236234285157394,0.07374258537783862,0.1388543823326432,0.1088128284597763,0.21151620370370372,0.21591363454618154,3,0.7947761194029851,0.5659526493799324,0.3247001090512541,0.8383937316356511,0.4804560260586319,0.5876431794515793,0.4608695652173913,1.0
1D000854,여자,60대 이상,주부,중졸 이하,대구광역시,1세대가족,기혼,맞벌이 하지 않음,100-200만원 미만,0.21629567408651829,0.1457947568463113,0.042820539819592156,0.1305728088336784,0.08307505726990971,0.23987268518518517,0.25096628015460487,3,0.708955223880597,0.5020668921458099,0.08451472191930212,0.7796278158667971,0.3560260586319218,0.6896910794862894,0.575217391304348,1.0
1D000856,여자,60대 이상,주부,중졸 이하,대구광역시,1인 가구,미혼(사별/이혼 포함),맞벌이 하지 않음,100만원 미만,0.14594708105837884,0.1457947568463113,0.035800779193429506,0.1305728088336784,0.044131518663252926,0.2484567901234568,0.26389444222311076,1,0.4589552238805969,0.5020668921458099,0.029989094874591088,0.7796278158667971,0.1677524429967427,0.7205831308573412,0.6173913043478261,0.3333333333333333
1N000420,여자,60대 이상,농림어업 숙련 종사자,고졸(대학 재학 포함),충청남도,1세대가족,기혼,맞벌이 함,200-300만원 미만,0.1782864342713146,0.13536692330182246,0.11059632866519253,0.12229123533471359,0.11891928311548308,0.11766975308641976,0.22830867652938827,2,0.5738805970149254,0.46185644494550926,0.610959651035987,0.720861900097943,0.5293159609120521,0.24991322457480045,0.501304347826087,0.6666666666666666
1N000456,여자,50대,판매 종사자,고졸(대학 재학 포함),충청남도,2세대가족,기혼,맞벌이 함,500-600만원 미만,0.11549769004619907,0.14287106519832377,0.11280755326243375,0.13609385783298825,0.09270987737501683,0.11795910493827161,0.21857923497267762,2,0.3507462686567163,0.49079293498684706,0.6281352235550708,0.8188050930460331,0.4026058631921824,0.25095452967719545,0.4695652173913044,0.6666666666666666
1N000475,남자,30대,사무 종사자,대학교 졸업(전문대졸/대학원생 포함),충청남도,1인 가구,미혼(사별/이혼 포함),맞벌이 하지 않음,300-400만원 미만,0.12305753884922302,0.16626059838222396,0.09522305289389632,0.1388543823326432,0.09089071553698963,0.12239583333333334,0.25096628015460487,1,0.3776119402985074,0.5809845922585494,0.4915485278080698,0.8383937316356511,0.3938110749185668,0.2669212079139188,0.575217391304348,0.3333333333333333
3D057003,여자,60대 이상,주부,중졸 이하,대구광역시,1인 가구,미혼(사별/이혼 포함),맞벌이 하지 않음,100만원 미만,0.14363712725745487,0.1915992593314492,0.04597943210136535,0.1305728088336784,0.07034092440371918,0.22694830246913583,0.16126882580301213,1,0.45074626865671635,0.6786922209695603,0.10905125408942204,0.7796278158667971,0.29446254071661243,0.6431794515793128,0.28260869565217395,0.3333333333333333
3D057004,여자,60대 이상,주부,중졸 이하,대구광역시,1인 가구,미혼(사별/이혼 포함),맞벌이 하지 않음,100만원 미만,0.13523729525409495,0.1828281843874866,0.035800779193429506,0.1305728088336784,0.050801778736019404,0.22019675925925927,0.20125283220045317,1,0.4208955223880597,0.6448703494926719,0.029989094874591088,0.7796278158667971,0.2,0.6188823325234294,0.4130434782608696,0.3333333333333333
4E094036,남자,20대,사무 종사자,대학교 졸업(전문대졸/대학원생 포함),대전광역시,1인 가구,미혼(사별/이혼 포함),맞벌이 하지 않음,200-300만원 미만,0.12809743805123897,0.17405710944352404,0.04503176441683339,0.1305728088336784,0.058819566096213444,0.10416666666666667,0.2025856324137012,1,0.39552238805970136,0.6110484780157835,0.10169029443838604,0.7796278158667971,0.23876221498371336,0.20131898646303367,0.4173913043478261,0.3333333333333333
1B000991,여자,40대,사무 종사자,대학교 졸업(전문대졸/대학원생 포함),부산광역시,2세대가족,기혼,맞벌이 함,500-600만원 미만,0.21692566148677025,0.14823116655296756,0.09473166965006492,0.13402346445824706,0.1352243632933567,0.15258487654320987,0.20525123284019728,0,0.7111940298507462,0.5114618564449455,0.48773173391493985,0.8041136141038197,0.6081433224755701,0.3755640402637972,0.4260869565217392,0.0
1D000799,여자,40대,서비스 종사자,고졸(대학 재학 포함),대구광역시,2세대가족,기혼,맞벌이 함,400-500만원 미만,0.06509869802603949,0.13234577526556868,0.0705134954898038,0.10876466528640441,0.03907829133539954,0.20640432098765432,0.19325603092096497,2,0.17164179104477612,0.45020668921458096,0.29961832061068705,0.6248775710088148,0.14332247557003258,0.5692467893092675,0.38695652173913053,0.6666666666666666
1B001005,여자,60대 이상,서비스 종사자,고졸(대학 재학 포함),부산광역시,1인 가구,미혼(사별/이혼 포함),맞벌이 하지 않음,100-200만원 미만,0.22679546409071819,0.13458727219569244,0.0779544417535362,0.136783988957902,0.13839105241881147,0.14988425925925927,0.21591363454618154,1,0.7462686567164178,0.4588500563697858,0.35741548527808065,0.8237022526934379,0.6234527687296417,0.365845192641444,0.4608695652173913,0.3333333333333333
3L202003,여자,30대,사무 종사자,대학교 졸업(전문대졸/대학원생 포함),전라남도,1인 가구,미혼(사별/이혼 포함),맞벌이 하지 않음,200-300만원 미만,0.17198656026879464,0.12484163336906735,0.07995507353199256,0.1285024154589372,0.1000539010914971,0.1385030864197531,0.2722910835665734,1,0.5514925373134328,0.42127019917324315,0.3729552889858233,0.7649363369245838,0.4381107491856678,0.3248871919472406,0.6447826086956522,0.3333333333333333
4D060006,여자,50대,주부,고졸(대학 재학 포함),대구광역시,1세대가족,기혼,맞벌이 하지 않음,100-200만원 미만,0.14846703065938682,0.16626059838222396,0.03193991084904005,0.12229123533471359,0.050330144185419756,0.23177083333333334,0.23324003731840598,3,0.467910447761194,0.5809845922585494,0.0,0.720861900097943,0.1977198697068404,0.6605345366192293,0.5173913043478261,1.0
3L202006,여자,50대,판매 종사자,고졸(대학 재학 포함),전라남도,1세대가족,기혼,맞벌이 함,300-400만원 미만,0.12851742965140697,0.15066757625962382,0.06215998034467025,0.12781228433402345,0.048645735076135295,0.1548996913580247,0.274556843929095,2,0.39701492537313426,0.5208568207440811,0.23473282442748092,0.7600391772771791,0.18957654723127038,0.3838944810829573,0.6521739130434783,0.6666666666666666
1B001008,여자,60대 이상,판매 종사자,고졸(대학 재학 포함),부산광역시,3세대가족,미혼(사별/이혼 포함),맞벌이 하지 않음,300-400만원 미만,0.2253254934901302,0.1638241886755677,0.08620266048927731,0.13126293995859212,0.11278803395768765,0.13503086419753088,0.19632147141143547,1,0.7410447761194029,0.5715896279594137,0.42148309705561604,0.7845249755142016,0.4996742671009773,0.31239153071850057,0.39695652173913054,0.3333333333333333
4E097012,남자,30대,사무 종사자,대학교 졸업(전문대졸/대학원생 포함),대전광역시,1인 가구,기혼,맞벌이 하지 않음,200-300만원 미만,0.14279714405711885,0.15261670402494884,0.06886385174265558,0.1305728088336784,0.09385527556933028,0.0935570987654321,0.1749966679994669,1,0.44776119402985065,0.5283727921833896,0.2868047982551799,0.7796278158667971,0.40814332247557006,0.1631377993752169,0.32739130434782615,0.3333333333333333
4I220008,여자,60대 이상,주부,고졸(대학 재학 포함),경상북도,2세대가족,기혼,맞벌이 하지 않음,300-400만원 미만,0.054598908021839566,0.015593022122600138,0.08248218735741111,0.020703933747412008,0.018865382023985987,0.06655092592592593,0.11462081833933094,3,0.13432835820895522,0.0,0.39258451472191924,0.0,0.04560260586319219,0.06594932315168348,0.13043478260869565,1.0
4E097016,여자,50대,서비스 종사자,고졸(대학 재학 포함),대전광역시,1인 가구,미혼(사별/이혼 포함),맞벌이 하지 않음,200-300만원 미만,0.1889962200755985,0.1457947568463113,0.06932013618335615,0.1305728088336784,0.11474194852445763,0.08873456790123457,0.18432626949220315,1,0.6119402985074627,0.5020668921458099,0.2903489640130862,0.7796278158667971,0.5091205211726385,0.14578271433530024,0.35782608695652185,0.3333333333333333
3L202009,여자,50대,주부,고졸(대학 재학 포함),전라남도,1세대가족,기혼,맞벌이 하지 않음,200-300만원 미만,0.14132717345653087,0.12094337783841731,0.07504124109367871,0.12298136645962732,0.07674167901900014,0.14419367283950618,0.2452352392376383,3,0.4425373134328357,0.40623825629462607,0.33478735005452565,0.7257590597453476,0.32540716612377857,0.3453661922943422,0.5565217391304348,1.0
4E094040,남자,50대,판매 종사자,대학교 졸업(전문대졸/대학원생 포함),대전광역시,2세대가족,기혼,맞벌이 함,500-600만원 미만,0.10499790004199916,0.13507455413702368,0.07809483696605946,0.12505175983436853,0.08961056461393344,0.1099537037037037,0.16660002665600426,0,0.31343283582089543,0.4607290492296129,0.35850599781897485,0.7404505386875613,0.3876221498371336,0.2221450885109337,0.29999999999999993,0.0
3L202012,여자,60대 이상,판매 종사자,고졸(대학 재학 포함),전라남도,1인 가구,미혼(사별/이혼 포함),맞벌이 하지 않음,100-200만원 미만,0.11633767324653507,0.09950297241984213,0.09339791513109404,0.12022084195997239,0.11750437946368414,0.18287037037037038,0.1829934692789551,1,0.353731343283582,0.32356257046223225,0.4773718647764449,0.7061704211557296,0.5224755700325734,0.4845539743144741,0.35347826086956524,0.3333333333333333
4I220011,여자,60대 이상,주부,고졸(대학 재학 포함),경상북도,1세대가족,기혼,맞벌이 하지 않음,300-400만원 미만,0.07202855942881142,0.022414969301237698,0.07862131901302166,0.020703933747412008,0.0718232044198895,0.14207175925925927,0.19325603092096497,3,0.19626865671641786,0.026305900037579863,0.36259541984732824,0.0,0.301628664495114,0.3377299548767789,0.38695652173913053,1.0
4E097020,남자,60대 이상,장치·기계 조작 및 조립 종사자,중졸 이하,대전광역시,1인 가구,미혼(사별/이혼 포함),맞벌이 하지 않음,200-300만원 미만,0.19739605207895844,0.1789299288568366,0.062195079147801056,0.12781228433402345,0.10369222476755155,0.10030864197530864,0.18126082900173265,1,0.6417910447761194,0.6298384066140549,0.23500545256270441,0.7600391772771791,0.4557003257328991,0.1874349184311003,0.34782608695652173,0.3333333333333333
4D060066,여자,60대 이상,주부,고졸(대학 재학 포함),대구광역시,1인 가구,미혼(사별/이혼 포함),맞벌이 하지 않음,100만원 미만,0.20978580428391433,0.15456583179027386,0.062405671966585946,0.13333333333333333,0.07202533351300364,0.2164351851851852,0.2385712381713981,1,0.685820895522388,0.5358887636226982,0.23664122137404583,0.7992164544564153,0.3026058631921824,0.6053453661922943,0.5347826086956522,0.3333333333333333
3L197056,남자,40대,기능원 및 관련 기능 종사자,고졸(대학 재학 포함),전라남도,1인 가구,미혼(사별/이혼 포함),맞벌이 하지 않음,300-400만원 미만,0.19109617807643847,0.1733749147256603,0.06058053420378365,0.1388543823326432,0.07883034631451287,0.10011574074074074,0.20924963347994138,1,0.6194029850746268,0.6084178880120256,0.22246455834242093,0.8383937316356511,0.3355048859934854,0.18674071502950365,0.4391304347826087,0.3333333333333333
3L202015,여자,60대 이상,군인,고졸(대학 재학 포함),전라남도,1세대가족,기혼,맞벌이 함,200-300만원 미만,0.14216715665686688,0.16723516226488647,0.05749183952827209,0.10848861283643892,0.04851098234739253,0.1638695987654321,0.23723843795815008,2,0.4455223880597015,0.5847425779782036,0.19847328244274812,0.622918707149853,0.18892508143322478,0.4161749392572024,0.5304347826086957,0.6666666666666666
4I220014,여자,60대 이상,주부,고졸(대학 재학 포함),경상북도,1세대가족,기혼,맞벌이 하지 않음,300-400만원 미만,0.0503989920201596,0.031186044245200276,0.08364044786072795,0.020703933747412008,0.07680905538337152,0.12374614197530866,0.12794882047181128,3,0.11940298507462686,0.06012777151446824,0.40158124318429667,0.0,0.32573289902280134,0.2717806317250955,0.1739130434782609,1.0
4E097033,여자,50대,서비스 종사자,고졸(대학 재학 포함),대전광역시,1세대가족,기혼,맞벌이 함,500-600만원 미만,0.15539689206215876,0.16138777896891143,0.09262574146221614,0.12781228433402345,0.10308583748820914,0.08969907407407408,0.15860322537651608,2,0.49253731343283574,0.5621946636602781,0.47137404580152664,0.7600391772771791,0.45276872964169385,0.1492537313432836,0.27391304347826095,0.6666666666666666
1O000366,여자,40대,사무 종사자,대학교 졸업(전문대졸/대학원생 포함),강원도,2세대가족,기혼,맞벌이 함,500-600만원 미만,0.16043679126417473,0.1806841438456291,0.08399143589203609,0.1533471359558316,0.12235547769842338,0.16203703703703703,0.21324803411968546,0,0.5104477611940299,0.6366027809094326,0.4043075245365322,0.9412340842311457,0.545928338762215,0.409580006942034,0.4521739130434782,0.0
3L202018,여자,50대,판매 종사자,고졸(대학 재학 포함),전라남도,1세대가족,기혼,맞벌이 함,300-400만원 미만,0.12200755984880303,0.11704512230776729,0.0953985469095504,0.11469979296066252,0.05262094057404662,0.17515432098765432,0.1639344262295082,2,0.3738805970149253,0.39120631341600903,0.49291166848418755,0.6669931439764936,0.20879478827361564,0.45678583825060737,0.29130434782608694,0.6666666666666666
4I220017,여자,60대 이상,주부,고졸(대학 재학 포함),경상북도,1세대가족,기혼,맞벌이 하지 않음,300-400만원 미만,0.05984880302393952,0.03995711918916285,0.07486574707802465,0.020703933747412008,0.023918609351839374,0.1417824074074074,0.16526722644275624,3,0.15298507462686567,0.09394964299135664,0.3334242093784079,0.0,0.07003257328990228,0.33668864977438384,0.29565217391304344,1.0
3L202024,여자,30대,주부,고졸(대학 재학 포함),전라남도,2세대가족,기혼,맞벌이 하지 않음,200-300만원 미만,0.16106677866442673,0.11119773901179222,0.0667930223579376,0.13402346445824706,0.05592238242824417,0.29716435185185186,0.3252032520325203,3,0.5126865671641792,0.3686583990980834,0.27071973827699025,0.8041136141038197,0.2247557003257329,0.8958694897604997,0.8173913043478261,1.0
4K194019,남자,60대 이상,기능원 및 관련 기능 종사자,대학교 졸업(전문대졸/대학원생 포함),전라북도,1세대가족,기혼,맞벌이 하지 않음,400-500만원 미만,0.1772364552708946,0.11801968619042978,0.07118037274928926,0.1285024154589372,0.08112114270313973,0.1259645061728395,0.2785552445688391,3,0.5701492537313433,0.3949642991356632,0.30479825517993464,0.7649363369245838,0.3465798045602606,0.27976397084345705,0.6652173913043478,1.0
4L202015,여자,50대,판매 종사자,고졸(대학 재학 포함),전라남도,1세대가족,기혼,맞벌이 함,400-500만원 미만,0.1530869382612348,0.1755189552675178,0.06310764802920221,0.12574189095928226,0.06562457889772268,0.14891975308641978,0.23190723710515795,2,0.4843283582089552,0.6166854565952649,0.24209378407851698,0.7453476983349656,0.2716612377850163,0.36237417563346064,0.5130434782608696,0.6666666666666666
3B042002,여자,50대,판매 종사자,고졸(대학 재학 포함),부산광역시,1인 가구,미혼(사별/이혼 포함),맞벌이 하지 않음,200-300만원 미만,0.26669466610667786,0.15407854984894262,0.0784809238004984,0.14230503795721186,0.1377172887750977,0.17100694444444448,0.2025856324137012,1,0.8880597014925372,0.5340097707628711,0.3615049073064339,0.8628795298726737,0.6201954397394138,0.4418604651162791,0.4173913043478261,0.3333333333333333
3L197021,여자,40대,사무 종사자,고졸(대학 재학 포함),전라남도,2세대가족,기혼,맞벌이 함,500-600만원 미만,0.16799664006719867,0.12045609589708606,0.07942859148503037,0.13567977915804003,0.08219916453308179,0.1603973765432099,0.23990403838464616,0,0.5373134328358209,0.4043592634347989,0.36886586695747003,0.8158667972575906,0.35179153094462545,0.4036792780284624,0.5391304347826088,0.0
3P239032,남자,50대,농림어업 숙련 종사자,고졸(대학 재학 포함),제주특별자치도,2세대가족,기혼,맞벌이 함,400-500만원 미만,0.09596808063838724,0.11314686677711724,0.13748201186339545,0.136783988957902,0.1426357633742083,0.16811342592592596,0.10169265627082501,2,0.28134328358208954,0.37617437053739194,0.81979280261723,0.8237022526934379,0.6439739413680782,0.4314474140923291,0.08826086956521742,0.6666666666666666
3B042003,여자,30대,주부,대학교 졸업(전문대졸/대학원생 포함),부산광역시,2세대가족,기혼,맞벌이 하지 않음,300-400만원 미만,0.19739605207895844,0.16967157197154276,0.07942859148503037,0.13954451345755692,0.09217086646004582,0.17341820987654322,0.24390243902439027,3,0.6417910447761194,0.5941375422773394,0.36886586695747003,0.8432908912830557,0.4000000000000001,0.4505380076362374,0.5521739130434783,1.0
4E097041,여자,30대,사무 종사자,대학교 졸업(전문대졸/대학원생 포함),대전광역시,1인 가구,미혼(사별/이혼 포함),맞벌이 하지 않음,200-300만원 미만,0.14279714405711885,0.15456583179027386,0.06570495946088238,0.12781228433402345,0.09520280285675785,0.10609567901234568,0.16126882580301213,1,0.44776119402985065,0.5358887636226982,0.26226826608505993,0.7600391772771791,0.4146579804560261,0.20826102047900033,0.28260869565217395,0.3333333333333333
3B042004,남자,50대,단순노무 종사자,대학교 졸업(전문대졸/대학원생 포함),부산광역시,1인 가구,미혼(사별/이혼 포함),맞벌이 하지 않음,200-300만원 미만,0.18374632507349853,0.13263814443036742,0.07504124109367871,0.13402346445824706,0.10746530117234873,0.15354938271604937,0.194588831134213,1,0.5932835820895522,0.4513340849304772,0.33478735005452565,0.8041136141038197,0.4739413680781759,0.37903505727178055,0.3913043478260869,0.3333333333333333
4E097045,여자,40대,사무 종사자,대학교 졸업(전문대졸/대학원생 포함),대전광역시,2세대가족,기혼,맞벌이 함,500-600만원 미만,0.18332633347333052,0.18087905662216158,0.06791618405812362,0.1305728088336784,0.08644387548847865,0.08294753086419754,0.1399440223910436,0,0.5917910447761193,0.6373543780533634,0.2794438386041439,0.7796278158667971,0.37231270358306195,0.12495661228740021,0.21304347826086958,0.0
4O150033,여자,60대 이상,주부,고졸(대학 재학 포함),강원도,1세대가족,기혼,맞벌이 하지 않음,300-400만원 미만,0.2133557328853423,0.14530747490498003,0.0938191007686638,0.14782608695652172,0.14378116156852175,0.15461033950617287,0.25589764094362255,3,0.698507462686567,0.5001878992859827,0.4806434023991276,0.9020568070519097,0.6495114006514658,0.38285317598056234,0.591304347826087,1.0
4E097055,여자,50대,서비스 종사자,고졸(대학 재학 포함),대전광역시,1세대가족,기혼,맞벌이 함,500-600만원 미만,0.14699706005879884,0.17405710944352404,0.05882559404724299,0.1305728088336784,0.0774828190270853,0.08487654320987655,0.15727042516326803,2,0.46268656716417905,0.6110484780157835,0.2088331515812432,0.7796278158667971,0.32899022801302935,0.13189864630336687,0.26956521739130435,0.6666666666666666
3L197049,여자,60대 이상,주부,고졸(대학 재학 포함),전라남도,1세대가족,기혼,맞벌이 하지 않음,200-300만원 미만,0.07349853002939942,0.1084689601403372,0.051595240602295464,0.12739820565907523,0.04851098234739253,0.1736111111111111,0.25456484073037455,3,0.2014925373134328,0.35813603908305147,0.15267175572519084,0.7571008814887366,0.18892508143322478,0.45123221103783395,0.5869565217391305,1.0
1I000662,남자,40대,관리자,대학교 졸업(전문대졸/대학원생 포함),경상북도,2세대가족,기혼,맞벌이 함,700-800만원 미만,0.15350692986140277,0.12191794172107982,0.09690779544417537,0.13126293995859212,0.10247945020886673,0.15239197530864199,0.18392642942822873,0,0.485820895522388,0.4099962420142803,0.5046346782988005,0.7845249755142016,0.44983713355048865,0.37486983686220066,0.35652173913043483,0.0
1B000250,여자,60대 이상,주부,고졸(대학 재학 포함),부산광역시,1세대가족,기혼,맞벌이 하지 않음,200-300만원 미만,0.26585468290634184,0.12679076113439236,0.10929767294935243,0.13126293995859212,0.15759331626465437,0.14303626543209877,0.23457283753165403,3,0.8850746268656714,0.42878617061255164,0.6008724100327153,0.7845249755142016,0.7162866449511401,0.34120097188476217,0.5217391304347827,1.0
4E097059,남자,50대,장치·기계 조작 및 조립 종사자,대학교 졸업(전문대졸/대학원생 포함),대전광역시,1세대가족,기혼,맞벌이 함,500-600만원 미만,0.1364972700545989,0.18087905662216158,0.06444140254817311,0.1305728088336784,0.07701118447648564,0.09548611111111112,0.13461282153805146,0,0.42537313432835816,0.6373543780533634,0.25245365321701196,0.7796278158667971,0.3267100977198697,0.17007983339118363,0.19565217391304354,0.0
3L197077,여자,50대,전문가 및 관련 종사자,고졸(대학 재학 포함),전라남도,2세대가족,미혼(사별/이혼 포함),맞벌이 하지 않음,600-700만원 미만,0.17219655606887863,0.11012571874086348,0.06451160015443475,0.12422360248447205,0.09520280285675785,0.13175154320987653,0.2412368385978942,1,0.5522388059701492,0.36452461480646375,0.2529989094874592,0.7345739471106758,0.4146579804560261,0.3005900728913571,0.5434782608695653,0.3333333333333333
4D046025,남자,20대,사무 종사자,대학교 졸업(전문대졸/대학원생 포함),대구광역시,1인 가구,미혼(사별/이혼 포함),맞벌이 하지 않음,300-400만원 미만,0.17849643007139857,0.11217230289445473,0.04703239619528974,0.14230503795721186,0.08152540088936801,0.16174768518518517,0.29721444755431164,1,0.5746268656716417,0.37241638481773764,0.11723009814612864,0.8628795298726737,0.34853420195439744,0.4085387018396389,0.7260869565217393,0.3333333333333333
1I000698,여자,50대,장치·기계 조작 및 조립 종사자,고졸(대학 재학 포함),경상북도,1세대가족,기혼,맞벌이 함,500-600만원 미만,0.1516169676606468,0.10632491959847969,0.0601593485662139,0.136783988957902,0.0668373534564075,0.12683256172839508,0.3038784486205518,2,0.47910447761194025,0.34986847049981207,0.2191930207197383,0.8237022526934379,0.27752442996742677,0.2828878861506422,0.7478260869565218,0.6666666666666666
4B042052,남자,50대,기능원 및 관련 기능 종사자,대학교 졸업(전문대졸/대학원생 포함),부산광역시,2세대가족,미혼(사별/이혼 포함),맞벌이 하지 않음,300-400만원 미만,0.21587568248635028,0.19403566903810546,0.0792530974693763,0.13954451345755692,0.09944751381215469,0.14255401234567902,0.19592163134746102,1,0.7074626865671642,0.6880871852686959,0.36750272628135217,0.8432908912830557,0.4351791530944626,0.33946546338077055,0.3956521739130434,0.3333333333333333
1C000400,여자,40대,판매 종사자,대학교 졸업(전문대졸/대학원생 포함),인천광역시,2세대가족,기혼,맞벌이 함,600-700만원 미만,0.07937841243175137,0.10242666406782965,0.10115475062300376,0.13126293995859212,0.06912814984503436,0.08873456790123457,0.1603358656537385,0,0.2223880597014925,0.334836527621195,0.5376226826608506,0.7845249755142016,0.288599348534202,0.14578271433530024,0.27956521739130435,0.0
1H001533,여자,40대,서비스 종사자,대학교 졸업(전문대졸/대학원생 포함),경기도,2세대가족,기혼,맞벌이 함,700-800만원 미만,0.20285594288114236,0.15992593314491765,0.11070162507458495,0.12298136645962732,0.12740870502627677,0.16203703703703703,0.19992003198720512,0,0.6611940298507462,0.5565576850807966,0.6117775354416575,0.7257590597453476,0.5703583061889251,0.409580006942034,0.408695652173913,0.0
4N178014,여자,20대,서비스 종사자,대학교 졸업(전문대졸/대학원생 포함),충청남도,1세대가족,기혼,맞벌이 함,500-600만원 미만,0.14699706005879884,0.16138777896891143,0.06630163911410622,0.12505175983436853,0.08017787360194044,0.0925925925925926,0.17726242836198855,0,0.46268656716417905,0.5621946636602781,0.2669029443838604,0.7404505386875613,0.3420195439739414,0.1596667823672336,0.33478260869565224,0.0
1I000677,여자,50대,서비스 종사자,고졸(대학 재학 포함),경상북도,2세대가족,미혼(사별/이혼 포함),맞벌이 하지 않음,400-500만원 미만,0.11465770684586309,0.13263814443036742,0.10392755607033802,0.136783988957902,0.08260342271931007,0.16329089506172842,0.14567506330801014,1,0.3477611940298507,0.4513340849304772,0.5591603053435116,0.8237022526934379,0.3537459283387622,0.41409232905241244,0.23173913043478264,0.3333333333333333
4A004040,여자,50대,서비스 종사자,대학교 졸업(전문대졸/대학원생 포함),서울특별시,2세대가족,기혼,맞벌이 함,600-700만원 미만,0.18332633347333052,0.11899425007309229,0.1290232003088695,0.14230503795721186,0.15112518528500202,0.14834104938271606,0.11462081833933094,0,0.5917910447761193,0.3987222848553175,0.7540894220283535,0.8628795298726737,0.6850162866449512,0.3602915654286706,0.13043478260869565,0.0
1B000251,여자,60대 이상,판매 종사자,고졸(대학 재학 포함),부산광역시,2세대가족,기혼,맞벌이 함,500-600만원 미만,0.24842503149937,0.13556183607835495,0.11701940963813133,0.15058661145617666,0.17443740735749896,0.134837962962963,0.22124483539917367,2,0.8231343283582089,0.46260804208944006,0.6608505997818974,0.9216454456415277,0.7977198697068404,0.3116973273169039,0.4782608695652174,0.6666666666666666
4N178022,여자,40대,서비스 종사자,대학교 졸업(전문대졸/대학원생 포함),충청남도,2세대가족,기혼,맞벌이 함,500-600만원 미만,0.1364972700545989,0.15651495955559888,0.0556667017654698,0.13333333333333333,0.07141894623366123,0.08680555555555555,0.1905904304944689,0,0.42537313432835816,0.5434047350620067,0.1842966194111232,0.7992164544564153,0.2996742671009772,0.13884068031933353,0.37826086956521743,0.0
1I000635,여자,40대,주부,고졸(대학 재학 포함),경상북도,2세대가족,기혼,맞벌이 하지 않음,500-600만원 미만,0.12179756404871903,0.1092486112464672,0.08199080411357973,0.1285024154589372,0.05726990971567174,0.15335648148148148,0.21991203518592564,3,0.37313432835820887,0.36114242765877486,0.3887677208287895,0.7649363369245838,0.23127035830618892,0.3783408538701839,0.4739130434782609,1.0
4N178045,여자,50대,판매 종사자,고졸(대학 재학 포함),충청남도,1세대가족,기혼,맞벌이 함,500-600만원 미만,0.12809743805123897,0.16723516226488647,0.06584535467340563,0.13333333333333333,0.0862417463953645,0.0925925925925926,0.16526722644275624,2,0.39552238805970136,0.5847425779782036,0.26335877862595414,0.7992164544564153,0.3713355048859935,0.1596667823672336,0.29565217391304344,0.6666666666666666
1B000255,남자,30대,사무 종사자,대학교 졸업(전문대졸/대학원생 포함),부산광역시,1인 가구,미혼(사별/이혼 포함),맞벌이 하지 않음,300-400만원 미만,0.23288534229315416,0.18721372185946789,0.06251096837597837,0.1533471359558316,0.10032340654898261,0.12278163580246913,0.2105824336931894,1,0.767910447761194,0.661781285231116,0.23745910577971643,0.9412340842311457,0.43941368078175896,0.2683096147171121,0.4434782608695652,0.3333333333333333
4N178061,남자,30대,사무 종사자,대학교 졸업(전문대졸/대학원생 포함),충청남도,1인 가구,미혼(사별/이혼 포함),맞벌이 하지 않음,200-300만원 미만,0.123897522049559,0.16528603449956145,0.05661436945000176,0.1305728088336784,0.08017787360194044,0.08873456790123457,0.18392642942822873,1,0.38059701492537307,0.5772266065388951,0.19165757906215927,0.7796278158667971,0.3420195439739414,0.14578271433530024,0.35652173913043483,0.3333333333333333
4O150066,여자,30대,주부,대학교 졸업(전문대졸/대학원생 포함),강원도,2세대가족,기혼,맞벌이 하지 않음,400-500만원 미만,0.24065518689626206,0.16606568560569146,0.09487206486258819,0.1533471359558316,0.1511925616493734,0.17100694444444448,0.25056644009063045,3,0.7955223880597013,0.5802329951146186,0.48882224645583416,0.9412340842311457,0.685342019543974,0.4418604651162791,0.573913043478261,1.0
3L197078,여자,40대,주부,대학교 졸업(전문대졸/대학원생 포함),전라남도,2세대가족,기혼,맞벌이 하지 않음,300-400만원 미만,0.13229735405291895,0.13117629860637364,0.08848408269278017,0.12739820565907523,0.07633742083277185,0.16493055555555555,0.2772224443555911,3,0.4104477611940298,0.4456971063509958,0.4392039258451471,0.7571008814887366,0.3234527687296417,0.41999305796598396,0.6608695652173914,1.0
4O148032,남자,30대,사무 종사자,대학교 졸업(전문대졸/대학원생 포함),강원도,1인 가구,미혼(사별/이혼 포함),맞벌이 하지 않음,300-400만원 미만,0.10184796304073919,0.15388363707241012,0.0967674002316521,0.13333333333333333,0.0809190136100256,0.1440007716049383,0.21857923497267762,1,0.3022388059701492,0.5332581736189403,0.5035441657579062,0.7992164544564153,0.3456026058631922,0.34467198889274564,0.4695652173913044,0.3333333333333333
4N178065,여자,20대,판매 종사자,대학교 졸업(전문대졸/대학원생 포함),충청남도,1인 가구,미혼(사별/이혼 포함),맞벌이 하지 않음,200-300만원 미만,0.11759764804703907,0.18087905662216158,0.04503176441683339,0.1305728088336784,0.06623096617706509,0.1015625,0.17766226842596297,1,0.3582089552238806,0.6373543780533634,0.10169029443838604,0.7796278158667971,0.2745928338762215,0.19194724054147863,0.33608695652173914,0.3333333333333333
4F087028,여자,50대,판매 종사자,대학교 졸업(전문대졸/대학원생 포함),광주광역시,2세대가족,기혼,맞벌이 함,500-600만원 미만,0.21965560688786223,0.10359614072702467,0.09557404092520445,0.11635610766045548,0.15355073440237166,0.16338734567901236,0.18925763028122086,0,0.7208955223880595,0.33934611048478014,0.4942748091603053,0.6787463271302645,0.6967426710097722,0.41443943075321066,0.37391304347826093,0.0
4I220020,여자,60대 이상,사무 종사자,고졸(대학 재학 포함),경상북도,1세대가족,미혼(사별/이혼 포함),맞벌이 하지 않음,200-300만원 미만,0.041999160016799666,0.04190624695448787,0.06668772594854516,0.020703933747412008,0.07074518258994744,0.09066358024691358,0.13328002132480343,1,0.08955223880597014,0.10146561443066518,0.2699018538713195,0.0,0.2964169381107492,0.1527247483512669,0.19130434782608705,0.3333333333333333
4O148064,여자,40대,서비스 종사자,대학교 졸업(전문대졸/대학원생 포함),강원도,1인 가구,미혼(사별/이혼 포함),맞벌이 하지 않음,200-300만원 미만,0.06089878202435951,0.1915992593314492,0.09132708574637605,0.13333333333333333,0.05679827516507209,0.15817901234567902,0.20391843262694923,1,0.15671641791044771,0.6786922209695603,0.4612868047982551,0.7992164544564153,0.22899022801302932,0.3956959389101007,0.4217391304347826,0.3333333333333333
4A004044,여자,60대 이상,서비스 종사자,고졸(대학 재학 포함),서울특별시,1세대가족,기혼,맞벌이 함,400-500만원 미만,0.1889962200755985,0.11314686677711724,0.10066336737917238,0.13954451345755692,0.15159681983560166,0.11979166666666667,0.16526722644275624,2,0.6119402985074627,0.37617437053739194,0.5338058887677208,0.8432908912830557,0.6872964169381108,0.2575494619923637,0.29565217391304344,0.6666666666666666
4N178029,여자,50대,판매 종사자,대학교 졸업(전문대졸/대학원생 포함),충청남도,2세대가족,기혼,맞벌이 함,500-600만원 미만,0.10919781604367913,0.16528603449956145,0.0548594292934611,0.1305728088336784,0.0592912006468131,0.0925925925925926,0.1936558709849394,0,0.32835820895522383,0.5772266065388951,0.17802617230098147,0.7796278158667971,0.24104234527687296,0.1596667823672336,0.38826086956521744,0.0
1I000649,여자,30대,주부,대학교 졸업(전문대졸/대학원생 포함),경상북도,2세대가족,기혼,맞벌이 하지 않음,500-600만원 미만,0.12179756404871903,0.12484163336906735,0.07595380997507985,0.1285024154589372,0.09230561918878857,0.1736111111111111,0.18965747034519528,3,0.37313432835820887,0.42127019917324315,0.341875681570338,0.7649363369245838,0.40065146579804567,0.45123221103783395,0.37521739130434795,1.0
4I220023,여자,60대 이상,주부,고졸(대학 재학 포함),경상북도,1세대가족,기혼,맞벌이 하지 않음,500-600만원 미만,0.0377992440151197,0.02046584153591268,0.06879365413639395,0.020703933747412008,0.04514216412882361,0.11410108024691358,0.19592163134746102,3,0.0746268656716418,0.018789928598271333,0.2862595419847328,0.0,0.1726384364820847,0.23707046164526205,0.3956521739130434,1.0
4F087020,남자,50대,기능원 및 관련 기능 종사자,대학교 졸업(전문대졸/대학원생 포함),광주광역시,1인 가구,미혼(사별/이혼 포함),맞벌이 하지 않음,200-300만원 미만,0.2120957580848383,0.09872332131371211,0.07862131901302166,0.11359558316080055,0.15112518528500202,0.1511381172839506,0.18525922964147676,1,0.6940298507462686,0.3205561818865088,0.36259541984732824,0.6591576885406465,0.6850162866449512,0.3703575147518222,0.36086956521739133,0.3333333333333333
1H001536,여자,40대,서비스 종사자,대학교 졸업(전문대졸/대학원생 포함),경기도,2세대가족,기혼,맞벌이 함,700-800만원 미만,0.2009659806803864,0.1774680830328428,0.10382225966094556,0.1285024154589372,0.1339442123703005,0.15711805555555558,0.17992802878848463,0,0.6544776119402985,0.6242014280345735,0.5583424209378407,0.7649363369245838,0.6019543973941368,0.391877820201319,0.34347826086956523,0.0
1N000422,남자,60대 이상,판매 종사자,고졸(대학 재학 포함),충청남도,1세대가족,기혼,맞벌이 함,300-400만원 미만,0.09722805543889122,0.17990449273949907,0.09259064265908533,0.11677018633540372,0.058347931545613796,0.13638117283950618,0.16793282686925232,2,0.285820895522388,0.633596392333709,0.4711014176663031,0.681684622918707,0.23648208469055376,0.3172509545296772,0.30434782608695654,0.6666666666666666
4N178041,남자,60대 이상,사무 종사자,고졸(대학 재학 포함),충청남도,1세대가족,기혼,맞벌이 함,500-600만원 미만,0.13229735405291895,0.16138777896891143,0.07146116317433576,0.12781228433402345,0.09836949198221263,0.08873456790123457,0.13367986138877783,2,0.4104477611940298,0.5621946636602781,0.30697928026172305,0.7600391772771791,0.42996742671009774,0.14578271433530024,0.19260869565217395,0.6666666666666666
4O147007,여자,60대 이상,판매 종사자,고졸(대학 재학 포함),강원도,1인 가구,미혼(사별/이혼 포함),맞벌이 하지 않음,200-300만원 미만,0.0503989920201596,0.1594386512035864,0.09213435821838475,0.13333333333333333,0.06528769707586579,0.19097222222222224,0.21498067439690793,1,0.11940298507462686,0.5546786922209695,0.4675572519083969,0.7992164544564153,0.2700325732899023,0.5137105171815342,0.4578260869565218,0.3333333333333333
4I220026,여자,60대 이상,주부,고졸(대학 재학 포함),경상북도,1세대가족,기혼,맞벌이 하지 않음,300-400만원 미만,0.0503989920201596,0.04872819413312543,0.0755677231406409,0.023464458247066944,0.04062794771594124,0.11670524691358025,0.14660802345728377,3,0.11940298507462686,0.12777151446824503,0.3388767720828789,0.01958863858961804,0.15081433224755697,0.2464422075668171,0.23478260869565223,1.0
4D046042,남자,20대,사무 종사자,대학교 졸업(전문대졸/대학원생 포함),대구광역시,1인 가구,미혼(사별/이혼 포함),맞벌이 하지 않음,300-400만원 미만,0.17849643007139857,0.10583763765714843,0.06107191744761504,0.1305728088336784,0.11002560301846113,0.1521990740740741,0.2492336398773824,1,0.5746268656716417,0.34798947763998495,0.2262813522355507,0.7796278158667971,0.4863192182410424,0.374175633460604,0.5695652173913044,0.3333333333333333
4N178057,여자,50대,판매 종사자,대학교 졸업(전문대졸/대학원생 포함),충청남도,2세대가족,기혼,맞벌이 함,500-600만원 미만,0.10919781604367913,0.1915992593314492,0.059527570109859256,0.1305728088336784,0.08186228271122489,0.09452160493827161,0.16300146608023458,0,0.32835820895522383,0.6786922209695603,0.21428571428571427,0.7796278158667971,0.3501628664495114,0.16660881638320027,0.28826086956521735,0.0
4F087036,남자,50대,기능원 및 관련 기능 종사자,대학교 졸업(전문대졸/대학원생 포함),광주광역시,1세대가족,기혼,맞벌이 함,500-600만원 미만,0.21671566568668627,0.09872332131371211,0.0927661366747394,0.11359558316080055,0.14519606522032072,0.1657021604938272,0.17059842729574837,0,0.7104477611940297,0.3205561818865088,0.47246455834242096,0.6591576885406465,0.6563517915309447,0.4227698715723708,0.31304347826086953,0.0
1B000260,여자,50대,사무 종사자,대학교 졸업(전문대졸/대학원생 포함),부산광역시,2세대가족,기혼,맞벌이 함,600-700만원 미만,0.27194456110877785,0.17941721079816783,0.06321294443859464,0.14782608695652172,0.12969950141490363,0.1574074074074074,0.23190723710515795,0,0.9067164179104478,0.631717399473882,0.24291166848418752,0.9020568070519097,0.5814332247557003,0.392919125303714,0.5130434782608696,0.0
1K000551,여자,60대 이상,서비스 종사자,고졸(대학 재학 포함),전라북도,1세대가족,기혼,맞벌이 함,400-500만원 미만,0.20222595548089037,0.14920573043563007,0.07128566915868169,0.12574189095928226,0.09991914836275435,0.11969521604938271,0.22124483539917367,2,0.6589552238805969,0.5152198421645998,0.3056161395856052,0.7453476983349656,0.43745928338762224,0.2572023602915654,0.4782608695652174,0.6666666666666666
4O147014,여자,50대,주부,고졸(대학 재학 포함),강원도,1세대가족,기혼,맞벌이 하지 않음,400-500만원 미만,0.11759764804703907,0.1457947568463113,0.08704503176441683,0.1305728088336784,0.07606791537528636,0.17457561728395063,0.2145808343329335,3,0.3582089552238806,0.5020668921458099,0.4280261723009814,0.7796278158667971,0.32214983713355055,0.4547032280458174,0.4565217391304348,1.0
1N000487,여자,30대,사무 종사자,대학교 졸업(전문대졸/대학원생 포함),충청남도,1인 가구,미혼(사별/이혼 포함),맞벌이 하지 않음,300-400만원 미만,0.08819823603527929,0.21839976610466819,0.08206100171984136,0.15058661145617666,0.05120603692224767,0.11120756172839506,0.19632147141143547,1,0.25373134328358204,0.7820368282600526,0.3893129770992366,0.9216454456415277,0.2019543973941368,0.22665741062131203,0.39695652173913054,0.3333333333333333
4I220029,여자,60대 이상,주부,고졸(대학 재학 포함),경상북도,1세대가족,기혼,맞벌이 하지 않음,300-400만원 미만,0.04619907601847963,0.03995711918916285,0.07451475904671652,0.020703933747412008,0.061986255221668236,0.09645061728395062,0.12528322004531522,3,0.10447761194029849,0.09394964299135664,0.33069792802617237,0.0,0.254071661237785,0.17355085039916693,0.1652173913043479,1.0
4D046038,남자,50대,기능원 및 관련 기능 종사자,대학교 졸업(전문대졸/대학원생 포함),대구광역시,1세대가족,기혼,맞벌이 함,400-500만원 미만,0.19739605207895844,0.10388850989182341,0.06142290547892317,0.1305728088336784,0.11474194852445763,0.15152391975308643,0.23457283753165403,0,0.6417910447761194,0.3404735062006764,0.22900763358778628,0.7796278158667971,0.5091205211726385,0.3717459215550156,0.5217391304347827,0.0
3C068010,여자,50대,판매 종사자,대학교 졸업(전문대졸/대학원생 포함),인천광역시,2세대가족,기혼,맞벌이 함,800-900만원 미만,0.06614867702645948,0.1092486112464672,0.1385700747604507,0.1285024154589372,0.05396846786147419,0.09548611111111112,0.14260962281753967,0,0.17537313432835822,0.36114242765877486,0.8282442748091604,0.7649363369245838,0.21530944625407167,0.17007983339118363,0.2217391304347827,0.0
1K000675,여자,60대 이상,판매 종사자,고졸(대학 재학 포함),전라북도,1세대가족,기혼,맞벌이 함,300-400만원 미만,0.21965560688786223,0.1774680830328428,0.06647713312976028,0.136783988957902,0.09473116830615819,0.10542052469135803,0.25856324137011866,2,0.7208955223880595,0.6242014280345735,0.2682660850599782,0.8237022526934379,0.41237785016286643,0.205831308573412,0.6000000000000001,0.6666666666666666
1B000264,여자,50대,주부,대학교 졸업(전문대졸/대학원생 포함),부산광역시,1세대가족,기혼,맞벌이 하지 않음,400-500만원 미만,0.24212515749685007,0.17356982750219277,0.05759713593766452,0.1450655624568668,0.10012127745586848,0.1316550925925926,0.2642942822870852,3,0.8007462686567164,0.6091694851559564,0.19929116684841872,0.8824681684622917,0.43843648208469055,0.30024297119055876,0.6186956521739131,1.0
3I222054,여자,60대 이상,주부,중졸 이하,경상북도,1인 가구,미혼(사별/이혼 포함),맞벌이 하지 않음,200-300만원 미만,0.041999160016799666,0.03800799142383784,0.07125057035555088,0.020703933747412008,0.04851098234739253,0.10474537037037036,0.15727042516326803,1,0.08955223880597014,0.08643367155204812,0.30534351145038163,0.0,0.18892508143322478,0.20340159666782362,0.26956521739130435,0.3333333333333333
1K000698,남자,60대 이상,판매 종사자,중졸 이하,전라북도,1인 가구,미혼(사별/이혼 포함),맞벌이 하지 않음,600-700만원 미만,0.20222595548089037,0.13994737355033623,0.053806465199536704,0.12505175983436853,0.07397924807977362,0.09307484567901235,0.26256164200986276,1,0.6589552238805969,0.4795189778278842,0.16984732824427487,0.7404505386875613,0.3120521172638437,0.1614022908712253,0.6130434782608697,0.3333333333333333
1K000692,남자,50대,서비스 종사자,고졸(대학 재학 포함),전라북도,1세대가족,기혼,맞벌이 하지 않음,500-600만원 미만,0.21692566148677025,0.12679076113439236,0.053279983152574505,0.1285024154589372,0.09655033014418543,0.10127314814814815,0.273224043715847,2,0.7111940298507462,0.42878617061255164,0.16575790621592154,0.7649363369245838,0.42117263843648217,0.19090593543908366,0.6478260869565218,0.6666666666666666
1H001560,여자,50대,주부,고졸(대학 재학 포함),경기도,2세대가족,기혼,맞벌이 하지 않음,700-800만원 미만,0.1755564888702226,0.15407854984894262,0.10989435260257627,0.12022084195997239,0.15382023985985716,0.14448302469135804,0.18259362921498068,3,0.5641791044776119,0.5340097707628711,0.6055070883315159,0.7061704211557296,0.6980456026058632,0.34640749739673726,0.3521739130434782,1.0
1K000721,여자,60대 이상,주부,고졸(대학 재학 포함),전라북도,1세대가족,기혼,맞벌이 하지 않음,300-400만원 미만,0.20642587148257036,0.1297144527823799,0.06556456424835913,0.12574189095928226,0.08442258455733728,0.08969907407407408,0.28921764627482344,3,0.6738805970149253,0.4400601277715145,0.2611777535441657,0.7453476983349656,0.36254071661237786,0.1492537313432836,0.7000000000000001,1.0
3K193001,여자,50대,판매 종사자,고졸(대학 재학 포함),전라북도,1세대가족,기혼,맞벌이 함,500-600만원 미만,0.2574548509029819,0.14920573043563007,0.05363097118388264,0.12574189095928226,0.10638727934240669,0.12567515432098766,0.26389444222311076,2,0.8552238805970148,0.5152198421645998,0.1684841875681571,0.7453476983349656,0.46872964169381115,0.2787226657410622,0.6173913043478261,0.6666666666666666
1K000731,여자,60대 이상,판매 종사자,고졸(대학 재학 포함),전라북도,1세대가족,기혼,맞벌이 함,200-300만원 미만,0.1616967660646787,0.14433291102231752,0.056438875434347696,0.13402346445824706,0.07519202263845842,0.11120756172839506,0.27055844328935097,2,0.5149253731343283,0.4964299135663284,0.19029443838604151,0.8041136141038197,0.31791530944625407,0.22665741062131203,0.6391304347826088,0.6666666666666666
3K193008,여자,50대,판매 종사자,고졸(대학 재학 포함),전라북도,1세대가족,기혼,맞벌이 함,600-700만원 미만,0.19088618227635448,0.13458727219569244,0.056965357481309896,0.12298136645962732,0.0733728608004312,0.1097608024691358,0.27588964414234307,2,0.6186567164179104,0.4588500563697858,0.19438386041439484,0.7257590597453476,0.30912052117263844,0.22145088510933705,0.6565217391304348,0.6666666666666666
3K193006,여자,60대 이상,농림어업 숙련 종사자,대학교 졸업(전문대졸/대학원생 포함),전라북도,1세대가족,기혼,맞벌이 함,400-500만원 미만,0.22259554808903823,0.11850696813176104,0.0662665403109754,0.12505175983436853,0.08172752998248214,0.1169945987654321,0.30521124883379985,2,0.7313432835820896,0.39684329199549034,0.26663031624863687,0.7404505386875613,0.34951140065146585,0.24748351266921206,0.7521739130434784,0.6666666666666666
1E000606,여자,50대,사무 종사자,고졸(대학 재학 포함),대전광역시,2세대가족,기혼,맞벌이 함,600-700만원 미만,0.11318773624527509,0.197739011792223,0.045207258432487456,0.1305728088336784,0.03496833310874545,0.1875,0.22697587631614025,2,0.3425373134328357,0.7023675310033822,0.10305343511450385,0.7796278158667971,0.12345276872964168,0.5012148559527941,0.4969565217391305,0.6666666666666666
3C068016,여자,60대 이상,판매 종사자,고졸(대학 재학 포함),인천광역시,1세대가족,기혼,맞벌이 함,700-800만원 미만,0.05942881142377153,0.11022317512912971,0.1293741883401776,0.13954451345755692,0.052755693302789376,0.0935570987654321,0.1283486605357857,2,0.15149253731343282,0.3649004133784291,0.7568157033805888,0.8432908912830557,0.20944625407166123,0.1631377993752169,0.17521739130434785,0.6666666666666666
4B036006,여자,60대 이상,판매 종사자,고졸(대학 재학 포함),부산광역시,1세대가족,기혼,맞벌이 함,300-400만원 미만,0.19676606467870644,0.14140921937433,0.09901372363202415,0.13954451345755692,0.1207384449535103,0.18807870370370372,0.2602958816473411,2,0.6395522388059701,0.48515595640736564,0.5209923664122137,0.8432908912830557,0.5381107491856678,0.5032974661575842,0.6056521739130435,0.6666666666666666
4K193025,여자,50대,서비스 종사자,고졸(대학 재학 포함),전라북도,1세대가족,기혼,맞벌이 함,300-400만원 미만,0.20600587988240235,0.14433291102231752,0.06538907023270507,0.12574189095928226,0.08853254278399138,0.1242283950617284,0.2536318805811009,2,0.6723880597014925,0.4964299135663284,0.25981461286804797,0.7453476983349656,0.38241042345276877,0.2735161402290871,0.583913043478261,0.6666666666666666
4C065044,여자,40대,판매 종사자,대학교 졸업(전문대졸/대학원생 포함),인천광역시,1인 가구,미혼(사별/이혼 포함),맞벌이 하지 않음,300-400만원 미만,0.16589668206635869,0.16314199395770396,0.10936787055561406,0.13402346445824706,0.1433769033822935,0.1232638888888889,0.1052912168465947,1,0.5298507462686567,0.5689590379556558,0.6014176663031625,0.8041136141038197,0.6475570032573291,0.27004512322110374,0.1,0.3333333333333333
4I206003,남자,40대,판매 종사자,대학교 졸업(전문대졸/대학원생 포함),경상북도,1세대가족,미혼(사별/이혼 포함),맞벌이 하지 않음,300-400만원 미만,0.15812683746325074,0.2106032550433681,0.05549120774981573,0.14230503795721186,0.05983021156178412,0.17004243827160495,0.194588831134213,1,0.5022388059701492,0.7519729425028184,0.18293347873500546,0.8628795298726737,0.24364820846905538,0.4383894481082957,0.3913043478260869,0.3333333333333333
1N000464,여자,30대,사무 종사자,대학교 졸업(전문대졸/대학원생 포함),충청남도,1인 가구,미혼(사별/이혼 포함),맞벌이 하지 않음,300-400만원 미만,0.10142797144057118,0.2515349381151935,0.08595696886736162,0.14782608695652172,0.049386875084220454,0.11921296296296297,0.14660802345728377,1,0.30074626865671633,0.9098083427282978,0.4195747001090512,0.9020568070519097,0.19315960912052121,0.2554668517875738,0.23478260869565223,0.3333333333333333
1K000770,여자,60대 이상,농림어업 숙련 종사자,중졸 이하,전라북도,1세대가족,기혼,맞벌이 함,400-500만원 미만,0.19277614447711044,0.1560276776142676,0.07346179495279212,0.1285024154589372,0.08988007007141895,0.10734953703703703,0.27189124350259897,2,0.6253731343283581,0.5415257422021795,0.3225190839694657,0.7649363369245838,0.3889250814332248,0.21277334258937866,0.6434782608695653,0.6666666666666666
4B036003,여자,40대,판매 종사자,대학교 졸업(전문대졸/대학원생 포함),부산광역시,2세대가족,기혼,맞벌이 함,500-600만원 미만,0.2005459890802184,0.24178929928856838,0.08076234600400127,0.1450655624568668,0.0746530117234874,0.16743827160493827,0.21191523390643743,0,0.6529850746268656,0.8722284855317549,0.3792257360959651,0.8824681684622917,0.3153094462540717,0.4290177021867406,0.4478260869565217,0.0
1K000775,남자,60대 이상,기능원 및 관련 기능 종사자,고졸(대학 재학 포함),전라북도,1세대가족,기혼,맞벌이 함,400-500만원 미만,0.14510709785804282,0.13751096384367997,0.06170369590396968,0.136783988957902,0.06292952432286754,0.11834490740740741,0.2612288417966147,2,0.4559701492537312,0.47012401352874866,0.23118865866957475,0.8237022526934379,0.25863192182410427,0.25234293648038875,0.6086956521739131,0.6666666666666666
1K000787,여자,60대 이상,농림어업 숙련 종사자,중졸 이하,전라북도,1세대가족,기혼,맞벌이 함,300-400만원 미만,0.16862662746745066,0.1511548582009551,0.06065073181004528,0.13126293995859212,0.06791537528634954,0.10734953703703703,0.27189124350259897,2,0.5395522388059701,0.5227358136039083,0.22300981461286803,0.7845249755142016,0.2827361563517915,0.21277334258937866,0.6434782608695653,0.6666666666666666
3I222012,남자,40대,기능원 및 관련 기능 종사자,대학교 졸업(전문대졸/대학원생 포함),경상북도,1세대가족,미혼(사별/이혼 포함),맞벌이 하지 않음,300-400만원 미만,0.04724905501889962,0.12386706948640484,0.10561229862061704,0.13954451345755692,0.06791537528634954,0.22000385802469136,0.18126082900173265,1,0.10820895522388059,0.41751221345358885,0.572246455834242,0.8432908912830557,0.2827361563517915,0.6181881291218326,0.34782608695652173,0.3333333333333333
1K000799,남자,30대,사무 종사자,대학교 졸업(전문대졸/대학원생 포함),전라북도,1인 가구,미혼(사별/이혼 포함),맞벌이 하지 않음,200-300만원 미만,0.19277614447711044,0.1297144527823799,0.06275665999789408,0.12574189095928226,0.07519202263845842,0.1219135802469136,0.27762228441956555,1,0.6253731343283581,0.4400601277715145,0.2393675027262814,0.7453476983349656,0.31791530944625407,0.2651856994099272,0.6621739130434784,0.3333333333333333
4L201003,여자,60대 이상,주부,중졸 이하,전라남도,1세대가족,기혼,맞벌이 하지 않음,200-300만원 미만,0.14405711885762285,0.13137121138290617,0.08557088203292268,0.11980676328502415,0.08260342271931007,0.1804591049382716,0.194588831134213,3,0.45223880597014915,0.4464487034949267,0.4165757906215921,0.7032321253672869,0.3537459283387622,0.4758764317945158,0.3913043478260869,1.0
3K194001,여자,60대 이상,서비스 종사자,대학교 졸업(전문대졸/대학원생 포함),전라북도,1세대가족,기혼,맞벌이 함,400-500만원 미만,0.1871062578748425,0.143358347139655,0.060299743778737154,0.12022084195997239,0.07640479719714324,0.11709104938271606,0.24656803945088632,2,0.6052238805970148,0.49267192784667413,0.22028353326063257,0.7061704211557296,0.3237785016286645,0.24783061437001044,0.5608695652173913,0.6666666666666666
3K194002,여자,50대,주부,고졸(대학 재학 포함),전라북도,1세대가족,기혼,맞벌이 하지 않음,400-500만원 미만,0.1768164636707266,0.12386706948640484,0.07514653750307114,0.12022084195997239,0.10140142837892467,0.12403549382716049,0.2652272424363588,3,0.5686567164179104,0.41751221345358885,0.3356052344601962,0.7061704211557296,0.4446254071661238,0.27282193682749045,0.6217391304347827,1.0
4D046040,남자,40대,기능원 및 관련 기능 종사자,고졸(대학 재학 포함),대구광역시,1인 가구,미혼(사별/이혼 포함),맞벌이 하지 않음,300-400만원 미만,0.18269634607307855,0.10973589318779846,0.05826401319714998,0.1388543823326432,0.09836949198221263,0.16261574074074076,0.2492336398773824,1,0.5895522388059702,0.363021420518602,0.2044711014176663,0.8383937316356511,0.42996742671009774,0.41166261714682406,0.5695652173913044,0.3333333333333333
4B036009,여자,60대 이상,주부,중졸 이하,부산광역시,1세대가족,기혼,맞벌이 하지 않음,300-400만원 미만,0.23225535489290214,0.20992106032550437,0.07012740865536486,0.13126293995859212,0.09089071553698963,0.1388888888888889,0.2532320405171265,3,0.7656716417910446,0.7493423524990606,0.296619411123228,0.7845249755142016,0.3938110749185668,0.3262755987504339,0.582608695652174,1.0
1H001567,여자,30대,주부,대학교 졸업(전문대졸/대학원생 포함),경기도,2세대가족,기혼,맞벌이 하지 않음,300-400만원 미만,0.17513649727005462,0.17454439138485528,0.10111965181987295,0.12022084195997239,0.14688047432960516,0.1335841049382716,0.13328002132480343,3,0.5626865671641791,0.6129274708756106,0.5373500545256271,0.7061704211557296,0.6644951140065146,0.3071850052065255,0.19130434782608705,1.0
3K194004,여자,50대,서비스 종사자,대학교 졸업(전문대졸/대학원생 포함),전라북도,1세대가족,기혼,맞벌이 함,400-500만원 미만,0.1749265014699706,0.16284962479290518,0.06205468393527781,0.12298136645962732,0.08327718636302385,0.11728395061728394,0.20525123284019728,0,0.5619402985074626,0.5678316422397595,0.23391494002181026,0.7257590597453476,0.35700325732899024,0.24852481777160704,0.4260869565217392,0.0
1K000777,여자,60대 이상,주부,고졸(대학 재학 포함),전라북도,1세대가족,기혼,맞벌이 하지 않음,400-500만원 미만,0.1616967660646787,0.14530747490498003,0.06644203432662947,0.12574189095928226,0.06825225710820644,0.1084104938271605,0.26656004264960687,3,0.5149253731343283,0.5001878992859827,0.2679934569247546,0.7453476983349656,0.28436482084690556,0.2165914612981604,0.6260869565217393,1.0
4L201019,여자,60대 이상,주부,중졸 이하,전라남도,1인 가구,미혼(사별/이혼 포함),맞벌이 하지 않음,100만원 미만,0.14258714825703486,0.12581619725172985,0.059246779684812755,0.13954451345755692,0.08819566096213448,0.15866126543209877,0.21191523390643743,1,0.4470149253731343,0.42502818489289734,0.21210468920392586,0.8432908912830557,0.38078175895765476,0.3974314474140923,0.4478260869565217,0.3333333333333333
1N000432,여자,50대,판매 종사자,고졸(대학 재학 포함),충청남도,1세대가족,기혼,맞벌이 함,400-500만원 미만,0.1755564888702226,0.16041321508624892,0.07205784282755959,0.13609385783298825,0.0852984772941652,0.10609567901234568,0.2056510729041717,2,0.5641791044776119,0.5584366779406238,0.31161395856052343,0.8188050930460331,0.3667752442996743,0.20826102047900033,0.42739130434782624,0.6666666666666666
4D046044,여자,50대,서비스 종사자,대학교 졸업(전문대졸/대학원생 포함),대구광역시,2세대가족,기혼,맞벌이 함,500-600만원 미만,0.1868962620747585,0.11412143065977975,0.05896598925976625,0.1450655624568668,0.10530925751246463,0.15798611111111113,0.2492336398773824,0,0.6044776119402985,0.3799323562570462,0.20992366412213745,0.8824681684622917,0.4635179153094463,0.39500173550850404,0.5695652173913044,0.0
1H001602,남자,50대,판매 종사자,고졸(대학 재학 포함),경기도,1인 가구,미혼(사별/이혼 포함),맞벌이 하지 않음,500-600만원 미만,0.18731625367492652,0.18234090244615536,0.10849040047734373,0.12574189095928226,0.14277051610295108,0.14207175925925927,0.12395041983206719,1,0.6059701492537314,0.6429913566328448,0.5946019629225736,0.7453476983349656,0.6446254071661238,0.3377299548767789,0.16086956521739135,0.3333333333333333
4K194038,여자,60대 이상,농림어업 숙련 종사자,고졸(대학 재학 포함),전라북도,1세대가족,기혼,맞벌이 함,200-300만원 미만,0.14132717345653087,0.16187506091024267,0.04590923449510372,0.1285024154589372,0.0608408570273548,0.11902006172839508,0.21591363454618154,2,0.4425373134328357,0.5640736565201052,0.10850599781897494,0.7649363369245838,0.2485342019543974,0.25477264838597713,0.4608695652173913,0.6666666666666666
1E000608,여자,50대,사무 종사자,고졸(대학 재학 포함),대전광역시,2세대가족,기혼,맞벌이 함,500-600만원 미만,0.05354892902141957,0.21839976610466819,0.06949563019901021,0.1533471359558316,0.0272874275704083,0.19415509259259262,0.22524323603891777,2,0.13059701492537312,0.7820368282600526,0.29171210468920383,0.9412340842311457,0.08631921824104234,0.5251648733078792,0.491304347826087,0.6666666666666666
4L201042,여자,50대,농림어업 숙련 종사자,고졸(대학 재학 포함),전라남도,1세대가족,기혼,맞벌이 함,400-500만원 미만,0.1497270054598908,0.1511548582009551,0.0824119897511495,0.15058661145617666,0.07970623905134079,0.17650462962962965,0.2412368385978942,2,0.4723880597014924,0.5227358136039083,0.39203925845147225,0.9216454456415277,0.3397394136807818,0.46164526206178413,0.5434782608695653,0.6666666666666666
1E000623,남자,30대,사무 종사자,대학교 졸업(전문대졸/대학원생 포함),대전광역시,1인 가구,미혼(사별/이혼 포함),맞벌이 하지 않음,300-400만원 미만,0.06089878202435951,0.229607250755287,0.039661647537818964,0.14437543133195307,0.022234200242554913,0.2040895061728395,0.18392642942822873,1,0.15671641791044771,0.8252536640360766,0.05997818974918215,0.8775710088148874,0.06188925081433226,0.5609163484901075,0.35652173913043483,0.3333333333333333
4C065036,여자,60대 이상,서비스 종사자,고졸(대학 재학 포함),인천광역시,1세대가족,기혼,맞벌이 함,600-700만원 미만,0.19382612347753045,0.1496930123769613,0.1068407567301955,0.11677018633540372,0.1493060234469748,0.1396604938271605,0.09462881514061043,2,0.6291044776119402,0.5170988350244269,0.5817884405670665,0.681684622918707,0.6762214983713356,0.3290524123568206,0.06521739130434787,0.6666666666666666
3H123001,여자,30대,사무 종사자,대학교 졸업(전문대졸/대학원생 포함),경기도,1인 가구,미혼(사별/이혼 포함),맞벌이 하지 않음,200-300만원 미만,0.09869802603947922,0.1243543514277361,0.05510512091537679,0.11953071083505866,0.08017787360194044,0.10310570987654322,0.19725443156070907,1,0.29104477611940294,0.419391206313416,0.1799345692475464,0.701273261508325,0.3420195439739414,0.197500867754252,0.4,0.3333333333333333
1E000625,여자,60대 이상,주부,고졸(대학 재학 포함),대전광역시,1세대가족,기혼,맞벌이 하지 않음,300-400만원 미만,0.0377992440151197,0.20621771757138682,0.0389596714752027,0.1388543823326432,0.013475272874275704,0.18344907407407407,0.20125283220045317,3,0.0746268656716418,0.7350620067643743,0.054525627044711006,0.8383937316356511,0.019543973941368073,0.48663658451926406,0.4130434782608696,1.0
4B036012,여자,50대,판매 종사자,대학교 졸업(전문대졸/대학원생 포함),부산광역시,2세대가족,기혼,맞벌이 함,500-600만원 미만,0.1868962620747585,0.12386706948640484,0.08785230423642554,0.13954451345755692,0.10908233391726183,0.14641203703703706,0.3158736505397841,0,0.6044776119402985,0.41751221345358885,0.4342966194111232,0.8432908912830557,0.4817589576547232,0.353349531412704,0.7869565217391304,0.0
4L201039,여자,60대 이상,주부,중졸 이하,전라남도,1인 가구,미혼(사별/이혼 포함),맞벌이 하지 않음,100만원 미만,0.12914741705165897,0.1316635805477049,0.0790074058474606,0.12298136645962732,0.07579840991780083,0.19608410493827164,0.23630547780887648,1,0.3992537313432835,0.447576099210823,0.3655943293347873,0.7257590597453476,0.3208469055374593,0.5321069073238459,0.5273913043478262,0.3333333333333333
1B000265,여자,40대,서비스 종사자,대학교 졸업(전문대졸/대학원생 포함),부산광역시,2세대가족,기혼,맞벌이 함,600-700만원 미만,0.24422511549769005,0.1560276776142676,0.07469025306237058,0.14230503795721186,0.12033418676728203,0.1259645061728395,0.26656004264960687,0,0.8082089552238805,0.5415257422021795,0.33206106870229013,0.8628795298726737,0.536156351791531,0.27976397084345705,0.6260869565217393,0.0
3I222060,여자,60대 이상,서비스 종사자,중졸 이하,경상북도,1인 가구,미혼(사별/이혼 포함),맞벌이 하지 않음,100-200만원 미만,0.0503989920201596,0.05749926907708801,0.07381278298410025,0.023464458247066944,0.06333378250909581,0.11795910493827161,0.15593762495002,1,0.11940298507462686,0.1615933859451334,0.32524536532170123,0.01958863858961804,0.2605863192182411,0.25095452967719545,0.26521739130434785,0.3333333333333333
4D046004,여자,60대 이상,주부,고졸(대학 재학 포함),대구광역시,1세대가족,기혼,맞벌이 하지 않음,200-300만원 미만,0.18269634607307855,0.11801968619042978,0.0649327857920045,0.15058661145617666,0.10712841935049185,0.17158564814814817,0.23457283753165403,3,0.5895522388059702,0.3949642991356632,0.2562704471101418,0.9216454456415277,0.4723127035830619,0.44394307532106914,0.5217391304347827,1.0
3L199015,여자,60대 이상,주부,고졸(대학 재학 포함),전라남도,1세대가족,기혼,맞벌이 하지 않음,200-300만원 미만,0.016799664006719867,0.12922717084104865,0.07486574707802465,0.12739820565907523,0.024255491173696266,0.19386574074074076,0.2692256430761029,3,0.0,0.43818113491168736,0.3334242093784079,0.7571008814887366,0.07166123778501629,0.5241235682054842,0.6347826086956523,1.0
3O144002,여자,60대 이상,주부,고졸(대학 재학 포함),강원도,1세대가족,기혼,맞벌이 하지 않음,400-500만원 미만,0.06929861402771945,0.1092486112464672,0.13828928433540416,0.13126293995859212,0.05093653146476216,0.09162808641975309,0.12395041983206719,3,0.18656716417910446,0.36114242765877486,0.8260632497273718,0.7845249755142016,0.2006514657980456,0.15619576535925025,0.16086956521739135,1.0
4L201034,여자,60대 이상,농림어업 숙련 종사자,고졸(대학 재학 포함),전라남도,1세대가족,기혼,맞벌이 함,400-500만원 미만,0.14552708945821083,0.1979339245687555,0.06802148046751606,0.14230503795721186,0.07653954992588599,0.16174768518518517,0.1599360255897641,2,0.4574626865671641,0.703119128147313,0.28026172300981467,0.8628795298726737,0.3244299674267101,0.4085387018396389,0.27826086956521745,0.6666666666666666
3I222066,여자,50대,서비스 종사자,고졸(대학 재학 포함),경상북도,1인 가구,미혼(사별/이혼 포함),맞벌이 하지 않음,100-200만원 미만,0.06782864342713145,0.045804502485137906,0.07125057035555088,0.026224982746721876,0.05228405875218973,0.11959876543209877,0.15727042516326803,1,0.1813432835820895,0.11649755730928224,0.30534351145038163,0.03917727717923605,0.20716612377850163,0.2568552585907671,0.26956521739130435,0.3333333333333333
4D046046,여자,50대,서비스 종사자,대학교 졸업(전문대졸/대학원생 포함),대구광역시,1세대가족,기혼,맞벌이 함,400-500만원 미만,0.18269634607307855,0.11801968619042978,0.06738970201116141,0.15058661145617666,0.1204689394960248,0.16358024691358025,0.22790883646541385,0,0.5895522388059702,0.3949642991356632,0.2753544165757905,0.9216454456415277,0.5368078175895766,0.4151336341548073,0.5,0.0
4L201022,여자,60대 이상,주부,중졸 이하,전라남도,1인 가구,미혼(사별/이혼 포함),맞벌이 하지 않음,100-200만원 미만,0.12200755984880303,0.15865900009745643,0.07398827699975431,0.1336093857832988,0.06340115887346719,0.18094135802469136,0.23057443689190993,1,0.3738805970149253,0.5516723036452462,0.326608505997819,0.8011753183153769,0.26091205211726387,0.4776119402985074,0.5086956521739131,0.3333333333333333
1B000271,여자,60대 이상,주부,고졸(대학 재학 포함),부산광역시,1세대가족,기혼,맞벌이 하지 않음,200-300만원 미만,0.20915581688366233,0.2372088490400546,0.07999017233512337,0.136783988957902,0.07451825899474464,0.11381172839506173,0.20791683326669333,3,0.6835820895522388,0.85456595264938,0.37322791712104686,0.8237022526934379,0.31465798045602605,0.23602915654286707,0.4347826086956522,1.0
3H123002,남자,30대,사무 종사자,대학교 졸업(전문대졸/대학원생 포함),경기도,1인 가구,미혼(사별/이혼 포함),맞벌이 하지 않음,300-400만원 미만,0.10352792944141116,0.14803625377643506,0.053701168790144256,0.11953071083505866,0.08038000269505458,0.08130787037037038,0.1909902705584433,1,0.3082089552238805,0.5107102593010147,0.16902944383860416,0.701273261508325,0.3429967426710098,0.11905588337382858,0.37956521739130444,0.3333333333333333
4L201031,여자,60대 이상,주부,중졸 이하,전라남도,1인 가구,미혼(사별/이혼 포함),맞벌이 하지 않음,100-200만원 미만,0.1360772784544309,0.15865900009745643,0.07644519321891124,0.13636991028295375,0.08004312087319768,0.1945408950617284,0.18925763028122086,1,0.42388059701492525,0.5516723036452462,0.3456924754634678,0.8207639569049949,0.34136807817589576,0.5265532801110725,0.37391304347826093,0.3333333333333333
3L197007,여자,50대,서비스 종사자,고졸(대학 재학 포함),전라남도,1인 가구,미혼(사별/이혼 포함),맞벌이 하지 않음,200-300만원 미만,0.15749685006299874,0.13185849332423744,0.07065389070232705,0.13844030365769497,0.08260342271931007,0.11670524691358025,0.26656004264960687,1,0.49999999999999994,0.4483276963547539,0.30070883315158126,0.8354554358472086,0.3537459283387622,0.2464422075668171,0.6260869565217393,0.3333333333333333
4D046048,여자,50대,판매 종사자,대학교 졸업(전문대졸/대학원생 포함),대구광역시,1인 가구,미혼(사별/이혼 포함),맞벌이 하지 않음,300-400만원 미만,0.16148677026459474,0.1136341487184485,0.06738970201116141,0.14437543133195307,0.11197951758523109,0.1726466049382716,0.22524323603891777,1,0.514179104477612,0.37805336339721907,0.2753544165757905,0.8775710088148874,0.4957654723127035,0.4477611940298507,0.491304347826087,0.3333333333333333
1H000691,남자,30대,사무 종사자,대학교 졸업(전문대졸/대학원생 포함),경기도,1인 가구,미혼(사별/이혼 포함),맞벌이 하지 않음,300-400만원 미만,0.09869802603947922,0.12854497612318488,0.052648204696219864,0.11953071083505866,0.07411400080851636,0.0951003086419753,0.2145808343329335,1,0.29104477611940294,0.4355505449079293,0.1608505997818975,0.701273261508325,0.3127035830618892,0.16869142658799027,0.4565217391304348,0.3333333333333333
1E000638,여자,20대,사무 종사자,고졸(대학 재학 포함),대전광역시,1인 가구,미혼(사별/이혼 포함),맞벌이 하지 않음,200-300만원 미만,0.041999160016799666,0.1828281843874866,0.04141658769435962,0.12505175983436853,0.013475272874275704,0.2758487654320988,0.2256430761028922,1,0.08955223880597014,0.6448703494926719,0.07360959651035989,0.7404505386875613,0.019543973941368073,0.819160013884068,0.4926086956521739,0.3333333333333333
1B000275,여자,60대 이상,판매 종사자,고졸(대학 재학 포함),부산광역시,1세대가족,기혼,맞벌이 함,300-400만원 미만,0.2568248635027299,0.2193743299873307,0.06138780667579236,0.14230503795721186,0.09270987737501683,0.1605902777777778,0.22790883646541385,2,0.8529850746268656,0.7857948139797069,0.22873500545256273,0.8628795298726737,0.4026058631921824,0.404373481430059,0.5,0.6666666666666666
3L197028,여자,60대 이상,사무 종사자,대학교 졸업(전문대졸/대학원생 포함),전라남도,2세대가족,미혼(사별/이혼 포함),맞벌이 하지 않음,500-600만원 미만,0.2001259974800504,0.1503752070948251,0.056965357481309896,0.12739820565907523,0.06757849346449266,0.11670524691358025,0.2802878848460616,1,0.6514925373134327,0.519729425028185,0.19438386041439484,0.7571008814887366,0.28110749185667755,0.2464422075668171,0.6708695652173914,0.3333333333333333
4L201025,여자,60대 이상,농림어업 숙련 종사자,중졸 이하,전라남도,1세대가족,기혼,맞벌이 함,400-500만원 미만,0.16148677026459474,0.19111197739011793,0.08602716647362325,0.14230503795721186,0.09695458833041369,0.1732253086419753,0.20391843262694923,2,0.514179104477612,0.6768132281097331,0.4201199563794984,0.8628795298726737,0.42312703583061895,0.44984380423464065,0.4217391304347826,0.6666666666666666
4Q110021,여자,60대 이상,서비스 종사자,중졸 이하,세종특별자치시,1세대가족,기혼,맞벌이 함,500-600만원 미만,0.2135657286854263,0.16021830230971643,0.07346179495279212,0.1450655624568668,0.10153618110766742,0.24614197530864199,0.26789284286285486,2,0.6992537313432836,0.557685080796693,0.3225190839694657,0.8824681684622917,0.4452768729641694,0.7122526900381811,0.6304347826086957,0.6666666666666666
1D000128,여자,50대,사무 종사자,대학교 졸업(전문대졸/대학원생 포함),대구광역시,1세대가족,기혼,맞벌이 함,500-600만원 미만,0.16001679966400673,0.1136341487184485,0.07511143869994033,0.14437543133195307,0.11622422854062794,0.17139274691358025,0.20125283220045317,0,0.508955223880597,0.37805336339721907,0.33533260632497264,0.8775710088148874,0.5162866449511401,0.4432488719194724,0.4130434782608696,0.0
1H000749,여자,50대,주부,대학교 졸업(전문대졸/대학원생 포함),경기도,2세대가족,기혼,맞벌이 하지 않음,500-600만원 미만,0.16862662746745066,0.13020173472371113,0.07802463935979784,0.11124913733609385,0.09897587926155504,0.10223765432098766,0.2065840330534453,3,0.5395522388059701,0.44193912063134155,0.35796074154852786,0.642507345739471,0.432899022801303,0.19437695244706701,0.4304347826086957,1.0
1H000696,여자,40대,사무 종사자,대학교 졸업(전문대졸/대학원생 포함),경기도,2세대가족,기혼,맞벌이 함,700-800만원 미만,0.19655606887862243,0.1457947568463113,0.0787266154224141,0.12781228433402345,0.10187306292952432,0.12143132716049383,0.2145808343329335,0,0.6388059701492537,0.5020668921458099,0.3634133042529989,0.7600391772771791,0.4469055374592834,0.26345019090593547,0.4565217391304348,0.0
1H000970,여자,50대,서비스 종사자,고졸(대학 재학 포함),경기도,2세대가족,기혼,맞벌이 함,500-600만원 미만,0.11528769424611508,0.16626059838222396,0.06924993857709452,0.12505175983436853,0.05518124242015901,0.18721064814814814,0.23057443689190993,2,0.3499999999999999,0.5809845922585494,0.28980370774263897,0.7404505386875613,0.2211726384364821,0.500173550850399,0.5086956521739131,0.6666666666666666
1I000685,여자,50대,서비스 종사자,고졸(대학 재학 포함),경상북도,1인 가구,미혼(사별/이혼 포함),맞벌이 하지 않음,300-400만원 미만,0.14111717765644688,0.12191794172107982,0.06584535467340563,0.13126293995859212,0.09109284463010375,0.17312885802469136,0.2256430761028922,1,0.44179104477611936,0.4099962420142803,0.26335877862595414,0.7845249755142016,0.3947882736156352,0.44949670253384233,0.4926086956521739,0.3333333333333333
3E096001,남자,60대 이상,사무 종사자,고졸(대학 재학 포함),대전광역시,1세대가족,기혼,맞벌이 함,500-600만원 미만,0.05984880302393952,0.18994250073092295,0.06563476185462076,0.12229123533471359,0.03085837488209136,0.2166280864197531,0.25056644009063045,2,0.15298507462686567,0.6723036452461482,0.26172300981461283,0.720861900097943,0.1035830618892508,0.6060395695938909,0.573913043478261,0.6666666666666666
4Q110024,여자,60대 이상,주부,중졸 이하,세종특별자치시,1세대가족,기혼,맞벌이 하지 않음,400-500만원 미만,0.19886602267954642,0.15534548289640387,0.0792530974693763,0.14782608695652172,0.10456811750437946,0.26369598765432095,0.2492336398773824,3,0.6470149253731343,0.5388951521984217,0.36750272628135217,0.9020568070519097,0.45993485342019547,0.7754251995834778,0.5695652173913044,1.0
1D000124,여자,50대,사무 종사자,대학교 졸업(전문대졸/대학원생 포함),대구광역시,1세대가족,기혼,맞벌이 함,600-700만원 미만,0.1860562788744225,0.11801968619042978,0.07195254641816715,0.15058661145617666,0.11986255221668239,0.16618441358024694,0.21324803411968546,0,0.6014925373134328,0.3949642991356632,0.3107960741548528,0.9216454456415277,0.5338762214983714,0.4245053800763624,0.4521739130434782,0.0
4D060048,여자,60대 이상,주부,고졸(대학 재학 포함),대구광역시,1세대가족,기혼,맞벌이 하지 않음,100-200만원 미만,0.1652666946661067,0.15261670402494884,0.05019128847706293,0.12505175983436853,0.051677671472847325,0.3070023148148148,0.25856324137011866,3,0.5276119402985074,0.5283727921833896,0.14176663031624862,0.7404505386875613,0.20423452768729644,0.9312738632419297,0.6000000000000001,1.0
1H000700,여자,30대,사무 종사자,대학교 졸업(전문대졸/대학원생 포함),경기도,1인 가구,미혼(사별/이혼 포함),맞벌이 하지 않음,300-400만원 미만,0.16022679546409072,0.13507455413702368,0.05124425257098733,0.12505175983436853,0.08307505726990971,0.12625385802469136,0.23190723710515795,1,0.5097014925373133,0.4607290492296129,0.14994547437295527,0.7404505386875613,0.3560260586319218,0.28080527594585214,0.5130434782608696,0.3333333333333333
1H000974,여자,60대 이상,판매 종사자,고졸(대학 재학 포함),경기도,1세대가족,미혼(사별/이혼 포함),맞벌이 하지 않음,400-500만원 미만,0.06719865602687947,0.12337978754507359,0.06503808220139694,0.11953071083505866,0.044468400485109826,0.19425154320987656,0.24390243902439027,1,0.17910447761194026,0.41563322059376173,0.25708833151581245,0.701273261508325,0.1693811074918567,0.5255119750086775,0.5521739130434783,0.3333333333333333
3L197070,여자,60대 이상,주부,고졸(대학 재학 포함),전라남도,1세대가족,기혼,맞벌이 하지 않음,200-300만원 미만,0.123897522049559,0.11753240424909853,0.06528377382331263,0.12463768115942028,0.06535507344023717,0.12085262345679013,0.2385712381713981,3,0.38059701492537307,0.3930853062758361,0.2589967284623773,0.7375122428991185,0.2703583061889251,0.2613675807011454,0.5347826086956522,1.0
3E096002,여자,50대,사무 종사자,대학교 졸업(전문대졸/대학원생 포함),대전광역시,2세대가족,기혼,맞벌이 함,700-800만원 미만,0.029399412011759767,0.20816684533671184,0.037555719349970165,0.14161490683229813,0.009432691011992993,0.16493055555555555,0.2056510729041717,0,0.04477611940298508,0.7425779782036829,0.04362050163576878,0.8579823702252691,0.0,0.41999305796598396,0.42739130434782624,0.0
1H000703,여자,60대 이상,주부,대학교 졸업(전문대졸/대학원생 포함),경기도,1세대가족,기혼,맞벌이 하지 않음,300-400만원 미만,0.15539689206215876,0.14287106519832377,0.07451475904671652,0.11953071083505866,0.09048645735076136,0.11120756172839506,0.194588831134213,3,0.49253731343283574,0.49079293498684706,0.33069792802617237,0.701273261508325,0.39185667752443004,0.22665741062131203,0.3913043478260869,1.0
3I214008,남자,60대 이상,단순노무 종사자,고졸(대학 재학 포함),경상북도,1세대가족,기혼,맞벌이 하지 않음,400-500만원 미만,0.16862662746745066,0.12484163336906735,0.07612930399073392,0.12574189095928226,0.09655033014418543,0.15287422839506173,0.1639344262295082,3,0.5395522388059701,0.42127019917324315,0.34323882224645585,0.7453476983349656,0.42117263843648217,0.3766053453661923,0.29130434782608694,1.0
4Q110015,여자,50대,판매 종사자,고졸(대학 재학 포함),세종특별자치시,1세대가족,기혼,맞벌이 함,600-700만원 미만,0.19277614447711044,0.19598479680343048,0.06521357621705101,0.13954451345755692,0.08273817544805281,0.23996913580246915,0.20391843262694923,2,0.6253731343283581,0.6956031567080044,0.2584514721919303,0.8432908912830557,0.3543973941368078,0.6900381811870878,0.4217391304347826,0.6666666666666666
1H000732,여자,40대,판매 종사자,대학교 졸업(전문대졸/대학원생 포함),경기도,1인 가구,미혼(사별/이혼 포함),맞벌이 하지 않음,300-400만원 미만,0.14132717345653087,0.15261670402494884,0.06935523498648696,0.12505175983436853,0.06959978439563401,0.12789351851851852,0.22391043582566975,1,0.4425373134328357,0.5283727921833896,0.29062159214830974,0.7404505386875613,0.2908794788273616,0.28670600485942377,0.4869565217391305,0.3333333333333333
3E096005,여자,60대 이상,단순노무 종사자,고졸(대학 재학 포함),대전광역시,1세대가족,기혼,맞벌이 함,500-600만원 미만,0.07979840403191936,0.17844264691550532,0.0766206872345653,0.13402346445824706,0.037730764047971974,0.18740354938271606,0.2572304411568706,2,0.2238805970149253,0.6279594137542277,0.3470556161395856,0.8041136141038197,0.13680781758957655,0.5008677542519958,0.5956521739130435,0.6666666666666666
4D060060,여자,50대,주부,고졸(대학 재학 포함),대구광역시,2세대가족,기혼,맞벌이 하지 않음,100-200만원 미만,0.1871062578748425,0.17210798167819902,0.0402934259941736,0.12781228433402345,0.06171674976418272,0.2847222222222222,0.23324003731840598,3,0.6052238805970148,0.603532506576475,0.06488549618320608,0.7600391772771791,0.2527687296416938,0.8510933703575145,0.5173913043478261,1.0
1D000178,여자,40대,사무 종사자,대학교 졸업(전문대졸/대학원생 포함),대구광역시,2세대가족,기혼,맞벌이 함,500-600만원 미만,0.1637967240655187,0.1136341487184485,0.06879365413639395,0.14437543133195307,0.1113731303058887,0.16358024691358025,0.22790883646541385,0,0.5223880597014926,0.37805336339721907,0.2862595419847328,0.8775710088148874,0.49283387622149843,0.4151336341548073,0.5,0.0
1D000107,여자,50대,판매 종사자,고졸(대학 재학 포함),대구광역시,2세대가족,기혼,맞벌이 함,400-500만원 미만,0.15203695926081479,0.11022317512912971,0.09581973254712015,0.13954451345755692,0.11548308853254279,0.18248456790123457,0.11728641876582702,2,0.48059701492537305,0.3649004133784291,0.49618320610687017,0.8432908912830557,0.5127035830618893,0.4831655675112808,0.13913043478260875,0.6666666666666666
3I214056,남자,60대 이상,기능원 및 관련 기능 종사자,고졸(대학 재학 포함),경상북도,2세대가족,기혼,맞벌이 함,500-600만원 미만,0.13271734565308696,0.14823116655296756,0.08192060650731811,0.13402346445824706,0.07155369896240399,0.1615547839506173,0.21724643475942956,2,0.41194029850746267,0.5114618564449455,0.3882224645583424,0.8041136141038197,0.3003257328990228,0.40784449843804227,0.4652173913043478,0.6666666666666666
4A007013,여자,60대 이상,서비스 종사자,고졸(대학 재학 포함),서울특별시,1세대가족,기혼,맞벌이 함,"1,000만원 이상",0.10919781604367913,0.17162069973686775,0.11866905338527957,0.14230503795721186,0.08961056461393344,0.10638503086419754,0.10662401705984273,2,0.32835820895522383,0.6016535137166478,0.6736641221374046,0.8628795298726737,0.3876221498371336,0.20930232558139536,0.1043478260869565,0.6666666666666666
4D060042,여자,60대 이상,주부,중졸 이하,대구광역시,1인 가구,미혼(사별/이혼 포함),맞벌이 하지 않음,100만원 미만,0.20705585888282232,0.14384562908098628,0.059246779684812755,0.1305728088336784,0.06912814984503436,0.2328317901234568,0.28961748633879786,1,0.6761194029850744,0.4945509207065013,0.21210468920392586,0.7796278158667971,0.288599348534202,0.6643526553280111,0.7013043478260871,0.3333333333333333
4D060030,여자,60대 이상,주부,중졸 이하,대구광역시,1인 가구,미혼(사별/이혼 포함),맞벌이 하지 않음,100만원 미만,0.1591768164636707,0.1584640873209239,0.041767575725667756,0.13333333333333333,0.052418811480932484,0.24585262345679013,0.25056644009063045,1,0.5059701492537313,0.5509207065013153,0.07633587786259541,0.7992164544564153,0.20781758957654722,0.7112113849357861,0.573913043478261,0.3333333333333333
4D060018,남자,60대 이상,무직,중졸 이하,대구광역시,1인 가구,미혼(사별/이혼 포함),맞벌이 하지 않음,100만원 미만,0.18059638807223857,0.13897280966767372,0.03825769541258643,0.1305728088336784,0.0640075461528096,0.22183641975308643,0.25189924030387845,1,0.582089552238806,0.47576099210823,0.04907306434023992,0.7796278158667971,0.26384364820846906,0.624783061437001,0.5782608695652174,0.3333333333333333
3I214088,여자,50대,장치·기계 조작 및 조립 종사자,고졸(대학 재학 포함),경상북도,1세대가족,기혼,맞벌이 함,500-600만원 미만,0.18458630827383454,0.16577331644089272,0.05994875574742902,0.13126293995859212,0.09715671742352781,0.16107253086419754,0.16126882580301213,2,0.5962686567164179,0.5791055993987223,0.217557251908397,0.7845249755142016,0.42410423452768725,0.40610898993405065,0.28260869565217395,0.6666666666666666
1H002079,남자,30대,사무 종사자,대학교 졸업(전문대졸/대학원생 포함),경기도,1인 가구,미혼(사별/이혼 포함),맞벌이 하지 않음,300-400만원 미만,0.10499790004199916,0.15700224149693012,0.0421536625601067,0.1533471359558316,0.0454790459506805,0.17554012345679013,0.26389444222311076,1,0.31343283582089543,0.5452837279218339,0.07933478735005453,0.9412340842311457,0.17426710097719872,0.45817424505380067,0.6173913043478261,0.3333333333333333
4D060024,남자,60대 이상,단순노무 종사자,중졸 이하,대구광역시,1세대가족,기혼,맞벌이 하지 않음,100-200만원 미만,0.16778664426711468,0.11265958483578599,0.05057737531150188,0.1305728088336784,0.05383371513273144,0.26938657407407407,0.28162068505930965,3,0.5365671641791045,0.3742953776775648,0.14476553980370774,0.7796278158667971,0.21465798045602608,0.7959041999305796,0.675217391304348,1.0
1H002087,여자,40대,사무 종사자,대학교 졸업(전문대졸/대학원생 포함),경기도,2세대가족,기혼,맞벌이 함,600-700만원 미만,0.10562788744225116,0.1925738232141117,0.06531887262644344,0.14437543133195307,0.04365988411265328,0.18074845679012347,0.24790083966413437,0,0.31567164179104473,0.6824502066892146,0.25926935659760086,0.8775710088148874,0.1654723127035831,0.47691773689691075,0.5652173913043479,0.0
3O144003,여자,60대 이상,주부,중졸 이하,강원도,1세대가족,기혼,맞벌이 하지 않음,300-400만원 미만,0.12935741285174296,0.11314686677711724,0.14092169457021517,0.136783988957902,0.09897587926155504,0.08777006172839506,0.14700786352125816,3,0.3999999999999999,0.37617437053739194,0.8465103598691385,0.8237022526934379,0.432899022801303,0.14231169732731688,0.23608695652173914,1.0
4B032005,여자,30대,사무 종사자,대학교 졸업(전문대졸/대학원생 포함),부산광역시,1인 가구,미혼(사별/이혼 포함),맞벌이 하지 않음,300-400만원 미만,0.14510709785804282,0.1638241886755677,0.08708013056754765,0.14782608695652172,0.09122759735884652,0.11140046296296297,0.15327202452352393,1,0.4559701492537312,0.5715896279594137,0.42829880043620505,0.9020568070519097,0.3954397394136808,0.22735161402290874,0.25652173913043474,0.3333333333333333
4B032010,여자,30대,사무 종사자,대학원 졸업 이상,부산광역시,1세대가족,기혼,맞벌이 함,500-600만원 미만,0.1616967660646787,0.14725660267030505,0.09087080130567547,0.15058661145617666,0.11245115213583075,0.11574074074074074,0.18965747034519528,0,0.5149253731343283,0.5077038707252912,0.45774263904034884,0.9216454456415277,0.4980456026058633,0.24297119055883373,0.37521739130434795,0.0
1H002099,여자,60대 이상,주부,대학교 졸업(전문대졸/대학원생 포함),경기도,1세대가족,기혼,맞벌이 하지 않음,400-500만원 미만,0.08042839143217136,0.17581132443231656,0.03562528517777544,0.136783988957902,0.02715267484166554,0.15248842592592593,0.2452352392376383,3,0.2261194029850746,0.6178128523111612,0.028625954198473275,0.8237022526934379,0.08566775244299675,0.37521693856299887,0.5565217391304348,1.0
1B000180,여자,60대 이상,주부,고졸(대학 재학 포함),부산광역시,1세대가족,기혼,맞벌이 하지 않음,200-300만원 미만,0.14510709785804282,0.143358347139655,0.07384788178723106,0.13954451345755692,0.10658940843552081,0.14477237654320987,0.1985872317739571,3,0.4559701492537312,0.49267192784667413,0.3255179934569248,0.8432908912830557,0.4697068403908795,0.34744880249913224,0.4043478260869565,1.0
4A007016,여자,50대,주부,대학교 졸업(전문대졸/대학원생 포함),서울특별시,1인 가구,기혼,맞벌이 하지 않음,"900-1,000만원 미만",0.11864762704745906,0.15407854984894262,0.13000596679653223,0.13954451345755692,0.10140142837892467,0.10368441358024692,0.1012928162068506,3,0.3619402985074626,0.5340097707628711,0.7617230098146127,0.8432908912830557,0.4446254071661238,0.19958347795904205,0.08695652173913046,1.0
1O000005,여자,60대 이상,판매 종사자,고졸(대학 재학 포함),강원도,2세대가족,기혼,맞벌이 함,700-800만원 미만,0.1591768164636707,0.1092486112464672,0.13720122143834895,0.13126293995859212,0.07667430265462875,0.08777006172839506,0.11328801812608291,2,0.5059701492537313,0.36114242765877486,0.8176117775354416,0.7845249755142016,0.3250814332247557,0.14231169732731688,0.12608695652173915,0.6666666666666666
4A007019,여자,50대,판매 종사자,대학교 졸업(전문대졸/대학원생 포함),서울특별시,2세대가족,기혼,맞벌이 함,"1,000만원 이상",0.09029819403611929,0.18165870772829162,0.11596644554420694,0.1450655624568668,0.0683870098369492,0.1160300925925926,0.1212848194055711,0,0.26119402985074625,0.6403607666290869,0.6526717557251908,0.8824681684622917,0.2850162866449512,0.24401249566122876,0.15217391304347824,0.0
4A007022,여자,60대 이상,판매 종사자,대학교 졸업(전문대졸/대학원생 포함),서울특별시,1세대가족,기혼,맞벌이 함,"1,000만원 이상",0.09029819403611929,0.16284962479290518,0.12428486188620969,0.14230503795721186,0.08354669182050936,0.11477623456790124,0.12395041983206719,2,0.26119402985074625,0.5678316422397595,0.7172846237731734,0.8628795298726737,0.3583061889250814,0.23950017355085043,0.16086956521739135,0.6666666666666666
4Q111018,여자,50대,주부,고졸(대학 재학 포함),세종특별자치시,1세대가족,기혼,맞벌이 하지 않음,400-500만원 미만,0.19550608987820242,0.22619627716596824,0.0657400582640132,0.14230503795721186,0.08698288640344966,0.1922260802469136,0.2056510729041717,3,0.6350746268656715,0.8121007140172867,0.2625408942202836,0.8628795298726737,0.37491856677524427,0.5182228392919125,0.42739130434782624,1.0
4A007025,여자,40대,사무 종사자,대학교 졸업(전문대졸/대학원생 포함),서울특별시,1인 가구,미혼(사별/이혼 포함),맞벌이 하지 않음,400-500만원 미만,0.08084838303233935,0.16801481337101648,0.1269172721210207,0.1450655624568668,0.08354669182050936,0.10947145061728396,0.12035185925629749,1,0.2276119402985074,0.587748966553927,0.7377317339149401,0.8824681684622917,0.3583061889250814,0.22040958000694208,0.1491304347826087,0.3333333333333333
4Q111036,여자,40대,사무 종사자,대학교 졸업(전문대졸/대학원생 포함),세종특별자치시,2세대가족,기혼,맞벌이 함,400-500만원 미만,0.18332633347333052,0.19306110515544295,0.04257484819767646,0.1450655624568668,0.07229483897048915,0.1492091049382716,0.1936558709849394,0,0.5917910447761193,0.6843291995490417,0.08260632497273715,0.8824681684622917,0.3039087947882736,0.3634154807358556,0.38826086956521744,0.0
4A007033,여자,30대,사무 종사자,대학교 졸업(전문대졸/대학원생 포함),서울특별시,1인 가구,미혼(사별/이혼 포함),맞벌이 하지 않음,300-400만원 미만,0.08084838303233935,0.16801481337101648,0.11954652346354991,0.1450655624568668,0.0865786282172214,0.10831404320987655,0.11728641876582702,1,0.2276119402985074,0.587748966553927,0.6804798255179936,0.8824681684622917,0.37296416938110755,0.21624435959736202,0.13913043478260875,0.3333333333333333
4A007036,여자,40대,사무 종사자,대학교 졸업(전문대졸/대학원생 포함),서울특별시,1인 가구,미혼(사별/이혼 포함),맞벌이 하지 않음,400-500만원 미만,0.08084838303233935,0.1724003508429978,0.116141939559861,0.1388543823326432,0.0771459372052284,0.11168981481481481,0.12661602025856325,1,0.2276119402985074,0.6046599022923713,0.6540348964013085,0.8383937316356511,0.32736156351791534,0.2283929191253037,0.1695652173913044,0.3333333333333333
4A007039,여자,30대,주부,대학교 졸업(전문대졸/대학원생 포함),서울특별시,1세대가족,기혼,맞벌이 하지 않음,300-400만원 미만,0.10919781604367913,0.16187506091024267,0.12421466427994805,0.1450655624568668,0.09655033014418543,0.11844135802469136,0.1012928162068506,3,0.32835820895522383,0.5640736565201052,0.7167393675027263,0.8824681684622917,0.42117263843648217,0.25269003818118707,0.08695652173913046,1.0
4A007042,여자,60대 이상,주부,대학교 졸업(전문대졸/대학원생 포함),서울특별시,1세대가족,기혼,맞벌이 하지 않음,700-800만원 미만,0.11150776984460312,0.15407854984894262,0.12540802358639572,0.136783988957902,0.10503975205497912,0.11863425925925926,0.10968945755031322,3,0.3365671641791044,0.5340097707628711,0.7260087241003272,0.8237022526934379,0.4622149837133551,0.2533842415827837,0.11434782608695657,1.0
4A007045,여자,40대,주부,대학교 졸업(전문대졸/대학원생 포함),서울특별시,2세대가족,기혼,맞벌이 하지 않음,700-800만원 미만,0.14699706005879884,0.15992593314491765,0.13063774525288688,0.14782608695652172,0.11474194852445763,0.11140046296296297,0.12301745968279355,3,0.46268656716417905,0.5565576850807966,0.7666303162486369,0.9020568070519097,0.5091205211726385,0.22735161402290874,0.15782608695652176,1.0
1B000964,여자,60대 이상,주부,고졸(대학 재학 포함),부산광역시,1세대가족,기혼,맞벌이 하지 않음,400-500만원 미만,0.16442671146577068,0.09950297241984213,0.08216629812923379,0.11746031746031746,0.09655033014418543,0.1531635802469136,0.2652272424363588,3,0.5246268656716417,0.32356257046223225,0.3901308615049073,0.6865817825661116,0.42117263843648217,0.37764665046858725,0.6217391304347827,1.0
1B000971,여자,60대 이상,주부,고졸(대학 재학 포함),부산광역시,1세대가족,기혼,맞벌이 하지 않음,200-300만원 미만,0.1629567408651827,0.10145210018516714,0.09234495103716964,0.11746031746031746,0.09809998652472712,0.15895061728395063,0.2385712381713981,3,0.5194029850746268,0.33107854190154073,0.46919302071973823,0.6865817825661116,0.42866449511400656,0.3984727525164873,0.5347826086956522,1.0
1B000973,여자,60대 이상,주부,고졸(대학 재학 포함),부산광역시,1세대가족,기혼,맞벌이 하지 않음,200-300만원 미만,0.12809743805123897,0.09560471688919209,0.10480502614860834,0.11746031746031746,0.1273413286619054,0.14486882716049382,0.16126882580301213,3,0.39552238805970136,0.30853062758361516,0.5659760087241004,0.6865817825661116,0.5700325732899023,0.34779590419993045,0.28260869565217395,1.0
4B036015,여자,30대,주부,대학교 졸업(전문대졸/대학원생 포함),부산광역시,1세대가족,기혼,맞벌이 하지 않음,300-400만원 미만,0.18080638387232253,0.23984017152324336,0.07170685479625145,0.14230503795721186,0.0696671607600054,0.15576774691358025,0.20431827269092365,3,0.5828358208955222,0.8647125140924464,0.3088876772082879,0.8628795298726737,0.2912052117263844,0.38701839639014224,0.42304347826086963,1.0
4B036018,여자,60대 이상,판매 종사자,고졸(대학 재학 포함),부산광역시,1세대가족,기혼,맞벌이 함,400-500만원 미만,0.2393952120957581,0.24861124646720595,0.0707591871117195,0.14230503795721186,0.09028432825764722,0.1470871913580247,0.1976542716246835,2,0.7910447761194029,0.8985343855693348,0.3015267175572519,0.8628795298726737,0.3908794788273616,0.35577924331829225,0.40130434782608704,0.6666666666666666
4B036024,여자,30대,주부,대학교 졸업(전문대졸/대학원생 포함),부산광역시,1세대가족,기혼,맞벌이 하지 않음,300-400만원 미만,0.23225535489290214,0.1826332716109541,0.07311080692148399,0.13954451345755692,0.0805821317881687,0.14901620370370372,0.296281487405038,3,0.7656716417910446,0.644118752348741,0.3197928026172301,0.8432908912830557,0.34397394136807813,0.36272127733425896,0.7230434782608697,1.0
4B036030,여자,40대,판매 종사자,대학교 졸업(전문대졸/대학원생 포함),부산광역시,2세대가족,기혼,맞벌이 함,500-600만원 미만,0.19067618647627047,0.2310690965792808,0.06924993857709452,0.14230503795721186,0.07195795714863226,0.1470871913580247,0.22164467546314812,0,0.617910447761194,0.830890642615558,0.28980370774263897,0.8628795298726737,0.30228013029315964,0.35577924331829225,0.4795652173913044,0.0
4J233032,여자,40대,사무 종사자,대학교 졸업(전문대졸/대학원생 포함),경상남도,1세대가족,기혼,맞벌이 함,600-700만원 미만,0.17009659806803865,0.11314686677711724,0.11961672106981153,0.13126293995859212,0.13003638323676053,0.13435570987654322,0.10928961748633881,0,0.5447761194029851,0.37617437053739194,0.6810250817884406,0.7845249755142016,0.5830618892508144,0.3099618188129122,0.1130434782608696,0.0
3J224006,여자,60대 이상,주부,고졸(대학 재학 포함),경상남도,1세대가족,기혼,맞벌이 하지 않음,200-300만원 미만,0.05522889542209156,0.1638241886755677,0.1049805201642624,0.13126293995859212,0.059695458833041365,0.1295331790123457,0.12395041983206719,3,0.13656716417910447,0.5715896279594137,0.5673391494002181,0.7845249755142016,0.2429967426710098,0.2926067337729956,0.16086956521739135,1.0
4J233040,여자,40대,사무 종사자,대학교 졸업(전문대졸/대학원생 포함),경상남도,2세대가족,기혼,맞벌이 함,600-700만원 미만,0.17849643007139857,0.11704512230776729,0.12663648169597416,0.13402346445824706,0.1524727125724296,0.12712191358024694,0.11995201919232308,0,0.5746268656716417,0.39120631341600903,0.7355507088331515,0.8041136141038197,0.6915309446254072,0.28392919125303717,0.1478260869565218,0.0
4J233048,여자,60대 이상,주부,고졸(대학 재학 포함),경상남도,1세대가족,기혼,맞벌이 하지 않음,200-300만원 미만,0.1742965140697186,0.12289250560374233,0.12172264925766033,0.1450655624568668,0.1542918744104568,0.1413966049382716,0.12261761961881915,3,0.5597014925373134,0.4137542277339346,0.6973827699018539,0.8824681684622917,0.7003257328990229,0.33530024297119054,0.1565217391304348,1.0
3J235016,여자,30대,주부,대학교 졸업(전문대졸/대학원생 포함),경상남도,2세대가족,기혼,맞벌이 하지 않음,300-400만원 미만,0.2402351952960941,0.26128057694181855,0.055912393387385496,0.14230503795721186,0.08785877914027759,0.1657021604938272,0.1563374650139944,3,0.7940298507462686,0.9473881999248402,0.18620501635768813,0.8628795298726737,0.37915309446254075,0.4227698715723708,0.26652173913043475,1.0
3J224018,여자,60대 이상,서비스 종사자,고졸(대학 재학 포함),경상남도,1인 가구,미혼(사별/이혼 포함),맞벌이 하지 않음,100-200만원 미만,0.0503989920201596,0.13848552772634246,0.10613878066757923,0.12298136645962732,0.07680905538337152,0.12760416666666669,0.11062241769958683,1,0.11940298507462686,0.4738819992484028,0.5763358778625953,0.7257590597453476,0.32573289902280134,0.2856646997570289,0.1173913043478261,0.3333333333333333
4J227007,남자,60대 이상,무직,고졸(대학 재학 포함),경상남도,1세대가족,기혼,맞벌이 하지 않음,100-200만원 미만,0.16064678706425872,0.11899425007309229,0.12558351760204978,0.1450655624568668,0.15550464896914162,0.12278163580246913,0.11462081833933094,3,0.5111940298507462,0.3987222848553175,0.7273718647764449,0.8824681684622917,0.7061889250814333,0.2683096147171121,0.13043478260869565,1.0
4J227011,남자,30대,사무 종사자,대학교 졸업(전문대졸/대학원생 포함),경상남도,1인 가구,미혼(사별/이혼 포함),맞벌이 하지 않음,200-300만원 미만,0.1360772784544309,0.12094337783841731,0.12382857744550911,0.14230503795721186,0.1433769033822935,0.13532021604938274,0.12395041983206719,1,0.42388059701492525,0.40623825629462607,0.7137404580152672,0.8628795298726737,0.6475570032573291,0.31343283582089565,0.16086956521739135,0.3333333333333333
1E000350,여자,40대,사무 종사자,대학교 졸업(전문대졸/대학원생 포함),대전광역시,2세대가족,기혼,맞벌이 함,600-700만원 미만,0.19697606047879043,0.18039177468083034,0.08627285809553895,0.14230503795721186,0.1339442123703005,0.1597222222222222,0.1905904304944689,0,0.6402985074626866,0.6354753851935362,0.42202835332606325,0.8628795298726737,0.6019543973941368,0.4012495661228739,0.37826086956521743,0.0
1O000623,여자,60대 이상,단순노무 종사자,중졸 이하,강원도,1인 가구,미혼(사별/이혼 포함),맞벌이 하지 않음,200-300만원 미만,0.22742545149097018,0.13653639996101746,0.09954020567898636,0.1533471359558316,0.1524053362080582,0.17602237654320987,0.2612288417966147,1,0.7485074626865671,0.4663660278090943,0.5250817884405671,0.9412340842311457,0.6912052117263844,0.4599097535577924,0.6086956521739131,0.3333333333333333
4B028004,여자,60대 이상,서비스 종사자,고졸(대학 재학 포함),부산광역시,1세대가족,기혼,맞벌이 함,400-500만원 미만,0.06992860142797144,0.16236234285157394,0.08750131620511742,0.14161490683229813,0.04669182050936531,0.21325231481481483,0.2425696388111422,2,0.1888059701492537,0.5659526493799324,0.4315703380588878,0.8579823702252691,0.1801302931596091,0.5938910100659492,0.5478260869565217,0.6666666666666666
4B028008,여자,50대,판매 종사자,고졸(대학 재학 포함),부산광역시,1인 가구,미혼(사별/이혼 포함),맞벌이 하지 않음,200-300만원 미만,0.041999160016799666,0.1646038397816977,0.09894352602576252,0.1388543823326432,0.0363832367605444,0.19367283950617287,0.21591363454618154,1,0.08955223880597014,0.5745960165351371,0.5204471101417666,0.8383937316356511,0.13029315960912052,0.5234293648038876,0.4608695652173913,0.3333333333333333
4A004004,여자,30대,사무 종사자,대학교 졸업(전문대졸/대학원생 포함),서울특별시,2세대가족,기혼,맞벌이 함,500-600만원 미만,0.09029819403611929,0.21255238280869312,0.10262890035449791,0.1533471359558316,0.09385527556933028,0.1089891975308642,0.15060642409702787,0,0.26119402985074625,0.759488913942127,0.5490730643402398,0.9412340842311457,0.40814332247557006,0.21867407150295035,0.24782608695652183,0.0
4J223007,여자,60대 이상,주부,중졸 이하,경상남도,2세대가족,기혼,맞벌이 하지 않음,200-300만원 미만,0.17198656026879464,0.16967157197154276,0.0776736513284897,0.13954451345755692,0.10369222476755155,0.1712962962962963,0.17326402772224445,3,0.5514925373134328,0.5941375422773394,0.35523446019629223,0.8432908912830557,0.4557003257328991,0.44290177021867405,0.32173913043478264,1.0
4Q110018,여자,60대 이상,서비스 종사자,고졸(대학 재학 포함),세종특별자치시,1세대가족,기혼,맞벌이 함,400-500만원 미만,0.2018059638807224,0.196959360686093,0.06135270787266155,0.13126293995859212,0.07485514081660154,0.20129243827160492,0.18392642942822873,2,0.6574626865671641,0.6993611424276588,0.22846237731733918,0.7845249755142016,0.3162866449511401,0.5508503991669558,0.35652173913043483,0.6666666666666666
4B028012,남자,50대,판매 종사자,고졸(대학 재학 포함),부산광역시,1인 가구,미혼(사별/이혼 포함),맞벌이 하지 않음,200-300만원 미만,0.056698866022679546,0.16431147061689894,0.09452107683128005,0.14161490683229813,0.052755693302789376,0.2015817901234568,0.22431027588964417,1,0.14179104477611937,0.5734686208192408,0.48609596510359865,0.8579823702252691,0.20944625407166123,0.551891704269351,0.4882608695652174,0.3333333333333333
4Q110027,남자,50대,서비스 종사자,대학교 졸업(전문대졸/대학원생 포함),세종특별자치시,1세대가족,기혼,맞벌이 함,500-600만원 미만,0.18038639227215458,0.1531039859662801,0.07339159734653049,0.1285024154589372,0.06865651529443471,0.17139274691358025,0.25189924030387845,0,0.5813432835820896,0.5302517850432169,0.3219738276990185,0.7649363369245838,0.2863192182410424,0.4432488719194724,0.5782608695652174,0.0
4Q110030,여자,60대 이상,서비스 종사자,고졸(대학 재학 포함),세종특별자치시,1세대가족,기혼,맞벌이 함,400-500만원 미만,0.18815623687526248,0.17356982750219277,0.052507809483696606,0.136783988957902,0.07384449535103085,0.15895061728395063,0.2025856324137012,2,0.6089552238805969,0.6091694851559564,0.15976008724100324,0.8237022526934379,0.31140065146579804,0.3984727525164873,0.4173913043478261,0.6666666666666666
4H118032,남자,40대,사무 종사자,대학교 졸업(전문대졸/대학원생 포함),경기도,2세대가족,기혼,맞벌이 함,600-700만원 미만,0.1747165056698866,0.1818536205048241,0.06380962409181848,0.14161490683229813,0.07121681714054709,0.14149305555555555,0.194588831134213,0,0.5611940298507463,0.6411123637730176,0.24754634678298806,0.8579823702252691,0.2986970684039088,0.33564734467198887,0.3913043478260869,0.0
4A004012,여자,40대,서비스 종사자,대학교 졸업(전문대졸/대학원생 포함),서울특별시,2세대가족,기혼,맞벌이 함,500-600만원 미만,0.08252834943301134,0.19403566903810546,0.11333403530939594,0.1450655624568668,0.09985177199838295,0.11670524691358025,0.1749966679994669,0,0.23358208955223875,0.6880871852686959,0.6322246455834241,0.8824681684622917,0.4371335504885993,0.2464422075668171,0.32739130434782615,0.0
4H117009,여자,60대 이상,주부,고졸(대학 재학 포함),경기도,1인 가구,미혼(사별/이혼 포함),맞벌이 하지 않음,200-300만원 미만,0.0377992440151197,0.13848552772634246,0.1190200414165877,0.14230503795721186,0.08118851906751111,0.1764081790123457,0.17193122750899642,1,0.0746268656716418,0.4738819992484028,0.6763904034896402,0.8628795298726737,0.3469055374592834,0.4612981603609858,0.31739130434782614,0.3333333333333333
4N184004,여자,60대 이상,농림어업 숙련 종사자,고졸(대학 재학 포함),충청남도,1세대가족,기혼,맞벌이 함,300-400만원 미만,0.19508609827803444,0.16577331644089272,0.04071461163174336,0.13126293995859212,0.08684813367470691,0.22839506172839508,0.17459682793549247,2,0.6335820895522387,0.5791055993987223,0.06815703380588875,0.7845249755142016,0.37426710097719873,0.6483859770912878,0.32608695652173914,0.6666666666666666
4N184008,여자,60대 이상,주부,대학교 졸업(전문대졸/대학원생 포함),충청남도,1세대가족,기혼,맞벌이 하지 않음,200-300만원 미만,0.254094918101638,0.19403566903810546,0.07521673510933277,0.13126293995859212,0.10578089206306428,0.1928047839506173,0.21857923497267762,3,0.8432835820895522,0.6880871852686959,0.3361504907306434,0.7845249755142016,0.46579804560260596,0.5203054494967024,0.4695652173913044,1.0
1E000391,여자,40대,사무 종사자,대학교 졸업(전문대졸/대학원생 포함),대전광역시,2세대가족,기혼,맞벌이 함,500-600만원 미만,0.19277614447711044,0.196959360686093,0.094345582815626,0.1533471359558316,0.1260611777388492,0.16473765432098766,0.1879248300679728,0,0.6253731343283581,0.6993611424276588,0.4847328244274809,0.9412340842311457,0.5638436482084691,0.4192988545643873,0.3695652173913043,0.0
4E092028,여자,60대 이상,단순노무 종사자,대학교 졸업(전문대졸/대학원생 포함),대전광역시,2세대가족,기혼,맞벌이 함,700-800만원 미만,0.12242755144897102,0.12776532501705487,0.10501561896739321,0.13954451345755692,0.07229483897048915,0.13290895061728397,0.2492336398773824,0,0.3753731343283581,0.4325441563322059,0.5676117775354416,0.8432908912830557,0.3039087947882736,0.3047552933009372,0.5695652173913044,0.0
3O153018,여자,30대,사무 종사자,대학교 졸업(전문대졸/대학원생 포함),강원도,1세대가족,기혼,맞벌이 함,500-600만원 미만,0.23225535489290214,0.1891628496247929,0.091713172580815,0.15886818495514146,0.15799757445088264,0.1597222222222222,0.24790083966413437,0,0.7656716417910446,0.6692972566704246,0.4642857142857143,0.9804113614103818,0.718241042345277,0.4012495661228739,0.5652173913043479,0.0
4H118055,여자,60대 이상,서비스 종사자,고졸(대학 재학 포함),경기도,1세대가족,기혼,맞벌이 함,500-600만원 미만,0.15476690466190676,0.16284962479290518,0.08732582218946335,0.14782608695652172,0.07815658267079909,0.1547067901234568,0.273224043715847,2,0.4902985074626865,0.5678316422397595,0.4302071973827699,0.9020568070519097,0.33224755700325737,0.38320027768136067,0.6478260869565218,0.6666666666666666
4E092031,여자,60대 이상,판매 종사자,고졸(대학 재학 포함),대전광역시,2세대가족,기혼,맞벌이 함,600-700만원 미만,0.16148677026459474,0.1358542052431537,0.09732898108174512,0.13954451345755692,0.08044737905942595,0.1242283950617284,0.2536318805811009,2,0.514179104477612,0.4637354378053363,0.5079062159214831,0.8432908912830557,0.3433224755700326,0.2735161402290871,0.583913043478261,0.6666666666666666
4H117015,여자,30대,사무 종사자,대학교 졸업(전문대졸/대학원생 포함),경기도,1세대가족,기혼,맞벌이 함,600-700만원 미만,0.07202855942881142,0.1316635805477049,0.1295847811589625,0.14782608695652172,0.1025468265732381,0.14573688271604937,0.23057443689190993,0,0.19626865671641786,0.447576099210823,0.7584514721919303,0.9020568070519097,0.4501628664495114,0.3509198195071155,0.5086956521739131,0.0
4N183004,남자,60대 이상,농림어업 숙련 종사자,고졸(대학 재학 포함),충청남도,1세대가족,기혼,맞벌이 하지 않음,100만원 미만,0.07832843343133136,0.16528603449956145,0.09083570250254468,0.12463768115942028,0.05093653146476216,0.1335841049382716,0.18392642942822873,3,0.21865671641791035,0.5772266065388951,0.4574700109051255,0.7375122428991185,0.2006514657980456,0.3071850052065255,0.35652173913043483,1.0
4E092034,여자,60대 이상,판매 종사자,대학교 졸업(전문대졸/대학원생 포함),대전광역시,1인 가구,미혼(사별/이혼 포함),맞벌이 하지 않음,300-400만원 미만,0.15392692146157078,0.15895136926225514,0.0917482713839458,0.13402346445824706,0.09014957552890447,0.12229938271604938,0.1905904304944689,1,0.4873134328358208,0.5527996993611424,0.46455834242093774,0.8041136141038197,0.39022801302931603,0.2665741062131204,0.37826086956521743,0.3333333333333333
3M167035,여자,50대,서비스 종사자,고졸(대학 재학 포함),충청북도,1세대가족,기혼,맞벌이 함,500-600만원 미만,0.15245695086098277,0.18331546632881787,0.09339791513109404,0.13954451345755692,0.10288370839509499,0.11747685185185186,0.194588831134213,2,0.48208955223880584,0.646749342352499,0.4773718647764449,0.8432908912830557,0.4517915309446254,0.24921902117320374,0.3913043478260869,0.6666666666666666
4H117021,남자,60대 이상,기능원 및 관련 기능 종사자,고졸(대학 재학 포함),경기도,1인 가구,미혼(사별/이혼 포함),맞벌이 하지 않음,300-400만원 미만,0.06845863082738346,0.13556183607835495,0.11737039766943946,0.15058661145617666,0.06879126802317746,0.16415895061728394,0.19325603092096497,1,0.18358208955223881,0.46260804208944006,0.6635768811341329,0.9216454456415277,0.28697068403908793,0.41721624435959725,0.38695652173913053,0.3333333333333333
4N183008,남자,60대 이상,농림어업 숙련 종사자,고졸(대학 재학 포함),충청남도,1세대가족,기혼,맞벌이 함,100-200만원 미만,0.06362872742545149,0.1496930123769613,0.08171001368853323,0.13333333333333333,0.0674437407357499,0.1410108024691358,0.17059842729574837,2,0.16641791044776116,0.5170988350244269,0.3865866957470011,0.7992164544564153,0.2804560260586319,0.33391183616799713,0.31304347826086953,0.6666666666666666
4H133021,여자,40대,주부,대학교 졸업(전문대졸/대학원생 포함),경기도,2세대가족,기혼,맞벌이 하지 않음,300-400만원 미만,0.1486770264594708,0.14823116655296756,0.10087396019795725,0.11746031746031746,0.11581997035439967,0.1377314814814815,0.16126882580301213,3,0.46865671641791035,0.5114618564449455,0.535441657579062,0.6865817825661116,0.5143322475570032,0.322110378340854,0.28260869565217395,1.0
3I222042,남자,50대,서비스 종사자,고졸(대학 재학 포함),경상북도,1인 가구,미혼(사별/이혼 포함),맞벌이 하지 않음,200-300만원 미만,0.055648887022259556,0.04190624695448787,0.08314906461689657,0.023464458247066944,0.040762700444684004,0.15721450617283952,0.1439424230307877,1,0.13805970149253732,0.10146561443066518,0.39776444929116683,0.01958863858961804,0.15146579804560262,0.39222492190211733,0.22608695652173919,0.3333333333333333
1D000887,여자,50대,주부,고졸(대학 재학 포함),대구광역시,1세대가족,기혼,맞벌이 하지 않음,500-600만원 미만,0.11654766904661908,0.19988305233408052,0.06395001930434172,0.14230503795721186,0.05511386605578763,0.19193672839506173,0.21857923497267762,3,0.3544776119402985,0.7106350995866215,0.24863685932388216,0.8628795298726737,0.22084690553745928,0.5171815341895175,0.4695652173913044,1.0
3M167049,여자,40대,서비스 종사자,고졸(대학 재학 포함),충청북도,2세대가족,기혼,맞벌이 함,500-600만원 미만,0.13019739605207897,0.17162069973686775,0.08321926222315819,0.13954451345755692,0.058617437003099314,0.13339120370370372,0.27588964414234307,2,0.40298507462686567,0.6016535137166478,0.39830970556161394,0.8432908912830557,0.237785016286645,0.30649080180492894,0.6565217391304348,0.6666666666666666
4H117027,여자,30대,사무 종사자,대학교 졸업(전문대졸/대학원생 포함),경기도,1세대가족,기혼,맞벌이 함,600-700만원 미만,0.06782864342713145,0.1316635805477049,0.13000596679653223,0.14782608695652172,0.0966177065085568,0.15007716049382716,0.21857923497267762,0,0.1813432835820895,0.447576099210823,0.7617230098146127,0.9020568070519097,0.42149837133550494,0.36653939604304053,0.4695652173913044,0.0
4I206006,여자,40대,주부,대학교 졸업(전문대졸/대학원생 포함),경상북도,2세대가족,기혼,맞벌이 하지 않음,500-600만원 미만,0.14195716085678287,0.11801968619042978,0.10224281352005897,0.1285024154589372,0.13030588869424606,0.1461226851851852,0.20924963347994138,3,0.44477611940298495,0.3949642991356632,0.5460741548527808,0.7649363369245838,0.5843648208469056,0.3523082263103089,0.4391304347826087,1.0
4N184024,여자,40대,농림어업 숙련 종사자,고졸(대학 재학 포함),충청남도,2세대가족,기혼,맞벌이 함,300-400만원 미만,0.20264594708105838,0.14530747490498003,0.07539222912498685,0.1450655624568668,0.1091497102816332,0.25993441358024694,0.2789550846328136,2,0.6604477611940298,0.5001878992859827,0.33751363140676116,0.8824681684622917,0.4820846905537459,0.7618882332523429,0.666521739130435,0.6666666666666666
4B028016,여자,60대 이상,판매 종사자,고졸(대학 재학 포함),부산광역시,1인 가구,미혼(사별/이혼 포함),맞벌이 하지 않음,200-300만원 미만,0.0741285174296514,0.15554039567293637,0.09648660980660559,0.14437543133195307,0.043323002290796386,0.17814429012345678,0.23324003731840598,1,0.203731343283582,0.5396467493423525,0.5013631406761176,0.8775710088148874,0.16384364820846908,0.46754599097535565,0.5173913043478261,0.3333333333333333
4I206009,여자,30대,판매 종사자,대학교 졸업(전문대졸/대학원생 포함),경상북도,1세대가족,기혼,맞벌이 함,600-700만원 미만,0.21692566148677025,0.143358347139655,0.10954336457126813,0.12022084195997239,0.10685891389300632,0.1383101851851852,0.1052912168465947,0,0.7111940298507462,0.49267192784667413,0.6027808069792803,0.7061704211557296,0.4710097719869707,0.32419298854564393,0.1,0.0
3I222024,여자,60대 이상,주부,중졸 이하,경상북도,1인 가구,미혼(사별/이혼 포함),맞벌이 하지 않음,200-300만원 미만,0.03359932801343973,0.03995711918916285,0.07146116317433576,0.023464458247066944,0.021560436598841125,0.11284722222222222,0.15060642409702787,1,0.059701492537313425,0.09394964299135664,0.30697928026172305,0.01958863858961804,0.05863192182410423,0.23255813953488372,0.24782608695652183,0.3333333333333333
3I222006,남자,30대,사무 종사자,대학교 졸업(전문대졸/대학원생 포함),경상북도,1인 가구,미혼(사별/이혼 포함),맞벌이 하지 않음,200-300만원 미만,0.07517849643007139,0.13439235941915995,0.05124425257098733,0.12505175983436853,0.06185150249292548,0.14371141975308643,0.194588831134213,1,0.2074626865671641,0.458098459225855,0.14994547437295527,0.7404505386875613,0.2534201954397394,0.34363068379035056,0.3913043478260869,0.3333333333333333
4H133023,여자,40대,사무 종사자,대학교 졸업(전문대졸/대학원생 포함),경기도,2세대가족,기혼,맞벌이 함,700-800만원 미만,0.16652666946661066,0.16090049702758016,0.11435190060018954,0.12298136645962732,0.1204689394960248,0.12037037037037038,0.15460482473677198,0,0.5320895522388058,0.560315670800451,0.6401308615049073,0.7257590597453476,0.5368078175895766,0.2596320721971538,0.26086956521739135,0.0
1O000619,여자,50대,판매 종사자,고졸(대학 재학 포함),강원도,2세대가족,기혼,맞벌이 함,400-500만원 미만,0.23225535489290214,0.14072702465646625,0.09592502895651259,0.14230503795721186,0.14694785069397653,0.18113425925925927,0.2692256430761029,2,0.7656716417910446,0.48252536640360766,0.49700109051254093,0.8628795298726737,0.6648208469055374,0.47830614370010416,0.6347826086956523,0.6666666666666666
3I212045,여자,60대 이상,농림어업 숙련 종사자,중졸 이하,경상북도,1인 가구,미혼(사별/이혼 포함),맞벌이 하지 않음,100-200만원 미만,0.0503989920201596,0.024364097066562715,0.07827033098171353,0.020703933747412008,0.02492925481741005,0.05787037037037037,0.13461282153805146,1,0.11940298507462686,0.03382187147688839,0.3598691384950927,0.0,0.0749185667752443,0.0347101700798334,0.19565217391304354,0.3333333333333333
3D062005,여자,40대,전문가 및 관련 종사자,대학원 졸업 이상,대구광역시,2세대가족,기혼,맞벌이 함,500-600만원 미만,0.14447711045779085,0.2222980216353182,0.057000456284440705,0.15886818495514146,0.04770246597493599,0.18258101851851855,0.20391843262694923,0,0.45373134328358206,0.7970687711386696,0.19465648854961834,0.9804113614103818,0.18501628664495118,0.48351266921207914,0.4217391304347826,0.0
4H117030,여자,60대 이상,주부,고졸(대학 재학 포함),경기도,1세대가족,기혼,맞벌이 하지 않음,200-300만원 미만,0.0377992440151197,0.1297144527823799,0.12298620617036958,0.1450655624568668,0.08893680097021965,0.1638695987654321,0.17193122750899642,3,0.0746268656716418,0.4400601277715145,0.7071973827699017,0.8824681684622917,0.3843648208469056,0.4161749392572024,0.31739130434782614,1.0
3I212044,여자,50대,판매 종사자,고졸(대학 재학 포함),경상북도,1인 가구,미혼(사별/이혼 포함),맞벌이 하지 않음,200-300만원 미만,0.04682906341873163,0.03800799142383784,0.0808325436102629,0.020703933747412008,0.04487265867133809,0.11188271604938273,0.12395041983206719,1,0.10671641791044777,0.08643367155204812,0.3797709923664123,0.0,0.17133550488599347,0.22908712252690042,0.16086956521739135,0.3333333333333333
3I212004,여자,60대 이상,서비스 종사자,중졸 이하,경상북도,1인 가구,미혼(사별/이혼 포함),맞벌이 하지 않음,200-300만원 미만,0.051028979420411597,0.052626449663775464,0.08574637604857675,0.023464458247066944,0.05006063872793424,0.08680555555555555,0.08796481407437026,1,0.12164179104477611,0.1428034573468621,0.41793893129771,0.01958863858961804,0.19641693811074917,0.13884068031933353,0.04347826086956527,0.3333333333333333
4J223009,남자,40대,서비스 종사자,고졸(대학 재학 포함),경상남도,2세대가족,기혼,맞벌이 함,400-500만원 미만,0.16841663166736667,0.14852353571776633,0.07504124109367871,0.13126293995859212,0.0931141355612451,0.1548996913580247,0.21591363454618154,2,0.5388059701492538,0.5125892521608418,0.33478735005452565,0.7845249755142016,0.4045602605863192,0.3838944810829573,0.4608695652173913,0.6666666666666666
1A000768,남자,50대,학생,고졸(대학 재학 포함),서울특별시,2세대가족,미혼(사별/이혼 포함),맞벌이 하지 않음,300-400만원 미만,0.1505669886602268,0.17191306890166652,0.08943175037731214,0.15058661145617666,0.08287292817679558,0.18817515432098766,0.194588831134213,1,0.4753731343283581,0.6027809094325441,0.44656488549618323,0.9216454456415277,0.3550488599348534,0.5036445678583825,0.3913043478260869,0.3333333333333333
1O000614,여자,30대,서비스 종사자,대학교 졸업(전문대졸/대학원생 포함),강원도,1인 가구,미혼(사별/이혼 포함),맞벌이 하지 않음,300-400만원 미만,0.250104997900042,0.17678588831497907,0.09532834930328878,0.1533471359558316,0.15254008893680096,0.1697530864197531,0.23324003731840598,1,0.8291044776119402,0.6215708380308155,0.49236641221374056,0.9412340842311457,0.69185667752443,0.43734814300590064,0.5173913043478261,0.3333333333333333
3D062010,여자,40대,서비스 종사자,대학교 졸업(전문대졸/대학원생 포함),대구광역시,2세대가족,기혼,맞벌이 함,500-600만원 미만,0.12872742545149096,0.17941721079816783,0.08785230423642554,0.1285024154589372,0.08300768090553834,0.17930169753086422,0.19325603092096497,0,0.39776119402985066,0.631717399473882,0.4342966194111232,0.7649363369245838,0.35570032573289906,0.47171121138493577,0.38695652173913053,0.0
4J223010,여자,50대,주부,중졸 이하,경상남도,3세대가족,미혼(사별/이혼 포함),맞벌이 하지 않음,300-400만원 미만,0.17009659806803865,0.17035376668940652,0.06416061212312661,0.10324361628709454,0.06670260072766473,0.1707175925925926,0.21324803411968546,1,0.5447761194029851,0.5967681322810974,0.25027262813522366,0.5857002938295788,0.2768729641693811,0.440819160013884,0.4521739130434782,0.3333333333333333
4I206012,남자,30대,판매 종사자,고졸(대학 재학 포함),경상북도,1인 가구,미혼(사별/이혼 포함),맞벌이 하지 않음,300-400만원 미만,0.1894162116757665,0.11246467205925349,0.07574321715629498,0.12298136645962732,0.09109284463010375,0.18933256172839508,0.2652272424363588,1,0.6134328358208955,0.37354378053363396,0.3402399127589968,0.7257590597453476,0.3947882736156352,0.5078097882679625,0.6217391304347827,0.3333333333333333
3M165012,남자,40대,사무 종사자,고졸(대학 재학 포함),충청북도,2세대가족,기혼,맞벌이 함,500-600만원 미만,0.123897522049559,0.16947665919501026,0.06461689656382717,0.1305728088336784,0.06063872793424067,0.08680555555555555,0.16660002665600426,0,0.38059701492537307,0.5933859451334085,0.2538167938931297,0.7796278158667971,0.247557003257329,0.13884068031933353,0.29999999999999993,0.0
4H117018,여자,50대,서비스 종사자,고졸(대학 재학 포함),경기도,2세대가족,기혼,맞벌이 함,700-800만원 미만,0.07349853002939942,0.12386706948640484,0.14643220666175283,0.13954451345755692,0.12269235952028028,0.1413966049382716,0.18392642942822873,2,0.2014925373134328,0.41751221345358885,0.8893129770992366,0.8432908912830557,0.547557003257329,0.33530024297119054,0.35652173913043483,0.6666666666666666
3O153009,여자,30대,사무 종사자,대학교 졸업(전문대졸/대학원생 포함),강원도,1세대가족,기혼,맞벌이 함,500-600만원 미만,0.2005459890802184,0.14043465549166748,0.10234810992945141,0.15058661145617666,0.1712033418676728,0.14853395061728394,0.24390243902439027,0,0.6529850746268656,0.4813979706877113,0.5468920392584514,0.9216454456415277,0.782084690553746,0.36098576883026723,0.5521739130434783,0.0
4I206015,남자,20대,사무 종사자,대학교 졸업(전문대졸/대학원생 포함),경상북도,1인 가구,미혼(사별/이혼 포함),맞벌이 하지 않음,400-500만원 미만,0.21419571608567828,0.15018029431829258,0.06170369590396968,0.12022084195997239,0.12417463953645062,0.1331983024691358,0.16126882580301213,1,0.7014925373134328,0.5189778278842541,0.23118865866957475,0.7061704211557296,0.5547231270358307,0.3057965984033322,0.28260869565217395,0.3333333333333333
4N183012,남자,60대 이상,판매 종사자,대학교 졸업(전문대졸/대학원생 포함),충청남도,1세대가족,기혼,맞벌이 함,200-300만원 미만,0.1119277614447711,0.13897280966767372,0.10487522375486996,0.13333333333333333,0.09655033014418543,0.12181712962962964,0.20125283220045317,2,0.3380597014925372,0.47576099210823,0.5665212649945474,0.7992164544564153,0.42117263843648217,0.26483859770912876,0.4130434782608696,0.6666666666666666
1O000608,남자,20대,서비스 종사자,고졸(대학 재학 포함),강원도,1인 가구,미혼(사별/이혼 포함),맞벌이 하지 않음,200-300만원 미만,0.2246955060898782,0.16216743007504145,0.07697167526587344,0.14782608695652172,0.1420967524592373,0.15721450617283952,0.25989604158336665,1,0.7388059701492536,0.5652010522360016,0.3497818974918211,0.9020568070519097,0.6413680781758959,0.39222492190211733,0.6043478260869565,0.3333333333333333
4N183020,여자,20대,사무 종사자,대학교 졸업(전문대졸/대학원생 포함),충청남도,1인 가구,미혼(사별/이혼 포함),맞벌이 하지 않음,300-400만원 미만,0.125157496850063,0.24714940064321217,0.08662384612684708,0.147135955831608,0.06259264250101065,0.11506558641975309,0.1363454618152739,1,0.38507462686567157,0.8928974069898533,0.42475463467829877,0.8971596474045052,0.25700325732899026,0.2405414786532454,0.201304347826087,0.3333333333333333
1O000605,여자,60대 이상,단순노무 종사자,중졸 이하,강원도,1인 가구,미혼(사별/이혼 포함),맞벌이 하지 않음,200-300만원 미만,0.2217555648887022,0.15437091901374136,0.10013688533221018,0.14230503795721186,0.16318555450747876,0.16300154320987656,0.23097427695588435,1,0.7283582089552237,0.5351371664787674,0.5297164667393676,0.8628795298726737,0.7433224755700326,0.41305102395001736,0.5100000000000001,0.3333333333333333
4H133025,여자,60대 이상,기능원 및 관련 기능 종사자,고졸(대학 재학 포함),경기도,1세대가족,기혼,맞벌이 하지 않음,300-400만원 미만,0.15707685846283073,0.17259526361953026,0.12130146362009056,0.11746031746031746,0.11440506670260073,0.11120756172839506,0.13594562175129948,3,0.49850746268656704,0.6054114994363021,0.6941112322791712,0.6865817825661116,0.5074918566775245,0.22665741062131203,0.20000000000000004,1.0
3D062015,여자,40대,주부,대학교 졸업(전문대졸/대학원생 포함),대구광역시,2세대가족,기혼,맞벌이 하지 않음,300-400만원 미만,0.0999580008399832,0.12289250560374233,0.08514969639535291,0.12298136645962732,0.07923460450074113,0.17293595679012347,0.17193122750899642,3,0.29552238805970144,0.4137542277339346,0.4133042529989094,0.7257590597453476,0.33745928338762216,0.4488024991322457,0.31739130434782614,1.0
4O153023,여자,40대,주부,고졸(대학 재학 포함),강원도,2세대가족,기혼,맞벌이 하지 않음,400-500만원 미만,0.20285594288114236,0.16869700808888025,0.09662700501912885,0.1533471359558316,0.14027759062121006,0.1652199074074074,0.23723843795815008,3,0.6611940298507462,0.590379556557685,0.502453653217012,0.9412340842311457,0.6325732899022801,0.42103436306837905,0.5304347826086957,1.0
3I212008,여자,60대 이상,농림어업 숙련 종사자,중졸 이하,경상북도,1인 가구,미혼(사별/이혼 포함),맞벌이 하지 않음,200-300만원 미만,0.041999160016799666,0.04872819413312543,0.07275981889017585,0.020703933747412008,0.041099582266540896,0.1099537037037037,0.1399440223910436,1,0.08955223880597014,0.12777151446824503,0.31706652126499457,0.0,0.15309446254071662,0.2221450885109337,0.21304347826086958,0.3333333333333333
4P241024,여자,40대,취업 준비 중,대학교 졸업(전문대졸/대학원생 포함),제주특별자치도,1인 가구,미혼(사별/이혼 포함),맞벌이 하지 않음,100-200만원 미만,0.03464930701385972,0.23496735210993083,0.06303745042294058,0.12298136645962732,0.012464627408705025,0.17939814814814817,0.1519392243102759,1,0.06343283582089551,0.8459225854941751,0.24154852780806982,0.7257590597453476,0.014657980456026058,0.4720583130857341,0.25217391304347825,0.3333333333333333
4I206018,여자,30대,사무 종사자,대학교 졸업(전문대졸/대학원생 포함),경상북도,1인 가구,미혼(사별/이혼 포함),맞벌이 하지 않음,400-500만원 미만,0.23372532549349012,0.1521294220836176,0.0882383910708645,0.11746031746031746,0.11224902304271661,0.13994984567901234,0.22524323603891777,1,0.7708955223880596,0.5264937993235626,0.43729552889858236,0.6865817825661116,0.4970684039087948,0.33009371745921545,0.491304347826087,0.3333333333333333
3I212016,여자,60대 이상,판매 종사자,고졸(대학 재학 포함),경상북도,1인 가구,미혼(사별/이혼 포함),맞벌이 하지 않음,200-300만원 미만,0.041999160016799666,0.03508429977585031,0.08293847179811169,0.023464458247066944,0.05545074787764452,0.0935570987654321,0.15060642409702787,1,0.08955223880597014,0.0751597143930853,0.3961286804798255,0.01958863858961804,0.2224755700325733,0.1631377993752169,0.24782608695652183,0.3333333333333333
4P241027,여자,50대,사무 종사자,대학교 졸업(전문대졸/대학원생 포함),제주특별자치도,1인 가구,미혼(사별/이혼 포함),맞벌이 하지 않음,200-300만원 미만,0.0503989920201596,0.11460871260111101,0.07321610333087641,0.11953071083505866,0.08785877914027759,0.11921296296296297,0.3158736505397841,1,0.11940298507462686,0.3818113491168733,0.32061068702290074,0.701273261508325,0.37915309446254075,0.2554668517875738,0.7869565217391304,0.3333333333333333
3I212028,여자,50대,서비스 종사자,고졸(대학 재학 포함),경상북도,1인 가구,미혼(사별/이혼 포함),맞벌이 하지 않음,200-300만원 미만,0.08357832843343133,0.03995711918916285,0.08128882805096346,0.020703933747412008,0.06185150249292548,0.12181712962962964,0.14527522324403572,1,0.23731343283582085,0.09394964299135664,0.3833151581243184,0.0,0.2534201954397394,0.26483859770912876,0.23043478260869563,0.3333333333333333
1H000976,여자,50대,서비스 종사자,고졸(대학 재학 포함),경기도,2세대가족,기혼,맞벌이 함,500-600만원 미만,0.08609827803443931,0.14287106519832377,0.067845986451862,0.11953071083505866,0.0379328931410861,0.18730709876543208,0.2065840330534453,2,0.24626865671641784,0.49079293498684706,0.2788985823336969,0.701273261508325,0.13778501628664497,0.5005206525511974,0.4304347826086957,0.6666666666666666
3I212032,여자,60대 이상,농림어업 숙련 종사자,중졸 이하,경상북도,1인 가구,미혼(사별/이혼 포함),맞벌이 하지 않음,200-300만원 미만,0.0377992440151197,0.02923691647987526,0.0766206872345653,0.020703933747412008,0.041099582266540896,0.08391203703703703,0.1479408236705318,1,0.0746268656716418,0.05261180007515971,0.3470556161395856,0.0,0.15309446254071662,0.12842762929538357,0.23913043478260873,0.3333333333333333
4I206021,여자,30대,사무 종사자,대학교 졸업(전문대졸/대학원생 포함),경상북도,1세대가족,기혼,맞벌이 함,600-700만원 미만,0.14489710205795883,0.1082740473638047,0.10803411603664316,0.11746031746031746,0.10072766473521089,0.12355324074074074,0.2425696388111422,0,0.45522388059701485,0.3573844419391206,0.5910577971646674,0.6865817825661116,0.4413680781758958,0.27108642832349883,0.5478260869565217,0.0
1H000856,여자,40대,서비스 종사자,대학교 졸업(전문대졸/대학원생 포함),경기도,2세대가족,기혼,맞벌이 함,500-600만원 미만,0.12935741285174296,0.13946009160900497,0.08128882805096346,0.13402346445824706,0.11332704487265866,0.11863425925925926,0.26789284286285486,0,0.3999999999999999,0.47763998496805704,0.3833151581243184,0.8041136141038197,0.5022801302931595,0.2533842415827837,0.6304347826086957,0.0
3I212040,여자,60대 이상,주부,중졸 이하,경상북도,1인 가구,미혼(사별/이혼 포함),맞벌이 하지 않음,100-200만원 미만,0.0503989920201596,0.026313224831887732,0.07195254641816715,0.023464458247066944,0.04177334591025468,0.04822530864197531,0.10662401705984273,1,0.11940298507462686,0.041337842916196924,0.3107960741548528,0.01958863858961804,0.15635179153094464,0.0,0.1043478260869565,0.3333333333333333
1H000865,여자,40대,주부,대학교 졸업(전문대졸/대학원생 포함),경기도,2세대가족,기혼,맞벌이 하지 않음,600-700만원 미만,0.13439731205375893,0.17064613585420527,0.1185286581727563,0.1533471359558316,0.09695458833041369,0.12056327160493828,0.2612288417966147,3,0.41791044776119396,0.5978955279969936,0.6725736095965102,0.9412340842311457,0.42312703583061895,0.26032627559875043,0.6086956521739131,1.0
1H000890,여자,40대,판매 종사자,대학교 졸업(전문대졸/대학원생 포함),경기도,2세대가족,기혼,맞벌이 함,500-600만원 미만,0.09659806803863923,0.1638241886755677,0.08458811554525991,0.13126293995859212,0.0805821317881687,0.11477623456790124,0.26789284286285486,0,0.28358208955223874,0.5715896279594137,0.40894220283533256,0.7845249755142016,0.34397394136807813,0.23950017355085043,0.6304347826086957,0.0
1H001621,여자,40대,주부,대학교 졸업(전문대졸/대학원생 포함),경기도,1세대가족,기혼,맞벌이 하지 않음,300-400만원 미만,0.15539689206215876,0.15992593314491765,0.07574321715629498,0.1450655624568668,0.07788707721331356,0.0925925925925926,0.26389444222311076,3,0.49253731343283574,0.5565576850807966,0.3402399127589968,0.8824681684622917,0.3309446254071661,0.1596667823672336,0.6173913043478261,1.0
4I206024,여자,40대,서비스 종사자,대학교 졸업(전문대졸/대학원생 포함),경상북도,1인 가구,미혼(사별/이혼 포함),맞벌이 하지 않음,300-400만원 미만,0.13502729945401093,0.11412143065977975,0.10743743638341934,0.12574189095928226,0.1066567847998922,0.16358024691358025,0.2145808343329335,1,0.42014925373134326,0.3799323562570462,0.586423118865867,0.7453476983349656,0.47003257328990233,0.4151336341548073,0.4565217391304348,0.3333333333333333
1H001622,여자,60대 이상,서비스 종사자,대학원 졸업 이상,경기도,2세대가족,기혼,맞벌이 함,800-900만원 미만,0.11339773204535909,0.13751096384367997,0.08307886701063494,0.13126293995859212,0.07155369896240399,0.09934413580246915,0.2798880447820872,2,0.3432835820895522,0.47012401352874866,0.39721919302071973,0.7845249755142016,0.3003257328990228,0.183963901423117,0.6695652173913044,0.6666666666666666
1H001633,여자,60대 이상,사무 종사자,대학교 졸업(전문대졸/대학원생 포함),경기도,2세대가족,기혼,맞벌이 함,800-900만원 미만,0.15959680806383872,0.17356982750219277,0.0827278789793268,0.14230503795721186,0.07896509904325563,0.11381172839506173,0.273224043715847,0,0.5074626865671641,0.6091694851559564,0.3944929116684841,0.8628795298726737,0.336156351791531,0.23602915654286707,0.6478260869565218,0.0
4A010006,여자,60대 이상,주부,고졸(대학 재학 포함),서울특별시,1인 가구,미혼(사별/이혼 포함),맞벌이 하지 않음,100-200만원 미만,0.21482570348593027,0.1306890166650424,0.10768312800533503,0.13954451345755692,0.1398733324349818,0.12856867283950618,0.21991203518592564,1,0.703731343283582,0.44381811349116873,0.5883315158124318,0.8432908912830557,0.6306188925081433,0.28913571676501215,0.4739130434782609,0.3333333333333333
1B000292,여자,60대 이상,주부,고졸(대학 재학 포함),부산광역시,1세대가족,기혼,맞벌이 하지 않음,300-400만원 미만,0.2120957580848383,0.1638241886755677,0.08557088203292268,0.13402346445824706,0.09924538471904057,0.14351851851851855,0.24696787951486074,3,0.6940298507462686,0.5715896279594137,0.4165757906215921,0.8041136141038197,0.43420195439739423,0.3429364803887539,0.5621739130434783,1.0
1H001639,여자,40대,사무 종사자,대학교 졸업(전문대졸/대학원생 포함),경기도,2세대가족,기혼,맞벌이 함,600-700만원 미만,0.08924821503569928,0.2193743299873307,0.07283001649643747,0.1450655624568668,0.048039347796792885,0.10223765432098766,0.18925763028122086,0,0.2574626865671641,0.7857948139797069,0.3176117775354417,0.8824681684622917,0.18664495114006519,0.19437695244706701,0.37391304347826093,0.0
4N183024,남자,30대,사무 종사자,대학교 졸업(전문대졸/대학원생 포함),충청남도,1세대가족,기혼,맞벌이 함,600-700만원 미만,0.16862662746745066,0.2042685898060618,0.10041767575725669,0.14161490683229813,0.10638727934240669,0.12403549382716049,0.16126882580301213,0,0.5395522388059701,0.7275460353250658,0.531897491821156,0.8579823702252691,0.46872964169381115,0.27282193682749045,0.28260869565217395,0.0
4N183030,여자,50대,판매 종사자,고졸(대학 재학 포함),충청남도,1세대가족,기혼,맞벌이 함,300-400만원 미만,0.11045779084418313,0.1691842900302115,0.0670387139798533,0.13609385783298825,0.06394016978843822,0.10638503086419754,0.18259362921498068,2,0.3328358208955224,0.5922585494175122,0.2726281352235551,0.8188050930460331,0.2635179153094463,0.20930232558139536,0.3521739130434782,0.6666666666666666
1B000293,여자,50대,주부,고졸(대학 재학 포함),부산광역시,1세대가족,기혼,맞벌이 하지 않음,300-400만원 미만,0.25262494750104997,0.16577331644089272,0.08929135516478888,0.13126293995859212,0.12121007950410996,0.1261574074074074,0.27055844328935097,3,0.8380597014925372,0.5791055993987223,0.4454743729552889,0.7845249755142016,0.5403908794788275,0.2804581742450538,0.6391304347826088,1.0
4N183034,여자,50대,판매 종사자,고졸(대학 재학 포함),충청남도,1세대가족,기혼,맞벌이 함,300-400만원 미만,0.10835783284334313,0.19286619237891045,0.11189498438103261,0.13609385783298825,0.07829133539954183,0.12760416666666669,0.18525922964147676,2,0.3253731343283581,0.6835776024051108,0.6210468920392584,0.8188050930460331,0.3328990228013029,0.2856646997570289,0.36086956521739133,0.6666666666666666
4N183038,여자,60대 이상,주부,중졸 이하,충청남도,1세대가족,기혼,맞벌이 하지 않음,100-200만원 미만,0.06929861402771945,0.22278530357664947,0.0824119897511495,0.12781228433402345,0.04514216412882361,0.1463155864197531,0.14700786352125816,3,0.18656716417910446,0.7989477639984968,0.39203925845147225,0.7600391772771791,0.1726384364820847,0.35300242971190554,0.23608695652173914,1.0
1O000016,여자,60대 이상,주부,고졸(대학 재학 포함),강원도,1세대가족,기혼,맞벌이 하지 않음,300-400만원 미만,0.1472070558588828,0.11704512230776729,0.13867537116984313,0.13402346445824706,0.08502897183667969,0.09162808641975309,0.11728641876582702,3,0.4634328358208954,0.39120631341600903,0.8290621592148312,0.8041136141038197,0.3654723127035831,0.15619576535925025,0.13913043478260875,1.0
3M165016,여자,60대 이상,서비스 종사자,중졸 이하,충청북도,1세대가족,기혼,맞벌이 함,500-600만원 미만,0.08189836203275935,0.16752753142968524,0.06268646239163245,0.1305728088336784,0.04534429322193774,0.09548611111111112,0.16793282686925232,2,0.23134328358208955,0.5858699736941,0.23882224645583425,0.7796278158667971,0.17361563517915307,0.17007983339118363,0.30434782608695654,0.6666666666666666
3M165020,남자,60대 이상,서비스 종사자,고졸(대학 재학 포함),충청북도,1세대가족,기혼,맞벌이 함,500-600만원 미만,0.13229735405291895,0.1370236819023487,0.06910954336457127,0.1305728088336784,0.06623096617706509,0.10127314814814815,0.2056510729041717,2,0.4104477611940298,0.4682450206689214,0.28871319520174477,0.7796278158667971,0.2745928338762215,0.19090593543908366,0.42739130434782624,0.6666666666666666
3M165024,여자,50대,서비스 종사자,고졸(대학 재학 포함),충청북도,2세대가족,기혼,맞벌이 함,500-600만원 미만,0.1385972280554389,0.1457947568463113,0.0713207679618125,0.1305728088336784,0.07916722813636975,0.08680555555555555,0.1869918699186992,2,0.4328358208955223,0.5020668921458099,0.30588876772082874,0.7796278158667971,0.33713355048859933,0.13884068031933353,0.36652173913043484,0.6666666666666666
3M165036,남자,30대,사무 종사자,대학교 졸업(전문대졸/대학원생 포함),충청북도,1세대가족,기혼,맞벌이 함,500-600만원 미만,0.10499790004199916,0.16947665919501026,0.06349373486364115,0.1305728088336784,0.0545748551408166,0.0925925925925926,0.1905904304944689,0,0.31343283582089543,0.5933859451334085,0.24509269356597604,0.7796278158667971,0.21824104234527686,0.1596667823672336,0.37826086956521743,0.0
1H000171,여자,30대,사무 종사자,대학교 졸업(전문대졸/대학원생 포함),경기도,1세대가족,기혼,맞벌이 함,600-700만원 미만,0.11948761024779504,0.11314686677711724,0.0681267768769085,0.136783988957902,0.053362080582131786,0.10368441358024692,0.3345328535252566,0,0.36492537313432827,0.37617437053739194,0.2810796074154853,0.8237022526934379,0.21237785016286648,0.19958347795904205,0.8478260869565218,0.0
1H000154,여자,30대,사무 종사자,대학교 졸업(전문대졸/대학원생 포함),경기도,1인 가구,미혼(사별/이혼 포함),맞벌이 하지 않음,300-400만원 미만,0.04724905501889962,0.13263814443036742,0.06777578884560037,0.13402346445824706,0.05545074787764452,0.10513117283950618,0.2589630814340931,1,0.10820895522388059,0.4513340849304772,0.2783533260632497,0.8041136141038197,0.2224755700325733,0.20479000347101703,0.6013043478260871,0.3333333333333333
3J224030,여자,60대 이상,판매 종사자,대학교 졸업(전문대졸/대학원생 포함),경상남도,2세대가족,기혼,맞벌이 함,500-600만원 미만,0.04619907601847963,0.13361270831302993,0.12818082903372996,0.12298136645962732,0.06757849346449266,0.08969907407407408,0.1412768226042916,0,0.10447761194029849,0.4550920706501316,0.747546346782988,0.7257590597453476,0.28110749185667755,0.1492537313432836,0.21739130434782608,0.0
3M165040,남자,40대,사무 종사자,대학교 졸업(전문대졸/대학원생 포함),충청북도,2세대가족,기혼,맞벌이 함,500-600만원 미만,0.1511969760604788,0.15651495955559888,0.07177705240251307,0.13333333333333333,0.06333378250909581,0.08680555555555555,0.18259362921498068,0,0.47761194029850745,0.5434047350620067,0.3094329334787349,0.7992164544564153,0.2605863192182411,0.13884068031933353,0.3521739130434782,0.0
1H000144,여자,50대,사무 종사자,대학교 졸업(전문대졸/대학원생 포함),경기도,2세대가족,기혼,맞벌이 함,700-800만원 미만,0.055648887022259556,0.1521294220836176,0.08690463655189358,0.14230503795721186,0.038269774962942996,0.1099537037037037,0.3158736505397841,0,0.13805970149253732,0.5264937993235626,0.4269356597600872,0.8628795298726737,0.13941368078175898,0.2221450885109337,0.7869565217391304,0.0
3J224036,남자,30대,판매 종사자,대학교 졸업(전문대졸/대학원생 포함),경상남도,1세대가족,미혼(사별/이혼 포함),맞벌이 하지 않음,400-500만원 미만,0.04619907601847963,0.16090049702758016,0.07539222912498685,0.13402346445824706,0.03591160220994475,0.10706018518518519,0.14527522324403572,1,0.10447761194029849,0.560315670800451,0.33751363140676116,0.8041136141038197,0.12801302931596092,0.2117320374869837,0.23043478260869563,0.3333333333333333
1C000312,여자,60대 이상,서비스 종사자,대학교 졸업(전문대졸/대학원생 포함),인천광역시,2세대가족,기혼,맞벌이 함,"900-1,000만원 미만",0.04619907601847963,0.1306890166650424,0.09395949598118704,0.13402346445824706,0.06360328796658132,0.11410108024691358,0.31454085032653606,0,0.10447761194029849,0.44381811349116873,0.4817339149400217,0.8041136141038197,0.2618892508143323,0.23707046164526205,0.782608695652174,0.0
3M166005,여자,50대,판매 종사자,고졸(대학 재학 포함),충청북도,1세대가족,기혼,맞벌이 함,500-600만원 미만,0.10919781604367913,0.16528603449956145,0.07086448352111194,0.1305728088336784,0.05794367335938552,0.08777006172839506,0.14660802345728377,2,0.32835820895522383,0.5772266065388951,0.30234460196292257,0.7796278158667971,0.23452768729641693,0.14231169732731688,0.23478260869565223,0.6666666666666666
3M166010,남자,60대 이상,판매 종사자,고졸(대학 재학 포함),충청북도,2세대가족,기혼,맞벌이 함,500-600만원 미만,0.09869802603947922,0.16626059838222396,0.06314274683233302,0.11953071083505866,0.05545074787764452,0.08101851851851852,0.14927362388377982,2,0.29104477611940294,0.5809845922585494,0.24236641221374047,0.701273261508325,0.2224755700325733,0.11801457827143355,0.24347826086956523,0.6666666666666666
3M166015,여자,40대,판매 종사자,고졸(대학 재학 포함),충청북도,2세대가족,기혼,맞벌이 함,500-600만원 미만,0.12809743805123897,0.14433291102231752,0.07812993576919026,0.1285024154589372,0.0774828190270853,0.08294753086419754,0.18126082900173265,2,0.39552238805970136,0.4964299135663284,0.3587786259541984,0.7649363369245838,0.32899022801302935,0.12495661228740021,0.34782608695652173,0.6666666666666666
3M167007,여자,60대 이상,판매 종사자,고졸(대학 재학 포함),충청북도,1세대가족,기혼,맞벌이 함,400-500만원 미만,0.1637967240655187,0.15407854984894262,0.10354146923589906,0.13954451345755692,0.07209270987737501,0.16290509259259262,0.22924163667866188,2,0.5223880597014926,0.5340097707628711,0.5561613958560523,0.8432908912830557,0.30293159609120524,0.41270392224921904,0.5043478260869565,0.6666666666666666
3M167021,여자,30대,사무 종사자,대학교 졸업(전문대졸/대학원생 포함),충청북도,1세대가족,기혼,맞벌이 함,500-600만원 미만,0.17849643007139857,0.1638241886755677,0.08725562458320171,0.136783988957902,0.10227732111575259,0.15104166666666666,0.22657603625216582,0,0.5746268656716417,0.5715896279594137,0.4296619411123227,0.8237022526934379,0.44885993485342024,0.3700104130510239,0.4956521739130435,0.0
1M000402,여자,50대,판매 종사자,고졸(대학 재학 포함),충청북도,2세대가족,기혼,맞벌이 함,600-700만원 미만,0.13880722385552288,0.13653639996101746,0.08357025025446632,0.13954451345755692,0.05666352243632933,0.15856481481481483,0.2492336398773824,2,0.4335820895522387,0.4663660278090943,0.40103598691384945,0.8432908912830557,0.22833876221498367,0.397084345713294,0.5695652173913044,0.6666666666666666
4A023018,남자,50대,사무 종사자,대학교 졸업(전문대졸/대학원생 포함),서울특별시,2세대가족,기혼,맞벌이 함,400-500만원 미만,0.11339773204535909,0.18331546632881787,0.06345863606051035,0.13126293995859212,0.0454790459506805,0.19483024691358025,0.23057443689190993,0,0.3432835820895522,0.646749342352499,0.2448200654307525,0.7845249755142016,0.17426710097719872,0.5275945852134675,0.5086956521739131,0.0
4A023024,남자,40대,사무 종사자,대학교 졸업(전문대졸/대학원생 포함),서울특별시,2세대가족,기혼,맞벌이 함,400-500만원 미만,0.1354472910541789,0.198908488451418,0.0636341300761644,0.13402346445824706,0.04345775501953914,0.19319058641975312,0.23057443689190993,0,0.421641791044776,0.7068771138669673,0.24618320610687025,0.8041136141038197,0.16449511400651468,0.521693856299896,0.5086956521739131,0.0
3M166020,여자,40대,사무 종사자,대학교 졸업(전문대졸/대학원생 포함),충청북도,2세대가족,기혼,맞벌이 함,500-600만원 미만,0.14699706005879884,0.16333690673423643,0.07216313923695201,0.12781228433402345,0.07141894623366123,0.08680555555555555,0.15727042516326803,0,0.46268656716417905,0.5697106350995865,0.3124318429661941,0.7600391772771791,0.2996742671009772,0.13884068031933353,0.26956521739130435,0.0
3M166030,여자,30대,사무 종사자,고졸(대학 재학 포함),충청북도,1세대가족,기혼,맞벌이 함,500-600만원 미만,0.1511969760604788,0.16772244420621774,0.05893089045663543,0.136783988957902,0.07546152809594395,0.08680555555555555,0.1519392243102759,2,0.47761194029850745,0.5866215708380308,0.20965103598691384,0.8237022526934379,0.3192182410423453,0.13884068031933353,0.25217391304347825,0.6666666666666666
3M166035,여자,60대 이상,단순노무 종사자,고졸(대학 재학 포함),충청북도,1인 가구,미혼(사별/이혼 포함),맞벌이 하지 않음,200-300만원 미만,0.09029819403611929,0.1496930123769613,0.06349373486364115,0.1305728088336784,0.06643309527017921,0.0935570987654321,0.17992802878848463,1,0.26119402985074625,0.5170988350244269,0.24509269356597604,0.7796278158667971,0.2755700325732899,0.1631377993752169,0.34347826086956523,0.3333333333333333
4P241016,여자,40대,사무 종사자,대학교 졸업(전문대졸/대학원생 포함),제주특별자치도,1인 가구,미혼(사별/이혼 포함),맞벌이 하지 않음,100-200만원 미만,0.05879882402351953,0.10632491959847969,0.13372643992839844,0.12298136645962732,0.17821048376229617,0.13647762345679013,0.11595361855257898,1,0.14925373134328357,0.34986847049981207,0.7906215921483096,0.7257590597453476,0.8159609120521173,0.31759805623047555,0.1347826086956522,0.3333333333333333
1O001408,여자,60대 이상,주부,중졸 이하,강원도,1세대가족,기혼,맞벌이 하지 않음,200-300만원 미만,0.0741285174296514,0.1316635805477049,0.13291916745638974,0.1450655624568668,0.09014957552890447,0.15306712962962962,0.16926562708250034,3,0.203731343283582,0.447576099210823,0.7843511450381678,0.8824681684622917,0.39022801302931603,0.37729954876778893,0.30869565217391304,1.0
4P241030,여자,40대,사무 종사자,대학교 졸업(전문대졸/대학원생 포함),제주특별자치도,1인 가구,미혼(사별/이혼 포함),맞벌이 하지 않음,100-200만원 미만,0.03359932801343973,0.12679076113439236,0.1177213857007476,0.13126293995859212,0.10685891389300632,0.10850694444444445,0.19592163134746102,1,0.059701492537313425,0.42878617061255164,0.6663031624863684,0.7845249755142016,0.4710097719869707,0.21693856299895872,0.3956521739130434,0.3333333333333333
3M166040,남자,60대 이상,기능원 및 관련 기능 종사자,고졸(대학 재학 포함),충청북도,1세대가족,기혼,맞벌이 함,500-600만원 미만,0.14699706005879884,0.18087905662216158,0.05889579165350462,0.1305728088336784,0.07364236625791672,0.08487654320987655,0.16660002665600426,2,0.46268656716417905,0.6373543780533634,0.20937840785169035,0.7796278158667971,0.3104234527687296,0.13189864630336687,0.29999999999999993,0.6666666666666666
4A023030,여자,40대,사무 종사자,대학원 졸업 이상,서울특별시,2세대가족,기혼,맞벌이 함,400-500만원 미만,0.18500629987400252,0.1199688139557548,0.13200659857498862,0.13126293995859212,0.08118851906751111,0.14014274691358025,0.11861921897907504,0,0.5977611940298507,0.40248027057497177,0.7772628135223557,0.7845249755142016,0.3469055374592834,0.3307879208608122,0.14347826086956525,0.0
4A023036,여자,50대,주부,대학교 졸업(전문대졸/대학원생 포함),서울특별시,2세대가족,기혼,맞벌이 하지 않음,400-500만원 미만,0.09974800503989921,0.13263814443036742,0.06819697448317014,0.13954451345755692,0.05578762969950141,0.1986882716049383,0.29494868719178996,3,0.29477611940298504,0.4513340849304772,0.2816248636859324,0.8432908912830557,0.2241042345276873,0.5414786532454009,0.7186956521739131,1.0
3M168006,남자,60대 이상,장치·기계 조작 및 조립 종사자,고졸(대학 재학 포함),충청북도,2세대가족,기혼,맞벌이 함,500-600만원 미만,0.12662746745065098,0.15388363707241012,0.0519462286336036,0.13333333333333333,0.06016709338364101,0.0925925925925926,0.2145808343329335,2,0.39029850746268646,0.5332581736189403,0.15539803707742642,0.7992164544564153,0.2452768729641694,0.1596667823672336,0.4565217391304348,0.6666666666666666
1O000520,남자,50대,판매 종사자,고졸(대학 재학 포함),강원도,1인 가구,기혼,맞벌이 하지 않음,500-600만원 미만,0.10499790004199916,0.11753240424909853,0.06328314204485627,0.11635610766045548,0.08354669182050936,0.08294753086419754,0.20924963347994138,1,0.31343283582089543,0.3930853062758361,0.24345692475463468,0.6787463271302645,0.3583061889250814,0.12495661228740021,0.4391304347826087,0.3333333333333333
1O001424,여자,50대,서비스 종사자,고졸(대학 재학 포함),강원도,1인 가구,미혼(사별/이혼 포함),맞벌이 하지 않음,300-400만원 미만,0.10142797144057118,0.1316635805477049,0.13274367344073568,0.1450655624568668,0.1104298612046894,0.14621913580246915,0.21324803411968546,1,0.30074626865671633,0.447576099210823,0.7829880043620502,0.8824681684622917,0.48827361563517924,0.3526553280111072,0.4521739130434782,0.3333333333333333
4A023042,여자,50대,사무 종사자,대학교 졸업(전문대졸/대학원생 포함),서울특별시,2세대가족,기혼,맞벌이 함,500-600만원 미만,0.1396472070558589,0.16869700808888025,0.06819697448317014,0.13402346445824706,0.05376633876836005,0.20833333333333334,0.28655204584832733,0,0.43656716417910446,0.590379556557685,0.2816248636859324,0.8041136141038197,0.21433224755700325,0.5761888233252342,0.691304347826087,0.0
3O154027,여자,60대 이상,주부,고졸(대학 재학 포함),강원도,1세대가족,기혼,맞벌이 하지 않음,300-400만원 미만,0.20915581688366233,0.13946009160900497,0.09487206486258819,0.1450655624568668,0.14155774154426626,0.16763117283950618,0.2612288417966147,3,0.6835820895522388,0.47763998496805704,0.48882224645583416,0.8824681684622917,0.6387622149837133,0.4297119055883374,0.6086956521739131,1.0
3M168012,남자,60대 이상,전문가 및 관련 종사자,고졸(대학 재학 포함),충청북도,2세대가족,기혼,맞벌이 함,700-800만원 미만,0.10352792944141116,0.13994737355033623,0.07061879189919623,0.12229123533471359,0.0828055518124242,0.0935570987654321,0.1869918699186992,2,0.3082089552238805,0.4795189778278842,0.3004362050163576,0.720861900097943,0.35472312703583064,0.1631377993752169,0.36652173913043484,0.6666666666666666
4A023048,여자,50대,사무 종사자,대학교 졸업(전문대졸/대학원생 포함),서울특별시,2세대가족,기혼,맞벌이 함,700-800만원 미만,0.15287694246115077,0.1764935191501803,0.0715313607805974,0.14230503795721186,0.067106858913893,0.20543981481481483,0.27055844328935097,0,0.48358208955223875,0.6204434423149191,0.30752453653217016,0.8628795298726737,0.2788273615635179,0.5657757723012843,0.6391304347826088,0.0
1D000186,남자,60대 이상,서비스 종사자,중졸 이하,대구광역시,1세대가족,기혼,맞벌이 하지 않음,100-200만원 미만,0.04619907601847963,0.13409999025436117,0.04899792917061528,0.13609385783298825,0.01771998382967255,0.1615547839506173,0.30654404904704785,3,0.10447761194029849,0.45697106350995864,0.13249727371864775,0.8188050930460331,0.04006514657980456,0.40784449843804227,0.7565217391304347,1.0
1O000720,남자,60대 이상,서비스 종사자,고졸(대학 재학 포함),강원도,1인 가구,미혼(사별/이혼 포함),맞벌이 하지 않음,300-400만원 미만,0.2118857622847543,0.17162069973686775,0.08434242392334422,0.14782608695652172,0.13286619054035842,0.17148919753086422,0.2385712381713981,1,0.6932835820895522,0.6016535137166478,0.4070338058887677,0.9020568070519097,0.596742671009772,0.4435959736202708,0.5347826086956522,0.3333333333333333
1H000981,여자,40대,주부,고졸(대학 재학 포함),경기도,2세대가족,기혼,맞벌이 하지 않음,400-500만원 미만,0.051028979420411597,0.17698080109151157,0.06433610613878067,0.12229123533471359,0.06441180433903786,0.21402391975308643,0.14260962281753967,3,0.12164179104477611,0.6223224351747464,0.2516357688113413,0.720861900097943,0.26579804560260584,0.596667823672336,0.2217391304347827,1.0
3M168018,여자,30대,사무 종사자,대학교 졸업(전문대졸/대학원생 포함),충청북도,1세대가족,기혼,맞벌이 함,500-600만원 미만,0.09449811003779925,0.1574895234382614,0.07202274402442876,0.12505175983436853,0.06690472982077887,0.08873456790123457,0.15100626416100227,0,0.2761194029850746,0.5471627207816611,0.3113413304252999,0.7404505386875613,0.27785016286644953,0.14578271433530024,0.24913043478260868,0.0
1O001429,남자,50대,판매 종사자,고졸(대학 재학 포함),강원도,1세대가족,기혼,맞벌이 함,400-500만원 미만,0.08357832843343133,0.12289250560374233,0.1293741883401776,0.1450655624568668,0.10834119390917667,0.15499614197530864,0.18032786885245905,2,0.23731343283582085,0.4137542277339346,0.7568157033805888,0.8824681684622917,0.47817589576547237,0.38424158278375564,0.34478260869565225,0.6666666666666666
1H000987,여자,40대,단순노무 종사자,고졸(대학 재학 포함),경기도,2세대가족,미혼(사별/이혼 포함),맞벌이 하지 않음,200-300만원 미만,0.14888702225955483,0.1574895234382614,0.06714401038924574,0.12229123533471359,0.07943673359385528,0.18055555555555555,0.22297747567639614,1,0.4694029850746268,0.5471627207816611,0.27344601962922577,0.720861900097943,0.3384364820846906,0.4762235334953141,0.4839130434782609,0.3333333333333333
3I214090,여자,20대,사무 종사자,대학교 졸업(전문대졸/대학원생 포함),경상북도,1인 가구,미혼(사별/이혼 포함),맞벌이 하지 않음,300-400만원 미만,0.14069718605627887,0.1496930123769613,0.08971254080235865,0.1305728088336784,0.09230561918878857,0.15991512345679015,0.18126082900173265,1,0.44029850746268645,0.5170988350244269,0.44874591057797164,0.7796278158667971,0.40065146579804567,0.40194376952447075,0.34782608695652173,0.3333333333333333
3M168024,여자,40대,사무 종사자,대학교 졸업(전문대졸/대학원생 포함),충청북도,2세대가족,기혼,맞벌이 함,500-600만원 미만,0.10919781604367913,0.16333690673423643,0.06830227089256256,0.12781228433402345,0.06333378250909581,0.08487654320987655,0.14927362388377982,0,0.32835820895522383,0.5697106350995865,0.28244274809160297,0.7600391772771791,0.2605863192182411,0.13189864630336687,0.24347826086956523,0.0
1O000227,여자,60대 이상,주부,고졸(대학 재학 포함),강원도,1세대가족,기혼,맞벌이 하지 않음,300-400만원 미만,0.08399832003359933,0.16333690673423643,0.0882734898739953,0.1305728088336784,0.06286214795849615,0.13821373456790126,0.1879248300679728,3,0.2388059701492537,0.5697106350995865,0.4375681570338059,0.7796278158667971,0.2583061889250814,0.3238458868448456,0.3695652173913043,1.0
1O000691,여자,60대 이상,판매 종사자,고졸(대학 재학 포함),강원도,1세대가족,기혼,맞벌이 함,400-500만원 미만,0.23225535489290214,0.14530747490498003,0.09294163069039346,0.1450655624568668,0.1539549925885999,0.17602237654320987,0.26162868186058913,2,0.7656716417910446,0.5001878992859827,0.4738276990185387,0.8824681684622917,0.6986970684039088,0.4599097535577924,0.6100000000000001,0.6666666666666666
1H000988,여자,40대,서비스 종사자,대학교 졸업(전문대졸/대학원생 포함),경기도,2세대가족,기혼,맞벌이 함,500-600만원 미만,0.11528769424611508,0.14676932072897378,0.07907760345372224,0.1305728088336784,0.08684813367470691,0.20341435185185186,0.21591363454618154,0,0.3499999999999999,0.505824877865464,0.3661395856052345,0.7796278158667971,0.37426710097719873,0.5584866365845192,0.4608695652173913,0.0
3O148011,여자,60대 이상,주부,고졸(대학 재학 포함),강원도,1세대가족,기혼,맞벌이 하지 않음,300-400만원 미만,0.10499790004199916,0.1574895234382614,0.07096977993050436,0.14437543133195307,0.05989758792615551,0.11892361111111112,0.1879248300679728,3,0.31343283582089543,0.5471627207816611,0.3031624863685931,0.8775710088148874,0.2439739413680782,0.2544255466851788,0.3695652173913043,1.0
1O000518,여자,60대 이상,주부,고졸(대학 재학 포함),강원도,1인 가구,미혼(사별/이혼 포함),맞벌이 하지 않음,100-200만원 미만,0.08882822343553129,0.11431634343631225,0.08844898388964936,0.11359558316080055,0.09520280285675785,0.16261574074074076,0.17326402772224445,1,0.2559701492537313,0.38068395340097705,0.4389312977099237,0.6591576885406465,0.4146579804560261,0.41166261714682406,0.32173913043478264,0.3333333333333333
1O001434,여자,60대 이상,단순노무 종사자,중졸 이하,강원도,1인 가구,미혼(사별/이혼 포함),맞벌이 하지 않음,100-200만원 미만,0.0755984880302394,0.12094337783841731,0.11779158330700924,0.13954451345755692,0.09183398463818893,0.19772376543209877,0.1905904304944689,1,0.208955223880597,0.40623825629462607,0.6668484187568158,0.8432908912830557,0.39837133550488607,0.5380076362374175,0.37826086956521743,0.3333333333333333
1O000689,여자,60대 이상,서비스 종사자,고졸(대학 재학 포함),강원도,1인 가구,미혼(사별/이혼 포함),맞벌이 하지 않음,300-400만원 미만,0.22091558168836625,0.17356982750219277,0.09111649292759118,0.14782608695652172,0.13306831963347257,0.15461033950617287,0.2425696388111422,1,0.7253731343283583,0.6091694851559564,0.4596510359869139,0.9020568070519097,0.5977198697068404,0.38285317598056234,0.5478260869565217,0.3333333333333333
3M168030,여자,40대,판매 종사자,고졸(대학 재학 포함),충청북도,2세대가족,기혼,맞벌이 함,500-600만원 미만,0.123897522049559,0.1392651788324725,0.0792881962725071,0.12781228433402345,0.08038000269505458,0.08873456790123457,0.16926562708250034,2,0.38059701492537307,0.47688838782412635,0.3677753544165757,0.7600391772771791,0.3429967426710098,0.14578271433530024,0.30869565217391304,0.6666666666666666
1O000494,여자,60대 이상,주부,고졸(대학 재학 포함),강원도,1인 가구,미혼(사별/이혼 포함),맞벌이 하지 않음,100만원 미만,0.10772784544309114,0.1084689601403372,0.0755677231406409,0.10531400966183574,0.08172752998248214,0.13464506172839505,0.2105824336931894,1,0.3231343283582089,0.35813603908305147,0.3388767720828789,0.6003917727717922,0.34951140065146585,0.31100312391530716,0.4434782608695652,0.3333333333333333
1H001003,여자,60대 이상,서비스 종사자,고졸(대학 재학 포함),경기도,2세대가족,기혼,맞벌이 함,800-900만원 미만,0.12998740025199496,0.15554039567293637,0.0787266154224141,0.12229123533471359,0.0733728608004312,0.19270833333333334,0.1909902705584433,2,0.40223880597014916,0.5396467493423525,0.3634133042529989,0.720861900097943,0.30912052117263844,0.5199583477959042,0.37956521739130444,0.6666666666666666
1O000688,여자,60대 이상,주부,고졸(대학 재학 포함),강원도,1세대가족,기혼,맞벌이 하지 않음,300-400만원 미만,0.24590508189836202,0.14920573043563007,0.09111649292759118,0.14782608695652172,0.14984503436194582,0.16541280864197533,0.28122084499533523,3,0.8141791044776118,0.5152198421645998,0.4596510359869139,0.9020568070519097,0.678827361563518,0.4217285664699757,0.673913043478261,1.0
3O162001,여자,60대 이상,단순노무 종사자,고졸(대학 재학 포함),강원도,1세대가족,기혼,맞벌이 함,300-400만원 미만,0.09302813943721125,0.12776532501705487,0.12639079007405848,0.14230503795721186,0.11440506670260073,0.1638695987654321,0.14527522324403572,2,0.27089552238805964,0.4325441563322059,0.7336423118865867,0.8628795298726737,0.5074918566775245,0.4161749392572024,0.23043478260869563,0.6666666666666666
3O151038,여자,60대 이상,서비스 종사자,고졸(대학 재학 포함),강원도,1인 가구,미혼(사별/이혼 포함),맞벌이 하지 않음,200-300만원 미만,0.14069718605627887,0.13994737355033623,0.08013056754764664,0.11953071083505866,0.10261420293760949,0.1345486111111111,0.18259362921498068,1,0.44029850746268645,0.4795189778278842,0.3743184296619412,0.701273261508325,0.45048859934853425,0.31065602221450883,0.3521739130434782,0.3333333333333333
4C069006,여자,40대,사무 종사자,대학교 졸업(전문대졸/대학원생 포함),인천광역시,1인 가구,미혼(사별/이혼 포함),맞벌이 하지 않음,300-400만원 미만,0.14594708105837884,0.17064613585420527,0.06012424976308309,0.13126293995859212,0.06730898800700715,0.11053240740740741,0.25456484073037455,1,0.4589552238805969,0.5978955279969936,0.21892039258451476,0.7845249755142016,0.27980456026058637,0.2242276987157237,0.5869565217391305,0.3333333333333333
3D062025,여자,30대,주부,대학교 졸업(전문대졸/대학원생 포함),대구광역시,3세대가족,기혼,맞벌이 하지 않음,300-400만원 미만,0.11780764384712307,0.1072994834811422,0.11536976589098312,0.11746031746031746,0.11831289583614067,0.2074652777777778,0.1643342662934826,3,0.358955223880597,0.35362645621946637,0.6480370774263904,0.6865817825661116,0.5263843648208469,0.5730649080180492,0.29260869565217384,1.0
3M168036,여자,30대,판매 종사자,고졸(대학 재학 포함),충청북도,1세대가족,기혼,맞벌이 함,500-600만원 미만,0.12242755144897102,0.1594386512035864,0.06781088764873118,0.12229123533471359,0.07701118447648564,0.08969907407407408,0.13461282153805146,2,0.3753731343283581,0.5546786922209695,0.27862595419847325,0.720861900097943,0.3267100977198697,0.1492537313432836,0.19565217391304354,0.6666666666666666
4O154017,여자,60대 이상,농림어업 숙련 종사자,고졸(대학 재학 포함),강원도,1세대가족,기혼,맞벌이 함,300-400만원 미만,0.20390592188156237,0.13653639996101746,0.09206416061212314,0.14782608695652172,0.14714997978709068,0.17341820987654322,0.274556843929095,2,0.6649253731343283,0.4663660278090943,0.4670119956379498,0.9020568070519097,0.6657980456026059,0.4505380076362374,0.6521739130434783,0.6666666666666666
1H001007,여자,40대,서비스 종사자,고졸(대학 재학 포함),경기도,2세대가족,기혼,맞벌이 함,500-600만원 미만,0.07475850482990341,0.15651495955559888,0.07100487873363519,0.13333333333333333,0.06124511521358308,0.19251543209876543,0.22297747567639614,2,0.20597014925373136,0.5434047350620067,0.30343511450381677,0.7992164544564153,0.25048859934853424,0.5192641443943075,0.4839130434782609,0.6666666666666666
3M168042,여자,60대 이상,판매 종사자,중졸 이하,충청북도,1세대가족,기혼,맞벌이 함,500-600만원 미만,0.14132717345653087,0.15066757625962382,0.0705134954898038,0.12781228433402345,0.07094731168306158,0.08680555555555555,0.16126882580301213,2,0.4425373134328357,0.5208568207440811,0.29961832061068705,0.7600391772771791,0.2973941368078176,0.13884068031933353,0.28260869565217395,0.6666666666666666
4A010016,여자,50대,판매 종사자,고졸(대학 재학 포함),서울특별시,2세대가족,기혼,맞벌이 함,600-700만원 미만,0.21629567408651829,0.1306890166650424,0.11312344249061108,0.13954451345755692,0.14728473251583343,0.12249228395061729,0.21098227375716383,2,0.708955223880597,0.44381811349116873,0.630588876772083,0.8432908912830557,0.6664495114006515,0.26726830961471715,0.4447826086956522,0.6666666666666666
3M168048,여자,60대 이상,기능원 및 관련 기능 종사자,고졸(대학 재학 포함),충청북도,1세대가족,기혼,맞벌이 함,500-600만원 미만,0.14132717345653087,0.15651495955559888,0.0744796602435857,0.1305728088336784,0.07094731168306158,0.08873456790123457,0.14660802345728377,2,0.4425373134328357,0.5434047350620067,0.3304252998909487,0.7796278158667971,0.2973941368078176,0.14578271433530024,0.23478260869565223,0.6666666666666666
3D062030,여자,20대,주부,대학교 졸업(전문대졸/대학원생 포함),대구광역시,2세대가족,기혼,맞벌이 하지 않음,200-300만원 미만,0.1005879882402352,0.1423837832569925,0.0928012354778702,0.1450655624568668,0.06259264250101065,0.18769290123456792,0.1439424230307877,3,0.2977611940298507,0.4889139421270199,0.4727371864776444,0.8824681684622917,0.25700325732899026,0.5019090593543908,0.22608695652173919,1.0
1O000751,여자,40대,단순노무 종사자,고졸(대학 재학 포함),강원도,1인 가구,미혼(사별/이혼 포함),맞벌이 하지 않음,200-300만원 미만,0.2123057538849223,0.143358347139655,0.09662700501912885,0.1450655624568668,0.14196199973049453,0.17341820987654322,0.2602958816473411,1,0.694776119402985,0.49267192784667413,0.502453653217012,0.8824681684622917,0.6407166123778502,0.4505380076362374,0.6056521739130435,0.3333333333333333
1M001240,여자,50대,사무 종사자,고졸(대학 재학 포함),충청북도,2세대가족,기혼,맞벌이 함,500-600만원 미만,0.11822763544729105,0.1789299288568366,0.06373942648555685,0.12781228433402345,0.056124511521358306,0.10030864197530864,0.11728641876582702,2,0.36044776119402977,0.6298384066140549,0.2470010905125409,0.7600391772771791,0.2257328990228013,0.1874349184311003,0.13913043478260875,0.6666666666666666
3D062040,여자,40대,주부,대학교 졸업(전문대졸/대학원생 포함),대구광역시,2세대가족,기혼,맞벌이 하지 않음,400-500만원 미만,0.12347753044939101,0.19208654127278044,0.07040819908041136,0.15886818495514146,0.06286214795849615,0.20794753086419754,0.25056644009063045,3,0.3791044776119402,0.6805712138293873,0.2988004362050164,0.9804113614103818,0.2583061889250814,0.574800416522041,0.573913043478261,1.0
1M001245,남자,60대 이상,기능원 및 관련 기능 종사자,고졸(대학 재학 포함),충청북도,1세대가족,기혼,맞벌이 함,500-600만원 미만,0.11675766484670307,0.17142578696033528,0.07507633989680952,0.1305728088336784,0.06036922247675515,0.08873456790123457,0.15100626416100227,2,0.3552238805970149,0.6009019165727171,0.3350599781897492,0.7796278158667971,0.2462540716612378,0.14578271433530024,0.24913043478260868,0.6666666666666666
4O162032,여자,60대 이상,주부,고졸(대학 재학 포함),강원도,1세대가족,기혼,맞벌이 하지 않음,200-300만원 미만,0.08924821503569928,0.12094337783841731,0.1256537152083114,0.14230503795721186,0.09196873736693167,0.17447916666666669,0.20525123284019728,3,0.2574626865671641,0.40623825629462607,0.727917121046892,0.8628795298726737,0.3990228013029316,0.4543561263450191,0.4260869565217392,1.0
1H001016,남자,40대,사무 종사자,대학교 졸업(전문대졸/대학원생 포함),경기도,1인 가구,미혼(사별/이혼 포함),맞벌이 하지 않음,300-400만원 미만,0.08798824023519529,0.13409999025436117,0.06633673791723703,0.13333333333333333,0.08550060638727934,0.16425540123456792,0.15860322537651608,1,0.2529850746268656,0.45697106350995864,0.26717557251908397,0.7992164544564153,0.3677524429967427,0.4175633460603957,0.27391304347826095,0.3333333333333333
4O154034,여자,50대,서비스 종사자,대학교 졸업(전문대졸/대학원생 포함),강원도,1세대가족,기혼,맞벌이 함,400-500만원 미만,0.2383452330953381,0.14920573043563007,0.09487206486258819,0.1533471359558316,0.1482953779814041,0.1427469135802469,0.2692256430761029,0,0.7873134328358208,0.5152198421645998,0.48882224645583416,0.9412340842311457,0.6713355048859935,0.3401596667823672,0.6347826086956523,0.0
1M001248,여자,60대 이상,사무 종사자,대학교 졸업(전문대졸/대학원생 포함),충청북도,2세대가족,기혼,맞벌이 함,700-800만원 미만,0.1497270054598908,0.16333690673423643,0.07462005545610895,0.1305728088336784,0.07566365718905807,0.08294753086419754,0.1283486605357857,0,0.4723880597014924,0.5697106350995865,0.3315158124318429,0.7796278158667971,0.32019543973941367,0.12495661228740021,0.17521739130434785,0.0
3D062045,여자,40대,주부,대학교 졸업(전문대졸/대학원생 포함),대구광역시,2세대가족,기혼,맞벌이 하지 않음,400-500만원 미만,0.14279714405711885,0.12873988889971738,0.1176862868976168,0.15886818495514146,0.14014283789246731,0.18171296296296297,0.12794882047181128,3,0.44776119402985065,0.4363021420518602,0.6660305343511451,0.9804113614103818,0.6319218241042346,0.4803887539048941,0.1739130434782609,1.0
3D045005,여자,50대,사무 종사자,대학교 졸업(전문대졸/대학원생 포함),대구광역시,2세대가족,기혼,맞벌이 함,200-300만원 미만,0.11696766064678707,0.12143065977974857,0.0938541995717946,0.11124913733609385,0.09466379194178681,0.15779320987654322,0.23897107823537256,0,0.35597014925373127,0.4081172491544532,0.48091603053435106,0.642507345739471,0.41205211726384366,0.3943075321069073,0.5360869565217392,0.0
1D000802,여자,40대,판매 종사자,고졸(대학 재학 포함),대구광역시,2세대가족,기혼,맞벌이 함,400-500만원 미만,0.06509869802603949,0.06821947178637561,0.06117721385700748,0.023464458247066944,0.04042581862282711,0.15480324074074076,0.1399440223910436,2,0.17164179104477612,0.20293122886133036,0.22709923664122142,0.01958863858961804,0.1498371335504886,0.383547379382159,0.21304347826086958,0.6666666666666666
1H001018,여자,20대,주부,고졸(대학 재학 포함),경기도,2세대가족,기혼,맞벌이 하지 않음,200-300만원 미만,0.1005879882402352,0.17210798167819902,0.05405215682145239,0.1305728088336784,0.08166015361811077,0.17351466049382716,0.20831667333066775,3,0.2977611940298507,0.603532506576475,0.17175572519083968,0.7796278158667971,0.34918566775244303,0.45088510933703574,0.4360869565217391,1.0
1M001251,여자,50대,단순노무 종사자,고졸(대학 재학 포함),충청북도,2세대가족,기혼,맞벌이 함,500-600만원 미만,0.14405711885762285,0.1477438846116363,0.06538907023270507,0.1305728088336784,0.07492251718097291,0.09741512345679013,0.15860322537651608,2,0.45223880597014915,0.5095828635851183,0.25981461286804797,0.7796278158667971,0.3166123778501629,0.17702186740715029,0.27391304347826095,0.6666666666666666
1H001024,여자,50대,서비스 종사자,고졸(대학 재학 포함),경기도,1인 가구,미혼(사별/이혼 포함),맞벌이 하지 않음,200-300만원 미만,0.12662746745065098,0.16626059838222396,0.07486574707802465,0.12505175983436853,0.06825225710820644,0.16165123456790123,0.15593762495002,1,0.39029850746268646,0.5809845922585494,0.3334242093784079,0.7404505386875613,0.28436482084690556,0.4081916001388406,0.26521739130434785,0.3333333333333333
3D045004,여자,60대 이상,주부,고졸(대학 재학 포함),대구광역시,2세대가족,기혼,맞벌이 하지 않음,500-600만원 미만,0.10751784964300715,0.1253289153103986,0.10220771471692815,0.11400966183574879,0.09951489017652607,0.1609760802469136,0.21857923497267762,3,0.3223880597014925,0.4231491920330703,0.5458015267175571,0.662095984329089,0.43550488599348536,0.4057618882332523,0.4695652173913044,1.0
1H001026,여자,50대,사무 종사자,대학교 졸업(전문대졸/대학원생 포함),경기도,2세대가족,기혼,맞벌이 함,800-900만원 미만,0.10121797564048719,0.14189650131566126,0.07749815731283564,0.1305728088336784,0.06414229888155235,0.17959104938271606,0.2385712381713981,0,0.29999999999999993,0.4870349492671928,0.3538713195201746,0.7796278158667971,0.26449511400651465,0.47275251648733074,0.5347826086956522,0.0
3D062050,여자,40대,주부,대학교 졸업(전문대졸/대학원생 포함),대구광역시,3세대가족,기혼,맞벌이 하지 않음,400-500만원 미만,0.14132717345653087,0.19501023292076797,0.10722684356463445,0.15610766045548655,0.10429861204689396,0.13532021604938274,0.15727042516326803,3,0.4425373134328357,0.6918451709883502,0.5847873500545256,0.960822722820764,0.4586319218241043,0.31343283582089565,0.26956521739130435,1.0
3O151033,여자,60대 이상,판매 종사자,고졸(대학 재학 포함),강원도,1세대가족,기혼,맞벌이 함,300-400만원 미만,0.10289794204115918,0.1191891628496248,0.08328945982941982,0.11359558316080055,0.08260342271931007,0.13657407407407407,0.17726242836198855,2,0.3059701492537313,0.3994738819992484,0.39885496183206104,0.6591576885406465,0.3537459283387622,0.31794515793127387,0.33478260869565224,0.6666666666666666
4A005007,여자,60대 이상,판매 종사자,대학교 졸업(전문대졸/대학원생 포함),서울특별시,1인 가구,미혼(사별/이혼 포함),맞벌이 하지 않음,500-600만원 미만,0.13397732045359093,0.15164214014228633,0.0956793373345969,0.1388543823326432,0.07936935722948389,0.11188271604938273,0.14527522324403572,1,0.4164179104477611,0.5246148064637354,0.49509269356597596,0.8383937316356511,0.33811074918566775,0.22908712252690042,0.23043478260869563,0.3333333333333333
4O145012,여자,60대 이상,농림어업 숙련 종사자,중졸 이하,강원도,1인 가구,미혼(사별/이혼 포함),맞벌이 하지 않음,200-300만원 미만,0.056698866022679546,0.12191794172107982,0.07356709136218455,0.13126293995859212,0.05093653146476216,0.13078703703703703,0.2652272424363588,1,0.14179104477611937,0.4099962420142803,0.32333696837513626,0.7845249755142016,0.2006514657980456,0.29711905588337384,0.6217391304347827,0.3333333333333333
1H001036,여자,50대,판매 종사자,고졸(대학 재학 포함),경기도,1인 가구,미혼(사별/이혼 포함),맞벌이 하지 않음,200-300만원 미만,0.07895842083158337,0.14189650131566126,0.07416377101540839,0.1305728088336784,0.07000404258186228,0.19830246913580246,0.2065840330534453,1,0.22089552238805965,0.4870349492671928,0.32797164667393675,0.7796278158667971,0.2928338762214984,0.5400902464422075,0.4304347826086957,0.3333333333333333
3O162003,여자,60대 이상,주부,고졸(대학 재학 포함),강원도,1세대가족,기혼,맞벌이 하지 않음,300-400만원 미만,0.07979840403191936,0.12094337783841731,0.12779474219929102,0.14230503795721186,0.10214256838700983,0.177758487654321,0.17859522857523658,3,0.2238805970149253,0.40623825629462607,0.744547437295529,0.8628795298726737,0.4482084690553746,0.46615758417216246,0.33913043478260874,1.0
1C001143,여자,50대,서비스 종사자,대학교 졸업(전문대졸/대학원생 포함),인천광역시,2세대가족,기혼,맞벌이 함,600-700만원 미만,0.07664846703065939,0.17454439138485528,0.08953704678670457,0.136783988957902,0.04790459506805012,0.11390817901234568,0.25189924030387845,0,0.21268656716417905,0.6129274708756106,0.44738276990185377,0.8237022526934379,0.18599348534201954,0.2363762582436654,0.5782608695652174,0.0
1H001062,여자,50대,서비스 종사자,고졸(대학 재학 포함),경기도,1세대가족,기혼,맞벌이 함,400-500만원 미만,0.13418731625367492,0.14189650131566126,0.06802148046751606,0.12781228433402345,0.06730898800700715,0.13956404320987653,0.25856324137011866,2,0.4171641791044775,0.4870349492671928,0.28026172300981467,0.7600391772771791,0.27980456026058637,0.32870531065602215,0.6000000000000001,0.6666666666666666
4A005014,여자,30대,사무 종사자,대학교 졸업(전문대졸/대학원생 포함),서울특별시,1세대가족,기혼,맞벌이 함,600-700만원 미만,0.1007979840403192,0.14628203878764254,0.11280755326243375,0.13402346445824706,0.06737636437137852,0.10706018518518519,0.16926562708250034,0,0.29850746268656714,0.503945885005637,0.6281352235550708,0.8041136141038197,0.28013029315960913,0.2117320374869837,0.30869565217391304,0.0
1M001255,여자,60대 이상,사무 종사자,대학교 졸업(전문대졸/대학원생 포함),충청북도,1세대가족,기혼,맞벌이 함,500-600만원 미만,0.08609827803443931,0.15261670402494884,0.07637499561264961,0.12781228433402345,0.07229483897048915,0.08873456790123457,0.16566706650673066,0,0.24626865671641784,0.5283727921833896,0.3451472191930207,0.7600391772771791,0.3039087947882736,0.14578271433530024,0.29695652173913045,0.0
1M001272,여자,60대 이상,주부,고졸(대학 재학 포함),충청북도,1인 가구,미혼(사별/이혼 포함),맞벌이 하지 않음,100-200만원 미만,0.13082738345233094,0.1636292758990352,0.060685830613176096,0.11953071083505866,0.07384449535103085,0.09741512345679013,0.18259362921498068,1,0.4052238805970148,0.5708380308154829,0.22328244274809164,0.701273261508325,0.31140065146579804,0.17702186740715029,0.3521739130434782,0.3333333333333333
1O000778,여자,60대 이상,주부,고졸(대학 재학 포함),강원도,1세대가족,기혼,맞벌이 하지 않음,300-400만원 미만,0.247795044099118,0.16411655784036647,0.09557404092520445,0.15058661145617666,0.12437676862956475,0.1625192901234568,0.2798880447820872,3,0.8208955223880596,0.5727170236753101,0.4942748091603053,0.9216454456415277,0.5557003257328991,0.41131551544602574,0.6695652173913044,1.0
1M001279,남자,30대,전문가 및 관련 종사자,대학교 졸업(전문대졸/대학원생 포함),충청북도,1인 가구,미혼(사별/이혼 포함),맞벌이 하지 않음,200-300만원 미만,0.125157496850063,0.16947665919501026,0.06454669895756555,0.1305728088336784,0.05989758792615551,0.0935570987654321,0.15327202452352393,1,0.38507462686567157,0.5933859451334085,0.25327153762268273,0.7796278158667971,0.2439739413680782,0.1631377993752169,0.25652173913043474,0.3333333333333333
1M001282,여자,60대 이상,단순노무 종사자,고졸(대학 재학 포함),충청북도,1세대가족,기혼,맞벌이 함,500-600만원 미만,0.10499790004199916,0.17405710944352404,0.06489768698887369,0.12781228433402345,0.05120603692224767,0.09934413580246915,0.14927362388377982,2,0.31343283582089543,0.6110484780157835,0.25599781897491825,0.7600391772771791,0.2019543973941368,0.183963901423117,0.24347826086956523,0.6666666666666666
4O158018,여자,50대,서비스 종사자,고졸(대학 재학 포함),강원도,1세대가족,기혼,맞벌이 함,400-500만원 미만,0.0867282654346913,0.12776532501705487,0.13158541293741882,0.14230503795721186,0.12727395229753402,0.16290509259259262,0.18392642942822873,2,0.2485074626865671,0.4325441563322059,0.7739912758996726,0.8628795298726737,0.5697068403908795,0.41270392224921904,0.35652173913043483,0.6666666666666666
4A005035,여자,50대,서비스 종사자,대학교 졸업(전문대졸/대학원생 포함),서울특별시,2세대가족,미혼(사별/이혼 포함),맞벌이 하지 않음,300-400만원 미만,0.06299874002519949,0.13946009160900497,0.10947316696500649,0.136783988957902,0.07209270987737501,0.11911651234567902,0.2016526722644276,1,0.16417910447761191,0.47763998496805704,0.6022355507088331,0.8237022526934379,0.30293159609120524,0.25511975008677545,0.41434782608695664,0.3333333333333333
3M165008,남자,60대 이상,기능원 및 관련 기능 종사자,고졸(대학 재학 포함),충청북도,1인 가구,미혼(사별/이혼 포함),맞벌이 하지 않음,200-300만원 미만,0.13082738345233094,0.16528603449956145,0.0665473307360219,0.1305728088336784,0.08684813367470691,0.09741512345679013,0.14260962281753967,1,0.4052238805970148,0.5772266065388951,0.2688113413304253,0.7796278158667971,0.37426710097719873,0.17702186740715029,0.2217391304347827,0.3333333333333333
4P241021,여자,40대,사무 종사자,대학교 졸업(전문대졸/대학원생 포함),제주특별자치도,1인 가구,미혼(사별/이혼 포함),맞벌이 하지 않음,100-200만원 미만,0.029399412011759767,0.11412143065977975,0.11164929275911692,0.12574189095928226,0.10564613933432153,0.09645061728395062,0.23723843795815008,1,0.04477611940298508,0.3799323562570462,0.6191384950926936,0.7453476983349656,0.4651465798045603,0.17355085039916693,0.5304347826086957,0.3333333333333333
4P241035,여자,50대,서비스 종사자,대학교 졸업(전문대졸/대학원생 포함),제주특별자치도,2세대가족,미혼(사별/이혼 포함),맞벌이 하지 않음,200-300만원 미만,0.029399412011759767,0.11412143065977975,0.11154399634972448,0.12574189095928226,0.0774828190270853,0.11410108024691358,0.23457283753165403,1,0.04477611940298508,0.3799323562570462,0.6183206106870229,0.7453476983349656,0.32899022801302935,0.23707046164526205,0.5217391304347827,0.3333333333333333
4O158030,여자,50대,서비스 종사자,고졸(대학 재학 포함),강원도,1세대가족,기혼,맞벌이 함,400-500만원 미만,0.08399832003359933,0.12094337783841731,0.133621143519006,0.14230503795721186,0.12397251044333647,0.14265046296296297,0.1599360255897641,2,0.2388059701492537,0.40623825629462607,0.7898037077426391,0.8628795298726737,0.5537459283387622,0.3398125650815689,0.27826086956521745,0.6666666666666666
4A245006,여자,60대 이상,판매 종사자,고졸(대학 재학 포함),서울특별시,1세대가족,기혼,맞벌이 함,300-400만원 미만,0.1742965140697186,0.14092193743299875,0.07995507353199256,0.13333333333333333,0.09473116830615819,0.12017746913580248,0.2385712381713981,2,0.5597014925373134,0.48327696354753846,0.3729552889858233,0.7992164544564153,0.41237785016286643,0.25893786879555714,0.5347826086956522,0.6666666666666666
1H001646,여자,60대 이상,주부,고졸(대학 재학 포함),경기도,1세대가족,기혼,맞벌이 하지 않음,300-400만원 미만,0.13082738345233094,0.1560276776142676,0.09132708574637605,0.14230503795721186,0.07424875353725913,0.11284722222222222,0.26789284286285486,3,0.4052238805970148,0.5415257422021795,0.4612868047982551,0.8628795298726737,0.31335504885993487,0.23255813953488372,0.6304347826086957,1.0
3G100042,여자,40대,사무 종사자,대학교 졸업(전문대졸/대학원생 포함),울산광역시,2세대가족,기혼,맞벌이 함,400-500만원 미만,0.20600587988240235,0.16869700808888025,0.0813590256572251,0.14782608695652172,0.08819566096213448,0.15133101851851852,0.2785552445688391,0,0.6723880597014925,0.590379556557685,0.3838604143947656,0.9020568070519097,0.38078175895765476,0.37105171815341886,0.6652173913043478,0.0
1O000483,여자,60대 이상,서비스 종사자,고졸(대학 재학 포함),강원도,1세대가족,기혼,맞벌이 함,300-400만원 미만,0.15959680806383872,0.1084689601403372,0.06995191463971079,0.10531400966183574,0.11002560301846113,0.13078703703703703,0.18525922964147676,2,0.5074626865671641,0.35813603908305147,0.2952562704471101,0.6003917727717922,0.4863192182410424,0.29711905588337384,0.36086956521739133,0.6666666666666666
1H001659,여자,40대,사무 종사자,대학교 졸업(전문대졸/대학원생 포함),경기도,2세대가족,기혼,맞벌이 함,600-700만원 미만,0.1364972700545989,0.14725660267030505,0.0697062230177951,0.13954451345755692,0.07532677536720118,0.10416666666666667,0.30161268825803017,0,0.42537313432835816,0.5077038707252912,0.29334787350054525,0.8432908912830557,0.3185667752442997,0.20131898646303367,0.7404347826086958,0.0
1C000979,여자,40대,사무 종사자,대학교 졸업(전문대졸/대학원생 포함),인천광역시,2세대가족,기혼,맞벌이 함,500-600만원 미만,0.20474590508189836,0.19647207874476172,0.08620266048927731,0.12781228433402345,0.13178816871041638,0.13213734567901236,0.22790883646541385,0,0.6679104477611939,0.6974821495678316,0.42148309705561604,0.7600391772771791,0.5915309446254072,0.3019784796945506,0.5,0.0
3O155002,여자,60대 이상,주부,고졸(대학 재학 포함),강원도,1세대가족,기혼,맞벌이 하지 않음,300-400만원 미만,0.2013859722805544,0.1423837832569925,0.10663016391141063,0.15058661145617666,0.1284867268562188,0.18643904320987656,0.2572304411568706,3,0.6559701492537313,0.4889139421270199,0.5801526717557252,0.9216454456415277,0.5755700325732899,0.49739673724401245,0.5956521739130435,1.0
1D000894,여자,30대,주부,고졸(대학 재학 포함),대구광역시,2세대가족,기혼,맞벌이 하지 않음,200-300만원 미만,0.08315833683326335,0.16090049702758016,0.052507809483696606,0.11193926846100759,0.07728068993397116,0.1427469135802469,0.15860322537651608,3,0.23582089552238805,0.560315670800451,0.15976008724100324,0.6474045053868756,0.32801302931596094,0.3401596667823672,0.27391304347826095,1.0
4O158036,여자,60대 이상,농림어업 숙련 종사자,고졸(대학 재학 포함),강원도,1세대가족,기혼,맞벌이 함,200-300만원 미만,0.051028979420411597,0.11899425007309229,0.0911866905338528,0.14230503795721186,0.07788707721331356,0.1609760802469136,0.17193122750899642,2,0.12164179104477611,0.3987222848553175,0.4601962922573609,0.8628795298726737,0.3309446254071661,0.4057618882332523,0.31739130434782614,0.6666666666666666
1H001661,여자,40대,서비스 종사자,대학교 졸업(전문대졸/대학원생 포함),경기도,2세대가족,기혼,맞벌이 함,500-600만원 미만,0.1868962620747585,0.19111197739011793,0.0909059001088063,0.15058661145617666,0.08651125185285002,0.11188271604938273,0.2998800479808077,0,0.6044776119402985,0.6768132281097331,0.4580152671755725,0.9216454456415277,0.3726384364820847,0.22908712252690042,0.7347826086956523,0.0
4A005042,여자,60대 이상,사무 종사자,고졸(대학 재학 포함),서울특별시,1세대가족,기혼,맞벌이 함,"1,000만원 이상",0.126207475850483,0.16284962479290518,0.11866905338527957,0.1450655624568668,0.09372052284058752,0.1089891975308642,0.15727042516326803,2,0.3888059701492537,0.5678316422397595,0.6736641221374046,0.8824681684622917,0.40749185667752447,0.21867407150295035,0.26956521739130435,0.6666666666666666
4A245009,여자,40대,서비스 종사자,대학교 졸업(전문대졸/대학원생 포함),서울특별시,2세대가족,기혼,맞벌이 함,600-700만원 미만,0.23897522049559008,0.1243543514277361,0.10655996630514901,0.14437543133195307,0.13185554507478775,0.12471064814814817,0.23057443689190993,0,0.78955223880597,0.419391206313416,0.5796074154852782,0.8775710088148874,0.5918566775244299,0.27525164873307884,0.5086956521739131,0.0
1D000899,여자,20대,서비스 종사자,대학교 졸업(전문대졸/대학원생 포함),대구광역시,1세대가족,기혼,맞벌이 함,400-500만원 미만,0.08147837043259135,0.12776532501705487,0.056965357481309896,0.136783988957902,0.0652203207114944,0.18769290123456792,0.23990403838464616,0,0.22985074626865665,0.4325441563322059,0.19438386041439484,0.8237022526934379,0.2697068403908795,0.5019090593543908,0.5391304347826088,0.0
1H001693,여자,40대,사무 종사자,대학교 졸업(전문대졸/대학원생 포함),경기도,2세대가족,기혼,맞벌이 함,500-600만원 미만,0.14594708105837884,0.14628203878764254,0.07721736688778913,0.13402346445824706,0.052755693302789376,0.10011574074074074,0.29854724776755964,0,0.4589552238805969,0.503945885005637,0.35169029443838606,0.8041136141038197,0.20944625407166123,0.18674071502950365,0.7304347826086957,0.0
3O155003,여자,40대,판매 종사자,고졸(대학 재학 포함),강원도,2세대가족,기혼,맞벌이 함,400-500만원 미만,0.19634607307853844,0.1511548582009551,0.09241514864343127,0.14782608695652172,0.12403988680770785,0.1695601851851852,0.29321604691456754,2,0.6380597014925373,0.5227358136039083,0.46973827699018544,0.9020568070519097,0.5540716612377851,0.4366539396043041,0.7130434782608697,0.6666666666666666
1O000455,여자,60대 이상,서비스 종사자,고졸(대학 재학 포함),강원도,1세대가족,기혼,맞벌이 함,300-400만원 미만,0.1364972700545989,0.12016372673228731,0.0766206872345653,0.10255348516218081,0.08913893006333379,0.11342592592592593,0.2065840330534453,2,0.42537313432835816,0.4032318677189027,0.3470556161395856,0.5808031341821742,0.385342019543974,0.23464074973967372,0.4304347826086957,0.6666666666666666
1D000900,남자,20대,사무 종사자,고졸(대학 재학 포함),대구광역시,1세대가족,기혼,맞벌이 하지 않음,200-300만원 미만,0.05249895002099958,0.11392651788324726,0.06854796251447826,0.13609385783298825,0.07007141894623366,0.12114197530864197,0.1829934692789551,3,0.12686567164179102,0.3791807591131154,0.28435114503816794,0.8188050930460331,0.2931596091205212,0.2624088858035404,0.35347826086956524,1.0
1C000996,여자,50대,판매 종사자,대학교 졸업(전문대졸/대학원생 포함),인천광역시,2세대가족,기혼,맞벌이 함,600-700만원 미만,0.19172616547669047,0.1638241886755677,0.08332455863255063,0.136783988957902,0.09486592103490096,0.11574074074074074,0.24030387844862058,0,0.6216417910447761,0.5715896279594137,0.3991275899672846,0.8237022526934379,0.41302931596091214,0.24297119055883373,0.5404347826086957,0.0
4H125035,여자,40대,사무 종사자,대학교 졸업(전문대졸/대학원생 포함),경기도,2세대가족,기혼,맞벌이 함,500-600만원 미만,0.19739605207895844,0.18429003021148038,0.07981467831946931,0.14782608695652172,0.07606791537528636,0.11506558641975309,0.25589764094362255,0,0.6417910447761194,0.6505073280721533,0.3718647764449291,0.9020568070519097,0.32214983713355055,0.2405414786532454,0.591304347826087,0.0
4H125070,여자,40대,사무 종사자,대학교 졸업(전문대졸/대학원생 포함),경기도,2세대가족,기혼,맞벌이 함,500-600만원 미만,0.17849643007139857,0.14725660267030505,0.07577831595942579,0.1450655624568668,0.10652203207114944,0.1099537037037037,0.28921764627482344,0,0.5746268656716417,0.5077038707252912,0.34051254089422023,0.8824681684622917,0.4693811074918567,0.2221450885109337,0.7000000000000001,0.0
4O158033,여자,60대 이상,주부,중졸 이하,강원도,1세대가족,기혼,맞벌이 하지 않음,100-200만원 미만,0.0741285174296514,0.12094337783841731,0.10189182548875084,0.1450655624568668,0.0900148228001617,0.1875,0.20791683326669333,3,0.203731343283582,0.40623825629462607,0.5433478735005453,0.8824681684622917,0.38957654723127033,0.5012148559527941,0.4347826086956522,1.0
1O000783,여자,60대 이상,사무 종사자,대학교 졸업(전문대졸/대학원생 포함),강원도,1인 가구,미혼(사별/이혼 포함),맞벌이 하지 않음,400-500만원 미만,0.19340613187736244,0.1582691745443914,0.08785230423642554,0.14782608695652172,0.1116426357633742,0.16280864197530867,0.27588964414234307,1,0.6276119402985074,0.5501691093573845,0.4342966194111232,0.9020568070519097,0.4941368078175896,0.4123568205484207,0.6565217391304348,0.3333333333333333
4H135034,여자,40대,사무 종사자,대학교 졸업(전문대졸/대학원생 포함),경기도,2세대가족,기혼,맞벌이 함,500-600만원 미만,0.1364972700545989,0.18331546632881787,0.08469341195465235,0.136783988957902,0.06441180433903786,0.09741512345679013,0.22657603625216582,0,0.42537313432835816,0.646749342352499,0.4097600872410033,0.8237022526934379,0.26579804560260584,0.17702186740715029,0.4956521739130435,0.0
4H135068,여자,40대,사무 종사자,대학교 졸업(전문대졸/대학원생 포함),경기도,2세대가족,기혼,맞벌이 함,500-600만원 미만,0.12179756404871903,0.19598479680343048,0.09041451686497491,0.13954451345755692,0.06623096617706509,0.10320216049382716,0.24656803945088632,0,0.37313432835820887,0.6956031567080044,0.4541984732824428,0.8432908912830557,0.2745928338762215,0.19784796945505032,0.5608695652173913,0.0
4A245012,여자,60대 이상,주부,고졸(대학 재학 포함),서울특별시,1세대가족,기혼,맞벌이 하지 않음,200-300만원 미만,0.20684586308273836,0.10388850989182341,0.07125057035555088,0.13333333333333333,0.10564613933432153,0.13136574074074073,0.23457283753165403,3,0.6753731343283582,0.3404735062006764,0.30534351145038163,0.7992164544564153,0.4651465798045603,0.2992016660881638,0.5217391304347827,1.0
1C000938,여자,40대,사무 종사자,대학교 졸업(전문대졸/대학원생 포함),인천광역시,2세대가족,기혼,맞벌이 함,400-500만원 미만,0.1864762704745905,0.19208654127278044,0.09301182829665508,0.136783988957902,0.08166015361811077,0.13310185185185186,0.21857923497267762,0,0.6029850746268656,0.6805712138293873,0.4743729552889857,0.8237022526934379,0.34918566775244303,0.30544949670253385,0.4695652173913044,0.0
4H124030,여자,50대,서비스 종사자,대학교 졸업(전문대졸/대학원생 포함),경기도,2세대가족,기혼,맞벌이 함,700-800만원 미만,0.07874842503149937,0.17356982750219277,0.07233863325260609,0.13954451345755692,0.0536315860396173,0.10638503086419754,0.25856324137011866,0,0.22014925373134325,0.6091694851559564,0.31379498364231184,0.8432908912830557,0.21368078175895766,0.20930232558139536,0.6000000000000001,0.0
4A245018,여자,50대,서비스 종사자,대학교 졸업(전문대졸/대학원생 포함),서울특별시,1인 가구,미혼(사별/이혼 포함),맞벌이 하지 않음,200-300만원 미만,0.1497270054598908,0.13215086248903615,0.09216945702151558,0.1388543823326432,0.07519202263845842,0.10927854938271606,0.21724643475942956,1,0.4723880597014924,0.44945509207065004,0.4678298800436206,0.8383937316356511,0.31791530944625407,0.21971537660534537,0.4652173913043478,0.3333333333333333
1M000008,여자,40대,서비스 종사자,대학교 졸업(전문대졸/대학원생 포함),충청북도,2세대가족,기혼,맞벌이 함,500-600만원 미만,0.1530869382612348,0.20378130786473053,0.07735776210031238,0.13402346445824706,0.05518124242015901,0.19010416666666666,0.20791683326669333,0,0.4843283582089552,0.7256670424652385,0.35278080697928027,0.8041136141038197,0.2211726384364821,0.5105866018743491,0.4347826086956522,0.0
1M000033,여자,30대,단순노무 종사자,고졸(대학 재학 포함),충청북도,2세대가족,기혼,맞벌이 함,500-600만원 미만,0.12053758924821503,0.17454439138485528,0.08279807658558844,0.136783988957902,0.048645735076135295,0.13599537037037038,0.25856324137011866,2,0.36865671641791037,0.6129274708756106,0.3950381679389313,0.8237022526934379,0.18957654723127038,0.3158625477264839,0.6000000000000001,0.6666666666666666
3G100056,여자,50대,사무 종사자,대학교 졸업(전문대졸/대학원생 포함),울산광역시,1세대가족,기혼,맞벌이 함,400-500만원 미만,0.21398572028559432,0.20378130786473053,0.07065389070232705,0.1450655624568668,0.07606791537528636,0.16454475308641975,0.2336398773823804,0,0.7007462686567164,0.7256670424652385,0.30070883315158126,0.8824681684622917,0.32214983713355055,0.41860465116279066,0.5186956521739131,0.0
4A245027,여자,60대 이상,서비스 종사자,대학교 졸업(전문대졸/대학원생 포함),서울특별시,1세대가족,기혼,맞벌이 함,400-500만원 미만,0.21062578748425032,0.11265958483578599,0.0940998911937103,0.1305728088336784,0.1288236086780757,0.1295331790123457,0.23190723710515795,2,0.6888059701492537,0.3742953776775648,0.48282442748091603,0.7796278158667971,0.5771986970684039,0.2926067337729956,0.5130434782608696,0.6666666666666666
3I214072,여자,60대 이상,판매 종사자,고졸(대학 재학 포함),경상북도,2세대가족,기혼,맞벌이 함,500-600만원 미만,0.1747165056698866,0.13751096384367997,0.07286511529956828,0.12574189095928226,0.09850424471095538,0.15750385802469138,0.18965747034519528,2,0.5611940298507463,0.47012401352874866,0.3178844056706651,0.7453476983349656,0.4306188925081433,0.3932662270045124,0.37521739130434795,0.6666666666666666
3G104077,여자,30대,주부,대학교 졸업(전문대졸/대학원생 포함),울산광역시,2세대가족,기혼,맞벌이 하지 않음,300-400만원 미만,0.25535489290214197,0.15797680537959263,0.08715032817380929,0.1450655624568668,0.11966042312356824,0.18026620370370372,0.2878848460615754,3,0.8477611940298507,0.5490417136414881,0.42884405670665215,0.8824681684622917,0.532899022801303,0.4751822283929191,0.6956521739130436,1.0
3I214080,여자,50대,주부,대학교 졸업(전문대졸/대학원생 포함),경상북도,1세대가족,기혼,맞벌이 하지 않음,300-400만원 미만,0.19781604367912642,0.12679076113439236,0.08532519041100699,0.1285024154589372,0.11669586309122759,0.1505594135802469,0.18832467013194726,3,0.6432835820895522,0.42878617061255164,0.41466739367502725,0.7649363369245838,0.5185667752442997,0.36827490454703227,0.37086956521739145,1.0
3G104070,여자,40대,주부,대학교 졸업(전문대졸/대학원생 포함),울산광역시,2세대가족,기혼,맞벌이 하지 않음,300-400만원 미만,0.27572448551028983,0.1638241886755677,0.0715313607805974,0.15058661145617666,0.12134483223285271,0.16695601851851852,0.27588964414234307,3,0.9201492537313433,0.5715896279594137,0.30752453653217016,0.9216454456415277,0.541042345276873,0.427282193682749,0.6565217391304348,1.0
4I214039,여자,30대,사무 종사자,대학교 졸업(전문대졸/대학원생 포함),경상북도,2세대가족,기혼,맞벌이 함,600-700만원 미만,0.21062578748425032,0.14823116655296756,0.07960408550068443,0.1285024154589372,0.12505053227327853,0.12393904320987655,0.15100626416100227,0,0.6888059701492537,0.5114618564449455,0.3702290076335878,0.7649363369245838,0.5589576547231271,0.2724748351266921,0.24913043478260868,0.0
3G104014,여자,40대,사무 종사자,대학교 졸업(전문대졸/대학원생 포함),울산광역시,1세대가족,기혼,맞벌이 함,500-600만원 미만,0.24737505249895003,0.15797680537959263,0.09452107683128005,0.14782608695652172,0.13589812693707046,0.17554012345679013,0.2612288417966147,0,0.8194029850746268,0.5490417136414881,0.48609596510359865,0.9020568070519097,0.611400651465798,0.45817424505380067,0.6086956521739131,0.0
4B032020,여자,30대,사무 종사자,대학원 졸업 이상,부산광역시,1인 가구,미혼(사별/이혼 포함),맞벌이 하지 않음,200-300만원 미만,0.10877782444351113,0.16674788032355523,0.08620266048927731,0.12298136645962732,0.06171674976418272,0.14573688271604937,0.21724643475942956,1,0.326865671641791,0.5828635851183765,0.42148309705561604,0.7257590597453476,0.2527687296416938,0.3509198195071155,0.4652173913043478,0.3333333333333333
4B032025,여자,20대,사무 종사자,대학원 졸업 이상,부산광역시,1인 가구,미혼(사별/이혼 포함),맞벌이 하지 않음,200-300만원 미만,0.18479630407391853,0.11412143065977975,0.07714716928152751,0.12298136645962732,0.10901495755289045,0.13994984567901234,0.2452352392376383,1,0.5970149253731343,0.3799323562570462,0.35114503816793896,0.7257590597453476,0.4814332247557004,0.33009371745921545,0.5565217391304348,0.3333333333333333
4B032030,남자,20대,기능원 및 관련 기능 종사자,고졸(대학 재학 포함),부산광역시,1인 가구,미혼(사별/이혼 포함),맞벌이 하지 않음,300-400만원 미만,0.16022679546409072,0.09463015300652958,0.07932329507563793,0.12022084195997239,0.15449400350357095,0.14081790123456792,0.13461282153805146,1,0.5097014925373133,0.30477264186396086,0.3680479825517994,0.7061704211557296,0.7013029315960914,0.3332176327664006,0.19565217391304354,0.3333333333333333
4B032045,여자,30대,사무 종사자,대학원 졸업 이상,부산광역시,1인 가구,미혼(사별/이혼 포함),맞벌이 하지 않음,200-300만원 미만,0.1518269634607308,0.16284962479290518,0.07746305850970482,0.14230503795721186,0.07566365718905807,0.14429012345679013,0.18126082900173265,1,0.4798507462686567,0.5678316422397595,0.3535986913849509,0.8628795298726737,0.32019543973941367,0.3457132939951405,0.34782608695652173,0.3333333333333333
4B032055,남자,20대,서비스 종사자,고졸(대학 재학 포함),부산광역시,1인 가구,미혼(사별/이혼 포함),맞벌이 하지 않음,300-400만원 미만,0.09848803023939522,0.16314199395770396,0.0654943666420975,0.13954451345755692,0.06063872793424067,0.14033564814814817,0.23497267759562845,1,0.29029850746268654,0.5689590379556558,0.2606324972737185,0.8432908912830557,0.247557003257329,0.33148212426240886,0.5230434782608697,0.3333333333333333
4B032060,남자,40대,서비스 종사자,대학교 졸업(전문대졸/대학원생 포함),부산광역시,1인 가구,미혼(사별/이혼 포함),맞벌이 하지 않음,400-500만원 미만,0.06299874002519949,0.1297144527823799,0.09634621459408234,0.1285024154589372,0.06569195526209405,0.11043595679012347,0.18659202985472478,1,0.16417910447761191,0.4400601277715145,0.5002726281352234,0.7649363369245838,0.2719869706840391,0.22388059701492538,0.3652173913043478,0.3333333333333333
1H000148,여자,50대,사무 종사자,대학교 졸업(전문대졸/대학원생 포함),경기도,2세대가족,기혼,맞벌이 함,800-900만원 미만,0.07034859302813944,0.12776532501705487,0.07946369028816118,0.13954451345755692,0.05228405875218973,0.10513117283950618,0.3149406903905105,0,0.1902985074626865,0.4325441563322059,0.3691384950926936,0.8432908912830557,0.20716612377850163,0.20479000347101703,0.783913043478261,0.0
4C067031,여자,30대,사무 종사자,대학교 졸업(전문대졸/대학원생 포함),인천광역시,1세대가족,기혼,맞벌이 함,700-800만원 미만,0.07832843343133136,0.12386706948640484,0.07560282194377173,0.13402346445824706,0.09345101738310199,0.10320216049382716,0.2798880447820872,0,0.21865671641791035,0.41751221345358885,0.3391494002181026,0.8041136141038197,0.40618892508143317,0.19784796945505032,0.6695652173913044,0.0
4C067062,여자,30대,사무 종사자,대학교 졸업(전문대졸/대학원생 포함),인천광역시,2세대가족,기혼,맞벌이 함,800-900만원 미만,0.0741285174296514,0.15407854984894262,0.05363097118388264,0.13402346445824706,0.028028567578493466,0.10223765432098766,0.2825536452085832,0,0.203731343283582,0.5340097707628711,0.1684841875681571,0.8041136141038197,0.08990228013029318,0.19437695244706701,0.6782608695652174,0.0
4A018008,여자,60대 이상,단순노무 종사자,고졸(대학 재학 포함),서울특별시,1세대가족,기혼,맞벌이 함,500-600만원 미만,0.06992860142797144,0.14140921937433,0.06953072900214102,0.13402346445824706,0.05073440237164802,0.1257716049382716,0.2838864454218313,2,0.1888059701492537,0.48515595640736564,0.2919847328244274,0.8041136141038197,0.1996742671009772,0.2790697674418605,0.682608695652174,0.6666666666666666
1C001132,여자,60대 이상,주부,고졸(대학 재학 포함),인천광역시,2세대가족,기혼,맞벌이 하지 않음,600-700만원 미만,0.10205795884082319,0.17454439138485528,0.07841072619423678,0.13126293995859212,0.07532677536720118,0.09500385802469136,0.20391843262694923,3,0.30298507462686564,0.6129274708756106,0.36095965103598693,0.7845249755142016,0.3185667752442997,0.16834432488719195,0.4217391304347826,1.0
4P241038,여자,50대,판매 종사자,고졸(대학 재학 포함),제주특별자치도,1인 가구,미혼(사별/이혼 포함),맞벌이 하지 않음,100-200만원 미만,0.04724905501889962,0.14043465549166748,0.10750763398968095,0.1285024154589372,0.0718232044198895,0.10831404320987655,0.22790883646541385,1,0.10820895522388059,0.4813979706877113,0.5869683751363141,0.7649363369245838,0.301628664495114,0.21624435959736202,0.5,0.3333333333333333
4J223019,남자,30대,장치·기계 조작 및 조립 종사자,대학교 졸업(전문대졸/대학원생 포함),경상남도,2세대가족,기혼,맞벌이 함,500-600만원 미만,0.1900461990760185,0.12610856641652862,0.09610052297216666,0.1285024154589372,0.12296186497776579,0.14930555555555558,0.13861122217779556,0,0.6156716417910448,0.4261555806087937,0.4983642311886587,0.7649363369245838,0.5488599348534202,0.36376258243665394,0.2086956521739131,0.0
4P241041,여자,50대,주부,대학교 졸업(전문대졸/대학원생 포함),제주특별자치도,1세대가족,기혼,맞벌이 하지 않음,200-300만원 미만,0.051028979420411597,0.1297144527823799,0.09736407988487591,0.1285024154589372,0.13199029780353053,0.11429398148148148,0.21724643475942956,3,0.12164179104477611,0.4400601277715145,0.5081788440567065,0.7649363369245838,0.5925081433224757,0.2377646650468587,0.4652173913043478,1.0
4J223028,여자,50대,취업 준비 중,중졸 이하,경상남도,1인 가구,미혼(사별/이혼 포함),맞벌이 하지 않음,100만원 미만,0.16064678706425872,0.1072994834811422,0.0758485135656874,0.12574189095928226,0.1069936666217491,0.16116898148148148,0.17992802878848463,1,0.5111940298507462,0.35362645621946637,0.34105779716466733,0.7453476983349656,0.47166123778501634,0.40645609163484897,0.34347826086956523,0.3333333333333333
3A017003,여자,60대 이상,주부,대학교 졸업(전문대졸/대학원생 포함),서울특별시,1세대가족,기혼,맞벌이 하지 않음,400-500만원 미만,0.11591768164636708,0.16723516226488647,0.10550700221122461,0.11400966183574879,0.13273143781161567,0.11149691358024691,0.12794882047181128,3,0.3522388059701492,0.5847425779782036,0.5714285714285715,0.662095984329089,0.5960912052117264,0.227698715723707,0.1739130434782609,1.0
1O000787,남자,50대,군인,대학교 졸업(전문대졸/대학원생 포함),강원도,1인 가구,미혼(사별/이혼 포함),맞벌이 하지 않음,400-500만원 미만,0.1774464510709786,0.16216743007504145,0.08785230423642554,0.1450655624568668,0.12788033957687645,0.16763117283950618,0.23723843795815008,1,0.5708955223880596,0.5652010522360016,0.4342966194111232,0.8824681684622917,0.5726384364820848,0.4297119055883374,0.5304347826086957,0.3333333333333333
4J223036,여자,40대,주부,중졸 이하,경상남도,2세대가족,미혼(사별/이혼 포함),맞벌이 하지 않음,200-300만원 미만,0.1616967660646787,0.12484163336906735,0.06668772594854516,0.12574189095928226,0.08826303732650585,0.12201003086419754,0.16660002665600426,1,0.5149253731343283,0.42127019917324315,0.2699018538713195,0.7453476983349656,0.3811074918566775,0.2655328011107254,0.29999999999999993,0.3333333333333333
1A001049,여자,40대,사무 종사자,대학교 졸업(전문대졸/대학원생 포함),서울특별시,2세대가족,기혼,맞벌이 함,700-800만원 미만,0.09428811423771524,0.11753240424909853,0.12926889193078517,0.1305728088336784,0.10167093383641018,0.14284336419753085,0.11595361855257898,0,0.27537313432835814,0.3930853062758361,0.7559978189749182,0.7796278158667971,0.445928338762215,0.3405067684831655,0.1347826086956522,0.0
4O155082,여자,40대,주부,고졸(대학 재학 포함),강원도,2세대가족,기혼,맞벌이 하지 않음,400-500만원 미만,0.16610667786644268,0.15359126790761135,0.08690463655189358,0.14161490683229813,0.1169653685487131,0.16830632716049385,0.24656803945088632,3,0.5305970149253731,0.532130777903044,0.4269356597600872,0.8579823702252691,0.5198697068403909,0.43214161749392577,0.5608695652173913,1.0
4J223041,여자,20대,주부,고졸(대학 재학 포함),경상남도,2세대가족,기혼,맞벌이 하지 않음,500-600만원 미만,0.1761864762704746,0.13263814443036742,0.09603032536590503,0.12298136645962732,0.09897587926155504,0.12905092592592593,0.20125283220045317,3,0.5664179104477611,0.4513340849304772,0.4978189749182116,0.7257590597453476,0.432899022801303,0.2908712252690038,0.4130434782608696,1.0
4J223042,여자,20대,서비스 종사자,고졸(대학 재학 포함),경상남도,1인 가구,미혼(사별/이혼 포함),맞벌이 하지 않음,100-200만원 미만,0.12242755144897102,0.13848552772634246,0.07349689375592293,0.12298136645962732,0.079032475407627,0.10204475308641975,0.16526722644275624,1,0.3753731343283581,0.4738819992484028,0.32279171210468915,0.7257590597453476,0.3364820846905538,0.1936827490454703,0.29565217391304344,0.3333333333333333
1O001316,여자,60대 이상,단순노무 종사자,고졸(대학 재학 포함),강원도,1세대가족,기혼,맞벌이 함,200-300만원 미만,0.0741285174296514,0.13361270831302993,0.1250921343582184,0.14782608695652172,0.09136235008758926,0.1556712962962963,0.17859522857523658,2,0.203731343283582,0.4550920706501316,0.7235550708833152,0.9020568070519097,0.39609120521172636,0.3866712946893439,0.33913043478260874,0.6666666666666666
4L196017,여자,60대 이상,주부,중졸 이하,전라남도,1세대가족,기혼,맞벌이 하지 않음,200-300만원 미만,0.1360772784544309,0.15797680537959263,0.07433926503106245,0.1450655624568668,0.06791537528634954,0.2040895061728395,0.25056644009063045,3,0.42388059701492525,0.5490417136414881,0.3293347873500545,0.8824681684622917,0.2827361563517915,0.5609163484901075,0.573913043478261,1.0
1A001046,여자,30대,전문가 및 관련 종사자,대학교 졸업(전문대졸/대학원생 포함),서울특별시,1세대가족,기혼,맞벌이 함,700-800만원 미만,0.054598908021839566,0.11460871260111101,0.11252676283738726,0.13333333333333333,0.1470152270583479,0.10513117283950618,0.10662401705984273,0,0.13432835820895522,0.3818113491168733,0.6259541984732825,0.7992164544564153,0.6651465798045603,0.20479000347101703,0.1043478260869565,0.0
1O000867,여자,40대,주부,대학교 졸업(전문대졸/대학원생 포함),강원도,1세대가족,기혼,맞벌이 하지 않음,400-500만원 미만,0.1623267534649307,0.17678588831497907,0.09311712470604754,0.1533471359558316,0.1113731303058887,0.1695601851851852,0.2425696388111422,3,0.5171641791044775,0.6215708380308155,0.4751908396946566,0.9412340842311457,0.49283387622149843,0.4366539396043041,0.5478260869565217,1.0
4L196034,여자,60대 이상,주부,중졸 이하,전라남도,1인 가구,미혼(사별/이혼 포함),맞벌이 하지 않음,100만원 미만,0.09680806383872323,0.15183705291881885,0.05942227370046682,0.1391304347826087,0.0674437407357499,0.2175925925925926,0.2105824336931894,1,0.2843283582089552,0.5253664036076663,0.21346782988004367,0.8403525954946132,0.2804560260586319,0.6095105866018743,0.4434782608695652,0.3333333333333333
4D045011,여자,40대,사무 종사자,고졸(대학 재학 포함),대구광역시,2세대가족,기혼,맞벌이 함,500-600만원 미만,0.08798824023519529,0.12776532501705487,0.08901056473974238,0.14230503795721186,0.08246866999056732,0.12480709876543211,0.20125283220045317,0,0.2529850746268656,0.4325441563322059,0.4432933478735005,0.8628795298726737,0.3530944625407167,0.27559875043387716,0.4130434782608696,0.0
1O000932,남자,50대,사무 종사자,대학교 졸업(전문대졸/대학원생 포함),강원도,1인 가구,미혼(사별/이혼 포함),맞벌이 하지 않음,300-400만원 미만,0.1509869802603948,0.16606568560569146,0.0938191007686638,0.15058661145617666,0.1057135156986929,0.15914351851851852,0.25989604158336665,1,0.476865671641791,0.5802329951146186,0.4806434023991276,0.9216454456415277,0.46547231270358314,0.39916695591808393,0.6043478260869565,0.3333333333333333
1O001318,여자,60대 이상,주부,고졸(대학 재학 포함),강원도,2세대가족,기혼,맞벌이 하지 않음,"1,000만원 이상",0.08819823603527929,0.1297144527823799,0.14671299708679936,0.1450655624568668,0.13407896509904324,0.14332561728395063,0.18925763028122086,3,0.25373134328358204,0.4400601277715145,0.8914940021810253,0.8824681684622917,0.6026058631921825,0.34224227698715726,0.37391304347826093,1.0
1O000019,여자,60대 이상,주부,중졸 이하,강원도,1세대가족,기혼,맞벌이 하지 않음,300-400만원 미만,0.127467450650987,0.11899425007309229,0.13899126039802043,0.14230503795721186,0.07984099178008354,0.09934413580246915,0.12661602025856325,3,0.3932835820895522,0.3987222848553175,0.8315158124318428,0.8628795298726737,0.34039087947882735,0.183963901423117,0.1695652173913044,1.0
3L196077,여자,60대 이상,판매 종사자,중졸 이하,전라남도,1인 가구,미혼(사별/이혼 포함),맞벌이 하지 않음,100만원 미만,0.1753464930701386,0.16967157197154276,0.04211856375697589,0.14230503795721186,0.07532677536720118,0.18952546296296297,0.23057443689190993,1,0.5634328358208955,0.5941375422773394,0.07906215921483098,0.8628795298726737,0.3185667752442997,0.5085039916695592,0.5086956521739131,0.3333333333333333
4J234018,여자,40대,판매 종사자,고졸(대학 재학 포함),경상남도,2세대가족,기혼,맞벌이 함,600-700만원 미만,0.1736665266694666,0.1797095799629666,0.0861324628830157,0.12298136645962732,0.0981673628890985,0.12644675925925927,0.19592163134746102,2,0.5574626865671641,0.6328447951897783,0.42093784078516905,0.7257590597453476,0.42899022801302933,0.2814994793474488,0.3956521739130434,0.6666666666666666
3L196080,여자,60대 이상,판매 종사자,고졸(대학 재학 포함),전라남도,1세대가족,기혼,맞벌이 함,300-400만원 미만,0.14405711885762285,0.20183218009940554,0.07363728896844618,0.13636991028295375,0.07047567713246193,0.14621913580246915,0.1905904304944689,2,0.45223880597014915,0.7181510710259301,0.32388222464558336,0.8207639569049949,0.295114006514658,0.3526553280111072,0.37826086956521743,0.6666666666666666
4J234034,남자,20대,서비스 종사자,고졸(대학 재학 포함),경상남도,1인 가구,미혼(사별/이혼 포함),맞벌이 하지 않음,200-300만원 미만,0.15455690886182274,0.1699639411363415,0.03983714155347303,0.12574189095928226,0.08159277725373938,0.09587191358024692,0.18925763028122086,1,0.48955223880597004,0.5952649379932357,0.061341330425299906,0.7453476983349656,0.3488599348534202,0.17146824019437698,0.37391304347826093,0.3333333333333333
3M167083,여자,30대,사무 종사자,대학교 졸업(전문대졸/대학원생 포함),충청북도,1세대가족,기혼,맞벌이 함,500-600만원 미만,0.17513649727005462,0.20280674398206805,0.09199396300586152,0.15610766045548655,0.07909985177199838,0.12393904320987655,0.2065840330534453,0,0.5626865671641791,0.7219090567455844,0.4664667393675028,0.960822722820764,0.33680781758957656,0.2724748351266921,0.4304347826086957,0.0
1O001352,여자,50대,사무 종사자,고졸(대학 재학 포함),강원도,1인 가구,미혼(사별/이혼 포함),맞벌이 하지 않음,300-400만원 미만,0.10142797144057118,0.14043465549166748,0.13667473939138675,0.1450655624568668,0.12134483223285271,0.14988425925925927,0.17632946821271495,1,0.30074626865671633,0.4813979706877113,0.8135223555070882,0.8824681684622917,0.541042345276873,0.365845192641444,0.33173913043478265,0.3333333333333333
1D000892,여자,30대,서비스 종사자,대학교 졸업(전문대졸/대학원생 포함),대구광역시,1인 가구,미혼(사별/이혼 포함),맞벌이 하지 않음,200-300만원 미만,0.10625787484250315,0.14920573043563007,0.07300551051209155,0.1285024154589372,0.0900148228001617,0.14602623456790126,0.17326402772224445,1,0.317910447761194,0.5152198421645998,0.31897491821155943,0.7649363369245838,0.38957654723127033,0.3519611246095107,0.32173913043478264,0.3333333333333333
3L196070,여자,60대 이상,판매 종사자,고졸(대학 재학 포함),전라남도,1세대가족,기혼,맞벌이 함,500-600만원 미만,0.11759764804703907,0.1306890166650424,0.07012740865536486,0.13126293995859212,0.06623096617706509,0.1869212962962963,0.29095028655204586,2,0.3582089552238806,0.44381811349116873,0.296619411123228,0.7845249755142016,0.2745928338762215,0.4991322457480042,0.7056521739130435,0.6666666666666666
4O149002,여자,30대,사무 종사자,대학교 졸업(전문대졸/대학원생 포함),강원도,1세대가족,기혼,맞벌이 함,500-600만원 미만,0.24863502729945403,0.1647987525582302,0.09683759783791372,0.15058661145617666,0.13603287966581323,0.15817901234567902,0.2825536452085832,0,0.8238805970149253,0.5753476136790681,0.5040894220283533,0.9216454456415277,0.6120521172638437,0.3956959389101007,0.6782608695652174,0.0
4J234068,여자,60대 이상,주부,중졸 이하,경상남도,1세대가족,기혼,맞벌이 하지 않음,200-300만원 미만,0.19697606047879043,0.15797680537959263,0.0845179179389983,0.12298136645962732,0.09553968467861475,0.13917824074074076,0.17326402772224445,3,0.6402985074626866,0.5490417136414881,0.40839694656488557,0.7257590597453476,0.41628664495114015,0.32731690385282886,0.32173913043478264,1.0
1N000162,남자,40대,장치·기계 조작 및 조립 종사자,고졸(대학 재학 포함),충청남도,1세대가족,기혼,맞벌이 함,500-600만원 미만,0.07139857202855943,0.16070558425104767,0.06584535467340563,0.13333333333333333,0.0680501280150923,0.08873456790123457,0.18832467013194726,2,0.1940298507462686,0.5595640736565201,0.26335877862595414,0.7992164544564153,0.28338762214983715,0.14578271433530024,0.37086956521739145,0.6666666666666666
3M167077,여자,60대 이상,판매 종사자,고졸(대학 재학 포함),충청북도,1세대가족,기혼,맞벌이 함,500-600만원 미만,0.2095758084838303,0.17941721079816783,0.09199396300586152,0.15058661145617666,0.09149710281633204,0.12731481481481483,0.23897107823537256,2,0.6850746268656716,0.631717399473882,0.4664667393675028,0.9216454456415277,0.39674267100977206,0.2846233946546338,0.5360869565217392,0.6666666666666666
1D000885,여자,30대,주부,대학교 졸업(전문대졸/대학원생 포함),대구광역시,2세대가족,기혼,맞벌이 하지 않음,200-300만원 미만,0.08294834103317934,0.1891628496247929,0.05759713593766452,0.13402346445824706,0.05545074787764452,0.17418981481481483,0.16926562708250034,3,0.2350746268656716,0.6692972566704246,0.19929116684841872,0.8041136141038197,0.2224755700325733,0.4533148212426241,0.30869565217391304,1.0
4J234073,남자,20대,사무 종사자,대학교 졸업(전문대졸/대학원생 포함),경상남도,1인 가구,미혼(사별/이혼 포함),맞벌이 하지 않음,200-300만원 미만,0.13817723645527089,0.13877789689114123,0.05440314485276052,0.13126293995859212,0.0834119390917666,0.11844135802469136,0.19992003198720512,1,0.43134328358208945,0.47500939496429917,0.17448200654307525,0.7845249755142016,0.35765472312703583,0.25269003818118707,0.408695652173913,0.3333333333333333
1N000165,여자,60대 이상,단순노무 종사자,고졸(대학 재학 포함),충청남도,1인 가구,미혼(사별/이혼 포함),맞벌이 하지 않음,200-300만원 미만,0.07139857202855943,0.13312542637169866,0.07297041170896072,0.12781228433402345,0.0592912006468131,0.08680555555555555,0.17459682793549247,1,0.1940298507462686,0.4532130777903043,0.31870229007633577,0.7600391772771791,0.24104234527687296,0.13884068031933353,0.32608695652173914,0.3333333333333333
3L196035,여자,60대 이상,주부,중졸 이하,전라남도,1세대가족,기혼,맞벌이 하지 않음,200-300만원 미만,0.14027719445611087,0.19013741350745542,0.07679618125021938,0.15058661145617666,0.07667430265462875,0.18817515432098766,0.19898707183793152,3,0.4388059701492536,0.6730552423900789,0.34841875681570345,0.9216454456415277,0.3250814332247557,0.5036445678583825,0.40565217391304353,1.0
1N000167,여자,60대 이상,주부,고졸(대학 재학 포함),충청남도,1인 가구,미혼(사별/이혼 포함),맞벌이 하지 않음,200-300만원 미만,0.0993280134397312,0.1789299288568366,0.06805657927064687,0.1305728088336784,0.056124511521358306,0.08873456790123457,0.15327202452352393,1,0.2932835820895522,0.6298384066140549,0.2805343511450381,0.7796278158667971,0.2257328990228013,0.14578271433530024,0.25652173913043474,0.3333333333333333
1M000438,여자,60대 이상,서비스 종사자,고졸(대학 재학 포함),충청북도,1세대가족,기혼,맞벌이 함,600-700만원 미만,0.15959680806383872,0.21645063833934317,0.08925625636165807,0.15058661145617666,0.07970623905134079,0.12393904320987655,0.19992003198720512,2,0.5074626865671641,0.7745208568207441,0.44520174482006536,0.9216454456415277,0.3397394136807818,0.2724748351266921,0.408695652173913,0.6666666666666666
4J234074,여자,50대,주부,중졸 이하,경상남도,1인 가구,미혼(사별/이혼 포함),맞벌이 하지 않음,100-200만원 미만,0.19130617387652246,0.11899425007309229,0.0983117475694079,0.12574189095928226,0.11460719579571485,0.10590277777777778,0.17459682793549247,1,0.6201492537313432,0.3987222848553175,0.5155398037077428,0.7453476983349656,0.5084690553745929,0.20756681707740368,0.32608695652173914,0.3333333333333333
4O149012,여자,40대,판매 종사자,고졸(대학 재학 포함),강원도,2세대가족,기혼,맞벌이 함,500-600만원 미만,0.2123057538849223,0.1531039859662801,0.09322242111543998,0.1533471359558316,0.14890176526074653,0.17100694444444448,0.28695188591230175,2,0.694776119402985,0.5302517850432169,0.47600872410032724,0.9412340842311457,0.6742671009771988,0.4418604651162791,0.692608695652174,0.6666666666666666
3L196021,남자,60대 이상,무직,중졸 이하,전라남도,1인 가구,미혼(사별/이혼 포함),맞벌이 하지 않음,100만원 미만,0.1511969760604788,0.05067732189845045,0.035555087571513815,0.020703933747412008,0.05592238242824417,0.19618055555555558,0.2692256430761029,1,0.47761194029850745,0.13528748590755357,0.02808069792802617,0.0,0.2247557003257329,0.5324540090246442,0.6347826086956523,0.3333333333333333
3N175001,여자,50대,판매 종사자,고졸(대학 재학 포함),충청남도,2세대가족,기혼,맞벌이 함,500-600만원 미만,0.09785804283914322,0.18019686190429784,0.06444140254817311,0.1305728088336784,0.07047567713246193,0.09452160493827161,0.1439424230307877,2,0.28805970149253723,0.6347237880496054,0.25245365321701196,0.7796278158667971,0.295114006514658,0.16660881638320027,0.22608695652173919,0.6666666666666666
1O001358,여자,20대,주부,대학교 졸업(전문대졸/대학원생 포함),강원도,2세대가족,기혼,맞벌이 하지 않음,300-400만원 미만,0.09659806803863923,0.1297144527823799,0.15524200624758697,0.1450655624568668,0.14681309796523379,0.13667052469135801,0.15860322537651608,3,0.28358208955223874,0.4400601277715145,0.9577426390403491,0.8824681684622917,0.6641693811074919,0.3182922596320722,0.27391304347826095,1.0
1A001040,여자,40대,사무 종사자,대학교 졸업(전문대졸/대학원생 포함),서울특별시,2세대가족,기혼,맞벌이 함,700-800만원 미만,0.07769844603107938,0.10681220153981094,0.10666526271454142,0.12229123533471359,0.1404797197143242,0.09452160493827161,0.11062241769958683,0,0.21641791044776115,0.35174746335963925,0.5804252998909486,0.720861900097943,0.6335504885993486,0.16660881638320027,0.1173913043478261,0.0
4J234087,여자,60대 이상,주부,중졸 이하,경상남도,1세대가족,기혼,맞벌이 하지 않음,600-700만원 미만,0.18857622847543049,0.1297144527823799,0.08644835211119302,0.12574189095928226,0.10247945020886673,0.12104552469135803,0.17859522857523658,3,0.6104477611940298,0.4400601277715145,0.423391494002181,0.7453476983349656,0.44983713355048865,0.26206178410274206,0.33913043478260874,1.0
1M000416,여자,50대,사무 종사자,대학교 졸업(전문대졸/대학원생 포함),충청북도,1세대가족,기혼,맞벌이 함,500-600만원 미만,0.1619067618647627,0.1881882857421304,0.0792881962725071,0.14782608695652172,0.09695458833041369,0.13213734567901236,0.1985872317739571,0,0.5156716417910446,0.6655392709507703,0.3677753544165757,0.9020568070519097,0.42312703583061895,0.3019784796945506,0.4043478260869565,0.0
3N175002,남자,50대,장치·기계 조작 및 조립 종사자,고졸(대학 재학 포함),충청남도,1세대가족,기혼,맞벌이 함,500-600만원 미만,0.10919781604367913,0.1626547120163727,0.07205784282755959,0.1305728088336784,0.06872389165880609,0.0935570987654321,0.1519392243102759,2,0.32835820895522383,0.5670800450958287,0.31161395856052343,0.7796278158667971,0.28664495114006516,0.1631377993752169,0.25217391304347825,0.6666666666666666
4O149017,여자,50대,판매 종사자,고졸(대학 재학 포함),강원도,2세대가족,기혼,맞벌이 함,500-600만원 미만,0.14237715245695085,0.15992593314491765,0.10059316977291076,0.15610766045548655,0.1204689394960248,0.15673225308641975,0.26789284286285486,2,0.44626865671641774,0.5565576850807966,0.5332606324972738,0.960822722820764,0.5368078175895766,0.3904894133981256,0.6304347826086957,0.6666666666666666
3L196056,여자,60대 이상,주부,중졸 이하,전라남도,1인 가구,미혼(사별/이혼 포함),맞벌이 하지 않음,100만원 미만,0.12662746745065098,0.12679076113439236,0.03474781509950511,0.12574189095928226,0.05228405875218973,0.21113040123456792,0.26789284286285486,1,0.39029850746268646,0.42878617061255164,0.021810250817884375,0.7453476983349656,0.20716612377850163,0.586254772648386,0.6304347826086957,0.3333333333333333
1M000038,여자,50대,서비스 종사자,고졸(대학 재학 포함),충청북도,1세대가족,기혼,맞벌이 함,500-600만원 미만,0.22070558588828224,0.10437579183315467,0.08992313362114351,0.13402346445824706,0.12538741409513543,0.11670524691358025,0.21991203518592564,2,0.7246268656716417,0.3423524990605035,0.45038167938931284,0.8041136141038197,0.5605863192182411,0.2464422075668171,0.4739130434782609,0.6666666666666666
1D000888,여자,50대,주부,고졸(대학 재학 포함),대구광역시,1세대가족,기혼,맞벌이 하지 않음,300-400만원 미만,0.09407811843763124,0.13263814443036742,0.07398827699975431,0.13402346445824706,0.08745452095404932,0.14081790123456792,0.15593762495002,3,0.2746268656716417,0.4513340849304772,0.326608505997819,0.8041136141038197,0.3771986970684039,0.3332176327664006,0.26521739130434785,1.0
1D000895,여자,20대,판매 종사자,고졸(대학 재학 포함),대구광역시,1인 가구,미혼(사별/이혼 포함),맞벌이 하지 않음,200-300만원 미만,0.0755984880302394,0.17356982750219277,0.054262749640237265,0.14230503795721186,0.03907829133539954,0.2559799382716049,0.2918832467013195,1,0.208955223880597,0.6091694851559564,0.17339149400218098,0.8628795298726737,0.14332247557003258,0.7476570635196111,0.7086956521739131,0.3333333333333333
4O149023,여자,60대 이상,단순노무 종사자,고졸(대학 재학 포함),강원도,1인 가구,미혼(사별/이혼 포함),맞벌이 하지 않음,200-300만원 미만,0.1499370012599748,0.14433291102231752,0.08258748376680355,0.1533471359558316,0.11453981943134348,0.1427469135802469,0.28655204584832733,1,0.47313432835820884,0.4964299135663284,0.3934023991275899,0.9412340842311457,0.50814332247557,0.3401596667823672,0.691304347826087,0.3333333333333333
1A001036,여자,50대,사무 종사자,대학교 졸업(전문대졸/대학원생 포함),서울특별시,2세대가족,기혼,맞벌이 함,600-700만원 미만,0.09197816043679126,0.16606568560569146,0.09634621459408234,0.12574189095928226,0.09836949198221263,0.12442129629629631,0.12794882047181128,0,0.26716417910447754,0.5802329951146186,0.5002726281352234,0.7453476983349656,0.42996742671009774,0.27421034363068386,0.1739130434782609,0.0
4B028020,여자,60대 이상,판매 종사자,고졸(대학 재학 포함),부산광역시,1세대가족,기혼,맞벌이 함,300-400만원 미만,0.056698866022679546,0.16041321508624892,0.09648660980660559,0.14161490683229813,0.042447109553968465,0.1847993827160494,0.2065840330534453,2,0.14179104477611937,0.5584366779406238,0.5013631406761176,0.8579823702252691,0.15960912052117265,0.4914960083304408,0.4304347826086957,0.6666666666666666
1O000021,여자,40대,주부,대학교 졸업(전문대졸/대학원생 포함),강원도,2세대가족,기혼,맞벌이 하지 않음,400-500만원 미만,0.13124737505249895,0.11899425007309229,0.1376575058790495,0.13954451345755692,0.08758927368279207,0.09934413580246915,0.12928162068505933,3,0.40671641791044766,0.3987222848553175,0.8211559432933476,0.8432908912830557,0.3778501628664495,0.183963901423117,0.17826086956521744,1.0
1M000431,여자,40대,사무 종사자,대학교 졸업(전문대졸/대학원생 포함),충청북도,1세대가족,기혼,맞벌이 함,500-600만원 미만,0.14300713985720284,0.17941721079816783,0.09824154996314625,0.1533471359558316,0.09938013744778332,0.13435570987654322,0.2385712381713981,0,0.448507462686567,0.631717399473882,0.5149945474372954,0.9412340842311457,0.43485342019543977,0.3099618188129122,0.5347826086956522,0.0
1M000056,여자,60대 이상,단순노무 종사자,중졸 이하,충청북도,1세대가족,기혼,맞벌이 함,500-600만원 미만,0.2127257454850903,0.11801968619042978,0.06591555227966726,0.13126293995859212,0.10416385931815118,0.10542052469135803,0.23590563774490206,2,0.6962686567164178,0.3949642991356632,0.26390403489640124,0.7845249755142016,0.45798045602605864,0.205831308573412,0.5260869565217392,0.6666666666666666
1O001363,여자,60대 이상,서비스 종사자,고졸(대학 재학 포함),강원도,1인 가구,미혼(사별/이혼 포함),맞벌이 하지 않음,200-300만원 미만,0.07979840403191936,0.1316635805477049,0.12414446667368642,0.1450655624568668,0.09742622288101334,0.16512345679012344,0.1829934692789551,1,0.2238805970149253,0.447576099210823,0.716194111232279,0.8824681684622917,0.42540716612377855,0.4206872613675806,0.35347826086956524,0.3333333333333333
1A001032,여자,60대 이상,주부,고졸(대학 재학 포함),서울특별시,1세대가족,기혼,맞벌이 하지 않음,300-400만원 미만,0.07727845443091137,0.11246467205925349,0.12417956547681724,0.12298136645962732,0.11171001212774559,0.18094135802469136,0.11062241769958683,3,0.2149253731343283,0.37354378053363396,0.7164667393675027,0.7257590597453476,0.49446254071661244,0.4776119402985074,0.1173913043478261,1.0
4B028029,여자,60대 이상,판매 종사자,대학교 졸업(전문대졸/대학원생 포함),부산광역시,1인 가구,미혼(사별/이혼 포함),맞벌이 하지 않음,300-400만원 미만,0.05522889542209156,0.16431147061689894,0.0755326243375101,0.14161490683229813,0.043323002290796386,0.18894675925925927,0.2065840330534453,1,0.13656716417910447,0.5734686208192408,0.33860414394765537,0.8579823702252691,0.16384364820846908,0.5064213814647691,0.4304347826086957,0.3333333333333333
4D045022,여자,50대,서비스 종사자,고졸(대학 재학 포함),대구광역시,2세대가족,미혼(사별/이혼 포함),맞벌이 하지 않음,500-600만원 미만,0.13586728265434692,0.13390507747782868,0.09480186725632657,0.11746031746031746,0.1022099447513812,0.1613618827160494,0.23897107823537256,1,0.4231343283582089,0.4562194663660277,0.48827699018538717,0.6865817825661116,0.44853420195439736,0.40715029503644573,0.5360869565217392,0.3333333333333333
1N000193,여자,60대 이상,단순노무 종사자,고졸(대학 재학 포함),충청남도,1인 가구,미혼(사별/이혼 포함),맞벌이 하지 않음,200-300만원 미만,0.07832843343133136,0.1610954098041127,0.06595065108279809,0.12463768115942028,0.06151462067106859,0.08873456790123457,0.1412768226042916,1,0.21865671641791035,0.5610672679443819,0.2641766630316249,0.7375122428991185,0.2517915309446254,0.14578271433530024,0.21739130434782608,0.3333333333333333
1O000030,여자,60대 이상,주부,고졸(대학 재학 포함),강원도,1세대가족,기혼,맞벌이 하지 않음,300-400만원 미만,0.15770684586308273,0.10047753630250464,0.11691411322873892,0.1285024154589372,0.11959304675919687,0.09288194444444445,0.1052912168465947,3,0.5007462686567163,0.3273205561818865,0.6600327153762269,0.7649363369245838,0.5325732899022801,0.16070808746962859,0.1,1.0
1A001026,여자,60대 이상,주부,고졸(대학 재학 포함),서울특별시,1세대가족,기혼,맞벌이 하지 않음,400-500만원 미만,0.09848803023939522,0.11899425007309229,0.12066968516373593,0.12298136645962732,0.08482684274356556,0.18441358024691357,0.0972944155671065,3,0.29029850746268654,0.3987222848553175,0.6892039258451472,0.7257590597453476,0.3644951140065147,0.4901076015272474,0.07391304347826086,1.0
1N000221,여자,40대,판매 종사자,고졸(대학 재학 포함),충청남도,2세대가족,기혼,맞벌이 함,500-600만원 미만,0.08609827803443931,0.17600623720884906,0.07167175599312063,0.1305728088336784,0.0727664735210888,0.10127314814814815,0.1399440223910436,2,0.24626865671641784,0.618564449455092,0.30861504907306425,0.7796278158667971,0.3061889250814332,0.19090593543908366,0.21304347826086958,0.6666666666666666
4O161016,여자,50대,주부,대학교 졸업(전문대졸/대학원생 포함),강원도,1세대가족,기혼,맞벌이 하지 않음,400-500만원 미만,0.08252834943301134,0.1297144527823799,0.14916991330595628,0.1450655624568668,0.13650451421641288,0.14834104938271606,0.17366386778621887,3,0.23358208955223875,0.4400601277715145,0.9105779716466739,0.8824681684622917,0.6143322475570033,0.3602915654286706,0.32304347826086965,1.0
1M000397,여자,40대,사무 종사자,대학교 졸업(전문대졸/대학원생 포함),충청북도,2세대가족,기혼,맞벌이 함,500-600만원 미만,0.15581688366232677,0.20573043563005555,0.11463269102523604,0.15058661145617666,0.10544401024120738,0.1314621913580247,0.194588831134213,0,0.49402985074626865,0.7331830139045471,0.6423118865866957,0.9216454456415277,0.46416938110749184,0.2995487677889622,0.3913043478260869,0.0
3M170003,여자,50대,판매 종사자,고졸(대학 재학 포함),충청북도,1세대가족,기혼,맞벌이 함,400-500만원 미만,0.1889962200755985,0.17162069973686775,0.06426590853251904,0.13954451345755692,0.1135291739657728,0.15538194444444445,0.17233106757297084,2,0.6119402985074627,0.6016535137166478,0.2510905125408942,0.8432908912830557,0.503257328990228,0.38562998958694894,0.31869565217391316,0.6666666666666666
1D000018,여자,60대 이상,서비스 종사자,대학교 졸업(전문대졸/대학원생 포함),대구광역시,3세대가족,기혼,맞벌이 함,"900-1,000만원 미만",0.12599748005039899,0.1423837832569925,0.09982099610403285,0.13126293995859212,0.09466379194178681,0.18219521604938274,0.23497267759562845,0,0.3880597014925372,0.4889139421270199,0.5272628135223554,0.7845249755142016,0.41205211726384366,0.48212426240888584,0.5230434782608697,0.0
4N175018,남자,30대,사무 종사자,대학교 졸업(전문대졸/대학원생 포함),충청남도,1세대가족,기혼,맞벌이 함,500-600만원 미만,0.1616967660646787,0.1691842900302115,0.06559966305148995,0.13609385783298825,0.08489421910793693,0.09934413580246915,0.16660002665600426,0,0.5149253731343283,0.5922585494175122,0.2614503816793894,0.8188050930460331,0.36482084690553745,0.183963901423117,0.29999999999999993,0.0
4M163005,여자,40대,사무 종사자,대학교 졸업(전문대졸/대학원생 포함),충청북도,2세대가족,기혼,맞벌이 함,400-500만원 미만,0.21419571608567828,0.17259526361953026,0.07093468112737356,0.136783988957902,0.08779140277590622,0.1080246913580247,0.23057443689190993,0,0.7014925373134328,0.6054114994363021,0.30288985823336967,0.8237022526934379,0.378827361563518,0.21520305449496704,0.5086956521739131,0.0
4D058002,여자,30대,주부,고졸(대학 재학 포함),대구광역시,1세대가족,기혼,맞벌이 하지 않음,200-300만원 미만,0.06509869802603949,0.16723516226488647,0.0686532589238707,0.1305728088336784,0.058819566096213444,0.13724922839506173,0.16526722644275624,3,0.17164179104477612,0.5847425779782036,0.2851690294438386,0.7796278158667971,0.23876221498371336,0.32037486983686225,0.29565217391304344,1.0
4N177041,여자,50대,사무 종사자,대학교 졸업(전문대졸/대학원생 포함),충청남도,1세대가족,기혼,맞벌이 함,500-600만원 미만,0.17240655186896262,0.16236234285157394,0.07749815731283564,0.11677018633540372,0.09594394286484301,0.12876157407407407,0.17592962814874052,0,0.5529850746268656,0.5659526493799324,0.3538713195201746,0.681684622918707,0.41824104234527687,0.2898299201666088,0.33043478260869574,0.0
1D000041,여자,60대 이상,주부,대학교 졸업(전문대졸/대학원생 포함),대구광역시,2세대가족,기혼,맞벌이 하지 않음,700-800만원 미만,0.11843763124737505,0.13263814443036742,0.080060369941385,0.13954451345755692,0.09648295377981403,0.1638695987654321,0.23230707716913238,3,0.3611940298507462,0.4513340849304772,0.37377317339149396,0.8432908912830557,0.4208469055374593,0.4161749392572024,0.5143478260869566,1.0
1M000399,여자,60대 이상,장치·기계 조작 및 조립 종사자,고졸(대학 재학 포함),충청북도,2세대가족,기혼,맞벌이 함,500-600만원 미만,0.20432591348173038,0.2096286911607056,0.09996139131655611,0.15610766045548655,0.10281633203072361,0.13821373456790126,0.21591363454618154,2,0.6664179104477612,0.7482149567831642,0.5283533260632497,0.960822722820764,0.4514657980456026,0.3238458868448456,0.4608695652173913,0.6666666666666666
1D000896,여자,30대,서비스 종사자,대학교 졸업(전문대졸/대학원생 포함),대구광역시,1인 가구,미혼(사별/이혼 포함),맞벌이 하지 않음,200-300만원 미만,0.04829903401931961,0.1594386512035864,0.04748868063599032,0.12781228433402345,0.047163455059964964,0.1558641975308642,0.1905904304944689,1,0.11194029850746266,0.5546786922209695,0.12077426390403498,0.7600391772771791,0.18241042345276876,0.38736549809094056,0.37826086956521743,0.3333333333333333
3M170006,여자,40대,판매 종사자,고졸(대학 재학 포함),충청북도,2세대가족,기혼,맞벌이 함,400-500만원 미만,0.1753464930701386,0.16674788032355523,0.09199396300586152,0.14782608695652172,0.12383775771459372,0.16454475308641975,0.18126082900173265,2,0.5634328358208955,0.5828635851183765,0.4664667393675028,0.9020568070519097,0.5530944625407167,0.41860465116279066,0.34782608695652173,0.6666666666666666
1M000004,여자,50대,단순노무 종사자,고졸(대학 재학 포함),충청북도,1세대가족,기혼,맞벌이 함,400-500만원 미만,0.20789584208315834,0.1092486112464672,0.1113334035309396,0.13402346445824706,0.1389974396981539,0.1015625,0.21724643475942956,2,0.6791044776119403,0.36114242765877486,0.6166848418756815,0.8041136141038197,0.626384364820847,0.19194724054147863,0.4652173913043478,0.6666666666666666
1O001339,여자,30대,사무 종사자,대학교 졸업(전문대졸/대학원생 포함),강원도,2세대가족,기혼,맞벌이 함,700-800만원 미만,0.08105837883242335,0.1316635805477049,0.16012073988277,0.14782608695652172,0.13603287966581323,0.1335841049382716,0.16793282686925232,0,0.22835820895522385,0.447576099210823,0.9956379498364231,0.9020568070519097,0.6120521172638437,0.3071850052065255,0.30434782608695654,0.0
4E092016,여자,30대,판매 종사자,대학교 졸업(전문대졸/대학원생 포함),대전광역시,1인 가구,미혼(사별/이혼 포함),맞벌이 하지 않음,300-400만원 미만,0.2160856782864343,0.23448007016859956,0.11730020006317785,0.14437543133195307,0.13407896509904324,0.11959876543209877,0.13861122217779556,1,0.7082089552238806,0.8440435926343479,0.6630316248636858,0.8775710088148874,0.6026058631921825,0.2568552585907671,0.2086956521739131,0.3333333333333333
1D000045,여자,60대 이상,서비스 종사자,대학교 졸업(전문대졸/대학원생 포함),대구광역시,1세대가족,기혼,맞벌이 함,"900-1,000만원 미만",0.14489710205795883,0.14628203878764254,0.09964550208837879,0.13402346445824706,0.10241207384449534,0.1685956790123457,0.22391043582566975,2,0.45522388059701485,0.503945885005637,0.5258996728462377,0.8041136141038197,0.4495114006514658,0.43318292259632074,0.4869565217391305,0.6666666666666666
4O145025,여자,60대 이상,주부,중졸 이하,강원도,1세대가족,기혼,맞벌이 하지 않음,200-300만원 미만,0.09029819403611929,0.10145210018516714,0.06047523779439122,0.12022084195997239,0.06623096617706509,0.14882330246913583,0.26789284286285486,3,0.26119402985074625,0.33107854190154073,0.22164667393675033,0.7061704211557296,0.2745928338762215,0.3620270739326623,0.6304347826086957,1.0
1M000020,여자,40대,단순노무 종사자,대학교 졸업(전문대졸/대학원생 포함),충청북도,2세대가족,기혼,맞벌이 함,400-500만원 미만,0.20327593448131037,0.12386706948640484,0.07914780105998385,0.136783988957902,0.10901495755289045,0.11631944444444445,0.21857923497267762,0,0.6626865671641791,0.41751221345358885,0.3666848418756815,0.8237022526934379,0.4814332247557004,0.24505380076362374,0.4695652173913044,0.0
1M000030,여자,50대,서비스 종사자,고졸(대학 재학 포함),충청북도,1세대가족,기혼,맞벌이 함,400-500만원 미만,0.21545569088618227,0.13751096384367997,0.07714716928152751,0.13402346445824706,0.11581997035439967,0.18287037037037038,0.1905904304944689,2,0.7059701492537312,0.47012401352874866,0.35114503816793896,0.8041136141038197,0.5143322475570032,0.4845539743144741,0.37826086956521743,0.6666666666666666
4O145035,여자,60대 이상,주부,중졸 이하,강원도,1세대가족,기혼,맞벌이 하지 않음,300-400만원 미만,0.11612767744645107,0.11899425007309229,0.09322242111543998,0.12298136645962732,0.0809190136100256,0.14506172839506173,0.273224043715847,3,0.35298507462686557,0.3987222848553175,0.47600872410032724,0.7257590597453476,0.3456026058631922,0.3484901076015272,0.6478260869565218,1.0
4H118066,여자,50대,관리자,대학교 졸업(전문대졸/대학원생 포함),경기도,2세대가족,기혼,맞벌이 함,600-700만원 미만,0.12242755144897102,0.13946009160900497,0.07946369028816118,0.136783988957902,0.10760005390109148,0.14351851851851855,0.24390243902439027,0,0.3753731343283581,0.47763998496805704,0.3691384950926936,0.8237022526934379,0.4745928338762214,0.3429364803887539,0.5521739130434783,0.0
1D000030,여자,60대 이상,사무 종사자,대학교 졸업(전문대졸/대학원생 포함),대구광역시,2세대가족,기혼,맞벌이 함,600-700만원 미만,0.19634607307853844,0.13556183607835495,0.09873293320697765,0.13402346445824706,0.11891928311548308,0.16550925925925927,0.21591363454618154,0,0.6380597014925373,0.46260804208944006,0.5188113413304253,0.8041136141038197,0.5293159609120521,0.422075668170774,0.4608695652173913,0.0
4E092005,여자,40대,판매 종사자,고졸(대학 재학 포함),대전광역시,2세대가족,기혼,맞벌이 함,500-600만원 미만,0.1894162116757665,0.21450151057401814,0.0951528552876347,0.15058661145617666,0.1088128284597763,0.12104552469135803,0.18259362921498068,2,0.6134328358208955,0.7670048853814355,0.4910032715376227,0.9216454456415277,0.4804560260586319,0.26206178410274206,0.3521739130434782,0.6666666666666666
4D061050,여자,30대,주부,대학교 졸업(전문대졸/대학원생 포함),대구광역시,2세대가족,기혼,맞벌이 하지 않음,300-400만원 미만,0.09197816043679126,0.18770100380079915,0.06051033659752203,0.147135955831608,0.04904999326236356,0.24604552469135804,0.2105824336931894,3,0.26716417910447754,0.6636602780909432,0.22191930207197388,0.8971596474045052,0.1915309446254072,0.7119055883373828,0.4434782608695652,1.0
3M170009,남자,20대,사무 종사자,대학교 졸업(전문대졸/대학원생 포함),충청북도,1세대가족,미혼(사별/이혼 포함),맞벌이 하지 않음,500-600만원 미만,0.13229735405291895,0.21450151057401814,0.0715313607805974,0.1450655624568668,0.07519202263845842,0.13840663580246915,0.16660002665600426,1,0.4104477611940298,0.7670048853814355,0.30752453653217016,0.8824681684622917,0.31791530944625407,0.32454009024644226,0.29999999999999993,0.3333333333333333
3N176005,여자,30대,판매 종사자,고졸(대학 재학 포함),충청남도,2세대가족,기혼,맞벌이 함,400-500만원 미만,0.125157496850063,0.18087905662216158,0.06338843845424871,0.1305728088336784,0.05855006063872794,0.09066358024691358,0.1563374650139944,2,0.38507462686567157,0.6373543780533634,0.24427480916030533,0.7796278158667971,0.23745928338762218,0.1527247483512669,0.26652173913043475,0.6666666666666666
1D000033,여자,60대 이상,서비스 종사자,대학교 졸업(전문대졸/대학원생 포함),대구광역시,2세대가족,기혼,맞벌이 함,800-900만원 미만,0.251154976900462,0.14140921937433,0.10445403811730021,0.13954451345755692,0.1286214795849616,0.14756944444444445,0.24963347994135682,0,0.8328358208955223,0.48515595640736564,0.5632497273718649,0.8432908912830557,0.5762214983713355,0.35751475182228387,0.5708695652173914,0.0
4O161008,여자,60대 이상,서비스 종사자,고졸(대학 재학 포함),강원도,1세대가족,기혼,맞벌이 함,400-500만원 미만,0.06467870642587148,0.1316635805477049,0.12709276613667475,0.1450655624568668,0.09014957552890447,0.16695601851851852,0.1749966679994669,2,0.17014925373134326,0.447576099210823,0.7390948745910578,0.8824681684622917,0.39022801302931603,0.427282193682749,0.32739130434782615,0.6666666666666666
3N176010,여자,40대,사무 종사자,대학교 졸업(전문대졸/대학원생 포함),충청남도,1세대가족,기혼,맞벌이 함,500-600만원 미만,0.1497270054598908,0.15680732872039765,0.0646870941700888,0.12505175983436853,0.08597224093787899,0.08101851851851852,0.16966546714647476,0,0.4723880597014924,0.5445321307779031,0.2543620501635768,0.7404505386875613,0.3700325732899023,0.11801457827143355,0.31000000000000005,0.0
3M170012,여자,50대,서비스 종사자,대학교 졸업(전문대졸/대학원생 포함),충청북도,2세대가족,미혼(사별/이혼 포함),맞벌이 하지 않음,300-400만원 미만,0.13754724905501892,0.1774680830328428,0.07630479800638798,0.14230503795721186,0.07485514081660154,0.14853395061728394,0.23590563774490206,1,0.42910447761194026,0.6242014280345735,0.3446019629225735,0.8628795298726737,0.3162866449511401,0.36098576883026723,0.5260869565217392,0.3333333333333333
3N176015,여자,60대 이상,단순노무 종사자,중졸 이하,충청남도,1세대가족,기혼,맞벌이 함,400-500만원 미만,0.06152876942461151,0.17483676054965405,0.068407567301955,0.12574189095928226,0.060503975205497905,0.08391203703703703,0.14567506330801014,2,0.15895522388059702,0.614054866591507,0.28326063249727373,0.7453476983349656,0.2469055374592834,0.12842762929538357,0.23173913043478264,0.6666666666666666
1M000107,여자,30대,서비스 종사자,고졸(대학 재학 포함),충청북도,2세대가족,기혼,맞벌이 함,500-600만원 미만,0.16484670306593868,0.1852645940941429,0.04959460882383911,0.136783988957902,0.061379867942325826,0.16618441358024694,0.22124483539917367,2,0.5261194029850745,0.6542653137918076,0.13713195201744824,0.8237022526934379,0.25114006514657977,0.4245053800763624,0.4782608695652174,0.6666666666666666
3N176020,여자,50대,판매 종사자,고졸(대학 재학 포함),충청남도,1인 가구,미혼(사별/이혼 포함),맞벌이 하지 않음,200-300만원 미만,0.12179756404871903,0.18117142578696036,0.05987855814116739,0.12781228433402345,0.06939765530251987,0.09481095679012345,0.1439424230307877,1,0.37313432835820887,0.6384817737692596,0.21701199563794984,0.7600391772771791,0.2899022801302932,0.16765012148559524,0.22608695652173919,0.3333333333333333
3N176025,여자,50대,판매 종사자,고졸(대학 재학 포함),충청남도,2세대가족,기혼,맞벌이 함,500-600만원 미만,0.1119277614447711,0.15456583179027386,0.06900424695517883,0.12505175983436853,0.06959978439563401,0.08680555555555555,0.1869918699186992,2,0.3380597014925372,0.5358887636226982,0.2878953107960741,0.7404505386875613,0.2908794788273616,0.13884068031933353,0.36652173913043484,0.6666666666666666
1M000131,여자,40대,판매 종사자,고졸(대학 재학 포함),충청북도,2세대가족,기혼,맞벌이 함,500-600만원 미만,0.09071818563628728,0.1764935191501803,0.05549120774981573,0.13402346445824706,0.04123433499528366,0.18287037037037038,0.2145808343329335,2,0.26268656716417904,0.6204434423149191,0.18293347873500546,0.8041136141038197,0.15374592833876227,0.4845539743144741,0.4565217391304348,0.6666666666666666
3N176030,남자,60대 이상,기능원 및 관련 기능 종사자,고졸(대학 재학 포함),충청남도,1세대가족,기혼,맞벌이 함,400-500만원 미만,0.09449811003779925,0.15875645648572265,0.05608788740303956,0.12781228433402345,0.08395095000673763,0.08873456790123457,0.15327202452352393,2,0.2761194029850746,0.5520481022172116,0.18756815703380594,0.7600391772771791,0.36026058631921826,0.14578271433530024,0.25652173913043474,0.6666666666666666
4N177046,여자,40대,판매 종사자,고졸(대학 재학 포함),충청남도,2세대가족,기혼,맞벌이 함,700-800만원 미만,0.10688786224275515,0.16626059838222396,0.07802463935979784,0.12229123533471359,0.06973453712437677,0.13628472222222224,0.16526722644275624,2,0.32014925373134323,0.5809845922585494,0.35796074154852786,0.720861900097943,0.2915309446254072,0.3169038528288789,0.29565217391304344,0.6666666666666666
4O145020,여자,60대 이상,서비스 종사자,중졸 이하,강원도,1세대가족,기혼,맞벌이 함,400-500만원 미만,0.10205795884082319,0.1072994834811422,0.10094415780421889,0.1285024154589372,0.09473116830615819,0.1484375,0.22924163667866188,2,0.30298507462686564,0.35362645621946637,0.5359869138495094,0.7649363369245838,0.41237785016286643,0.3606386671294689,0.5043478260869565,0.6666666666666666
3N176035,여자,50대,사무 종사자,대학교 졸업(전문대졸/대학원생 포함),충청남도,2세대가족,기혼,맞벌이 함,500-600만원 미만,0.09029819403611929,0.16752753142968524,0.06609104629532134,0.12781228433402345,0.06063872793424067,0.08584104938271606,0.13461282153805146,0,0.26119402985074625,0.5858699736941,0.2652671755725191,0.7600391772771791,0.247557003257329,0.13536966331135022,0.19565217391304354,0.0
1M000122,여자,60대 이상,서비스 종사자,고졸(대학 재학 포함),충청북도,1세대가족,기혼,맞벌이 함,500-600만원 미만,0.1394372112557749,0.15700224149693012,0.044575479976132815,0.13402346445824706,0.050801778736019404,0.15345293209876543,0.23990403838464616,2,0.43582089552238806,0.5452837279218339,0.09814612868047981,0.8041136141038197,0.2,0.3786879555709822,0.5391304347826088,0.6666666666666666
4H124034,여자,50대,장치·기계 조작 및 조립 종사자,고졸(대학 재학 포함),경기도,2세대가족,기혼,맞벌이 함,700-800만원 미만,0.09869802603947922,0.14530747490498003,0.09353831034361729,0.13954451345755692,0.06879126802317746,0.13020833333333334,0.2878848460615754,2,0.29104477611940294,0.5001878992859827,0.4784623773173391,0.8432908912830557,0.28697068403908793,0.2950364456785839,0.6956521739130436,0.6666666666666666
3N176040,남자,30대,사무 종사자,대학교 졸업(전문대졸/대학원생 포함),충청남도,1인 가구,미혼(사별/이혼 포함),맞벌이 하지 않음,200-300만원 미만,0.10352792944141116,0.18087905662216158,0.06640693552349865,0.1305728088336784,0.06353591160220994,0.08969907407407408,0.1519392243102759,1,0.3082089552238805,0.6373543780533634,0.2677208287895311,0.7796278158667971,0.2615635179153094,0.1492537313432836,0.25217391304347825,0.3333333333333333
4N177052,여자,50대,사무 종사자,고졸(대학 재학 포함),충청남도,1세대가족,기혼,맞벌이 함,500-600만원 미만,0.15791684166316675,0.17064613585420527,0.06373942648555685,0.12574189095928226,0.09008219916453307,0.13840663580246915,0.17193122750899642,2,0.5014925373134328,0.5978955279969936,0.2470010905125409,0.7453476983349656,0.38990228013029316,0.32454009024644226,0.31739130434782614,0.6666666666666666
1M000114,여자,50대,서비스 종사자,고졸(대학 재학 포함),충청북도,2세대가족,기혼,맞벌이 함,500-600만원 미만,0.13229735405291895,0.12630347919306112,0.06065073181004528,0.12781228433402345,0.08354669182050936,0.17119984567901236,0.20924963347994138,2,0.4104477611940298,0.4269071777527245,0.22300981461286803,0.7600391772771791,0.3583061889250814,0.4425546685178757,0.4391304347826087,0.6666666666666666
4H124038,여자,40대,사무 종사자,대학교 졸업(전문대졸/대학원생 포함),경기도,2세대가족,기혼,맞벌이 함,600-700만원 미만,0.15329693406131878,0.1774680830328428,0.08795760064581798,0.14782608695652172,0.0799757445088263,0.1089891975308642,0.28521924563507933,0,0.48507462686567154,0.6242014280345735,0.43511450381679384,0.9020568070519097,0.341042345276873,0.21867407150295035,0.6869565217391306,0.0
4N177058,여자,40대,사무 종사자,대학교 졸업(전문대졸/대학원생 포함),충청남도,2세대가족,기혼,맞벌이 함,500-600만원 미만,0.11570768584628308,0.15992593314491765,0.08093784001965533,0.13126293995859212,0.08853254278399138,0.15268132716049385,0.21591363454618154,0,0.3514925373134328,0.5565576850807966,0.38058887677208286,0.7845249755142016,0.38241042345276877,0.37591114196459563,0.4608695652173913,0.0
4C073004,여자,60대 이상,주부,고졸(대학 재학 포함),인천광역시,1세대가족,기혼,맞벌이 하지 않음,200-300만원 미만,0.08399832003359933,0.11334177955364975,0.07784914534414378,0.09979296066252588,0.06959978439563401,0.14207175925925927,0.20391843262694923,3,0.2388059701492537,0.3769259676813228,0.3565976008724101,0.5612144955925562,0.2908794788273616,0.3377299548767789,0.4217391304347826,1.0
4H124042,여자,40대,사무 종사자,대학교 졸업(전문대졸/대학원생 포함),경기도,2세대가족,기혼,맞벌이 함,600-700만원 미만,0.06089878202435951,0.16284962479290518,0.08869467551156505,0.14230503795721186,0.04682657323810807,0.10734953703703703,0.29454884712781554,0,0.15671641791044771,0.5678316422397595,0.44083969465648853,0.8628795298726737,0.18078175895765475,0.21277334258937866,0.717391304347826,0.0
4N177064,여자,30대,사무 종사자,대학교 졸업(전문대졸/대학원생 포함),충청남도,2세대가족,기혼,맞벌이 함,500-600만원 미만,0.16064678706425872,0.14823116655296756,0.0776736513284897,0.13402346445824706,0.08273817544805281,0.15345293209876543,0.21991203518592564,0,0.5111940298507462,0.5114618564449455,0.35523446019629223,0.8041136141038197,0.3543973941368078,0.3786879555709822,0.4739130434782609,0.0
4O145007,여자,40대,서비스 종사자,대학교 졸업(전문대졸/대학원생 포함),강원도,2세대가족,기혼,맞벌이 함,600-700만원 미만,0.06425871482570349,0.11704512230776729,0.09711838826296024,0.14230503795721186,0.060908233391726185,0.1253858024691358,0.28921764627482344,0,0.1686567164179104,0.39120631341600903,0.5062704471101418,0.8628795298726737,0.24885993485342023,0.2776813606386671,0.7000000000000001,0.0
4N177070,남자,50대,서비스 종사자,대학교 졸업(전문대졸/대학원생 포함),충청남도,1인 가구,미혼(사별/이혼 포함),맞벌이 하지 않음,400-500만원 미만,0.13481730365392694,0.14433291102231752,0.06293215401354814,0.13126293995859212,0.07175582805551813,0.1509452160493827,0.19325603092096497,1,0.41940298507462687,0.4964299135663284,0.2407306434023991,0.7845249755142016,0.30130293159609123,0.36966331135022557,0.38695652173913053,0.3333333333333333
4A002004,여자,60대 이상,주부,고졸(대학 재학 포함),서울특별시,1세대가족,기혼,맞벌이 하지 않음,300-400만원 미만,0.1497270054598908,0.1789299288568366,0.08964234319609701,0.1305728088336784,0.07923460450074113,0.11959876543209877,0.2105824336931894,3,0.4723880597014924,0.6298384066140549,0.44820065430752454,0.7796278158667971,0.33745928338762216,0.2568552585907671,0.4434782608695652,1.0
4N177082,남자,50대,사무 종사자,대학교 졸업(전문대졸/대학원생 포함),충청남도,1인 가구,미혼(사별/이혼 포함),맞벌이 하지 않음,400-500만원 미만,0.13376732465350694,0.15797680537959263,0.08276297778245763,0.13402346445824706,0.07458563535911603,0.18065200617283952,0.18965747034519528,1,0.4156716417910447,0.5490417136414881,0.39476553980370777,0.8041136141038197,0.31498371335504893,0.4765706351961124,0.37521739130434795,0.3333333333333333
1E000566,여자,40대,사무 종사자,대학교 졸업(전문대졸/대학원생 포함),대전광역시,2세대가족,기혼,맞벌이 함,500-600만원 미만,0.09302813943721125,0.1835103791053504,0.04194306974132182,0.14120082815734988,0.03119525670394825,0.16647376543209877,0.23190723710515795,0,0.27089552238805964,0.64750093949643,0.07769901853871322,0.8550440744368264,0.10521172638436481,0.4255466851787574,0.5130434782608696,0.0
4N177088,여자,50대,서비스 종사자,고졸(대학 재학 포함),충청남도,2세대가족,기혼,맞벌이 함,500-600만원 미만,0.12998740025199496,0.17064613585420527,0.06767049243620793,0.13126293995859212,0.07472038808785877,0.18643904320987656,0.19725443156070907,2,0.40223880597014916,0.5978955279969936,0.27753544165757904,0.7845249755142016,0.31563517915309447,0.49739673724401245,0.4,0.6666666666666666
1J000469,여자,50대,판매 종사자,고졸(대학 재학 포함),경상남도,2세대가족,기혼,맞벌이 하지 않음,300-400만원 미만,0.07874842503149937,0.17162069973686775,0.10319048120459093,0.14230503795721186,0.07061042986120468,0.11439043209876543,0.194588831134213,3,0.22014925373134325,0.6016535137166478,0.5534351145038168,0.8628795298726737,0.29576547231270356,0.23811176674765702,0.3913043478260869,1.0
4O145030,여자,60대 이상,주부,중졸 이하,강원도,1세대가족,기혼,맞벌이 하지 않음,300-400만원 미만,0.0755984880302394,0.16772244420621774,0.060615633006914464,0.13402346445824706,0.0401563131653416,0.11024305555555555,0.23324003731840598,3,0.208955223880597,0.5866215708380308,0.22273718647764448,0.8041136141038197,0.14853420195439743,0.22318639361332868,0.5173913043478261,1.0
1J000498,여자,60대 이상,서비스 종사자,고졸(대학 재학 포함),경상남도,2세대가족,기혼,맞벌이 함,500-600만원 미만,0.09008819823603528,0.14823116655296756,0.09164297497455338,0.13954451345755692,0.07512464627408705,0.10609567901234568,0.2425696388111422,2,0.2604477611940298,0.5114618564449455,0.4637404580152673,0.8432908912830557,0.3175895765472313,0.20826102047900033,0.5478260869565217,0.6666666666666666
4A002012,여자,30대,사무 종사자,대학교 졸업(전문대졸/대학원생 포함),서울특별시,1인 가구,미혼(사별/이혼 포함),맞벌이 하지 않음,300-400만원 미만,0.18185636287274254,0.19111197739011793,0.0853602892141378,0.13954451345755692,0.06441180433903786,0.11188271604938273,0.22257763561242172,1,0.5865671641791044,0.6768132281097331,0.4149400218102508,0.8432908912830557,0.26579804560260584,0.22908712252690042,0.482608695652174,0.3333333333333333
4D061100,여자,30대,주부,대학교 졸업(전문대졸/대학원생 포함),대구광역시,2세대가족,기혼,맞벌이 하지 않음,300-400만원 미만,0.06299874002519949,0.13673131273754996,0.05440314485276052,0.10807453416149068,0.05659614607195795,0.17158564814814817,0.17059842729574837,3,0.16417910447761191,0.4671176249530252,0.17448200654307525,0.6199804113614102,0.2280130293159609,0.44394307532106914,0.31304347826086953,1.0
4C073008,여자,60대 이상,주부,고졸(대학 재학 포함),인천광역시,1세대가족,기혼,맞벌이 하지 않음,200-300만원 미만,0.1482570348593028,0.13868044050287498,0.07275981889017585,0.11083505866114561,0.07047567713246193,0.1259645061728395,0.20924963347994138,3,0.46716417910447744,0.4746335963923337,0.31706652126499457,0.6395690499510283,0.295114006514658,0.27976397084345705,0.4391304347826087,1.0
4A002008,여자,50대,기능원 및 관련 기능 종사자,고졸(대학 재학 포함),서울특별시,1세대가족,기혼,맞벌이 함,300-400만원 미만,0.23309533809323815,0.16090049702758016,0.11203537959355586,0.13954451345755692,0.11891928311548308,0.14371141975308643,0.21724643475942956,2,0.7686567164179104,0.560315670800451,0.6221374045801527,0.8432908912830557,0.5293159609120521,0.34363068379035056,0.4652173913043478,0.6666666666666666
3P240006,여자,60대 이상,서비스 종사자,고졸(대학 재학 포함),제주특별자치도,2세대가족,미혼(사별/이혼 포함),맞벌이 하지 않음,300-400만원 미만,0.24947501049979,0.10047753630250464,0.09736407988487591,0.12022084195997239,0.14357903247540763,0.1015625,0.22924163667866188,1,0.826865671641791,0.3273205561818865,0.5081788440567065,0.7061704211557296,0.6485342019543975,0.19194724054147863,0.5043478260869565,0.3333333333333333
3M166025,여자,50대,사무 종사자,고졸(대학 재학 포함),충청북도,2세대가족,기혼,맞벌이 함,600-700만원 미만,0.06089878202435951,0.19647207874476172,0.041767575725667756,0.14989648033126293,0.01953914566769977,0.19560185185185186,0.21724643475942956,2,0.15671641791044771,0.6974821495678316,0.07633587786259541,0.9167482859941232,0.0488599348534202,0.5303713988198542,0.4652173913043478,0.6666666666666666
3P240012,여자,50대,서비스 종사자,고졸(대학 재학 포함),제주특별자치도,2세대가족,미혼(사별/이혼 포함),맞벌이 하지 않음,400-500만원 미만,0.23435531289374212,0.11509599454244226,0.10182162788248922,0.12298136645962732,0.14324215065355073,0.11091820987654322,0.20791683326669333,1,0.7731343283582088,0.3836903419767005,0.5428026172300982,0.7257590597453476,0.6469055374592834,0.22561610551891706,0.4347826086956522,0.3333333333333333
4M163010,여자,40대,사무 종사자,대학교 졸업(전문대졸/대학원생 포함),충청북도,2세대가족,기혼,맞벌이 함,500-600만원 미만,0.12242755144897102,0.17454439138485528,0.07082938471798113,0.13402346445824706,0.06036922247675515,0.18315972222222224,0.22657603625216582,0,0.3753731343283581,0.6129274708756106,0.302071973827699,0.8041136141038197,0.2462540716612378,0.4855952794168691,0.4956521739130435,0.0
4M164009,여자,40대,단순노무 종사자,대학교 졸업(전문대졸/대학원생 포함),충청북도,2세대가족,기혼,맞벌이 함,400-500만원 미만,0.08357832843343133,0.1881882857421304,0.04548804885753396,0.13126293995859212,0.02546826573238108,0.1470871913580247,0.20924963347994138,0,0.23731343283582085,0.6655392709507703,0.10523446019629226,0.7845249755142016,0.07752442996742671,0.35577924331829225,0.4391304347826087,0.0
3M165028,남자,50대,사무 종사자,대학교 졸업(전문대졸/대학원생 포함),충청북도,2세대가족,기혼,맞벌이 함,600-700만원 미만,0.06614867702645948,0.20037033427541176,0.045628444070057214,0.15265700483091788,0.022571082064411805,0.19820601851851852,0.23457283753165403,0,0.17537313432835822,0.7125140924464487,0.10632497273718647,0.9363369245837414,0.06351791530944627,0.5397431447414092,0.5217391304347827,0.0
3M165032,여자,50대,사무 종사자,고졸(대학 재학 포함),충청북도,2세대가족,기혼,맞벌이 함,500-600만원 미만,0.06047879042419152,0.2332131371211383,0.04334702186655435,0.12463768115942028,0.020751920226384585,0.21334876543209877,0.18259362921498068,2,0.15522388059701492,0.8391582111987974,0.0886041439476554,0.7375122428991185,0.05472312703583063,0.5942381117667476,0.3521739130434782,0.6666666666666666
4O145040,여자,50대,서비스 종사자,대학교 졸업(전문대졸/대학원생 포함),강원도,2세대가족,기혼,맞벌이 함,600-700만원 미만,0.09029819403611929,0.1029139460091609,0.1068407567301955,0.12781228433402345,0.0862417463953645,0.0935570987654321,0.2642942822870852,0,0.26119402985074625,0.33671552048102216,0.5817884405670665,0.7600391772771791,0.3713355048859935,0.1631377993752169,0.6186956521739131,0.0
4M164018,여자,30대,단순노무 종사자,대학교 졸업(전문대졸/대학원생 포함),충청북도,2세대가족,기혼,맞벌이 함,400-500만원 미만,0.11066778664426713,0.196959360686093,0.06398511810747254,0.13126293995859212,0.03550734402371648,0.1820987654320988,0.22124483539917367,0,0.3335820895522388,0.6993611424276588,0.24890948745910577,0.7845249755142016,0.12605863192182415,0.4817771607080875,0.4782608695652174,0.0
3G104007,여자,40대,주부,대학교 졸업(전문대졸/대학원생 포함),울산광역시,2세대가족,기혼,맞벌이 하지 않음,300-400만원 미만,0.1747165056698866,0.1560276776142676,0.06977642062405673,0.14230503795721186,0.06077348066298342,0.15827546296296297,0.30654404904704785,3,0.5611940298507463,0.5415257422021795,0.29389312977099236,0.8628795298726737,0.24820846905537458,0.3960430406108989,0.7565217391304347,1.0
1M000129,여자,40대,사무 종사자,대학교 졸업(전문대졸/대학원생 포함),충청북도,2세대가족,기혼,맞벌이 함,500-600만원 미만,0.09029819403611929,0.1852645940941429,0.048015162682952514,0.13126293995859212,0.03759601131922921,0.14255401234567902,0.22391043582566975,0,0.26119402985074625,0.6542653137918076,0.12486368593238825,0.7845249755142016,0.13615635179153096,0.33946546338077055,0.4869565217391305,0.0
3G104035,여자,40대,사무 종사자,대학교 졸업(전문대졸/대학원생 포함),울산광역시,2세대가족,기혼,맞벌이 함,500-600만원 미만,0.19550608987820242,0.16674788032355523,0.0834649538450739,0.14230503795721186,0.10975609756097561,0.1511381172839506,0.21991203518592564,0,0.6350746268656715,0.5828635851183765,0.4002181025081789,0.8628795298726737,0.4850162866449512,0.3703575147518222,0.4739130434782609,0.0
3G104056,여자,50대,사무 종사자,대학교 졸업(전문대졸/대학원생 포함),울산광역시,2세대가족,기혼,맞벌이 함,500-600만원 미만,0.21587568248635028,0.14725660267030505,0.0834649538450739,0.13954451345755692,0.09958226654089745,0.1518132716049383,0.25056644009063045,0,0.7074626865671642,0.5077038707252912,0.4002181025081789,0.8432908912830557,0.4358306188925082,0.3727872266574106,0.573913043478261,0.0
4O145049,여자,60대 이상,주부,중졸 이하,강원도,1세대가족,기혼,맞벌이 하지 않음,300-400만원 미만,0.06089878202435951,0.10242666406782965,0.09150257976203012,0.13402346445824706,0.06623096617706509,0.10088734567901235,0.25056644009063045,3,0.15671641791044771,0.334836527621195,0.462649945474373,0.8041136141038197,0.2745928338762215,0.1895175286358903,0.573913043478261,1.0
3G104049,여자,40대,사무 종사자,대학교 졸업(전문대졸/대학원생 포함),울산광역시,2세대가족,기혼,맞벌이 함,400-500만원 미만,0.22154556908861822,0.1550531137316051,0.08311396581376576,0.14782608695652172,0.10092979382832502,0.16869212962962965,0.25856324137011866,0,0.7276119402985074,0.5377677564825253,0.3974918211559433,0.9020568070519097,0.4423452768729642,0.43353002429711907,0.6000000000000001,0.0
1O000045,여자,60대 이상,주부,고졸(대학 재학 포함),강원도,1세대가족,기혼,맞벌이 하지 않음,400-500만원 미만,0.1501469970600588,0.10242666406782965,0.11887964620406444,0.1285024154589372,0.12249023042716616,0.09307484567901235,0.12395041983206719,3,0.4738805970149253,0.334836527621195,0.6752998909487459,0.7649363369245838,0.5465798045602607,0.1614022908712253,0.16086956521739135,1.0
4J226009,여자,40대,사무 종사자,대학교 졸업(전문대졸/대학원생 포함),경상남도,2세대가족,기혼,맞벌이 함,500-600만원 미만,0.20390592188156237,0.2515349381151935,0.08844898388964936,0.15058661145617666,0.09648295377981403,0.14332561728395063,0.20391843262694923,0,0.6649253731343283,0.9098083427282978,0.4389312977099237,0.9216454456415277,0.4208469055374593,0.34224227698715726,0.4217391304347826,0.0
4O149027,여자,50대,주부,고졸(대학 재학 포함),강원도,1세대가족,기혼,맞벌이 하지 않음,300-400만원 미만,0.1990760184796304,0.1455998440697788,0.09813625355375383,0.1450655624568668,0.11966042312356824,0.15239197530864199,0.2918832467013195,3,0.6477611940298507,0.501315295001879,0.5141766630316249,0.8824681684622917,0.532899022801303,0.37486983686220066,0.7086956521739131,1.0
1O000048,여자,60대 이상,주부,중졸 이하,강원도,1세대가족,기혼,맞벌이 하지 않음,200-300만원 미만,0.1637967240655187,0.11119773901179222,0.1311993261029799,0.13126293995859212,0.1311144050667026,0.09548611111111112,0.12568306010928962,3,0.5223880597014926,0.3686583990980834,0.7709923664122139,0.7845249755142016,0.5882736156351792,0.17007983339118363,0.1665217391304348,1.0
3M170015,남자,50대,판매 종사자,대학교 졸업(전문대졸/대학원생 포함),충청북도,1세대가족,기혼,맞벌이 함,700-800만원 미만,0.1656866862662747,0.12484163336906735,0.1047348285423467,0.13402346445824706,0.12727395229753402,0.20486111111111113,0.21857923497267762,0,0.5291044776119403,0.42127019917324315,0.5654307524536532,0.8041136141038197,0.5697068403908795,0.5636931620964943,0.4695652173913044,0.0
3M170018,남자,40대,서비스 종사자,대학교 졸업(전문대졸/대학원생 포함),충청북도,1인 가구,미혼(사별/이혼 포함),맞벌이 하지 않음,300-400만원 미만,0.11864762704745906,0.11899425007309229,0.08093784001965533,0.13954451345755692,0.08927368279207654,0.21923225308641978,0.22524323603891777,1,0.3619402985074626,0.3987222848553175,0.38058887677208286,0.8432908912830557,0.38599348534201955,0.615411315515446,0.491304347826087,0.3333333333333333
3M170030,남자,40대,장치·기계 조작 및 조립 종사자,대학교 졸업(전문대졸/대학원생 포함),충청북도,2세대가족,기혼,맞벌이 함,600-700만원 미만,0.055648887022259556,0.11607055842510478,0.15218841037520622,0.13402346445824706,0.10544401024120738,0.11863425925925926,0.18659202985472478,0,0.13805970149253732,0.38744832769635473,0.9340239912758997,0.8041136141038197,0.46416938110749184,0.2533842415827837,0.3652173913043478,0.0
3M170021,여자,50대,주부,고졸(대학 재학 포함),충청북도,1세대가족,기혼,맞벌이 하지 않음,400-500만원 미만,0.1392272154556909,0.11607055842510478,0.09399459478431786,0.136783988957902,0.09924538471904057,0.19753086419753088,0.21991203518592564,3,0.43507462686567155,0.38744832769635473,0.4820065430752454,0.8237022526934379,0.43420195439739423,0.5373134328358209,0.4739130434782609,1.0
3M171003,남자,60대 이상,농림어업 숙련 종사자,고졸(대학 재학 포함),충청북도,1세대가족,기혼,맞벌이 하지 않음,300-400만원 미만,0.10730785384292314,0.09706656271318585,0.09550384331894284,0.11677018633540372,0.10807168845169114,0.1684027777777778,0.1949886711981874,3,0.3216417910447761,0.3141676061630966,0.4937295528898583,0.681684622918707,0.4768729641693812,0.4324887191947241,0.39260869565217393,1.0
1O000054,여자,40대,사무 종사자,대학교 졸업(전문대졸/대학원생 포함),강원도,2세대가족,기혼,맞벌이 함,700-800만원 미만,0.18227635447291055,0.10535035571581718,0.11961672106981153,0.12574189095928226,0.08731976822530656,0.08969907407407408,0.14527522324403572,0,0.5880597014925373,0.3461104847801578,0.6810250817884406,0.7453476983349656,0.37654723127035833,0.1492537313432836,0.23043478260869563,0.0
4O149029,남자,30대,사무 종사자,대학교 졸업(전문대졸/대학원생 포함),강원도,1인 가구,미혼(사별/이혼 포함),맞벌이 하지 않음,300-400만원 미만,0.17933641327173458,0.14920573043563007,0.09181846899020744,0.14782608695652172,0.13380945964155774,0.14419367283950618,0.2652272424363588,1,0.5776119402985075,0.5152198421645998,0.46510359869138496,0.9020568070519097,0.6013029315960913,0.3453661922943422,0.6217391304347827,0.3333333333333333
3O146001,여자,60대 이상,주부,대학교 졸업(전문대졸/대학원생 포함),강원도,1세대가족,기혼,맞벌이 하지 않음,400-500만원 미만,0.12179756404871903,0.11509599454244226,0.1232318977922853,0.13402346445824706,0.09836949198221263,0.0935570987654321,0.15367186458749835,3,0.37313432835820887,0.3836903419767005,0.7091057797164668,0.8041136141038197,0.42996742671009774,0.1631377993752169,0.25782608695652176,1.0
4A018010,여자,60대 이상,기능원 및 관련 기능 종사자,대학교 졸업(전문대졸/대학원생 포함),서울특별시,2세대가족,기혼,맞벌이 함,"900-1,000만원 미만",0.09869802603947922,0.12581619725172985,0.07146116317433576,0.13402346445824706,0.048039347796792885,0.10368441358024692,0.3309342929494869,0,0.29104477611940294,0.42502818489289734,0.30697928026172305,0.8041136141038197,0.18664495114006519,0.19958347795904205,0.8360869565217391,0.0
4O149031,여자,30대,주부,고졸(대학 재학 포함),강원도,2세대가족,기혼,맞벌이 하지 않음,300-400만원 미만,0.18920621587568248,0.15144722736575383,0.09452107683128005,0.1533471359558316,0.1354264923864708,0.16473765432098766,0.26389444222311076,3,0.612686567164179,0.5238632093198046,0.48609596510359865,0.9412340842311457,0.6091205211726384,0.4192988545643873,0.6173913043478261,1.0
3M171009,여자,60대 이상,농림어업 숙련 종사자,중졸 이하,충청북도,1세대가족,기혼,맞벌이 함,300-400만원 미만,0.10583788324233516,0.10876132930513596,0.08890526833034994,0.13333333333333333,0.10200781565826708,0.17978395061728397,0.22657603625216582,2,0.31641791044776113,0.3592634347989478,0.44247546346782984,0.7992164544564153,0.44755700325732906,0.4734467198889275,0.4956521739130435,0.6666666666666666
3M171012,여자,60대 이상,농림어업 숙련 종사자,중졸 이하,충청북도,1세대가족,기혼,맞벌이 함,200-300만원 미만,0.10583788324233516,0.11119773901179222,0.08521989400161455,0.13126293995859212,0.09122759735884652,0.1857638888888889,0.2105824336931894,2,0.31641791044776113,0.3686583990980834,0.4138495092693566,0.7845249755142016,0.3954397394136808,0.49496702533842407,0.4434782608695652,0.6666666666666666
4A018016,여자,30대,사무 종사자,대학교 졸업(전문대졸/대학원생 포함),서울특별시,1세대가족,기혼,맞벌이 함,700-800만원 미만,0.06887862242755144,0.15018029431829258,0.07711207047839669,0.13954451345755692,0.05059964964290526,0.10030864197530864,0.3078768492602959,0,0.18507462686567155,0.5189778278842541,0.3508724100327153,0.8432908912830557,0.1990228013029316,0.1874349184311003,0.7608695652173915,0.0
4O149037,여자,40대,사무 종사자,대학교 졸업(전문대졸/대학원생 포함),강원도,2세대가족,기혼,맞벌이 함,500-600만원 미만,0.1631667366652667,0.14920573043563007,0.09718858586922186,0.14782608695652172,0.13630238512329876,0.15046296296296297,0.2722910835665734,0,0.5201492537313432,0.5152198421645998,0.5068157033805888,0.9020568070519097,0.613355048859935,0.36792780284623394,0.6447826086956522,0.0
4A018013,여자,40대,사무 종사자,대학교 졸업(전문대졸/대학원생 포함),서울특별시,2세대가족,기혼,맞벌이 함,700-800만원 미만,0.13166736665266696,0.12873988889971738,0.056438875434347696,0.136783988957902,0.08422045546422315,0.09162808641975309,0.30121284819405575,0,0.40820895522388057,0.4363021420518602,0.19029443838604151,0.8237022526934379,0.36156351791530944,0.15619576535925025,0.7391304347826089,0.0
3M171018,여자,60대 이상,서비스 종사자,중졸 이하,충청북도,1세대가족,기혼,맞벌이 함,500-600만원 미만,0.125157496850063,0.12873988889971738,0.08521989400161455,0.13954451345755692,0.08684813367470691,0.20023148148148148,0.22391043582566975,2,0.38507462686567157,0.4363021420518602,0.4138495092693566,0.8432908912830557,0.37426710097719873,0.5470322804581742,0.4869565217391305,0.6666666666666666
3M171021,여자,60대 이상,주부,중졸 이하,충청북도,1세대가족,기혼,맞벌이 하지 않음,200-300만원 미만,0.10478790424191516,0.11071045707046097,0.08416692990769016,0.13333333333333333,0.07472038808785877,0.16927083333333334,0.23990403838464616,3,0.31268656716417903,0.3667794062382563,0.40567066521265005,0.7992164544564153,0.31563517915309447,0.435612634501909,0.5391304347826088,1.0
3M171024,여자,60대 이상,서비스 종사자,고졸(대학 재학 포함),충청북도,1세대가족,기혼,맞벌이 함,600-700만원 미만,0.10814783704325914,0.11704512230776729,0.09743427749113756,0.1450655624568668,0.10140142837892467,0.1547067901234568,0.2025856324137012,2,0.32462686567164173,0.39120631341600903,0.5087241003271538,0.8824681684622917,0.4446254071661238,0.38320027768136067,0.4173913043478261,0.6666666666666666
3M171027,여자,60대 이상,단순노무 종사자,중졸 이하,충청북도,1인 가구,미혼(사별/이혼 포함),맞벌이 하지 않음,200-300만원 미만,0.06845863082738346,0.10632491959847969,0.06749499842055387,0.136783988957902,0.0718232044198895,0.1587577160493827,0.23190723710515795,1,0.18358208955223881,0.34986847049981207,0.2761723009814613,0.8237022526934379,0.301628664495114,0.39777854911489063,0.5130434782608696,0.3333333333333333
3M171036,여자,50대,주부,고졸(대학 재학 포함),충청북도,2세대가족,기혼,맞벌이 하지 않음,700-800만원 미만,0.0873582528349433,0.11899425007309229,0.08788740303955636,0.14230503795721186,0.07788707721331356,0.17804783950617284,0.2385712381713981,3,0.2507462686567164,0.3987222848553175,0.43456924754634685,0.8628795298726737,0.3309446254071661,0.46719888927455744,0.5347826086956522,1.0
1C001122,여자,40대,판매 종사자,대학교 졸업(전문대졸/대학원생 포함),인천광역시,2세대가족,기혼,맞벌이 함,500-600만원 미만,0.09617807643847123,0.13263814443036742,0.09683759783791372,0.13954451345755692,0.05403584422584557,0.12085262345679013,0.34386245501799284,0,0.28208955223880594,0.4513340849304772,0.5040894220283533,0.8432908912830557,0.2156351791530945,0.2613675807011454,0.8782608695652175,0.0
4A002016,여자,50대,판매 종사자,대학교 졸업(전문대졸/대학원생 포함),서울특별시,2세대가족,기혼,맞벌이 함,600-700만원 미만,0.19739605207895844,0.15700224149693012,0.0928012354778702,0.136783988957902,0.09473116830615819,0.12104552469135803,0.19592163134746102,0,0.6417910447761194,0.5452837279218339,0.4727371864776444,0.8237022526934379,0.41237785016286643,0.26206178410274206,0.3956521739130434,0.0
4C073016,여자,60대 이상,서비스 종사자,대학교 졸업(전문대졸/대학원생 포함),인천광역시,2세대가족,기혼,맞벌이 함,800-900만원 미만,0.20432591348173038,0.14287106519832377,0.08715032817380929,0.12229123533471359,0.1333378250909581,0.12683256172839508,0.1919232307077169,0,0.6664179104477612,0.49079293498684706,0.42884405670665215,0.720861900097943,0.5990228013029317,0.2828878861506422,0.3826086956521739,0.0
1E000376,여자,60대 이상,주부,고졸(대학 재학 포함),대전광역시,2세대가족,미혼(사별/이혼 포함),맞벌이 하지 않음,300-400만원 미만,0.05249895002099958,0.11119773901179222,0.09083570250254468,0.136783988957902,0.08442258455733728,0.15229552469135804,0.21191523390643743,3,0.12686567164179102,0.3686583990980834,0.4574700109051255,0.8237022526934379,0.36254071661237786,0.37452273516140233,0.4478260869565217,1.0
1E000385,여자,50대,서비스 종사자,고졸(대학 재학 포함),대전광역시,2세대가족,기혼,맞벌이 하지 않음,700-800만원 미만,0.06089878202435951,0.1082740473638047,0.07433926503106245,0.13954451345755692,0.08152540088936801,0.17177854938271606,0.20525123284019728,3,0.15671641791044771,0.3573844419391206,0.3293347873500545,0.8432908912830557,0.34853420195439744,0.4446372787226657,0.4260869565217392,1.0
3E093003,여자,40대,사무 종사자,대학교 졸업(전문대졸/대학원생 포함),대전광역시,2세대가족,기혼,맞벌이 함,600-700만원 미만,0.10247795044099117,0.1082740473638047,0.0676002948299463,0.13954451345755692,0.08563535911602209,0.14448302469135804,0.21857923497267762,0,0.30447761194029843,0.3573844419391206,0.27699018538713194,0.8432908912830557,0.36840390879478824,0.34640749739673726,0.4695652173913044,0.0
3E093004,여자,50대,사무 종사자,고졸(대학 재학 포함),대전광역시,2세대가족,기혼,맞벌이 함,700-800만원 미만,0.1138177236455271,0.11022317512912971,0.07469025306237058,0.13954451345755692,0.1088128284597763,0.16763117283950618,0.2016526722644276,2,0.344776119402985,0.3649004133784291,0.33206106870229013,0.8432908912830557,0.4804560260586319,0.4297119055883374,0.41434782608695664,0.6666666666666666
4E090005,여자,60대 이상,서비스 종사자,대학교 졸업(전문대졸/대학원생 포함),대전광역시,1세대가족,기혼,맞벌이 함,500-600만원 미만,0.12053758924821503,0.1423837832569925,0.07497104348741708,0.1285024154589372,0.06548982616897993,0.17727623456790126,0.2682926829268293,2,0.36865671641791037,0.4889139421270199,0.33424209378407843,0.7649363369245838,0.27100977198697074,0.46442207566817084,0.6317391304347827,0.6666666666666666
4O152003,여자,30대,사무 종사자,대학교 졸업(전문대졸/대학원생 포함),강원도,1세대가족,기혼,맞벌이 함,500-600만원 미만,0.1627467450650987,0.15895136926225514,0.09603032536590503,0.1450655624568668,0.11494407761757175,0.1644483024691358,0.27189124350259897,0,0.5186567164179104,0.5527996993611424,0.4978189749182116,0.8824681684622917,0.5100977198697069,0.41825754946199234,0.6434782608695653,0.0
4E090007,여자,50대,서비스 종사자,대학교 졸업(전문대졸/대학원생 포함),대전광역시,2세대가족,기혼,맞벌이 함,500-600만원 미만,0.09680806383872323,0.12289250560374233,0.0803060615633007,0.13126293995859212,0.08064950815254009,0.19290123456790123,0.254964680794349,0,0.2843283582089552,0.4137542277339346,0.3756815703380588,0.7845249755142016,0.344299674267101,0.5206525511975008,0.5882608695652175,0.0
4E090009,여자,50대,사무 종사자,대학교 졸업(전문대졸/대학원생 포함),대전광역시,2세대가족,기혼,맞벌이 함,400-500만원 미만,0.11528769424611508,0.12873988889971738,0.07205784282755959,0.13402346445824706,0.06394016978843822,0.18161651234567902,0.2629614820738372,0,0.3499999999999999,0.4363021420518602,0.31161395856052343,0.8041136141038197,0.2635179153094463,0.4800416522040958,0.6143478260869567,0.0
4O152006,여자,60대 이상,단순노무 종사자,고졸(대학 재학 포함),강원도,1인 가구,미혼(사별/이혼 포함),맞벌이 하지 않음,200-300만원 미만,0.14342713145737085,0.13458727219569244,0.09206416061212314,0.1450655624568668,0.11501145398194312,0.1634837962962963,0.26789284286285486,1,0.4499999999999999,0.4588500563697858,0.4670119956379498,0.8824681684622917,0.5104234527687297,0.414786532454009,0.6304347826086957,0.3333333333333333
4E090011,여자,40대,서비스 종사자,대학교 졸업(전문대졸/대학원생 포함),대전광역시,2세대가족,기혼,맞벌이 함,500-600만원 미만,0.09827803443931121,0.17259526361953026,0.06609104629532134,0.136783988957902,0.05396846786147419,0.17534722222222224,0.25229908036785287,0,0.2895522388059701,0.6054114994363021,0.2652671755725191,0.8237022526934379,0.21530944625407167,0.45748004165220413,0.5795652173913044,0.0
3E093009,여자,50대,사무 종사자,대학교 졸업(전문대졸/대학원생 포함),대전광역시,1세대가족,기혼,맞벌이 함,700-800만원 미만,0.06467870642587148,0.11119773901179222,0.08901056473974238,0.13402346445824706,0.06926290257377711,0.16772762345679013,0.23590563774490206,0,0.17014925373134326,0.3686583990980834,0.4432933478735005,0.8041136141038197,0.28925081433224753,0.4300590072891357,0.5260869565217392,0.0
1E000360,여자,40대,사무 종사자,대학교 졸업(전문대졸/대학원생 포함),대전광역시,2세대가족,기혼,맞벌이 함,600-700만원 미만,0.07832843343133136,0.12191794172107982,0.13909655680741287,0.13954451345755692,0.12653281228944888,0.11670524691358025,0.18659202985472478,0,0.21865671641791035,0.4099962420142803,0.8323336968375136,0.8432908912830557,0.5661237785016288,0.2464422075668171,0.3652173913043478,0.0
4A002020,여자,40대,사무 종사자,대학교 졸업(전문대졸/대학원생 포함),서울특별시,1세대가족,기혼,맞벌이 함,500-600만원 미만,0.2011759764804704,0.2671279602377936,0.0906953072900214,0.1450655624568668,0.09257512464627408,0.11670524691358025,0.11462081833933094,0,0.6552238805970149,0.9699361142427659,0.4563794983642311,0.8824681684622917,0.40195439739413685,0.2464422075668171,0.13043478260869565,0.0
4E090013,여자,50대,서비스 종사자,대학교 졸업(전문대졸/대학원생 포함),대전광역시,2세대가족,기혼,맞벌이 함,500-600만원 미만,0.09743805123897523,0.19403566903810546,0.038608683443894565,0.136783988957902,0.03395768764317477,0.14930555555555558,0.2025856324137012,0,0.28656716417910444,0.6880871852686959,0.05179934569247549,0.8237022526934379,0.11856677524429966,0.36376258243665394,0.4173913043478261,0.0
4H118053,여자,40대,사무 종사자,대학교 졸업(전문대졸/대학원생 포함),경기도,2세대가족,기혼,맞벌이 함,600-700만원 미만,0.11402771944561109,0.14725660267030505,0.06419571092625742,0.13954451345755692,0.08428783182859452,0.12104552469135803,0.22924163667866188,0,0.3455223880597014,0.5077038707252912,0.2505452562704471,0.8432908912830557,0.36188925081433226,0.26206178410274206,0.5043478260869565,0.0
4E090017,여자,50대,서비스 종사자,대학교 졸업(전문대졸/대학원생 포함),대전광역시,2세대가족,기혼,맞벌이 함,500-600만원 미만,0.10394792104157917,0.1306890166650424,0.09076550489628304,0.13954451345755692,0.0953375555855006,0.18643904320987656,0.25096628015460487,0,0.3097014925373134,0.44381811349116873,0.4569247546346783,0.8432908912830557,0.4153094462540717,0.49739673724401245,0.575217391304348,0.0
3O146002,여자,40대,사무 종사자,대학교 졸업(전문대졸/대학원생 포함),강원도,2세대가족,기혼,맞벌이 함,700-800만원 미만,0.1396472070558589,0.11022317512912971,0.1192657330385034,0.13402346445824706,0.11171001212774559,0.08680555555555555,0.11368785819005732,0,0.43656716417910446,0.3649004133784291,0.678298800436205,0.8041136141038197,0.49446254071661244,0.13884068031933353,0.1273913043478261,0.0
1C000675,여자,50대,주부,대학교 졸업(전문대졸/대학원생 포함),인천광역시,1세대가족,기혼,맞벌이 하지 않음,400-500만원 미만,0.10982780344393112,0.10778676542247345,0.12102067319504406,0.11953071083505866,0.12471365045142163,0.11670524691358025,0.11062241769958683,3,0.330597014925373,0.3555054490792935,0.6919302071973829,0.701273261508325,0.5573289902280131,0.2464422075668171,0.1173913043478261,1.0
4H118068,여자,50대,서비스 종사자,고졸(대학 재학 포함),경기도,2세대가족,기혼,맞벌이 함,700-800만원 미만,0.1497270054598908,0.1448201929636488,0.06858306131760908,0.11953071083505866,0.07364236625791672,0.13194444444444445,0.24296947887511666,2,0.4723880597014924,0.49830890642615555,0.2846237731733915,0.701273261508325,0.3104234527687296,0.30128427629295385,0.5491304347826088,0.6666666666666666
1C000681,여자,60대 이상,주부,고졸(대학 재학 포함),인천광역시,1세대가족,기혼,맞벌이 하지 않음,400-500만원 미만,0.0867282654346913,0.12269759282720984,0.12916359552139273,0.11953071083505866,0.11305753941517316,0.1339699074074074,0.10262561642009864,3,0.2485074626865671,0.41300263059000375,0.7551799345692475,0.701273261508325,0.5009771986970685,0.3085734120097189,0.09130434782608701,1.0
1E000363,여자,50대,서비스 종사자,대학교 졸업(전문대졸/대학원생 포함),대전광역시,2세대가족,기혼,맞벌이 함,700-800만원 미만,0.08504829903401932,0.1082740473638047,0.06854796251447826,0.13954451345755692,0.08927368279207654,0.15354938271604937,0.2025856324137012,0,0.2425373134328358,0.3573844419391206,0.28435114503816794,0.8432908912830557,0.38599348534201955,0.37903505727178055,0.4173913043478261,0.0
1E000378,여자,60대 이상,판매 종사자,고졸(대학 재학 포함),대전광역시,1세대가족,기혼,맞벌이 함,500-600만원 미만,0.09302813943721125,0.11314686677711724,0.09655680741286723,0.13954451345755692,0.10214256838700983,0.16030092592592593,0.194588831134213,2,0.27089552238805964,0.37617437053739194,0.501908396946565,0.8432908912830557,0.4482084690553746,0.40333217632766394,0.3913043478260869,0.6666666666666666
4H118014,여자,40대,사무 종사자,대학교 졸업(전문대졸/대학원생 포함),경기도,2세대가족,기혼,맞벌이 함,600-700만원 미만,0.17702645947081058,0.15018029431829258,0.08276297778245763,0.13402346445824706,0.10503975205497912,0.11574074074074074,0.2065840330534453,0,0.5694029850746268,0.5189778278842541,0.39476553980370777,0.8041136141038197,0.4622149837133551,0.24297119055883373,0.4304347826086957,0.0
4A002024,여자,50대,주부,고졸(대학 재학 포함),서울특별시,1세대가족,기혼,맞벌이 하지 않음,300-400만원 미만,0.15875682486350273,0.143358347139655,0.10147063985118109,0.136783988957902,0.11110362484840318,0.1263503086419753,0.21324803411968546,3,0.5044776119402985,0.49267192784667413,0.5400763358778626,0.8237022526934379,0.49153094462540725,0.28115237764665046,0.4521739130434782,1.0
4H118030,여자,40대,사무 종사자,대학교 졸업(전문대졸/대학원생 포함),경기도,2세대가족,기혼,맞벌이 함,700-800만원 미만,0.16925661486770263,0.16187506091024267,0.08978273840862028,0.15610766045548655,0.09944751381215469,0.1388888888888889,0.23723843795815008,0,0.5417910447761193,0.5640736565201052,0.44929116684841885,0.960822722820764,0.4351791530944626,0.3262755987504339,0.5304347826086957,0.0
4H119015,여자,50대,사무 종사자,대학교 졸업(전문대졸/대학원생 포함),경기도,2세대가족,기혼,맞벌이 함,700-800만원 미만,0.123897522049559,0.1531039859662801,0.09020392404619003,0.13126293995859212,0.1000539010914971,0.11284722222222222,0.23497267759562845,0,0.38059701492537307,0.5302517850432169,0.45256270447110136,0.7845249755142016,0.4381107491856678,0.23255813953488372,0.5230434782608697,0.0
1C000701,여자,40대,사무 종사자,대학교 졸업(전문대졸/대학원생 포함),인천광역시,2세대가족,기혼,맞벌이 함,600-700만원 미만,0.15518689626207477,0.12026118312055357,0.12182794566705277,0.12574189095928226,0.1288236086780757,0.1521990740740741,0.11062241769958683,0,0.4917910447761194,0.40360766629086814,0.6982006543075245,0.7453476983349656,0.5771986970684039,0.374175633460604,0.1173913043478261,0.0
4H119030,여자,40대,관리자,대학교 졸업(전문대졸/대학원생 포함),경기도,2세대가족,기혼,맞벌이 함,600-700만원 미만,0.18815623687526248,0.17162069973686775,0.09767996911305325,0.1533471359558316,0.08731976822530656,0.1345486111111111,0.25229908036785287,0,0.6089552238805969,0.6016535137166478,0.5106324972737186,0.9412340842311457,0.37654723127035833,0.31065602221450883,0.5795652173913044,0.0
3O146004,여자,40대,주부,대학교 졸업(전문대졸/대학원생 포함),강원도,2세대가족,기혼,맞벌이 하지 않음,400-500만원 미만,0.16484670306593868,0.11538836370724102,0.12453055350812538,0.13126293995859212,0.1135291739657728,0.08777006172839506,0.09862721578035454,3,0.5261194029850745,0.38481773769259675,0.7191930207197382,0.7845249755142016,0.503257328990228,0.14231169732731688,0.07826086956521741,1.0
2B000006,여자,40대,주부,대학교 졸업(전문대졸/대학원생 포함),부산광역시,2세대가족,기혼,맞벌이 하지 않음,400-500만원 미만,0.16862662746745066,0.16967157197154276,0.08802779825207961,0.13954451345755692,0.12653281228944888,0.1556712962962963,0.16660002665600426,3,0.5395522388059701,0.5941375422773394,0.43565976008724105,0.8432908912830557,0.5661237785016288,0.3866712946893439,0.29999999999999993,1.0
1C000703,남자,40대,사무 종사자,대학교 졸업(전문대졸/대학원생 포함),인천광역시,1인 가구,미혼(사별/이혼 포함),맞벌이 하지 않음,300-400만원 미만,0.09092818143637127,0.13653639996101746,0.11540486469411394,0.14230503795721186,0.09304675919687373,0.15634645061728394,0.13461282153805146,1,0.26343283582089544,0.4663660278090943,0.648309705561614,0.8628795298726737,0.40423452768729645,0.3891010065949322,0.19565217391304354,0.3333333333333333
4A024006,남자,30대,판매 종사자,고졸(대학 재학 포함),서울특별시,1인 가구,미혼(사별/이혼 포함),맞벌이 하지 않음,200-300만원 미만,0.16799664006719867,0.14920573043563007,0.10252360394510548,0.14230503795721186,0.11453981943134348,0.15036651234567902,0.13367986138877783,1,0.5373134328358209,0.5152198421645998,0.5482551799345693,0.8628795298726737,0.50814332247557,0.3675807011454356,0.19260869565217395,0.3333333333333333
4D062026,여자,50대,주부,고졸(대학 재학 포함),대구광역시,2세대가족,기혼,맞벌이 하지 않음,300-400만원 미만,0.0251994960100798,0.15787934899132638,0.05931697729107437,0.11594202898550725,0.06016709338364101,0.1587577160493827,0.1879248300679728,3,0.02985074626865672,0.5486659150695227,0.2126499454743729,0.6758080313418218,0.2452768729641694,0.39777854911489063,0.3695652173913043,1.0
4D062052,여자,30대,서비스 종사자,대학교 졸업(전문대졸/대학원생 포함),대구광역시,1인 가구,미혼(사별/이혼 포함),맞벌이 하지 않음,200-300만원 미만,0.04619907601847963,0.10067244907903714,0.06117721385700748,0.11635610766045548,0.06690472982077887,0.1413966049382716,0.16926562708250034,1,0.10447761194029849,0.32807215332581735,0.22709923664122142,0.6787463271302645,0.27785016286644953,0.33530024297119054,0.30869565217391304,0.3333333333333333
1C000710,여자,50대,주부,대학교 졸업(전문대졸/대학원생 포함),인천광역시,2세대가족,기혼,맞벌이 하지 않음,500-600만원 미만,0.13817723645527089,0.12221031088587858,0.12382857744550911,0.1285024154589372,0.13684139603826978,0.1996527777777778,0.11595361855257898,3,0.43134328358208945,0.4111236377301766,0.7137404580152672,0.7649363369245838,0.6159609120521173,0.5449496702533843,0.1347826086956522,1.0
4H119045,여자,50대,판매 종사자,고졸(대학 재학 포함),경기도,1인 가구,미혼(사별/이혼 포함),맞벌이 하지 않음,300-400만원 미만,0.0755984880302394,0.14384562908098628,0.06742480081429224,0.12781228433402345,0.06003234065489826,0.09645061728395062,0.19992003198720512,1,0.208955223880597,0.4945509207065013,0.2756270447110142,0.7600391772771791,0.2446254071661238,0.17355085039916693,0.408695652173913,0.3333333333333333
1D001043,여자,30대,사무 종사자,대학교 졸업(전문대졸/대학원생 포함),대구광역시,2세대가족,기혼,맞벌이 함,500-600만원 미만,0.19319613607727845,0.11899425007309229,0.09603032536590503,0.13954451345755692,0.13630238512329876,0.11651234567901235,0.12395041983206719,0,0.626865671641791,0.3987222848553175,0.4978189749182116,0.8432908912830557,0.613355048859935,0.24574800416522044,0.16086956521739135,0.0
1C000711,여자,30대,주부,대학교 졸업(전문대졸/대학원생 포함),인천광역시,2세대가족,기혼,맞벌이 하지 않음,500-600만원 미만,0.14951700965980683,0.11217230289445473,0.13165561054368047,0.12022084195997239,0.13273143781161567,0.15027006172839508,0.12395041983206719,3,0.47164179104477616,0.37241638481773764,0.77453653217012,0.7061704211557296,0.5960912052117264,0.3672335994446373,0.16086956521739135,1.0
4H119055,여자,60대 이상,서비스 종사자,고졸(대학 재학 포함),경기도,1세대가족,기혼,맞벌이 함,700-800만원 미만,0.15539689206215876,0.13653639996101746,0.0694605313958794,0.12574189095928226,0.0862417463953645,0.1253858024691358,0.2456350793016127,2,0.49253731343283574,0.4663660278090943,0.2914394765539804,0.7453476983349656,0.3713355048859935,0.2776813606386671,0.5578260869565218,0.6666666666666666
1D001045,여자,30대,서비스 종사자,고졸(대학 재학 포함),대구광역시,1인 가구,미혼(사별/이혼 포함),맞벌이 하지 않음,200-300만원 미만,0.06299874002519949,0.17863755969203785,0.03520409954020568,0.11911663216011041,0.037730764047971974,0.17939814814814817,0.1919232307077169,1,0.16417910447761191,0.6287110108981586,0.025354416575790656,0.6983349657198823,0.13680781758957655,0.4720583130857341,0.3826086956521739,0.3333333333333333
4H119060,여자,30대,사무 종사자,대학교 졸업(전문대졸/대학원생 포함),경기도,1세대가족,기혼,맞벌이 함,600-700만원 미만,0.09365812683746326,0.1370236819023487,0.06328314204485627,0.1305728088336784,0.09156447918070341,0.11217206790123457,0.18392642942822873,0,0.27313432835820894,0.4682450206689214,0.24345692475463468,0.7796278158667971,0.39706840390879483,0.2301284276292954,0.35652173913043483,0.0
4H119005,여자,50대,사무 종사자,고졸(대학 재학 포함),경기도,2세대가족,기혼,맞벌이 함,"900-1,000만원 미만",0.1486770264594708,0.17386219666699154,0.08156961847600998,0.14230503795721186,0.0809190136100256,0.12712191358024694,0.23457283753165403,2,0.46865671641791035,0.6102968808718527,0.3854961832061069,0.8628795298726737,0.3456026058631922,0.28392919125303717,0.5217391304347827,0.6666666666666666
1C000715,여자,50대,판매 종사자,대학교 졸업(전문대졸/대학원생 포함),인천광역시,2세대가족,기혼,맞벌이 함,600-700만원 미만,0.14531709365812684,0.11801968619042978,0.1351654908567618,0.1285024154589372,0.1313839105241881,0.17804783950617284,0.1212848194055711,0,0.45671641791044765,0.3949642991356632,0.8017993456924756,0.7649363369245838,0.5895765472312704,0.46719888927455744,0.15217391304347824,0.0
4H119010,여자,50대,주부,고졸(대학 재학 포함),경기도,2세대가족,기혼,맞벌이 하지 않음,600-700만원 미만,0.12662746745065098,0.14433291102231752,0.06272156119476326,0.13402346445824706,0.07202533351300364,0.10513117283950618,0.21498067439690793,3,0.39029850746268646,0.4964299135663284,0.23909487459105774,0.8041136141038197,0.3026058631921824,0.20479000347101703,0.4578260869565218,1.0
1C000793,여자,50대,주부,대학교 졸업(전문대졸/대학원생 포함),인천광역시,2세대가족,기혼,맞벌이 하지 않음,500-600만원 미만,0.23372532549349012,0.16869700808888025,0.10427854410164615,0.13402346445824706,0.1771324619323541,0.16290509259259262,0.09996001599360256,3,0.7708955223880596,0.590379556557685,0.5618865866957471,0.8041136141038197,0.8107491856677524,0.41270392224921904,0.08260869565217391,1.0
4C063008,여자,40대,사무 종사자,대학교 졸업(전문대졸/대학원생 포함),인천광역시,2세대가족,기혼,맞벌이 함,700-800만원 미만,0.07979840403191936,0.13458727219569244,0.08634305570180058,0.13954451345755692,0.04878048780487805,0.12413194444444443,0.31454085032653606,0,0.2238805970149253,0.4588500563697858,0.42257360959651036,0.8432908912830557,0.19022801302931597,0.2731690385282888,0.782608695652174,0.0
4H119020,여자,30대,사무 종사자,대학교 졸업(전문대졸/대학원생 포함),경기도,2세대가족,기혼,맞벌이 함,800-900만원 미만,0.11822763544729105,0.15534548289640387,0.09339791513109404,0.1285024154589372,0.07216008624174639,0.13020833333333334,0.21591363454618154,0,0.36044776119402977,0.5388951521984217,0.4773718647764449,0.7649363369245838,0.303257328990228,0.2950364456785839,0.4608695652173913,0.0
1D001048,여자,30대,판매 종사자,대학교 졸업(전문대졸/대학원생 포함),대구광역시,1세대가족,기혼,맞벌이 함,400-500만원 미만,0.020999580008399833,0.1691842900302115,0.04538275244814152,0.11677018633540372,0.026883169384180026,0.2295524691358025,0.22391043582566975,0,0.01492537313432836,0.5922585494175122,0.10441657579062161,0.681684622918707,0.08436482084690554,0.6525511975008678,0.4869565217391305,0.0
1C000722,여자,60대 이상,판매 종사자,대학교 졸업(전문대졸/대학원생 포함),인천광역시,1세대가족,기혼,맞벌이 함,500-600만원 미만,0.1868962620747585,0.11412143065977975,0.12470604752377945,0.12298136645962732,0.1342810941921574,0.14573688271604937,0.11062241769958683,2,0.6044776119402985,0.3799323562570462,0.7205561613958561,0.7257590597453476,0.6035830618892509,0.3509198195071155,0.1173913043478261,0.6666666666666666
2B000011,여자,40대,주부,대학교 졸업(전문대졸/대학원생 포함),부산광역시,2세대가족,기혼,맞벌이 하지 않음,300-400만원 미만,0.1860562788744225,0.1755189552675178,0.07058369309606542,0.1450655624568668,0.07317073170731707,0.17939814814814817,0.28655204584832733,3,0.6014925373134328,0.6166854565952649,0.30016357688113404,0.8824681684622917,0.30814332247557,0.4720583130857341,0.691304347826087,1.0
4C063012,여자,60대 이상,주부,고졸(대학 재학 포함),인천광역시,1세대가족,기혼,맞벌이 하지 않음,300-400만원 미만,0.11570768584628308,0.12484163336906735,0.07991997472886174,0.13126293995859212,0.0718232044198895,0.1089891975308642,0.3305344528855125,3,0.3514925373134328,0.42127019917324315,0.37268266085059965,0.7845249755142016,0.301628664495114,0.21867407150295035,0.8347826086956521,1.0
3P240018,여자,50대,서비스 종사자,고졸(대학 재학 포함),제주특별자치도,2세대가족,미혼(사별/이혼 포함),맞벌이 하지 않음,300-400만원 미만,0.21692566148677025,0.10242666406782965,0.09964550208837879,0.11469979296066252,0.13919956879126802,0.09307484567901235,0.23190723710515795,1,0.7111940298507462,0.334836527621195,0.5258996728462377,0.6669931439764936,0.6273615635179154,0.1614022908712253,0.5130434782608696,0.3333333333333333
4A010001,여자,60대 이상,주부,고졸(대학 재학 포함),서울특별시,1세대가족,기혼,맞벌이 하지 않음,300-400만원 미만,0.18038639227215458,0.11509599454244226,0.09188866659646906,0.136783988957902,0.1348874814714998,0.0925925925925926,0.1599360255897641,3,0.5813432835820896,0.3836903419767005,0.46564885496183206,0.8237022526934379,0.606514657980456,0.1596667823672336,0.27826086956521745,1.0
1D001051,여자,40대,주부,고졸(대학 재학 포함),대구광역시,2세대가족,기혼,맞벌이 하지 않음,300-400만원 미만,0.07349853002939942,0.10388850989182341,0.07265452248078341,0.10848861283643892,0.08644387548847865,0.1375385802469136,0.10928961748633881,3,0.2014925373134328,0.3404735062006764,0.3162486368593239,0.622918707149853,0.37231270358306195,0.3214161749392572,0.1130434782608696,1.0
3P240024,여자,50대,서비스 종사자,대학교 졸업(전문대졸/대학원생 포함),제주특별자치도,2세대가족,미혼(사별/이혼 포함),맞벌이 하지 않음,500-600만원 미만,0.23813523729525413,0.1082740473638047,0.07595380997507985,0.12022084195997239,0.1292952432286754,0.09915123456790123,0.273224043715847,1,0.7865671641791045,0.3573844419391206,0.341875681570338,0.7061704211557296,0.5794788273615636,0.1832696980215203,0.6478260869565218,0.3333333333333333
1D001055,여자,50대,주부,고졸(대학 재학 포함),대구광역시,1세대가족,기혼,맞벌이 하지 않음,400-500만원 미만,0.0503989920201596,0.13507455413702368,0.0667930223579376,0.11677018633540372,0.05208192965907559,0.20081018518518517,0.1985872317739571,3,0.11940298507462686,0.4607290492296129,0.27071973827699025,0.681684622918707,0.20618892508143322,0.5491148906629642,0.4043478260869565,1.0
4A010009,여자,50대,판매 종사자,고졸(대학 재학 포함),서울특별시,2세대가족,기혼,맞벌이 함,600-700만원 미만,0.16862662746745066,0.11509599454244226,0.11540486469411394,0.13954451345755692,0.1263980595607061,0.11921296296296297,0.17193122750899642,2,0.5395522388059701,0.3836903419767005,0.648309705561614,0.8432908912830557,0.5654723127035831,0.2554668517875738,0.31739130434782614,0.6666666666666666
3P240030,여자,50대,서비스 종사자,고졸(대학 재학 포함),제주특별자치도,2세대가족,기혼,맞벌이 함,500-600만원 미만,0.248005039899202,0.11022317512912971,0.10361166684216068,0.12574189095928226,0.1402102142568387,0.10127314814814815,0.24390243902439027,2,0.821641791044776,0.3649004133784291,0.5567066521264994,0.7453476983349656,0.6322475570032573,0.19090593543908366,0.5521739130434783,0.6666666666666666
1D001060,여자,20대,주부,고졸(대학 재학 포함),대구광역시,2세대가족,기혼,맞벌이 하지 않음,200-300만원 미만,0.10772784544309114,0.1764935191501803,0.04977010283949318,0.11469979296066252,0.06306427705161029,0.15518904320987656,0.17459682793549247,3,0.3231343283582089,0.6204434423149191,0.138495092693566,0.6669931439764936,0.2592833876221498,0.3849357861853523,0.32608695652173914,1.0
1C000794,여자,50대,주부,고졸(대학 재학 포함),인천광역시,1세대가족,기혼,맞벌이 하지 않음,400-500만원 미만,0.15539689206215876,0.21011597310203686,0.08848408269278017,0.1305728088336784,0.12323137043525131,0.15625,0.0972944155671065,3,0.49253731343283574,0.7500939496429914,0.4392039258451471,0.7796278158667971,0.5501628664495115,0.388753904894134,0.07391304347826086,1.0
4E090021,여자,60대 이상,서비스 종사자,대학교 졸업(전문대졸/대학원생 포함),대전광역시,2세대가족,기혼,맞벌이 함,500-600만원 미만,0.09785804283914322,0.16284962479290518,0.050366782492717,0.13954451345755692,0.05383371513273144,0.1644483024691358,0.23230707716913238,0,0.28805970149253723,0.5678316422397595,0.14312977099236643,0.8432908912830557,0.21465798045602608,0.41825754946199234,0.5143478260869566,0.0
3P240036,여자,40대,서비스 종사자,고졸(대학 재학 포함),제주특별자치도,2세대가족,기혼,맞벌이 함,400-500만원 미만,0.23708525829483412,0.10632491959847969,0.08188550770418729,0.12298136645962732,0.12747608139064814,0.10570987654320987,0.26789284286285486,2,0.7828358208955224,0.34986847049981207,0.38794983642311887,0.7257590597453476,0.5706840390879478,0.20687261367580698,0.6304347826086957,0.6666666666666666
4C073020,여자,30대,사무 종사자,대학교 졸업(전문대졸/대학원생 포함),인천광역시,1세대가족,기혼,맞벌이 함,500-600만원 미만,0.17933641327173458,0.10973589318779846,0.1264960864834509,0.11677018633540372,0.13596550330144186,0.13126929012345678,0.10795681727309077,0,0.5776119402985075,0.363021420518602,0.7344601962922572,0.681684622918707,0.611726384364821,0.29885456438736546,0.10869565217391305,0.0
4A010010,여자,60대 이상,주부,고졸(대학 재학 포함),서울특별시,1세대가족,기혼,맞벌이 하지 않음,300-400만원 미만,0.17891642167156657,0.12191794172107982,0.10648976869888736,0.136783988957902,0.14182724700175178,0.11381172839506173,0.21991203518592564,3,0.5761194029850746,0.4099962420142803,0.5790621592148308,0.8237022526934379,0.6400651465798046,0.23602915654286707,0.4739130434782609,1.0
4E090025,여자,60대 이상,서비스 종사자,대학교 졸업(전문대졸/대학원생 포함),대전광역시,2세대가족,기혼,맞벌이 함,500-600만원 미만,0.0619487610247795,0.14433291102231752,0.07574321715629498,0.13402346445824706,0.05868481336747069,0.18229166666666669,0.25229908036785287,0,0.16044776119402981,0.4964299135663284,0.3402399127589968,0.8041136141038197,0.23811074918566777,0.48247136410968416,0.5795652173913044,0.0
4C073024,여자,40대,판매 종사자,대학교 졸업(전문대졸/대학원생 포함),인천광역시,2세대가족,기혼,맞벌이 함,600-700만원 미만,0.22889542209155816,0.11022317512912971,0.12347758941420098,0.12298136645962732,0.1636571890580784,0.1337770061728395,0.11062241769958683,0,0.753731343283582,0.3649004133784291,0.7110141766630316,0.7257590597453476,0.7456026058631922,0.3078792086081221,0.1173913043478261,0.0
4C073032,여자,60대 이상,서비스 종사자,고졸(대학 재학 포함),인천광역시,1세대가족,기혼,맞벌이 함,400-500만원 미만,0.1619067618647627,0.12143065977974857,0.12312660138289284,0.11400966183574879,0.1288236086780757,0.17399691358024694,0.11995201919232308,2,0.5156716417910446,0.4081172491544532,0.7082878953107961,0.662095984329089,0.5771986970684039,0.4526206178410275,0.1478260869565218,0.6666666666666666
4A010015,여자,40대,판매 종사자,고졸(대학 재학 포함),서울특별시,1인 가구,미혼(사별/이혼 포함),맞벌이 하지 않음,200-300만원 미만,0.1860562788744225,0.11928661923789106,0.10136534344178864,0.13402346445824706,0.13583075057269908,0.10609567901234568,0.1869918699186992,1,0.6014925373134328,0.39984968057121384,0.539258451472192,0.8041136141038197,0.6110749185667752,0.20826102047900033,0.36652173913043484,0.3333333333333333
4E089008,여자,50대,사무 종사자,대학교 졸업(전문대졸/대학원생 포함),대전광역시,2세대가족,기혼,맞벌이 함,500-600만원 미만,0.08462830743385132,0.1306890166650424,0.08521989400161455,0.13402346445824706,0.08172752998248214,0.1652199074074074,0.22790883646541385,0,0.2410447761194029,0.44381811349116873,0.4138495092693566,0.8041136141038197,0.34951140065146585,0.42103436306837905,0.5,0.0
1D001085,여자,50대,장치·기계 조작 및 조립 종사자,고졸(대학 재학 포함),대구광역시,2세대가족,기혼,맞벌이 함,400-500만원 미만,0.05879882402351953,0.16236234285157394,0.04538275244814152,0.11677018633540372,0.03368818218568926,0.19058641975308643,0.2065840330534453,2,0.14925373134328357,0.5659526493799324,0.10441657579062161,0.681684622918707,0.11726384364820848,0.5123221103783409,0.4304347826086957,0.6666666666666666
1D001091,여자,50대,주부,고졸(대학 재학 포함),대구광역시,2세대가족,기혼,맞벌이 하지 않음,300-400만원 미만,0.08399832003359933,0.1084689601403372,0.06879365413639395,0.09979296066252588,0.07680905538337152,0.16165123456790123,0.1985872317739571,3,0.2388059701492537,0.35813603908305147,0.2862595419847328,0.5612144955925562,0.32573289902280134,0.4081916001388406,0.4043478260869565,1.0
3D058008,여자,40대,서비스 종사자,고졸(대학 재학 포함),대구광역시,2세대가족,기혼,맞벌이 함,500-600만원 미만,0.09029819403611929,0.10242666406782965,0.09322242111543998,0.136783988957902,0.10126667565018192,0.15190972222222224,0.13767826202852193,2,0.26119402985074625,0.334836527621195,0.47600872410032724,0.8237022526934379,0.4439739413680783,0.3731343283582089,0.2056521739130435,0.6666666666666666
4D058001,여자,50대,주부,고졸(대학 재학 포함),대구광역시,1세대가족,기혼,맞벌이 하지 않음,300-400만원 미만,0.06509869802603949,0.16528603449956145,0.03962654873468815,0.10848861283643892,0.01684409109284463,0.21026234567901236,0.22790883646541385,3,0.17164179104477612,0.5772266065388951,0.05970556161395854,0.622918707149853,0.035830618892508145,0.583130857341201,0.5,1.0
4C073040,여자,60대 이상,주부,고졸(대학 재학 포함),인천광역시,2세대가족,기혼,맞벌이 하지 않음,400-500만원 미만,0.0999580008399832,0.10876132930513596,0.11891474500719526,0.10848861283643892,0.09742622288101334,0.16898148148148148,0.12261761961881915,3,0.29552238805970144,0.3592634347989478,0.6755725190839694,0.622918707149853,0.42540716612377855,0.43457132939951404,0.1565217391304348,1.0
4E089015,여자,50대,사무 종사자,대학교 졸업(전문대졸/대학원생 포함),대전광역시,2세대가족,기혼,맞벌이 함,500-600만원 미만,0.10205795884082319,0.13556183607835495,0.0845179179389983,0.136783988957902,0.08428783182859452,0.17582947530864199,0.22657603625216582,0,0.30298507462686564,0.46260804208944006,0.40839694656488557,0.8237022526934379,0.36188925081433226,0.45921555015619575,0.4956521739130435,0.0
4B028033,여자,60대 이상,주부,고졸(대학 재학 포함),부산광역시,2세대가족,기혼,맞벌이 하지 않음,500-600만원 미만,0.051028979420411597,0.16041321508624892,0.09718858586922186,0.14161490683229813,0.04062794771594124,0.18132716049382716,0.21857923497267762,3,0.12164179104477611,0.5584366779406238,0.5068157033805888,0.8579823702252691,0.15081433224755697,0.4790003471017007,0.4695652173913044,1.0
4C073048,여자,50대,판매 종사자,대학교 졸업(전문대졸/대학원생 포함),인천광역시,2세대가족,기혼,맞벌이 함,500-600만원 미만,0.16988660226795466,0.11022317512912971,0.12919869432452355,0.12022084195997239,0.14883438889637515,0.1623263888888889,0.11861921897907504,0,0.5440298507462686,0.3649004133784291,0.7554525627044711,0.7061704211557296,0.673941368078176,0.410621312044429,0.14347826086956525,0.0
4B028041,남자,60대 이상,단순노무 종사자,중졸 이하,부산광역시,2세대가족,기혼,맞벌이 하지 않음,300-400만원 미만,0.07328853422931542,0.1496930123769613,0.09743427749113756,0.1388543823326432,0.05518124242015901,0.18701774691358025,0.21591363454618154,3,0.20074626865671635,0.5170988350244269,0.5087241003271538,0.8383937316356511,0.2211726384364821,0.4994793474488024,0.4608695652173913,1.0
4E090027,여자,60대 이상,사무 종사자,대학교 졸업(전문대졸/대학원생 포함),대전광역시,2세대가족,기혼,맞벌이 함,500-600만원 미만,0.12326753464930702,0.1531039859662801,0.0803060615633007,0.13402346445824706,0.06852176256569195,0.18161651234567902,0.23497267759562845,0,0.3783582089552238,0.5302517850432169,0.3756815703380588,0.8041136141038197,0.28566775244299675,0.4800416522040958,0.5230434782608697,0.0
4E090029,여자,50대,서비스 종사자,대학교 졸업(전문대졸/대학원생 포함),대전광역시,2세대가족,기혼,맞벌이 함,500-600만원 미만,0.1005879882402352,0.13361270831302993,0.09357340914674811,0.13402346445824706,0.08886942460584826,0.16685956790123457,0.2016526722644276,0,0.2977611940298507,0.4550920706501316,0.47873500545256276,0.8041136141038197,0.3840390879478827,0.4269350919819507,0.41434782608695664,0.0
4A004052,여자,50대,판매 종사자,고졸(대학 재학 포함),서울특별시,2세대가족,기혼,맞벌이 함,"1,000만원 이상",0.15602687946241076,0.14287106519832377,0.09322242111543998,0.1388543823326432,0.10126667565018192,0.0935570987654321,0.19725443156070907,2,0.494776119402985,0.49079293498684706,0.47600872410032724,0.8383937316356511,0.4439739413680783,0.1631377993752169,0.4,0.6666666666666666
1O000108,여자,40대,사무 종사자,대학교 졸업(전문대졸/대학원생 포함),강원도,2세대가족,기혼,맞벌이 함,600-700만원 미만,0.11276774464510711,0.09999025436117338,0.12158225404513706,0.12229123533471359,0.1135291739657728,0.08487654320987655,0.11368785819005732,0,0.341044776119403,0.32544156332205937,0.6962922573609596,0.720861900097943,0.503257328990228,0.13189864630336687,0.1273913043478261,0.0
2B000017,여자,50대,주부,고졸(대학 재학 포함),부산광역시,2세대가족,기혼,맞벌이 하지 않음,400-500만원 미만,0.18227635447291055,0.17454439138485528,0.09199396300586152,0.15610766045548655,0.11346179760140143,0.17843364197530864,0.2492336398773824,3,0.5880597014925373,0.6129274708756106,0.4664667393675028,0.960822722820764,0.5029315960912053,0.46858729607775074,0.5695652173913044,1.0
1D000181,남자,60대 이상,사무 종사자,중졸 이하,대구광역시,1세대가족,기혼,맞벌이 함,300-400만원 미만,0.10541789164216717,0.11850696813176104,0.04959460882383911,0.1388543823326432,0.048645735076135295,0.10252700617283951,0.29721444755431164,2,0.31492537313432833,0.39684329199549034,0.13713195201744824,0.8383937316356511,0.18957654723127038,0.195418257549462,0.7260869565217393,0.6666666666666666
4A004048,여자,30대,사무 종사자,대학원 졸업 이상,서울특별시,1세대가족,미혼(사별/이혼 포함),맞벌이 하지 않음,500-600만원 미만,0.22049559008819825,0.10388850989182341,0.09627601698782072,0.13333333333333333,0.1627812963212505,0.11053240740740741,0.15460482473677198,1,0.7238805970149254,0.3404735062006764,0.49972737186477645,0.7992164544564153,0.7413680781758958,0.2242276987157237,0.26086956521739135,0.3333333333333333
1C000797,여자,40대,판매 종사자,대학교 졸업(전문대졸/대학원생 포함),인천광역시,1인 가구,미혼(사별/이혼 포함),맞벌이 하지 않음,300-400만원 미만,0.19361612767744646,0.15700224149693012,0.10743743638341934,0.13954451345755692,0.1542918744104568,0.1187307098765432,0.10795681727309077,1,0.6283582089552239,0.5452837279218339,0.586423118865867,0.8432908912830557,0.7003257328990229,0.25373134328358204,0.10869565217391305,0.3333333333333333
3P240042,여자,20대,사무 종사자,고졸(대학 재학 포함),제주특별자치도,1인 가구,미혼(사별/이혼 포함),맞벌이 하지 않음,200-300만원 미만,0.2400251994960101,0.12337978754507359,0.10655996630514901,0.13609385783298825,0.1344832232852715,0.08873456790123457,0.22524323603891777,1,0.7932835820895522,0.41563322059376173,0.5796074154852782,0.8188050930460331,0.6045602605863192,0.14578271433530024,0.491304347826087,0.3333333333333333
1O000112,여자,60대 이상,주부,고졸(대학 재학 포함),강원도,1세대가족,기혼,맞벌이 하지 않음,400-500만원 미만,0.11759764804703907,0.11509599454244226,0.12976027517461655,0.13402346445824706,0.08758927368279207,0.09162808641975309,0.11861921897907504,3,0.3582089552238806,0.3836903419767005,0.759814612868048,0.8041136141038197,0.3778501628664495,0.15619576535925025,0.14347826086956525,1.0
4A004016,여자,60대 이상,주부,고졸(대학 재학 포함),서울특별시,2세대가족,기혼,맞벌이 하지 않음,700-800만원 미만,0.2393952120957581,0.12337978754507359,0.130988733284195,0.13609385783298825,0.21627812963212503,0.10416666666666667,0.11861921897907504,3,0.7910447761194029,0.41563322059376173,0.7693565976008722,0.8188050930460331,1.0,0.20131898646303367,0.14347826086956525,1.0
1C000801,여자,60대 이상,주부,고졸(대학 재학 포함),인천광역시,1세대가족,기혼,맞벌이 하지 않음,300-400만원 미만,0.16820663586728266,0.1316635805477049,0.12042399354182023,0.13126293995859212,0.16096213448322327,0.14429012345679013,0.10302545648407303,3,0.5380597014925372,0.447576099210823,0.6872955288985824,0.7845249755142016,0.7325732899022802,0.3457132939951405,0.09260869565217392,1.0
4C063020,여자,40대,사무 종사자,대학교 졸업(전문대졸/대학원생 포함),인천광역시,2세대가족,기혼,맞벌이 함,700-800만원 미만,0.09680806383872323,0.17162069973686775,0.07009230985223404,0.13954451345755692,0.0668373534564075,0.08680555555555555,0.23457283753165403,0,0.2843283582089552,0.6016535137166478,0.2963467829880043,0.8432908912830557,0.27752442996742677,0.13884068031933353,0.5217391304347827,0.0
4C063024,여자,30대,사무 종사자,대학교 졸업(전문대졸/대학원생 포함),인천광역시,1세대가족,기혼,맞벌이 함,500-600만원 미만,0.12830743385132298,0.12191794172107982,0.08255238496367273,0.13954451345755692,0.06906077348066299,0.10271990740740741,0.350526456084233,0,0.39626865671641787,0.4099962420142803,0.39312977099236635,0.8432908912830557,0.28827361563517917,0.1961124609510587,0.9,0.0
1D000182,남자,20대,사무 종사자,대학교 졸업(전문대졸/대학원생 포함),대구광역시,1인 가구,미혼(사별/이혼 포함),맞벌이 하지 않음,200-300만원 미만,0.03359932801343973,0.10778676542247345,0.04713769260468219,0.1388543823326432,0.02061716749764183,0.08584104938271606,0.33186725309876053,1,0.059701492537313425,0.3555054490792935,0.11804798255179941,0.8383937316356511,0.054071661237785035,0.13536966331135022,0.8391304347826088,0.3333333333333333
1D000185,남자,30대,서비스 종사자,고졸(대학 재학 포함),대구광역시,1인 가구,미혼(사별/이혼 포함),맞벌이 하지 않음,200-300만원 미만,0.08462830743385132,0.12727804307572363,0.04959460882383911,0.1388543823326432,0.04197547500336882,0.16454475308641975,0.2692256430761029,1,0.2410447761194029,0.4306651634723788,0.13713195201744824,0.8383937316356511,0.15732899022801305,0.41860465116279066,0.6347826086956523,0.3333333333333333
1D000187,여자,20대,사무 종사자,대학교 졸업(전문대졸/대학원생 포함),대구광역시,1인 가구,미혼(사별/이혼 포함),맞벌이 하지 않음,200-300만원 미만,0.12242755144897102,0.19062469544878669,0.048541644729914714,0.1388543823326432,0.04062794771594124,0.10320216049382716,0.23190723710515795,1,0.3753731343283581,0.674934235249906,0.12895310796074158,0.8383937316356511,0.15081433224755697,0.19784796945505032,0.5130434782608696,0.3333333333333333
1D000213,여자,60대 이상,기능원 및 관련 기능 종사자,고졸(대학 재학 포함),대구광역시,1세대가족,기혼,맞벌이 함,400-500만원 미만,0.08882822343553129,0.1448201929636488,0.0686532589238707,0.1388543823326432,0.03456407492251718,0.1648341049382716,0.28921764627482344,2,0.2559701492537313,0.49830890642615555,0.2851690294438386,0.8383937316356511,0.12149837133550491,0.41964595626518564,0.7000000000000001,0.6666666666666666
3D048025,남자,60대 이상,서비스 종사자,고졸(대학 재학 포함),대구광역시,1인 가구,미혼(사별/이혼 포함),맞벌이 하지 않음,200-300만원 미만,0.12662746745065098,0.1477438846116363,0.04492646800744095,0.13333333333333333,0.04669182050936531,0.09384645061728396,0.26256164200986276,1,0.39029850746268646,0.5095828635851183,0.10087241003271538,0.7992164544564153,0.1801302931596091,0.16417910447761194,0.6130434782608697,0.3333333333333333
3D048029,여자,60대 이상,서비스 종사자,중졸 이하,대구광역시,1인 가구,미혼(사별/이혼 포함),맞벌이 하지 않음,200-300만원 미만,0.17954640907181857,0.12727804307572363,0.03931065950651083,0.1388543823326432,0.06791537528634954,0.10320216049382716,0.2958816473410636,1,0.5783582089552238,0.4306651634723788,0.05725190839694658,0.8383937316356511,0.2827361563517915,0.19784796945505032,0.7217391304347827,0.3333333333333333
1D000220,여자,60대 이상,판매 종사자,대학교 졸업(전문대졸/대학원생 포함),대구광역시,1세대가족,기혼,맞벌이 함,400-500만원 미만,0.21818563628727428,0.14676932072897378,0.04257484819767646,0.1388543823326432,0.06730898800700715,0.10320216049382716,0.29454884712781554,2,0.7156716417910448,0.505824877865464,0.08260632497273715,0.8383937316356511,0.27980456026058637,0.19784796945505032,0.717391304347826,0.6666666666666666
3D048019,여자,50대,서비스 종사자,고졸(대학 재학 포함),대구광역시,1세대가족,기혼,맞벌이 하지 않음,200-300만원 미만,0.19697606047879043,0.13215086248903615,0.045137060826225824,0.13333333333333333,0.06185150249292548,0.10127314814814815,0.28921764627482344,3,0.6402985074626866,0.44945509207065004,0.10250817884405669,0.7992164544564153,0.2534201954397394,0.19090593543908366,0.7000000000000001,1.0
4D048001,여자,40대,취업 준비 중,중졸 이하,대구광역시,1인 가구,미혼(사별/이혼 포함),맞벌이 하지 않음,200-300만원 미만,0.1738765224695506,0.1009648182438359,0.03836299182197887,0.11677018633540372,0.05868481336747069,0.08777006172839506,0.31720645075303217,1,0.5582089552238805,0.32919954904171367,0.049890948745910574,0.681684622918707,0.23811074918566777,0.14231169732731688,0.7913043478260872,0.3333333333333333
4D048002,여자,50대,주부,고졸(대학 재학 포함),대구광역시,1인 가구,미혼(사별/이혼 포함),맞벌이 하지 않음,200-300만원 미만,0.19844603107937842,0.10973589318779846,0.04583903688884209,0.1388543823326432,0.07242959169923191,0.09837962962962964,0.3345328535252566,1,0.6455223880597014,0.363021420518602,0.10796074154852778,0.8383937316356511,0.30456026058631924,0.18049288441513364,0.8478260869565218,0.3333333333333333
3I211004,여자,40대,서비스 종사자,고졸(대학 재학 포함),경상북도,1인 가구,미혼(사별/이혼 포함),맞벌이 하지 않음,200-300만원 미만,0.1516169676606468,0.11655784036643603,0.0654943666420975,0.1388543823326432,0.048645735076135295,0.12924382716049385,0.34386245501799284,1,0.47910447761194025,0.38932732055618186,0.2606324972737185,0.8383937316356511,0.18957654723127038,0.29156542867060053,0.8782608695652175,0.3333333333333333
3I211005,여자,60대 이상,서비스 종사자,고졸(대학 재학 포함),경상북도,1인 가구,미혼(사별/이혼 포함),맞벌이 하지 않음,200-300만원 미만,0.19319613607727845,0.11850696813176104,0.06444140254817311,0.1388543823326432,0.061986255221668236,0.11188271604938273,0.3545248567239771,1,0.626865671641791,0.39684329199549034,0.25245365321701196,0.8383937316356511,0.254071661237785,0.22908712252690042,0.9130434782608697,0.3333333333333333
4I211030,여자,60대 이상,서비스 종사자,중졸 이하,경상북도,1인 가구,미혼(사별/이혼 포함),맞벌이 하지 않음,200-300만원 미만,0.1511969760604788,0.10973589318779846,0.04597943210136535,0.1388543823326432,0.054103220590216945,0.10445601851851852,0.34519525523124084,1,0.47761194029850745,0.363021420518602,0.10905125408942204,0.8383937316356511,0.21596091205211726,0.20236029156542865,0.8826086956521738,0.3333333333333333
4I211015,여자,60대 이상,서비스 종사자,중졸 이하,경상북도,1인 가구,미혼(사별/이혼 포함),맞벌이 하지 않음,200-300만원 미만,0.16484670306593868,0.11850696813176104,0.06830227089256256,0.1388543823326432,0.05289044603153214,0.11091820987654322,0.35719045715047315,1,0.5261194029850745,0.39684329199549034,0.28244274809160297,0.8383937316356511,0.21009771986970688,0.22561610551891706,0.9217391304347827,0.3333333333333333
1I000347,남자,60대 이상,서비스 종사자,고졸(대학 재학 포함),경상북도,1세대가족,기혼,맞벌이 함,400-500만원 미만,0.1761864762704746,0.10973589318779846,0.0397669439472114,0.13609385783298825,0.06259264250101065,0.09837962962962964,0.3429294948687192,2,0.5664179104477611,0.363021420518602,0.06079607415485275,0.8188050930460331,0.25700325732899026,0.18049288441513364,0.8752173913043478,0.6666666666666666
1I000336,여자,60대 이상,판매 종사자,중졸 이하,경상북도,1인 가구,미혼(사별/이혼 포함),맞벌이 하지 않음,200-300만원 미만,0.17051658966820665,0.10973589318779846,0.049348917201923415,0.13609385783298825,0.06636571890580784,0.1089891975308642,0.34519525523124084,1,0.5462686567164179,0.363021420518602,0.13522355507088332,0.8188050930460331,0.2752442996742671,0.21867407150295035,0.8826086956521738,0.3333333333333333
1I000330,여자,60대 이상,판매 종사자,중졸 이하,경상북도,1인 가구,기혼,맞벌이 하지 않음,200-300만원 미만,0.15581688366232677,0.11850696813176104,0.0665473307360219,0.1388543823326432,0.05605713515698693,0.1089891975308642,0.3655870984939358,1,0.49402985074626865,0.39684329199549034,0.2688113413304253,0.8383937316356511,0.22540716612377854,0.21867407150295035,0.9491304347826087,0.3333333333333333
1I000327,여자,50대,주부,고졸(대학 재학 포함),경상북도,1세대가족,기혼,맞벌이 하지 않음,400-500만원 미만,0.16904661906761864,0.11850696813176104,0.06293215401354814,0.1388543823326432,0.0627273952297534,0.12152777777777778,0.36292149806743973,3,0.5410447761194029,0.39684329199549034,0.2407306434023991,0.8383937316356511,0.25765472312703586,0.2637972926067338,0.9404347826086957,1.0
1I000257,여자,50대,서비스 종사자,대학교 졸업(전문대졸/대학원생 포함),경상북도,1세대가족,기혼,맞벌이 함,500-600만원 미만,0.15875682486350273,0.09804112659584836,0.05134954898037977,0.11953071083505866,0.05228405875218973,0.11284722222222222,0.35359189657470347,0,0.5044776119402985,0.3179255918827508,0.15076335877862598,0.701273261508325,0.20716612377850163,0.23255813953488372,0.91,0.0
4E092008,여자,60대 이상,주부,고졸(대학 재학 포함),대전광역시,2세대가족,기혼,맞벌이 하지 않음,600-700만원 미만,0.15476690466190676,0.196959360686093,0.09592502895651259,0.15058661145617666,0.08462471365045142,0.14467592592592593,0.2452352392376383,3,0.4902985074626865,0.6993611424276588,0.49700109051254093,0.9216454456415277,0.36351791530944627,0.3471017007983339,0.5565217391304348,1.0
3I210005,여자,60대 이상,서비스 종사자,대학교 졸업(전문대졸/대학원생 포함),경상북도,1인 가구,미혼(사별/이혼 포함),맞벌이 하지 않음,200-300만원 미만,0.19361612767744646,0.11168502095312348,0.04889263276122285,0.1388543823326432,0.062121007950411,0.10223765432098766,0.3509262961482074,1,0.6283582089552239,0.3705373919579105,0.13167938931297715,0.8383937316356511,0.25472312703583067,0.19437695244706701,0.901304347826087,0.3333333333333333
1I000273,남자,50대,기능원 및 관련 기능 종사자,중졸 이하,경상북도,1인 가구,미혼(사별/이혼 포함),맞벌이 하지 않음,200-300만원 미만,0.06005879882402353,0.09550726050092584,0.0408199080411358,0.11870255348516218,0.02061716749764183,0.1900077160493827,0.33186725309876053,1,0.15373134328358207,0.30815482901164976,0.06897491821155946,0.6953966699314398,0.054071661237785035,0.5102395001735508,0.8391304347826088,0.3333333333333333
4E092039,여자,30대,사무 종사자,대학교 졸업(전문대졸/대학원생 포함),대전광역시,2세대가족,기혼,맞벌이 함,500-600만원 미만,0.1509869802603948,0.18653152714160415,0.10245340633884384,0.13954451345755692,0.07707856084085703,0.15364583333333334,0.2376382780221245,0,0.476865671641791,0.6591506952273581,0.5477099236641221,0.8432908912830557,0.3270358306188925,0.379382158972579,0.5317391304347827,0.0
1O000136,여자,40대,서비스 종사자,대학교 졸업(전문대졸/대학원생 포함),강원도,2세대가족,기혼,맞벌이 함,600-700만원 미만,0.16757664846703066,0.11119773901179222,0.11112281071215473,0.13126293995859212,0.08442258455733728,0.0925925925925926,0.12928162068505933,0,0.535820895522388,0.3686583990980834,0.6150490730643403,0.7845249755142016,0.36254071661237786,0.1596667823672336,0.17826086956521744,0.0
1I000291,여자,50대,서비스 종사자,대학교 졸업(전문대졸/대학원생 포함),경상북도,1세대가족,기혼,맞벌이 함,500-600만원 미만,0.16442671146577068,0.11850696813176104,0.07216313923695201,0.1388543823326432,0.06441180433903786,0.11506558641975309,0.35185925629748105,0,0.5246268656716417,0.39684329199549034,0.3124318429661941,0.8383937316356511,0.26579804560260584,0.2405414786532454,0.9043478260869567,0.0
1I000290,여자,50대,기능원 및 관련 기능 종사자,고졸(대학 재학 포함),경상북도,2세대가족,기혼,맞벌이 함,400-500만원 미만,0.08651826963460732,0.09482506578306209,0.03334386297427258,0.10807453416149068,0.02775906212100795,0.1787229938271605,0.32653605224576837,2,0.24776119402985075,0.3055242390078918,0.010905125408942201,0.6199804113614102,0.08859934853420197,0.4696286011801457,0.8217391304347826,0.6666666666666666
4E092042,여자,50대,서비스 종사자,고졸(대학 재학 포함),대전광역시,1인 가구,미혼(사별/이혼 포함),맞벌이 하지 않음,500-600만원 미만,0.16043679126417473,0.18136633856349285,0.07749815731283564,0.1533471359558316,0.09028432825764722,0.17023533950617284,0.21324803411968546,1,0.5104477611940299,0.6392333709131905,0.3538713195201746,0.9412340842311457,0.3908794788273616,0.43908365150989237,0.4521739130434782,0.3333333333333333
3I210003,여자,30대,사무 종사자,대학교 졸업(전문대졸/대학원생 포함),경상북도,1인 가구,미혼(사별/이혼 포함),맞벌이 하지 않음,200-300만원 미만,0.08651826963460732,0.08605399083909951,0.03334386297427258,0.10807453416149068,0.02775906212100795,0.1787229938271605,0.32653605224576837,1,0.24776119402985075,0.27170236753100335,0.010905125408942201,0.6199804113614102,0.08859934853420197,0.4696286011801457,0.8217391304347826,0.3333333333333333
1H002106,여자,60대 이상,주부,대학교 졸업(전문대졸/대학원생 포함),경기도,2세대가족,기혼,맞벌이 하지 않음,800-900만원 미만,0.1383872322553549,0.20767956339538057,0.04439998596047875,0.15058661145617666,0.054709607869559355,0.14081790123456792,0.21324803411968546,3,0.4320895522388059,0.7406989853438556,0.09678298800436205,0.9216454456415277,0.21889250814332245,0.3332176327664006,0.4521739130434782,1.0
4I210032,남자,40대,기능원 및 관련 기능 종사자,대학교 졸업(전문대졸/대학원생 포함),경상북도,1인 가구,미혼(사별/이혼 포함),맞벌이 하지 않음,200-300만원 미만,0.14888702225955483,0.09677419354838711,0.03695903969674634,0.10807453416149068,0.04911736962673494,0.12403549382716049,0.3292016526722644,1,0.4694029850746268,0.3130402104472003,0.038985823336968345,0.6199804113614102,0.19185667752442997,0.27282193682749045,0.8304347826086956,0.3333333333333333
4C063028,여자,40대,판매 종사자,대학교 졸업(전문대졸/대학원생 포함),인천광역시,2세대가족,기혼,맞벌이 함,600-700만원 미만,0.10667786644267115,0.1316635805477049,0.0882383910708645,0.13402346445824706,0.062255760679153754,0.11024305555555555,0.33719845395175263,0,0.3194029850746268,0.447576099210823,0.43729552889858236,0.8041136141038197,0.25537459283387626,0.22318639361332868,0.8565217391304348,0.0
4C063032,여자,60대 이상,판매 종사자,고졸(대학 재학 포함),인천광역시,1세대가족,기혼,맞벌이 함,300-400만원 미만,0.10856782864342714,0.143358347139655,0.08957214558983538,0.13954451345755692,0.05154291874410457,0.10349151234567902,0.30121284819405575,2,0.3261194029850746,0.49267192784667413,0.4476553980370773,0.8432908912830557,0.20358306188925085,0.19888927455744534,0.7391304347826089,0.6666666666666666
1H002110,여자,40대,사무 종사자,대학교 졸업(전문대졸/대학원생 포함),경기도,2세대가족,기혼,맞벌이 함,700-800만원 미만,0.13292734145317092,0.2157684436214794,0.06714401038924574,0.1533471359558316,0.05686565152944347,0.15817901234567902,0.25056644009063045,0,0.41268656716417895,0.771890266816986,0.27344601962922577,0.9412340842311457,0.22931596091205214,0.3956959389101007,0.573913043478261,0.0
1O000137,여자,60대 이상,주부,대학교 졸업(전문대졸/대학원생 포함),강원도,1세대가족,기혼,맞벌이 하지 않음,400-500만원 미만,0.1383872322553549,0.11899425007309229,0.13871046997297393,0.13954451345755692,0.10052553564209674,0.10416666666666667,0.12568306010928962,3,0.4320895522388059,0.3987222848553175,0.8293347873500546,0.8432908912830557,0.4403908794788273,0.20131898646303367,0.1665217391304348,1.0
4H122012,여자,60대 이상,서비스 종사자,대학교 졸업(전문대졸/대학원생 포함),경기도,2세대가족,기혼,맞벌이 함,600-700만원 미만,0.13775724485510288,0.11655784036643603,0.12102067319504406,0.11953071083505866,0.12592642501010645,0.1609760802469136,0.1052912168465947,0,0.42985074626865655,0.38932732055618186,0.6919302071973829,0.701273261508325,0.5631921824104235,0.4057618882332523,0.1,0.0
1A000679,여자,40대,주부,대학교 졸업(전문대졸/대학원생 포함),서울특별시,2세대가족,기혼,맞벌이 하지 않음,600-700만원 미만,0.09575808483830324,0.1904297826722542,0.08936155277105051,0.14230503795721186,0.04756771324619323,0.17515432098765432,0.21098227375716383,3,0.2805970149253731,0.6741826381059752,0.4460196292257361,0.8628795298726737,0.18436482084690553,0.45678583825060737,0.4447826086956522,1.0
1O000160,여자,60대 이상,주부,대학교 졸업(전문대졸/대학원생 포함),강원도,2세대가족,기혼,맞벌이 하지 않음,700-800만원 미만,0.14489710205795883,0.1092486112464672,0.137376715454003,0.13126293995859212,0.12505053227327853,0.08777006172839506,0.10928961748633881,3,0.45522388059701485,0.36114242765877486,0.8189749182115594,0.7845249755142016,0.5589576547231271,0.14231169732731688,0.1130434782608696,1.0
1O000162,여자,60대 이상,주부,대학교 졸업(전문대졸/대학원생 포함),강원도,1세대가족,기혼,맞벌이 하지 않음,400-500만원 미만,0.13166736665266696,0.10242666406782965,0.11421150538766628,0.13126293995859212,0.09412478102681578,0.08680555555555555,0.10795681727309077,3,0.40820895522388057,0.334836527621195,0.6390403489640131,0.7845249755142016,0.4094462540716612,0.13884068031933353,0.10869565217391305,1.0
1O000169,여자,30대,판매 종사자,대학교 졸업(전문대졸/대학원생 포함),강원도,1세대가족,기혼,맞벌이 함,600-700만원 미만,0.14258714825703486,0.1072994834811422,0.13112912849671826,0.1285024154589372,0.10308583748820914,0.09548611111111112,0.11195521791283487,0,0.4470149253731343,0.35362645621946637,0.7704471101417666,0.7649363369245838,0.45276872964169385,0.17007983339118363,0.12173913043478266,0.0
3P240048,여자,40대,서비스 종사자,대학교 졸업(전문대졸/대학원생 포함),제주특별자치도,2세대가족,기혼,맞벌이 함,400-500만원 미만,0.22679546409071819,0.1306890166650424,0.10217261591379735,0.13954451345755692,0.14539819431343484,0.12528935185185186,0.22524323603891777,0,0.7462686567164178,0.44381811349116873,0.5455288985823338,0.8432908912830557,0.657328990228013,0.2773342589378688,0.491304347826087,0.0
1O000170,여자,50대,판매 종사자,대학교 졸업(전문대졸/대학원생 포함),강원도,2세대가족,기혼,맞벌이 함,700-800만원 미만,0.12137757244855103,0.10047753630250464,0.11965181987294232,0.1285024154589372,0.11339442123703006,0.0935570987654321,0.10795681727309077,0,0.37164179104477607,0.3273205561818865,0.681297709923664,0.7649363369245838,0.5026058631921825,0.1631377993752169,0.10869565217391305,0.0
1O000174,여자,30대,사무 종사자,대학교 졸업(전문대졸/대학원생 포함),강원도,2세대가족,기혼,맞벌이 함,700-800만원 미만,0.11423771524569508,0.1092486112464672,0.12719806254606716,0.1285024154589372,0.10456811750437946,0.10416666666666667,0.11195521791283487,0,0.3462686567164178,0.36114242765877486,0.7399127589967283,0.7649363369245838,0.45993485342019547,0.20131898646303367,0.12173913043478266,0.0
4A025008,여자,50대,사무 종사자,대학교 졸업(전문대졸/대학원생 포함),서울특별시,2세대가족,기혼,맞벌이 함,"900-1,000만원 미만",0.1854262914741705,0.24422570899522467,0.08416692990769016,0.1554175293305728,0.08448996092170867,0.14641203703703706,0.22391043582566975,0,0.5992537313432835,0.8816234498308907,0.40567066521265005,0.9559255631733592,0.36286644951140073,0.353349531412704,0.4869565217391305,0.0
1A000687,여자,50대,서비스 종사자,고졸(대학 재학 포함),서울특별시,1세대가족,기혼,맞벌이 함,400-500만원 미만,0.10289794204115918,0.18234090244615536,0.09610052297216666,0.1450655624568668,0.07923460450074113,0.15104166666666666,0.19992003198720512,2,0.3059701492537313,0.6429913566328448,0.4983642311886587,0.8824681684622917,0.33745928338762216,0.3700104130510239,0.408695652173913,0.6666666666666666
4A025012,여자,40대,사무 종사자,대학교 졸업(전문대졸/대학원생 포함),서울특별시,2세대가족,기혼,맞벌이 함,600-700만원 미만,0.21146577068458633,0.24666211870188093,0.07082938471798113,0.15610766045548655,0.09028432825764722,0.13879243827160495,0.20125283220045317,0,0.6917910447761194,0.8910184141300262,0.302071973827699,0.960822722820764,0.3908794788273616,0.32592849704963556,0.4130434782608696,0.0
4H122018,여자,30대,사무 종사자,대학교 졸업(전문대졸/대학원생 포함),경기도,1세대가족,기혼,맞벌이 함,700-800만원 미만,0.2133557328853423,0.1071045707046097,0.11049103225580008,0.11677018633540372,0.15732381080716884,0.10204475308641975,0.11861921897907504,0,0.698507462686567,0.3528748590755355,0.6101417666303162,0.681684622918707,0.714983713355049,0.1936827490454703,0.14347826086956525,0.0
4C069012,여자,60대 이상,주부,고졸(대학 재학 포함),인천광역시,1세대가족,기혼,맞벌이 하지 않음,500-600만원 미만,0.18017639647207057,0.11217230289445473,0.14271173352988664,0.13126293995859212,0.1204689394960248,0.09837962962962964,0.13194722111155538,3,0.5805970149253731,0.37241638481773764,0.8604143947655399,0.7845249755142016,0.5368078175895766,0.18049288441513364,0.18695652173913044,1.0
4A025016,여자,50대,서비스 종사자,고졸(대학 재학 포함),서울특별시,2세대가족,기혼,맞벌이 함,"900-1,000만원 미만",0.1734565308693826,0.24130201734723714,0.05661436945000176,0.15817805383022773,0.07067780622557607,0.18942901234567902,0.23057443689190993,2,0.5567164179104477,0.8703494926719278,0.19165757906215927,0.9755142017629772,0.2960912052117264,0.5081568899687608,0.5086956521739131,0.6666666666666666
4H122024,여자,30대,사무 종사자,대학교 졸업(전문대졸/대학원생 포함),경기도,1세대가족,기혼,맞벌이 함,500-600만원 미만,0.2246955060898782,0.11801968619042978,0.09030922045558247,0.1285024154589372,0.13852580514755422,0.09018132716049383,0.10262561642009864,0,0.7388059701492536,0.3949642991356632,0.45338058887677213,0.7649363369245838,0.6241042345276873,0.15098923984727528,0.09130434782608701,0.0
4C069018,여자,60대 이상,주부,대학교 졸업(전문대졸/대학원생 포함),인천광역시,1세대가족,기혼,맞벌이 하지 않음,400-500만원 미만,0.1364972700545989,0.10242666406782965,0.12000280790425046,0.1285024154589372,0.06488343888963752,0.09066358024691358,0.12261761961881915,3,0.42537313432835816,0.334836527621195,0.6840239912758995,0.7649363369245838,0.2680781758957655,0.1527247483512669,0.1565217391304348,1.0
3J237004,남자,60대 이상,농림어업 숙련 종사자,중졸 이하,경상남도,1세대가족,기혼,맞벌이 하지 않음,100만원 미만,0.13271734565308696,0.13536692330182246,0.053701168790144256,0.11953071083505866,0.09277725373938821,0.15885416666666666,0.1599360255897641,3,0.41194029850746267,0.46185644494550926,0.16902944383860416,0.701273261508325,0.40293159609120516,0.39812565081568896,0.27826086956521745,1.0
4A025024,여자,30대,서비스 종사자,고졸(대학 재학 포함),서울특별시,1세대가족,기혼,맞벌이 함,800-900만원 미만,0.20579588408231836,0.24178929928856838,0.06275665999789408,0.15886818495514146,0.0881282845977631,0.17197145061728397,0.21857923497267762,2,0.6716417910447761,0.8722284855317549,0.2393675027262814,0.9804113614103818,0.38045602605863194,0.44533148212426243,0.4695652173913044,0.6666666666666666
4H122030,여자,50대,사무 종사자,대학교 졸업(전문대졸/대학원생 포함),경기도,2세대가족,기혼,맞벌이 함,600-700만원 미만,0.1774464510709786,0.12289250560374233,0.1200730055105121,0.1285024154589372,0.14593720522840586,0.12770061728395063,0.10795681727309077,0,0.5708955223880596,0.4137542277339346,0.6845692475463468,0.7649363369245838,0.6599348534201954,0.2860118014578271,0.10869565217391305,0.0
1H002136,여자,50대,서비스 종사자,대학교 졸업(전문대졸/대학원생 포함),경기도,2세대가족,기혼,맞벌이 함,700-800만원 미만,0.11339773204535909,0.18039177468083034,0.04022322838791197,0.136783988957902,0.048039347796792885,0.14901620370370372,0.23057443689190993,0,0.3432835820895522,0.6354753851935362,0.06434023991275897,0.8237022526934379,0.18664495114006519,0.36272127733425896,0.5086956521739131,0.0
1H002142,여자,50대,주부,대학교 졸업(전문대졸/대학원생 포함),경기도,2세대가족,기혼,맞벌이 하지 않음,800-900만원 미만,0.06299874002519949,0.1979339245687555,0.06384472289494929,0.136783988957902,0.038808785877914025,0.18036265432098766,0.23324003731840598,3,0.16417910447761191,0.703119128147313,0.24781897491821162,0.8237022526934379,0.1420195439739414,0.47552933009371745,0.5173913043478261,1.0
4C069030,여자,60대 이상,주부,고졸(대학 재학 포함),인천광역시,1세대가족,기혼,맞벌이 하지 않음,400-500만원 미만,0.15959680806383872,0.113439235941916,0.12102067319504406,0.1285024154589372,0.1313839105241881,0.09741512345679013,0.14167666266826603,3,0.5074626865671641,0.3773017662532882,0.6919302071973829,0.7649363369245838,0.5895765472312704,0.17702186740715029,0.2186956521739131,1.0
4H122036,여자,40대,사무 종사자,대학교 졸업(전문대졸/대학원생 포함),경기도,2세대가족,기혼,맞벌이 함,500-600만원 미만,0.2118857622847543,0.11217230289445473,0.12930399073391596,0.12574189095928226,0.13502223420024256,0.12210648148148148,0.11328801812608291,0,0.6932835820895522,0.37241638481773764,0.7562704471101417,0.7453476983349656,0.6071661237785018,0.26587990281152374,0.12608695652173915,0.0
1A000696,여자,30대,사무 종사자,대학교 졸업(전문대졸/대학원생 포함),서울특별시,2세대가족,기혼,맞벌이 함,500-600만원 미만,0.1541369172616548,0.1862391579768054,0.09954020567898636,0.14782608695652172,0.08691551003907828,0.177758487654321,0.22391043582566975,0,0.48805970149253736,0.6580232995114619,0.5250817884405671,0.9020568070519097,0.3745928338762215,0.46615758417216246,0.4869565217391305,0.0
4H140064,여자,40대,주부,대학교 졸업(전문대졸/대학원생 포함),경기도,2세대가족,기혼,맞벌이 하지 않음,500-600만원 미만,0.11339773204535909,0.20066270344021053,0.044680776385525256,0.14989648033126293,0.05289044603153214,0.15335648148148148,0.2452352392376383,3,0.3432835820895522,0.713641488162345,0.09896401308615052,0.9167482859941232,0.21009771986970688,0.3783408538701839,0.5565217391304348,1.0
4H122048,여자,60대 이상,주부,고졸(대학 재학 포함),경기도,1세대가족,기혼,맞벌이 하지 않음,400-500만원 미만,0.17408651826963462,0.11022317512912971,0.1301463620090555,0.12574189095928226,0.13030588869424606,0.1820987654320988,0.11861921897907504,3,0.558955223880597,0.3649004133784291,0.7628135223555071,0.7453476983349656,0.5843648208469056,0.4817771607080875,0.14347826086956525,1.0
3J237012,여자,60대 이상,주부,중졸 이하,경상남도,1인 가구,미혼(사별/이혼 포함),맞벌이 하지 않음,100만원 미만,0.14699706005879884,0.15485820095507263,0.07486574707802465,0.12229123533471359,0.08442258455733728,0.18393132716049382,0.19592163134746102,1,0.46268656716417905,0.5370161593385946,0.3334242093784079,0.720861900097943,0.36254071661237786,0.4883720930232557,0.3956521739130434,0.3333333333333333
4C066004,여자,40대,주부,대학교 졸업(전문대졸/대학원생 포함),인천광역시,2세대가족,기혼,맞벌이 하지 않음,500-600만원 미만,0.09869802603947922,0.20865412727804308,0.04661121055771999,0.13954451345755692,0.04500741140008085,0.15335648148148148,0.21591363454618154,3,0.29104477611940294,0.7444569710635099,0.11395856052344608,0.8432908912830557,0.17198697068403906,0.3783408538701839,0.4608695652173913,1.0
4C069036,여자,50대,사무 종사자,대학교 졸업(전문대졸/대학원생 포함),인천광역시,2세대가족,기혼,맞벌이 함,600-700만원 미만,0.15350692986140277,0.1072994834811422,0.1288477062932154,0.13126293995859212,0.0903517046220186,0.09162808641975309,0.11462081833933094,0,0.485820895522388,0.35362645621946637,0.7527262813522354,0.7845249755142016,0.3912052117263844,0.15619576535925025,0.13043478260869565,0.0
4H122054,여자,60대 이상,주부,고졸(대학 재학 포함),경기도,1세대가족,기혼,맞벌이 하지 않음,400-500만원 미만,0.1415371692566149,0.11899425007309229,0.11989751149485804,0.12298136645962732,0.10032340654898261,0.1826774691358025,0.11462081833933094,3,0.44328358208955226,0.3987222848553175,0.6832061068702291,0.7257590597453476,0.43941368078175896,0.48385977091287746,0.13043478260869565,1.0
4C066008,여자,40대,사무 종사자,대학교 졸업(전문대졸/대학원생 포함),인천광역시,2세대가족,기혼,맞벌이 함,600-700만원 미만,0.11822763544729105,0.196959360686093,0.07233863325260609,0.14782608695652172,0.049589004177334584,0.16087962962962965,0.27055844328935097,0,0.36044776119402977,0.6993611424276588,0.31379498364231184,0.9020568070519097,0.19413680781758957,0.405414786532454,0.6391304347826088,0.0
4C066012,여자,50대,주부,대학교 졸업(전문대졸/대학원생 포함),인천광역시,2세대가족,기혼,맞벌이 하지 않음,400-500만원 미만,0.11339773204535909,0.20017542149887926,0.04847144712365308,0.13402346445824706,0.04514216412882361,0.1232638888888889,0.21498067439690793,3,0.3432835820895522,0.7117624953025178,0.12840785169029442,0.8041136141038197,0.1726384364820847,0.27004512322110374,0.4578260869565218,1.0
4C069048,여자,60대 이상,판매 종사자,고졸(대학 재학 포함),인천광역시,1세대가족,기혼,맞벌이 함,600-700만원 미만,0.15203695926081479,0.11314686677711724,0.1269172721210207,0.13126293995859212,0.10200781565826708,0.10030864197530864,0.10928961748633881,2,0.48059701492537305,0.37617437053739194,0.7377317339149401,0.7845249755142016,0.44755700325732906,0.1874349184311003,0.1130434782608696,0.6666666666666666
4C066016,여자,50대,주부,대학교 졸업(전문대졸/대학원생 포함),인천광역시,2세대가족,기혼,맞벌이 하지 않음,700-800만원 미만,0.11969760604787905,0.14433291102231752,0.06753009722368468,0.13402346445824706,0.05794367335938552,0.1326195987654321,0.23990403838464616,3,0.3656716417910447,0.4964299135663284,0.27644492911668483,0.8041136141038197,0.23452768729641693,0.30371398819854223,0.5391304347826088,1.0
4C066020,여자,30대,판매 종사자,대학교 졸업(전문대졸/대학원생 포함),인천광역시,1세대가족,기혼,맞벌이 함,600-700만원 미만,0.14279714405711885,0.20475587174739304,0.06012424976308309,0.136783988957902,0.05140816601536181,0.14592978395061731,0.22924163667866188,0,0.44776119402985065,0.7294250281848929,0.21892039258451476,0.8237022526934379,0.2029315960912052,0.35161402290871235,0.5043478260869565,0.0
3J237028,남자,60대 이상,판매 종사자,중졸 이하,경상남도,1세대가족,기혼,맞벌이 하지 않음,200-300만원 미만,0.12095758084838304,0.17405710944352404,0.07374258537783862,0.13333333333333333,0.07384449535103085,0.13802083333333334,0.21191523390643743,3,0.3701492537313432,0.6110484780157835,0.3247001090512541,0.7992164544564153,0.31140065146579804,0.32315168344324885,0.4478260869565217,1.0
4H122066,여자,30대,사무 종사자,대학교 졸업(전문대졸/대학원생 포함),경기도,1세대가족,기혼,맞벌이 함,600-700만원 미만,0.13019739605207897,0.10876132930513596,0.1086658944929978,0.12505175983436853,0.1489691416251179,0.15065586419753085,0.10395841663334666,0,0.40298507462686567,0.3592634347989478,0.5959651035986914,0.7404505386875613,0.6745928338762215,0.3686220062478305,0.09565217391304351,0.0
4C066024,여자,40대,사무 종사자,고졸(대학 재학 포함),인천광역시,2세대가족,기혼,맞벌이 함,600-700만원 미만,0.10247795044099117,0.1797095799629666,0.036853743287353906,0.13402346445824706,0.03557472038808786,0.16811342592592596,0.2385712381713981,0,0.30447761194029843,0.6328447951897783,0.038167938931297746,0.8041136141038197,0.12638436482084692,0.4314474140923291,0.5347826086956522,0.0
4C066028,여자,60대 이상,서비스 종사자,고졸(대학 재학 포함),인천광역시,1세대가족,기혼,맞벌이 함,500-600만원 미만,0.06614867702645948,0.16119286619237894,0.043382120669685165,0.13402346445824706,0.0272874275704083,0.15248842592592593,0.273224043715847,2,0.17537313432835822,0.5614430665163472,0.08887677208287895,0.8041136141038197,0.08631921824104234,0.37521693856299887,0.6478260869565218,0.6666666666666666
4O152018,남자,40대,기능원 및 관련 기능 종사자,고졸(대학 재학 포함),강원도,1인 가구,미혼(사별/이혼 포함),맞벌이 하지 않음,300-400만원 미만,0.1385972280554389,0.1699639411363415,0.09136218454950687,0.1533471359558316,0.09857162107532678,0.16734182098765432,0.27055844328935097,1,0.4328358208955223,0.5952649379932357,0.4615594329334788,0.9412340842311457,0.4309446254071662,0.4286706004859423,0.6391304347826088,0.3333333333333333
3J237040,여자,60대 이상,주부,중졸 이하,경상남도,1세대가족,기혼,맞벌이 하지 않음,200-300만원 미만,0.16064678706425872,0.15700224149693012,0.07093468112737356,0.136783988957902,0.08186228271122489,0.1398533950617284,0.21857923497267762,3,0.5111940298507462,0.5452837279218339,0.30288985823336967,0.8237022526934379,0.3501628664495114,0.3297466157584171,0.4695652173913044,1.0
1A000655,여자,30대,서비스 종사자,대학교 졸업(전문대졸/대학원생 포함),서울특별시,2세대가족,기혼,맞벌이 함,400-500만원 미만,0.11780764384712307,0.1787350160803041,0.08651854971745464,0.1533471359558316,0.08327718636302385,0.1603973765432099,0.21991203518592564,0,0.358955223880597,0.6290868094701241,0.4239367502726281,0.9412340842311457,0.35700325732899024,0.4036792780284624,0.4739130434782609,0.0
3J237032,남자,60대 이상,농림어업 숙련 종사자,중졸 이하,경상남도,1세대가족,기혼,맞벌이 하지 않음,100만원 미만,0.15728685426291475,0.15554039567293637,0.08486890597030641,0.14437543133195307,0.07761757175582805,0.13676697530864199,0.22031187524990006,3,0.4992537313432835,0.5396467493423525,0.41112322791712097,0.8775710088148874,0.32964169381107494,0.3186393613328705,0.4752173913043479,1.0
4O152029,여자,50대,판매 종사자,고졸(대학 재학 포함),강원도,2세대가족,기혼,맞벌이 함,500-600만원 미만,0.18122637547249054,0.1348796413604912,0.09030922045558247,0.14230503795721186,0.12269235952028028,0.15817901234567902,0.29055044648807143,2,0.5843283582089551,0.4599774520856821,0.45338058887677213,0.8628795298726737,0.547557003257329,0.3956959389101007,0.7043478260869565,0.6666666666666666
4A025028,여자,30대,서비스 종사자,대학교 졸업(전문대졸/대학원생 포함),서울특별시,2세대가족,기혼,맞벌이 함,500-600만원 미만,0.22217555648887022,0.2310690965792808,0.06402021691060335,0.1616287094547964,0.08294030454116695,0.19521604938271606,0.22124483539917367,0,0.7298507462686566,0.830890642615558,0.24918211559432932,0.9999999999999998,0.35537459283387623,0.5289829920166609,0.4782608695652174,0.0
4A025032,여자,50대,사무 종사자,대학교 졸업(전문대졸/대학원생 포함),서울특별시,2세대가족,기혼,맞벌이 함,"900-1,000만원 미만",0.2015959680806384,0.20865412727804308,0.08311396581376576,0.15886818495514146,0.08981269370704757,0.154320987654321,0.274556843929095,0,0.6567164179104478,0.7444569710635099,0.3974918211559433,0.9804113614103818,0.388599348534202,0.38181187087816737,0.6521739130434783,0.0
3J237036,남자,50대,장치·기계 조작 및 조립 종사자,고졸(대학 재학 포함),경상남도,1세대가족,기혼,맞벌이 함,400-500만원 미만,0.1997060058798824,0.16021830230971643,0.07935839387876874,0.12022084195997239,0.09911063199029779,0.15345293209876543,0.18392642942822873,2,0.6499999999999999,0.557685080796693,0.36832061068702293,0.7061704211557296,0.4335504885993485,0.3786879555709822,0.35652173913043483,0.6666666666666666
4C069054,여자,60대 이상,주부,대학교 졸업(전문대졸/대학원생 포함),인천광역시,1세대가족,기혼,맞벌이 하지 않음,400-500만원 미만,0.1010079798404032,0.11119773901179222,0.13386683514092168,0.13126293995859212,0.08428783182859452,0.10223765432098766,0.11768625882980141,3,0.29925373134328354,0.3686583990980834,0.7917121046892038,0.7845249755142016,0.36188925081433226,0.19437695244706701,0.14043478260869566,1.0
1M000121,여자,40대,서비스 종사자,대학교 졸업(전문대졸/대학원생 포함),충청북도,2세대가족,기혼,맞벌이 함,500-600만원 미만,0.09827803443931121,0.16187506091024267,0.07462005545610895,0.136783988957902,0.06016709338364101,0.18422067901234568,0.2336398773823804,0,0.2895522388059701,0.5640736565201052,0.3315158124318429,0.8237022526934379,0.2452768729641694,0.48941339812565077,0.5186956521739131,0.0
4O152032,여자,60대 이상,주부,고졸(대학 재학 포함),강원도,1세대가족,기혼,맞벌이 하지 않음,300-400만원 미만,0.13439731205375893,0.16021830230971643,0.091713172580815,0.14782608695652172,0.09877375016844091,0.15625,0.28122084499533523,3,0.41791044776119396,0.557685080796693,0.4642857142857143,0.9020568070519097,0.4319218241042346,0.388753904894134,0.673913043478261,1.0
4A025040,여자,50대,서비스 종사자,고졸(대학 재학 포함),서울특별시,2세대가족,기혼,맞벌이 함,700-800만원 미만,0.23351532969340613,0.19598479680343048,0.08708013056754765,0.15886818495514146,0.09432691011992993,0.1871141975308642,0.28655204584832733,2,0.7701492537313432,0.6956031567080044,0.42829880043620505,0.9804113614103818,0.41042345276872966,0.4998264491496007,0.691304347826087,0.6666666666666666
4C069066,여자,60대 이상,판매 종사자,대학교 졸업(전문대졸/대학원생 포함),인천광역시,2세대가족,기혼,맞벌이 함,700-800만원 미만,0.09344813103737926,0.11509599454244226,0.12930399073391596,0.136783988957902,0.08961056461393344,0.11284722222222222,0.1283486605357857,0,0.2723880597014925,0.3836903419767005,0.7562704471101417,0.8237022526934379,0.3876221498371336,0.23255813953488372,0.17521739130434785,0.0
4A025044,여자,40대,사무 종사자,대학교 졸업(전문대졸/대학원생 포함),서울특별시,2세대가족,기혼,맞벌이 함,700-800만원 미만,0.250104997900042,0.20280674398206805,0.060299743778737154,0.15610766045548655,0.09964964290526883,0.15268132716049385,0.274556843929095,0,0.8291044776119402,0.7219090567455844,0.22028353326063257,0.960822722820764,0.43615635179153095,0.37591114196459563,0.6521739130434783,0.0
3J237042,여자,50대,판매 종사자,고졸(대학 재학 포함),경상남도,2세대가족,미혼(사별/이혼 포함),맞벌이 하지 않음,200-300만원 미만,0.1629567408651827,0.17454439138485528,0.07433926503106245,0.13402346445824706,0.07653954992588599,0.16965663580246915,0.18259362921498068,1,0.5194029850746268,0.6129274708756106,0.3293347873500545,0.8041136141038197,0.3244299674267101,0.4370010413051024,0.3521739130434782,0.3333333333333333
4O152038,여자,40대,판매 종사자,대학교 졸업(전문대졸/대학원생 포함),강원도,2세대가족,기혼,맞벌이 함,500-600만원 미만,0.17975640487190256,0.13263814443036742,0.08925625636165807,0.14230503795721186,0.10908233391726183,0.15075231481481483,0.2692256430761029,0,0.5791044776119403,0.4513340849304772,0.44520174482006536,0.8628795298726737,0.4817589576547232,0.3689691079486289,0.6347826086956523,0.0
4O152015,여자,30대,주부,고졸(대학 재학 포함),강원도,2세대가족,기혼,맞벌이 하지 않음,300-400만원 미만,0.14237715245695085,0.15144722736575383,0.0885542802990418,0.14230503795721186,0.10766743026546288,0.1615547839506173,0.26789284286285486,3,0.44626865671641774,0.5238632093198046,0.43974918211559433,0.8628795298726737,0.47491856677524436,0.40784449843804227,0.6304347826086957,1.0
4O152012,여자,60대 이상,주부,고졸(대학 재학 포함),강원도,1세대가족,기혼,맞벌이 하지 않음,200-300만원 미만,0.1755564888702226,0.15242179124841634,0.08820329226773367,0.13954451345755692,0.10281633203072361,0.15239197530864199,0.2785552445688391,3,0.5641791044776119,0.5276211950394588,0.4370229007633587,0.8432908912830557,0.4514657980456026,0.37486983686220066,0.6652173913043478,1.0
1C000803,여자,40대,주부,대학교 졸업(전문대졸/대학원생 포함),인천광역시,2세대가족,기혼,맞벌이 하지 않음,500-600만원 미만,0.17807643847123059,0.143358347139655,0.11866905338527957,0.1450655624568668,0.17005794367335939,0.1293402777777778,0.1372784219645475,3,0.573134328358209,0.49267192784667413,0.6736641221374046,0.8824681684622917,0.7765472312703584,0.29191253037139886,0.20434782608695654,1.0
3J237044,여자,60대 이상,장치·기계 조작 및 조립 종사자,고졸(대학 재학 포함),경상남도,1세대가족,기혼,맞벌이 함,400-500만원 미만,0.16820663586728266,0.15018029431829258,0.07714716928152751,0.11746031746031746,0.08294030454116695,0.16116898148148148,0.20924963347994138,2,0.5380597014925372,0.5189778278842541,0.35114503816793896,0.6865817825661116,0.35537459283387623,0.40645609163484897,0.4391304347826087,0.6666666666666666
1C000821,여자,30대,주부,대학교 졸업(전문대졸/대학원생 포함),인천광역시,2세대가족,기혼,맞벌이 하지 않음,500-600만원 미만,0.2257454850902982,0.16509112172302898,0.11270225685304132,0.14230503795721186,0.16460045815927773,0.14573688271604937,0.09996001599360256,3,0.7425373134328358,0.5764750093949643,0.6273173391494002,0.8628795298726737,0.7501628664495116,0.3509198195071155,0.08260869565217391,1.0
4G104036,여자,40대,주부,고졸(대학 재학 포함),울산광역시,2세대가족,기혼,맞벌이 하지 않음,400-500만원 미만,0.1497270054598908,0.13751096384367997,0.08048155557895477,0.14782608695652172,0.07364236625791672,0.16493055555555555,0.31627349060375853,3,0.4723880597014924,0.47012401352874866,0.3770447110141767,0.9020568070519097,0.3104234527687296,0.41999305796598396,0.7882608695652175,1.0
1B000167,여자,60대 이상,서비스 종사자,고졸(대학 재학 포함),부산광역시,1세대가족,기혼,맞벌이 함,300-400만원 미만,0.16442671146577068,0.198908488451418,0.06500298339826611,0.15610766045548655,0.07808920630642771,0.11959876543209877,0.2256430761028922,2,0.5246268656716417,0.7068771138669673,0.2568157033805888,0.960822722820764,0.3319218241042346,0.2568552585907671,0.4926086956521739,0.6666666666666666
4B041003,여자,50대,판매 종사자,고졸(대학 재학 포함),부산광역시,1인 가구,기혼,맞벌이 하지 않음,200-300만원 미만,0.13166736665266693,0.1755189552675178,0.10182162788248922,0.15058661145617666,0.09587656650047163,0.1701388888888889,0.20791683326669333,1,0.40820895522388045,0.6166854565952649,0.5428026172300982,0.9216454456415277,0.4179153094462541,0.43873654980909405,0.4347826086956522,0.3333333333333333
1B000122,여자,60대 이상,단순노무 종사자,중졸 이하,부산광역시,1인 가구,미혼(사별/이혼 포함),맞벌이 하지 않음,100-200만원 미만,0.15497690046199075,0.12873988889971738,0.08567617844231512,0.136783988957902,0.07532677536720118,0.19540895061728394,0.24963347994135682,1,0.49104477611940284,0.4363021420518602,0.41739367502726277,0.8237022526934379,0.3185667752442997,0.5296771954182574,0.5708695652173914,0.3333333333333333
1B000153,여자,60대 이상,판매 종사자,고졸(대학 재학 포함),부산광역시,1인 가구,미혼(사별/이혼 포함),맞벌이 하지 않음,200-300만원 미만,0.08882822343553129,0.16090049702758016,0.09736407988487591,0.136783988957902,0.06016709338364101,0.15653935185185186,0.2105824336931894,1,0.2559701492537313,0.560315670800451,0.5081788440567065,0.8237022526934379,0.2452768729641694,0.38979520999652895,0.4434782608695652,0.3333333333333333
4A018037,여자,30대,사무 종사자,대학교 졸업(전문대졸/대학원생 포함),서울특별시,1인 가구,미혼(사별/이혼 포함),맞벌이 하지 않음,300-400만원 미만,0.11465770684586309,0.1306890166650424,0.07830542978484434,0.136783988957902,0.07391187171540224,0.11188271604938273,0.33186725309876053,1,0.3477611940298507,0.44381811349116873,0.36014176663031616,0.8237022526934379,0.3117263843648209,0.22908712252690042,0.8391304347826088,0.3333333333333333
4A018014,여자,60대 이상,서비스 종사자,고졸(대학 재학 포함),서울특별시,1세대가족,기혼,맞벌이 함,500-600만원 미만,0.07265854682906342,0.14920573043563007,0.0792530974693763,0.14782608695652172,0.06892602075192023,0.11381172839506173,0.3292016526722644,2,0.1985074626865671,0.5152198421645998,0.36750272628135217,0.9020568070519097,0.2876221498371336,0.23602915654286707,0.8304347826086956,0.6666666666666666
4C063036,여자,50대,사무 종사자,대학교 졸업(전문대졸/대학원생 포함),인천광역시,1인 가구,미혼(사별/이혼 포함),맞벌이 하지 않음,300-400만원 미만,0.08210835783284334,0.13653639996101746,0.09013372643992841,0.13954451345755692,0.04089745317342676,0.11168981481481481,0.333599893375983,1,0.2320895522388059,0.4663660278090943,0.45201744820065437,0.8432908912830557,0.1521172638436482,0.2283929191253037,0.8447826086956524,0.3333333333333333
3J238004,남자,40대,장치·기계 조작 및 조립 종사자,대학교 졸업(전문대졸/대학원생 포함),경상남도,2세대가족,기혼,맞벌이 함,500-600만원 미만,0.22301553968920623,0.19335347432024172,0.07391807939349268,0.136783988957902,0.11063199029780352,0.1527777777777778,0.19325603092096497,0,0.7328358208955223,0.6854565952649381,0.3260632497273718,0.8237022526934379,0.4892508143322476,0.37625824366539395,0.38695652173913053,0.0
4N182012,여자,50대,사무 종사자,대학교 졸업(전문대졸/대학원생 포함),충청남도,1세대가족,기혼,맞벌이 함,600-700만원 미만,0.0503989920201596,0.2731702563103012,0.07697167526587344,0.14120082815734988,0.016170327449130845,0.21344521604938274,0.12528322004531522,0,0.11940298507462686,0.9932356257046223,0.3497818974918211,0.8550440744368264,0.03257328990228013,0.594585213467546,0.1652173913043479,0.0
4N182072,여자,40대,주부,고졸(대학 재학 포함),충청남도,2세대가족,기혼,맞벌이 하지 않음,400-500만원 미만,0.06572868542629148,0.22181073969398696,0.04257484819767646,0.1554175293305728,0.02681579301980865,0.19917052469135804,0.19592163134746102,3,0.17388059701492536,0.7951897782788425,0.08260632497273715,0.9559255631733592,0.08403908794788274,0.5432141617493925,0.3956521739130434,1.0
3G103004,여자,60대 이상,서비스 종사자,고졸(대학 재학 포함),울산광역시,1세대가족,기혼,맞벌이 함,400-500만원 미만,0.19655606887862243,0.18165870772829162,0.05608788740303956,0.14230503795721186,0.09580919013610024,0.10734953703703703,0.2456350793016127,2,0.6388059701492537,0.6403607666290869,0.18756815703380594,0.8628795298726737,0.4175895765472313,0.21277334258937866,0.5578260869565218,0.6666666666666666
3J238008,남자,30대,사무 종사자,대학교 졸업(전문대졸/대학원생 포함),경상남도,2세대가족,기혼,맞벌이 하지 않음,300-400만원 미만,0.21545569088618227,0.16411655784036647,0.042820539819592156,0.11746031746031746,0.09338364101873062,0.1263503086419753,0.19592163134746102,0,0.7059701492537312,0.5727170236753101,0.08451472191930212,0.6865817825661116,0.4058631921824104,0.28115237764665046,0.3956521739130434,0.0
3J238024,여자,50대,서비스 종사자,고졸(대학 재학 포함),경상남도,1세대가족,기혼,맞벌이 함,700-800만원 미만,0.21734565308693826,0.16187506091024267,0.0792530974693763,0.12574189095928226,0.1000539010914971,0.14602623456790126,0.19992003198720512,2,0.712686567164179,0.5640736565201052,0.36750272628135217,0.7453476983349656,0.4381107491856678,0.3519611246095107,0.408695652173913,0.6666666666666666
4N182054,남자,60대 이상,판매 종사자,대학교 졸업(전문대졸/대학원생 포함),충청남도,1세대가족,기혼,맞벌이 하지 않음,300-400만원 미만,0.0251994960100798,0.2222980216353182,0.067845986451862,0.15610766045548655,0.01953914566769977,0.2211612654320988,0.2136478741836599,3,0.02985074626865672,0.7970687711386696,0.2788985823336969,0.960822722820764,0.0488599348534202,0.6223533495314127,0.45347826086956533,1.0
3J238028,여자,60대 이상,주부,대학교 졸업(전문대졸/대학원생 포함),경상남도,1세대가족,기혼,맞벌이 하지 않음,400-500만원 미만,0.19403611927761447,0.19208654127278044,0.09431048401249517,0.13954451345755692,0.11669586309122759,0.11506558641975309,0.194588831134213,3,0.6298507462686567,0.6805712138293873,0.48446019629225734,0.8432908912830557,0.5185667752442997,0.2405414786532454,0.3913043478260869,1.0
3J238032,남자,30대,전문가 및 관련 종사자,대학교 졸업(전문대졸/대학원생 포함),경상남도,1세대가족,기혼,맞벌이 함,500-600만원 미만,0.23435531289374212,0.16284962479290518,0.06988171703344916,0.11746031746031746,0.12067106858913892,0.1171875,0.21724643475942956,0,0.7731343283582088,0.5678316422397595,0.294711014176663,0.6865817825661116,0.537785016286645,0.2481777160708087,0.4652173913043478,0.0
3J238040,여자,60대 이상,주부,고졸(대학 재학 포함),경상남도,2세대가족,기혼,맞벌이 하지 않음,800-900만원 미만,0.18332633347333052,0.14725660267030505,0.07030290267101892,0.12022084195997239,0.08307505726990971,0.1440007716049383,0.2105824336931894,3,0.5917910447761193,0.5077038707252912,0.29798255179934563,0.7061704211557296,0.3560260586319218,0.34467198889274564,0.4434782608695652,1.0
4O156024,여자,60대 이상,주부,고졸(대학 재학 포함),강원도,1세대가족,기혼,맞벌이 하지 않음,200-300만원 미만,0.1854262914741705,0.15339635513107885,0.08750131620511742,0.15058661145617666,0.10214256838700983,0.15750385802469138,0.2838864454218313,3,0.5992537313432835,0.5313791807591131,0.4315703380588878,0.9216454456415277,0.4482084690553746,0.3932662270045124,0.682608695652174,1.0
4O156038,여자,30대,사무 종사자,대학교 졸업(전문대졸/대학원생 포함),강원도,1인 가구,미혼(사별/이혼 포함),맞벌이 하지 않음,200-300만원 미만,0.1627467450650987,0.1572946106617289,0.0906602084868906,0.14782608695652172,0.11285541032205902,0.14081790123456792,0.2692256430761029,1,0.5186567164179104,0.5464111236377301,0.45610687022900764,0.9020568070519097,0.5,0.3332176327664006,0.6347826086956523,0.3333333333333333
4O156048,여자,60대 이상,단순노무 종사자,고졸(대학 재학 포함),강원도,1세대가족,기혼,맞벌이 하지 않음,300-400만원 미만,0.15665686686266272,0.14072702465646625,0.08399143589203609,0.14230503795721186,0.09742622288101334,0.16541280864197533,0.2798880447820872,3,0.49701492537313413,0.48252536640360766,0.4043075245365322,0.8628795298726737,0.42540716612377855,0.4217285664699757,0.6695652173913044,1.0
4O156064,여자,30대,주부,대학교 졸업(전문대졸/대학원생 포함),강원도,2세대가족,기혼,맞벌이 하지 않음,400-500만원 미만,0.1619067618647627,0.14920573043563007,0.0896072443929662,0.14782608695652172,0.11817814310739792,0.14949845679012347,0.2785552445688391,3,0.5156716417910446,0.5152198421645998,0.447928026172301,0.9020568070519097,0.5257328990228014,0.3644567858382506,0.6652173913043478,1.0
4O156067,여자,30대,사무 종사자,대학교 졸업(전문대졸/대학원생 포함),강원도,1세대가족,기혼,맞벌이 함,400-500만원 미만,0.19235615287694247,0.15797680537959263,0.08609736407988489,0.15058661145617666,0.12343349952836544,0.15383873456790123,0.27189124350259897,0,0.6238805970149254,0.5490417136414881,0.4206652126499455,0.9216454456415277,0.5511400651465798,0.3800763623741755,0.6434782608695653,0.0
4O156070,여자,40대,서비스 종사자,대학교 졸업(전문대졸/대학원생 포함),강원도,1인 가구,미혼(사별/이혼 포함),맞벌이 하지 않음,300-400만원 미만,0.18122637547249054,0.15339635513107885,0.08539538801726862,0.14782608695652172,0.1169653685487131,0.14371141975308643,0.25589764094362255,1,0.5843283582089551,0.5313791807591131,0.41521264994547435,0.9020568070519097,0.5198697068403909,0.34363068379035056,0.591304347826087,0.3333333333333333
2B000023,여자,40대,사무 종사자,대학교 졸업(전문대졸/대학원생 포함),부산광역시,2세대가족,기혼,맞벌이 함,500-600만원 미만,0.2018059638807224,0.12776532501705487,0.07188234881190551,0.14230503795721186,0.09230561918878857,0.1769868827160494,0.34119685459149673,0,0.6574626865671641,0.4325441563322059,0.31025081788440567,0.8628795298726737,0.40065146579804567,0.46338077056577576,0.8695652173913043,0.0
3J224012,여자,60대 이상,서비스 종사자,고졸(대학 재학 포함),경상남도,1세대가족,기혼,맞벌이 함,400-500만원 미만,0.04619907601847963,0.14920573043563007,0.11491348145028255,0.12298136645962732,0.09836949198221263,0.11091820987654322,0.11195521791283487,2,0.10447761194029849,0.5152198421645998,0.6444929116684841,0.7257590597453476,0.42996742671009774,0.22561610551891706,0.12173913043478266,0.6666666666666666
4O156076,여자,30대,기능원 및 관련 기능 종사자,고졸(대학 재학 포함),강원도,2세대가족,기혼,맞벌이 함,400-500만원 미만,0.15224695506089878,0.13877789689114123,0.08890526833034994,0.13954451345755692,0.11191214122085971,0.15721450617283952,0.28521924563507933,2,0.4813432835820894,0.47500939496429917,0.44247546346782984,0.8432908912830557,0.4954397394136808,0.39222492190211733,0.6869565217391306,0.6666666666666666
4A024007,남자,60대 이상,단순노무 종사자,고졸(대학 재학 포함),서울특별시,1세대가족,기혼,맞벌이 함,300-400만원 미만,0.1501469970600588,0.12776532501705487,0.09378400196553298,0.14230503795721186,0.10409648295377981,0.15461033950617287,0.16526722644275624,2,0.4738805970149253,0.4325441563322059,0.48037077426390407,0.8628795298726737,0.4576547231270358,0.38285317598056234,0.29565217391304344,0.6666666666666666
2B000024,여자,60대 이상,서비스 종사자,고졸(대학 재학 포함),부산광역시,2세대가족,기혼,맞벌이 함,500-600만원 미만,0.1875262494750105,0.18234090244615536,0.09866273560071602,0.13954451345755692,0.136706643309527,0.1476658950617284,0.1936558709849394,2,0.6067164179104477,0.6429913566328448,0.5182660850599782,0.8432908912830557,0.6153094462540717,0.3578618535230822,0.38826086956521744,0.6666666666666666
4A003003,여자,60대 이상,주부,고졸(대학 재학 포함),서울특별시,1세대가족,기혼,맞벌이 하지 않음,300-400만원 미만,0.18395632087358252,0.143358347139655,0.09216945702151558,0.14230503795721186,0.12814984503436194,0.14660493827160495,0.28921764627482344,3,0.5940298507462686,0.49267192784667413,0.4678298800436206,0.8628795298726737,0.573941368078176,0.3540437348143006,0.7000000000000001,1.0
4A024017,여자,60대 이상,서비스 종사자,고졸(대학 재학 포함),서울특별시,1인 가구,미혼(사별/이혼 포함),맞벌이 하지 않음,200-300만원 미만,0.16799664006719867,0.1251340025338661,0.11761608929135518,0.14230503795721186,0.1131922921439159,0.14988425925925927,0.14527522324403572,1,0.5373134328358209,0.4223975948891394,0.665485278080698,0.8628795298726737,0.501628664495114,0.365845192641444,0.23043478260869563,0.3333333333333333
4A003014,여자,40대,사무 종사자,대학교 졸업(전문대졸/대학원생 포함),서울특별시,2세대가족,기혼,맞벌이 함,500-600만원 미만,0.2009659806803864,0.1572946106617289,0.08609736407988489,0.15058661145617666,0.12936261959304676,0.1552854938271605,0.26789284286285486,0,0.6544776119402985,0.5464111236377301,0.4206652126499455,0.9216454456415277,0.5798045602605864,0.3852828878861506,0.6304347826086957,0.0
4A024024,남자,50대,단순노무 종사자,고졸(대학 재학 포함),서울특별시,1인 가구,미혼(사별/이혼 포함),맞벌이 하지 않음,100-200만원 미만,0.10940781184376314,0.11509599454244226,0.11909023902284933,0.136783988957902,0.09877375016844091,0.1646412037037037,0.15727042516326803,1,0.3291044776119403,0.3836903419767005,0.6769356597600873,0.8237022526934379,0.4319218241042346,0.418951752863589,0.26956521739130435,0.3333333333333333
1C000830,여자,50대,판매 종사자,고졸(대학 재학 포함),인천광역시,2세대가족,기혼,맞벌이 함,600-700만원 미만,0.14279714405711885,0.1764935191501803,0.09094099891193712,0.13954451345755692,0.11373130305888694,0.12625385802469136,0.1052912168465947,2,0.44776119402985065,0.6204434423149191,0.45828789531079617,0.8432908912830557,0.5042345276872965,0.28080527594585214,0.1,0.6666666666666666
4A003020,여자,50대,사무 종사자,대학교 졸업(전문대졸/대학원생 포함),서울특별시,1인 가구,미혼(사별/이혼 포함),맞벌이 하지 않음,300-400만원 미만,0.15854682906341874,0.168989377253679,0.08364044786072795,0.1450655624568668,0.1125859048645735,0.14033564814814817,0.25856324137011866,1,0.503731343283582,0.5915069522735813,0.40158124318429667,0.8824681684622917,0.4986970684039088,0.33148212426240886,0.6000000000000001,0.3333333333333333
4A024035,남자,30대,서비스 종사자,고졸(대학 재학 포함),서울특별시,1세대가족,기혼,맞벌이 함,500-600만원 미만,0.17933641327173458,0.11704512230776729,0.09687269664104455,0.13954451345755692,0.15880609082333916,0.13782793209876545,0.11328801812608291,2,0.5776119402985075,0.39120631341600903,0.5043620501635768,0.8432908912830557,0.7221498371335505,0.3224574800416523,0.12608695652173915,0.6666666666666666
3K195016,여자,60대 이상,농림어업 숙련 종사자,중졸 이하,전라북도,1세대가족,기혼,맞벌이 함,300-400만원 미만,0.1507769844603108,0.07016859955170061,0.0673195044048998,0.020703933747412008,0.06791537528634954,0.17862654320987653,0.2452352392376383,2,0.47611940298507455,0.21044720030063885,0.2748091603053435,0.0,0.2827361563517915,0.4692814994793474,0.5565217391304348,0.6666666666666666
2B000036,여자,40대,사무 종사자,대학교 졸업(전문대졸/대학원생 포함),부산광역시,1세대가족,기혼,맞벌이 함,600-700만원 미만,0.22049559008819825,0.15992593314491765,0.07619950159699554,0.15058661145617666,0.14014283789246731,0.1505594135802469,0.18525922964147676,0,0.7238805970149254,0.5565576850807966,0.34378407851690285,0.9216454456415277,0.6319218241042346,0.36827490454703227,0.36086956521739133,0.0
4K195018,여자,60대 이상,주부,중졸 이하,전라북도,1인 가구,미혼(사별/이혼 포함),맞벌이 하지 않음,100-200만원 미만,0.1129777404451911,0.14209141409219378,0.04141658769435962,0.12256728778467908,0.06185150249292548,0.18885030864197533,0.194588831134213,1,0.3417910447761193,0.48778654641112373,0.07360959651035989,0.7228207639569049,0.2534201954397394,0.5060742797639709,0.3913043478260869,0.3333333333333333
4A003026,여자,30대,주부,고졸(대학 재학 포함),서울특별시,2세대가족,기혼,맞벌이 하지 않음,400-500만원 미만,0.14678706425871485,0.14530747490498003,0.09357340914674811,0.1450655624568668,0.11757175582805551,0.15576774691358025,0.27055844328935097,3,0.4619402985074627,0.5001878992859827,0.47873500545256276,0.8824681684622917,0.5228013029315961,0.38701839639014224,0.6391304347826088,1.0
3L199025,여자,40대,판매 종사자,대학교 졸업(전문대졸/대학원생 포함),전라남도,1세대가족,기혼,맞벌이 함,300-400만원 미만,0.09575808483830324,0.16655296754702273,0.061879189919623746,0.13333333333333333,0.049589004177334584,0.13204089506172842,0.21991203518592564,0,0.2805970149253731,0.5821119879744457,0.2325517993456925,0.7992164544564153,0.19413680781758957,0.3016313779937523,0.4739130434782609,0.0
4K195019,여자,60대 이상,주부,중졸 이하,전라북도,1인 가구,미혼(사별/이혼 포함),맞벌이 하지 않음,100만원 미만,0.15644687106257876,0.15407854984894262,0.06591555227966726,0.14230503795721186,0.07869559358577011,0.22202932098765432,0.23457283753165403,1,0.4962686567164179,0.5340097707628711,0.26390403489640124,0.8628795298726737,0.33485342019543973,0.6254772648385977,0.5217391304347827,0.3333333333333333
4A245030,여자,60대 이상,주부,고졸(대학 재학 포함),서울특별시,1세대가족,기혼,맞벌이 하지 않음,300-400만원 미만,0.2238555228895422,0.1029139460091609,0.10561229862061704,0.12781228433402345,0.18232044198895028,0.1097608024691358,0.16660002665600426,3,0.7358208955223879,0.33671552048102216,0.572246455834242,0.7600391772771791,0.8358306188925083,0.22145088510933705,0.29999999999999993,1.0
4A245024,여자,50대,서비스 종사자,대학교 졸업(전문대졸/대학원생 포함),서울특별시,2세대가족,기혼,맞벌이 함,700-800만원 미만,0.25535489290214197,0.11655784036643603,0.08602716647362325,0.13609385783298825,0.165004716345506,0.1162229938271605,0.20924963347994138,0,0.8477611940298507,0.38932732055618186,0.4201199563794984,0.8188050930460331,0.7521172638436483,0.2447066990628254,0.4391304347826087,0.0
4A003029,여자,40대,판매 종사자,고졸(대학 재학 포함),서울특별시,2세대가족,기혼,맞벌이 함,500-600만원 미만,0.15518689626207477,0.1494980996004288,0.0932926187217016,0.13954451345755692,0.11332704487265866,0.1388888888888889,0.2589630814340931,2,0.4917910447761194,0.516347237880496,0.47655398037077423,0.8432908912830557,0.5022801302931595,0.3262755987504339,0.6013043478260871,0.6666666666666666
3K195028,여자,60대 이상,농림어업 숙련 종사자,중졸 이하,전라북도,1인 가구,미혼(사별/이혼 포함),맞벌이 하지 않음,200-300만원 미만,0.1734565308693826,0.13624403079621872,0.074795549471763,0.11980676328502415,0.09809998652472712,0.19675925925925927,0.1879248300679728,1,0.5567164179104477,0.46523863209319805,0.3328789531079607,0.7032321253672869,0.42866449511400656,0.5345366192294342,0.3695652173913043,0.3333333333333333
4A003032,여자,30대,사무 종사자,대학교 졸업(전문대졸/대학원생 포함),서울특별시,1인 가구,미혼(사별/이혼 포함),맞벌이 하지 않음,200-300만원 미만,0.16421671566568669,0.14530747490498003,0.08725562458320171,0.14230503795721186,0.11939091766608273,0.1316550925925926,0.2878848460615754,1,0.5238805970149253,0.5001878992859827,0.4296619411123227,0.8628795298726737,0.5315960912052118,0.30024297119055876,0.6956521739130436,0.3333333333333333
4H131041,여자,50대,주부,고졸(대학 재학 포함),경기도,2세대가족,기혼,맞벌이 하지 않음,500-600만원 미만,0.17933641327173458,0.12094337783841731,0.1232669965954161,0.13954451345755692,0.10605039752054979,0.16435185185185186,0.18659202985472478,3,0.5776119402985075,0.40623825629462607,0.7093784078516903,0.8432908912830557,0.46710097719869714,0.417910447761194,0.3652173913043478,1.0
3K195032,여자,60대 이상,주부,중졸 이하,전라북도,1인 가구,미혼(사별/이혼 포함),맞벌이 하지 않음,100만원 미만,0.1493070138597228,0.18302309716401913,0.06100171984135341,0.1336093857832988,0.06697210618515025,0.21826774691358028,0.19325603092096497,1,0.4708955223880596,0.6456219466366028,0.2257360959651036,0.8011753183153769,0.2781758957654723,0.6119402985074628,0.38695652173913053,0.3333333333333333
4A246005,여자,60대 이상,주부,대학교 졸업(전문대졸/대학원생 포함),서울특별시,1세대가족,기혼,맞벌이 하지 않음,300-400만원 미만,0.2379252414951701,0.12094337783841731,0.060054052156821455,0.1450655624568668,0.09890850289718367,0.12162422839506173,0.34919365587098494,3,0.785820895522388,0.40623825629462607,0.2183751363140676,0.8824681684622917,0.43257328990228017,0.2641443943075321,0.8956521739130435,1.0
4A246015,여자,50대,서비스 종사자,대학교 졸업(전문대졸/대학원생 포함),서울특별시,2세대가족,기혼,맞벌이 함,500-600만원 미만,0.24968500629987403,0.11460871260111101,0.0694605313958794,0.13333333333333333,0.1104298612046894,0.12442129629629631,0.33586565373850463,0,0.8276119402985075,0.3818113491168733,0.2914394765539804,0.7992164544564153,0.48827361563517924,0.27421034363068386,0.8521739130434783,0.0
4H131058,여자,30대,판매 종사자,대학교 졸업(전문대졸/대학원생 포함),경기도,2세대가족,기혼,맞벌이 함,500-600만원 미만,0.20285594288114236,0.11899425007309229,0.11487838264715174,0.13954451345755692,0.17544805282306963,0.16772762345679013,0.12301745968279355,0,0.6611940298507462,0.3987222848553175,0.6442202835332607,0.8432908912830557,0.8026058631921823,0.4300590072891357,0.15782608695652176,0.0
2B000048,여자,50대,판매 종사자,고졸(대학 재학 포함),부산광역시,2세대가족,기혼,맞벌이 함,400-500만원 미만,0.20390592188156237,0.1306890166650424,0.06398511810747254,0.13954451345755692,0.08166015361811077,0.15798611111111113,0.3425296548047448,2,0.6649253731343283,0.44381811349116873,0.24890948745910577,0.8432908912830557,0.34918566775244303,0.39500173550850404,0.8739130434782608,0.6666666666666666
3K195036,여자,60대 이상,주부,중졸 이하,전라북도,1인 가구,미혼(사별/이혼 포함),맞벌이 하지 않음,100만원 미만,0.09827803443931121,0.1560276776142676,0.048015162682952514,0.1450655624568668,0.051071284193504915,0.20640432098765432,0.21324803411968546,1,0.2895522388059701,0.5415257422021795,0.12486368593238825,0.8824681684622917,0.2013029315960912,0.5692467893092675,0.4521739130434782,0.3333333333333333
4L197033,여자,40대,서비스 종사자,고졸(대학 재학 포함),전라남도,2세대가족,미혼(사별/이혼 포함),맞벌이 하지 않음,100-200만원 미만,0.11822763544729105,0.15583276483773514,0.07942859148503037,0.13333333333333333,0.07519202263845842,0.14081790123456792,0.18925763028122086,1,0.36044776119402977,0.5407741450582488,0.36886586695747003,0.7992164544564153,0.31791530944625407,0.3332176327664006,0.37391304347826093,0.3333333333333333
4A003038,여자,60대 이상,주부,고졸(대학 재학 포함),서울특별시,1세대가족,기혼,맞벌이 하지 않음,300-400만원 미만,0.17030659386812264,0.15339635513107885,0.09427538520936438,0.1450655624568668,0.1239051340789651,0.13599537037037038,0.2612288417966147,3,0.5455223880597014,0.5313791807591131,0.4841875681570339,0.8824681684622917,0.5534201954397394,0.3158625477264839,0.6086956521739131,1.0
4H131055,여자,60대 이상,서비스 종사자,고졸(대학 재학 포함),경기도,1세대가족,기혼,맞벌이 함,300-400만원 미만,0.21902561948761023,0.10681220153981094,0.10006668772594855,0.12781228433402345,0.11090149575528904,0.16358024691358025,0.2145808343329335,2,0.7186567164179103,0.35174746335963925,0.5291712104689203,0.7600391772771791,0.4905537459283388,0.4151336341548073,0.4565217391304348,0.6666666666666666
3K195040,여자,60대 이상,농림어업 숙련 종사자,중졸 이하,전라북도,1세대가족,기혼,맞벌이 함,300-400만원 미만,0.12137757244855103,0.1316635805477049,0.04633042013267348,0.12574189095928226,0.07195795714863226,0.20148533950617287,0.21324803411968546,2,0.37164179104477607,0.447576099210823,0.11177753544165761,0.7453476983349656,0.30228013029315964,0.5515446025685526,0.4521739130434782,0.6666666666666666
4L197066,여자,60대 이상,주부,중졸 이하,전라남도,1인 가구,미혼(사별/이혼 포함),맞벌이 하지 않음,100-200만원 미만,0.07328853422931542,0.16752753142968524,0.0498403004457548,0.1305728088336784,0.05518124242015901,0.15335648148148148,0.17459682793549247,1,0.20074626865671635,0.5858699736941,0.13904034896401304,0.7796278158667971,0.2211726384364821,0.3783408538701839,0.32608695652173914,0.3333333333333333
4A003041,여자,30대,사무 종사자,대학교 졸업(전문대졸/대학원생 포함),서울특별시,1세대가족,기혼,맞벌이 함,500-600만원 미만,0.18626627467450652,0.15144722736575383,0.08679934014250115,0.1450655624568668,0.12437676862956475,0.14226466049382716,0.2652272424363588,0,0.6022388059701492,0.5238632093198046,0.42611777535441664,0.8824681684622917,0.5557003257328991,0.33842415827837546,0.6217391304347827,0.0
3K195044,여자,60대 이상,농림어업 숙련 종사자,중졸 이하,전라북도,1세대가족,기혼,맞벌이 함,400-500만원 미만,0.18332633347333052,0.19354838709677422,0.07328630093713805,0.13333333333333333,0.09048645735076136,0.18354552469135804,0.15900306544049048,2,0.5917910447761193,0.6862081924088689,0.32115594329334785,0.7992164544564153,0.39185667752443004,0.4869836862200625,0.27521739130434786,0.6666666666666666
1H002392,여자,60대 이상,단순노무 종사자,고졸(대학 재학 포함),경기도,1세대가족,기혼,맞벌이 함,400-500만원 미만,0.15287694246115077,0.14754897183510382,0.0896072443929662,0.1450655624568668,0.0975609756097561,0.15750385802469138,0.27189124350259897,2,0.48358208955223875,0.5088312664411876,0.447928026172301,0.8824681684622917,0.42605863192182414,0.3932662270045124,0.6434782608695653,0.6666666666666666
4L199021,여자,60대 이상,단순노무 종사자,중졸 이하,전라남도,1인 가구,미혼(사별/이혼 포함),맞벌이 하지 않음,100-200만원 미만,0.04325913481730366,0.14998538154176008,0.07265452248078341,0.12781228433402345,0.05565287697075865,0.1693672839506173,0.2105824336931894,1,0.09402985074626867,0.5182262307403233,0.3162486368593239,0.7600391772771791,0.22345276872964165,0.43595973620270734,0.4434782608695652,0.3333333333333333
4A246020,여자,60대 이상,주부,고졸(대학 재학 포함),서울특별시,1세대가족,기혼,맞벌이 하지 않음,300-400만원 미만,0.23099538009239814,0.10437579183315467,0.04969990523323155,0.136783988957902,0.08017787360194044,0.1385030864197531,0.33986405437824874,3,0.7611940298507461,0.3423524990605035,0.13794983642311884,0.8237022526934379,0.3420195439739414,0.3248871919472406,0.865217391304348,1.0
4A246025,남자,50대,서비스 종사자,고졸(대학 재학 포함),서울특별시,1세대가족,기혼,맞벌이 함,500-600만원 미만,0.22112557748845024,0.11022317512912971,0.04748868063599032,0.13954451345755692,0.10018865382023985,0.11140046296296297,0.33986405437824874,2,0.7261194029850746,0.3649004133784291,0.12077426390403498,0.8432908912830557,0.4387622149837134,0.22735161402290874,0.865217391304348,0.6666666666666666
4H131046,남자,30대,사무 종사자,대학교 졸업(전문대졸/대학원생 포함),경기도,1인 가구,미혼(사별/이혼 포함),맞벌이 하지 않음,200-300만원 미만,0.20579588408231836,0.11636292758990353,0.10375206205468394,0.136783988957902,0.14351165611103625,0.13078703703703703,0.0972944155671065,1,0.6716417910447761,0.38857572341225105,0.5577971646673937,0.8237022526934379,0.6482084690553747,0.29711905588337384,0.07391304347826086,0.3333333333333333
2B000029,여자,50대,서비스 종사자,대학교 졸업(전문대졸/대학원생 포함),부산광역시,2세대가족,기혼,맞벌이 하지 않음,300-400만원 미만,0.19235615287694247,0.15018029431829258,0.08171001368853323,0.13954451345755692,0.12444414499393612,0.16280864197530867,0.25189924030387845,3,0.6238805970149254,0.5189778278842541,0.3865866957470011,0.8432908912830557,0.5560260586319219,0.4123568205484207,0.5782608695652174,1.0
4L199042,여자,60대 이상,판매 종사자,고졸(대학 재학 포함),전라남도,1세대가족,기혼,맞벌이 함,300-400만원 미만,0.10688786224275515,0.1733749147256603,0.07679618125021938,0.14161490683229813,0.07808920630642771,0.1593364197530864,0.17059842729574837,2,0.32014925373134323,0.6084178880120256,0.34841875681570345,0.8579823702252691,0.3319218241042346,0.3998611593196806,0.31304347826086953,0.6666666666666666
1H002366,여자,60대 이상,서비스 종사자,고졸(대학 재학 포함),경기도,1세대가족,기혼,맞벌이 함,500-600만원 미만,0.15665686686266272,0.16187506091024267,0.08760661261450985,0.14782608695652172,0.10861069936666216,0.16203703703703703,0.25056644009063045,2,0.49701492537313413,0.5640736565201052,0.4323882224645583,0.9020568070519097,0.47947882736156355,0.409580006942034,0.573913043478261,0.6666666666666666
4A246035,여자,60대 이상,서비스 종사자,고졸(대학 재학 포함),서울특별시,1세대가족,기혼,맞벌이 함,400-500만원 미만,0.24548509029819404,0.12386706948640484,0.07718226808465832,0.13954451345755692,0.12255760679153753,0.1335841049382716,0.36385445821671336,2,0.8126865671641791,0.41751221345358885,0.3514176663031625,0.8432908912830557,0.5469055374592835,0.3071850052065255,0.9434782608695654,0.6666666666666666
4A246030,여자,60대 이상,서비스 종사자,고졸(대학 재학 포함),서울특별시,1세대가족,기혼,맞벌이 함,400-500만원 미만,0.24695506089878203,0.12386706948640484,0.06924993857709452,0.13954451345755692,0.11379867942325832,0.13097993827160495,0.36785285885645747,2,0.8179104477611939,0.41751221345358885,0.28980370774263897,0.8432908912830557,0.5045602605863192,0.2978132592849705,0.9565217391304349,0.6666666666666666
3L199035,여자,60대 이상,사무 종사자,대학교 졸업(전문대졸/대학원생 포함),전라남도,2세대가족,미혼(사별/이혼 포함),맞벌이 하지 않음,600-700만원 미만,0.12935741285174296,0.13361270831302993,0.07918289986311466,0.14782608695652172,0.07856084085702734,0.16618441358024694,0.25456484073037455,1,0.3999999999999999,0.4550920706501316,0.36695747001090506,0.9020568070519097,0.33420195439739414,0.4245053800763624,0.5869565217391305,0.3333333333333333
1C000859,여자,50대,사무 종사자,대학교 졸업(전문대졸/대학원생 포함),인천광역시,2세대가족,기혼,맞벌이 함,600-700만원 미만,0.16820663586728266,0.11977390117922232,0.10908708013056756,0.12781228433402345,0.14216412882360868,0.12856867283950618,0.194588831134213,0,0.5380597014925372,0.401728673431041,0.5992366412213741,0.7600391772771791,0.6416938110749186,0.28913571676501215,0.3913043478260869,0.0
2B000054,여자,50대,사무 종사자,대학교 졸업(전문대졸/대학원생 포함),부산광역시,2세대가족,기혼,맞벌이 함,500-600만원 미만,0.16589668206635869,0.12289250560374233,0.04766417465164439,0.1450655624568668,0.07323810807168846,0.11824845679012345,0.33719845395175263,0,0.5298507462686567,0.4137542277339346,0.12213740458015274,0.8824681684622917,0.3084690553745929,0.2519958347795904,0.8565217391304348,0.0
3L199040,여자,60대 이상,주부,고졸(대학 재학 포함),전라남도,1세대가족,기혼,맞벌이 하지 않음,200-300만원 미만,0.17765644687106258,0.17503167332618655,0.08188550770418729,0.14161490683229813,0.09715671742352781,0.13724922839506173,0.21591363454618154,3,0.5716417910447761,0.6148064637354378,0.38794983642311887,0.8579823702252691,0.42410423452768725,0.32037486983686225,0.4608695652173913,1.0
4J226003,여자,50대,기능원 및 관련 기능 종사자,고졸(대학 재학 포함),경상남도,1세대가족,기혼,맞벌이 함,600-700만원 미만,0.17177656446871062,0.19013741350745542,0.10347127162963744,0.1533471359558316,0.11952567039482549,0.1470871913580247,0.29321604691456754,2,0.5507462686567164,0.6730552423900789,0.5556161395856053,0.9412340842311457,0.5322475570032573,0.35577924331829225,0.7130434782608697,0.6666666666666666
4A246045,여자,40대,주부,대학교 졸업(전문대졸/대학원생 포함),서울특별시,2세대가족,기혼,맞벌이 하지 않음,400-500만원 미만,0.24359512809743805,0.12386706948640484,0.07742795970657401,0.13954451345755692,0.09769572833849885,0.1440007716049383,0.36118885779021725,3,0.8059701492537312,0.41751221345358885,0.3533260632497274,0.8432908912830557,0.42671009771986973,0.34467198889274564,0.9347826086956522,1.0
4A246050,여자,40대,주부,대학교 졸업(전문대졸/대학원생 포함),서울특별시,2세대가족,기혼,맞벌이 하지 않음,400-500만원 미만,0.25829483410331794,0.1199688139557548,0.07837562739110597,0.136783988957902,0.10483762296186497,0.1253858024691358,0.3585232573637212,3,0.8582089552238805,0.40248027057497177,0.3606870229007634,0.8237022526934379,0.46123778501628665,0.2776813606386671,0.9260869565217392,1.0
1A000540,여자,50대,사무 종사자,대학교 졸업(전문대졸/대학원생 포함),서울특별시,2세대가족,기혼,맞벌이 함,800-900만원 미만,0.07664846703065939,0.14530747490498003,0.10698115194271876,0.12574189095928226,0.09237299555315995,0.20572916666666669,0.21857923497267762,0,0.21268656716417905,0.5001878992859827,0.5828789531079608,0.7453476983349656,0.40097719869706844,0.5668170774036793,0.4695652173913044,0.0
4J226015,여자,60대 이상,서비스 종사자,고졸(대학 재학 포함),경상남도,2세대가족,기혼,맞벌이 함,700-800만원 미만,0.2045359092818144,0.2232725855179807,0.08360534905759713,0.1450655624568668,0.07424875353725913,0.1259645061728395,0.20791683326669333,2,0.6671641791044777,0.8008267568583238,0.401308615049073,0.8824681684622917,0.31335504885993487,0.27976397084345705,0.4347826086956522,0.6666666666666666
4B251066,여자,40대,사무 종사자,대학교 졸업(전문대졸/대학원생 포함),부산광역시,2세대가족,기혼,맞벌이 함,700-800만원 미만,0.11024779504409912,0.11704512230776729,0.05714085149696396,0.136783988957902,0.05006063872793424,0.14853395061728394,0.33586565373850463,0,0.33208955223880593,0.39120631341600903,0.1957470010905126,0.8237022526934379,0.19641693811074917,0.36098576883026723,0.8521739130434783,0.0
4J226021,남자,60대 이상,판매 종사자,고졸(대학 재학 포함),경상남도,1인 가구,미혼(사별/이혼 포함),맞벌이 하지 않음,200-300만원 미만,0.2246955060898782,0.21401422863268688,0.10466463093608508,0.147135955831608,0.09331626465435924,0.11795910493827161,0.23324003731840598,1,0.7388059701492536,0.7651258925216083,0.564885496183206,0.8971596474045052,0.40553745928338764,0.25095452967719545,0.5173913043478261,0.3333333333333333
1C000882,여자,60대 이상,주부,고졸(대학 재학 포함),인천광역시,1세대가족,기혼,맞벌이 하지 않음,300-400만원 미만,0.13292734145317092,0.16820972614754898,0.09083570250254468,0.1305728088336784,0.09978439563401158,0.10426311728395062,0.09462881514061043,3,0.41268656716417895,0.5885005636978579,0.4574700109051255,0.7796278158667971,0.43680781758957654,0.201666088163832,0.06521739130434787,1.0
4A004056,여자,40대,서비스 종사자,대학교 졸업(전문대졸/대학원생 포함),서울특별시,2세대가족,기혼,맞벌이 함,500-600만원 미만,0.19319613607727845,0.10583763765714843,0.09978589730090205,0.13609385783298825,0.18461123837757715,0.12075617283950618,0.10662401705984273,0,0.626865671641791,0.34798947763998495,0.526990185387132,0.8188050930460331,0.8469055374592835,0.2610204790003471,0.1043478260869565,0.0
2B000060,여자,50대,장치·기계 조작 및 조립 종사자,고졸(대학 재학 포함),부산광역시,2세대가족,기혼,맞벌이 하지 않음,400-500만원 미만,0.2045359092818144,0.12386706948640484,0.07233863325260609,0.13954451345755692,0.08758927368279207,0.15084876543209877,0.35585765693722515,3,0.6671641791044777,0.41751221345358885,0.31379498364231184,0.8432908912830557,0.3778501628664495,0.36931620964942724,0.9173913043478262,1.0
1A001224,여자,40대,사무 종사자,대학교 졸업(전문대졸/대학원생 포함),서울특별시,1인 가구,미혼(사별/이혼 포함),맞벌이 하지 않음,300-400만원 미만,0.10772784544309114,0.15407854984894262,0.11533466708785231,0.14230503795721186,0.08846516641962,0.19367283950617287,0.22391043582566975,1,0.3231343283582089,0.5340097707628711,0.6477644492911668,0.8628795298726737,0.382084690553746,0.5234293648038876,0.4869565217391305,0.3333333333333333
4J226024,남자,20대,판매 종사자,고졸(대학 재학 포함),경상남도,2세대가족,기혼,맞벌이 하지 않음,200-300만원 미만,0.2368752624947501,0.19111197739011793,0.09680249903478293,0.14782608695652172,0.09540493194987198,0.11670524691358025,0.25856324137011866,3,0.7820895522388059,0.6768132281097331,0.5038167938931298,0.9020568070519097,0.4156351791530945,0.2464422075668171,0.6000000000000001,1.0
4A002032,여자,40대,사무 종사자,대학교 졸업(전문대졸/대학원생 포함),서울특별시,1인 가구,미혼(사별/이혼 포함),맞벌이 하지 않음,300-400만원 미만,0.17282654346913062,0.17162069973686775,0.060299743778737154,0.13954451345755692,0.07364236625791672,0.10513117283950618,0.23457283753165403,1,0.5544776119402984,0.6016535137166478,0.22028353326063257,0.8432908912830557,0.3104234527687296,0.20479000347101703,0.5217391304347827,0.3333333333333333
4J226027,여자,50대,서비스 종사자,대학교 졸업(전문대졸/대학원생 포함),경상남도,1세대가족,기혼,맞벌이 하지 않음,500-600만원 미만,0.2246955060898782,0.26615339635513113,0.09023902284932085,0.15886818495514146,0.10194043929389571,0.11959876543209877,0.20391843262694923,3,0.7388059701492536,0.9661781285231118,0.452835332606325,0.9804113614103818,0.4472312703583063,0.2568552585907671,0.4217391304347826,1.0
4A002036,여자,60대 이상,주부,고졸(대학 재학 포함),서울특별시,1세대가족,기혼,맞벌이 하지 않음,400-500만원 미만,0.20915581688366233,0.18234090244615536,0.08223649573549542,0.14230503795721186,0.10483762296186497,0.11863425925925926,0.2612288417966147,3,0.6835820895522388,0.6429913566328448,0.3906761177753544,0.8628795298726737,0.46123778501628665,0.2533842415827837,0.6086956521739131,1.0
4J226030,여자,60대 이상,서비스 종사자,고졸(대학 재학 포함),경상남도,1세대가족,기혼,맞벌이 함,400-500만원 미만,0.20474590508189836,0.23009453269661828,0.08764171141764066,0.15610766045548655,0.08981269370704757,0.14265046296296297,0.23057443689190993,2,0.6679104477611939,0.8271326568959038,0.4326608505997819,0.960822722820764,0.388599348534202,0.3398125650815689,0.5086956521739131,0.6666666666666666
3J224060,여자,60대 이상,기능원 및 관련 기능 종사자,고졸(대학 재학 포함),경상남도,1세대가족,기혼,맞벌이 함,400-500만원 미만,0.04619907601847963,0.14920573043563007,0.11526446948159068,0.12574189095928226,0.06939765530251987,0.10609567901234568,0.11462081833933094,2,0.10447761194029849,0.5152198421645998,0.6472191930207197,0.7453476983349656,0.2899022801302932,0.20826102047900033,0.13043478260869565,0.6666666666666666
4J226006,여자,50대,서비스 종사자,고졸(대학 재학 포함),경상남도,1세대가족,기혼,맞벌이 함,400-500만원 미만,0.2120957580848383,0.17356982750219277,0.08609736407988489,0.1450655624568668,0.10214256838700983,0.11332947530864199,0.2785552445688391,2,0.6940298507462686,0.6091694851559564,0.4206652126499455,0.8824681684622917,0.4482084690553746,0.2342936480388754,0.6652173913043478,0.6666666666666666
3J224066,여자,60대 이상,서비스 종사자,대학교 졸업(전문대졸/대학원생 포함),경상남도,2세대가족,미혼(사별/이혼 포함),맞벌이 하지 않음,200-300만원 미만,0.04619907601847963,0.17844264691550532,0.0978203643255765,0.136783988957902,0.0680501280150923,0.09693287037037038,0.12435025989604159,1,0.10447761194029849,0.6279594137542277,0.5117230098146128,0.8237022526934379,0.28338762214983715,0.17528635890315866,0.1621739130434783,0.3333333333333333
4A005056,여자,60대 이상,사무 종사자,대학교 졸업(전문대졸/대학원생 포함),서울특별시,2세대가족,기혼,맞벌이 함,"900-1,000만원 미만",0.15329693406131878,0.11801968619042978,0.1182478677477098,0.13402346445824706,0.10982347392534698,0.12297453703703705,0.18525922964147676,0,0.48507462686567154,0.3949642991356632,0.6703925845147218,0.8041136141038197,0.48534201954397393,0.26900381811870877,0.36086956521739133,0.0
3J238044,여자,30대,사무 종사자,대학교 졸업(전문대졸/대학원생 포함),경상남도,2세대가족,기혼,맞벌이 함,700-800만원 미만,0.20411591768164639,0.18234090244615536,0.0673195044048998,0.12574189095928226,0.09884112653281228,0.12760416666666669,0.20791683326669333,0,0.6656716417910448,0.6429913566328448,0.2748091603053435,0.7453476983349656,0.43224755700325734,0.2856646997570289,0.4347826086956522,0.0
3J238048,여자,60대 이상,서비스 종사자,고졸(대학 재학 포함),경상남도,1인 가구,미혼(사별/이혼 포함),맞벌이 하지 않음,200-300만원 미만,0.125577488450231,0.17259526361953026,0.050542276508371065,0.13126293995859212,0.07485514081660154,0.11554783950617284,0.18525922964147676,1,0.3865671641791044,0.6054114994363021,0.1444929116684842,0.7845249755142016,0.3162866449511401,0.24227698715723708,0.36086956521739133,0.3333333333333333
4J234043,여자,60대 이상,주부,중졸 이하,경상남도,1세대가족,기혼,맞벌이 하지 않음,100만원 미만,0.11759764804703907,0.1559302212260014,0.07416377101540839,0.11594202898550725,0.06670260072766473,0.15499614197530864,0.18392642942822873,3,0.3582089552238806,0.5411499436302143,0.32797164667393675,0.6758080313418218,0.2768729641693811,0.38424158278375564,0.35652173913043483,1.0
1C001055,여자,60대 이상,주부,고졸(대학 재학 포함),인천광역시,1세대가족,기혼,맞벌이 하지 않음,300-400만원 미만,0.19739605207895844,0.16577331644089272,0.0967323014285213,0.13402346445824706,0.10079504109958226,0.11574074074074074,0.20391843262694923,3,0.6417910447761194,0.5791055993987223,0.5032715376226826,0.8041136141038197,0.44169381107491856,0.24297119055883373,0.4217391304347826,1.0
1C001051,여자,30대,사무 종사자,고졸(대학 재학 포함),인천광역시,1인 가구,미혼(사별/이혼 포함),맞벌이 하지 않음,300-400만원 미만,0.20579588408231836,0.17162069973686775,0.10792881962725072,0.136783988957902,0.12316399407087994,0.13117283950617284,0.2425696388111422,1,0.6716417910447761,0.6016535137166478,0.5902399127589968,0.8237022526934379,0.5498371335504887,0.29850746268656714,0.5478260869565217,0.3333333333333333
4J234044,여자,60대 이상,주부,중졸 이하,경상남도,1세대가족,기혼,맞벌이 하지 않음,100-200만원 미만,0.14174716505669888,0.1647987525582302,0.06328314204485627,0.12298136645962732,0.07445088263037326,0.12037037037037038,0.17592962814874052,3,0.4440298507462686,0.5753476136790681,0.24345692475463468,0.7257590597453476,0.3143322475570033,0.2596320721971538,0.33043478260869574,1.0
1A001756,여자,50대,주부,고졸(대학 재학 포함),서울특별시,2세대가족,기혼,맞벌이 하지 않음,600-700만원 미만,0.16652666946661066,0.14530747490498003,0.08971254080235865,0.1450655624568668,0.10935183937474734,0.16203703703703703,0.25056644009063045,3,0.5320895522388058,0.5001878992859827,0.44874591057797164,0.8824681684622917,0.4830618892508144,0.409580006942034,0.573913043478261,1.0
1C001000,여자,60대 이상,주부,고졸(대학 재학 포함),인천광역시,1세대가족,기혼,맞벌이 하지 않음,300-400만원 미만,0.2137757244855103,0.16967157197154276,0.1021024183075357,0.14230503795721186,0.10921708664600457,0.13406635802469136,0.25189924030387845,3,0.7,0.5941375422773394,0.5449836423118865,0.8628795298726737,0.48241042345276874,0.3089205137105172,0.5782608695652174,1.0
4A005070,여자,60대 이상,전문가 및 관련 종사자,대학교 졸업(전문대졸/대학원생 포함),서울특별시,2세대가족,기혼,맞벌이 함,700-800만원 미만,0.1537169256614868,0.14823116655296756,0.08651854971745464,0.136783988957902,0.09466379194178681,0.10416666666666667,0.1519392243102759,0,0.48656716417910445,0.5114618564449455,0.4239367502726281,0.8237022526934379,0.41205211726384366,0.20131898646303367,0.25217391304347825,0.0
4B251033,여자,50대,사무 종사자,대학교 졸업(전문대졸/대학원생 포함),부산광역시,2세대가족,기혼,맞벌이 함,800-900만원 미만,0.19823603527929443,0.1316635805477049,0.07363728896844618,0.14782608695652172,0.07862821722139873,0.16994598765432098,0.36118885779021725,0,0.6447761194029851,0.447576099210823,0.32388222464558336,0.9020568070519097,0.33452768729641696,0.4380423464074973,0.9347826086956522,0.0
1A001789,여자,50대,전문가 및 관련 종사자,대학교 졸업(전문대졸/대학원생 포함),서울특별시,1인 가구,미혼(사별/이혼 포함),맞벌이 하지 않음,500-600만원 미만,0.15812683746325074,0.14365071630445378,0.08995823242427434,0.13402346445824706,0.10483762296186497,0.1615547839506173,0.27588964414234307,1,0.5022388059701492,0.4937993235625705,0.4506543075245365,0.8041136141038197,0.46123778501628665,0.40784449843804227,0.6565217391304348,0.3333333333333333
4B037004,남자,60대 이상,취업 준비 중,고졸(대학 재학 포함),부산광역시,1인 가구,미혼(사별/이혼 포함),맞벌이 하지 않음,100-200만원 미만,0.1005879882402352,0.11801968619042978,0.055912393387385496,0.1450655624568668,0.05787629699501415,0.1556712962962963,0.30920964947354396,1,0.2977611940298507,0.3949642991356632,0.18620501635768813,0.8824681684622917,0.23420195439739416,0.3866712946893439,0.765217391304348,0.3333333333333333
4A005077,남자,50대,관리자,대학교 졸업(전문대졸/대학원생 포함),서울특별시,1인 가구,미혼(사별/이혼 포함),맞벌이 하지 않음,400-500만원 미만,0.14384712305753886,0.16090049702758016,0.10438384051103856,0.14230503795721186,0.09331626465435924,0.1007908950617284,0.194588831134213,1,0.4514925373134328,0.560315670800451,0.5627044711014175,0.8628795298726737,0.40553745928338764,0.18917042693509203,0.3913043478260869,0.3333333333333333
1C001020,여자,30대,사무 종사자,대학교 졸업(전문대졸/대학원생 포함),인천광역시,1인 가구,미혼(사별/이혼 포함),맞벌이 하지 않음,300-400만원 미만,0.1879462410751785,0.15164214014228633,0.10641957109262574,0.13609385783298825,0.10483762296186497,0.12731481481481483,0.22391043582566975,1,0.6082089552238805,0.5246148064637354,0.5785169029443838,0.8188050930460331,0.46123778501628665,0.2846233946546338,0.4869565217391305,0.3333333333333333
4A005028,여자,40대,사무 종사자,대학교 졸업(전문대졸/대학원생 포함),서울특별시,2세대가족,기혼,맞벌이 함,600-700만원 미만,0.14468710625787487,0.1755189552675178,0.10919237653996,0.1450655624568668,0.09176660827381754,0.1171875,0.17459682793549247,0,0.4544776119402985,0.6166854565952649,0.6000545256270448,0.8824681684622917,0.3980456026058632,0.2481777160708087,0.32608695652173914,0.0
4B037012,남자,60대 이상,기능원 및 관련 기능 종사자,고졸(대학 재학 포함),부산광역시,1세대가족,기혼,맞벌이 하지 않음,200-300만원 미만,0.15728685426291475,0.15895136926225514,0.0782001333754519,0.13954451345755692,0.08516372456542246,0.1548996913580247,0.23190723710515795,3,0.4992537313432835,0.5527996993611424,0.3593238822246455,0.8432908912830557,0.36612377850162875,0.3838944810829573,0.5130434782608696,1.0
1C001034,여자,60대 이상,주부,고졸(대학 재학 포함),인천광역시,1세대가족,기혼,맞벌이 하지 않음,300-400만원 미만,0.19739605207895844,0.16284962479290518,0.0938191007686638,0.14230503795721186,0.10820644118043389,0.11863425925925926,0.21591363454618154,3,0.6417910447761194,0.5678316422397595,0.4806434023991276,0.8628795298726737,0.4775244299674267,0.2533842415827837,0.4608695652173913,1.0
1C001043,여자,40대,사무 종사자,대학교 졸업(전문대졸/대학원생 포함),인천광역시,1세대가족,기혼,맞벌이 함,500-600만원 미만,0.16715665686686265,0.17454439138485528,0.08560598083605349,0.136783988957902,0.07943673359385528,0.11863425925925926,0.21324803411968546,0,0.5343283582089552,0.6129274708756106,0.41684841875681566,0.8237022526934379,0.3384364820846906,0.2533842415827837,0.4521739130434782,0.0
4B037028,여자,60대 이상,사무 종사자,대학교 졸업(전문대졸/대학원생 포함),부산광역시,2세대가족,미혼(사별/이혼 포함),맞벌이 하지 않음,500-600만원 미만,0.18227635447291055,0.16021830230971643,0.0694254325927486,0.14230503795721186,0.07061042986120468,0.1375385802469136,0.2825536452085832,1,0.5880597014925373,0.557685080796693,0.29116684841875684,0.8628795298726737,0.29576547231270356,0.3214161749392572,0.6782608695652174,0.3333333333333333
4J225026,여자,50대,서비스 종사자,대학교 졸업(전문대졸/대학원생 포함),경상남도,1인 가구,미혼(사별/이혼 포함),맞벌이 하지 않음,100-200만원 미만,0.19172616547669047,0.1762986063736478,0.07065389070232705,0.12781228433402345,0.07970623905134079,0.12625385802469136,0.21724643475942956,1,0.6216417910447761,0.6196918451709883,0.30070883315158126,0.7600391772771791,0.3397394136807818,0.28080527594585214,0.4652173913043478,0.3333333333333333
4B037032,여자,60대 이상,판매 종사자,고졸(대학 재학 포함),부산광역시,1세대가족,기혼,맞벌이 함,400-500만원 미만,0.17009659806803865,0.14530747490498003,0.08276297778245763,0.14230503795721186,0.09399002829807303,0.13744212962962962,0.1683326669332267,2,0.5447761194029851,0.5001878992859827,0.39476553980370777,0.8628795298726737,0.40879478827361565,0.3210690732384588,0.30565217391304345,0.6666666666666666
1C001038,여자,40대,사무 종사자,대학교 졸업(전문대졸/대학원생 포함),인천광역시,2세대가족,기혼,맞벌이 함,500-600만원 미만,0.19025619487610246,0.18331546632881787,0.0877821066301639,0.13126293995859212,0.08684813367470691,0.12683256172839508,0.2065840330534453,0,0.6164179104477611,0.646749342352499,0.4337513631406761,0.7845249755142016,0.37426710097719873,0.2828878861506422,0.4304347826086957,0.0
3B030004,여자,50대,판매 종사자,고졸(대학 재학 포함),부산광역시,1세대가족,기혼,맞벌이 하지 않음,100-200만원 미만,0.24989500209995802,0.1755189552675178,0.0787266154224141,0.14782608695652172,0.1069936666217491,0.18759645061728397,0.22657603625216582,3,0.8283582089552238,0.6166854565952649,0.3634133042529989,0.9020568070519097,0.47166123778501634,0.5015619576535926,0.4956521739130435,1.0
4F086020,남자,40대,판매 종사자,고졸(대학 재학 포함),광주광역시,3세대가족,기혼,맞벌이 하지 않음,300-400만원 미만,0.14657706845863083,0.17045122307767277,0.08469341195465235,0.14437543133195307,0.09958226654089745,0.14265046296296297,0.1879248300679728,3,0.46119402985074615,0.5971439308530628,0.4097600872410033,0.8775710088148874,0.4358306188925082,0.3398125650815689,0.3695652173913043,1.0
4B037008,여자,50대,서비스 종사자,대학교 졸업(전문대졸/대학원생 포함),부산광역시,2세대가족,기혼,맞벌이 함,"1,000만원 이상",0.19508609827803444,0.12094337783841731,0.07784914534414378,0.14230503795721186,0.08637649912410725,0.14322916666666669,0.3096094895375184,0,0.6335820895522387,0.40623825629462607,0.3565976008724101,0.8628795298726737,0.3719869706840391,0.34189517528635893,0.766521739130435,0.0
1C001041,여자,50대,사무 종사자,대학교 졸업(전문대졸/대학원생 포함),인천광역시,2세대가족,기혼,맞벌이 함,400-500만원 미만,0.18269634607307855,0.14725660267030505,0.088519181495911,0.13954451345755692,0.08745452095404932,0.11188271604938273,0.2105824336931894,0,0.5895522388059702,0.5077038707252912,0.4394765539803708,0.8432908912830557,0.3771986970684039,0.22908712252690042,0.4434782608695652,0.0
4A006012,여자,30대,사무 종사자,대학교 졸업(전문대졸/대학원생 포함),서울특별시,2세대가족,기혼,맞벌이 함,500-600만원 미만,0.16421671566568669,0.15700224149693012,0.11744059527570111,0.13402346445824706,0.09041908098638997,0.10850694444444445,0.18965747034519528,0,0.5238805970149253,0.5452837279218339,0.6641221374045801,0.8041136141038197,0.39153094462540716,0.21693856299895872,0.37521739130434795,0.0
1C000944,여자,60대 이상,주부,대학교 졸업(전문대졸/대학원생 포함),인천광역시,2세대가족,기혼,맞벌이 하지 않음,500-600만원 미만,0.20684586308273836,0.14920573043563007,0.08051665438208558,0.14230503795721186,0.09607869559358577,0.11091820987654322,0.2425696388111422,3,0.6753731343283582,0.5152198421645998,0.37731733914940024,0.8628795298726737,0.4188925081433225,0.22561610551891706,0.5478260869565217,1.0
1F000455,여자,60대 이상,서비스 종사자,고졸(대학 재학 포함),광주광역시,2세대가족,기혼,맞벌이 함,400-500만원 미만,0.1125577488450231,0.17503167332618655,0.07275981889017585,0.14989648033126293,0.06912814984503436,0.1943479938271605,0.21857923497267762,2,0.34029850746268653,0.6148064637354378,0.31706652126499457,0.9167482859941232,0.288599348534202,0.5258590767094758,0.4695652173913044,0.6666666666666666
4A006022,여자,60대 이상,서비스 종사자,고졸(대학 재학 포함),서울특별시,1인 가구,미혼(사별/이혼 포함),맞벌이 하지 않음,200-300만원 미만,0.13103737925241496,0.14433291102231752,0.11340423291565759,0.13126293995859212,0.08132327179625387,0.12152777777777778,0.1949886711981874,1,0.4059701492537313,0.4964299135663284,0.6327699018538714,0.7845249755142016,0.347557003257329,0.2637972926067338,0.39260869565217393,0.3333333333333333
4B037020,여자,60대 이상,주부,고졸(대학 재학 포함),부산광역시,1인 가구,미혼(사별/이혼 포함),맞벌이 하지 않음,100-200만원 미만,0.21524569508609828,0.15992593314491765,0.07539222912498685,0.14230503795721186,0.08880204824147689,0.13724922839506173,0.273224043715847,1,0.7052238805970149,0.5565576850807966,0.33751363140676116,0.8628795298726737,0.38371335504885995,0.32037486983686225,0.6478260869565218,0.3333333333333333
4F086040,여자,40대,서비스 종사자,고졸(대학 재학 포함),광주광역시,2세대가족,미혼(사별/이혼 포함),맞벌이 하지 않음,200-300만원 미만,0.1782864342713146,0.16557840366436022,0.07837562739110597,0.14437543133195307,0.09291200646813098,0.17418981481481483,0.25456484073037455,1,0.5738805970149254,0.5783540022547914,0.3606870229007634,0.8775710088148874,0.40358306188925086,0.4533148212426241,0.5869565217391305,0.3333333333333333
4A006024,여자,50대,주부,대학교 졸업(전문대졸/대학원생 포함),서울특별시,2세대가족,기혼,맞벌이 하지 않음,500-600만원 미만,0.14111717765644688,0.14725660267030505,0.09252044505282371,0.136783988957902,0.09985177199838295,0.1162229938271605,0.16260162601626016,3,0.44179104477611936,0.5077038707252912,0.4705561613958561,0.8237022526934379,0.4371335504885993,0.2447066990628254,0.28695652173913044,1.0
3B030020,여자,50대,서비스 종사자,고졸(대학 재학 포함),부산광역시,2세대가족,기혼,맞벌이 함,300-400만원 미만,0.23477530449391013,0.2213234577526557,0.0787266154224141,0.1450655624568668,0.09776310470287022,0.16830632716049385,0.2025856324137012,2,0.7746268656716417,0.7933107854190153,0.3634133042529989,0.8824681684622917,0.4270358306188925,0.43214161749392577,0.4173913043478261,0.6666666666666666
4H131014,남자,50대,장치·기계 조작 및 조립 종사자,고졸(대학 재학 포함),경기도,1인 가구,미혼(사별/이혼 포함),맞벌이 하지 않음,300-400만원 미만,0.20579588408231836,0.11314686677711724,0.12976027517461655,0.136783988957902,0.1313839105241881,0.16396604938271606,0.12661602025856325,1,0.6716417910447761,0.37617437053739194,0.759814612868048,0.8237022526934379,0.5895765472312704,0.4165220409580007,0.1695652173913044,0.3333333333333333
4B037016,남자,30대,전문가 및 관련 종사자,대학원 졸업 이상,부산광역시,1인 가구,미혼(사별/이혼 포함),맞벌이 하지 않음,300-400만원 미만,0.10247795044099117,0.14725660267030505,0.08416692990769016,0.13954451345755692,0.07788707721331356,0.15518904320987656,0.24656803945088632,1,0.30447761194029843,0.5077038707252912,0.40567066521265005,0.8432908912830557,0.3309446254071661,0.3849357861853523,0.5608695652173913,0.3333333333333333
1H001192,여자,30대,판매 종사자,대학교 졸업(전문대졸/대학원생 포함),경기도,1세대가족,기혼,맞벌이 함,600-700만원 미만,0.14069718605627887,0.23886560764058085,0.07023270506475729,0.15058661145617666,0.04817410052553564,0.14949845679012347,0.17592962814874052,0,0.44029850746268645,0.8609545283727921,0.2974372955288985,0.9216454456415277,0.18729641693811078,0.3644567858382506,0.33043478260869574,0.0
4H131063,여자,60대 이상,서비스 종사자,고졸(대학 재학 포함),경기도,1세대가족,기혼,맞벌이 함,200-300만원 미만,0.16988660226795466,0.1241594386512036,0.12530272717700328,0.136783988957902,0.11211427031397386,0.15393518518518517,0.1905904304944689,2,0.5440298507462686,0.41863960916948517,0.7251908396946565,0.8237022526934379,0.4964169381107493,0.38042346407497385,0.37826086956521743,0.6666666666666666
1H001180,여자,40대,사무 종사자,대학교 졸업(전문대졸/대학원생 포함),경기도,2세대가족,기혼,맞벌이 함,600-700만원 미만,0.06845863082738346,0.2232725855179807,0.06135270787266155,0.13126293995859212,0.043929389570138797,0.1548996913580247,0.18259362921498068,0,0.18358208955223881,0.8008267568583238,0.22846237731733918,0.7845249755142016,0.16677524429967427,0.3838944810829573,0.3521739130434782,0.0
3B030024,여자,50대,기능원 및 관련 기능 종사자,고졸(대학 재학 포함),부산광역시,2세대가족,기혼,맞벌이 함,300-400만원 미만,0.25829483410331794,0.198908488451418,0.08100803762591696,0.15058661145617666,0.10847594663791942,0.17978395061728397,0.23324003731840598,2,0.8582089552238805,0.7068771138669673,0.38113413304252997,0.9216454456415277,0.4788273615635179,0.4734467198889275,0.5173913043478261,0.6666666666666666
1H001178,여자,60대 이상,주부,대학교 졸업(전문대졸/대학원생 포함),경기도,1세대가족,기혼,맞벌이 하지 않음,400-500만원 미만,0.10625787484250315,0.16090049702758016,0.054789231687199465,0.136783988957902,0.043053496833310875,0.11728395061728394,0.25056644009063045,3,0.317910447761194,0.560315670800451,0.1774809160305343,0.8237022526934379,0.1625407166123779,0.24852481777160704,0.573913043478261,1.0
4J227013,여자,30대,전문가 및 관련 종사자,대학교 졸업(전문대졸/대학원생 포함),경상남도,1세대가족,기혼,맞벌이 함,800-900만원 미만,0.16484670306593868,0.11509599454244226,0.1288477062932154,0.136783988957902,0.14472443066972107,0.15084876543209877,0.11195521791283487,0,0.5261194029850745,0.3836903419767005,0.7527262813522354,0.8237022526934379,0.6540716612377852,0.36931620964942724,0.12173913043478266,0.0
4J227019,남자,60대 이상,판매 종사자,고졸(대학 재학 포함),경상남도,1인 가구,미혼(사별/이혼 포함),맞벌이 하지 않음,200-300만원 미만,0.14594708105837884,0.11704512230776729,0.12042399354182023,0.14230503795721186,0.16675650181916182,0.14448302469135804,0.09596161535385846,1,0.4589552238805969,0.39120631341600903,0.6872955288985824,0.8628795298726737,0.760586319218241,0.34640749739673726,0.06956521739130436,0.3333333333333333
3H129002,여자,60대 이상,서비스 종사자,고졸(대학 재학 포함),경기도,1세대가족,기혼,맞벌이 함,400-500만원 미만,0.06089878202435951,0.14530747490498003,0.0636341300761644,0.13954451345755692,0.0718232044198895,0.13551311728395063,0.20125283220045317,2,0.15671641791044771,0.5001878992859827,0.24618320610687025,0.8432908912830557,0.301628664495114,0.3141270392224922,0.4130434782608696,0.6666666666666666
1C000894,여자,30대,주부,대학교 졸업(전문대졸/대학원생 포함),인천광역시,2세대가족,기혼,맞벌이 하지 않음,500-600만원 미만,0.1619067618647627,0.1368287691258162,0.12628549366466604,0.13954451345755692,0.14714997978709068,0.11091820987654322,0.11728641876582702,3,0.5156716417910446,0.46749342352499057,0.732824427480916,0.8432908912830557,0.6657980456026059,0.22561610551891706,0.13913043478260875,1.0
3H129001,여자,60대 이상,주부,고졸(대학 재학 포함),경기도,1세대가족,기혼,맞벌이 하지 않음,200-300만원 미만,0.06089878202435951,0.12143065977974857,0.07609420518760311,0.12781228433402345,0.08577011184476485,0.14911265432098766,0.1905904304944689,3,0.15671641791044771,0.4081172491544532,0.3429661941112323,0.7600391772771791,0.3690553745928339,0.3630683790350573,0.37826086956521743,1.0
4A006030,여자,40대,서비스 종사자,대학교 졸업(전문대졸/대학원생 포함),서울특별시,2세대가족,기혼,맞벌이 함,500-600만원 미만,0.12494750104997901,0.16284962479290518,0.10768312800533503,0.1450655624568668,0.07600053901091497,0.12297453703703705,0.22697587631614025,0,0.38432835820895517,0.5678316422397595,0.5883315158124318,0.8824681684622917,0.32182410423452773,0.26900381811870877,0.4969565217391305,0.0
4J227021,여자,30대,서비스 종사자,대학교 졸업(전문대졸/대학원생 포함),경상남도,1인 가구,미혼(사별/이혼 포함),맞벌이 하지 않음,300-400만원 미만,0.1889962200755985,0.11899425007309229,0.12368818223298585,0.14230503795721186,0.16662174909041907,0.1379243827160494,0.09329601492736239,1,0.6119402985074627,0.3987222848553175,0.7126499454743729,0.8628795298726737,0.7599348534201955,0.3228045817424505,0.060869565217391314,0.3333333333333333
1H001172,여자,60대 이상,주부,고졸(대학 재학 포함),경기도,2세대가족,기혼,맞벌이 하지 않음,600-700만원 미만,0.13082738345233094,0.11314686677711724,0.10585799024253274,0.13954451345755692,0.10261420293760949,0.12760416666666669,0.2145808343329335,3,0.4052238805970148,0.37617437053739194,0.574154852780807,0.8432908912830557,0.45048859934853425,0.2856646997570289,0.4565217391304348,1.0
4A006032,여자,60대 이상,서비스 종사자,고졸(대학 재학 포함),서울특별시,1인 가구,미혼(사별/이혼 포함),맞벌이 하지 않음,200-300만원 미만,0.1385972280554389,0.14823116655296756,0.1057526938331403,0.13402346445824706,0.08954318824956206,0.10609567901234568,0.20698387311741973,1,0.4328358208955223,0.5114618564449455,0.5733369683751364,0.8041136141038197,0.38729641693811084,0.20826102047900033,0.4317391304347826,0.3333333333333333
1F000473,여자,60대 이상,주부,고졸(대학 재학 포함),광주광역시,2세대가족,기혼,맞벌이 하지 않음,600-700만원 미만,0.09134817303653928,0.1733749147256603,0.08820329226773367,0.1388543823326432,0.06097560975609756,0.2221257716049383,0.17326402772224445,3,0.26492537313432835,0.6084178880120256,0.4370229007633587,0.8383937316356511,0.249185667752443,0.6258243665393961,0.32173913043478264,1.0
4C063040,여자,50대,주부,대학교 졸업(전문대졸/대학원생 포함),인천광역시,2세대가족,기혼,맞벌이 하지 않음,600-700만원 미만,0.1742965140697186,0.11801968619042978,0.08156961847600998,0.1285024154589372,0.0900148228001617,0.1015625,0.33186725309876053,3,0.5597014925373134,0.3949642991356632,0.3854961832061069,0.7649363369245838,0.38957654723127033,0.19194724054147863,0.8391304347826088,1.0
4J227026,여자,30대,판매 종사자,대학교 졸업(전문대졸/대학원생 포함),경상남도,1인 가구,미혼(사별/이혼 포함),맞벌이 하지 않음,200-300만원 미만,0.14279714405711885,0.11509599454244226,0.12207363728896846,0.13954451345755692,0.14149036517989488,0.13368055555555555,0.09862721578035454,1,0.44776119402985065,0.3836903419767005,0.7001090512540895,0.8432908912830557,0.6384364820846906,0.3075321069073238,0.07826086956521741,0.3333333333333333
3F086033,여자,60대 이상,주부,고졸(대학 재학 포함),광주광역시,1세대가족,기혼,맞벌이 하지 않음,100-200만원 미만,0.03989920201595968,0.13409999025436117,0.0508932645396792,0.13609385783298825,0.04851098234739253,0.15393518518518517,0.20125283220045317,3,0.08208955223880594,0.45697106350995864,0.14721919302071976,0.8188050930460331,0.18892508143322478,0.38042346407497385,0.4130434782608696,1.0
1H001111,여자,60대 이상,서비스 종사자,중졸 이하,경기도,1인 가구,미혼(사별/이혼 포함),맞벌이 하지 않음,100-200만원 미만,0.06845863082738346,0.12679076113439236,0.09532834930328878,0.1285024154589372,0.07653954992588599,0.17939814814814817,0.2065840330534453,1,0.18358208955223881,0.42878617061255164,0.49236641221374056,0.7649363369245838,0.3244299674267101,0.4720583130857341,0.4304347826086957,0.3333333333333333
4A006014,여자,40대,판매 종사자,고졸(대학 재학 포함),서울특별시,1세대가족,기혼,맞벌이 함,600-700만원 미만,0.18773624527509453,0.15797680537959263,0.08806289705521042,0.14230503795721186,0.10470287023312222,0.11168981481481481,0.1869918699186992,2,0.6074626865671642,0.5490417136414881,0.4359323882224645,0.8628795298726737,0.4605863192182411,0.2283929191253037,0.36652173913043484,0.6666666666666666
1C001131,여자,60대 이상,판매 종사자,고졸(대학 재학 포함),인천광역시,1세대가족,기혼,맞벌이 함,500-600만원 미만,0.04682906341873163,0.1531039859662801,0.08076234600400127,0.1285024154589372,0.06562457889772268,0.10734953703703703,0.26656004264960687,2,0.10671641791044777,0.5302517850432169,0.3792257360959651,0.7649363369245838,0.2716612377850163,0.21277334258937866,0.6260869565217393,0.6666666666666666
1C000896,여자,40대,판매 종사자,대학교 졸업(전문대졸/대학원생 포함),인천광역시,1인 가구,미혼(사별/이혼 포함),맞벌이 하지 않음,300-400만원 미만,0.1875262494750105,0.17259526361953026,0.11340423291565759,0.15610766045548655,0.15611103624848402,0.14457947530864199,0.0972944155671065,1,0.6067164179104477,0.6054114994363021,0.6327699018538714,0.960822722820764,0.7091205211726385,0.3467545990975356,0.07391304347826086,0.3333333333333333
4A006036,여자,30대,사무 종사자,대학교 졸업(전문대졸/대학원생 포함),서울특별시,1세대가족,기혼,맞벌이 함,600-700만원 미만,0.19340613187736244,0.16606568560569146,0.0782001333754519,0.1450655624568668,0.09102546826573238,0.10927854938271606,0.18525922964147676,0,0.6276119402985074,0.5802329951146186,0.3593238822246455,0.8824681684622917,0.3944625407166124,0.21971537660534537,0.36086956521739133,0.0
4P244005,여자,50대,서비스 종사자,대학교 졸업(전문대졸/대학원생 포함),제주특별자치도,2세대가족,기혼,맞벌이 함,500-600만원 미만,0.09785804283914322,0.12873988889971738,0.07812993576919026,0.1285024154589372,0.058347931545613796,0.18277391975308643,0.18126082900173265,0,0.28805970149253723,0.4363021420518602,0.3587786259541984,0.7649363369245838,0.23648208469055376,0.4842068726136758,0.34782608695652173,0.0
4J227028,여자,60대 이상,서비스 종사자,고졸(대학 재학 포함),경상남도,1세대가족,기혼,맞벌이 함,400-500만원 미만,0.1385972280554389,0.11899425007309229,0.11610684075673021,0.136783988957902,0.15159681983560166,0.1468942901234568,0.07996801279488205,2,0.4328358208955223,0.3987222848553175,0.6537622682660851,0.8237022526934379,0.6872964169381108,0.3550850399166956,0.017391304347826125,0.6666666666666666
1H001099,여자,50대,기능원 및 관련 기능 종사자,고졸(대학 재학 포함),경기도,2세대가족,기혼,맞벌이 함,500-600만원 미만,0.09869802603947922,0.1521294220836176,0.10083886139482644,0.13954451345755692,0.07768494812019942,0.1691743827160494,0.24656803945088632,2,0.29104477611940294,0.5264937993235626,0.5351690294438386,0.8432908912830557,0.3299674267100977,0.4352655328011107,0.5608695652173913,0.6666666666666666
4J227030,여자,30대,사무 종사자,대학교 졸업(전문대졸/대학원생 포함),경상남도,1인 가구,미혼(사별/이혼 포함),맞벌이 하지 않음,200-300만원 미만,0.17639647207055859,0.11509599454244226,0.11919553543224178,0.136783988957902,0.15449400350357095,0.12393904320987655,0.09329601492736239,1,0.5671641791044776,0.3836903419767005,0.677753544165758,0.8237022526934379,0.7013029315960914,0.2724748351266921,0.060869565217391314,0.3333333333333333
4A006016,여자,60대 이상,주부,고졸(대학 재학 포함),서울특별시,1세대가족,기혼,맞벌이 하지 않음,300-400만원 미만,0.14531709365812684,0.15407854984894262,0.12042399354182023,0.13954451345755692,0.09513542649238646,0.1297260802469136,0.17099826735972282,3,0.45671641791044765,0.5340097707628711,0.6872955288985824,0.8432908912830557,0.41433224755700326,0.29330093717459216,0.31434782608695666,1.0
1H001077,여자,40대,사무 종사자,대학교 졸업(전문대졸/대학원생 포함),경기도,2세대가족,기혼,맞벌이 함,600-700만원 미만,0.0999580008399832,0.143358347139655,0.10736723877715769,0.13954451345755692,0.08617437003099312,0.1951195987654321,0.21857923497267762,0,0.29552238805970144,0.49267192784667413,0.5858778625954197,0.8432908912830557,0.3710097719869707,0.5286358903158626,0.4695652173913044,0.0
4P244007,남자,50대,단순노무 종사자,대학교 졸업(전문대졸/대학원생 포함),제주특별자치도,1인 가구,미혼(사별/이혼 포함),맞벌이 하지 않음,200-300만원 미만,0.11024779504409912,0.14647695156417506,0.04924362079253098,0.11635610766045548,0.06232313704352513,0.15084876543209877,0.20391843262694923,1,0.33208955223880593,0.5046974821495679,0.13440567066521267,0.6787463271302645,0.255700325732899,0.36931620964942724,0.4217391304347826,0.3333333333333333
3B030028,여자,50대,판매 종사자,고졸(대학 재학 포함),부산광역시,2세대가족,기혼,맞벌이 함,300-400만원 미만,0.2652246955060899,0.19598479680343048,0.07883191183180653,0.13954451345755692,0.10328796658132328,0.15750385802469138,0.25856324137011866,2,0.8828358208955224,0.6956031567080044,0.36423118865866955,0.8432908912830557,0.45374592833876226,0.3932662270045124,0.6000000000000001,0.6666666666666666
4H131005,여자,50대,판매 종사자,고졸(대학 재학 포함),경기도,2세대가족,기혼,맞벌이 함,700-800만원 미만,0.18269634607307855,0.1521294220836176,0.12312660138289284,0.14230503795721186,0.08893680097021965,0.12249228395061729,0.14660802345728377,2,0.5895522388059702,0.5264937993235626,0.7082878953107961,0.8628795298726737,0.3843648208469056,0.26726830961471715,0.23478260869565223,0.6666666666666666
1H001098,여자,60대 이상,주부,고졸(대학 재학 포함),경기도,1세대가족,기혼,맞벌이 하지 않음,200-300만원 미만,0.07370852582948341,0.13946009160900497,0.09023902284932085,0.136783988957902,0.07822395903517046,0.1900077160493827,0.19992003198720512,3,0.2022388059701492,0.47763998496805704,0.452835332606325,0.8237022526934379,0.33257328990228013,0.5102395001735508,0.408695652173913,1.0
4H131035,여자,30대,서비스 종사자,대학교 졸업(전문대졸/대학원생 포함),경기도,1세대가족,기혼,맞벌이 함,400-500만원 미만,0.1623267534649307,0.14433291102231752,0.08620266048927731,0.1450655624568668,0.07633742083277185,0.13560956790123457,0.16526722644275624,0,0.5171641791044775,0.4964299135663284,0.42148309705561604,0.8824681684622917,0.3234527687296417,0.3144741409232905,0.29565217391304344,0.0
4P244008,남자,30대,전문가 및 관련 종사자,대학교 졸업(전문대졸/대학원생 포함),제주특별자치도,1인 가구,미혼(사별/이혼 포함),맞벌이 하지 않음,700-800만원 미만,0.16547669046619068,0.17698080109151157,0.05661436945000176,0.12505175983436853,0.07397924807977362,0.13879243827160495,0.1412768226042916,1,0.5283582089552239,0.6223224351747464,0.19165757906215927,0.7404505386875613,0.3120521172638437,0.32592849704963556,0.21739130434782608,0.3333333333333333
1H001094,여자,60대 이상,서비스 종사자,고졸(대학 재학 포함),경기도,1세대가족,기혼,맞벌이 함,400-500만원 미만,0.07853842923141537,0.13458727219569244,0.11136850233407042,0.136783988957902,0.05821317881687104,0.1722608024691358,0.15860322537651608,2,0.2194029850746268,0.4588500563697858,0.6169574700109052,0.8237022526934379,0.23583061889250817,0.4463727872266574,0.27391304347826095,0.6666666666666666
1F000484,여자,60대 이상,주부,고졸(대학 재학 포함),광주광역시,1세대가족,기혼,맞벌이 하지 않음,200-300만원 미만,0.08525829483410333,0.13634148718448497,0.05099856094907164,0.13333333333333333,0.049589004177334584,0.15075231481481483,0.21724643475942956,3,0.2432835820895522,0.4656144306651635,0.1480370774263904,0.7992164544564153,0.19413680781758957,0.3689691079486289,0.4652173913043478,1.0
3H128002,여자,60대 이상,판매 종사자,고졸(대학 재학 포함),경기도,1세대가족,기혼,맞벌이 함,500-600만원 미만,0.1497270054598908,0.1297144527823799,0.10908708013056756,0.14230503795721186,0.10989085028971836,0.12866512345679013,0.16926562708250034,2,0.4723880597014924,0.4400601277715145,0.5992366412213741,0.8628795298726737,0.48566775244299676,0.2894828184658105,0.30869565217391304,0.6666666666666666
3B030012,여자,50대,서비스 종사자,고졸(대학 재학 포함),부산광역시,2세대가족,기혼,맞벌이 함,200-300만원 미만,0.24989500209995802,0.196959360686093,0.0766206872345653,0.1533471359558316,0.09365314647621614,0.1234567901234568,0.23457283753165403,2,0.8283582089552238,0.6993611424276588,0.3470556161395856,0.9412340842311457,0.40716612377850164,0.2707393266227005,0.5217391304347827,0.6666666666666666
1F000186,남자,50대,판매 종사자,고졸(대학 재학 포함),광주광역시,1세대가족,기혼,맞벌이 함,400-500만원 미만,0.15245695086098277,0.20280674398206805,0.0922396546277772,0.13402346445824706,0.09877375016844091,0.1767939814814815,0.15860322537651608,2,0.48208955223880584,0.7219090567455844,0.4683751363140676,0.8041136141038197,0.4319218241042346,0.4626865671641791,0.27391304347826095,0.6666666666666666
3H128003,여자,60대 이상,주부,고졸(대학 재학 포함),경기도,1세대가족,기혼,맞벌이 하지 않음,200-300만원 미만,0.10478790424191516,0.1306890166650424,0.11143869994033204,0.136783988957902,0.060908233391726185,0.17746913580246915,0.19725443156070907,3,0.31268656716417903,0.44381811349116873,0.6175027262813522,0.8237022526934379,0.24885993485342023,0.4651162790697674,0.4,1.0
3C070007,여자,60대 이상,주부,고졸(대학 재학 포함),인천광역시,1세대가족,기혼,맞벌이 하지 않음,200-300만원 미만,0.12095758084838304,0.12386706948640484,0.09266084026534696,0.13402346445824706,0.08684813367470691,0.13020833333333334,0.1479408236705318,3,0.3701492537313432,0.41751221345358885,0.4716466739367503,0.8041136141038197,0.37426710097719873,0.2950364456785839,0.23913043478260873,1.0
1F000512,남자,60대 이상,판매 종사자,고졸(대학 재학 포함),광주광역시,1세대가족,기혼,맞벌이 함,300-400만원 미만,0.06488870222595548,0.1519345093070851,0.04808536028921414,0.1305728088336784,0.06124511521358308,0.19579475308641975,0.17193122750899642,2,0.17089552238805966,0.5257422021796317,0.12540894220283536,0.7796278158667971,0.25048859934853424,0.5310656022214508,0.31739130434782614,0.6666666666666666
4C070120,여자,50대,서비스 종사자,고졸(대학 재학 포함),인천광역시,2세대가족,기혼,맞벌이 함,500-600만원 미만,0.07139857202855943,0.11509599454244226,0.0882734898739953,0.13954451345755692,0.03139738579706239,0.08487654320987655,0.16793282686925232,2,0.1940298507462686,0.3836903419767005,0.4375681570338059,0.8432908912830557,0.10618892508143322,0.13189864630336687,0.30434782608695654,0.6666666666666666
1F000194,남자,50대,사무 종사자,대학교 졸업(전문대졸/대학원생 포함),광주광역시,2세대가족,미혼(사별/이혼 포함),맞벌이 하지 않음,500-600만원 미만,0.15770684586308273,0.1904297826722542,0.08708013056754765,0.13954451345755692,0.0809190136100256,0.15364583333333334,0.22524323603891777,1,0.5007462686567163,0.6741826381059752,0.42829880043620505,0.8432908912830557,0.3456026058631922,0.379382158972579,0.491304347826087,0.3333333333333333
1F000526,여자,40대,사무 종사자,고졸(대학 재학 포함),광주광역시,2세대가족,기혼,맞벌이 함,400-500만원 미만,0.15035699286014279,0.14355325991618753,0.04889263276122285,0.12187715665976535,0.07519202263845842,0.16300154320987656,0.22790883646541385,2,0.47462686567164164,0.49342352499060504,0.13167938931297715,0.7179236043095005,0.31791530944625407,0.41305102395001736,0.5,0.6666666666666666
1F000201,여자,20대,사무 종사자,대학교 졸업(전문대졸/대학원생 포함),광주광역시,1세대가족,미혼(사별/이혼 포함),맞벌이 하지 않음,300-400만원 미만,0.16484670306593868,0.1774680830328428,0.09206416061212314,0.1450655624568668,0.08455733728608004,0.1716820987654321,0.17326402772224445,1,0.5261194029850745,0.6242014280345735,0.4670119956379498,0.8824681684622917,0.3631921824104235,0.44429017702186735,0.32173913043478264,0.3333333333333333
1C000905,여자,40대,사무 종사자,대학교 졸업(전문대졸/대학원생 포함),인천광역시,2세대가족,기혼,맞벌이 함,600-700만원 미만,0.19319613607727845,0.1199688139557548,0.1275490505773753,0.136783988957902,0.15698692898531194,0.14342206790123457,0.09996001599360256,0,0.626865671641791,0.40248027057497177,0.742639040348964,0.8237022526934379,0.7133550488599348,0.3425893786879556,0.08260869565217391,0.0
1F000204,남자,50대,사무 종사자,고졸(대학 재학 포함),광주광역시,2세대가족,기혼,맞벌이 함,400-500만원 미만,0.14069718605627887,0.16284962479290518,0.08953704678670457,0.136783988957902,0.08004312087319768,0.10947145061728396,0.23324003731840598,2,0.44029850746268645,0.5678316422397595,0.44738276990185377,0.8237022526934379,0.34136807817589576,0.22040958000694208,0.5173913043478261,0.6666666666666666
1A000937,남자,60대 이상,기능원 및 관련 기능 종사자,고졸(대학 재학 포함),서울특별시,1세대가족,기혼,맞벌이 하지 않음,200-300만원 미만,0.20579588408231836,0.15895136926225514,0.07093468112737356,0.13402346445824706,0.0906212100795041,0.10609567901234568,0.30654404904704785,3,0.6716417910447761,0.5527996993611424,0.30288985823336967,0.8041136141038197,0.3925081433224756,0.20826102047900033,0.7565217391304347,1.0
4C071008,여자,60대 이상,판매 종사자,고졸(대학 재학 포함),인천광역시,1인 가구,미혼(사별/이혼 포함),맞벌이 하지 않음,200-300만원 미만,0.12662746745065098,0.14823116655296756,0.11280755326243375,0.13402346445824706,0.09048645735076136,0.15943287037037038,0.15327202452352393,1,0.39029850746268646,0.5114618564449455,0.6281352235550708,0.8041136141038197,0.39185667752443004,0.400208261020479,0.25652173913043474,0.3333333333333333
4C071012,여자,40대,주부,대학교 졸업(전문대졸/대학원생 포함),인천광역시,2세대가족,기혼,맞벌이 하지 않음,700-800만원 미만,0.11612767744645107,0.13653639996101746,0.12568881401144222,0.14230503795721186,0.06623096617706509,0.14506172839506173,0.11062241769958683,3,0.35298507462686557,0.4663660278090943,0.7281897491821157,0.8628795298726737,0.2745928338762215,0.3484901076015272,0.1173913043478261,1.0
4B037024,남자,60대 이상,판매 종사자,고졸(대학 재학 포함),부산광역시,1세대가족,기혼,맞벌이 하지 않음,200-300만원 미만,0.13460730785384292,0.1423837832569925,0.0646870941700888,0.1450655624568668,0.07775232448457081,0.1341628086419753,0.23723843795815008,3,0.41865671641791036,0.4889139421270199,0.2543620501635768,0.8824681684622917,0.33029315960912053,0.3092676154113154,0.5304347826086957,1.0
1G000438,여자,60대 이상,서비스 종사자,대학교 졸업(전문대졸/대학원생 포함),울산광역시,1인 가구,미혼(사별/이혼 포함),맞벌이 하지 않음,400-500만원 미만,0.17849643007139857,0.12386706948640484,0.08974763960548945,0.12298136645962732,0.08725239186093518,0.1297260802469136,0.21191523390643743,1,0.5746268656716417,0.41751221345358885,0.4490185387131952,0.7257590597453476,0.37622149837133556,0.29330093717459216,0.4478260869565217,0.3333333333333333
1G000439,여자,50대,서비스 종사자,대학교 졸업(전문대졸/대학원생 포함),울산광역시,2세대가족,기혼,맞벌이 함,400-500만원 미만,0.05732885342293154,0.17162069973686775,0.08578147485170756,0.13954451345755692,0.0608408570273548,0.12731481481481483,0.21324803411968546,0,0.14402985074626862,0.6016535137166478,0.4182115594329334,0.8432908912830557,0.2485342019543974,0.2846233946546338,0.4521739130434782,0.0
1G000447,남자,50대,사무 종사자,대학교 졸업(전문대졸/대학원생 포함),울산광역시,2세대가족,기혼,맞벌이 함,400-500만원 미만,0.11612767744645107,0.17776045219764158,0.0906953072900214,0.14230503795721186,0.07350761352917395,0.11381172839506173,0.20125283220045317,0,0.35298507462686557,0.6253288237504698,0.4563794983642311,0.8628795298726737,0.30977198697068403,0.23602915654286707,0.4130434782608696,0.0
1G000476,여자,30대,사무 종사자,대학교 졸업(전문대졸/대학원생 포함),울산광역시,1세대가족,기혼,맞벌이 함,500-600만원 미만,0.13292734145317092,0.16187506091024267,0.05092836334281001,0.11746031746031746,0.05295782239590351,0.10368441358024692,0.23057443689190993,0,0.41268656716417895,0.5640736565201052,0.14749182115594325,0.6865817825661116,0.21042345276872965,0.19958347795904205,0.5086956521739131,0.0
1G000506,여자,50대,사무 종사자,대학교 졸업(전문대졸/대학원생 포함),울산광역시,1세대가족,기혼,맞벌이 함,500-600만원 미만,0.09659806803863923,0.1647987525582302,0.08132392685409427,0.1285024154589372,0.07074518258994744,0.13821373456790126,0.22124483539917367,0,0.28358208955223874,0.5753476136790681,0.38358778625954193,0.7649363369245838,0.2964169381107492,0.3238458868448456,0.4782608695652174,0.0
1G000513,여자,40대,서비스 종사자,대학교 졸업(전문대졸/대학원생 포함),울산광역시,1세대가족,기혼,맞벌이 함,500-600만원 미만,0.09197816043679126,0.1774680830328428,0.07174195359938226,0.12298136645962732,0.05484436059830212,0.15991512345679015,0.20391843262694923,0,0.26716417910447754,0.6242014280345735,0.30916030534351147,0.7257590597453476,0.2195439739413681,0.40194376952447075,0.4217391304347826,0.0
3J235020,여자,60대 이상,판매 종사자,대학교 졸업(전문대졸/대학원생 포함),경상남도,2세대가족,기혼,맞벌이 함,500-600만원 미만,0.28034439311213777,0.13946009160900497,0.07619950159699554,0.136783988957902,0.10207519202263846,0.16116898148148148,0.35359189657470347,0,0.9365671641791045,0.47763998496805704,0.34378407851690285,0.8237022526934379,0.4478827361563518,0.40645609163484897,0.91,0.0
3J235024,여자,40대,판매 종사자,대학교 졸업(전문대졸/대학원생 포함),경상남도,2세대가족,기혼,맞벌이 함,500-600만원 미만,0.29819403611927764,0.11704512230776729,0.06110701625074585,0.13954451345755692,0.10645465570677806,0.14158950617283952,0.37185125949620157,0,1.0,0.39120631341600903,0.22655398037077426,0.8432908912830557,0.469055374592834,0.3359944463727872,0.9695652173913044,0.0
1B000522,여자,50대,판매 종사자,고졸(대학 재학 포함),부산광역시,2세대가족,기혼,맞벌이 함,500-600만원 미만,0.2769844603107938,0.12386706948640484,0.07469025306237058,0.13954451345755692,0.0978304810672416,0.15335648148148148,0.37185125949620157,2,0.9246268656716419,0.41751221345358885,0.33206106870229013,0.8432908912830557,0.42736156351791527,0.3783408538701839,0.9695652173913044,0.6666666666666666
1B000523,여자,50대,판매 종사자,고졸(대학 재학 포함),부산광역시,2세대가족,기혼,맞벌이 함,400-500만원 미만,0.21986560268794625,0.12776532501705487,0.07293531290582991,0.14230503795721186,0.08219916453308179,0.16531635802469138,0.3811808609889378,2,0.7216417910447761,0.4325441563322059,0.31842966194111233,0.8628795298726737,0.35179153094462545,0.42138146476917737,1.0000000000000002,0.6666666666666666
1B000530,여자,50대,판매 종사자,고졸(대학 재학 포함),부산광역시,2세대가족,기혼,맞벌이 함,500-600만원 미만,0.2585048299034019,0.12386706948640484,0.07444456144045489,0.13954451345755692,0.09964964290526883,0.15335648148148148,0.36918565906970546,2,0.8589552238805969,0.41751221345358885,0.33015267175572516,0.8432908912830557,0.43615635179153095,0.3783408538701839,0.9608695652173914,0.6666666666666666
1B000540,여자,50대,판매 종사자,고졸(대학 재학 포함),부산광역시,2세대가족,기혼,맞벌이 함,500-600만원 미만,0.252414951700966,0.12094337783841731,0.0649678845951353,0.14230503795721186,0.10072766473521089,0.1413966049382716,0.3625216580034653,2,0.8373134328358209,0.40623825629462607,0.25654307524536524,0.8628795298726737,0.4413680781758958,0.33530024297119054,0.9391304347826087,0.6666666666666666
1B000598,남자,50대,판매 종사자,고졸(대학 재학 포함),부산광역시,2세대가족,기혼,맞벌이 함,400-500만원 미만,0.18773624527509453,0.11724003508429978,0.080060369941385,0.12739820565907523,0.09951489017652607,0.12037037037037038,0.37185125949620157,2,0.6074626865671642,0.39195791055993984,0.37377317339149396,0.7571008814887366,0.43550488599348536,0.2596320721971538,0.9695652173913044,0.6666666666666666
4B035029,여자,30대,주부,대학교 졸업(전문대졸/대학원생 포함),부산광역시,2세대가족,기혼,맞벌이 하지 않음,300-400만원 미만,0.21083578328433433,0.1297144527823799,0.07760345372222807,0.1450655624568668,0.09964964290526883,0.12905092592592593,0.3745168599226976,3,0.6895522388059702,0.4400601277715145,0.35468920392584513,0.8824681684622917,0.43615635179153095,0.2908712252690038,0.9782608695652174,1.0
1C000541,여자,50대,주부,고졸(대학 재학 포함),인천광역시,2세대가족,기혼,맞벌이 하지 않음,700-800만원 미만,0.10877782444351113,0.11265958483578599,0.1070864483521112,0.12781228433402345,0.10901495755289045,0.18229166666666669,0.17592962814874052,3,0.326865671641791,0.3742953776775648,0.5836968375136314,0.7600391772771791,0.4814332247557004,0.48247136410968416,0.33043478260869574,1.0
4G105035,여자,60대 이상,판매 종사자,고졸(대학 재학 포함),울산광역시,2세대가족,기혼,맞벌이 함,400-500만원 미만,0.11759764804703907,0.19501023292076797,0.06517847741392019,0.1533471359558316,0.05666352243632933,0.11766975308641976,0.23723843795815008,2,0.3582089552238806,0.6918451709883502,0.25817884405670666,0.9412340842311457,0.22833876221498367,0.24991322457480045,0.5304347826086957,0.6666666666666666
4B035058,여자,40대,서비스 종사자,대학교 졸업(전문대졸/대학원생 포함),부산광역시,1세대가족,기혼,맞벌이 함,400-500만원 미만,0.18920621587568248,0.11899425007309229,0.05573689937173143,0.14230503795721186,0.10375960113192292,0.1266396604938272,0.36918565906970546,0,0.612686567164179,0.3987222848553175,0.18484187568157037,0.8628795298726737,0.4560260586319219,0.28219368274904555,0.9608695652173914,0.0
4G105070,남자,50대,서비스 종사자,대학교 졸업(전문대졸/대학원생 포함),울산광역시,1인 가구,기혼,맞벌이 하지 않음,300-400만원 미만,0.125577488450231,0.1647987525582302,0.08328945982941982,0.13954451345755692,0.061379867942325826,0.17293595679012347,0.2572304411568706,1,0.3865671641791044,0.5753476136790681,0.39885496183206104,0.8432908912830557,0.25114006514657977,0.4488024991322457,0.5956521739130435,0.3333333333333333
1C000551,여자,50대,서비스 종사자,고졸(대학 재학 포함),인천광역시,2세대가족,기혼,맞벌이 함,500-600만원 미만,0.12977740445191097,0.12776532501705487,0.11084202028710821,0.13954451345755692,0.1069936666217491,0.17496141975308643,0.14527522324403572,2,0.40149253731343276,0.4325441563322059,0.6128680479825518,0.8432908912830557,0.47166123778501634,0.4560916348490107,0.23043478260869563,0.6666666666666666
1B000581,여자,30대,주부,대학교 졸업(전문대졸/대학원생 포함),부산광역시,2세대가족,기혼,맞벌이 하지 않음,300-400만원 미만,0.19151616967660648,0.12581619725172985,0.0715313607805974,0.14230503795721186,0.09466379194178681,0.14448302469135804,0.3775823004131681,3,0.6208955223880597,0.42502818489289734,0.30752453653217016,0.8628795298726737,0.41205211726384366,0.34640749739673726,0.9882608695652174,1.0
1C000530,남자,30대,사무 종사자,대학교 졸업(전문대졸/대학원생 포함),인천광역시,1인 가구,미혼(사별/이혼 포함),맞벌이 하지 않음,300-400만원 미만,0.11339773204535909,0.1560276776142676,0.07444456144045489,0.14230503795721186,0.0545748551408166,0.1697530864197531,0.27189124350259897,1,0.3432835820895522,0.5415257422021795,0.33015267175572516,0.8628795298726737,0.21824104234527686,0.43734814300590064,0.6434782608695653,0.3333333333333333
3J235036,여자,30대,주부,대학교 졸업(전문대졸/대학원생 포함),경상남도,2세대가족,기혼,맞벌이 하지 않음,300-400만원 미만,0.22217555648887022,0.12581619725172985,0.07539222912498685,0.14230503795721186,0.10281633203072361,0.1377314814814815,0.3775823004131681,3,0.7298507462686566,0.42502818489289734,0.33751363140676116,0.8628795298726737,0.4514657980456026,0.322110378340854,0.9882608695652174,1.0
3J235040,여자,60대 이상,판매 종사자,대학교 졸업(전문대졸/대학원생 포함),경상남도,1세대가족,기혼,맞벌이 함,500-600만원 미만,0.23498530029399414,0.12581619725172985,0.07619950159699554,0.14230503795721186,0.11649373399811347,0.1266396604938272,0.37491669998667204,2,0.7753731343283582,0.42502818489289734,0.34378407851690285,0.8628795298726737,0.5175895765472314,0.28219368274904555,0.9795652173913044,0.6666666666666666
3J230006,여자,60대 이상,기능원 및 관련 기능 종사자,고졸(대학 재학 포함),경상남도,2세대가족,기혼,맞벌이 함,500-600만원 미만,0.06929861402771945,0.14725660267030505,0.11431680179705872,0.12298136645962732,0.08287292817679558,0.13503086419753088,0.10928961748633881,2,0.18656716417910446,0.5077038707252912,0.6398582333696837,0.7257590597453476,0.3550488599348534,0.31239153071850057,0.1130434782608696,0.6666666666666666
3C070009,여자,60대 이상,주부,고졸(대학 재학 포함),인천광역시,1세대가족,기혼,맞벌이 하지 않음,300-400만원 미만,0.2015959680806384,0.20085761621674303,0.07514653750307114,0.136783988957902,0.06468130979652338,0.18643904320987656,0.21857923497267762,3,0.6567164179104478,0.7143930853062759,0.3356052344601962,0.8237022526934379,0.2671009771986971,0.49739673724401245,0.4695652173913044,1.0
1C000486,여자,30대,사무 종사자,대학교 졸업(전문대졸/대학원생 포함),인천광역시,2세대가족,기혼,맞벌이 함,600-700만원 미만,0.22238555228895424,0.14920573043563007,0.06040504018812958,0.14782608695652172,0.07135156986928985,0.15383873456790123,0.29721444755431164,0,0.7305970149253731,0.5152198421645998,0.22110141766630312,0.9020568070519097,0.2993485342019544,0.3800763623741755,0.7260869565217393,0.0
3J230012,여자,30대,전문가 및 관련 종사자,대학교 졸업(전문대졸/대학원생 포함),경상남도,1세대가족,미혼(사별/이혼 포함),맞벌이 하지 않음,400-500만원 미만,0.06929861402771945,0.15895136926225514,0.10803411603664316,0.13402346445824706,0.08893680097021965,0.1261574074074074,0.11502065840330535,1,0.18656716417910446,0.5527996993611424,0.5910577971646674,0.8041136141038197,0.3843648208469056,0.2804581742450538,0.1317391304347826,0.3333333333333333
1C000608,여자,40대,주부,대학교 졸업(전문대졸/대학원생 포함),인천광역시,2세대가족,기혼,맞벌이 하지 않음,400-500만원 미만,0.25955480890382193,0.19501023292076797,0.08016566635077745,0.14782608695652172,0.1452634415846921,0.18624614197530864,0.17459682793549247,3,0.862686567164179,0.6918451709883502,0.37459105779716473,0.9020568070519097,0.6566775244299675,0.4967025338424158,0.32608695652173914,1.0
1F000247,여자,60대 이상,서비스 종사자,고졸(대학 재학 포함),광주광역시,2세대가족,기혼,맞벌이 함,"900-1,000만원 미만",0.12998740025199496,0.12805769418185364,0.08188550770418729,0.136783988957902,0.07606791537528636,0.14216820987654322,0.23590563774490206,2,0.40223880597014916,0.43367155204810226,0.38794983642311887,0.8237022526934379,0.32214983713355055,0.33807705657757725,0.5260869565217392,0.6666666666666666
3J230015,여자,60대 이상,주부,대학교 졸업(전문대졸/대학원생 포함),경상남도,2세대가족,기혼,맞벌이 하지 않음,300-400만원 미만,0.06089878202435951,0.14433291102231752,0.10438384051103856,0.13126293995859212,0.06333378250909581,0.13695987654320987,0.13901106224176996,3,0.15671641791044771,0.4964299135663284,0.5627044711014175,0.7845249755142016,0.2605863192182411,0.31933356473446717,0.21,1.0
4C071024,남자,60대 이상,기능원 및 관련 기능 종사자,고졸(대학 재학 포함),인천광역시,1세대가족,기혼,맞벌이 함,500-600만원 미만,0.18416631667366654,0.1072994834811422,0.10347127162963744,0.1285024154589372,0.08940843552081928,0.16300154320987656,0.13328002132480343,2,0.594776119402985,0.35362645621946637,0.5556161395856053,0.7649363369245838,0.38664495114006514,0.41305102395001736,0.19130434782608705,0.6666666666666666
4C071028,여자,60대 이상,기능원 및 관련 기능 종사자,고졸(대학 재학 포함),인천광역시,1세대가족,기혼,맞벌이 함,400-500만원 미만,0.1894162116757665,0.18331546632881787,0.09455617563441086,0.13954451345755692,0.08806090823339172,0.1863425925925926,0.17233106757297084,2,0.6134328358208955,0.646749342352499,0.4863685932388222,0.8432908912830557,0.3801302931596091,0.49704963554321413,0.31869565217391316,0.6666666666666666
1F000206,여자,30대,사무 종사자,대학교 졸업(전문대졸/대학원생 포함),광주광역시,1세대가족,기혼,맞벌이 함,400-500만원 미만,0.15497690046199075,0.1521294220836176,0.0840616334982977,0.13126293995859212,0.05713515698692898,0.12307098765432099,0.1323470611755298,0,0.49104477611940284,0.5264937993235626,0.4048527808069792,0.7845249755142016,0.23061889250814332,0.2693509198195071,0.18826086956521745,0.0
4I210016,여자,50대,서비스 종사자,고졸(대학 재학 포함),경상북도,1인 가구,미혼(사별/이혼 포함),맞벌이 하지 않음,200-300만원 미만,0.08651826963460732,0.09219374329987332,0.035555087571513815,0.11677018633540372,0.02910658940843552,0.18451003086419754,0.32653605224576837,1,0.24776119402985075,0.29537767756482525,0.02808069792802617,0.681684622918707,0.095114006514658,0.49045470322804574,0.8217391304347826,0.3333333333333333
3J230018,여자,50대,주부,대학교 졸업(전문대졸/대학원생 포함),경상남도,2세대가족,기혼,맞벌이 하지 않음,300-400만원 미만,0.0503989920201596,0.15797680537959263,0.10705134954898038,0.12298136645962732,0.05726990971567174,0.10513117283950618,0.11768625882980141,3,0.11940298507462686,0.5490417136414881,0.5834242093784078,0.7257590597453476,0.23127035830618892,0.20479000347101703,0.14043478260869566,1.0
1A000731,여자,30대,서비스 종사자,대학교 졸업(전문대졸/대학원생 포함),서울특별시,1인 가구,미혼(사별/이혼 포함),맞벌이 하지 않음,300-400만원 미만,0.15770684586308273,0.19725172985089176,0.08943175037731214,0.1616287094547964,0.08044737905942595,0.20264274691358025,0.22297747567639614,1,0.5007462686567163,0.7004885381435552,0.44656488549618323,0.9999999999999998,0.3433224755700326,0.5557098229781325,0.4839130434782609,0.3333333333333333
1F000230,여자,30대,사무 종사자,대학교 졸업(전문대졸/대학원생 포함),광주광역시,1세대가족,기혼,맞벌이 함,400-500만원 미만,0.14363712725745487,0.1316635805477049,0.11575585272542208,0.14782608695652172,0.04608543323002291,0.15991512345679015,0.1683326669332267,0,0.45074626865671635,0.447576099210823,0.6510359869138496,0.9020568070519097,0.17719869706840397,0.40194376952447075,0.30565217391304345,0.0
1C001134,여자,50대,기능원 및 관련 기능 종사자,고졸(대학 재학 포함),인천광역시,2세대가족,기혼,맞벌이 함,600-700만원 미만,0.16757664846703066,0.1638241886755677,0.10340107402337581,0.136783988957902,0.09304675919687373,0.11024305555555555,0.2572304411568706,2,0.535820895522388,0.5715896279594137,0.5550708833151582,0.8237022526934379,0.40423452768729645,0.22318639361332868,0.5956521739130435,0.6666666666666666
3J230024,여자,50대,사무 종사자,고졸(대학 재학 포함),경상남도,2세대가족,기혼,맞벌이 함,500-600만원 미만,0.06509869802603949,0.1531039859662801,0.10533150819557054,0.1285024154589372,0.06939765530251987,0.1171875,0.13061442089830735,2,0.17164179104477612,0.5302517850432169,0.5700654307524536,0.7649363369245838,0.2899022801302932,0.2481777160708087,0.18260869565217394,0.6666666666666666
4C078022,여자,60대 이상,주부,고졸(대학 재학 포함),인천광역시,1세대가족,기혼,맞벌이 하지 않음,300-400만원 미만,0.08273834523309534,0.16606568560569146,0.0779544417535362,0.13126293995859212,0.04911736962673494,0.09770447530864197,0.256297481007597,3,0.2343283582089552,0.5802329951146186,0.35741548527808065,0.7845249755142016,0.19185667752442997,0.17806317250954526,0.5926086956521739,1.0
1A000752,여자,50대,사무 종사자,대학교 졸업(전문대졸/대학원생 포함),서울특별시,2세대가족,미혼(사별/이혼 포함),맞벌이 하지 않음,300-400만원 미만,0.13733725325493493,0.19501023292076797,0.09129198694324525,0.1450655624568668,0.05349683331087455,0.17978395061728397,0.19992003198720512,1,0.42835820895522386,0.6918451709883502,0.4610141766630317,0.8824681684622917,0.21302931596091207,0.4734467198889275,0.408695652173913,0.3333333333333333
1F000249,여자,50대,사무 종사자,대학교 졸업(전문대졸/대학원생 포함),광주광역시,2세대가족,기혼,맞벌이 함,400-500만원 미만,0.15875682486350273,0.12679076113439236,0.0683724684988242,0.14782608695652172,0.07808920630642771,0.10368441358024692,0.23590563774490206,0,0.5044776119402985,0.42878617061255164,0.2829880043620502,0.9020568070519097,0.3319218241042346,0.19958347795904205,0.5260869565217392,0.0
3J230027,여자,50대,사무 종사자,고졸(대학 재학 포함),경상남도,2세대가족,기혼,맞벌이 함,600-700만원 미만,0.06089878202435951,0.17259526361953026,0.10262890035449791,0.13126293995859212,0.06333378250909581,0.11477623456790124,0.11861921897907504,2,0.15671641791044771,0.6054114994363021,0.5490730643402398,0.7845249755142016,0.2605863192182411,0.23950017355085043,0.14347826086956525,0.6666666666666666
3J230030,여자,50대,사무 종사자,대학교 졸업(전문대졸/대학원생 포함),경상남도,1세대가족,기혼,맞벌이 함,500-600만원 미만,0.06929861402771945,0.1699639411363415,0.09550384331894284,0.1285024154589372,0.058617437003099314,0.10561342592592593,0.12794882047181128,0,0.18656716417910446,0.5952649379932357,0.4937295528898583,0.7649363369245838,0.237785016286645,0.2065255119750087,0.1739130434782609,0.0
1F000262,여자,50대,판매 종사자,고졸(대학 재학 포함),광주광역시,2세대가족,기혼,맞벌이 함,300-400만원 미만,0.1364972700545989,0.11217230289445473,0.09406479239057948,0.14230503795721186,0.09823473925346989,0.11824845679012345,0.15593762495002,2,0.42537313432835816,0.37241638481773764,0.48255179934569237,0.8628795298726737,0.42931596091205215,0.2519958347795904,0.26521739130434785,0.6666666666666666
3J230036,여자,50대,서비스 종사자,고졸(대학 재학 포함),경상남도,2세대가족,기혼,맞벌이 함,500-600만원 미만,0.06509869802603949,0.17259526361953026,0.10048787336351832,0.13126293995859212,0.06757849346449266,0.10030864197530864,0.1363454618152739,2,0.17164179104477612,0.6054114994363021,0.5324427480916031,0.7845249755142016,0.28110749185667755,0.1874349184311003,0.201304347826087,0.6666666666666666
1F000267,여자,50대,사무 종사자,대학교 졸업(전문대졸/대학원생 포함),광주광역시,2세대가족,미혼(사별/이혼 포함),맞벌이 하지 않음,300-400만원 미만,0.1129777404451911,0.1494980996004288,0.11154399634972448,0.13954451345755692,0.03894353860665678,0.14814814814814814,0.11995201919232308,1,0.3417910447761193,0.516347237880496,0.6183206106870229,0.8432908912830557,0.142671009771987,0.3595973620270738,0.1478260869565218,0.3333333333333333
3F082024,여자,60대 이상,단순노무 종사자,중졸 이하,광주광역시,1세대가족,기혼,맞벌이 함,400-500만원 미만,0.1364972700545989,0.12873988889971738,0.09371380435927135,0.15058661145617666,0.054103220590216945,0.14014274691358025,0.1439424230307877,2,0.42537313432835816,0.4363021420518602,0.47982551799345685,0.9216454456415277,0.21596091205211726,0.3307879208608122,0.22608695652173919,0.6666666666666666
3B030040,남자,50대,기능원 및 관련 기능 종사자,고졸(대학 재학 포함),부산광역시,1인 가구,미혼(사별/이혼 포함),맞벌이 하지 않음,100-200만원 미만,0.19277614447711044,0.17844264691550532,0.0673195044048998,0.13954451345755692,0.08819566096213448,0.1716820987654321,0.2412368385978942,1,0.6253731343283581,0.6279594137542277,0.2748091603053435,0.8432908912830557,0.38078175895765476,0.44429017702186735,0.5434782608695653,0.3333333333333333
4C071032,여자,60대 이상,기능원 및 관련 기능 종사자,고졸(대학 재학 포함),인천광역시,1세대가족,기혼,맞벌이 하지 않음,300-400만원 미만,0.18458630827383454,0.143358347139655,0.08627285809553895,0.1450655624568668,0.08300768090553834,0.23533950617283952,0.25856324137011866,3,0.5962686567164179,0.49267192784667413,0.42202835332606325,0.8824681684622917,0.35570032573289906,0.6733772995487678,0.6000000000000001,1.0
1A001246,여자,40대,서비스 종사자,고졸(대학 재학 포함),서울특별시,1인 가구,미혼(사별/이혼 포함),맞벌이 하지 않음,300-400만원 미만,0.252414951700966,0.14267615242179127,0.0930469270997859,0.13954451345755692,0.14452230157660692,0.12104552469135803,0.26389444222311076,1,0.8373134328358209,0.49004133784291626,0.47464558342420937,0.8432908912830557,0.6530944625407167,0.26206178410274206,0.6173913043478261,0.3333333333333333
4C071036,여자,50대,사무 종사자,대학교 졸업(전문대졸/대학원생 포함),인천광역시,2세대가족,기혼,맞벌이 함,500-600만원 미만,0.1864762704745905,0.13653639996101746,0.06721420799550736,0.13954451345755692,0.05848268427435655,0.1547067901234568,0.22164467546314812,0,0.6029850746268656,0.4663660278090943,0.27399127589967287,0.8432908912830557,0.23713355048859935,0.38320027768136067,0.4795652173913044,0.0
3B030044,여자,40대,판매 종사자,고졸(대학 재학 포함),부산광역시,2세대가족,기혼,맞벌이 함,400-500만원 미만,0.24989500209995802,0.21450151057401814,0.070478396686673,0.14782608695652172,0.097897857431613,0.16319444444444445,0.23990403838464616,2,0.8283582089552238,0.7670048853814355,0.2993456924754635,0.9020568070519097,0.4276872964169382,0.413745227351614,0.5391304347826088,0.6666666666666666
3A009001,여자,30대,사무 종사자,대학교 졸업(전문대졸/대학원생 포함),서울특별시,1인 가구,미혼(사별/이혼 포함),맞벌이 하지 않음,300-400만원 미만,0.1745065098698026,0.15632004677906639,0.10462953213295428,0.14230503795721186,0.12996900687238916,0.12278163580246913,0.2376382780221245,1,0.5604477611940297,0.5426531379180759,0.5646128680479826,0.8628795298726737,0.5827361563517915,0.2683096147171121,0.5317391304347827,0.3333333333333333
3A009002,여자,30대,사무 종사자,대학교 졸업(전문대졸/대학원생 포함),서울특별시,1세대가족,기혼,맞벌이 함,600-700만원 미만,0.18773624527509453,0.17776045219764158,0.10329577761398337,0.1450655624568668,0.10288370839509499,0.13117283950617284,0.2425696388111422,0,0.6074626865671642,0.6253288237504698,0.5542529989094874,0.8824681684622917,0.4517915309446254,0.29850746268656714,0.5478260869565217,0.0
3B030045,여자,50대,기능원 및 관련 기능 종사자,고졸(대학 재학 포함),부산광역시,2세대가족,기혼,맞벌이 함,400-500만원 미만,0.2729945401091978,0.18039177468083034,0.07574321715629498,0.14230503795721186,0.11743700309931276,0.17042824074074073,0.273224043715847,2,0.9104477611940298,0.6354753851935362,0.3402399127589968,0.8628795298726737,0.5221498371335506,0.4397778549114889,0.6478260869565218,0.6666666666666666
4C071048,여자,60대 이상,판매 종사자,고졸(대학 재학 포함),인천광역시,2세대가족,미혼(사별/이혼 포함),맞벌이 하지 않음,400-500만원 미만,0.1629567408651827,0.12776532501705487,0.10719174476150363,0.14782608695652172,0.08954318824956206,0.20515046296296297,0.2025856324137012,1,0.5194029850746268,0.4325441563322059,0.584514721919302,0.9020568070519097,0.38729641693811084,0.5647344671988892,0.4173913043478261,0.3333333333333333
4O156016,여자,50대,서비스 종사자,고졸(대학 재학 포함),강원도,2세대가족,기혼,맞벌이 함,500-600만원 미만,0.1997060058798824,0.16314199395770396,0.08872977431469588,0.14230503795721186,0.11939091766608273,0.1461226851851852,0.26389444222311076,2,0.6499999999999999,0.5689590379556558,0.4411123227917121,0.8628795298726737,0.5315960912052118,0.3523082263103089,0.6173913043478261,0.6666666666666666
1H001100,남자,40대,사무 종사자,대학교 졸업(전문대졸/대학원생 포함),경기도,2세대가족,기혼,맞벌이 함,500-600만원 미만,0.11948761024779504,0.1253289153103986,0.0755677231406409,0.14161490683229813,0.08213178816871042,0.19367283950617287,0.18925763028122086,0,0.36492537313432827,0.4231491920330703,0.3388767720828789,0.8579823702252691,0.35146579804560263,0.5234293648038876,0.37391304347826093,0.0
3G101035,남자,30대,기능원 및 관련 기능 종사자,대학교 졸업(전문대졸/대학원생 포함),울산광역시,1세대가족,기혼,맞벌이 함,700-800만원 미만,0.1591768164636707,0.17356982750219277,0.0803060615633007,0.14230503795721186,0.07519202263845842,0.12374614197530866,0.26962548314007734,0,0.5059701492537313,0.6091694851559564,0.3756815703380588,0.8628795298726737,0.31791530944625407,0.2717806317250955,0.6360869565217392,0.0
1H001184,여자,60대 이상,판매 종사자,고졸(대학 재학 포함),경기도,1세대가족,기혼,맞벌이 함,400-500만원 미만,0.1623267534649307,0.17162069973686775,0.09961040328524798,0.14230503795721186,0.07195795714863226,0.1861496913580247,0.1909902705584433,2,0.5171641791044775,0.6016535137166478,0.5256270447110142,0.8628795298726737,0.30228013029315964,0.4963554321416175,0.37956521739130444,0.6666666666666666
1F000294,여자,60대 이상,단순노무 종사자,고졸(대학 재학 포함),광주광역시,1인 가구,미혼(사별/이혼 포함),맞벌이 하지 않음,100-200만원 미만,0.15812683746325074,0.12289250560374233,0.1272682601523288,0.14782608695652172,0.052755693302789376,0.1080246913580247,0.11728641876582702,1,0.5022388059701492,0.4137542277339346,0.7404580152671756,0.9020568070519097,0.20944625407166123,0.21520305449496704,0.13913043478260875,0.3333333333333333
3G103012,여자,60대 이상,서비스 종사자,고졸(대학 재학 포함),울산광역시,1세대가족,기혼,맞벌이 함,400-500만원 미만,0.21986560268794625,0.20183218009940554,0.09206416061212314,0.1450655624568668,0.10119929928581052,0.12249228395061729,0.23723843795815008,2,0.7216417910447761,0.7181510710259301,0.4670119956379498,0.8824681684622917,0.44364820846905534,0.26726830961471715,0.5304347826086957,0.6666666666666666
4C066032,여자,50대,주부,대학교 졸업(전문대졸/대학원생 포함),인천광역시,1세대가족,기혼,맞벌이 하지 않음,400-500만원 미만,0.1364972700545989,0.1806841438456291,0.03615176722473764,0.13402346445824706,0.04514216412882361,0.16618441358024694,0.23723843795815008,3,0.42537313432835816,0.6366027809094326,0.032715376226826604,0.8041136141038197,0.1726384364820847,0.4245053800763624,0.5304347826086957,1.0
3G101005,남자,60대 이상,기능원 및 관련 기능 종사자,고졸(대학 재학 포함),울산광역시,1세대가족,기혼,맞벌이 하지 않음,300-400만원 미만,0.1860562788744225,0.18331546632881787,0.07960408550068443,0.136783988957902,0.08334456272739522,0.12210648148148148,0.23723843795815008,3,0.6014925373134328,0.646749342352499,0.3702290076335878,0.8237022526934379,0.357328990228013,0.26587990281152374,0.5304347826086957,1.0
1C000909,여자,50대,판매 종사자,대학교 졸업(전문대졸/대학원생 포함),인천광역시,2세대가족,기혼,맞벌이 함,700-800만원 미만,0.1501469970600588,0.14287106519832377,0.12347758941420098,0.14161490683229813,0.1562457889772268,0.13638117283950618,0.13594562175129948,0,0.4738805970149253,0.49079293498684706,0.7110141766630316,0.8579823702252691,0.7097719869706841,0.3172509545296772,0.20000000000000004,0.0
4A018011,여자,30대,사무 종사자,대학교 졸업(전문대졸/대학원생 포함),서울특별시,1인 가구,미혼(사별/이혼 포함),맞벌이 하지 않음,300-400만원 미만,0.11045779084418313,0.13653639996101746,0.07128566915868169,0.14230503795721186,0.0445357768494812,0.10127314814814815,0.3158736505397841,1,0.3328358208955224,0.4663660278090943,0.3056161395856052,0.8628795298726737,0.16970684039087947,0.19090593543908366,0.7869565217391304,0.3333333333333333
4A018015,여자,60대 이상,서비스 종사자,대학교 졸업(전문대졸/대학원생 포함),서울특별시,1세대가족,기혼,맞벌이 함,600-700만원 미만,0.09113817723645527,0.11314686677711724,0.06591555227966726,0.136783988957902,0.052755693302789376,0.09548611111111112,0.3278688524590164,0,0.2641791044776119,0.37617437053739194,0.26390403489640124,0.8237022526934379,0.20944625407166123,0.17007983339118363,0.8260869565217391,0.0
4B030022,여자,50대,판매 종사자,고졸(대학 재학 포함),부산광역시,2세대가족,기혼,맞벌이 함,300-400만원 미만,0.25829483410331794,0.1550531137316051,0.07170685479625145,0.15058661145617666,0.10261420293760949,0.1234567901234568,0.30254564840730375,2,0.8582089552238805,0.5377677564825253,0.3088876772082879,0.9216454456415277,0.45048859934853425,0.2707393266227005,0.7434782608695653,0.6666666666666666
4B030011,여자,40대,판매 종사자,대학교 졸업(전문대졸/대학원생 포함),부산광역시,2세대가족,기혼,맞벌이 함,400-500만원 미만,0.22868542629147418,0.19403566903810546,0.049068126776876914,0.13402346445824706,0.07472038808785877,0.11091820987654322,0.21991203518592564,0,0.7529850746268656,0.6880871852686959,0.1330425299890949,0.8041136141038197,0.31563517915309447,0.22561610551891706,0.4739130434782609,0.0
1C000917,여자,30대,주부,대학교 졸업(전문대졸/대학원생 포함),인천광역시,1세대가족,기혼,맞벌이 하지 않음,400-500만원 미만,0.16757664846703066,0.11831205535522855,0.12568881401144222,0.12574189095928226,0.15503301441854198,0.12374614197530866,0.1052912168465947,3,0.535820895522388,0.3960916948515596,0.7281897491821157,0.7453476983349656,0.7039087947882737,0.2717806317250955,0.1,1.0
3B030032,여자,30대,판매 종사자,대학교 졸업(전문대졸/대학원생 포함),부산광역시,3세대가족,기혼,맞벌이 함,400-500만원 미만,0.25262494750104997,0.2232725855179807,0.07409357340914675,0.15058661145617666,0.08846516641962,0.11670524691358025,0.23590563774490206,0,0.8380597014925372,0.8008267568583238,0.32742639040348964,0.9216454456415277,0.382084690553746,0.2464422075668171,0.5260869565217392,0.0
4H124010,여자,40대,사무 종사자,대학교 졸업(전문대졸/대학원생 포함),경기도,2세대가족,기혼,맞벌이 함,600-700만원 미만,0.14069718605627887,0.16869700808888025,0.0953985469095504,0.1285024154589372,0.08833041369087723,0.11988811728395062,0.25456484073037455,0,0.44029850746268645,0.590379556557685,0.49291166848418755,0.7649363369245838,0.3814332247557003,0.25789656369316205,0.5869565217391305,0.0
4H124014,여자,40대,사무 종사자,대학교 졸업(전문대졸/대학원생 포함),경기도,2세대가족,기혼,맞벌이 함,600-700만원 미만,0.17282654346913062,0.13263814443036742,0.09188866659646906,0.13402346445824706,0.09850424471095538,0.12152777777777778,0.274556843929095,0,0.5544776119402984,0.4513340849304772,0.46564885496183206,0.8041136141038197,0.4306188925081433,0.2637972926067338,0.6521739130434783,0.0
1C000918,여자,60대 이상,주부,고졸(대학 재학 포함),인천광역시,1세대가족,기혼,맞벌이 하지 않음,300-400만원 미만,0.14405711885762285,0.12191794172107982,0.12944438594643923,0.13954451345755692,0.18643040021560436,0.15210262345679013,0.10262561642009864,3,0.45223880597014915,0.4099962420142803,0.7573609596510359,0.8432908912830557,0.8557003257328991,0.37382853175980557,0.09130434782608701,1.0
3L199010,남자,40대,판매 종사자,대학교 졸업(전문대졸/대학원생 포함),전라남도,2세대가족,기혼,맞벌이 함,400-500만원 미만,0.13082738345233094,0.13146866777117241,0.08574637604857675,0.13609385783298825,0.07701118447648564,0.17418981481481483,0.24030387844862058,0,0.4052238805970148,0.44682450206689217,0.41793893129771,0.8188050930460331,0.3267100977198697,0.4533148212426241,0.5404347826086957,0.0
4L200007,여자,60대 이상,주부,중졸 이하,전라남도,1세대가족,기혼,맞벌이 하지 않음,200-300만원 미만,0.16904661906761864,0.12903225806451615,0.11231617001860236,0.14230503795721186,0.0771459372052284,0.13464506172839505,0.1212848194055711,3,0.5410447761194029,0.4374295377677565,0.6243184296619411,0.8628795298726737,0.32736156351791534,0.31100312391530716,0.15217391304347824,1.0
4H124018,여자,40대,사무 종사자,대학교 졸업(전문대졸/대학원생 포함),경기도,2세대가족,기혼,맞벌이 함,500-600만원 미만,0.2001259974800504,0.16090049702758016,0.06521357621705101,0.13954451345755692,0.0852984772941652,0.10127314814814815,0.3002798880447821,0,0.6514925373134327,0.560315670800451,0.2584514721919303,0.8432908912830557,0.3667752442996743,0.19090593543908366,0.7360869565217393,0.0
4L200008,여자,50대,판매 종사자,고졸(대학 재학 포함),전라남도,1인 가구,미혼(사별/이혼 포함),맞벌이 하지 않음,100-200만원 미만,0.12725745485090298,0.12318487476854109,0.09862763679758521,0.136783988957902,0.05565287697075865,0.1345486111111111,0.1639344262295082,1,0.3925373134328357,0.41488162344983087,0.5179934569247546,0.8237022526934379,0.22345276872964165,0.31065602221450883,0.29130434782608694,0.3333333333333333
4H124026,여자,50대,사무 종사자,대학교 졸업(전문대졸/대학원생 포함),경기도,2세대가족,기혼,맞벌이 함,500-600만원 미만,0.2015959680806384,0.15407854984894262,0.08223649573549542,0.13954451345755692,0.10167093383641018,0.11766975308641976,0.3096094895375184,0,0.6567164179104478,0.5340097707628711,0.3906761177753544,0.8432908912830557,0.445928338762215,0.24991322457480045,0.766521739130435,0.0
3L199005,남자,60대 이상,단순노무 종사자,고졸(대학 재학 포함),전라남도,1세대가족,기혼,맞벌이 함,200-300만원 미만,0.029399412011759767,0.14511256212844753,0.08223649573549542,0.1388543823326432,0.061986255221668236,0.19675925925925927,0.1905904304944689,2,0.04477611940298508,0.4994363021420518,0.3906761177753544,0.8383937316356511,0.254071661237785,0.5345366192294342,0.37826086956521743,0.6666666666666666
4L200009,여자,60대 이상,농림어업 숙련 종사자,중졸 이하,전라남도,1세대가족,기혼,맞벌이 함,300-400만원 미만,0.1493070138597228,0.12903225806451615,0.11259696044364888,0.1285024154589372,0.05228405875218973,0.1242283950617284,0.1212848194055711,2,0.4708955223880596,0.4374295377677565,0.6264994547437296,0.7649363369245838,0.20716612377850163,0.2735161402290871,0.15217391304347824,0.6666666666666666
4L200010,여자,60대 이상,농림어업 숙련 종사자,중졸 이하,전라남도,1인 가구,미혼(사별/이혼 포함),맞벌이 하지 않음,100-200만원 미만,0.127047459050819,0.14365071630445378,0.08704503176441683,0.1285024154589372,0.04817410052553564,0.13435570987654322,0.16526722644275624,1,0.39179104477611937,0.4937993235625705,0.4280261723009814,0.7649363369245838,0.18729641693811078,0.3099618188129122,0.29565217391304344,0.3333333333333333
1A000653,여자,50대,주부,고졸(대학 재학 포함),서울특별시,1세대가족,기혼,맞벌이 하지 않음,400-500만원 미만,0.10520789584208316,0.1647987525582302,0.10006668772594855,0.13954451345755692,0.0787629699501415,0.17255015432098766,0.2025856324137012,3,0.3141791044776119,0.5753476136790681,0.5291712104689203,0.8432908912830557,0.3351791530944626,0.4474140923290524,0.4173913043478261,1.0
1A000676,남자,30대,서비스 종사자,대학교 졸업(전문대졸/대학원생 포함),서울특별시,1인 가구,미혼(사별/이혼 포함),맞벌이 하지 않음,200-300만원 미만,0.15770684586308273,0.17776045219764158,0.05510512091537679,0.15886818495514146,0.0762026681040291,0.2082368827160494,0.23057443689190993,1,0.5007462686567163,0.6253288237504698,0.1799345692475464,0.9804113614103818,0.3228013029315961,0.5758417216244359,0.5086956521739131,0.3333333333333333
1A000681,여자,60대 이상,서비스 종사자,대학교 졸업(전문대졸/대학원생 포함),서울특별시,2세대가족,기혼,맞벌이 함,800-900만원 미만,0.1499370012599748,0.15992593314491765,0.10568249622687867,0.1285024154589372,0.09634820105107128,0.19174382716049385,0.22297747567639614,0,0.47313432835820884,0.5565576850807966,0.5727917121046892,0.7649363369245838,0.4201954397394137,0.5164873307879209,0.4839130434782609,0.0
1A000688,남자,30대,사무 종사자,대학교 졸업(전문대졸/대학원생 포함),서울특별시,1인 가구,미혼(사별/이혼 포함),맞벌이 하지 않음,300-400만원 미만,0.14636707265854684,0.16021830230971643,0.07089958232424275,0.15610766045548655,0.09075596280824685,0.18933256172839508,0.20298547247767562,1,0.4604477611940298,0.557685080796693,0.3026172300981461,0.960822722820764,0.39315960912052117,0.5078097882679625,0.41869565217391314,0.3333333333333333
1A000694,여자,60대 이상,단순노무 종사자,고졸(대학 재학 포함),서울특별시,2세대가족,기혼,맞벌이 함,"900-1,000만원 미만",0.13775724485510288,0.15992593314491765,0.10919237653996,0.14782608695652172,0.07923460450074113,0.17901234567901234,0.19592163134746102,2,0.42985074626865655,0.5565576850807966,0.6000545256270448,0.9020568070519097,0.33745928338762216,0.4706699062825407,0.3956521739130434,0.6666666666666666
1A000715,여자,30대,사무 종사자,대학교 졸업(전문대졸/대학원생 포함),서울특별시,1세대가족,기혼,맞벌이 함,500-600만원 미만,0.1755564888702226,0.14365071630445378,0.06984661823031835,0.14782608695652172,0.10214256838700983,0.18074845679012347,0.2296414767426363,0,0.5641791044776119,0.4937993235625705,0.29443838604143946,0.9020568070519097,0.4482084690553746,0.47691773689691075,0.5056521739130435,0.0
1A000744,남자,30대,사무 종사자,대학교 졸업(전문대졸/대학원생 포함),서울특별시,1인 가구,미혼(사별/이혼 포함),맞벌이 하지 않음,300-400만원 미만,0.14405711885762285,0.19335347432024172,0.055807096977993055,0.15610766045548655,0.08125589543188248,0.17206790123456792,0.18659202985472478,1,0.45223880597014915,0.6854565952649381,0.18538713195201748,0.960822722820764,0.34723127035830614,0.44567858382506076,0.3652173913043478,0.3333333333333333
1A000748,여자,60대 이상,주부,고졸(대학 재학 포함),서울특별시,1세대가족,기혼,맞벌이 하지 않음,200-300만원 미만,0.11990760184796305,0.18039177468083034,0.09294163069039346,0.14230503795721186,0.07909985177199838,0.18123070987654322,0.18259362921498068,3,0.3664179104477612,0.6354753851935362,0.4738276990185387,0.8628795298726737,0.33680781758957656,0.4786532454009025,0.3521739130434782,1.0
1A000759,여자,40대,주부,고졸(대학 재학 포함),서울특별시,2세대가족,기혼,맞벌이 하지 않음,300-400만원 미만,0.1713565728685426,0.1764935191501803,0.08486890597030641,0.15610766045548655,0.0852984772941652,0.19164737654320987,0.23897107823537256,3,0.5492537313432835,0.6204434423149191,0.41112322791712097,0.960822722820764,0.3667752442996743,0.5161402290871224,0.5360869565217392,1.0
1A000774,여자,60대 이상,판매 종사자,고졸(대학 재학 포함),서울특별시,1인 가구,미혼(사별/이혼 포함),맞벌이 하지 않음,100-200만원 미만,0.1392272154556909,0.1511548582009551,0.07300551051209155,0.1450655624568668,0.10079504109958226,0.1619405864197531,0.18166066906570708,1,0.43507462686567155,0.5227358136039083,0.31897491821155943,0.8824681684622917,0.44169381107491856,0.4092329052412357,0.34913043478260875,0.3333333333333333
1A000779,여자,30대,사무 종사자,대학교 졸업(전문대졸/대학원생 포함),서울특별시,1세대가족,기혼,맞벌이 함,500-600만원 미만,0.14405711885762285,0.16021830230971643,0.059667965322382506,0.15886818495514146,0.09473116830615819,0.15152391975308643,0.21591363454618154,0,0.45223880597014915,0.557685080796693,0.21537622682660848,0.9804113614103818,0.41237785016286643,0.3717459215550156,0.4608695652173913,0.0
1O000456,남자,40대,서비스 종사자,고졸(대학 재학 포함),강원도,1인 가구,미혼(사별/이혼 포함),맞벌이 하지 않음,400-500만원 미만,0.09722805543889122,0.11977390117922232,0.10136534344178864,0.11953071083505866,0.09169923190944616,0.16184413580246915,0.12261761961881915,1,0.285820895522388,0.401728673431041,0.539258451472192,0.701273261508325,0.3977198697068404,0.40888580354043735,0.1565217391304348,0.3333333333333333
3P244028,여자,50대,서비스 종사자,고졸(대학 재학 포함),제주특별자치도,2세대가족,기혼,맞벌이 함,500-600만원 미만,0.14468710625787487,0.11655784036643603,0.08539538801726862,0.1388543823326432,0.05201455329470422,0.15798611111111113,0.22431027588964417,2,0.4544776119402985,0.38932732055618186,0.41521264994547435,0.8383937316356511,0.20586319218241045,0.39500173550850404,0.4882608695652174,0.6666666666666666
3P244032,여자,20대,서비스 종사자,대학교 졸업(전문대졸/대학원생 포함),제주특별자치도,1인 가구,미혼(사별/이혼 포함),맞벌이 하지 않음,100-200만원 미만,0.09155816883662327,0.1199688139557548,0.07577831595942579,0.13126293995859212,0.04150384045276917,0.15229552469135804,0.21991203518592564,1,0.2656716417910447,0.40248027057497177,0.34051254089422023,0.7845249755142016,0.15504885993485346,0.37452273516140233,0.4739130434782609,0.3333333333333333
4P244006,남자,50대,단순노무 종사자,고졸(대학 재학 포함),제주특별자치도,1인 가구,미혼(사별/이혼 포함),맞벌이 하지 않음,200-300만원 미만,0.04829903401931961,0.11490108176590977,0.059667965322382506,0.12505175983436853,0.047163455059964964,0.2152777777777778,0.20924963347994138,1,0.11194029850746266,0.38293874483276963,0.21537622682660848,0.7404505386875613,0.18241042345276876,0.6011801457827143,0.4391304347826087,0.3333333333333333
3P244036,여자,50대,서비스 종사자,고졸(대학 재학 포함),제주특별자치도,2세대가족,미혼(사별/이혼 포함),맞벌이 하지 않음,200-300만원 미만,0.1518269634607308,0.16723516226488647,0.0697062230177951,0.11677018633540372,0.07856084085702734,0.13184799382716048,0.1519392243102759,1,0.4798507462686567,0.5847425779782036,0.29334787350054525,0.681684622918707,0.33420195439739414,0.3009371745921554,0.25217391304347825,0.3333333333333333
4P244014,여자,50대,서비스 종사자,대학교 졸업(전문대졸/대학원생 포함),제주특별자치도,2세대가족,기혼,맞벌이 함,500-600만원 미만,0.09638807223855522,0.16967157197154276,0.08595696886736162,0.1450655624568668,0.08819566096213448,0.15625,0.1919232307077169,0,0.2828358208955223,0.5941375422773394,0.4195747001090512,0.8824681684622917,0.38078175895765476,0.388753904894134,0.3826086956521739,0.0
