id,gender,age,job,education,region,household,marriage,income_status,income_month,cluster,brand_loyalty_scaled,cooking_convenience_scaled,health_orientation_scaled,hmr_preference_scaled,premium_orientation_scaled,price_sensitivity_scaled,variety_seeking_scaled,label,description
1,남자,30대,사무 종사자,대학교 졸업(전문대졸/대학원생 포함),경상북도,1세대가족,기혼,맞벌이 함,500-600만원 미만,0,0.2089552238805972,0.4295377677564823,0.5343511450381682,0.6983349657198823,0.2866449511400651,0.2290871225269002,0.5260869565217389,실속형 미식가,편리성을 중시하면서도 새로운 맛과 제품을 시도하는 데 적극적인 소비자 그룹입니다. 가격에 민감하기보다는 효율성과 맛을 동시에 추구합니다.
2,남자,30대,사무 종사자,대학교 졸업(전문대졸/대학원생 포함),서울특별시,1세대가족,기혼,맞벌이 함,600-700만원 미만,1,0.1194029850746271,0.6429913566328446,0.6684841875681571,0.9020568070519096,0.3557003257328992,0.402637972926067,0.4217391304347824,건강 추구형 소비자,가격이나 브랜드에 크게 구애받지 않고 건강을 최우선으로 고려하는 프리미엄 소비자 그룹입니다. 건강과 편리성을 모두 만족시키는 제품에 기꺼이 지갑을 엽니다.
3,남자,30대,사무 종사자,대학교 졸업(전문대졸/대학원생 포함),세종특별자치시,1세대가족,기혼,맞벌이 함,400-500만원 미만,3,0.8529850746268658,0.8684704998121004,0.1022355507088333,0.9020568070519096,0.3755700325732902,0.4873307879208605,0.3217391304347824,트렌드 주도형 소비자,"자신의 취향과 경험을 중시하는 소비자 그룹입니다. 단순히 배를 채우는 것 이상의 가치를 추구하며, 새로운 제품을 가장 먼저 경험하고 공유하려는 경향이 강합니다"
4,남자,30대,사무 종사자,대학교 졸업(전문대졸/대학원생 포함),충청남도,1인 가구,미혼(사별/이혼 포함),맞벌이 하지 않음,200-300만원 미만,0,0.3805970149253733,0.5772266065388949,0.191657579062159,0.7796278158667972,0.3420195439739416,0.1457827143352999,0.3565217391304347,실속형 미식가,편리성을 중시하면서도 새로운 맛과 제품을 시도하는 데 적극적인 소비자 그룹입니다. 가격에 민감하기보다는 효율성과 맛을 동시에 추구합니다.
5,남자,30대,사무 종사자,대학교 졸업(전문대졸/대학원생 포함),충청남도,1인 가구,미혼(사별/이혼 포함),맞벌이 하지 않음,200-300만원 미만,0,0.3082089552238805,0.637354378053363,0.267720828789531,0.7796278158667972,0.2615635179153096,0.1492537313432833,0.2521739130434782,실속형 미식가,편리성을 중시하면서도 새로운 맛과 제품을 시도하는 데 적극적인 소비자 그룹입니다. 가격에 민감하기보다는 효율성과 맛을 동시에 추구합니다.
6,남자,30대,서비스 종사자,대학교 졸업(전문대졸/대학원생 포함),강원도,1인 가구,미혼(사별/이혼 포함),맞벌이 하지 않음,400-500만원 미만,0,0.1902985074626866,0.4400601277715145,0.5152671755725187,0.8628795298726734,0.2892508143322478,0.3970843457132939,0.4534782608695652,실속형 미식가,편리성을 중시하면서도 새로운 맛과 제품을 시도하는 데 적극적인 소비자 그룹입니다. 가격에 민감하기보다는 효율성과 맛을 동시에 추구합니다.
7,남자,30대,전문가 및 관련 종사자,대학원 졸업 이상,부산광역시,1인 가구,미혼(사별/이혼 포함),맞벌이 하지 않음,300-400만원 미만,0,0.3044776119402984,0.5077038707252911,0.4056706652126499,0.8432908912830556,0.3309446254071662,0.384935786185352,0.5608695652173911,실속형 미식가,편리성을 중시하면서도 새로운 맛과 제품을 시도하는 데 적극적인 소비자 그룹입니다. 가격에 민감하기보다는 효율성과 맛을 동시에 추구합니다.
8,남자,30대,사무 종사자,대학교 졸업(전문대졸/대학원생 포함),경기도,1인 가구,미혼(사별/이혼 포함),맞벌이 하지 않음,300-400만원 미만,0,0.3082089552238805,0.5107102593010145,0.169029443838604,0.7012732615083248,0.3429967426710098,0.1190558833738282,0.3795652173913043,실속형 미식가,편리성을 중시하면서도 새로운 맛과 제품을 시도하는 데 적극적인 소비자 그룹입니다. 가격에 민감하기보다는 효율성과 맛을 동시에 추구합니다.
9,남자,30대,판매 종사자,고졸(대학 재학 포함),서울특별시,1인 가구,미혼(사별/이혼 포함),맞벌이 하지 않음,200-300만원 미만,1,0.5373134328358209,0.5152198421645996,0.548255179934569,0.8628795298726734,0.5081433224755699,0.3675807011454355,0.1926086956521738,건강 추구형 소비자,가격이나 브랜드에 크게 구애받지 않고 건강을 최우선으로 고려하는 프리미엄 소비자 그룹입니다. 건강과 편리성을 모두 만족시키는 제품에 기꺼이 지갑을 엽니다.
10,남자,30대,서비스 종사자,대학교 졸업(전문대졸/대학원생 포함),전라북도,1인 가구,미혼(사별/이혼 포함),맞벌이 하지 않음,200-300만원 미만,1,0.3104477611940298,0.3987222848553172,0.5959651035986915,0.8628795298726734,0.6794788273615633,0.5019090593543907,0.3608695652173911,건강 추구형 소비자,가격이나 브랜드에 크게 구애받지 않고 건강을 최우선으로 고려하는 프리미엄 소비자 그룹입니다. 건강과 편리성을 모두 만족시키는 제품에 기꺼이 지갑을 엽니다.
11,남자,30대,사무 종사자,대학교 졸업(전문대졸/대학원생 포함),강원도,1인 가구,미혼(사별/이혼 포함),맞벌이 하지 않음,400-500만원 미만,3,0.5656716417910446,0.5652010522360014,0.4397491821155946,0.8628795298726734,0.5306188925081435,0.4088858035404371,0.4869565217391302,트렌드 주도형 소비자,"자신의 취향과 경험을 중시하는 소비자 그룹입니다. 단순히 배를 채우는 것 이상의 가치를 추구하며, 새로운 제품을 가장 먼저 경험하고 공유하려는 경향이 강합니다"
12,남자,30대,사무 종사자,대학교 졸업(전문대졸/대학원생 포함),전라북도,1인 가구,미혼(사별/이혼 포함),맞벌이 하지 않음,200-300만원 미만,3,0.6253731343283582,0.4400601277715145,0.239367502726281,0.7453476983349653,0.3179153094462543,0.2651856994099271,0.6621739130434781,트렌드 주도형 소비자,"자신의 취향과 경험을 중시하는 소비자 그룹입니다. 단순히 배를 채우는 것 이상의 가치를 추구하며, 새로운 제품을 가장 먼저 경험하고 공유하려는 경향이 강합니다"
13,남자,30대,기능원 및 관련 기능 종사자,고졸(대학 재학 포함),울산광역시,1인 가구,미혼(사별/이혼 포함),맞벌이 하지 않음,300-400만원 미만,3,0.8813432835820895,0.6629086809470122,0.5013631406761172,0.9020568070519096,0.6495114006514657,0.3509198195071151,0.5665217391304348,트렌드 주도형 소비자,"자신의 취향과 경험을 중시하는 소비자 그룹입니다. 단순히 배를 채우는 것 이상의 가치를 추구하며, 새로운 제품을 가장 먼저 경험하고 공유하려는 경향이 강합니다"
14,남자,30대,서비스 종사자,대학교 졸업(전문대졸/대학원생 포함),전라북도,2세대가족,기혼,맞벌이 하지 않음,500-600만원 미만,3,0.5268656716417909,0.8759864712514092,0.5989640130861504,0.941234084231146,0.5299674267100978,0.3793821589725787,0.5130434782608694,트렌드 주도형 소비자,"자신의 취향과 경험을 중시하는 소비자 그룹입니다. 단순히 배를 채우는 것 이상의 가치를 추구하며, 새로운 제품을 가장 먼저 경험하고 공유하려는 경향이 강합니다"
15,여자,30대,사무 종사자,대학교 졸업(전문대졸/대학원생 포함),서울특별시,1세대가족,기혼,맞벌이 함,700-800만원 미만,0,0.4276119402985076,0.6505073280721531,0.038167938931298,0.7815866797257591,0.2241042345276876,0.4699757028809438,0.5260869565217389,실속형 미식가,편리성을 중시하면서도 새로운 맛과 제품을 시도하는 데 적극적인 소비자 그룹입니다. 가격에 민감하기보다는 효율성과 맛을 동시에 추구합니다.
16,여자,30대,사무 종사자,대학교 졸업(전문대졸/대학원생 포함),서울특별시,1세대가족,기혼,맞벌이 함,700-800만원 미만,0,0.1850746268656716,0.5189778278842537,0.350872410032715,0.8432908912830556,0.1990228013029316,0.1874349184311001,0.7608695652173911,실속형 미식가,편리성을 중시하면서도 새로운 맛과 제품을 시도하는 데 적극적인 소비자 그룹입니다. 가격에 민감하기보다는 효율성과 맛을 동시에 추구합니다.
17,여자,30대,주부,대학교 졸업(전문대졸/대학원생 포함),대구광역시,1세대가족,기혼,맞벌이 하지 않음,300-400만원 미만,0,0.3552238805970148,0.6054114994363019,0.3206106870229009,0.8041136141038193,0.2462540716612379,0.4574800416522039,0.1217391304347824,실속형 미식가,편리성을 중시하면서도 새로운 맛과 제품을 시도하는 데 적극적인 소비자 그룹입니다. 가격에 민감하기보다는 효율성과 맛을 동시에 추구합니다.
18,여자,30대,사무 종사자,대학교 졸업(전문대졸/대학원생 포함),광주광역시,1세대가족,기혼,맞벌이 함,400-500만원 미만,0,0.4910447761194028,0.5264937993235627,0.4048527808069794,0.7845249755142015,0.2306188925081433,0.2693509198195067,0.1882608695652174,실속형 미식가,편리성을 중시하면서도 새로운 맛과 제품을 시도하는 데 적극적인 소비자 그룹입니다. 가격에 민감하기보다는 효율성과 맛을 동시에 추구합니다.
19,여자,30대,사무 종사자,고졸(대학 재학 포함),충청북도,1세대가족,기혼,맞벌이 함,500-600만원 미만,0,0.4776119402985077,0.5866215708380308,0.2096510359869139,0.8237022526934379,0.3192182410423455,0.1388406803193333,0.2521739130434782,실속형 미식가,편리성을 중시하면서도 새로운 맛과 제품을 시도하는 데 적극적인 소비자 그룹입니다. 가격에 민감하기보다는 효율성과 맛을 동시에 추구합니다.
20,여자,30대,사무 종사자,대학교 졸업(전문대졸/대학원생 포함),경기도,1세대가족,기혼,맞벌이 함,600-700만원 미만,1,0.2537313432835819,0.3987222848553172,0.5430752453653218,0.8628795298726734,0.4091205211726387,0.320374869836862,0.4913043478260865,건강 추구형 소비자,가격이나 브랜드에 크게 구애받지 않고 건강을 최우선으로 고려하는 프리미엄 소비자 그룹입니다. 건강과 편리성을 모두 만족시키는 제품에 기꺼이 지갑을 엽니다.
21,여자,30대,전문가 및 관련 종사자,대학교 졸업(전문대졸/대학원생 포함),경상남도,1세대가족,미혼(사별/이혼 포함),맞벌이 하지 않음,400-500만원 미만,1,0.1865671641791045,0.5527996993611421,0.5910577971646671,0.8041136141038193,0.3843648208469056,0.2804581742450537,0.1317391304347825,건강 추구형 소비자,가격이나 브랜드에 크게 구애받지 않고 건강을 최우선으로 고려하는 프리미엄 소비자 그룹입니다. 건강과 편리성을 모두 만족시키는 제품에 기꺼이 지갑을 엽니다.
22,여자,30대,주부,대학교 졸업(전문대졸/대학원생 포함),인천광역시,1세대가족,기혼,맞벌이 하지 않음,400-500만원 미만,1,0.8029850746268656,0.3799323562570461,0.7085605234460193,0.7649363369245838,0.8986970684039088,0.2960777507809788,0.0913043478260869,건강 추구형 소비자,가격이나 브랜드에 크게 구애받지 않고 건강을 최우선으로 고려하는 프리미엄 소비자 그룹입니다. 건강과 편리성을 모두 만족시키는 제품에 기꺼이 지갑을 엽니다.
23,여자,30대,사무 종사자,대학교 졸업(전문대졸/대학원생 포함),경기도,1세대가족,기혼,맞벌이 함,700-800만원 미만,1,0.6985074626865673,0.3528748590755356,0.6101417666303157,0.681684622918707,0.714983713355049,0.1936827490454701,0.143478260869565,건강 추구형 소비자,가격이나 브랜드에 크게 구애받지 않고 건강을 최우선으로 고려하는 프리미엄 소비자 그룹입니다. 건강과 편리성을 모두 만족시키는 제품에 기꺼이 지갑을 엽니다.
24,여자,30대,사무 종사자,대학교 졸업(전문대졸/대학원생 포함),인천광역시,1세대가족,기혼,맞벌이 함,700-800만원 미만,1,0.2962686567164181,0.3912063134160088,0.7227371864776442,0.8628795298726734,0.2205211726384366,0.1943769524470667,0.2782608695652173,건강 추구형 소비자,가격이나 브랜드에 크게 구애받지 않고 건강을 최우선으로 고려하는 프리미엄 소비자 그룹입니다. 건강과 편리성을 모두 만족시키는 제품에 기꺼이 지갑을 엽니다.
25,여자,30대,사무 종사자,대학교 졸업(전문대졸/대학원생 포함),경기도,1세대가족,기혼,맞벌이 함,600-700만원 미만,1,0.196268656716418,0.4475760992108231,0.7584514721919304,0.9020568070519096,0.4501628664495117,0.3509198195071151,0.5086956521739129,건강 추구형 소비자,가격이나 브랜드에 크게 구애받지 않고 건강을 최우선으로 고려하는 프리미엄 소비자 그룹입니다. 건강과 편리성을 모두 만족시키는 제품에 기꺼이 지갑을 엽니다.
26,여자,30대,사무 종사자,대학교 졸업(전문대졸/대학원생 포함),경상북도,1세대가족,기혼,맞벌이 함,700-800만원 미만,3,0.4761194029850747,0.4024802705749719,0.3974918211559432,0.7453476983349653,0.4000000000000003,0.3030197847969454,0.4869565217391302,트렌드 주도형 소비자,"자신의 취향과 경험을 중시하는 소비자 그룹입니다. 단순히 배를 채우는 것 이상의 가치를 추구하며, 새로운 제품을 가장 먼저 경험하고 공유하려는 경향이 강합니다"
27,여자,30대,사무 종사자,대학교 졸업(전문대졸/대학원생 포함),강원도,1세대가족,기혼,맞벌이 함,500-600만원 미만,3,0.8238805970149254,0.5753476136790681,0.5040894220283532,0.9216454456415274,0.6120521172638438,0.3956959389101004,0.6782608695652173,트렌드 주도형 소비자,"자신의 취향과 경험을 중시하는 소비자 그룹입니다. 단순히 배를 채우는 것 이상의 가치를 추구하며, 새로운 제품을 가장 먼저 경험하고 공유하려는 경향이 강합니다"
28,여자,30대,판매 종사자,대학교 졸업(전문대졸/대학원생 포함),서울특별시,1세대가족,기혼,맞벌이 함,600-700만원 미만,3,0.7201492537313432,0.5039458850056369,0.5065430752453652,0.9216454456415274,0.5791530944625409,0.3922249219021172,0.6621739130434781,트렌드 주도형 소비자,"자신의 취향과 경험을 중시하는 소비자 그룹입니다. 단순히 배를 채우는 것 이상의 가치를 추구하며, 새로운 제품을 가장 먼저 경험하고 공유하려는 경향이 강합니다"
29,여자,30대,사무 종사자,대학교 졸업(전문대졸/대학원생 포함),서울특별시,1세대가족,기혼,맞벌이 함,600-700만원 미만,3,0.6074626865671644,0.6253288237504695,0.5542529989094871,0.8824681684622918,0.4517915309446253,0.298507462686567,0.5478260869565217,트렌드 주도형 소비자,"자신의 취향과 경험을 중시하는 소비자 그룹입니다. 단순히 배를 채우는 것 이상의 가치를 추구하며, 새로운 제품을 가장 먼저 경험하고 공유하려는 경향이 강합니다"
30,여자,30대,주부,대학교 졸업(전문대졸/대학원생 포함),부산광역시,1세대가족,기혼,맞벌이 하지 않음,300-400만원 미만,3,0.7656716417910449,0.644118752348741,0.3197928026172298,0.8432908912830556,0.3439739413680785,0.3627212773342588,0.7230434782608695,트렌드 주도형 소비자,"자신의 취향과 경험을 중시하는 소비자 그룹입니다. 단순히 배를 채우는 것 이상의 가치를 추구하며, 새로운 제품을 가장 먼저 경험하고 공유하려는 경향이 강합니다"
31,여자,30대,사무 종사자,대학원 졸업 이상,부산광역시,1인 가구,미혼(사별/이혼 포함),맞벌이 하지 않음,200-300만원 미만,0,0.4798507462686569,0.5678316422397591,0.353598691384951,0.8628795298726734,0.3201954397394137,0.3457132939951404,0.3478260869565215,실속형 미식가,편리성을 중시하면서도 새로운 맛과 제품을 시도하는 데 적극적인 소비자 그룹입니다. 가격에 민감하기보다는 효율성과 맛을 동시에 추구합니다.
32,여자,30대,사무 종사자,대학교 졸업(전문대졸/대학원생 포함),충청남도,1인 가구,미혼(사별/이혼 포함),맞벌이 하지 않음,300-400만원 미만,0,0.2537313432835819,0.7820368282600523,0.3893129770992364,0.9216454456415274,0.2019543973941368,0.2266574106213117,0.3969565217391303,실속형 미식가,편리성을 중시하면서도 새로운 맛과 제품을 시도하는 데 적극적인 소비자 그룹입니다. 가격에 민감하기보다는 효율성과 맛을 동시에 추구합니다.
33,여자,30대,사무 종사자,대학교 졸업(전문대졸/대학원생 포함),울산광역시,1인 가구,미혼(사별/이혼 포함),맞벌이 하지 않음,200-300만원 미만,0,0.3955223880597014,0.5039458850056369,0.2377317339149403,0.941234084231146,0.2247557003257329,0.1943769524470667,0.6652173913043476,실속형 미식가,편리성을 중시하면서도 새로운 맛과 제품을 시도하는 데 적극적인 소비자 그룹입니다. 가격에 민감하기보다는 효율성과 맛을 동시에 추구합니다.
34,여자,30대,사무 종사자,대학교 졸업(전문대졸/대학원생 포함),대전광역시,1인 가구,미혼(사별/이혼 포함),맞벌이 하지 않음,200-300만원 미만,0,0.4477611940298506,0.535888763622698,0.2622682660850595,0.7600391772771787,0.4146579804560262,0.208261020479,0.2826086956521738,실속형 미식가,편리성을 중시하면서도 새로운 맛과 제품을 시도하는 데 적극적인 소비자 그룹입니다. 가격에 민감하기보다는 효율성과 맛을 동시에 추구합니다.
35,여자,30대,서비스 종사자,대학교 졸업(전문대졸/대학원생 포함),대구광역시,1인 가구,미혼(사별/이혼 포함),맞벌이 하지 않음,200-300만원 미만,0,0.1119402985074628,0.5546786922209697,0.1207742639040351,0.7600391772771787,0.1824104234527688,0.3873654980909405,0.3782608695652173,실속형 미식가,편리성을 중시하면서도 새로운 맛과 제품을 시도하는 데 적극적인 소비자 그룹입니다. 가격에 민감하기보다는 효율성과 맛을 동시에 추구합니다.
36,여자,30대,사무 종사자,대학교 졸업(전문대졸/대학원생 포함),전라북도,1인 가구,미혼(사별/이혼 포함),맞벌이 하지 않음,200-300만원 미만,1,0.5343283582089552,0.4438181134911688,0.7181025081788439,0.9216454456415274,0.6338762214983715,0.320374869836862,0.3434782608695651,건강 추구형 소비자,가격이나 브랜드에 크게 구애받지 않고 건강을 최우선으로 고려하는 프리미엄 소비자 그룹입니다. 건강과 편리성을 모두 만족시키는 제품에 기꺼이 지갑을 엽니다.
37,여자,30대,사무 종사자,대학교 졸업(전문대졸/대학원생 포함),전라북도,1인 가구,미혼(사별/이혼 포함),맞벌이 하지 않음,300-400만원 미만,1,0.4499999999999999,0.4926719278466742,0.5321701199563798,0.8237022526934379,0.7491856677524428,0.4311003123915303,0.3913043478260869,건강 추구형 소비자,가격이나 브랜드에 크게 구애받지 않고 건강을 최우선으로 고려하는 프리미엄 소비자 그룹입니다. 건강과 편리성을 모두 만족시키는 제품에 기꺼이 지갑을 엽니다.
38,여자,30대,사무 종사자,대학교 졸업(전문대졸/대학원생 포함),인천광역시,1인 가구,미혼(사별/이혼 포함),맞벌이 하지 않음,400-500만원 미만,1,0.2910447761194031,0.3573844419391207,0.7115594329334789,0.7845249755142015,0.1938110749185671,0.2117320374869833,0.2086956521739129,건강 추구형 소비자,가격이나 브랜드에 크게 구애받지 않고 건강을 최우선으로 고려하는 프리미엄 소비자 그룹입니다. 건강과 편리성을 모두 만족시키는 제품에 기꺼이 지갑을 엽니다.
39,여자,30대,사무 종사자,대학교 졸업(전문대졸/대학원생 포함),서울특별시,1인 가구,미혼(사별/이혼 포함),맞벌이 하지 않음,300-400만원 미만,3,0.5440298507462686,0.5426531379180757,0.3702290076335878,0.9608227228207636,0.49185667752443,0.4543561263450187,0.6304347826086953,트렌드 주도형 소비자,"자신의 취향과 경험을 중시하는 소비자 그룹입니다. 단순히 배를 채우는 것 이상의 가치를 추구하며, 새로운 제품을 가장 먼저 경험하고 공유하려는 경향이 강합니다"
40,여자,30대,사무 종사자,고졸(대학 재학 포함),인천광역시,1인 가구,미혼(사별/이혼 포함),맞벌이 하지 않음,300-400만원 미만,3,0.6716417910447761,0.6016535137166477,0.5902399127589968,0.8237022526934379,0.5498371335504887,0.298507462686567,0.5478260869565217,트렌드 주도형 소비자,"자신의 취향과 경험을 중시하는 소비자 그룹입니다. 단순히 배를 채우는 것 이상의 가치를 추구하며, 새로운 제품을 가장 먼저 경험하고 공유하려는 경향이 강합니다"
41,여자,30대,사무 종사자,대학교 졸업(전문대졸/대학원생 포함),강원도,1인 가구,미혼(사별/이혼 포함),맞벌이 하지 않음,200-300만원 미만,3,0.5186567164179107,0.5464111236377303,0.4561068702290079,0.9020568070519096,0.5000000000000001,0.3332176327664005,0.6347826086956521,트렌드 주도형 소비자,"자신의 취향과 경험을 중시하는 소비자 그룹입니다. 단순히 배를 채우는 것 이상의 가치를 추구하며, 새로운 제품을 가장 먼저 경험하고 공유하려는 경향이 강합니다"
42,여자,30대,서비스 종사자,대학교 졸업(전문대졸/대학원생 포함),대전광역시,1인 가구,미혼(사별/이혼 포함),맞벌이 하지 않음,300-400만원 미만,3,0.742537313432836,0.6054114994363019,0.1663031624863687,0.9020568070519096,0.4130293159609121,0.4345713293995137,0.6056521739130434,트렌드 주도형 소비자,"자신의 취향과 경험을 중시하는 소비자 그룹입니다. 단순히 배를 채우는 것 이상의 가치를 추구하며, 새로운 제품을 가장 먼저 경험하고 공유하려는 경향이 강합니다"
43,여자,30대,주부,대학교 졸업(전문대졸/대학원생 포함),전라북도,2세대가족,기혼,맞벌이 하지 않음,400-500만원 미만,0,0.3343283582089553,0.7106350995866215,0.3647764449291164,0.8628795298726734,0.4159609120521173,0.5206525511975006,0.5913043478260867,실속형 미식가,편리성을 중시하면서도 새로운 맛과 제품을 시도하는 데 적극적인 소비자 그룹입니다. 가격에 민감하기보다는 효율성과 맛을 동시에 추구합니다.
44,여자,30대,서비스 종사자,대학교 졸업(전문대졸/대학원생 포함),전라북도,2세대가족,기혼,맞벌이 함,400-500만원 미만,0,0.1567164179104479,0.3536264562194665,0.4719193020719736,0.7453476983349653,0.39413680781759,0.4592155501561954,0.4478260869565216,실속형 미식가,편리성을 중시하면서도 새로운 맛과 제품을 시도하는 데 적극적인 소비자 그룹입니다. 가격에 민감하기보다는 효율성과 맛을 동시에 추구합니다.
45,여자,30대,단순노무 종사자,고졸(대학 재학 포함),충청북도,2세대가족,기혼,맞벌이 함,500-600만원 미만,0,0.3686567164179105,0.6129274708756103,0.3950381679389312,0.8237022526934379,0.1895765472312703,0.3158625477264835,0.5999999999999999,실속형 미식가,편리성을 중시하면서도 새로운 맛과 제품을 시도하는 데 적극적인 소비자 그룹입니다. 가격에 민감하기보다는 효율성과 맛을 동시에 추구합니다.
46,여자,30대,주부,고졸(대학 재학 포함),전라남도,2세대가족,기혼,맞벌이 하지 않음,200-300만원 미만,0,0.5126865671641793,0.3686583990980834,0.2707197382769905,0.8041136141038193,0.2247557003257329,0.8958694897604994,0.8173913043478258,실속형 미식가,편리성을 중시하면서도 새로운 맛과 제품을 시도하는 데 적극적인 소비자 그룹입니다. 가격에 민감하기보다는 효율성과 맛을 동시에 추구합니다.
47,여자,30대,사무 종사자,대학교 졸업(전문대졸/대학원생 포함),광주광역시,2세대가족,기혼,맞벌이 함,500-600만원 미만,1,0.2052238805970151,0.3761743705373919,0.7281897491821157,0.8041136141038193,0.5091205211726386,0.1770218674071501,0.1478260869565215,건강 추구형 소비자,가격이나 브랜드에 크게 구애받지 않고 건강을 최우선으로 고려하는 프리미엄 소비자 그룹입니다. 건강과 편리성을 모두 만족시키는 제품에 기꺼이 지갑을 엽니다.
48,여자,30대,판매 종사자,대학교 졸업(전문대졸/대학원생 포함),경기도,2세대가족,기혼,맞벌이 함,500-600만원 미만,1,0.6611940298507462,0.3987222848553172,0.6442202835332604,0.8432908912830556,0.8026058631921823,0.4300590072891355,0.1578260869565216,건강 추구형 소비자,가격이나 브랜드에 크게 구애받지 않고 건강을 최우선으로 고려하는 프리미엄 소비자 그룹입니다. 건강과 편리성을 모두 만족시키는 제품에 기꺼이 지갑을 엽니다.
49,여자,30대,주부,고졸(대학 재학 포함),경기도,2세대가족,기혼,맞벌이 하지 않음,400-500만원 미만,1,0.2223880597014924,0.4269071777527245,0.9124863685932384,0.8775710088148868,0.5589576547231272,0.2221450885109336,0.1782608695652174,건강 추구형 소비자,가격이나 브랜드에 크게 구애받지 않고 건강을 최우선으로 고려하는 프리미엄 소비자 그룹입니다. 건강과 편리성을 모두 만족시키는 제품에 기꺼이 지갑을 엽니다.
50,여자,30대,사무 종사자,대학교 졸업(전문대졸/대학원생 포함),대구광역시,2세대가족,기혼,맞벌이 함,500-600만원 미만,1,0.626865671641791,0.3987222848553172,0.4978189749182115,0.8432908912830556,0.6133550488599349,0.2457480041652201,0.160869565217391,건강 추구형 소비자,가격이나 브랜드에 크게 구애받지 않고 건강을 최우선으로 고려하는 프리미엄 소비자 그룹입니다. 건강과 편리성을 모두 만족시키는 제품에 기꺼이 지갑을 엽니다.
51,여자,30대,주부,대학교 졸업(전문대졸/대학원생 포함),경기도,2세대가족,기혼,맞벌이 하지 않음,400-500만원 미만,1,0.3559701492537312,0.4099962420142803,0.6932933478735006,0.8432908912830556,0.780781758957655,0.3214161749392571,0.0913043478260869,건강 추구형 소비자,가격이나 브랜드에 크게 구애받지 않고 건강을 최우선으로 고려하는 프리미엄 소비자 그룹입니다. 건강과 편리성을 모두 만족시키는 제품에 기꺼이 지갑을 엽니다.
52,여자,30대,사무 종사자,대학교 졸업(전문대졸/대학원생 포함),인천광역시,2세대가족,기혼,맞벌이 함,600-700만원 미만,1,0.5865671641791045,0.4175122134535888,0.7540894220283536,0.8432908912830556,0.7918566775244303,0.4196459562651856,0.1,건강 추구형 소비자,가격이나 브랜드에 크게 구애받지 않고 건강을 최우선으로 고려하는 프리미엄 소비자 그룹입니다. 건강과 편리성을 모두 만족시키는 제품에 기꺼이 지갑을 엽니다.
53,여자,30대,주부,대학교 졸업(전문대졸/대학원생 포함),부산광역시,2세대가족,기혼,맞벌이 하지 않음,300-400만원 미만,3,0.6417910447761195,0.5941375422773392,0.3688658669574697,0.8432908912830556,0.4000000000000003,0.4505380076362372,0.5521739130434781,트렌드 주도형 소비자,"자신의 취향과 경험을 중시하는 소비자 그룹입니다. 단순히 배를 채우는 것 이상의 가치를 추구하며, 새로운 제품을 가장 먼저 경험하고 공유하려는 경향이 강합니다"
54,여자,30대,사무 종사자,대학교 졸업(전문대졸/대학원생 포함),경상북도,2세대가족,기혼,맞벌이 함,600-700만원 미만,3,0.6888059701492538,0.5114618564449454,0.3702290076335878,0.7649363369245838,0.5589576547231272,0.2724748351266919,0.2491304347826085,트렌드 주도형 소비자,"자신의 취향과 경험을 중시하는 소비자 그룹입니다. 단순히 배를 채우는 것 이상의 가치를 추구하며, 새로운 제품을 가장 먼저 경험하고 공유하려는 경향이 강합니다"
55,여자,30대,기능원 및 관련 기능 종사자,고졸(대학 재학 포함),강원도,2세대가족,기혼,맞벌이 함,400-500만원 미만,3,0.4813432835820894,0.4750093949642991,0.4424754634678298,0.8432908912830556,0.4954397394136809,0.3922249219021172,0.6869565217391302,트렌드 주도형 소비자,"자신의 취향과 경험을 중시하는 소비자 그룹입니다. 단순히 배를 채우는 것 이상의 가치를 추구하며, 새로운 제품을 가장 먼저 경험하고 공유하려는 경향이 강합니다"
56,여자,30대,주부,대학교 졸업(전문대졸/대학원생 포함),강원도,2세대가족,기혼,맞벌이 하지 않음,400-500만원 미만,3,0.5156716417910449,0.5152198421645996,0.4479280261723012,0.9020568070519096,0.5257328990228014,0.3644567858382503,0.6652173913043476,트렌드 주도형 소비자,"자신의 취향과 경험을 중시하는 소비자 그룹입니다. 단순히 배를 채우는 것 이상의 가치를 추구하며, 새로운 제품을 가장 먼저 경험하고 공유하려는 경향이 강합니다"
57,여자,30대,사무 종사자,대학교 졸업(전문대졸/대학원생 포함),제주특별자치도,2세대가족,기혼,맞벌이 함,400-500만원 미만,3,0.546268656716418,0.5077038707252911,0.3811341330425298,0.7257590597453475,0.4387622149837134,0.4009024644220753,0.5173913043478258,트렌드 주도형 소비자,"자신의 취향과 경험을 중시하는 소비자 그룹입니다. 단순히 배를 채우는 것 이상의 가치를 추구하며, 새로운 제품을 가장 먼저 경험하고 공유하려는 경향이 강합니다"
58,여자,30대,서비스 종사자,대학교 졸업(전문대졸/대학원생 포함),서울특별시,2세대가족,기혼,맞벌이 함,500-600만원 미만,3,0.7298507462686568,0.830890642615558,0.2491821155943293,1.0,0.3553745928338763,0.5289829920166605,0.4782608695652171,트렌드 주도형 소비자,"자신의 취향과 경험을 중시하는 소비자 그룹입니다. 단순히 배를 채우는 것 이상의 가치를 추구하며, 새로운 제품을 가장 먼저 경험하고 공유하려는 경향이 강합니다"
59,여자,30대,주부,고졸(대학 재학 포함),강원도,2세대가족,기혼,맞벌이 하지 않음,300-400만원 미만,3,0.6126865671641789,0.5238632093198045,0.4860959651035985,0.941234084231146,0.6091205211726386,0.4192988545643871,0.6173913043478257,트렌드 주도형 소비자,"자신의 취향과 경험을 중시하는 소비자 그룹입니다. 단순히 배를 채우는 것 이상의 가치를 추구하며, 새로운 제품을 가장 먼저 경험하고 공유하려는 경향이 강합니다"
60,남자,40대,판매 종사자,대학교 졸업(전문대졸/대학원생 포함),경상북도,1세대가족,미혼(사별/이혼 포함),맞벌이 하지 않음,300-400만원 미만,0,0.5022388059701494,0.7519729425028184,0.1829334787350055,0.8628795298726734,0.2436482084690556,0.4383894481082955,0.3913043478260869,실속형 미식가,편리성을 중시하면서도 새로운 맛과 제품을 시도하는 데 적극적인 소비자 그룹입니다. 가격에 민감하기보다는 효율성과 맛을 동시에 추구합니다.
61,남자,40대,서비스 종사자,대학교 졸업(전문대졸/대학원생 포함),충청북도,1인 가구,미혼(사별/이혼 포함),맞벌이 하지 않음,300-400만원 미만,0,0.3619402985074627,0.3987222848553172,0.3805888767720829,0.8432908912830556,0.3859934853420197,0.6154113155154457,0.4913043478260865,실속형 미식가,편리성을 중시하면서도 새로운 맛과 제품을 시도하는 데 적극적인 소비자 그룹입니다. 가격에 민감하기보다는 효율성과 맛을 동시에 추구합니다.
62,남자,40대,판매 종사자,대학교 졸업(전문대졸/대학원생 포함),경기도,1인 가구,미혼(사별/이혼 포함),맞벌이 하지 않음,300-400만원 미만,0,0.4305970149253733,0.6290868094701241,0.3075245365321704,0.7649363369245838,0.3801302931596094,0.4161749392572023,0.2260869565217391,실속형 미식가,편리성을 중시하면서도 새로운 맛과 제품을 시도하는 데 적극적인 소비자 그룹입니다. 가격에 민감하기보다는 효율성과 맛을 동시에 추구합니다.
63,남자,40대,사무 종사자,대학교 졸업(전문대졸/대학원생 포함),경기도,1인 가구,미혼(사별/이혼 포함),맞벌이 하지 않음,200-300만원 미만,1,0.1977611940298509,0.4099962420142803,0.6649400218102506,0.8432908912830556,0.4120521172638439,0.6133287053106556,0.4217391304347824,건강 추구형 소비자,가격이나 브랜드에 크게 구애받지 않고 건강을 최우선으로 고려하는 프리미엄 소비자 그룹입니다. 건강과 편리성을 모두 만족시키는 제품에 기꺼이 지갑을 엽니다.
64,남자,40대,서비스 종사자,대학교 졸업(전문대졸/대학원생 포함),울산광역시,1인 가구,미혼(사별/이혼 포함),맞벌이 하지 않음,400-500만원 미만,3,0.6985074626865673,0.845922585494175,0.3745910577971647,0.8628795298726734,0.4003257328990232,0.2672683096147167,0.4608695652173912,트렌드 주도형 소비자,"자신의 취향과 경험을 중시하는 소비자 그룹입니다. 단순히 배를 채우는 것 이상의 가치를 추구하며, 새로운 제품을 가장 먼저 경험하고 공유하려는 경향이 강합니다"
65,남자,40대,사무 종사자,대학교 졸업(전문대졸/대학원생 포함),경기도,2세대가족,기혼,맞벌이 함,500-600만원 미만,0,0.3649253731343284,0.4231491920330704,0.3388767720828792,0.8579823702252692,0.3514657980456029,0.5234293648038874,0.3739130434782607,실속형 미식가,편리성을 중시하면서도 새로운 맛과 제품을 시도하는 데 적극적인 소비자 그룹입니다. 가격에 민감하기보다는 효율성과 맛을 동시에 추구합니다.
66,남자,40대,전문가 및 관련 종사자,대학교 졸업(전문대졸/대학원생 포함),경상북도,2세대가족,기혼,맞벌이 함,500-600만원 미만,0,0.2089552238805972,0.4885381435550543,0.5823336968375137,0.6758080313418215,0.3306188925081433,0.2186740715029503,0.5043478260869562,실속형 미식가,편리성을 중시하면서도 새로운 맛과 제품을 시도하는 데 적극적인 소비자 그룹입니다. 가격에 민감하기보다는 효율성과 맛을 동시에 추구합니다.
67,남자,40대,사무 종사자,대학교 졸업(전문대졸/대학원생 포함),대전광역시,2세대가족,기혼,맞벌이 함,600-700만원 미만,1,0.4917910447761193,0.5170988350244269,0.6185932388222459,0.7796278158667972,0.393811074918567,0.2867060048594236,0.4695652173913042,건강 추구형 소비자,가격이나 브랜드에 크게 구애받지 않고 건강을 최우선으로 고려하는 프리미엄 소비자 그룹입니다. 건강과 편리성을 모두 만족시키는 제품에 기꺼이 지갑을 엽니다.
68,남자,40대,기능원 및 관련 기능 종사자,고졸(대학 재학 포함),강원도,2세대가족,기혼,맞벌이 하지 않음,400-500만원 미만,3,0.5776119402985074,0.5302517850432169,0.5196292257360962,0.941234084231146,0.5521172638436481,0.4522735161402291,0.6173913043478257,트렌드 주도형 소비자,"자신의 취향과 경험을 중시하는 소비자 그룹입니다. 단순히 배를 채우는 것 이상의 가치를 추구하며, 새로운 제품을 가장 먼저 경험하고 공유하려는 경향이 강합니다"
69,여자,40대,사무 종사자,대학교 졸업(전문대졸/대학원생 포함),서울특별시,1세대가족,기혼,맞벌이 함,600-700만원 미만,0,0.4776119402985077,0.7294250281848926,0.2429116684841875,0.8432908912830556,0.245928338762215,0.4585213467545986,0.4652173913043476,실속형 미식가,편리성을 중시하면서도 새로운 맛과 제품을 시도하는 데 적극적인 소비자 그룹입니다. 가격에 민감하기보다는 효율성과 맛을 동시에 추구합니다.
70,여자,40대,서비스 종사자,고졸(대학 재학 포함),경기도,1세대가족,기혼,맞벌이 함,"1,000만원 이상",1,0.1888059701492538,0.4137542277339346,0.8571428571428565,0.8628795298726734,0.5400651465798044,0.2030544949670252,0.160869565217391,건강 추구형 소비자,가격이나 브랜드에 크게 구애받지 않고 건강을 최우선으로 고려하는 프리미엄 소비자 그룹입니다. 건강과 편리성을 모두 만족시키는 제품에 기꺼이 지갑을 엽니다.
71,여자,40대,판매 종사자,고졸(대학 재학 포함),서울특별시,1세대가족,기혼,맞벌이 함,600-700만원 미만,3,0.6074626865671644,0.549041713641488,0.4359323882224646,0.8628795298726734,0.4605863192182413,0.2283929191253036,0.3665217391304347,트렌드 주도형 소비자,"자신의 취향과 경험을 중시하는 소비자 그룹입니다. 단순히 배를 채우는 것 이상의 가치를 추구하며, 새로운 제품을 가장 먼저 경험하고 공유하려는 경향이 강합니다"
72,여자,40대,사무 종사자,대학교 졸업(전문대졸/대학원생 포함),부산광역시,1세대가족,기혼,맞벌이 함,600-700만원 미만,3,0.7238805970149254,0.5565576850807965,0.3437840785169029,0.9216454456415274,0.6319218241042346,0.3682749045470321,0.3608695652173911,트렌드 주도형 소비자,"자신의 취향과 경험을 중시하는 소비자 그룹입니다. 단순히 배를 채우는 것 이상의 가치를 추구하며, 새로운 제품을 가장 먼저 경험하고 공유하려는 경향이 강합니다"
73,여자,40대,주부,대학교 졸업(전문대졸/대학원생 포함),부산광역시,1세대가족,기혼,맞벌이 하지 않음,300-400만원 미만,3,0.687313432835821,0.5114618564449454,0.5024536532170119,0.8041136141038193,0.5355048859934852,0.4401249566122873,0.3956521739130433,트렌드 주도형 소비자,"자신의 취향과 경험을 중시하는 소비자 그룹입니다. 단순히 배를 채우는 것 이상의 가치를 추구하며, 새로운 제품을 가장 먼저 경험하고 공유하려는 경향이 강합니다"
74,여자,40대,취업 준비 중,중졸 이하,대구광역시,1인 가구,미혼(사별/이혼 포함),맞벌이 하지 않음,200-300만원 미만,0,0.5582089552238807,0.3291995490417138,0.0498909487459103,0.681684622918707,0.2381107491856676,0.1423116973273166,0.7913043478260868,실속형 미식가,편리성을 중시하면서도 새로운 맛과 제품을 시도하는 데 적극적인 소비자 그룹입니다. 가격에 민감하기보다는 효율성과 맛을 동시에 추구합니다.
75,여자,40대,전문가 및 관련 종사자,대학교 졸업(전문대졸/대학원생 포함),제주특별자치도,1인 가구,미혼(사별/이혼 포함),맞벌이 하지 않음,100-200만원 미만,0,0.5365671641791044,0.5114618564449454,0.1485823336968373,0.647404505386875,0.2732899022801304,0.1884762235334949,0.5173913043478258,실속형 미식가,편리성을 중시하면서도 새로운 맛과 제품을 시도하는 데 적극적인 소비자 그룹입니다. 가격에 민감하기보다는 효율성과 맛을 동시에 추구합니다.
76,여자,40대,사무 종사자,대학교 졸업(전문대졸/대학원생 포함),서울특별시,1인 가구,미혼(사별/이혼 포함),맞벌이 하지 않음,300-400만원 미만,1,0.3231343283582089,0.534009770762871,0.6477644492911669,0.8628795298726734,0.3820846905537463,0.5234293648038874,0.4869565217391302,건강 추구형 소비자,가격이나 브랜드에 크게 구애받지 않고 건강을 최우선으로 고려하는 프리미엄 소비자 그룹입니다. 건강과 편리성을 모두 만족시키는 제품에 기꺼이 지갑을 엽니다.
77,여자,40대,판매 종사자,고졸(대학 재학 포함),서울특별시,1인 가구,미혼(사별/이혼 포함),맞벌이 하지 않음,200-300만원 미만,1,0.601492537313433,0.3998496805712137,0.5392584514721919,0.8041136141038193,0.6110749185667751,0.208261020479,0.3665217391304347,건강 추구형 소비자,가격이나 브랜드에 크게 구애받지 않고 건강을 최우선으로 고려하는 프리미엄 소비자 그룹입니다. 건강과 편리성을 모두 만족시키는 제품에 기꺼이 지갑을 엽니다.
78,여자,40대,서비스 종사자,대학교 졸업(전문대졸/대학원생 포함),경기도,1인 가구,미혼(사별/이혼 포함),맞벌이 하지 않음,400-500만원 미만,1,0.1567164179104479,0.3742953776775646,0.8342420937840782,0.7992164544564151,0.4804560260586322,0.1943769524470667,0.0956521739130432,건강 추구형 소비자,가격이나 브랜드에 크게 구애받지 않고 건강을 최우선으로 고려하는 프리미엄 소비자 그룹입니다. 건강과 편리성을 모두 만족시키는 제품에 기꺼이 지갑을 엽니다.
79,여자,40대,서비스 종사자,대학교 졸업(전문대졸/대학원생 포함),충청남도,1인 가구,미혼(사별/이혼 포함),맞벌이 하지 않음,200-300만원 미만,3,0.6417910447761195,0.6110484780157834,0.0607960741548531,0.7208619000979426,0.2605863192182414,0.3998611593196806,0.5304347826086953,트렌드 주도형 소비자,"자신의 취향과 경험을 중시하는 소비자 그룹입니다. 단순히 배를 채우는 것 이상의 가치를 추구하며, 새로운 제품을 가장 먼저 경험하고 공유하려는 경향이 강합니다"
80,여자,40대,사무 종사자,대학교 졸업(전문대졸/대학원생 포함),광주광역시,1인 가구,미혼(사별/이혼 포함),맞벌이 하지 않음,200-300만원 미만,3,0.505223880597015,0.4411875234874107,0.4111232279171211,0.8041136141038193,0.4045602605863195,0.283929191253037,0.3391304347826084,트렌드 주도형 소비자,"자신의 취향과 경험을 중시하는 소비자 그룹입니다. 단순히 배를 채우는 것 이상의 가치를 추구하며, 새로운 제품을 가장 먼저 경험하고 공유하려는 경향이 강합니다"
81,여자,40대,주부,대학교 졸업(전문대졸/대학원생 포함),경기도,2세대가족,기혼,맞벌이 하지 않음,500-600만원 미만,0,0.343283582089552,0.713641488162345,0.0989640130861504,0.9167482859941232,0.210097719869707,0.3783408538701835,0.5565217391304347,실속형 미식가,편리성을 중시하면서도 새로운 맛과 제품을 시도하는 데 적극적인 소비자 그룹입니다. 가격에 민감하기보다는 효율성과 맛을 동시에 추구합니다.
82,여자,40대,사무 종사자,대학교 졸업(전문대졸/대학원생 포함),대구광역시,2세대가족,기혼,맞벌이 함,"1,000만원 이상",0,0.4179104477611941,0.8816234498308905,0.0444383860414397,0.8383937316356512,0.2322475570032573,0.4175633460603956,0.217391304347826,실속형 미식가,편리성을 중시하면서도 새로운 맛과 제품을 시도하는 데 적극적인 소비자 그룹입니다. 가격에 민감하기보다는 효율성과 맛을 동시에 추구합니다.
83,여자,40대,사무 종사자,대학교 졸업(전문대졸/대학원생 포함),서울특별시,2세대가족,기혼,맞벌이 함,500-600만원 미만,0,0.2932835820895524,0.7117624953025177,0.2666303162486371,0.9608227228207636,0.1361563517915312,0.4918431100312389,0.5478260869565217,실속형 미식가,편리성을 중시하면서도 새로운 맛과 제품을 시도하는 데 적극적인 소비자 그룹입니다. 가격에 민감하기보다는 효율성과 맛을 동시에 추구합니다.
84,여자,40대,전문가 및 관련 종사자,고졸(대학 재학 포함),제주특별자치도,2세대가족,기혼,맞벌이 함,100-200만원 미만,0,0.367910447761194,0.5189778278842537,0.2892584514721915,0.6865817825661112,0.2635179153094465,0.6317250954529674,0.6434782608695649,실속형 미식가,편리성을 중시하면서도 새로운 맛과 제품을 시도하는 데 적극적인 소비자 그룹입니다. 가격에 민감하기보다는 효율성과 맛을 동시에 추구합니다.
85,여자,40대,사무 종사자,대학교 졸업(전문대졸/대학원생 포함),대구광역시,2세대가족,기혼,맞벌이 함,400-500만원 미만,0,0.2089552238805972,0.5900037579857197,0.5351690294438385,0.6953966699314392,0.3013029315960914,0.2325581395348835,0.5347826086956521,실속형 미식가,편리성을 중시하면서도 새로운 맛과 제품을 시도하는 데 적극적인 소비자 그룹입니다. 가격에 민감하기보다는 효율성과 맛을 동시에 추구합니다.
86,여자,40대,판매 종사자,대학교 졸업(전문대졸/대학원생 포함),인천광역시,2세대가족,기혼,맞벌이 함,500-600만원 미만,0,0.282089552238806,0.4513340849304773,0.5040894220283532,0.8432908912830556,0.2156351791530945,0.2613675807011453,0.8782608695652172,실속형 미식가,편리성을 중시하면서도 새로운 맛과 제품을 시도하는 데 적극적인 소비자 그룹입니다. 가격에 민감하기보다는 효율성과 맛을 동시에 추구합니다.
87,여자,40대,주부,대학교 졸업(전문대졸/대학원생 포함),울산광역시,2세대가족,기혼,맞벌이 하지 않음,300-400만원 미만,0,0.4574626865671642,0.5903795565576849,0.1630316248636857,0.9020568070519096,0.2583061889250815,0.6813606386671294,0.5347826086956521,실속형 미식가,편리성을 중시하면서도 새로운 맛과 제품을 시도하는 데 적극적인 소비자 그룹입니다. 가격에 민감하기보다는 효율성과 맛을 동시에 추구합니다.
88,여자,40대,판매 종사자,고졸(대학 재학 포함),대전광역시,2세대가족,기혼,맞벌이 함,600-700만원 미만,0,0.2805970149253731,0.5791055993987222,0.4288440567066517,0.8237022526934379,0.2504885993485342,0.5196112460951055,0.4869565217391302,실속형 미식가,편리성을 중시하면서도 새로운 맛과 제품을 시도하는 데 적극적인 소비자 그룹입니다. 가격에 민감하기보다는 효율성과 맛을 동시에 추구합니다.
89,여자,40대,판매 종사자,고졸(대학 재학 포함),부산광역시,2세대가족,기혼,맞벌이 함,400-500만원 미만,0,0.2186567164179104,0.5321307779030438,0.366412213740458,0.8579823702252692,0.2765472312703584,0.515793127386324,0.4391304347826084,실속형 미식가,편리성을 중시하면서도 새로운 맛과 제품을 시도하는 데 적극적인 소비자 그룹입니다. 가격에 민감하기보다는 효율성과 맛을 동시에 추구합니다.
90,여자,40대,사무 종사자,대학교 졸업(전문대졸/대학원생 포함),대전광역시,2세대가족,기혼,맞벌이 함,600-700만원 미만,0,0.3044776119402984,0.3573844419391207,0.2769901853871322,0.8432908912830556,0.3684039087947882,0.346407497396737,0.4695652173913042,실속형 미식가,편리성을 중시하면서도 새로운 맛과 제품을 시도하는 데 적극적인 소비자 그룹입니다. 가격에 민감하기보다는 효율성과 맛을 동시에 추구합니다.
91,여자,40대,서비스 종사자,대학교 졸업(전문대졸/대학원생 포함),서울특별시,2세대가족,기혼,맞벌이 함,500-600만원 미만,0,0.3843283582089553,0.5678316422397591,0.5883315158124318,0.8824681684622918,0.3218241042345277,0.2690038181187085,0.4969565217391303,실속형 미식가,편리성을 중시하면서도 새로운 맛과 제품을 시도하는 데 적극적인 소비자 그룹입니다. 가격에 민감하기보다는 효율성과 맛을 동시에 추구합니다.
92,여자,40대,사무 종사자,대학교 졸업(전문대졸/대학원생 포함),충청북도,2세대가족,기혼,맞벌이 함,500-600만원 미만,0,0.2611940298507462,0.6542653137918076,0.1248636859323884,0.7845249755142015,0.1361563517915312,0.3394654633807704,0.4869565217391302,실속형 미식가,편리성을 중시하면서도 새로운 맛과 제품을 시도하는 데 적극적인 소비자 그룹입니다. 가격에 민감하기보다는 효율성과 맛을 동시에 추구합니다.
93,여자,40대,서비스 종사자,대학교 졸업(전문대졸/대학원생 포함),충청북도,2세대가족,기혼,맞벌이 함,500-600만원 미만,0,0.4843283582089554,0.7256670424652385,0.3527808069792799,0.8041136141038193,0.2211726384364824,0.5105866018743488,0.434782608695652,실속형 미식가,편리성을 중시하면서도 새로운 맛과 제품을 시도하는 데 적극적인 소비자 그룹입니다. 가격에 민감하기보다는 효율성과 맛을 동시에 추구합니다.
94,여자,40대,서비스 종사자,대학교 졸업(전문대졸/대학원생 포함),충청북도,2세대가족,기혼,맞벌이 함,500-600만원 미만,0,0.2895522388059702,0.5640736565201049,0.3315158124318428,0.8237022526934379,0.2452768729641697,0.4894133981256504,0.518695652173913,실속형 미식가,편리성을 중시하면서도 새로운 맛과 제품을 시도하는 데 적극적인 소비자 그룹입니다. 가격에 민감하기보다는 효율성과 맛을 동시에 추구합니다.
95,여자,40대,사무 종사자,대학교 졸업(전문대졸/대학원생 포함),경기도,2세대가족,기혼,맞벌이 함,600-700만원 미만,0,0.1835820895522388,0.8008267568583238,0.2284623773173391,0.7845249755142015,0.1667752442996742,0.3838944810829572,0.3521739130434779,실속형 미식가,편리성을 중시하면서도 새로운 맛과 제품을 시도하는 데 적극적인 소비자 그룹입니다. 가격에 민감하기보다는 효율성과 맛을 동시에 추구합니다.
96,여자,40대,단순노무 종사자,대학교 졸업(전문대졸/대학원생 포함),충청북도,2세대가족,기혼,맞벌이 함,400-500만원 미만,0,0.237313432835821,0.6655392709507704,0.1052344601962921,0.7845249755142015,0.0775244299674267,0.3557792433182922,0.4391304347826084,실속형 미식가,편리성을 중시하면서도 새로운 맛과 제품을 시도하는 데 적극적인 소비자 그룹입니다. 가격에 민감하기보다는 효율성과 맛을 동시에 추구합니다.
97,여자,40대,사무 종사자,대학교 졸업(전문대졸/대학원생 포함),경기도,2세대가족,기혼,맞벌이 함,600-700만원 미만,0,0.3156716417910447,0.6824502066892146,0.2592693565976008,0.8775710088148868,0.1654723127035831,0.4769177368969105,0.5652173913043476,실속형 미식가,편리성을 중시하면서도 새로운 맛과 제품을 시도하는 데 적극적인 소비자 그룹입니다. 가격에 민감하기보다는 효율성과 맛을 동시에 추구합니다.
98,여자,40대,사무 종사자,고졸(대학 재학 포함),인천광역시,2세대가족,기혼,맞벌이 함,600-700만원 미만,0,0.3044776119402984,0.6328447951897783,0.038167938931298,0.8041136141038193,0.126384364820847,0.4314474140923289,0.5347826086956521,실속형 미식가,편리성을 중시하면서도 새로운 맛과 제품을 시도하는 데 적극적인 소비자 그룹입니다. 가격에 민감하기보다는 효율성과 맛을 동시에 추구합니다.
99,여자,40대,판매 종사자,대학교 졸업(전문대졸/대학원생 포함),경상남도,2세대가족,기혼,맞벌이 함,500-600만원 미만,1,0.6380597014925374,0.3912063134160088,0.5474372955288984,0.8432908912830556,0.8071661237785015,0.3897952099965287,0.362173913043478,건강 추구형 소비자,가격이나 브랜드에 크게 구애받지 않고 건강을 최우선으로 고려하는 프리미엄 소비자 그룹입니다. 건강과 편리성을 모두 만족시키는 제품에 기꺼이 지갑을 엽니다.
100,여자,40대,사무 종사자,대학교 졸업(전문대졸/대학원생 포함),경상남도,2세대가족,기혼,맞벌이 함,700-800만원 미만,1,0.5395522388059701,0.3761743705373919,0.6245910577971643,0.8041136141038193,0.7208469055374592,0.3318292259632072,0.2304347826086955,건강 추구형 소비자,가격이나 브랜드에 크게 구애받지 않고 건강을 최우선으로 고려하는 프리미엄 소비자 그룹입니다. 건강과 편리성을 모두 만족시키는 제품에 기꺼이 지갑을 엽니다.
101,여자,40대,사무 종사자,대학교 졸업(전문대졸/대학원생 포함),경기도,2세대가족,기혼,맞벌이 함,"1,000만원 이상",1,0.1641791044776118,0.4400601277715145,0.8942202835332602,0.8824681684622918,0.4905537459283389,0.2238805970149251,0.3565217391304347,건강 추구형 소비자,가격이나 브랜드에 크게 구애받지 않고 건강을 최우선으로 고려하는 프리미엄 소비자 그룹입니다. 건강과 편리성을 모두 만족시키는 제품에 기꺼이 지갑을 엽니다.
102,여자,40대,판매 종사자,대학교 졸업(전문대졸/대학원생 포함),대구광역시,2세대가족,기혼,맞벌이 함,500-600만원 미만,1,0.3940298507462685,0.520856820744081,0.5169029443838602,0.7600391772771787,0.4456026058631925,0.4696286011801457,0.1130434782608695,건강 추구형 소비자,가격이나 브랜드에 크게 구애받지 않고 건강을 최우선으로 고려하는 프리미엄 소비자 그룹입니다. 건강과 편리성을 모두 만족시키는 제품에 기꺼이 지갑을 엽니다.
103,여자,40대,판매 종사자,대학교 졸업(전문대졸/대학원생 포함),서울특별시,2세대가족,기혼,맞벌이 함,800-900만원 미만,1,0.3888059701492539,0.5640736565201049,0.7325517993456923,0.9020568070519096,0.4856677524429968,0.2197153766053451,0.1782608695652174,건강 추구형 소비자,가격이나 브랜드에 크게 구애받지 않고 건강을 최우선으로 고려하는 프리미엄 소비자 그룹입니다. 건강과 편리성을 모두 만족시키는 제품에 기꺼이 지갑을 엽니다.
104,여자,40대,판매 종사자,대학교 졸업(전문대졸/대학원생 포함),인천광역시,2세대가족,기혼,맞벌이 함,600-700만원 미만,1,0.2223880597014924,0.334836527621195,0.5376226826608503,0.7845249755142015,0.2885993485342021,0.1457827143352999,0.2795652173913042,건강 추구형 소비자,가격이나 브랜드에 크게 구애받지 않고 건강을 최우선으로 고려하는 프리미엄 소비자 그룹입니다. 건강과 편리성을 모두 만족시키는 제품에 기꺼이 지갑을 엽니다.
105,여자,40대,주부,고졸(대학 재학 포함),대구광역시,2세대가족,기혼,맞벌이 하지 않음,300-400만원 미만,1,0.201492537313433,0.3404735062006764,0.3162486368593241,0.622918707149853,0.372312703583062,0.3214161749392571,0.1130434782608695,건강 추구형 소비자,가격이나 브랜드에 크게 구애받지 않고 건강을 최우선으로 고려하는 프리미엄 소비자 그룹입니다. 건강과 편리성을 모두 만족시키는 제품에 기꺼이 지갑을 엽니다.
106,여자,40대,사무 종사자,대학교 졸업(전문대졸/대학원생 포함),경기도,2세대가족,기혼,맞벌이 함,700-800만원 미만,1,0.5320895522388059,0.5603156708004507,0.6401308615049073,0.7257590597453475,0.5368078175895769,0.2596320721971534,0.260869565217391,건강 추구형 소비자,가격이나 브랜드에 크게 구애받지 않고 건강을 최우선으로 고려하는 프리미엄 소비자 그룹입니다. 건강과 편리성을 모두 만족시키는 제품에 기꺼이 지갑을 엽니다.
107,여자,40대,서비스 종사자,대학교 졸업(전문대졸/대학원생 포함),서울특별시,2세대가족,기혼,맞벌이 함,500-600만원 미만,1,0.2335820895522388,0.6880871852686957,0.632224645583424,0.8824681684622918,0.4371335504885993,0.2464422075668168,0.327391304347826,건강 추구형 소비자,가격이나 브랜드에 크게 구애받지 않고 건강을 최우선으로 고려하는 프리미엄 소비자 그룹입니다. 건강과 편리성을 모두 만족시키는 제품에 기꺼이 지갑을 엽니다.
108,여자,40대,사무 종사자,대학교 졸업(전문대졸/대학원생 포함),경상북도,2세대가족,기혼,맞벌이 함,800-900만원 미만,1,0.2089552238805972,0.4472003006388574,0.5806979280261721,0.6562193927522038,0.4039087947882737,0.2186740715029503,0.4869565217391302,건강 추구형 소비자,가격이나 브랜드에 크게 구애받지 않고 건강을 최우선으로 고려하는 프리미엄 소비자 그룹입니다. 건강과 편리성을 모두 만족시키는 제품에 기꺼이 지갑을 엽니다.
109,여자,40대,서비스 종사자,고졸(대학 재학 포함),대구광역시,2세대가족,기혼,맞벌이 함,500-600만원 미만,1,0.2611940298507462,0.334836527621195,0.4760087241003268,0.8237022526934379,0.4439739413680784,0.3731343283582088,0.2056521739130433,건강 추구형 소비자,가격이나 브랜드에 크게 구애받지 않고 건강을 최우선으로 고려하는 프리미엄 소비자 그룹입니다. 건강과 편리성을 모두 만족시키는 제품에 기꺼이 지갑을 엽니다.
110,여자,40대,사무 종사자,대학교 졸업(전문대졸/대학원생 포함),경기도,2세대가족,기혼,맞벌이 함,500-600만원 미만,1,0.6932835820895524,0.3724163848177376,0.7562704471101414,0.7453476983349653,0.6071661237785017,0.2658799028115234,0.1260869565217391,건강 추구형 소비자,가격이나 브랜드에 크게 구애받지 않고 건강을 최우선으로 고려하는 프리미엄 소비자 그룹입니다. 건강과 편리성을 모두 만족시키는 제품에 기꺼이 지갑을 엽니다.
111,여자,40대,서비스 종사자,고졸(대학 재학 포함),경기도,2세대가족,기혼,맞벌이 함,800-900만원 미만,1,0.1567164179104479,0.3742953776775646,0.9487459105779716,0.8188050930460328,0.5824104234527686,0.1850052065255115,0.1391304347826087,건강 추구형 소비자,가격이나 브랜드에 크게 구애받지 않고 건강을 최우선으로 고려하는 프리미엄 소비자 그룹입니다. 건강과 편리성을 모두 만족시키는 제품에 기꺼이 지갑을 엽니다.
112,여자,40대,서비스 종사자,대학교 졸업(전문대졸/대학원생 포함),전라남도,2세대가족,기혼,맞벌이 함,400-500만원 미만,1,0.5522388059701493,0.5903795565576849,0.6518538713195203,0.9020568070519096,0.2941368078175899,0.4435959736202706,0.3217391304347824,건강 추구형 소비자,가격이나 브랜드에 크게 구애받지 않고 건강을 최우선으로 고려하는 프리미엄 소비자 그룹입니다. 건강과 편리성을 모두 만족시키는 제품에 기꺼이 지갑을 엽니다.
113,여자,40대,주부,대학교 졸업(전문대졸/대학원생 포함),강원도,2세대가족,기혼,맞벌이 하지 않음,400-500만원 미만,1,0.4067164179104477,0.3987222848553172,0.821155943293348,0.8432908912830556,0.3778501628664495,0.1839639014231168,0.1782608695652174,건강 추구형 소비자,가격이나 브랜드에 크게 구애받지 않고 건강을 최우선으로 고려하는 프리미엄 소비자 그룹입니다. 건강과 편리성을 모두 만족시키는 제품에 기꺼이 지갑을 엽니다.
114,여자,40대,판매 종사자,대학교 졸업(전문대졸/대학원생 포함),강원도,2세대가족,기혼,맞벌이 함,500-600만원 미만,3,0.5791044776119403,0.4513340849304773,0.4452017448200651,0.8628795298726734,0.4817589576547234,0.3689691079486288,0.6347826086956521,트렌드 주도형 소비자,"자신의 취향과 경험을 중시하는 소비자 그룹입니다. 단순히 배를 채우는 것 이상의 가치를 추구하며, 새로운 제품을 가장 먼저 경험하고 공유하려는 경향이 강합니다"
115,여자,40대,서비스 종사자,대학교 졸업(전문대졸/대학원생 포함),경기도,2세대가족,기혼,맞벌이 함,500-600만원 미만,3,0.6044776119402987,0.676813228109733,0.4580152671755728,0.9216454456415274,0.3726384364820849,0.2290871225269002,0.734782608695652,트렌드 주도형 소비자,"자신의 취향과 경험을 중시하는 소비자 그룹입니다. 단순히 배를 채우는 것 이상의 가치를 추구하며, 새로운 제품을 가장 먼저 경험하고 공유하려는 경향이 강합니다"
116,여자,40대,판매 종사자,고졸(대학 재학 포함),충청북도,2세대가족,기혼,맞벌이 함,400-500만원 미만,3,0.5634328358208958,0.5828635851183764,0.466466739367503,0.9020568070519096,0.5530944625407168,0.4186046511627904,0.3478260869565215,트렌드 주도형 소비자,"자신의 취향과 경험을 중시하는 소비자 그룹입니다. 단순히 배를 채우는 것 이상의 가치를 추구하며, 새로운 제품을 가장 먼저 경험하고 공유하려는 경향이 강합니다"
117,여자,40대,단순노무 종사자,대학교 졸업(전문대졸/대학원생 포함),충청북도,2세대가족,기혼,맞벌이 함,400-500만원 미만,3,0.662686567164179,0.4175122134535888,0.3666848418756813,0.8237022526934379,0.4814332247557004,0.2450538007636235,0.4695652173913042,트렌드 주도형 소비자,"자신의 취향과 경험을 중시하는 소비자 그룹입니다. 단순히 배를 채우는 것 이상의 가치를 추구하며, 새로운 제품을 가장 먼저 경험하고 공유하려는 경향이 강합니다"
118,여자,40대,사무 종사자,대학교 졸업(전문대졸/대학원생 포함),세종특별자치시,2세대가족,기혼,맞벌이 함,400-500만원 미만,3,0.5917910447761194,0.6843291995490415,0.082606324972737,0.8824681684622918,0.3039087947882737,0.3634154807358555,0.3882608695652174,트렌드 주도형 소비자,"자신의 취향과 경험을 중시하는 소비자 그룹입니다. 단순히 배를 채우는 것 이상의 가치를 추구하며, 새로운 제품을 가장 먼저 경험하고 공유하려는 경향이 강합니다"
119,여자,40대,서비스 종사자,대학교 졸업(전문대졸/대학원생 포함),경기도,2세대가족,기혼,맞벌이 함,700-800만원 미만,3,0.6611940298507462,0.5565576850807965,0.6117775354416572,0.7257590597453475,0.5703583061889249,0.4095800069420338,0.4086956521739129,트렌드 주도형 소비자,"자신의 취향과 경험을 중시하는 소비자 그룹입니다. 단순히 배를 채우는 것 이상의 가치를 추구하며, 새로운 제품을 가장 먼저 경험하고 공유하려는 경향이 강합니다"
120,여자,40대,주부,대학교 졸업(전문대졸/대학원생 포함),경상북도,2세대가족,기혼,맞벌이 하지 않음,400-500만원 미만,3,0.7194029850746269,0.4851559564073657,0.4165757906215917,0.8432908912830556,0.4475570032573289,0.5348837209302324,0.4447826086956521,트렌드 주도형 소비자,"자신의 취향과 경험을 중시하는 소비자 그룹입니다. 단순히 배를 채우는 것 이상의 가치를 추구하며, 새로운 제품을 가장 먼저 경험하고 공유하려는 경향이 강합니다"
121,여자,40대,사무 종사자,대학교 졸업(전문대졸/대학원생 포함),대구광역시,2세대가족,기혼,맞벌이 함,500-600만원 미만,3,0.5223880597014928,0.3780533633972192,0.2862595419847327,0.8775710088148868,0.4928338762214988,0.4151336341548071,0.4999999999999998,트렌드 주도형 소비자,"자신의 취향과 경험을 중시하는 소비자 그룹입니다. 단순히 배를 채우는 것 이상의 가치를 추구하며, 새로운 제품을 가장 먼저 경험하고 공유하려는 경향이 강합니다"
122,여자,40대,사무 종사자,대학교 졸업(전문대졸/대학원생 포함),경기도,2세대가족,기혼,맞벌이 함,600-700만원 미만,3,0.5037313432835822,0.4964299135663284,0.3955834242093781,0.8237022526934379,0.3631921824104236,0.5484206872613675,0.5956521739130434,트렌드 주도형 소비자,"자신의 취향과 경험을 중시하는 소비자 그룹입니다. 단순히 배를 채우는 것 이상의 가치를 추구하며, 새로운 제품을 가장 먼저 경험하고 공유하려는 경향이 강합니다"
123,여자,40대,사무 종사자,대학교 졸업(전문대졸/대학원생 포함),대구광역시,2세대가족,기혼,맞벌이 함,800-900만원 미만,3,0.5037313432835822,0.7745208568207439,0.3347873500545258,0.8237022526934379,0.3814332247557005,0.4862894828184656,0.3130434782608693,트렌드 주도형 소비자,"자신의 취향과 경험을 중시하는 소비자 그룹입니다. 단순히 배를 채우는 것 이상의 가치를 추구하며, 새로운 제품을 가장 먼저 경험하고 공유하려는 경향이 강합니다"
124,여자,40대,전문가 및 관련 종사자,대학교 졸업(전문대졸/대학원생 포함),제주특별자치도,2세대가족,기혼,맞벌이 함,500-600만원 미만,3,0.5694029850746267,0.421270199173243,0.489094874591058,0.7453476983349653,0.4407166123778503,0.2440124956612287,0.6347826086956521,트렌드 주도형 소비자,"자신의 취향과 경험을 중시하는 소비자 그룹입니다. 단순히 배를 채우는 것 이상의 가치를 추구하며, 새로운 제품을 가장 먼저 경험하고 공유하려는 경향이 강합니다"
125,여자,40대,사무 종사자,대학교 졸업(전문대졸/대학원생 포함),경기도,2세대가족,기혼,맞벌이 함,600-700만원 미만,3,0.4656716417910448,0.4975573092822249,0.4233914940021812,0.8824681684622918,0.4452768729641696,0.2943422422769869,0.4956521739130434,트렌드 주도형 소비자,"자신의 취향과 경험을 중시하는 소비자 그룹입니다. 단순히 배를 채우는 것 이상의 가치를 추구하며, 새로운 제품을 가장 먼저 경험하고 공유하려는 경향이 강합니다"
126,여자,40대,사무 종사자,대학교 졸업(전문대졸/대학원생 포함),경기도,2세대가족,기혼,맞벌이 함,600-700만원 미만,3,0.4402985074626864,0.5903795565576849,0.4929116684841878,0.7649363369245838,0.3814332247557005,0.2578965636931619,0.5869565217391303,트렌드 주도형 소비자,"자신의 취향과 경험을 중시하는 소비자 그룹입니다. 단순히 배를 채우는 것 이상의 가치를 추구하며, 새로운 제품을 가장 먼저 경험하고 공유하려는 경향이 강합니다"
127,여자,40대,사무 종사자,대학교 졸업(전문대졸/대학원생 포함),경기도,2세대가족,기혼,맞벌이 함,800-900만원 미만,3,0.7171641791044776,0.7557309282224727,0.3737731733914942,0.9608227228207636,0.3228013029315965,0.3064908018049287,0.5217391304347825,트렌드 주도형 소비자,"자신의 취향과 경험을 중시하는 소비자 그룹입니다. 단순히 배를 채우는 것 이상의 가치를 추구하며, 새로운 제품을 가장 먼저 경험하고 공유하려는 경향이 강합니다"
128,여자,40대,관리자,대학교 졸업(전문대졸/대학원생 포함),경기도,2세대가족,기혼,맞벌이 함,600-700만원 미만,3,0.6089552238805969,0.6016535137166477,0.5106324972737184,0.941234084231146,0.3765472312703584,0.3106560222145087,0.5795652173913041,트렌드 주도형 소비자,"자신의 취향과 경험을 중시하는 소비자 그룹입니다. 단순히 배를 채우는 것 이상의 가치를 추구하며, 새로운 제품을 가장 먼저 경험하고 공유하려는 경향이 강합니다"
129,여자,40대,사무 종사자,고졸(대학 재학 포함),부산광역시,2세대가족,기혼,맞벌이 함,400-500만원 미만,3,0.707462686567164,0.5527996993611421,0.4651035986913849,0.8237022526934379,0.6270358306188925,0.3502256161055186,0.3565217391304347,트렌드 주도형 소비자,"자신의 취향과 경험을 중시하는 소비자 그룹입니다. 단순히 배를 채우는 것 이상의 가치를 추구하며, 새로운 제품을 가장 먼저 경험하고 공유하려는 경향이 강합니다"
130,여자,40대,판매 종사자,대학교 졸업(전문대졸/대학원생 포함),경상남도,2세대가족,기혼,맞벌이 함,500-600만원 미만,3,1.0,0.3912063134160088,0.2265539803707741,0.8432908912830556,0.4690553745928339,0.3359944463727871,0.969565217391304,트렌드 주도형 소비자,"자신의 취향과 경험을 중시하는 소비자 그룹입니다. 단순히 배를 채우는 것 이상의 가치를 추구하며, 새로운 제품을 가장 먼저 경험하고 공유하려는 경향이 강합니다"
131,여자,40대,주부,대학교 졸업(전문대졸/대학원생 포함),부산광역시,2세대가족,기혼,맞벌이 하지 않음,400-500만원 미만,3,0.5395522388059701,0.5941375422773392,0.4356597600872412,0.8432908912830556,0.5661237785016286,0.3866712946893439,0.2999999999999997,트렌드 주도형 소비자,"자신의 취향과 경험을 중시하는 소비자 그룹입니다. 단순히 배를 채우는 것 이상의 가치를 추구하며, 새로운 제품을 가장 먼저 경험하고 공유하려는 경향이 강합니다"
132,여자,40대,서비스 종사자,고졸(대학 재학 포함),경기도,2세대가족,기혼,맞벌이 함,500-600만원 미만,3,0.585820895522388,0.531379180759113,0.4751908396946564,0.8824681684622918,0.6612377850162869,0.3620270739326622,0.5839130434782608,트렌드 주도형 소비자,"자신의 취향과 경험을 중시하는 소비자 그룹입니다. 단순히 배를 채우는 것 이상의 가치를 추구하며, 새로운 제품을 가장 먼저 경험하고 공유하려는 경향이 강합니다"
133,여자,40대,주부,대학교 졸업(전문대졸/대학원생 포함),강원도,2세대가족,기혼,맞벌이 하지 않음,500-600만원 미만,3,0.7820895522388062,0.6129274708756103,0.4670119956379497,0.9608227228207636,0.6501628664495116,0.3956959389101004,0.5086956521739129,트렌드 주도형 소비자,"자신의 취향과 경험을 중시하는 소비자 그룹입니다. 단순히 배를 채우는 것 이상의 가치를 추구하며, 새로운 제품을 가장 먼저 경험하고 공유하려는 경향이 강합니다"
134,남자,50대,사무 종사자,대학교 졸업(전문대졸/대학원생 포함),광주광역시,1세대가족,기혼,맞벌이 함,700-800만원 미만,0,0.2246268656716417,0.3987222848553172,0.3069792802617229,0.7649363369245838,0.26742671009772,0.3675807011454355,0.578260869565217,실속형 미식가,편리성을 중시하면서도 새로운 맛과 제품을 시도하는 데 적극적인 소비자 그룹입니다. 가격에 민감하기보다는 효율성과 맛을 동시에 추구합니다.
135,남자,50대,기능원 및 관련 기능 종사자,고졸(대학 재학 포함),전라남도,1세대가족,기혼,맞벌이 함,400-500만원 미만,1,0.576865671641791,0.4813979706877111,0.6682115594329336,0.9020568070519096,0.3830618892508145,0.2981603609857688,0.1913043478260869,건강 추구형 소비자,가격이나 브랜드에 크게 구애받지 않고 건강을 최우선으로 고려하는 프리미엄 소비자 그룹입니다. 건강과 편리성을 모두 만족시키는 제품에 기꺼이 지갑을 엽니다.
136,남자,50대,서비스 종사자,고졸(대학 재학 포함),전라북도,1세대가족,기혼,맞벌이 하지 않음,500-600만원 미만,3,0.7111940298507462,0.4287861706125515,0.1657579062159218,0.7649363369245838,0.4211726384364824,0.1909059354390834,0.6478260869565217,트렌드 주도형 소비자,"자신의 취향과 경험을 중시하는 소비자 그룹입니다. 단순히 배를 채우는 것 이상의 가치를 추구하며, 새로운 제품을 가장 먼저 경험하고 공유하려는 경향이 강합니다"
137,남자,50대,장치·기계 조작 및 조립 종사자,고졸(대학 재학 포함),경상북도,1세대가족,기혼,맞벌이 함,400-500만원 미만,3,0.5402985074626866,0.4550920706501315,0.3844056706652127,0.9216454456415274,0.3908794788273619,0.3283582089552238,0.4739130434782606,트렌드 주도형 소비자,"자신의 취향과 경험을 중시하는 소비자 그룹입니다. 단순히 배를 채우는 것 이상의 가치를 추구하며, 새로운 제품을 가장 먼저 경험하고 공유하려는 경향이 강합니다"
138,남자,50대,서비스 종사자,대학교 졸업(전문대졸/대학원생 포함),충청남도,1인 가구,미혼(사별/이혼 포함),맞벌이 하지 않음,400-500만원 미만,0,0.419402985074627,0.4964299135663284,0.240730643402399,0.7845249755142015,0.3013029315960914,0.3696633113502255,0.3869565217391302,실속형 미식가,편리성을 중시하면서도 새로운 맛과 제품을 시도하는 데 적극적인 소비자 그룹입니다. 가격에 민감하기보다는 효율성과 맛을 동시에 추구합니다.
139,남자,50대,기능원 및 관련 기능 종사자,중졸 이하,경상북도,1인 가구,미혼(사별/이혼 포함),맞벌이 하지 않음,200-300만원 미만,0,0.1537313432835822,0.3081548290116497,0.0689749182115598,0.6953966699314392,0.0540716612377853,0.5102395001735507,0.8391304347826085,실속형 미식가,편리성을 중시하면서도 새로운 맛과 제품을 시도하는 데 적극적인 소비자 그룹입니다. 가격에 민감하기보다는 효율성과 맛을 동시에 추구합니다.
140,남자,50대,서비스 종사자,고졸(대학 재학 포함),경상북도,1인 가구,미혼(사별/이혼 포함),맞벌이 하지 않음,300-400만원 미만,0,0.1567164179104479,0.5189778278842537,0.3838604143947658,0.8432908912830556,0.2723127035830621,0.4685872960777505,0.4739130434782606,실속형 미식가,편리성을 중시하면서도 새로운 맛과 제품을 시도하는 데 적극적인 소비자 그룹입니다. 가격에 민감하기보다는 효율성과 맛을 동시에 추구합니다.
141,남자,50대,사무 종사자,대학교 졸업(전문대졸/대학원생 포함),부산광역시,1인 가구,미혼(사별/이혼 포함),맞벌이 하지 않음,300-400만원 미만,1,0.4305970149253733,0.5077038707252911,0.5877862595419849,0.8824681684622918,0.4804560260586322,0.3991669559180838,0.3521739130434779,건강 추구형 소비자,가격이나 브랜드에 크게 구애받지 않고 건강을 최우선으로 고려하는 프리미엄 소비자 그룹입니다. 건강과 편리성을 모두 만족시키는 제품에 기꺼이 지갑을 엽니다.
142,남자,50대,사무 종사자,대학교 졸업(전문대졸/대학원생 포함),강원도,1인 가구,미혼(사별/이혼 포함),맞벌이 하지 않음,300-400만원 미만,3,0.4768656716417912,0.5802329951146183,0.4806434023991279,0.9216454456415274,0.4654723127035834,0.3991669559180838,0.6043478260869563,트렌드 주도형 소비자,"자신의 취향과 경험을 중시하는 소비자 그룹입니다. 단순히 배를 채우는 것 이상의 가치를 추구하며, 새로운 제품을 가장 먼저 경험하고 공유하려는 경향이 강합니다"
143,남자,50대,군인,대학교 졸업(전문대졸/대학원생 포함),강원도,1인 가구,미혼(사별/이혼 포함),맞벌이 하지 않음,400-500만원 미만,3,0.5708955223880599,0.5652010522360014,0.4342966194111231,0.8824681684622918,0.5726384364820848,0.429711905588337,0.5304347826086953,트렌드 주도형 소비자,"자신의 취향과 경험을 중시하는 소비자 그룹입니다. 단순히 배를 채우는 것 이상의 가치를 추구하며, 새로운 제품을 가장 먼저 경험하고 공유하려는 경향이 강합니다"
144,남자,50대,전문가 및 관련 종사자,고졸(대학 재학 포함),경상북도,2세대가족,미혼(사별/이혼 포함),맞벌이 하지 않음,500-600만원 미만,0,0.2089552238805972,0.5223600150319428,0.5332606324972735,0.6758080313418215,0.2573289902280133,0.2325581395348835,0.5173913043478258,실속형 미식가,편리성을 중시하면서도 새로운 맛과 제품을 시도하는 데 적극적인 소비자 그룹입니다. 가격에 민감하기보다는 효율성과 맛을 동시에 추구합니다.
145,남자,50대,사무 종사자,대학교 졸업(전문대졸/대학원생 포함),충청북도,2세대가족,기혼,맞벌이 함,600-700만원 미만,0,0.1753731343283581,0.7125140924464485,0.1063249727371867,0.9363369245837408,0.0635179153094466,0.539743144741409,0.5217391304347825,실속형 미식가,편리성을 중시하면서도 새로운 맛과 제품을 시도하는 데 적극적인 소비자 그룹입니다. 가격에 민감하기보다는 효율성과 맛을 동시에 추구합니다.
146,남자,50대,판매 종사자,고졸(대학 재학 포함),광주광역시,2세대가족,기혼,맞벌이 하지 않음,300-400만원 미만,3,0.48955223880597,0.3461104847801576,0.4056706652126499,0.7845249755142015,0.4351791530944624,0.3998611593196806,0.5913043478260867,트렌드 주도형 소비자,"자신의 취향과 경험을 중시하는 소비자 그룹입니다. 단순히 배를 채우는 것 이상의 가치를 추구하며, 새로운 제품을 가장 먼저 경험하고 공유하려는 경향이 강합니다"
147,남자,50대,학생,고졸(대학 재학 포함),서울특별시,2세대가족,미혼(사별/이혼 포함),맞벌이 하지 않음,300-400만원 미만,3,0.4753731343283583,0.602780909432544,0.4465648854961832,0.9216454456415274,0.3550488599348534,0.5036445678583822,0.3913043478260869,트렌드 주도형 소비자,"자신의 취향과 경험을 중시하는 소비자 그룹입니다. 단순히 배를 채우는 것 이상의 가치를 추구하며, 새로운 제품을 가장 먼저 경험하고 공유하려는 경향이 강합니다"
148,남자,50대,서비스 종사자,고졸(대학 재학 포함),부산광역시,2세대가족,기혼,맞벌이 하지 않음,300-400만원 미만,3,0.7910447761194032,0.4588500563697856,0.5196292257360962,0.8628795298726734,0.6465798045602605,0.3488372093023252,0.3839130434782607,트렌드 주도형 소비자,"자신의 취향과 경험을 중시하는 소비자 그룹입니다. 단순히 배를 채우는 것 이상의 가치를 추구하며, 새로운 제품을 가장 먼저 경험하고 공유하려는 경향이 강합니다"
149,여자,50대,서비스 종사자,대학교 졸업(전문대졸/대학원생 포함),경상북도,1세대가족,기혼,맞벌이 함,500-600만원 미만,0,0.5044776119402986,0.3179255918827506,0.1507633587786258,0.7012732615083248,0.2071661237785018,0.2325581395348835,0.9099999999999996,실속형 미식가,편리성을 중시하면서도 새로운 맛과 제품을 시도하는 데 적극적인 소비자 그룹입니다. 가격에 민감하기보다는 효율성과 맛을 동시에 추구합니다.
150,여자,50대,판매 종사자,고졸(대학 재학 포함),전라남도,1세대가족,기혼,맞벌이 함,400-500만원 미만,0,0.4843283582089554,0.616685456595265,0.2420937840785171,0.7453476983349653,0.2716612377850163,0.3623741756334603,0.5130434782608694,실속형 미식가,편리성을 중시하면서도 새로운 맛과 제품을 시도하는 데 적극적인 소비자 그룹입니다. 가격에 민감하기보다는 효율성과 맛을 동시에 추구합니다.
151,여자,50대,서비스 종사자,고졸(대학 재학 포함),대전광역시,1세대가족,기혼,맞벌이 함,500-600만원 미만,0,0.4626865671641791,0.6110484780157834,0.2088331515812427,0.7796278158667972,0.3289902280130297,0.1318986463033667,0.2695652173913042,실속형 미식가,편리성을 중시하면서도 새로운 맛과 제품을 시도하는 데 적극적인 소비자 그룹입니다. 가격에 민감하기보다는 효율성과 맛을 동시에 추구합니다.
152,여자,50대,주부,대학교 졸업(전문대졸/대학원생 포함),인천광역시,1세대가족,기혼,맞벌이 하지 않음,400-500만원 미만,0,0.4253731343283584,0.6366027809094327,0.0327153762268266,0.8041136141038193,0.172638436482085,0.4245053800763623,0.5304347826086953,실속형 미식가,편리성을 중시하면서도 새로운 맛과 제품을 시도하는 데 적극적인 소비자 그룹입니다. 가격에 민감하기보다는 효율성과 맛을 동시에 추구합니다.
153,여자,50대,사무 종사자,고졸(대학 재학 포함),충청남도,1세대가족,기혼,맞벌이 함,500-600만원 미만,0,0.5014925373134329,0.5978955279969934,0.2470010905125408,0.7453476983349653,0.3899022801302931,0.3245400902464419,0.317391304347826,실속형 미식가,편리성을 중시하면서도 새로운 맛과 제품을 시도하는 데 적극적인 소비자 그룹입니다. 가격에 민감하기보다는 효율성과 맛을 동시에 추구합니다.
154,여자,50대,사무 종사자,대학교 졸업(전문대졸/대학원생 포함),충청남도,1세대가족,기혼,맞벌이 함,600-700만원 미만,0,0.1194029850746271,0.9932356257046224,0.3497818974918211,0.8550440744368261,0.0325732899022803,0.5945852134675458,0.1652173913043478,실속형 미식가,편리성을 중시하면서도 새로운 맛과 제품을 시도하는 데 적극적인 소비자 그룹입니다. 가격에 민감하기보다는 효율성과 맛을 동시에 추구합니다.
155,여자,50대,사무 종사자,대학교 졸업(전문대졸/대학원생 포함),대전광역시,1세대가족,기혼,맞벌이 함,400-500만원 미만,0,0.3156716417910447,0.6429913566328446,0.3426935659760083,0.7845249755142015,0.2517915309446253,0.3602915654286703,0.5260869565217389,실속형 미식가,편리성을 중시하면서도 새로운 맛과 제품을 시도하는 데 적극적인 소비자 그룹입니다. 가격에 민감하기보다는 효율성과 맛을 동시에 추구합니다.
156,여자,50대,주부,고졸(대학 재학 포함),세종특별자치시,1세대가족,기혼,맞벌이 하지 않음,500-600만원 미만,0,0.2656716417910447,0.6279594137542276,0.4582878953107963,0.8432908912830556,0.2123778501628664,0.4585213467545986,0.4913043478260865,실속형 미식가,편리성을 중시하면서도 새로운 맛과 제품을 시도하는 데 적극적인 소비자 그룹입니다. 가격에 민감하기보다는 효율성과 맛을 동시에 추구합니다.
157,여자,50대,서비스 종사자,고졸(대학 재학 포함),경상북도,1세대가족,기혼,맞벌이 함,100-200만원 미만,0,0.4544776119402984,0.5001878992859826,0.4446564885496182,0.8237022526934379,0.3231270358306188,0.4192988545643871,0.4708695652173912,실속형 미식가,편리성을 중시하면서도 새로운 맛과 제품을 시도하는 데 적극적인 소비자 그룹입니다. 가격에 민감하기보다는 효율성과 맛을 동시에 추구합니다.
158,여자,50대,주부,고졸(대학 재학 포함),경상북도,1세대가족,기혼,맞벌이 하지 않음,200-300만원 미만,1,0.5395522388059701,0.3912063134160088,0.6395856052344602,0.8237022526934379,0.2517915309446253,0.4099271086428319,0.2565217391304346,건강 추구형 소비자,가격이나 브랜드에 크게 구애받지 않고 건강을 최우선으로 고려하는 프리미엄 소비자 그룹입니다. 건강과 편리성을 모두 만족시키는 제품에 기꺼이 지갑을 엽니다.
159,여자,50대,주부,대학교 졸업(전문대졸/대학원생 포함),인천광역시,1세대가족,기혼,맞벌이 하지 않음,400-500만원 미만,1,0.3305970149253732,0.3555054490792934,0.6919302071973825,0.7012732615083248,0.5573289902280131,0.2464422075668168,0.1173913043478259,건강 추구형 소비자,가격이나 브랜드에 크게 구애받지 않고 건강을 최우선으로 고려하는 프리미엄 소비자 그룹입니다. 건강과 편리성을 모두 만족시키는 제품에 기꺼이 지갑을 엽니다.
160,여자,50대,서비스 종사자,고졸(대학 재학 포함),경기도,1세대가족,기혼,맞벌이 함,"900-1,000만원 미만",1,0.2828358208955224,0.4205186020293122,0.8544165757906215,0.8188050930460328,0.4931596091205212,0.2221450885109336,0.1695652173913041,건강 추구형 소비자,가격이나 브랜드에 크게 구애받지 않고 건강을 최우선으로 고려하는 프리미엄 소비자 그룹입니다. 건강과 편리성을 모두 만족시키는 제품에 기꺼이 지갑을 엽니다.
161,여자,50대,서비스 종사자,고졸(대학 재학 포함),강원도,1세대가족,기혼,맞벌이 함,400-500만원 미만,1,0.2485074626865673,0.4325441563322056,0.7739912758996728,0.8628795298726734,0.5697068403908796,0.4127039222492189,0.3565217391304347,건강 추구형 소비자,가격이나 브랜드에 크게 구애받지 않고 건강을 최우선으로 고려하는 프리미엄 소비자 그룹입니다. 건강과 편리성을 모두 만족시키는 제품에 기꺼이 지갑을 엽니다.
162,여자,50대,서비스 종사자,고졸(대학 재학 포함),전라북도,1세대가족,기혼,맞벌이 함,400-500만원 미만,1,0.1865671641791045,0.4325441563322056,0.9160305343511448,0.8628795298726734,0.6306188925081435,0.360985768830267,0.452173913043478,건강 추구형 소비자,가격이나 브랜드에 크게 구애받지 않고 건강을 최우선으로 고려하는 프리미엄 소비자 그룹입니다. 건강과 편리성을 모두 만족시키는 제품에 기꺼이 지갑을 엽니다.
163,여자,50대,주부,고졸(대학 재학 포함),경상남도,1세대가족,기혼,맞벌이 하지 않음,200-300만원 미만,1,0.171641791044776,0.421270199173243,0.6687568157033805,0.7649363369245838,0.4657980456026058,0.2700451232211037,0.1217391304347824,건강 추구형 소비자,가격이나 브랜드에 크게 구애받지 않고 건강을 최우선으로 고려하는 프리미엄 소비자 그룹입니다. 건강과 편리성을 모두 만족시키는 제품에 기꺼이 지갑을 엽니다.
164,여자,50대,기능원 및 관련 기능 종사자,고졸(대학 재학 포함),서울특별시,1세대가족,기혼,맞벌이 함,300-400만원 미만,3,0.7686567164179104,0.5603156708004507,0.6221374045801524,0.8432908912830556,0.529315960912052,0.3436306837903504,0.4652173913043476,트렌드 주도형 소비자,"자신의 취향과 경험을 중시하는 소비자 그룹입니다. 단순히 배를 채우는 것 이상의 가치를 추구하며, 새로운 제품을 가장 먼저 경험하고 공유하려는 경향이 강합니다"
165,여자,50대,서비스 종사자,고졸(대학 재학 포함),경상남도,1세대가족,기혼,맞벌이 함,700-800만원 미만,3,0.7126865671641791,0.5640736565201049,0.3675027262813524,0.7453476983349653,0.4381107491856681,0.3519611246095104,0.4086956521739129,트렌드 주도형 소비자,"자신의 취향과 경험을 중시하는 소비자 그룹입니다. 단순히 배를 채우는 것 이상의 가치를 추구하며, 새로운 제품을 가장 먼저 경험하고 공유하려는 경향이 강합니다"
166,여자,50대,서비스 종사자,고졸(대학 재학 포함),울산광역시,1세대가족,기혼,맞벌이 함,500-600만원 미만,3,0.707462686567164,0.8271326568959034,0.3296074154852779,0.9020568070519096,0.3895765472312707,0.3554321416174937,0.4708695652173912,트렌드 주도형 소비자,"자신의 취향과 경험을 중시하는 소비자 그룹입니다. 단순히 배를 채우는 것 이상의 가치를 추구하며, 새로운 제품을 가장 먼저 경험하고 공유하려는 경향이 강합니다"
167,여자,50대,사무 종사자,대학교 졸업(전문대졸/대학원생 포함),울산광역시,1세대가족,기혼,맞벌이 함,400-500만원 미만,3,0.7007462686567165,0.7256670424652385,0.3007088331515811,0.8824681684622918,0.3221498371335506,0.4186046511627904,0.518695652173913,트렌드 주도형 소비자,"자신의 취향과 경험을 중시하는 소비자 그룹입니다. 단순히 배를 채우는 것 이상의 가치를 추구하며, 새로운 제품을 가장 먼저 경험하고 공유하려는 경향이 강합니다"
168,여자,50대,주부,고졸(대학 재학 포함),부산광역시,1세대가족,기혼,맞벌이 하지 않음,300-400만원 미만,3,0.6082089552238807,0.6692972566704246,0.2598146128680478,0.8628795298726734,0.2664495114006517,0.356820548420687,0.5999999999999999,트렌드 주도형 소비자,"자신의 취향과 경험을 중시하는 소비자 그룹입니다. 단순히 배를 채우는 것 이상의 가치를 추구하며, 새로운 제품을 가장 먼저 경험하고 공유하려는 경향이 강합니다"
169,여자,50대,기능원 및 관련 기능 종사자,고졸(대학 재학 포함),경상남도,1세대가족,기혼,맞벌이 함,600-700만원 미만,3,0.5507462686567165,0.6730552423900787,0.5556161395856052,0.941234084231146,0.5322475570032571,0.3557792433182922,0.7130434782608693,트렌드 주도형 소비자,"자신의 취향과 경험을 중시하는 소비자 그룹입니다. 단순히 배를 채우는 것 이상의 가치를 추구하며, 새로운 제품을 가장 먼저 경험하고 공유하려는 경향이 강합니다"
170,여자,50대,전문가 및 관련 종사자,대학교 졸업(전문대졸/대학원생 포함),세종특별자치시,1세대가족,기혼,맞벌이 함,500-600만원 미만,3,0.7007462686567165,0.6580232995114619,0.3347873500545258,0.9020568070519096,0.374267100977199,0.4359597362027073,0.417391304347826,트렌드 주도형 소비자,"자신의 취향과 경험을 중시하는 소비자 그룹입니다. 단순히 배를 채우는 것 이상의 가치를 추구하며, 새로운 제품을 가장 먼저 경험하고 공유하려는 경향이 강합니다"
171,여자,50대,사무 종사자,대학교 졸업(전문대졸/대학원생 포함),대전광역시,1세대가족,기혼,맞벌이 함,500-600만원 미만,3,0.4970149253731342,0.5415257422021796,0.4528353326063248,0.7453476983349653,0.4811074918566775,0.4380423464074969,0.4260869565217389,트렌드 주도형 소비자,"자신의 취향과 경험을 중시하는 소비자 그룹입니다. 단순히 배를 채우는 것 이상의 가치를 추구하며, 새로운 제품을 가장 먼저 경험하고 공유하려는 경향이 강합니다"
172,여자,50대,판매 종사자,고졸(대학 재학 포함),부산광역시,1세대가족,기혼,맞벌이 하지 않음,100-200만원 미만,3,0.8283582089552239,0.616685456595265,0.3634133042529991,0.9020568070519096,0.4716612377850167,0.5015619576535921,0.4956521739130434,트렌드 주도형 소비자,"자신의 취향과 경험을 중시하는 소비자 그룹입니다. 단순히 배를 채우는 것 이상의 가치를 추구하며, 새로운 제품을 가장 먼저 경험하고 공유하려는 경향이 강합니다"
173,여자,50대,판매 종사자,고졸(대학 재학 포함),전라북도,1세대가족,기혼,맞벌이 함,600-700만원 미만,3,0.6186567164179103,0.4588500563697856,0.1943838604143943,0.7257590597453475,0.3091205211726388,0.221450885109337,0.6565217391304344,트렌드 주도형 소비자,"자신의 취향과 경험을 중시하는 소비자 그룹입니다. 단순히 배를 채우는 것 이상의 가치를 추구하며, 새로운 제품을 가장 먼저 경험하고 공유하려는 경향이 강합니다"
174,여자,50대,서비스 종사자,대학교 졸업(전문대졸/대학원생 포함),전라북도,1세대가족,기혼,맞벌이 함,400-500만원 미만,3,0.5619402985074629,0.5678316422397591,0.2339149400218104,0.7257590597453475,0.3570032573289903,0.2485248177716068,0.4260869565217389,트렌드 주도형 소비자,"자신의 취향과 경험을 중시하는 소비자 그룹입니다. 단순히 배를 채우는 것 이상의 가치를 추구하며, 새로운 제품을 가장 먼저 경험하고 공유하려는 경향이 강합니다"
175,여자,50대,주부,고졸(대학 재학 포함),전라남도,1세대가족,기혼,맞벌이 하지 않음,300-400만원 미만,3,0.6455223880597015,0.7557309282224727,0.2729007633587789,0.8237022526934379,0.2768729641693813,0.2811523776466503,0.452173913043478,트렌드 주도형 소비자,"자신의 취향과 경험을 중시하는 소비자 그룹입니다. 단순히 배를 채우는 것 이상의 가치를 추구하며, 새로운 제품을 가장 먼저 경험하고 공유하려는 경향이 강합니다"
176,여자,50대,주부,고졸(대학 재학 포함),세종특별자치시,1세대가족,기혼,맞벌이 하지 않음,400-500만원 미만,3,0.6350746268656716,0.8121007140172866,0.2625408942202838,0.8628795298726734,0.3749185667752444,0.5182228392919125,0.4273913043478261,트렌드 주도형 소비자,"자신의 취향과 경험을 중시하는 소비자 그룹입니다. 단순히 배를 채우는 것 이상의 가치를 추구하며, 새로운 제품을 가장 먼저 경험하고 공유하려는 경향이 강합니다"
177,여자,50대,서비스 종사자,대학교 졸업(전문대졸/대학원생 포함),전라북도,1인 가구,미혼(사별/이혼 포함),맞벌이 하지 않음,200-300만원 미만,0,0.1664179104477611,1.0,0.5321701199563798,0.9804113614103814,0.3944625407166123,0.5060742797639707,0.3695652173913043,실속형 미식가,편리성을 중시하면서도 새로운 맛과 제품을 시도하는 데 적극적인 소비자 그룹입니다. 가격에 민감하기보다는 효율성과 맛을 동시에 추구합니다.
178,여자,50대,사무 종사자,대학교 졸업(전문대졸/대학원생 포함),제주특별자치도,1인 가구,미혼(사별/이혼 포함),맞벌이 하지 않음,200-300만원 미만,0,0.1194029850746271,0.3818113491168734,0.3206106870229009,0.7012732615083248,0.3791530944625406,0.2554668517875734,0.7869565217391303,실속형 미식가,편리성을 중시하면서도 새로운 맛과 제품을 시도하는 데 적극적인 소비자 그룹입니다. 가격에 민감하기보다는 효율성과 맛을 동시에 추구합니다.
179,여자,50대,사무 종사자,고졸(대학 재학 포함),경상북도,1인 가구,미혼(사별/이혼 포함),맞벌이 하지 않음,200-300만원 미만,0,0.2089552238805972,0.372040586245772,0.4880043620501634,0.6366307541625852,0.2508143322475571,0.2013189864630334,0.4304347826086956,실속형 미식가,편리성을 중시하면서도 새로운 맛과 제품을 시도하는 데 적극적인 소비자 그룹입니다. 가격에 민감하기보다는 효율성과 맛을 동시에 추구합니다.
180,여자,50대,판매 종사자,고졸(대학 재학 포함),광주광역시,1인 가구,미혼(사별/이혼 포함),맞벌이 하지 않음,100-200만원 미만,0,0.4067164179104477,0.4099962420142803,0.2742639040348961,0.7649363369245838,0.4218241042345276,0.3776466504685872,0.4434782608695652,실속형 미식가,편리성을 중시하면서도 새로운 맛과 제품을 시도하는 데 적극적인 소비자 그룹입니다. 가격에 민감하기보다는 효율성과 맛을 동시에 추구합니다.
181,여자,50대,주부,대학교 졸업(전문대졸/대학원생 포함),서울특별시,1인 가구,기혼,맞벌이 하지 않음,"900-1,000만원 미만",1,0.3619402985074627,0.534009770762871,0.7617230098146128,0.8432908912830556,0.4446254071661238,0.1995834779590418,0.0869565217391304,건강 추구형 소비자,가격이나 브랜드에 크게 구애받지 않고 건강을 최우선으로 고려하는 프리미엄 소비자 그룹입니다. 건강과 편리성을 모두 만족시키는 제품에 기꺼이 지갑을 엽니다.
182,여자,50대,사무 종사자,고졸(대학 재학 포함),강원도,1인 가구,미혼(사별/이혼 포함),맞벌이 하지 않음,300-400만원 미만,1,0.3007462686567163,0.4813979706877111,0.8135223555070881,0.8824681684622918,0.5410423452768731,0.3658451926414436,0.3317391304347824,건강 추구형 소비자,가격이나 브랜드에 크게 구애받지 않고 건강을 최우선으로 고려하는 프리미엄 소비자 그룹입니다. 건강과 편리성을 모두 만족시키는 제품에 기꺼이 지갑을 엽니다.
183,여자,50대,서비스 종사자,중졸 이하,전라북도,1인 가구,기혼,맞벌이 하지 않음,100-200만원 미만,1,0.398507462686567,0.46260804208944,0.630316248636859,0.8041136141038193,0.4198697068403912,0.3727872266574106,0.2826086956521738,건강 추구형 소비자,가격이나 브랜드에 크게 구애받지 않고 건강을 최우선으로 고려하는 프리미엄 소비자 그룹입니다. 건강과 편리성을 모두 만족시키는 제품에 기꺼이 지갑을 엽니다.
184,여자,50대,판매 종사자,대학교 졸업(전문대졸/대학원생 포함),대구광역시,1인 가구,미혼(사별/이혼 포함),맞벌이 하지 않음,300-400만원 미만,3,0.5141791044776122,0.3780533633972192,0.2753544165757908,0.8775710088148868,0.4957654723127034,0.4477611940298507,0.4913043478260865,트렌드 주도형 소비자,"자신의 취향과 경험을 중시하는 소비자 그룹입니다. 단순히 배를 채우는 것 이상의 가치를 추구하며, 새로운 제품을 가장 먼저 경험하고 공유하려는 경향이 강합니다"
185,여자,50대,판매 종사자,고졸(대학 재학 포함),부산광역시,1인 가구,미혼(사별/이혼 포함),맞벌이 하지 않음,300-400만원 미만,3,0.546268656716418,0.5396467493423522,0.3827699018538713,0.8579823702252692,0.4013029315960914,0.3769524470669902,0.3826086956521738,트렌드 주도형 소비자,"자신의 취향과 경험을 중시하는 소비자 그룹입니다. 단순히 배를 채우는 것 이상의 가치를 추구하며, 새로운 제품을 가장 먼저 경험하고 공유하려는 경향이 강합니다"
186,여자,50대,단순노무 종사자,고졸(대학 재학 포함),부산광역시,1인 가구,미혼(사별/이혼 포함),맞벌이 하지 않음,100-200만원 미만,3,0.5395522388059701,0.5978955279969934,0.3705016357688113,0.8041136141038193,0.4687296416938111,0.3158625477264835,0.4086956521739129,트렌드 주도형 소비자,"자신의 취향과 경험을 중시하는 소비자 그룹입니다. 단순히 배를 채우는 것 이상의 가치를 추구하며, 새로운 제품을 가장 먼저 경험하고 공유하려는 경향이 강합니다"
187,여자,50대,서비스 종사자,대학교 졸업(전문대졸/대학원생 포함),울산광역시,1인 가구,미혼(사별/이혼 포함),맞벌이 하지 않음,300-400만원 미만,3,0.6470149253731344,0.3874483276963545,0.1371319520174485,0.8628795298726734,0.2628664495114008,0.5380076362374172,0.8739130434782607,트렌드 주도형 소비자,"자신의 취향과 경험을 중시하는 소비자 그룹입니다. 단순히 배를 채우는 것 이상의 가치를 추구하며, 새로운 제품을 가장 먼저 경험하고 공유하려는 경향이 강합니다"
188,여자,50대,주부,고졸(대학 재학 포함),대구광역시,1인 가구,미혼(사별/이혼 포함),맞벌이 하지 않음,200-300만원 미만,3,0.6455223880597015,0.3630214205186018,0.1079607415485274,0.8383937316356512,0.3045602605863196,0.1804928844151334,0.8478260869565215,트렌드 주도형 소비자,"자신의 취향과 경험을 중시하는 소비자 그룹입니다. 단순히 배를 채우는 것 이상의 가치를 추구하며, 새로운 제품을 가장 먼저 경험하고 공유하려는 경향이 강합니다"
189,여자,50대,서비스 종사자,대학교 졸업(전문대졸/대학원생 포함),강원도,2세대가족,기혼,맞벌이 함,600-700만원 미만,0,0.2611940298507462,0.3367155204810222,0.5817884405670666,0.7600391772771787,0.3713355048859938,0.1631377993752169,0.618695652173913,실속형 미식가,편리성을 중시하면서도 새로운 맛과 제품을 시도하는 데 적극적인 소비자 그룹입니다. 가격에 민감하기보다는 효율성과 맛을 동시에 추구합니다.
190,여자,50대,주부,고졸(대학 재학 포함),전라북도,2세대가족,기혼,맞벌이 하지 않음,400-500만원 미만,0,0.4305970149253733,0.6542653137918076,0.2434569247546344,0.8432908912830556,0.2811074918566776,0.442901770218674,0.6173913043478257,실속형 미식가,편리성을 중시하면서도 새로운 맛과 제품을 시도하는 데 적극적인 소비자 그룹입니다. 가격에 민감하기보다는 효율성과 맛을 동시에 추구합니다.
191,여자,50대,서비스 종사자,대학교 졸업(전문대졸/대학원생 포함),울산광역시,2세대가족,기혼,맞벌이 함,600-700만원 미만,0,0.3492537313432834,0.5264937993235627,0.5539803707742637,1.0,0.3211726384364824,0.2585907670947587,0.6869565217391302,실속형 미식가,편리성을 중시하면서도 새로운 맛과 제품을 시도하는 데 적극적인 소비자 그룹입니다. 가격에 민감하기보다는 효율성과 맛을 동시에 추구합니다.
192,여자,50대,서비스 종사자,대학교 졸업(전문대졸/대학원생 포함),대전광역시,2세대가족,기혼,맞벌이 함,500-600만원 미만,0,0.2865671641791045,0.6880871852686957,0.0517993456924753,0.8237022526934379,0.1185667752442997,0.3637625824366537,0.417391304347826,실속형 미식가,편리성을 중시하면서도 새로운 맛과 제품을 시도하는 데 적극적인 소비자 그룹입니다. 가격에 민감하기보다는 효율성과 맛을 동시에 추구합니다.
193,여자,50대,서비스 종사자,대학교 졸업(전문대졸/대학원생 포함),제주특별자치도,2세대가족,미혼(사별/이혼 포함),맞벌이 하지 않음,200-300만원 미만,0,0.044776119402985,0.3799323562570461,0.6183206106870225,0.7453476983349653,0.3289902280130297,0.2370704616452617,0.5217391304347825,실속형 미식가,편리성을 중시하면서도 새로운 맛과 제품을 시도하는 데 적극적인 소비자 그룹입니다. 가격에 민감하기보다는 효율성과 맛을 동시에 추구합니다.
194,여자,50대,관리자,대학교 졸업(전문대졸/대학원생 포함),경기도,2세대가족,기혼,맞벌이 함,600-700만원 미만,0,0.3753731343283583,0.477639984968057,0.3691384950926932,0.8237022526934379,0.4745928338762213,0.3429364803887537,0.5521739130434781,실속형 미식가,편리성을 중시하면서도 새로운 맛과 제품을 시도하는 데 적극적인 소비자 그룹입니다. 가격에 민감하기보다는 효율성과 맛을 동시에 추구합니다.
195,여자,50대,사무 종사자,고졸(대학 재학 포함),서울특별시,2세대가족,기혼,맞벌이 함,700-800만원 미만,0,0.3395522388059703,0.4588500563697856,0.3931297709923664,0.8432908912830556,0.2700325732899022,0.2752516487330785,0.843478260869565,실속형 미식가,편리성을 중시하면서도 새로운 맛과 제품을 시도하는 데 적극적인 소비자 그룹입니다. 가격에 민감하기보다는 효율성과 맛을 동시에 추구합니다.
196,여자,50대,판매 종사자,대학교 졸업(전문대졸/대학원생 포함),충청남도,2세대가족,기혼,맞벌이 함,500-600만원 미만,0,0.3283582089552239,0.5772266065388949,0.1780261723009818,0.7796278158667972,0.2410423452768733,0.1596667823672336,0.3882608695652174,실속형 미식가,편리성을 중시하면서도 새로운 맛과 제품을 시도하는 데 적극적인 소비자 그룹입니다. 가격에 민감하기보다는 효율성과 맛을 동시에 추구합니다.
197,여자,50대,기능원 및 관련 기능 종사자,고졸(대학 재학 포함),경상북도,2세대가족,기혼,맞벌이 함,400-500만원 미만,0,0.2477611940298509,0.3055242390078915,0.0109051254089419,0.6199804113614098,0.0885993485342021,0.4696286011801457,0.8217391304347823,실속형 미식가,편리성을 중시하면서도 새로운 맛과 제품을 시도하는 데 적극적인 소비자 그룹입니다. 가격에 민감하기보다는 효율성과 맛을 동시에 추구합니다.
198,여자,50대,서비스 종사자,대학교 졸업(전문대졸/대학원생 포함),전라북도,2세대가족,기혼,맞벌이 함,500-600만원 미만,0,0.4186567164179104,0.5866215708380308,0.2625408942202838,0.8432908912830556,0.3250814332247558,0.399514057618882,0.5739130434782607,실속형 미식가,편리성을 중시하면서도 새로운 맛과 제품을 시도하는 데 적극적인 소비자 그룹입니다. 가격에 민감하기보다는 효율성과 맛을 동시에 추구합니다.
199,여자,50대,주부,고졸(대학 재학 포함),충청북도,2세대가족,기혼,맞벌이 하지 않음,700-800만원 미만,0,0.2507462686567166,0.3987222848553172,0.4345692475463467,0.8628795298726734,0.3309446254071662,0.4671988892745572,0.5347826086956521,실속형 미식가,편리성을 중시하면서도 새로운 맛과 제품을 시도하는 데 적극적인 소비자 그룹입니다. 가격에 민감하기보다는 효율성과 맛을 동시에 추구합니다.
200,여자,50대,서비스 종사자,고졸(대학 재학 포함),대전광역시,2세대가족,기혼,맞벌이 하지 않음,700-800만원 미만,0,0.1567164179104479,0.3573844419391207,0.3293347873500544,0.8432908912830556,0.3485342019543977,0.4446372787226654,0.4260869565217389,실속형 미식가,편리성을 중시하면서도 새로운 맛과 제품을 시도하는 데 적극적인 소비자 그룹입니다. 가격에 민감하기보다는 효율성과 맛을 동시에 추구합니다.
201,여자,50대,서비스 종사자,대학교 졸업(전문대졸/대학원생 포함),경기도,2세대가족,기혼,맞벌이 함,"900-1,000만원 미만",0,0.2708955223880596,0.6805712138293873,0.4070338058887678,0.9608227228207636,0.4664495114006516,0.4786532454009022,0.4826086956521738,실속형 미식가,편리성을 중시하면서도 새로운 맛과 제품을 시도하는 데 적극적인 소비자 그룹입니다. 가격에 민감하기보다는 효율성과 맛을 동시에 추구합니다.
202,여자,50대,사무 종사자,고졸(대학 재학 포함),대전광역시,2세대가족,기혼,맞벌이 함,700-800만원 미만,0,0.3447761194029852,0.3649004133784291,0.3320610687022897,0.8432908912830556,0.4804560260586322,0.429711905588337,0.4143478260869565,실속형 미식가,편리성을 중시하면서도 새로운 맛과 제품을 시도하는 데 적극적인 소비자 그룹입니다. 가격에 민감하기보다는 효율성과 맛을 동시에 추구합니다.
203,여자,50대,서비스 종사자,대학교 졸업(전문대졸/대학원생 포함),경상북도,2세대가족,기혼,맞벌이 함,300-400만원 미만,0,0.2201492537313432,0.6328447951897783,0.3478735005452563,0.7845249755142015,0.163843648208469,0.2790697674418604,0.6130434782608694,실속형 미식가,편리성을 중시하면서도 새로운 맛과 제품을 시도하는 데 적극적인 소비자 그룹입니다. 가격에 민감하기보다는 효율성과 맛을 동시에 추구합니다.
204,여자,50대,판매 종사자,고졸(대학 재학 포함),충청남도,2세대가족,기혼,맞벌이 함,500-600만원 미만,0,0.3380597014925374,0.535888763622698,0.2878953107960743,0.740450538687561,0.2908794788273618,0.1388406803193333,0.3665217391304347,실속형 미식가,편리성을 중시하면서도 새로운 맛과 제품을 시도하는 데 적극적인 소비자 그룹입니다. 가격에 민감하기보다는 효율성과 맛을 동시에 추구합니다.
205,여자,50대,주부,대학교 졸업(전문대졸/대학원생 포함),서울특별시,2세대가족,기혼,맞벌이 하지 않음,400-500만원 미만,0,0.2947761194029852,0.4513340849304773,0.2816248636859325,0.8432908912830556,0.2241042345276876,0.5414786532454009,0.7186956521739127,실속형 미식가,편리성을 중시하면서도 새로운 맛과 제품을 시도하는 데 적극적인 소비자 그룹입니다. 가격에 민감하기보다는 효율성과 맛을 동시에 추구합니다.
206,여자,50대,장치·기계 조작 및 조립 종사자,고졸(대학 재학 포함),경기도,2세대가족,기혼,맞벌이 함,700-800만원 미만,0,0.2910447761194031,0.5001878992859826,0.4784623773173387,0.8432908912830556,0.286970684039088,0.2950364456785835,0.6956521739130433,실속형 미식가,편리성을 중시하면서도 새로운 맛과 제품을 시도하는 데 적극적인 소비자 그룹입니다. 가격에 민감하기보다는 효율성과 맛을 동시에 추구합니다.
207,여자,50대,서비스 종사자,고졸(대학 재학 포함),제주특별자치도,2세대가족,미혼(사별/이혼 포함),맞벌이 하지 않음,200-300만원 미만,0,0.4798507462686569,0.5847425779782035,0.2933478735005455,0.681684622918707,0.3342019543973942,0.3009371745921551,0.2521739130434782,실속형 미식가,편리성을 중시하면서도 새로운 맛과 제품을 시도하는 데 적극적인 소비자 그룹입니다. 가격에 민감하기보다는 효율성과 맛을 동시에 추구합니다.
208,여자,50대,주부,대학교 졸업(전문대졸/대학원생 포함),서울특별시,2세대가족,기혼,맞벌이 하지 않음,500-600만원 미만,0,0.2313432835820895,0.6880871852686957,0.022628135223555,0.8237022526934379,0.1719869706840392,0.3332176327664005,0.4273913043478261,실속형 미식가,편리성을 중시하면서도 새로운 맛과 제품을 시도하는 데 적극적인 소비자 그룹입니다. 가격에 민감하기보다는 효율성과 맛을 동시에 추구합니다.
209,여자,50대,사무 종사자,고졸(대학 재학 포함),부산광역시,2세대가족,기혼,맞벌이 함,600-700만원 미만,0,0.1514925373134329,0.5753476136790681,0.5956924754634674,0.8628795298726734,0.2957654723127035,0.2672683096147167,0.4565217391304347,실속형 미식가,편리성을 중시하면서도 새로운 맛과 제품을 시도하는 데 적극적인 소비자 그룹입니다. 가격에 민감하기보다는 효율성과 맛을 동시에 추구합니다.
210,여자,50대,전문가 및 관련 종사자,대학교 졸업(전문대졸/대학원생 포함),제주특별자치도,2세대가족,기혼,맞벌이 하지 않음,300-400만원 미만,0,0.5298507462686567,0.4363021420518599,0.0640676117775353,0.7649363369245838,0.2762214983713355,0.251648733078792,0.626086956521739,실속형 미식가,편리성을 중시하면서도 새로운 맛과 제품을 시도하는 데 적극적인 소비자 그룹입니다. 가격에 민감하기보다는 효율성과 맛을 동시에 추구합니다.
211,여자,50대,서비스 종사자,고졸(대학 재학 포함),경기도,2세대가족,미혼(사별/이혼 포함),맞벌이 하지 않음,400-500만원 미만,1,0.5559701492537314,0.4513340849304773,0.6886586695747003,0.8628795298726734,0.796742671009772,0.3717459215550155,0.1,건강 추구형 소비자,가격이나 브랜드에 크게 구애받지 않고 건강을 최우선으로 고려하는 프리미엄 소비자 그룹입니다. 건강과 편리성을 모두 만족시키는 제품에 기꺼이 지갑을 엽니다.
212,여자,50대,서비스 종사자,고졸(대학 재학 포함),경기도,2세대가족,기혼,맞벌이 함,"1,000만원 이상",1,0.0597014925373135,0.3679068019541525,0.7966194111232279,0.7208619000979426,0.4732899022801303,0.1874349184311001,0.0782608695652173,건강 추구형 소비자,가격이나 브랜드에 크게 구애받지 않고 건강을 최우선으로 고려하는 프리미엄 소비자 그룹입니다. 건강과 편리성을 모두 만족시키는 제품에 기꺼이 지갑을 엽니다.
213,여자,50대,주부,고졸(대학 재학 포함),대구광역시,2세대가족,기혼,맞벌이 하지 않음,300-400만원 미만,1,0.4888059701492536,0.4513340849304773,0.4978189749182115,0.8041136141038193,0.4651465798045605,0.5692467893092674,0.3391304347826084,건강 추구형 소비자,가격이나 브랜드에 크게 구애받지 않고 건강을 최우선으로 고려하는 프리미엄 소비자 그룹입니다. 건강과 편리성을 모두 만족시키는 제품에 기꺼이 지갑을 엽니다.
214,여자,50대,판매 종사자,대학교 졸업(전문대졸/대학원생 포함),인천광역시,2세대가족,기혼,맞벌이 함,600-700만원 미만,1,0.4567164179104477,0.394964299135663,0.8017993456924757,0.7649363369245838,0.5895765472312706,0.4671988892745572,0.1521739130434783,건강 추구형 소비자,가격이나 브랜드에 크게 구애받지 않고 건강을 최우선으로 고려하는 프리미엄 소비자 그룹입니다. 건강과 편리성을 모두 만족시키는 제품에 기꺼이 지갑을 엽니다.
215,여자,50대,판매 종사자,고졸(대학 재학 포함),서울특별시,2세대가족,기혼,맞벌이 함,500-600만원 미만,1,0.337313432835821,0.5302517850432169,0.5708833151581238,0.9216454456415274,0.4794788273615635,0.5623047552933008,0.4882608695652172,건강 추구형 소비자,가격이나 브랜드에 크게 구애받지 않고 건강을 최우선으로 고려하는 프리미엄 소비자 그룹입니다. 건강과 편리성을 모두 만족시키는 제품에 기꺼이 지갑을 엽니다.
216,여자,50대,판매 종사자,대학교 졸업(전문대졸/대학원생 포함),충청남도,2세대가족,기혼,맞벌이 함,500-600만원 미만,1,0.5447761194029851,0.2792183389703119,0.4310250817884402,0.6395690499510283,0.6361563517915311,0.1596667823672336,0.2739130434782606,건강 추구형 소비자,가격이나 브랜드에 크게 구애받지 않고 건강을 최우선으로 고려하는 프리미엄 소비자 그룹입니다. 건강과 편리성을 모두 만족시키는 제품에 기꺼이 지갑을 엽니다.
217,여자,50대,사무 종사자,대학교 졸업(전문대졸/대학원생 포함),부산광역시,2세대가족,기혼,맞벌이 함,700-800만원 미만,1,0.7238805970149254,0.3536264562194665,0.7268266085059976,0.7649363369245838,0.2964169381107494,0.3342589378687952,0.1565217391304346,건강 추구형 소비자,가격이나 브랜드에 크게 구애받지 않고 건강을 최우선으로 고려하는 프리미엄 소비자 그룹입니다. 건강과 편리성을 모두 만족시키는 제품에 기꺼이 지갑을 엽니다.
218,여자,50대,판매 종사자,대학교 졸업(전문대졸/대학원생 포함),서울특별시,2세대가족,기혼,맞벌이 함,"1,000만원 이상",1,0.2611940298507462,0.6403607666290868,0.6526717557251906,0.8824681684622918,0.2850162866449515,0.2440124956612287,0.1521739130434783,건강 추구형 소비자,가격이나 브랜드에 크게 구애받지 않고 건강을 최우선으로 고려하는 프리미엄 소비자 그룹입니다. 건강과 편리성을 모두 만족시키는 제품에 기꺼이 지갑을 엽니다.
219,여자,50대,서비스 종사자,고졸(대학 재학 포함),경상남도,2세대가족,기혼,맞벌이 함,500-600만원 미만,1,0.4149253731343283,0.5452837279218338,0.623773173391494,0.8432908912830556,0.4452768729641696,0.2370704616452617,0.4217391304347824,건강 추구형 소비자,가격이나 브랜드에 크게 구애받지 않고 건강을 최우선으로 고려하는 프리미엄 소비자 그룹입니다. 건강과 편리성을 모두 만족시키는 제품에 기꺼이 지갑을 엽니다.
220,여자,50대,서비스 종사자,고졸(대학 재학 포함),대구광역시,2세대가족,기혼,맞벌이 하지 않음,200-300만원 미만,1,0.343283582089552,0.4614806463735439,0.6382224645583423,0.7619980411361407,0.3869706840390879,0.2637972926067334,0.4695652173913042,건강 추구형 소비자,가격이나 브랜드에 크게 구애받지 않고 건강을 최우선으로 고려하는 프리미엄 소비자 그룹입니다. 건강과 편리성을 모두 만족시키는 제품에 기꺼이 지갑을 엽니다.
221,여자,50대,판매 종사자,고졸(대학 재학 포함),경기도,2세대가족,기혼,맞벌이 함,700-800만원 미만,1,0.5895522388059702,0.5264937993235627,0.7082878953107958,0.8628795298726734,0.3843648208469056,0.2672683096147167,0.2347826086956519,건강 추구형 소비자,가격이나 브랜드에 크게 구애받지 않고 건강을 최우선으로 고려하는 프리미엄 소비자 그룹입니다. 건강과 편리성을 모두 만족시키는 제품에 기꺼이 지갑을 엽니다.
222,여자,50대,주부,대학교 졸업(전문대졸/대학원생 포함),경기도,2세대가족,기혼,맞벌이 하지 않음,500-600만원 미만,1,0.4507462686567164,0.6204434423149192,0.5564340239912755,0.8432908912830556,0.652117263843648,0.4040263797292605,0.1260869565217391,건강 추구형 소비자,가격이나 브랜드에 크게 구애받지 않고 건강을 최우선으로 고려하는 프리미엄 소비자 그룹입니다. 건강과 편리성을 모두 만족시키는 제품에 기꺼이 지갑을 엽니다.
223,여자,50대,서비스 종사자,고졸(대학 재학 포함),경상남도,2세대가족,기혼,맞벌이 함,500-600만원 미만,1,0.171641791044776,0.6054114994363019,0.5324427480916032,0.7845249755142015,0.2811074918566776,0.1874349184311001,0.201304347826087,건강 추구형 소비자,가격이나 브랜드에 크게 구애받지 않고 건강을 최우선으로 고려하는 프리미엄 소비자 그룹입니다. 건강과 편리성을 모두 만족시키는 제품에 기꺼이 지갑을 엽니다.
224,여자,50대,서비스 종사자,고졸(대학 재학 포함),경상북도,2세대가족,미혼(사별/이혼 포함),맞벌이 하지 않음,400-500만원 미만,1,0.3477611940298506,0.4513340849304773,0.5591603053435117,0.8237022526934379,0.3537459283387623,0.4140923290524122,0.2317391304347825,건강 추구형 소비자,가격이나 브랜드에 크게 구애받지 않고 건강을 최우선으로 고려하는 프리미엄 소비자 그룹입니다. 건강과 편리성을 모두 만족시키는 제품에 기꺼이 지갑을 엽니다.
225,여자,50대,서비스 종사자,고졸(대학 재학 포함),광주광역시,2세대가족,기혼,맞벌이 함,600-700만원 미만,1,0.1865671641791045,0.3987222848553172,0.776717557251908,0.8628795298726734,0.3061889250814336,0.1561957653592499,0.1478260869565215,건강 추구형 소비자,가격이나 브랜드에 크게 구애받지 않고 건강을 최우선으로 고려하는 프리미엄 소비자 그룹입니다. 건강과 편리성을 모두 만족시키는 제품에 기꺼이 지갑을 엽니다.
226,여자,50대,사무 종사자,대학교 졸업(전문대졸/대학원생 포함),대구광역시,2세대가족,기혼,맞벌이 함,600-700만원 미만,1,0.4589552238805971,0.4926719278466742,0.4820065430752452,0.8432908912830556,0.5026058631921825,0.5067684831655673,0.2652173913043478,건강 추구형 소비자,가격이나 브랜드에 크게 구애받지 않고 건강을 최우선으로 고려하는 프리미엄 소비자 그룹입니다. 건강과 편리성을 모두 만족시키는 제품에 기꺼이 지갑을 엽니다.
227,여자,50대,전문가 및 관련 종사자,대학교 졸업(전문대졸/대학원생 포함),경기도,2세대가족,기혼,맞벌이 함,700-800만원 미만,1,0.5037313432835822,0.4701240135287484,0.5340785169029441,0.8041136141038193,0.5403908794788274,0.3613328705310654,0.3913043478260869,건강 추구형 소비자,가격이나 브랜드에 크게 구애받지 않고 건강을 최우선으로 고려하는 프리미엄 소비자 그룹입니다. 건강과 편리성을 모두 만족시키는 제품에 기꺼이 지갑을 엽니다.
228,여자,50대,서비스 종사자,대학교 졸업(전문대졸/대학원생 포함),충청남도,2세대가족,기혼,맞벌이 함,600-700만원 미만,1,0.5149253731343285,0.2968808718526869,0.3489640130861507,0.6170421155729674,0.5211726384364822,0.0763623741756333,0.2434782608695651,건강 추구형 소비자,가격이나 브랜드에 크게 구애받지 않고 건강을 최우선으로 고려하는 프리미엄 소비자 그룹입니다. 건강과 편리성을 모두 만족시키는 제품에 기꺼이 지갑을 엽니다.
229,여자,50대,사무 종사자,대학교 졸업(전문대졸/대학원생 포함),인천광역시,2세대가족,기혼,맞벌이 함,600-700만원 미만,1,0.7208955223880598,0.4487034949267192,0.7055616139585605,0.8628795298726734,0.762540716612378,0.3491843110031237,0.1304347826086955,건강 추구형 소비자,가격이나 브랜드에 크게 구애받지 않고 건강을 최우선으로 고려하는 프리미엄 소비자 그룹입니다. 건강과 편리성을 모두 만족시키는 제품에 기꺼이 지갑을 엽니다.
230,여자,50대,사무 종사자,대학교 졸업(전문대졸/대학원생 포함),광주광역시,2세대가족,기혼,맞벌이 함,400-500만원 미만,3,0.5044776119402986,0.4287861706125515,0.2829880043620504,0.9020568070519096,0.3319218241042349,0.1995834779590418,0.5260869565217389,트렌드 주도형 소비자,"자신의 취향과 경험을 중시하는 소비자 그룹입니다. 단순히 배를 채우는 것 이상의 가치를 추구하며, 새로운 제품을 가장 먼저 경험하고 공유하려는 경향이 강합니다"
231,여자,50대,서비스 종사자,고졸(대학 재학 포함),울산광역시,2세대가족,기혼,맞벌이 함,400-500만원 미만,3,0.5007462686567165,0.6505073280721531,0.4623773173391496,0.8628795298726734,0.4951140065146581,0.2637972926067334,0.3999999999999997,트렌드 주도형 소비자,"자신의 취향과 경험을 중시하는 소비자 그룹입니다. 단순히 배를 채우는 것 이상의 가치를 추구하며, 새로운 제품을 가장 먼저 경험하고 공유하려는 경향이 강합니다"
232,여자,50대,서비스 종사자,대학교 졸업(전문대졸/대학원생 포함),울산광역시,2세대가족,기혼,맞벌이 함,600-700만원 미만,3,0.4313432835820893,0.5452837279218338,0.561886586695747,0.9804113614103814,0.3944625407166123,0.2655328011107253,0.6043478260869563,트렌드 주도형 소비자,"자신의 취향과 경험을 중시하는 소비자 그룹입니다. 단순히 배를 채우는 것 이상의 가치를 추구하며, 새로운 제품을 가장 먼저 경험하고 공유하려는 경향이 강합니다"
233,여자,50대,서비스 종사자,대학교 졸업(전문대졸/대학원생 포함),서울특별시,2세대가족,기혼,맞벌이 함,500-600만원 미만,3,0.8276119402985076,0.3818113491168734,0.2914394765539806,0.7992164544564151,0.4882736156351795,0.2742103436306837,0.852173913043478,트렌드 주도형 소비자,"자신의 취향과 경험을 중시하는 소비자 그룹입니다. 단순히 배를 채우는 것 이상의 가치를 추구하며, 새로운 제품을 가장 먼저 경험하고 공유하려는 경향이 강합니다"
234,여자,50대,판매 종사자,고졸(대학 재학 포함),부산광역시,2세대가족,기혼,맞벌이 함,500-600만원 미만,3,0.8589552238805971,0.4175122134535888,0.3301526717557249,0.8432908912830556,0.4361563517915311,0.3783408538701835,0.9608695652173908,트렌드 주도형 소비자,"자신의 취향과 경험을 중시하는 소비자 그룹입니다. 단순히 배를 채우는 것 이상의 가치를 추구하며, 새로운 제품을 가장 먼저 경험하고 공유하려는 경향이 강합니다"
235,여자,50대,서비스 종사자,고졸(대학 재학 포함),대구광역시,2세대가족,미혼(사별/이혼 포함),맞벌이 하지 않음,500-600만원 미만,3,0.423134328358209,0.4562194663660275,0.4882769901853869,0.6865817825661112,0.4485342019543977,0.4071502950364456,0.536086956521739,트렌드 주도형 소비자,"자신의 취향과 경험을 중시하는 소비자 그룹입니다. 단순히 배를 채우는 것 이상의 가치를 추구하며, 새로운 제품을 가장 먼저 경험하고 공유하려는 경향이 강합니다"
236,여자,50대,서비스 종사자,대학교 졸업(전문대졸/대학원생 포함),울산광역시,2세대가족,미혼(사별/이혼 포함),맞벌이 하지 않음,400-500만원 미만,3,0.5597014925373136,0.5527996993611421,0.4465648854961832,0.9804113614103814,0.4482084690553748,0.2846233946546337,0.5347826086956521,트렌드 주도형 소비자,"자신의 취향과 경험을 중시하는 소비자 그룹입니다. 단순히 배를 채우는 것 이상의 가치를 추구하며, 새로운 제품을 가장 먼저 경험하고 공유하려는 경향이 강합니다"
237,여자,50대,사무 종사자,대학교 졸업(전문대졸/대학원생 포함),충청남도,2세대가족,기혼,맞벌이 함,600-700만원 미만,3,0.6761194029850747,0.748966553927095,0.3893129770992364,0.7179236043095001,0.3752442996742672,0.4512322110378339,0.5652173913043476,트렌드 주도형 소비자,"자신의 취향과 경험을 중시하는 소비자 그룹입니다. 단순히 배를 채우는 것 이상의 가치를 추구하며, 새로운 제품을 가장 먼저 경험하고 공유하려는 경향이 강합니다"
238,여자,50대,판매 종사자,고졸(대학 재학 포함),부산광역시,2세대가족,기혼,맞벌이 함,300-400만원 미만,3,0.8828358208955226,0.6956031567080042,0.3642311886586696,0.8432908912830556,0.4537459283387622,0.3932662270045121,0.5999999999999999,트렌드 주도형 소비자,"자신의 취향과 경험을 중시하는 소비자 그룹입니다. 단순히 배를 채우는 것 이상의 가치를 추구하며, 새로운 제품을 가장 먼저 경험하고 공유하려는 경향이 강합니다"
239,여자,50대,주부,대학교 졸업(전문대졸/대학원생 포함),부산광역시,2세대가족,기혼,맞벌이 하지 않음,500-600만원 미만,3,0.5962686567164179,0.5527996993611421,0.5662486368593236,0.8628795298726734,0.6048859934853422,0.2578965636931619,0.4086956521739129,트렌드 주도형 소비자,"자신의 취향과 경험을 중시하는 소비자 그룹입니다. 단순히 배를 채우는 것 이상의 가치를 추구하며, 새로운 제품을 가장 먼저 경험하고 공유하려는 경향이 강합니다"
240,여자,50대,주부,대학교 졸업(전문대졸/대학원생 포함),서울특별시,2세대가족,기혼,맞벌이 하지 않음,600-700만원 미만,3,0.4843283582089554,0.334084930477264,0.3143402399127592,0.7012732615083248,0.5436482084690555,0.2058313085734119,0.434782608695652,트렌드 주도형 소비자,"자신의 취향과 경험을 중시하는 소비자 그룹입니다. 단순히 배를 채우는 것 이상의 가치를 추구하며, 새로운 제품을 가장 먼저 경험하고 공유하려는 경향이 강합니다"
241,여자,50대,서비스 종사자,고졸(대학 재학 포함),인천광역시,2세대가족,기혼,맞벌이 함,600-700만원 미만,3,0.6119402985074629,0.4175122134535888,0.2988004362050161,0.8041136141038193,0.2980456026058634,0.4009024644220753,0.7999999999999998,트렌드 주도형 소비자,"자신의 취향과 경험을 중시하는 소비자 그룹입니다. 단순히 배를 채우는 것 이상의 가치를 추구하며, 새로운 제품을 가장 먼저 경험하고 공유하려는 경향이 강합니다"
242,여자,50대,주부,대학교 졸업(전문대졸/대학원생 포함),경기도,2세대가족,기혼,맞벌이 하지 않음,500-600만원 미만,3,0.3283582089552239,0.5189778278842537,0.5517993456924752,0.9608227228207636,0.5449511400651466,0.2960777507809788,0.5956521739130434,트렌드 주도형 소비자,"자신의 취향과 경험을 중시하는 소비자 그룹입니다. 단순히 배를 채우는 것 이상의 가치를 추구하며, 새로운 제품을 가장 먼저 경험하고 공유하려는 경향이 강합니다"
243,여자,50대,사무 종사자,대학교 졸업(전문대졸/대학원생 포함),서울특별시,2세대가족,기혼,맞벌이 함,"900-1,000만원 미만",3,0.656716417910448,0.7444569710635096,0.3974918211559432,0.9804113614103814,0.388599348534202,0.3818118708781672,0.652173913043478,트렌드 주도형 소비자,"자신의 취향과 경험을 중시하는 소비자 그룹입니다. 단순히 배를 채우는 것 이상의 가치를 추구하며, 새로운 제품을 가장 먼저 경험하고 공유하려는 경향이 강합니다"
244,여자,50대,서비스 종사자,고졸(대학 재학 포함),부산광역시,2세대가족,기혼,맞벌이 함,600-700만원 미만,3,0.5022388059701494,0.5039458850056369,0.5725190839694654,0.8432908912830556,0.5410423452768731,0.2360291565428669,0.4869565217391302,트렌드 주도형 소비자,"자신의 취향과 경험을 중시하는 소비자 그룹입니다. 단순히 배를 채우는 것 이상의 가치를 추구하며, 새로운 제품을 가장 먼저 경험하고 공유하려는 경향이 강합니다"
245,여자,50대,판매 종사자,고졸(대학 재학 포함),강원도,2세대가족,기혼,맞벌이 함,500-600만원 미만,3,0.4462686567164177,0.5565576850807965,0.5332606324972735,0.9608227228207636,0.5368078175895769,0.3904894133981254,0.6304347826086953,트렌드 주도형 소비자,"자신의 취향과 경험을 중시하는 소비자 그룹입니다. 단순히 배를 채우는 것 이상의 가치를 추구하며, 새로운 제품을 가장 먼저 경험하고 공유하려는 경향이 강합니다"
246,여자,50대,사무 종사자,대학교 졸업(전문대졸/대학원생 포함),울산광역시,2세대가족,기혼,맞벌이 함,500-600만원 미만,3,0.707462686567164,0.5077038707252911,0.4002181025081792,0.8432908912830556,0.4358306188925082,0.3727872266574106,0.5739130434782607,트렌드 주도형 소비자,"자신의 취향과 경험을 중시하는 소비자 그룹입니다. 단순히 배를 채우는 것 이상의 가치를 추구하며, 새로운 제품을 가장 먼저 경험하고 공유하려는 경향이 강합니다"
247,여자,50대,서비스 종사자,고졸(대학 재학 포함),서울특별시,2세대가족,기혼,맞벌이 함,700-800만원 미만,3,0.7701492537313434,0.6956031567080042,0.4282988004362049,0.9804113614103814,0.4104234527687299,0.4998264491496007,0.6913043478260866,트렌드 주도형 소비자,"자신의 취향과 경험을 중시하는 소비자 그룹입니다. 단순히 배를 채우는 것 이상의 가치를 추구하며, 새로운 제품을 가장 먼저 경험하고 공유하려는 경향이 강합니다"
248,여자,50대,전문가 및 관련 종사자,고졸(대학 재학 포함),전라남도,2세대가족,미혼(사별/이혼 포함),맞벌이 하지 않음,600-700만원 미만,3,0.5522388059701493,0.3645246148064635,0.2529989094874591,0.7345739471106756,0.4146579804560262,0.300590072891357,0.5434782608695652,트렌드 주도형 소비자,"자신의 취향과 경험을 중시하는 소비자 그룹입니다. 단순히 배를 채우는 것 이상의 가치를 추구하며, 새로운 제품을 가장 먼저 경험하고 공유하려는 경향이 강합니다"
249,여자,50대,서비스 종사자,고졸(대학 재학 포함),경기도,2세대가족,기혼,맞벌이 함,600-700만원 미만,3,0.601492537313433,0.6411123637730176,0.2748091603053438,0.7600391772771787,0.3677524429967428,0.3904894133981254,0.5013043478260867,트렌드 주도형 소비자,"자신의 취향과 경험을 중시하는 소비자 그룹입니다. 단순히 배를 채우는 것 이상의 가치를 추구하며, 새로운 제품을 가장 먼저 경험하고 공유하려는 경향이 강합니다"
250,여자,50대,사무 종사자,대학교 졸업(전문대졸/대학원생 포함),세종특별자치시,2세대가족,기혼,맞벌이 함,600-700만원 미만,3,0.5738805970149257,0.5715896279594138,0.3470556161395858,0.8041136141038193,0.2667752442996746,0.3266227004512321,0.3869565217391302,트렌드 주도형 소비자,"자신의 취향과 경험을 중시하는 소비자 그룹입니다. 단순히 배를 채우는 것 이상의 가치를 추구하며, 새로운 제품을 가장 먼저 경험하고 공유하려는 경향이 강합니다"
251,남자,60대 이상,판매 종사자,고졸(대학 재학 포함),충청남도,1세대가족,기혼,맞벌이 함,300-400만원 미만,0,0.2858208955223881,0.6335963923337088,0.4711014176663031,0.681684622918707,0.2364820846905536,0.3172509545296769,0.3043478260869564,실속형 미식가,편리성을 중시하면서도 새로운 맛과 제품을 시도하는 데 적극적인 소비자 그룹입니다. 가격에 민감하기보다는 효율성과 맛을 동시에 추구합니다.
252,남자,60대 이상,판매 종사자,대학교 졸업(전문대졸/대학원생 포함),충청남도,1세대가족,기혼,맞벌이 하지 않음,300-400만원 미만,0,0.0298507462686569,0.7970687711386696,0.2788985823336972,0.9608227228207636,0.0488599348534202,0.6223533495314126,0.4534782608695652,실속형 미식가,편리성을 중시하면서도 새로운 맛과 제품을 시도하는 데 적극적인 소비자 그룹입니다. 가격에 민감하기보다는 효율성과 맛을 동시에 추구합니다.
253,남자,60대 이상,기능원 및 관련 기능 종사자,고졸(대학 재학 포함),충청남도,1세대가족,기혼,맞벌이 함,500-600만원 미만,1,0.1791044776119402,0.2630590003757985,0.4034896401308614,0.5582761998041134,0.3267100977198698,0.1735508503991668,0.1652173913043478,건강 추구형 소비자,가격이나 브랜드에 크게 구애받지 않고 건강을 최우선으로 고려하는 프리미엄 소비자 그룹입니다. 건강과 편리성을 모두 만족시키는 제품에 기꺼이 지갑을 엽니다.
254,남자,60대 이상,기능원 및 관련 기능 종사자,고졸(대학 재학 포함),인천광역시,1세대가족,기혼,맞벌이 함,500-600만원 미만,1,0.5947761194029851,0.3536264562194665,0.5556161395856052,0.7649363369245838,0.3866449511400651,0.4130510239500171,0.1913043478260869,건강 추구형 소비자,가격이나 브랜드에 크게 구애받지 않고 건강을 최우선으로 고려하는 프리미엄 소비자 그룹입니다. 건강과 편리성을 모두 만족시키는 제품에 기꺼이 지갑을 엽니다.
255,남자,60대 이상,장치·기계 조작 및 조립 종사자,고졸(대학 재학 포함),전라남도,1세대가족,기혼,맞벌이 하지 않음,200-300만원 미만,3,0.535820895522388,0.5501691093573845,0.5651581243184298,0.8041136141038193,0.2436482084690556,0.5244706699062824,0.3869565217391302,트렌드 주도형 소비자,"자신의 취향과 경험을 중시하는 소비자 그룹입니다. 단순히 배를 채우는 것 이상의 가치를 추구하며, 새로운 제품을 가장 먼저 경험하고 공유하려는 경향이 강합니다"
256,남자,60대 이상,기능원 및 관련 기능 종사자,고졸(대학 재학 포함),충청북도,1인 가구,미혼(사별/이혼 포함),맞벌이 하지 않음,200-300만원 미만,0,0.4052238805970148,0.5772266065388949,0.2688113413304255,0.7796278158667972,0.374267100977199,0.1770218674071501,0.2217391304347824,실속형 미식가,편리성을 중시하면서도 새로운 맛과 제품을 시도하는 데 적극적인 소비자 그룹입니다. 가격에 민감하기보다는 효율성과 맛을 동시에 추구합니다.
257,남자,60대 이상,단순노무 종사자,고졸(대학 재학 포함),서울특별시,1인 가구,미혼(사별/이혼 포함),맞벌이 하지 않음,200-300만원 미만,1,0.1567164179104479,0.4062382562946261,0.709105779716467,0.8628795298726734,0.3420195439739416,0.4241582783755637,0.3478260869565215,건강 추구형 소비자,가격이나 브랜드에 크게 구애받지 않고 건강을 최우선으로 고려하는 프리미엄 소비자 그룹입니다. 건강과 편리성을 모두 만족시키는 제품에 기꺼이 지갑을 엽니다.
258,남자,60대 이상,장치·기계 조작 및 조립 종사자,중졸 이하,대전광역시,1인 가구,미혼(사별/이혼 포함),맞벌이 하지 않음,200-300만원 미만,3,0.6417910447761195,0.6298384066140549,0.2350054525627043,0.7600391772771787,0.4557003257328991,0.1874349184311001,0.3478260869565215,트렌드 주도형 소비자,"자신의 취향과 경험을 중시하는 소비자 그룹입니다. 단순히 배를 채우는 것 이상의 가치를 추구하며, 새로운 제품을 가장 먼저 경험하고 공유하려는 경향이 강합니다"
259,남자,60대 이상,사무 종사자,대학교 졸업(전문대졸/대학원생 포함),부산광역시,2세대가족,기혼,맞벌이 함,600-700만원 미만,0,0.4029850746268655,0.5903795565576849,0.1439476553980371,0.7257590597453475,0.3765472312703584,0.3415480735855605,0.2782608695652173,실속형 미식가,편리성을 중시하면서도 새로운 맛과 제품을 시도하는 데 적극적인 소비자 그룹입니다. 가격에 민감하기보다는 효율성과 맛을 동시에 추구합니다.
260,남자,60대 이상,전문가 및 관련 종사자,고졸(대학 재학 포함),광주광역시,2세대가족,기혼,맞벌이 함,500-600만원 미만,3,0.5865671641791045,0.4513340849304773,0.2339149400218104,0.8041136141038193,0.4263843648208469,0.2506074279763968,0.4869565217391302,트렌드 주도형 소비자,"자신의 취향과 경험을 중시하는 소비자 그룹입니다. 단순히 배를 채우는 것 이상의 가치를 추구하며, 새로운 제품을 가장 먼저 경험하고 공유하려는 경향이 강합니다"
261,여자,60대 이상,주부,고졸(대학 재학 포함),서울특별시,1세대가족,기혼,맞벌이 하지 않음,300-400만원 미만,0,0.191044776119403,0.6685456595264938,0.0526172300981464,0.7992164544564151,0.0915309446254073,0.3845886844845538,0.4578260869565216,실속형 미식가,편리성을 중시하면서도 새로운 맛과 제품을 시도하는 데 적극적인 소비자 그룹입니다. 가격에 민감하기보다는 효율성과 맛을 동시에 추구합니다.
262,여자,60대 이상,서비스 종사자,대학교 졸업(전문대졸/대학원생 포함),대전광역시,1세대가족,기혼,맞벌이 함,500-600만원 미만,0,0.3686567164179105,0.4889139421270199,0.3342420937840781,0.7649363369245838,0.2710097719869709,0.4644220756681705,0.6317391304347826,실속형 미식가,편리성을 중시하면서도 새로운 맛과 제품을 시도하는 데 적극적인 소비자 그룹입니다. 가격에 민감하기보다는 효율성과 맛을 동시에 추구합니다.
263,여자,60대 이상,주부,고졸(대학 재학 포함),전라남도,1세대가족,기혼,맞벌이 하지 않음,200-300만원 미만,0,0.201492537313433,0.3581360390830516,0.1526717557251907,0.7571008814887363,0.1889250814332249,0.4512322110378339,0.5869565217391303,실속형 미식가,편리성을 중시하면서도 새로운 맛과 제품을 시도하는 데 적극적인 소비자 그룹입니다. 가격에 민감하기보다는 효율성과 맛을 동시에 추구합니다.
264,여자,60대 이상,판매 종사자,고졸(대학 재학 포함),강원도,1세대가족,기혼,맞벌이 함,300-400만원 미만,0,0.2037313432835822,0.5095828635851184,0.568429661941112,0.6620959843290886,0.1713355048859934,0.3471017007983338,0.2913043478260869,실속형 미식가,편리성을 중시하면서도 새로운 맛과 제품을 시도하는 데 적극적인 소비자 그룹입니다. 가격에 민감하기보다는 효율성과 맛을 동시에 추구합니다.
265,여자,60대 이상,주부,고졸(대학 재학 포함),경기도,1세대가족,기혼,맞벌이 하지 않음,300-400만원 미만,0,0.4052238805970148,0.5415257422021796,0.461286804798255,0.8628795298726734,0.3133550488599351,0.2325581395348835,0.6304347826086953,실속형 미식가,편리성을 중시하면서도 새로운 맛과 제품을 시도하는 데 적극적인 소비자 그룹입니다. 가격에 민감하기보다는 효율성과 맛을 동시에 추구합니다.
266,여자,60대 이상,주부,중졸 이하,경상남도,1세대가족,기혼,맞벌이 하지 않음,100만원 미만,0,0.3582089552238805,0.5411499436302143,0.3279716466739364,0.6758080313418215,0.2768729641693813,0.3842415827837554,0.3565217391304347,실속형 미식가,편리성을 중시하면서도 새로운 맛과 제품을 시도하는 데 적극적인 소비자 그룹입니다. 가격에 민감하기보다는 효율성과 맛을 동시에 추구합니다.
267,여자,60대 이상,주부,고졸(대학 재학 포함),부산광역시,1세대가족,기혼,맞벌이 하지 않음,200-300만원 미만,0,0.2447761194029852,0.4813979706877111,0.3699563794983644,0.7845249755142015,0.3495114006514659,0.1943769524470667,0.4130434782608693,실속형 미식가,편리성을 중시하면서도 새로운 맛과 제품을 시도하는 데 적극적인 소비자 그룹입니다. 가격에 민감하기보다는 효율성과 맛을 동시에 추구합니다.
268,여자,60대 이상,단순노무 종사자,중졸 이하,서울특별시,1세대가족,기혼,맞벌이 함,300-400만원 미만,0,0.2335820895522388,0.5640736565201049,0.5046346782988003,0.9216454456415274,0.3081433224755701,0.5019090593543907,0.4217391304347824,실속형 미식가,편리성을 중시하면서도 새로운 맛과 제품을 시도하는 데 적극적인 소비자 그룹입니다. 가격에 민감하기보다는 효율성과 맛을 동시에 추구합니다.
269,여자,60대 이상,서비스 종사자,대학교 졸업(전문대졸/대학원생 포함),서울특별시,1세대가족,기혼,맞벌이 함,600-700만원 미만,0,0.2641791044776119,0.3761743705373919,0.2639040348964011,0.8237022526934379,0.2094462540716612,0.1700798333911835,0.826086956521739,실속형 미식가,편리성을 중시하면서도 새로운 맛과 제품을 시도하는 데 적극적인 소비자 그룹입니다. 가격에 민감하기보다는 효율성과 맛을 동시에 추구합니다.
270,여자,60대 이상,주부,고졸(대학 재학 포함),인천광역시,1세대가족,기혼,맞벌이 하지 않음,200-300만원 미만,0,0.2388059701492538,0.3769259676813227,0.3565976008724097,0.5612144955925558,0.2908794788273618,0.3377299548767786,0.4217391304347824,실속형 미식가,편리성을 중시하면서도 새로운 맛과 제품을 시도하는 데 적극적인 소비자 그룹입니다. 가격에 민감하기보다는 효율성과 맛을 동시에 추구합니다.
271,여자,60대 이상,서비스 종사자,중졸 이하,충청북도,1세대가족,기혼,맞벌이 함,500-600만원 미만,0,0.2313432835820895,0.5858699736940999,0.2388222464558342,0.7796278158667972,0.1736156351791532,0.1700798333911835,0.3043478260869564,실속형 미식가,편리성을 중시하면서도 새로운 맛과 제품을 시도하는 데 적극적인 소비자 그룹입니다. 가격에 민감하기보다는 효율성과 맛을 동시에 추구합니다.
272,여자,60대 이상,주부,대학교 졸업(전문대졸/대학원생 포함),부산광역시,1세대가족,기혼,맞벌이 하지 않음,200-300만원 미만,0,0.4350746268656718,0.5640736565201049,0.3759541984732826,0.7845249755142015,0.2592833876221498,0.2821936827490455,0.5534782608695652,실속형 미식가,편리성을 중시하면서도 새로운 맛과 제품을 시도하는 데 적극적인 소비자 그룹입니다. 가격에 민감하기보다는 효율성과 맛을 동시에 추구합니다.
273,여자,60대 이상,서비스 종사자,고졸(대학 재학 포함),경상북도,1세대가족,기혼,맞벌이 함,500-600만원 미만,0,0.2089552238805972,0.4472003006388574,0.4574700109051251,0.6366307541625852,0.2801302931596094,0.208261020479,0.4695652173913042,실속형 미식가,편리성을 중시하면서도 새로운 맛과 제품을 시도하는 데 적극적인 소비자 그룹입니다. 가격에 민감하기보다는 효율성과 맛을 동시에 추구합니다.
274,여자,60대 이상,주부,중졸 이하,충청남도,1세대가족,기혼,맞벌이 하지 않음,100-200만원 미만,0,0.1865671641791045,0.7989477639984965,0.3920392584514725,0.7600391772771787,0.172638436482085,0.3530024297119055,0.2360869565217389,실속형 미식가,편리성을 중시하면서도 새로운 맛과 제품을 시도하는 데 적극적인 소비자 그룹입니다. 가격에 민감하기보다는 효율성과 맛을 동시에 추구합니다.
275,여자,60대 이상,농림어업 숙련 종사자,고졸(대학 재학 포함),전라남도,1세대가족,기혼,맞벌이 함,400-500만원 미만,0,0.3402985074626867,0.4051108605787296,0.3724100327153762,0.7228207639569044,0.3254071661237787,0.2742103436306837,0.5565217391304347,실속형 미식가,편리성을 중시하면서도 새로운 맛과 제품을 시도하는 데 적극적인 소비자 그룹입니다. 가격에 민감하기보다는 효율성과 맛을 동시에 추구합니다.
276,여자,60대 이상,주부,고졸(대학 재학 포함),서울특별시,1세대가족,기혼,맞벌이 하지 않음,300-400만원 미만,1,0.1865671641791045,0.4325441563322056,0.8721374045801527,0.8824681684622918,0.534527687296417,0.2814994793474484,0.3478260869565215,건강 추구형 소비자,가격이나 브랜드에 크게 구애받지 않고 건강을 최우선으로 고려하는 프리미엄 소비자 그룹입니다. 건강과 편리성을 모두 만족시키는 제품에 기꺼이 지갑을 엽니다.
277,여자,60대 이상,주부,고졸(대학 재학 포함),강원도,1세대가족,기혼,맞벌이 하지 않음,200-300만원 미만,1,0.1082089552238807,0.4400601277715145,0.7628135223555073,0.8824681684622918,0.4195439739413683,0.4317945157931273,0.2956521739130433,건강 추구형 소비자,가격이나 브랜드에 크게 구애받지 않고 건강을 최우선으로 고려하는 프리미엄 소비자 그룹입니다. 건강과 편리성을 모두 만족시키는 제품에 기꺼이 지갑을 엽니다.
278,여자,60대 이상,사무 종사자,고졸(대학 재학 포함),서울특별시,1세대가족,기혼,맞벌이 함,"1,000만원 이상",1,0.3888059701492539,0.5678316422397591,0.6736641221374042,0.8824681684622918,0.4074918566775247,0.2186740715029503,0.2695652173913042,건강 추구형 소비자,가격이나 브랜드에 크게 구애받지 않고 건강을 최우선으로 고려하는 프리미엄 소비자 그룹입니다. 건강과 편리성을 모두 만족시키는 제품에 기꺼이 지갑을 엽니다.
279,여자,60대 이상,판매 종사자,고졸(대학 재학 포함),부산광역시,1세대가족,기혼,맞벌이 함,500-600만원 미만,1,0.6097014925373136,0.4137542277339346,0.7600872410032711,0.8824681684622918,0.2605863192182414,0.3880597014925373,0.1478260869565215,건강 추구형 소비자,가격이나 브랜드에 크게 구애받지 않고 건강을 최우선으로 고려하는 프리미엄 소비자 그룹입니다. 건강과 편리성을 모두 만족시키는 제품에 기꺼이 지갑을 엽니다.
280,여자,60대 이상,판매 종사자,대학교 졸업(전문대졸/대학원생 포함),서울특별시,1세대가족,기혼,맞벌이 함,"1,000만원 이상",1,0.2611940298507462,0.5678316422397591,0.7172846237731729,0.8628795298726734,0.3583061889250815,0.2395001735508502,0.160869565217391,건강 추구형 소비자,가격이나 브랜드에 크게 구애받지 않고 건강을 최우선으로 고려하는 프리미엄 소비자 그룹입니다. 건강과 편리성을 모두 만족시키는 제품에 기꺼이 지갑을 엽니다.
281,여자,60대 이상,주부,고졸(대학 재학 포함),경기도,1세대가족,기혼,맞벌이 하지 않음,200-300만원 미만,1,0.074626865671642,0.4400601277715145,0.7071973827699012,0.8824681684622918,0.3843648208469056,0.4161749392572023,0.317391304347826,건강 추구형 소비자,가격이나 브랜드에 크게 구애받지 않고 건강을 최우선으로 고려하는 프리미엄 소비자 그룹입니다. 건강과 편리성을 모두 만족시키는 제품에 기꺼이 지갑을 엽니다.
282,여자,60대 이상,주부,고졸(대학 재학 포함),전라북도,1세대가족,기혼,맞벌이 하지 않음,300-400만원 미만,1,0.3276119402985075,0.4314167606163096,0.8075245365321697,0.8599412340842311,0.6928338762214981,0.4484553974314472,0.2956521739130433,건강 추구형 소비자,가격이나 브랜드에 크게 구애받지 않고 건강을 최우선으로 고려하는 프리미엄 소비자 그룹입니다. 건강과 편리성을 모두 만족시키는 제품에 기꺼이 지갑을 엽니다.
283,여자,60대 이상,주부,중졸 이하,강원도,1세대가족,기혼,맞벌이 하지 않음,200-300만원 미만,1,0.1231343283582088,0.3987222848553172,0.6382224645583423,0.8628795298726734,0.3403908794788275,0.4477611940298507,0.3782608695652173,건강 추구형 소비자,가격이나 브랜드에 크게 구애받지 않고 건강을 최우선으로 고려하는 프리미엄 소비자 그룹입니다. 건강과 편리성을 모두 만족시키는 제품에 기꺼이 지갑을 엽니다.
284,여자,60대 이상,주부,중졸 이하,대구광역시,1세대가족,기혼,맞벌이 하지 않음,200-300만원 미만,1,0.606716417910448,0.3461104847801576,0.6627589967284622,0.7453476983349653,0.5449511400651466,0.3120444290177021,0.1260869565217391,건강 추구형 소비자,가격이나 브랜드에 크게 구애받지 않고 건강을 최우선으로 고려하는 프리미엄 소비자 그룹입니다. 건강과 편리성을 모두 만족시키는 제품에 기꺼이 지갑을 엽니다.
285,여자,60대 이상,판매 종사자,고졸(대학 재학 포함),경상남도,1세대가족,기혼,맞벌이 함,200-300만원 미만,1,0.6791044776119404,0.4701240135287484,0.5264449291166851,0.7845249755142015,0.5179153094462542,0.2960777507809788,0.2739130434782606,건강 추구형 소비자,가격이나 브랜드에 크게 구애받지 않고 건강을 최우선으로 고려하는 프리미엄 소비자 그룹입니다. 건강과 편리성을 모두 만족시키는 제품에 기꺼이 지갑을 엽니다.
286,여자,60대 이상,서비스 종사자,고졸(대학 재학 포함),전라남도,1세대가족,기혼,맞벌이 함,200-300만원 미만,1,0.4477611940298506,0.4505824877865464,0.4770992366412215,0.740450538687561,0.3713355048859938,0.2901770218674069,0.1404347826086956,건강 추구형 소비자,가격이나 브랜드에 크게 구애받지 않고 건강을 최우선으로 고려하는 프리미엄 소비자 그룹입니다. 건강과 편리성을 모두 만족시키는 제품에 기꺼이 지갑을 엽니다.
287,여자,60대 이상,기능원 및 관련 기능 종사자,고졸(대학 재학 포함),경기도,1세대가족,기혼,맞벌이 하지 않음,300-400만원 미만,1,0.4985074626865671,0.6054114994363019,0.6941112322791709,0.6865817825661112,0.5074918566775246,0.2266574106213117,0.1999999999999997,건강 추구형 소비자,가격이나 브랜드에 크게 구애받지 않고 건강을 최우선으로 고려하는 프리미엄 소비자 그룹입니다. 건강과 편리성을 모두 만족시키는 제품에 기꺼이 지갑을 엽니다.
288,여자,60대 이상,서비스 종사자,중졸 이하,강원도,1세대가족,기혼,맞벌이 함,400-500만원 미만,1,0.3029850746268655,0.3536264562194665,0.5359869138495088,0.7649363369245838,0.4123778501628664,0.3606386671294689,0.5043478260869562,건강 추구형 소비자,가격이나 브랜드에 크게 구애받지 않고 건강을 최우선으로 고려하는 프리미엄 소비자 그룹입니다. 건강과 편리성을 모두 만족시키는 제품에 기꺼이 지갑을 엽니다.
289,여자,60대 이상,주부,중졸 이하,경상남도,1세대가족,기혼,맞벌이 하지 않음,100-200만원 미만,1,0.1902985074626866,0.5077038707252911,0.5817884405670666,0.7257590597453475,0.4446254071661238,0.4182575494619922,0.1043478260869564,건강 추구형 소비자,가격이나 브랜드에 크게 구애받지 않고 건강을 최우선으로 고려하는 프리미엄 소비자 그룹입니다. 건강과 편리성을 모두 만족시키는 제품에 기꺼이 지갑을 엽니다.
290,여자,60대 이상,서비스 종사자,고졸(대학 재학 포함),서울특별시,1세대가족,기혼,맞벌이 함,400-500만원 미만,3,0.8126865671641791,0.4175122134535888,0.3514176663031627,0.8432908912830556,0.5469055374592835,0.3071850052065255,0.9434782608695648,트렌드 주도형 소비자,"자신의 취향과 경험을 중시하는 소비자 그룹입니다. 단순히 배를 채우는 것 이상의 가치를 추구하며, 새로운 제품을 가장 먼저 경험하고 공유하려는 경향이 강합니다"
291,여자,60대 이상,서비스 종사자,고졸(대학 재학 포함),경상남도,1세대가족,기혼,맞벌이 함,200-300만원 미만,3,0.606716417910448,0.6516347237880495,0.3906761177753544,0.8237022526934379,0.456351791530945,0.2068726136758067,0.3782608695652173,트렌드 주도형 소비자,"자신의 취향과 경험을 중시하는 소비자 그룹입니다. 단순히 배를 채우는 것 이상의 가치를 추구하며, 새로운 제품을 가장 먼저 경험하고 공유하려는 경향이 강합니다"
292,여자,60대 이상,주부,중졸 이하,대구광역시,1세대가족,기혼,맞벌이 하지 않음,100-200만원 미만,3,0.708955223880597,0.5020668921458099,0.084514721919302,0.7796278158667972,0.3560260586319221,0.6896910794862889,0.5752173913043477,트렌드 주도형 소비자,"자신의 취향과 경험을 중시하는 소비자 그룹입니다. 단순히 배를 채우는 것 이상의 가치를 추구하며, 새로운 제품을 가장 먼저 경험하고 공유하려는 경향이 강합니다"
293,여자,60대 이상,서비스 종사자,고졸(대학 재학 포함),광주광역시,1세대가족,기혼,맞벌이 함,400-500만원 미만,3,0.4373134328358207,0.3028936490041337,0.3143402399127592,0.681684622918707,0.5143322475570031,0.3561263450190903,0.3913043478260869,트렌드 주도형 소비자,"자신의 취향과 경험을 중시하는 소비자 그룹입니다. 단순히 배를 채우는 것 이상의 가치를 추구하며, 새로운 제품을 가장 먼저 경험하고 공유하려는 경향이 강합니다"
294,여자,60대 이상,판매 종사자,고졸(대학 재학 포함),충청북도,1세대가족,기혼,맞벌이 함,500-600만원 미만,3,0.6850746268656718,0.631717399473882,0.466466739367503,0.9216454456415274,0.3967426710097722,0.2846233946546337,0.536086956521739,트렌드 주도형 소비자,"자신의 취향과 경험을 중시하는 소비자 그룹입니다. 단순히 배를 채우는 것 이상의 가치를 추구하며, 새로운 제품을 가장 먼저 경험하고 공유하려는 경향이 강합니다"
295,여자,60대 이상,서비스 종사자,고졸(대학 재학 포함),부산광역시,1세대가족,기혼,맞벌이 함,300-400만원 미만,3,0.8231343283582091,0.6129274708756103,0.4242093784078516,0.8237022526934379,0.5918566775244299,0.3460603956959385,0.4782608695652171,트렌드 주도형 소비자,"자신의 취향과 경험을 중시하는 소비자 그룹입니다. 단순히 배를 채우는 것 이상의 가치를 추구하며, 새로운 제품을 가장 먼저 경험하고 공유하려는 경향이 강합니다"
296,여자,60대 이상,농림어업 숙련 종사자,고졸(대학 재학 포함),충청남도,1세대가족,기혼,맞벌이 함,300-400만원 미만,3,0.6335820895522388,0.5791055993987222,0.0681570338058886,0.7845249755142015,0.374267100977199,0.6483859770912873,0.3260869565217388,트렌드 주도형 소비자,"자신의 취향과 경험을 중시하는 소비자 그룹입니다. 단순히 배를 채우는 것 이상의 가치를 추구하며, 새로운 제품을 가장 먼저 경험하고 공유하려는 경향이 강합니다"
297,여자,60대 이상,주부,고졸(대학 재학 포함),강원도,1세대가족,기혼,맞벌이 하지 않음,200-300만원 미만,3,0.5992537313432837,0.531379180759113,0.4315703380588879,0.9216454456415274,0.4482084690553748,0.3932662270045121,0.6826086956521739,트렌드 주도형 소비자,"자신의 취향과 경험을 중시하는 소비자 그룹입니다. 단순히 배를 채우는 것 이상의 가치를 추구하며, 새로운 제품을 가장 먼저 경험하고 공유하려는 경향이 강합니다"
298,여자,60대 이상,주부,고졸(대학 재학 포함),세종특별자치시,1세대가족,기혼,맞벌이 하지 않음,400-500만원 미만,3,0.4626865671641791,0.5903795565576849,0.3565976008724097,0.941234084231146,0.3566775244299675,0.6164526206178409,0.5434782608695652,트렌드 주도형 소비자,"자신의 취향과 경험을 중시하는 소비자 그룹입니다. 단순히 배를 채우는 것 이상의 가치를 추구하며, 새로운 제품을 가장 먼저 경험하고 공유하려는 경향이 강합니다"
299,여자,60대 이상,서비스 종사자,고졸(대학 재학 포함),서울특별시,1세대가족,기혼,맞벌이 함,400-500만원 미만,3,0.5895522388059702,0.4250281848928972,0.4462922573609596,0.8628795298726734,0.4553745928338763,0.3182922596320719,0.7043478260869562,트렌드 주도형 소비자,"자신의 취향과 경험을 중시하는 소비자 그룹입니다. 단순히 배를 채우는 것 이상의 가치를 추구하며, 새로운 제품을 가장 먼저 경험하고 공유하려는 경향이 강합니다"
300,여자,60대 이상,주부,고졸(대학 재학 포함),세종특별자치시,1세대가족,기혼,맞벌이 하지 않음,300-400만원 미만,3,0.6850746268656718,0.7406989853438554,0.2748091603053438,0.7845249755142015,0.3315960912052119,0.5109337035751473,0.4695652173913042,트렌드 주도형 소비자,"자신의 취향과 경험을 중시하는 소비자 그룹입니다. 단순히 배를 채우는 것 이상의 가치를 추구하며, 새로운 제품을 가장 먼저 경험하고 공유하려는 경향이 강합니다"
301,여자,60대 이상,주부,고졸(대학 재학 포함),인천광역시,1세대가족,기혼,맞벌이 하지 않음,300-400만원 미만,3,0.6417910447761195,0.5791055993987222,0.5032715376226828,0.8041136141038193,0.4416938110749186,0.2429711905588335,0.4217391304347824,트렌드 주도형 소비자,"자신의 취향과 경험을 중시하는 소비자 그룹입니다. 단순히 배를 채우는 것 이상의 가치를 추구하며, 새로운 제품을 가장 먼저 경험하고 공유하려는 경향이 강합니다"
302,여자,60대 이상,주부,고졸(대학 재학 포함),서울특별시,1세대가족,기혼,맞벌이 하지 않음,300-400만원 미만,3,0.5455223880597015,0.531379180759113,0.4841875681570336,0.8824681684622918,0.5534201954397397,0.3158625477264835,0.608695652173913,트렌드 주도형 소비자,"자신의 취향과 경험을 중시하는 소비자 그룹입니다. 단순히 배를 채우는 것 이상의 가치를 추구하며, 새로운 제품을 가장 먼저 경험하고 공유하려는 경향이 강합니다"
303,여자,60대 이상,서비스 종사자,고졸(대학 재학 포함),경기도,1세대가족,기혼,맞벌이 함,500-600만원 미만,3,0.4902985074626865,0.5678316422397591,0.4302071973827698,0.9020568070519096,0.3322475570032573,0.3832002776813606,0.6478260869565217,트렌드 주도형 소비자,"자신의 취향과 경험을 중시하는 소비자 그룹입니다. 단순히 배를 채우는 것 이상의 가치를 추구하며, 새로운 제품을 가장 먼저 경험하고 공유하려는 경향이 강합니다"
304,여자,60대 이상,기능원 및 관련 기능 종사자,고졸(대학 재학 포함),인천광역시,1세대가족,기혼,맞벌이 하지 않음,300-400만원 미만,3,0.5962686567164179,0.4926719278466742,0.4220283533260632,0.8824681684622918,0.3557003257328992,0.6733772995487676,0.5999999999999999,트렌드 주도형 소비자,"자신의 취향과 경험을 중시하는 소비자 그룹입니다. 단순히 배를 채우는 것 이상의 가치를 추구하며, 새로운 제품을 가장 먼저 경험하고 공유하려는 경향이 강합니다"
305,여자,60대 이상,서비스 종사자,고졸(대학 재학 포함),울산광역시,1세대가족,기혼,맞벌이 함,500-600만원 미만,3,0.5597014925373136,0.5415257422021796,0.4372955288985826,0.8824681684622918,0.3843648208469056,0.2603262755987501,0.6056521739130434,트렌드 주도형 소비자,"자신의 취향과 경험을 중시하는 소비자 그룹입니다. 단순히 배를 채우는 것 이상의 가치를 추구하며, 새로운 제품을 가장 먼저 경험하고 공유하려는 경향이 강합니다"
306,여자,60대 이상,주부,중졸 이하,제주특별자치도,1인 가구,미혼(사별/이혼 포함),맞벌이 하지 않음,100만원 미만,0,0.0634328358208956,0.3600150319428785,0.3170665212649944,0.7815866797257591,0.1296416938110751,0.6108989934050675,0.317391304347826,실속형 미식가,편리성을 중시하면서도 새로운 맛과 제품을 시도하는 데 적극적인 소비자 그룹입니다. 가격에 민감하기보다는 효율성과 맛을 동시에 추구합니다.
307,여자,60대 이상,판매 종사자,고졸(대학 재학 포함),경상북도,1인 가구,미혼(사별/이혼 포함),맞벌이 하지 않음,100-200만원 미만,0,0.2089552238805972,0.4735062006764375,0.5542529989094871,0.6758080313418215,0.2345276872964171,0.2325581395348835,0.4130434782608693,실속형 미식가,편리성을 중시하면서도 새로운 맛과 제품을 시도하는 데 적극적인 소비자 그룹입니다. 가격에 민감하기보다는 효율성과 맛을 동시에 추구합니다.
308,여자,60대 이상,판매 종사자,고졸(대학 재학 포함),강원도,1인 가구,미혼(사별/이혼 포함),맞벌이 하지 않음,200-300만원 미만,0,0.1194029850746271,0.5546786922209697,0.4675572519083967,0.7992164544564151,0.2700325732899022,0.513710517181534,0.4578260869565216,실속형 미식가,편리성을 중시하면서도 새로운 맛과 제품을 시도하는 데 적극적인 소비자 그룹입니다. 가격에 민감하기보다는 효율성과 맛을 동시에 추구합니다.
309,여자,60대 이상,주부,중졸 이하,전라남도,1인 가구,미혼(사별/이혼 포함),맞벌이 하지 않음,100-200만원 미만,0,0.4238805970149255,0.5516723036452462,0.3456924754634679,0.8207639569049947,0.3413680781758957,0.5265532801110724,0.3739130434782607,실속형 미식가,편리성을 중시하면서도 새로운 맛과 제품을 시도하는 데 적극적인 소비자 그룹입니다. 가격에 민감하기보다는 효율성과 맛을 동시에 추구합니다.
310,여자,60대 이상,단순노무 종사자,중졸 이하,전라남도,1인 가구,미혼(사별/이혼 포함),맞벌이 하지 않음,100-200만원 미만,0,0.0940298507462686,0.5182262307403229,0.3162486368593241,0.7600391772771787,0.2234527687296418,0.4359597362027073,0.4434782608695652,실속형 미식가,편리성을 중시하면서도 새로운 맛과 제품을 시도하는 데 적극적인 소비자 그룹입니다. 가격에 민감하기보다는 효율성과 맛을 동시에 추구합니다.
311,여자,60대 이상,농림어업 숙련 종사자,중졸 이하,전라남도,1인 가구,미혼(사별/이혼 포함),맞벌이 하지 않음,100-200만원 미만,0,0.473134328358209,0.5941375422773392,0.1529443838604141,0.8041136141038193,0.2960912052117264,0.3373828531759805,0.4926086956521739,실속형 미식가,편리성을 중시하면서도 새로운 맛과 제품을 시도하는 데 적극적인 소비자 그룹입니다. 가격에 민감하기보다는 효율성과 맛을 동시에 추구합니다.
312,여자,60대 이상,서비스 종사자,고졸(대학 재학 포함),경상북도,1인 가구,미혼(사별/이혼 포함),맞벌이 하지 않음,100-200만원 미만,1,0.2761194029850746,0.3570086433671551,0.61886586695747,0.6170421155729674,0.3745928338762214,0.2256161055189169,0.4086956521739129,건강 추구형 소비자,가격이나 브랜드에 크게 구애받지 않고 건강을 최우선으로 고려하는 프리미엄 소비자 그룹입니다. 건강과 편리성을 모두 만족시키는 제품에 기꺼이 지갑을 엽니다.
313,여자,60대 이상,서비스 종사자,고졸(대학 재학 포함),서울특별시,1인 가구,미혼(사별/이혼 포함),맞벌이 하지 않음,200-300만원 미만,1,0.4328358208955225,0.5114618564449454,0.5733369683751366,0.8041136141038193,0.3872964169381109,0.208261020479,0.4317391304347825,건강 추구형 소비자,가격이나 브랜드에 크게 구애받지 않고 건강을 최우선으로 고려하는 프리미엄 소비자 그룹입니다. 건강과 편리성을 모두 만족시키는 제품에 기꺼이 지갑을 엽니다.
314,여자,60대 이상,서비스 종사자,고졸(대학 재학 포함),전라북도,1인 가구,기혼,맞벌이 하지 않음,200-300만원 미만,1,0.2388059701492538,0.421270199173243,0.7985278080697928,0.8824681684622918,0.5843648208469056,0.3353002429711905,0.3782608695652173,건강 추구형 소비자,가격이나 브랜드에 크게 구애받지 않고 건강을 최우선으로 고려하는 프리미엄 소비자 그룹입니다. 건강과 편리성을 모두 만족시키는 제품에 기꺼이 지갑을 엽니다.
315,여자,60대 이상,단순노무 종사자,중졸 이하,강원도,1인 가구,미혼(사별/이혼 포함),맞벌이 하지 않음,200-300만원 미만,3,0.728358208955224,0.5351371664787672,0.5297164667393672,0.8628795298726734,0.7433224755700325,0.4130510239500171,0.5099999999999998,트렌드 주도형 소비자,"자신의 취향과 경험을 중시하는 소비자 그룹입니다. 단순히 배를 채우는 것 이상의 가치를 추구하며, 새로운 제품을 가장 먼저 경험하고 공유하려는 경향이 강합니다"
316,여자,60대 이상,서비스 종사자,고졸(대학 재학 포함),부산광역시,1인 가구,미혼(사별/이혼 포함),맞벌이 하지 않음,100-200만원 미만,3,0.7462686567164177,0.4588500563697856,0.3574154852780809,0.8237022526934379,0.6234527687296415,0.3658451926414436,0.4608695652173912,트렌드 주도형 소비자,"자신의 취향과 경험을 중시하는 소비자 그룹입니다. 단순히 배를 채우는 것 이상의 가치를 추구하며, 새로운 제품을 가장 먼저 경험하고 공유하려는 경향이 강합니다"
317,여자,60대 이상,농림어업 숙련 종사자,고졸(대학 재학 포함),충청남도,1인 가구,미혼(사별/이혼 포함),맞벌이 하지 않음,200-300만원 미만,3,0.7507462686567162,0.7688838782412626,0.2516357688113411,0.8188050930460328,0.3016286644951144,0.5994446372787223,0.4360869565217389,트렌드 주도형 소비자,"자신의 취향과 경험을 중시하는 소비자 그룹입니다. 단순히 배를 채우는 것 이상의 가치를 추구하며, 새로운 제품을 가장 먼저 경험하고 공유하려는 경향이 강합니다"
318,여자,60대 이상,단순노무 종사자,중졸 이하,부산광역시,1인 가구,미혼(사별/이혼 포함),맞벌이 하지 않음,100-200만원 미만,3,0.4910447761194028,0.4363021420518599,0.4173936750272629,0.8237022526934379,0.3185667752442996,0.5296771954182572,0.5708695652173912,트렌드 주도형 소비자,"자신의 취향과 경험을 중시하는 소비자 그룹입니다. 단순히 배를 채우는 것 이상의 가치를 추구하며, 새로운 제품을 가장 먼저 경험하고 공유하려는 경향이 강합니다"
319,여자,60대 이상,주부,중졸 이하,경상남도,2세대가족,미혼(사별/이혼 포함),맞벌이 하지 않음,400-500만원 미만,0,0.1067164179104478,0.46260804208944,0.4577426390403485,0.8041136141038193,0.2973941368078175,0.1631377993752169,0.4752173913043476,실속형 미식가,편리성을 중시하면서도 새로운 맛과 제품을 시도하는 데 적극적인 소비자 그룹입니다. 가격에 민감하기보다는 효율성과 맛을 동시에 추구합니다.
320,여자,60대 이상,사무 종사자,대학교 졸업(전문대졸/대학원생 포함),전라남도,2세대가족,미혼(사별/이혼 포함),맞벌이 하지 않음,600-700만원 미만,0,0.3999999999999999,0.4550920706501315,0.3669574700109048,0.9020568070519096,0.3342019543973942,0.4245053800763623,0.5869565217391303,실속형 미식가,편리성을 중시하면서도 새로운 맛과 제품을 시도하는 데 적극적인 소비자 그룹입니다. 가격에 민감하기보다는 효율성과 맛을 동시에 추구합니다.
321,여자,60대 이상,판매 종사자,고졸(대학 재학 포함),경상북도,2세대가족,미혼(사별/이혼 포함),맞벌이 하지 않음,400-500만원 미만,0,0.2089552238805972,0.4659902292371289,0.5425299890948747,0.6366307541625852,0.3094462540716612,0.2499132245748001,0.4869565217391302,실속형 미식가,편리성을 중시하면서도 새로운 맛과 제품을 시도하는 데 적극적인 소비자 그룹입니다. 가격에 민감하기보다는 효율성과 맛을 동시에 추구합니다.
322,여자,60대 이상,주부,대학교 졸업(전문대졸/대학원생 포함),울산광역시,2세대가족,기혼,맞벌이 하지 않음,600-700만원 미만,0,0.2238805970149253,0.7670048853814353,0.5043620501635768,0.7845249755142015,0.1410423452768729,0.215203054494967,0.5404347826086954,실속형 미식가,편리성을 중시하면서도 새로운 맛과 제품을 시도하는 데 적극적인 소비자 그룹입니다. 가격에 민감하기보다는 효율성과 맛을 동시에 추구합니다.
323,여자,60대 이상,서비스 종사자,고졸(대학 재학 포함),제주특별자치도,2세대가족,기혼,맞벌이 함,400-500만원 미만,0,0.2843283582089553,0.6580232995114619,0.2707197382769905,0.7845249755142015,0.2026058631921826,0.5529330093717456,0.6491304347826085,실속형 미식가,편리성을 중시하면서도 새로운 맛과 제품을 시도하는 데 적극적인 소비자 그룹입니다. 가격에 민감하기보다는 효율성과 맛을 동시에 추구합니다.
324,여자,60대 이상,판매 종사자,고졸(대학 재학 포함),부산광역시,2세대가족,미혼(사별/이혼 포함),맞벌이 하지 않음,300-400만원 미만,1,0.656716417910448,0.3461104847801576,0.7227371864776442,0.7453476983349653,0.2540716612377852,0.3255813953488372,0.1217391304347824,건강 추구형 소비자,가격이나 브랜드에 크게 구애받지 않고 건강을 최우선으로 고려하는 프리미엄 소비자 그룹입니다. 건강과 편리성을 모두 만족시키는 제품에 기꺼이 지갑을 엽니다.
325,여자,60대 이상,주부,대학교 졸업(전문대졸/대학원생 포함),부산광역시,2세대가족,기혼,맞벌이 하지 않음,500-600만원 미만,1,0.708955223880597,0.3611424276587749,0.7227371864776442,0.7649363369245838,0.8762214983713357,0.3627212773342588,0.1304347826086955,건강 추구형 소비자,가격이나 브랜드에 크게 구애받지 않고 건강을 최우선으로 고려하는 프리미엄 소비자 그룹입니다. 건강과 편리성을 모두 만족시키는 제품에 기꺼이 지갑을 엽니다.
326,여자,60대 이상,주부,대학교 졸업(전문대졸/대학원생 포함),대전광역시,2세대가족,기혼,맞벌이 하지 않음,800-900만원 미만,1,0.3305970149253732,0.5009394964299134,0.6423118865866957,0.7962781586679719,0.4677524429967427,0.2717806317250952,0.4304347826086956,건강 추구형 소비자,가격이나 브랜드에 크게 구애받지 않고 건강을 최우선으로 고려하는 프리미엄 소비자 그룹입니다. 건강과 편리성을 모두 만족시키는 제품에 기꺼이 지갑을 엽니다.
327,여자,60대 이상,기능원 및 관련 기능 종사자,고졸(대학 재학 포함),경상남도,2세대가족,기혼,맞벌이 함,500-600만원 미만,1,0.1865671641791045,0.5077038707252911,0.6398582333696838,0.7257590597453475,0.3550488599348534,0.3123915307185002,0.1130434782608695,건강 추구형 소비자,가격이나 브랜드에 크게 구애받지 않고 건강을 최우선으로 고려하는 프리미엄 소비자 그룹입니다. 건강과 편리성을 모두 만족시키는 제품에 기꺼이 지갑을 엽니다.
328,여자,60대 이상,서비스 종사자,고졸(대학 재학 포함),전라북도,2세대가족,기혼,맞벌이 함,400-500만원 미만,3,0.6074626865671644,0.421270199173243,0.561886586695747,0.7649363369245838,0.5885993485342018,0.4196459562651856,0.5013043478260867,트렌드 주도형 소비자,"자신의 취향과 경험을 중시하는 소비자 그룹입니다. 단순히 배를 채우는 것 이상의 가치를 추구하며, 새로운 제품을 가장 먼저 경험하고 공유하려는 경향이 강합니다"
329,여자,60대 이상,사무 종사자,대학교 졸업(전문대졸/대학원생 포함),대전광역시,2세대가족,기혼,맞벌이 함,500-600만원 미만,3,0.4619402985074627,0.6591506952273579,0.4228462377317335,0.8628795298726734,0.3351791530944629,0.4220756681707737,0.5999999999999999,트렌드 주도형 소비자,"자신의 취향과 경험을 중시하는 소비자 그룹입니다. 단순히 배를 채우는 것 이상의 가치를 추구하며, 새로운 제품을 가장 먼저 경험하고 공유하려는 경향이 강합니다"
330,여자,60대 이상,서비스 종사자,대학교 졸업(전문대졸/대학원생 포함),서울특별시,2세대가족,기혼,맞벌이 함,800-900만원 미만,3,0.473134328358209,0.5565576850807965,0.5727917121046888,0.7649363369245838,0.4201954397394136,0.5164873307879206,0.4839130434782607,트렌드 주도형 소비자,"자신의 취향과 경험을 중시하는 소비자 그룹입니다. 단순히 배를 채우는 것 이상의 가치를 추구하며, 새로운 제품을 가장 먼저 경험하고 공유하려는 경향이 강합니다"
331,여자,60대 이상,서비스 종사자,대학교 졸업(전문대졸/대학원생 포함),경기도,2세대가족,기혼,맞벌이 함,"900-1,000만원 미만",3,0.7388059701492539,0.7125140924464485,0.3710468920392581,0.9167482859941232,0.409771986970684,0.2950364456785835,0.6695652173913043,트렌드 주도형 소비자,"자신의 취향과 경험을 중시하는 소비자 그룹입니다. 단순히 배를 채우는 것 이상의 가치를 추구하며, 새로운 제품을 가장 먼저 경험하고 공유하려는 경향이 강합니다"
332,여자,60대 이상,주부,고졸(대학 재학 포함),대전광역시,2세대가족,기혼,맞벌이 하지 않음,500-600만원 미만,3,0.3694029850746269,0.4175122134535888,0.4282988004362049,0.8237022526934379,0.4618892508143324,0.3155154460256854,0.6608695652173913,트렌드 주도형 소비자,"자신의 취향과 경험을 중시하는 소비자 그룹입니다. 단순히 배를 채우는 것 이상의 가치를 추구하며, 새로운 제품을 가장 먼저 경험하고 공유하려는 경향이 강합니다"
333,남자,20대,사무 종사자,대학교 졸업(전문대졸/대학원생 포함),충청북도,1세대가족,미혼(사별/이혼 포함),맞벌이 하지 않음,500-600만원 미만,0,0.4104477611940298,0.7670048853814353,0.3075245365321704,0.8824681684622918,0.3179153094462543,0.3245400902464419,0.2999999999999997,실속형 미식가,편리성을 중시하면서도 새로운 맛과 제품을 시도하는 데 적극적인 소비자 그룹입니다. 가격에 민감하기보다는 효율성과 맛을 동시에 추구합니다.
334,남자,20대,서비스 종사자,고졸(대학 재학 포함),광주광역시,1세대가족,미혼(사별/이혼 포함),맞벌이 하지 않음,100-200만원 미만,1,0.6216417910447761,0.3423524990605034,0.4288440567066517,0.8041136141038193,0.6850162866449513,0.334953141270392,0.2478260869565215,건강 추구형 소비자,가격이나 브랜드에 크게 구애받지 않고 건강을 최우선으로 고려하는 프리미엄 소비자 그룹입니다. 건강과 편리성을 모두 만족시키는 제품에 기꺼이 지갑을 엽니다.
335,남자,20대,사무 종사자,대학교 졸업(전문대졸/대학원생 포함),경상남도,1인 가구,미혼(사별/이혼 포함),맞벌이 하지 않음,200-300만원 미만,0,0.4313432835820893,0.4750093949642991,0.1744820065430754,0.7845249755142015,0.3576547231270361,0.2526900381811868,0.4086956521739129,실속형 미식가,편리성을 중시하면서도 새로운 맛과 제품을 시도하는 데 적극적인 소비자 그룹입니다. 가격에 민감하기보다는 효율성과 맛을 동시에 추구합니다.
336,남자,20대,사무 종사자,대학교 졸업(전문대졸/대학원생 포함),경상북도,1인 가구,미혼(사별/이혼 포함),맞벌이 하지 않음,200-300만원 미만,0,0.4805970149253729,0.5189778278842537,0.2802617230098144,0.8432908912830556,0.2488599348534202,0.3960430406108987,0.6347826086956521,실속형 미식가,편리성을 중시하면서도 새로운 맛과 제품을 시도하는 데 적극적인 소비자 그룹입니다. 가격에 민감하기보다는 효율성과 맛을 동시에 추구합니다.
337,남자,20대,서비스 종사자,고졸(대학 재학 포함),부산광역시,1인 가구,미혼(사별/이혼 포함),맞벌이 하지 않음,300-400만원 미만,0,0.2902985074626867,0.5689590379556556,0.2606324972737189,0.8432908912830556,0.247557003257329,0.3314821242624087,0.5230434782608694,실속형 미식가,편리성을 중시하면서도 새로운 맛과 제품을 시도하는 데 적극적인 소비자 그룹입니다. 가격에 민감하기보다는 효율성과 맛을 동시에 추구합니다.
338,남자,20대,취업 준비 중,대학교 졸업(전문대졸/대학원생 포함),서울특별시,1인 가구,미혼(사별/이혼 포함),맞벌이 하지 않음,100-200만원 미만,0,0.3970149253731341,0.5527996993611421,0.3661395856052344,0.8237022526934379,0.4013029315960914,0.5078097882679622,0.3304347826086955,실속형 미식가,편리성을 중시하면서도 새로운 맛과 제품을 시도하는 데 적극적인 소비자 그룹입니다. 가격에 민감하기보다는 효율성과 맛을 동시에 추구합니다.
339,남자,20대,학생,고졸(대학 재학 포함),광주광역시,1인 가구,미혼(사별/이혼 포함),맞벌이 하지 않음,100만원 미만,1,0.6552238805970151,0.319804584742578,0.4533805888767718,0.7453476983349653,0.7355048859934856,0.4199930579659837,0.1826086956521737,건강 추구형 소비자,가격이나 브랜드에 크게 구애받지 않고 건강을 최우선으로 고려하는 프리미엄 소비자 그룹입니다. 건강과 편리성을 모두 만족시키는 제품에 기꺼이 지갑을 엽니다.
340,남자,20대,기능원 및 관련 기능 종사자,고졸(대학 재학 포함),부산광역시,1인 가구,미혼(사별/이혼 포함),맞벌이 하지 않음,300-400만원 미만,1,0.5097014925373136,0.3047726418639607,0.3680479825517994,0.706170421155729,0.7013029315960913,0.3332176327664005,0.1956521739130433,건강 추구형 소비자,가격이나 브랜드에 크게 구애받지 않고 건강을 최우선으로 고려하는 프리미엄 소비자 그룹입니다. 건강과 편리성을 모두 만족시키는 제품에 기꺼이 지갑을 엽니다.
341,남자,20대,사무 종사자,대학교 졸업(전문대졸/대학원생 포함),경상북도,1인 가구,미혼(사별/이혼 포함),맞벌이 하지 않음,400-500만원 미만,3,0.7014925373134326,0.5189778278842537,0.2311886586695744,0.706170421155729,0.5547231270358308,0.305796598403332,0.2826086956521738,트렌드 주도형 소비자,"자신의 취향과 경험을 중시하는 소비자 그룹입니다. 단순히 배를 채우는 것 이상의 가치를 추구하며, 새로운 제품을 가장 먼저 경험하고 공유하려는 경향이 강합니다"
342,남자,20대,기능원 및 관련 기능 종사자,대학교 졸업(전문대졸/대학원생 포함),부산광역시,1인 가구,미혼(사별/이혼 포함),맞벌이 하지 않음,200-300만원 미만,3,0.5186567164179107,0.4926719278466742,0.4520174482006545,0.8237022526934379,0.3436482084690556,0.3266227004512321,0.4086956521739129,트렌드 주도형 소비자,"자신의 취향과 경험을 중시하는 소비자 그룹입니다. 단순히 배를 채우는 것 이상의 가치를 추구하며, 새로운 제품을 가장 먼저 경험하고 공유하려는 경향이 강합니다"
343,남자,20대,사무 종사자,대학교 졸업(전문대졸/대학원생 포함),대구광역시,1인 가구,미혼(사별/이혼 포함),맞벌이 하지 않음,300-400만원 미만,3,0.5746268656716418,0.3724163848177376,0.1172300981461286,0.8628795298726734,0.3485342019543977,0.4085387018396386,0.7260869565217389,트렌드 주도형 소비자,"자신의 취향과 경험을 중시하는 소비자 그룹입니다. 단순히 배를 채우는 것 이상의 가치를 추구하며, 새로운 제품을 가장 먼저 경험하고 공유하려는 경향이 강합니다"
344,남자,20대,학생,고졸(대학 재학 포함),부산광역시,1인 가구,미혼(사별/이혼 포함),맞벌이 하지 않음,100-200만원 미만,3,0.7276119402985075,0.4099962420142803,0.3298800436205013,0.7845249755142015,0.4967426710097721,0.4300590072891355,0.4565217391304347,트렌드 주도형 소비자,"자신의 취향과 경험을 중시하는 소비자 그룹입니다. 단순히 배를 채우는 것 이상의 가치를 추구하며, 새로운 제품을 가장 먼저 경험하고 공유하려는 경향이 강합니다"
345,남자,20대,판매 종사자,고졸(대학 재학 포함),경상남도,2세대가족,기혼,맞벌이 하지 않음,200-300만원 미만,3,0.7820895522388062,0.676813228109733,0.5038167938931299,0.9020568070519096,0.4156351791530944,0.2464422075668168,0.5999999999999999,트렌드 주도형 소비자,"자신의 취향과 경험을 중시하는 소비자 그룹입니다. 단순히 배를 채우는 것 이상의 가치를 추구하며, 새로운 제품을 가장 먼저 경험하고 공유하려는 경향이 강합니다"
346,여자,20대,사무 종사자,대학교 졸업(전문대졸/대학원생 포함),서울특별시,1세대가족,기혼,맞벌이 함,600-700만원 미만,0,0.1641791044776118,0.7745208568207439,0.5717011995637951,0.9216454456415274,0.1605863192182414,0.298507462686567,0.6347826086956521,실속형 미식가,편리성을 중시하면서도 새로운 맛과 제품을 시도하는 데 적극적인 소비자 그룹입니다. 가격에 민감하기보다는 효율성과 맛을 동시에 추구합니다.
347,여자,20대,서비스 종사자,대학교 졸업(전문대졸/대학원생 포함),충청남도,1세대가족,기혼,맞벌이 함,500-600만원 미만,0,0.4626865671641791,0.562194663660278,0.2669029443838607,0.740450538687561,0.3420195439739416,0.1596667823672336,0.334782608695652,실속형 미식가,편리성을 중시하면서도 새로운 맛과 제품을 시도하는 데 적극적인 소비자 그룹입니다. 가격에 민감하기보다는 효율성과 맛을 동시에 추구합니다.
348,여자,20대,사무 종사자,대학교 졸업(전문대졸/대학원생 포함),경상북도,1인 가구,미혼(사별/이혼 포함),맞벌이 하지 않음,300-400만원 미만,0,0.4402985074626864,0.5170988350244269,0.4487459105779716,0.7796278158667972,0.4006514657980456,0.4019437695244705,0.3478260869565215,실속형 미식가,편리성을 중시하면서도 새로운 맛과 제품을 시도하는 데 적극적인 소비자 그룹입니다. 가격에 민감하기보다는 효율성과 맛을 동시에 추구합니다.
349,여자,20대,판매 종사자,고졸(대학 재학 포함),대구광역시,1인 가구,미혼(사별/이혼 포함),맞벌이 하지 않음,200-300만원 미만,0,0.2089552238805972,0.609169485155956,0.1733914940021808,0.8628795298726734,0.1433224755700327,0.747657063519611,0.708695652173913,실속형 미식가,편리성을 중시하면서도 새로운 맛과 제품을 시도하는 데 적극적인 소비자 그룹입니다. 가격에 민감하기보다는 효율성과 맛을 동시에 추구합니다.
350,여자,20대,사무 종사자,대학교 졸업(전문대졸/대학원생 포함),경상북도,1인 가구,미혼(사별/이혼 포함),맞벌이 하지 않음,200-300만원 미만,0,0.2149253731343282,0.3423524990605034,0.2944383860414394,0.7649363369245838,0.1752442996742673,0.3731343283582088,0.2782608695652173,실속형 미식가,편리성을 중시하면서도 새로운 맛과 제품을 시도하는 데 적극적인 소비자 그룹입니다. 가격에 민감하기보다는 효율성과 맛을 동시에 추구합니다.
351,여자,20대,사무 종사자,대학교 졸업(전문대졸/대학원생 포함),대구광역시,1인 가구,미혼(사별/이혼 포함),맞벌이 하지 않음,200-300만원 미만,0,0.3753731343283583,0.6749342352499057,0.1289531079607418,0.8383937316356512,0.1508143322475571,0.1978479694550501,0.5130434782608694,실속형 미식가,편리성을 중시하면서도 새로운 맛과 제품을 시도하는 데 적극적인 소비자 그룹입니다. 가격에 민감하기보다는 효율성과 맛을 동시에 추구합니다.
352,여자,20대,사무 종사자,대학교 졸업(전문대졸/대학원생 포함),대전광역시,1인 가구,미혼(사별/이혼 포함),맞벌이 하지 않음,200-300만원 미만,0,0.246268656716418,0.5471627207816611,0.2006543075245361,0.740450538687561,0.2609120521172638,0.2533842415827835,0.434782608695652,실속형 미식가,편리성을 중시하면서도 새로운 맛과 제품을 시도하는 데 적극적인 소비자 그룹입니다. 가격에 민감하기보다는 효율성과 맛을 동시에 추구합니다.
353,여자,20대,사무 종사자,대학교 졸업(전문대졸/대학원생 포함),충청남도,1인 가구,미혼(사별/이혼 포함),맞벌이 하지 않음,300-400만원 미만,0,0.3850746268656718,0.8928974069898532,0.4247546346782984,0.8971596474045053,0.2570032573289904,0.240541478653245,0.201304347826087,실속형 미식가,편리성을 중시하면서도 새로운 맛과 제품을 시도하는 데 적극적인 소비자 그룹입니다. 가격에 민감하기보다는 효율성과 맛을 동시에 추구합니다.
354,여자,20대,기능원 및 관련 기능 종사자,대학교 졸업(전문대졸/대학원생 포함),경상북도,1인 가구,미혼(사별/이혼 포함),맞벌이 하지 않음,200-300만원 미만,0,0.419402985074627,0.6354753851935362,0.07360959651036,0.8432908912830556,0.2351791530944625,0.3724401249566121,0.334782608695652,실속형 미식가,편리성을 중시하면서도 새로운 맛과 제품을 시도하는 데 적극적인 소비자 그룹입니다. 가격에 민감하기보다는 효율성과 맛을 동시에 추구합니다.
355,여자,20대,서비스 종사자,대학교 졸업(전문대졸/대학원생 포함),충청남도,1인 가구,미혼(사별/이혼 포함),맞벌이 하지 않음,200-300만원 미만,1,0.5970149253731344,0.3028936490041337,0.525081788440567,0.681684622918707,0.6426710097719872,0.1110725442554667,0.0478260869565214,건강 추구형 소비자,가격이나 브랜드에 크게 구애받지 않고 건강을 최우선으로 고려하는 프리미엄 소비자 그룹입니다. 건강과 편리성을 모두 만족시키는 제품에 기꺼이 지갑을 엽니다.
356,여자,20대,사무 종사자,대학교 졸업(전문대졸/대학원생 포함),경상북도,1인 가구,미혼(사별/이혼 포함),맞벌이 하지 않음,200-300만원 미만,1,0.3335820895522389,0.3649004133784291,0.3271537622682661,0.8237022526934379,0.4625407166123778,0.4165220409580004,0.2260869565217391,건강 추구형 소비자,가격이나 브랜드에 크게 구애받지 않고 건강을 최우선으로 고려하는 프리미엄 소비자 그룹입니다. 건강과 편리성을 모두 만족시키는 제품에 기꺼이 지갑을 엽니다.
357,여자,20대,사무 종사자,대학원 졸업 이상,부산광역시,1인 가구,미혼(사별/이혼 포함),맞벌이 하지 않음,200-300만원 미만,3,0.5970149253731344,0.3799323562570461,0.3511450381679391,0.7257590597453475,0.4814332247557004,0.3300937174592153,0.5565217391304347,트렌드 주도형 소비자,"자신의 취향과 경험을 중시하는 소비자 그룹입니다. 단순히 배를 채우는 것 이상의 가치를 추구하며, 새로운 제품을 가장 먼저 경험하고 공유하려는 경향이 강합니다"
358,여자,20대,사무 종사자,대학교 졸업(전문대졸/대학원생 포함),부산광역시,1인 가구,미혼(사별/이혼 포함),맞벌이 하지 않음,200-300만원 미만,3,0.5880597014925373,0.7519729425028184,0.3565976008724097,0.8628795298726734,0.4599348534201955,0.358903158625477,0.4434782608695652,트렌드 주도형 소비자,"자신의 취향과 경험을 중시하는 소비자 그룹입니다. 단순히 배를 채우는 것 이상의 가치를 추구하며, 새로운 제품을 가장 먼저 경험하고 공유하려는 경향이 강합니다"
359,여자,20대,전문가 및 관련 종사자,대학원 졸업 이상,제주특별자치도,1인 가구,미혼(사별/이혼 포함),맞벌이 하지 않음,200-300만원 미만,3,0.6604477611940297,0.7219090567455841,0.0929661941112321,0.6669931439764935,0.2622149837133554,0.1825754946199234,0.2913043478260869,트렌드 주도형 소비자,"자신의 취향과 경험을 중시하는 소비자 그룹입니다. 단순히 배를 채우는 것 이상의 가치를 추구하며, 새로운 제품을 가장 먼저 경험하고 공유하려는 경향이 강합니다"
360,여자,20대,전문가 및 관련 종사자,고졸(대학 재학 포함),부산광역시,1인 가구,미혼(사별/이혼 포함),맞벌이 하지 않음,200-300만원 미만,3,0.817910447761194,0.6542653137918076,0.4506543075245364,0.8432908912830556,0.5550488599348538,0.4286706004859422,0.4956521739130434,트렌드 주도형 소비자,"자신의 취향과 경험을 중시하는 소비자 그룹입니다. 단순히 배를 채우는 것 이상의 가치를 추구하며, 새로운 제품을 가장 먼저 경험하고 공유하려는 경향이 강합니다"
361,여자,20대,학생,고졸(대학 재학 포함),대전광역시,1인 가구,미혼(사별/이혼 포함),맞벌이 하지 않음,100만원 미만,3,0.6604477611940297,0.7812852311161218,0.09814612868048,0.8579823702252692,0.315309446254072,0.6463033668864974,0.4304347826086956,트렌드 주도형 소비자,"자신의 취향과 경험을 중시하는 소비자 그룹입니다. 단순히 배를 채우는 것 이상의 가치를 추구하며, 새로운 제품을 가장 먼저 경험하고 공유하려는 경향이 강합니다"
362,여자,20대,주부,대학교 졸업(전문대졸/대학원생 포함),대구광역시,2세대가족,기혼,맞벌이 하지 않음,200-300만원 미만,0,0.2977611940298509,0.4889139421270199,0.4727371864776447,0.8824681684622918,0.2570032573289904,0.5019090593543907,0.2260869565217391,실속형 미식가,편리성을 중시하면서도 새로운 맛과 제품을 시도하는 데 적극적인 소비자 그룹입니다. 가격에 민감하기보다는 효율성과 맛을 동시에 추구합니다.
363,여자,20대,주부,고졸(대학 재학 포함),대구광역시,2세대가족,기혼,맞벌이 하지 않음,200-300만원 미만,0,0.3231343283582089,0.6204434423149192,0.1384950926935657,0.6669931439764935,0.2592833876221498,0.384935786185352,0.3260869565217388,실속형 미식가,편리성을 중시하면서도 새로운 맛과 제품을 시도하는 데 적극적인 소비자 그룹입니다. 가격에 민감하기보다는 효율성과 맛을 동시에 추구합니다.
