id,name,gender,age,job,education,region,household,marriage,income_status,income_month,cluster,brand_loyalty_scaled,cooking_convenience_scaled,health_orientation_scaled,hmr_preference_scaled,premium_orientation_scaled,price_sensitivity_scaled,variety_seeking_scaled,label,description
1,한도윤,여자,50대,단순노무 종사자,고졸(대학 재학 포함),부산광역시,1인 가구,미혼(사별/이혼 포함),맞벌이 하지 않음,100-200만원 미만,3,0.539552239,0.597895528,0.370501636,0.804113614,0.468729642,0.315862548,0.408695652,트렌드 주도형 소비자,"자신의 취향과 경험을 중시하는 소비자 그룹입니다. 단순히 배를 채우는 것 이상의 가치를 추구하며, 새로운 제품을 가장 먼저 경험하고 공유하려는 경향이 강합니다"
2,강시우,남자,30대,기능원 및 관련 기능 종사자,고졸(대학 재학 포함),울산광역시,1인 가구,미혼(사별/이혼 포함),맞벌이 하지 않음,300-400만원 미만,3,0.881343284,0.662908681,0.501363141,0.902056807,0.649511401,0.35091982,0.566521739,트렌드 주도형 소비자,"자신의 취향과 경험을 중시하는 소비자 그룹입니다. 단순히 배를 채우는 것 이상의 가치를 추구하며, 새로운 제품을 가장 먼저 경험하고 공유하려는 경향이 강합니다"
3,이민준,남자,30대,판매 종사자,대학교 졸업(전문대졸/대학원생 포함),울산광역시,2세대가족,기혼,맞벌이 함,600-700만원 미만,3,0.874626866,0.680571214,0.491003272,0.921645446,0.614983713,0.334258938,0.530434783,트렌드 주도형 소비자,"자신의 취향과 경험을 중시하는 소비자 그룹입니다. 단순히 배를 채우는 것 이상의 가치를 추구하며, 새로운 제품을 가장 먼저 경험하고 공유하려는 경향이 강합니다"
4,이수아,여자,20대,전문가 및 관련 종사자,고졸(대학 재학 포함),부산광역시,1인 가구,미혼(사별/이혼 포함),맞벌이 하지 않음,200-300만원 미만,3,0.817910448,0.654265314,0.450654308,0.843290891,0.55504886,0.4286706,0.495652174,트렌드 주도형 소비자,"자신의 취향과 경험을 중시하는 소비자 그룹입니다. 단순히 배를 채우는 것 이상의 가치를 추구하며, 새로운 제품을 가장 먼저 경험하고 공유하려는 경향이 강합니다"
5,김예준,여자,50대,서비스 종사자,고졸(대학 재학 포함),울산광역시,1세대가족,기혼,맞벌이 함,500-600만원 미만,3,0.707462687,0.827132657,0.329607415,0.902056807,0.389576547,0.355432142,0.470869565,트렌드 주도형 소비자,"자신의 취향과 경험을 중시하는 소비자 그룹입니다. 단순히 배를 채우는 것 이상의 가치를 추구하며, 새로운 제품을 가장 먼저 경험하고 공유하려는 경향이 강합니다"
6,정건우,여자,40대,주부,대학교 졸업(전문대졸/대학원생 포함),부산광역시,1세대가족,기혼,맞벌이 하지 않음,300-400만원 미만,3,0.687313433,0.511461856,0.502453653,0.804113614,0.535504886,0.440124957,0.395652174,트렌드 주도형 소비자,"자신의 취향과 경험을 중시하는 소비자 그룹입니다. 단순히 배를 채우는 것 이상의 가치를 추구하며, 새로운 제품을 가장 먼저 경험하고 공유하려는 경향이 강합니다"
7,임지호,여자,60대 이상,서비스 종사자,대학교 졸업(전문대졸/대학원생 포함),서울특별시,2세대가족,기혼,맞벌이 함,"1,000만원 이상",0,0.487313433,0.891018414,0.342420938,0.804113614,0.351465798,0.294342242,0.295652174,실속형 미식가,편리성을 중시하면서도 새로운 맛과 제품을 시도하는 데 적극적인 소비자 그룹입니다. 가격에 민감하기보다는 효율성과 맛을 동시에 추구합니다.
8,이채원,여자,60대 이상,주부,고졸(대학 재학 포함),서울특별시,2세대가족,기혼,맞벌이 하지 않음,700-800만원 미만,3,0.623134328,0.936114243,0.367230098,0.921645446,0.455374593,0.335300243,0.330434783,트렌드 주도형 소비자,"자신의 취향과 경험을 중시하는 소비자 그룹입니다. 단순히 배를 채우는 것 이상의 가치를 추구하며, 새로운 제품을 가장 먼저 경험하고 공유하려는 경향이 강합니다"
9,이시우,여자,50대,판매 종사자,고졸(대학 재학 포함),서울특별시,2세대가족,기혼,맞벌이 함,500-600만원 미만,1,0.337313433,0.530251785,0.570883315,0.921645446,0.479478827,0.562304755,0.48826087,건강 추구형 소비자,가격이나 브랜드에 크게 구애받지 않고 건강을 최우선으로 고려하는 프리미엄 소비자 그룹입니다. 건강과 편리성을 모두 만족시키는 제품에 기꺼이 지갑을 엽니다.
10,조지호,여자,60대 이상,서비스 종사자,고졸(대학 재학 포함),전라북도,2세대가족,기혼,맞벌이 함,400-500만원 미만,3,0.607462687,0.421270199,0.561886587,0.764936337,0.588599349,0.419645956,0.501304348,트렌드 주도형 소비자,"자신의 취향과 경험을 중시하는 소비자 그룹입니다. 단순히 배를 채우는 것 이상의 가치를 추구하며, 새로운 제품을 가장 먼저 경험하고 공유하려는 경향이 강합니다"
11,조지원,여자,40대,사무 종사자,대학교 졸업(전문대졸/대학원생 포함),대구광역시,2세대가족,기혼,맞벌이 함,800-900만원 미만,3,0.503731343,0.774520857,0.33478735,0.823702253,0.381433225,0.486289483,0.313043478,트렌드 주도형 소비자,"자신의 취향과 경험을 중시하는 소비자 그룹입니다. 단순히 배를 채우는 것 이상의 가치를 추구하며, 새로운 제품을 가장 먼저 경험하고 공유하려는 경향이 강합니다"
12,정서연,여자,40대,사무 종사자,대학교 졸업(전문대졸/대학원생 포함),대구광역시,2세대가족,기혼,맞벌이 함,"1,000만원 이상",0,0.417910448,0.88162345,0.044438386,0.838393732,0.232247557,0.417563346,0.217391304,실속형 미식가,편리성을 중시하면서도 새로운 맛과 제품을 시도하는 데 적극적인 소비자 그룹입니다. 가격에 민감하기보다는 효율성과 맛을 동시에 추구합니다.
13,김시우,여자,50대,판매 종사자,고졸(대학 재학 포함),인천광역시,2세대가족,기혼,맞벌이 함,600-700만원 미만,1,0.255970149,0.383690342,0.867775354,0.823702253,0.558957655,0.269003818,0.139130435,건강 추구형 소비자,가격이나 브랜드에 크게 구애받지 않고 건강을 최우선으로 고려하는 프리미엄 소비자 그룹입니다. 건강과 편리성을 모두 만족시키는 제품에 기꺼이 지갑을 엽니다.
14,정채원,여자,60대 이상,서비스 종사자,고졸(대학 재학 포함),광주광역시,1인 가구,미혼(사별/이혼 포함),맞벌이 하지 않음,200-300만원 미만,1,0.349253731,0.579105599,0.559160305,0.823702253,0.286970684,0.229087123,0.304347826,건강 추구형 소비자,가격이나 브랜드에 크게 구애받지 않고 건강을 최우선으로 고려하는 프리미엄 소비자 그룹입니다. 건강과 편리성을 모두 만족시키는 제품에 기꺼이 지갑을 엽니다.
15,윤수아,여자,60대 이상,농림어업 숙련 종사자,중졸 이하,경상북도,1인 가구,미혼(사별/이혼 포함),맞벌이 하지 않음,100만원 미만,0,0.339552239,0.488913942,0.409214831,0.784524976,0.318566775,0.214855953,0.556521739,실속형 미식가,편리성을 중시하면서도 새로운 맛과 제품을 시도하는 데 적극적인 소비자 그룹입니다. 가격에 민감하기보다는 효율성과 맛을 동시에 추구합니다.
16,정예은,여자,50대,서비스 종사자,중졸 이하,전라북도,1인 가구,기혼,맞벌이 하지 않음,100-200만원 미만,1,0.398507463,0.462608042,0.630316249,0.804113614,0.419869707,0.372787227,0.282608696,건강 추구형 소비자,가격이나 브랜드에 크게 구애받지 않고 건강을 최우선으로 고려하는 프리미엄 소비자 그룹입니다. 건강과 편리성을 모두 만족시키는 제품에 기꺼이 지갑을 엽니다.
17,김주원,여자,50대,주부,대학교 졸업(전문대졸/대학원생 포함),경기도,2세대가족,기혼,맞벌이 하지 않음,500-600만원 미만,3,0.328358209,0.518977828,0.551799346,0.960822723,0.54495114,0.296077751,0.595652174,트렌드 주도형 소비자,"자신의 취향과 경험을 중시하는 소비자 그룹입니다. 단순히 배를 채우는 것 이상의 가치를 추구하며, 새로운 제품을 가장 먼저 경험하고 공유하려는 경향이 강합니다"
18,이민준,남자,20대,학생,고졸(대학 재학 포함),부산광역시,1인 가구,미혼(사별/이혼 포함),맞벌이 하지 않음,100-200만원 미만,3,0.72761194,0.409996242,0.329880044,0.784524976,0.496742671,0.430059007,0.456521739,트렌드 주도형 소비자,"자신의 취향과 경험을 중시하는 소비자 그룹입니다. 단순히 배를 채우는 것 이상의 가치를 추구하며, 새로운 제품을 가장 먼저 경험하고 공유하려는 경향이 강합니다"
19,윤민준,여자,60대 이상,서비스 종사자,고졸(대학 재학 포함),부산광역시,1인 가구,미혼(사별/이혼 포함),맞벌이 하지 않음,100만원 미만,3,0.596268657,0.477639985,0.360687023,0.764936337,0.278175896,0.470669906,0.627391304,트렌드 주도형 소비자,"자신의 취향과 경험을 중시하는 소비자 그룹입니다. 단순히 배를 채우는 것 이상의 가치를 추구하며, 새로운 제품을 가장 먼저 경험하고 공유하려는 경향이 강합니다"
20,정지민,여자,50대,서비스 종사자,대학교 졸업(전문대졸/대학원생 포함),경기도,2세대가족,기혼,맞벌이 함,"900-1,000만원 미만",0,0.270895522,0.680571214,0.407033806,0.960822723,0.466449511,0.478653245,0.482608696,실속형 미식가,편리성을 중시하면서도 새로운 맛과 제품을 시도하는 데 적극적인 소비자 그룹입니다. 가격에 민감하기보다는 효율성과 맛을 동시에 추구합니다.
21,최건우,여자,50대,사무 종사자,고졸(대학 재학 포함),전라북도,2세대가족,기혼,맞벌이 함,500-600만원 미만,1,0.599253731,0.423900789,0.782715376,0.801175318,0.60781759,0.446719889,0.447826087,건강 추구형 소비자,가격이나 브랜드에 크게 구애받지 않고 건강을 최우선으로 고려하는 프리미엄 소비자 그룹입니다. 건강과 편리성을 모두 만족시키는 제품에 기꺼이 지갑을 엽니다.
22,조서연,남자,20대,기능원 및 관련 기능 종사자,대학교 졸업(전문대졸/대학원생 포함),부산광역시,1인 가구,미혼(사별/이혼 포함),맞벌이 하지 않음,200-300만원 미만,3,0.518656716,0.492671928,0.452017448,0.823702253,0.343648208,0.3266227,0.408695652,트렌드 주도형 소비자,"자신의 취향과 경험을 중시하는 소비자 그룹입니다. 단순히 배를 채우는 것 이상의 가치를 추구하며, 새로운 제품을 가장 먼저 경험하고 공유하려는 경향이 강합니다"
23,박수아,여자,60대 이상,주부,고졸(대학 재학 포함),인천광역시,1세대가족,기혼,맞벌이 하지 않음,300-400만원 미만,1,0.567910448,0.372416385,0.612322792,0.843290891,0.403583062,0.245748004,0.11,건강 추구형 소비자,가격이나 브랜드에 크게 구애받지 않고 건강을 최우선으로 고려하는 프리미엄 소비자 그룹입니다. 건강과 편리성을 모두 만족시키는 제품에 기꺼이 지갑을 엽니다.
24,박지민,여자,40대,주부,대학교 졸업(전문대졸/대학원생 포함),경기도,2세대가족,기혼,맞벌이 하지 않음,600-700만원 미만,3,0.561940299,0.864712514,0.454198473,0.960822723,0.463843648,0.478306144,0.517391304,트렌드 주도형 소비자,"자신의 취향과 경험을 중시하는 소비자 그룹입니다. 단순히 배를 채우는 것 이상의 가치를 추구하며, 새로운 제품을 가장 먼저 경험하고 공유하려는 경향이 강합니다"
25,임하은,남자,20대,장치·기계 조작 및 조립 종사자,대학교 졸업(전문대졸/대학원생 포함),부산광역시,2세대가족,미혼(사별/이혼 포함),맞벌이 하지 않음,500-600만원 미만,0,0.489552239,0.477639985,0.381134133,0.804113614,0.273289902,0.654633808,0.591304348,실속형 미식가,편리성을 중시하면서도 새로운 맛과 제품을 시도하는 데 적극적인 소비자 그룹입니다. 가격에 민감하기보다는 효율성과 맛을 동시에 추구합니다.
26,김하은,여자,50대,사무 종사자,중졸 이하,부산광역시,1세대가족,기혼,맞벌이 함,500-600만원 미만,3,0.67238806,0.560315671,0.292529989,0.804113614,0.490879479,0.35091982,0.395652174,트렌드 주도형 소비자,"자신의 취향과 경험을 중시하는 소비자 그룹입니다. 단순히 배를 채우는 것 이상의 가치를 추구하며, 새로운 제품을 가장 먼저 경험하고 공유하려는 경향이 강합니다"
27,강준서,여자,30대,사무 종사자,대학교 졸업(전문대졸/대학원생 포함),전라북도,1인 가구,미혼(사별/이혼 포함),맞벌이 하지 않음,200-300만원 미만,1,0.534328358,0.443818113,0.718102508,0.921645446,0.633876221,0.32037487,0.343478261,건강 추구형 소비자,가격이나 브랜드에 크게 구애받지 않고 건강을 최우선으로 고려하는 프리미엄 소비자 그룹입니다. 건강과 편리성을 모두 만족시키는 제품에 기꺼이 지갑을 엽니다.
28,박지원,남자,20대,서비스 종사자,고졸(대학 재학 포함),부산광역시,1세대가족,기혼,맞벌이 함,500-600만원 미만,1,0.358208955,0.415633221,0.601417666,0.818805093,0.536156352,0.340159667,0.223043478,건강 추구형 소비자,가격이나 브랜드에 크게 구애받지 않고 건강을 최우선으로 고려하는 프리미엄 소비자 그룹입니다. 건강과 편리성을 모두 만족시키는 제품에 기꺼이 지갑을 엽니다.
29,정지원,여자,40대,사무 종사자,대학교 졸업(전문대졸/대학원생 포함),대구광역시,2세대가족,기혼,맞벌이 함,700-800만원 미만,0,0.191044776,0.456971064,0.364231189,0.799216454,0.464495114,0.462686567,0.230434783,실속형 미식가,편리성을 중시하면서도 새로운 맛과 제품을 시도하는 데 적극적인 소비자 그룹입니다. 가격에 민감하기보다는 효율성과 맛을 동시에 추구합니다.
30,이예은,여자,60대 이상,서비스 종사자,고졸(대학 재학 포함),전라북도,1인 가구,기혼,맞벌이 하지 않음,200-300만원 미만,1,0.23880597,0.421270199,0.798527808,0.882468168,0.584364821,0.335300243,0.37826087,건강 추구형 소비자,가격이나 브랜드에 크게 구애받지 않고 건강을 최우선으로 고려하는 프리미엄 소비자 그룹입니다. 건강과 편리성을 모두 만족시키는 제품에 기꺼이 지갑을 엽니다.
31,정지원,남자,20대,사무 종사자,대학교 졸업(전문대졸/대학원생 포함),부산광역시,1인 가구,미혼(사별/이혼 포함),맞벌이 하지 않음,200-300만원 미만,3,0.703731343,0.518977828,0.291712105,0.804113614,0.628338762,0.414439431,0.339130435,트렌드 주도형 소비자,"자신의 취향과 경험을 중시하는 소비자 그룹입니다. 단순히 배를 채우는 것 이상의 가치를 추구하며, 새로운 제품을 가장 먼저 경험하고 공유하려는 경향이 강합니다"
32,이예은,여자,30대,주부,대학교 졸업(전문대졸/대학원생 포함),경기도,2세대가족,기혼,맞벌이 하지 않음,400-500만원 미만,1,0.355970149,0.409996242,0.693293348,0.843290891,0.780781759,0.321416175,0.091304348,건강 추구형 소비자,가격이나 브랜드에 크게 구애받지 않고 건강을 최우선으로 고려하는 프리미엄 소비자 그룹입니다. 건강과 편리성을 모두 만족시키는 제품에 기꺼이 지갑을 엽니다.
33,김채원,여자,60대 이상,주부,대학교 졸업(전문대졸/대학원생 포함),부산광역시,1세대가족,기혼,맞벌이 하지 않음,400-500만원 미만,0,0.467164179,0.379932356,0.408669575,0.686581783,0.323778502,0.397431447,0.595652174,실속형 미식가,편리성을 중시하면서도 새로운 맛과 제품을 시도하는 데 적극적인 소비자 그룹입니다. 가격에 민감하기보다는 효율성과 맛을 동시에 추구합니다.
34,박서윤,여자,20대,사무 종사자,대학교 졸업(전문대졸/대학원생 포함),대구광역시,1인 가구,미혼(사별/이혼 포함),맞벌이 하지 않음,300-400만원 미만,1,0.593283582,0.451334085,0.723282443,0.823702253,0.683387622,0.278028462,0.330434783,건강 추구형 소비자,가격이나 브랜드에 크게 구애받지 않고 건강을 최우선으로 고려하는 프리미엄 소비자 그룹입니다. 건강과 편리성을 모두 만족시키는 제품에 기꺼이 지갑을 엽니다.
35,강하은,여자,40대,판매 종사자,대학교 졸업(전문대졸/대학원생 포함),대구광역시,2세대가족,기혼,맞벌이 함,500-600만원 미만,1,0.394029851,0.520856821,0.516902944,0.760039177,0.445602606,0.469628601,0.113043478,건강 추구형 소비자,가격이나 브랜드에 크게 구애받지 않고 건강을 최우선으로 고려하는 프리미엄 소비자 그룹입니다. 건강과 편리성을 모두 만족시키는 제품에 기꺼이 지갑을 엽니다.
36,한예은,여자,60대 이상,주부,고졸(대학 재학 포함),경상북도,1세대가족,기혼,맞벌이 하지 않음,200-300만원 미만,0,0.218656716,0.479518978,0.347328244,0.760039177,0.249511401,0.211732037,0.752173913,실속형 미식가,편리성을 중시하면서도 새로운 맛과 제품을 시도하는 데 적극적인 소비자 그룹입니다. 가격에 민감하기보다는 효율성과 맛을 동시에 추구합니다.
37,정서윤,여자,50대,서비스 종사자,고졸(대학 재학 포함),전라북도,2세대가족,기혼,맞벌이 하지 않음,200-300만원 미만,1,0.16641791,0.470124014,0.882224646,0.941234084,0.56742671,0.319333565,0.514347826,건강 추구형 소비자,가격이나 브랜드에 크게 구애받지 않고 건강을 최우선으로 고려하는 프리미엄 소비자 그룹입니다. 건강과 편리성을 모두 만족시키는 제품에 기꺼이 지갑을 엽니다.
38,조주원,여자,50대,주부,대학교 졸업(전문대졸/대학원생 포함),대구광역시,2세대가족,기혼,맞벌이 함,"1,000만원 이상",0,0.335074627,0.449455092,0.232551799,0.799216454,0.286319218,0.400208261,0.52173913,실속형 미식가,편리성을 중시하면서도 새로운 맛과 제품을 시도하는 데 적극적인 소비자 그룹입니다. 가격에 민감하기보다는 효율성과 맛을 동시에 추구합니다.
39,임도윤,여자,60대 이상,장치·기계 조작 및 조립 종사자,대학교 졸업(전문대졸/대학원생 포함),대구광역시,1세대가족,기혼,맞벌이 함,500-600만원 미만,3,0.66641791,0.471251409,0.589967285,0.764936337,0.652442997,0.389448108,0.430434783,트렌드 주도형 소비자,"자신의 취향과 경험을 중시하는 소비자 그룹입니다. 단순히 배를 채우는 것 이상의 가치를 추구하며, 새로운 제품을 가장 먼저 경험하고 공유하려는 경향이 강합니다"
40,윤예은,여자,60대 이상,기능원 및 관련 기능 종사자,고졸(대학 재학 포함),인천광역시,1인 가구,미혼(사별/이혼 포함),맞벌이 하지 않음,200-300만원 미만,1,0.4,0.383690342,0.782988004,0.823702253,0.229967427,0.192641444,0.305652174,건강 추구형 소비자,가격이나 브랜드에 크게 구애받지 않고 건강을 최우선으로 고려하는 프리미엄 소비자 그룹입니다. 건강과 편리성을 모두 만족시키는 제품에 기꺼이 지갑을 엽니다.
41,한하은,여자,50대,서비스 종사자,고졸(대학 재학 포함),전라북도,1세대가족,기혼,맞벌이 함,400-500만원 미만,1,0.186567164,0.432544156,0.916030534,0.86287953,0.630618893,0.360985769,0.452173913,건강 추구형 소비자,가격이나 브랜드에 크게 구애받지 않고 건강을 최우선으로 고려하는 프리미엄 소비자 그룹입니다. 건강과 편리성을 모두 만족시키는 제품에 기꺼이 지갑을 엽니다.
42,한민서,여자,50대,서비스 종사자,고졸(대학 재학 포함),전라북도,1세대가족,기혼,맞벌이 함,500-600만원 미만,1,0.119402985,0.447576099,0.887677208,0.902056807,0.663517915,0.276987157,0.443478261,건강 추구형 소비자,가격이나 브랜드에 크게 구애받지 않고 건강을 최우선으로 고려하는 프리미엄 소비자 그룹입니다. 건강과 편리성을 모두 만족시키는 제품에 기꺼이 지갑을 엽니다.
43,박서준,여자,40대,사무 종사자,대학교 졸업(전문대졸/대학원생 포함),서울특별시,2세대가족,기혼,맞벌이 함,700-800만원 미만,1,0.629104478,0.33408493,0.428026172,0.701273262,0.619869707,0.360291565,0.126086957,건강 추구형 소비자,가격이나 브랜드에 크게 구애받지 않고 건강을 최우선으로 고려하는 프리미엄 소비자 그룹입니다. 건강과 편리성을 모두 만족시키는 제품에 기꺼이 지갑을 엽니다.
44,임예준,여자,30대,사무 종사자,대학교 졸업(전문대졸/대학원생 포함),인천광역시,1세대가족,기혼,맞벌이 함,700-800만원 미만,1,0.296268657,0.391206313,0.722737186,0.86287953,0.220521173,0.194376952,0.27826087,건강 추구형 소비자,가격이나 브랜드에 크게 구애받지 않고 건강을 최우선으로 고려하는 프리미엄 소비자 그룹입니다. 건강과 편리성을 모두 만족시키는 제품에 기꺼이 지갑을 엽니다.
45,김서준,여자,40대,판매 종사자,대학교 졸업(전문대졸/대학원생 포함),경기도,2세대가족,기혼,맞벌이 함,500-600만원 미만,1,0.265671642,0.421270199,0.716466739,0.784524976,0.563192182,0.364456786,0.152173913,건강 추구형 소비자,가격이나 브랜드에 크게 구애받지 않고 건강을 최우선으로 고려하는 프리미엄 소비자 그룹입니다. 건강과 편리성을 모두 만족시키는 제품에 기꺼이 지갑을 엽니다.
46,최채원,여자,50대,서비스 종사자,대학교 졸업(전문대졸/대학원생 포함),대구광역시,1세대가족,기혼,맞벌이 함,500-600만원 미만,3,0.491791045,0.500187899,0.616412214,0.86287953,0.538110749,0.388406803,0.517391304,트렌드 주도형 소비자,"자신의 취향과 경험을 중시하는 소비자 그룹입니다. 단순히 배를 채우는 것 이상의 가치를 추구하며, 새로운 제품을 가장 먼저 경험하고 공유하려는 경향이 강합니다"
47,임서윤,여자,50대,사무 종사자,대학교 졸업(전문대졸/대학원생 포함),대구광역시,2세대가족,기혼,맞벌이 함,600-700만원 미만,1,0.458955224,0.492671928,0.482006543,0.843290891,0.502605863,0.506768483,0.265217391,건강 추구형 소비자,가격이나 브랜드에 크게 구애받지 않고 건강을 최우선으로 고려하는 프리미엄 소비자 그룹입니다. 건강과 편리성을 모두 만족시키는 제품에 기꺼이 지갑을 엽니다.
48,조주원,여자,30대,서비스 종사자,대학교 졸업(전문대졸/대학원생 포함),대구광역시,2세대가족,기혼,맞벌이 함,400-500만원 미만,3,0.574626866,0.425028185,0.327153762,0.823702253,0.436482085,0.373828532,0.486956522,트렌드 주도형 소비자,"자신의 취향과 경험을 중시하는 소비자 그룹입니다. 단순히 배를 채우는 것 이상의 가치를 추구하며, 새로운 제품을 가장 먼저 경험하고 공유하려는 경향이 강합니다"
49,한지호,여자,60대 이상,사무 종사자,대학교 졸업(전문대졸/대학원생 포함),대구광역시,1세대가족,기혼,맞벌이 함,600-700만원 미만,3,0.747014925,0.478767381,0.566521265,0.784524976,0.62019544,0.332870531,0.526086957,트렌드 주도형 소비자,"자신의 취향과 경험을 중시하는 소비자 그룹입니다. 단순히 배를 채우는 것 이상의 가치를 추구하며, 새로운 제품을 가장 먼저 경험하고 공유하려는 경향이 강합니다"
50,윤지호,여자,60대 이상,주부,고졸(대학 재학 포함),경상북도,1세대가족,기혼,맞벌이 하지 않음,300-400만원 미만,0,0.220149254,0.496429914,0.434841876,0.784524976,0.242019544,0.194376952,0.760869565,실속형 미식가,편리성을 중시하면서도 새로운 맛과 제품을 시도하는 데 적극적인 소비자 그룹입니다. 가격에 민감하기보다는 효율성과 맛을 동시에 추구합니다.
51,김서준,여자,30대,주부,대학교 졸업(전문대졸/대학원생 포함),대구광역시,1세대가족,기혼,맞벌이 하지 않음,300-400만원 미만,0,0.355223881,0.605411499,0.320610687,0.804113614,0.246254072,0.457480042,0.12173913,실속형 미식가,편리성을 중시하면서도 새로운 맛과 제품을 시도하는 데 적극적인 소비자 그룹입니다. 가격에 민감하기보다는 효율성과 맛을 동시에 추구합니다.
52,윤건우,여자,60대 이상,주부,고졸(대학 재학 포함),서울특별시,2세대가족,기혼,맞벌이 하지 않음,600-700만원 미만,1,0.444776119,0.552799699,0.531897492,0.843290891,0.483061889,0.423464075,0.386956522,건강 추구형 소비자,가격이나 브랜드에 크게 구애받지 않고 건강을 최우선으로 고려하는 프리미엄 소비자 그룹입니다. 건강과 편리성을 모두 만족시키는 제품에 기꺼이 지갑을 엽니다.
53,윤도윤,여자,40대,판매 종사자,대학교 졸업(전문대졸/대학원생 포함),인천광역시,2세대가족,기혼,맞벌이 함,400-500만원 미만,1,0.255970149,0.368658399,0.905943293,0.804113614,0.236482085,0.163137799,0.095652174,건강 추구형 소비자,가격이나 브랜드에 크게 구애받지 않고 건강을 최우선으로 고려하는 프리미엄 소비자 그룹입니다. 건강과 편리성을 모두 만족시키는 제품에 기꺼이 지갑을 엽니다.
54,조예준,여자,60대 이상,주부,중졸 이하,울산광역시,1세대가족,기혼,맞벌이 하지 않음,300-400만원 미만,1,0.36641791,0.444945509,0.482006543,0.784524976,0.427035831,0.238111767,0.323043478,건강 추구형 소비자,가격이나 브랜드에 크게 구애받지 않고 건강을 최우선으로 고려하는 프리미엄 소비자 그룹입니다. 건강과 편리성을 모두 만족시키는 제품에 기꺼이 지갑을 엽니다.
55,한도윤,남자,20대,서비스 종사자,고졸(대학 재학 포함),부산광역시,1인 가구,미혼(사별/이혼 포함),맞벌이 하지 않음,300-400만원 미만,3,0.673880597,0.627959414,0.362050164,0.843290891,0.427035831,0.39396043,0.347826087,트렌드 주도형 소비자,"자신의 취향과 경험을 중시하는 소비자 그룹입니다. 단순히 배를 채우는 것 이상의 가치를 추구하며, 새로운 제품을 가장 먼저 경험하고 공유하려는 경향이 강합니다"
56,김수아,여자,40대,사무 종사자,대학교 졸업(전문대졸/대학원생 포함),광주광역시,1인 가구,미혼(사별/이혼 포함),맞벌이 하지 않음,200-300만원 미만,3,0.505223881,0.441187523,0.411123228,0.804113614,0.404560261,0.283929191,0.339130435,트렌드 주도형 소비자,"자신의 취향과 경험을 중시하는 소비자 그룹입니다. 단순히 배를 채우는 것 이상의 가치를 추구하며, 새로운 제품을 가장 먼저 경험하고 공유하려는 경향이 강합니다"
57,강민서,여자,60대 이상,주부,대학교 졸업(전문대졸/대학원생 포함),서울특별시,2세대가족,기혼,맞벌이 하지 않음,700-800만원 미만,3,0.894776119,0.486283352,0.47519084,0.921645446,0.686644951,0.483165568,0.617391304,트렌드 주도형 소비자,"자신의 취향과 경험을 중시하는 소비자 그룹입니다. 단순히 배를 채우는 것 이상의 가치를 추구하며, 새로운 제품을 가장 먼저 경험하고 공유하려는 경향이 강합니다"
58,한예준,여자,50대,주부,고졸(대학 재학 포함),부산광역시,1세대가족,기혼,맞벌이 하지 않음,400-500만원 미만,3,0.708955224,0.507703871,0.262540894,0.86287953,0.47752443,0.494619924,0.530434783,트렌드 주도형 소비자,"자신의 취향과 경험을 중시하는 소비자 그룹입니다. 단순히 배를 채우는 것 이상의 가치를 추구하며, 새로운 제품을 가장 먼저 경험하고 공유하려는 경향이 강합니다"
59,이도윤,여자,60대 이상,주부,고졸(대학 재학 포함),울산광역시,1세대가족,기혼,맞벌이 하지 않음,400-500만원 미만,3,0.56641791,0.629086809,0.303435115,0.804113614,0.257003257,0.250260326,0.552173913,트렌드 주도형 소비자,"자신의 취향과 경험을 중시하는 소비자 그룹입니다. 단순히 배를 채우는 것 이상의 가치를 추구하며, 새로운 제품을 가장 먼저 경험하고 공유하려는 경향이 강합니다"
60,이수아,여자,60대 이상,판매 종사자,대학교 졸업(전문대졸/대학원생 포함),울산광역시,1세대가족,기혼,맞벌이 함,500-600만원 미만,0,0.440298507,0.800826757,0.442202835,0.921645446,0.28762215,0.362721277,0.386956522,실속형 미식가,편리성을 중시하면서도 새로운 맛과 제품을 시도하는 데 적극적인 소비자 그룹입니다. 가격에 민감하기보다는 효율성과 맛을 동시에 추구합니다.
61,조지민,여자,50대,서비스 종사자,고졸(대학 재학 포함),울산광역시,2세대가족,기혼,맞벌이 함,600-700만원 미만,3,0.504477612,0.458850056,0.417393675,0.86287953,0.432899023,0.222145089,0.573913043,트렌드 주도형 소비자,"자신의 취향과 경험을 중시하는 소비자 그룹입니다. 단순히 배를 채우는 것 이상의 가치를 추구하며, 새로운 제품을 가장 먼저 경험하고 공유하려는 경향이 강합니다"
62,정하은,여자,50대,사무 종사자,대학교 졸업(전문대졸/대학원생 포함),서울특별시,2세대가족,기혼,맞벌이 함,800-900만원 미만,3,0.768656716,0.493799324,0.569520174,0.921645446,0.679478827,0.353349531,0.686956522,트렌드 주도형 소비자,"자신의 취향과 경험을 중시하는 소비자 그룹입니다. 단순히 배를 채우는 것 이상의 가치를 추구하며, 새로운 제품을 가장 먼저 경험하고 공유하려는 경향이 강합니다"
63,박서준,여자,60대 이상,판매 종사자,대학교 졸업(전문대졸/대학원생 포함),울산광역시,1세대가족,기혼,맞벌이 함,600-700만원 미만,0,0.300746269,0.616685457,0.422846238,0.921645446,0.299348534,0.218674072,0.486956522,실속형 미식가,편리성을 중시하면서도 새로운 맛과 제품을 시도하는 데 적극적인 소비자 그룹입니다. 가격에 민감하기보다는 효율성과 맛을 동시에 추구합니다.
64,정채원,여자,60대 이상,주부,고졸(대학 재학 포함),울산광역시,1세대가족,기혼,맞벌이 하지 않음,300-400만원 미만,3,0.528358209,0.500187899,0.299345692,0.706170421,0.303257329,0.230822631,0.62173913,트렌드 주도형 소비자,"자신의 취향과 경험을 중시하는 소비자 그룹입니다. 단순히 배를 채우는 것 이상의 가치를 추구하며, 새로운 제품을 가장 먼저 경험하고 공유하려는 경향이 강합니다"
65,박하준,여자,50대,서비스 종사자,고졸(대학 재학 포함),경상남도,1세대가족,기혼,맞벌이 함,400-500만원 미만,3,0.452238806,0.515219842,0.459651036,0.764936337,0.39771987,0.303019785,0.5,트렌드 주도형 소비자,"자신의 취향과 경험을 중시하는 소비자 그룹입니다. 단순히 배를 채우는 것 이상의 가치를 추구하며, 새로운 제품을 가장 먼저 경험하고 공유하려는 경향이 강합니다"
66,윤준서,여자,40대,판매 종사자,고졸(대학 재학 포함),서울특별시,2세대가족,기혼,맞벌이 함,600-700만원 미만,3,0.579104478,0.488913942,0.450654308,0.902056807,0.555700326,0.397431447,0.626086957,트렌드 주도형 소비자,"자신의 취향과 경험을 중시하는 소비자 그룹입니다. 단순히 배를 채우는 것 이상의 가치를 추구하며, 새로운 제품을 가장 먼저 경험하고 공유하려는 경향이 강합니다"
67,강서준,여자,60대 이상,서비스 종사자,고졸(대학 재학 포함),울산광역시,1세대가족,기혼,맞벌이 함,700-800만원 미만,0,0.156716418,0.605411499,0.415485278,0.784524976,0.211400651,0.256855259,0.549130435,실속형 미식가,편리성을 중시하면서도 새로운 맛과 제품을 시도하는 데 적극적인 소비자 그룹입니다. 가격에 민감하기보다는 효율성과 맛을 동시에 추구합니다.
68,박준서,남자,60대 이상,판매 종사자,대학교 졸업(전문대졸/대학원생 포함),서울특별시,1세대가족,기혼,맞벌이 함,500-600만원 미만,0,0.312686567,0.485155956,0.241548528,0.804113614,0.210749186,0.260326276,0.686956522,실속형 미식가,편리성을 중시하면서도 새로운 맛과 제품을 시도하는 데 적극적인 소비자 그룹입니다. 가격에 민감하기보다는 효율성과 맛을 동시에 추구합니다.
69,윤시우,여자,50대,판매 종사자,고졸(대학 재학 포함),경상남도,2세대가족,기혼,맞벌이 함,400-500만원 미만,3,0.596268657,0.485155956,0.456379498,0.823702253,0.524429967,0.252690038,0.508695652,트렌드 주도형 소비자,"자신의 취향과 경험을 중시하는 소비자 그룹입니다. 단순히 배를 채우는 것 이상의 가치를 추구하며, 새로운 제품을 가장 먼저 경험하고 공유하려는 경향이 강합니다"
70,김준서,여자,30대,주부,대학교 졸업(전문대졸/대학원생 포함),서울특별시,2세대가족,기혼,맞벌이 하지 않음,400-500만원 미만,3,0.514925373,0.518977828,0.229007634,0.784524976,0.437459283,0.312044429,0.375217391,트렌드 주도형 소비자,"자신의 취향과 경험을 중시하는 소비자 그룹입니다. 단순히 배를 채우는 것 이상의 가치를 추구하며, 새로운 제품을 가장 먼저 경험하고 공유하려는 경향이 강합니다"
71,조주원,여자,40대,판매 종사자,고졸(대학 재학 포함),경상남도,2세대가족,미혼(사별/이혼 포함),맞벌이 하지 않음,400-500만원 미만,0,0.406716418,0.443818113,0.393402399,0.823702253,0.369055375,0.25095453,0.539130435,실속형 미식가,편리성을 중시하면서도 새로운 맛과 제품을 시도하는 데 적극적인 소비자 그룹입니다. 가격에 민감하기보다는 효율성과 맛을 동시에 추구합니다.
72,윤민준,여자,40대,사무 종사자,대학교 졸업(전문대졸/대학원생 포함),서울특별시,2세대가족,기혼,맞벌이 함,700-800만원 미만,3,0.701492537,0.517098835,0.349236641,0.779627816,0.459283388,0.401596668,0.573913043,트렌드 주도형 소비자,"자신의 취향과 경험을 중시하는 소비자 그룹입니다. 단순히 배를 채우는 것 이상의 가치를 추구하며, 새로운 제품을 가장 먼저 경험하고 공유하려는 경향이 강합니다"
73,임준서,여자,60대 이상,주부,고졸(대학 재학 포함),경상남도,2세대가족,기혼,맞벌이 하지 않음,400-500만원 미만,3,0.604477612,0.612927471,0.442748092,0.804113614,0.448859935,0.272821937,0.434782609,트렌드 주도형 소비자,"자신의 취향과 경험을 중시하는 소비자 그룹입니다. 단순히 배를 채우는 것 이상의 가치를 추구하며, 새로운 제품을 가장 먼저 경험하고 공유하려는 경향이 강합니다"
74,강서연,여자,50대,주부,대학교 졸업(전문대졸/대학원생 포함),서울특별시,2세대가족,기혼,맞벌이 하지 않음,800-900만원 미만,1,0.626865672,0.366027809,0.458833152,0.784524976,0.664495114,0.25720236,0.295652174,건강 추구형 소비자,가격이나 브랜드에 크게 구애받지 않고 건강을 최우선으로 고려하는 프리미엄 소비자 그룹입니다. 건강과 편리성을 모두 만족시키는 제품에 기꺼이 지갑을 엽니다.
75,강주원,여자,50대,주부,고졸(대학 재학 포함),부산광역시,1세대가족,기혼,맞벌이 하지 않음,300-400만원 미만,3,0.608208955,0.669297257,0.259814613,0.86287953,0.266449511,0.356820548,0.6,트렌드 주도형 소비자,"자신의 취향과 경험을 중시하는 소비자 그룹입니다. 단순히 배를 채우는 것 이상의 가치를 추구하며, 새로운 제품을 가장 먼저 경험하고 공유하려는 경향이 강합니다"
76,정수아,여자,50대,사무 종사자,대학교 졸업(전문대졸/대학원생 포함),서울특별시,2세대가족,기혼,맞벌이 함,700-800만원 미만,0,0.441044776,0.558436678,0.289803708,0.799216454,0.402931596,0.341200972,0.392608696,실속형 미식가,편리성을 중시하면서도 새로운 맛과 제품을 시도하는 데 적극적인 소비자 그룹입니다. 가격에 민감하기보다는 효율성과 맛을 동시에 추구합니다.
77,윤예준,여자,60대 이상,판매 종사자,대학교 졸업(전문대졸/대학원생 포함),경상남도,1세대가족,기혼,맞벌이 함,400-500만원 미만,3,0.686567164,0.402480271,0.561068702,0.823702253,0.614332248,0.386324193,0.492608696,트렌드 주도형 소비자,"자신의 취향과 경험을 중시하는 소비자 그룹입니다. 단순히 배를 채우는 것 이상의 가치를 추구하며, 새로운 제품을 가장 먼저 경험하고 공유하려는 경향이 강합니다"
78,조채원,여자,50대,판매 종사자,고졸(대학 재학 포함),경상남도,2세대가족,기혼,맞벌이 하지 않음,200-300만원 미만,0,0.373134328,0.597895528,0.407033806,0.823702253,0.360260586,0.223186394,0.413043478,실속형 미식가,편리성을 중시하면서도 새로운 맛과 제품을 시도하는 데 적극적인 소비자 그룹입니다. 가격에 민감하기보다는 효율성과 맛을 동시에 추구합니다.
79,김시우,여자,40대,판매 종사자,대학교 졸업(전문대졸/대학원생 포함),경상남도,2세대가족,기혼,맞벌이 함,500-600만원 미만,1,0.638059701,0.391206313,0.547437296,0.843290891,0.807166124,0.38979521,0.362173913,건강 추구형 소비자,가격이나 브랜드에 크게 구애받지 않고 건강을 최우선으로 고려하는 프리미엄 소비자 그룹입니다. 건강과 편리성을 모두 만족시키는 제품에 기꺼이 지갑을 엽니다.
80,이하준,여자,40대,서비스 종사자,대학교 졸업(전문대졸/대학원생 포함),경상남도,2세대가족,기혼,맞벌이 함,500-600만원 미만,1,0.894776119,0.383690342,0.640130862,0.843290891,0.977850163,0.367927803,0.205652174,건강 추구형 소비자,가격이나 브랜드에 크게 구애받지 않고 건강을 최우선으로 고려하는 프리미엄 소비자 그룹입니다. 건강과 편리성을 모두 만족시키는 제품에 기꺼이 지갑을 엽니다.
81,이예준,여자,60대 이상,서비스 종사자,대학교 졸업(전문대졸/대학원생 포함),울산광역시,1세대가족,기혼,맞벌이 함,500-600만원 미만,0,0.285820896,0.564073657,0.581788441,0.941234084,0.286319218,0.246442208,0.560869565,실속형 미식가,편리성을 중시하면서도 새로운 맛과 제품을 시도하는 데 적극적인 소비자 그룹입니다. 가격에 민감하기보다는 효율성과 맛을 동시에 추구합니다.
82,최채원,여자,50대,판매 종사자,대학교 졸업(전문대졸/대학원생 포함),울산광역시,1세대가족,기혼,맞벌이 함,600-700만원 미만,3,0.47761194,0.503945885,0.494820065,0.921645446,0.335504886,0.227351614,0.639130435,트렌드 주도형 소비자,"자신의 취향과 경험을 중시하는 소비자 그룹입니다. 단순히 배를 채우는 것 이상의 가치를 추구하며, 새로운 제품을 가장 먼저 경험하고 공유하려는 경향이 강합니다"
83,한서연,여자,60대 이상,주부,고졸(대학 재학 포함),울산광역시,1세대가족,기혼,맞벌이 하지 않음,500-600만원 미만,3,0.586567164,0.490792935,0.498364231,0.818805093,0.639413681,0.249913225,0.469565217,트렌드 주도형 소비자,"자신의 취향과 경험을 중시하는 소비자 그룹입니다. 단순히 배를 채우는 것 이상의 가치를 추구하며, 새로운 제품을 가장 먼저 경험하고 공유하려는 경향이 강합니다"
84,최도윤,여자,60대 이상,서비스 종사자,고졸(대학 재학 포함),울산광역시,1세대가족,기혼,맞벌이 함,500-600만원 미만,1,0.223880597,0.458850056,0.647764449,1,0.335504886,0.261367581,0.540434783,건강 추구형 소비자,가격이나 브랜드에 크게 구애받지 않고 건강을 최우선으로 고려하는 프리미엄 소비자 그룹입니다. 건강과 편리성을 모두 만족시키는 제품에 기꺼이 지갑을 엽니다.
85,정하은,여자,50대,서비스 종사자,대학교 졸업(전문대졸/대학원생 포함),경기도,2세대가족,기혼,맞벌이 함,600-700만원 미만,1,0.280597015,0.534009771,0.575245365,0.706170421,0.533876221,0.264838598,0.095652174,건강 추구형 소비자,가격이나 브랜드에 크게 구애받지 않고 건강을 최우선으로 고려하는 프리미엄 소비자 그룹입니다. 건강과 편리성을 모두 만족시키는 제품에 기꺼이 지갑을 엽니다.
86,윤주원,여자,40대,서비스 종사자,고졸(대학 재학 포함),경상남도,2세대가족,기혼,맞벌이 함,400-500만원 미만,0,0.194029851,0.470124014,0.565703381,0.823702253,0.325081433,0.229087123,0.460869565,실속형 미식가,편리성을 중시하면서도 새로운 맛과 제품을 시도하는 데 적극적인 소비자 그룹입니다. 가격에 민감하기보다는 효율성과 맛을 동시에 추구합니다.
87,정민서,여자,60대 이상,판매 종사자,고졸(대학 재학 포함),울산광역시,2세대가족,기혼,맞벌이 함,600-700만원 미만,3,0.499253731,0.511461856,0.377862595,0.804113614,0.351465798,0.244706699,0.573913043,트렌드 주도형 소비자,"자신의 취향과 경험을 중시하는 소비자 그룹입니다. 단순히 배를 채우는 것 이상의 가치를 추구하며, 새로운 제품을 가장 먼저 경험하고 공유하려는 경향이 강합니다"
88,윤하은,여자,60대 이상,주부,고졸(대학 재학 포함),서울특별시,2세대가족,기혼,맞벌이 하지 않음,600-700만원 미만,3,0.760447761,0.531379181,0.491548528,0.86287953,0.606840391,0.446372787,0.595652174,트렌드 주도형 소비자,"자신의 취향과 경험을 중시하는 소비자 그룹입니다. 단순히 배를 채우는 것 이상의 가치를 추구하며, 새로운 제품을 가장 먼저 경험하고 공유하려는 경향이 강합니다"
89,윤하준,여자,30대,사무 종사자,대학교 졸업(전문대졸/대학원생 포함),서울특별시,1인 가구,미혼(사별/이혼 포함),맞벌이 하지 않음,300-400만원 미만,3,0.544029851,0.542653138,0.370229008,0.960822723,0.491856678,0.454356126,0.630434783,트렌드 주도형 소비자,"자신의 취향과 경험을 중시하는 소비자 그룹입니다. 단순히 배를 채우는 것 이상의 가치를 추구하며, 새로운 제품을 가장 먼저 경험하고 공유하려는 경향이 강합니다"
90,박주원,여자,30대,판매 종사자,대학교 졸업(전문대졸/대학원생 포함),서울특별시,1세대가족,기혼,맞벌이 함,600-700만원 미만,3,0.720149254,0.503945885,0.506543075,0.921645446,0.579153094,0.392224922,0.662173913,트렌드 주도형 소비자,"자신의 취향과 경험을 중시하는 소비자 그룹입니다. 단순히 배를 채우는 것 이상의 가치를 추구하며, 새로운 제품을 가장 먼저 경험하고 공유하려는 경향이 강합니다"
91,임도윤,여자,30대,사무 종사자,대학교 졸업(전문대졸/대학원생 포함),서울특별시,1세대가족,기혼,맞벌이 함,600-700만원 미만,3,0.763432836,0.567831642,0.442475463,0.882468168,0.732247557,0.306490802,0.623043478,트렌드 주도형 소비자,"자신의 취향과 경험을 중시하는 소비자 그룹입니다. 단순히 배를 채우는 것 이상의 가치를 추구하며, 새로운 제품을 가장 먼저 경험하고 공유하려는 경향이 강합니다"
92,강예준,여자,40대,사무 종사자,대학교 졸업(전문대졸/대학원생 포함),서울특별시,1세대가족,기혼,맞벌이 함,600-700만원 미만,3,0.874626866,0.511461856,0.461559433,0.941234084,0.780456026,0.38979521,0.636086957,트렌드 주도형 소비자,"자신의 취향과 경험을 중시하는 소비자 그룹입니다. 단순히 배를 채우는 것 이상의 가치를 추구하며, 새로운 제품을 가장 먼저 경험하고 공유하려는 경향이 강합니다"
93,강지민,여자,40대,주부,대학교 졸업(전문대졸/대학원생 포함),서울특별시,1세대가족,기혼,맞벌이 하지 않음,400-500만원 미만,3,0.787313433,0.440060128,0.352508179,0.882468168,0.750488599,0.397431447,0.556521739,트렌드 주도형 소비자,"자신의 취향과 경험을 중시하는 소비자 그룹입니다. 단순히 배를 채우는 것 이상의 가치를 추구하며, 새로운 제품을 가장 먼저 경험하고 공유하려는 경향이 강합니다"
94,이하준,여자,50대,서비스 종사자,대학교 졸업(전문대졸/대학원생 포함),울산광역시,2세대가족,기혼,맞벌이 함,600-700만원 미만,3,0.431343284,0.545283728,0.561886587,0.980411361,0.394462541,0.265532801,0.604347826,트렌드 주도형 소비자,"자신의 취향과 경험을 중시하는 소비자 그룹입니다. 단순히 배를 채우는 것 이상의 가치를 추구하며, 새로운 제품을 가장 먼저 경험하고 공유하려는 경향이 강합니다"
95,한시우,여자,60대 이상,사무 종사자,고졸(대학 재학 포함),전라북도,1세대가족,기혼,맞벌이 함,400-500만원 미만,1,0.530597015,0.427658775,0.826335878,0.742409403,0.754397394,0.365150989,0.269565217,건강 추구형 소비자,가격이나 브랜드에 크게 구애받지 않고 건강을 최우선으로 고려하는 프리미엄 소비자 그룹입니다. 건강과 편리성을 모두 만족시키는 제품에 기꺼이 지갑을 엽니다.
96,윤지민,여자,60대 이상,주부,고졸(대학 재학 포함),전라북도,1세대가족,기혼,맞벌이 하지 않음,300-400만원 미만,1,0.32761194,0.431416761,0.807524537,0.859941234,0.692833876,0.448455397,0.295652174,건강 추구형 소비자,가격이나 브랜드에 크게 구애받지 않고 건강을 최우선으로 고려하는 프리미엄 소비자 그룹입니다. 건강과 편리성을 모두 만족시키는 제품에 기꺼이 지갑을 엽니다.
97,정건우,여자,50대,서비스 종사자,대학교 졸업(전문대졸/대학원생 포함),울산광역시,2세대가족,기혼,맞벌이 함,600-700만원 미만,0,0.349253731,0.526493799,0.553980371,1,0.321172638,0.258590767,0.686956522,실속형 미식가,편리성을 중시하면서도 새로운 맛과 제품을 시도하는 데 적극적인 소비자 그룹입니다. 가격에 민감하기보다는 효율성과 맛을 동시에 추구합니다.
98,박민준,여자,30대,사무 종사자,대학교 졸업(전문대졸/대학원생 포함),전라북도,1인 가구,미혼(사별/이혼 포함),맞벌이 하지 않음,300-400만원 미만,1,0.45,0.492671928,0.53217012,0.823702253,0.749185668,0.431100312,0.391304348,건강 추구형 소비자,가격이나 브랜드에 크게 구애받지 않고 건강을 최우선으로 고려하는 프리미엄 소비자 그룹입니다. 건강과 편리성을 모두 만족시키는 제품에 기꺼이 지갑을 엽니다.
99,강지민,남자,30대,사무 종사자,대학교 졸업(전문대졸/대학원생 포함),전라북도,1인 가구,미혼(사별/이혼 포함),맞벌이 하지 않음,200-300만원 미만,1,0.426865672,0.458850056,0.726281352,0.843290891,0.671009772,0.40610899,0.365217391,건강 추구형 소비자,가격이나 브랜드에 크게 구애받지 않고 건강을 최우선으로 고려하는 프리미엄 소비자 그룹입니다. 건강과 편리성을 모두 만족시키는 제품에 기꺼이 지갑을 엽니다.
100,한지민,여자,60대 이상,서비스 종사자,고졸(대학 재학 포함),전라북도,2세대가족,기혼,맞벌이 하지 않음,200-300만원 미만,1,0.201492537,0.400601278,0.706379498,0.760039177,0.617263844,0.50399167,0.42173913,건강 추구형 소비자,가격이나 브랜드에 크게 구애받지 않고 건강을 최우선으로 고려하는 프리미엄 소비자 그룹입니다. 건강과 편리성을 모두 만족시키는 제품에 기꺼이 지갑을 엽니다.
101,김서윤,여자,50대,서비스 종사자,대학교 졸업(전문대졸/대학원생 포함),전라북도,2세대가족,기혼,맞벌이 하지 않음,400-500만원 미만,0,0.246268657,0.425028185,0.353326063,0.843290891,0.561563518,0.531412704,0.652173913,실속형 미식가,편리성을 중시하면서도 새로운 맛과 제품을 시도하는 데 적극적인 소비자 그룹입니다. 가격에 민감하기보다는 효율성과 맛을 동시에 추구합니다.
102,이하준,남자,60대 이상,서비스 종사자,대학교 졸업(전문대졸/대학원생 포함),전라북도,1세대가족,기혼,맞벌이 함,500-600만원 미만,1,0.21641791,0.485155956,0.666030534,0.843290891,0.587296417,0.430059007,0.42173913,건강 추구형 소비자,가격이나 브랜드에 크게 구애받지 않고 건강을 최우선으로 고려하는 프리미엄 소비자 그룹입니다. 건강과 편리성을 모두 만족시키는 제품에 기꺼이 지갑을 엽니다.
103,박서준,남자,30대,서비스 종사자,대학교 졸업(전문대졸/대학원생 포함),전라북도,1인 가구,미혼(사별/이혼 포함),맞벌이 하지 않음,200-300만원 미만,1,0.310447761,0.398722285,0.595965104,0.86287953,0.679478827,0.501909059,0.360869565,건강 추구형 소비자,가격이나 브랜드에 크게 구애받지 않고 건강을 최우선으로 고려하는 프리미엄 소비자 그룹입니다. 건강과 편리성을 모두 만족시키는 제품에 기꺼이 지갑을 엽니다.
104,이민준,여자,20대,사무 종사자,대학교 졸업(전문대졸/대학원생 포함),부산광역시,1인 가구,미혼(사별/이혼 포함),맞벌이 하지 않음,200-300만원 미만,3,0.588059701,0.751972943,0.356597601,0.86287953,0.459934853,0.358903159,0.443478261,트렌드 주도형 소비자,"자신의 취향과 경험을 중시하는 소비자 그룹입니다. 단순히 배를 채우는 것 이상의 가치를 추구하며, 새로운 제품을 가장 먼저 경험하고 공유하려는 경향이 강합니다"
105,이하은,여자,50대,판매 종사자,고졸(대학 재학 포함),부산광역시,1인 가구,미혼(사별/이혼 포함),맞벌이 하지 않음,200-300만원 미만,3,0.828358209,0.601653514,0.221646674,0.843290891,0.500977199,0.44081916,0.414347826,트렌드 주도형 소비자,"자신의 취향과 경험을 중시하는 소비자 그룹입니다. 단순히 배를 채우는 것 이상의 가치를 추구하며, 새로운 제품을 가장 먼저 경험하고 공유하려는 경향이 강합니다"
106,윤시우,여자,60대 이상,서비스 종사자,고졸(대학 재학 포함),광주광역시,2세대가족,기혼,맞벌이 함,800-900만원 미만,0,0.496268657,0.581736189,0.206652126,0.742409403,0.253420195,0.36931621,0.473913043,실속형 미식가,편리성을 중시하면서도 새로운 맛과 제품을 시도하는 데 적극적인 소비자 그룹입니다. 가격에 민감하기보다는 효율성과 맛을 동시에 추구합니다.
107,한지호,여자,50대,주부,대학교 졸업(전문대졸/대학원생 포함),광주광역시,2세대가족,기혼,맞벌이 하지 않음,600-700만원 미만,3,0.524626866,0.549041714,0.315703381,0.764936337,0.403583062,0.379729261,0.439130435,트렌드 주도형 소비자,"자신의 취향과 경험을 중시하는 소비자 그룹입니다. 단순히 배를 채우는 것 이상의 가치를 추구하며, 새로운 제품을 가장 먼저 경험하고 공유하려는 경향이 강합니다"
108,정준서,여자,40대,사무 종사자,대학교 졸업(전문대졸/대학원생 포함),경기도,2세대가족,기혼,맞벌이 함,700-800만원 미만,1,0.502238806,0.432544156,0.674482007,0.86287953,0.63713355,0.417563346,0.291304348,건강 추구형 소비자,가격이나 브랜드에 크게 구애받지 않고 건강을 최우선으로 고려하는 프리미엄 소비자 그룹입니다. 건강과 편리성을 모두 만족시키는 제품에 기꺼이 지갑을 엽니다.
109,최도윤,여자,50대,관리자,고졸(대학 재학 포함),전라북도,2세대가족,기혼,맞벌이 하지 않음,300-400만원 미만,1,0.506716418,0.447576099,0.788440567,0.882468168,0.730944625,0.423464075,0.495652174,건강 추구형 소비자,가격이나 브랜드에 크게 구애받지 않고 건강을 최우선으로 고려하는 프리미엄 소비자 그룹입니다. 건강과 편리성을 모두 만족시키는 제품에 기꺼이 지갑을 엽니다.
110,조민준,여자,60대 이상,서비스 종사자,고졸(대학 재학 포함),광주광역시,2세대가족,기혼,맞벌이 함,500-600만원 미만,0,0.509701493,0.575347614,0.280261723,0.72575906,0.313680782,0.335300243,0.469565217,실속형 미식가,편리성을 중시하면서도 새로운 맛과 제품을 시도하는 데 적극적인 소비자 그룹입니다. 가격에 민감하기보다는 효율성과 맛을 동시에 추구합니다.
111,정주원,여자,60대 이상,주부,고졸(대학 재학 포함),경기도,1세대가족,기혼,맞벌이 하지 않음,200-300만원 미만,0,0.123134328,0.417512213,0.544983642,0.823702253,0.325081433,0.573759111,0.352173913,실속형 미식가,편리성을 중시하면서도 새로운 맛과 제품을 시도하는 데 적극적인 소비자 그룹입니다. 가격에 민감하기보다는 효율성과 맛을 동시에 추구합니다.
112,조지원,여자,50대,주부,고졸(대학 재학 포함),전라북도,1세대가족,기혼,맞벌이 하지 않음,300-400만원 미만,3,0.382835821,0.470124014,0.60087241,0.960822723,0.630618893,0.525164873,0.608695652,트렌드 주도형 소비자,"자신의 취향과 경험을 중시하는 소비자 그룹입니다. 단순히 배를 채우는 것 이상의 가치를 추구하며, 새로운 제품을 가장 먼저 경험하고 공유하려는 경향이 강합니다"
113,조지호,여자,50대,사무 종사자,대학교 졸업(전문대졸/대학원생 포함),광주광역시,2세대가족,기혼,맞벌이 함,600-700만원 미만,0,0.528358209,0.597895528,0.208015267,0.804113614,0.296742671,0.265185699,0.508695652,실속형 미식가,편리성을 중시하면서도 새로운 맛과 제품을 시도하는 데 적극적인 소비자 그룹입니다. 가격에 민감하기보다는 효율성과 맛을 동시에 추구합니다.
114,윤지원,여자,50대,서비스 종사자,대학교 졸업(전문대졸/대학원생 포함),전라북도,1인 가구,미혼(사별/이혼 포함),맞벌이 하지 않음,200-300만원 미만,0,0.16641791,1,0.53217012,0.980411361,0.394462541,0.50607428,0.369565217,실속형 미식가,편리성을 중시하면서도 새로운 맛과 제품을 시도하는 데 적극적인 소비자 그룹입니다. 가격에 민감하기보다는 효율성과 맛을 동시에 추구합니다.
115,윤예준,여자,50대,사무 종사자,대학교 졸업(전문대졸/대학원생 포함),전라북도,1인 가구,미혼(사별/이혼 포함),맞벌이 하지 않음,300-400만원 미만,1,0.201492537,0.496429914,0.780806979,0.902056807,0.764495114,0.624088858,0.343478261,건강 추구형 소비자,가격이나 브랜드에 크게 구애받지 않고 건강을 최우선으로 고려하는 프리미엄 소비자 그룹입니다. 건강과 편리성을 모두 만족시키는 제품에 기꺼이 지갑을 엽니다.
116,임지원,남자,30대,서비스 종사자,대학교 졸업(전문대졸/대학원생 포함),전라북도,2세대가족,기혼,맞벌이 하지 않음,500-600만원 미만,3,0.526865672,0.875986471,0.598964013,0.941234084,0.529967427,0.379382159,0.513043478,트렌드 주도형 소비자,"자신의 취향과 경험을 중시하는 소비자 그룹입니다. 단순히 배를 채우는 것 이상의 가치를 추구하며, 새로운 제품을 가장 먼저 경험하고 공유하려는 경향이 강합니다"
117,김도윤,여자,60대 이상,주부,고졸(대학 재학 포함),경기도,1세대가족,기혼,맞벌이 하지 않음,300-400만원 미만,1,0.104477612,0.421270199,0.660305344,0.764936337,0.366775244,0.607427976,0.418695652,건강 추구형 소비자,가격이나 브랜드에 크게 구애받지 않고 건강을 최우선으로 고려하는 프리미엄 소비자 그룹입니다. 건강과 편리성을 모두 만족시키는 제품에 기꺼이 지갑을 엽니다.
118,최서준,여자,60대 이상,서비스 종사자,고졸(대학 재학 포함),전라북도,1세대가족,기혼,맞벌이 함,300-400만원 미만,3,0.367910448,0.744456971,0.503271538,0.921645446,0.428338762,0.421034363,0.626086957,트렌드 주도형 소비자,"자신의 취향과 경험을 중시하는 소비자 그룹입니다. 단순히 배를 채우는 것 이상의 가치를 추구하며, 새로운 제품을 가장 먼저 경험하고 공유하려는 경향이 강합니다"
119,박지우,여자,50대,사무 종사자,대학교 졸업(전문대졸/대학원생 포함),전라북도,2세대가족,미혼(사별/이혼 포함),맞벌이 하지 않음,300-400만원 미만,1,0.444776119,0.526493799,0.647764449,0.86287953,0.660586319,0.393266227,0.52173913,건강 추구형 소비자,가격이나 브랜드에 크게 구애받지 않고 건강을 최우선으로 고려하는 프리미엄 소비자 그룹입니다. 건강과 편리성을 모두 만족시키는 제품에 기꺼이 지갑을 엽니다.
120,조시우,여자,60대 이상,주부,고졸(대학 재학 포함),경기도,1세대가족,기혼,맞벌이 하지 않음,300-400만원 미만,1,0.232089552,0.402480271,0.685387132,0.804113614,0.548534202,0.604998264,0.282608696,건강 추구형 소비자,가격이나 브랜드에 크게 구애받지 않고 건강을 최우선으로 고려하는 프리미엄 소비자 그룹입니다. 건강과 편리성을 모두 만족시키는 제품에 기꺼이 지갑을 엽니다.
121,박하은,여자,60대 이상,단순노무 종사자,고졸(대학 재학 포함),전라북도,1세대가족,기혼,맞벌이 함,200-300만원 미만,0,0.264925373,0.744456971,0.384950927,0.86287953,0.36286645,0.506768483,0.634782609,실속형 미식가,편리성을 중시하면서도 새로운 맛과 제품을 시도하는 데 적극적인 소비자 그룹입니다. 가격에 민감하기보다는 효율성과 맛을 동시에 추구합니다.
122,최하은,여자,50대,서비스 종사자,고졸(대학 재학 포함),부산광역시,1인 가구,미혼(사별/이혼 포함),맞벌이 하지 않음,100-200만원 미만,3,0.645522388,0.606538895,0.236641221,0.86287953,0.421172638,0.458521347,0.440434783,트렌드 주도형 소비자,"자신의 취향과 경험을 중시하는 소비자 그룹입니다. 단순히 배를 채우는 것 이상의 가치를 추구하며, 새로운 제품을 가장 먼저 경험하고 공유하려는 경향이 강합니다"
123,최민준,여자,60대 이상,장치·기계 조작 및 조립 종사자,고졸(대학 재학 포함),부산광역시,1세대가족,기혼,맞벌이 함,500-600만원 미만,3,0.776119403,0.642991357,0.29389313,0.882468168,0.514332248,0.393266227,0.534782609,트렌드 주도형 소비자,"자신의 취향과 경험을 중시하는 소비자 그룹입니다. 단순히 배를 채우는 것 이상의 가치를 추구하며, 새로운 제품을 가장 먼저 경험하고 공유하려는 경향이 강합니다"
124,강민서,여자,40대,서비스 종사자,대학교 졸업(전문대졸/대학원생 포함),경기도,2세대가족,기혼,맞벌이 함,700-800만원 미만,1,0.263432836,0.432544156,0.821155943,0.882468168,0.576221498,0.337729955,0.440434783,건강 추구형 소비자,가격이나 브랜드에 크게 구애받지 않고 건강을 최우선으로 고려하는 프리미엄 소비자 그룹입니다. 건강과 편리성을 모두 만족시키는 제품에 기꺼이 지갑을 엽니다.
125,조채원,여자,60대 이상,농림어업 숙련 종사자,고졸(대학 재학 포함),전라북도,1세대가족,기혼,맞벌이 하지 않음,200-300만원 미만,3,0.482089552,0.755730928,0.331515812,0.843290891,0.349185668,0.413745227,0.534782609,트렌드 주도형 소비자,"자신의 취향과 경험을 중시하는 소비자 그룹입니다. 단순히 배를 채우는 것 이상의 가치를 추구하며, 새로운 제품을 가장 먼저 경험하고 공유하려는 경향이 강합니다"
126,김민서,남자,50대,서비스 종사자,고졸(대학 재학 포함),부산광역시,2세대가족,기혼,맞벌이 하지 않음,300-400만원 미만,3,0.791044776,0.458850056,0.519629226,0.86287953,0.646579805,0.348837209,0.383913043,트렌드 주도형 소비자,"자신의 취향과 경험을 중시하는 소비자 그룹입니다. 단순히 배를 채우는 것 이상의 가치를 추구하며, 새로운 제품을 가장 먼저 경험하고 공유하려는 경향이 강합니다"
127,김민준,여자,40대,사무 종사자,고졸(대학 재학 포함),부산광역시,2세대가족,기혼,맞벌이 함,400-500만원 미만,3,0.707462687,0.552799699,0.465103599,0.823702253,0.627035831,0.350225616,0.356521739,트렌드 주도형 소비자,"자신의 취향과 경험을 중시하는 소비자 그룹입니다. 단순히 배를 채우는 것 이상의 가치를 추구하며, 새로운 제품을 가장 먼저 경험하고 공유하려는 경향이 강합니다"
128,윤서준,남자,30대,사무 종사자,대학교 졸업(전문대졸/대학원생 포함),전라북도,1인 가구,미혼(사별/이혼 포함),맞벌이 하지 않음,200-300만원 미만,3,0.409701493,0.440060128,0.417938931,0.843290891,0.686970684,0.542172857,0.47826087,트렌드 주도형 소비자,"자신의 취향과 경험을 중시하는 소비자 그룹입니다. 단순히 배를 채우는 것 이상의 가치를 추구하며, 새로운 제품을 가장 먼저 경험하고 공유하려는 경향이 강합니다"
129,정서준,여자,60대 이상,주부,고졸(대학 재학 포함),경기도,1인 가구,미혼(사별/이혼 포함),맞벌이 하지 않음,200-300만원 미만,1,0.136567164,0.436302142,0.664122137,0.823702253,0.425407166,0.62235335,0.434782609,건강 추구형 소비자,가격이나 브랜드에 크게 구애받지 않고 건강을 최우선으로 고려하는 프리미엄 소비자 그룹입니다. 건강과 편리성을 모두 만족시키는 제품에 기꺼이 지갑을 엽니다.
130,최도윤,여자,30대,전문가 및 관련 종사자,대학교 졸업(전문대졸/대학원생 포함),경기도,2세대가족,기혼,맞벌이 함,600-700만원 미만,1,0.181343284,0.432544156,0.850599782,0.86287953,0.459609121,0.331482124,0.470869565,건강 추구형 소비자,가격이나 브랜드에 크게 구애받지 않고 건강을 최우선으로 고려하는 프리미엄 소비자 그룹입니다. 건강과 편리성을 모두 만족시키는 제품에 기꺼이 지갑을 엽니다.
131,임준서,여자,60대 이상,판매 종사자,고졸(대학 재학 포함),경기도,1세대가족,기혼,맞벌이 함,400-500만원 미만,1,0.123134328,0.398722285,0.738004362,0.843290891,0.442345277,0.441860465,0.365217391,건강 추구형 소비자,가격이나 브랜드에 크게 구애받지 않고 건강을 최우선으로 고려하는 프리미엄 소비자 그룹입니다. 건강과 편리성을 모두 만족시키는 제품에 기꺼이 지갑을 엽니다.
132,조예준,여자,50대,서비스 종사자,고졸(대학 재학 포함),경기도,2세대가족,기혼,맞벌이 함,700-800만원 미만,1,0.181343284,0.432544156,0.731733915,0.902056807,0.513355049,0.424852482,0.462173913,건강 추구형 소비자,가격이나 브랜드에 크게 구애받지 않고 건강을 최우선으로 고려하는 프리미엄 소비자 그룹입니다. 건강과 편리성을 모두 만족시키는 제품에 기꺼이 지갑을 엽니다.
133,정준서,여자,60대 이상,주부,고졸(대학 재학 포함),경기도,1세대가족,기혼,맞벌이 하지 않음,300-400만원 미만,1,0.218656716,0.443818113,0.659487459,0.843290891,0.484039088,0.50815689,0.417391304,건강 추구형 소비자,가격이나 브랜드에 크게 구애받지 않고 건강을 최우선으로 고려하는 프리미엄 소비자 그룹입니다. 건강과 편리성을 모두 만족시키는 제품에 기꺼이 지갑을 엽니다.
134,김시우,여자,40대,주부,대학교 졸업(전문대졸/대학원생 포함),경기도,2세대가족,기혼,맞벌이 하지 않음,600-700만원 미만,1,0.134328358,0.425028185,0.899672846,0.86287953,0.467752443,0.388406803,0.356521739,건강 추구형 소비자,가격이나 브랜드에 크게 구애받지 않고 건강을 최우선으로 고려하는 프리미엄 소비자 그룹입니다. 건강과 편리성을 모두 만족시키는 제품에 기꺼이 지갑을 엽니다.
135,이하준,여자,40대,서비스 종사자,대학교 졸업(전문대졸/대학원생 포함),경기도,2세대가족,기혼,맞벌이 함,"900-1,000만원 미만",1,0.149253731,0.432544156,0.835877863,0.86287953,0.455374593,0.323845887,0.452173913,건강 추구형 소비자,가격이나 브랜드에 크게 구애받지 않고 건강을 최우선으로 고려하는 프리미엄 소비자 그룹입니다. 건강과 편리성을 모두 만족시키는 제품에 기꺼이 지갑을 엽니다.
136,조지호,여자,60대 이상,주부,고졸(대학 재학 포함),경기도,1세대가족,기혼,맞벌이 하지 않음,300-400만원 미만,1,0.089552239,0.413754228,0.62131952,0.882468168,0.348534202,0.463380771,0.356521739,건강 추구형 소비자,가격이나 브랜드에 크게 구애받지 않고 건강을 최우선으로 고려하는 프리미엄 소비자 그룹입니다. 건강과 편리성을 모두 만족시키는 제품에 기꺼이 지갑을 엽니다.
137,한주원,여자,60대 이상,주부,고졸(대학 재학 포함),경기도,3세대가족,기혼,맞벌이 하지 않음,"900-1,000만원 미만",1,0.119402985,0.443818113,0.723282443,0.823702253,0.475895765,0.455744533,0.330434783,건강 추구형 소비자,가격이나 브랜드에 크게 구애받지 않고 건강을 최우선으로 고려하는 프리미엄 소비자 그룹입니다. 건강과 편리성을 모두 만족시키는 제품에 기꺼이 지갑을 엽니다.
138,윤민서,여자,50대,사무 종사자,고졸(대학 재학 포함),부산광역시,2세대가족,기혼,맞벌이 함,500-600만원 미만,3,0.888059701,0.542653138,0.563522356,0.843290891,0.708143322,0.392919125,0.417391304,트렌드 주도형 소비자,"자신의 취향과 경험을 중시하는 소비자 그룹입니다. 단순히 배를 채우는 것 이상의 가치를 추구하며, 새로운 제품을 가장 먼저 경험하고 공유하려는 경향이 강합니다"
139,최하은,남자,50대,전문가 및 관련 종사자,대학교 졸업(전문대졸/대학원생 포함),부산광역시,2세대가족,기혼,맞벌이 함,600-700만원 미만,3,0.776119403,0.500187899,0.480643402,0.843290891,0.533224756,0.478306144,0.417391304,트렌드 주도형 소비자,"자신의 취향과 경험을 중시하는 소비자 그룹입니다. 단순히 배를 채우는 것 이상의 가치를 추구하며, 새로운 제품을 가장 먼저 경험하고 공유하려는 경향이 강합니다"
140,조하준,여자,60대 이상,주부,고졸(대학 재학 포함),경상남도,3세대가족,기혼,맞벌이 하지 않음,700-800만원 미만,3,0.626119403,0.552799699,0.537077426,0.843290891,0.537459283,0.279763971,0.417391304,트렌드 주도형 소비자,"자신의 취향과 경험을 중시하는 소비자 그룹입니다. 단순히 배를 채우는 것 이상의 가치를 추구하며, 새로운 제품을 가장 먼저 경험하고 공유하려는 경향이 강합니다"
141,윤시우,여자,50대,주부,고졸(대학 재학 포함),경상남도,2세대가족,기혼,맞벌이 하지 않음,600-700만원 미만,3,0.554477612,0.545283728,0.455834242,0.843290891,0.347882736,0.297813259,0.530434783,트렌드 주도형 소비자,"자신의 취향과 경험을 중시하는 소비자 그룹입니다. 단순히 배를 채우는 것 이상의 가치를 추구하며, 새로운 제품을 가장 먼저 경험하고 공유하려는 경향이 강합니다"
142,조지호,여자,50대,서비스 종사자,고졸(대학 재학 포함),경상남도,2세대가족,기혼,맞벌이 함,500-600만원 미만,1,0.414925373,0.545283728,0.623773173,0.843290891,0.445276873,0.237070462,0.42173913,건강 추구형 소비자,가격이나 브랜드에 크게 구애받지 않고 건강을 최우선으로 고려하는 프리미엄 소비자 그룹입니다. 건강과 편리성을 모두 만족시키는 제품에 기꺼이 지갑을 엽니다.
143,강주원,여자,50대,서비스 종사자,고졸(대학 재학 포함),경상남도,2세대가족,기혼,맞벌이 함,600-700만원 미만,1,0.347761194,0.571589628,0.672846238,0.843290891,0.401954397,0.237070462,0.352173913,건강 추구형 소비자,가격이나 브랜드에 크게 구애받지 않고 건강을 최우선으로 고려하는 프리미엄 소비자 그룹입니다. 건강과 편리성을 모두 만족시키는 제품에 기꺼이 지갑을 엽니다.
144,강지호,여자,60대 이상,주부,대학교 졸업(전문대졸/대학원생 포함),전라북도,1세대가족,기혼,맞벌이 하지 않음,200-300만원 미만,3,0.540298507,0.579105599,0.427753544,0.843290891,0.541693811,0.402985075,0.665217391,트렌드 주도형 소비자,"자신의 취향과 경험을 중시하는 소비자 그룹입니다. 단순히 배를 채우는 것 이상의 가치를 추구하며, 새로운 제품을 가장 먼저 경험하고 공유하려는 경향이 강합니다"
145,윤수아,여자,30대,주부,대학교 졸업(전문대졸/대학원생 포함),전라북도,2세대가족,기혼,맞벌이 하지 않음,400-500만원 미만,0,0.334328358,0.7106351,0.364776445,0.86287953,0.415960912,0.520652551,0.591304348,실속형 미식가,편리성을 중시하면서도 새로운 맛과 제품을 시도하는 데 적극적인 소비자 그룹입니다. 가격에 민감하기보다는 효율성과 맛을 동시에 추구합니다.
146,정지호,여자,60대 이상,서비스 종사자,고졸(대학 재학 포함),전라북도,1세대가족,기혼,맞벌이 함,500-600만원 미만,3,0.632835821,0.76587749,0.332878953,0.78158668,0.462540717,0.476223533,0.491304348,트렌드 주도형 소비자,"자신의 취향과 경험을 중시하는 소비자 그룹입니다. 단순히 배를 채우는 것 이상의 가치를 추구하며, 새로운 제품을 가장 먼저 경험하고 공유하려는 경향이 강합니다"
147,조도윤,여자,30대,서비스 종사자,대학교 졸업(전문대졸/대학원생 포함),전라북도,2세대가족,기혼,맞벌이 함,500-600만원 미만,1,0.364179104,0.465238632,0.562704471,0.859941234,0.730944625,0.34085387,0.37826087,건강 추구형 소비자,가격이나 브랜드에 크게 구애받지 않고 건강을 최우선으로 고려하는 프리미엄 소비자 그룹입니다. 건강과 편리성을 모두 만족시키는 제품에 기꺼이 지갑을 엽니다.
148,윤도윤,여자,60대 이상,관리자,고졸(대학 재학 포함),경기도,1인 가구,미혼(사별/이혼 포함),맞벌이 하지 않음,500-600만원 미만,1,0.134328358,0.492671928,0.740185387,0.882468168,0.399022801,0.478653245,0.347826087,건강 추구형 소비자,가격이나 브랜드에 크게 구애받지 않고 건강을 최우선으로 고려하는 프리미엄 소비자 그룹입니다. 건강과 편리성을 모두 만족시키는 제품에 기꺼이 지갑을 엽니다.
149,정지호,여자,60대 이상,판매 종사자,고졸(대학 재학 포함),전라북도,1세대가족,기혼,맞벌이 함,500-600만원 미만,3,0.478358209,0.631717399,0.352235551,0.921645446,0.550488599,0.383200278,0.565217391,트렌드 주도형 소비자,"자신의 취향과 경험을 중시하는 소비자 그룹입니다. 단순히 배를 채우는 것 이상의 가치를 추구하며, 새로운 제품을 가장 먼저 경험하고 공유하려는 경향이 강합니다"
150,정지민,여자,60대 이상,주부,고졸(대학 재학 포함),전라북도,1세대가족,기혼,맞벌이 하지 않음,300-400만원 미만,1,0.479104478,0.500187899,0.552344602,0.882468168,0.442345277,0.331482124,0.430434783,건강 추구형 소비자,가격이나 브랜드에 크게 구애받지 않고 건강을 최우선으로 고려하는 프리미엄 소비자 그룹입니다. 건강과 편리성을 모두 만족시키는 제품에 기꺼이 지갑을 엽니다.
151,한하준,여자,30대,주부,대학교 졸업(전문대졸/대학원생 포함),경기도,2세대가족,기혼,맞벌이 하지 않음,300-400만원 미만,1,0.265671642,0.571589628,0.414667394,0.784524976,0.41009772,0.325581395,0.204347826,건강 추구형 소비자,가격이나 브랜드에 크게 구애받지 않고 건강을 최우선으로 고려하는 프리미엄 소비자 그룹입니다. 건강과 편리성을 모두 만족시키는 제품에 기꺼이 지갑을 엽니다.
152,윤민서,여자,40대,사무 종사자,대학교 졸업(전문대졸/대학원생 포함),경기도,2세대가족,기혼,맞벌이 함,"1,000만원 이상",1,0.164179104,0.440060128,0.894220284,0.882468168,0.490553746,0.223880597,0.356521739,건강 추구형 소비자,가격이나 브랜드에 크게 구애받지 않고 건강을 최우선으로 고려하는 프리미엄 소비자 그룹입니다. 건강과 편리성을 모두 만족시키는 제품에 기꺼이 지갑을 엽니다.
153,최건우,여자,30대,서비스 종사자,대학교 졸업(전문대졸/대학원생 포함),대전광역시,1인 가구,미혼(사별/이혼 포함),맞벌이 하지 않음,300-400만원 미만,3,0.742537313,0.605411499,0.166303162,0.902056807,0.413029316,0.434571329,0.605652174,트렌드 주도형 소비자,"자신의 취향과 경험을 중시하는 소비자 그룹입니다. 단순히 배를 채우는 것 이상의 가치를 추구하며, 새로운 제품을 가장 먼저 경험하고 공유하려는 경향이 강합니다"
154,조채원,남자,30대,사무 종사자,대학교 졸업(전문대졸/대학원생 포함),대전광역시,1인 가구,미혼(사별/이혼 포함),맞벌이 하지 않음,200-300만원 미만,3,0.785820896,0.642991357,0.197110142,0.843290891,0.433550489,0.232905241,0.469565217,트렌드 주도형 소비자,"자신의 취향과 경험을 중시하는 소비자 그룹입니다. 단순히 배를 채우는 것 이상의 가치를 추구하며, 새로운 제품을 가장 먼저 경험하고 공유하려는 경향이 강합니다"
155,정지원,여자,60대 이상,주부,고졸(대학 재학 포함),경상남도,1세대가족,기혼,맞벌이 하지 않음,200-300만원 미만,0,0.089552239,0.526493799,0.623227917,0.843290891,0.245276873,0.222145089,0.469565217,실속형 미식가,편리성을 중시하면서도 새로운 맛과 제품을 시도하는 데 적극적인 소비자 그룹입니다. 가격에 민감하기보다는 효율성과 맛을 동시에 추구합니다.
156,김준서,여자,60대 이상,서비스 종사자,고졸(대학 재학 포함),경상남도,2세대가족,미혼(사별/이혼 포함),맞벌이 하지 않음,400-500만원 미만,0,0.300746269,0.485155956,0.522628135,0.843290891,0.318566775,0.266574106,0.508695652,실속형 미식가,편리성을 중시하면서도 새로운 맛과 제품을 시도하는 데 적극적인 소비자 그룹입니다. 가격에 민감하기보다는 효율성과 맛을 동시에 추구합니다.
157,박지호,여자,30대,주부,대학교 졸업(전문대졸/대학원생 포함),대구광역시,2세대가족,기혼,맞벌이 하지 않음,400-500만원 미만,3,0.588059701,0.394964299,0.47655398,0.745347698,0.559609121,0.350572718,0.544782609,트렌드 주도형 소비자,"자신의 취향과 경험을 중시하는 소비자 그룹입니다. 단순히 배를 채우는 것 이상의 가치를 추구하며, 새로운 제품을 가장 먼저 경험하고 공유하려는 경향이 강합니다"
158,최서준,여자,60대 이상,판매 종사자,고졸(대학 재학 포함),경상남도,1세대가족,기혼,맞벌이 함,400-500만원 미만,0,0.213432836,0.492671928,0.569792803,0.843290891,0.395439739,0.312738632,0.486956522,실속형 미식가,편리성을 중시하면서도 새로운 맛과 제품을 시도하는 데 적극적인 소비자 그룹입니다. 가격에 민감하기보다는 효율성과 맛을 동시에 추구합니다.
159,임서연,여자,60대 이상,서비스 종사자,고졸(대학 재학 포함),경상남도,1세대가족,기혼,맞벌이 함,400-500만원 미만,1,0.21641791,0.594137542,0.603326063,0.86287953,0.360912052,0.258937869,0.4,건강 추구형 소비자,가격이나 브랜드에 크게 구애받지 않고 건강을 최우선으로 고려하는 프리미엄 소비자 그룹입니다. 건강과 편리성을 모두 만족시키는 제품에 기꺼이 지갑을 엽니다.
160,조하준,남자,60대 이상,판매 종사자,대학교 졸업(전문대졸/대학원생 포함),대전광역시,1세대가족,기혼,맞벌이 함,400-500만원 미만,1,0.365671642,0.673055242,0.546346783,0.784524976,0.325407166,0.290177022,0.308695652,건강 추구형 소비자,가격이나 브랜드에 크게 구애받지 않고 건강을 최우선으로 고려하는 프리미엄 소비자 그룹입니다. 건강과 편리성을 모두 만족시키는 제품에 기꺼이 지갑을 엽니다.
161,강민서,여자,60대 이상,주부,고졸(대학 재학 포함),대전광역시,1세대가족,기혼,맞벌이 하지 않음,300-400만원 미만,1,0.365671642,0.404359263,0.722464558,0.740450539,0.470684039,0.508851093,0.482608696,건강 추구형 소비자,가격이나 브랜드에 크게 구애받지 않고 건강을 최우선으로 고려하는 프리미엄 소비자 그룹입니다. 건강과 편리성을 모두 만족시키는 제품에 기꺼이 지갑을 엽니다.
162,박지민,여자,40대,주부,대학교 졸업(전문대졸/대학원생 포함),광주광역시,2세대가족,기혼,맞벌이 하지 않음,500-600만원 미만,3,0.524626866,0.428786171,0.338331516,0.745347698,0.38534202,0.345713294,0.630434783,트렌드 주도형 소비자,"자신의 취향과 경험을 중시하는 소비자 그룹입니다. 단순히 배를 채우는 것 이상의 가치를 추구하며, 새로운 제품을 가장 먼저 경험하고 공유하려는 경향이 강합니다"
163,강수아,남자,30대,전문가 및 관련 종사자,대학교 졸업(전문대졸/대학원생 포함),광주광역시,1세대가족,기혼,맞벌이 함,500-600만원 미만,3,0.547761194,0.560315671,0.302071974,0.745347698,0.394136808,0.310308921,0.517391304,트렌드 주도형 소비자,"자신의 취향과 경험을 중시하는 소비자 그룹입니다. 단순히 배를 채우는 것 이상의 가치를 추구하며, 새로운 제품을 가장 먼저 경험하고 공유하려는 경향이 강합니다"
164,강채원,여자,50대,주부,대학교 졸업(전문대졸/대학원생 포함),서울특별시,2세대가족,기혼,맞벌이 하지 않음,800-900만원 미만,3,0.513432836,0.463735438,0.464285714,0.882468168,0.610423453,0.443595974,0.647826087,트렌드 주도형 소비자,"자신의 취향과 경험을 중시하는 소비자 그룹입니다. 단순히 배를 채우는 것 이상의 가치를 추구하며, 새로운 제품을 가장 먼저 경험하고 공유하려는 경향이 강합니다"
165,박하은,여자,40대,사무 종사자,대학교 졸업(전문대졸/대학원생 포함),서울특별시,2세대가족,기혼,맞벌이 함,700-800만원 미만,3,0.585820896,0.497557309,0.464285714,0.902056807,0.583387622,0.40610899,0.6,트렌드 주도형 소비자,"자신의 취향과 경험을 중시하는 소비자 그룹입니다. 단순히 배를 채우는 것 이상의 가치를 추구하며, 새로운 제품을 가장 먼저 경험하고 공유하려는 경향이 강합니다"
166,임지호,여자,50대,전문가 및 관련 종사자,대학교 졸업(전문대졸/대학원생 포함),광주광역시,1세대가족,기혼,맞벌이 함,500-600만원 미만,3,0.675373134,0.488913942,0.206652126,0.745347698,0.484690554,0.2856647,0.5,트렌드 주도형 소비자,"자신의 취향과 경험을 중시하는 소비자 그룹입니다. 단순히 배를 채우는 것 이상의 가치를 추구하며, 새로운 제품을 가장 먼저 경험하고 공유하려는 경향이 강합니다"
167,한지원,여자,50대,서비스 종사자,고졸(대학 재학 포함),광주광역시,2세대가족,기혼,맞벌이 함,600-700만원 미만,1,0.186567164,0.398722285,0.776717557,0.86287953,0.306188925,0.156195765,0.147826087,건강 추구형 소비자,가격이나 브랜드에 크게 구애받지 않고 건강을 최우선으로 고려하는 프리미엄 소비자 그룹입니다. 건강과 편리성을 모두 만족시키는 제품에 기꺼이 지갑을 엽니다.
168,최지우,남자,60대 이상,전문가 및 관련 종사자,고졸(대학 재학 포함),광주광역시,2세대가족,기혼,맞벌이 함,500-600만원 미만,3,0.586567164,0.451334085,0.23391494,0.804113614,0.426384365,0.250607428,0.486956522,트렌드 주도형 소비자,"자신의 취향과 경험을 중시하는 소비자 그룹입니다. 단순히 배를 채우는 것 이상의 가치를 추구하며, 새로운 제품을 가장 먼저 경험하고 공유하려는 경향이 강합니다"
169,조건우,여자,40대,사무 종사자,대학교 졸업(전문대졸/대학원생 포함),서울특별시,2세대가족,기혼,맞벌이 함,700-800만원 미만,3,0.662686567,0.556557685,0.46046892,0.902056807,0.616286645,0.347101701,0.673913043,트렌드 주도형 소비자,"자신의 취향과 경험을 중시하는 소비자 그룹입니다. 단순히 배를 채우는 것 이상의 가치를 추구하며, 새로운 제품을 가장 먼저 경험하고 공유하려는 경향이 강합니다"
170,조하준,여자,30대,사무 종사자,대학교 졸업(전문대졸/대학원생 포함),서울특별시,1세대가족,기혼,맞벌이 함,700-800만원 미만,3,0.768656716,0.561443067,0.450654308,0.941234084,0.583387622,0.448802499,0.682608696,트렌드 주도형 소비자,"자신의 취향과 경험을 중시하는 소비자 그룹입니다. 단순히 배를 채우는 것 이상의 가치를 추구하며, 새로운 제품을 가장 먼저 경험하고 공유하려는 경향이 강합니다"
171,강주원,여자,40대,사무 종사자,대학교 졸업(전문대졸/대학원생 포함),서울특별시,2세대가족,기혼,맞벌이 함,800-900만원 미만,3,0.679850746,0.522735814,0.462377317,0.921645446,0.626710098,0.370010413,0.618695652,트렌드 주도형 소비자,"자신의 취향과 경험을 중시하는 소비자 그룹입니다. 단순히 배를 채우는 것 이상의 가치를 추구하며, 새로운 제품을 가장 먼저 경험하고 공유하려는 경향이 강합니다"
172,김하준,여자,60대 이상,주부,고졸(대학 재학 포함),서울특별시,1세대가족,기혼,맞벌이 하지 않음,400-500만원 미만,3,0.705223881,0.526493799,0.401581243,0.86287953,0.599674267,0.423464075,0.591304348,트렌드 주도형 소비자,"자신의 취향과 경험을 중시하는 소비자 그룹입니다. 단순히 배를 채우는 것 이상의 가치를 추구하며, 새로운 제품을 가장 먼저 경험하고 공유하려는 경향이 강합니다"
173,한하은,여자,40대,판매 종사자,고졸(대학 재학 포함),서울특별시,2세대가족,기혼,맞벌이 함,700-800만원 미만,3,0.652985075,0.470124014,0.451472192,0.941234084,0.598697068,0.446025686,0.647826087,트렌드 주도형 소비자,"자신의 취향과 경험을 중시하는 소비자 그룹입니다. 단순히 배를 채우는 것 이상의 가치를 추구하며, 새로운 제품을 가장 먼저 경험하고 공유하려는 경향이 강합니다"
174,조하준,여자,50대,전문가 및 관련 종사자,대학교 졸업(전문대졸/대학원생 포함),서울특별시,1인 가구,미혼(사별/이혼 포함),맞벌이 하지 않음,400-500만원 미만,3,0.691044776,0.550920707,0.48827699,0.955925563,0.657980456,0.350572718,0.670869565,트렌드 주도형 소비자,"자신의 취향과 경험을 중시하는 소비자 그룹입니다. 단순히 배를 채우는 것 이상의 가치를 추구하며, 새로운 제품을 가장 먼저 경험하고 공유하려는 경향이 강합니다"
175,한하은,여자,60대 이상,판매 종사자,고졸(대학 재학 포함),부산광역시,1세대가족,기혼,맞벌이 함,300-400만원 미만,0,0.292537313,0.532130778,0.455561614,0.85798237,0.248208469,0.636237418,0.460869565,실속형 미식가,편리성을 중시하면서도 새로운 맛과 제품을 시도하는 데 적극적인 소비자 그룹입니다. 가격에 민감하기보다는 효율성과 맛을 동시에 추구합니다.
176,박채원,여자,50대,서비스 종사자,대학교 졸업(전문대졸/대학원생 포함),부산광역시,1세대가족,기혼,맞벌이 함,400-500만원 미만,0,0.23358209,0.539646749,0.435114504,0.85798237,0.22019544,0.525164873,0.5,실속형 미식가,편리성을 중시하면서도 새로운 맛과 제품을 시도하는 데 적극적인 소비자 그룹입니다. 가격에 민감하기보다는 효율성과 맛을 동시에 추구합니다.
177,김지호,여자,60대 이상,서비스 종사자,고졸(대학 재학 포함),광주광역시,1세대가족,기혼,맞벌이 함,400-500만원 미만,1,0.186567164,0.376174371,0.728735005,0.784524976,0.148534202,0.187434918,0.149130435,건강 추구형 소비자,가격이나 브랜드에 크게 구애받지 않고 건강을 최우선으로 고려하는 프리미엄 소비자 그룹입니다. 건강과 편리성을 모두 만족시키는 제품에 기꺼이 지갑을 엽니다.
178,최서윤,여자,40대,판매 종사자,고졸(대학 재학 포함),부산광역시,2세대가족,기혼,맞벌이 함,400-500만원 미만,0,0.218656716,0.532130778,0.366412214,0.85798237,0.276547231,0.515793127,0.439130435,실속형 미식가,편리성을 중시하면서도 새로운 맛과 제품을 시도하는 데 적극적인 소비자 그룹입니다. 가격에 민감하기보다는 효율성과 맛을 동시에 추구합니다.
179,강시우,여자,60대 이상,서비스 종사자,고졸(대학 재학 포함),광주광역시,1세대가족,기혼,맞벌이 함,300-400만원 미만,1,0.532089552,0.398722285,0.73691385,0.86287953,0.186644951,0.166608816,0.147826087,건강 추구형 소비자,가격이나 브랜드에 크게 구애받지 않고 건강을 최우선으로 고려하는 프리미엄 소비자 그룹입니다. 건강과 편리성을 모두 만족시키는 제품에 기꺼이 지갑을 엽니다.
180,김준서,여자,60대 이상,단순노무 종사자,중졸 이하,부산광역시,1인 가구,미혼(사별/이혼 포함),맞벌이 하지 않음,100-200만원 미만,0,0.213432836,0.592258549,0.495092694,0.838393732,0.204885993,0.430406109,0.430434783,실속형 미식가,편리성을 중시하면서도 새로운 맛과 제품을 시도하는 데 적극적인 소비자 그룹입니다. 가격에 민감하기보다는 효율성과 맛을 동시에 추구합니다.
181,윤수아,여자,60대 이상,서비스 종사자,고졸(대학 재학 포함),광주광역시,1세대가족,기혼,맞벌이 함,500-600만원 미만,3,0.599253731,0.518977828,0.574427481,0.960822723,0.476547231,0.36931621,0.72173913,트렌드 주도형 소비자,"자신의 취향과 경험을 중시하는 소비자 그룹입니다. 단순히 배를 채우는 것 이상의 가치를 추구하며, 새로운 제품을 가장 먼저 경험하고 공유하려는 경향이 강합니다"
182,최서윤,여자,60대 이상,서비스 종사자,대학교 졸업(전문대졸/대학원생 포함),전라북도,1세대가족,기혼,맞벌이 함,500-600만원 미만,0,0.108208955,0.564073657,0.29525627,0.764936337,0.086319218,0.420687261,0.483913043,실속형 미식가,편리성을 중시하면서도 새로운 맛과 제품을 시도하는 데 적극적인 소비자 그룹입니다. 가격에 민감하기보다는 효율성과 맛을 동시에 추구합니다.
183,임하준,여자,30대,서비스 종사자,대학교 졸업(전문대졸/대학원생 포함),전라북도,2세대가족,기혼,맞벌이 함,400-500만원 미만,0,0.156716418,0.353626456,0.471919302,0.745347698,0.394136808,0.45921555,0.447826087,실속형 미식가,편리성을 중시하면서도 새로운 맛과 제품을 시도하는 데 적극적인 소비자 그룹입니다. 가격에 민감하기보다는 효율성과 맛을 동시에 추구합니다.
184,임하은,여자,60대 이상,판매 종사자,고졸(대학 재학 포함),전라북도,1세대가족,기혼,맞벌이 함,200-300만원 미만,0,0.367164179,0.409996242,0.272900763,0.804113614,0.197068404,0.479347449,0.808695652,실속형 미식가,편리성을 중시하면서도 새로운 맛과 제품을 시도하는 데 적극적인 소비자 그룹입니다. 가격에 민감하기보다는 효율성과 맛을 동시에 추구합니다.
185,임하준,여자,50대,판매 종사자,고졸(대학 재학 포함),부산광역시,2세대가족,기혼,맞벌이 함,500-600만원 미만,0,0.228358209,0.498308906,0.429661941,0.85798237,0.182084691,0.647691774,0.626086957,실속형 미식가,편리성을 중시하면서도 새로운 맛과 제품을 시도하는 데 적극적인 소비자 그룹입니다. 가격에 민감하기보다는 효율성과 맛을 동시에 추구합니다.
186,박서윤,남자,40대,판매 종사자,고졸(대학 재학 포함),부산광역시,1인 가구,미혼(사별/이혼 포함),맞벌이 하지 않음,200-300만원 미만,0,0.198507463,0.498308906,0.317066521,0.838393732,0.190879479,0.489066296,0.430434783,실속형 미식가,편리성을 중시하면서도 새로운 맛과 제품을 시도하는 데 적극적인 소비자 그룹입니다. 가격에 민감하기보다는 효율성과 맛을 동시에 추구합니다.
187,한건우,여자,60대 이상,사무 종사자,대학교 졸업(전문대졸/대학원생 포함),대전광역시,2세대가족,기혼,맞벌이 함,500-600만원 미만,1,0.25,0.466366028,0.844601963,0.882468168,0.357654723,0.365498091,0.295652174,건강 추구형 소비자,가격이나 브랜드에 크게 구애받지 않고 건강을 최우선으로 고려하는 프리미엄 소비자 그룹입니다. 건강과 편리성을 모두 만족시키는 제품에 기꺼이 지갑을 엽니다.
188,박건우,여자,60대 이상,서비스 종사자,고졸(대학 재학 포함),전라북도,1세대가족,기혼,맞벌이 함,500-600만원 미만,0,0.123880597,0.455092071,0.332878953,0.764936337,0.194136808,0.469281499,0.57826087,실속형 미식가,편리성을 중시하면서도 새로운 맛과 제품을 시도하는 데 적극적인 소비자 그룹입니다. 가격에 민감하기보다는 효율성과 맛을 동시에 추구합니다.
189,박주원,여자,50대,판매 종사자,고졸(대학 재학 포함),전라남도,2세대가족,기혼,맞벌이 함,400-500만원 미만,3,0.658955224,0.801954153,0.325245365,0.843290891,0.369055375,0.427282194,0.330434783,트렌드 주도형 소비자,"자신의 취향과 경험을 중시하는 소비자 그룹입니다. 단순히 배를 채우는 것 이상의 가치를 추구하며, 새로운 제품을 가장 먼저 경험하고 공유하려는 경향이 강합니다"
190,강지우,여자,50대,판매 종사자,고졸(대학 재학 포함),광주광역시,1인 가구,미혼(사별/이혼 포함),맞벌이 하지 않음,100-200만원 미만,0,0.406716418,0.409996242,0.274263904,0.764936337,0.421824104,0.37764665,0.443478261,실속형 미식가,편리성을 중시하면서도 새로운 맛과 제품을 시도하는 데 적극적인 소비자 그룹입니다. 가격에 민감하기보다는 효율성과 맛을 동시에 추구합니다.
191,김시우,여자,50대,판매 종사자,대학교 졸업(전문대졸/대학원생 포함),광주광역시,2세대가족,기혼,맞벌이 함,500-600만원 미만,1,0.186567164,0.500187899,0.61695747,0.86287953,0.083387622,0.163137799,0.23173913,건강 추구형 소비자,가격이나 브랜드에 크게 구애받지 않고 건강을 최우선으로 고려하는 프리미엄 소비자 그룹입니다. 건강과 편리성을 모두 만족시키는 제품에 기꺼이 지갑을 엽니다.
192,임예준,여자,50대,서비스 종사자,고졸(대학 재학 포함),전라남도,1세대가족,기혼,맞벌이 함,400-500만원 미만,1,0.386567164,0.433671552,0.63740458,0.804113614,0.272964169,0.301284276,0.186956522,건강 추구형 소비자,가격이나 브랜드에 크게 구애받지 않고 건강을 최우선으로 고려하는 프리미엄 소비자 그룹입니다. 건강과 편리성을 모두 만족시키는 제품에 기꺼이 지갑을 엽니다.
193,박서윤,여자,30대,서비스 종사자,대학교 졸업(전문대졸/대학원생 포함),전라북도,1세대가족,기혼,맞벌이 함,400-500만원 미만,0,0.302985075,0.582863585,0.362322792,0.745347698,0.322801303,0.341548074,0.473913043,실속형 미식가,편리성을 중시하면서도 새로운 맛과 제품을 시도하는 데 적극적인 소비자 그룹입니다. 가격에 민감하기보다는 효율성과 맛을 동시에 추구합니다.
194,조지원,여자,60대 이상,기능원 및 관련 기능 종사자,고졸(대학 재학 포함),전라북도,1세대가족,기혼,맞벌이 함,500-600만원 미만,0,0.273134328,0.620443442,0.218920393,0.823702253,0.162540717,0.422075668,0.517391304,실속형 미식가,편리성을 중시하면서도 새로운 맛과 제품을 시도하는 데 적극적인 소비자 그룹입니다. 가격에 민감하기보다는 효율성과 맛을 동시에 추구합니다.
195,박하은,남자,50대,서비스 종사자,대학교 졸업(전문대졸/대학원생 포함),전라북도,1세대가족,기혼,맞벌이 함,600-700만원 미만,0,0.140298507,0.620443442,0.336968375,0.823702253,0.106840391,0.35716765,0.473913043,실속형 미식가,편리성을 중시하면서도 새로운 맛과 제품을 시도하는 데 적극적인 소비자 그룹입니다. 가격에 민감하기보다는 효율성과 맛을 동시에 추구합니다.
196,최예준,여자,50대,서비스 종사자,고졸(대학 재학 포함),전라남도,2세대가족,기혼,맞벌이 함,400-500만원 미만,0,0.429104478,0.546411124,0.539258451,0.902056807,0.201302932,0.631725095,0.413043478,실속형 미식가,편리성을 중시하면서도 새로운 맛과 제품을 시도하는 데 적극적인 소비자 그룹입니다. 가격에 민감하기보다는 효율성과 맛을 동시에 추구합니다.
197,윤서준,남자,60대 이상,판매 종사자,대학교 졸업(전문대졸/대학원생 포함),전라북도,1세대가족,기혼,맞벌이 함,500-600만원 미만,0,0.340298507,0.605411499,0.277535442,0.764936337,0.171335505,0.351614023,0.573913043,실속형 미식가,편리성을 중시하면서도 새로운 맛과 제품을 시도하는 데 적극적인 소비자 그룹입니다. 가격에 민감하기보다는 효율성과 맛을 동시에 추구합니다.
198,이서준,여자,40대,판매 종사자,대학교 졸업(전문대졸/대학원생 포함),광주광역시,2세대가족,기혼,맞벌이 함,500-600만원 미만,1,0.186567164,0.353626456,0.75736096,0.745347698,0.06286645,0.135369663,0.139130435,건강 추구형 소비자,가격이나 브랜드에 크게 구애받지 않고 건강을 최우선으로 고려하는 프리미엄 소비자 그룹입니다. 건강과 편리성을 모두 만족시키는 제품에 기꺼이 지갑을 엽니다.
199,김하준,여자,60대 이상,판매 종사자,고졸(대학 재학 포함),서울특별시,2세대가족,기혼,맞벌이 함,700-800만원 미만,1,0.291044776,0.408117249,0.666030534,0.799216454,0.506840391,0.171815342,0.386956522,건강 추구형 소비자,가격이나 브랜드에 크게 구애받지 않고 건강을 최우선으로 고려하는 프리미엄 소비자 그룹입니다. 건강과 편리성을 모두 만족시키는 제품에 기꺼이 지갑을 엽니다.
200,윤도윤,여자,40대,서비스 종사자,대학교 졸업(전문대졸/대학원생 포함),전라남도,2세대가족,기혼,맞벌이 함,400-500만원 미만,1,0.552238806,0.590379557,0.651853871,0.902056807,0.294136808,0.443595974,0.32173913,건강 추구형 소비자,가격이나 브랜드에 크게 구애받지 않고 건강을 최우선으로 고려하는 프리미엄 소비자 그룹입니다. 건강과 편리성을 모두 만족시키는 제품에 기꺼이 지갑을 엽니다.
201,김지우,여자,60대 이상,주부,고졸(대학 재학 포함),경상남도,1세대가족,기혼,맞벌이 하지 않음,200-300만원 미만,1,0.559701493,0.338594513,0.699563795,0.72575906,0.664495114,0.312044429,0.069565217,건강 추구형 소비자,가격이나 브랜드에 크게 구애받지 않고 건강을 최우선으로 고려하는 프리미엄 소비자 그룹입니다. 건강과 편리성을 모두 만족시키는 제품에 기꺼이 지갑을 엽니다.
202,윤서연,여자,60대 이상,주부,고졸(대학 재학 포함),경상남도,1세대가족,기혼,맞벌이 하지 않음,200-300만원 미만,1,0.544776119,0.443818113,0.608778626,0.804113614,0.590553746,0.347101701,0.134782609,건강 추구형 소비자,가격이나 브랜드에 크게 구애받지 않고 건강을 최우선으로 고려하는 프리미엄 소비자 그룹입니다. 건강과 편리성을 모두 만족시키는 제품에 기꺼이 지갑을 엽니다.
203,정서윤,여자,60대 이상,농림어업 숙련 종사자,중졸 이하,전라남도,1세대가족,기혼,맞벌이 함,200-300만원 미만,0,0.351492537,0.334836528,0.452562704,0.804113614,0.16970684,0.500867754,0.217391304,실속형 미식가,편리성을 중시하면서도 새로운 맛과 제품을 시도하는 데 적극적인 소비자 그룹입니다. 가격에 민감하기보다는 효율성과 맛을 동시에 추구합니다.
204,김민준,여자,60대 이상,판매 종사자,고졸(대학 재학 포함),경상남도,1세대가족,기혼,맞벌이 함,200-300만원 미만,1,0.679104478,0.470124014,0.526444929,0.784524976,0.517915309,0.296077751,0.273913043,건강 추구형 소비자,가격이나 브랜드에 크게 구애받지 않고 건강을 최우선으로 고려하는 프리미엄 소비자 그룹입니다. 건강과 편리성을 모두 만족시키는 제품에 기꺼이 지갑을 엽니다.
205,강주원,남자,60대 이상,장치·기계 조작 및 조립 종사자,고졸(대학 재학 포함),전라남도,1세대가족,기혼,맞벌이 하지 않음,200-300만원 미만,3,0.535820896,0.550169109,0.565158124,0.804113614,0.243648208,0.52447067,0.386956522,트렌드 주도형 소비자,"자신의 취향과 경험을 중시하는 소비자 그룹입니다. 단순히 배를 채우는 것 이상의 가치를 추구하며, 새로운 제품을 가장 먼저 경험하고 공유하려는 경향이 강합니다"
206,정지원,여자,60대 이상,판매 종사자,고졸(대학 재학 포함),부산광역시,1세대가족,기혼,맞벌이 함,400-500만원 미만,0,0.491044776,0.804584743,0.276172301,0.86287953,0.224104235,0.374175633,0.47826087,실속형 미식가,편리성을 중시하면서도 새로운 맛과 제품을 시도하는 데 적극적인 소비자 그룹입니다. 가격에 민감하기보다는 효율성과 맛을 동시에 추구합니다.
207,윤지호,여자,60대 이상,군인,고졸(대학 재학 포함),전라남도,1세대가족,기혼,맞벌이 함,300-400만원 미만,3,0.484328358,0.455092071,0.621046892,0.921645446,0.254723127,0.572023603,0.469565217,트렌드 주도형 소비자,"자신의 취향과 경험을 중시하는 소비자 그룹입니다. 단순히 배를 채우는 것 이상의 가치를 추구하며, 새로운 제품을 가장 먼저 경험하고 공유하려는 경향이 강합니다"
208,박시우,여자,30대,사무 종사자,대학교 졸업(전문대졸/대학원생 포함),울산광역시,1인 가구,미혼(사별/이혼 포함),맞벌이 하지 않음,200-300만원 미만,0,0.395522388,0.503945885,0.237731734,0.941234084,0.2247557,0.194376952,0.665217391,실속형 미식가,편리성을 중시하면서도 새로운 맛과 제품을 시도하는 데 적극적인 소비자 그룹입니다. 가격에 민감하기보다는 효율성과 맛을 동시에 추구합니다.
209,강지민,여자,30대,서비스 종사자,대학교 졸업(전문대졸/대학원생 포함),울산광역시,1인 가구,미혼(사별/이혼 포함),맞벌이 하지 않음,300-400만원 미만,0,0.338059701,0.530251785,0.474645583,0.921645446,0.251791531,0.225616106,0.639130435,실속형 미식가,편리성을 중시하면서도 새로운 맛과 제품을 시도하는 데 적극적인 소비자 그룹입니다. 가격에 민감하기보다는 효율성과 맛을 동시에 추구합니다.
210,김서연,여자,60대 이상,서비스 종사자,고졸(대학 재학 포함),광주광역시,1세대가족,기혼,맞벌이 함,400-500만원 미만,3,0.437313433,0.302893649,0.31434024,0.681684623,0.514332248,0.356126345,0.391304348,트렌드 주도형 소비자,"자신의 취향과 경험을 중시하는 소비자 그룹입니다. 단순히 배를 채우는 것 이상의 가치를 추구하며, 새로운 제품을 가장 먼저 경험하고 공유하려는 경향이 강합니다"
211,최지우,여자,30대,서비스 종사자,대학교 졸업(전문대졸/대학원생 포함),경기도,1세대가족,기혼,맞벌이 함,500-600만원 미만,1,0.424626866,0.629086809,0.583969466,0.823702253,0.400325733,0.322804582,0.247826087,건강 추구형 소비자,가격이나 브랜드에 크게 구애받지 않고 건강을 최우선으로 고려하는 프리미엄 소비자 그룹입니다. 건강과 편리성을 모두 만족시키는 제품에 기꺼이 지갑을 엽니다.
212,한주원,여자,50대,판매 종사자,대학교 졸업(전문대졸/대학원생 포함),경기도,2세대가족,기혼,맞벌이 함,500-600만원 미만,1,0.350746269,0.425028185,0.587241003,0.72575906,0.549837134,0.304755293,0.239130435,건강 추구형 소비자,가격이나 브랜드에 크게 구애받지 않고 건강을 최우선으로 고려하는 프리미엄 소비자 그룹입니다. 건강과 편리성을 모두 만족시키는 제품에 기꺼이 지갑을 엽니다.
213,임하은,여자,60대 이상,서비스 종사자,고졸(대학 재학 포함),광주광역시,1세대가족,기혼,맞벌이 함,500-600만원 미만,3,0.67238806,0.394964299,0.224372955,0.764936337,0.470358306,0.255466852,0.452173913,트렌드 주도형 소비자,"자신의 취향과 경험을 중시하는 소비자 그룹입니다. 단순히 배를 채우는 것 이상의 가치를 추구하며, 새로운 제품을 가장 먼저 경험하고 공유하려는 경향이 강합니다"
214,강주원,여자,60대 이상,주부,고졸(대학 재학 포함),부산광역시,2세대가족,기혼,맞벌이 하지 않음,400-500만원 미만,3,0.606716418,0.560315671,0.265267176,0.86287953,0.317915309,0.280805276,0.649130435,트렌드 주도형 소비자,"자신의 취향과 경험을 중시하는 소비자 그룹입니다. 단순히 배를 채우는 것 이상의 가치를 추구하며, 새로운 제품을 가장 먼저 경험하고 공유하려는 경향이 강합니다"
215,김준서,여자,50대,서비스 종사자,대학교 졸업(전문대졸/대학원생 포함),경기도,2세대가족,기혼,맞벌이 함,600-700만원 미만,1,0.397761194,0.500187899,0.572519084,0.72575906,0.549837134,0.35508504,0.2,건강 추구형 소비자,가격이나 브랜드에 크게 구애받지 않고 건강을 최우선으로 고려하는 프리미엄 소비자 그룹입니다. 건강과 편리성을 모두 만족시키는 제품에 기꺼이 지갑을 엽니다.
216,박예은,여자,50대,서비스 종사자,고졸(대학 재학 포함),경상남도,3세대가족,기혼,맞벌이 함,500-600만원 미만,1,0.280597015,0.511461856,0.574700109,0.843290891,0.451791531,0.272821937,0.42173913,건강 추구형 소비자,가격이나 브랜드에 크게 구애받지 않고 건강을 최우선으로 고려하는 프리미엄 소비자 그룹입니다. 건강과 편리성을 모두 만족시키는 제품에 기꺼이 지갑을 엽니다.
217,임예은,남자,60대 이상,판매 종사자,고졸(대학 재학 포함),울산광역시,2세대가족,기혼,맞벌이 함,500-600만원 미만,3,0.519402985,0.793310785,0.355507088,0.902056807,0.322149837,0.305449497,0.430434783,트렌드 주도형 소비자,"자신의 취향과 경험을 중시하는 소비자 그룹입니다. 단순히 배를 채우는 것 이상의 가치를 추구하며, 새로운 제품을 가장 먼저 경험하고 공유하려는 경향이 강합니다"
218,조민서,여자,50대,서비스 종사자,고졸(대학 재학 포함),울산광역시,2세대가족,기혼,맞벌이 함,400-500만원 미만,3,0.500746269,0.650507328,0.462377317,0.86287953,0.495114007,0.263797293,0.4,트렌드 주도형 소비자,"자신의 취향과 경험을 중시하는 소비자 그룹입니다. 단순히 배를 채우는 것 이상의 가치를 추구하며, 새로운 제품을 가장 먼저 경험하고 공유하려는 경향이 강합니다"
219,박민준,남자,30대,사무 종사자,대학교 졸업(전문대졸/대학원생 포함),울산광역시,1인 가구,미혼(사별/이혼 포함),맞벌이 하지 않음,500-600만원 미만,3,0.686567164,0.913566328,0.431570338,0.902056807,0.493485342,0.244012496,0.383913043,트렌드 주도형 소비자,"자신의 취향과 경험을 중시하는 소비자 그룹입니다. 단순히 배를 채우는 것 이상의 가치를 추구하며, 새로운 제품을 가장 먼저 경험하고 공유하려는 경향이 강합니다"
220,강민준,남자,40대,기능원 및 관련 기능 종사자,대학교 졸업(전문대졸/대학원생 포함),울산광역시,2세대가족,기혼,맞벌이 함,500-600만원 미만,3,0.812686567,0.774520857,0.35523446,0.902056807,0.538110749,0.281152378,0.430434783,트렌드 주도형 소비자,"자신의 취향과 경험을 중시하는 소비자 그룹입니다. 단순히 배를 채우는 것 이상의 가치를 추구하며, 새로운 제품을 가장 먼저 경험하고 공유하려는 경향이 강합니다"
221,김서준,남자,50대,기능원 및 관련 기능 종사자,고졸(대학 재학 포함),전라남도,1세대가족,기혼,맞벌이 함,400-500만원 미만,1,0.576865672,0.481397971,0.668211559,0.902056807,0.383061889,0.298160361,0.191304348,건강 추구형 소비자,가격이나 브랜드에 크게 구애받지 않고 건강을 최우선으로 고려하는 프리미엄 소비자 그룹입니다. 건강과 편리성을 모두 만족시키는 제품에 기꺼이 지갑을 엽니다.
222,윤주원,여자,50대,농림어업 숙련 종사자,고졸(대학 재학 포함),전라남도,1세대가족,기혼,맞벌이 함,400-500만원 미만,1,0.538059701,0.534009771,0.619956379,0.86287953,0.567100977,0.473793822,0.213043478,건강 추구형 소비자,가격이나 브랜드에 크게 구애받지 않고 건강을 최우선으로 고려하는 프리미엄 소비자 그룹입니다. 건강과 편리성을 모두 만족시키는 제품에 기꺼이 지갑을 엽니다.
223,강예준,여자,60대 이상,판매 종사자,고졸(대학 재학 포함),전라남도,1세대가족,기혼,맞벌이 함,300-400만원 미만,1,0.463432836,0.441187523,0.630043621,0.804113614,0.410749186,0.45921555,0.269565217,건강 추구형 소비자,가격이나 브랜드에 크게 구애받지 않고 건강을 최우선으로 고려하는 프리미엄 소비자 그룹입니다. 건강과 편리성을 모두 만족시키는 제품에 기꺼이 지갑을 엽니다.
224,김서윤,여자,50대,판매 종사자,대학교 졸업(전문대졸/대학원생 포함),경기도,2세대가족,기혼,맞벌이 함,500-600만원 미만,1,0.402985075,0.501315295,0.584514722,0.843290891,0.60781759,0.387018396,0.265217391,건강 추구형 소비자,가격이나 브랜드에 크게 구애받지 않고 건강을 최우선으로 고려하는 프리미엄 소비자 그룹입니다. 건강과 편리성을 모두 만족시키는 제품에 기꺼이 지갑을 엽니다.
225,최민서,여자,50대,주부,고졸(대학 재학 포함),전라남도,1세대가족,기혼,맞벌이 하지 않음,300-400만원 미만,3,0.645522388,0.755730928,0.272900763,0.823702253,0.276872964,0.281152378,0.452173913,트렌드 주도형 소비자,"자신의 취향과 경험을 중시하는 소비자 그룹입니다. 단순히 배를 채우는 것 이상의 가치를 추구하며, 새로운 제품을 가장 먼저 경험하고 공유하려는 경향이 강합니다"
226,최하은,여자,60대 이상,농림어업 숙련 종사자,중졸 이하,전라남도,1인 가구,미혼(사별/이혼 포함),맞벌이 하지 않음,100-200만원 미만,3,0.626865672,0.609169485,0.264721919,0.843290891,0.46742671,0.20826102,0.291304348,트렌드 주도형 소비자,"자신의 취향과 경험을 중시하는 소비자 그룹입니다. 단순히 배를 채우는 것 이상의 가치를 추구하며, 새로운 제품을 가장 먼저 경험하고 공유하려는 경향이 강합니다"
227,정민서,여자,60대 이상,판매 종사자,고졸(대학 재학 포함),전라남도,1인 가구,미혼(사별/이혼 포함),맞벌이 하지 않음,200-300만원 미만,1,0.370149254,0.505073281,0.600054526,0.902056807,0.295114007,0.303713988,0.291304348,건강 추구형 소비자,가격이나 브랜드에 크게 구애받지 않고 건강을 최우선으로 고려하는 프리미엄 소비자 그룹입니다. 건강과 편리성을 모두 만족시키는 제품에 기꺼이 지갑을 엽니다.
228,박건우,여자,60대 이상,농림어업 숙련 종사자,중졸 이하,전라남도,1세대가족,기혼,맞벌이 함,200-300만원 미만,3,0.660447761,0.374295378,0.535986914,0.818805093,0.59771987,0.408885804,0.340434783,트렌드 주도형 소비자,"자신의 취향과 경험을 중시하는 소비자 그룹입니다. 단순히 배를 채우는 것 이상의 가치를 추구하며, 새로운 제품을 가장 먼저 경험하고 공유하려는 경향이 강합니다"
229,조준서,여자,60대 이상,농림어업 숙련 종사자,고졸(대학 재학 포함),전라남도,1세대가족,기혼,맞벌이 함,300-400만원 미만,3,0.575373134,0.383690342,0.382497274,0.843290891,0.549511401,0.254425547,0.534782609,트렌드 주도형 소비자,"자신의 취향과 경험을 중시하는 소비자 그룹입니다. 단순히 배를 채우는 것 이상의 가치를 추구하며, 새로운 제품을 가장 먼저 경험하고 공유하려는 경향이 강합니다"
230,정준서,여자,60대 이상,서비스 종사자,고졸(대학 재학 포함),전라남도,1세대가족,기혼,맞벌이 함,200-300만원 미만,1,0.447761194,0.450582488,0.477099237,0.740450539,0.371335505,0.290177022,0.140434783,건강 추구형 소비자,가격이나 브랜드에 크게 구애받지 않고 건강을 최우선으로 고려하는 프리미엄 소비자 그룹입니다. 건강과 편리성을 모두 만족시키는 제품에 기꺼이 지갑을 엽니다.
231,한주원,여자,50대,판매 종사자,고졸(대학 재학 포함),전라남도,2세대가족,기혼,맞벌이 함,500-600만원 미만,0,0.402238806,0.402480271,0.251090513,0.784524976,0.254723127,0.846233947,0.669565217,실속형 미식가,편리성을 중시하면서도 새로운 맛과 제품을 시도하는 데 적극적인 소비자 그룹입니다. 가격에 민감하기보다는 효율성과 맛을 동시에 추구합니다.
232,이민준,남자,40대,전문가 및 관련 종사자,대학교 졸업(전문대졸/대학원생 포함),전라남도,2세대가족,미혼(사별/이혼 포함),맞벌이 하지 않음,300-400만원 미만,1,0.340298507,0.531379181,0.645856052,0.86287953,0.295114007,0.382853176,0.243478261,건강 추구형 소비자,가격이나 브랜드에 크게 구애받지 않고 건강을 최우선으로 고려하는 프리미엄 소비자 그룹입니다. 건강과 편리성을 모두 만족시키는 제품에 기꺼이 지갑을 엽니다.
233,조지원,여자,60대 이상,단순노무 종사자,고졸(대학 재학 포함),세종특별자치시,1세대가족,기혼,맞벌이 함,700-800만원 미만,3,0.708955224,0.706877114,0.280261723,0.823702253,0.382084691,0.469281499,0.365217391,트렌드 주도형 소비자,"자신의 취향과 경험을 중시하는 소비자 그룹입니다. 단순히 배를 채우는 것 이상의 가치를 추구하며, 새로운 제품을 가장 먼저 경험하고 공유하려는 경향이 강합니다"
234,한도윤,여자,60대 이상,서비스 종사자,고졸(대학 재학 포함),부산광역시,1세대가족,기혼,맞벌이 함,600-700만원 미만,0,0.220895522,0.552799699,0.562159215,0.86287953,0.27980456,0.237070462,0.47826087,실속형 미식가,편리성을 중시하면서도 새로운 맛과 제품을 시도하는 데 적극적인 소비자 그룹입니다. 가격에 민감하기보다는 효율성과 맛을 동시에 추구합니다.
235,한채원,여자,50대,사무 종사자,대학교 졸업(전문대졸/대학원생 포함),경기도,2세대가족,미혼(사별/이혼 포함),맞벌이 하지 않음,200-300만원 미만,1,0.186567164,0.406238256,0.509541985,0.706170421,0.506188925,0.276987157,0.252173913,건강 추구형 소비자,가격이나 브랜드에 크게 구애받지 않고 건강을 최우선으로 고려하는 프리미엄 소비자 그룹입니다. 건강과 편리성을 모두 만족시키는 제품에 기꺼이 지갑을 엽니다.
236,최서연,여자,40대,판매 종사자,대학교 졸업(전문대졸/대학원생 포함),전라북도,2세대가족,기혼,맞벌이 함,500-600만원 미만,0,0.255970149,0.639233371,0.247546347,0.804113614,0.135504886,0.4081916,0.508695652,실속형 미식가,편리성을 중시하면서도 새로운 맛과 제품을 시도하는 데 적극적인 소비자 그룹입니다. 가격에 민감하기보다는 효율성과 맛을 동시에 추구합니다.
237,조건우,여자,40대,사무 종사자,대학교 졸업(전문대졸/대학원생 포함),전라북도,2세대가족,기혼,맞벌이 함,500-600만원 미만,0,0.320149254,0.451334085,0.284351145,0.823702253,0.243973941,0.454356126,0.643478261,실속형 미식가,편리성을 중시하면서도 새로운 맛과 제품을 시도하는 데 적극적인 소비자 그룹입니다. 가격에 민감하기보다는 효율성과 맛을 동시에 추구합니다.
238,박지원,여자,60대 이상,서비스 종사자,대학교 졸업(전문대졸/대학원생 포함),전라북도,1세대가족,기혼,맞벌이 함,500-600만원 미만,0,0.397014925,0.470124014,0.20474373,0.804113614,0.283387622,0.412703922,0.62173913,실속형 미식가,편리성을 중시하면서도 새로운 맛과 제품을 시도하는 데 적극적인 소비자 그룹입니다. 가격에 민감하기보다는 효율성과 맛을 동시에 추구합니다.
239,강수아,여자,50대,주부,고졸(대학 재학 포함),전라북도,2세대가족,기혼,맞벌이 하지 않음,400-500만원 미만,0,0.430597015,0.654265314,0.243456925,0.843290891,0.281107492,0.44290177,0.617391304,실속형 미식가,편리성을 중시하면서도 새로운 맛과 제품을 시도하는 데 적극적인 소비자 그룹입니다. 가격에 민감하기보다는 효율성과 맛을 동시에 추구합니다.
240,강도윤,여자,60대 이상,주부,중졸 이하,전라북도,1세대가족,기혼,맞벌이 하지 않음,300-400만원 미만,0,0.394776119,0.597895528,0.302071974,0.804113614,0.290553746,0.453314821,0.643478261,실속형 미식가,편리성을 중시하면서도 새로운 맛과 제품을 시도하는 데 적극적인 소비자 그룹입니다. 가격에 민감하기보다는 효율성과 맛을 동시에 추구합니다.
241,윤서연,여자,50대,서비스 종사자,대학교 졸업(전문대졸/대학원생 포함),전라북도,2세대가족,기혼,맞벌이 함,500-600만원 미만,0,0.418656716,0.586621571,0.262540894,0.843290891,0.325081433,0.399514058,0.573913043,실속형 미식가,편리성을 중시하면서도 새로운 맛과 제품을 시도하는 데 적극적인 소비자 그룹입니다. 가격에 민감하기보다는 효율성과 맛을 동시에 추구합니다.
242,정하준,여자,30대,서비스 종사자,대학교 졸업(전문대졸/대학원생 포함),전라북도,1세대가족,기혼,맞벌이 함,400-500만원 미만,3,0.544029851,0.545283728,0.321155943,0.804113614,0.373941368,0.366539396,0.656521739,트렌드 주도형 소비자,"자신의 취향과 경험을 중시하는 소비자 그룹입니다. 단순히 배를 채우는 것 이상의 가치를 추구하며, 새로운 제품을 가장 먼저 경험하고 공유하려는 경향이 강합니다"
243,임민준,여자,50대,서비스 종사자,대학교 졸업(전문대졸/대학원생 포함),전라북도,1세대가족,기혼,맞벌이 함,400-500만원 미만,0,0.368656716,0.549041714,0.206652126,0.745347698,0.241693811,0.360291565,0.617391304,실속형 미식가,편리성을 중시하면서도 새로운 맛과 제품을 시도하는 데 적극적인 소비자 그룹입니다. 가격에 민감하기보다는 효율성과 맛을 동시에 추구합니다.
244,윤지우,여자,60대 이상,주부,고졸(대학 재학 포함),경기도,1세대가족,기혼,맞벌이 하지 않음,300-400만원 미만,1,0.432089552,0.425028185,0.626772083,0.745347698,0.431270358,0.422075668,0.095652174,건강 추구형 소비자,가격이나 브랜드에 크게 구애받지 않고 건강을 최우선으로 고려하는 프리미엄 소비자 그룹입니다. 건강과 편리성을 모두 만족시키는 제품에 기꺼이 지갑을 엽니다.
245,이지민,여자,50대,전문가 및 관련 종사자,대학교 졸업(전문대졸/대학원생 포함),경기도,2세대가족,기혼,맞벌이 함,700-800만원 미만,1,0.503731343,0.470124014,0.534078517,0.804113614,0.540390879,0.361332871,0.391304348,건강 추구형 소비자,가격이나 브랜드에 크게 구애받지 않고 건강을 최우선으로 고려하는 프리미엄 소비자 그룹입니다. 건강과 편리성을 모두 만족시키는 제품에 기꺼이 지갑을 엽니다.
246,조민준,남자,20대,취업 준비 중,대학교 졸업(전문대졸/대학원생 포함),서울특별시,1인 가구,미혼(사별/이혼 포함),맞벌이 하지 않음,100-200만원 미만,0,0.397014925,0.552799699,0.366139586,0.823702253,0.401302932,0.507809788,0.330434783,실속형 미식가,편리성을 중시하면서도 새로운 맛과 제품을 시도하는 데 적극적인 소비자 그룹입니다. 가격에 민감하기보다는 효율성과 맛을 동시에 추구합니다.
247,조민서,여자,50대,서비스 종사자,고졸(대학 재학 포함),부산광역시,2세대가족,기혼,맞벌이 함,500-600만원 미만,1,0.252238806,0.545283728,0.674482007,0.843290891,0.33029316,0.222145089,0.352173913,건강 추구형 소비자,가격이나 브랜드에 크게 구애받지 않고 건강을 최우선으로 고려하는 프리미엄 소비자 그룹입니다. 건강과 편리성을 모두 만족시키는 제품에 기꺼이 지갑을 엽니다.
248,임서연,여자,60대 이상,주부,고졸(대학 재학 포함),대전광역시,1세대가족,기혼,맞벌이 하지 않음,400-500만원 미만,0,0.437313433,0.7632469,0.191657579,0.823702253,0.199022801,0.436306838,0.408695652,실속형 미식가,편리성을 중시하면서도 새로운 맛과 제품을 시도하는 데 적극적인 소비자 그룹입니다. 가격에 민감하기보다는 효율성과 맛을 동시에 추구합니다.
249,박예은,남자,60대 이상,무직,고졸(대학 재학 포함),경기도,1세대가족,기혼,맞벌이 하지 않음,300-400만원 미만,3,0.576865672,0.530251785,0.261450382,0.764936337,0.375895765,0.441166262,0.426086957,트렌드 주도형 소비자,"자신의 취향과 경험을 중시하는 소비자 그룹입니다. 단순히 배를 채우는 것 이상의 가치를 추구하며, 새로운 제품을 가장 먼저 경험하고 공유하려는 경향이 강합니다"
250,강도윤,여자,50대,주부,대학교 졸업(전문대졸/대학원생 포함),부산광역시,2세대가족,기혼,맞벌이 하지 않음,500-600만원 미만,3,0.596268657,0.552799699,0.566248637,0.86287953,0.604885993,0.257896564,0.408695652,트렌드 주도형 소비자,"자신의 취향과 경험을 중시하는 소비자 그룹입니다. 단순히 배를 채우는 것 이상의 가치를 추구하며, 새로운 제품을 가장 먼저 경험하고 공유하려는 경향이 강합니다"
251,정지민,여자,60대 이상,주부,고졸(대학 재학 포함),대전광역시,2세대가족,기혼,맞벌이 하지 않음,600-700만원 미만,0,0.156716418,0.429537768,0.199836423,0.678746327,0.143322476,0.515446026,0.513043478,실속형 미식가,편리성을 중시하면서도 새로운 맛과 제품을 시도하는 데 적극적인 소비자 그룹입니다. 가격에 민감하기보다는 효율성과 맛을 동시에 추구합니다.
252,강지호,남자,60대 이상,단순노무 종사자,고졸(대학 재학 포함),서울특별시,1세대가족,기혼,맞벌이 하지 않음,200-300만원 미만,1,0.491044776,0.447576099,0.580970556,0.902056807,0.512703583,0.469281499,0.386956522,건강 추구형 소비자,가격이나 브랜드에 크게 구애받지 않고 건강을 최우선으로 고려하는 프리미엄 소비자 그룹입니다. 건강과 편리성을 모두 만족시키는 제품에 기꺼이 지갑을 엽니다.
253,강도윤,여자,50대,서비스 종사자,중졸 이하,경기도,1세대가족,기혼,맞벌이 함,700-800만원 미만,1,0.205223881,0.592258549,0.629770992,0.701273262,0.281758958,0.18569941,0.086956522,건강 추구형 소비자,가격이나 브랜드에 크게 구애받지 않고 건강을 최우선으로 고려하는 프리미엄 소비자 그룹입니다. 건강과 편리성을 모두 만족시키는 제품에 기꺼이 지갑을 엽니다.
254,윤지호,여자,60대 이상,주부,중졸 이하,경기도,1세대가족,기혼,맞벌이 하지 않음,200-300만원 미만,1,0.426119403,0.331078542,0.501908397,0.72575906,0.378175896,0.524123568,0.286956522,건강 추구형 소비자,가격이나 브랜드에 크게 구애받지 않고 건강을 최우선으로 고려하는 프리미엄 소비자 그룹입니다. 건강과 편리성을 모두 만족시키는 제품에 기꺼이 지갑을 엽니다.
255,윤준서,여자,50대,사무 종사자,고졸(대학 재학 포함),부산광역시,2세대가족,기혼,맞벌이 함,600-700만원 미만,0,0.151492537,0.575347614,0.595692475,0.86287953,0.295765472,0.26726831,0.456521739,실속형 미식가,편리성을 중시하면서도 새로운 맛과 제품을 시도하는 데 적극적인 소비자 그룹입니다. 가격에 민감하기보다는 효율성과 맛을 동시에 추구합니다.
256,임서준,여자,50대,기능원 및 관련 기능 종사자,고졸(대학 재학 포함),대전광역시,2세대가족,기혼,맞벌이 함,600-700만원 미만,0,0.134328358,0.554678692,0.360687023,0.7208619,0.149837134,0.600485942,0.547826087,실속형 미식가,편리성을 중시하면서도 새로운 맛과 제품을 시도하는 데 적극적인 소비자 그룹입니다. 가격에 민감하기보다는 효율성과 맛을 동시에 추구합니다.
257,윤지호,여자,50대,사무 종사자,대학교 졸업(전문대졸/대학원생 포함),대전광역시,2세대가족,기혼,맞벌이 함,600-700만원 미만,0,0.121641791,0.498308906,0.453380589,0.838393732,0.303908795,0.586601874,0.47826087,실속형 미식가,편리성을 중시하면서도 새로운 맛과 제품을 시도하는 데 적극적인 소비자 그룹입니다. 가격에 민감하기보다는 효율성과 맛을 동시에 추구합니다.
258,이예준,여자,60대 이상,서비스 종사자,고졸(대학 재학 포함),경기도,1인 가구,미혼(사별/이혼 포함),맞벌이 하지 않음,400-500만원 미만,1,0.47238806,0.331078542,0.547437296,0.706170421,0.41465798,0.543561263,0.339130435,건강 추구형 소비자,가격이나 브랜드에 크게 구애받지 않고 건강을 최우선으로 고려하는 프리미엄 소비자 그룹입니다. 건강과 편리성을 모두 만족시키는 제품에 기꺼이 지갑을 엽니다.
259,박지우,여자,50대,사무 종사자,대학교 졸업(전문대졸/대학원생 포함),세종특별자치시,2세대가족,기혼,맞벌이 함,600-700만원 미만,3,0.573880597,0.571589628,0.347055616,0.804113614,0.266775244,0.3266227,0.386956522,트렌드 주도형 소비자,"자신의 취향과 경험을 중시하는 소비자 그룹입니다. 단순히 배를 채우는 것 이상의 가치를 추구하며, 새로운 제품을 가장 먼저 경험하고 공유하려는 경향이 강합니다"
260,이지호,여자,50대,서비스 종사자,고졸(대학 재학 포함),대전광역시,1인 가구,미혼(사별/이혼 포함),맞벌이 하지 않음,300-400만원 미만,0,0.059701493,0.441939121,0.433478735,0.916748286,0.211726384,0.499826449,0.282608696,실속형 미식가,편리성을 중시하면서도 새로운 맛과 제품을 시도하는 데 적극적인 소비자 그룹입니다. 가격에 민감하기보다는 효율성과 맛을 동시에 추구합니다.
261,윤민준,여자,60대 이상,기능원 및 관련 기능 종사자,고졸(대학 재학 포함),부산광역시,2세대가족,기혼,맞벌이 함,500-600만원 미만,1,0.252238806,0.560315671,0.622955289,0.843290891,0.295765472,0.246442208,0.439130435,건강 추구형 소비자,가격이나 브랜드에 크게 구애받지 않고 건강을 최우선으로 고려하는 프리미엄 소비자 그룹입니다. 건강과 편리성을 모두 만족시키는 제품에 기꺼이 지갑을 엽니다.
262,윤하은,남자,50대,사무 종사자,대학교 졸업(전문대졸/대학원생 포함),세종특별자치시,1인 가구,미혼(사별/이혼 포함),맞벌이 하지 않음,500-600만원 미만,3,0.664179104,0.654265314,0.304798255,0.86287953,0.383061889,0.387018396,0.469565217,트렌드 주도형 소비자,"자신의 취향과 경험을 중시하는 소비자 그룹입니다. 단순히 배를 채우는 것 이상의 가치를 추구하며, 새로운 제품을 가장 먼저 경험하고 공유하려는 경향이 강합니다"
263,정하은,여자,60대 이상,주부,고졸(대학 재학 포함),경기도,1세대가족,기혼,맞벌이 하지 않음,300-400만원 미만,3,0.496268657,0.353626456,0.450654308,0.784524976,0.431596091,0.524123568,0.373913043,트렌드 주도형 소비자,"자신의 취향과 경험을 중시하는 소비자 그룹입니다. 단순히 배를 채우는 것 이상의 가치를 추구하며, 새로운 제품을 가장 먼저 경험하고 공유하려는 경향이 강합니다"
264,임주원,여자,50대,서비스 종사자,고졸(대학 재학 포함),부산광역시,1인 가구,미혼(사별/이혼 포함),맞벌이 하지 않음,300-400만원 미만,3,0.852985075,0.639233371,0.281079607,0.804113614,0.627687296,0.333911836,0.436086957,트렌드 주도형 소비자,"자신의 취향과 경험을 중시하는 소비자 그룹입니다. 단순히 배를 채우는 것 이상의 가치를 추구하며, 새로운 제품을 가장 먼저 경험하고 공유하려는 경향이 강합니다"
265,임준서,여자,40대,주부,대학교 졸업(전문대졸/대학원생 포함),충청남도,2세대가족,기혼,맞벌이 하지 않음,500-600만원 미만,0,0.119402985,0.472003006,0.366139586,0.838393732,0.237785016,0.590072891,0.395652174,실속형 미식가,편리성을 중시하면서도 새로운 맛과 제품을 시도하는 데 적극적인 소비자 그룹입니다. 가격에 민감하기보다는 효율성과 맛을 동시에 추구합니다.
266,윤수아,여자,60대 이상,주부,고졸(대학 재학 포함),경기도,1세대가족,기혼,맞벌이 하지 않음,500-600만원 미만,1,0.410447761,0.308530628,0.57606325,0.686581783,0.525407166,0.480041652,0.130434783,건강 추구형 소비자,가격이나 브랜드에 크게 구애받지 않고 건강을 최우선으로 고려하는 프리미엄 소비자 그룹입니다. 건강과 편리성을 모두 만족시키는 제품에 기꺼이 지갑을 엽니다.
267,한건우,여자,60대 이상,판매 종사자,대학교 졸업(전문대졸/대학원생 포함),경기도,2세대가족,미혼(사별/이혼 포함),맞벌이 하지 않음,300-400만원 미만,1,0.334328358,0.503945885,0.529989095,0.804113614,0.586644951,0.327316904,0.365217391,건강 추구형 소비자,가격이나 브랜드에 크게 구애받지 않고 건강을 최우선으로 고려하는 프리미엄 소비자 그룹입니다. 건강과 편리성을 모두 만족시키는 제품에 기꺼이 지갑을 엽니다.
268,이채원,남자,60대 이상,단순노무 종사자,고졸(대학 재학 포함),경상북도,1세대가족,기혼,맞벌이 함,300-400만원 미만,0,0.219402985,0.631717399,0.336968375,0.784524976,0.226384365,0.474835127,0.326086957,실속형 미식가,편리성을 중시하면서도 새로운 맛과 제품을 시도하는 데 적극적인 소비자 그룹입니다. 가격에 민감하기보다는 효율성과 맛을 동시에 추구합니다.
269,최건우,여자,40대,사무 종사자,대학교 졸업(전문대졸/대학원생 포함),경기도,2세대가족,기혼,맞벌이 함,600-700만원 미만,3,0.503731343,0.496429914,0.395583424,0.823702253,0.363192182,0.548420687,0.595652174,트렌드 주도형 소비자,"자신의 취향과 경험을 중시하는 소비자 그룹입니다. 단순히 배를 채우는 것 이상의 가치를 추구하며, 새로운 제품을 가장 먼저 경험하고 공유하려는 경향이 강합니다"
270,이주원,여자,30대,사무 종사자,대학교 졸업(전문대졸/대학원생 포함),경기도,2세대가족,기혼,맞벌이 함,600-700만원 미만,1,0.394776119,0.654265314,0.485278081,0.823702253,0.486319218,0.311697327,0.295652174,건강 추구형 소비자,가격이나 브랜드에 크게 구애받지 않고 건강을 최우선으로 고려하는 프리미엄 소비자 그룹입니다. 건강과 편리성을 모두 만족시키는 제품에 기꺼이 지갑을 엽니다.
271,김지민,남자,50대,사무 종사자,대학교 졸업(전문대졸/대학원생 포함),부산광역시,1인 가구,미혼(사별/이혼 포함),맞벌이 하지 않음,300-400만원 미만,1,0.430597015,0.507703871,0.58778626,0.882468168,0.480456026,0.399166956,0.352173913,건강 추구형 소비자,가격이나 브랜드에 크게 구애받지 않고 건강을 최우선으로 고려하는 프리미엄 소비자 그룹입니다. 건강과 편리성을 모두 만족시키는 제품에 기꺼이 지갑을 엽니다.
272,조서연,여자,40대,서비스 종사자,고졸(대학 재학 포함),경기도,2세대가족,기혼,맞벌이 함,800-900만원 미만,1,0.223880597,0.415633221,0.829607415,0.799216454,0.480456026,0.230128428,0.140434783,건강 추구형 소비자,가격이나 브랜드에 크게 구애받지 않고 건강을 최우선으로 고려하는 프리미엄 소비자 그룹입니다. 건강과 편리성을 모두 만족시키는 제품에 기꺼이 지갑을 엽니다.
273,임예준,남자,40대,판매 종사자,대학교 졸업(전문대졸/대학원생 포함),경기도,1인 가구,미혼(사별/이혼 포함),맞벌이 하지 않음,300-400만원 미만,0,0.430597015,0.629086809,0.307524537,0.764936337,0.380130293,0.416174939,0.226086957,실속형 미식가,편리성을 중시하면서도 새로운 맛과 제품을 시도하는 데 적극적인 소비자 그룹입니다. 가격에 민감하기보다는 효율성과 맛을 동시에 추구합니다.
274,조준서,여자,50대,서비스 종사자,고졸(대학 재학 포함),광주광역시,2세대가족,기혼,맞벌이 함,500-600만원 미만,3,0.680597015,0.448703495,0.300708833,0.843290891,0.352442997,0.403679278,0.695652174,트렌드 주도형 소비자,"자신의 취향과 경험을 중시하는 소비자 그룹입니다. 단순히 배를 채우는 것 이상의 가치를 추구하며, 새로운 제품을 가장 먼저 경험하고 공유하려는 경향이 강합니다"
275,강서연,여자,60대 이상,서비스 종사자,고졸(대학 재학 포함),세종특별자치시,1세대가족,기혼,맞벌이 하지 않음,300-400만원 미만,0,0.489552239,0.616685457,0.304798255,0.882468168,0.221172638,0.339465463,0.530434783,실속형 미식가,편리성을 중시하면서도 새로운 맛과 제품을 시도하는 데 적극적인 소비자 그룹입니다. 가격에 민감하기보다는 효율성과 맛을 동시에 추구합니다.
276,윤서윤,여자,50대,농림어업 숙련 종사자,고졸(대학 재학 포함),충청남도,1세대가족,기혼,맞벌이 함,300-400만원 미만,3,0.758955224,0.491544532,0.362050164,0.742409403,0.445276873,0.50399167,0.586956522,트렌드 주도형 소비자,"자신의 취향과 경험을 중시하는 소비자 그룹입니다. 단순히 배를 채우는 것 이상의 가치를 추구하며, 새로운 제품을 가장 먼저 경험하고 공유하려는 경향이 강합니다"
277,윤예준,여자,20대,사무 종사자,대학교 졸업(전문대졸/대학원생 포함),울산광역시,1인 가구,미혼(사별/이혼 포함),맞벌이 하지 않음,300-400만원 미만,3,0.552985075,0.534009771,0.43565976,0.980411361,0.418241042,0.241235682,0.6,트렌드 주도형 소비자,"자신의 취향과 경험을 중시하는 소비자 그룹입니다. 단순히 배를 채우는 것 이상의 가치를 추구하며, 새로운 제품을 가장 먼저 경험하고 공유하려는 경향이 강합니다"
278,김민서,남자,60대 이상,기능원 및 관련 기능 종사자,고졸(대학 재학 포함),광주광역시,2세대가족,기혼,맞벌이 함,600-700만원 미만,3,0.728358209,0.680571214,0.221101418,0.921645446,0.406840391,0.349184311,0.634782609,트렌드 주도형 소비자,"자신의 취향과 경험을 중시하는 소비자 그룹입니다. 단순히 배를 채우는 것 이상의 가치를 추구하며, 새로운 제품을 가장 먼저 경험하고 공유하려는 경향이 강합니다"
279,박하은,여자,60대 이상,서비스 종사자,대학교 졸업(전문대졸/대학원생 포함),경기도,1세대가족,기혼,맞벌이 함,300-400만원 미만,1,0.51119403,0.492671928,0.594601963,0.745347698,0.427687296,0.417910448,0.113043478,건강 추구형 소비자,가격이나 브랜드에 크게 구애받지 않고 건강을 최우선으로 고려하는 프리미엄 소비자 그룹입니다. 건강과 편리성을 모두 만족시키는 제품에 기꺼이 지갑을 엽니다.
280,조서연,여자,40대,서비스 종사자,대학교 졸업(전문대졸/대학원생 포함),경기도,1인 가구,미혼(사별/이혼 포함),맞벌이 하지 않음,400-500만원 미만,1,0.156716418,0.374295378,0.834242094,0.799216454,0.480456026,0.194376952,0.095652174,건강 추구형 소비자,가격이나 브랜드에 크게 구애받지 않고 건강을 최우선으로 고려하는 프리미엄 소비자 그룹입니다. 건강과 편리성을 모두 만족시키는 제품에 기꺼이 지갑을 엽니다.
281,임서연,여자,50대,서비스 종사자,대학교 졸업(전문대졸/대학원생 포함),광주광역시,2세대가족,기혼,맞벌이 함,600-700만원 미만,0,0.196268657,0.485155956,0.311613959,0.804113614,0.173615635,0.471711211,0.504347826,실속형 미식가,편리성을 중시하면서도 새로운 맛과 제품을 시도하는 데 적극적인 소비자 그룹입니다. 가격에 민감하기보다는 효율성과 맛을 동시에 추구합니다.
282,정하준,여자,60대 이상,농림어업 숙련 종사자,고졸(대학 재학 포함),충청남도,1세대가족,기혼,맞벌이 함,300-400만원 미만,3,0.779104478,0.6843292,0.310250818,0.784524976,0.414983713,0.567511281,0.562173913,트렌드 주도형 소비자,"자신의 취향과 경험을 중시하는 소비자 그룹입니다. 단순히 배를 채우는 것 이상의 가치를 추구하며, 새로운 제품을 가장 먼저 경험하고 공유하려는 경향이 강합니다"
283,이지우,여자,50대,판매 종사자,고졸(대학 재학 포함),세종특별자치시,1세대가족,기혼,맞벌이 함,500-600만원 미만,3,0.72238806,0.611048478,0.411123228,0.799216454,0.387947883,0.377993752,0.482608696,트렌드 주도형 소비자,"자신의 취향과 경험을 중시하는 소비자 그룹입니다. 단순히 배를 채우는 것 이상의 가치를 추구하며, 새로운 제품을 가장 먼저 경험하고 공유하려는 경향이 강합니다"
284,정수아,여자,50대,사무 종사자,대학교 졸업(전문대졸/대학원생 포함),대전광역시,1세대가족,기혼,맞벌이 함,500-600만원 미만,3,0.497014925,0.541525742,0.452835333,0.745347698,0.481107492,0.438042346,0.426086957,트렌드 주도형 소비자,"자신의 취향과 경험을 중시하는 소비자 그룹입니다. 단순히 배를 채우는 것 이상의 가치를 추구하며, 새로운 제품을 가장 먼저 경험하고 공유하려는 경향이 강합니다"
285,조하은,여자,50대,사무 종사자,대학교 졸업(전문대졸/대학원생 포함),경기도,2세대가족,기혼,맞벌이 함,800-900만원 미만,1,0.47238806,0.312288613,0.441930207,0.706170421,0.46514658,0.551891704,0.291304348,건강 추구형 소비자,가격이나 브랜드에 크게 구애받지 않고 건강을 최우선으로 고려하는 프리미엄 소비자 그룹입니다. 건강과 편리성을 모두 만족시키는 제품에 기꺼이 지갑을 엽니다.
286,임주원,여자,30대,주부,대학교 졸업(전문대졸/대학원생 포함),경기도,2세대가족,기혼,맞벌이 하지 않음,400-500만원 미만,1,0.46119403,0.451334085,0.497818975,0.804113614,0.34723127,0.325581395,0.304347826,건강 추구형 소비자,가격이나 브랜드에 크게 구애받지 않고 건강을 최우선으로 고려하는 프리미엄 소비자 그룹입니다. 건강과 편리성을 모두 만족시키는 제품에 기꺼이 지갑을 엽니다.
287,정지원,여자,30대,사무 종사자,대학교 졸업(전문대졸/대학원생 포함),울산광역시,1인 가구,미혼(사별/이혼 포함),맞벌이 하지 않음,300-400만원 미만,0,0.470895522,0.586621571,0.230370774,0.941234084,0.359609121,0.196112461,0.482608696,실속형 미식가,편리성을 중시하면서도 새로운 맛과 제품을 시도하는 데 적극적인 소비자 그룹입니다. 가격에 민감하기보다는 효율성과 맛을 동시에 추구합니다.
288,최지원,여자,60대 이상,단순노무 종사자,고졸(대학 재학 포함),경기도,1세대가족,기혼,맞벌이 함,300-400만원 미만,1,0.541791045,0.451334085,0.47655398,0.843290891,0.426384365,0.38562999,0.295652174,건강 추구형 소비자,가격이나 브랜드에 크게 구애받지 않고 건강을 최우선으로 고려하는 프리미엄 소비자 그룹입니다. 건강과 편리성을 모두 만족시키는 제품에 기꺼이 지갑을 엽니다.
289,박지우,여자,60대 이상,주부,고졸(대학 재학 포함),부산광역시,1세대가족,기혼,맞벌이 하지 않음,100-200만원 미만,0,0.402238806,0.537767756,0.416575791,0.804113614,0.34495114,0.363415481,0.386956522,실속형 미식가,편리성을 중시하면서도 새로운 맛과 제품을 시도하는 데 적극적인 소비자 그룹입니다. 가격에 민감하기보다는 효율성과 맛을 동시에 추구합니다.
290,박지원,여자,60대 이상,농림어업 숙련 종사자,고졸(대학 재학 포함),충청남도,1세대가족,기혼,맞벌이 함,200-300만원 미만,3,0.637313433,0.601653514,0.329334787,0.843290891,0.353094463,0.463033669,0.482608696,트렌드 주도형 소비자,"자신의 취향과 경험을 중시하는 소비자 그룹입니다. 단순히 배를 채우는 것 이상의 가치를 추구하며, 새로운 제품을 가장 먼저 경험하고 공유하려는 경향이 강합니다"
291,임서준,여자,60대 이상,주부,고졸(대학 재학 포함),울산광역시,1세대가족,기혼,맞벌이 하지 않음,300-400만원 미만,1,0.390298507,0.366027809,0.381679389,0.823702253,0.473289902,0.145782714,0.291304348,건강 추구형 소비자,가격이나 브랜드에 크게 구애받지 않고 건강을 최우선으로 고려하는 프리미엄 소비자 그룹입니다. 건강과 편리성을 모두 만족시키는 제품에 기꺼이 지갑을 엽니다.
292,정서연,남자,60대 이상,기능원 및 관련 기능 종사자,대학교 졸업(전문대졸/대학원생 포함),대구광역시,1인 가구,미혼(사별/이혼 포함),맞벌이 하지 않음,300-400만원 미만,3,0.541044776,0.417512213,0.389312977,0.843290891,0.354397394,0.474835127,0.6,트렌드 주도형 소비자,"자신의 취향과 경험을 중시하는 소비자 그룹입니다. 단순히 배를 채우는 것 이상의 가치를 추구하며, 새로운 제품을 가장 먼저 경험하고 공유하려는 경향이 강합니다"
293,강하은,남자,50대,기능원 및 관련 기능 종사자,고졸(대학 재학 포함),충청남도,1인 가구,미혼(사별/이혼 포함),맞벌이 하지 않음,200-300만원 미만,3,0.720895522,0.725667042,0.351145038,0.882468168,0.353745928,0.571676501,0.417391304,트렌드 주도형 소비자,"자신의 취향과 경험을 중시하는 소비자 그룹입니다. 단순히 배를 채우는 것 이상의 가치를 추구하며, 새로운 제품을 가장 먼저 경험하고 공유하려는 경향이 강합니다"
294,박민서,남자,50대,사무 종사자,고졸(대학 재학 포함),광주광역시,2세대가족,기혼,맞벌이 함,500-600만원 미만,3,0.782089552,0.714393085,0.169302072,0.941234084,0.386970684,0.241235682,0.586956522,트렌드 주도형 소비자,"자신의 취향과 경험을 중시하는 소비자 그룹입니다. 단순히 배를 채우는 것 이상의 가치를 추구하며, 새로운 제품을 가장 먼저 경험하고 공유하려는 경향이 강합니다"
295,조지호,여자,60대 이상,주부,대학교 졸업(전문대졸/대학원생 포함),대전광역시,1세대가족,기혼,맞벌이 하지 않음,200-300만원 미만,0,0.382835821,0.549041714,0.519083969,0.784524976,0.35276873,0.4081916,0.543478261,실속형 미식가,편리성을 중시하면서도 새로운 맛과 제품을 시도하는 데 적극적인 소비자 그룹입니다. 가격에 민감하기보다는 효율성과 맛을 동시에 추구합니다.
296,윤예은,남자,60대 이상,관리자,대학교 졸업(전문대졸/대학원생 포함),대전광역시,1인 가구,미혼(사별/이혼 포함),맞벌이 하지 않음,300-400만원 미만,1,0.348507463,0.639233371,0.501908397,0.804113614,0.430618893,0.472405415,0.265217391,건강 추구형 소비자,가격이나 브랜드에 크게 구애받지 않고 건강을 최우선으로 고려하는 프리미엄 소비자 그룹입니다. 건강과 편리성을 모두 만족시키는 제품에 기꺼이 지갑을 엽니다.
297,최서준,여자,60대 이상,주부,중졸 이하,울산광역시,1세대가족,기혼,맞벌이 하지 않음,100-200만원 미만,3,0.449253731,0.379932356,0.480098146,0.784524976,0.446905537,0.201318986,0.504347826,트렌드 주도형 소비자,"자신의 취향과 경험을 중시하는 소비자 그룹입니다. 단순히 배를 채우는 것 이상의 가치를 추구하며, 새로운 제품을 가장 먼저 경험하고 공유하려는 경향이 강합니다"
298,조시우,여자,60대 이상,농림어업 숙련 종사자,고졸(대학 재학 포함),충청남도,1세대가족,기혼,맞벌이 함,200-300만원 미만,3,0.685820896,0.725667042,0.376499455,0.921645446,0.387296417,0.583825061,0.452173913,트렌드 주도형 소비자,"자신의 취향과 경험을 중시하는 소비자 그룹입니다. 단순히 배를 채우는 것 이상의 가치를 추구하며, 새로운 제품을 가장 먼저 경험하고 공유하려는 경향이 강합니다"
299,강민준,여자,60대 이상,주부,고졸(대학 재학 포함),충청북도,1세대가족,기혼,맞벌이 하지 않음,300-400만원 미만,3,0.545522388,0.575347614,0.452017448,0.882468168,0.478827362,0.2856647,0.639130435,트렌드 주도형 소비자,"자신의 취향과 경험을 중시하는 소비자 그룹입니다. 단순히 배를 채우는 것 이상의 가치를 추구하며, 새로운 제품을 가장 먼저 경험하고 공유하려는 경향이 강합니다"
300,임건우,여자,60대 이상,주부,고졸(대학 재학 포함),광주광역시,1세대가족,기혼,맞벌이 하지 않음,300-400만원 미만,3,0.508955224,0.482525366,0.315703381,0.86287953,0.406188925,0.367233599,0.417391304,트렌드 주도형 소비자,"자신의 취향과 경험을 중시하는 소비자 그룹입니다. 단순히 배를 채우는 것 이상의 가치를 추구하며, 새로운 제품을 가장 먼저 경험하고 공유하려는 경향이 강합니다"
301,정수아,여자,50대,서비스 종사자,고졸(대학 재학 포함),부산광역시,2세대가족,기혼,맞벌이 함,800-900만원 미만,0,0.31119403,0.537767756,0.392039258,0.823702253,0.274592834,0.311003124,0.501304348,실속형 미식가,편리성을 중시하면서도 새로운 맛과 제품을 시도하는 데 적극적인 소비자 그룹입니다. 가격에 민감하기보다는 효율성과 맛을 동시에 추구합니다.
302,박민서,남자,60대 이상,기능원 및 관련 기능 종사자,고졸(대학 재학 포함),울산광역시,1인 가구,미혼(사별/이혼 포함),맞벌이 하지 않음,300-400만원 미만,0,0.310447761,0.452461481,0.367502726,0.804113614,0.317915309,0.183963901,0.556521739,실속형 미식가,편리성을 중시하면서도 새로운 맛과 제품을 시도하는 데 적극적인 소비자 그룹입니다. 가격에 민감하기보다는 효율성과 맛을 동시에 추구합니다.
303,이채원,여자,20대,서비스 종사자,대학교 졸업(전문대졸/대학원생 포함),대전광역시,1인 가구,미혼(사별/이혼 포함),맞벌이 하지 않음,200-300만원 미만,3,0.810447761,0.716272078,0.121592148,0.877571009,0.419869707,0.39396043,0.57826087,트렌드 주도형 소비자,"자신의 취향과 경험을 중시하는 소비자 그룹입니다. 단순히 배를 채우는 것 이상의 가치를 추구하며, 새로운 제품을 가장 먼저 경험하고 공유하려는 경향이 강합니다"
304,박채원,여자,30대,사무 종사자,대학교 졸업(전문대졸/대학원생 포함),대전광역시,1인 가구,미혼(사별/이혼 포함),맞벌이 하지 않음,200-300만원 미만,3,0.791044776,0.69748215,0.341603053,0.877571009,0.471009772,0.340506768,0.526086957,트렌드 주도형 소비자,"자신의 취향과 경험을 중시하는 소비자 그룹입니다. 단순히 배를 채우는 것 이상의 가치를 추구하며, 새로운 제품을 가장 먼저 경험하고 공유하려는 경향이 강합니다"
305,한채원,여자,50대,서비스 종사자,고졸(대학 재학 포함),대전광역시,1인 가구,미혼(사별/이혼 포함),맞벌이 하지 않음,300-400만원 미만,3,0.685820896,0.701240135,0.403217012,0.818805093,0.351465798,0.236029157,0.508695652,트렌드 주도형 소비자,"자신의 취향과 경험을 중시하는 소비자 그룹입니다. 단순히 배를 채우는 것 이상의 가치를 추구하며, 새로운 제품을 가장 먼저 경험하고 공유하려는 경향이 강합니다"
306,강지호,여자,60대 이상,서비스 종사자,고졸(대학 재학 포함),경기도,1인 가구,미혼(사별/이혼 포함),맞벌이 하지 않음,400-500만원 미만,1,0.208955224,0.381811349,0.833696838,0.799216454,0.47980456,0.212773343,0.104347826,건강 추구형 소비자,가격이나 브랜드에 크게 구애받지 않고 건강을 최우선으로 고려하는 프리미엄 소비자 그룹입니다. 건강과 편리성을 모두 만족시키는 제품에 기꺼이 지갑을 엽니다.
307,임지우,여자,50대,주부,고졸(대학 재학 포함),강원도,2세대가족,기혼,맞벌이 하지 않음,500-600만원 미만,1,0.119402985,0.417512213,0.891494002,0.86287953,0.440716612,0.294342242,0.357826087,건강 추구형 소비자,가격이나 브랜드에 크게 구애받지 않고 건강을 최우선으로 고려하는 프리미엄 소비자 그룹입니다. 건강과 편리성을 모두 만족시키는 제품에 기꺼이 지갑을 엽니다.
308,박민준,여자,50대,관리자,고졸(대학 재학 포함),강원도,1인 가구,미혼(사별/이혼 포함),맞벌이 하지 않음,500-600만원 미만,1,0.186567164,0.485155956,0.808615049,0.843290891,0.499348534,0.315168344,0.270869565,건강 추구형 소비자,가격이나 브랜드에 크게 구애받지 않고 건강을 최우선으로 고려하는 프리미엄 소비자 그룹입니다. 건강과 편리성을 모두 만족시키는 제품에 기꺼이 지갑을 엽니다.
309,한예준,여자,30대,사무 종사자,대학교 졸업(전문대졸/대학원생 포함),충청북도,1인 가구,미혼(사별/이혼 포함),맞벌이 하지 않음,300-400만원 미만,1,0.504477612,0.68169861,0.587241003,0.921645446,0.577850163,0.274210344,0.4,건강 추구형 소비자,가격이나 브랜드에 크게 구애받지 않고 건강을 최우선으로 고려하는 프리미엄 소비자 그룹입니다. 건강과 편리성을 모두 만족시키는 제품에 기꺼이 지갑을 엽니다.
310,정예은,남자,60대 이상,서비스 종사자,고졸(대학 재학 포함),강원도,1인 가구,미혼(사별/이혼 포함),맞벌이 하지 않음,400-500만원 미만,1,0.136567164,0.500187899,0.647491821,0.86287953,0.330944625,0.429017702,0.243478261,건강 추구형 소비자,가격이나 브랜드에 크게 구애받지 않고 건강을 최우선으로 고려하는 프리미엄 소비자 그룹입니다. 건강과 편리성을 모두 만족시키는 제품에 기꺼이 지갑을 엽니다.
311,이수아,여자,50대,서비스 종사자,고졸(대학 재학 포함),경기도,2세대가족,기혼,맞벌이 함,"1,000만원 이상",1,0.059701493,0.367906802,0.796619411,0.7208619,0.473289902,0.187434918,0.07826087,건강 추구형 소비자,가격이나 브랜드에 크게 구애받지 않고 건강을 최우선으로 고려하는 프리미엄 소비자 그룹입니다. 건강과 편리성을 모두 만족시키는 제품에 기꺼이 지갑을 엽니다.
312,박채원,여자,20대,사무 종사자,대학교 졸업(전문대졸/대학원생 포함),충청북도,1인 가구,미혼(사별/이혼 포함),맞벌이 하지 않음,200-300만원 미만,3,0.555970149,0.783164224,0.517175573,0.882468168,0.546254072,0.331482124,0.452173913,트렌드 주도형 소비자,"자신의 취향과 경험을 중시하는 소비자 그룹입니다. 단순히 배를 채우는 것 이상의 가치를 추구하며, 새로운 제품을 가장 먼저 경험하고 공유하려는 경향이 강합니다"
313,윤하은,여자,60대 이상,서비스 종사자,대학교 졸업(전문대졸/대학원생 포함),충청남도,1인 가구,미혼(사별/이혼 포함),맞벌이 하지 않음,100만원 미만,0,0.134328358,0.896655393,0.092693566,0.838393732,0.039087948,0.576188823,0.234782609,실속형 미식가,편리성을 중시하면서도 새로운 맛과 제품을 시도하는 데 적극적인 소비자 그룹입니다. 가격에 민감하기보다는 효율성과 맛을 동시에 추구합니다.
314,최주원,여자,60대 이상,판매 종사자,고졸(대학 재학 포함),충청북도,1인 가구,미혼(사별/이혼 포함),맞벌이 하지 않음,300-400만원 미만,3,0.542537313,0.673055242,0.411123228,0.902056807,0.516286645,0.253384242,0.556521739,트렌드 주도형 소비자,"자신의 취향과 경험을 중시하는 소비자 그룹입니다. 단순히 배를 채우는 것 이상의 가치를 추구하며, 새로운 제품을 가장 먼저 경험하고 공유하려는 경향이 강합니다"
315,김지원,여자,30대,사무 종사자,대학교 졸업(전문대졸/대학원생 포함),경기도,1세대가족,기혼,맞벌이 함,800-900만원 미만,1,0.156716418,0.390454716,0.79525627,0.760039177,0.509771987,0.178063173,0.095652174,건강 추구형 소비자,가격이나 브랜드에 크게 구애받지 않고 건강을 최우선으로 고려하는 프리미엄 소비자 그룹입니다. 건강과 편리성을 모두 만족시키는 제품에 기꺼이 지갑을 엽니다.
316,한채원,남자,30대,서비스 종사자,대학교 졸업(전문대졸/대학원생 포함),강원도,1인 가구,미혼(사별/이혼 포함),맞벌이 하지 않음,400-500만원 미만,0,0.190298507,0.440060128,0.515267176,0.86287953,0.289250814,0.397084346,0.453478261,실속형 미식가,편리성을 중시하면서도 새로운 맛과 제품을 시도하는 데 적극적인 소비자 그룹입니다. 가격에 민감하기보다는 효율성과 맛을 동시에 추구합니다.
317,김지호,여자,50대,주부,고졸(대학 재학 포함),강원도,2세대가족,기혼,맞벌이 하지 않음,600-700만원 미만,1,0.214925373,0.406238256,0.803980371,0.882468168,0.387947883,0.283929191,0.443478261,건강 추구형 소비자,가격이나 브랜드에 크게 구애받지 않고 건강을 최우선으로 고려하는 프리미엄 소비자 그룹입니다. 건강과 편리성을 모두 만족시키는 제품에 기꺼이 지갑을 엽니다.
318,정도윤,여자,60대 이상,주부,고졸(대학 재학 포함),충청남도,2세대가족,기혼,맞벌이 하지 않음,700-800만원 미만,0,0.134328358,0.742577978,0.477099237,0.815866797,0.149837134,0.680319334,0.339130435,실속형 미식가,편리성을 중시하면서도 새로운 맛과 제품을 시도하는 데 적극적인 소비자 그룹입니다. 가격에 민감하기보다는 효율성과 맛을 동시에 추구합니다.
319,이준서,여자,40대,서비스 종사자,고졸(대학 재학 포함),경기도,2세대가족,기혼,맞벌이 함,"1,000만원 이상",1,0.141791045,0.382938745,0.846782988,0.740450539,0.45276873,0.185005207,0.104347826,건강 추구형 소비자,가격이나 브랜드에 크게 구애받지 않고 건강을 최우선으로 고려하는 프리미엄 소비자 그룹입니다. 건강과 편리성을 모두 만족시키는 제품에 기꺼이 지갑을 엽니다.
320,조서연,여자,60대 이상,주부,고졸(대학 재학 포함),충청남도,1세대가족,기혼,맞벌이 하지 않음,500-600만원 미만,0,0.138059701,0.515971439,0.460196292,0.77668952,0.167752443,0.565775772,0.605652174,실속형 미식가,편리성을 중시하면서도 새로운 맛과 제품을 시도하는 데 적극적인 소비자 그룹입니다. 가격에 민감하기보다는 효율성과 맛을 동시에 추구합니다.
321,정준서,여자,50대,서비스 종사자,고졸(대학 재학 포함),경기도,2세대가족,기혼,맞벌이 함,"1,000만원 이상",1,0.141791045,0.397970688,0.832061069,0.760039177,0.460912052,0.185005207,0.130434783,건강 추구형 소비자,가격이나 브랜드에 크게 구애받지 않고 건강을 최우선으로 고려하는 프리미엄 소비자 그룹입니다. 건강과 편리성을 모두 만족시키는 제품에 기꺼이 지갑을 엽니다.
322,조예은,여자,30대,사무 종사자,대학교 졸업(전문대졸/대학원생 포함),강원도,2세대가족,기혼,맞벌이 함,700-800만원 미만,1,0.201492537,0.458850056,1,0.86287953,0.497068404,0.27351614,0.326086957,건강 추구형 소비자,가격이나 브랜드에 크게 구애받지 않고 건강을 최우선으로 고려하는 프리미엄 소비자 그룹입니다. 건강과 편리성을 모두 만족시키는 제품에 기꺼이 지갑을 엽니다.
323,한지원,여자,40대,사무 종사자,대학교 졸업(전문대졸/대학원생 포함),서울특별시,1세대가족,기혼,맞벌이 함,600-700만원 미만,0,0.47761194,0.729425028,0.242911668,0.843290891,0.245928339,0.458521347,0.465217391,실속형 미식가,편리성을 중시하면서도 새로운 맛과 제품을 시도하는 데 적극적인 소비자 그룹입니다. 가격에 민감하기보다는 효율성과 맛을 동시에 추구합니다.
324,조하은,여자,60대 이상,서비스 종사자,고졸(대학 재학 포함),강원도,1세대가족,기혼,맞벌이 함,500-600만원 미만,1,0.23880597,0.436302142,0.705561614,0.823702253,0.4752443,0.489413398,0.357826087,건강 추구형 소비자,가격이나 브랜드에 크게 구애받지 않고 건강을 최우선으로 고려하는 프리미엄 소비자 그룹입니다. 건강과 편리성을 모두 만족시키는 제품에 기꺼이 지갑을 엽니다.
325,한도윤,여자,50대,판매 종사자,대학교 졸업(전문대졸/대학원생 포함),서울특별시,1세대가족,기혼,맞벌이 함,500-600만원 미만,0,0.257462687,0.730552424,0.217011996,0.823702253,0.134527687,0.490454703,0.443478261,실속형 미식가,편리성을 중시하면서도 새로운 맛과 제품을 시도하는 데 적극적인 소비자 그룹입니다. 가격에 민감하기보다는 효율성과 맛을 동시에 추구합니다.
326,최예준,여자,50대,전문가 및 관련 종사자,대학원 졸업 이상,강원도,1세대가족,기혼,맞벌이 함,"1,000만원 이상",1,0.201492537,0.451334085,0.915485278,0.843290891,0.499348534,0.331829226,0.305652174,건강 추구형 소비자,가격이나 브랜드에 크게 구애받지 않고 건강을 최우선으로 고려하는 프리미엄 소비자 그룹입니다. 건강과 편리성을 모두 만족시키는 제품에 기꺼이 지갑을 엽니다.
327,정서준,여자,50대,서비스 종사자,고졸(대학 재학 포함),대전광역시,2세대가족,기혼,맞벌이 함,400-500만원 미만,3,0.534328358,0.651634724,0.365594329,0.86287953,0.423127036,0.476570635,0.517391304,트렌드 주도형 소비자,"자신의 취향과 경험을 중시하는 소비자 그룹입니다. 단순히 배를 채우는 것 이상의 가치를 추구하며, 새로운 제품을 가장 먼저 경험하고 공유하려는 경향이 강합니다"
328,김지민,여자,60대 이상,전문가 및 관련 종사자,대학교 졸업(전문대졸/대학원생 포함),대전광역시,1세대가족,기혼,맞벌이 함,400-500만원 미만,0,0.344776119,0.680571214,0.414122137,0.86287953,0.27752443,0.435612635,0.47826087,실속형 미식가,편리성을 중시하면서도 새로운 맛과 제품을 시도하는 데 적극적인 소비자 그룹입니다. 가격에 민감하기보다는 효율성과 맛을 동시에 추구합니다.
329,이도윤,여자,60대 이상,주부,대학교 졸업(전문대졸/대학원생 포함),대전광역시,2세대가족,기혼,맞벌이 하지 않음,700-800만원 미만,1,0.498507463,0.503945885,0.687295529,0.804113614,0.473615635,0.303019785,0.469565217,건강 추구형 소비자,가격이나 브랜드에 크게 구애받지 않고 건강을 최우선으로 고려하는 프리미엄 소비자 그룹입니다. 건강과 편리성을 모두 만족시키는 제품에 기꺼이 지갑을 엽니다.
330,이민서,여자,60대 이상,사무 종사자,대학교 졸업(전문대졸/대학원생 포함),대전광역시,2세대가족,기혼,맞벌이 함,500-600만원 미만,3,0.461940299,0.659150695,0.422846238,0.86287953,0.335179153,0.422075668,0.6,트렌드 주도형 소비자,"자신의 취향과 경험을 중시하는 소비자 그룹입니다. 단순히 배를 채우는 것 이상의 가치를 추구하며, 새로운 제품을 가장 먼저 경험하고 공유하려는 경향이 강합니다"
331,윤예준,여자,40대,주부,대학교 졸업(전문대졸/대학원생 포함),대전광역시,2세대가족,기혼,맞벌이 하지 않음,400-500만원 미만,1,0.493283582,0.503194288,0.670119956,0.877571009,0.62019544,0.387365498,0.447826087,건강 추구형 소비자,가격이나 브랜드에 크게 구애받지 않고 건강을 최우선으로 고려하는 프리미엄 소비자 그룹입니다. 건강과 편리성을 모두 만족시키는 제품에 기꺼이 지갑을 엽니다.
332,임준서,남자,30대,군인,대학교 졸업(전문대졸/대학원생 포함),충청남도,1세대가족,기혼,맞벌이 함,500-600만원 미만,0,0.119402985,0.815107103,0.057251908,0.85798237,0.019543974,0.535577924,0.352173913,실속형 미식가,편리성을 중시하면서도 새로운 맛과 제품을 시도하는 데 적극적인 소비자 그룹입니다. 가격에 민감하기보다는 효율성과 맛을 동시에 추구합니다.
333,임하준,여자,60대 이상,서비스 종사자,대학교 졸업(전문대졸/대학원생 포함),대전광역시,1세대가족,기혼,맞벌이 함,600-700만원 미만,1,0.594029851,0.385569335,0.655125409,0.740450539,0.661889251,0.262061784,0.460869565,건강 추구형 소비자,가격이나 브랜드에 크게 구애받지 않고 건강을 최우선으로 고려하는 프리미엄 소비자 그룹입니다. 건강과 편리성을 모두 만족시키는 제품에 기꺼이 지갑을 엽니다.
334,조지민,여자,50대,사무 종사자,대학교 졸업(전문대졸/대학원생 포함),대전광역시,2세대가족,기혼,맞벌이 함,700-800만원 미만,3,0.791044776,0.601653514,0.469193021,0.882468168,0.672964169,0.495314127,0.408695652,트렌드 주도형 소비자,"자신의 취향과 경험을 중시하는 소비자 그룹입니다. 단순히 배를 채우는 것 이상의 가치를 추구하며, 새로운 제품을 가장 먼저 경험하고 공유하려는 경향이 강합니다"
335,정지호,여자,60대 이상,서비스 종사자,대학교 졸업(전문대졸/대학원생 포함),울산광역시,1세대가족,기혼,맞벌이 함,400-500만원 미만,3,0.43880597,0.586621571,0.421483097,1,0.325081433,0.236029157,0.596956522,트렌드 주도형 소비자,"자신의 취향과 경험을 중시하는 소비자 그룹입니다. 단순히 배를 채우는 것 이상의 가치를 추구하며, 새로운 제품을 가장 먼저 경험하고 공유하려는 경향이 강합니다"
336,임도윤,여자,30대,전문가 및 관련 종사자,대학교 졸업(전문대졸/대학원생 포함),대전광역시,1인 가구,미혼(사별/이혼 포함),맞벌이 하지 않음,300-400만원 미만,3,0.679104478,0.691845171,0.392857143,0.882468168,0.389576547,0.331135023,0.401304348,트렌드 주도형 소비자,"자신의 취향과 경험을 중시하는 소비자 그룹입니다. 단순히 배를 채우는 것 이상의 가치를 추구하며, 새로운 제품을 가장 먼저 경험하고 공유하려는 경향이 강합니다"
337,박예준,여자,50대,판매 종사자,대학교 졸업(전문대졸/대학원생 포함),울산광역시,1세대가족,기혼,맞벌이 함,600-700만원 미만,3,0.539552239,0.616685457,0.432933479,0.902056807,0.369055375,0.241235682,0.473913043,트렌드 주도형 소비자,"자신의 취향과 경험을 중시하는 소비자 그룹입니다. 단순히 배를 채우는 것 이상의 가치를 추구하며, 새로운 제품을 가장 먼저 경험하고 공유하려는 경향이 강합니다"
338,한서연,남자,60대 이상,사무 종사자,고졸(대학 재학 포함),광주광역시,2세대가족,기혼,맞벌이 함,700-800만원 미만,3,0.644029851,0.473881999,0.180752454,0.72575906,0.47980456,0.291218327,0.408695652,트렌드 주도형 소비자,"자신의 취향과 경험을 중시하는 소비자 그룹입니다. 단순히 배를 채우는 것 이상의 가치를 추구하며, 새로운 제품을 가장 먼저 경험하고 공유하려는 경향이 강합니다"
339,임지우,여자,60대 이상,서비스 종사자,고졸(대학 재학 포함),울산광역시,1세대가족,기혼,맞벌이 함,500-600만원 미만,3,0.559701493,0.541525742,0.437295529,0.882468168,0.384364821,0.260326276,0.605652174,트렌드 주도형 소비자,"자신의 취향과 경험을 중시하는 소비자 그룹입니다. 단순히 배를 채우는 것 이상의 가치를 추구하며, 새로운 제품을 가장 먼저 경험하고 공유하려는 경향이 강합니다"
340,이지원,여자,50대,사무 종사자,대학교 졸업(전문대졸/대학원생 포함),대구광역시,2세대가족,기혼,맞벌이 함,600-700만원 미만,1,0.601492537,0.383690342,0.69002181,0.843290891,0.8,0.192641444,0.160869565,건강 추구형 소비자,가격이나 브랜드에 크게 구애받지 않고 건강을 최우선으로 고려하는 프리미엄 소비자 그룹입니다. 건강과 편리성을 모두 만족시키는 제품에 기꺼이 지갑을 엽니다.
341,한서윤,남자,50대,장치·기계 조작 및 조립 종사자,고졸(대학 재학 포함),전라남도,2세대가족,미혼(사별/이혼 포함),맞벌이 하지 않음,300-400만원 미만,3,0.559701493,0.361142428,0.238004362,0.764936337,0.439739414,0.281499479,0.42173913,트렌드 주도형 소비자,"자신의 취향과 경험을 중시하는 소비자 그룹입니다. 단순히 배를 채우는 것 이상의 가치를 추구하며, 새로운 제품을 가장 먼저 경험하고 공유하려는 경향이 강합니다"
342,박하준,여자,50대,판매 종사자,대학교 졸업(전문대졸/대학원생 포함),충청남도,2세대가족,기혼,맞벌이 함,500-600만원 미만,1,0.544776119,0.279218339,0.431025082,0.63956905,0.636156352,0.159666782,0.273913043,건강 추구형 소비자,가격이나 브랜드에 크게 구애받지 않고 건강을 최우선으로 고려하는 프리미엄 소비자 그룹입니다. 건강과 편리성을 모두 만족시키는 제품에 기꺼이 지갑을 엽니다.
343,정수아,여자,50대,판매 종사자,고졸(대학 재학 포함),충청남도,1세대가족,기혼,맞벌이 함,400-500만원 미만,0,0.194029851,0.363021421,0.156215921,0.619980411,0.218241042,0.13884068,0.614347826,실속형 미식가,편리성을 중시하면서도 새로운 맛과 제품을 시도하는 데 적극적인 소비자 그룹입니다. 가격에 민감하기보다는 효율성과 맛을 동시에 추구합니다.
344,조시우,여자,40대,주부,대학교 졸업(전문대졸/대학원생 포함),울산광역시,2세대가족,기혼,맞벌이 하지 않음,600-700만원 미만,3,0.839552239,0.567831642,0.271537623,0.86287953,0.613680782,0.240541479,0.582608696,트렌드 주도형 소비자,"자신의 취향과 경험을 중시하는 소비자 그룹입니다. 단순히 배를 채우는 것 이상의 가치를 추구하며, 새로운 제품을 가장 먼저 경험하고 공유하려는 경향이 강합니다"
345,김예은,여자,60대 이상,서비스 종사자,고졸(대학 재학 포함),전라남도,1세대가족,기혼,맞벌이 함,300-400만원 미만,3,0.576865672,0.462608042,0.187568157,0.764936337,0.38534202,0.211732037,0.456521739,트렌드 주도형 소비자,"자신의 취향과 경험을 중시하는 소비자 그룹입니다. 단순히 배를 채우는 것 이상의 가치를 추구하며, 새로운 제품을 가장 먼저 경험하고 공유하려는 경향이 강합니다"
346,강민서,여자,50대,서비스 종사자,고졸(대학 재학 포함),경기도,2세대가족,기혼,맞벌이 함,600-700만원 미만,3,0.600746269,0.515219842,0.41521265,0.921645446,0.585016287,0.348143006,0.608695652,트렌드 주도형 소비자,"자신의 취향과 경험을 중시하는 소비자 그룹입니다. 단순히 배를 채우는 것 이상의 가치를 추구하며, 새로운 제품을 가장 먼저 경험하고 공유하려는 경향이 강합니다"
347,최채원,여자,50대,서비스 종사자,대학교 졸업(전문대졸/대학원생 포함),울산광역시,1세대가족,기혼,맞벌이 함,600-700만원 미만,3,0.608208955,0.549041714,0.40785169,0.902056807,0.356677524,0.242971191,0.573913043,트렌드 주도형 소비자,"자신의 취향과 경험을 중시하는 소비자 그룹입니다. 단순히 배를 채우는 것 이상의 가치를 추구하며, 새로운 제품을 가장 먼저 경험하고 공유하려는 경향이 강합니다"
348,임서윤,여자,50대,판매 종사자,고졸(대학 재학 포함),경기도,1인 가구,미혼(사별/이혼 포함),맞벌이 하지 않음,200-300만원 미만,3,0.61119403,0.704246524,0.426117775,0.960822723,0.604234528,0.396737244,0.460869565,트렌드 주도형 소비자,"자신의 취향과 경험을 중시하는 소비자 그룹입니다. 단순히 배를 채우는 것 이상의 가치를 추구하며, 새로운 제품을 가장 먼저 경험하고 공유하려는 경향이 강합니다"
349,한서연,여자,40대,주부,대학교 졸업(전문대졸/대학원생 포함),대구광역시,2세대가족,기혼,맞벌이 하지 않음,400-500만원 미만,1,0.547761194,0.402480271,0.535169029,0.784524976,0.553745928,0.513016314,0.369565217,건강 추구형 소비자,가격이나 브랜드에 크게 구애받지 않고 건강을 최우선으로 고려하는 프리미엄 소비자 그룹입니다. 건강과 편리성을 모두 만족시키는 제품에 기꺼이 지갑을 엽니다.
350,조민준,여자,40대,서비스 종사자,고졸(대학 재학 포함),경기도,2세대가족,기혼,맞벌이 함,500-600만원 미만,3,0.585820896,0.531379181,0.47519084,0.882468168,0.661237785,0.362027074,0.583913043,트렌드 주도형 소비자,"자신의 취향과 경험을 중시하는 소비자 그룹입니다. 단순히 배를 채우는 것 이상의 가치를 추구하며, 새로운 제품을 가장 먼저 경험하고 공유하려는 경향이 강합니다"
351,김수아,여자,40대,주부,대학교 졸업(전문대졸/대학원생 포함),대구광역시,2세대가족,기혼,맞벌이 하지 않음,500-600만원 미만,1,0.540298507,0.482525366,0.468920393,0.86287953,0.573289902,0.352655328,0.273913043,건강 추구형 소비자,가격이나 브랜드에 크게 구애받지 않고 건강을 최우선으로 고려하는 프리미엄 소비자 그룹입니다. 건강과 편리성을 모두 만족시키는 제품에 기꺼이 지갑을 엽니다.
352,강하은,여자,60대 이상,서비스 종사자,고졸(대학 재학 포함),경기도,1세대가족,기혼,맞벌이 함,400-500만원 미만,3,0.698507463,0.505073281,0.450654308,0.921645446,0.60781759,0.408885804,0.591304348,트렌드 주도형 소비자,"자신의 취향과 경험을 중시하는 소비자 그룹입니다. 단순히 배를 채우는 것 이상의 가치를 추구하며, 새로운 제품을 가장 먼저 경험하고 공유하려는 경향이 강합니다"
353,이수아,여자,30대,주부,대학교 졸업(전문대졸/대학원생 포함),경기도,2세대가족,기혼,맞벌이 하지 않음,200-300만원 미만,1,0.394029851,0.408117249,0.576881134,0.799216454,0.634527687,0.439430753,0.1,건강 추구형 소비자,가격이나 브랜드에 크게 구애받지 않고 건강을 최우선으로 고려하는 프리미엄 소비자 그룹입니다. 건강과 편리성을 모두 만족시키는 제품에 기꺼이 지갑을 엽니다.
354,임수아,여자,50대,사무 종사자,대학교 졸업(전문대졸/대학원생 포함),울산광역시,2세대가족,기혼,맞벌이 함,600-700만원 미만,3,0.539552239,0.513340849,0.470556161,0.877571009,0.41237785,0.218674072,0.569565217,트렌드 주도형 소비자,"자신의 취향과 경험을 중시하는 소비자 그룹입니다. 단순히 배를 채우는 것 이상의 가치를 추구하며, 새로운 제품을 가장 먼저 경험하고 공유하려는 경향이 강합니다"
355,임민서,여자,30대,주부,대학교 졸업(전문대졸/대학원생 포함),경기도,2세대가족,기혼,맞벌이 하지 않음,400-500만원 미만,3,0.696268657,0.595264938,0.500545256,0.921645446,0.572638436,0.400902464,0.586956522,트렌드 주도형 소비자,"자신의 취향과 경험을 중시하는 소비자 그룹입니다. 단순히 배를 채우는 것 이상의 가치를 추구하며, 새로운 제품을 가장 먼저 경험하고 공유하려는 경향이 강합니다"
356,강준서,여자,60대 이상,서비스 종사자,고졸(대학 재학 포함),울산광역시,1세대가족,기혼,맞벌이 함,500-600만원 미만,3,0.574626866,0.549041714,0.42693566,0.882468168,0.356677524,0.211732037,0.569565217,트렌드 주도형 소비자,"자신의 취향과 경험을 중시하는 소비자 그룹입니다. 단순히 배를 채우는 것 이상의 가치를 추구하며, 새로운 제품을 가장 먼저 경험하고 공유하려는 경향이 강합니다"
357,조하준,남자,60대 이상,기능원 및 관련 기능 종사자,고졸(대학 재학 포함),충청남도,1세대가족,기혼,맞벌이 함,500-600만원 미만,1,0.179104478,0.263059,0.40348964,0.5582762,0.326710098,0.17355085,0.165217391,건강 추구형 소비자,가격이나 브랜드에 크게 구애받지 않고 건강을 최우선으로 고려하는 프리미엄 소비자 그룹입니다. 건강과 편리성을 모두 만족시키는 제품에 기꺼이 지갑을 엽니다.
358,강서윤,여자,30대,사무 종사자,대학교 졸업(전문대졸/대학원생 포함),경기도,1인 가구,미혼(사별/이혼 포함),맞벌이 하지 않음,200-300만원 미만,3,0.62761194,0.597895528,0.449563795,0.902056807,0.525732899,0.412356821,0.586956522,트렌드 주도형 소비자,"자신의 취향과 경험을 중시하는 소비자 그룹입니다. 단순히 배를 채우는 것 이상의 가치를 추구하며, 새로운 제품을 가장 먼저 경험하고 공유하려는 경향이 강합니다"
359,한도윤,남자,40대,기능원 및 관련 기능 종사자,대학교 졸업(전문대졸/대학원생 포함),대구광역시,2세대가족,기혼,맞벌이 함,500-600만원 미만,0,0.494029851,0.331078542,0.188931298,0.686581783,0.34267101,0.204790003,0.649130435,실속형 미식가,편리성을 중시하면서도 새로운 맛과 제품을 시도하는 데 적극적인 소비자 그룹입니다. 가격에 민감하기보다는 효율성과 맛을 동시에 추구합니다.
360,정지호,여자,50대,판매 종사자,대학교 졸업(전문대졸/대학원생 포함),충청남도,2세대가족,기혼,맞벌이 함,600-700만원 미만,1,0.291044776,0.298008268,0.335332606,0.600391773,0.496091205,0.180492884,0.265217391,건강 추구형 소비자,가격이나 브랜드에 크게 구애받지 않고 건강을 최우선으로 고려하는 프리미엄 소비자 그룹입니다. 건강과 편리성을 모두 만족시키는 제품에 기꺼이 지갑을 엽니다.
361,박채원,여자,40대,사무 종사자,대학교 졸업(전문대졸/대학원생 포함),대구광역시,2세대가족,기혼,맞벌이 함,800-900만원 미만,3,0.678358209,0.425028185,0.418484188,0.86287953,0.592508143,0.483165568,0.330434783,트렌드 주도형 소비자,"자신의 취향과 경험을 중시하는 소비자 그룹입니다. 단순히 배를 채우는 것 이상의 가치를 추구하며, 새로운 제품을 가장 먼저 경험하고 공유하려는 경향이 강합니다"
362,강채원,여자,60대 이상,서비스 종사자,고졸(대학 재학 포함),대구광역시,1인 가구,미혼(사별/이혼 포함),맞벌이 하지 않음,200-300만원 미만,0,0.460447761,0.537767756,0.101690294,0.784524976,0.181433225,0.219715377,0.692608696,실속형 미식가,편리성을 중시하면서도 새로운 맛과 제품을 시도하는 데 적극적인 소비자 그룹입니다. 가격에 민감하기보다는 효율성과 맛을 동시에 추구합니다.
363,최예은,여자,60대 이상,서비스 종사자,대학교 졸업(전문대졸/대학원생 포함),충청남도,2세대가족,기혼,맞벌이 함,600-700만원 미만,1,0.194029851,0.282976325,0.472464558,0.561214496,0.443973941,0.135369663,0.383913043,건강 추구형 소비자,가격이나 브랜드에 크게 구애받지 않고 건강을 최우선으로 고려하는 프리미엄 소비자 그룹입니다. 건강과 편리성을 모두 만족시키는 제품에 기꺼이 지갑을 엽니다.
364,박민서,여자,60대 이상,주부,고졸(대학 재학 포함),대구광역시,1세대가족,기혼,맞벌이 하지 않음,200-300만원 미만,1,0.304477612,0.361142428,0.586968375,0.764936337,0.494462541,0.388753905,0.22173913,건강 추구형 소비자,가격이나 브랜드에 크게 구애받지 않고 건강을 최우선으로 고려하는 프리미엄 소비자 그룹입니다. 건강과 편리성을 모두 만족시키는 제품에 기꺼이 지갑을 엽니다.
365,박채원,여자,60대 이상,기능원 및 관련 기능 종사자,고졸(대학 재학 포함),충청남도,2세대가족,기혼,맞벌이 함,500-600만원 미만,0,0.179104478,0.31304021,0.327971647,0.619980411,0.439739414,0.128427629,0.31,실속형 미식가,편리성을 중시하면서도 새로운 맛과 제품을 시도하는 데 적극적인 소비자 그룹입니다. 가격에 민감하기보다는 효율성과 맛을 동시에 추구합니다.
366,윤지민,여자,50대,서비스 종사자,대학교 졸업(전문대졸/대학원생 포함),충청남도,2세대가족,기혼,맞벌이 함,600-700만원 미만,1,0.514925373,0.296880872,0.348964013,0.617042116,0.521172638,0.076362374,0.243478261,건강 추구형 소비자,가격이나 브랜드에 크게 구애받지 않고 건강을 최우선으로 고려하는 프리미엄 소비자 그룹입니다. 건강과 편리성을 모두 만족시키는 제품에 기꺼이 지갑을 엽니다.
367,정도윤,여자,60대 이상,주부,고졸(대학 재학 포함),세종특별자치시,1세대가족,기혼,맞벌이 하지 않음,300-400만원 미만,3,0.685074627,0.740698985,0.27480916,0.784524976,0.331596091,0.510933704,0.469565217,트렌드 주도형 소비자,"자신의 취향과 경험을 중시하는 소비자 그룹입니다. 단순히 배를 채우는 것 이상의 가치를 추구하며, 새로운 제품을 가장 먼저 경험하고 공유하려는 경향이 강합니다"
368,정지우,여자,60대 이상,주부,중졸 이하,경기도,1세대가족,기혼,맞벌이 하지 않음,400-500만원 미만,1,0.22761194,0.33671552,0.873773173,0.678746327,0.496742671,0.222145089,0.095652174,건강 추구형 소비자,가격이나 브랜드에 크게 구애받지 않고 건강을 최우선으로 고려하는 프리미엄 소비자 그룹입니다. 건강과 편리성을 모두 만족시키는 제품에 기꺼이 지갑을 엽니다.
369,한시우,여자,60대 이상,주부,중졸 이하,대구광역시,1인 가구,미혼(사별/이혼 포함),맞벌이 하지 않음,200-300만원 미만,1,0.694029851,0.334836528,0.583696838,0.764936337,0.700325733,0.307185005,0.083913043,건강 추구형 소비자,가격이나 브랜드에 크게 구애받지 않고 건강을 최우선으로 고려하는 프리미엄 소비자 그룹입니다. 건강과 편리성을 모두 만족시키는 제품에 기꺼이 지갑을 엽니다.
370,최서준,여자,40대,서비스 종사자,고졸(대학 재학 포함),경기도,2세대가족,기혼,맞벌이 함,800-900만원 미만,1,0.156716418,0.374295378,0.948745911,0.818805093,0.582410423,0.185005207,0.139130435,건강 추구형 소비자,가격이나 브랜드에 크게 구애받지 않고 건강을 최우선으로 고려하는 프리미엄 소비자 그룹입니다. 건강과 편리성을 모두 만족시키는 제품에 기꺼이 지갑을 엽니다.
371,윤하준,여자,60대 이상,주부,고졸(대학 재학 포함),대전광역시,2세대가족,기혼,맞벌이 하지 않음,500-600만원 미만,3,0.369402985,0.417512213,0.4282988,0.823702253,0.461889251,0.315515446,0.660869565,트렌드 주도형 소비자,"자신의 취향과 경험을 중시하는 소비자 그룹입니다. 단순히 배를 채우는 것 이상의 가치를 추구하며, 새로운 제품을 가장 먼저 경험하고 공유하려는 경향이 강합니다"
372,윤민준,여자,50대,판매 종사자,대학교 졸업(전문대졸/대학원생 포함),대전광역시,2세대가족,기혼,맞벌이 함,500-600만원 미만,0,0.295522388,0.560315671,0.328516903,0.843290891,0.253094463,0.237070462,0.739130435,실속형 미식가,편리성을 중시하면서도 새로운 맛과 제품을 시도하는 데 적극적인 소비자 그룹입니다. 가격에 민감하기보다는 효율성과 맛을 동시에 추구합니다.
373,한예준,여자,30대,사무 종사자,대학교 졸업(전문대졸/대학원생 포함),대전광역시,2세대가족,기혼,맞벌이 함,600-700만원 미만,3,0.409701493,0.409996242,0.496455834,0.843290891,0.493485342,0.306490802,0.556521739,트렌드 주도형 소비자,"자신의 취향과 경험을 중시하는 소비자 그룹입니다. 단순히 배를 채우는 것 이상의 가치를 추구하며, 새로운 제품을 가장 먼저 경험하고 공유하려는 경향이 강합니다"
374,정지민,남자,50대,서비스 종사자,고졸(대학 재학 포함),경상북도,1인 가구,미혼(사별/이혼 포함),맞벌이 하지 않음,300-400만원 미만,0,0.156716418,0.518977828,0.383860414,0.843290891,0.272312704,0.468587296,0.473913043,실속형 미식가,편리성을 중시하면서도 새로운 맛과 제품을 시도하는 데 적극적인 소비자 그룹입니다. 가격에 민감하기보다는 효율성과 맛을 동시에 추구합니다.
375,정채원,여자,30대,사무 종사자,대학교 졸업(전문대졸/대학원생 포함),대전광역시,1세대가족,기혼,맞벌이 함,500-600만원 미만,0,0.347761194,0.631717399,0.357415485,0.823702253,0.24723127,0.292606734,0.604347826,실속형 미식가,편리성을 중시하면서도 새로운 맛과 제품을 시도하는 데 적극적인 소비자 그룹입니다. 가격에 민감하기보다는 효율성과 맛을 동시에 추구합니다.
376,조시우,여자,20대,사무 종사자,대학교 졸업(전문대졸/대학원생 포함),경상북도,1인 가구,미혼(사별/이혼 포함),맞벌이 하지 않음,200-300만원 미만,0,0.214925373,0.342352499,0.294438386,0.764936337,0.1752443,0.373134328,0.27826087,실속형 미식가,편리성을 중시하면서도 새로운 맛과 제품을 시도하는 데 적극적인 소비자 그룹입니다. 가격에 민감하기보다는 효율성과 맛을 동시에 추구합니다.
377,한준서,여자,50대,서비스 종사자,대학교 졸업(전문대졸/대학원생 포함),경상북도,2세대가족,기혼,맞벌이 함,300-400만원 미만,0,0.220149254,0.632844795,0.347873501,0.784524976,0.163843648,0.279069767,0.613043478,실속형 미식가,편리성을 중시하면서도 새로운 맛과 제품을 시도하는 데 적극적인 소비자 그룹입니다. 가격에 민감하기보다는 효율성과 맛을 동시에 추구합니다.
378,조예준,여자,60대 이상,서비스 종사자,고졸(대학 재학 포함),대전광역시,2세대가족,기혼,맞벌이 함,400-500만원 미만,0,0.43880597,0.464487035,0.329334787,0.760039177,0.316938111,0.180492884,0.695652174,실속형 미식가,편리성을 중시하면서도 새로운 맛과 제품을 시도하는 데 적극적인 소비자 그룹입니다. 가격에 민감하기보다는 효율성과 맛을 동시에 추구합니다.
379,최주원,여자,50대,사무 종사자,대학교 졸업(전문대졸/대학원생 포함),대전광역시,1세대가족,기혼,맞벌이 함,400-500만원 미만,0,0.315671642,0.642991357,0.342693566,0.784524976,0.251791531,0.360291565,0.526086957,실속형 미식가,편리성을 중시하면서도 새로운 맛과 제품을 시도하는 데 적극적인 소비자 그룹입니다. 가격에 민감하기보다는 효율성과 맛을 동시에 추구합니다.
380,강민준,남자,60대 이상,무직,대학교 졸업(전문대졸/대학원생 포함),대전광역시,1세대가족,기혼,맞벌이 하지 않음,200-300만원 미만,0,0.429850746,0.605411499,0.311068702,0.823702253,0.406188925,0.4286706,0.482608696,실속형 미식가,편리성을 중시하면서도 새로운 맛과 제품을 시도하는 데 적극적인 소비자 그룹입니다. 가격에 민감하기보다는 효율성과 맛을 동시에 추구합니다.
381,이수아,여자,20대,사무 종사자,대학교 졸업(전문대졸/대학원생 포함),경상북도,1인 가구,미혼(사별/이혼 포함),맞벌이 하지 않음,300-400만원 미만,0,0.371641791,0.440060128,0.351690294,0.843290891,0.325081433,0.350572718,0.195652174,실속형 미식가,편리성을 중시하면서도 새로운 맛과 제품을 시도하는 데 적극적인 소비자 그룹입니다. 가격에 민감하기보다는 효율성과 맛을 동시에 추구합니다.
382,최서준,여자,20대,서비스 종사자,대학교 졸업(전문대졸/대학원생 포함),충청남도,1인 가구,미혼(사별/이혼 포함),맞벌이 하지 않음,200-300만원 미만,1,0.597014925,0.302893649,0.525081788,0.681684623,0.64267101,0.111072544,0.047826087,건강 추구형 소비자,가격이나 브랜드에 크게 구애받지 않고 건강을 최우선으로 고려하는 프리미엄 소비자 그룹입니다. 건강과 편리성을 모두 만족시키는 제품에 기꺼이 지갑을 엽니다.
383,김지원,여자,40대,서비스 종사자,고졸(대학 재학 포함),경기도,2세대가족,기혼,맞벌이 함,"1,000만원 이상",1,0.190298507,0.389327321,0.852235551,0.818805093,0.509771987,0.185005207,0.169565217,건강 추구형 소비자,가격이나 브랜드에 크게 구애받지 않고 건강을 최우선으로 고려하는 프리미엄 소비자 그룹입니다. 건강과 편리성을 모두 만족시키는 제품에 기꺼이 지갑을 엽니다.
384,박주원,여자,60대 이상,서비스 종사자,고졸(대학 재학 포함),경기도,2세대가족,기혼,맞벌이 함,800-900만원 미만,1,0.194029851,0.359263435,0.862050164,0.779627816,0.523778502,0.177021867,0.162173913,건강 추구형 소비자,가격이나 브랜드에 크게 구애받지 않고 건강을 최우선으로 고려하는 프리미엄 소비자 그룹입니다. 건강과 편리성을 모두 만족시키는 제품에 기꺼이 지갑을 엽니다.
385,임서준,여자,20대,판매 종사자,대학교 졸업(전문대졸/대학원생 포함),경상북도,1인 가구,미혼(사별/이혼 포함),맞벌이 하지 않음,400-500만원 미만,1,0.423134328,0.364900413,0.371592148,0.86287953,0.448534202,0.265532801,0.217391304,건강 추구형 소비자,가격이나 브랜드에 크게 구애받지 않고 건강을 최우선으로 고려하는 프리미엄 소비자 그룹입니다. 건강과 편리성을 모두 만족시키는 제품에 기꺼이 지갑을 엽니다.
386,최서준,여자,50대,서비스 종사자,고졸(대학 재학 포함),부산광역시,2세대가족,기혼,맞벌이 함,500-600만원 미만,1,0.287313433,0.537767756,0.608505998,0.823702253,0.419543974,0.237070462,0.382608696,건강 추구형 소비자,가격이나 브랜드에 크게 구애받지 않고 건강을 최우선으로 고려하는 프리미엄 소비자 그룹입니다. 건강과 편리성을 모두 만족시키는 제품에 기꺼이 지갑을 엽니다.
387,김서연,남자,30대,판매 종사자,대학교 졸업(전문대졸/대학원생 포함),경상북도,1인 가구,미혼(사별/이혼 포함),맞벌이 하지 않음,200-300만원 미만,1,0.370895522,0.372416385,0.471646674,0.843290891,0.3247557,0.392224922,0.013043478,건강 추구형 소비자,가격이나 브랜드에 크게 구애받지 않고 건강을 최우선으로 고려하는 프리미엄 소비자 그룹입니다. 건강과 편리성을 모두 만족시키는 제품에 기꺼이 지갑을 엽니다.
388,한하은,여자,60대 이상,주부,고졸(대학 재학 포함),서울특별시,1세대가족,기혼,맞벌이 하지 않음,300-400만원 미만,1,0.171641791,0.314919203,0.626499455,0.683643487,0.61237785,0.263103089,0.191304348,건강 추구형 소비자,가격이나 브랜드에 크게 구애받지 않고 건강을 최우선으로 고려하는 프리미엄 소비자 그룹입니다. 건강과 편리성을 모두 만족시키는 제품에 기꺼이 지갑을 엽니다.
389,임하은,여자,30대,사무 종사자,대학교 졸업(전문대졸/대학원생 포함),경기도,1세대가족,기혼,맞벌이 함,700-800만원 미만,1,0.203731343,0.440060128,0.898037077,0.882468168,0.53029316,0.199583478,0.139130435,건강 추구형 소비자,가격이나 브랜드에 크게 구애받지 않고 건강을 최우선으로 고려하는 프리미엄 소비자 그룹입니다. 건강과 편리성을 모두 만족시키는 제품에 기꺼이 지갑을 엽니다.
390,박지우,남자,60대 이상,농림어업 숙련 종사자,고졸(대학 재학 포함),전라남도,1세대가족,기혼,맞벌이 함,300-400만원 미만,0,0.27761194,0.506576475,0.115321701,0.703232125,0.183061889,0.341200972,0.486956522,실속형 미식가,편리성을 중시하면서도 새로운 맛과 제품을 시도하는 데 적극적인 소비자 그룹입니다. 가격에 민감하기보다는 효율성과 맛을 동시에 추구합니다.
391,임서연,여자,20대,기능원 및 관련 기능 종사자,대학교 졸업(전문대졸/대학원생 포함),경상북도,1인 가구,미혼(사별/이혼 포함),맞벌이 하지 않음,200-300만원 미만,0,0.419402985,0.635475385,0.073609597,0.843290891,0.235179153,0.372440125,0.334782609,실속형 미식가,편리성을 중시하면서도 새로운 맛과 제품을 시도하는 데 적극적인 소비자 그룹입니다. 가격에 민감하기보다는 효율성과 맛을 동시에 추구합니다.
392,박주원,여자,50대,판매 종사자,고졸(대학 재학 포함),경상남도,2세대가족,기혼,맞벌이 함,600-700만원 미만,1,0.403731343,0.443818113,0.50736096,0.804113614,0.536156352,0.197847969,0.434782609,건강 추구형 소비자,가격이나 브랜드에 크게 구애받지 않고 건강을 최우선으로 고려하는 프리미엄 소비자 그룹입니다. 건강과 편리성을 모두 만족시키는 제품에 기꺼이 지갑을 엽니다.
393,임서연,여자,50대,서비스 종사자,고졸(대학 재학 포함),충청남도,2세대가족,기혼,맞벌이 함,600-700만원 미만,1,0.529850746,0.321683578,0.580697928,0.681684623,0.475570033,0.121485595,0.069565217,건강 추구형 소비자,가격이나 브랜드에 크게 구애받지 않고 건강을 최우선으로 고려하는 프리미엄 소비자 그룹입니다. 건강과 편리성을 모두 만족시키는 제품에 기꺼이 지갑을 엽니다.
394,임수아,여자,50대,농림어업 숙련 종사자,고졸(대학 재학 포함),충청남도,1인 가구,미혼(사별/이혼 포함),맞벌이 하지 않음,200-300만원 미만,1,0.126865672,0.248027057,0.417121047,0.538687561,0.439739414,0.10413051,0.195652174,건강 추구형 소비자,가격이나 브랜드에 크게 구애받지 않고 건강을 최우선으로 고려하는 프리미엄 소비자 그룹입니다. 건강과 편리성을 모두 만족시키는 제품에 기꺼이 지갑을 엽니다.
395,김지원,남자,30대,사무 종사자,대학교 졸업(전문대졸/대학원생 포함),충청남도,1인 가구,미혼(사별/이혼 포함),맞벌이 하지 않음,200-300만원 미만,3,0.514925373,0.248027057,0.245365322,0.538687561,0.51237785,0.097188476,0.439130435,트렌드 주도형 소비자,"자신의 취향과 경험을 중시하는 소비자 그룹입니다. 단순히 배를 채우는 것 이상의 가치를 추구하며, 새로운 제품을 가장 먼저 경험하고 공유하려는 경향이 강합니다"
396,임민서,여자,30대,사무 종사자,고졸(대학 재학 포함),경상남도,1세대가족,기혼,맞벌이 함,500-600만원 미만,0,0.367164179,0.546411124,0.117230098,0.882468168,0.271009772,0.180492884,0.61,실속형 미식가,편리성을 중시하면서도 새로운 맛과 제품을 시도하는 데 적극적인 소비자 그룹입니다. 가격에 민감하기보다는 효율성과 맛을 동시에 추구합니다.
397,강지민,여자,40대,서비스 종사자,고졸(대학 재학 포함),경기도,2세대가족,기혼,맞벌이 함,"1,000만원 이상",1,0.194029851,0.420518602,0.881952017,0.818805093,0.504885993,0.241235682,0.169565217,건강 추구형 소비자,가격이나 브랜드에 크게 구애받지 않고 건강을 최우선으로 고려하는 프리미엄 소비자 그룹입니다. 건강과 편리성을 모두 만족시키는 제품에 기꺼이 지갑을 엽니다.
398,최주원,남자,30대,사무 종사자,대학교 졸업(전문대졸/대학원생 포함),충청남도,1인 가구,미혼(사별/이혼 포함),맞벌이 하지 않음,200-300만원 미만,1,0.126865672,0.255543029,0.336150491,0.577864838,0.459283388,0.10413051,0.265217391,건강 추구형 소비자,가격이나 브랜드에 크게 구애받지 않고 건강을 최우선으로 고려하는 프리미엄 소비자 그룹입니다. 건강과 편리성을 모두 만족시키는 제품에 기꺼이 지갑을 엽니다.
399,임민준,여자,40대,판매 종사자,대학교 졸업(전문대졸/대학원생 포함),충청남도,1세대가족,기혼,맞벌이 함,500-600만원 미만,3,0.597014925,0.2104472,0.264449291,0.499510284,0.525407166,0.083304408,0.343478261,트렌드 주도형 소비자,"자신의 취향과 경험을 중시하는 소비자 그룹입니다. 단순히 배를 채우는 것 이상의 가치를 추구하며, 새로운 제품을 가장 먼저 경험하고 공유하려는 경향이 강합니다"
400,임준서,여자,60대 이상,서비스 종사자,고졸(대학 재학 포함),경상남도,1인 가구,미혼(사별/이혼 포함),맞벌이 하지 않음,200-300만원 미만,0,0.403731343,0.376174371,0.35387132,0.823702253,0.463843648,0.13884068,0.443478261,실속형 미식가,편리성을 중시하면서도 새로운 맛과 제품을 시도하는 데 적극적인 소비자 그룹입니다. 가격에 민감하기보다는 효율성과 맛을 동시에 추구합니다.
401,임지호,남자,60대 이상,농림어업 숙련 종사자,고졸(대학 재학 포함),충청남도,2세대가족,기혼,맞벌이 함,500-600만원 미만,1,0.442537313,0.298008268,0.423391494,0.63956905,0.649185668,0.131898646,0.147826087,건강 추구형 소비자,가격이나 브랜드에 크게 구애받지 않고 건강을 최우선으로 고려하는 프리미엄 소비자 그룹입니다. 건강과 편리성을 모두 만족시키는 제품에 기꺼이 지갑을 엽니다.
402,최지호,남자,60대 이상,취업 준비 중,고졸(대학 재학 포함),울산광역시,1세대가족,기혼,맞벌이 하지 않음,200-300만원 미만,0,0.297761194,0.393085306,0.333696838,0.760039177,0.380130293,0.152724748,0.456521739,실속형 미식가,편리성을 중시하면서도 새로운 맛과 제품을 시도하는 데 적극적인 소비자 그룹입니다. 가격에 민감하기보다는 효율성과 맛을 동시에 추구합니다.
403,한주원,여자,60대 이상,판매 종사자,고졸(대학 재학 포함),부산광역시,3세대가족,기혼,맞벌이 함,600-700만원 미만,1,0.421641791,0.612927471,0.598418757,0.843290891,0.405537459,0.244012496,0.42173913,건강 추구형 소비자,가격이나 브랜드에 크게 구애받지 않고 건강을 최우선으로 고려하는 프리미엄 소비자 그룹입니다. 건강과 편리성을 모두 만족시키는 제품에 기꺼이 지갑을 엽니다.
404,임건우,남자,60대 이상,무직,고졸(대학 재학 포함),부산광역시,1세대가족,기혼,맞벌이 하지 않음,300-400만원 미만,1,0.37761194,0.503945885,0.645583424,0.823702253,0.417263844,0.253384242,0.408695652,건강 추구형 소비자,가격이나 브랜드에 크게 구애받지 않고 건강을 최우선으로 고려하는 프리미엄 소비자 그룹입니다. 건강과 편리성을 모두 만족시키는 제품에 기꺼이 지갑을 엽니다.
405,최준서,여자,50대,서비스 종사자,고졸(대학 재학 포함),부산광역시,2세대가족,기혼,맞벌이 함,600-700만원 미만,3,0.502238806,0.503945885,0.572519084,0.843290891,0.541042345,0.236029157,0.486956522,트렌드 주도형 소비자,"자신의 취향과 경험을 중시하는 소비자 그룹입니다. 단순히 배를 채우는 것 이상의 가치를 추구하며, 새로운 제품을 가장 먼저 경험하고 공유하려는 경향이 강합니다"
406,한건우,남자,60대 이상,판매 종사자,대학교 졸업(전문대졸/대학원생 포함),경상북도,1인 가구,미혼(사별/이혼 포함),맞벌이 하지 않음,200-300만원 미만,0,0.310447761,0.602780909,0.231733915,0.784524976,0.229967427,0.369663311,0.17826087,실속형 미식가,편리성을 중시하면서도 새로운 맛과 제품을 시도하는 데 적극적인 소비자 그룹입니다. 가격에 민감하기보다는 효율성과 맛을 동시에 추구합니다.
407,김주원,여자,50대,서비스 종사자,고졸(대학 재학 포함),경상남도,2세대가족,기혼,맞벌이 함,500-600만원 미만,0,0.149253731,0.545283728,0.60823337,0.823702253,0.258957655,0.257896564,0.47826087,실속형 미식가,편리성을 중시하면서도 새로운 맛과 제품을 시도하는 데 적극적인 소비자 그룹입니다. 가격에 민감하기보다는 효율성과 맛을 동시에 추구합니다.
408,이서윤,여자,60대 이상,기능원 및 관련 기능 종사자,고졸(대학 재학 포함),경상남도,1세대가족,기혼,맞벌이 함,400-500만원 미만,1,0.243283582,0.537767756,0.550708833,0.823702253,0.387947883,0.257896564,0.447826087,건강 추구형 소비자,가격이나 브랜드에 크게 구애받지 않고 건강을 최우선으로 고려하는 프리미엄 소비자 그룹입니다. 건강과 편리성을 모두 만족시키는 제품에 기꺼이 지갑을 엽니다.
409,윤지우,여자,50대,기능원 및 관련 기능 종사자,고졸(대학 재학 포함),경상북도,1인 가구,미혼(사별/이혼 포함),맞벌이 하지 않음,100-200만원 미만,1,0.291791045,0.319804585,0.40348964,0.764936337,0.247882736,0.247483513,0,건강 추구형 소비자,가격이나 브랜드에 크게 구애받지 않고 건강을 최우선으로 고려하는 프리미엄 소비자 그룹입니다. 건강과 편리성을 모두 만족시키는 제품에 기꺼이 지갑을 엽니다.
410,한도윤,여자,40대,서비스 종사자,대학교 졸업(전문대졸/대학원생 포함),울산광역시,2세대가족,기혼,맞벌이 함,600-700만원 미만,3,0.559701493,0.503945885,0.492366412,0.921645446,0.377850163,0.256161055,0.623043478,트렌드 주도형 소비자,"자신의 취향과 경험을 중시하는 소비자 그룹입니다. 단순히 배를 채우는 것 이상의 가치를 추구하며, 새로운 제품을 가장 먼저 경험하고 공유하려는 경향이 강합니다"
411,최지민,여자,50대,서비스 종사자,고졸(대학 재학 포함),경상남도,2세대가족,기혼,맞벌이 함,500-600만원 미만,1,0.295522388,0.545283728,0.570338059,0.86287953,0.35504886,0.253384242,0.42173913,건강 추구형 소비자,가격이나 브랜드에 크게 구애받지 않고 건강을 최우선으로 고려하는 프리미엄 소비자 그룹입니다. 건강과 편리성을 모두 만족시키는 제품에 기꺼이 지갑을 엽니다.
412,임주원,여자,60대 이상,서비스 종사자,고졸(대학 재학 포함),경상남도,2세대가족,기혼,맞벌이 함,600-700만원 미만,1,0.186567164,0.552799699,0.662758997,0.843290891,0.360912052,0.229087123,0.408695652,건강 추구형 소비자,가격이나 브랜드에 크게 구애받지 않고 건강을 최우선으로 고려하는 프리미엄 소비자 그룹입니다. 건강과 편리성을 모두 만족시키는 제품에 기꺼이 지갑을 엽니다.
413,강하준,남자,30대,사무 종사자,대학교 졸업(전문대졸/대학원생 포함),세종특별자치시,1세대가족,기혼,맞벌이 함,400-500만원 미만,3,0.852985075,0.8684705,0.102235551,0.902056807,0.375570033,0.487330788,0.32173913,트렌드 주도형 소비자,"자신의 취향과 경험을 중시하는 소비자 그룹입니다. 단순히 배를 채우는 것 이상의 가치를 추구하며, 새로운 제품을 가장 먼저 경험하고 공유하려는 경향이 강합니다"
414,임시우,여자,50대,사무 종사자,대학교 졸업(전문대졸/대학원생 포함),세종특별자치시,1인 가구,미혼(사별/이혼 포함),맞벌이 하지 않음,200-300만원 미만,3,0.885074627,0.582863585,0.432933479,0.86287953,0.519869707,0.55918084,0.526086957,트렌드 주도형 소비자,"자신의 취향과 경험을 중시하는 소비자 그룹입니다. 단순히 배를 채우는 것 이상의 가치를 추구하며, 새로운 제품을 가장 먼저 경험하고 공유하려는 경향이 강합니다"
415,김채원,여자,50대,주부,고졸(대학 재학 포함),경기도,1세대가족,기혼,맞벌이 하지 않음,600-700만원 미만,1,0.123134328,0.415633221,0.886859324,0.779627816,0.54723127,0.236029157,0.169565217,건강 추구형 소비자,가격이나 브랜드에 크게 구애받지 않고 건강을 최우선으로 고려하는 프리미엄 소비자 그룹입니다. 건강과 편리성을 모두 만족시키는 제품에 기꺼이 지갑을 엽니다.
416,임하준,여자,30대,주부,고졸(대학 재학 포함),경기도,2세대가족,기혼,맞벌이 하지 않음,400-500만원 미만,1,0.22238806,0.426907178,0.912486369,0.877571009,0.558957655,0.222145089,0.17826087,건강 추구형 소비자,가격이나 브랜드에 크게 구애받지 않고 건강을 최우선으로 고려하는 프리미엄 소비자 그룹입니다. 건강과 편리성을 모두 만족시키는 제품에 기꺼이 지갑을 엽니다.
417,이건우,여자,30대,사무 종사자,대학교 졸업(전문대졸/대학원생 포함),광주광역시,2세대가족,기혼,맞벌이 함,500-600만원 미만,1,0.205223881,0.376174371,0.728189749,0.804113614,0.509120521,0.177021867,0.147826087,건강 추구형 소비자,가격이나 브랜드에 크게 구애받지 않고 건강을 최우선으로 고려하는 프리미엄 소비자 그룹입니다. 건강과 편리성을 모두 만족시키는 제품에 기꺼이 지갑을 엽니다.
418,김민서,여자,60대 이상,서비스 종사자,고졸(대학 재학 포함),광주광역시,1세대가족,기혼,맞벌이 함,400-500만원 미만,1,0.138059701,0.376174371,0.747273719,0.804113614,0.371335505,0.187434918,0.139130435,건강 추구형 소비자,가격이나 브랜드에 크게 구애받지 않고 건강을 최우선으로 고려하는 프리미엄 소비자 그룹입니다. 건강과 편리성을 모두 만족시키는 제품에 기꺼이 지갑을 엽니다.
419,강민서,여자,20대,사무 종사자,대학교 졸업(전문대졸/대학원생 포함),경상북도,1인 가구,미혼(사별/이혼 포함),맞벌이 하지 않음,200-300만원 미만,1,0.33358209,0.364900413,0.327153762,0.823702253,0.462540717,0.416522041,0.226086957,건강 추구형 소비자,가격이나 브랜드에 크게 구애받지 않고 건강을 최우선으로 고려하는 프리미엄 소비자 그룹입니다. 건강과 편리성을 모두 만족시키는 제품에 기꺼이 지갑을 엽니다.
420,이준서,여자,50대,사무 종사자,대학교 졸업(전문대졸/대학원생 포함),경상남도,2세대가족,기혼,맞벌이 함,500-600만원 미만,1,0.265671642,0.503945885,0.651581243,0.843290891,0.425407166,0.295383547,0.360869565,건강 추구형 소비자,가격이나 브랜드에 크게 구애받지 않고 건강을 최우선으로 고려하는 프리미엄 소비자 그룹입니다. 건강과 편리성을 모두 만족시키는 제품에 기꺼이 지갑을 엽니다.
421,한예준,여자,60대 이상,판매 종사자,고졸(대학 재학 포함),울산광역시,1인 가구,미혼(사별/이혼 포함),맞벌이 하지 않음,200-300만원 미만,3,0.765671642,0.819616685,0.397764449,0.882468168,0.402605863,0.20826102,0.501304348,트렌드 주도형 소비자,"자신의 취향과 경험을 중시하는 소비자 그룹입니다. 단순히 배를 채우는 것 이상의 가치를 추구하며, 새로운 제품을 가장 먼저 경험하고 공유하려는 경향이 강합니다"
422,조도윤,남자,30대,사무 종사자,대학교 졸업(전문대졸/대학원생 포함),경상북도,1인 가구,미혼(사별/이혼 포함),맞벌이 하지 않음,200-300만원 미만,1,0.480597015,0.372416385,0.501635769,0.843290891,0.418241042,0.465116279,0.147826087,건강 추구형 소비자,가격이나 브랜드에 크게 구애받지 않고 건강을 최우선으로 고려하는 프리미엄 소비자 그룹입니다. 건강과 편리성을 모두 만족시키는 제품에 기꺼이 지갑을 엽니다.
423,조하은,남자,40대,서비스 종사자,대학교 졸업(전문대졸/대학원생 포함),울산광역시,1인 가구,미혼(사별/이혼 포함),맞벌이 하지 않음,400-500만원 미만,3,0.698507463,0.845922585,0.374591058,0.86287953,0.400325733,0.26726831,0.460869565,트렌드 주도형 소비자,"자신의 취향과 경험을 중시하는 소비자 그룹입니다. 단순히 배를 채우는 것 이상의 가치를 추구하며, 새로운 제품을 가장 먼저 경험하고 공유하려는 경향이 강합니다"
424,최시우,여자,40대,판매 종사자,대학교 졸업(전문대졸/대학원생 포함),광주광역시,2세대가족,기혼,맞벌이 함,500-600만원 미만,1,0.2,0.353626456,0.744547437,0.745347698,0.377198697,0.190905935,0.156521739,건강 추구형 소비자,가격이나 브랜드에 크게 구애받지 않고 건강을 최우선으로 고려하는 프리미엄 소비자 그룹입니다. 건강과 편리성을 모두 만족시키는 제품에 기꺼이 지갑을 엽니다.
425,김서윤,남자,30대,서비스 종사자,대학교 졸업(전문대졸/대학원생 포함),울산광역시,2세대가족,기혼,맞벌이 함,700-800만원 미만,3,0.824626866,0.7632469,0.371046892,0.86287953,0.499348534,0.237070462,0.504347826,트렌드 주도형 소비자,"자신의 취향과 경험을 중시하는 소비자 그룹입니다. 단순히 배를 채우는 것 이상의 가치를 추구하며, 새로운 제품을 가장 먼저 경험하고 공유하려는 경향이 강합니다"
426,임시우,남자,60대 이상,기능원 및 관련 기능 종사자,중졸 이하,경상북도,1세대가족,기혼,맞벌이 하지 않음,200-300만원 미만,1,0.396268657,0.327320556,0.448745911,0.745347698,0.386319218,0.38979521,0.07826087,건강 추구형 소비자,가격이나 브랜드에 크게 구애받지 않고 건강을 최우선으로 고려하는 프리미엄 소비자 그룹입니다. 건강과 편리성을 모두 만족시키는 제품에 기꺼이 지갑을 엽니다.
427,윤도윤,여자,40대,서비스 종사자,고졸(대학 재학 포함),전라남도,1인 가구,미혼(사별/이혼 포함),맞벌이 하지 않음,200-300만원 미만,3,0.552985075,0.420142803,0.202562704,0.742409403,0.382410423,0.288094412,0.547826087,트렌드 주도형 소비자,"자신의 취향과 경험을 중시하는 소비자 그룹입니다. 단순히 배를 채우는 것 이상의 가치를 추구하며, 새로운 제품을 가장 먼저 경험하고 공유하려는 경향이 강합니다"
428,임수아,여자,60대 이상,서비스 종사자,고졸(대학 재학 포함),전라남도,1인 가구,미혼(사별/이혼 포함),맞벌이 하지 않음,200-300만원 미만,0,0.482835821,0.481397971,0.308887677,0.745347698,0.354071661,0.342589379,0.395652174,실속형 미식가,편리성을 중시하면서도 새로운 맛과 제품을 시도하는 데 적극적인 소비자 그룹입니다. 가격에 민감하기보다는 효율성과 맛을 동시에 추구합니다.
429,정수아,여자,60대 이상,판매 종사자,중졸 이하,경상북도,1인 가구,미혼(사별/이혼 포함),맞벌이 하지 않음,200-300만원 미만,1,0.33880597,0.319804585,0.460741549,0.745347698,0.463843648,0.431447414,0.004347826,건강 추구형 소비자,가격이나 브랜드에 크게 구애받지 않고 건강을 최우선으로 고려하는 프리미엄 소비자 그룹입니다. 건강과 편리성을 모두 만족시키는 제품에 기꺼이 지갑을 엽니다.
430,강채원,여자,60대 이상,농림어업 숙련 종사자,고졸(대학 재학 포함),전라남도,1세대가족,기혼,맞벌이 함,400-500만원 미만,0,0.340298507,0.405110861,0.372410033,0.722820764,0.325407166,0.274210344,0.556521739,실속형 미식가,편리성을 중시하면서도 새로운 맛과 제품을 시도하는 데 적극적인 소비자 그룹입니다. 가격에 민감하기보다는 효율성과 맛을 동시에 추구합니다.
431,한예준,여자,60대 이상,농림어업 숙련 종사자,고졸(대학 재학 포함),전라남도,1세대가족,기혼,맞벌이 함,300-400만원 미만,0,0.454477612,0.394964299,0.248909487,0.764936337,0.358957655,0.25095453,0.430434783,실속형 미식가,편리성을 중시하면서도 새로운 맛과 제품을 시도하는 데 적극적인 소비자 그룹입니다. 가격에 민감하기보다는 효율성과 맛을 동시에 추구합니다.
432,최도윤,남자,20대,사무 종사자,대학교 졸업(전문대졸/대학원생 포함),경상북도,1인 가구,미혼(사별/이혼 포함),맞벌이 하지 않음,200-300만원 미만,0,0.480597015,0.518977828,0.280261723,0.843290891,0.248859935,0.396043041,0.634782609,실속형 미식가,편리성을 중시하면서도 새로운 맛과 제품을 시도하는 데 적극적인 소비자 그룹입니다. 가격에 민감하기보다는 효율성과 맛을 동시에 추구합니다.
433,한민준,여자,30대,서비스 종사자,고졸(대학 재학 포함),경상북도,1인 가구,미혼(사별/이혼 포함),맞벌이 하지 않음,200-300만원 미만,3,0.458955224,0.364900413,0.275354417,0.843290891,0.421824104,0.324192989,0.52173913,트렌드 주도형 소비자,"자신의 취향과 경험을 중시하는 소비자 그룹입니다. 단순히 배를 채우는 것 이상의 가치를 추구하며, 새로운 제품을 가장 먼저 경험하고 공유하려는 경향이 강합니다"
434,정지우,여자,40대,기능원 및 관련 기능 종사자,고졸(대학 재학 포함),경상북도,1세대가족,기혼,맞벌이 함,300-400만원 미만,0,0.38358209,0.357384442,0.376499455,0.843290891,0.470358306,0.264144394,0.443478261,실속형 미식가,편리성을 중시하면서도 새로운 맛과 제품을 시도하는 데 적극적인 소비자 그룹입니다. 가격에 민감하기보다는 효율성과 맛을 동시에 추구합니다.
435,정민준,여자,60대 이상,주부,고졸(대학 재학 포함),경상남도,1세대가족,기혼,맞벌이 하지 않음,200-300만원 미만,0,0.336567164,0.418639609,0.27480916,0.784524976,0.33029316,0.166608816,0.6,실속형 미식가,편리성을 중시하면서도 새로운 맛과 제품을 시도하는 데 적극적인 소비자 그룹입니다. 가격에 민감하기보다는 효율성과 맛을 동시에 추구합니다.
436,조준서,여자,50대,서비스 종사자,대학교 졸업(전문대졸/대학원생 포함),세종특별자치시,1세대가족,기혼,맞벌이 함,400-500만원 미만,3,0.895522388,0.714393085,0.30561614,0.823702253,0.465798046,0.50815689,0.495652174,트렌드 주도형 소비자,"자신의 취향과 경험을 중시하는 소비자 그룹입니다. 단순히 배를 채우는 것 이상의 가치를 추구하며, 새로운 제품을 가장 먼저 경험하고 공유하려는 경향이 강합니다"
437,박서준,여자,50대,서비스 종사자,고졸(대학 재학 포함),경상남도,2세대가족,기혼,맞벌이 함,600-700만원 미만,1,0.16641791,0.552799699,0.684841876,0.843290891,0.467752443,0.257896564,0.3,건강 추구형 소비자,가격이나 브랜드에 크게 구애받지 않고 건강을 최우선으로 고려하는 프리미엄 소비자 그룹입니다. 건강과 편리성을 모두 만족시키는 제품에 기꺼이 지갑을 엽니다.
438,임민서,여자,50대,전문가 및 관련 종사자,대학교 졸업(전문대졸/대학원생 포함),세종특별자치시,1세대가족,기혼,맞벌이 함,500-600만원 미만,3,0.700746269,0.6580233,0.33478735,0.902056807,0.374267101,0.435959736,0.417391304,트렌드 주도형 소비자,"자신의 취향과 경험을 중시하는 소비자 그룹입니다. 단순히 배를 채우는 것 이상의 가치를 추구하며, 새로운 제품을 가장 먼저 경험하고 공유하려는 경향이 강합니다"
439,최민준,남자,50대,기능원 및 관련 기능 종사자,고졸(대학 재학 포함),경상북도,2세대가족,미혼(사별/이혼 포함),맞벌이 하지 않음,300-400만원 미만,3,0.480597015,0.376174371,0.372955289,0.823702253,0.366123779,0.349531413,0.660869565,트렌드 주도형 소비자,"자신의 취향과 경험을 중시하는 소비자 그룹입니다. 단순히 배를 채우는 것 이상의 가치를 추구하며, 새로운 제품을 가장 먼저 경험하고 공유하려는 경향이 강합니다"
440,최예은,여자,60대 이상,판매 종사자,고졸(대학 재학 포함),경상남도,1세대가족,기혼,맞벌이 함,400-500만원 미만,0,0.342537313,0.556557685,0.499182116,0.804113614,0.379153094,0.230128428,0.426086957,실속형 미식가,편리성을 중시하면서도 새로운 맛과 제품을 시도하는 데 적극적인 소비자 그룹입니다. 가격에 민감하기보다는 효율성과 맛을 동시에 추구합니다.
441,임하준,여자,40대,사무 종사자,대학교 졸업(전문대졸/대학원생 포함),경상북도,2세대가족,기혼,맞벌이 함,600-700만원 미만,0,0.248507463,0.627959414,0.283260632,0.843290891,0.18534202,0.195418258,0.556521739,실속형 미식가,편리성을 중시하면서도 새로운 맛과 제품을 시도하는 데 적극적인 소비자 그룹입니다. 가격에 민감하기보다는 효율성과 맛을 동시에 추구합니다.
442,한지원,여자,40대,주부,대학교 졸업(전문대졸/대학원생 포함),경기도,2세대가족,기혼,맞벌이 하지 않음,600-700만원 미만,1,0.138059701,0.455092071,0.918484188,0.882468168,0.503257329,0.237764665,0.169565217,건강 추구형 소비자,가격이나 브랜드에 크게 구애받지 않고 건강을 최우선으로 고려하는 프리미엄 소비자 그룹입니다. 건강과 편리성을 모두 만족시키는 제품에 기꺼이 지갑을 엽니다.
443,최도윤,여자,60대 이상,서비스 종사자,고졸(대학 재학 포함),경기도,1세대가족,기혼,맞벌이 함,700-800만원 미만,1,0.141791045,0.359263435,0.930752454,0.760039177,0.482084691,0.20826102,0.104347826,건강 추구형 소비자,가격이나 브랜드에 크게 구애받지 않고 건강을 최우선으로 고려하는 프리미엄 소비자 그룹입니다. 건강과 편리성을 모두 만족시키는 제품에 기꺼이 지갑을 엽니다.
444,한민서,여자,60대 이상,서비스 종사자,대학교 졸업(전문대졸/대학원생 포함),경기도,1세대가족,기혼,맞벌이 함,"900-1,000만원 미만",1,0.093283582,0.420518602,0.90785169,0.818805093,0.561237785,0.190905935,0.2,건강 추구형 소비자,가격이나 브랜드에 크게 구애받지 않고 건강을 최우선으로 고려하는 프리미엄 소비자 그룹입니다. 건강과 편리성을 모두 만족시키는 제품에 기꺼이 지갑을 엽니다.
445,최준서,여자,40대,서비스 종사자,고졸(대학 재학 포함),경기도,2세대가족,기혼,맞벌이 함,"1,000만원 이상",1,0.242537313,0.430665163,0.916848419,0.818805093,0.572964169,0.237070462,0.169565217,건강 추구형 소비자,가격이나 브랜드에 크게 구애받지 않고 건강을 최우선으로 고려하는 프리미엄 소비자 그룹입니다. 건강과 편리성을 모두 만족시키는 제품에 기꺼이 지갑을 엽니다.
446,강하준,여자,50대,단순노무 종사자,중졸 이하,경상북도,1세대가족,기혼,맞벌이 함,300-400만원 미만,0,0.444029851,0.485155956,0.050436205,0.823702253,0.180781759,0.266574106,0.691304348,실속형 미식가,편리성을 중시하면서도 새로운 맛과 제품을 시도하는 데 적극적인 소비자 그룹입니다. 가격에 민감하기보다는 효율성과 맛을 동시에 추구합니다.
447,강서윤,여자,50대,단순노무 종사자,고졸(대학 재학 포함),경상북도,2세대가족,미혼(사별/이혼 포함),맞벌이 하지 않음,200-300만원 미만,3,0.479104478,0.357384442,0.217557252,0.843290891,0.365472313,0.296077751,0.630434783,트렌드 주도형 소비자,"자신의 취향과 경험을 중시하는 소비자 그룹입니다. 단순히 배를 채우는 것 이상의 가치를 추구하며, 새로운 제품을 가장 먼저 경험하고 공유하려는 경향이 강합니다"
448,조시우,여자,50대,서비스 종사자,고졸(대학 재학 포함),전라남도,1인 가구,미혼(사별/이혼 포함),맞벌이 하지 않음,100-200만원 미만,0,0.282835821,0.468996618,0.411941112,0.64446621,0.338436482,0.346754599,0.443478261,실속형 미식가,편리성을 중시하면서도 새로운 맛과 제품을 시도하는 데 적극적인 소비자 그룹입니다. 가격에 민감하기보다는 효율성과 맛을 동시에 추구합니다.
449,강서윤,여자,40대,판매 종사자,대학교 졸업(전문대졸/대학원생 포함),서울특별시,2세대가족,기혼,맞벌이 함,400-500만원 미만,3,0.646268657,0.612927471,0.503271538,0.960822723,0.515309446,0.555362721,0.539130435,트렌드 주도형 소비자,"자신의 취향과 경험을 중시하는 소비자 그룹입니다. 단순히 배를 채우는 것 이상의 가치를 추구하며, 새로운 제품을 가장 먼저 경험하고 공유하려는 경향이 강합니다"
450,임지호,여자,50대,서비스 종사자,고졸(대학 재학 포함),경상남도,1인 가구,미혼(사별/이혼 포함),맞벌이 하지 않음,200-300만원 미만,0,0.371641791,0.433671552,0.433751363,0.804113614,0.370684039,0.177021867,0.573913043,실속형 미식가,편리성을 중시하면서도 새로운 맛과 제품을 시도하는 데 적극적인 소비자 그룹입니다. 가격에 민감하기보다는 효율성과 맛을 동시에 추구합니다.
451,정준서,여자,60대 이상,농림어업 숙련 종사자,고졸(대학 재학 포함),전라남도,1인 가구,미혼(사별/이혼 포함),맞벌이 하지 않음,100-200만원 미만,0,0.375373134,0.500187899,0.360687023,0.745347698,0.361237785,0.354043735,0.42173913,실속형 미식가,편리성을 중시하면서도 새로운 맛과 제품을 시도하는 데 적극적인 소비자 그룹입니다. 가격에 민감하기보다는 효율성과 맛을 동시에 추구합니다.
452,조준서,여자,60대 이상,서비스 종사자,고졸(대학 재학 포함),경기도,1세대가족,기혼,맞벌이 함,500-600만원 미만,0,0.376865672,0.518977828,0.513631407,0.823702253,0.353094463,0.368622006,0.617391304,실속형 미식가,편리성을 중시하면서도 새로운 맛과 제품을 시도하는 데 적극적인 소비자 그룹입니다. 가격에 민감하기보다는 효율성과 맛을 동시에 추구합니다.
453,김시우,여자,30대,사무 종사자,대학교 졸업(전문대졸/대학원생 포함),울산광역시,1인 가구,미혼(사별/이혼 포함),맞벌이 하지 않음,200-300만원 미만,0,0.248507463,0.448703495,0.272628135,0.823702253,0.330944625,0.156195765,0.573913043,실속형 미식가,편리성을 중시하면서도 새로운 맛과 제품을 시도하는 데 적극적인 소비자 그룹입니다. 가격에 민감하기보다는 효율성과 맛을 동시에 추구합니다.
454,정도윤,여자,50대,서비스 종사자,고졸(대학 재학 포함),경기도,1세대가족,기혼,맞벌이 함,"1,000만원 이상",1,0.255970149,0.420518602,0.91521265,0.818805093,0.546579805,0.199583478,0.152173913,건강 추구형 소비자,가격이나 브랜드에 크게 구애받지 않고 건강을 최우선으로 고려하는 프리미엄 소비자 그룹입니다. 건강과 편리성을 모두 만족시키는 제품에 기꺼이 지갑을 엽니다.
455,임지원,여자,60대 이상,판매 종사자,고졸(대학 재학 포함),광주광역시,2세대가족,기혼,맞벌이 함,600-700만원 미만,3,0.718656716,0.8158587,0.341057797,0.960822723,0.323452769,0.330787921,0.513043478,트렌드 주도형 소비자,"자신의 취향과 경험을 중시하는 소비자 그룹입니다. 단순히 배를 채우는 것 이상의 가치를 추구하며, 새로운 제품을 가장 먼저 경험하고 공유하려는 경향이 강합니다"
456,정지우,여자,50대,사무 종사자,대학교 졸업(전문대졸/대학원생 포함),경기도,2세대가족,기혼,맞벌이 함,500-600만원 미만,3,0.679104478,0.451334085,0.297982552,0.823702253,0.46286645,0.198889275,0.626086957,트렌드 주도형 소비자,"자신의 취향과 경험을 중시하는 소비자 그룹입니다. 단순히 배를 채우는 것 이상의 가치를 추구하며, 새로운 제품을 가장 먼저 경험하고 공유하려는 경향이 강합니다"
457,정준서,여자,40대,사무 종사자,대학교 졸업(전문대졸/대학원생 포함),광주광역시,2세대가족,기혼,맞벌이 함,600-700만원 미만,3,0.656716418,0.755730928,0.163849509,0.960822723,0.296416938,0.237764665,0.47826087,트렌드 주도형 소비자,"자신의 취향과 경험을 중시하는 소비자 그룹입니다. 단순히 배를 채우는 것 이상의 가치를 추구하며, 새로운 제품을 가장 먼저 경험하고 공유하려는 경향이 강합니다"
458,한예은,여자,40대,서비스 종사자,대학교 졸업(전문대졸/대학원생 포함),울산광역시,2세대가족,미혼(사별/이혼 포함),맞벌이 하지 않음,300-400만원 미만,0,0.304477612,0.451334085,0.431842966,0.823702253,0.30228013,0.183963901,0.61,실속형 미식가,편리성을 중시하면서도 새로운 맛과 제품을 시도하는 데 적극적인 소비자 그룹입니다. 가격에 민감하기보다는 효율성과 맛을 동시에 추구합니다.
459,조수아,여자,60대 이상,주부,고졸(대학 재학 포함),경기도,1세대가족,기혼,맞벌이 하지 않음,600-700만원 미만,1,0.22761194,0.406238256,0.743456925,0.843290891,0.38762215,0.164873308,0.395652174,건강 추구형 소비자,가격이나 브랜드에 크게 구애받지 않고 건강을 최우선으로 고려하는 프리미엄 소비자 그룹입니다. 건강과 편리성을 모두 만족시키는 제품에 기꺼이 지갑을 엽니다.
460,강도윤,여자,60대 이상,장치·기계 조작 및 조립 종사자,대학교 졸업(전문대졸/대학원생 포함),경기도,2세대가족,기혼,맞벌이 함,700-800만원 미만,3,0.51119403,0.477639985,0.404852781,0.823702253,0.382410423,0.216938563,0.713043478,트렌드 주도형 소비자,"자신의 취향과 경험을 중시하는 소비자 그룹입니다. 단순히 배를 채우는 것 이상의 가치를 추구하며, 새로운 제품을 가장 먼저 경험하고 공유하려는 경향이 강합니다"
461,박하은,여자,40대,서비스 종사자,고졸(대학 재학 포함),울산광역시,1인 가구,미혼(사별/이혼 포함),맞벌이 하지 않음,300-400만원 미만,0,0.331343284,0.500187899,0.419302072,0.86287953,0.344299674,0.170079833,0.486956522,실속형 미식가,편리성을 중시하면서도 새로운 맛과 제품을 시도하는 데 적극적인 소비자 그룹입니다. 가격에 민감하기보다는 효율성과 맛을 동시에 추구합니다.
462,임하은,여자,30대,사무 종사자,대학교 졸업(전문대졸/대학원생 포함),경기도,1세대가족,기혼,맞벌이 함,700-800만원 미만,1,0.175373134,0.415633221,0.821428571,0.779627816,0.431596091,0.178063173,0.286956522,건강 추구형 소비자,가격이나 브랜드에 크게 구애받지 않고 건강을 최우선으로 고려하는 프리미엄 소비자 그룹입니다. 건강과 편리성을 모두 만족시키는 제품에 기꺼이 지갑을 엽니다.
463,임서연,여자,60대 이상,판매 종사자,고졸(대학 재학 포함),경기도,2세대가족,기혼,맞벌이 함,500-600만원 미만,3,0.485820896,0.583990981,0.401308615,0.843290891,0.319218241,0.244706699,0.643478261,트렌드 주도형 소비자,"자신의 취향과 경험을 중시하는 소비자 그룹입니다. 단순히 배를 채우는 것 이상의 가치를 추구하며, 새로운 제품을 가장 먼저 경험하고 공유하려는 경향이 강합니다"
464,한채원,여자,50대,서비스 종사자,고졸(대학 재학 포함),전라남도,1인 가구,미혼(사별/이혼 포함),맞벌이 하지 않음,100-200만원 미만,1,0.423880597,0.383690342,0.469738277,0.72575906,0.479153094,0.367580701,0.356521739,건강 추구형 소비자,가격이나 브랜드에 크게 구애받지 않고 건강을 최우선으로 고려하는 프리미엄 소비자 그룹입니다. 건강과 편리성을 모두 만족시키는 제품에 기꺼이 지갑을 엽니다.
465,강건우,여자,60대 이상,주부,중졸 이하,경상남도,1세대가족,기혼,맞벌이 하지 않음,100-200만원 미만,0,0.044776119,0.380683953,0.417938931,0.698334966,0.312703583,0.170079833,0.475217391,실속형 미식가,편리성을 중시하면서도 새로운 맛과 제품을 시도하는 데 적극적인 소비자 그룹입니다. 가격에 민감하기보다는 효율성과 맛을 동시에 추구합니다.
466,김지우,여자,50대,서비스 종사자,대학교 졸업(전문대졸/대학원생 포함),서울특별시,2세대가족,기혼,맞벌이 함,500-600만원 미만,0,0.376119403,0.556557685,0.50736096,0.902056807,0.297068404,0.491496008,0.613043478,실속형 미식가,편리성을 중시하면서도 새로운 맛과 제품을 시도하는 데 적극적인 소비자 그룹입니다. 가격에 민감하기보다는 효율성과 맛을 동시에 추구합니다.
467,한서연,여자,30대,사무 종사자,대학교 졸업(전문대졸/대학원생 포함),경기도,2세대가족,기혼,맞벌이 함,500-600만원 미만,1,0.274626866,0.421270199,0.804252999,0.882468168,0.567100977,0.183963901,0.283913043,건강 추구형 소비자,가격이나 브랜드에 크게 구애받지 않고 건강을 최우선으로 고려하는 프리미엄 소비자 그룹입니다. 건강과 편리성을 모두 만족시키는 제품에 기꺼이 지갑을 엽니다.
468,강지원,여자,30대,사무 종사자,대학교 졸업(전문대졸/대학원생 포함),경기도,1세대가족,기혼,맞벌이 함,600-700만원 미만,0,0.429104478,0.550169109,0.228189749,0.804113614,0.288599349,0.188476224,0.582608696,실속형 미식가,편리성을 중시하면서도 새로운 맛과 제품을 시도하는 데 적극적인 소비자 그룹입니다. 가격에 민감하기보다는 효율성과 맛을 동시에 추구합니다.
469,윤지민,여자,60대 이상,서비스 종사자,고졸(대학 재학 포함),경상남도,1인 가구,미혼(사별/이혼 포함),맞벌이 하지 않음,100-200만원 미만,0,0.074626866,0.420518602,0.430207197,0.7208619,0.339739414,0.177021867,0.456521739,실속형 미식가,편리성을 중시하면서도 새로운 맛과 제품을 시도하는 데 적극적인 소비자 그룹입니다. 가격에 민감하기보다는 효율성과 맛을 동시에 추구합니다.
470,윤지원,여자,60대 이상,주부,중졸 이하,경상남도,2세대가족,미혼(사별/이혼 포함),맞벌이 하지 않음,400-500만원 미만,0,0.106716418,0.462608042,0.457742639,0.804113614,0.297394137,0.163137799,0.475217391,실속형 미식가,편리성을 중시하면서도 새로운 맛과 제품을 시도하는 데 적극적인 소비자 그룹입니다. 가격에 민감하기보다는 효율성과 맛을 동시에 추구합니다.
471,한민서,여자,50대,주부,고졸(대학 재학 포함),서울특별시,2세대가족,기혼,맞벌이 하지 않음,600-700만원 미만,0,0.248507463,0.515219842,0.541712105,0.902056807,0.219543974,0.510586602,0.579565217,실속형 미식가,편리성을 중시하면서도 새로운 맛과 제품을 시도하는 데 적극적인 소비자 그룹입니다. 가격에 민감하기보다는 효율성과 맛을 동시에 추구합니다.
472,박도윤,여자,60대 이상,단순노무 종사자,중졸 이하,서울특별시,1세대가족,기혼,맞벌이 함,300-400만원 미만,0,0.23358209,0.564073657,0.504634678,0.921645446,0.308143322,0.501909059,0.42173913,실속형 미식가,편리성을 중시하면서도 새로운 맛과 제품을 시도하는 데 적극적인 소비자 그룹입니다. 가격에 민감하기보다는 효율성과 맛을 동시에 추구합니다.
473,한지원,여자,40대,서비스 종사자,고졸(대학 재학 포함),경기도,1세대가족,기혼,맞벌이 함,"1,000만원 이상",1,0.18880597,0.413754228,0.857142857,0.86287953,0.540065147,0.203054495,0.160869565,건강 추구형 소비자,가격이나 브랜드에 크게 구애받지 않고 건강을 최우선으로 고려하는 프리미엄 소비자 그룹입니다. 건강과 편리성을 모두 만족시키는 제품에 기꺼이 지갑을 엽니다.
474,정지호,여자,50대,주부,대학교 졸업(전문대졸/대학원생 포함),경기도,2세대가족,기혼,맞벌이 하지 않음,500-600만원 미만,1,0.450746269,0.620443442,0.556434024,0.843290891,0.652117264,0.40402638,0.126086957,건강 추구형 소비자,가격이나 브랜드에 크게 구애받지 않고 건강을 최우선으로 고려하는 프리미엄 소비자 그룹입니다. 건강과 편리성을 모두 만족시키는 제품에 기꺼이 지갑을 엽니다.
475,박수아,여자,50대,서비스 종사자,대학교 졸업(전문대졸/대학원생 포함),경기도,2세대가족,미혼(사별/이혼 포함),맞벌이 하지 않음,500-600만원 미만,1,0.304477612,0.820744081,0.434296619,0.86287953,0.41237785,0.37556404,0.136086957,건강 추구형 소비자,가격이나 브랜드에 크게 구애받지 않고 건강을 최우선으로 고려하는 프리미엄 소비자 그룹입니다. 건강과 편리성을 모두 만족시키는 제품에 기꺼이 지갑을 엽니다.
476,조지호,여자,50대,서비스 종사자,고졸(대학 재학 포함),경기도,1세대가족,기혼,맞벌이 함,"900-1,000만원 미만",1,0.282835821,0.420518602,0.854416576,0.818805093,0.493159609,0.222145089,0.169565217,건강 추구형 소비자,가격이나 브랜드에 크게 구애받지 않고 건강을 최우선으로 고려하는 프리미엄 소비자 그룹입니다. 건강과 편리성을 모두 만족시키는 제품에 기꺼이 지갑을 엽니다.
477,박지원,여자,50대,서비스 종사자,고졸(대학 재학 포함),경기도,2세대가족,기혼,맞벌이 함,"1,000만원 이상",1,0.237313433,0.445697106,0.828789531,0.85798237,0.496091205,0.170079833,0.196956522,건강 추구형 소비자,가격이나 브랜드에 크게 구애받지 않고 건강을 최우선으로 고려하는 프리미엄 소비자 그룹입니다. 건강과 편리성을 모두 만족시키는 제품에 기꺼이 지갑을 엽니다.
478,이예은,여자,40대,전문가 및 관련 종사자,대학교 졸업(전문대졸/대학원생 포함),경상북도,2세대가족,기혼,맞벌이 함,700-800만원 미만,1,0.308208955,0.379932356,0.515539804,0.843290891,0.443973941,0.44290177,0.239130435,건강 추구형 소비자,가격이나 브랜드에 크게 구애받지 않고 건강을 최우선으로 고려하는 프리미엄 소비자 그룹입니다. 건강과 편리성을 모두 만족시키는 제품에 기꺼이 지갑을 엽니다.
479,김서준,남자,50대,장치·기계 조작 및 조립 종사자,고졸(대학 재학 포함),경상북도,1세대가족,기혼,맞벌이 함,400-500만원 미만,3,0.540298507,0.455092071,0.384405671,0.921645446,0.390879479,0.328358209,0.473913043,트렌드 주도형 소비자,"자신의 취향과 경험을 중시하는 소비자 그룹입니다. 단순히 배를 채우는 것 이상의 가치를 추구하며, 새로운 제품을 가장 먼저 경험하고 공유하려는 경향이 강합니다"
480,김준서,여자,60대 이상,주부,고졸(대학 재학 포함),경상북도,1세대가족,기혼,맞벌이 하지 않음,300-400만원 미만,1,0.482835821,0.361142428,0.638222465,0.804113614,0.528338762,0.426935092,0.047826087,건강 추구형 소비자,가격이나 브랜드에 크게 구애받지 않고 건강을 최우선으로 고려하는 프리미엄 소비자 그룹입니다. 건강과 편리성을 모두 만족시키는 제품에 기꺼이 지갑을 엽니다.
481,윤서윤,여자,50대,주부,고졸(대학 재학 포함),경상북도,1세대가족,기혼,맞벌이 하지 않음,200-300만원 미만,1,0.539552239,0.391206313,0.639585605,0.823702253,0.251791531,0.409927109,0.256521739,건강 추구형 소비자,가격이나 브랜드에 크게 구애받지 않고 건강을 최우선으로 고려하는 프리미엄 소비자 그룹입니다. 건강과 편리성을 모두 만족시키는 제품에 기꺼이 지갑을 엽니다.
482,최예준,여자,50대,서비스 종사자,대학교 졸업(전문대졸/대학원생 포함),인천광역시,2세대가족,기혼,맞벌이 함,800-900만원 미만,3,0.593283582,0.413754228,0.35387132,0.882468168,0.391856678,0.394654634,0.766521739,트렌드 주도형 소비자,"자신의 취향과 경험을 중시하는 소비자 그룹입니다. 단순히 배를 채우는 것 이상의 가치를 추구하며, 새로운 제품을 가장 먼저 경험하고 공유하려는 경향이 강합니다"
483,김도윤,여자,50대,서비스 종사자,고졸(대학 재학 포함),광주광역시,1세대가족,기혼,맞벌이 함,400-500만원 미만,1,0.368656716,0.360015032,0.472464558,0.64446621,0.4247557,0.42450538,0.234782609,건강 추구형 소비자,가격이나 브랜드에 크게 구애받지 않고 건강을 최우선으로 고려하는 프리미엄 소비자 그룹입니다. 건강과 편리성을 모두 만족시키는 제품에 기꺼이 지갑을 엽니다.
484,이민준,여자,50대,서비스 종사자,고졸(대학 재학 포함),광주광역시,1세대가족,기혼,맞벌이 함,400-500만원 미만,0,0.387313433,0.364900413,0.308887677,0.706170421,0.388273616,0.422075668,0.539130435,실속형 미식가,편리성을 중시하면서도 새로운 맛과 제품을 시도하는 데 적극적인 소비자 그룹입니다. 가격에 민감하기보다는 효율성과 맛을 동시에 추구합니다.
485,최주원,여자,60대 이상,주부,대학교 졸업(전문대졸/대학원생 포함),경기도,1세대가족,기혼,맞벌이 하지 않음,400-500만원 미만,1,0.421641791,0.834648628,0.431570338,0.823702253,0.511074919,0.291565429,0.12173913,건강 추구형 소비자,가격이나 브랜드에 크게 구애받지 않고 건강을 최우선으로 고려하는 프리미엄 소비자 그룹입니다. 건강과 편리성을 모두 만족시키는 제품에 기꺼이 지갑을 엽니다.
486,이지민,여자,50대,판매 종사자,고졸(대학 재학 포함),경상북도,2세대가족,기혼,맞벌이 함,700-800만원 미만,3,0.558208955,0.549041714,0.347873501,0.86287953,0.303908795,0.438042346,0.486956522,트렌드 주도형 소비자,"자신의 취향과 경험을 중시하는 소비자 그룹입니다. 단순히 배를 채우는 것 이상의 가치를 추구하며, 새로운 제품을 가장 먼저 경험하고 공유하려는 경향이 강합니다"
487,한민서,여자,50대,서비스 종사자,대학교 졸업(전문대졸/대학원생 포함),광주광역시,1세대가족,기혼,맞벌이 함,500-600만원 미만,0,0.470895522,0.410747839,0.326608506,0.619980411,0.428664495,0.359597362,0.404347826,실속형 미식가,편리성을 중시하면서도 새로운 맛과 제품을 시도하는 데 적극적인 소비자 그룹입니다. 가격에 민감하기보다는 효율성과 맛을 동시에 추구합니다.
488,임수아,여자,50대,서비스 종사자,대학교 졸업(전문대졸/대학원생 포함),광주광역시,1세대가족,기혼,맞벌이 함,400-500만원 미만,1,0.551492537,0.406238256,0.45474373,0.72575906,0.381758958,0.297813259,0.27826087,건강 추구형 소비자,가격이나 브랜드에 크게 구애받지 않고 건강을 최우선으로 고려하는 프리미엄 소비자 그룹입니다. 건강과 편리성을 모두 만족시키는 제품에 기꺼이 지갑을 엽니다.
489,강하은,여자,60대 이상,주부,고졸(대학 재학 포함),경기도,1세대가족,기혼,맞벌이 하지 않음,700-800만원 미만,1,0.305223881,0.441187523,0.690567067,0.882468168,0.763517915,0.411662617,0.147826087,건강 추구형 소비자,가격이나 브랜드에 크게 구애받지 않고 건강을 최우선으로 고려하는 프리미엄 소비자 그룹입니다. 건강과 편리성을 모두 만족시키는 제품에 기꺼이 지갑을 엽니다.
490,윤서연,여자,60대 이상,서비스 종사자,중졸 이하,경상북도,1인 가구,미혼(사별/이혼 포함),맞벌이 하지 않음,100-200만원 미만,3,0.509701493,0.327320556,0.223555071,0.784524976,0.443973941,0.333911836,0.552173913,트렌드 주도형 소비자,"자신의 취향과 경험을 중시하는 소비자 그룹입니다. 단순히 배를 채우는 것 이상의 가치를 추구하며, 새로운 제품을 가장 먼저 경험하고 공유하려는 경향이 강합니다"
491,강채원,여자,60대 이상,단순노무 종사자,중졸 이하,경상북도,1인 가구,미혼(사별/이혼 포함),맞벌이 하지 않음,100만원 미만,3,0.469402985,0.376174371,0.281624864,0.823702253,0.491530945,0.251648733,0.482608696,트렌드 주도형 소비자,"자신의 취향과 경험을 중시하는 소비자 그룹입니다. 단순히 배를 채우는 것 이상의 가치를 추구하며, 새로운 제품을 가장 먼저 경험하고 공유하려는 경향이 강합니다"
492,한채원,남자,30대,사무 종사자,대학교 졸업(전문대졸/대학원생 포함),충청남도,1세대가족,기혼,맞벌이 함,500-600만원 미만,1,0.541791045,0.270574972,0.428026172,0.597453477,0.5752443,0.131898646,0.108695652,건강 추구형 소비자,가격이나 브랜드에 크게 구애받지 않고 건강을 최우선으로 고려하는 프리미엄 소비자 그룹입니다. 건강과 편리성을 모두 만족시키는 제품에 기꺼이 지갑을 엽니다.
493,윤주원,남자,60대 이상,판매 종사자,고졸(대학 재학 포함),부산광역시,1인 가구,미혼(사별/이혼 포함),맞벌이 하지 않음,200-300만원 미만,0,0.317910448,0.464487035,0.336150491,0.838393732,0.257003257,0.64074974,0.460869565,실속형 미식가,편리성을 중시하면서도 새로운 맛과 제품을 시도하는 데 적극적인 소비자 그룹입니다. 가격에 민감하기보다는 효율성과 맛을 동시에 추구합니다.
494,강채원,여자,50대,판매 종사자,고졸(대학 재학 포함),부산광역시,1인 가구,미혼(사별/이혼 포함),맞벌이 하지 않음,200-300만원 미만,0,0.136567164,0.472003006,0.375954198,0.85798237,0.213680782,0.56334606,0.486956522,실속형 미식가,편리성을 중시하면서도 새로운 맛과 제품을 시도하는 데 적극적인 소비자 그룹입니다. 가격에 민감하기보다는 효율성과 맛을 동시에 추구합니다.
495,김시우,여자,60대 이상,단순노무 종사자,중졸 이하,부산광역시,1인 가구,미혼(사별/이혼 포함),맞벌이 하지 않음,200-300만원 미만,3,0.456716418,0.464487035,0.561886587,0.85798237,0.333876221,0.445331482,0.5,트렌드 주도형 소비자,"자신의 취향과 경험을 중시하는 소비자 그룹입니다. 단순히 배를 채우는 것 이상의 가치를 추구하며, 새로운 제품을 가장 먼저 경험하고 공유하려는 경향이 강합니다"
496,정민서,여자,60대 이상,주부,고졸(대학 재학 포함),경기도,1세대가족,기혼,맞벌이 하지 않음,200-300만원 미만,1,0.239552239,0.441187523,0.551526718,0.882468168,0.564820847,0.622700451,0.243478261,건강 추구형 소비자,가격이나 브랜드에 크게 구애받지 않고 건강을 최우선으로 고려하는 프리미엄 소비자 그룹입니다. 건강과 편리성을 모두 만족시키는 제품에 기꺼이 지갑을 엽니다.
497,조예준,여자,40대,주부,고졸(대학 재학 포함),경기도,2세대가족,기혼,맞벌이 하지 않음,700-800만원 미만,1,0.241044776,0.453213078,0.876226827,0.877571009,0.567752443,0.229087123,0.169565217,건강 추구형 소비자,가격이나 브랜드에 크게 구애받지 않고 건강을 최우선으로 고려하는 프리미엄 소비자 그룹입니다. 건강과 편리성을 모두 만족시키는 제품에 기꺼이 지갑을 엽니다.
498,김예은,남자,40대,판매 종사자,대학교 졸업(전문대졸/대학원생 포함),부산광역시,1인 가구,미혼(사별/이혼 포함),맞벌이 하지 않음,300-400만원 미만,0,0.291044776,0.430665163,0.338876772,0.85798237,0.218241042,0.489413398,0.42173913,실속형 미식가,편리성을 중시하면서도 새로운 맛과 제품을 시도하는 데 적극적인 소비자 그룹입니다. 가격에 민감하기보다는 효율성과 맛을 동시에 추구합니다.
499,정민서,남자,40대,전문가 및 관련 종사자,대학교 졸업(전문대졸/대학원생 포함),경기도,1인 가구,미혼(사별/이혼 포함),맞벌이 하지 않음,400-500만원 미만,1,0.597014925,0.500187899,0.67693566,0.843290891,0.795765472,0.330093717,0.108695652,건강 추구형 소비자,가격이나 브랜드에 크게 구애받지 않고 건강을 최우선으로 고려하는 프리미엄 소비자 그룹입니다. 건강과 편리성을 모두 만족시키는 제품에 기꺼이 지갑을 엽니다.
500,김건우,여자,60대 이상,주부,고졸(대학 재학 포함),대구광역시,1세대가족,기혼,맞벌이 하지 않음,200-300만원 미만,1,0.621641791,0.389327321,0.411668484,0.818805093,0.626384365,0.425546685,0.208695652,건강 추구형 소비자,가격이나 브랜드에 크게 구애받지 않고 건강을 최우선으로 고려하는 프리미엄 소비자 그룹입니다. 건강과 편리성을 모두 만족시키는 제품에 기꺼이 지갑을 엽니다.
501,윤예은,여자,30대,주부,고졸(대학 재학 포함),경기도,1인 가구,기혼,맞벌이 하지 않음,500-600만원 미만,1,0.274626866,0.411875235,0.857142857,0.85798237,0.569381107,0.178063173,0.160869565,건강 추구형 소비자,가격이나 브랜드에 크게 구애받지 않고 건강을 최우선으로 고려하는 프리미엄 소비자 그룹입니다. 건강과 편리성을 모두 만족시키는 제품에 기꺼이 지갑을 엽니다.
502,윤지원,남자,60대 이상,서비스 종사자,고졸(대학 재학 포함),경기도,1인 가구,미혼(사별/이혼 포함),맞벌이 하지 않음,500-600만원 미만,1,0.194029851,0.420518602,0.876226827,0.85798237,0.561889251,0.170079833,0.130434783,건강 추구형 소비자,가격이나 브랜드에 크게 구애받지 않고 건강을 최우선으로 고려하는 프리미엄 소비자 그룹입니다. 건강과 편리성을 모두 만족시키는 제품에 기꺼이 지갑을 엽니다.
503,최민준,여자,60대 이상,주부,중졸 이하,경기도,2세대가족,기혼,맞벌이 하지 않음,"900-1,000만원 미만",1,0.207462687,0.413002631,0.811613959,0.799216454,0.540065147,0.170079833,0.191304348,건강 추구형 소비자,가격이나 브랜드에 크게 구애받지 않고 건강을 최우선으로 고려하는 프리미엄 소비자 그룹입니다. 건강과 편리성을 모두 만족시키는 제품에 기꺼이 지갑을 엽니다.
504,이예은,남자,50대,사무 종사자,고졸(대학 재학 포함),부산광역시,2세대가족,기혼,맞벌이 함,500-600만원 미만,0,0.385074627,0.532130778,0.482279171,0.85798237,0.272312704,0.600138841,0.547826087,실속형 미식가,편리성을 중시하면서도 새로운 맛과 제품을 시도하는 데 적극적인 소비자 그룹입니다. 가격에 민감하기보다는 효율성과 맛을 동시에 추구합니다.
505,임채원,여자,50대,사무 종사자,대학교 졸업(전문대졸/대학원생 포함),울산광역시,2세대가족,기혼,맞벌이 함,400-500만원 미만,3,0.560447761,0.440060128,0.312977099,0.843290891,0.268403909,0.652204096,0.97826087,트렌드 주도형 소비자,"자신의 취향과 경험을 중시하는 소비자 그룹입니다. 단순히 배를 채우는 것 이상의 가치를 추구하며, 새로운 제품을 가장 먼저 경험하고 공유하려는 경향이 강합니다"
506,이하준,남자,60대 이상,서비스 종사자,고졸(대학 재학 포함),부산광역시,1인 가구,미혼(사별/이혼 포함),맞벌이 하지 않음,300-400만원 미만,0,0.378358209,0.584742578,0.49563795,0.838393732,0.29218241,0.523776467,0.334782609,실속형 미식가,편리성을 중시하면서도 새로운 맛과 제품을 시도하는 데 적극적인 소비자 그룹입니다. 가격에 민감하기보다는 효율성과 맛을 동시에 추구합니다.
507,조서연,여자,30대,서비스 종사자,대학교 졸업(전문대졸/대학원생 포함),경기도,1세대가족,기혼,맞벌이 함,700-800만원 미만,1,0.308208955,0.381811349,0.88740458,0.779627816,0.611726384,0.20826102,0.130434783,건강 추구형 소비자,가격이나 브랜드에 크게 구애받지 않고 건강을 최우선으로 고려하는 프리미엄 소비자 그룹입니다. 건강과 편리성을 모두 만족시키는 제품에 기꺼이 지갑을 엽니다.
508,임지호,여자,50대,서비스 종사자,고졸(대학 재학 포함),경상남도,1세대가족,기혼,맞벌이 함,300-400만원 미만,3,0.641791045,0.560315671,0.285714286,0.823702253,0.435830619,0.338077057,0.482608696,트렌드 주도형 소비자,"자신의 취향과 경험을 중시하는 소비자 그룹입니다. 단순히 배를 채우는 것 이상의 가치를 추구하며, 새로운 제품을 가장 먼저 경험하고 공유하려는 경향이 강합니다"
509,최시우,여자,60대 이상,주부,고졸(대학 재학 포함),부산광역시,1세대가족,기혼,맞벌이 하지 않음,200-300만원 미만,0,0.136567164,0.573468621,0.467011996,0.85798237,0.163843648,0.631377994,0.42173913,실속형 미식가,편리성을 중시하면서도 새로운 맛과 제품을 시도하는 데 적극적인 소비자 그룹입니다. 가격에 민감하기보다는 효율성과 맛을 동시에 추구합니다.
510,김하은,여자,50대,서비스 종사자,대학교 졸업(전문대졸/대학원생 포함),울산광역시,1인 가구,미혼(사별/이혼 포함),맞벌이 하지 않음,300-400만원 미만,3,0.647014925,0.387448328,0.137131952,0.86287953,0.26286645,0.538007636,0.873913043,트렌드 주도형 소비자,"자신의 취향과 경험을 중시하는 소비자 그룹입니다. 단순히 배를 채우는 것 이상의 가치를 추구하며, 새로운 제품을 가장 먼저 경험하고 공유하려는 경향이 강합니다"
511,윤지원,남자,50대,기능원 및 관련 기능 종사자,대학교 졸업(전문대졸/대학원생 포함),대구광역시,1인 가구,미혼(사별/이혼 포함),맞벌이 하지 않음,300-400만원 미만,3,0.641791045,0.500187899,0.117230098,0.843290891,0.312703583,0.365845193,0.6,트렌드 주도형 소비자,"자신의 취향과 경험을 중시하는 소비자 그룹입니다. 단순히 배를 채우는 것 이상의 가치를 추구하며, 새로운 제품을 가장 먼저 경험하고 공유하려는 경향이 강합니다"
512,정지호,여자,60대 이상,서비스 종사자,고졸(대학 재학 포함),경상남도,1세대가족,기혼,맞벌이 함,200-300만원 미만,3,0.606716418,0.651634724,0.390676118,0.823702253,0.456351792,0.206872614,0.37826087,트렌드 주도형 소비자,"자신의 취향과 경험을 중시하는 소비자 그룹입니다. 단순히 배를 채우는 것 이상의 가치를 추구하며, 새로운 제품을 가장 먼저 경험하고 공유하려는 경향이 강합니다"
513,강도윤,남자,50대,사무 종사자,대학교 졸업(전문대졸/대학원생 포함),부산광역시,1인 가구,미혼(사별/이혼 포함),맞벌이 하지 않음,300-400만원 미만,0,0.297761194,0.472003006,0.299345692,0.85798237,0.198371336,0.501909059,0.556521739,실속형 미식가,편리성을 중시하면서도 새로운 맛과 제품을 시도하는 데 적극적인 소비자 그룹입니다. 가격에 민감하기보다는 효율성과 맛을 동시에 추구합니다.
514,박수아,여자,60대 이상,주부,고졸(대학 재학 포함),경상남도,1세대가족,기혼,맞벌이 하지 않음,200-300만원 미만,3,0.718656716,0.661781285,0.225736096,0.823702253,0.400325733,0.411662617,0.569565217,트렌드 주도형 소비자,"자신의 취향과 경험을 중시하는 소비자 그룹입니다. 단순히 배를 채우는 것 이상의 가치를 추구하며, 새로운 제품을 가장 먼저 경험하고 공유하려는 경향이 강합니다"
515,조지호,여자,50대,판매 종사자,고졸(대학 재학 포함),부산광역시,1인 가구,미혼(사별/이혼 포함),맞벌이 하지 않음,300-400만원 미만,3,0.546268657,0.539646749,0.382769902,0.85798237,0.401302932,0.376952447,0.382608696,트렌드 주도형 소비자,"자신의 취향과 경험을 중시하는 소비자 그룹입니다. 단순히 배를 채우는 것 이상의 가치를 추구하며, 새로운 제품을 가장 먼저 경험하고 공유하려는 경향이 강합니다"
516,박민준,여자,40대,주부,대학교 졸업(전문대졸/대학원생 포함),울산광역시,2세대가족,기혼,맞벌이 하지 않음,300-400만원 미만,3,0.606716418,0.564073657,0.562431843,0.921645446,0.498697068,0.602568553,0.430434783,트렌드 주도형 소비자,"자신의 취향과 경험을 중시하는 소비자 그룹입니다. 단순히 배를 채우는 것 이상의 가치를 추구하며, 새로운 제품을 가장 먼저 경험하고 공유하려는 경향이 강합니다"
517,정채원,여자,60대 이상,주부,고졸(대학 재학 포함),대구광역시,1인 가구,미혼(사별/이혼 포함),맞벌이 하지 않음,100-200만원 미만,3,0.574626866,0.355505449,0.215376227,0.818805093,0.400651466,0.448108296,0.617391304,트렌드 주도형 소비자,"자신의 취향과 경험을 중시하는 소비자 그룹입니다. 단순히 배를 채우는 것 이상의 가치를 추구하며, 새로운 제품을 가장 먼저 경험하고 공유하려는 경향이 강합니다"
518,최예준,여자,40대,주부,대학교 졸업(전문대졸/대학원생 포함),울산광역시,2세대가족,기혼,맞벌이 하지 않음,300-400만원 미만,0,0.457462687,0.590379557,0.163031625,0.902056807,0.258306189,0.681360639,0.534782609,실속형 미식가,편리성을 중시하면서도 새로운 맛과 제품을 시도하는 데 적극적인 소비자 그룹입니다. 가격에 민감하기보다는 효율성과 맛을 동시에 추구합니다.
519,박채원,여자,50대,사무 종사자,고졸(대학 재학 포함),대구광역시,2세대가족,기혼,맞벌이 함,500-600만원 미만,3,0.641791045,0.381811349,0.316248637,0.818805093,0.384364821,0.43873655,0.760869565,트렌드 주도형 소비자,"자신의 취향과 경험을 중시하는 소비자 그룹입니다. 단순히 배를 채우는 것 이상의 가치를 추구하며, 새로운 제품을 가장 먼저 경험하고 공유하려는 경향이 강합니다"
520,김예준,남자,60대 이상,판매 종사자,고졸(대학 재학 포함),경상남도,1인 가구,미혼(사별/이혼 포함),맞벌이 하지 않음,100-200만원 미만,3,0.606716418,0.560315671,0.231188659,0.823702253,0.41237785,0.379035057,0.460869565,트렌드 주도형 소비자,"자신의 취향과 경험을 중시하는 소비자 그룹입니다. 단순히 배를 채우는 것 이상의 가치를 추구하며, 새로운 제품을 가장 먼저 경험하고 공유하려는 경향이 강합니다"
521,한지우,남자,30대,기능원 및 관련 기능 종사자,대학교 졸업(전문대졸/대학원생 포함),경상남도,1인 가구,미혼(사별/이혼 포함),맞벌이 하지 않음,200-300만원 미만,3,0.718656716,0.485155956,0.334242094,0.823702253,0.546254072,0.432835821,0.560869565,트렌드 주도형 소비자,"자신의 취향과 경험을 중시하는 소비자 그룹입니다. 단순히 배를 채우는 것 이상의 가치를 추구하며, 새로운 제품을 가장 먼저 경험하고 공유하려는 경향이 강합니다"
522,강민준,여자,30대,주부,대학교 졸업(전문대졸/대학원생 포함),경상남도,2세대가족,기혼,맞벌이 하지 않음,300-400만원 미만,3,0.626865672,0.508831266,0.422028353,0.823702253,0.403583062,0.430753211,0.469565217,트렌드 주도형 소비자,"자신의 취향과 경험을 중시하는 소비자 그룹입니다. 단순히 배를 채우는 것 이상의 가치를 추구하며, 새로운 제품을 가장 먼저 경험하고 공유하려는 경향이 강합니다"
523,한지원,여자,60대 이상,주부,고졸(대학 재학 포함),경상남도,1세대가족,기혼,맞벌이 하지 않음,100-200만원 미만,3,0.626865672,0.507703871,0.432388222,0.72575906,0.370684039,0.33877126,0.465217391,트렌드 주도형 소비자,"자신의 취향과 경험을 중시하는 소비자 그룹입니다. 단순히 배를 채우는 것 이상의 가치를 추구하며, 새로운 제품을 가장 먼저 경험하고 공유하려는 경향이 강합니다"
524,김서연,남자,50대,판매 종사자,고졸(대학 재학 포함),경상남도,1인 가구,미혼(사별/이혼 포함),맞벌이 하지 않음,200-300만원 미만,3,0.567910448,0.583990981,0.430207197,0.823702253,0.416612378,0.418604651,0.460869565,트렌드 주도형 소비자,"자신의 취향과 경험을 중시하는 소비자 그룹입니다. 단순히 배를 채우는 것 이상의 가치를 추구하며, 새로운 제품을 가장 먼저 경험하고 공유하려는 경향이 강합니다"
525,윤도윤,여자,60대 이상,주부,고졸(대학 재학 포함),대구광역시,1세대가족,기혼,맞벌이 하지 않음,400-500만원 미만,1,0.338059701,0.390078918,0.635496183,0.683643487,0.574267101,0.330093717,0.113043478,건강 추구형 소비자,가격이나 브랜드에 크게 구애받지 않고 건강을 최우선으로 고려하는 프리미엄 소비자 그룹입니다. 건강과 편리성을 모두 만족시키는 제품에 기꺼이 지갑을 엽니다.
526,이예은,여자,50대,주부,대학교 졸업(전문대졸/대학원생 포함),대구광역시,2세대가족,기혼,맞벌이 하지 않음,500-600만원 미만,3,0.589552239,0.389327321,0.079062159,0.818805093,0.28990228,0.582436654,0.773913043,트렌드 주도형 소비자,"자신의 취향과 경험을 중시하는 소비자 그룹입니다. 단순히 배를 채우는 것 이상의 가치를 추구하며, 새로운 제품을 가장 먼저 경험하고 공유하려는 경향이 강합니다"
527,박민준,여자,40대,주부,대학교 졸업(전문대졸/대학원생 포함),경기도,2세대가족,기혼,맞벌이 하지 않음,400-500만원 미만,1,0.457462687,0.409996242,0.732824427,0.843290891,0.923127036,0.3877126,0.134782609,건강 추구형 소비자,가격이나 브랜드에 크게 구애받지 않고 건강을 최우선으로 고려하는 프리미엄 소비자 그룹입니다. 건강과 편리성을 모두 만족시키는 제품에 기꺼이 지갑을 엽니다.
528,박수아,여자,30대,주부,대학교 졸업(전문대졸/대학원생 포함),대구광역시,2세대가족,기혼,맞벌이 하지 않음,300-400만원 미만,3,0.604477612,0.372416385,0.128135224,0.86287953,0.35504886,0.548073586,0.743478261,트렌드 주도형 소비자,"자신의 취향과 경험을 중시하는 소비자 그룹입니다. 단순히 배를 채우는 것 이상의 가치를 추구하며, 새로운 제품을 가장 먼저 경험하고 공유하려는 경향이 강합니다"
529,윤주원,여자,30대,판매 종사자,대학교 졸업(전문대졸/대학원생 포함),부산광역시,1인 가구,미혼(사별/이혼 포함),맞벌이 하지 않음,300-400만원 미만,0,0.485820896,0.319804585,0.143947655,0.745347698,0.221172638,0.25511975,0.873913043,실속형 미식가,편리성을 중시하면서도 새로운 맛과 제품을 시도하는 데 적극적인 소비자 그룹입니다. 가격에 민감하기보다는 효율성과 맛을 동시에 추구합니다.
530,윤서연,여자,30대,사무 종사자,대학교 졸업(전문대졸/대학원생 포함),대구광역시,1인 가구,미혼(사별/이혼 포함),맞벌이 하지 않음,200-300만원 미만,3,0.579850746,0.398722285,0.224372955,0.86287953,0.415960912,0.309267615,0.582608696,트렌드 주도형 소비자,"자신의 취향과 경험을 중시하는 소비자 그룹입니다. 단순히 배를 채우는 것 이상의 가치를 추구하며, 새로운 제품을 가장 먼저 경험하고 공유하려는 경향이 강합니다"
531,조하준,여자,60대 이상,사무 종사자,대학교 졸업(전문대졸/대학원생 포함),대구광역시,2세대가족,기혼,맞벌이 함,600-700만원 미만,3,0.529850746,0.425028185,0.367502726,0.86287953,0.371335505,0.322110378,0.634782609,트렌드 주도형 소비자,"자신의 취향과 경험을 중시하는 소비자 그룹입니다. 단순히 배를 채우는 것 이상의 가치를 추구하며, 새로운 제품을 가장 먼저 경험하고 공유하려는 경향이 강합니다"
532,윤지민,여자,40대,전문가 및 관련 종사자,대학교 졸업(전문대졸/대학원생 포함),제주특별자치도,2세대가족,기혼,맞벌이 함,500-600만원 미만,3,0.569402985,0.421270199,0.489094875,0.745347698,0.440716612,0.244012496,0.634782609,트렌드 주도형 소비자,"자신의 취향과 경험을 중시하는 소비자 그룹입니다. 단순히 배를 채우는 것 이상의 가치를 추구하며, 새로운 제품을 가장 먼저 경험하고 공유하려는 경향이 강합니다"
533,김예은,여자,60대 이상,주부,고졸(대학 재학 포함),부산광역시,2세대가족,미혼(사별/이혼 포함),맞벌이 하지 않음,400-500만원 미만,3,0.68880597,0.413754228,0.381952017,0.745347698,0.391856678,0.326275599,0.669565217,트렌드 주도형 소비자,"자신의 취향과 경험을 중시하는 소비자 그룹입니다. 단순히 배를 채우는 것 이상의 가치를 추구하며, 새로운 제품을 가장 먼저 경험하고 공유하려는 경향이 강합니다"
534,최민준,여자,50대,서비스 종사자,대학교 졸업(전문대졸/대학원생 포함),제주특별자치도,2세대가족,기혼,맞벌이 함,500-600만원 미만,3,0.651492537,0.485155956,0.514721919,0.823702253,0.686319218,0.233599445,0.43173913,트렌드 주도형 소비자,"자신의 취향과 경험을 중시하는 소비자 그룹입니다. 단순히 배를 채우는 것 이상의 가치를 추구하며, 새로운 제품을 가장 먼저 경험하고 공유하려는 경향이 강합니다"
535,김하준,여자,60대 이상,주부,중졸 이하,경상남도,1세대가족,기혼,맞벌이 하지 않음,100-200만원 미만,1,0.190298507,0.507703871,0.581788441,0.72575906,0.444625407,0.418257549,0.104347826,건강 추구형 소비자,가격이나 브랜드에 크게 구애받지 않고 건강을 최우선으로 고려하는 프리미엄 소비자 그룹입니다. 건강과 편리성을 모두 만족시키는 제품에 기꺼이 지갑을 엽니다.
536,박채원,여자,40대,사무 종사자,대학교 졸업(전문대졸/대학원생 포함),대구광역시,2세대가족,기혼,맞벌이 함,600-700만원 미만,3,0.487313433,0.387448328,0.33478735,0.764936337,0.330944625,0.322110378,0.756521739,트렌드 주도형 소비자,"자신의 취향과 경험을 중시하는 소비자 그룹입니다. 단순히 배를 채우는 것 이상의 가치를 추구하며, 새로운 제품을 가장 먼저 경험하고 공유하려는 경향이 강합니다"
537,최하은,남자,50대,서비스 종사자,대학교 졸업(전문대졸/대학원생 포함),제주특별자치도,1인 가구,미혼(사별/이혼 포함),맞벌이 하지 않음,200-300만원 미만,3,0.549253731,0.425028185,0.278080698,0.843290891,0.383061889,0.264144394,0.656521739,트렌드 주도형 소비자,"자신의 취향과 경험을 중시하는 소비자 그룹입니다. 단순히 배를 채우는 것 이상의 가치를 추구하며, 새로운 제품을 가장 먼저 경험하고 공유하려는 경향이 강합니다"
538,윤도윤,여자,40대,사무 종사자,대학교 졸업(전문대졸/대학원생 포함),부산광역시,2세대가족,기혼,맞벌이 함,600-700만원 미만,3,0.640298507,0.372416385,0.149400218,0.86287953,0.286970684,0.209996529,0.918695652,트렌드 주도형 소비자,"자신의 취향과 경험을 중시하는 소비자 그룹입니다. 단순히 배를 채우는 것 이상의 가치를 추구하며, 새로운 제품을 가장 먼저 경험하고 공유하려는 경향이 강합니다"
539,김지원,여자,50대,서비스 종사자,대학교 졸업(전문대졸/대학원생 포함),제주특별자치도,2세대가족,기혼,맞벌이 함,500-600만원 미만,3,0.68880597,0.500187899,0.388767721,0.86287953,0.404234528,0.270739327,0.769565217,트렌드 주도형 소비자,"자신의 취향과 경험을 중시하는 소비자 그룹입니다. 단순히 배를 채우는 것 이상의 가치를 추구하며, 새로운 제품을 가장 먼저 경험하고 공유하려는 경향이 강합니다"
540,임준서,여자,50대,농림어업 숙련 종사자,고졸(대학 재학 포함),경상남도,2세대가족,기혼,맞벌이 함,400-500만원 미만,1,0.190298507,0.387448328,0.444111232,0.72575906,0.421824104,0.283929191,0.256521739,건강 추구형 소비자,가격이나 브랜드에 크게 구애받지 않고 건강을 최우선으로 고려하는 프리미엄 소비자 그룹입니다. 건강과 편리성을 모두 만족시키는 제품에 기꺼이 지갑을 엽니다.
541,조하은,여자,50대,주부,고졸(대학 재학 포함),경상남도,1세대가족,기혼,맞벌이 하지 않음,200-300만원 미만,1,0.171641791,0.421270199,0.668756816,0.764936337,0.465798046,0.270045123,0.12173913,건강 추구형 소비자,가격이나 브랜드에 크게 구애받지 않고 건강을 최우선으로 고려하는 프리미엄 소비자 그룹입니다. 건강과 편리성을 모두 만족시키는 제품에 기꺼이 지갑을 엽니다.
542,임예은,남자,40대,판매 종사자,고졸(대학 재학 포함),경상남도,1인 가구,미혼(사별/이혼 포함),맞벌이 하지 않음,200-300만원 미만,0,0.156716418,0.579105599,0.310250818,0.764936337,0.268078176,0.183963901,0.179565217,실속형 미식가,편리성을 중시하면서도 새로운 맛과 제품을 시도하는 데 적극적인 소비자 그룹입니다. 가격에 민감하기보다는 효율성과 맛을 동시에 추구합니다.
543,최주원,여자,60대 이상,농림어업 숙련 종사자,중졸 이하,경상남도,1인 가구,미혼(사별/이혼 포함),맞벌이 하지 않음,100-200만원 미만,1,0.121641791,0.541525742,0.506543075,0.706170421,0.303908795,0.405761888,0.069565217,건강 추구형 소비자,가격이나 브랜드에 크게 구애받지 않고 건강을 최우선으로 고려하는 프리미엄 소비자 그룹입니다. 건강과 편리성을 모두 만족시키는 제품에 기꺼이 지갑을 엽니다.
544,윤하은,여자,60대 이상,서비스 종사자,고졸(대학 재학 포함),경상남도,1세대가족,기혼,맞벌이 함,400-500만원 미만,1,0.181343284,0.473881999,0.669029444,0.72575906,0.404885993,0.303713988,0.173913043,건강 추구형 소비자,가격이나 브랜드에 크게 구애받지 않고 건강을 최우선으로 고려하는 프리미엄 소비자 그룹입니다. 건강과 편리성을 모두 만족시키는 제품에 기꺼이 지갑을 엽니다.
545,강민서,여자,60대 이상,판매 종사자,고졸(대학 재학 포함),부산광역시,2세대가족,기혼,맞벌이 하지 않음,500-600만원 미만,1,0.708955224,0.319804585,0.580152672,0.745347698,0.899022801,0.298854564,0.1,건강 추구형 소비자,가격이나 브랜드에 크게 구애받지 않고 건강을 최우선으로 고려하는 프리미엄 소비자 그룹입니다. 건강과 편리성을 모두 만족시키는 제품에 기꺼이 지갑을 엽니다.
546,이민서,여자,60대 이상,사무 종사자,대학교 졸업(전문대졸/대학원생 포함),부산광역시,1세대가족,기혼,맞벌이 함,500-600만원 미만,1,0.708955224,0.409996242,0.691384951,0.823702253,0.283387622,0.265532801,0.149130435,건강 추구형 소비자,가격이나 브랜드에 크게 구애받지 않고 건강을 최우선으로 고려하는 프리미엄 소비자 그룹입니다. 건강과 편리성을 모두 만족시키는 제품에 기꺼이 지갑을 엽니다.
547,김도윤,여자,60대 이상,판매 종사자,고졸(대학 재학 포함),부산광역시,2세대가족,미혼(사별/이혼 포함),맞벌이 하지 않음,300-400만원 미만,1,0.656716418,0.346110485,0.722737186,0.745347698,0.254071661,0.325581395,0.12173913,건강 추구형 소비자,가격이나 브랜드에 크게 구애받지 않고 건강을 최우선으로 고려하는 프리미엄 소비자 그룹입니다. 건강과 편리성을 모두 만족시키는 제품에 기꺼이 지갑을 엽니다.
548,윤예은,여자,30대,사무 종사자,대학교 졸업(전문대졸/대학원생 포함),부산광역시,1인 가구,미혼(사별/이혼 포함),맞벌이 하지 않음,300-400만원 미만,1,0.718656716,0.342352499,0.636859324,0.764936337,0.281107492,0.323845887,0.117391304,건강 추구형 소비자,가격이나 브랜드에 크게 구애받지 않고 건강을 최우선으로 고려하는 프리미엄 소비자 그룹입니다. 건강과 편리성을 모두 만족시키는 제품에 기꺼이 지갑을 엽니다.
549,조서연,여자,50대,판매 종사자,대학교 졸업(전문대졸/대학원생 포함),대전광역시,2세대가족,기혼,맞벌이 함,500-600만원 미만,0,0.386567164,0.537767756,0.42257361,0.86287953,0.293485342,0.269003818,0.647826087,실속형 미식가,편리성을 중시하면서도 새로운 맛과 제품을 시도하는 데 적극적인 소비자 그룹입니다. 가격에 민감하기보다는 효율성과 맛을 동시에 추구합니다.
550,윤준서,여자,40대,서비스 종사자,대학교 졸업(전문대졸/대학원생 포함),대구광역시,2세대가족,기혼,맞벌이 함,500-600만원 미만,1,0.581343284,0.34986847,0.381679389,0.823702253,0.66514658,0.327316904,0.27826087,건강 추구형 소비자,가격이나 브랜드에 크게 구애받지 않고 건강을 최우선으로 고려하는 프리미엄 소비자 그룹입니다. 건강과 편리성을 모두 만족시키는 제품에 기꺼이 지갑을 엽니다.
551,이지원,여자,60대 이상,판매 종사자,고졸(대학 재학 포함),부산광역시,1세대가족,기혼,맞벌이 함,500-600만원 미만,1,0.609701493,0.413754228,0.760087241,0.882468168,0.260586319,0.388059701,0.147826087,건강 추구형 소비자,가격이나 브랜드에 크게 구애받지 않고 건강을 최우선으로 고려하는 프리미엄 소비자 그룹입니다. 건강과 편리성을 모두 만족시키는 제품에 기꺼이 지갑을 엽니다.
552,정건우,여자,50대,서비스 종사자,대학교 졸업(전문대졸/대학원생 포함),대구광역시,2세대가족,기혼,맞벌이 함,500-600만원 미만,0,0.332835821,0.492671928,0.05997819,0.843290891,0.146254072,0.32037487,0.726086957,실속형 미식가,편리성을 중시하면서도 새로운 맛과 제품을 시도하는 데 적극적인 소비자 그룹입니다. 가격에 민감하기보다는 효율성과 맛을 동시에 추구합니다.
553,한하은,여자,50대,판매 종사자,고졸(대학 재학 포함),세종특별자치시,1세대가족,기혼,맞벌이 함,500-600만원 미만,3,0.532089552,0.500187899,0.511995638,0.86287953,0.373289902,0.556751128,0.543478261,트렌드 주도형 소비자,"자신의 취향과 경험을 중시하는 소비자 그룹입니다. 단순히 배를 채우는 것 이상의 가치를 추구하며, 새로운 제품을 가장 먼저 경험하고 공유하려는 경향이 강합니다"
554,이서윤,여자,30대,사무 종사자,대학교 졸업(전문대졸/대학원생 포함),경기도,1인 가구,미혼(사별/이혼 포함),맞벌이 하지 않음,300-400만원 미만,3,0.832835821,0.473881999,0.426390403,0.882468168,0.482410423,0.317598056,0.813043478,트렌드 주도형 소비자,"자신의 취향과 경험을 중시하는 소비자 그룹입니다. 단순히 배를 채우는 것 이상의 가치를 추구하며, 새로운 제품을 가장 먼저 경험하고 공유하려는 경향이 강합니다"
555,한지우,여자,30대,서비스 종사자,대학교 졸업(전문대졸/대학원생 포함),대전광역시,1인 가구,미혼(사별/이혼 포함),맞벌이 하지 않음,100-200만원 미만,3,0.648507463,0.515219842,0.349236641,0.86287953,0.481107492,0.284970496,0.556521739,트렌드 주도형 소비자,"자신의 취향과 경험을 중시하는 소비자 그룹입니다. 단순히 배를 채우는 것 이상의 가치를 추구하며, 새로운 제품을 가장 먼저 경험하고 공유하려는 경향이 강합니다"
556,박하은,여자,50대,사무 종사자,대학교 졸업(전문대졸/대학원생 포함),부산광역시,2세대가족,기혼,맞벌이 함,700-800만원 미만,1,0.723880597,0.353626456,0.726826609,0.764936337,0.296416938,0.334258938,0.156521739,건강 추구형 소비자,가격이나 브랜드에 크게 구애받지 않고 건강을 최우선으로 고려하는 프리미엄 소비자 그룹입니다. 건강과 편리성을 모두 만족시키는 제품에 기꺼이 지갑을 엽니다.
557,이서준,여자,50대,주부,고졸(대학 재학 포함),경상북도,2세대가족,기혼,맞벌이 하지 않음,"1,000만원 이상",3,0.68880597,0.443818113,0.561886587,0.843290891,0.563192182,0.404720583,0.32173913,트렌드 주도형 소비자,"자신의 취향과 경험을 중시하는 소비자 그룹입니다. 단순히 배를 채우는 것 이상의 가치를 추구하며, 새로운 제품을 가장 먼저 경험하고 공유하려는 경향이 강합니다"
558,김하준,여자,40대,서비스 종사자,고졸(대학 재학 포함),대구광역시,1인 가구,미혼(사별/이혼 포함),맞벌이 하지 않음,200-300만원 미만,3,0.514179104,0.447576099,0.280806979,0.86287953,0.518566775,0.32037487,0.404347826,트렌드 주도형 소비자,"자신의 취향과 경험을 중시하는 소비자 그룹입니다. 단순히 배를 채우는 것 이상의 가치를 추구하며, 새로운 제품을 가장 먼저 경험하고 공유하려는 경향이 강합니다"
559,정서연,여자,60대 이상,주부,대학교 졸업(전문대졸/대학원생 포함),부산광역시,2세대가족,기혼,맞벌이 하지 않음,500-600만원 미만,1,0.708955224,0.361142428,0.722737186,0.764936337,0.876221498,0.362721277,0.130434783,건강 추구형 소비자,가격이나 브랜드에 크게 구애받지 않고 건강을 최우선으로 고려하는 프리미엄 소비자 그룹입니다. 건강과 편리성을 모두 만족시키는 제품에 기꺼이 지갑을 엽니다.
560,최예은,여자,60대 이상,주부,중졸 이하,대구광역시,1세대가족,기혼,맞벌이 하지 않음,100-200만원 미만,0,0.460447761,0.334836528,0.208015267,0.804113614,0.35732899,0.204790003,0.613043478,실속형 미식가,편리성을 중시하면서도 새로운 맛과 제품을 시도하는 데 적극적인 소비자 그룹입니다. 가격에 민감하기보다는 효율성과 맛을 동시에 추구합니다.
561,임지원,여자,50대,서비스 종사자,고졸(대학 재학 포함),경상북도,1세대가족,기혼,맞벌이 함,100-200만원 미만,0,0.454477612,0.500187899,0.444656489,0.823702253,0.323127036,0.419298855,0.470869565,실속형 미식가,편리성을 중시하면서도 새로운 맛과 제품을 시도하는 데 적극적인 소비자 그룹입니다. 가격에 민감하기보다는 효율성과 맛을 동시에 추구합니다.
562,박시우,여자,60대 이상,주부,중졸 이하,제주특별자치도,1인 가구,미혼(사별/이혼 포함),맞벌이 하지 않음,100만원 미만,0,0.063432836,0.360015032,0.317066521,0.78158668,0.129641694,0.610898993,0.317391304,실속형 미식가,편리성을 중시하면서도 새로운 맛과 제품을 시도하는 데 적극적인 소비자 그룹입니다. 가격에 민감하기보다는 효율성과 맛을 동시에 추구합니다.
563,이지원,여자,60대 이상,서비스 종사자,고졸(대학 재학 포함),경상북도,2세대가족,기혼,맞벌이 함,"1,000만원 이상",3,0.723880597,0.537767756,0.378407852,0.804113614,0.516286645,0.488024991,0.517391304,트렌드 주도형 소비자,"자신의 취향과 경험을 중시하는 소비자 그룹입니다. 단순히 배를 채우는 것 이상의 가치를 추구하며, 새로운 제품을 가장 먼저 경험하고 공유하려는 경향이 강합니다"
564,윤준서,남자,50대,서비스 종사자,고졸(대학 재학 포함),대구광역시,2세대가족,기혼,맞벌이 함,400-500만원 미만,3,0.541044776,0.425028185,0.284351145,0.843290891,0.363192182,0.271086428,0.617391304,트렌드 주도형 소비자,"자신의 취향과 경험을 중시하는 소비자 그룹입니다. 단순히 배를 채우는 것 이상의 가치를 추구하며, 새로운 제품을 가장 먼저 경험하고 공유하려는 경향이 강합니다"
565,임수아,남자,20대,서비스 종사자,대학교 졸업(전문대졸/대학원생 포함),대전광역시,2세대가족,기혼,맞벌이 하지 않음,200-300만원 미만,3,0.631343284,0.549041714,0.422300981,0.902056807,0.409120521,0.422769872,0.792608696,트렌드 주도형 소비자,"자신의 취향과 경험을 중시하는 소비자 그룹입니다. 단순히 배를 채우는 것 이상의 가치를 추구하며, 새로운 제품을 가장 먼저 경험하고 공유하려는 경향이 강합니다"
566,이서준,여자,60대 이상,농림어업 숙련 종사자,중졸 이하,전라북도,1세대가족,기혼,맞벌이 함,300-400만원 미만,1,0.313432836,0.360015032,0.552889858,0.78158668,0.429967427,0.543214162,0.37826087,건강 추구형 소비자,가격이나 브랜드에 크게 구애받지 않고 건강을 최우선으로 고려하는 프리미엄 소비자 그룹입니다. 건강과 편리성을 모두 만족시키는 제품에 기꺼이 지갑을 엽니다.
567,정수아,여자,40대,기능원 및 관련 기능 종사자,고졸(대학 재학 포함),대구광역시,2세대가족,기혼,맞벌이 함,400-500만원 미만,0,0.432089552,0.342352499,0.188113413,0.804113614,0.371986971,0.278722666,0.656521739,실속형 미식가,편리성을 중시하면서도 새로운 맛과 제품을 시도하는 데 적극적인 소비자 그룹입니다. 가격에 민감하기보다는 효율성과 맛을 동시에 추구합니다.
568,윤서윤,여자,60대 이상,서비스 종사자,고졸(대학 재학 포함),경상남도,1세대가족,기혼,맞벌이 함,400-500만원 미만,1,0.119402985,0.564073657,0.589694656,0.784524976,0.267100977,0.223880597,0.130434783,건강 추구형 소비자,가격이나 브랜드에 크게 구애받지 않고 건강을 최우선으로 고려하는 프리미엄 소비자 그룹입니다. 건강과 편리성을 모두 만족시키는 제품에 기꺼이 지갑을 엽니다.
569,박지호,여자,60대 이상,농림어업 숙련 종사자,고졸(대학 재학 포함),전라북도,1세대가족,기혼,맞벌이 함,400-500만원 미만,1,0.469402985,0.429537768,0.503816794,0.698334966,0.426384365,0.435265533,0.273913043,건강 추구형 소비자,가격이나 브랜드에 크게 구애받지 않고 건강을 최우선으로 고려하는 프리미엄 소비자 그룹입니다. 건강과 편리성을 모두 만족시키는 제품에 기꺼이 지갑을 엽니다.
570,윤민서,여자,60대 이상,판매 종사자,고졸(대학 재학 포함),경기도,1인 가구,미혼(사별/이혼 포함),맞벌이 하지 않음,200-300만원 미만,3,0.750746269,0.455092071,0.563794984,0.921645446,0.705211726,0.415133634,0.617391304,트렌드 주도형 소비자,"자신의 취향과 경험을 중시하는 소비자 그룹입니다. 단순히 배를 채우는 것 이상의 가치를 추구하며, 새로운 제품을 가장 먼저 경험하고 공유하려는 경향이 강합니다"
571,윤민준,여자,60대 이상,서비스 종사자,고졸(대학 재학 포함),경상북도,1세대가족,기혼,맞벌이 함,600-700만원 미만,3,0.67238806,0.601653514,0.411123228,0.86287953,0.382410423,0.372440125,0.347826087,트렌드 주도형 소비자,"자신의 취향과 경험을 중시하는 소비자 그룹입니다. 단순히 배를 채우는 것 이상의 가치를 추구하며, 새로운 제품을 가장 먼저 경험하고 공유하려는 경향이 강합니다"
572,윤서준,여자,40대,서비스 종사자,대학교 졸업(전문대졸/대학원생 포함),경상북도,2세대가족,기혼,맞벌이 함,800-900만원 미만,3,0.598507463,0.530251785,0.416575791,0.784524976,0.333876221,0.418604651,0.369565217,트렌드 주도형 소비자,"자신의 취향과 경험을 중시하는 소비자 그룹입니다. 단순히 배를 채우는 것 이상의 가치를 추구하며, 새로운 제품을 가장 먼저 경험하고 공유하려는 경향이 강합니다"
573,최서연,여자,60대 이상,주부,중졸 이하,경상남도,1인 가구,미혼(사별/이혼 포함),맞벌이 하지 않음,100-200만원 미만,1,0.151492537,0.552799699,0.464285714,0.686581783,0.310423453,0.399861159,0.07826087,건강 추구형 소비자,가격이나 브랜드에 크게 구애받지 않고 건강을 최우선으로 고려하는 프리미엄 소비자 그룹입니다. 건강과 편리성을 모두 만족시키는 제품에 기꺼이 지갑을 엽니다.
574,조채원,여자,60대 이상,농림어업 숙련 종사자,고졸(대학 재학 포함),전라북도,1인 가구,미혼(사별/이혼 포함),맞벌이 하지 않음,200-300만원 미만,3,0.517910448,0.450206689,0.35387132,0.820763957,0.451791531,0.468240194,0.330434783,트렌드 주도형 소비자,"자신의 취향과 경험을 중시하는 소비자 그룹입니다. 단순히 배를 채우는 것 이상의 가치를 추구하며, 새로운 제품을 가장 먼저 경험하고 공유하려는 경향이 강합니다"
575,김시우,여자,40대,주부,대학교 졸업(전문대졸/대학원생 포함),경상북도,2세대가족,기혼,맞벌이 하지 않음,400-500만원 미만,3,0.719402985,0.485155956,0.416575791,0.843290891,0.447557003,0.534883721,0.444782609,트렌드 주도형 소비자,"자신의 취향과 경험을 중시하는 소비자 그룹입니다. 단순히 배를 채우는 것 이상의 가치를 추구하며, 새로운 제품을 가장 먼저 경험하고 공유하려는 경향이 강합니다"
576,박하은,여자,50대,서비스 종사자,고졸(대학 재학 포함),경기도,2세대가족,미혼(사별/이혼 포함),맞벌이 하지 않음,400-500만원 미만,1,0.555970149,0.451334085,0.68865867,0.86287953,0.796742671,0.371745922,0.1,건강 추구형 소비자,가격이나 브랜드에 크게 구애받지 않고 건강을 최우선으로 고려하는 프리미엄 소비자 그룹입니다. 건강과 편리성을 모두 만족시키는 제품에 기꺼이 지갑을 엽니다.
577,조서연,여자,50대,주부,대학교 졸업(전문대졸/대학원생 포함),경기도,2세대가족,기혼,맞벌이 하지 않음,600-700만원 미만,3,0.780597015,0.462608042,0.543347874,0.921645446,0.609120521,0.337729955,0.704347826,트렌드 주도형 소비자,"자신의 취향과 경험을 중시하는 소비자 그룹입니다. 단순히 배를 채우는 것 이상의 가치를 추구하며, 새로운 제품을 가장 먼저 경험하고 공유하려는 경향이 강합니다"
578,강주원,여자,60대 이상,농림어업 숙련 종사자,고졸(대학 재학 포함),전라북도,1세대가족,기혼,맞벌이 함,400-500만원 미만,3,0.526119403,0.500187899,0.47655398,0.86287953,0.451140065,0.391183617,0.473913043,트렌드 주도형 소비자,"자신의 취향과 경험을 중시하는 소비자 그룹입니다. 단순히 배를 채우는 것 이상의 가치를 추구하며, 새로운 제품을 가장 먼저 경험하고 공유하려는 경향이 강합니다"
579,조시우,여자,60대 이상,주부,중졸 이하,대구광역시,1세대가족,기혼,맞벌이 하지 않음,200-300만원 미만,1,0.606716418,0.346110485,0.662758997,0.745347698,0.54495114,0.312044429,0.126086957,건강 추구형 소비자,가격이나 브랜드에 크게 구애받지 않고 건강을 최우선으로 고려하는 프리미엄 소비자 그룹입니다. 건강과 편리성을 모두 만족시키는 제품에 기꺼이 지갑을 엽니다.
580,최서윤,여자,60대 이상,농림어업 숙련 종사자,중졸 이하,전라북도,1세대가족,기혼,맞벌이 함,300-400만원 미만,3,0.595522388,0.492671928,0.473827699,0.843290891,0.46514658,0.429711906,0.456521739,트렌드 주도형 소비자,"자신의 취향과 경험을 중시하는 소비자 그룹입니다. 단순히 배를 채우는 것 이상의 가치를 추구하며, 새로운 제품을 가장 먼저 경험하고 공유하려는 경향이 강합니다"
581,정민준,여자,30대,사무 종사자,대학교 졸업(전문대졸/대학원생 포함),대구광역시,2세대가족,기혼,맞벌이 함,500-600만원 미만,3,0.447014925,0.334836528,0.269901854,0.784524976,0.489250814,0.279763971,0.473913043,트렌드 주도형 소비자,"자신의 취향과 경험을 중시하는 소비자 그룹입니다. 단순히 배를 채우는 것 이상의 가치를 추구하며, 새로운 제품을 가장 먼저 경험하고 공유하려는 경향이 강합니다"
582,최건우,여자,60대 이상,주부,중졸 이하,전라북도,1인 가구,미혼(사별/이혼 포함),맞벌이 하지 않음,100만원 미만,3,0.531343284,0.481397971,0.379770992,0.703232125,0.417589577,0.501909059,0.426086957,트렌드 주도형 소비자,"자신의 취향과 경험을 중시하는 소비자 그룹입니다. 단순히 배를 채우는 것 이상의 가치를 추구하며, 새로운 제품을 가장 먼저 경험하고 공유하려는 경향이 강합니다"
583,강채원,남자,50대,서비스 종사자,대학교 졸업(전문대졸/대학원생 포함),제주특별자치도,2세대가족,미혼(사별/이혼 포함),맞벌이 하지 않음,200-300만원 미만,3,0.623134328,0.500187899,0.17257361,0.72575906,0.392508143,0.239847275,0.58826087,트렌드 주도형 소비자,"자신의 취향과 경험을 중시하는 소비자 그룹입니다. 단순히 배를 채우는 것 이상의 가치를 추구하며, 새로운 제품을 가장 먼저 경험하고 공유하려는 경향이 강합니다"
584,이지원,여자,40대,사무 종사자,대학교 졸업(전문대졸/대학원생 포함),제주특별자치도,1인 가구,미혼(사별/이혼 포함),맞벌이 하지 않음,200-300만원 미만,3,0.785820896,0.492671928,0.499182116,0.86287953,0.631270358,0.30406109,0.517391304,트렌드 주도형 소비자,"자신의 취향과 경험을 중시하는 소비자 그룹입니다. 단순히 배를 채우는 것 이상의 가치를 추구하며, 새로운 제품을 가장 먼저 경험하고 공유하려는 경향이 강합니다"
585,이민준,여자,50대,서비스 종사자,대학교 졸업(전문대졸/대학원생 포함),대구광역시,2세대가족,기혼,맞벌이 함,500-600만원 미만,0,0.447014925,0.485155956,0.085332606,0.823702253,0.175570033,0.226657411,0.727391304,실속형 미식가,편리성을 중시하면서도 새로운 맛과 제품을 시도하는 데 적극적인 소비자 그룹입니다. 가격에 민감하기보다는 효율성과 맛을 동시에 추구합니다.
586,정서연,여자,30대,사무 종사자,대학교 졸업(전문대졸/대학원생 포함),서울특별시,1인 가구,미혼(사별/이혼 포함),맞벌이 하지 않음,200-300만원 미만,0,0.507462687,0.603532507,0.169847328,0.622918707,0.351465798,0.170079833,0.47826087,실속형 미식가,편리성을 중시하면서도 새로운 맛과 제품을 시도하는 데 적극적인 소비자 그룹입니다. 가격에 민감하기보다는 효율성과 맛을 동시에 추구합니다.
587,조채원,여자,40대,사무 종사자,대학교 졸업(전문대졸/대학원생 포함),인천광역시,1인 가구,미혼(사별/이혼 포함),맞벌이 하지 않음,300-400만원 미만,3,0.66641791,0.729425028,0.281897492,0.843290891,0.423127036,0.313432836,0.482608696,트렌드 주도형 소비자,"자신의 취향과 경험을 중시하는 소비자 그룹입니다. 단순히 배를 채우는 것 이상의 가치를 추구하며, 새로운 제품을 가장 먼저 경험하고 공유하려는 경향이 강합니다"
588,김도윤,여자,60대 이상,주부,중졸 이하,전라북도,1인 가구,미혼(사별/이혼 포함),맞벌이 하지 않음,100만원 미만,0,0.321641791,0.401352875,0.326608506,0.801175318,0.280456026,0.543561263,0.604347826,실속형 미식가,편리성을 중시하면서도 새로운 맛과 제품을 시도하는 데 적극적인 소비자 그룹입니다. 가격에 민감하기보다는 효율성과 맛을 동시에 추구합니다.
589,김지민,여자,30대,사무 종사자,대학교 졸업(전문대졸/대학원생 포함),제주특별자치도,2세대가족,기혼,맞벌이 함,400-500만원 미만,3,0.546268657,0.507703871,0.381134133,0.72575906,0.438762215,0.400902464,0.517391304,트렌드 주도형 소비자,"자신의 취향과 경험을 중시하는 소비자 그룹입니다. 단순히 배를 채우는 것 이상의 가치를 추구하며, 새로운 제품을 가장 먼저 경험하고 공유하려는 경향이 강합니다"
590,한채원,여자,30대,사무 종사자,대학교 졸업(전문대졸/대학원생 포함),제주특별자치도,2세대가족,기혼,맞벌이 함,500-600만원 미만,3,0.61641791,0.586621571,0.315703381,0.706170421,0.381433225,0.352655328,0.586956522,트렌드 주도형 소비자,"자신의 취향과 경험을 중시하는 소비자 그룹입니다. 단순히 배를 채우는 것 이상의 가치를 추구하며, 새로운 제품을 가장 먼저 경험하고 공유하려는 경향이 강합니다"
591,윤채원,여자,50대,서비스 종사자,대학교 졸업(전문대졸/대학원생 포함),대구광역시,2세대가족,기혼,맞벌이 함,600-700만원 미만,0,0.406716418,0.391206313,0.092693566,0.843290891,0.216612378,0.257896564,0.747826087,실속형 미식가,편리성을 중시하면서도 새로운 맛과 제품을 시도하는 데 적극적인 소비자 그룹입니다. 가격에 민감하기보다는 효율성과 맛을 동시에 추구합니다.
592,강민서,여자,50대,서비스 종사자,고졸(대학 재학 포함),제주특별자치도,1세대가족,기혼,맞벌이 함,500-600만원 미만,3,0.737313433,0.507703871,0.417393675,0.745347698,0.523778502,0.33460604,0.57826087,트렌드 주도형 소비자,"자신의 취향과 경험을 중시하는 소비자 그룹입니다. 단순히 배를 채우는 것 이상의 가치를 추구하며, 새로운 제품을 가장 먼저 경험하고 공유하려는 경향이 강합니다"
593,한건우,남자,60대 이상,서비스 종사자,대학교 졸업(전문대졸/대학원생 포함),경기도,1인 가구,미혼(사별/이혼 포함),맞벌이 하지 않음,300-400만원 미만,1,0.552985075,0.443818113,0.682388222,0.843290891,0.636482085,0.359944464,0.117391304,건강 추구형 소비자,가격이나 브랜드에 크게 구애받지 않고 건강을 최우선으로 고려하는 프리미엄 소비자 그룹입니다. 건강과 편리성을 모두 만족시키는 제품에 기꺼이 지갑을 엽니다.
594,최민서,여자,60대 이상,주부,중졸 이하,대구광역시,1세대가족,기혼,맞벌이 하지 않음,100-200만원 미만,0,0.500746269,0.453213078,0.332878953,0.779627816,0.257654723,0.30406109,0.708695652,실속형 미식가,편리성을 중시하면서도 새로운 맛과 제품을 시도하는 데 적극적인 소비자 그룹입니다. 가격에 민감하기보다는 효율성과 맛을 동시에 추구합니다.
595,김하준,여자,50대,서비스 종사자,고졸(대학 재학 포함),대구광역시,2세대가족,기혼,맞벌이 함,400-500만원 미만,0,0.432089552,0.383690342,0.171755725,0.823702253,0.336156352,0.287400208,0.656521739,실속형 미식가,편리성을 중시하면서도 새로운 맛과 제품을 시도하는 데 적극적인 소비자 그룹입니다. 가격에 민감하기보다는 효율성과 맛을 동시에 추구합니다.
596,최지우,여자,60대 이상,사무 종사자,고졸(대학 재학 포함),대구광역시,1세대가족,기혼,맞벌이 함,400-500만원 미만,3,0.531343284,0.714393085,0.285714286,0.804113614,0.34267101,0.364456786,0.452173913,트렌드 주도형 소비자,"자신의 취향과 경험을 중시하는 소비자 그룹입니다. 단순히 배를 채우는 것 이상의 가치를 추구하며, 새로운 제품을 가장 먼저 경험하고 공유하려는 경향이 강합니다"
597,임예준,여자,60대 이상,주부,고졸(대학 재학 포함),대구광역시,1세대가족,기혼,맞벌이 하지 않음,200-300만원 미만,0,0.487313433,0.477639985,0.248909487,0.823702253,0.281107492,0.265879903,0.67826087,실속형 미식가,편리성을 중시하면서도 새로운 맛과 제품을 시도하는 데 적극적인 소비자 그룹입니다. 가격에 민감하기보다는 효율성과 맛을 동시에 추구합니다.
598,한예은,여자,60대 이상,사무 종사자,고졸(대학 재학 포함),대구광역시,1세대가족,기혼,맞벌이 함,600-700만원 미만,0,0.326865672,0.71326569,0.480098146,0.820763957,0.380456026,0.253384242,0.456521739,실속형 미식가,편리성을 중시하면서도 새로운 맛과 제품을 시도하는 데 적극적인 소비자 그룹입니다. 가격에 민감하기보다는 효율성과 맛을 동시에 추구합니다.
599,이예준,남자,20대,기능원 및 관련 기능 종사자,대학교 졸업(전문대졸/대학원생 포함),대구광역시,1인 가구,미혼(사별/이혼 포함),맞벌이 하지 않음,300-400만원 미만,3,0.549253731,0.6580233,0.269356598,0.902056807,0.337459283,0.388059701,0.439130435,트렌드 주도형 소비자,"자신의 취향과 경험을 중시하는 소비자 그룹입니다. 단순히 배를 채우는 것 이상의 가치를 추구하며, 새로운 제품을 가장 먼저 경험하고 공유하려는 경향이 강합니다"
600,강지민,여자,60대 이상,사무 종사자,대학교 졸업(전문대졸/대학원생 포함),대구광역시,1세대가족,기혼,맞벌이 함,400-500만원 미만,3,0.652985075,0.616685457,0.517448201,0.764936337,0.507491857,0.414439431,0.391304348,트렌드 주도형 소비자,"자신의 취향과 경험을 중시하는 소비자 그룹입니다. 단순히 배를 채우는 것 이상의 가치를 추구하며, 새로운 제품을 가장 먼저 경험하고 공유하려는 경향이 강합니다"
601,한수아,남자,50대,기능원 및 관련 기능 종사자,대학교 졸업(전문대졸/대학원생 포함),대구광역시,1인 가구,미혼(사별/이혼 포함),맞벌이 하지 않음,200-300만원 미만,0,0.26119403,0.597519729,0.312431843,0.69539667,0.298371336,0.194376952,0.639130435,실속형 미식가,편리성을 중시하면서도 새로운 맛과 제품을 시도하는 데 적극적인 소비자 그룹입니다. 가격에 민감하기보다는 효율성과 맛을 동시에 추구합니다.
602,박건우,여자,50대,주부,대학교 졸업(전문대졸/대학원생 포함),경기도,2세대가족,기혼,맞벌이 하지 않음,500-600만원 미만,1,0.667164179,0.379932356,0.690567067,0.764936337,0.600651466,0.345019091,0.091304348,건강 추구형 소비자,가격이나 브랜드에 크게 구애받지 않고 건강을 최우선으로 고려하는 프리미엄 소비자 그룹입니다. 건강과 편리성을 모두 만족시키는 제품에 기꺼이 지갑을 엽니다.
603,조하은,여자,60대 이상,단순노무 종사자,중졸 이하,경상북도,1인 가구,미혼(사별/이혼 포함),맞벌이 하지 않음,100-200만원 미만,3,0.629850746,0.549041714,0.485550709,0.784524976,0.431270358,0.483512669,0.405652174,트렌드 주도형 소비자,"자신의 취향과 경험을 중시하는 소비자 그룹입니다. 단순히 배를 채우는 것 이상의 가치를 추구하며, 새로운 제품을 가장 먼저 경험하고 공유하려는 경향이 강합니다"
604,이시우,남자,60대 이상,기능원 및 관련 기능 종사자,고졸(대학 재학 포함),대구광역시,1인 가구,미혼(사별/이혼 포함),맞벌이 하지 않음,300-400만원 미만,3,0.567910448,0.586621571,0.308887677,0.764936337,0.420521173,0.34085387,0.295652174,트렌드 주도형 소비자,"자신의 취향과 경험을 중시하는 소비자 그룹입니다. 단순히 배를 채우는 것 이상의 가치를 추구하며, 새로운 제품을 가장 먼저 경험하고 공유하려는 경향이 강합니다"
605,조채원,여자,40대,사무 종사자,대학교 졸업(전문대졸/대학원생 포함),대구광역시,2세대가족,기혼,맞벌이 함,400-500만원 미만,0,0.208955224,0.590003758,0.535169029,0.69539667,0.301302932,0.23255814,0.534782609,실속형 미식가,편리성을 중시하면서도 새로운 맛과 제품을 시도하는 데 적극적인 소비자 그룹입니다. 가격에 민감하기보다는 효율성과 맛을 동시에 추구합니다.
606,김수아,여자,60대 이상,주부,대학교 졸업(전문대졸/대학원생 포함),대구광역시,1세대가족,기혼,맞벌이 하지 않음,200-300만원 미만,0,0.276119403,0.473506201,0.579334787,0.675808031,0.328338762,0.253384242,0.47826087,실속형 미식가,편리성을 중시하면서도 새로운 맛과 제품을 시도하는 데 적극적인 소비자 그룹입니다. 가격에 민감하기보다는 효율성과 맛을 동시에 추구합니다.
607,강준서,여자,60대 이상,판매 종사자,대학교 졸업(전문대졸/대학원생 포함),대전광역시,2세대가족,기혼,맞벌이 함,500-600만원 미만,1,0.397761194,0.627959414,0.641494002,0.86287953,0.421498371,0.325581395,0.282608696,건강 추구형 소비자,가격이나 브랜드에 크게 구애받지 않고 건강을 최우선으로 고려하는 프리미엄 소비자 그룹입니다. 건강과 편리성을 모두 만족시키는 제품에 기꺼이 지갑을 엽니다.
608,강건우,남자,40대,사무 종사자,대학교 졸업(전문대졸/대학원생 포함),대전광역시,2세대가족,기혼,맞벌이 함,600-700만원 미만,1,0.491791045,0.517098835,0.618593239,0.779627816,0.393811075,0.286706005,0.469565217,건강 추구형 소비자,가격이나 브랜드에 크게 구애받지 않고 건강을 최우선으로 고려하는 프리미엄 소비자 그룹입니다. 건강과 편리성을 모두 만족시키는 제품에 기꺼이 지갑을 엽니다.
609,조수아,여자,30대,사무 종사자,대학교 졸업(전문대졸/대학원생 포함),대전광역시,2세대가족,기혼,맞벌이 함,600-700만원 미만,1,0.464925373,0.498308906,0.747546347,0.818805093,0.555700326,0.264838598,0.360869565,건강 추구형 소비자,가격이나 브랜드에 크게 구애받지 않고 건강을 최우선으로 고려하는 프리미엄 소비자 그룹입니다. 건강과 편리성을 모두 만족시키는 제품에 기꺼이 지갑을 엽니다.
610,임서준,여자,50대,서비스 종사자,대학교 졸업(전문대졸/대학원생 포함),울산광역시,2세대가족,미혼(사별/이혼 포함),맞벌이 하지 않음,400-500만원 미만,3,0.559701493,0.552799699,0.446564885,0.980411361,0.448208469,0.284623395,0.534782609,트렌드 주도형 소비자,"자신의 취향과 경험을 중시하는 소비자 그룹입니다. 단순히 배를 채우는 것 이상의 가치를 추구하며, 새로운 제품을 가장 먼저 경험하고 공유하려는 경향이 강합니다"
611,이수아,여자,40대,사무 종사자,대학교 졸업(전문대졸/대학원생 포함),부산광역시,2세대가족,기혼,맞벌이 함,500-600만원 미만,0,0.373880597,0.530251785,0.341057797,0.902056807,0.499022801,0.343977785,0.344782609,실속형 미식가,편리성을 중시하면서도 새로운 맛과 제품을 시도하는 데 적극적인 소비자 그룹입니다. 가격에 민감하기보다는 효율성과 맛을 동시에 추구합니다.
612,정지우,여자,60대 이상,주부,고졸(대학 재학 포함),부산광역시,1세대가족,기혼,맞벌이 하지 않음,200-300만원 미만,0,0.244776119,0.481397971,0.369956379,0.784524976,0.349511401,0.194376952,0.413043478,실속형 미식가,편리성을 중시하면서도 새로운 맛과 제품을 시도하는 데 적극적인 소비자 그룹입니다. 가격에 민감하기보다는 효율성과 맛을 동시에 추구합니다.
613,한예은,여자,60대 이상,주부,대학교 졸업(전문대졸/대학원생 포함),부산광역시,1세대가족,기혼,맞벌이 하지 않음,200-300만원 미만,0,0.435074627,0.564073657,0.375954198,0.784524976,0.259283388,0.282193683,0.553478261,실속형 미식가,편리성을 중시하면서도 새로운 맛과 제품을 시도하는 데 적극적인 소비자 그룹입니다. 가격에 민감하기보다는 효율성과 맛을 동시에 추구합니다.
614,박하준,남자,60대 이상,사무 종사자,대학교 졸업(전문대졸/대학원생 포함),부산광역시,2세대가족,기혼,맞벌이 함,600-700만원 미만,0,0.402985075,0.590379557,0.143947655,0.72575906,0.376547231,0.341548074,0.27826087,실속형 미식가,편리성을 중시하면서도 새로운 맛과 제품을 시도하는 데 적극적인 소비자 그룹입니다. 가격에 민감하기보다는 효율성과 맛을 동시에 추구합니다.
615,윤서연,남자,50대,사무 종사자,대학교 졸업(전문대졸/대학원생 포함),강원도,2세대가족,기혼,맞벌이 함,800-900만원 미만,1,0.16641791,0.398722285,0.769083969,0.86287953,0.423127036,0.392224922,0.365217391,건강 추구형 소비자,가격이나 브랜드에 크게 구애받지 않고 건강을 최우선으로 고려하는 프리미엄 소비자 그룹입니다. 건강과 편리성을 모두 만족시키는 제품에 기꺼이 지갑을 엽니다.
616,임준서,여자,60대 이상,판매 종사자,고졸(대학 재학 포함),광주광역시,1세대가족,기혼,맞벌이 함,400-500만원 미만,3,0.523134328,0.432544156,0.31434024,0.72575906,0.39771987,0.409232905,0.434782609,트렌드 주도형 소비자,"자신의 취향과 경험을 중시하는 소비자 그룹입니다. 단순히 배를 채우는 것 이상의 가치를 추구하며, 새로운 제품을 가장 먼저 경험하고 공유하려는 경향이 강합니다"
617,조지원,여자,60대 이상,판매 종사자,고졸(대학 재학 포함),광주광역시,1세대가족,기혼,맞벌이 함,500-600만원 미만,0,0.476119403,0.402480271,0.330697928,0.666993144,0.386970684,0.378340854,0.486956522,실속형 미식가,편리성을 중시하면서도 새로운 맛과 제품을 시도하는 데 적극적인 소비자 그룹입니다. 가격에 민감하기보다는 효율성과 맛을 동시에 추구합니다.
618,김민서,남자,60대 이상,장치·기계 조작 및 조립 종사자,대학교 졸업(전문대졸/대학원생 포함),대구광역시,1세대가족,기혼,맞벌이 함,500-600만원 미만,3,0.651492537,0.740698985,0.341875682,0.902056807,0.453094463,0.377993752,0.352173913,트렌드 주도형 소비자,"자신의 취향과 경험을 중시하는 소비자 그룹입니다. 단순히 배를 채우는 것 이상의 가치를 추구하며, 새로운 제품을 가장 먼저 경험하고 공유하려는 경향이 강합니다"
619,최하준,여자,50대,주부,대학교 졸업(전문대졸/대학원생 포함),경기도,2세대가족,기혼,맞벌이 하지 않음,600-700만원 미만,1,0.52761194,0.500187899,0.706379498,0.86287953,0.859283388,0.315168344,0.082608696,건강 추구형 소비자,가격이나 브랜드에 크게 구애받지 않고 건강을 최우선으로 고려하는 프리미엄 소비자 그룹입니다. 건강과 편리성을 모두 만족시키는 제품에 기꺼이 지갑을 엽니다.
620,김주원,남자,60대 이상,판매 종사자,대학교 졸업(전문대졸/대학원생 포함),광주광역시,2세대가족,기혼,맞벌이 함,500-600만원 미만,3,0.504477612,0.394964299,0.205288986,0.764936337,0.403583062,0.279069767,0.5,트렌드 주도형 소비자,"자신의 취향과 경험을 중시하는 소비자 그룹입니다. 단순히 배를 채우는 것 이상의 가치를 추구하며, 새로운 제품을 가장 먼저 경험하고 공유하려는 경향이 강합니다"
621,한예준,여자,60대 이상,주부,고졸(대학 재학 포함),강원도,1세대가족,기혼,맞벌이 하지 않음,200-300만원 미만,1,0.104477612,0.383690342,0.777262814,0.843290891,0.399022801,0.410968414,0.27826087,건강 추구형 소비자,가격이나 브랜드에 크게 구애받지 않고 건강을 최우선으로 고려하는 프리미엄 소비자 그룹입니다. 건강과 편리성을 모두 만족시키는 제품에 기꺼이 지갑을 엽니다.
622,최시우,남자,30대,장치·기계 조작 및 조립 종사자,대학교 졸업(전문대졸/대학원생 포함),대구광역시,1인 가구,미혼(사별/이혼 포함),맞벌이 하지 않음,300-400만원 미만,1,0.47761194,0.334836528,0.575517993,0.745347698,0.459283388,0.333217633,0.065217391,건강 추구형 소비자,가격이나 브랜드에 크게 구애받지 않고 건강을 최우선으로 고려하는 프리미엄 소비자 그룹입니다. 건강과 편리성을 모두 만족시키는 제품에 기꺼이 지갑을 엽니다.
623,최서윤,여자,50대,주부,고졸(대학 재학 포함),대구광역시,1세대가족,기혼,맞벌이 하지 않음,300-400만원 미만,0,0.276119403,0.615558061,0.493456925,0.761998041,0.342996743,0.239500174,0.391304348,실속형 미식가,편리성을 중시하면서도 새로운 맛과 제품을 시도하는 데 적극적인 소비자 그룹입니다. 가격에 민감하기보다는 효율성과 맛을 동시에 추구합니다.
624,강예은,여자,60대 이상,사무 종사자,대학교 졸업(전문대졸/대학원생 포함),대구광역시,1세대가족,기혼,맞벌이 함,500-600만원 미만,3,0.609701493,0.691845171,0.512813522,0.921645446,0.458306189,0.423464075,0.42173913,트렌드 주도형 소비자,"자신의 취향과 경험을 중시하는 소비자 그룹입니다. 단순히 배를 채우는 것 이상의 가치를 추구하며, 새로운 제품을 가장 먼저 경험하고 공유하려는 경향이 강합니다"
625,강하준,여자,60대 이상,단순노무 종사자,고졸(대학 재학 포함),강원도,1인 가구,미혼(사별/이혼 포함),맞벌이 하지 않음,200-300만원 미만,1,0.089552239,0.383690342,0.746455834,0.823702253,0.339739414,0.455397431,0.375217391,건강 추구형 소비자,가격이나 브랜드에 크게 구애받지 않고 건강을 최우선으로 고려하는 프리미엄 소비자 그룹입니다. 건강과 편리성을 모두 만족시키는 제품에 기꺼이 지갑을 엽니다.
626,이시우,여자,60대 이상,판매 종사자,고졸(대학 재학 포함),광주광역시,2세대가족,기혼,맞벌이 함,600-700만원 미만,3,0.685820896,0.567831642,0.27344602,0.745347698,0.424104235,0.257896564,0.439130435,트렌드 주도형 소비자,"자신의 취향과 경험을 중시하는 소비자 그룹입니다. 단순히 배를 채우는 것 이상의 가치를 추구하며, 새로운 제품을 가장 먼저 경험하고 공유하려는 경향이 강합니다"
627,임서연,여자,50대,주부,대학교 졸업(전문대졸/대학원생 포함),경기도,2세대가족,기혼,맞벌이 하지 않음,500-600만원 미만,1,0.505970149,0.642991357,0.57606325,0.882468168,0.635830619,0.395348837,0.126086957,건강 추구형 소비자,가격이나 브랜드에 크게 구애받지 않고 건강을 최우선으로 고려하는 프리미엄 소비자 그룹입니다. 건강과 편리성을 모두 만족시키는 제품에 기꺼이 지갑을 엽니다.
628,윤도윤,여자,60대 이상,주부,고졸(대학 재학 포함),제주특별자치도,2세대가족,미혼(사별/이혼 포함),맞벌이 하지 않음,100-200만원 미만,0,0.521641791,0.413754228,0.120774264,0.569049951,0.300325733,0.175286359,0.539130435,실속형 미식가,편리성을 중시하면서도 새로운 맛과 제품을 시도하는 데 적극적인 소비자 그룹입니다. 가격에 민감하기보다는 효율성과 맛을 동시에 추구합니다.
629,한하은,여자,50대,서비스 종사자,대학교 졸업(전문대졸/대학원생 포함),제주특별자치도,2세대가족,기혼,맞벌이 하지 않음,300-400만원 미만,3,0.675373134,0.601653514,0.150218103,0.72575906,0.312703583,0.28982992,0.456521739,트렌드 주도형 소비자,"자신의 취향과 경험을 중시하는 소비자 그룹입니다. 단순히 배를 채우는 것 이상의 가치를 추구하며, 새로운 제품을 가장 먼저 경험하고 공유하려는 경향이 강합니다"
630,이지민,여자,40대,전문가 및 관련 종사자,대학교 졸업(전문대졸/대학원생 포함),제주특별자치도,1인 가구,미혼(사별/이혼 포함),맞벌이 하지 않음,100-200만원 미만,0,0.536567164,0.511461856,0.148582334,0.647404505,0.273289902,0.188476224,0.517391304,실속형 미식가,편리성을 중시하면서도 새로운 맛과 제품을 시도하는 데 적극적인 소비자 그룹입니다. 가격에 민감하기보다는 효율성과 맛을 동시에 추구합니다.
631,박지우,여자,20대,전문가 및 관련 종사자,대학원 졸업 이상,제주특별자치도,1인 가구,미혼(사별/이혼 포함),맞벌이 하지 않음,200-300만원 미만,3,0.660447761,0.721909057,0.092966194,0.666993144,0.262214984,0.182575495,0.291304348,트렌드 주도형 소비자,"자신의 취향과 경험을 중시하는 소비자 그룹입니다. 단순히 배를 채우는 것 이상의 가치를 추구하며, 새로운 제품을 가장 먼저 경험하고 공유하려는 경향이 강합니다"
632,임주원,남자,30대,기능원 및 관련 기능 종사자,대학교 졸업(전문대졸/대학원생 포함),대구광역시,1인 가구,미혼(사별/이혼 포함),맞벌이 하지 않음,300-400만원 미만,3,0.636567164,0.770762871,0.409214831,0.86287953,0.450162866,0.432835821,0.517391304,트렌드 주도형 소비자,"자신의 취향과 경험을 중시하는 소비자 그룹입니다. 단순히 배를 채우는 것 이상의 가치를 추구하며, 새로운 제품을 가장 먼저 경험하고 공유하려는 경향이 강합니다"
633,윤예은,남자,50대,사무 종사자,대학교 졸업(전문대졸/대학원생 포함),제주특별자치도,2세대가족,기혼,맞벌이 하지 않음,400-500만원 미만,3,0.641791045,0.830890643,0.19302072,0.72575906,0.276872964,0.183963901,0.327391304,트렌드 주도형 소비자,"자신의 취향과 경험을 중시하는 소비자 그룹입니다. 단순히 배를 채우는 것 이상의 가치를 추구하며, 새로운 제품을 가장 먼저 경험하고 공유하려는 경향이 강합니다"
634,조서윤,남자,20대,전문가 및 관련 종사자,대학교 졸업(전문대졸/대학원생 포함),제주특별자치도,1인 가구,미혼(사별/이혼 포함),맞벌이 하지 않음,200-300만원 미만,0,0.520895522,0.718151071,0.130316249,0.706170421,0.245276873,0.219715377,0.365217391,실속형 미식가,편리성을 중시하면서도 새로운 맛과 제품을 시도하는 데 적극적인 소비자 그룹입니다. 가격에 민감하기보다는 효율성과 맛을 동시에 추구합니다.
635,윤수아,여자,20대,전문가 및 관련 종사자,대학교 졸업(전문대졸/대학원생 포함),제주특별자치도,1인 가구,미혼(사별/이혼 포함),맞벌이 하지 않음,100-200만원 미만,0,0.559701493,0.650507328,0.167938931,0.706170421,0.306188925,0.353696633,0.404347826,실속형 미식가,편리성을 중시하면서도 새로운 맛과 제품을 시도하는 데 적극적인 소비자 그룹입니다. 가격에 민감하기보다는 효율성과 맛을 동시에 추구합니다.
636,조지호,남자,60대 이상,기능원 및 관련 기능 종사자,대학교 졸업(전문대졸/대학원생 포함),대구광역시,1세대가족,기혼,맞벌이 하지 않음,300-400만원 미만,1,0.276119403,0.378804961,0.661941112,0.761998041,0.386319218,0.270739327,0.408695652,건강 추구형 소비자,가격이나 브랜드에 크게 구애받지 않고 건강을 최우선으로 고려하는 프리미엄 소비자 그룹입니다. 건강과 편리성을 모두 만족시키는 제품에 기꺼이 지갑을 엽니다.
637,김건우,여자,30대,사무 종사자,대학교 졸업(전문대졸/대학원생 포함),대구광역시,1세대가족,기혼,맞벌이 함,600-700만원 미만,0,0.242537313,0.502066892,0.389858233,0.779627816,0.328338762,0.215203054,0.42173913,실속형 미식가,편리성을 중시하면서도 새로운 맛과 제품을 시도하는 데 적극적인 소비자 그룹입니다. 가격에 민감하기보다는 효율성과 맛을 동시에 추구합니다.
638,한서윤,여자,60대 이상,주부,고졸(대학 재학 포함),경기도,1인 가구,미혼(사별/이혼 포함),맞벌이 하지 않음,200-300만원 미만,1,0.68880597,0.530251785,0.65785169,0.941234084,0.86514658,0.335300243,0.1,건강 추구형 소비자,가격이나 브랜드에 크게 구애받지 않고 건강을 최우선으로 고려하는 프리미엄 소비자 그룹입니다. 건강과 편리성을 모두 만족시키는 제품에 기꺼이 지갑을 엽니다.
639,강하준,여자,60대 이상,서비스 종사자,고졸(대학 재학 포함),대구광역시,1세대가족,기혼,맞벌이 함,400-500만원 미만,1,0.276119403,0.413378429,0.672028353,0.656219393,0.286644951,0.211732037,0.430434783,건강 추구형 소비자,가격이나 브랜드에 크게 구애받지 않고 건강을 최우선으로 고려하는 프리미엄 소비자 그룹입니다. 건강과 편리성을 모두 만족시키는 제품에 기꺼이 지갑을 엽니다.
640,정예준,여자,50대,주부,고졸(대학 재학 포함),강원도,1세대가족,기혼,맞벌이 하지 않음,500-600만원 미만,1,0.136567164,0.391206313,0.696837514,0.86287953,0.330944625,0.375216939,0.396956522,건강 추구형 소비자,가격이나 브랜드에 크게 구애받지 않고 건강을 최우선으로 고려하는 프리미엄 소비자 그룹입니다. 건강과 편리성을 모두 만족시키는 제품에 기꺼이 지갑을 엽니다.
641,조하은,여자,50대,서비스 종사자,고졸(대학 재학 포함),대구광역시,2세대가족,기혼,맞벌이 하지 않음,200-300만원 미만,1,0.343283582,0.461480646,0.638222465,0.761998041,0.386970684,0.263797293,0.469565217,건강 추구형 소비자,가격이나 브랜드에 크게 구애받지 않고 건강을 최우선으로 고려하는 프리미엄 소비자 그룹입니다. 건강과 편리성을 모두 만족시키는 제품에 기꺼이 지갑을 엽니다.
642,임민준,여자,50대,서비스 종사자,대학교 졸업(전문대졸/대학원생 포함),대구광역시,1인 가구,미혼(사별/이혼 포함),맞벌이 하지 않음,300-400만원 미만,0,0.276119403,0.353250658,0.461559433,0.656219393,0.293159609,0.277681361,0.5,실속형 미식가,편리성을 중시하면서도 새로운 맛과 제품을 시도하는 데 적극적인 소비자 그룹입니다. 가격에 민감하기보다는 효율성과 맛을 동시에 추구합니다.
643,이서준,여자,60대 이상,주부,고졸(대학 재학 포함),대구광역시,1세대가족,기혼,맞벌이 하지 않음,200-300만원 미만,1,0.294776119,0.488538144,0.625136314,0.69539667,0.330618893,0.239500174,0.456521739,건강 추구형 소비자,가격이나 브랜드에 크게 구애받지 않고 건강을 최우선으로 고려하는 프리미엄 소비자 그룹입니다. 건강과 편리성을 모두 만족시키는 제품에 기꺼이 지갑을 엽니다.
644,조지민,여자,60대 이상,서비스 종사자,대학교 졸업(전문대졸/대학원생 포함),대구광역시,2세대가족,기혼,맞벌이 함,600-700만원 미만,3,0.532089552,0.579105599,0.600599782,0.823702253,0.467752443,0.432141617,0.491304348,트렌드 주도형 소비자,"자신의 취향과 경험을 중시하는 소비자 그룹입니다. 단순히 배를 채우는 것 이상의 가치를 추구하며, 새로운 제품을 가장 먼저 경험하고 공유하려는 경향이 강합니다"
645,한지민,남자,50대,전문가 및 관련 종사자,대학교 졸업(전문대졸/대학원생 포함),경기도,1인 가구,미혼(사별/이혼 포함),맞벌이 하지 않음,400-500만원 미만,1,0.635074627,0.571589628,0.567884406,0.823702253,0.725081433,0.389101007,0.1,건강 추구형 소비자,가격이나 브랜드에 크게 구애받지 않고 건강을 최우선으로 고려하는 프리미엄 소비자 그룹입니다. 건강과 편리성을 모두 만족시키는 제품에 기꺼이 지갑을 엽니다.
646,박수아,여자,60대 이상,주부,중졸 이하,강원도,1세대가족,기혼,맞벌이 하지 않음,200-300만원 미만,1,0.123134328,0.398722285,0.638222465,0.86287953,0.340390879,0.447761194,0.37826087,건강 추구형 소비자,가격이나 브랜드에 크게 구애받지 않고 건강을 최우선으로 고려하는 프리미엄 소비자 그룹입니다. 건강과 편리성을 모두 만족시키는 제품에 기꺼이 지갑을 엽니다.
647,정시우,여자,60대 이상,판매 종사자,고졸(대학 재학 포함),제주특별자치도,1세대가족,기혼,맞벌이 함,"1,000만원 이상",1,0.332835821,0.338594513,0.833969466,0.706170421,0.690228013,0.18569941,0.08826087,건강 추구형 소비자,가격이나 브랜드에 크게 구애받지 않고 건강을 최우선으로 고려하는 프리미엄 소비자 그룹입니다. 건강과 편리성을 모두 만족시키는 제품에 기꺼이 지갑을 엽니다.
648,최시우,여자,30대,사무 종사자,대학교 졸업(전문대졸/대학원생 포함),인천광역시,1세대가족,기혼,맞벌이 함,500-600만원 미만,3,0.535074627,0.513340849,0.329334787,0.779627816,0.324104235,0.333911836,0.747826087,트렌드 주도형 소비자,"자신의 취향과 경험을 중시하는 소비자 그룹입니다. 단순히 배를 채우는 것 이상의 가치를 추구하며, 새로운 제품을 가장 먼저 경험하고 공유하려는 경향이 강합니다"
649,임서연,여자,60대 이상,주부,중졸 이하,강원도,1인 가구,미혼(사별/이혼 포함),맞벌이 하지 않음,100-200만원 미만,1,0.123134328,0.458850056,0.721919302,0.86287953,0.383713355,0.487330788,0.257826087,건강 추구형 소비자,가격이나 브랜드에 크게 구애받지 않고 건강을 최우선으로 고려하는 프리미엄 소비자 그룹입니다. 건강과 편리성을 모두 만족시키는 제품에 기꺼이 지갑을 엽니다.
650,한서윤,여자,60대 이상,판매 종사자,고졸(대학 재학 포함),세종특별자치시,1세대가족,기혼,맞벌이 함,500-600만원 미만,3,0.638059701,0.496429914,0.517448201,0.804113614,0.360912052,0.484206873,0.408695652,트렌드 주도형 소비자,"자신의 취향과 경험을 중시하는 소비자 그룹입니다. 단순히 배를 채우는 것 이상의 가치를 추구하며, 새로운 제품을 가장 먼저 경험하고 공유하려는 경향이 강합니다"
651,강서연,여자,50대,관리자,대학교 졸업(전문대졸/대학원생 포함),인천광역시,2세대가족,기혼,맞벌이 함,800-900만원 미만,3,0.559701493,0.396843292,0.401035987,0.838393732,0.375570033,0.307532107,0.83173913,트렌드 주도형 소비자,"자신의 취향과 경험을 중시하는 소비자 그룹입니다. 단순히 배를 채우는 것 이상의 가치를 추구하며, 새로운 제품을 가장 먼저 경험하고 공유하려는 경향이 강합니다"
652,이하은,남자,60대 이상,판매 종사자,고졸(대학 재학 포함),경상북도,2세대가족,미혼(사별/이혼 포함),맞벌이 하지 않음,300-400만원 미만,0,0.23880597,0.531379181,0.229825518,0.706170421,0.337459283,0.359597362,0.404347826,실속형 미식가,편리성을 중시하면서도 새로운 맛과 제품을 시도하는 데 적극적인 소비자 그룹입니다. 가격에 민감하기보다는 효율성과 맛을 동시에 추구합니다.
653,조채원,남자,30대,서비스 종사자,대학교 졸업(전문대졸/대학원생 포함),경상북도,3세대가족,기혼,맞벌이 하지 않음,400-500만원 미만,0,0.156716418,0.402480271,0.398037077,0.764936337,0.33257329,0.202360292,0.247826087,실속형 미식가,편리성을 중시하면서도 새로운 맛과 제품을 시도하는 데 적극적인 소비자 그룹입니다. 가격에 민감하기보다는 효율성과 맛을 동시에 추구합니다.
654,최준서,남자,60대 이상,단순노무 종사자,중졸 이하,경상북도,1인 가구,미혼(사별/이혼 포함),맞벌이 하지 않음,300-400만원 미만,0,0.158955224,0.599022924,0.122955289,0.86287953,0.257980456,0.281152378,0.553478261,실속형 미식가,편리성을 중시하면서도 새로운 맛과 제품을 시도하는 데 적극적인 소비자 그룹입니다. 가격에 민감하기보다는 효율성과 맛을 동시에 추구합니다.
655,김하은,여자,50대,사무 종사자,대학교 졸업(전문대졸/대학원생 포함),경상북도,1세대가족,기혼,맞벌이 함,400-500만원 미만,0,0.22238806,0.601653514,0.214558342,0.804113614,0.221824104,0.40194377,0.530434783,실속형 미식가,편리성을 중시하면서도 새로운 맛과 제품을 시도하는 데 적극적인 소비자 그룹입니다. 가격에 민감하기보다는 효율성과 맛을 동시에 추구합니다.
656,한건우,여자,50대,서비스 종사자,고졸(대학 재학 포함),충청남도,1인 가구,미혼(사별/이혼 포함),맞벌이 하지 않음,200-300만원 미만,3,0.602985075,0.777527245,0.27344602,0.799216454,0.272964169,0.456785838,0.469565217,트렌드 주도형 소비자,"자신의 취향과 경험을 중시하는 소비자 그룹입니다. 단순히 배를 채우는 것 이상의 가치를 추구하며, 새로운 제품을 가장 먼저 경험하고 공유하려는 경향이 강합니다"
657,박건우,여자,50대,사무 종사자,대학교 졸업(전문대졸/대학원생 포함),충청남도,2세대가족,기혼,맞벌이 함,600-700만원 미만,3,0.676119403,0.748966554,0.389312977,0.717923604,0.3752443,0.451232211,0.565217391,트렌드 주도형 소비자,"자신의 취향과 경험을 중시하는 소비자 그룹입니다. 단순히 배를 채우는 것 이상의 가치를 추구하며, 새로운 제품을 가장 먼저 경험하고 공유하려는 경향이 강합니다"
658,윤민준,여자,40대,주부,대학교 졸업(전문대졸/대학원생 포함),충청남도,2세대가족,기혼,맞벌이 하지 않음,600-700만원 미만,3,0.748507463,0.761367907,0.363413304,0.838393732,0.370032573,0.533495314,0.595652174,트렌드 주도형 소비자,"자신의 취향과 경험을 중시하는 소비자 그룹입니다. 단순히 배를 채우는 것 이상의 가치를 추구하며, 새로운 제품을 가장 먼저 경험하고 공유하려는 경향이 강합니다"
659,윤채원,여자,50대,서비스 종사자,대학교 졸업(전문대졸/대학원생 포함),충청남도,2세대가족,기혼,맞벌이 함,700-800만원 미만,3,0.632835821,0.889139421,0.312431843,0.799216454,0.373941368,0.430059007,0.460869565,트렌드 주도형 소비자,"자신의 취향과 경험을 중시하는 소비자 그룹입니다. 단순히 배를 채우는 것 이상의 가치를 추구하며, 새로운 제품을 가장 먼저 경험하고 공유하려는 경향이 강합니다"
660,정예은,여자,50대,서비스 종사자,대학교 졸업(전문대졸/대학원생 포함),충청남도,1인 가구,미혼(사별/이혼 포함),맞벌이 하지 않음,200-300만원 미만,0,0.552985075,0.689966178,0.147491821,0.897159647,0.257654723,0.266921208,0.473913043,실속형 미식가,편리성을 중시하면서도 새로운 맛과 제품을 시도하는 데 적극적인 소비자 그룹입니다. 가격에 민감하기보다는 효율성과 맛을 동시에 추구합니다.
661,임건우,여자,40대,서비스 종사자,대학교 졸업(전문대졸/대학원생 포함),충청남도,1인 가구,미혼(사별/이혼 포함),맞벌이 하지 않음,200-300만원 미만,3,0.641791045,0.611048478,0.060796074,0.7208619,0.260586319,0.399861159,0.530434783,트렌드 주도형 소비자,"자신의 취향과 경험을 중시하는 소비자 그룹입니다. 단순히 배를 채우는 것 이상의 가치를 추구하며, 새로운 제품을 가장 먼저 경험하고 공유하려는 경향이 강합니다"
662,강주원,여자,60대 이상,주부,고졸(대학 재학 포함),강원도,1세대가족,기혼,맞벌이 하지 않음,200-300만원 미만,1,0.108208955,0.440060128,0.762813522,0.882468168,0.419543974,0.431794516,0.295652174,건강 추구형 소비자,가격이나 브랜드에 크게 구애받지 않고 건강을 최우선으로 고려하는 프리미엄 소비자 그룹입니다. 건강과 편리성을 모두 만족시키는 제품에 기꺼이 지갑을 엽니다.
663,임도윤,여자,60대 이상,서비스 종사자,고졸(대학 재학 포함),전라남도,1세대가족,기혼,맞벌이 함,400-500만원 미만,0,0.368656716,0.333709132,0.308887677,0.64446621,0.294462541,0.27143353,0.595652174,실속형 미식가,편리성을 중시하면서도 새로운 맛과 제품을 시도하는 데 적극적인 소비자 그룹입니다. 가격에 민감하기보다는 효율성과 맛을 동시에 추구합니다.
664,윤시우,남자,60대 이상,단순노무 종사자,고졸(대학 재학 포함),강원도,1인 가구,미혼(사별/이혼 포함),맞벌이 하지 않음,200-300만원 미만,1,0.156716418,0.473881999,0.667393675,0.86287953,0.383713355,0.499132246,0.252173913,건강 추구형 소비자,가격이나 브랜드에 크게 구애받지 않고 건강을 최우선으로 고려하는 프리미엄 소비자 그룹입니다. 건강과 편리성을 모두 만족시키는 제품에 기꺼이 지갑을 엽니다.
665,강도윤,여자,50대,서비스 종사자,고졸(대학 재학 포함),전라남도,2세대가족,기혼,맞벌이 함,600-700만원 미만,1,0.494776119,0.346110485,0.499727372,0.784524976,0.581758958,0.380423464,0.386956522,건강 추구형 소비자,가격이나 브랜드에 크게 구애받지 않고 건강을 최우선으로 고려하는 프리미엄 소비자 그룹입니다. 건강과 편리성을 모두 만족시키는 제품에 기꺼이 지갑을 엽니다.
666,박준서,여자,60대 이상,판매 종사자,고졸(대학 재학 포함),울산광역시,3세대가족,기혼,맞벌이 함,300-400만원 미만,0,0.241044776,0.729425028,0.279716467,0.823702253,0.142019544,0.285317598,0.482608696,실속형 미식가,편리성을 중시하면서도 새로운 맛과 제품을 시도하는 데 적극적인 소비자 그룹입니다. 가격에 민감하기보다는 효율성과 맛을 동시에 추구합니다.
667,최예은,여자,60대 이상,농림어업 숙련 종사자,고졸(대학 재학 포함),전라남도,1세대가족,기혼,맞벌이 함,400-500만원 미만,3,0.526119403,0.331078542,0.297982552,0.72575906,0.503257329,0.287400208,0.444782609,트렌드 주도형 소비자,"자신의 취향과 경험을 중시하는 소비자 그룹입니다. 단순히 배를 채우는 것 이상의 가치를 추구하며, 새로운 제품을 가장 먼저 경험하고 공유하려는 경향이 강합니다"
668,한하은,여자,50대,판매 종사자,대학교 졸업(전문대졸/대학원생 포함),울산광역시,2세대가족,미혼(사별/이혼 포함),맞벌이 하지 않음,400-500만원 미만,3,0.606716418,0.853438557,0.29089422,0.706170421,0.251791531,0.271780632,0.326086957,트렌드 주도형 소비자,"자신의 취향과 경험을 중시하는 소비자 그룹입니다. 단순히 배를 채우는 것 이상의 가치를 추구하며, 새로운 제품을 가장 먼저 경험하고 공유하려는 경향이 강합니다"
669,조지우,여자,40대,전문가 및 관련 종사자,대학교 졸업(전문대졸/대학원생 포함),서울특별시,2세대가족,기혼,맞벌이 함,600-700만원 미만,3,0.529850746,0.567831642,0.289258451,0.843290891,0.304560261,0.219715377,0.7,트렌드 주도형 소비자,"자신의 취향과 경험을 중시하는 소비자 그룹입니다. 단순히 배를 채우는 것 이상의 가치를 추구하며, 새로운 제품을 가장 먼저 경험하고 공유하려는 경향이 강합니다"
670,최건우,남자,50대,판매 종사자,고졸(대학 재학 포함),울산광역시,1인 가구,기혼,맞벌이 하지 않음,400-500만원 미만,3,0.673880597,0.751972943,0.332333697,0.784524976,0.35276873,0.26726831,0.58826087,트렌드 주도형 소비자,"자신의 취향과 경험을 중시하는 소비자 그룹입니다. 단순히 배를 채우는 것 이상의 가치를 추구하며, 새로운 제품을 가장 먼저 경험하고 공유하려는 경향이 강합니다"
671,강하준,여자,60대 이상,서비스 종사자,고졸(대학 재학 포함),제주특별자치도,2세대가족,기혼,맞벌이 함,400-500만원 미만,0,0.284328358,0.6580233,0.270719738,0.784524976,0.202605863,0.552933009,0.649130435,실속형 미식가,편리성을 중시하면서도 새로운 맛과 제품을 시도하는 데 적극적인 소비자 그룹입니다. 가격에 민감하기보다는 효율성과 맛을 동시에 추구합니다.
672,정예준,여자,60대 이상,판매 종사자,대학교 졸업(전문대졸/대학원생 포함),울산광역시,2세대가족,기혼,맞벌이 함,500-600만원 미만,3,0.73358209,0.751972943,0.377589967,0.804113614,0.388599349,0.253384242,0.482608696,트렌드 주도형 소비자,"자신의 취향과 경험을 중시하는 소비자 그룹입니다. 단순히 배를 채우는 것 이상의 가치를 추구하며, 새로운 제품을 가장 먼저 경험하고 공유하려는 경향이 강합니다"
673,김수아,여자,50대,사무 종사자,대학교 졸업(전문대졸/대학원생 포함),울산광역시,2세대가족,기혼,맞벌이 함,500-600만원 미만,3,0.671641791,0.6580233,0.38740458,0.784524976,0.366775244,0.222145089,0.647826087,트렌드 주도형 소비자,"자신의 취향과 경험을 중시하는 소비자 그룹입니다. 단순히 배를 채우는 것 이상의 가치를 추구하며, 새로운 제품을 가장 먼저 경험하고 공유하려는 경향이 강합니다"
674,한건우,여자,60대 이상,전문가 및 관련 종사자,대학원 졸업 이상,제주특별자치도,3세대가족,기혼,맞벌이 함,400-500만원 미만,0,0.104477612,0.338594513,0.261995638,0.72575906,0.268729642,0.503297466,0.6,실속형 미식가,편리성을 중시하면서도 새로운 맛과 제품을 시도하는 데 적극적인 소비자 그룹입니다. 가격에 민감하기보다는 효율성과 맛을 동시에 추구합니다.
675,이수아,여자,60대 이상,주부,대학교 졸업(전문대졸/대학원생 포함),울산광역시,2세대가족,기혼,맞벌이 하지 않음,600-700만원 미만,0,0.223880597,0.767004885,0.50436205,0.784524976,0.141042345,0.215203054,0.540434783,실속형 미식가,편리성을 중시하면서도 새로운 맛과 제품을 시도하는 데 적극적인 소비자 그룹입니다. 가격에 민감하기보다는 효율성과 맛을 동시에 추구합니다.
676,최건우,여자,60대 이상,주부,대학교 졸업(전문대졸/대학원생 포함),울산광역시,1인 가구,미혼(사별/이혼 포함),맞벌이 하지 않음,100-200만원 미만,0,0.305970149,0.788801203,0.402399128,0.642507346,0.214983713,0.222145089,0.396956522,실속형 미식가,편리성을 중시하면서도 새로운 맛과 제품을 시도하는 데 적극적인 소비자 그룹입니다. 가격에 민감하기보다는 효율성과 맛을 동시에 추구합니다.
677,한수아,남자,60대 이상,사무 종사자,대학교 졸업(전문대졸/대학원생 포함),울산광역시,1세대가족,기혼,맞벌이 함,500-600만원 미만,0,0.268656716,0.699361142,0.381952017,0.784524976,0.221498371,0.260326276,0.61,실속형 미식가,편리성을 중시하면서도 새로운 맛과 제품을 시도하는 데 적극적인 소비자 그룹입니다. 가격에 민감하기보다는 효율성과 맛을 동시에 추구합니다.
678,김예준,여자,60대 이상,주부,중졸 이하,울산광역시,1인 가구,미혼(사별/이혼 포함),맞벌이 하지 않음,100-200만원 미만,0,0.134328358,0.715520481,0.453653217,0.764936337,0.147557003,0.392224922,0.562173913,실속형 미식가,편리성을 중시하면서도 새로운 맛과 제품을 시도하는 데 적극적인 소비자 그룹입니다. 가격에 민감하기보다는 효율성과 맛을 동시에 추구합니다.
679,윤서연,여자,60대 이상,사무 종사자,대학교 졸업(전문대졸/대학원생 포함),대구광역시,1세대가족,기혼,맞벌이 함,400-500만원 미만,1,0.405223881,0.353626456,0.686477644,0.764936337,0.272312704,0.338424158,0.12173913,건강 추구형 소비자,가격이나 브랜드에 크게 구애받지 않고 건강을 최우선으로 고려하는 프리미엄 소비자 그룹입니다. 건강과 편리성을 모두 만족시키는 제품에 기꺼이 지갑을 엽니다.
680,최민서,여자,40대,판매 종사자,대학교 졸업(전문대졸/대학원생 포함),제주특별자치도,2세대가족,기혼,맞벌이 함,500-600만원 미만,0,0.361940299,0.379932356,0.324972737,0.72575906,0.291530945,0.430406109,0.547826087,실속형 미식가,편리성을 중시하면서도 새로운 맛과 제품을 시도하는 데 적극적인 소비자 그룹입니다. 가격에 민감하기보다는 효율성과 맛을 동시에 추구합니다.
681,조채원,여자,60대 이상,서비스 종사자,대학교 졸업(전문대졸/대학원생 포함),울산광역시,2세대가족,기혼,맞벌이 함,500-600만원 미만,0,0.156716418,0.642991357,0.329880044,0.745347698,0.183387622,0.461645262,0.626086957,실속형 미식가,편리성을 중시하면서도 새로운 맛과 제품을 시도하는 데 적극적인 소비자 그룹입니다. 가격에 민감하기보다는 효율성과 맛을 동시에 추구합니다.
682,강서준,여자,60대 이상,사무 종사자,대학교 졸업(전문대졸/대학원생 포함),제주특별자치도,2세대가족,기혼,맞벌이 함,400-500만원 미만,0,0.074626866,0.530251785,0.359323882,0.764936337,0.035830619,0.346407497,0.644782609,실속형 미식가,편리성을 중시하면서도 새로운 맛과 제품을 시도하는 데 적극적인 소비자 그룹입니다. 가격에 민감하기보다는 효율성과 맛을 동시에 추구합니다.
683,박주원,여자,60대 이상,서비스 종사자,고졸(대학 재학 포함),서울특별시,1세대가족,기혼,맞벌이 함,400-500만원 미만,3,0.589552239,0.425028185,0.446292257,0.86287953,0.455374593,0.31829226,0.704347826,트렌드 주도형 소비자,"자신의 취향과 경험을 중시하는 소비자 그룹입니다. 단순히 배를 채우는 것 이상의 가치를 추구하며, 새로운 제품을 가장 먼저 경험하고 공유하려는 경향이 강합니다"
684,조수아,여자,60대 이상,서비스 종사자,중졸 이하,대구광역시,1세대가족,기혼,맞벌이 함,500-600만원 미만,3,0.679104478,0.373167982,0.296074155,0.796278159,0.276872964,0.436306838,0.956521739,트렌드 주도형 소비자,"자신의 취향과 경험을 중시하는 소비자 그룹입니다. 단순히 배를 채우는 것 이상의 가치를 추구하며, 새로운 제품을 가장 먼저 경험하고 공유하려는 경향이 강합니다"
685,최서준,여자,60대 이상,판매 종사자,고졸(대학 재학 포함),경상북도,1인 가구,미혼(사별/이혼 포함),맞벌이 하지 않음,100-200만원 미만,0,0.208955224,0.473506201,0.554252999,0.675808031,0.234527687,0.23255814,0.413043478,실속형 미식가,편리성을 중시하면서도 새로운 맛과 제품을 시도하는 데 적극적인 소비자 그룹입니다. 가격에 민감하기보다는 효율성과 맛을 동시에 추구합니다.
686,최예은,여자,30대,사무 종사자,대학교 졸업(전문대졸/대학원생 포함),서울특별시,1세대가족,기혼,맞벌이 함,600-700만원 미만,1,0.399253731,0.556557685,0.658669575,0.921645446,0.429641694,0.60603957,0.426086957,건강 추구형 소비자,가격이나 브랜드에 크게 구애받지 않고 건강을 최우선으로 고려하는 프리미엄 소비자 그룹입니다. 건강과 편리성을 모두 만족시키는 제품에 기꺼이 지갑을 엽니다.
687,박민준,여자,60대 이상,주부,고졸(대학 재학 포함),경상북도,2세대가족,기혼,맞벌이 하지 않음,500-600만원 미만,1,0.208955224,0.499812101,0.667666303,0.636630754,0.338762215,0.23255814,0.391304348,건강 추구형 소비자,가격이나 브랜드에 크게 구애받지 않고 건강을 최우선으로 고려하는 프리미엄 소비자 그룹입니다. 건강과 편리성을 모두 만족시키는 제품에 기꺼이 지갑을 엽니다.
688,임준서,여자,30대,사무 종사자,대학교 졸업(전문대졸/대학원생 포함),경상북도,1세대가족,기혼,맞벌이 함,500-600만원 미만,0,0.22238806,0.575347614,0.387949836,0.72575906,0.314983713,0.330787921,0.4,실속형 미식가,편리성을 중시하면서도 새로운 맛과 제품을 시도하는 데 적극적인 소비자 그룹입니다. 가격에 민감하기보다는 효율성과 맛을 동시에 추구합니다.
689,임지우,여자,60대 이상,주부,고졸(대학 재학 포함),경상북도,1세대가족,기혼,맞벌이 하지 않음,300-400만원 미만,0,0.276119403,0.520856821,0.464558342,0.760039177,0.489250814,0.331482124,0.453478261,실속형 미식가,편리성을 중시하면서도 새로운 맛과 제품을 시도하는 데 적극적인 소비자 그룹입니다. 가격에 민감하기보다는 효율성과 맛을 동시에 추구합니다.
690,정수아,남자,30대,전문가 및 관련 종사자,대학교 졸업(전문대졸/대학원생 포함),경상북도,1인 가구,미혼(사별/이혼 포함),맞벌이 하지 않음,500-600만원 미만,0,0.267164179,0.621570838,0.282442748,0.823702253,0.279153094,0.164179104,0.543478261,실속형 미식가,편리성을 중시하면서도 새로운 맛과 제품을 시도하는 데 적극적인 소비자 그룹입니다. 가격에 민감하기보다는 효율성과 맛을 동시에 추구합니다.
691,윤예은,남자,50대,전문가 및 관련 종사자,고졸(대학 재학 포함),경상북도,2세대가족,미혼(사별/이혼 포함),맞벌이 하지 않음,500-600만원 미만,0,0.208955224,0.522360015,0.533260632,0.675808031,0.25732899,0.23255814,0.517391304,실속형 미식가,편리성을 중시하면서도 새로운 맛과 제품을 시도하는 데 적극적인 소비자 그룹입니다. 가격에 민감하기보다는 효율성과 맛을 동시에 추구합니다.
692,최시우,남자,40대,전문가 및 관련 종사자,대학교 졸업(전문대졸/대학원생 포함),경상북도,2세대가족,기혼,맞벌이 함,500-600만원 미만,0,0.208955224,0.488538144,0.582333697,0.675808031,0.330618893,0.218674072,0.504347826,실속형 미식가,편리성을 중시하면서도 새로운 맛과 제품을 시도하는 데 적극적인 소비자 그룹입니다. 가격에 민감하기보다는 효율성과 맛을 동시에 추구합니다.
693,이지민,여자,40대,주부,고졸(대학 재학 포함),경기도,2세대가족,기혼,맞벌이 하지 않음,300-400만원 미만,0,0.505970149,0.721909057,0.15785169,0.804113614,0.215960912,0.257896564,0.37826087,실속형 미식가,편리성을 중시하면서도 새로운 맛과 제품을 시도하는 데 적극적인 소비자 그룹입니다. 가격에 민감하기보다는 효율성과 맛을 동시에 추구합니다.
694,김하준,여자,20대,서비스 종사자,대학교 졸업(전문대졸/대학원생 포함),경상북도,1인 가구,미혼(사별/이혼 포함),맞벌이 하지 않음,300-400만원 미만,0,0.18358209,0.485155956,0.311886587,0.823702253,0.336807818,0.16938563,0.495652174,실속형 미식가,편리성을 중시하면서도 새로운 맛과 제품을 시도하는 데 적극적인 소비자 그룹입니다. 가격에 민감하기보다는 효율성과 맛을 동시에 추구합니다.
695,최하은,여자,50대,기능원 및 관련 기능 종사자,대학교 졸업(전문대졸/대학원생 포함),서울특별시,2세대가족,기혼,맞벌이 함,"900-1,000만원 미만",3,0.528358209,0.858323938,0.388222465,0.960822723,0.424429967,0.706699063,0.613043478,트렌드 주도형 소비자,"자신의 취향과 경험을 중시하는 소비자 그룹입니다. 단순히 배를 채우는 것 이상의 가치를 추구하며, 새로운 제품을 가장 먼저 경험하고 공유하려는 경향이 강합니다"
696,조수아,여자,60대 이상,주부,중졸 이하,강원도,1세대가족,기혼,맞벌이 하지 않음,200-300만원 미만,1,0.170149254,0.432544156,0.606870229,0.86287953,0.346254072,0.407844498,0.3,건강 추구형 소비자,가격이나 브랜드에 크게 구애받지 않고 건강을 최우선으로 고려하는 프리미엄 소비자 그룹입니다. 건강과 편리성을 모두 만족시키는 제품에 기꺼이 지갑을 엽니다.
697,최지우,남자,50대,기능원 및 관련 기능 종사자,고졸(대학 재학 포함),부산광역시,1인 가구,미혼(사별/이혼 포함),맞벌이 하지 않음,300-400만원 미만,0,0.391791045,0.532130778,0.286259542,0.838393732,0.262214984,0.542172857,0.430434783,실속형 미식가,편리성을 중시하면서도 새로운 맛과 제품을 시도하는 데 적극적인 소비자 그룹입니다. 가격에 민감하기보다는 효율성과 맛을 동시에 추구합니다.
698,박주원,여자,60대 이상,판매 종사자,고졸(대학 재학 포함),부산광역시,1인 가구,미혼(사별/이혼 포함),맞벌이 하지 않음,300-400만원 미만,0,0.235820896,0.498308906,0.264449291,0.85798237,0.207166124,0.55709823,0.47826087,실속형 미식가,편리성을 중시하면서도 새로운 맛과 제품을 시도하는 데 적극적인 소비자 그룹입니다. 가격에 민감하기보다는 효율성과 맛을 동시에 추구합니다.
699,조지원,여자,50대,서비스 종사자,고졸(대학 재학 포함),대전광역시,1세대가족,기혼,맞벌이 함,600-700만원 미만,3,0.578358209,0.500187899,0.377044711,0.86287953,0.406514658,0.339465463,0.595652174,트렌드 주도형 소비자,"자신의 취향과 경험을 중시하는 소비자 그룹입니다. 단순히 배를 채우는 것 이상의 가치를 추구하며, 새로운 제품을 가장 먼저 경험하고 공유하려는 경향이 강합니다"
700,김채원,여자,50대,서비스 종사자,고졸(대학 재학 포함),세종특별자치시,2세대가족,기혼,맞벌이 함,800-900만원 미만,3,0.571641791,0.601653514,0.39476554,0.843290891,0.396091205,0.523429365,0.365217391,트렌드 주도형 소비자,"자신의 취향과 경험을 중시하는 소비자 그룹입니다. 단순히 배를 채우는 것 이상의 가치를 추구하며, 새로운 제품을 가장 먼저 경험하고 공유하려는 경향이 강합니다"
701,박건우,여자,60대 이상,주부,고졸(대학 재학 포함),강원도,1인 가구,미혼(사별/이혼 포함),맞벌이 하지 않음,100-200만원 미만,1,0.156716418,0.473881999,0.61695747,0.86287953,0.377850163,0.455397431,0.239130435,건강 추구형 소비자,가격이나 브랜드에 크게 구애받지 않고 건강을 최우선으로 고려하는 프리미엄 소비자 그룹입니다. 건강과 편리성을 모두 만족시키는 제품에 기꺼이 지갑을 엽니다.
702,김준서,여자,60대 이상,기능원 및 관련 기능 종사자,대학교 졸업(전문대졸/대학원생 포함),서울특별시,2세대가족,기혼,맞벌이 함,"1,000만원 이상",3,0.664925373,0.545283728,0.685387132,0.960822723,0.640716612,0.417910448,0.486956522,트렌드 주도형 소비자,"자신의 취향과 경험을 중시하는 소비자 그룹입니다. 단순히 배를 채우는 것 이상의 가치를 추구하며, 새로운 제품을 가장 먼저 경험하고 공유하려는 경향이 강합니다"
703,최예준,여자,60대 이상,주부,중졸 이하,강원도,1인 가구,미혼(사별/이혼 포함),맞벌이 하지 않음,200-300만원 미만,1,0.074626866,0.481397971,0.646946565,0.86287953,0.41237785,0.451232211,0.296956522,건강 추구형 소비자,가격이나 브랜드에 크게 구애받지 않고 건강을 최우선으로 고려하는 프리미엄 소비자 그룹입니다. 건강과 편리성을 모두 만족시키는 제품에 기꺼이 지갑을 엽니다.
704,이서준,여자,60대 이상,기능원 및 관련 기능 종사자,고졸(대학 재학 포함),서울특별시,1세대가족,기혼,맞벌이 하지 않음,300-400만원 미만,1,0.352985075,0.409996242,0.733369684,0.804113614,0.4247557,0.249913225,0.247826087,건강 추구형 소비자,가격이나 브랜드에 크게 구애받지 않고 건강을 최우선으로 고려하는 프리미엄 소비자 그룹입니다. 건강과 편리성을 모두 만족시키는 제품에 기꺼이 지갑을 엽니다.
705,한채원,여자,50대,사무 종사자,대학교 졸업(전문대졸/대학원생 포함),서울특별시,2세대가족,기혼,맞벌이 함,"1,000만원 이상",1,0.335820896,0.511461856,0.798527808,0.941234084,0.590228013,0.485595279,0.518695652,건강 추구형 소비자,가격이나 브랜드에 크게 구애받지 않고 건강을 최우선으로 고려하는 프리미엄 소비자 그룹입니다. 건강과 편리성을 모두 만족시키는 제품에 기꺼이 지갑을 엽니다.
706,윤지우,여자,50대,단순노무 종사자,고졸(대학 재학 포함),경기도,1세대가족,기혼,맞벌이 하지 않음,300-400만원 미만,1,0.37238806,0.451334085,0.721919302,0.843290891,0.596742671,0.584866366,0.339130435,건강 추구형 소비자,가격이나 브랜드에 크게 구애받지 않고 건강을 최우선으로 고려하는 프리미엄 소비자 그룹입니다. 건강과 편리성을 모두 만족시키는 제품에 기꺼이 지갑을 엽니다.
707,김지원,여자,60대 이상,주부,고졸(대학 재학 포함),강원도,1세대가족,기혼,맞벌이 하지 않음,300-400만원 미만,1,0.16641791,0.425028185,0.778625954,0.86287953,0.511074919,0.418951753,0.339130435,건강 추구형 소비자,가격이나 브랜드에 크게 구애받지 않고 건강을 최우선으로 고려하는 프리미엄 소비자 그룹입니다. 건강과 편리성을 모두 만족시키는 제품에 기꺼이 지갑을 엽니다.
708,임서준,여자,60대 이상,서비스 종사자,고졸(대학 재학 포함),강원도,1세대가족,기혼,맞벌이 함,300-400만원 미만,1,0.151492537,0.440060128,0.688931298,0.902056807,0.511074919,0.435959736,0.386956522,건강 추구형 소비자,가격이나 브랜드에 크게 구애받지 않고 건강을 최우선으로 고려하는 프리미엄 소비자 그룹입니다. 건강과 편리성을 모두 만족시키는 제품에 기꺼이 지갑을 엽니다.
709,김서윤,남자,60대 이상,전문가 및 관련 종사자,고졸(대학 재학 포함),경상북도,2세대가족,기혼,맞벌이 함,"1,000만원 이상",0,0.208955224,0.527245396,0.565976009,0.757100881,0.25504886,0.187434918,0.495652174,실속형 미식가,편리성을 중시하면서도 새로운 맛과 제품을 시도하는 데 적극적인 소비자 그룹입니다. 가격에 민감하기보다는 효율성과 맛을 동시에 추구합니다.
710,최도윤,남자,50대,관리자,고졸(대학 재학 포함),경상북도,1인 가구,미혼(사별/이혼 포함),맞벌이 하지 않음,700-800만원 미만,0,0.208955224,0.503570086,0.474372955,0.69539667,0.198697068,0.170079833,0.408695652,실속형 미식가,편리성을 중시하면서도 새로운 맛과 제품을 시도하는 데 적극적인 소비자 그룹입니다. 가격에 민감하기보다는 효율성과 맛을 동시에 추구합니다.
711,강예준,여자,50대,사무 종사자,고졸(대학 재학 포함),경상북도,1인 가구,미혼(사별/이혼 포함),맞벌이 하지 않음,200-300만원 미만,0,0.208955224,0.372040586,0.488004362,0.636630754,0.250814332,0.201318986,0.430434783,실속형 미식가,편리성을 중시하면서도 새로운 맛과 제품을 시도하는 데 적극적인 소비자 그룹입니다. 가격에 민감하기보다는 효율성과 맛을 동시에 추구합니다.
712,이채원,여자,60대 이상,주부,고졸(대학 재학 포함),강원도,1세대가족,기혼,맞벌이 하지 않음,300-400만원 미만,1,0.089552239,0.413754228,0.683751363,0.882468168,0.383713355,0.381117667,0.296956522,건강 추구형 소비자,가격이나 브랜드에 크게 구애받지 않고 건강을 최우선으로 고려하는 프리미엄 소비자 그룹입니다. 건강과 편리성을 모두 만족시키는 제품에 기꺼이 지갑을 엽니다.
713,강채원,여자,50대,주부,고졸(대학 재학 포함),경상북도,2세대가족,미혼(사별/이혼 포함),맞벌이 하지 않음,100만원 미만,0,0.208955224,0.541149944,0.340785169,0.636630754,0.301302932,0.239500174,0.456521739,실속형 미식가,편리성을 중시하면서도 새로운 맛과 제품을 시도하는 데 적극적인 소비자 그룹입니다. 가격에 민감하기보다는 효율성과 맛을 동시에 추구합니다.
714,이시우,남자,40대,사무 종사자,대학교 졸업(전문대졸/대학원생 포함),경기도,1인 가구,미혼(사별/이혼 포함),맞벌이 하지 않음,200-300만원 미만,1,0.197761194,0.409996242,0.664940022,0.843290891,0.412052117,0.613328705,0.42173913,건강 추구형 소비자,가격이나 브랜드에 크게 구애받지 않고 건강을 최우선으로 고려하는 프리미엄 소비자 그룹입니다. 건강과 편리성을 모두 만족시키는 제품에 기꺼이 지갑을 엽니다.
715,임하은,여자,40대,사무 종사자,대학교 졸업(전문대졸/대학원생 포함),경상북도,2세대가족,기혼,맞벌이 함,800-900만원 미만,1,0.208955224,0.447200301,0.580697928,0.656219393,0.403908795,0.218674072,0.486956522,건강 추구형 소비자,가격이나 브랜드에 크게 구애받지 않고 건강을 최우선으로 고려하는 프리미엄 소비자 그룹입니다. 건강과 편리성을 모두 만족시키는 제품에 기꺼이 지갑을 엽니다.
716,임서준,여자,60대 이상,주부,고졸(대학 재학 포함),인천광역시,1세대가족,기혼,맞벌이 하지 않음,400-500만원 미만,0,0.51119403,0.842916197,0.328789531,0.717923604,0.421824104,0.445331482,0.056521739,실속형 미식가,편리성을 중시하면서도 새로운 맛과 제품을 시도하는 데 적극적인 소비자 그룹입니다. 가격에 민감하기보다는 효율성과 맛을 동시에 추구합니다.
717,한서연,여자,40대,사무 종사자,대학교 졸업(전문대졸/대학원생 포함),강원도,2세대가족,기혼,맞벌이 함,500-600만원 미만,3,0.753731343,0.503945885,0.366139586,0.921645446,0.651465798,0.374869837,0.605652174,트렌드 주도형 소비자,"자신의 취향과 경험을 중시하는 소비자 그룹입니다. 단순히 배를 채우는 것 이상의 가치를 추구하며, 새로운 제품을 가장 먼저 경험하고 공유하려는 경향이 강합니다"
718,조하은,여자,60대 이상,주부,고졸(대학 재학 포함),강원도,1세대가족,기혼,맞벌이 하지 않음,200-300만원 미만,1,0.141791045,0.440060128,0.629225736,0.86287953,0.377850163,0.446719889,0.308695652,건강 추구형 소비자,가격이나 브랜드에 크게 구애받지 않고 건강을 최우선으로 고려하는 프리미엄 소비자 그룹입니다. 건강과 편리성을 모두 만족시키는 제품에 기꺼이 지갑을 엽니다.
719,정시우,여자,60대 이상,주부,고졸(대학 재학 포함),서울특별시,1세대가족,기혼,맞벌이 하지 않음,200-300만원 미만,0,0.405223881,0.479518978,0.308615049,0.760039177,0.27752443,0.135369663,0.71,실속형 미식가,편리성을 중시하면서도 새로운 맛과 제품을 시도하는 데 적극적인 소비자 그룹입니다. 가격에 민감하기보다는 효율성과 맛을 동시에 추구합니다.
720,임건우,여자,30대,사무 종사자,대학교 졸업(전문대졸/대학원생 포함),서울특별시,1세대가족,기혼,맞벌이 하지 않음,500-600만원 미만,3,0.541791045,0.385569335,0.248364231,0.779627816,0.381758958,0.201318986,0.752173913,트렌드 주도형 소비자,"자신의 취향과 경험을 중시하는 소비자 그룹입니다. 단순히 배를 채우는 것 이상의 가치를 추구하며, 새로운 제품을 가장 먼저 경험하고 공유하려는 경향이 강합니다"
721,김서준,여자,60대 이상,판매 종사자,고졸(대학 재학 포함),경기도,1인 가구,미혼(사별/이혼 포함),맞벌이 하지 않음,200-300만원 미만,1,0.410447761,0.601653514,0.716739368,0.882468168,0.554723127,0.411662617,0.291304348,건강 추구형 소비자,가격이나 브랜드에 크게 구애받지 않고 건강을 최우선으로 고려하는 프리미엄 소비자 그룹입니다. 건강과 편리성을 모두 만족시키는 제품에 기꺼이 지갑을 엽니다.
722,박지민,여자,60대 이상,주부,중졸 이하,경상북도,1세대가족,기혼,맞벌이 하지 않음,300-400만원 미만,0,0.208955224,0.473506201,0.54525627,0.636630754,0.286644951,0.249913225,0.439130435,실속형 미식가,편리성을 중시하면서도 새로운 맛과 제품을 시도하는 데 적극적인 소비자 그룹입니다. 가격에 민감하기보다는 효율성과 맛을 동시에 추구합니다.
723,정민준,여자,60대 이상,주부,고졸(대학 재학 포함),강원도,1세대가족,기혼,맞벌이 하지 않음,400-500만원 미만,1,0.134328358,0.440060128,0.771810251,0.882468168,0.44495114,0.365498091,0.356521739,건강 추구형 소비자,가격이나 브랜드에 크게 구애받지 않고 건강을 최우선으로 고려하는 프리미엄 소비자 그룹입니다. 건강과 편리성을 모두 만족시키는 제품에 기꺼이 지갑을 엽니다.
724,조시우,여자,60대 이상,서비스 종사자,고졸(대학 재학 포함),경상북도,1세대가족,기혼,맞벌이 함,500-600만원 미만,0,0.208955224,0.447200301,0.457470011,0.636630754,0.280130293,0.20826102,0.469565217,실속형 미식가,편리성을 중시하면서도 새로운 맛과 제품을 시도하는 데 적극적인 소비자 그룹입니다. 가격에 민감하기보다는 효율성과 맛을 동시에 추구합니다.
725,조서윤,남자,60대 이상,서비스 종사자,대학교 졸업(전문대졸/대학원생 포함),강원도,1인 가구,미혼(사별/이혼 포함),맞벌이 하지 않음,200-300만원 미만,3,0.658208955,0.488913942,0.366139586,0.902056807,0.537459283,0.415827838,0.553478261,트렌드 주도형 소비자,"자신의 취향과 경험을 중시하는 소비자 그룹입니다. 단순히 배를 채우는 것 이상의 가치를 추구하며, 새로운 제품을 가장 먼저 경험하고 공유하려는 경향이 강합니다"
726,정예준,여자,30대,사무 종사자,대학교 졸업(전문대졸/대학원생 포함),인천광역시,2세대가족,기혼,맞벌이 함,600-700만원 미만,1,0.586567164,0.417512213,0.754089422,0.843290891,0.791856678,0.419645956,0.1,건강 추구형 소비자,가격이나 브랜드에 크게 구애받지 않고 건강을 최우선으로 고려하는 프리미엄 소비자 그룹입니다. 건강과 편리성을 모두 만족시키는 제품에 기꺼이 지갑을 엽니다.
727,한수아,여자,60대 이상,단순노무 종사자,고졸(대학 재학 포함),경상북도,1세대가족,기혼,맞벌이 함,200-300만원 미만,0,0.23358209,0.433295753,0.387677208,0.659157689,0.182084691,0.249913225,0.808695652,실속형 미식가,편리성을 중시하면서도 새로운 맛과 제품을 시도하는 데 적극적인 소비자 그룹입니다. 가격에 민감하기보다는 효율성과 맛을 동시에 추구합니다.
728,윤지우,여자,40대,기능원 및 관련 기능 종사자,고졸(대학 재학 포함),경기도,2세대가족,기혼,맞벌이 함,500-600만원 미만,1,0.476119403,0.396843292,0.767448201,0.701273262,0.583387622,0.33877126,0.369565217,건강 추구형 소비자,가격이나 브랜드에 크게 구애받지 않고 건강을 최우선으로 고려하는 프리미엄 소비자 그룹입니다. 건강과 편리성을 모두 만족시키는 제품에 기꺼이 지갑을 엽니다.
729,이수아,여자,40대,사무 종사자,대학교 졸업(전문대졸/대학원생 포함),경상북도,2세대가족,기혼,맞벌이 함,600-700만원 미만,1,0.276119403,0.499060504,0.557524537,0.742409403,0.329967427,0.204790003,0.360869565,건강 추구형 소비자,가격이나 브랜드에 크게 구애받지 않고 건강을 최우선으로 고려하는 프리미엄 소비자 그룹입니다. 건강과 편리성을 모두 만족시키는 제품에 기꺼이 지갑을 엽니다.
730,조수아,여자,50대,판매 종사자,고졸(대학 재학 포함),세종특별자치시,1세대가족,기혼,맞벌이 함,500-600만원 미만,3,0.551492537,0.498308906,0.348418757,0.799216454,0.306840391,0.45713294,0.517391304,트렌드 주도형 소비자,"자신의 취향과 경험을 중시하는 소비자 그룹입니다. 단순히 배를 채우는 것 이상의 가치를 추구하며, 새로운 제품을 가장 먼저 경험하고 공유하려는 경향이 강합니다"
731,한도윤,여자,50대,판매 종사자,대학교 졸업(전문대졸/대학원생 포함),세종특별자치시,2세대가족,기혼,맞벌이 함,500-600만원 미만,3,0.807462687,0.526493799,0.499182116,0.843290891,0.447882736,0.539396043,0.530434783,트렌드 주도형 소비자,"자신의 취향과 경험을 중시하는 소비자 그룹입니다. 단순히 배를 채우는 것 이상의 가치를 추구하며, 새로운 제품을 가장 먼저 경험하고 공유하려는 경향이 강합니다"
732,한시우,여자,60대 이상,주부,고졸(대학 재학 포함),강원도,1세대가족,기혼,맞벌이 하지 않음,300-400만원 미만,3,0.544029851,0.530251785,0.453380589,0.921645446,0.541693811,0.441860465,0.5,트렌드 주도형 소비자,"자신의 취향과 경험을 중시하는 소비자 그룹입니다. 단순히 배를 채우는 것 이상의 가치를 추구하며, 새로운 제품을 가장 먼저 경험하고 공유하려는 경향이 강합니다"
733,박지우,여자,50대,서비스 종사자,고졸(대학 재학 포함),경상북도,1인 가구,미혼(사별/이혼 포함),맞벌이 하지 않음,200-300만원 미만,0,0.208955224,0.432168358,0.582061069,0.617042116,0.25732899,0.263797293,0.439130435,실속형 미식가,편리성을 중시하면서도 새로운 맛과 제품을 시도하는 데 적극적인 소비자 그룹입니다. 가격에 민감하기보다는 효율성과 맛을 동시에 추구합니다.
734,한지민,여자,30대,주부,대학교 졸업(전문대졸/대학원생 포함),인천광역시,1세대가족,기혼,맞벌이 하지 않음,500-600만원 미만,1,0.648507463,0.387448328,0.760087241,0.745347698,0.695114007,0.343977785,0.165217391,건강 추구형 소비자,가격이나 브랜드에 크게 구애받지 않고 건강을 최우선으로 고려하는 프리미엄 소비자 그룹입니다. 건강과 편리성을 모두 만족시키는 제품에 기꺼이 지갑을 엽니다.
735,이예준,여자,50대,주부,대학교 졸업(전문대졸/대학원생 포함),강원도,2세대가족,기혼,맞벌이 하지 않음,400-500만원 미만,3,0.678358209,0.515219842,0.461559433,0.902056807,0.664169381,0.404373481,0.662173913,트렌드 주도형 소비자,"자신의 취향과 경험을 중시하는 소비자 그룹입니다. 단순히 배를 채우는 것 이상의 가치를 추구하며, 새로운 제품을 가장 먼저 경험하고 공유하려는 경향이 강합니다"
736,윤지호,여자,30대,주부,대학교 졸업(전문대졸/대학원생 포함),경상북도,2세대가족,기혼,맞벌이 하지 않음,300-400만원 미만,0,0.276119403,0.439684329,0.564612868,0.636630754,0.338762215,0.211732037,0.47826087,실속형 미식가,편리성을 중시하면서도 새로운 맛과 제품을 시도하는 데 적극적인 소비자 그룹입니다. 가격에 민감하기보다는 효율성과 맛을 동시에 추구합니다.
737,조예준,남자,40대,기능원 및 관련 기능 종사자,고졸(대학 재학 포함),강원도,2세대가족,기혼,맞벌이 하지 않음,400-500만원 미만,3,0.57761194,0.530251785,0.519629226,0.941234084,0.552117264,0.452273516,0.617391304,트렌드 주도형 소비자,"자신의 취향과 경험을 중시하는 소비자 그룹입니다. 단순히 배를 채우는 것 이상의 가치를 추구하며, 새로운 제품을 가장 먼저 경험하고 공유하려는 경향이 강합니다"
738,조서준,남자,30대,사무 종사자,대학교 졸업(전문대졸/대학원생 포함),강원도,1인 가구,미혼(사별/이혼 포함),맞벌이 하지 않음,300-400만원 미만,3,0.604477612,0.522735814,0.376226827,0.941234084,0.484690554,0.367927803,0.592608696,트렌드 주도형 소비자,"자신의 취향과 경험을 중시하는 소비자 그룹입니다. 단순히 배를 채우는 것 이상의 가치를 추구하며, 새로운 제품을 가장 먼저 경험하고 공유하려는 경향이 강합니다"
739,최주원,여자,50대,서비스 종사자,고졸(대학 재학 포함),세종특별자치시,2세대가족,기혼,맞벌이 함,500-600만원 미만,3,0.581343284,0.436302142,0.329334787,0.784524976,0.36970684,0.622700451,0.669565217,트렌드 주도형 소비자,"자신의 취향과 경험을 중시하는 소비자 그룹입니다. 단순히 배를 채우는 것 이상의 가치를 추구하며, 새로운 제품을 가장 먼저 경험하고 공유하려는 경향이 강합니다"
740,이수아,여자,50대,서비스 종사자,고졸(대학 재학 포함),세종특별자치시,1세대가족,기혼,맞벌이 함,500-600만원 미만,0,0.397014925,0.673055242,0.360687023,0.823702253,0.276221498,0.292606734,0.392608696,실속형 미식가,편리성을 중시하면서도 새로운 맛과 제품을 시도하는 데 적극적인 소비자 그룹입니다. 가격에 민감하기보다는 효율성과 맛을 동시에 추구합니다.
741,박하은,여자,50대,농림어업 숙련 종사자,고졸(대학 재학 포함),전라남도,1세대가족,기혼,맞벌이 함,200-300만원 미만,3,0.661940299,0.703119128,0.279716467,0.86287953,0.362540717,0.354043735,0.530434783,트렌드 주도형 소비자,"자신의 취향과 경험을 중시하는 소비자 그룹입니다. 단순히 배를 채우는 것 이상의 가치를 추구하며, 새로운 제품을 가장 먼저 경험하고 공유하려는 경향이 강합니다"
742,조예은,여자,20대,서비스 종사자,대학교 졸업(전문대졸/대학원생 포함),경기도,2세대가족,기혼,맞벌이 함,600-700만원 미만,0,0.167910448,0.490041338,0.390676118,0.745347698,0.296416938,0.774730996,0.530434783,실속형 미식가,편리성을 중시하면서도 새로운 맛과 제품을 시도하는 데 적극적인 소비자 그룹입니다. 가격에 민감하기보다는 효율성과 맛을 동시에 추구합니다.
743,최건우,여자,50대,주부,고졸(대학 재학 포함),세종특별자치시,1세대가족,기혼,맞벌이 하지 않음,500-600만원 미만,0,0.265671642,0.627959414,0.458287895,0.843290891,0.21237785,0.458521347,0.491304348,실속형 미식가,편리성을 중시하면서도 새로운 맛과 제품을 시도하는 데 적극적인 소비자 그룹입니다. 가격에 민감하기보다는 효율성과 맛을 동시에 추구합니다.
744,박도윤,여자,40대,판매 종사자,고졸(대학 재학 포함),전라남도,2세대가족,기혼,맞벌이 함,300-400만원 미만,3,0.667164179,0.409996242,0.371592148,0.804113614,0.504885993,0.332523429,0.534782609,트렌드 주도형 소비자,"자신의 취향과 경험을 중시하는 소비자 그룹입니다. 단순히 배를 채우는 것 이상의 가치를 추구하며, 새로운 제품을 가장 먼저 경험하고 공유하려는 경향이 강합니다"
745,이수아,여자,40대,서비스 종사자,고졸(대학 재학 포함),세종특별자치시,2세대가족,기혼,맞벌이 함,700-800만원 미만,0,0.468656716,0.635475385,0.411123228,0.86287953,0.272964169,0.424852482,0.483913043,실속형 미식가,편리성을 중시하면서도 새로운 맛과 제품을 시도하는 데 적극적인 소비자 그룹입니다. 가격에 민감하기보다는 효율성과 맛을 동시에 추구합니다.
746,정하은,여자,60대 이상,농림어업 숙련 종사자,중졸 이하,전라남도,1인 가구,미혼(사별/이혼 포함),맞벌이 하지 않음,100-200만원 미만,0,0.473134328,0.594137542,0.152944384,0.804113614,0.296091205,0.337382853,0.492608696,실속형 미식가,편리성을 중시하면서도 새로운 맛과 제품을 시도하는 데 적극적인 소비자 그룹입니다. 가격에 민감하기보다는 효율성과 맛을 동시에 추구합니다.
747,최서준,여자,40대,주부,고졸(대학 재학 포함),경기도,2세대가족,기혼,맞벌이 하지 않음,300-400만원 미만,1,0.535074627,0.440060128,0.6695747,0.745347698,0.667752443,0.364456786,0.42173913,건강 추구형 소비자,가격이나 브랜드에 크게 구애받지 않고 건강을 최우선으로 고려하는 프리미엄 소비자 그룹입니다. 건강과 편리성을 모두 만족시키는 제품에 기꺼이 지갑을 엽니다.
748,최예준,남자,40대,장치·기계 조작 및 조립 종사자,대학교 졸업(전문대졸/대학원생 포함),세종특별자치시,1세대가족,기혼,맞벌이 함,500-600만원 미만,3,0.609701493,0.626080421,0.246183206,0.799216454,0.306188925,0.355779243,0.434782609,트렌드 주도형 소비자,"자신의 취향과 경험을 중시하는 소비자 그룹입니다. 단순히 배를 채우는 것 이상의 가치를 추구하며, 새로운 제품을 가장 먼저 경험하고 공유하려는 경향이 강합니다"
749,정지민,여자,60대 이상,서비스 종사자,고졸(대학 재학 포함),인천광역시,1인 가구,기혼,맞벌이 하지 않음,200-300만원 미만,3,0.720895522,0.518977828,0.261177754,0.804113614,0.35732899,0.324887192,0.765217391,트렌드 주도형 소비자,"자신의 취향과 경험을 중시하는 소비자 그룹입니다. 단순히 배를 채우는 것 이상의 가치를 추구하며, 새로운 제품을 가장 먼저 경험하고 공유하려는 경향이 강합니다"
750,김서윤,남자,50대,판매 종사자,고졸(대학 재학 포함),전라남도,1세대가족,기혼,맞벌이 함,300-400만원 미만,3,0.489552239,0.451334085,0.182115594,0.823702253,0.405211726,0.479347449,0.486956522,트렌드 주도형 소비자,"자신의 취향과 경험을 중시하는 소비자 그룹입니다. 단순히 배를 채우는 것 이상의 가치를 추구하며, 새로운 제품을 가장 먼저 경험하고 공유하려는 경향이 강합니다"
751,이하준,여자,30대,사무 종사자,고졸(대학 재학 포함),전라남도,1인 가구,미혼(사별/이혼 포함),맞벌이 하지 않음,100-200만원 미만,0,0.442537313,0.661781285,0.143947655,0.823702253,0.222801303,0.472752516,0.539130435,실속형 미식가,편리성을 중시하면서도 새로운 맛과 제품을 시도하는 데 적극적인 소비자 그룹입니다. 가격에 민감하기보다는 효율성과 맛을 동시에 추구합니다.
752,임지호,여자,60대 이상,주부,고졸(대학 재학 포함),전라남도,1세대가족,기혼,맞벌이 하지 않음,200-300만원 미만,0,0.437313433,0.526493799,0.157579062,0.823702253,0.280456026,0.478306144,0.608695652,실속형 미식가,편리성을 중시하면서도 새로운 맛과 제품을 시도하는 데 적극적인 소비자 그룹입니다. 가격에 민감하기보다는 효율성과 맛을 동시에 추구합니다.
753,한채원,여자,60대 이상,서비스 종사자,고졸(대학 재학 포함),전라남도,2세대가족,기혼,맞벌이 함,500-600만원 미만,0,0.371641791,0.669297257,0.113958561,0.843290891,0.177198697,0.379729261,0.530434783,실속형 미식가,편리성을 중시하면서도 새로운 맛과 제품을 시도하는 데 적극적인 소비자 그룹입니다. 가격에 민감하기보다는 효율성과 맛을 동시에 추구합니다.
754,조시우,여자,60대 이상,서비스 종사자,고졸(대학 재학 포함),경상북도,1세대가족,기혼,맞벌이 함,500-600만원 미만,1,0.208955224,0.465990229,0.6695747,0.617042116,0.286644951,0.256855259,0.42173913,건강 추구형 소비자,가격이나 브랜드에 크게 구애받지 않고 건강을 최우선으로 고려하는 프리미엄 소비자 그룹입니다. 건강과 편리성을 모두 만족시키는 제품에 기꺼이 지갑을 엽니다.
755,임서준,여자,40대,판매 종사자,고졸(대학 재학 포함),전라남도,2세대가족,기혼,맞벌이 함,300-400만원 미만,0,0.412686567,0.639233371,0.351145038,0.784524976,0.349511401,0.418257549,0.291304348,실속형 미식가,편리성을 중시하면서도 새로운 맛과 제품을 시도하는 데 적극적인 소비자 그룹입니다. 가격에 민감하기보다는 효율성과 맛을 동시에 추구합니다.
756,조예은,여자,60대 이상,주부,중졸 이하,경상북도,1인 가구,미혼(사별/이혼 포함),맞벌이 하지 않음,100만원 미만,0,0.208955224,0.405862458,0.586968375,0.636630754,0.315960912,0.249913225,0.508695652,실속형 미식가,편리성을 중시하면서도 새로운 맛과 제품을 시도하는 데 적극적인 소비자 그룹입니다. 가격에 민감하기보다는 효율성과 맛을 동시에 추구합니다.
757,강준서,여자,50대,판매 종사자,고졸(대학 재학 포함),전라남도,1세대가족,기혼,맞벌이 함,300-400만원 미만,0,0.484328358,0.627959414,0.157579062,0.823702253,0.279153094,0.451232211,0.473913043,실속형 미식가,편리성을 중시하면서도 새로운 맛과 제품을 시도하는 데 적극적인 소비자 그룹입니다. 가격에 민감하기보다는 효율성과 맛을 동시에 추구합니다.
758,박하준,여자,60대 이상,판매 종사자,중졸 이하,전라남도,1세대가족,기혼,맞벌이 함,100-200만원 미만,3,0.505970149,0.409996242,0.194929117,0.784524976,0.391205212,0.33877126,0.552173913,트렌드 주도형 소비자,"자신의 취향과 경험을 중시하는 소비자 그룹입니다. 단순히 배를 채우는 것 이상의 가치를 추구하며, 새로운 제품을 가장 먼저 경험하고 공유하려는 경향이 강합니다"
759,임서준,여자,50대,사무 종사자,고졸(대학 재학 포함),경상북도,1세대가족,기혼,맞벌이 함,700-800만원 미만,0,0.208955224,0.473506201,0.585605234,0.636630754,0.286644951,0.256855259,0.469565217,실속형 미식가,편리성을 중시하면서도 새로운 맛과 제품을 시도하는 데 적극적인 소비자 그룹입니다. 가격에 민감하기보다는 효율성과 맛을 동시에 추구합니다.
760,박민준,여자,60대 이상,서비스 종사자,고졸(대학 재학 포함),전라남도,1세대가족,기혼,맞벌이 함,200-300만원 미만,0,0.344776119,0.680571214,0.220283533,0.804113614,0.174267101,0.447761194,0.543478261,실속형 미식가,편리성을 중시하면서도 새로운 맛과 제품을 시도하는 데 적극적인 소비자 그룹입니다. 가격에 민감하기보다는 효율성과 맛을 동시에 추구합니다.
761,임수아,남자,60대 이상,사무 종사자,대학교 졸업(전문대졸/대학원생 포함),전라북도,1세대가족,기혼,맞벌이 하지 않음,400-500만원 미만,3,0.67238806,0.753851935,0.097600872,0.818805093,0.323778502,0.214508851,0.386956522,트렌드 주도형 소비자,"자신의 취향과 경험을 중시하는 소비자 그룹입니다. 단순히 배를 채우는 것 이상의 가치를 추구하며, 새로운 제품을 가장 먼저 경험하고 공유하려는 경향이 강합니다"
762,강하은,여자,50대,판매 종사자,대학교 졸업(전문대졸/대학원생 포함),전라북도,1세대가족,기혼,맞벌이 함,600-700만원 미만,3,0.758208955,0.391206313,0.236641221,0.72575906,0.370032573,0.212079139,0.72173913,트렌드 주도형 소비자,"자신의 취향과 경험을 중시하는 소비자 그룹입니다. 단순히 배를 채우는 것 이상의 가치를 추구하며, 새로운 제품을 가장 먼저 경험하고 공유하려는 경향이 강합니다"
763,한예은,여자,60대 이상,서비스 종사자,고졸(대학 재학 포함),전라북도,1세대가족,기혼,맞벌이 함,600-700만원 미만,3,0.662686567,0.534009771,0.195747001,0.706170421,0.303257329,0.172162444,0.608695652,트렌드 주도형 소비자,"자신의 취향과 경험을 중시하는 소비자 그룹입니다. 단순히 배를 채우는 것 이상의 가치를 추구하며, 새로운 제품을 가장 먼저 경험하고 공유하려는 경향이 강합니다"
764,윤서연,여자,60대 이상,서비스 종사자,고졸(대학 재학 포함),전라북도,1세대가족,기혼,맞벌이 함,400-500만원 미만,3,0.754477612,0.530251785,0.097600872,0.764936337,0.368403909,0.284970496,0.613043478,트렌드 주도형 소비자,"자신의 취향과 경험을 중시하는 소비자 그룹입니다. 단순히 배를 채우는 것 이상의 가치를 추구하며, 새로운 제품을 가장 먼저 경험하고 공유하려는 경향이 강합니다"
765,정민준,여자,60대 이상,판매 종사자,고졸(대학 재학 포함),전라북도,1인 가구,미혼(사별/이혼 포함),맞벌이 하지 않음,200-300만원 미만,3,0.705970149,0.601653514,0.19302072,0.745347698,0.323778502,0.243318292,0.573913043,트렌드 주도형 소비자,"자신의 취향과 경험을 중시하는 소비자 그룹입니다. 단순히 배를 채우는 것 이상의 가치를 추구하며, 새로운 제품을 가장 먼저 경험하고 공유하려는 경향이 강합니다"
766,조건우,여자,50대,서비스 종사자,대학교 졸업(전문대졸/대학원생 포함),대전광역시,1세대가족,기혼,맞벌이 함,500-600만원 미만,0,0.447014925,0.673055242,0.338876772,0.902056807,0.227035831,0.495661229,0.52173913,실속형 미식가,편리성을 중시하면서도 새로운 맛과 제품을 시도하는 데 적극적인 소비자 그룹입니다. 가격에 민감하기보다는 효율성과 맛을 동시에 추구합니다.
767,윤수아,여자,30대,사무 종사자,대학교 졸업(전문대졸/대학원생 포함),대전광역시,3세대가족,기혼,맞벌이 함,500-600만원 미만,3,0.63358209,0.582863585,0.386586696,0.902056807,0.38762215,0.484553974,0.543478261,트렌드 주도형 소비자,"자신의 취향과 경험을 중시하는 소비자 그룹입니다. 단순히 배를 채우는 것 이상의 가치를 추구하며, 새로운 제품을 가장 먼저 경험하고 공유하려는 경향이 강합니다"
768,이서연,여자,40대,판매 종사자,고졸(대학 재학 포함),대전광역시,2세대가족,기혼,맞벌이 함,600-700만원 미만,0,0.280597015,0.579105599,0.428844057,0.823702253,0.250488599,0.519611246,0.486956522,실속형 미식가,편리성을 중시하면서도 새로운 맛과 제품을 시도하는 데 적극적인 소비자 그룹입니다. 가격에 민감하기보다는 효율성과 맛을 동시에 추구합니다.
769,한준서,여자,50대,주부,대학교 졸업(전문대졸/대학원생 포함),서울특별시,1세대가족,기혼,맞벌이 하지 않음,400-500만원 미만,1,0.532835821,0.526493799,0.580152672,0.843290891,0.459934853,0.197847969,0.336086957,건강 추구형 소비자,가격이나 브랜드에 크게 구애받지 않고 건강을 최우선으로 고려하는 프리미엄 소비자 그룹입니다. 건강과 편리성을 모두 만족시키는 제품에 기꺼이 지갑을 엽니다.
770,한민준,여자,60대 이상,주부,고졸(대학 재학 포함),전라북도,1세대가족,기혼,맞벌이 하지 않음,100-200만원 미만,3,0.767910448,0.522735814,0.09351145,0.72575906,0.367100977,0.22040958,0.565217391,트렌드 주도형 소비자,"자신의 취향과 경험을 중시하는 소비자 그룹입니다. 단순히 배를 채우는 것 이상의 가치를 추구하며, 새로운 제품을 가장 먼저 경험하고 공유하려는 경향이 강합니다"
771,박건우,남자,60대 이상,판매 종사자,대학교 졸업(전문대졸/대학원생 포함),전라북도,1세대가족,기혼,맞벌이 함,400-500만원 미만,3,0.705970149,0.500187899,0.187568157,0.72575906,0.331921824,0.215203054,0.665217391,트렌드 주도형 소비자,"자신의 취향과 경험을 중시하는 소비자 그룹입니다. 단순히 배를 채우는 것 이상의 가치를 추구하며, 새로운 제품을 가장 먼저 경험하고 공유하려는 경향이 강합니다"
772,윤도윤,여자,50대,사무 종사자,대학교 졸업(전문대졸/대학원생 포함),서울특별시,2세대가족,기혼,맞벌이 함,600-700만원 미만,1,0.588059701,0.432544156,0.627317339,0.823702253,0.654071661,0.239500174,0.343478261,건강 추구형 소비자,가격이나 브랜드에 크게 구애받지 않고 건강을 최우선으로 고려하는 프리미엄 소비자 그룹입니다. 건강과 편리성을 모두 만족시키는 제품에 기꺼이 지갑을 엽니다.
773,강도윤,여자,50대,판매 종사자,대학교 졸업(전문대졸/대학원생 포함),서울특별시,2세대가족,기혼,맞벌이 함,"1,000만원 이상",1,0.42761194,0.567831642,0.835877863,1,0.49771987,0.469628601,0.265217391,건강 추구형 소비자,가격이나 브랜드에 크게 구애받지 않고 건강을 최우선으로 고려하는 프리미엄 소비자 그룹입니다. 건강과 편리성을 모두 만족시키는 제품에 기꺼이 지갑을 엽니다.
774,김지민,남자,50대,기능원 및 관련 기능 종사자,고졸(대학 재학 포함),대구광역시,2세대가족,기혼,맞벌이 함,600-700만원 미만,0,0.52761194,0.680571214,0.215648855,0.784524976,0.269381107,0.527247484,0.486956522,실속형 미식가,편리성을 중시하면서도 새로운 맛과 제품을 시도하는 데 적극적인 소비자 그룹입니다. 가격에 민감하기보다는 효율성과 맛을 동시에 추구합니다.
775,이채원,여자,40대,사무 종사자,대학교 졸업(전문대졸/대학원생 포함),서울특별시,2세대가족,기혼,맞벌이 함,500-600만원 미만,0,0.586567164,0.968057121,0.27917121,0.779627816,0.29218241,0.191947241,0.143478261,실속형 미식가,편리성을 중시하면서도 새로운 맛과 제품을 시도하는 데 적극적인 소비자 그룹입니다. 가격에 민감하기보다는 효율성과 맛을 동시에 추구합니다.
776,박서연,여자,30대,사무 종사자,대학원 졸업 이상,서울특별시,2세대가족,기혼,맞벌이 함,600-700만원 미만,1,0.549253731,0.564073657,0.669847328,0.941234084,0.618241042,0.28982992,0.291304348,건강 추구형 소비자,가격이나 브랜드에 크게 구애받지 않고 건강을 최우선으로 고려하는 프리미엄 소비자 그룹입니다. 건강과 편리성을 모두 만족시키는 제품에 기꺼이 지갑을 엽니다.
777,김하은,남자,40대,기능원 및 관련 기능 종사자,고졸(대학 재학 포함),경상북도,1인 가구,미혼(사별/이혼 포함),맞벌이 하지 않음,200-300만원 미만,1,0.276119403,0.398346486,0.578789531,0.636630754,0.338762215,0.249913225,0.439130435,건강 추구형 소비자,가격이나 브랜드에 크게 구애받지 않고 건강을 최우선으로 고려하는 프리미엄 소비자 그룹입니다. 건강과 편리성을 모두 만족시키는 제품에 기꺼이 지갑을 엽니다.
778,박서준,여자,60대 이상,주부,고졸(대학 재학 포함),강원도,1세대가족,기혼,맞벌이 하지 않음,200-300만원 미만,0,0.23358209,0.455092071,0.428026172,0.784524976,0.182084691,0.496355432,0.58826087,실속형 미식가,편리성을 중시하면서도 새로운 맛과 제품을 시도하는 데 적극적인 소비자 그룹입니다. 가격에 민감하기보다는 효율성과 맛을 동시에 추구합니다.
779,윤지호,여자,40대,서비스 종사자,고졸(대학 재학 포함),인천광역시,2세대가족,기혼,맞벌이 함,500-600만원 미만,1,0.614925373,0.415633221,0.718647764,0.838393732,0.671009772,0.380423464,0.126086957,건강 추구형 소비자,가격이나 브랜드에 크게 구애받지 않고 건강을 최우선으로 고려하는 프리미엄 소비자 그룹입니다. 건강과 편리성을 모두 만족시키는 제품에 기꺼이 지갑을 엽니다.
780,강채원,여자,40대,사무 종사자,대학교 졸업(전문대졸/대학원생 포함),서울특별시,2세대가족,기혼,맞벌이 함,700-800만원 미만,3,0.520895522,0.485155956,0.480098146,0.843290891,0.406514658,0.229087123,0.491304348,트렌드 주도형 소비자,"자신의 취향과 경험을 중시하는 소비자 그룹입니다. 단순히 배를 채우는 것 이상의 가치를 추구하며, 새로운 제품을 가장 먼저 경험하고 공유하려는 경향이 강합니다"
781,이준서,남자,30대,사무 종사자,대학교 졸업(전문대졸/대학원생 포함),경상북도,1세대가족,기혼,맞벌이 함,500-600만원 미만,0,0.208955224,0.429537768,0.534351145,0.698334966,0.286644951,0.229087123,0.526086957,실속형 미식가,편리성을 중시하면서도 새로운 맛과 제품을 시도하는 데 적극적인 소비자 그룹입니다. 가격에 민감하기보다는 효율성과 맛을 동시에 추구합니다.
782,한시우,남자,60대 이상,서비스 종사자,대학교 졸업(전문대졸/대학원생 포함),경상북도,1인 가구,미혼(사별/이혼 포함),맞벌이 하지 않음,400-500만원 미만,0,0.208955224,0.473506201,0.507088332,0.636630754,0.25732899,0.249913225,0.508695652,실속형 미식가,편리성을 중시하면서도 새로운 맛과 제품을 시도하는 데 적극적인 소비자 그룹입니다. 가격에 민감하기보다는 효율성과 맛을 동시에 추구합니다.
783,임지우,여자,20대,사무 종사자,대학교 졸업(전문대졸/대학원생 포함),경기도,1인 가구,미혼(사별/이혼 포함),맞벌이 하지 않음,300-400만원 미만,3,0.568656716,0.629838407,0.21346783,0.760039177,0.271009772,0.25095453,0.5,트렌드 주도형 소비자,"자신의 취향과 경험을 중시하는 소비자 그룹입니다. 단순히 배를 채우는 것 이상의 가치를 추구하며, 새로운 제품을 가장 먼저 경험하고 공유하려는 경향이 강합니다"
784,박하은,여자,40대,판매 종사자,대학교 졸업(전문대졸/대학원생 포함),서울특별시,2세대가족,기혼,맞벌이 함,600-700만원 미만,3,0.47238806,0.383690342,0.376499455,0.823702253,0.486319218,0.17355085,0.413043478,트렌드 주도형 소비자,"자신의 취향과 경험을 중시하는 소비자 그룹입니다. 단순히 배를 채우는 것 이상의 가치를 추구하며, 새로운 제품을 가장 먼저 경험하고 공유하려는 경향이 강합니다"
785,임하준,여자,50대,서비스 종사자,고졸(대학 재학 포함),경상북도,1세대가족,기혼,맞벌이 함,400-500만원 미만,0,0.208955224,0.473506201,0.618865867,0.636630754,0.221498371,0.236029157,0.469565217,실속형 미식가,편리성을 중시하면서도 새로운 맛과 제품을 시도하는 데 적극적인 소비자 그룹입니다. 가격에 민감하기보다는 효율성과 맛을 동시에 추구합니다.
786,김지우,여자,50대,판매 종사자,고졸(대학 재학 포함),서울특별시,1세대가족,기혼,맞벌이 함,700-800만원 미만,3,0.693283582,0.518977828,0.35959651,0.823702253,0.423778502,0.252690038,0.78826087,트렌드 주도형 소비자,"자신의 취향과 경험을 중시하는 소비자 그룹입니다. 단순히 배를 채우는 것 이상의 가치를 추구하며, 새로운 제품을 가장 먼저 경험하고 공유하려는 경향이 강합니다"
787,한지원,여자,60대 이상,주부,고졸(대학 재학 포함),대구광역시,1세대가족,기혼,맞벌이 하지 않음,300-400만원 미만,3,0.632835821,0.669297257,0.429661941,0.882468168,0.371009772,0.417216244,0.626086957,트렌드 주도형 소비자,"자신의 취향과 경험을 중시하는 소비자 그룹입니다. 단순히 배를 채우는 것 이상의 가치를 추구하며, 새로운 제품을 가장 먼저 경험하고 공유하려는 경향이 강합니다"
788,강예준,여자,40대,사무 종사자,고졸(대학 재학 포함),인천광역시,2세대가족,기혼,맞벌이 함,400-500만원 미만,1,0.621641791,0.387448328,0.724918212,0.804113614,0.779478827,0.318986463,0.127391304,건강 추구형 소비자,가격이나 브랜드에 크게 구애받지 않고 건강을 최우선으로 고려하는 프리미엄 소비자 그룹입니다. 건강과 편리성을 모두 만족시키는 제품에 기꺼이 지갑을 엽니다.
789,최서윤,여자,60대 이상,서비스 종사자,고졸(대학 재학 포함),경상북도,1세대가족,기혼,맞벌이 함,500-600만원 미만,1,0.276119403,0.499812101,0.520719738,0.617042116,0.403908795,0.187434918,0.391304348,건강 추구형 소비자,가격이나 브랜드에 크게 구애받지 않고 건강을 최우선으로 고려하는 프리미엄 소비자 그룹입니다. 건강과 편리성을 모두 만족시키는 제품에 기꺼이 지갑을 엽니다.
790,정주원,여자,60대 이상,사무 종사자,대학교 졸업(전문대졸/대학원생 포함),대구광역시,2세대가족,기혼,맞벌이 함,600-700만원 미만,1,0.444776119,0.691845171,0.660305344,0.784524976,0.464169381,0.324887192,0.343478261,건강 추구형 소비자,가격이나 브랜드에 크게 구애받지 않고 건강을 최우선으로 고려하는 프리미엄 소비자 그룹입니다. 건강과 편리성을 모두 만족시키는 제품에 기꺼이 지갑을 엽니다.
791,임서윤,여자,50대,판매 종사자,고졸(대학 재학 포함),대구광역시,1세대가족,기혼,맞벌이 함,400-500만원 미만,0,0.431343284,0.700488538,0.518538713,0.86287953,0.306514658,0.433530024,0.604347826,실속형 미식가,편리성을 중시하면서도 새로운 맛과 제품을 시도하는 데 적극적인 소비자 그룹입니다. 가격에 민감하기보다는 효율성과 맛을 동시에 추구합니다.
792,윤주원,여자,60대 이상,주부,고졸(대학 재학 포함),인천광역시,1세대가족,기혼,맞벌이 하지 않음,200-300만원 미만,1,0.509701493,0.418263811,0.516902944,0.796278159,0.531921824,0.546685179,0.3,건강 추구형 소비자,가격이나 브랜드에 크게 구애받지 않고 건강을 최우선으로 고려하는 프리미엄 소비자 그룹입니다. 건강과 편리성을 모두 만족시키는 제품에 기꺼이 지갑을 엽니다.
793,한민서,여자,60대 이상,주부,중졸 이하,강원도,1인 가구,미혼(사별/이혼 포함),맞벌이 하지 않음,100-200만원 미만,0,0.201492537,0.626080421,0.402671756,0.681684623,0.138762215,0.370010413,0.334782609,실속형 미식가,편리성을 중시하면서도 새로운 맛과 제품을 시도하는 데 적극적인 소비자 그룹입니다. 가격에 민감하기보다는 효율성과 맛을 동시에 추구합니다.
794,정예준,여자,40대,주부,고졸(대학 재학 포함),경기도,2세대가족,기혼,맞벌이 하지 않음,400-500만원 미만,0,0.432089552,0.607290492,0.321155943,0.779627816,0.336156352,0.488024991,0.452173913,실속형 미식가,편리성을 중시하면서도 새로운 맛과 제품을 시도하는 데 적극적인 소비자 그룹입니다. 가격에 민감하기보다는 효율성과 맛을 동시에 추구합니다.
795,정시우,남자,60대 이상,서비스 종사자,고졸(대학 재학 포함),인천광역시,1세대가족,기혼,맞벌이 함,400-500만원 미만,0,0.4,0.770762871,0.284351145,0.843290891,0.177850163,0.575841722,0.491304348,실속형 미식가,편리성을 중시하면서도 새로운 맛과 제품을 시도하는 데 적극적인 소비자 그룹입니다. 가격에 민감하기보다는 효율성과 맛을 동시에 추구합니다.
796,강민준,여자,60대 이상,주부,중졸 이하,강원도,1인 가구,미혼(사별/이혼 포함),맞벌이 하지 않음,100-200만원 미만,0,0.23358209,0.546035325,0.399400218,0.717923604,0.197394137,0.485942381,0.365217391,실속형 미식가,편리성을 중시하면서도 새로운 맛과 제품을 시도하는 데 적극적인 소비자 그룹입니다. 가격에 민감하기보다는 효율성과 맛을 동시에 추구합니다.
797,김도윤,여자,60대 이상,서비스 종사자,고졸(대학 재학 포함),경기도,1세대가족,기혼,맞벌이 함,500-600만원 미만,0,0.370149254,0.434423149,0.349781897,0.642507346,0.41237785,0.560569247,0.501304348,실속형 미식가,편리성을 중시하면서도 새로운 맛과 제품을 시도하는 데 적극적인 소비자 그룹입니다. 가격에 민감하기보다는 효율성과 맛을 동시에 추구합니다.
798,최지호,여자,60대 이상,주부,대학교 졸업(전문대졸/대학원생 포함),강원도,1세대가족,기혼,맞벌이 하지 않음,300-400만원 미만,0,0.323134328,0.520856821,0.478462377,0.779627816,0.268078176,0.469628601,0.360869565,실속형 미식가,편리성을 중시하면서도 새로운 맛과 제품을 시도하는 데 적극적인 소비자 그룹입니다. 가격에 민감하기보다는 효율성과 맛을 동시에 추구합니다.
799,최수아,남자,30대,서비스 종사자,대학교 졸업(전문대졸/대학원생 포함),대전광역시,1인 가구,미혼(사별/이혼 포함),맞벌이 하지 않음,300-400만원 미만,0,0.534328358,0.783915821,0.088058888,0.838393732,0.253745928,0.490107602,0.413043478,실속형 미식가,편리성을 중시하면서도 새로운 맛과 제품을 시도하는 데 적극적인 소비자 그룹입니다. 가격에 민감하기보다는 효율성과 맛을 동시에 추구합니다.
800,임민서,여자,50대,사무 종사자,대학교 졸업(전문대졸/대학원생 포함),인천광역시,2세대가족,기혼,맞벌이 함,600-700만원 미만,1,0.720895522,0.448703495,0.705561614,0.86287953,0.762540717,0.349184311,0.130434783,건강 추구형 소비자,가격이나 브랜드에 크게 구애받지 않고 건강을 최우선으로 고려하는 프리미엄 소비자 그룹입니다. 건강과 편리성을 모두 만족시키는 제품에 기꺼이 지갑을 엽니다.
801,이시우,여자,30대,주부,고졸(대학 재학 포함),경기도,2세대가족,기혼,맞벌이 하지 않음,300-400만원 미만,0,0.447014925,0.472003006,0.404307525,0.760039177,0.387296417,0.455397431,0.5,실속형 미식가,편리성을 중시하면서도 새로운 맛과 제품을 시도하는 데 적극적인 소비자 그룹입니다. 가격에 민감하기보다는 효율성과 맛을 동시에 추구합니다.
802,윤예준,여자,20대,학생,고졸(대학 재학 포함),대전광역시,1인 가구,미혼(사별/이혼 포함),맞벌이 하지 않음,100만원 미만,3,0.660447761,0.781285231,0.098146129,0.85798237,0.315309446,0.646303367,0.430434783,트렌드 주도형 소비자,"자신의 취향과 경험을 중시하는 소비자 그룹입니다. 단순히 배를 채우는 것 이상의 가치를 추구하며, 새로운 제품을 가장 먼저 경험하고 공유하려는 경향이 강합니다"
803,최준서,남자,30대,사무 종사자,대학교 졸업(전문대졸/대학원생 포함),강원도,1인 가구,미혼(사별/이혼 포함),맞벌이 하지 않음,300-400만원 미만,0,0.220895522,0.659902292,0.472464558,0.838393732,0.259283388,0.378340854,0.260869565,실속형 미식가,편리성을 중시하면서도 새로운 맛과 제품을 시도하는 데 적극적인 소비자 그룹입니다. 가격에 민감하기보다는 효율성과 맛을 동시에 추구합니다.
804,조하은,남자,20대,판매 종사자,고졸(대학 재학 포함),대전광역시,1인 가구,미혼(사별/이혼 포함),맞벌이 하지 않음,200-300만원 미만,0,0.609701493,0.735062007,0.070883315,0.799216454,0.246579805,0.556404026,0.404347826,실속형 미식가,편리성을 중시하면서도 새로운 맛과 제품을 시도하는 데 적극적인 소비자 그룹입니다. 가격에 민감하기보다는 효율성과 맛을 동시에 추구합니다.
805,윤하은,여자,60대 이상,서비스 종사자,고졸(대학 재학 포함),서울특별시,1세대가족,기혼,맞벌이 함,500-600만원 미만,1,0.586567164,0.417512213,0.591330425,0.823702253,0.609446254,0.190905935,0.453478261,건강 추구형 소비자,가격이나 브랜드에 크게 구애받지 않고 건강을 최우선으로 고려하는 프리미엄 소비자 그룹입니다. 건강과 편리성을 모두 만족시키는 제품에 기꺼이 지갑을 엽니다.
806,한수아,남자,30대,사무 종사자,대학교 졸업(전문대졸/대학원생 포함),강원도,1인 가구,미혼(사별/이혼 포함),맞벌이 하지 않음,200-300만원 미만,0,0.457462687,0.580984592,0.339967285,0.897159647,0.346579805,0.329746616,0.495652174,실속형 미식가,편리성을 중시하면서도 새로운 맛과 제품을 시도하는 데 적극적인 소비자 그룹입니다. 가격에 민감하기보다는 효율성과 맛을 동시에 추구합니다.
807,강주원,여자,40대,판매 종사자,대학교 졸업(전문대졸/대학원생 포함),서울특별시,2세대가족,기혼,맞벌이 함,600-700만원 미만,0,0.396268657,0.875986471,0.458287895,0.921645446,0.253745928,0.527594585,0.591304348,실속형 미식가,편리성을 중시하면서도 새로운 맛과 제품을 시도하는 데 적극적인 소비자 그룹입니다. 가격에 민감하기보다는 효율성과 맛을 동시에 추구합니다.
808,김하은,남자,40대,서비스 종사자,대학교 졸업(전문대졸/대학원생 포함),충청남도,1인 가구,미혼(사별/이혼 포함),맞벌이 하지 않음,300-400만원 미만,3,0.623134328,0.783915821,0.296074155,0.85798237,0.2752443,0.49600833,0.491304348,트렌드 주도형 소비자,"자신의 취향과 경험을 중시하는 소비자 그룹입니다. 단순히 배를 채우는 것 이상의 가치를 추구하며, 새로운 제품을 가장 먼저 경험하고 공유하려는 경향이 강합니다"
809,최하준,여자,30대,서비스 종사자,대학교 졸업(전문대졸/대학원생 포함),충청남도,2세대가족,기혼,맞벌이 함,600-700만원 미만,3,0.648507463,0.757609921,0.252453653,0.85798237,0.290553746,0.551544603,0.504347826,트렌드 주도형 소비자,"자신의 취향과 경험을 중시하는 소비자 그룹입니다. 단순히 배를 채우는 것 이상의 가치를 추구하며, 새로운 제품을 가장 먼저 경험하고 공유하려는 경향이 강합니다"
810,윤민준,남자,50대,서비스 종사자,고졸(대학 재학 포함),충청남도,1세대가족,기혼,맞벌이 함,500-600만원 미만,3,0.588059701,0.656144307,0.274263904,0.897159647,0.243648208,0.51232211,0.608695652,트렌드 주도형 소비자,"자신의 취향과 경험을 중시하는 소비자 그룹입니다. 단순히 배를 채우는 것 이상의 가치를 추구하며, 새로운 제품을 가장 먼저 경험하고 공유하려는 경향이 강합니다"
811,이지우,남자,60대 이상,농림어업 숙련 종사자,고졸(대학 재학 포함),충청남도,1세대가족,기혼,맞벌이 함,300-400만원 미만,3,0.740298507,0.689966178,0.284351145,0.877571009,0.324104235,0.613675807,0.586956522,트렌드 주도형 소비자,"자신의 취향과 경험을 중시하는 소비자 그룹입니다. 단순히 배를 채우는 것 이상의 가치를 추구하며, 새로운 제품을 가장 먼저 경험하고 공유하려는 경향이 강합니다"
812,박하은,여자,40대,사무 종사자,대학교 졸업(전문대졸/대학원생 포함),강원도,1인 가구,미혼(사별/이혼 포함),맞벌이 하지 않음,200-300만원 미만,0,0.205970149,0.526493799,0.395583424,0.843290891,0.32247557,0.37139882,0.51,실속형 미식가,편리성을 중시하면서도 새로운 맛과 제품을 시도하는 데 적극적인 소비자 그룹입니다. 가격에 민감하기보다는 효율성과 맛을 동시에 추구합니다.
813,이도윤,여자,60대 이상,주부,고졸(대학 재학 포함),경기도,1세대가족,기혼,맞벌이 하지 않음,300-400만원 미만,0,0.464179104,0.517098835,0.303435115,0.740450539,0.336156352,0.426240889,0.530434783,실속형 미식가,편리성을 중시하면서도 새로운 맛과 제품을 시도하는 데 적극적인 소비자 그룹입니다. 가격에 민감하기보다는 효율성과 맛을 동시에 추구합니다.
814,강지호,여자,60대 이상,농림어업 숙련 종사자,고졸(대학 재학 포함),충청남도,1세대가족,기혼,맞벌이 함,300-400만원 미만,3,0.873134328,0.720030064,0.297982552,0.799216454,0.342019544,0.57965984,0.5,트렌드 주도형 소비자,"자신의 취향과 경험을 중시하는 소비자 그룹입니다. 단순히 배를 채우는 것 이상의 가치를 추구하며, 새로운 제품을 가장 먼저 경험하고 공유하려는 경향이 강합니다"
815,김준서,여자,60대 이상,기능원 및 관련 기능 종사자,고졸(대학 재학 포함),인천광역시,1세대가족,기혼,맞벌이 함,400-500만원 미만,3,0.702238806,0.492671928,0.308342421,0.823702253,0.360260586,0.348837209,0.730434783,트렌드 주도형 소비자,"자신의 취향과 경험을 중시하는 소비자 그룹입니다. 단순히 배를 채우는 것 이상의 가치를 추구하며, 새로운 제품을 가장 먼저 경험하고 공유하려는 경향이 강합니다"
816,이수아,여자,60대 이상,서비스 종사자,고졸(대학 재학 포함),충청남도,1인 가구,미혼(사별/이혼 포함),맞벌이 하지 않음,100-200만원 미만,3,0.805970149,0.696354754,0.309705562,0.757100881,0.332247557,0.501214856,0.583913043,트렌드 주도형 소비자,"자신의 취향과 경험을 중시하는 소비자 그룹입니다. 단순히 배를 채우는 것 이상의 가치를 추구하며, 새로운 제품을 가장 먼저 경험하고 공유하려는 경향이 강합니다"
817,정시우,여자,60대 이상,농림어업 숙련 종사자,고졸(대학 재학 포함),충청남도,1세대가족,기혼,맞벌이 함,300-400만원 미만,3,0.655223881,0.724915445,0.284351145,0.838393732,0.259934853,0.741062131,0.556521739,트렌드 주도형 소비자,"자신의 취향과 경험을 중시하는 소비자 그룹입니다. 단순히 배를 채우는 것 이상의 가치를 추구하며, 새로운 제품을 가장 먼저 경험하고 공유하려는 경향이 강합니다"
818,김채원,여자,60대 이상,농림어업 숙련 종사자,대학교 졸업(전문대졸/대학원생 포함),충청남도,1세대가족,기혼,맞벌이 함,200-300만원 미만,3,0.770895522,0.641112364,0.135223555,0.85798237,0.350488599,0.611246095,0.539130435,트렌드 주도형 소비자,"자신의 취향과 경험을 중시하는 소비자 그룹입니다. 단순히 배를 채우는 것 이상의 가치를 추구하며, 새로운 제품을 가장 먼저 경험하고 공유하려는 경향이 강합니다"
819,조서윤,여자,40대,판매 종사자,고졸(대학 재학 포함),인천광역시,2세대가족,기혼,맞벌이 함,600-700만원 미만,1,0.723880597,0.654265314,0.553707743,0.843290891,0.6752443,0.286706005,0.173913043,건강 추구형 소비자,가격이나 브랜드에 크게 구애받지 않고 건강을 최우선으로 고려하는 프리미엄 소비자 그룹입니다. 건강과 편리성을 모두 만족시키는 제품에 기꺼이 지갑을 엽니다.
820,윤지호,남자,50대,서비스 종사자,고졸(대학 재학 포함),충청남도,2세대가족,기혼,맞벌이 함,400-500만원 미만,3,0.770895522,0.75009395,0.109051254,0.85798237,0.316938111,0.504338771,0.47826087,트렌드 주도형 소비자,"자신의 취향과 경험을 중시하는 소비자 그룹입니다. 단순히 배를 채우는 것 이상의 가치를 추구하며, 새로운 제품을 가장 먼저 경험하고 공유하려는 경향이 강합니다"
821,이하준,여자,60대 이상,주부,고졸(대학 재학 포함),경기도,1세대가족,기혼,맞벌이 하지 않음,300-400만원 미만,0,0.302985075,0.449455092,0.327971647,0.7208619,0.295114007,0.472752516,0.656521739,실속형 미식가,편리성을 중시하면서도 새로운 맛과 제품을 시도하는 데 적극적인 소비자 그룹입니다. 가격에 민감하기보다는 효율성과 맛을 동시에 추구합니다.
822,박지민,여자,60대 이상,농림어업 숙련 종사자,고졸(대학 재학 포함),충청남도,1인 가구,미혼(사별/이혼 포함),맞벌이 하지 않음,200-300만원 미만,3,0.750746269,0.768883878,0.251635769,0.818805093,0.301628664,0.599444637,0.436086957,트렌드 주도형 소비자,"자신의 취향과 경험을 중시하는 소비자 그룹입니다. 단순히 배를 채우는 것 이상의 가치를 추구하며, 새로운 제품을 가장 먼저 경험하고 공유하려는 경향이 강합니다"
823,최지민,여자,60대 이상,주부,고졸(대학 재학 포함),충청남도,1세대가족,기혼,맞벌이 하지 않음,200-300만원 미만,3,0.629850746,0.720030064,0.31434024,0.818805093,0.242345277,0.706699063,0.491304348,트렌드 주도형 소비자,"자신의 취향과 경험을 중시하는 소비자 그룹입니다. 단순히 배를 채우는 것 이상의 가치를 추구하며, 새로운 제품을 가장 먼저 경험하고 공유하려는 경향이 강합니다"
824,강민서,여자,60대 이상,서비스 종사자,고졸(대학 재학 포함),경상북도,1인 가구,미혼(사별/이혼 포함),맞벌이 하지 않음,100-200만원 미만,1,0.276119403,0.357008643,0.618865867,0.617042116,0.374592834,0.225616106,0.408695652,건강 추구형 소비자,가격이나 브랜드에 크게 구애받지 않고 건강을 최우선으로 고려하는 프리미엄 소비자 그룹입니다. 건강과 편리성을 모두 만족시키는 제품에 기꺼이 지갑을 엽니다.
825,이지원,여자,60대 이상,주부,고졸(대학 재학 포함),경기도,1세대가족,기혼,맞벌이 하지 않음,200-300만원 미만,0,0.273134328,0.490792935,0.281624864,0.7208619,0.194136808,0.651162791,0.701304348,실속형 미식가,편리성을 중시하면서도 새로운 맛과 제품을 시도하는 데 적극적인 소비자 그룹입니다. 가격에 민감하기보다는 효율성과 맛을 동시에 추구합니다.
826,박지원,여자,40대,사무 종사자,대학교 졸업(전문대졸/대학원생 포함),경상남도,2세대가족,기혼,맞벌이 함,700-800만원 미만,1,0.539552239,0.376174371,0.624591058,0.804113614,0.720846906,0.331829226,0.230434783,건강 추구형 소비자,가격이나 브랜드에 크게 구애받지 않고 건강을 최우선으로 고려하는 프리미엄 소비자 그룹입니다. 건강과 편리성을 모두 만족시키는 제품에 기꺼이 지갑을 엽니다.
827,조도윤,여자,60대 이상,판매 종사자,고졸(대학 재학 포함),경상북도,2세대가족,미혼(사별/이혼 포함),맞벌이 하지 않음,400-500만원 미만,0,0.208955224,0.465990229,0.542529989,0.636630754,0.309446254,0.249913225,0.486956522,실속형 미식가,편리성을 중시하면서도 새로운 맛과 제품을 시도하는 데 적극적인 소비자 그룹입니다. 가격에 민감하기보다는 효율성과 맛을 동시에 추구합니다.
828,윤도윤,여자,20대,사무 종사자,대학교 졸업(전문대졸/대학원생 포함),서울특별시,1세대가족,기혼,맞벌이 함,600-700만원 미만,0,0.164179104,0.774520857,0.5717012,0.921645446,0.160586319,0.298507463,0.634782609,실속형 미식가,편리성을 중시하면서도 새로운 맛과 제품을 시도하는 데 적극적인 소비자 그룹입니다. 가격에 민감하기보다는 효율성과 맛을 동시에 추구합니다.
829,최건우,여자,40대,판매 종사자,대학교 졸업(전문대졸/대학원생 포함),경상북도,1인 가구,미혼(사별/이혼 포함),맞벌이 하지 않음,400-500만원 미만,0,0.138059701,0.470124014,0.220283533,0.764936337,0.26286645,0.260326276,0.552173913,실속형 미식가,편리성을 중시하면서도 새로운 맛과 제품을 시도하는 데 적극적인 소비자 그룹입니다. 가격에 민감하기보다는 효율성과 맛을 동시에 추구합니다.
830,김지호,여자,50대,사무 종사자,대학교 졸업(전문대졸/대학원생 포함),경상남도,2세대가족,기혼,맞벌이 함,800-900만원 미만,1,0.420149254,0.391206313,0.681842966,0.843290891,0.712052117,0.306490802,0.191304348,건강 추구형 소비자,가격이나 브랜드에 크게 구애받지 않고 건강을 최우선으로 고려하는 프리미엄 소비자 그룹입니다. 건강과 편리성을 모두 만족시키는 제품에 기꺼이 지갑을 엽니다.
831,임지우,남자,50대,장치·기계 조작 및 조립 종사자,고졸(대학 재학 포함),경기도,1인 가구,미혼(사별/이혼 포함),맞벌이 하지 않음,300-400만원 미만,0,0.208955224,0.520856821,0.257088332,0.740450539,0.218241042,0.505727178,0.469565217,실속형 미식가,편리성을 중시하면서도 새로운 맛과 제품을 시도하는 데 적극적인 소비자 그룹입니다. 가격에 민감하기보다는 효율성과 맛을 동시에 추구합니다.
832,이채원,남자,60대 이상,단순노무 종사자,고졸(대학 재학 포함),서울특별시,1세대가족,기혼,맞벌이 함,300-400만원 미만,0,0.282089552,0.812100714,0.462649945,0.86287953,0.176221498,0.483512669,0.586956522,실속형 미식가,편리성을 중시하면서도 새로운 맛과 제품을 시도하는 데 적극적인 소비자 그룹입니다. 가격에 민감하기보다는 효율성과 맛을 동시에 추구합니다.
833,윤시우,여자,60대 이상,주부,고졸(대학 재학 포함),경기도,1세대가족,기혼,맞벌이 하지 않음,300-400만원 미만,0,0.255970149,0.502066892,0.232551799,0.662095984,0.200651466,0.411315515,0.482608696,실속형 미식가,편리성을 중시하면서도 새로운 맛과 제품을 시도하는 데 적극적인 소비자 그룹입니다. 가격에 민감하기보다는 효율성과 맛을 동시에 추구합니다.
834,박예은,여자,60대 이상,주부,고졸(대학 재학 포함),경상북도,1세대가족,기혼,맞벌이 하지 않음,300-400만원 미만,0,0.237313433,0.582863585,0.352780807,0.784524976,0.194788274,0.348143006,0.513043478,실속형 미식가,편리성을 중시하면서도 새로운 맛과 제품을 시도하는 데 적극적인 소비자 그룹입니다. 가격에 민감하기보다는 효율성과 맛을 동시에 추구합니다.
835,한지우,여자,30대,사무 종사자,대학교 졸업(전문대졸/대학원생 포함),서울특별시,2세대가족,기혼,맞벌이 함,600-700만원 미만,0,0.260447761,0.7895528,0.601145038,0.960822723,0.311074919,0.499826449,0.508695652,실속형 미식가,편리성을 중시하면서도 새로운 맛과 제품을 시도하는 데 적극적인 소비자 그룹입니다. 가격에 민감하기보다는 효율성과 맛을 동시에 추구합니다.
836,이준서,남자,40대,장치·기계 조작 및 조립 종사자,고졸(대학 재학 포함),서울특별시,2세대가족,기혼,맞벌이 함,500-600만원 미만,0,0.214925373,0.860954528,0.650490731,0.902056807,0.195765472,0.505032975,0.6,실속형 미식가,편리성을 중시하면서도 새로운 맛과 제품을 시도하는 데 적극적인 소비자 그룹입니다. 가격에 민감하기보다는 효율성과 맛을 동시에 추구합니다.
837,임시우,여자,60대 이상,판매 종사자,고졸(대학 재학 포함),서울특별시,1세대가족,기혼,맞벌이 함,700-800만원 미만,1,0.412686567,0.463735438,0.937295529,0.902056807,0.525732899,0.270739327,0.523043478,건강 추구형 소비자,가격이나 브랜드에 크게 구애받지 않고 건강을 최우선으로 고려하는 프리미엄 소비자 그룹입니다. 건강과 편리성을 모두 만족시키는 제품에 기꺼이 지갑을 엽니다.
838,정지민,여자,60대 이상,서비스 종사자,고졸(대학 재학 포함),서울특별시,1세대가족,기혼,맞벌이 함,600-700만원 미만,1,0.335820896,0.564073657,0.870774264,0.941234084,0.511726384,0.315862548,0.38826087,건강 추구형 소비자,가격이나 브랜드에 크게 구애받지 않고 건강을 최우선으로 고려하는 프리미엄 소비자 그룹입니다. 건강과 편리성을 모두 만족시키는 제품에 기꺼이 지갑을 엽니다.
839,김지원,여자,30대,사무 종사자,대학교 졸업(전문대졸/대학원생 포함),인천광역시,1인 가구,미혼(사별/이혼 포함),맞벌이 하지 않음,400-500만원 미만,1,0.291044776,0.357384442,0.711559433,0.784524976,0.193811075,0.211732037,0.208695652,건강 추구형 소비자,가격이나 브랜드에 크게 구애받지 않고 건강을 최우선으로 고려하는 프리미엄 소비자 그룹입니다. 건강과 편리성을 모두 만족시키는 제품에 기꺼이 지갑을 엽니다.
840,이예은,여자,60대 이상,판매 종사자,고졸(대학 재학 포함),서울특별시,1세대가족,기혼,맞벌이 함,"900-1,000만원 미만",1,0.287313433,0.455092071,0.939203926,0.921645446,0.604234528,0.284623395,0.143478261,건강 추구형 소비자,가격이나 브랜드에 크게 구애받지 않고 건강을 최우선으로 고려하는 프리미엄 소비자 그룹입니다. 건강과 편리성을 모두 만족시키는 제품에 기꺼이 지갑을 엽니다.
841,이서연,여자,40대,사무 종사자,대학교 졸업(전문대졸/대학원생 포함),서울특별시,2세대가족,기혼,맞벌이 함,"1,000만원 이상",1,0.304477612,0.396843292,0.894220284,0.818805093,0.588925081,0.219715377,0.095652174,건강 추구형 소비자,가격이나 브랜드에 크게 구애받지 않고 건강을 최우선으로 고려하는 프리미엄 소비자 그룹입니다. 건강과 편리성을 모두 만족시키는 제품에 기꺼이 지갑을 엽니다.
842,임서연,여자,50대,서비스 종사자,고졸(대학 재학 포함),인천광역시,2세대가족,기혼,맞벌이 함,600-700만원 미만,3,0.611940299,0.417512213,0.298800436,0.804113614,0.298045603,0.400902464,0.8,트렌드 주도형 소비자,"자신의 취향과 경험을 중시하는 소비자 그룹입니다. 단순히 배를 채우는 것 이상의 가치를 추구하며, 새로운 제품을 가장 먼저 경험하고 공유하려는 경향이 강합니다"
843,임지민,여자,60대 이상,주부,고졸(대학 재학 포함),서울특별시,1세대가족,기혼,맞벌이 하지 않음,500-600만원 미만,1,0.22761194,0.366779406,0.851690294,0.779627816,0.555374593,0.163137799,0.162173913,건강 추구형 소비자,가격이나 브랜드에 크게 구애받지 않고 건강을 최우선으로 고려하는 프리미엄 소비자 그룹입니다. 건강과 편리성을 모두 만족시키는 제품에 기꺼이 지갑을 엽니다.
844,김지원,여자,60대 이상,단순노무 종사자,고졸(대학 재학 포함),인천광역시,1세대가족,기혼,맞벌이 함,300-400만원 미만,3,0.579850746,0.458850056,0.280261723,0.823702253,0.350814332,0.365845193,0.739130435,트렌드 주도형 소비자,"자신의 취향과 경험을 중시하는 소비자 그룹입니다. 단순히 배를 채우는 것 이상의 가치를 추구하며, 새로운 제품을 가장 먼저 경험하고 공유하려는 경향이 강합니다"
845,정지원,여자,30대,사무 종사자,대학교 졸업(전문대졸/대학원생 포함),경기도,2세대가족,기혼,맞벌이 함,600-700만원 미만,3,0.569402985,0.409996242,0.392857143,0.804113614,0.454723127,0.311003124,0.713043478,트렌드 주도형 소비자,"자신의 취향과 경험을 중시하는 소비자 그룹입니다. 단순히 배를 채우는 것 이상의 가치를 추구하며, 새로운 제품을 가장 먼저 경험하고 공유하려는 경향이 강합니다"
846,윤서윤,여자,40대,사무 종사자,대학교 졸업(전문대졸/대학원생 포함),서울특별시,2세대가족,기혼,맞벌이 함,"1,000만원 이상",1,0.175373134,0.438181135,0.873500545,0.838393732,0.540716612,0.183963901,0.160869565,건강 추구형 소비자,가격이나 브랜드에 크게 구애받지 않고 건강을 최우선으로 고려하는 프리미엄 소비자 그룹입니다. 건강과 편리성을 모두 만족시키는 제품에 기꺼이 지갑을 엽니다.
847,윤서준,여자,50대,장치·기계 조작 및 조립 종사자,대학교 졸업(전문대졸/대학원생 포함),경기도,2세대가족,기혼,맞벌이 함,600-700만원 미만,3,0.494029851,0.500187899,0.374591058,0.86287953,0.303583062,0.246442208,0.808695652,트렌드 주도형 소비자,"자신의 취향과 경험을 중시하는 소비자 그룹입니다. 단순히 배를 채우는 것 이상의 가치를 추구하며, 새로운 제품을 가장 먼저 경험하고 공유하려는 경향이 강합니다"
848,박하은,여자,60대 이상,주부,고졸(대학 재학 포함),제주특별자치도,2세대가족,기혼,맞벌이 하지 않음,400-500만원 미만,1,0.059701493,0.312288613,0.610414395,0.706170421,0.364820847,0.131898646,0.308695652,건강 추구형 소비자,가격이나 브랜드에 크게 구애받지 않고 건강을 최우선으로 고려하는 프리미엄 소비자 그룹입니다. 건강과 편리성을 모두 만족시키는 제품에 기꺼이 지갑을 엽니다.
849,강지민,여자,50대,사무 종사자,고졸(대학 재학 포함),대전광역시,2세대가족,기혼,맞벌이 함,600-700만원 미만,0,0.104477612,0.645997745,0.284351145,0.877571009,0.048859935,0.518222839,0.713043478,실속형 미식가,편리성을 중시하면서도 새로운 맛과 제품을 시도하는 데 적극적인 소비자 그룹입니다. 가격에 민감하기보다는 효율성과 맛을 동시에 추구합니다.
850,윤하준,여자,60대 이상,주부,고졸(대학 재학 포함),대전광역시,1세대가족,기혼,맞벌이 하지 않음,400-500만원 미만,1,0.464925373,0.569710635,0.680752454,0.799216454,0.508794788,0.265879903,0.391304348,건강 추구형 소비자,가격이나 브랜드에 크게 구애받지 않고 건강을 최우선으로 고려하는 프리미엄 소비자 그룹입니다. 건강과 편리성을 모두 만족시키는 제품에 기꺼이 지갑을 엽니다.
851,강지우,여자,60대 이상,주부,대학교 졸업(전문대졸/대학원생 포함),경상북도,2세대가족,기혼,맞벌이 하지 않음,300-400만원 미만,0,0.059701493,0.535888764,0.264994547,0.760039177,0.226384365,0.276987157,0.566521739,실속형 미식가,편리성을 중시하면서도 새로운 맛과 제품을 시도하는 데 적극적인 소비자 그룹입니다. 가격에 민감하기보다는 효율성과 맛을 동시에 추구합니다.
852,김예은,여자,60대 이상,주부,대학교 졸업(전문대졸/대학원생 포함),대전광역시,2세대가족,기혼,맞벌이 하지 않음,800-900만원 미만,1,0.330597015,0.500939496,0.642311887,0.796278159,0.467752443,0.271780632,0.430434783,건강 추구형 소비자,가격이나 브랜드에 크게 구애받지 않고 건강을 최우선으로 고려하는 프리미엄 소비자 그룹입니다. 건강과 편리성을 모두 만족시키는 제품에 기꺼이 지갑을 엽니다.
853,김지민,여자,60대 이상,주부,고졸(대학 재학 포함),경상북도,2세대가족,기혼,맞벌이 하지 않음,300-400만원 미만,0,0.203731343,0.502066892,0.324427481,0.799216454,0.271661238,0.263797293,0.595652174,실속형 미식가,편리성을 중시하면서도 새로운 맛과 제품을 시도하는 데 적극적인 소비자 그룹입니다. 가격에 민감하기보다는 효율성과 맛을 동시에 추구합니다.
854,최지민,여자,20대,사무 종사자,대학교 졸업(전문대졸/대학원생 포함),대전광역시,1인 가구,미혼(사별/이혼 포함),맞벌이 하지 않음,200-300만원 미만,0,0.246268657,0.547162721,0.200654308,0.740450539,0.260912052,0.253384242,0.434782609,실속형 미식가,편리성을 중시하면서도 새로운 맛과 제품을 시도하는 데 적극적인 소비자 그룹입니다. 가격에 민감하기보다는 효율성과 맛을 동시에 추구합니다.
855,김지호,여자,60대 이상,주부,고졸(대학 재학 포함),서울특별시,1세대가족,기혼,맞벌이 하지 않음,300-400만원 미만,1,0.186567164,0.432544156,0.872137405,0.882468168,0.534527687,0.281499479,0.347826087,건강 추구형 소비자,가격이나 브랜드에 크게 구애받지 않고 건강을 최우선으로 고려하는 프리미엄 소비자 그룹입니다. 건강과 편리성을 모두 만족시키는 제품에 기꺼이 지갑을 엽니다.
856,이지호,여자,40대,서비스 종사자,대학교 졸업(전문대졸/대학원생 포함),서울특별시,2세대가족,기혼,맞벌이 함,800-900만원 미만,1,0.235074627,0.440060128,0.842966194,0.882468168,0.527035831,0.349184311,0.356521739,건강 추구형 소비자,가격이나 브랜드에 크게 구애받지 않고 건강을 최우선으로 고려하는 프리미엄 소비자 그룹입니다. 건강과 편리성을 모두 만족시키는 제품에 기꺼이 지갑을 엽니다.
857,한예은,여자,60대 이상,주부,중졸 이하,광주광역시,1인 가구,미혼(사별/이혼 포함),맞벌이 하지 않음,100-200만원 미만,3,0.549253731,0.34986847,0.420665213,0.823702253,0.565472313,0.494619924,0.33173913,트렌드 주도형 소비자,"자신의 취향과 경험을 중시하는 소비자 그룹입니다. 단순히 배를 채우는 것 이상의 가치를 추구하며, 새로운 제품을 가장 먼저 경험하고 공유하려는 경향이 강합니다"
858,한예준,여자,50대,사무 종사자,대학교 졸업(전문대졸/대학원생 포함),경기도,2세대가족,미혼(사별/이혼 포함),맞벌이 하지 않음,300-400만원 미만,0,0.42761194,0.663660278,0.303435115,0.760039177,0.25276873,0.407844498,0.334782609,실속형 미식가,편리성을 중시하면서도 새로운 맛과 제품을 시도하는 데 적극적인 소비자 그룹입니다. 가격에 민감하기보다는 효율성과 맛을 동시에 추구합니다.
859,박도윤,여자,60대 이상,주부,고졸(대학 재학 포함),서울특별시,1세대가족,기혼,맞벌이 하지 않음,400-500만원 미만,1,0.16641791,0.447576099,0.80261723,0.902056807,0.394462541,0.429711906,0.395652174,건강 추구형 소비자,가격이나 브랜드에 크게 구애받지 않고 건강을 최우선으로 고려하는 프리미엄 소비자 그룹입니다. 건강과 편리성을 모두 만족시키는 제품에 기꺼이 지갑을 엽니다.
860,윤하은,남자,20대,서비스 종사자,고졸(대학 재학 포함),광주광역시,1인 가구,미혼(사별/이혼 포함),맞벌이 하지 않음,100-200만원 미만,1,0.532835821,0.483276964,0.377044711,0.760039177,0.564820847,0.333217633,0.191304348,건강 추구형 소비자,가격이나 브랜드에 크게 구애받지 않고 건강을 최우선으로 고려하는 프리미엄 소비자 그룹입니다. 건강과 편리성을 모두 만족시키는 제품에 기꺼이 지갑을 엽니다.
861,한도윤,여자,50대,서비스 종사자,고졸(대학 재학 포함),경기도,2세대가족,기혼,맞벌이 함,600-700만원 미만,3,0.601492537,0.641112364,0.27480916,0.760039177,0.367752443,0.390489413,0.501304348,트렌드 주도형 소비자,"자신의 취향과 경험을 중시하는 소비자 그룹입니다. 단순히 배를 채우는 것 이상의 가치를 추구하며, 새로운 제품을 가장 먼저 경험하고 공유하려는 경향이 강합니다"
862,한지민,여자,50대,사무 종사자,고졸(대학 재학 포함),서울특별시,2세대가족,기혼,맞벌이 함,700-800만원 미만,0,0.339552239,0.458850056,0.393129771,0.843290891,0.270032573,0.275251649,0.843478261,실속형 미식가,편리성을 중시하면서도 새로운 맛과 제품을 시도하는 데 적극적인 소비자 그룹입니다. 가격에 민감하기보다는 효율성과 맛을 동시에 추구합니다.
863,조하은,여자,40대,사무 종사자,대학교 졸업(전문대졸/대학원생 포함),경기도,2세대가족,기혼,맞벌이 함,700-800만원 미만,3,0.457462687,0.526493799,0.411123228,0.823702253,0.410749186,0.333217633,0.569565217,트렌드 주도형 소비자,"자신의 취향과 경험을 중시하는 소비자 그룹입니다. 단순히 배를 채우는 것 이상의 가치를 추구하며, 새로운 제품을 가장 먼저 경험하고 공유하려는 경향이 강합니다"
864,강준서,여자,60대 이상,주부,고졸(대학 재학 포함),서울특별시,1인 가구,미혼(사별/이혼 포함),맞벌이 하지 않음,200-300만원 미만,1,0.089552239,0.413754228,0.736368593,0.882468168,0.369055375,0.423811177,0.314347826,건강 추구형 소비자,가격이나 브랜드에 크게 구애받지 않고 건강을 최우선으로 고려하는 프리미엄 소비자 그룹입니다. 건강과 편리성을 모두 만족시키는 제품에 기꺼이 지갑을 엽니다.
865,박시우,남자,50대,장치·기계 조작 및 조립 종사자,고졸(대학 재학 포함),광주광역시,1인 가구,미혼(사별/이혼 포함),맞벌이 하지 않음,300-400만원 미만,3,0.569402985,0.518977828,0.354416576,0.823702253,0.509120521,0.345019091,0.217391304,트렌드 주도형 소비자,"자신의 취향과 경험을 중시하는 소비자 그룹입니다. 단순히 배를 채우는 것 이상의 가치를 추구하며, 새로운 제품을 가장 먼저 경험하고 공유하려는 경향이 강합니다"
866,김민서,남자,30대,서비스 종사자,고졸(대학 재학 포함),광주광역시,1인 가구,미혼(사별/이혼 포함),맞벌이 하지 않음,200-300만원 미만,3,0.755970149,0.432544156,0.398037077,0.843290891,0.646905537,0.334258938,0.273913043,트렌드 주도형 소비자,"자신의 취향과 경험을 중시하는 소비자 그룹입니다. 단순히 배를 채우는 것 이상의 가치를 추구하며, 새로운 제품을 가장 먼저 경험하고 공유하려는 경향이 강합니다"
867,김도윤,여자,30대,사무 종사자,대학교 졸업(전문대졸/대학원생 포함),서울특별시,2세대가족,기혼,맞벌이 함,600-700만원 미만,1,0.181343284,0.432544156,0.929389313,0.86287953,0.518241042,0.284623395,0.330434783,건강 추구형 소비자,가격이나 브랜드에 크게 구애받지 않고 건강을 최우선으로 고려하는 프리미엄 소비자 그룹입니다. 건강과 편리성을 모두 만족시키는 제품에 기꺼이 지갑을 엽니다.
868,정지호,여자,30대,사무 종사자,대학교 졸업(전문대졸/대학원생 포함),인천광역시,2세대가족,기혼,맞벌이 함,500-600만원 미만,3,0.652985075,0.425028185,0.419029444,0.843290891,0.493485342,0.290871225,0.908695652,트렌드 주도형 소비자,"자신의 취향과 경험을 중시하는 소비자 그룹입니다. 단순히 배를 채우는 것 이상의 가치를 추구하며, 새로운 제품을 가장 먼저 경험하고 공유하려는 경향이 강합니다"
869,김주원,남자,40대,서비스 종사자,고졸(대학 재학 포함),광주광역시,1인 가구,미혼(사별/이혼 포함),맞벌이 하지 않음,200-300만원 미만,3,0.695522388,0.391206313,0.408942203,0.823702253,0.658631922,0.345019091,0.313043478,트렌드 주도형 소비자,"자신의 취향과 경험을 중시하는 소비자 그룹입니다. 단순히 배를 채우는 것 이상의 가치를 추구하며, 새로운 제품을 가장 먼저 경험하고 공유하려는 경향이 강합니다"
870,정서준,여자,40대,사무 종사자,대학교 졸업(전문대졸/대학원생 포함),인천광역시,1세대가족,기혼,맞벌이 함,500-600만원 미만,1,0.330597015,0.379932356,0.667666303,0.72575906,0.555700326,0.231863936,0.682608696,건강 추구형 소비자,가격이나 브랜드에 크게 구애받지 않고 건강을 최우선으로 고려하는 프리미엄 소비자 그룹입니다. 건강과 편리성을 모두 만족시키는 제품에 기꺼이 지갑을 엽니다.
871,최예은,남자,60대 이상,단순노무 종사자,고졸(대학 재학 포함),서울특별시,1인 가구,미혼(사별/이혼 포함),맞벌이 하지 않음,200-300만원 미만,1,0.156716418,0.406238256,0.70910578,0.86287953,0.342019544,0.424158278,0.347826087,건강 추구형 소비자,가격이나 브랜드에 크게 구애받지 않고 건강을 최우선으로 고려하는 프리미엄 소비자 그룹입니다. 건강과 편리성을 모두 만족시키는 제품에 기꺼이 지갑을 엽니다.
872,최채원,여자,30대,사무 종사자,대학교 졸업(전문대졸/대학원생 포함),광주광역시,1인 가구,미혼(사별/이혼 포함),맞벌이 하지 않음,200-300만원 미만,3,0.705970149,0.361142428,0.434296619,0.745347698,0.741368078,0.391530719,0.265217391,트렌드 주도형 소비자,"자신의 취향과 경험을 중시하는 소비자 그룹입니다. 단순히 배를 채우는 것 이상의 가치를 추구하며, 새로운 제품을 가장 먼저 경험하고 공유하려는 경향이 강합니다"
873,정시우,남자,50대,판매 종사자,대학교 졸업(전문대졸/대학원생 포함),대구광역시,1인 가구,미혼(사별/이혼 포함),맞벌이 하지 않음,500-600만원 미만,1,0.673880597,0.391206313,0.591875682,0.843290891,0.632899023,0.341200972,0.213043478,건강 추구형 소비자,가격이나 브랜드에 크게 구애받지 않고 건강을 최우선으로 고려하는 프리미엄 소비자 그룹입니다. 건강과 편리성을 모두 만족시키는 제품에 기꺼이 지갑을 엽니다.
874,강지민,남자,40대,판매 종사자,대학교 졸업(전문대졸/대학원생 포함),강원도,1인 가구,기혼,맞벌이 하지 않음,300-400만원 미만,0,0.242537313,0.524614806,0.443838604,0.877571009,0.366123779,0.21624436,0.543478261,실속형 미식가,편리성을 중시하면서도 새로운 맛과 제품을 시도하는 데 적극적인 소비자 그룹입니다. 가격에 민감하기보다는 효율성과 맛을 동시에 추구합니다.
875,박지원,남자,20대,학생,고졸(대학 재학 포함),광주광역시,1인 가구,미혼(사별/이혼 포함),맞벌이 하지 않음,100만원 미만,1,0.655223881,0.319804585,0.453380589,0.745347698,0.735504886,0.419993058,0.182608696,건강 추구형 소비자,가격이나 브랜드에 크게 구애받지 않고 건강을 최우선으로 고려하는 프리미엄 소비자 그룹입니다. 건강과 편리성을 모두 만족시키는 제품에 기꺼이 지갑을 엽니다.
876,임하준,여자,30대,주부,대학교 졸업(전문대졸/대학원생 포함),인천광역시,1세대가족,기혼,맞벌이 하지 않음,400-500만원 미만,1,0.802985075,0.379932356,0.708560523,0.764936337,0.898697068,0.296077751,0.091304348,건강 추구형 소비자,가격이나 브랜드에 크게 구애받지 않고 건강을 최우선으로 고려하는 프리미엄 소비자 그룹입니다. 건강과 편리성을 모두 만족시키는 제품에 기꺼이 지갑을 엽니다.
877,임서윤,남자,20대,학생,고졸(대학 재학 포함),광주광역시,1인 가구,미혼(사별/이혼 포함),맞벌이 하지 않음,100만원 미만,1,0.576119403,0.334836528,0.441657579,0.784524976,0.723778502,0.368969108,0.2,건강 추구형 소비자,가격이나 브랜드에 크게 구애받지 않고 건강을 최우선으로 고려하는 프리미엄 소비자 그룹입니다. 건강과 편리성을 모두 만족시키는 제품에 기꺼이 지갑을 엽니다.
878,임지우,여자,40대,사무 종사자,대학교 졸업(전문대졸/대학원생 포함),경기도,2세대가족,기혼,맞벌이 함,600-700만원 미만,3,0.465671642,0.497557309,0.423391494,0.882468168,0.445276873,0.294342242,0.495652174,트렌드 주도형 소비자,"자신의 취향과 경험을 중시하는 소비자 그룹입니다. 단순히 배를 채우는 것 이상의 가치를 추구하며, 새로운 제품을 가장 먼저 경험하고 공유하려는 경향이 강합니다"
879,최하은,여자,50대,판매 종사자,고졸(대학 재학 포함),경기도,2세대가족,기혼,맞벌이 함,600-700만원 미만,0,0.447761194,0.580984592,0.229825518,0.7208619,0.238762215,0.389448108,0.569565217,실속형 미식가,편리성을 중시하면서도 새로운 맛과 제품을 시도하는 데 적극적인 소비자 그룹입니다. 가격에 민감하기보다는 효율성과 맛을 동시에 추구합니다.
880,강하은,여자,60대 이상,주부,고졸(대학 재학 포함),인천광역시,2세대가족,기혼,맞벌이 하지 않음,300-400만원 미만,0,0.425373134,0.800826757,0.399400218,0.941234084,0.293485342,0.229087123,0.469565217,실속형 미식가,편리성을 중시하면서도 새로운 맛과 제품을 시도하는 데 적극적인 소비자 그룹입니다. 가격에 민감하기보다는 효율성과 맛을 동시에 추구합니다.
881,윤수아,여자,40대,서비스 종사자,대학교 졸업(전문대졸/대학원생 포함),대구광역시,1인 가구,미혼(사별/이혼 포함),맞벌이 하지 않음,200-300만원 미만,1,0.694029851,0.428786171,0.626499455,0.784524976,0.671009772,0.249913225,0.095652174,건강 추구형 소비자,가격이나 브랜드에 크게 구애받지 않고 건강을 최우선으로 고려하는 프리미엄 소비자 그룹입니다. 건강과 편리성을 모두 만족시키는 제품에 기꺼이 지갑을 엽니다.
882,최민서,여자,40대,주부,대학교 졸업(전문대졸/대학원생 포함),강원도,2세대가족,기혼,맞벌이 하지 않음,500-600만원 미만,3,0.782089552,0.612927471,0.467011996,0.960822723,0.650162866,0.395695939,0.508695652,트렌드 주도형 소비자,"자신의 취향과 경험을 중시하는 소비자 그룹입니다. 단순히 배를 채우는 것 이상의 가치를 추구하며, 새로운 제품을 가장 먼저 경험하고 공유하려는 경향이 강합니다"
883,박수아,여자,50대,서비스 종사자,대학교 졸업(전문대졸/대학원생 포함),서울특별시,2세대가족,기혼,맞벌이 함,"1,000만원 이상",1,0.201492537,0.402480271,0.961014177,0.804113614,0.553420195,0.312738632,0.326086957,건강 추구형 소비자,가격이나 브랜드에 크게 구애받지 않고 건강을 최우선으로 고려하는 프리미엄 소비자 그룹입니다. 건강과 편리성을 모두 만족시키는 제품에 기꺼이 지갑을 엽니다.
884,김하은,여자,60대 이상,장치·기계 조작 및 조립 종사자,고졸(대학 재학 포함),인천광역시,2세대가족,기혼,맞벌이 하지 않음,500-600만원 미만,3,0.763432836,0.505824878,0.648582334,0.701273262,0.612052117,0.25095453,0.539130435,트렌드 주도형 소비자,"자신의 취향과 경험을 중시하는 소비자 그룹입니다. 단순히 배를 채우는 것 이상의 가치를 추구하며, 새로운 제품을 가장 먼저 경험하고 공유하려는 경향이 강합니다"
885,김건우,여자,50대,사무 종사자,고졸(대학 재학 포함),광주광역시,1인 가구,미혼(사별/이혼 포함),맞벌이 하지 않음,200-300만원 미만,1,0.710447761,0.338594513,0.592420938,0.745347698,0.753094463,0.40194377,0.305652174,건강 추구형 소비자,가격이나 브랜드에 크게 구애받지 않고 건강을 최우선으로 고려하는 프리미엄 소비자 그룹입니다. 건강과 편리성을 모두 만족시키는 제품에 기꺼이 지갑을 엽니다.
886,박서윤,여자,40대,관리자,대학교 졸업(전문대졸/대학원생 포함),강원도,2세대가족,미혼(사별/이혼 포함),맞벌이 하지 않음,200-300만원 미만,1,0.218656716,0.423149192,0.588058888,0.681684623,0.418892508,0.253384242,0.38826087,건강 추구형 소비자,가격이나 브랜드에 크게 구애받지 않고 건강을 최우선으로 고려하는 프리미엄 소비자 그룹입니다. 건강과 편리성을 모두 만족시키는 제품에 기꺼이 지갑을 엽니다.
887,최민준,남자,30대,사무 종사자,대학교 졸업(전문대졸/대학원생 포함),강원도,1인 가구,미혼(사별/이혼 포함),맞벌이 하지 않음,400-500만원 미만,3,0.565671642,0.565201052,0.439749182,0.86287953,0.530618893,0.408885804,0.486956522,트렌드 주도형 소비자,"자신의 취향과 경험을 중시하는 소비자 그룹입니다. 단순히 배를 채우는 것 이상의 가치를 추구하며, 새로운 제품을 가장 먼저 경험하고 공유하려는 경향이 강합니다"
888,최예은,남자,20대,서비스 종사자,고졸(대학 재학 포함),광주광역시,1세대가족,미혼(사별/이혼 포함),맞벌이 하지 않음,100-200만원 미만,1,0.621641791,0.342352499,0.428844057,0.804113614,0.685016287,0.334953141,0.247826087,건강 추구형 소비자,가격이나 브랜드에 크게 구애받지 않고 건강을 최우선으로 고려하는 프리미엄 소비자 그룹입니다. 건강과 편리성을 모두 만족시키는 제품에 기꺼이 지갑을 엽니다.
889,박서연,여자,50대,서비스 종사자,고졸(대학 재학 포함),경기도,2세대가족,기혼,맞벌이 함,600-700만원 미만,0,0.402238806,0.543404735,0.262540894,0.662095984,0.243973941,0.492537313,0.48826087,실속형 미식가,편리성을 중시하면서도 새로운 맛과 제품을 시도하는 데 적극적인 소비자 그룹입니다. 가격에 민감하기보다는 효율성과 맛을 동시에 추구합니다.
890,박지우,여자,60대 이상,판매 종사자,고졸(대학 재학 포함),인천광역시,2세대가족,기혼,맞벌이 함,500-600만원 미만,3,0.604477612,0.515219842,0.525899673,0.902056807,0.517589577,0.242971191,0.686956522,트렌드 주도형 소비자,"자신의 취향과 경험을 중시하는 소비자 그룹입니다. 단순히 배를 채우는 것 이상의 가치를 추구하며, 새로운 제품을 가장 먼저 경험하고 공유하려는 경향이 강합니다"
891,정주원,여자,50대,단순노무 종사자,고졸(대학 재학 포함),경기도,1인 가구,미혼(사별/이혼 포함),맞벌이 하지 않음,200-300만원 미만,0,0.238059701,0.494550921,0.259814613,0.642507346,0.250488599,0.454356126,0.386956522,실속형 미식가,편리성을 중시하면서도 새로운 맛과 제품을 시도하는 데 적극적인 소비자 그룹입니다. 가격에 민감하기보다는 효율성과 맛을 동시에 추구합니다.
892,윤수아,여자,30대,서비스 종사자,대학교 졸업(전문대졸/대학원생 포함),서울특별시,1인 가구,미혼(사별/이혼 포함),맞벌이 하지 않음,200-300만원 미만,1,0.530597015,0.549041714,0.580970556,0.882468168,0.475895765,0.387365498,0.214347826,건강 추구형 소비자,가격이나 브랜드에 크게 구애받지 않고 건강을 최우선으로 고려하는 프리미엄 소비자 그룹입니다. 건강과 편리성을 모두 만족시키는 제품에 기꺼이 지갑을 엽니다.
893,윤건우,여자,30대,사무 종사자,대학교 졸업(전문대졸/대학원생 포함),인천광역시,1인 가구,미혼(사별/이혼 포함),맞벌이 하지 않음,200-300만원 미만,1,0.343283582,0.465614431,0.633315158,0.818805093,0.843973941,0.330093717,0.091304348,건강 추구형 소비자,가격이나 브랜드에 크게 구애받지 않고 건강을 최우선으로 고려하는 프리미엄 소비자 그룹입니다. 건강과 편리성을 모두 만족시키는 제품에 기꺼이 지갑을 엽니다.
894,최서윤,남자,60대 이상,단순노무 종사자,중졸 이하,경상북도,2세대가족,미혼(사별/이혼 포함),맞벌이 하지 않음,300-400만원 미만,0,0.385074627,0.582863585,0.316521265,0.902056807,0.207166124,0.237070462,0.660869565,실속형 미식가,편리성을 중시하면서도 새로운 맛과 제품을 시도하는 데 적극적인 소비자 그룹입니다. 가격에 민감하기보다는 효율성과 맛을 동시에 추구합니다.
895,조지원,여자,60대 이상,주부,고졸(대학 재학 포함),서울특별시,1세대가족,기혼,맞벌이 하지 않음,300-400만원 미만,3,0.485820896,0.376174371,0.533260632,0.823702253,0.500325733,0.170079833,0.505652174,트렌드 주도형 소비자,"자신의 취향과 경험을 중시하는 소비자 그룹입니다. 단순히 배를 채우는 것 이상의 가치를 추구하며, 새로운 제품을 가장 먼저 경험하고 공유하려는 경향이 강합니다"
896,최채원,여자,60대 이상,주부,중졸 이하,강원도,1세대가족,기혼,맞벌이 하지 않음,200-300만원 미만,3,0.591044776,0.473881999,0.434296619,0.86287953,0.598697068,0.348143006,0.604347826,트렌드 주도형 소비자,"자신의 취향과 경험을 중시하는 소비자 그룹입니다. 단순히 배를 채우는 것 이상의 가치를 추구하며, 새로운 제품을 가장 먼저 경험하고 공유하려는 경향이 강합니다"
897,김서연,여자,40대,사무 종사자,대학교 졸업(전문대졸/대학원생 포함),서울특별시,2세대가족,기혼,맞벌이 함,"1,000만원 이상",1,0.21641791,0.440060128,0.855779716,0.882468168,0.450814332,0.295383547,0.439130435,건강 추구형 소비자,가격이나 브랜드에 크게 구애받지 않고 건강을 최우선으로 고려하는 프리미엄 소비자 그룹입니다. 건강과 편리성을 모두 만족시키는 제품에 기꺼이 지갑을 엽니다.
898,임예은,여자,60대 이상,서비스 종사자,고졸(대학 재학 포함),대구광역시,1세대가족,기혼,맞벌이 함,400-500만원 미만,1,0.606716418,0.368658399,0.675572519,0.804113614,0.793485342,0.328011107,0.060869565,건강 추구형 소비자,가격이나 브랜드에 크게 구애받지 않고 건강을 최우선으로 고려하는 프리미엄 소비자 그룹입니다. 건강과 편리성을 모두 만족시키는 제품에 기꺼이 지갑을 엽니다.
899,최지우,여자,60대 이상,주부,고졸(대학 재학 포함),대구광역시,1세대가족,기혼,맞벌이 하지 않음,200-300만원 미만,1,0.68880597,0.344983089,0.579607415,0.742409403,0.515635179,0.295036446,0.32173913,건강 추구형 소비자,가격이나 브랜드에 크게 구애받지 않고 건강을 최우선으로 고려하는 프리미엄 소비자 그룹입니다. 건강과 편리성을 모두 만족시키는 제품에 기꺼이 지갑을 엽니다.
900,김건우,여자,30대,사무 종사자,대학교 졸업(전문대졸/대학원생 포함),인천광역시,2세대가족,기혼,맞벌이 함,500-600만원 미만,1,0.668656716,0.537767756,0.631406761,0.823702253,0.797068404,0.312044429,0.144782609,건강 추구형 소비자,가격이나 브랜드에 크게 구애받지 않고 건강을 최우선으로 고려하는 프리미엄 소비자 그룹입니다. 건강과 편리성을 모두 만족시키는 제품에 기꺼이 지갑을 엽니다.
901,한서연,남자,60대 이상,단순노무 종사자,고졸(대학 재학 포함),경상북도,1세대가족,기혼,맞벌이 함,300-400만원 미만,3,0.576865672,0.513340849,0.232824427,0.740450539,0.314983713,0.185005207,0.739130435,트렌드 주도형 소비자,"자신의 취향과 경험을 중시하는 소비자 그룹입니다. 단순히 배를 채우는 것 이상의 가치를 추구하며, 새로운 제품을 가장 먼저 경험하고 공유하려는 경향이 강합니다"
902,최지호,여자,60대 이상,주부,고졸(대학 재학 포함),경기도,1인 가구,미혼(사별/이혼 포함),맞벌이 하지 않음,200-300만원 미만,1,0.089552239,0.421270199,0.694656489,0.902056807,0.316938111,0.513710517,0.395652174,건강 추구형 소비자,가격이나 브랜드에 크게 구애받지 않고 건강을 최우선으로 고려하는 프리미엄 소비자 그룹입니다. 건강과 편리성을 모두 만족시키는 제품에 기꺼이 지갑을 엽니다.
903,김서준,여자,40대,사무 종사자,대학교 졸업(전문대졸/대학원생 포함),대구광역시,1인 가구,미혼(사별/이혼 포함),맞벌이 하지 않음,300-400만원 미만,3,0.787313433,0.455092071,0.559160305,0.784524976,0.725732899,0.209996529,0.339130435,트렌드 주도형 소비자,"자신의 취향과 경험을 중시하는 소비자 그룹입니다. 단순히 배를 채우는 것 이상의 가치를 추구하며, 새로운 제품을 가장 먼저 경험하고 공유하려는 경향이 강합니다"
904,이민서,여자,60대 이상,주부,고졸(대학 재학 포함),서울특별시,1세대가족,기혼,맞벌이 하지 않음,300-400만원 미만,3,0.68880597,0.376174371,0.551799346,0.823702253,0.538436482,0.190905935,0.540434783,트렌드 주도형 소비자,"자신의 취향과 경험을 중시하는 소비자 그룹입니다. 단순히 배를 채우는 것 이상의 가치를 추구하며, 새로운 제품을 가장 먼저 경험하고 공유하려는 경향이 강합니다"
905,임수아,남자,30대,사무 종사자,대학교 졸업(전문대졸/대학원생 포함),대구광역시,1인 가구,미혼(사별/이혼 포함),맞벌이 하지 않음,200-300만원 미만,1,0.658955224,0.421270199,0.569247546,0.902056807,0.41237785,0.338424158,0.3,건강 추구형 소비자,가격이나 브랜드에 크게 구애받지 않고 건강을 최우선으로 고려하는 프리미엄 소비자 그룹입니다. 건강과 편리성을 모두 만족시키는 제품에 기꺼이 지갑을 엽니다.
906,이서준,여자,30대,사무 종사자,대학교 졸업(전문대졸/대학원생 포함),경기도,1세대가족,기혼,맞벌이 함,600-700만원 미만,1,0.253731343,0.398722285,0.543075245,0.86287953,0.409120521,0.32037487,0.491304348,건강 추구형 소비자,가격이나 브랜드에 크게 구애받지 않고 건강을 최우선으로 고려하는 프리미엄 소비자 그룹입니다. 건강과 편리성을 모두 만족시키는 제품에 기꺼이 지갑을 엽니다.
907,조민준,여자,40대,전문가 및 관련 종사자,고졸(대학 재학 포함),제주특별자치도,2세대가족,기혼,맞벌이 함,100-200만원 미만,0,0.367910448,0.518977828,0.289258451,0.686581783,0.263517915,0.631725095,0.643478261,실속형 미식가,편리성을 중시하면서도 새로운 맛과 제품을 시도하는 데 적극적인 소비자 그룹입니다. 가격에 민감하기보다는 효율성과 맛을 동시에 추구합니다.
908,조서준,남자,60대 이상,서비스 종사자,고졸(대학 재학 포함),대구광역시,1세대가족,기혼,맞벌이 하지 않음,200-300만원 미만,3,0.626865672,0.32356257,0.278080698,0.666993144,0.391856678,0.315168344,0.404347826,트렌드 주도형 소비자,"자신의 취향과 경험을 중시하는 소비자 그룹입니다. 단순히 배를 채우는 것 이상의 가치를 추구하며, 새로운 제품을 가장 먼저 경험하고 공유하려는 경향이 강합니다"
909,임채원,여자,60대 이상,주부,고졸(대학 재학 포함),강원도,1세대가족,기혼,맞벌이 하지 않음,200-300만원 미만,3,0.862686567,0.490041338,0.537895311,0.902056807,0.739087948,0.358556057,0.586956522,트렌드 주도형 소비자,"자신의 취향과 경험을 중시하는 소비자 그룹입니다. 단순히 배를 채우는 것 이상의 가치를 추구하며, 새로운 제품을 가장 먼저 경험하고 공유하려는 경향이 강합니다"
910,이예준,여자,50대,판매 종사자,고졸(대학 재학 포함),서울특별시,2세대가족,기혼,맞벌이 함,"900-1,000만원 미만",1,0.23358209,0.646749342,0.705288986,0.960822723,0.294136808,0.458174245,0.453478261,건강 추구형 소비자,가격이나 브랜드에 크게 구애받지 않고 건강을 최우선으로 고려하는 프리미엄 소비자 그룹입니다. 건강과 편리성을 모두 만족시키는 제품에 기꺼이 지갑을 엽니다.
911,김지우,여자,30대,사무 종사자,대학교 졸업(전문대졸/대학원생 포함),인천광역시,1인 가구,미혼(사별/이혼 포함),맞벌이 하지 않음,300-400만원 미만,1,0.394776119,0.402480271,0.714558342,0.823702253,0.664169381,0.35091982,0.147826087,건강 추구형 소비자,가격이나 브랜드에 크게 구애받지 않고 건강을 최우선으로 고려하는 프리미엄 소비자 그룹입니다. 건강과 편리성을 모두 만족시키는 제품에 기꺼이 지갑을 엽니다.
912,강주원,여자,50대,사무 종사자,대학교 졸업(전문대졸/대학원생 포함),울산광역시,2세대가족,기혼,맞벌이 함,400-500만원 미만,0,0.413432836,0.676813228,0.408396947,0.86287953,0.305211726,0.538007636,0.452173913,실속형 미식가,편리성을 중시하면서도 새로운 맛과 제품을 시도하는 데 적극적인 소비자 그룹입니다. 가격에 민감하기보다는 효율성과 맛을 동시에 추구합니다.
913,임지민,남자,30대,사무 종사자,대학교 졸업(전문대졸/대학원생 포함),울산광역시,1세대가족,기혼,맞벌이 함,400-500만원 미만,3,0.694029851,0.522735814,0.311613959,0.882468168,0.465798046,0.376258244,0.565217391,트렌드 주도형 소비자,"자신의 취향과 경험을 중시하는 소비자 그룹입니다. 단순히 배를 채우는 것 이상의 가치를 추구하며, 새로운 제품을 가장 먼저 경험하고 공유하려는 경향이 강합니다"
914,이시우,여자,60대 이상,주부,고졸(대학 재학 포함),부산광역시,2세대가족,기혼,맞벌이 하지 않음,700-800만원 미만,0,0.426865672,0.432544156,0.282442748,0.686581783,0.344299674,0.422075668,0.486956522,실속형 미식가,편리성을 중시하면서도 새로운 맛과 제품을 시도하는 데 적극적인 소비자 그룹입니다. 가격에 민감하기보다는 효율성과 맛을 동시에 추구합니다.
915,조채원,여자,60대 이상,주부,대학교 졸업(전문대졸/대학원생 포함),부산광역시,2세대가족,기혼,맞벌이 하지 않음,600-700만원 미만,1,0.464179104,0.440060128,0.529716467,0.804113614,0.483713355,0.3266227,0.152173913,건강 추구형 소비자,가격이나 브랜드에 크게 구애받지 않고 건강을 최우선으로 고려하는 프리미엄 소비자 그룹입니다. 건강과 편리성을 모두 만족시키는 제품에 기꺼이 지갑을 엽니다.
916,박서윤,여자,60대 이상,사무 종사자,대학교 졸업(전문대졸/대학원생 포함),부산광역시,1인 가구,미혼(사별/이혼 포함),맞벌이 하지 않음,200-300만원 미만,0,0.41641791,0.564073657,0.433751363,0.804113614,0.341368078,0.37764665,0.443478261,실속형 미식가,편리성을 중시하면서도 새로운 맛과 제품을 시도하는 데 적극적인 소비자 그룹입니다. 가격에 민감하기보다는 효율성과 맛을 동시에 추구합니다.
917,한서연,여자,60대 이상,서비스 종사자,대학교 졸업(전문대졸/대학원생 포함),부산광역시,2세대가족,기혼,맞벌이 함,600-700만원 미만,1,0.226119403,0.321683578,0.404852781,0.701273262,0.503257329,0.121485595,0.392608696,건강 추구형 소비자,가격이나 브랜드에 크게 구애받지 않고 건강을 최우선으로 고려하는 프리미엄 소비자 그룹입니다. 건강과 편리성을 모두 만족시키는 제품에 기꺼이 지갑을 엽니다.
918,임도윤,여자,60대 이상,판매 종사자,고졸(대학 재학 포함),서울특별시,1세대가족,기혼,맞벌이 함,"900-1,000만원 미만",1,0.241044776,0.440060128,0.805070883,0.86287953,0.473289902,0.199583478,0.173913043,건강 추구형 소비자,가격이나 브랜드에 크게 구애받지 않고 건강을 최우선으로 고려하는 프리미엄 소비자 그룹입니다. 건강과 편리성을 모두 만족시키는 제품에 기꺼이 지갑을 엽니다.
919,정건우,여자,50대,판매 종사자,고졸(대학 재학 포함),부산광역시,2세대가족,기혼,맞벌이 함,600-700만원 미만,0,0.514179104,0.669297257,0.245092694,0.823702253,0.322149837,0.260673377,0.339130435,실속형 미식가,편리성을 중시하면서도 새로운 맛과 제품을 시도하는 데 적극적인 소비자 그룹입니다. 가격에 민감하기보다는 효율성과 맛을 동시에 추구합니다.
920,임민준,여자,50대,사무 종사자,고졸(대학 재학 포함),부산광역시,2세대가족,기혼,맞벌이 함,500-600만원 미만,1,0.373134328,0.500187899,0.557524537,0.745347698,0.429315961,0.215203054,0.369565217,건강 추구형 소비자,가격이나 브랜드에 크게 구애받지 않고 건강을 최우선으로 고려하는 프리미엄 소비자 그룹입니다. 건강과 편리성을 모두 만족시키는 제품에 기꺼이 지갑을 엽니다.
921,임주원,여자,60대 이상,주부,고졸(대학 재학 포함),서울특별시,1세대가족,기혼,맞벌이 하지 않음,300-400만원 미만,1,0.274626866,0.571589628,0.654307525,0.784524976,0.4,0.292606734,0.127391304,건강 추구형 소비자,가격이나 브랜드에 크게 구애받지 않고 건강을 최우선으로 고려하는 프리미엄 소비자 그룹입니다. 건강과 편리성을 모두 만족시키는 제품에 기꺼이 지갑을 엽니다.
922,윤지원,여자,60대 이상,사무 종사자,고졸(대학 재학 포함),서울특별시,2세대가족,기혼,맞벌이 함,"1,000만원 이상",1,0.408955224,0.659902292,0.659487459,0.799216454,0.4,0.22040958,0.152173913,건강 추구형 소비자,가격이나 브랜드에 크게 구애받지 않고 건강을 최우선으로 고려하는 프리미엄 소비자 그룹입니다. 건강과 편리성을 모두 만족시키는 제품에 기꺼이 지갑을 엽니다.
923,정주원,여자,60대 이상,주부,고졸(대학 재학 포함),서울특별시,1세대가족,기혼,맞벌이 하지 않음,500-600만원 미만,1,0.321641791,0.612927471,0.678026172,0.804113614,0.361889251,0.219715377,0.134782609,건강 추구형 소비자,가격이나 브랜드에 크게 구애받지 않고 건강을 최우선으로 고려하는 프리미엄 소비자 그룹입니다. 건강과 편리성을 모두 만족시키는 제품에 기꺼이 지갑을 엽니다.
924,강하준,여자,50대,판매 종사자,대학교 졸업(전문대졸/대학원생 포함),서울특별시,2세대가족,기혼,맞벌이 함,"1,000만원 이상",1,0.341791045,0.596016535,0.681570338,0.877571009,0.421172638,0.249219021,0.160869565,건강 추구형 소비자,가격이나 브랜드에 크게 구애받지 않고 건강을 최우선으로 고려하는 프리미엄 소비자 그룹입니다. 건강과 편리성을 모두 만족시키는 제품에 기꺼이 지갑을 엽니다.
925,강지호,여자,40대,사무 종사자,대학교 졸업(전문대졸/대학원생 포함),서울특별시,2세대가족,기혼,맞벌이 함,"900-1,000만원 미만",1,0.288059701,0.522735814,0.73691385,0.86287953,0.405863192,0.275945852,0.179565217,건강 추구형 소비자,가격이나 브랜드에 크게 구애받지 않고 건강을 최우선으로 고려하는 프리미엄 소비자 그룹입니다. 건강과 편리성을 모두 만족시키는 제품에 기꺼이 지갑을 엽니다.
926,정민준,여자,50대,주부,고졸(대학 재학 포함),서울특별시,2세대가족,기혼,맞벌이 하지 않음,400-500만원 미만,0,0.417910448,0.394964299,0.33478735,0.804113614,0.214983713,0.583130857,0.904347826,실속형 미식가,편리성을 중시하면서도 새로운 맛과 제품을 시도하는 데 적극적인 소비자 그룹입니다. 가격에 민감하기보다는 효율성과 맛을 동시에 추구합니다.
927,이지우,여자,60대 이상,주부,고졸(대학 재학 포함),강원도,1세대가족,기혼,맞벌이 하지 않음,200-300만원 미만,1,0.22238806,0.406238256,0.629225736,0.86287953,0.375570033,0.414786532,0.426086957,건강 추구형 소비자,가격이나 브랜드에 크게 구애받지 않고 건강을 최우선으로 고려하는 프리미엄 소비자 그룹입니다. 건강과 편리성을 모두 만족시키는 제품에 기꺼이 지갑을 엽니다.
928,한시우,여자,60대 이상,사무 종사자,대학교 졸업(전문대졸/대학원생 포함),서울특별시,2세대가족,기혼,맞벌이 함,600-700만원 미만,0,0.289552239,0.958662157,0.238004362,0.804113614,0.106840391,0.527594585,0.191304348,실속형 미식가,편리성을 중시하면서도 새로운 맛과 제품을 시도하는 데 적극적인 소비자 그룹입니다. 가격에 민감하기보다는 효율성과 맛을 동시에 추구합니다.
929,박민준,여자,30대,주부,대학교 졸업(전문대졸/대학원생 포함),대구광역시,2세대가족,기혼,맞벌이 하지 않음,300-400만원 미만,1,0.123134328,0.492671928,0.482824427,0.804113614,0.33257329,0.479000347,0.208695652,건강 추구형 소비자,가격이나 브랜드에 크게 구애받지 않고 건강을 최우선으로 고려하는 프리미엄 소비자 그룹입니다. 건강과 편리성을 모두 만족시키는 제품에 기꺼이 지갑을 엽니다.
930,강하준,여자,60대 이상,주부,중졸 이하,대구광역시,1인 가구,미혼(사별/이혼 포함),맞벌이 하지 않음,100만원 미만,3,0.746268657,0.513340849,0.068157034,0.701273262,0.364820847,0.381811871,0.443478261,트렌드 주도형 소비자,"자신의 취향과 경험을 중시하는 소비자 그룹입니다. 단순히 배를 채우는 것 이상의 가치를 추구하며, 새로운 제품을 가장 먼저 경험하고 공유하려는 경향이 강합니다"
931,한서준,남자,30대,기능원 및 관련 기능 종사자,대학교 졸업(전문대졸/대학원생 포함),서울특별시,2세대가족,기혼,맞벌이 함,700-800만원 미만,0,0.246268657,0.7632469,0.646946565,0.941234084,0.405211726,0.548420687,0.544782609,실속형 미식가,편리성을 중시하면서도 새로운 맛과 제품을 시도하는 데 적극적인 소비자 그룹입니다. 가격에 민감하기보다는 효율성과 맛을 동시에 추구합니다.
932,이준서,여자,60대 이상,농림어업 숙련 종사자,고졸(대학 재학 포함),경상북도,1인 가구,미혼(사별/이혼 포함),맞벌이 하지 않음,100-200만원 미만,0,0.461940299,0.577226607,0.296619411,0.779627816,0.210749186,0.229087123,0.686956522,실속형 미식가,편리성을 중시하면서도 새로운 맛과 제품을 시도하는 데 적극적인 소비자 그룹입니다. 가격에 민감하기보다는 효율성과 맛을 동시에 추구합니다.
933,한주원,여자,60대 이상,농림어업 숙련 종사자,고졸(대학 재학 포함),강원도,1세대가족,기혼,맞벌이 함,300-400만원 미만,1,0.203731343,0.398722285,0.679661941,0.882468168,0.425407166,0.349878514,0.356521739,건강 추구형 소비자,가격이나 브랜드에 크게 구애받지 않고 건강을 최우선으로 고려하는 프리미엄 소비자 그룹입니다. 건강과 편리성을 모두 만족시키는 제품에 기꺼이 지갑을 엽니다.
934,윤주원,남자,30대,사무 종사자,대학교 졸업(전문대졸/대학원생 포함),서울특별시,1세대가족,기혼,맞벌이 함,600-700만원 미만,1,0.119402985,0.642991357,0.668484188,0.902056807,0.355700326,0.402637973,0.42173913,건강 추구형 소비자,가격이나 브랜드에 크게 구애받지 않고 건강을 최우선으로 고려하는 프리미엄 소비자 그룹입니다. 건강과 편리성을 모두 만족시키는 제품에 기꺼이 지갑을 엽니다.
935,김서연,여자,60대 이상,주부,대학교 졸업(전문대졸/대학원생 포함),대구광역시,1세대가족,기혼,맞벌이 하지 않음,300-400만원 미만,1,0.136567164,0.434423149,0.603053435,0.642507346,0.401302932,0.470322805,0.308695652,건강 추구형 소비자,가격이나 브랜드에 크게 구애받지 않고 건강을 최우선으로 고려하는 프리미엄 소비자 그룹입니다. 건강과 편리성을 모두 만족시키는 제품에 기꺼이 지갑을 엽니다.
936,박민서,여자,30대,사무 종사자,대학교 졸업(전문대졸/대학원생 포함),경기도,1세대가족,기혼,맞벌이 함,500-600만원 미만,3,0.491044776,0.498308906,0.292529989,0.7208619,0.352117264,0.556056925,0.61,트렌드 주도형 소비자,"자신의 취향과 경험을 중시하는 소비자 그룹입니다. 단순히 배를 채우는 것 이상의 가치를 추구하며, 새로운 제품을 가장 먼저 경험하고 공유하려는 경향이 강합니다"
937,김지우,여자,40대,주부,대학교 졸업(전문대졸/대학원생 포함),서울특별시,2세대가족,기혼,맞벌이 하지 않음,500-600만원 미만,1,0.432835821,0.530251785,0.743456925,0.921645446,0.482410423,0.448802499,0.513043478,건강 추구형 소비자,가격이나 브랜드에 크게 구애받지 않고 건강을 최우선으로 고려하는 프리미엄 소비자 그룹입니다. 건강과 편리성을 모두 만족시키는 제품에 기꺼이 지갑을 엽니다.
938,최민준,남자,60대 이상,무직,중졸 이하,대구광역시,1인 가구,미혼(사별/이혼 포함),맞벌이 하지 않음,100만원 미만,0,0.441044776,0.408117249,0.276717557,0.779627816,0.472638436,0.423116973,0.326086957,실속형 미식가,편리성을 중시하면서도 새로운 맛과 제품을 시도하는 데 적극적인 소비자 그룹입니다. 가격에 민감하기보다는 효율성과 맛을 동시에 추구합니다.
939,김하준,여자,60대 이상,서비스 종사자,고졸(대학 재학 포함),서울특별시,1세대가족,기혼,맞벌이 함,400-500만원 미만,1,0.263432836,0.631717399,0.727371865,0.921645446,0.400977199,0.416522041,0.434782609,건강 추구형 소비자,가격이나 브랜드에 크게 구애받지 않고 건강을 최우선으로 고려하는 프리미엄 소비자 그룹입니다. 건강과 편리성을 모두 만족시키는 제품에 기꺼이 지갑을 엽니다.
940,이주원,남자,50대,단순노무 종사자,고졸(대학 재학 포함),경기도,1인 가구,미혼(사별/이혼 포함),맞벌이 하지 않음,300-400만원 미만,0,0.168656716,0.633596392,0.265267176,0.85798237,0.099674267,0.42034016,0.565217391,실속형 미식가,편리성을 중시하면서도 새로운 맛과 제품을 시도하는 데 적극적인 소비자 그룹입니다. 가격에 민감하기보다는 효율성과 맛을 동시에 추구합니다.
941,최예준,여자,50대,농림어업 숙련 종사자,고졸(대학 재학 포함),강원도,1세대가족,기혼,맞벌이 함,400-500만원 미만,1,0.089552239,0.440060128,0.718102508,0.882468168,0.35504886,0.368622006,0.314347826,건강 추구형 소비자,가격이나 브랜드에 크게 구애받지 않고 건강을 최우선으로 고려하는 프리미엄 소비자 그룹입니다. 건강과 편리성을 모두 만족시키는 제품에 기꺼이 지갑을 엽니다.
942,이도윤,남자,60대 이상,관리자,고졸(대학 재학 포함),서울특별시,1세대가족,기혼,맞벌이 함,500-600만원 미만,1,0.5,0.673055242,0.681025082,0.941234084,0.465472313,0.444290177,0.430434783,건강 추구형 소비자,가격이나 브랜드에 크게 구애받지 않고 건강을 최우선으로 고려하는 프리미엄 소비자 그룹입니다. 건강과 편리성을 모두 만족시키는 제품에 기꺼이 지갑을 엽니다.
943,정채원,여자,50대,사무 종사자,대학교 졸업(전문대졸/대학원생 포함),서울특별시,2세대가족,기혼,맞벌이 함,600-700만원 미만,3,0.42761194,0.767004885,0.575790622,0.941234084,0.393485342,0.410621312,0.460869565,트렌드 주도형 소비자,"자신의 취향과 경험을 중시하는 소비자 그룹입니다. 단순히 배를 채우는 것 이상의 가치를 추구하며, 새로운 제품을 가장 먼저 경험하고 공유하려는 경향이 강합니다"
944,강서윤,여자,60대 이상,서비스 종사자,대학교 졸업(전문대졸/대학원생 포함),서울특별시,1세대가족,기혼,맞벌이 함,400-500만원 미만,3,0.417910448,0.721909057,0.612868048,0.960822723,0.36970684,0.444290177,0.608695652,트렌드 주도형 소비자,"자신의 취향과 경험을 중시하는 소비자 그룹입니다. 단순히 배를 채우는 것 이상의 가치를 추구하며, 새로운 제품을 가장 먼저 경험하고 공유하려는 경향이 강합니다"
945,김수아,여자,60대 이상,판매 종사자,고졸(대학 재학 포함),강원도,1세대가족,기혼,맞벌이 함,300-400만원 미만,0,0.203731343,0.509582864,0.568429662,0.662095984,0.171335505,0.347101701,0.291304348,실속형 미식가,편리성을 중시하면서도 새로운 맛과 제품을 시도하는 데 적극적인 소비자 그룹입니다. 가격에 민감하기보다는 효율성과 맛을 동시에 추구합니다.
946,박수아,여자,50대,서비스 종사자,고졸(대학 재학 포함),강원도,1인 가구,미혼(사별/이혼 포함),맞벌이 하지 않음,300-400만원 미만,1,0.186567164,0.496429914,0.704471101,0.921645446,0.470032573,0.360291565,0.386956522,건강 추구형 소비자,가격이나 브랜드에 크게 구애받지 않고 건강을 최우선으로 고려하는 프리미엄 소비자 그룹입니다. 건강과 편리성을 모두 만족시키는 제품에 기꺼이 지갑을 엽니다.
947,강지원,여자,60대 이상,판매 종사자,대학교 졸업(전문대졸/대학원생 포함),서울특별시,1세대가족,기혼,맞벌이 함,600-700만원 미만,1,0.417910448,0.612927471,0.738004362,1,0.420846906,0.47552933,0.466521739,건강 추구형 소비자,가격이나 브랜드에 크게 구애받지 않고 건강을 최우선으로 고려하는 프리미엄 소비자 그룹입니다. 건강과 편리성을 모두 만족시키는 제품에 기꺼이 지갑을 엽니다.
948,강건우,여자,60대 이상,주부,중졸 이하,대구광역시,1세대가족,기혼,맞벌이 하지 않음,100-200만원 미만,0,0.418656716,0.393085306,0.139040349,0.760039177,0.303257329,0.473099618,0.547826087,실속형 미식가,편리성을 중시하면서도 새로운 맛과 제품을 시도하는 데 적극적인 소비자 그룹입니다. 가격에 민감하기보다는 효율성과 맛을 동시에 추구합니다.
949,이수아,여자,40대,판매 종사자,고졸(대학 재학 포함),서울특별시,2세대가족,기혼,맞벌이 함,600-700만원 미만,1,0.388059701,0.691845171,0.748909487,0.921645446,0.500977199,0.426935092,0.37826087,건강 추구형 소비자,가격이나 브랜드에 크게 구애받지 않고 건강을 최우선으로 고려하는 프리미엄 소비자 그룹입니다. 건강과 편리성을 모두 만족시키는 제품에 기꺼이 지갑을 엽니다.
950,이서윤,남자,60대 이상,관리자,대학교 졸업(전문대졸/대학원생 포함),서울특별시,2세대가족,기혼,맞벌이 함,700-800만원 미만,1,0.402985075,0.680571214,0.76308615,0.921645446,0.497068404,0.409580007,0.352173913,건강 추구형 소비자,가격이나 브랜드에 크게 구애받지 않고 건강을 최우선으로 고려하는 프리미엄 소비자 그룹입니다. 건강과 편리성을 모두 만족시키는 제품에 기꺼이 지갑을 엽니다.
951,강주원,여자,60대 이상,주부,고졸(대학 재학 포함),광주광역시,1세대가족,기혼,맞벌이 하지 않음,400-500만원 미만,1,0.656716418,0.368658399,0.700109051,0.784524976,0.729641694,0.395001736,0.283913043,건강 추구형 소비자,가격이나 브랜드에 크게 구애받지 않고 건강을 최우선으로 고려하는 프리미엄 소비자 그룹입니다. 건강과 편리성을 모두 만족시키는 제품에 기꺼이 지갑을 엽니다.
952,김하준,여자,30대,판매 종사자,대학교 졸업(전문대졸/대학원생 포함),서울특별시,2세대가족,기혼,맞벌이 함,600-700만원 미만,1,0.305970149,0.612927471,0.809432933,0.941234084,0.254071661,0.395695939,0.395652174,건강 추구형 소비자,가격이나 브랜드에 크게 구애받지 않고 건강을 최우선으로 고려하는 프리미엄 소비자 그룹입니다. 건강과 편리성을 모두 만족시키는 제품에 기꺼이 지갑을 엽니다.
953,박서윤,남자,60대 이상,장치·기계 조작 및 조립 종사자,고졸(대학 재학 포함),광주광역시,1세대가족,기혼,맞벌이 하지 않음,300-400만원 미만,1,0.651492537,0.376174371,0.632769902,0.843290891,0.6247557,0.370010413,0.323043478,건강 추구형 소비자,가격이나 브랜드에 크게 구애받지 않고 건강을 최우선으로 고려하는 프리미엄 소비자 그룹입니다. 건강과 편리성을 모두 만족시키는 제품에 기꺼이 지갑을 엽니다.
954,임수아,남자,20대,서비스 종사자,고졸(대학 재학 포함),광주광역시,2세대가족,미혼(사별/이혼 포함),맞벌이 하지 않음,200-300만원 미만,1,0.589552239,0.34986847,0.492911668,0.784524976,0.693811075,0.353349531,0.270869565,건강 추구형 소비자,가격이나 브랜드에 크게 구애받지 않고 건강을 최우선으로 고려하는 프리미엄 소비자 그룹입니다. 건강과 편리성을 모두 만족시키는 제품에 기꺼이 지갑을 엽니다.
955,조민준,여자,30대,사무 종사자,대학교 졸업(전문대졸/대학원생 포함),강원도,3세대가족,기혼,맞벌이 함,400-500만원 미만,0,0.276119403,0.626080421,0.465921483,0.818805093,0.235504886,0.414092329,0.569565217,실속형 미식가,편리성을 중시하면서도 새로운 맛과 제품을 시도하는 데 적극적인 소비자 그룹입니다. 가격에 민감하기보다는 효율성과 맛을 동시에 추구합니다.
956,한주원,여자,50대,전문가 및 관련 종사자,대학교 졸업(전문대졸/대학원생 포함),제주특별자치도,2세대가족,기혼,맞벌이 하지 않음,300-400만원 미만,0,0.529850746,0.436302142,0.064067612,0.764936337,0.276221498,0.251648733,0.626086957,실속형 미식가,편리성을 중시하면서도 새로운 맛과 제품을 시도하는 데 적극적인 소비자 그룹입니다. 가격에 민감하기보다는 효율성과 맛을 동시에 추구합니다.
957,이예은,여자,50대,주부,고졸(대학 재학 포함),대구광역시,2세대가족,기혼,맞벌이 하지 않음,300-400만원 미만,1,0.48880597,0.451334085,0.497818975,0.804113614,0.46514658,0.569246789,0.339130435,건강 추구형 소비자,가격이나 브랜드에 크게 구애받지 않고 건강을 최우선으로 고려하는 프리미엄 소비자 그룹입니다. 건강과 편리성을 모두 만족시키는 제품에 기꺼이 지갑을 엽니다.
958,임민준,여자,60대 이상,서비스 종사자,고졸(대학 재학 포함),부산광역시,1세대가족,기혼,맞벌이 함,300-400만원 미만,3,0.823134328,0.612927471,0.424209378,0.823702253,0.591856678,0.346060396,0.47826087,트렌드 주도형 소비자,"자신의 취향과 경험을 중시하는 소비자 그룹입니다. 단순히 배를 채우는 것 이상의 가치를 추구하며, 새로운 제품을 가장 먼저 경험하고 공유하려는 경향이 강합니다"
959,박지원,여자,50대,사무 종사자,대학교 졸업(전문대졸/대학원생 포함),인천광역시,2세대가족,기혼,맞벌이 함,700-800만원 미만,3,0.707462687,0.601653514,0.244820065,0.86287953,0.339087948,0.222145089,0.617391304,트렌드 주도형 소비자,"자신의 취향과 경험을 중시하는 소비자 그룹입니다. 단순히 배를 채우는 것 이상의 가치를 추구하며, 새로운 제품을 가장 먼저 경험하고 공유하려는 경향이 강합니다"
960,강민서,여자,60대 이상,서비스 종사자,고졸(대학 재학 포함),강원도,1인 가구,미혼(사별/이혼 포함),맞벌이 하지 않음,100-200만원 미만,0,0.213432836,0.693724164,0.372410033,0.85798237,0.209120521,0.393266227,0.456521739,실속형 미식가,편리성을 중시하면서도 새로운 맛과 제품을 시도하는 데 적극적인 소비자 그룹입니다. 가격에 민감하기보다는 효율성과 맛을 동시에 추구합니다.
961,한서윤,여자,50대,사무 종사자,고졸(대학 재학 포함),광주광역시,2세대가족,기혼,맞벌이 함,500-600만원 미만,1,0.718656716,0.436302142,0.779989095,0.941234084,0.668729642,0.346407497,0.156521739,건강 추구형 소비자,가격이나 브랜드에 크게 구애받지 않고 건강을 최우선으로 고려하는 프리미엄 소비자 그룹입니다. 건강과 편리성을 모두 만족시키는 제품에 기꺼이 지갑을 엽니다.
962,김예준,여자,50대,서비스 종사자,대학교 졸업(전문대졸/대학원생 포함),세종특별자치시,1세대가족,기혼,맞벌이 함,500-600만원 미만,3,0.558208955,0.725667042,0.340239913,0.921645446,0.294136808,0.661922943,0.479565217,트렌드 주도형 소비자,"자신의 취향과 경험을 중시하는 소비자 그룹입니다. 단순히 배를 채우는 것 이상의 가치를 추구하며, 새로운 제품을 가장 먼저 경험하고 공유하려는 경향이 강합니다"
963,최준서,여자,50대,판매 종사자,고졸(대학 재학 포함),대구광역시,1세대가족,기혼,맞벌이 함,300-400만원 미만,1,0.741044776,0.304772642,0.45610687,0.706170421,0.750162866,0.275945852,0.147826087,건강 추구형 소비자,가격이나 브랜드에 크게 구애받지 않고 건강을 최우선으로 고려하는 프리미엄 소비자 그룹입니다. 건강과 편리성을 모두 만족시키는 제품에 기꺼이 지갑을 엽니다.
964,강하준,여자,50대,기능원 및 관련 기능 종사자,고졸(대학 재학 포함),대구광역시,2세대가족,미혼(사별/이혼 포함),맞벌이 하지 않음,200-300만원 미만,0,0.297761194,0.507703871,0.319247546,0.823702253,0.256351792,0.536619229,0.353478261,실속형 미식가,편리성을 중시하면서도 새로운 맛과 제품을 시도하는 데 적극적인 소비자 그룹입니다. 가격에 민감하기보다는 효율성과 맛을 동시에 추구합니다.
965,이서연,여자,60대 이상,단순노무 종사자,중졸 이하,대구광역시,1인 가구,기혼,맞벌이 하지 않음,100-200만원 미만,0,0.47761194,0.451334085,0.291712105,0.804113614,0.339739414,0.30406109,0.256521739,실속형 미식가,편리성을 중시하면서도 새로운 맛과 제품을 시도하는 데 적극적인 소비자 그룹입니다. 가격에 민감하기보다는 효율성과 맛을 동시에 추구합니다.
966,한민서,여자,50대,서비스 종사자,고졸(대학 재학 포함),광주광역시,2세대가족,기혼,맞벌이 함,600-700만원 미만,1,0.73880597,0.436302142,0.785441658,0.941234084,0.625407166,0.256161055,0.165217391,건강 추구형 소비자,가격이나 브랜드에 크게 구애받지 않고 건강을 최우선으로 고려하는 프리미엄 소비자 그룹입니다. 건강과 편리성을 모두 만족시키는 제품에 기꺼이 지갑을 엽니다.
967,임채원,여자,50대,주부,대학교 졸업(전문대졸/대학원생 포함),서울특별시,2세대가족,기혼,맞벌이 하지 않음,600-700만원 미만,3,0.484328358,0.33408493,0.31434024,0.701273262,0.543648208,0.205831309,0.434782609,트렌드 주도형 소비자,"자신의 취향과 경험을 중시하는 소비자 그룹입니다. 단순히 배를 채우는 것 이상의 가치를 추구하며, 새로운 제품을 가장 먼저 경험하고 공유하려는 경향이 강합니다"
968,박주원,여자,50대,기능원 및 관련 기능 종사자,고졸(대학 재학 포함),광주광역시,2세대가족,기혼,맞벌이 함,600-700만원 미만,1,0.718656716,0.379932356,0.621046892,0.882468168,0.522149837,0.225616106,0.143478261,건강 추구형 소비자,가격이나 브랜드에 크게 구애받지 않고 건강을 최우선으로 고려하는 프리미엄 소비자 그룹입니다. 건강과 편리성을 모두 만족시키는 제품에 기꺼이 지갑을 엽니다.
969,강하준,여자,60대 이상,주부,고졸(대학 재학 포함),강원도,1세대가족,기혼,맞벌이 하지 않음,200-300만원 미만,0,0.315671642,0.573468621,0.319792803,0.740450539,0.225407166,0.521693856,0.439130435,실속형 미식가,편리성을 중시하면서도 새로운 맛과 제품을 시도하는 데 적극적인 소비자 그룹입니다. 가격에 민감하기보다는 효율성과 맛을 동시에 추구합니다.
970,이하은,여자,60대 이상,주부,고졸(대학 재학 포함),강원도,1세대가족,기혼,맞벌이 하지 않음,300-400만원 미만,0,0.291044776,0.524614806,0.267720829,0.85798237,0.325407166,0.205831309,0.379565217,실속형 미식가,편리성을 중시하면서도 새로운 맛과 제품을 시도하는 데 적극적인 소비자 그룹입니다. 가격에 민감하기보다는 효율성과 맛을 동시에 추구합니다.
971,정하준,여자,50대,서비스 종사자,고졸(대학 재학 포함),세종특별자치시,1세대가족,기혼,맞벌이 함,600-700만원 미만,3,0.653731343,0.545283728,0.407033806,0.960822723,0.50228013,0.611593197,0.591304348,트렌드 주도형 소비자,"자신의 취향과 경험을 중시하는 소비자 그룹입니다. 단순히 배를 채우는 것 이상의 가치를 추구하며, 새로운 제품을 가장 먼저 경험하고 공유하려는 경향이 강합니다"
972,윤서윤,여자,50대,판매 종사자,고졸(대학 재학 포함),광주광역시,2세대가족,기혼,맞벌이 함,500-600만원 미만,0,0.407462687,0.654265314,0.272082879,0.86287953,0.309120521,0.476223533,0.434782609,실속형 미식가,편리성을 중시하면서도 새로운 맛과 제품을 시도하는 데 적극적인 소비자 그룹입니다. 가격에 민감하기보다는 효율성과 맛을 동시에 추구합니다.
973,조도윤,여자,30대,사무 종사자,대학교 졸업(전문대졸/대학원생 포함),대구광역시,1세대가족,기혼,맞벌이 함,500-600만원 미만,3,0.905223881,0.387448328,0.431842966,0.764936337,0.704560261,0.369663311,0.586956522,트렌드 주도형 소비자,"자신의 취향과 경험을 중시하는 소비자 그룹입니다. 단순히 배를 채우는 것 이상의 가치를 추구하며, 새로운 제품을 가장 먼저 경험하고 공유하려는 경향이 강합니다"
974,최지원,여자,40대,판매 종사자,대학교 졸업(전문대졸/대학원생 포함),서울특별시,2세대가족,기혼,맞벌이 함,700-800만원 미만,3,0.694029851,0.419391206,0.338876772,0.760039177,0.473289902,0.198889275,0.618695652,트렌드 주도형 소비자,"자신의 취향과 경험을 중시하는 소비자 그룹입니다. 단순히 배를 채우는 것 이상의 가치를 추구하며, 새로운 제품을 가장 먼저 경험하고 공유하려는 경향이 강합니다"
975,강서윤,여자,60대 이상,단순노무 종사자,고졸(대학 재학 포함),광주광역시,1인 가구,미혼(사별/이혼 포함),맞벌이 하지 않음,200-300만원 미만,0,0.341791045,0.398722285,0.243456925,0.764936337,0.208794788,1,0.87826087,실속형 미식가,편리성을 중시하면서도 새로운 맛과 제품을 시도하는 데 적극적인 소비자 그룹입니다. 가격에 민감하기보다는 효율성과 맛을 동시에 추구합니다.
976,강수아,여자,40대,서비스 종사자,고졸(대학 재학 포함),대구광역시,2세대가족,기혼,맞벌이 함,500-600만원 미만,0,0.237313433,0.530251785,0.330152672,0.784524976,0.244625407,0.560569247,0.247826087,실속형 미식가,편리성을 중시하면서도 새로운 맛과 제품을 시도하는 데 적극적인 소비자 그룹입니다. 가격에 민감하기보다는 효율성과 맛을 동시에 추구합니다.
977,김주원,여자,30대,사무 종사자,대학교 졸업(전문대졸/대학원생 포함),강원도,1인 가구,미혼(사별/이혼 포함),맞벌이 하지 않음,300-400만원 미만,3,0.544776119,0.513340849,0.496728462,0.85798237,0.45276873,0.217285665,0.386956522,트렌드 주도형 소비자,"자신의 취향과 경험을 중시하는 소비자 그룹입니다. 단순히 배를 채우는 것 이상의 가치를 추구하며, 새로운 제품을 가장 먼저 경험하고 공유하려는 경향이 강합니다"
978,정예준,여자,50대,판매 종사자,고졸(대학 재학 포함),광주광역시,1세대가족,기혼,맞벌이 함,300-400만원 미만,0,0.305223881,0.338594513,0.259814613,0.764936337,0.169055375,0.786532454,0.847826087,실속형 미식가,편리성을 중시하면서도 새로운 맛과 제품을 시도하는 데 적극적인 소비자 그룹입니다. 가격에 민감하기보다는 효율성과 맛을 동시에 추구합니다.
979,임수아,여자,30대,사무 종사자,대학교 졸업(전문대졸/대학원생 포함),광주광역시,1인 가구,미혼(사별/이혼 포함),맞벌이 하지 않음,200-300만원 미만,1,0.341791045,0.376174371,0.475463468,0.804113614,0.452117264,0.386324193,0.413043478,건강 추구형 소비자,가격이나 브랜드에 크게 구애받지 않고 건강을 최우선으로 고려하는 프리미엄 소비자 그룹입니다. 건강과 편리성을 모두 만족시키는 제품에 기꺼이 지갑을 엽니다.
980,강수아,여자,50대,사무 종사자,대학교 졸업(전문대졸/대학원생 포함),강원도,1세대가족,기혼,맞벌이 함,400-500만원 미만,0,0.241044776,0.520856821,0.432933479,0.779627816,0.232247557,0.313432836,0.417391304,실속형 미식가,편리성을 중시하면서도 새로운 맛과 제품을 시도하는 데 적극적인 소비자 그룹입니다. 가격에 민감하기보다는 효율성과 맛을 동시에 추구합니다.
981,김하준,남자,60대 이상,판매 종사자,고졸(대학 재학 포함),광주광역시,1세대가족,기혼,맞벌이 함,300-400만원 미만,1,0.403731343,0.361142428,0.49563795,0.784524976,0.564820847,0.414092329,0.334782609,건강 추구형 소비자,가격이나 브랜드에 크게 구애받지 않고 건강을 최우선으로 고려하는 프리미엄 소비자 그룹입니다. 건강과 편리성을 모두 만족시키는 제품에 기꺼이 지갑을 엽니다.
982,이지우,여자,60대 이상,주부,고졸(대학 재학 포함),서울특별시,1세대가족,기혼,맞벌이 하지 않음,300-400만원 미만,3,0.611940299,0.512213454,0.27344602,0.580803134,0.394136808,0.221797987,0.439130435,트렌드 주도형 소비자,"자신의 취향과 경험을 중시하는 소비자 그룹입니다. 단순히 배를 채우는 것 이상의 가치를 추구하며, 새로운 제품을 가장 먼저 경험하고 공유하려는 경향이 강합니다"
983,김지호,여자,60대 이상,농림어업 숙련 종사자,고졸(대학 재학 포함),충청남도,1세대가족,기혼,맞벌이 함,200-300만원 미만,1,0.37238806,0.554678692,0.583696838,0.779627816,0.418566775,0.303366886,0.395652174,건강 추구형 소비자,가격이나 브랜드에 크게 구애받지 않고 건강을 최우선으로 고려하는 프리미엄 소비자 그룹입니다. 건강과 편리성을 모두 만족시키는 제품에 기꺼이 지갑을 엽니다.
984,박채원,여자,50대,사무 종사자,대학교 졸업(전문대졸/대학원생 포함),대구광역시,2세대가족,기혼,맞벌이 함,700-800만원 미만,3,0.813432836,0.688087185,0.477371865,0.823702253,0.605863192,0.330787921,0.095652174,트렌드 주도형 소비자,"자신의 취향과 경험을 중시하는 소비자 그룹입니다. 단순히 배를 채우는 것 이상의 가치를 추구하며, 새로운 제품을 가장 먼저 경험하고 공유하려는 경향이 강합니다"
985,조민준,여자,60대 이상,주부,고졸(대학 재학 포함),광주광역시,1세대가족,기혼,맞벌이 하지 않음,200-300만원 미만,0,0.353731343,0.466366028,0.191657579,0.745347698,0.241693811,0.427282194,0.608695652,실속형 미식가,편리성을 중시하면서도 새로운 맛과 제품을 시도하는 데 적극적인 소비자 그룹입니다. 가격에 민감하기보다는 효율성과 맛을 동시에 추구합니다.
986,조서연,남자,50대,판매 종사자,고졸(대학 재학 포함),광주광역시,2세대가족,기혼,맞벌이 하지 않음,300-400만원 미만,3,0.489552239,0.346110485,0.405670665,0.784524976,0.435179153,0.399861159,0.591304348,트렌드 주도형 소비자,"자신의 취향과 경험을 중시하는 소비자 그룹입니다. 단순히 배를 채우는 것 이상의 가치를 추구하며, 새로운 제품을 가장 먼저 경험하고 공유하려는 경향이 강합니다"
987,김민서,여자,30대,사무 종사자,대학교 졸업(전문대졸/대학원생 포함),세종특별자치시,2세대가족,기혼,맞벌이 함,500-600만원 미만,3,0.590298507,0.537767756,0.535986914,0.941234084,0.506840391,0.488372093,0.534782609,트렌드 주도형 소비자,"자신의 취향과 경험을 중시하는 소비자 그룹입니다. 단순히 배를 채우는 것 이상의 가치를 추구하며, 새로운 제품을 가장 먼저 경험하고 공유하려는 경향이 강합니다"
988,김건우,여자,50대,사무 종사자,대학교 졸업(전문대졸/대학원생 포함),대구광역시,2세대가족,기혼,맞벌이 함,500-600만원 미만,1,0.741044776,0.462608042,0.643675027,0.784524976,0.772964169,0.272474835,0.095652174,건강 추구형 소비자,가격이나 브랜드에 크게 구애받지 않고 건강을 최우선으로 고려하는 프리미엄 소비자 그룹입니다. 건강과 편리성을 모두 만족시키는 제품에 기꺼이 지갑을 엽니다.
989,정지우,여자,60대 이상,주부,고졸(대학 재학 포함),서울특별시,1세대가족,기혼,맞벌이 하지 않음,200-300만원 미만,3,0.499253731,0.418263811,0.352508179,0.619980411,0.390553746,0.295730649,0.439130435,트렌드 주도형 소비자,"자신의 취향과 경험을 중시하는 소비자 그룹입니다. 단순히 배를 채우는 것 이상의 가치를 추구하며, 새로운 제품을 가장 먼저 경험하고 공유하려는 경향이 강합니다"
990,윤예은,여자,60대 이상,주부,고졸(대학 재학 포함),세종특별자치시,1세대가족,기혼,맞벌이 하지 않음,400-500만원 미만,3,0.462686567,0.590379557,0.356597601,0.941234084,0.356677524,0.616452621,0.543478261,트렌드 주도형 소비자,"자신의 취향과 경험을 중시하는 소비자 그룹입니다. 단순히 배를 채우는 것 이상의 가치를 추구하며, 새로운 제품을 가장 먼저 경험하고 공유하려는 경향이 강합니다"
991,강준서,여자,60대 이상,주부,고졸(대학 재학 포함),광주광역시,1세대가족,기혼,맞벌이 하지 않음,200-300만원 미만,3,0.449253731,0.372416385,0.43565976,0.764936337,0.499022801,0.445331482,0.427391304,트렌드 주도형 소비자,"자신의 취향과 경험을 중시하는 소비자 그룹입니다. 단순히 배를 채우는 것 이상의 가치를 추구하며, 새로운 제품을 가장 먼저 경험하고 공유하려는 경향이 강합니다"
992,강서준,여자,30대,사무 종사자,대학교 졸업(전문대졸/대학원생 포함),서울특별시,1인 가구,미혼(사별/이혼 포함),맞벌이 하지 않음,300-400만원 미만,0,0.425373134,0.393085306,0.212649945,0.7208619,0.349511401,0.131898646,0.447826087,실속형 미식가,편리성을 중시하면서도 새로운 맛과 제품을 시도하는 데 적극적인 소비자 그룹입니다. 가격에 민감하기보다는 효율성과 맛을 동시에 추구합니다.
993,이민서,여자,60대 이상,서비스 종사자,고졸(대학 재학 포함),대구광역시,2세대가족,기혼,맞벌이 함,800-900만원 미만,1,0.708955224,0.451334085,0.64912759,0.823702253,0.86742671,0.223880597,0.086956522,건강 추구형 소비자,가격이나 브랜드에 크게 구애받지 않고 건강을 최우선으로 고려하는 프리미엄 소비자 그룹입니다. 건강과 편리성을 모두 만족시키는 제품에 기꺼이 지갑을 엽니다.
994,박하은,남자,50대,사무 종사자,대학교 졸업(전문대졸/대학원생 포함),광주광역시,1세대가족,기혼,맞벌이 함,700-800만원 미만,0,0.224626866,0.398722285,0.30697928,0.764936337,0.26742671,0.367580701,0.57826087,실속형 미식가,편리성을 중시하면서도 새로운 맛과 제품을 시도하는 데 적극적인 소비자 그룹입니다. 가격에 민감하기보다는 효율성과 맛을 동시에 추구합니다.
995,박지원,여자,50대,서비스 종사자,대학교 졸업(전문대졸/대학원생 포함),세종특별자치시,2세대가족,기혼,맞벌이 함,500-600만원 미만,3,0.621641791,0.470124014,0.402944384,0.941234084,0.49218241,0.612634502,0.686956522,트렌드 주도형 소비자,"자신의 취향과 경험을 중시하는 소비자 그룹입니다. 단순히 배를 채우는 것 이상의 가치를 추구하며, 새로운 제품을 가장 먼저 경험하고 공유하려는 경향이 강합니다"
996,김민서,남자,60대 이상,판매 종사자,고졸(대학 재학 포함),광주광역시,2세대가족,기혼,맞벌이 함,600-700만원 미만,3,0.505970149,0.368658399,0.302071974,0.764936337,0.499674267,0.366886498,0.42173913,트렌드 주도형 소비자,"자신의 취향과 경험을 중시하는 소비자 그룹입니다. 단순히 배를 채우는 것 이상의 가치를 추구하며, 새로운 제품을 가장 먼저 경험하고 공유하려는 경향이 강합니다"
997,조시우,남자,60대 이상,기능원 및 관련 기능 종사자,대학교 졸업(전문대졸/대학원생 포함),광주광역시,1세대가족,기혼,맞벌이 함,300-400만원 미만,0,0.17238806,0.369409996,0.234732824,0.698334966,0.091530945,0.492884415,0.782608696,실속형 미식가,편리성을 중시하면서도 새로운 맛과 제품을 시도하는 데 적극적인 소비자 그룹입니다. 가격에 민감하기보다는 효율성과 맛을 동시에 추구합니다.
998,정서준,여자,60대 이상,주부,중졸 이하,대구광역시,1세대가족,기혼,맞벌이 하지 않음,100-200만원 미만,1,0.492537313,0.333709132,0.54525627,0.78158668,0.714983713,0.307532107,0.065217391,건강 추구형 소비자,가격이나 브랜드에 크게 구애받지 않고 건강을 최우선으로 고려하는 프리미엄 소비자 그룹입니다. 건강과 편리성을 모두 만족시키는 제품에 기꺼이 지갑을 엽니다.
999,임건우,여자,60대 이상,주부,고졸(대학 재학 포함),광주광역시,1세대가족,기혼,맞벌이 하지 않음,300-400만원 미만,0,0.410447761,0.436302142,0.278353326,0.823702253,0.283387622,0.369663311,0.634782609,실속형 미식가,편리성을 중시하면서도 새로운 맛과 제품을 시도하는 데 적극적인 소비자 그룹입니다. 가격에 민감하기보다는 효율성과 맛을 동시에 추구합니다.
1000,정민준,남자,50대,장치·기계 조작 및 조립 종사자,대학교 졸업(전문대졸/대학원생 포함),광주광역시,1세대가족,기혼,맞벌이 함,400-500만원 미만,1,0.106716418,0.298008268,0.491003272,0.63956905,0.437459283,0.426935092,0.286956522,건강 추구형 소비자,가격이나 브랜드에 크게 구애받지 않고 건강을 최우선으로 고려하는 프리미엄 소비자 그룹입니다. 건강과 편리성을 모두 만족시키는 제품에 기꺼이 지갑을 엽니다.
1001,최서연,여자,50대,판매 종사자,고졸(대학 재학 포함),광주광역시,2세대가족,기혼,맞벌이 함,600-700만원 미만,3,0.473134328,0.436302142,0.393402399,0.804113614,0.471986971,0.376952447,0.47826087,트렌드 주도형 소비자,"자신의 취향과 경험을 중시하는 소비자 그룹입니다. 단순히 배를 채우는 것 이상의 가치를 추구하며, 새로운 제품을 가장 먼저 경험하고 공유하려는 경향이 강합니다"
1002,김예은,여자,50대,판매 종사자,고졸(대학 재학 포함),광주광역시,2세대가족,기혼,맞벌이 함,500-600만원 미만,3,0.56641791,0.402480271,0.329334787,0.823702253,0.438762215,0.339812565,0.639130435,트렌드 주도형 소비자,"자신의 취향과 경험을 중시하는 소비자 그룹입니다. 단순히 배를 채우는 것 이상의 가치를 추구하며, 새로운 제품을 가장 먼저 경험하고 공유하려는 경향이 강합니다"
1003,정지민,여자,60대 이상,판매 종사자,고졸(대학 재학 포함),광주광역시,1세대가족,기혼,맞벌이 함,400-500만원 미만,1,0.726119403,0.33934611,0.532442748,0.659157689,0.676221498,0.398125651,0.27826087,건강 추구형 소비자,가격이나 브랜드에 크게 구애받지 않고 건강을 최우선으로 고려하는 프리미엄 소비자 그룹입니다. 건강과 편리성을 모두 만족시키는 제품에 기꺼이 지갑을 엽니다.
1004,김서준,여자,30대,사무 종사자,대학교 졸업(전문대졸/대학원생 포함),서울특별시,2세대가족,기혼,맞벌이 함,800-900만원 미만,3,0.598507463,0.509582864,0.182660851,0.760039177,0.438110749,0.13884068,0.37826087,트렌드 주도형 소비자,"자신의 취향과 경험을 중시하는 소비자 그룹입니다. 단순히 배를 채우는 것 이상의 가치를 추구하며, 새로운 제품을 가장 먼저 경험하고 공유하려는 경향이 강합니다"
1005,정준서,여자,60대 이상,주부,고졸(대학 재학 포함),서울특별시,2세대가족,기혼,맞벌이 하지 않음,600-700만원 미만,0,0.395522388,0.659150695,0.172028353,0.843290891,0.274592834,0.302325581,0.447826087,실속형 미식가,편리성을 중시하면서도 새로운 맛과 제품을 시도하는 데 적극적인 소비자 그룹입니다. 가격에 민감하기보다는 효율성과 맛을 동시에 추구합니다.
1006,조주원,여자,50대,주부,대학교 졸업(전문대졸/대학원생 포함),서울특별시,2세대가족,기혼,맞벌이 하지 않음,500-600만원 미만,0,0.356716418,0.594137542,0.019083969,0.843290891,0.150162866,0.458174245,0.508695652,실속형 미식가,편리성을 중시하면서도 새로운 맛과 제품을 시도하는 데 적극적인 소비자 그룹입니다. 가격에 민감하기보다는 효율성과 맛을 동시에 추구합니다.
1007,박민서,남자,60대 이상,장치·기계 조작 및 조립 종사자,고졸(대학 재학 포함),광주광역시,1인 가구,미혼(사별/이혼 포함),맞벌이 하지 않음,200-300만원 미만,1,0.731343284,0.320556182,0.497001091,0.659157689,0.678501629,0.385282888,0.204347826,건강 추구형 소비자,가격이나 브랜드에 크게 구애받지 않고 건강을 최우선으로 고려하는 프리미엄 소비자 그룹입니다. 건강과 편리성을 모두 만족시키는 제품에 기꺼이 지갑을 엽니다.
1008,한하준,여자,60대 이상,주부,중졸 이하,대구광역시,1인 가구,미혼(사별/이혼 포함),맞벌이 하지 않음,100-200만원 미만,1,0.47761194,0.307403232,0.526990185,0.624877571,0.802931596,0.237764665,0.047826087,건강 추구형 소비자,가격이나 브랜드에 크게 구애받지 않고 건강을 최우선으로 고려하는 프리미엄 소비자 그룹입니다. 건강과 편리성을 모두 만족시키는 제품에 기꺼이 지갑을 엽니다.
1009,윤지우,여자,50대,주부,고졸(대학 재학 포함),서울특별시,1세대가족,기혼,맞벌이 하지 않음,300-400만원 미만,0,0.507462687,0.800826757,0.325245365,0.941234084,0.265798046,0.344671989,0.491304348,실속형 미식가,편리성을 중시하면서도 새로운 맛과 제품을 시도하는 데 적극적인 소비자 그룹입니다. 가격에 민감하기보다는 효율성과 맛을 동시에 추구합니다.
1010,이민서,여자,50대,주부,대학교 졸업(전문대졸/대학원생 포함),서울특별시,2세대가족,기혼,맞벌이 하지 않음,600-700만원 미만,0,0.379104478,0.694475761,0.249182116,0.820763957,0.2,0.505032975,0.5,실속형 미식가,편리성을 중시하면서도 새로운 맛과 제품을 시도하는 데 적극적인 소비자 그룹입니다. 가격에 민감하기보다는 효율성과 맛을 동시에 추구합니다.
1011,김건우,여자,50대,서비스 종사자,고졸(대학 재학 포함),서울특별시,1세대가족,기혼,맞벌이 하지 않음,400-500만원 미만,3,0.574626866,0.425779782,0.359323882,0.600391773,0.493811075,0.198889275,0.408695652,트렌드 주도형 소비자,"자신의 취향과 경험을 중시하는 소비자 그룹입니다. 단순히 배를 채우는 것 이상의 가치를 추구하며, 새로운 제품을 가장 먼저 경험하고 공유하려는 경향이 강합니다"
1012,이서준,여자,40대,사무 종사자,대학교 졸업(전문대졸/대학원생 포함),서울특별시,2세대가족,기혼,맞벌이 함,600-700만원 미만,0,0.532089552,0.620443442,0.224372955,0.843290891,0.240390879,0.444637279,0.549130435,실속형 미식가,편리성을 중시하면서도 새로운 맛과 제품을 시도하는 데 적극적인 소비자 그룹입니다. 가격에 민감하기보다는 효율성과 맛을 동시에 추구합니다.
1013,이하은,여자,50대,사무 종사자,대학교 졸업(전문대졸/대학원생 포함),서울특별시,2세대가족,기혼,맞벌이 함,800-900만원 미만,3,0.554477612,0.448327696,0.377044711,0.63956905,0.464495114,0.261367581,0.426086957,트렌드 주도형 소비자,"자신의 취향과 경험을 중시하는 소비자 그룹입니다. 단순히 배를 채우는 것 이상의 가치를 추구하며, 새로운 제품을 가장 먼저 경험하고 공유하려는 경향이 강합니다"
1014,윤민준,여자,60대 이상,주부,대학교 졸업(전문대졸/대학원생 포함),서울특별시,1세대가족,기혼,맞벌이 하지 않음,700-800만원 미만,0,0.452238806,0.413002631,0.377044711,0.681684623,0.41237785,0.201318986,0.456521739,실속형 미식가,편리성을 중시하면서도 새로운 맛과 제품을 시도하는 데 적극적인 소비자 그룹입니다. 가격에 민감하기보다는 효율성과 맛을 동시에 추구합니다.
1015,박예준,여자,60대 이상,주부,중졸 이하,세종특별자치시,1세대가족,기혼,맞벌이 하지 않음,100-200만원 미만,0,0.464179104,0.601653514,0.310250818,0.86287953,0.363192182,0.687955571,0.495652174,실속형 미식가,편리성을 중시하면서도 새로운 맛과 제품을 시도하는 데 적극적인 소비자 그룹입니다. 가격에 민감하기보다는 효율성과 맛을 동시에 추구합니다.
1016,최도윤,여자,30대,사무 종사자,대학교 졸업(전문대졸/대학원생 포함),서울특별시,1세대가족,기혼,맞벌이 함,600-700만원 미만,0,0.501492537,0.719278467,0.066248637,0.823702253,0.2752443,0.433182923,0.5,실속형 미식가,편리성을 중시하면서도 새로운 맛과 제품을 시도하는 데 적극적인 소비자 그룹입니다. 가격에 민감하기보다는 효율성과 맛을 동시에 추구합니다.
1017,이도윤,여자,60대 이상,판매 종사자,고졸(대학 재학 포함),경기도,2세대가족,미혼(사별/이혼 포함),맞벌이 하지 않음,400-500만원 미만,0,0.267910448,0.472003006,0.338876772,0.740450539,0.266775244,0.513016314,0.413043478,실속형 미식가,편리성을 중시하면서도 새로운 맛과 제품을 시도하는 데 적극적인 소비자 그룹입니다. 가격에 민감하기보다는 효율성과 맛을 동시에 추구합니다.
1018,박시우,여자,30대,사무 종사자,대학교 졸업(전문대졸/대학원생 포함),서울특별시,1세대가족,기혼,맞벌이 함,700-800만원 미만,0,0.42761194,0.650507328,0.038167939,0.78158668,0.224104235,0.469975703,0.526086957,실속형 미식가,편리성을 중시하면서도 새로운 맛과 제품을 시도하는 데 적극적인 소비자 그룹입니다. 가격에 민감하기보다는 효율성과 맛을 동시에 추구합니다.
1019,윤채원,여자,50대,서비스 종사자,대학교 졸업(전문대졸/대학원생 포함),서울특별시,1인 가구,미혼(사별/이혼 포함),맞벌이 하지 않음,400-500만원 미만,3,0.514179104,0.453213078,0.35523446,0.7208619,0.365472313,0.185005207,0.417391304,트렌드 주도형 소비자,"자신의 취향과 경험을 중시하는 소비자 그룹입니다. 단순히 배를 채우는 것 이상의 가치를 추구하며, 새로운 제품을 가장 먼저 경험하고 공유하려는 경향이 강합니다"
1020,최지우,여자,30대,사무 종사자,대학교 졸업(전문대졸/대학원생 포함),서울특별시,1세대가족,기혼,맞벌이 함,600-700만원 미만,0,0.410447761,0.635475385,0.131952017,0.86287953,0.180130293,0.375216939,0.557826087,실속형 미식가,편리성을 중시하면서도 새로운 맛과 제품을 시도하는 데 적극적인 소비자 그룹입니다. 가격에 민감하기보다는 효율성과 맛을 동시에 추구합니다.
1021,한지원,남자,40대,사무 종사자,대학교 졸업(전문대졸/대학원생 포함),경상북도,2세대가족,기혼,맞벌이 함,"900-1,000만원 미만",0,0.47238806,0.394964299,0.377862595,0.745347698,0.339739414,0.339465463,0.347826087,실속형 미식가,편리성을 중시하면서도 새로운 맛과 제품을 시도하는 데 적극적인 소비자 그룹입니다. 가격에 민감하기보다는 효율성과 맛을 동시에 추구합니다.
1022,강채원,여자,40대,사무 종사자,대학교 졸업(전문대졸/대학원생 포함),경기도,2세대가족,기혼,맞벌이 함,800-900만원 미만,3,0.717164179,0.755730928,0.373773173,0.960822723,0.322801303,0.306490802,0.52173913,트렌드 주도형 소비자,"자신의 취향과 경험을 중시하는 소비자 그룹입니다. 단순히 배를 채우는 것 이상의 가치를 추구하며, 새로운 제품을 가장 먼저 경험하고 공유하려는 경향이 강합니다"
1023,한주원,남자,30대,사무 종사자,대학교 졸업(전문대졸/대학원생 포함),경기도,1인 가구,미혼(사별/이혼 포함),맞벌이 하지 않음,300-400만원 미만,0,0.373880597,0.487034949,0.267993457,0.740450539,0.281433225,0.46129816,0.491304348,실속형 미식가,편리성을 중시하면서도 새로운 맛과 제품을 시도하는 데 적극적인 소비자 그룹입니다. 가격에 민감하기보다는 효율성과 맛을 동시에 추구합니다.
1024,이민준,여자,60대 이상,서비스 종사자,중졸 이하,세종특별자치시,1인 가구,미혼(사별/이혼 포함),맞벌이 하지 않음,200-300만원 미만,3,0.564925373,0.692972567,0.33478735,0.980411361,0.34267101,0.741409233,0.569565217,트렌드 주도형 소비자,"자신의 취향과 경험을 중시하는 소비자 그룹입니다. 단순히 배를 채우는 것 이상의 가치를 추구하며, 새로운 제품을 가장 먼저 경험하고 공유하려는 경향이 강합니다"
1025,정주원,여자,50대,판매 종사자,고졸(대학 재학 포함),인천광역시,1인 가구,미혼(사별/이혼 포함),맞벌이 하지 않음,200-300만원 미만,1,0.390298507,0.421270199,0.713195202,0.823702253,0.711400651,0.460256855,0.136086957,건강 추구형 소비자,가격이나 브랜드에 크게 구애받지 않고 건강을 최우선으로 고려하는 프리미엄 소비자 그룹입니다. 건강과 편리성을 모두 만족시키는 제품에 기꺼이 지갑을 엽니다.
1026,최예은,여자,60대 이상,주부,고졸(대학 재학 포함),서울특별시,1세대가족,기혼,맞벌이 하지 않음,300-400만원 미만,0,0.191044776,0.66854566,0.05261723,0.799216454,0.091530945,0.384588684,0.457826087,실속형 미식가,편리성을 중시하면서도 새로운 맛과 제품을 시도하는 데 적극적인 소비자 그룹입니다. 가격에 민감하기보다는 효율성과 맛을 동시에 추구합니다.
1027,정하은,여자,60대 이상,서비스 종사자,대학교 졸업(전문대졸/대학원생 포함),경기도,2세대가족,기혼,맞벌이 함,"900-1,000만원 미만",3,0.807462687,0.821495678,0.409760087,0.936336925,0.524104235,0.306490802,0.495652174,트렌드 주도형 소비자,"자신의 취향과 경험을 중시하는 소비자 그룹입니다. 단순히 배를 채우는 것 이상의 가치를 추구하며, 새로운 제품을 가장 먼저 경험하고 공유하려는 경향이 강합니다"
1028,정예준,여자,40대,주부,대학교 졸업(전문대졸/대학원생 포함),경기도,2세대가족,기혼,맞벌이 하지 않음,500-600만원 미만,3,0.71641791,0.924840286,0.44738277,0.960822723,0.371661238,0.414786532,0.517391304,트렌드 주도형 소비자,"자신의 취향과 경험을 중시하는 소비자 그룹입니다. 단순히 배를 채우는 것 이상의 가치를 추구하며, 새로운 제품을 가장 먼저 경험하고 공유하려는 경향이 강합니다"
1029,박하준,여자,50대,사무 종사자,대학교 졸업(전문대졸/대학원생 포함),서울특별시,2세대가족,기혼,맞벌이 함,700-800만원 미만,0,0.380597015,0.714393085,0.062159215,0.804113614,0.211726384,0.330093717,0.439130435,실속형 미식가,편리성을 중시하면서도 새로운 맛과 제품을 시도하는 데 적극적인 소비자 그룹입니다. 가격에 민감하기보다는 효율성과 맛을 동시에 추구합니다.
1030,임민준,여자,30대,사무 종사자,대학교 졸업(전문대졸/대학원생 포함),경상북도,1세대가족,기혼,맞벌이 함,700-800만원 미만,3,0.476119403,0.402480271,0.397491821,0.745347698,0.4,0.303019785,0.486956522,트렌드 주도형 소비자,"자신의 취향과 경험을 중시하는 소비자 그룹입니다. 단순히 배를 채우는 것 이상의 가치를 추구하며, 새로운 제품을 가장 먼저 경험하고 공유하려는 경향이 강합니다"
1031,한수아,여자,60대 이상,주부,고졸(대학 재학 포함),경기도,1세대가족,기혼,맞벌이 하지 않음,400-500만원 미만,3,0.67238806,0.849680571,0.316521265,0.941234084,0.336156352,0.270739327,0.369565217,트렌드 주도형 소비자,"자신의 취향과 경험을 중시하는 소비자 그룹입니다. 단순히 배를 채우는 것 이상의 가치를 추구하며, 새로운 제품을 가장 먼저 경험하고 공유하려는 경향이 강합니다"
1032,윤지원,여자,40대,사무 종사자,대학교 졸업(전문대졸/대학원생 포함),서울특별시,1세대가족,기혼,맞벌이 함,600-700만원 미만,0,0.42761194,0.680571214,0.221919302,0.823702253,0.215309446,0.433182923,0.517391304,실속형 미식가,편리성을 중시하면서도 새로운 맛과 제품을 시도하는 데 적극적인 소비자 그룹입니다. 가격에 민감하기보다는 효율성과 맛을 동시에 추구합니다.
1033,한지민,여자,60대 이상,주부,고졸(대학 재학 포함),경기도,1세대가족,기혼,맞벌이 하지 않음,500-600만원 미만,3,0.745522388,0.8421646,0.384678299,0.941234084,0.428338762,0.272474835,0.504347826,트렌드 주도형 소비자,"자신의 취향과 경험을 중시하는 소비자 그룹입니다. 단순히 배를 채우는 것 이상의 가치를 추구하며, 새로운 제품을 가장 먼저 경험하고 공유하려는 경향이 강합니다"
1034,한건우,여자,30대,사무 종사자,대학교 졸업(전문대졸/대학원생 포함),인천광역시,1세대가족,기혼,맞벌이 함,500-600만원 미만,1,0.628358209,0.567831642,0.578244275,0.745347698,0.67752443,0.299548768,0.091304348,건강 추구형 소비자,가격이나 브랜드에 크게 구애받지 않고 건강을 최우선으로 고려하는 프리미엄 소비자 그룹입니다. 건강과 편리성을 모두 만족시키는 제품에 기꺼이 지갑을 엽니다.
1035,조예준,여자,50대,주부,대학교 졸업(전문대졸/대학원생 포함),인천광역시,2세대가족,기혼,맞벌이 하지 않음,700-800만원 미만,1,0.074626866,0.346110485,0.800436205,0.764936337,0.174267101,0.170079833,0.157826087,건강 추구형 소비자,가격이나 브랜드에 크게 구애받지 않고 건강을 최우선으로 고려하는 프리미엄 소비자 그룹입니다. 건강과 편리성을 모두 만족시키는 제품에 기꺼이 지갑을 엽니다.
1036,최민준,여자,60대 이상,단순노무 종사자,대학교 졸업(전문대졸/대학원생 포함),서울특별시,2세대가족,기혼,맞벌이 함,800-900만원 미만,0,0.298507463,0.597895528,0.034078517,0.764936337,0.18762215,0.347448802,0.47826087,실속형 미식가,편리성을 중시하면서도 새로운 맛과 제품을 시도하는 데 적극적인 소비자 그룹입니다. 가격에 민감하기보다는 효율성과 맛을 동시에 추구합니다.
1037,김준서,여자,60대 이상,주부,고졸(대학 재학 포함),서울특별시,2세대가족,기혼,맞벌이 하지 않음,600-700만원 미만,0,0.231343284,0.654265314,0.049890949,0.804113614,0.21237785,0.346407497,0.505652174,실속형 미식가,편리성을 중시하면서도 새로운 맛과 제품을 시도하는 데 적극적인 소비자 그룹입니다. 가격에 민감하기보다는 효율성과 맛을 동시에 추구합니다.
1038,박서준,여자,50대,사무 종사자,대학교 졸업(전문대졸/대학원생 포함),경기도,2세대가족,기혼,맞벌이 함,"900-1,000만원 미만",3,0.843283582,0.892897407,0.37431843,0.897159647,0.516938111,0.339465463,0.386956522,트렌드 주도형 소비자,"자신의 취향과 경험을 중시하는 소비자 그룹입니다. 단순히 배를 채우는 것 이상의 가치를 추구하며, 새로운 제품을 가장 먼저 경험하고 공유하려는 경향이 강합니다"
1039,김지호,여자,40대,사무 종사자,대학교 졸업(전문대졸/대학원생 포함),서울특별시,2세대가족,기혼,맞벌이 함,600-700만원 미만,0,0.231343284,0.654265314,0.090239913,0.804113614,0.138436482,0.555709823,0.426086957,실속형 미식가,편리성을 중시하면서도 새로운 맛과 제품을 시도하는 데 적극적인 소비자 그룹입니다. 가격에 민감하기보다는 효율성과 맛을 동시에 추구합니다.
1040,강지원,여자,60대 이상,서비스 종사자,대학교 졸업(전문대졸/대학원생 포함),경기도,2세대가족,기혼,맞벌이 함,"900-1,000만원 미만",3,0.73880597,0.712514092,0.371046892,0.916748286,0.409771987,0.295036446,0.669565217,트렌드 주도형 소비자,"자신의 취향과 경험을 중시하는 소비자 그룹입니다. 단순히 배를 채우는 것 이상의 가치를 추구하며, 새로운 제품을 가장 먼저 경험하고 공유하려는 경향이 강합니다"
1041,김민서,여자,40대,사무 종사자,대학교 졸업(전문대졸/대학원생 포함),서울특별시,2세대가족,기혼,맞벌이 함,500-600만원 미만,0,0.293283582,0.711762495,0.266630316,0.960822723,0.136156352,0.49184311,0.547826087,실속형 미식가,편리성을 중시하면서도 새로운 맛과 제품을 시도하는 데 적극적인 소비자 그룹입니다. 가격에 민감하기보다는 효율성과 맛을 동시에 추구합니다.
1042,김민준,여자,40대,주부,대학교 졸업(전문대졸/대학원생 포함),서울특별시,2세대가족,기혼,맞벌이 하지 않음,600-700만원 미만,0,0.246268657,0.706877114,0.081243184,0.941234084,0.171986971,0.54078445,0.517391304,실속형 미식가,편리성을 중시하면서도 새로운 맛과 제품을 시도하는 데 적극적인 소비자 그룹입니다. 가격에 민감하기보다는 효율성과 맛을 동시에 추구합니다.
1043,임도윤,여자,50대,주부,대학교 졸업(전문대졸/대학원생 포함),서울특별시,2세대가족,기혼,맞벌이 하지 않음,500-600만원 미만,0,0.231343284,0.688087185,0.022628135,0.823702253,0.171986971,0.333217633,0.427391304,실속형 미식가,편리성을 중시하면서도 새로운 맛과 제품을 시도하는 데 적극적인 소비자 그룹입니다. 가격에 민감하기보다는 효율성과 맛을 동시에 추구합니다.
1044,윤예준,여자,60대 이상,주부,고졸(대학 재학 포함),서울특별시,1세대가족,기혼,맞벌이 하지 않음,300-400만원 미만,0,0.106716418,0.767004885,0.240730643,0.941234084,0.06286645,0.62860118,0.549130435,실속형 미식가,편리성을 중시하면서도 새로운 맛과 제품을 시도하는 데 적극적인 소비자 그룹입니다. 가격에 민감하기보다는 효율성과 맛을 동시에 추구합니다.
1045,김지호,여자,40대,사무 종사자,대학교 졸업(전문대졸/대학원생 포함),서울특별시,2세대가족,기혼,맞벌이 함,600-700만원 미만,0,0.097014925,0.785794814,0.062159215,0.86287953,0.048859935,0.546338077,0.37826087,실속형 미식가,편리성을 중시하면서도 새로운 맛과 제품을 시도하는 데 적극적인 소비자 그룹입니다. 가격에 민감하기보다는 효율성과 맛을 동시에 추구합니다.
1046,조민준,여자,50대,서비스 종사자,대학교 졸업(전문대졸/대학원생 포함),대전광역시,2세대가족,기혼,맞벌이 함,500-600만원 미만,0,0.298507463,0.584742578,0.195201745,0.799216454,0.282084691,0.215203054,0.413043478,실속형 미식가,편리성을 중시하면서도 새로운 맛과 제품을 시도하는 데 적극적인 소비자 그룹입니다. 가격에 민감하기보다는 효율성과 맛을 동시에 추구합니다.
1047,최민준,여자,60대 이상,주부,고졸(대학 재학 포함),서울특별시,1세대가족,기혼,맞벌이 하지 않음,300-400만원 미만,0,0.406716418,0.691845171,0.073609597,0.921645446,0.171986971,0.397084346,0.569565217,실속형 미식가,편리성을 중시하면서도 새로운 맛과 제품을 시도하는 데 적극적인 소비자 그룹입니다. 가격에 민감하기보다는 효율성과 맛을 동시에 추구합니다.
1048,이하준,여자,50대,사무 종사자,대학교 졸업(전문대졸/대학원생 포함),서울특별시,1세대가족,기혼,맞벌이 함,"1,000만원 이상",1,0.341791045,0.525366404,0.711286805,0.820763957,0.422801303,0.18569941,0.165217391,건강 추구형 소비자,가격이나 브랜드에 크게 구애받지 않고 건강을 최우선으로 고려하는 프리미엄 소비자 그룹입니다. 건강과 편리성을 모두 만족시키는 제품에 기꺼이 지갑을 엽니다.
1049,조민서,여자,40대,사무 종사자,대학교 졸업(전문대졸/대학원생 포함),서울특별시,2세대가족,기혼,맞벌이 함,"1,000만원 이상",1,0.242537313,0.547162721,0.753271538,0.838393732,0.423452769,0.22040958,0.217391304,건강 추구형 소비자,가격이나 브랜드에 크게 구애받지 않고 건강을 최우선으로 고려하는 프리미엄 소비자 그룹입니다. 건강과 편리성을 모두 만족시키는 제품에 기꺼이 지갑을 엽니다.
1050,한서준,여자,50대,서비스 종사자,대학교 졸업(전문대졸/대학원생 포함),대전광역시,2세대가족,기혼,맞벌이 함,500-600만원 미만,0,0.492537313,0.611048478,0.17693566,0.779627816,0.303908795,0.152724748,0.462173913,실속형 미식가,편리성을 중시하면서도 새로운 맛과 제품을 시도하는 데 적극적인 소비자 그룹입니다. 가격에 민감하기보다는 효율성과 맛을 동시에 추구합니다.
1051,임서연,여자,40대,판매 종사자,대학교 졸업(전문대졸/대학원생 포함),서울특별시,2세대가족,기혼,맞벌이 함,800-900만원 미만,1,0.38880597,0.564073657,0.732551799,0.902056807,0.485667752,0.219715377,0.17826087,건강 추구형 소비자,가격이나 브랜드에 크게 구애받지 않고 건강을 최우선으로 고려하는 프리미엄 소비자 그룹입니다. 건강과 편리성을 모두 만족시키는 제품에 기꺼이 지갑을 엽니다.
1052,최서준,여자,40대,서비스 종사자,대학교 졸업(전문대졸/대학원생 포함),서울특별시,2세대가족,기혼,맞벌이 함,800-900만원 미만,1,0.341791045,0.560315671,0.6695747,0.823702253,0.4,0.209996529,0.095652174,건강 추구형 소비자,가격이나 브랜드에 크게 구애받지 않고 건강을 최우선으로 고려하는 프리미엄 소비자 그룹입니다. 건강과 편리성을 모두 만족시키는 제품에 기꺼이 지갑을 엽니다.
1053,임시우,여자,50대,주부,고졸(대학 재학 포함),경기도,2세대가족,기혼,맞벌이 하지 않음,600-700만원 미만,3,0.703731343,0.522735814,0.169847328,0.921645446,0.404885993,0.251648733,0.795652174,트렌드 주도형 소비자,"자신의 취향과 경험을 중시하는 소비자 그룹입니다. 단순히 배를 채우는 것 이상의 가치를 추구하며, 새로운 제품을 가장 먼저 경험하고 공유하려는 경향이 강합니다"
1054,이민서,여자,60대 이상,기능원 및 관련 기능 종사자,고졸(대학 재학 포함),경기도,1세대가족,기혼,맞벌이 함,400-500만원 미만,0,0.367910448,0.537767756,0.32742639,0.941234084,0.226710098,0.236029157,0.904347826,실속형 미식가,편리성을 중시하면서도 새로운 맛과 제품을 시도하는 데 적극적인 소비자 그룹입니다. 가격에 민감하기보다는 효율성과 맛을 동시에 추구합니다.
1055,조수아,여자,60대 이상,주부,고졸(대학 재학 포함),대구광역시,2세대가족,기혼,맞벌이 하지 않음,300-400만원 미만,3,0.794776119,0.565952649,0.324700109,0.838393732,0.480456026,0.587643179,0.460869565,트렌드 주도형 소비자,"자신의 취향과 경험을 중시하는 소비자 그룹입니다. 단순히 배를 채우는 것 이상의 가치를 추구하며, 새로운 제품을 가장 먼저 경험하고 공유하려는 경향이 강합니다"
1056,조지민,여자,60대 이상,주부,중졸 이하,대구광역시,1세대가족,기혼,맞벌이 하지 않음,100-200만원 미만,3,0.708955224,0.502066892,0.084514722,0.779627816,0.356026059,0.689691079,0.575217391,트렌드 주도형 소비자,"자신의 취향과 경험을 중시하는 소비자 그룹입니다. 단순히 배를 채우는 것 이상의 가치를 추구하며, 새로운 제품을 가장 먼저 경험하고 공유하려는 경향이 강합니다"
1057,이시우,여자,60대 이상,주부,중졸 이하,대구광역시,1인 가구,미혼(사별/이혼 포함),맞벌이 하지 않음,100만원 미만,0,0.458955224,0.502066892,0.029989095,0.779627816,0.167752443,0.720583131,0.617391304,실속형 미식가,편리성을 중시하면서도 새로운 맛과 제품을 시도하는 데 적극적인 소비자 그룹입니다. 가격에 민감하기보다는 효율성과 맛을 동시에 추구합니다.
1058,조주원,여자,60대 이상,농림어업 숙련 종사자,고졸(대학 재학 포함),충청남도,1세대가족,기혼,맞벌이 함,200-300만원 미만,3,0.573880597,0.461856445,0.610959651,0.7208619,0.529315961,0.249913225,0.501304348,트렌드 주도형 소비자,"자신의 취향과 경험을 중시하는 소비자 그룹입니다. 단순히 배를 채우는 것 이상의 가치를 추구하며, 새로운 제품을 가장 먼저 경험하고 공유하려는 경향이 강합니다"
1059,윤하준,여자,50대,판매 종사자,고졸(대학 재학 포함),충청남도,2세대가족,기혼,맞벌이 함,500-600만원 미만,1,0.350746269,0.490792935,0.628135224,0.818805093,0.402605863,0.25095453,0.469565217,건강 추구형 소비자,가격이나 브랜드에 크게 구애받지 않고 건강을 최우선으로 고려하는 프리미엄 소비자 그룹입니다. 건강과 편리성을 모두 만족시키는 제품에 기꺼이 지갑을 엽니다.
1060,한지우,남자,30대,사무 종사자,대학교 졸업(전문대졸/대학원생 포함),충청남도,1인 가구,미혼(사별/이혼 포함),맞벌이 하지 않음,300-400만원 미만,0,0.37761194,0.580984592,0.491548528,0.838393732,0.393811075,0.266921208,0.575217391,실속형 미식가,편리성을 중시하면서도 새로운 맛과 제품을 시도하는 데 적극적인 소비자 그룹입니다. 가격에 민감하기보다는 효율성과 맛을 동시에 추구합니다.
1061,김서연,여자,60대 이상,주부,중졸 이하,대구광역시,1인 가구,미혼(사별/이혼 포함),맞벌이 하지 않음,100만원 미만,0,0.450746269,0.678692221,0.109051254,0.779627816,0.294462541,0.643179452,0.282608696,실속형 미식가,편리성을 중시하면서도 새로운 맛과 제품을 시도하는 데 적극적인 소비자 그룹입니다. 가격에 민감하기보다는 효율성과 맛을 동시에 추구합니다.
1062,강준서,여자,60대 이상,주부,중졸 이하,대구광역시,1인 가구,미혼(사별/이혼 포함),맞벌이 하지 않음,100만원 미만,0,0.420895522,0.644870349,0.029989095,0.779627816,0.2,0.618882333,0.413043478,실속형 미식가,편리성을 중시하면서도 새로운 맛과 제품을 시도하는 데 적극적인 소비자 그룹입니다. 가격에 민감하기보다는 효율성과 맛을 동시에 추구합니다.
1063,김건우,남자,20대,사무 종사자,대학교 졸업(전문대졸/대학원생 포함),대전광역시,1인 가구,미혼(사별/이혼 포함),맞벌이 하지 않음,200-300만원 미만,0,0.395522388,0.611048478,0.101690294,0.779627816,0.238762215,0.201318986,0.417391304,실속형 미식가,편리성을 중시하면서도 새로운 맛과 제품을 시도하는 데 적극적인 소비자 그룹입니다. 가격에 민감하기보다는 효율성과 맛을 동시에 추구합니다.
1064,조지민,여자,40대,사무 종사자,대학교 졸업(전문대졸/대학원생 포함),부산광역시,2세대가족,기혼,맞벌이 함,500-600만원 미만,3,0.71119403,0.511461856,0.487731734,0.804113614,0.608143322,0.37556404,0.426086957,트렌드 주도형 소비자,"자신의 취향과 경험을 중시하는 소비자 그룹입니다. 단순히 배를 채우는 것 이상의 가치를 추구하며, 새로운 제품을 가장 먼저 경험하고 공유하려는 경향이 강합니다"
1065,한민서,여자,40대,서비스 종사자,고졸(대학 재학 포함),대구광역시,2세대가족,기혼,맞벌이 함,400-500만원 미만,0,0.171641791,0.450206689,0.299618321,0.624877571,0.143322476,0.569246789,0.386956522,실속형 미식가,편리성을 중시하면서도 새로운 맛과 제품을 시도하는 데 적극적인 소비자 그룹입니다. 가격에 민감하기보다는 효율성과 맛을 동시에 추구합니다.
1066,박예준,여자,60대 이상,서비스 종사자,고졸(대학 재학 포함),부산광역시,1인 가구,미혼(사별/이혼 포함),맞벌이 하지 않음,100-200만원 미만,3,0.746268657,0.458850056,0.357415485,0.823702253,0.623452769,0.365845193,0.460869565,트렌드 주도형 소비자,"자신의 취향과 경험을 중시하는 소비자 그룹입니다. 단순히 배를 채우는 것 이상의 가치를 추구하며, 새로운 제품을 가장 먼저 경험하고 공유하려는 경향이 강합니다"
1067,박예준,여자,30대,사무 종사자,대학교 졸업(전문대졸/대학원생 포함),전라남도,1인 가구,미혼(사별/이혼 포함),맞벌이 하지 않음,200-300만원 미만,3,0.551492537,0.421270199,0.372955289,0.764936337,0.438110749,0.324887192,0.644782609,트렌드 주도형 소비자,"자신의 취향과 경험을 중시하는 소비자 그룹입니다. 단순히 배를 채우는 것 이상의 가치를 추구하며, 새로운 제품을 가장 먼저 경험하고 공유하려는 경향이 강합니다"
1068,박서연,여자,50대,주부,고졸(대학 재학 포함),대구광역시,1세대가족,기혼,맞벌이 하지 않음,100-200만원 미만,0,0.467910448,0.580984592,0,0.7208619,0.19771987,0.660534537,0.517391304,실속형 미식가,편리성을 중시하면서도 새로운 맛과 제품을 시도하는 데 적극적인 소비자 그룹입니다. 가격에 민감하기보다는 효율성과 맛을 동시에 추구합니다.
1069,윤지우,여자,50대,판매 종사자,고졸(대학 재학 포함),전라남도,1세대가족,기혼,맞벌이 함,300-400만원 미만,0,0.397014925,0.520856821,0.234732824,0.760039177,0.189576547,0.383894481,0.652173913,실속형 미식가,편리성을 중시하면서도 새로운 맛과 제품을 시도하는 데 적극적인 소비자 그룹입니다. 가격에 민감하기보다는 효율성과 맛을 동시에 추구합니다.
1070,이주원,여자,60대 이상,판매 종사자,고졸(대학 재학 포함),부산광역시,3세대가족,미혼(사별/이혼 포함),맞벌이 하지 않음,300-400만원 미만,3,0.741044776,0.571589628,0.421483097,0.784524976,0.499674267,0.312391531,0.396956522,트렌드 주도형 소비자,"자신의 취향과 경험을 중시하는 소비자 그룹입니다. 단순히 배를 채우는 것 이상의 가치를 추구하며, 새로운 제품을 가장 먼저 경험하고 공유하려는 경향이 강합니다"
1071,한하준,남자,30대,사무 종사자,대학교 졸업(전문대졸/대학원생 포함),대전광역시,1인 가구,기혼,맞벌이 하지 않음,200-300만원 미만,0,0.447761194,0.528372792,0.286804798,0.779627816,0.408143322,0.163137799,0.327391304,실속형 미식가,편리성을 중시하면서도 새로운 맛과 제품을 시도하는 데 적극적인 소비자 그룹입니다. 가격에 민감하기보다는 효율성과 맛을 동시에 추구합니다.
1072,한채원,여자,50대,서비스 종사자,고졸(대학 재학 포함),대전광역시,1인 가구,미혼(사별/이혼 포함),맞벌이 하지 않음,200-300만원 미만,3,0.611940299,0.502066892,0.290348964,0.779627816,0.509120521,0.145782714,0.357826087,트렌드 주도형 소비자,"자신의 취향과 경험을 중시하는 소비자 그룹입니다. 단순히 배를 채우는 것 이상의 가치를 추구하며, 새로운 제품을 가장 먼저 경험하고 공유하려는 경향이 강합니다"
1073,윤하은,여자,50대,주부,고졸(대학 재학 포함),전라남도,1세대가족,기혼,맞벌이 하지 않음,200-300만원 미만,0,0.442537313,0.406238256,0.33478735,0.72575906,0.325407166,0.345366192,0.556521739,실속형 미식가,편리성을 중시하면서도 새로운 맛과 제품을 시도하는 데 적극적인 소비자 그룹입니다. 가격에 민감하기보다는 효율성과 맛을 동시에 추구합니다.
1074,조도윤,남자,50대,판매 종사자,대학교 졸업(전문대졸/대학원생 포함),대전광역시,2세대가족,기혼,맞벌이 함,500-600만원 미만,0,0.313432836,0.460729049,0.358505998,0.740450539,0.38762215,0.222145089,0.3,실속형 미식가,편리성을 중시하면서도 새로운 맛과 제품을 시도하는 데 적극적인 소비자 그룹입니다. 가격에 민감하기보다는 효율성과 맛을 동시에 추구합니다.
1075,강서윤,여자,60대 이상,판매 종사자,고졸(대학 재학 포함),전라남도,1인 가구,미혼(사별/이혼 포함),맞벌이 하지 않음,100-200만원 미만,1,0.353731343,0.32356257,0.477371865,0.706170421,0.52247557,0.484553974,0.353478261,건강 추구형 소비자,가격이나 브랜드에 크게 구애받지 않고 건강을 최우선으로 고려하는 프리미엄 소비자 그룹입니다. 건강과 편리성을 모두 만족시키는 제품에 기꺼이 지갑을 엽니다.
1076,한주원,남자,60대 이상,장치·기계 조작 및 조립 종사자,중졸 이하,대전광역시,1인 가구,미혼(사별/이혼 포함),맞벌이 하지 않음,200-300만원 미만,3,0.641791045,0.629838407,0.235005453,0.760039177,0.455700326,0.187434918,0.347826087,트렌드 주도형 소비자,"자신의 취향과 경험을 중시하는 소비자 그룹입니다. 단순히 배를 채우는 것 이상의 가치를 추구하며, 새로운 제품을 가장 먼저 경험하고 공유하려는 경향이 강합니다"
1077,한채원,여자,60대 이상,주부,고졸(대학 재학 포함),대구광역시,1인 가구,미혼(사별/이혼 포함),맞벌이 하지 않음,100만원 미만,3,0.685820896,0.535888764,0.236641221,0.799216454,0.302605863,0.605345366,0.534782609,트렌드 주도형 소비자,"자신의 취향과 경험을 중시하는 소비자 그룹입니다. 단순히 배를 채우는 것 이상의 가치를 추구하며, 새로운 제품을 가장 먼저 경험하고 공유하려는 경향이 강합니다"
1078,정주원,남자,40대,기능원 및 관련 기능 종사자,고졸(대학 재학 포함),전라남도,1인 가구,미혼(사별/이혼 포함),맞벌이 하지 않음,300-400만원 미만,3,0.619402985,0.608417888,0.222464558,0.838393732,0.335504886,0.186740715,0.439130435,트렌드 주도형 소비자,"자신의 취향과 경험을 중시하는 소비자 그룹입니다. 단순히 배를 채우는 것 이상의 가치를 추구하며, 새로운 제품을 가장 먼저 경험하고 공유하려는 경향이 강합니다"
1079,김주원,여자,60대 이상,군인,고졸(대학 재학 포함),전라남도,1세대가족,기혼,맞벌이 함,200-300만원 미만,0,0.445522388,0.584742578,0.198473282,0.622918707,0.188925081,0.416174939,0.530434783,실속형 미식가,편리성을 중시하면서도 새로운 맛과 제품을 시도하는 데 적극적인 소비자 그룹입니다. 가격에 민감하기보다는 효율성과 맛을 동시에 추구합니다.
1080,윤서연,여자,50대,서비스 종사자,고졸(대학 재학 포함),대전광역시,1세대가족,기혼,맞벌이 함,500-600만원 미만,1,0.492537313,0.562194664,0.471374046,0.760039177,0.45276873,0.149253731,0.273913043,건강 추구형 소비자,가격이나 브랜드에 크게 구애받지 않고 건강을 최우선으로 고려하는 프리미엄 소비자 그룹입니다. 건강과 편리성을 모두 만족시키는 제품에 기꺼이 지갑을 엽니다.
1081,윤지원,여자,40대,사무 종사자,대학교 졸업(전문대졸/대학원생 포함),강원도,2세대가족,기혼,맞벌이 함,500-600만원 미만,3,0.510447761,0.636602781,0.404307525,0.941234084,0.545928339,0.409580007,0.452173913,트렌드 주도형 소비자,"자신의 취향과 경험을 중시하는 소비자 그룹입니다. 단순히 배를 채우는 것 이상의 가치를 추구하며, 새로운 제품을 가장 먼저 경험하고 공유하려는 경향이 강합니다"
1082,박예은,여자,50대,판매 종사자,고졸(대학 재학 포함),전라남도,1세대가족,기혼,맞벌이 함,300-400만원 미만,0,0.373880597,0.391206313,0.492911668,0.666993144,0.208794788,0.456785838,0.291304348,실속형 미식가,편리성을 중시하면서도 새로운 맛과 제품을 시도하는 데 적극적인 소비자 그룹입니다. 가격에 민감하기보다는 효율성과 맛을 동시에 추구합니다.
1083,임주원,여자,30대,주부,고졸(대학 재학 포함),전라남도,2세대가족,기혼,맞벌이 하지 않음,200-300만원 미만,0,0.512686567,0.368658399,0.270719738,0.804113614,0.2247557,0.89586949,0.817391304,실속형 미식가,편리성을 중시하면서도 새로운 맛과 제품을 시도하는 데 적극적인 소비자 그룹입니다. 가격에 민감하기보다는 효율성과 맛을 동시에 추구합니다.
1084,임시우,남자,60대 이상,기능원 및 관련 기능 종사자,대학교 졸업(전문대졸/대학원생 포함),전라북도,1세대가족,기혼,맞벌이 하지 않음,400-500만원 미만,3,0.570149254,0.394964299,0.304798255,0.764936337,0.346579805,0.279763971,0.665217391,트렌드 주도형 소비자,"자신의 취향과 경험을 중시하는 소비자 그룹입니다. 단순히 배를 채우는 것 이상의 가치를 추구하며, 새로운 제품을 가장 먼저 경험하고 공유하려는 경향이 강합니다"
1085,임예은,여자,50대,판매 종사자,고졸(대학 재학 포함),전라남도,1세대가족,기혼,맞벌이 함,400-500만원 미만,0,0.484328358,0.616685457,0.242093784,0.745347698,0.271661238,0.362374176,0.513043478,실속형 미식가,편리성을 중시하면서도 새로운 맛과 제품을 시도하는 데 적극적인 소비자 그룹입니다. 가격에 민감하기보다는 효율성과 맛을 동시에 추구합니다.
1086,임지민,여자,50대,판매 종사자,고졸(대학 재학 포함),부산광역시,1인 가구,미혼(사별/이혼 포함),맞벌이 하지 않음,200-300만원 미만,3,0.888059701,0.534009771,0.361504907,0.86287953,0.62019544,0.441860465,0.417391304,트렌드 주도형 소비자,"자신의 취향과 경험을 중시하는 소비자 그룹입니다. 단순히 배를 채우는 것 이상의 가치를 추구하며, 새로운 제품을 가장 먼저 경험하고 공유하려는 경향이 강합니다"
1087,최지원,여자,40대,사무 종사자,고졸(대학 재학 포함),전라남도,2세대가족,기혼,맞벌이 함,500-600만원 미만,3,0.537313433,0.404359263,0.368865867,0.815866797,0.351791531,0.403679278,0.539130435,트렌드 주도형 소비자,"자신의 취향과 경험을 중시하는 소비자 그룹입니다. 단순히 배를 채우는 것 이상의 가치를 추구하며, 새로운 제품을 가장 먼저 경험하고 공유하려는 경향이 강합니다"
1088,이하준,남자,50대,농림어업 숙련 종사자,고졸(대학 재학 포함),제주특별자치도,2세대가족,기혼,맞벌이 함,400-500만원 미만,1,0.281343284,0.376174371,0.819792803,0.823702253,0.643973941,0.431447414,0.08826087,건강 추구형 소비자,가격이나 브랜드에 크게 구애받지 않고 건강을 최우선으로 고려하는 프리미엄 소비자 그룹입니다. 건강과 편리성을 모두 만족시키는 제품에 기꺼이 지갑을 엽니다.
1089,이하준,여자,30대,주부,대학교 졸업(전문대졸/대학원생 포함),부산광역시,2세대가족,기혼,맞벌이 하지 않음,300-400만원 미만,3,0.641791045,0.594137542,0.368865867,0.843290891,0.4,0.450538008,0.552173913,트렌드 주도형 소비자,"자신의 취향과 경험을 중시하는 소비자 그룹입니다. 단순히 배를 채우는 것 이상의 가치를 추구하며, 새로운 제품을 가장 먼저 경험하고 공유하려는 경향이 강합니다"
1090,최서연,여자,30대,사무 종사자,대학교 졸업(전문대졸/대학원생 포함),대전광역시,1인 가구,미혼(사별/이혼 포함),맞벌이 하지 않음,200-300만원 미만,0,0.447761194,0.535888764,0.262268266,0.760039177,0.41465798,0.20826102,0.282608696,실속형 미식가,편리성을 중시하면서도 새로운 맛과 제품을 시도하는 데 적극적인 소비자 그룹입니다. 가격에 민감하기보다는 효율성과 맛을 동시에 추구합니다.
1091,임지원,남자,50대,단순노무 종사자,대학교 졸업(전문대졸/대학원생 포함),부산광역시,1인 가구,미혼(사별/이혼 포함),맞벌이 하지 않음,200-300만원 미만,3,0.593283582,0.451334085,0.33478735,0.804113614,0.473941368,0.379035057,0.391304348,트렌드 주도형 소비자,"자신의 취향과 경험을 중시하는 소비자 그룹입니다. 단순히 배를 채우는 것 이상의 가치를 추구하며, 새로운 제품을 가장 먼저 경험하고 공유하려는 경향이 강합니다"
1092,최하은,여자,40대,사무 종사자,대학교 졸업(전문대졸/대학원생 포함),대전광역시,2세대가족,기혼,맞벌이 함,500-600만원 미만,3,0.591791045,0.637354378,0.279443839,0.779627816,0.372312704,0.124956612,0.213043478,트렌드 주도형 소비자,"자신의 취향과 경험을 중시하는 소비자 그룹입니다. 단순히 배를 채우는 것 이상의 가치를 추구하며, 새로운 제품을 가장 먼저 경험하고 공유하려는 경향이 강합니다"
1093,한민서,여자,60대 이상,주부,고졸(대학 재학 포함),강원도,1세대가족,기혼,맞벌이 하지 않음,300-400만원 미만,3,0.698507463,0.500187899,0.480643402,0.902056807,0.649511401,0.382853176,0.591304348,트렌드 주도형 소비자,"자신의 취향과 경험을 중시하는 소비자 그룹입니다. 단순히 배를 채우는 것 이상의 가치를 추구하며, 새로운 제품을 가장 먼저 경험하고 공유하려는 경향이 강합니다"
1094,한하은,여자,50대,서비스 종사자,고졸(대학 재학 포함),대전광역시,1세대가족,기혼,맞벌이 함,500-600만원 미만,0,0.462686567,0.611048478,0.208833152,0.779627816,0.328990228,0.131898646,0.269565217,실속형 미식가,편리성을 중시하면서도 새로운 맛과 제품을 시도하는 데 적극적인 소비자 그룹입니다. 가격에 민감하기보다는 효율성과 맛을 동시에 추구합니다.
1095,강지호,여자,60대 이상,주부,고졸(대학 재학 포함),전라남도,1세대가족,기혼,맞벌이 하지 않음,200-300만원 미만,0,0.201492537,0.358136039,0.152671756,0.757100881,0.188925081,0.451232211,0.586956522,실속형 미식가,편리성을 중시하면서도 새로운 맛과 제품을 시도하는 데 적극적인 소비자 그룹입니다. 가격에 민감하기보다는 효율성과 맛을 동시에 추구합니다.
1096,조준서,남자,40대,관리자,대학교 졸업(전문대졸/대학원생 포함),경상북도,2세대가족,기혼,맞벌이 함,700-800만원 미만,1,0.485820896,0.409996242,0.504634678,0.784524976,0.449837134,0.374869837,0.356521739,건강 추구형 소비자,가격이나 브랜드에 크게 구애받지 않고 건강을 최우선으로 고려하는 프리미엄 소비자 그룹입니다. 건강과 편리성을 모두 만족시키는 제품에 기꺼이 지갑을 엽니다.
1097,윤서윤,여자,60대 이상,주부,고졸(대학 재학 포함),부산광역시,1세대가족,기혼,맞벌이 하지 않음,200-300만원 미만,3,0.885074627,0.428786171,0.60087241,0.784524976,0.716286645,0.341200972,0.52173913,트렌드 주도형 소비자,"자신의 취향과 경험을 중시하는 소비자 그룹입니다. 단순히 배를 채우는 것 이상의 가치를 추구하며, 새로운 제품을 가장 먼저 경험하고 공유하려는 경향이 강합니다"
1098,김하은,남자,50대,장치·기계 조작 및 조립 종사자,대학교 졸업(전문대졸/대학원생 포함),대전광역시,1세대가족,기혼,맞벌이 함,500-600만원 미만,0,0.425373134,0.637354378,0.252453653,0.779627816,0.326710098,0.170079833,0.195652174,실속형 미식가,편리성을 중시하면서도 새로운 맛과 제품을 시도하는 데 적극적인 소비자 그룹입니다. 가격에 민감하기보다는 효율성과 맛을 동시에 추구합니다.
1099,정도윤,여자,50대,전문가 및 관련 종사자,고졸(대학 재학 포함),전라남도,2세대가족,미혼(사별/이혼 포함),맞벌이 하지 않음,600-700만원 미만,3,0.552238806,0.364524615,0.252998909,0.734573947,0.41465798,0.300590073,0.543478261,트렌드 주도형 소비자,"자신의 취향과 경험을 중시하는 소비자 그룹입니다. 단순히 배를 채우는 것 이상의 가치를 추구하며, 새로운 제품을 가장 먼저 경험하고 공유하려는 경향이 강합니다"
1100,강지민,남자,20대,사무 종사자,대학교 졸업(전문대졸/대학원생 포함),대구광역시,1인 가구,미혼(사별/이혼 포함),맞벌이 하지 않음,300-400만원 미만,3,0.574626866,0.372416385,0.117230098,0.86287953,0.348534202,0.408538702,0.726086957,트렌드 주도형 소비자,"자신의 취향과 경험을 중시하는 소비자 그룹입니다. 단순히 배를 채우는 것 이상의 가치를 추구하며, 새로운 제품을 가장 먼저 경험하고 공유하려는 경향이 강합니다"
1101,한건우,여자,50대,장치·기계 조작 및 조립 종사자,고졸(대학 재학 포함),경상북도,1세대가족,기혼,맞벌이 함,500-600만원 미만,0,0.479104478,0.34986847,0.219193021,0.823702253,0.27752443,0.282887886,0.747826087,실속형 미식가,편리성을 중시하면서도 새로운 맛과 제품을 시도하는 데 적극적인 소비자 그룹입니다. 가격에 민감하기보다는 효율성과 맛을 동시에 추구합니다.
1102,정수아,남자,50대,기능원 및 관련 기능 종사자,대학교 졸업(전문대졸/대학원생 포함),부산광역시,2세대가족,미혼(사별/이혼 포함),맞벌이 하지 않음,300-400만원 미만,3,0.707462687,0.688087185,0.367502726,0.843290891,0.435179153,0.339465463,0.395652174,트렌드 주도형 소비자,"자신의 취향과 경험을 중시하는 소비자 그룹입니다. 단순히 배를 채우는 것 이상의 가치를 추구하며, 새로운 제품을 가장 먼저 경험하고 공유하려는 경향이 강합니다"
1103,윤지민,여자,40대,판매 종사자,대학교 졸업(전문대졸/대학원생 포함),인천광역시,2세대가족,기혼,맞벌이 함,600-700만원 미만,1,0.22238806,0.334836528,0.537622683,0.784524976,0.288599349,0.145782714,0.279565217,건강 추구형 소비자,가격이나 브랜드에 크게 구애받지 않고 건강을 최우선으로 고려하는 프리미엄 소비자 그룹입니다. 건강과 편리성을 모두 만족시키는 제품에 기꺼이 지갑을 엽니다.
1104,정예준,여자,40대,서비스 종사자,대학교 졸업(전문대졸/대학원생 포함),경기도,2세대가족,기혼,맞벌이 함,700-800만원 미만,3,0.66119403,0.556557685,0.611777535,0.72575906,0.570358306,0.409580007,0.408695652,트렌드 주도형 소비자,"자신의 취향과 경험을 중시하는 소비자 그룹입니다. 단순히 배를 채우는 것 이상의 가치를 추구하며, 새로운 제품을 가장 먼저 경험하고 공유하려는 경향이 강합니다"
1105,박민준,여자,20대,서비스 종사자,대학교 졸업(전문대졸/대학원생 포함),충청남도,1세대가족,기혼,맞벌이 함,500-600만원 미만,0,0.462686567,0.562194664,0.266902944,0.740450539,0.342019544,0.159666782,0.334782609,실속형 미식가,편리성을 중시하면서도 새로운 맛과 제품을 시도하는 데 적극적인 소비자 그룹입니다. 가격에 민감하기보다는 효율성과 맛을 동시에 추구합니다.
1106,한하은,여자,50대,서비스 종사자,고졸(대학 재학 포함),경상북도,2세대가족,미혼(사별/이혼 포함),맞벌이 하지 않음,400-500만원 미만,1,0.347761194,0.451334085,0.559160305,0.823702253,0.353745928,0.414092329,0.23173913,건강 추구형 소비자,가격이나 브랜드에 크게 구애받지 않고 건강을 최우선으로 고려하는 프리미엄 소비자 그룹입니다. 건강과 편리성을 모두 만족시키는 제품에 기꺼이 지갑을 엽니다.
1107,박지우,여자,50대,서비스 종사자,대학교 졸업(전문대졸/대학원생 포함),서울특별시,2세대가족,기혼,맞벌이 함,600-700만원 미만,1,0.591791045,0.398722285,0.754089422,0.86287953,0.685016287,0.360291565,0.130434783,건강 추구형 소비자,가격이나 브랜드에 크게 구애받지 않고 건강을 최우선으로 고려하는 프리미엄 소비자 그룹입니다. 건강과 편리성을 모두 만족시키는 제품에 기꺼이 지갑을 엽니다.
1108,임하준,여자,60대 이상,판매 종사자,고졸(대학 재학 포함),부산광역시,2세대가족,기혼,맞벌이 함,500-600만원 미만,3,0.823134328,0.462608042,0.6608506,0.921645446,0.79771987,0.311697327,0.47826087,트렌드 주도형 소비자,"자신의 취향과 경험을 중시하는 소비자 그룹입니다. 단순히 배를 채우는 것 이상의 가치를 추구하며, 새로운 제품을 가장 먼저 경험하고 공유하려는 경향이 강합니다"
1109,조시우,여자,40대,서비스 종사자,대학교 졸업(전문대졸/대학원생 포함),충청남도,2세대가족,기혼,맞벌이 함,500-600만원 미만,0,0.425373134,0.543404735,0.184296619,0.799216454,0.299674267,0.13884068,0.37826087,실속형 미식가,편리성을 중시하면서도 새로운 맛과 제품을 시도하는 데 적극적인 소비자 그룹입니다. 가격에 민감하기보다는 효율성과 맛을 동시에 추구합니다.
1110,조서준,여자,40대,주부,고졸(대학 재학 포함),경상북도,2세대가족,기혼,맞벌이 하지 않음,500-600만원 미만,0,0.373134328,0.361142428,0.388767721,0.764936337,0.231270358,0.378340854,0.473913043,실속형 미식가,편리성을 중시하면서도 새로운 맛과 제품을 시도하는 데 적극적인 소비자 그룹입니다. 가격에 민감하기보다는 효율성과 맛을 동시에 추구합니다.
1111,임채원,여자,50대,판매 종사자,고졸(대학 재학 포함),충청남도,1세대가족,기혼,맞벌이 함,500-600만원 미만,0,0.395522388,0.584742578,0.263358779,0.799216454,0.371335505,0.159666782,0.295652174,실속형 미식가,편리성을 중시하면서도 새로운 맛과 제품을 시도하는 데 적극적인 소비자 그룹입니다. 가격에 민감하기보다는 효율성과 맛을 동시에 추구합니다.
1112,임민준,남자,30대,사무 종사자,대학교 졸업(전문대졸/대학원생 포함),부산광역시,1인 가구,미혼(사별/이혼 포함),맞벌이 하지 않음,300-400만원 미만,3,0.767910448,0.661781285,0.237459106,0.941234084,0.439413681,0.268309615,0.443478261,트렌드 주도형 소비자,"자신의 취향과 경험을 중시하는 소비자 그룹입니다. 단순히 배를 채우는 것 이상의 가치를 추구하며, 새로운 제품을 가장 먼저 경험하고 공유하려는 경향이 강합니다"
1113,조채원,남자,30대,사무 종사자,대학교 졸업(전문대졸/대학원생 포함),충청남도,1인 가구,미혼(사별/이혼 포함),맞벌이 하지 않음,200-300만원 미만,0,0.380597015,0.577226607,0.191657579,0.779627816,0.342019544,0.145782714,0.356521739,실속형 미식가,편리성을 중시하면서도 새로운 맛과 제품을 시도하는 데 적극적인 소비자 그룹입니다. 가격에 민감하기보다는 효율성과 맛을 동시에 추구합니다.
1114,최준서,여자,30대,주부,대학교 졸업(전문대졸/대학원생 포함),강원도,2세대가족,기혼,맞벌이 하지 않음,400-500만원 미만,3,0.795522388,0.580232995,0.488822246,0.941234084,0.68534202,0.441860465,0.573913043,트렌드 주도형 소비자,"자신의 취향과 경험을 중시하는 소비자 그룹입니다. 단순히 배를 채우는 것 이상의 가치를 추구하며, 새로운 제품을 가장 먼저 경험하고 공유하려는 경향이 강합니다"
1115,강서윤,여자,40대,주부,대학교 졸업(전문대졸/대학원생 포함),전라남도,2세대가족,기혼,맞벌이 하지 않음,300-400만원 미만,0,0.410447761,0.445697106,0.439203926,0.757100881,0.323452769,0.419993058,0.660869565,실속형 미식가,편리성을 중시하면서도 새로운 맛과 제품을 시도하는 데 적극적인 소비자 그룹입니다. 가격에 민감하기보다는 효율성과 맛을 동시에 추구합니다.
1116,조도윤,남자,30대,사무 종사자,대학교 졸업(전문대졸/대학원생 포함),강원도,1인 가구,미혼(사별/이혼 포함),맞벌이 하지 않음,300-400만원 미만,0,0.302238806,0.533258174,0.503544166,0.799216454,0.345602606,0.344671989,0.469565217,실속형 미식가,편리성을 중시하면서도 새로운 맛과 제품을 시도하는 데 적극적인 소비자 그룹입니다. 가격에 민감하기보다는 효율성과 맛을 동시에 추구합니다.
1117,윤하준,여자,20대,판매 종사자,대학교 졸업(전문대졸/대학원생 포함),충청남도,1인 가구,미혼(사별/이혼 포함),맞벌이 하지 않음,200-300만원 미만,0,0.358208955,0.637354378,0.101690294,0.779627816,0.274592834,0.191947241,0.336086957,실속형 미식가,편리성을 중시하면서도 새로운 맛과 제품을 시도하는 데 적극적인 소비자 그룹입니다. 가격에 민감하기보다는 효율성과 맛을 동시에 추구합니다.
1118,박시우,여자,50대,판매 종사자,대학교 졸업(전문대졸/대학원생 포함),광주광역시,2세대가족,기혼,맞벌이 함,500-600만원 미만,3,0.720895522,0.33934611,0.494274809,0.678746327,0.696742671,0.414439431,0.373913043,트렌드 주도형 소비자,"자신의 취향과 경험을 중시하는 소비자 그룹입니다. 단순히 배를 채우는 것 이상의 가치를 추구하며, 새로운 제품을 가장 먼저 경험하고 공유하려는 경향이 강합니다"
1119,한준서,여자,40대,서비스 종사자,대학교 졸업(전문대졸/대학원생 포함),강원도,1인 가구,미혼(사별/이혼 포함),맞벌이 하지 않음,200-300만원 미만,0,0.156716418,0.678692221,0.461286805,0.799216454,0.228990228,0.395695939,0.42173913,실속형 미식가,편리성을 중시하면서도 새로운 맛과 제품을 시도하는 데 적극적인 소비자 그룹입니다. 가격에 민감하기보다는 효율성과 맛을 동시에 추구합니다.
1120,강채원,여자,60대 이상,서비스 종사자,고졸(대학 재학 포함),서울특별시,1세대가족,기혼,맞벌이 함,400-500만원 미만,1,0.611940299,0.376174371,0.533805889,0.843290891,0.687296417,0.257549462,0.295652174,건강 추구형 소비자,가격이나 브랜드에 크게 구애받지 않고 건강을 최우선으로 고려하는 프리미엄 소비자 그룹입니다. 건강과 편리성을 모두 만족시키는 제품에 기꺼이 지갑을 엽니다.
1121,윤지민,여자,50대,판매 종사자,대학교 졸업(전문대졸/대학원생 포함),충청남도,2세대가족,기혼,맞벌이 함,500-600만원 미만,0,0.328358209,0.577226607,0.178026172,0.779627816,0.241042345,0.159666782,0.38826087,실속형 미식가,편리성을 중시하면서도 새로운 맛과 제품을 시도하는 데 적극적인 소비자 그룹입니다. 가격에 민감하기보다는 효율성과 맛을 동시에 추구합니다.
1122,김채원,여자,30대,주부,대학교 졸업(전문대졸/대학원생 포함),경상북도,2세대가족,기혼,맞벌이 하지 않음,500-600만원 미만,0,0.373134328,0.421270199,0.341875682,0.764936337,0.400651466,0.451232211,0.375217391,실속형 미식가,편리성을 중시하면서도 새로운 맛과 제품을 시도하는 데 적극적인 소비자 그룹입니다. 가격에 민감하기보다는 효율성과 맛을 동시에 추구합니다.
1123,정서연,남자,50대,기능원 및 관련 기능 종사자,대학교 졸업(전문대졸/대학원생 포함),광주광역시,1인 가구,미혼(사별/이혼 포함),맞벌이 하지 않음,200-300만원 미만,3,0.694029851,0.320556182,0.36259542,0.659157689,0.685016287,0.370357515,0.360869565,트렌드 주도형 소비자,"자신의 취향과 경험을 중시하는 소비자 그룹입니다. 단순히 배를 채우는 것 이상의 가치를 추구하며, 새로운 제품을 가장 먼저 경험하고 공유하려는 경향이 강합니다"
1124,최서윤,여자,40대,서비스 종사자,대학교 졸업(전문대졸/대학원생 포함),경기도,2세대가족,기혼,맞벌이 함,700-800만원 미만,3,0.654477612,0.624201428,0.558342421,0.764936337,0.601954397,0.39187782,0.343478261,트렌드 주도형 소비자,"자신의 취향과 경험을 중시하는 소비자 그룹입니다. 단순히 배를 채우는 것 이상의 가치를 추구하며, 새로운 제품을 가장 먼저 경험하고 공유하려는 경향이 강합니다"
1125,김도윤,남자,60대 이상,판매 종사자,고졸(대학 재학 포함),충청남도,1세대가족,기혼,맞벌이 함,300-400만원 미만,0,0.285820896,0.633596392,0.471101418,0.681684623,0.236482085,0.317250955,0.304347826,실속형 미식가,편리성을 중시하면서도 새로운 맛과 제품을 시도하는 데 적극적인 소비자 그룹입니다. 가격에 민감하기보다는 효율성과 맛을 동시에 추구합니다.
1126,이서연,남자,60대 이상,사무 종사자,고졸(대학 재학 포함),충청남도,1세대가족,기혼,맞벌이 함,500-600만원 미만,0,0.410447761,0.562194664,0.30697928,0.760039177,0.429967427,0.145782714,0.192608696,실속형 미식가,편리성을 중시하면서도 새로운 맛과 제품을 시도하는 데 적극적인 소비자 그룹입니다. 가격에 민감하기보다는 효율성과 맛을 동시에 추구합니다.
1127,강민서,여자,60대 이상,판매 종사자,고졸(대학 재학 포함),강원도,1인 가구,미혼(사별/이혼 포함),맞벌이 하지 않음,200-300만원 미만,0,0.119402985,0.554678692,0.467557252,0.799216454,0.270032573,0.513710517,0.457826087,실속형 미식가,편리성을 중시하면서도 새로운 맛과 제품을 시도하는 데 적극적인 소비자 그룹입니다. 가격에 민감하기보다는 효율성과 맛을 동시에 추구합니다.
1128,김하은,남자,20대,사무 종사자,대학교 졸업(전문대졸/대학원생 포함),대구광역시,1인 가구,미혼(사별/이혼 포함),맞벌이 하지 않음,300-400만원 미만,3,0.574626866,0.347989478,0.226281352,0.779627816,0.486319218,0.374175633,0.569565217,트렌드 주도형 소비자,"자신의 취향과 경험을 중시하는 소비자 그룹입니다. 단순히 배를 채우는 것 이상의 가치를 추구하며, 새로운 제품을 가장 먼저 경험하고 공유하려는 경향이 강합니다"
1129,이건우,여자,50대,판매 종사자,대학교 졸업(전문대졸/대학원생 포함),충청남도,2세대가족,기혼,맞벌이 함,500-600만원 미만,0,0.328358209,0.678692221,0.214285714,0.779627816,0.350162866,0.166608816,0.28826087,실속형 미식가,편리성을 중시하면서도 새로운 맛과 제품을 시도하는 데 적극적인 소비자 그룹입니다. 가격에 민감하기보다는 효율성과 맛을 동시에 추구합니다.
1130,정예준,남자,50대,기능원 및 관련 기능 종사자,대학교 졸업(전문대졸/대학원생 포함),광주광역시,1세대가족,기혼,맞벌이 함,500-600만원 미만,3,0.710447761,0.320556182,0.472464558,0.659157689,0.656351792,0.422769872,0.313043478,트렌드 주도형 소비자,"자신의 취향과 경험을 중시하는 소비자 그룹입니다. 단순히 배를 채우는 것 이상의 가치를 추구하며, 새로운 제품을 가장 먼저 경험하고 공유하려는 경향이 강합니다"
1131,조준서,여자,50대,사무 종사자,대학교 졸업(전문대졸/대학원생 포함),부산광역시,2세대가족,기혼,맞벌이 함,600-700만원 미만,3,0.906716418,0.631717399,0.242911668,0.902056807,0.581433225,0.392919125,0.513043478,트렌드 주도형 소비자,"자신의 취향과 경험을 중시하는 소비자 그룹입니다. 단순히 배를 채우는 것 이상의 가치를 추구하며, 새로운 제품을 가장 먼저 경험하고 공유하려는 경향이 강합니다"
1132,윤주원,여자,60대 이상,서비스 종사자,고졸(대학 재학 포함),전라북도,1세대가족,기혼,맞벌이 함,400-500만원 미만,3,0.658955224,0.515219842,0.30561614,0.745347698,0.437459283,0.25720236,0.47826087,트렌드 주도형 소비자,"자신의 취향과 경험을 중시하는 소비자 그룹입니다. 단순히 배를 채우는 것 이상의 가치를 추구하며, 새로운 제품을 가장 먼저 경험하고 공유하려는 경향이 강합니다"
1133,강서윤,여자,50대,주부,고졸(대학 재학 포함),강원도,1세대가족,기혼,맞벌이 하지 않음,400-500만원 미만,0,0.358208955,0.502066892,0.428026172,0.779627816,0.322149837,0.454703228,0.456521739,실속형 미식가,편리성을 중시하면서도 새로운 맛과 제품을 시도하는 데 적극적인 소비자 그룹입니다. 가격에 민감하기보다는 효율성과 맛을 동시에 추구합니다.
1134,정준서,여자,30대,사무 종사자,대학교 졸업(전문대졸/대학원생 포함),충청남도,1인 가구,미혼(사별/이혼 포함),맞벌이 하지 않음,300-400만원 미만,0,0.253731343,0.782036828,0.389312977,0.921645446,0.201954397,0.226657411,0.396956522,실속형 미식가,편리성을 중시하면서도 새로운 맛과 제품을 시도하는 데 적극적인 소비자 그룹입니다. 가격에 민감하기보다는 효율성과 맛을 동시에 추구합니다.
1135,김서연,남자,50대,기능원 및 관련 기능 종사자,대학교 졸업(전문대졸/대학원생 포함),대구광역시,1세대가족,기혼,맞벌이 함,400-500만원 미만,3,0.641791045,0.340473506,0.229007634,0.779627816,0.509120521,0.371745922,0.52173913,트렌드 주도형 소비자,"자신의 취향과 경험을 중시하는 소비자 그룹입니다. 단순히 배를 채우는 것 이상의 가치를 추구하며, 새로운 제품을 가장 먼저 경험하고 공유하려는 경향이 강합니다"
1136,박건우,여자,50대,판매 종사자,대학교 졸업(전문대졸/대학원생 포함),인천광역시,2세대가족,기혼,맞벌이 함,800-900만원 미만,1,0.175373134,0.361142428,0.828244275,0.764936337,0.215309446,0.170079833,0.22173913,건강 추구형 소비자,가격이나 브랜드에 크게 구애받지 않고 건강을 최우선으로 고려하는 프리미엄 소비자 그룹입니다. 건강과 편리성을 모두 만족시키는 제품에 기꺼이 지갑을 엽니다.
1137,한주원,여자,60대 이상,판매 종사자,고졸(대학 재학 포함),전라북도,1세대가족,기혼,맞벌이 함,300-400만원 미만,3,0.720895522,0.624201428,0.268266085,0.823702253,0.41237785,0.205831309,0.6,트렌드 주도형 소비자,"자신의 취향과 경험을 중시하는 소비자 그룹입니다. 단순히 배를 채우는 것 이상의 가치를 추구하며, 새로운 제품을 가장 먼저 경험하고 공유하려는 경향이 강합니다"
1138,한민준,여자,50대,주부,대학교 졸업(전문대졸/대학원생 포함),부산광역시,1세대가족,기혼,맞벌이 하지 않음,400-500만원 미만,3,0.800746269,0.609169485,0.199291167,0.882468168,0.438436482,0.300242971,0.618695652,트렌드 주도형 소비자,"자신의 취향과 경험을 중시하는 소비자 그룹입니다. 단순히 배를 채우는 것 이상의 가치를 추구하며, 새로운 제품을 가장 먼저 경험하고 공유하려는 경향이 강합니다"
1139,박민준,남자,60대 이상,판매 종사자,중졸 이하,전라북도,1인 가구,미혼(사별/이혼 포함),맞벌이 하지 않음,600-700만원 미만,3,0.658955224,0.479518978,0.169847328,0.740450539,0.312052117,0.161402291,0.613043478,트렌드 주도형 소비자,"자신의 취향과 경험을 중시하는 소비자 그룹입니다. 단순히 배를 채우는 것 이상의 가치를 추구하며, 새로운 제품을 가장 먼저 경험하고 공유하려는 경향이 강합니다"
1140,최민서,남자,50대,서비스 종사자,고졸(대학 재학 포함),전라북도,1세대가족,기혼,맞벌이 하지 않음,500-600만원 미만,3,0.71119403,0.428786171,0.165757906,0.764936337,0.421172638,0.190905935,0.647826087,트렌드 주도형 소비자,"자신의 취향과 경험을 중시하는 소비자 그룹입니다. 단순히 배를 채우는 것 이상의 가치를 추구하며, 새로운 제품을 가장 먼저 경험하고 공유하려는 경향이 강합니다"
1141,이예준,여자,50대,주부,고졸(대학 재학 포함),경기도,2세대가족,기혼,맞벌이 하지 않음,700-800만원 미만,1,0.564179104,0.534009771,0.605507088,0.706170421,0.698045603,0.346407497,0.352173913,건강 추구형 소비자,가격이나 브랜드에 크게 구애받지 않고 건강을 최우선으로 고려하는 프리미엄 소비자 그룹입니다. 건강과 편리성을 모두 만족시키는 제품에 기꺼이 지갑을 엽니다.
1142,임지민,여자,60대 이상,주부,고졸(대학 재학 포함),전라북도,1세대가족,기혼,맞벌이 하지 않음,300-400만원 미만,3,0.673880597,0.440060128,0.261177754,0.745347698,0.362540717,0.149253731,0.7,트렌드 주도형 소비자,"자신의 취향과 경험을 중시하는 소비자 그룹입니다. 단순히 배를 채우는 것 이상의 가치를 추구하며, 새로운 제품을 가장 먼저 경험하고 공유하려는 경향이 강합니다"
1143,조서연,여자,50대,판매 종사자,고졸(대학 재학 포함),전라북도,1세대가족,기혼,맞벌이 함,500-600만원 미만,3,0.855223881,0.515219842,0.168484188,0.745347698,0.468729642,0.278722666,0.617391304,트렌드 주도형 소비자,"자신의 취향과 경험을 중시하는 소비자 그룹입니다. 단순히 배를 채우는 것 이상의 가치를 추구하며, 새로운 제품을 가장 먼저 경험하고 공유하려는 경향이 강합니다"
1144,강지민,여자,60대 이상,판매 종사자,고졸(대학 재학 포함),전라북도,1세대가족,기혼,맞벌이 함,200-300만원 미만,3,0.514925373,0.496429914,0.190294438,0.804113614,0.317915309,0.226657411,0.639130435,트렌드 주도형 소비자,"자신의 취향과 경험을 중시하는 소비자 그룹입니다. 단순히 배를 채우는 것 이상의 가치를 추구하며, 새로운 제품을 가장 먼저 경험하고 공유하려는 경향이 강합니다"
1145,임지호,여자,50대,판매 종사자,고졸(대학 재학 포함),전라북도,1세대가족,기혼,맞벌이 함,600-700만원 미만,3,0.618656716,0.458850056,0.19438386,0.72575906,0.309120521,0.221450885,0.656521739,트렌드 주도형 소비자,"자신의 취향과 경험을 중시하는 소비자 그룹입니다. 단순히 배를 채우는 것 이상의 가치를 추구하며, 새로운 제품을 가장 먼저 경험하고 공유하려는 경향이 강합니다"
1146,윤지우,여자,60대 이상,농림어업 숙련 종사자,대학교 졸업(전문대졸/대학원생 포함),전라북도,1세대가족,기혼,맞벌이 함,400-500만원 미만,3,0.731343284,0.396843292,0.266630316,0.740450539,0.349511401,0.247483513,0.752173913,트렌드 주도형 소비자,"자신의 취향과 경험을 중시하는 소비자 그룹입니다. 단순히 배를 채우는 것 이상의 가치를 추구하며, 새로운 제품을 가장 먼저 경험하고 공유하려는 경향이 강합니다"
1147,윤하은,여자,50대,사무 종사자,고졸(대학 재학 포함),대전광역시,2세대가족,기혼,맞벌이 함,600-700만원 미만,0,0.342537313,0.702367531,0.103053435,0.779627816,0.123452769,0.501214856,0.496956522,실속형 미식가,편리성을 중시하면서도 새로운 맛과 제품을 시도하는 데 적극적인 소비자 그룹입니다. 가격에 민감하기보다는 효율성과 맛을 동시에 추구합니다.
1148,강서연,여자,60대 이상,판매 종사자,고졸(대학 재학 포함),인천광역시,1세대가족,기혼,맞벌이 함,700-800만원 미만,1,0.151492537,0.364900413,0.756815703,0.843290891,0.209446254,0.163137799,0.175217391,건강 추구형 소비자,가격이나 브랜드에 크게 구애받지 않고 건강을 최우선으로 고려하는 프리미엄 소비자 그룹입니다. 건강과 편리성을 모두 만족시키는 제품에 기꺼이 지갑을 엽니다.
1149,박서윤,여자,60대 이상,판매 종사자,고졸(대학 재학 포함),부산광역시,1세대가족,기혼,맞벌이 함,300-400만원 미만,3,0.639552239,0.485155956,0.520992366,0.843290891,0.538110749,0.503297466,0.605652174,트렌드 주도형 소비자,"자신의 취향과 경험을 중시하는 소비자 그룹입니다. 단순히 배를 채우는 것 이상의 가치를 추구하며, 새로운 제품을 가장 먼저 경험하고 공유하려는 경향이 강합니다"
1150,강서연,여자,50대,서비스 종사자,고졸(대학 재학 포함),전라북도,1세대가족,기혼,맞벌이 함,300-400만원 미만,3,0.67238806,0.496429914,0.259814613,0.745347698,0.382410423,0.27351614,0.583913043,트렌드 주도형 소비자,"자신의 취향과 경험을 중시하는 소비자 그룹입니다. 단순히 배를 채우는 것 이상의 가치를 추구하며, 새로운 제품을 가장 먼저 경험하고 공유하려는 경향이 강합니다"
1151,이서윤,여자,40대,판매 종사자,대학교 졸업(전문대졸/대학원생 포함),인천광역시,1인 가구,미혼(사별/이혼 포함),맞벌이 하지 않음,300-400만원 미만,1,0.529850746,0.568959038,0.601417666,0.804113614,0.647557003,0.270045123,0.1,건강 추구형 소비자,가격이나 브랜드에 크게 구애받지 않고 건강을 최우선으로 고려하는 프리미엄 소비자 그룹입니다. 건강과 편리성을 모두 만족시키는 제품에 기꺼이 지갑을 엽니다.
1152,박하은,남자,40대,판매 종사자,대학교 졸업(전문대졸/대학원생 포함),경상북도,1세대가족,미혼(사별/이혼 포함),맞벌이 하지 않음,300-400만원 미만,0,0.502238806,0.751972943,0.182933479,0.86287953,0.243648208,0.438389448,0.391304348,실속형 미식가,편리성을 중시하면서도 새로운 맛과 제품을 시도하는 데 적극적인 소비자 그룹입니다. 가격에 민감하기보다는 효율성과 맛을 동시에 추구합니다.
1153,김예준,여자,30대,사무 종사자,대학교 졸업(전문대졸/대학원생 포함),충청남도,1인 가구,미혼(사별/이혼 포함),맞벌이 하지 않음,300-400만원 미만,0,0.300746269,0.909808343,0.4195747,0.902056807,0.193159609,0.255466852,0.234782609,실속형 미식가,편리성을 중시하면서도 새로운 맛과 제품을 시도하는 데 적극적인 소비자 그룹입니다. 가격에 민감하기보다는 효율성과 맛을 동시에 추구합니다.
1154,임민서,여자,60대 이상,농림어업 숙련 종사자,중졸 이하,전라북도,1세대가족,기혼,맞벌이 함,400-500만원 미만,3,0.625373134,0.541525742,0.322519084,0.764936337,0.388925081,0.212773343,0.643478261,트렌드 주도형 소비자,"자신의 취향과 경험을 중시하는 소비자 그룹입니다. 단순히 배를 채우는 것 이상의 가치를 추구하며, 새로운 제품을 가장 먼저 경험하고 공유하려는 경향이 강합니다"
1155,강주원,여자,40대,판매 종사자,대학교 졸업(전문대졸/대학원생 포함),부산광역시,2세대가족,기혼,맞벌이 함,500-600만원 미만,3,0.652985075,0.872228486,0.379225736,0.882468168,0.315309446,0.429017702,0.447826087,트렌드 주도형 소비자,"자신의 취향과 경험을 중시하는 소비자 그룹입니다. 단순히 배를 채우는 것 이상의 가치를 추구하며, 새로운 제품을 가장 먼저 경험하고 공유하려는 경향이 강합니다"
1156,박주원,남자,60대 이상,기능원 및 관련 기능 종사자,고졸(대학 재학 포함),전라북도,1세대가족,기혼,맞벌이 함,400-500만원 미만,0,0.455970149,0.470124014,0.231188659,0.823702253,0.258631922,0.252342936,0.608695652,실속형 미식가,편리성을 중시하면서도 새로운 맛과 제품을 시도하는 데 적극적인 소비자 그룹입니다. 가격에 민감하기보다는 효율성과 맛을 동시에 추구합니다.
1157,박하은,여자,60대 이상,농림어업 숙련 종사자,중졸 이하,전라북도,1세대가족,기혼,맞벌이 함,300-400만원 미만,3,0.539552239,0.522735814,0.223009815,0.784524976,0.282736156,0.212773343,0.643478261,트렌드 주도형 소비자,"자신의 취향과 경험을 중시하는 소비자 그룹입니다. 단순히 배를 채우는 것 이상의 가치를 추구하며, 새로운 제품을 가장 먼저 경험하고 공유하려는 경향이 강합니다"
1158,정도윤,남자,40대,기능원 및 관련 기능 종사자,대학교 졸업(전문대졸/대학원생 포함),경상북도,1세대가족,미혼(사별/이혼 포함),맞벌이 하지 않음,300-400만원 미만,0,0.108208955,0.417512213,0.572246456,0.843290891,0.282736156,0.618188129,0.347826087,실속형 미식가,편리성을 중시하면서도 새로운 맛과 제품을 시도하는 데 적극적인 소비자 그룹입니다. 가격에 민감하기보다는 효율성과 맛을 동시에 추구합니다.
1159,윤지우,남자,30대,사무 종사자,대학교 졸업(전문대졸/대학원생 포함),전라북도,1인 가구,미혼(사별/이혼 포함),맞벌이 하지 않음,200-300만원 미만,3,0.625373134,0.440060128,0.239367503,0.745347698,0.317915309,0.265185699,0.662173913,트렌드 주도형 소비자,"자신의 취향과 경험을 중시하는 소비자 그룹입니다. 단순히 배를 채우는 것 이상의 가치를 추구하며, 새로운 제품을 가장 먼저 경험하고 공유하려는 경향이 강합니다"
1160,한지민,여자,60대 이상,주부,중졸 이하,전라남도,1세대가족,기혼,맞벌이 하지 않음,200-300만원 미만,0,0.452238806,0.446448703,0.416575791,0.703232125,0.353745928,0.475876432,0.391304348,실속형 미식가,편리성을 중시하면서도 새로운 맛과 제품을 시도하는 데 적극적인 소비자 그룹입니다. 가격에 민감하기보다는 효율성과 맛을 동시에 추구합니다.
1161,이지호,여자,60대 이상,서비스 종사자,대학교 졸업(전문대졸/대학원생 포함),전라북도,1세대가족,기혼,맞벌이 함,400-500만원 미만,3,0.605223881,0.492671928,0.220283533,0.706170421,0.323778502,0.247830614,0.560869565,트렌드 주도형 소비자,"자신의 취향과 경험을 중시하는 소비자 그룹입니다. 단순히 배를 채우는 것 이상의 가치를 추구하며, 새로운 제품을 가장 먼저 경험하고 공유하려는 경향이 강합니다"
1162,임도윤,여자,50대,주부,고졸(대학 재학 포함),전라북도,1세대가족,기혼,맞벌이 하지 않음,400-500만원 미만,3,0.568656716,0.417512213,0.335605234,0.706170421,0.444625407,0.272821937,0.62173913,트렌드 주도형 소비자,"자신의 취향과 경험을 중시하는 소비자 그룹입니다. 단순히 배를 채우는 것 이상의 가치를 추구하며, 새로운 제품을 가장 먼저 경험하고 공유하려는 경향이 강합니다"
1163,최도윤,남자,40대,기능원 및 관련 기능 종사자,고졸(대학 재학 포함),대구광역시,1인 가구,미혼(사별/이혼 포함),맞벌이 하지 않음,300-400만원 미만,3,0.589552239,0.363021421,0.204471101,0.838393732,0.429967427,0.411662617,0.569565217,트렌드 주도형 소비자,"자신의 취향과 경험을 중시하는 소비자 그룹입니다. 단순히 배를 채우는 것 이상의 가치를 추구하며, 새로운 제품을 가장 먼저 경험하고 공유하려는 경향이 강합니다"
1164,윤지민,여자,60대 이상,주부,중졸 이하,부산광역시,1세대가족,기혼,맞벌이 하지 않음,300-400만원 미만,3,0.765671642,0.749342352,0.296619411,0.784524976,0.393811075,0.326275599,0.582608696,트렌드 주도형 소비자,"자신의 취향과 경험을 중시하는 소비자 그룹입니다. 단순히 배를 채우는 것 이상의 가치를 추구하며, 새로운 제품을 가장 먼저 경험하고 공유하려는 경향이 강합니다"
1165,이서준,여자,30대,주부,대학교 졸업(전문대졸/대학원생 포함),경기도,2세대가족,기혼,맞벌이 하지 않음,300-400만원 미만,1,0.562686567,0.612927471,0.537350055,0.706170421,0.664495114,0.307185005,0.191304348,건강 추구형 소비자,가격이나 브랜드에 크게 구애받지 않고 건강을 최우선으로 고려하는 프리미엄 소비자 그룹입니다. 건강과 편리성을 모두 만족시키는 제품에 기꺼이 지갑을 엽니다.
1166,최예준,여자,50대,서비스 종사자,대학교 졸업(전문대졸/대학원생 포함),전라북도,1세대가족,기혼,맞벌이 함,400-500만원 미만,3,0.561940299,0.567831642,0.23391494,0.72575906,0.357003257,0.248524818,0.426086957,트렌드 주도형 소비자,"자신의 취향과 경험을 중시하는 소비자 그룹입니다. 단순히 배를 채우는 것 이상의 가치를 추구하며, 새로운 제품을 가장 먼저 경험하고 공유하려는 경향이 강합니다"
1167,정민준,여자,60대 이상,주부,고졸(대학 재학 포함),전라북도,1세대가족,기혼,맞벌이 하지 않음,400-500만원 미만,0,0.514925373,0.500187899,0.267993457,0.745347698,0.284364821,0.216591461,0.626086957,실속형 미식가,편리성을 중시하면서도 새로운 맛과 제품을 시도하는 데 적극적인 소비자 그룹입니다. 가격에 민감하기보다는 효율성과 맛을 동시에 추구합니다.
1168,정예은,여자,60대 이상,주부,중졸 이하,전라남도,1인 가구,미혼(사별/이혼 포함),맞벌이 하지 않음,100만원 미만,0,0.447014925,0.425028185,0.212104689,0.843290891,0.380781759,0.397431447,0.447826087,실속형 미식가,편리성을 중시하면서도 새로운 맛과 제품을 시도하는 데 적극적인 소비자 그룹입니다. 가격에 민감하기보다는 효율성과 맛을 동시에 추구합니다.
1169,임예준,여자,50대,판매 종사자,고졸(대학 재학 포함),충청남도,1세대가족,기혼,맞벌이 함,400-500만원 미만,3,0.564179104,0.558436678,0.311613959,0.818805093,0.366775244,0.20826102,0.427391304,트렌드 주도형 소비자,"자신의 취향과 경험을 중시하는 소비자 그룹입니다. 단순히 배를 채우는 것 이상의 가치를 추구하며, 새로운 제품을 가장 먼저 경험하고 공유하려는 경향이 강합니다"
1170,임도윤,여자,50대,서비스 종사자,대학교 졸업(전문대졸/대학원생 포함),대구광역시,2세대가족,기혼,맞벌이 함,500-600만원 미만,3,0.604477612,0.379932356,0.209923664,0.882468168,0.463517915,0.395001736,0.569565217,트렌드 주도형 소비자,"자신의 취향과 경험을 중시하는 소비자 그룹입니다. 단순히 배를 채우는 것 이상의 가치를 추구하며, 새로운 제품을 가장 먼저 경험하고 공유하려는 경향이 강합니다"
1171,정준서,남자,50대,판매 종사자,고졸(대학 재학 포함),경기도,1인 가구,미혼(사별/이혼 포함),맞벌이 하지 않음,500-600만원 미만,1,0.605970149,0.642991357,0.594601963,0.745347698,0.644625407,0.337729955,0.160869565,건강 추구형 소비자,가격이나 브랜드에 크게 구애받지 않고 건강을 최우선으로 고려하는 프리미엄 소비자 그룹입니다. 건강과 편리성을 모두 만족시키는 제품에 기꺼이 지갑을 엽니다.
1172,조주원,여자,60대 이상,농림어업 숙련 종사자,고졸(대학 재학 포함),전라북도,1세대가족,기혼,맞벌이 함,200-300만원 미만,0,0.442537313,0.564073657,0.108505998,0.764936337,0.248534202,0.254772648,0.460869565,실속형 미식가,편리성을 중시하면서도 새로운 맛과 제품을 시도하는 데 적극적인 소비자 그룹입니다. 가격에 민감하기보다는 효율성과 맛을 동시에 추구합니다.
1173,임지원,여자,50대,사무 종사자,고졸(대학 재학 포함),대전광역시,2세대가족,기혼,맞벌이 함,500-600만원 미만,0,0.130597015,0.782036828,0.291712105,0.941234084,0.086319218,0.525164873,0.491304348,실속형 미식가,편리성을 중시하면서도 새로운 맛과 제품을 시도하는 데 적극적인 소비자 그룹입니다. 가격에 민감하기보다는 효율성과 맛을 동시에 추구합니다.
1174,정준서,여자,50대,농림어업 숙련 종사자,고졸(대학 재학 포함),전라남도,1세대가족,기혼,맞벌이 함,400-500만원 미만,3,0.47238806,0.522735814,0.392039258,0.921645446,0.339739414,0.461645262,0.543478261,트렌드 주도형 소비자,"자신의 취향과 경험을 중시하는 소비자 그룹입니다. 단순히 배를 채우는 것 이상의 가치를 추구하며, 새로운 제품을 가장 먼저 경험하고 공유하려는 경향이 강합니다"
1175,윤서윤,남자,30대,사무 종사자,대학교 졸업(전문대졸/대학원생 포함),대전광역시,1인 가구,미혼(사별/이혼 포함),맞벌이 하지 않음,300-400만원 미만,0,0.156716418,0.825253664,0.05997819,0.877571009,0.061889251,0.560916348,0.356521739,실속형 미식가,편리성을 중시하면서도 새로운 맛과 제품을 시도하는 데 적극적인 소비자 그룹입니다. 가격에 민감하기보다는 효율성과 맛을 동시에 추구합니다.
1176,최수아,여자,60대 이상,서비스 종사자,고졸(대학 재학 포함),인천광역시,1세대가족,기혼,맞벌이 함,600-700만원 미만,1,0.629104478,0.517098835,0.581788441,0.681684623,0.676221498,0.329052412,0.065217391,건강 추구형 소비자,가격이나 브랜드에 크게 구애받지 않고 건강을 최우선으로 고려하는 프리미엄 소비자 그룹입니다. 건강과 편리성을 모두 만족시키는 제품에 기꺼이 지갑을 엽니다.
1177,조건우,여자,30대,사무 종사자,대학교 졸업(전문대졸/대학원생 포함),경기도,1인 가구,미혼(사별/이혼 포함),맞벌이 하지 않음,200-300만원 미만,0,0.291044776,0.419391206,0.179934569,0.701273262,0.342019544,0.197500868,0.4,실속형 미식가,편리성을 중시하면서도 새로운 맛과 제품을 시도하는 데 적극적인 소비자 그룹입니다. 가격에 민감하기보다는 효율성과 맛을 동시에 추구합니다.
1178,이지원,여자,60대 이상,주부,고졸(대학 재학 포함),대전광역시,1세대가족,기혼,맞벌이 하지 않음,300-400만원 미만,0,0.074626866,0.735062007,0.054525627,0.838393732,0.019543974,0.486636585,0.413043478,실속형 미식가,편리성을 중시하면서도 새로운 맛과 제품을 시도하는 데 적극적인 소비자 그룹입니다. 가격에 민감하기보다는 효율성과 맛을 동시에 추구합니다.
1179,김민서,여자,50대,판매 종사자,대학교 졸업(전문대졸/대학원생 포함),부산광역시,2세대가족,기혼,맞벌이 함,500-600만원 미만,3,0.604477612,0.417512213,0.434296619,0.843290891,0.481758958,0.353349531,0.786956522,트렌드 주도형 소비자,"자신의 취향과 경험을 중시하는 소비자 그룹입니다. 단순히 배를 채우는 것 이상의 가치를 추구하며, 새로운 제품을 가장 먼저 경험하고 공유하려는 경향이 강합니다"
1180,김건우,여자,60대 이상,주부,중졸 이하,전라남도,1인 가구,미혼(사별/이혼 포함),맞벌이 하지 않음,100만원 미만,0,0.399253731,0.447576099,0.365594329,0.72575906,0.320846906,0.532106907,0.527391304,실속형 미식가,편리성을 중시하면서도 새로운 맛과 제품을 시도하는 데 적극적인 소비자 그룹입니다. 가격에 민감하기보다는 효율성과 맛을 동시에 추구합니다.
1181,한서연,여자,40대,서비스 종사자,대학교 졸업(전문대졸/대학원생 포함),부산광역시,2세대가족,기혼,맞벌이 함,600-700만원 미만,3,0.808208955,0.541525742,0.332061069,0.86287953,0.536156352,0.279763971,0.626086957,트렌드 주도형 소비자,"자신의 취향과 경험을 중시하는 소비자 그룹입니다. 단순히 배를 채우는 것 이상의 가치를 추구하며, 새로운 제품을 가장 먼저 경험하고 공유하려는 경향이 강합니다"
1182,박준서,여자,60대 이상,주부,고졸(대학 재학 포함),대구광역시,1세대가족,기혼,맞벌이 하지 않음,200-300만원 미만,3,0.589552239,0.394964299,0.256270447,0.921645446,0.472312704,0.443943075,0.52173913,트렌드 주도형 소비자,"자신의 취향과 경험을 중시하는 소비자 그룹입니다. 단순히 배를 채우는 것 이상의 가치를 추구하며, 새로운 제품을 가장 먼저 경험하고 공유하려는 경향이 강합니다"
1183,임민준,여자,60대 이상,주부,고졸(대학 재학 포함),전라남도,1세대가족,기혼,맞벌이 하지 않음,200-300만원 미만,0,0,0.438181135,0.333424209,0.757100881,0.071661238,0.524123568,0.634782609,실속형 미식가,편리성을 중시하면서도 새로운 맛과 제품을 시도하는 데 적극적인 소비자 그룹입니다. 가격에 민감하기보다는 효율성과 맛을 동시에 추구합니다.
1184,조하준,여자,60대 이상,주부,고졸(대학 재학 포함),강원도,1세대가족,기혼,맞벌이 하지 않음,400-500만원 미만,1,0.186567164,0.361142428,0.82606325,0.784524976,0.200651466,0.156195765,0.160869565,건강 추구형 소비자,가격이나 브랜드에 크게 구애받지 않고 건강을 최우선으로 고려하는 프리미엄 소비자 그룹입니다. 건강과 편리성을 모두 만족시키는 제품에 기꺼이 지갑을 엽니다.
1185,김건우,여자,60대 이상,농림어업 숙련 종사자,고졸(대학 재학 포함),전라남도,1세대가족,기혼,맞벌이 함,400-500만원 미만,0,0.457462687,0.703119128,0.280261723,0.86287953,0.324429967,0.408538702,0.27826087,실속형 미식가,편리성을 중시하면서도 새로운 맛과 제품을 시도하는 데 적극적인 소비자 그룹입니다. 가격에 민감하기보다는 효율성과 맛을 동시에 추구합니다.
1186,박수아,여자,50대,서비스 종사자,대학교 졸업(전문대졸/대학원생 포함),대구광역시,1세대가족,기혼,맞벌이 함,400-500만원 미만,3,0.589552239,0.394964299,0.275354417,0.921645446,0.536807818,0.415133634,0.5,트렌드 주도형 소비자,"자신의 취향과 경험을 중시하는 소비자 그룹입니다. 단순히 배를 채우는 것 이상의 가치를 추구하며, 새로운 제품을 가장 먼저 경험하고 공유하려는 경향이 강합니다"
1187,윤수아,여자,60대 이상,주부,중졸 이하,전라남도,1인 가구,미혼(사별/이혼 포함),맞벌이 하지 않음,100-200만원 미만,0,0.373880597,0.551672304,0.326608506,0.801175318,0.260912052,0.47761194,0.508695652,실속형 미식가,편리성을 중시하면서도 새로운 맛과 제품을 시도하는 데 적극적인 소비자 그룹입니다. 가격에 민감하기보다는 효율성과 맛을 동시에 추구합니다.
1188,박지우,여자,60대 이상,주부,고졸(대학 재학 포함),부산광역시,1세대가족,기혼,맞벌이 하지 않음,200-300만원 미만,3,0.68358209,0.854565953,0.373227917,0.823702253,0.31465798,0.236029157,0.434782609,트렌드 주도형 소비자,"자신의 취향과 경험을 중시하는 소비자 그룹입니다. 단순히 배를 채우는 것 이상의 가치를 추구하며, 새로운 제품을 가장 먼저 경험하고 공유하려는 경향이 강합니다"
1189,이도윤,남자,30대,사무 종사자,대학교 졸업(전문대졸/대학원생 포함),경기도,1인 가구,미혼(사별/이혼 포함),맞벌이 하지 않음,300-400만원 미만,0,0.308208955,0.510710259,0.169029444,0.701273262,0.342996743,0.119055883,0.379565217,실속형 미식가,편리성을 중시하면서도 새로운 맛과 제품을 시도하는 데 적극적인 소비자 그룹입니다. 가격에 민감하기보다는 효율성과 맛을 동시에 추구합니다.
1190,임예준,여자,60대 이상,주부,중졸 이하,전라남도,1인 가구,미혼(사별/이혼 포함),맞벌이 하지 않음,100-200만원 미만,0,0.423880597,0.551672304,0.345692475,0.820763957,0.341368078,0.52655328,0.373913043,실속형 미식가,편리성을 중시하면서도 새로운 맛과 제품을 시도하는 데 적극적인 소비자 그룹입니다. 가격에 민감하기보다는 효율성과 맛을 동시에 추구합니다.
1191,윤건우,여자,50대,서비스 종사자,고졸(대학 재학 포함),전라남도,1인 가구,미혼(사별/이혼 포함),맞벌이 하지 않음,200-300만원 미만,3,0.5,0.448327696,0.300708833,0.835455436,0.353745928,0.246442208,0.626086957,트렌드 주도형 소비자,"자신의 취향과 경험을 중시하는 소비자 그룹입니다. 단순히 배를 채우는 것 이상의 가치를 추구하며, 새로운 제품을 가장 먼저 경험하고 공유하려는 경향이 강합니다"
1192,임서연,여자,50대,판매 종사자,대학교 졸업(전문대졸/대학원생 포함),대구광역시,1인 가구,미혼(사별/이혼 포함),맞벌이 하지 않음,300-400만원 미만,3,0.514179104,0.378053363,0.275354417,0.877571009,0.495765472,0.447761194,0.491304348,트렌드 주도형 소비자,"자신의 취향과 경험을 중시하는 소비자 그룹입니다. 단순히 배를 채우는 것 이상의 가치를 추구하며, 새로운 제품을 가장 먼저 경험하고 공유하려는 경향이 강합니다"
1193,이지우,남자,30대,사무 종사자,대학교 졸업(전문대졸/대학원생 포함),경기도,1인 가구,미혼(사별/이혼 포함),맞벌이 하지 않음,300-400만원 미만,0,0.291044776,0.435550545,0.1608506,0.701273262,0.312703583,0.168691427,0.456521739,실속형 미식가,편리성을 중시하면서도 새로운 맛과 제품을 시도하는 데 적극적인 소비자 그룹입니다. 가격에 민감하기보다는 효율성과 맛을 동시에 추구합니다.
1194,강지우,여자,20대,사무 종사자,고졸(대학 재학 포함),대전광역시,1인 가구,미혼(사별/이혼 포함),맞벌이 하지 않음,200-300만원 미만,0,0.089552239,0.644870349,0.073609597,0.740450539,0.019543974,0.819160014,0.492608696,실속형 미식가,편리성을 중시하면서도 새로운 맛과 제품을 시도하는 데 적극적인 소비자 그룹입니다. 가격에 민감하기보다는 효율성과 맛을 동시에 추구합니다.
1195,정서연,여자,60대 이상,판매 종사자,고졸(대학 재학 포함),부산광역시,1세대가족,기혼,맞벌이 함,300-400만원 미만,3,0.852985075,0.785794814,0.228735005,0.86287953,0.402605863,0.404373481,0.5,트렌드 주도형 소비자,"자신의 취향과 경험을 중시하는 소비자 그룹입니다. 단순히 배를 채우는 것 이상의 가치를 추구하며, 새로운 제품을 가장 먼저 경험하고 공유하려는 경향이 강합니다"
1196,윤민준,여자,60대 이상,사무 종사자,대학교 졸업(전문대졸/대학원생 포함),전라남도,2세대가족,미혼(사별/이혼 포함),맞벌이 하지 않음,500-600만원 미만,3,0.651492537,0.519729425,0.19438386,0.757100881,0.281107492,0.246442208,0.670869565,트렌드 주도형 소비자,"자신의 취향과 경험을 중시하는 소비자 그룹입니다. 단순히 배를 채우는 것 이상의 가치를 추구하며, 새로운 제품을 가장 먼저 경험하고 공유하려는 경향이 강합니다"
1197,정수아,여자,60대 이상,농림어업 숙련 종사자,중졸 이하,전라남도,1세대가족,기혼,맞벌이 함,400-500만원 미만,3,0.514179104,0.676813228,0.420119956,0.86287953,0.423127036,0.449843804,0.42173913,트렌드 주도형 소비자,"자신의 취향과 경험을 중시하는 소비자 그룹입니다. 단순히 배를 채우는 것 이상의 가치를 추구하며, 새로운 제품을 가장 먼저 경험하고 공유하려는 경향이 강합니다"
1198,이지민,여자,60대 이상,서비스 종사자,중졸 이하,세종특별자치시,1세대가족,기혼,맞벌이 함,500-600만원 미만,3,0.699253731,0.557685081,0.322519084,0.882468168,0.445276873,0.71225269,0.630434783,트렌드 주도형 소비자,"자신의 취향과 경험을 중시하는 소비자 그룹입니다. 단순히 배를 채우는 것 이상의 가치를 추구하며, 새로운 제품을 가장 먼저 경험하고 공유하려는 경향이 강합니다"
1199,조하은,여자,50대,사무 종사자,대학교 졸업(전문대졸/대학원생 포함),대구광역시,1세대가족,기혼,맞벌이 함,500-600만원 미만,3,0.508955224,0.378053363,0.335332606,0.877571009,0.516286645,0.443248872,0.413043478,트렌드 주도형 소비자,"자신의 취향과 경험을 중시하는 소비자 그룹입니다. 단순히 배를 채우는 것 이상의 가치를 추구하며, 새로운 제품을 가장 먼저 경험하고 공유하려는 경향이 강합니다"
1200,임건우,여자,50대,주부,대학교 졸업(전문대졸/대학원생 포함),경기도,2세대가족,기혼,맞벌이 하지 않음,500-600만원 미만,3,0.539552239,0.441939121,0.357960742,0.642507346,0.432899023,0.194376952,0.430434783,트렌드 주도형 소비자,"자신의 취향과 경험을 중시하는 소비자 그룹입니다. 단순히 배를 채우는 것 이상의 가치를 추구하며, 새로운 제품을 가장 먼저 경험하고 공유하려는 경향이 강합니다"
1201,임서연,여자,40대,사무 종사자,대학교 졸업(전문대졸/대학원생 포함),경기도,2세대가족,기혼,맞벌이 함,700-800만원 미만,3,0.63880597,0.502066892,0.363413304,0.760039177,0.446905537,0.263450191,0.456521739,트렌드 주도형 소비자,"자신의 취향과 경험을 중시하는 소비자 그룹입니다. 단순히 배를 채우는 것 이상의 가치를 추구하며, 새로운 제품을 가장 먼저 경험하고 공유하려는 경향이 강합니다"
1202,김서연,여자,50대,서비스 종사자,고졸(대학 재학 포함),경기도,2세대가족,기혼,맞벌이 함,500-600만원 미만,0,0.35,0.580984592,0.289803708,0.740450539,0.221172638,0.500173551,0.508695652,실속형 미식가,편리성을 중시하면서도 새로운 맛과 제품을 시도하는 데 적극적인 소비자 그룹입니다. 가격에 민감하기보다는 효율성과 맛을 동시에 추구합니다.
1203,강하준,여자,50대,서비스 종사자,고졸(대학 재학 포함),경상북도,1인 가구,미혼(사별/이혼 포함),맞벌이 하지 않음,300-400만원 미만,0,0.441791045,0.409996242,0.263358779,0.784524976,0.394788274,0.449496703,0.492608696,실속형 미식가,편리성을 중시하면서도 새로운 맛과 제품을 시도하는 데 적극적인 소비자 그룹입니다. 가격에 민감하기보다는 효율성과 맛을 동시에 추구합니다.
1204,임민서,남자,60대 이상,사무 종사자,고졸(대학 재학 포함),대전광역시,1세대가족,기혼,맞벌이 함,500-600만원 미만,0,0.152985075,0.672303645,0.26172301,0.7208619,0.103583062,0.60603957,0.573913043,실속형 미식가,편리성을 중시하면서도 새로운 맛과 제품을 시도하는 데 적극적인 소비자 그룹입니다. 가격에 민감하기보다는 효율성과 맛을 동시에 추구합니다.
1205,정하준,여자,60대 이상,주부,중졸 이하,세종특별자치시,1세대가족,기혼,맞벌이 하지 않음,400-500만원 미만,3,0.647014925,0.538895152,0.367502726,0.902056807,0.459934853,0.7754252,0.569565217,트렌드 주도형 소비자,"자신의 취향과 경험을 중시하는 소비자 그룹입니다. 단순히 배를 채우는 것 이상의 가치를 추구하며, 새로운 제품을 가장 먼저 경험하고 공유하려는 경향이 강합니다"
1206,한지원,여자,50대,사무 종사자,대학교 졸업(전문대졸/대학원생 포함),대구광역시,1세대가족,기혼,맞벌이 함,600-700만원 미만,3,0.601492537,0.394964299,0.310796074,0.921645446,0.533876221,0.42450538,0.452173913,트렌드 주도형 소비자,"자신의 취향과 경험을 중시하는 소비자 그룹입니다. 단순히 배를 채우는 것 이상의 가치를 추구하며, 새로운 제품을 가장 먼저 경험하고 공유하려는 경향이 강합니다"
1207,최지우,여자,60대 이상,주부,고졸(대학 재학 포함),대구광역시,1세대가족,기혼,맞벌이 하지 않음,100-200만원 미만,0,0.52761194,0.528372792,0.14176663,0.740450539,0.204234528,0.931273863,0.6,실속형 미식가,편리성을 중시하면서도 새로운 맛과 제품을 시도하는 데 적극적인 소비자 그룹입니다. 가격에 민감하기보다는 효율성과 맛을 동시에 추구합니다.
1208,임수아,여자,30대,사무 종사자,대학교 졸업(전문대졸/대학원생 포함),경기도,1인 가구,미혼(사별/이혼 포함),맞벌이 하지 않음,300-400만원 미만,0,0.509701493,0.460729049,0.149945474,0.740450539,0.356026059,0.280805276,0.513043478,실속형 미식가,편리성을 중시하면서도 새로운 맛과 제품을 시도하는 데 적극적인 소비자 그룹입니다. 가격에 민감하기보다는 효율성과 맛을 동시에 추구합니다.
1209,박시우,여자,60대 이상,판매 종사자,고졸(대학 재학 포함),경기도,1세대가족,미혼(사별/이혼 포함),맞벌이 하지 않음,400-500만원 미만,0,0.179104478,0.415633221,0.257088332,0.701273262,0.169381107,0.525511975,0.552173913,실속형 미식가,편리성을 중시하면서도 새로운 맛과 제품을 시도하는 데 적극적인 소비자 그룹입니다. 가격에 민감하기보다는 효율성과 맛을 동시에 추구합니다.
1210,임준서,여자,60대 이상,주부,고졸(대학 재학 포함),전라남도,1세대가족,기혼,맞벌이 하지 않음,200-300만원 미만,0,0.380597015,0.393085306,0.258996728,0.737512243,0.270358306,0.261367581,0.534782609,실속형 미식가,편리성을 중시하면서도 새로운 맛과 제품을 시도하는 데 적극적인 소비자 그룹입니다. 가격에 민감하기보다는 효율성과 맛을 동시에 추구합니다.
1211,강지호,여자,50대,사무 종사자,대학교 졸업(전문대졸/대학원생 포함),대전광역시,2세대가족,기혼,맞벌이 함,700-800만원 미만,0,0.044776119,0.742577978,0.043620502,0.85798237,0,0.419993058,0.427391304,실속형 미식가,편리성을 중시하면서도 새로운 맛과 제품을 시도하는 데 적극적인 소비자 그룹입니다. 가격에 민감하기보다는 효율성과 맛을 동시에 추구합니다.
1212,박지민,여자,60대 이상,주부,대학교 졸업(전문대졸/대학원생 포함),경기도,1세대가족,기혼,맞벌이 하지 않음,300-400만원 미만,0,0.492537313,0.490792935,0.330697928,0.701273262,0.391856678,0.226657411,0.391304348,실속형 미식가,편리성을 중시하면서도 새로운 맛과 제품을 시도하는 데 적극적인 소비자 그룹입니다. 가격에 민감하기보다는 효율성과 맛을 동시에 추구합니다.
1213,박예은,남자,60대 이상,단순노무 종사자,고졸(대학 재학 포함),경상북도,1세대가족,기혼,맞벌이 하지 않음,400-500만원 미만,3,0.539552239,0.421270199,0.343238822,0.745347698,0.421172638,0.376605345,0.291304348,트렌드 주도형 소비자,"자신의 취향과 경험을 중시하는 소비자 그룹입니다. 단순히 배를 채우는 것 이상의 가치를 추구하며, 새로운 제품을 가장 먼저 경험하고 공유하려는 경향이 강합니다"
1214,김시우,여자,50대,판매 종사자,고졸(대학 재학 포함),세종특별자치시,1세대가족,기혼,맞벌이 함,600-700만원 미만,3,0.625373134,0.695603157,0.258451472,0.843290891,0.354397394,0.690038181,0.42173913,트렌드 주도형 소비자,"자신의 취향과 경험을 중시하는 소비자 그룹입니다. 단순히 배를 채우는 것 이상의 가치를 추구하며, 새로운 제품을 가장 먼저 경험하고 공유하려는 경향이 강합니다"
1215,임하은,여자,40대,판매 종사자,대학교 졸업(전문대졸/대학원생 포함),경기도,1인 가구,미혼(사별/이혼 포함),맞벌이 하지 않음,300-400만원 미만,0,0.442537313,0.528372792,0.290621592,0.740450539,0.290879479,0.286706005,0.486956522,실속형 미식가,편리성을 중시하면서도 새로운 맛과 제품을 시도하는 데 적극적인 소비자 그룹입니다. 가격에 민감하기보다는 효율성과 맛을 동시에 추구합니다.
1216,이서준,여자,60대 이상,단순노무 종사자,고졸(대학 재학 포함),대전광역시,1세대가족,기혼,맞벌이 함,500-600만원 미만,0,0.223880597,0.627959414,0.347055616,0.804113614,0.136807818,0.500867754,0.595652174,실속형 미식가,편리성을 중시하면서도 새로운 맛과 제품을 시도하는 데 적극적인 소비자 그룹입니다. 가격에 민감하기보다는 효율성과 맛을 동시에 추구합니다.
1217,강서윤,여자,50대,주부,고졸(대학 재학 포함),대구광역시,2세대가족,기혼,맞벌이 하지 않음,100-200만원 미만,0,0.605223881,0.603532507,0.064885496,0.760039177,0.25276873,0.85109337,0.517391304,실속형 미식가,편리성을 중시하면서도 새로운 맛과 제품을 시도하는 데 적극적인 소비자 그룹입니다. 가격에 민감하기보다는 효율성과 맛을 동시에 추구합니다.
1218,정채원,여자,40대,사무 종사자,대학교 졸업(전문대졸/대학원생 포함),대구광역시,2세대가족,기혼,맞벌이 함,500-600만원 미만,3,0.52238806,0.378053363,0.286259542,0.877571009,0.492833876,0.415133634,0.5,트렌드 주도형 소비자,"자신의 취향과 경험을 중시하는 소비자 그룹입니다. 단순히 배를 채우는 것 이상의 가치를 추구하며, 새로운 제품을 가장 먼저 경험하고 공유하려는 경향이 강합니다"
1219,임민서,여자,50대,판매 종사자,고졸(대학 재학 포함),대구광역시,2세대가족,기혼,맞벌이 함,400-500만원 미만,1,0.480597015,0.364900413,0.496183206,0.843290891,0.512703583,0.483165568,0.139130435,건강 추구형 소비자,가격이나 브랜드에 크게 구애받지 않고 건강을 최우선으로 고려하는 프리미엄 소비자 그룹입니다. 건강과 편리성을 모두 만족시키는 제품에 기꺼이 지갑을 엽니다.
1220,박서윤,남자,60대 이상,기능원 및 관련 기능 종사자,고졸(대학 재학 포함),경상북도,2세대가족,기혼,맞벌이 함,500-600만원 미만,0,0.411940299,0.511461856,0.388222465,0.804113614,0.300325733,0.407844498,0.465217391,실속형 미식가,편리성을 중시하면서도 새로운 맛과 제품을 시도하는 데 적극적인 소비자 그룹입니다. 가격에 민감하기보다는 효율성과 맛을 동시에 추구합니다.
1221,이민준,여자,60대 이상,서비스 종사자,고졸(대학 재학 포함),서울특별시,1세대가족,기혼,맞벌이 함,"1,000만원 이상",1,0.328358209,0.601653514,0.673664122,0.86287953,0.38762215,0.209302326,0.104347826,건강 추구형 소비자,가격이나 브랜드에 크게 구애받지 않고 건강을 최우선으로 고려하는 프리미엄 소비자 그룹입니다. 건강과 편리성을 모두 만족시키는 제품에 기꺼이 지갑을 엽니다.
1222,박준서,여자,60대 이상,주부,중졸 이하,대구광역시,1인 가구,미혼(사별/이혼 포함),맞벌이 하지 않음,100만원 미만,3,0.676119403,0.494550921,0.212104689,0.779627816,0.288599349,0.664352655,0.701304348,트렌드 주도형 소비자,"자신의 취향과 경험을 중시하는 소비자 그룹입니다. 단순히 배를 채우는 것 이상의 가치를 추구하며, 새로운 제품을 가장 먼저 경험하고 공유하려는 경향이 강합니다"
1223,이예은,여자,60대 이상,주부,중졸 이하,대구광역시,1인 가구,미혼(사별/이혼 포함),맞벌이 하지 않음,100만원 미만,0,0.505970149,0.550920707,0.076335878,0.799216454,0.20781759,0.711211385,0.573913043,실속형 미식가,편리성을 중시하면서도 새로운 맛과 제품을 시도하는 데 적극적인 소비자 그룹입니다. 가격에 민감하기보다는 효율성과 맛을 동시에 추구합니다.
1224,윤민서,남자,60대 이상,무직,중졸 이하,대구광역시,1인 가구,미혼(사별/이혼 포함),맞벌이 하지 않음,100만원 미만,0,0.582089552,0.475760992,0.049073064,0.779627816,0.263843648,0.624783061,0.57826087,실속형 미식가,편리성을 중시하면서도 새로운 맛과 제품을 시도하는 데 적극적인 소비자 그룹입니다. 가격에 민감하기보다는 효율성과 맛을 동시에 추구합니다.
1225,이서연,여자,50대,장치·기계 조작 및 조립 종사자,고졸(대학 재학 포함),경상북도,1세대가족,기혼,맞벌이 함,500-600만원 미만,3,0.596268657,0.579105599,0.217557252,0.784524976,0.424104235,0.40610899,0.282608696,트렌드 주도형 소비자,"자신의 취향과 경험을 중시하는 소비자 그룹입니다. 단순히 배를 채우는 것 이상의 가치를 추구하며, 새로운 제품을 가장 먼저 경험하고 공유하려는 경향이 강합니다"
1226,최지우,남자,30대,사무 종사자,대학교 졸업(전문대졸/대학원생 포함),경기도,1인 가구,미혼(사별/이혼 포함),맞벌이 하지 않음,300-400만원 미만,0,0.313432836,0.545283728,0.079334787,0.941234084,0.174267101,0.458174245,0.617391304,실속형 미식가,편리성을 중시하면서도 새로운 맛과 제품을 시도하는 데 적극적인 소비자 그룹입니다. 가격에 민감하기보다는 효율성과 맛을 동시에 추구합니다.
1227,강준서,남자,60대 이상,단순노무 종사자,중졸 이하,대구광역시,1세대가족,기혼,맞벌이 하지 않음,100-200만원 미만,0,0.536567164,0.374295378,0.14476554,0.779627816,0.21465798,0.7959042,0.675217391,실속형 미식가,편리성을 중시하면서도 새로운 맛과 제품을 시도하는 데 적극적인 소비자 그룹입니다. 가격에 민감하기보다는 효율성과 맛을 동시에 추구합니다.
1228,강주원,여자,40대,사무 종사자,대학교 졸업(전문대졸/대학원생 포함),경기도,2세대가족,기혼,맞벌이 함,600-700만원 미만,0,0.315671642,0.682450207,0.259269357,0.877571009,0.165472313,0.476917737,0.565217391,실속형 미식가,편리성을 중시하면서도 새로운 맛과 제품을 시도하는 데 적극적인 소비자 그룹입니다. 가격에 민감하기보다는 효율성과 맛을 동시에 추구합니다.
1229,강예은,여자,60대 이상,주부,중졸 이하,강원도,1세대가족,기혼,맞벌이 하지 않음,300-400만원 미만,1,0.4,0.376174371,0.84651036,0.823702253,0.432899023,0.142311697,0.236086957,건강 추구형 소비자,가격이나 브랜드에 크게 구애받지 않고 건강을 최우선으로 고려하는 프리미엄 소비자 그룹입니다. 건강과 편리성을 모두 만족시키는 제품에 기꺼이 지갑을 엽니다.
1230,임하은,여자,30대,사무 종사자,대학교 졸업(전문대졸/대학원생 포함),부산광역시,1인 가구,미혼(사별/이혼 포함),맞벌이 하지 않음,300-400만원 미만,1,0.455970149,0.571589628,0.4282988,0.902056807,0.395439739,0.227351614,0.256521739,건강 추구형 소비자,가격이나 브랜드에 크게 구애받지 않고 건강을 최우선으로 고려하는 프리미엄 소비자 그룹입니다. 건강과 편리성을 모두 만족시키는 제품에 기꺼이 지갑을 엽니다.
1231,이시우,여자,30대,사무 종사자,대학원 졸업 이상,부산광역시,1세대가족,기혼,맞벌이 함,500-600만원 미만,3,0.514925373,0.507703871,0.457742639,0.921645446,0.498045603,0.242971191,0.375217391,트렌드 주도형 소비자,"자신의 취향과 경험을 중시하는 소비자 그룹입니다. 단순히 배를 채우는 것 이상의 가치를 추구하며, 새로운 제품을 가장 먼저 경험하고 공유하려는 경향이 강합니다"
1232,김예은,여자,60대 이상,주부,대학교 졸업(전문대졸/대학원생 포함),경기도,1세대가족,기혼,맞벌이 하지 않음,400-500만원 미만,0,0.226119403,0.617812852,0.028625954,0.823702253,0.085667752,0.375216939,0.556521739,실속형 미식가,편리성을 중시하면서도 새로운 맛과 제품을 시도하는 데 적극적인 소비자 그룹입니다. 가격에 민감하기보다는 효율성과 맛을 동시에 추구합니다.
1233,박지원,여자,60대 이상,주부,고졸(대학 재학 포함),부산광역시,1세대가족,기혼,맞벌이 하지 않음,200-300만원 미만,3,0.455970149,0.492671928,0.325517993,0.843290891,0.46970684,0.347448802,0.404347826,트렌드 주도형 소비자,"자신의 취향과 경험을 중시하는 소비자 그룹입니다. 단순히 배를 채우는 것 이상의 가치를 추구하며, 새로운 제품을 가장 먼저 경험하고 공유하려는 경향이 강합니다"
1234,이민서,여자,50대,주부,대학교 졸업(전문대졸/대학원생 포함),서울특별시,1인 가구,기혼,맞벌이 하지 않음,"900-1,000만원 미만",1,0.361940299,0.534009771,0.76172301,0.843290891,0.444625407,0.199583478,0.086956522,건강 추구형 소비자,가격이나 브랜드에 크게 구애받지 않고 건강을 최우선으로 고려하는 프리미엄 소비자 그룹입니다. 건강과 편리성을 모두 만족시키는 제품에 기꺼이 지갑을 엽니다.
1235,강수아,여자,60대 이상,판매 종사자,고졸(대학 재학 포함),강원도,2세대가족,기혼,맞벌이 함,700-800만원 미만,1,0.505970149,0.361142428,0.817611778,0.784524976,0.325081433,0.142311697,0.126086957,건강 추구형 소비자,가격이나 브랜드에 크게 구애받지 않고 건강을 최우선으로 고려하는 프리미엄 소비자 그룹입니다. 건강과 편리성을 모두 만족시키는 제품에 기꺼이 지갑을 엽니다.
1236,박시우,여자,50대,판매 종사자,대학교 졸업(전문대졸/대학원생 포함),서울특별시,2세대가족,기혼,맞벌이 함,"1,000만원 이상",1,0.26119403,0.640360767,0.652671756,0.882468168,0.285016287,0.244012496,0.152173913,건강 추구형 소비자,가격이나 브랜드에 크게 구애받지 않고 건강을 최우선으로 고려하는 프리미엄 소비자 그룹입니다. 건강과 편리성을 모두 만족시키는 제품에 기꺼이 지갑을 엽니다.
1237,김시우,여자,60대 이상,판매 종사자,대학교 졸업(전문대졸/대학원생 포함),서울특별시,1세대가족,기혼,맞벌이 함,"1,000만원 이상",1,0.26119403,0.567831642,0.717284624,0.86287953,0.358306189,0.239500174,0.160869565,건강 추구형 소비자,가격이나 브랜드에 크게 구애받지 않고 건강을 최우선으로 고려하는 프리미엄 소비자 그룹입니다. 건강과 편리성을 모두 만족시키는 제품에 기꺼이 지갑을 엽니다.
1238,김건우,여자,50대,주부,고졸(대학 재학 포함),세종특별자치시,1세대가족,기혼,맞벌이 하지 않음,400-500만원 미만,3,0.635074627,0.812100714,0.262540894,0.86287953,0.374918567,0.518222839,0.427391304,트렌드 주도형 소비자,"자신의 취향과 경험을 중시하는 소비자 그룹입니다. 단순히 배를 채우는 것 이상의 가치를 추구하며, 새로운 제품을 가장 먼저 경험하고 공유하려는 경향이 강합니다"
1239,임채원,여자,40대,사무 종사자,대학교 졸업(전문대졸/대학원생 포함),서울특별시,1인 가구,미혼(사별/이혼 포함),맞벌이 하지 않음,400-500만원 미만,1,0.22761194,0.587748967,0.737731734,0.882468168,0.358306189,0.22040958,0.149130435,건강 추구형 소비자,가격이나 브랜드에 크게 구애받지 않고 건강을 최우선으로 고려하는 프리미엄 소비자 그룹입니다. 건강과 편리성을 모두 만족시키는 제품에 기꺼이 지갑을 엽니다.
1240,정하준,여자,40대,사무 종사자,대학교 졸업(전문대졸/대학원생 포함),세종특별자치시,2세대가족,기혼,맞벌이 함,400-500만원 미만,3,0.591791045,0.6843292,0.082606325,0.882468168,0.303908795,0.363415481,0.38826087,트렌드 주도형 소비자,"자신의 취향과 경험을 중시하는 소비자 그룹입니다. 단순히 배를 채우는 것 이상의 가치를 추구하며, 새로운 제품을 가장 먼저 경험하고 공유하려는 경향이 강합니다"
1241,강서연,여자,30대,사무 종사자,대학교 졸업(전문대졸/대학원생 포함),서울특별시,1인 가구,미혼(사별/이혼 포함),맞벌이 하지 않음,300-400만원 미만,1,0.22761194,0.587748967,0.680479826,0.882468168,0.372964169,0.21624436,0.139130435,건강 추구형 소비자,가격이나 브랜드에 크게 구애받지 않고 건강을 최우선으로 고려하는 프리미엄 소비자 그룹입니다. 건강과 편리성을 모두 만족시키는 제품에 기꺼이 지갑을 엽니다.
1242,조건우,여자,40대,사무 종사자,대학교 졸업(전문대졸/대학원생 포함),서울특별시,1인 가구,미혼(사별/이혼 포함),맞벌이 하지 않음,400-500만원 미만,1,0.22761194,0.604659902,0.654034896,0.838393732,0.327361564,0.228392919,0.169565217,건강 추구형 소비자,가격이나 브랜드에 크게 구애받지 않고 건강을 최우선으로 고려하는 프리미엄 소비자 그룹입니다. 건강과 편리성을 모두 만족시키는 제품에 기꺼이 지갑을 엽니다.
1243,김지민,여자,30대,주부,대학교 졸업(전문대졸/대학원생 포함),서울특별시,1세대가족,기혼,맞벌이 하지 않음,300-400만원 미만,1,0.328358209,0.564073657,0.716739368,0.882468168,0.421172638,0.252690038,0.086956522,건강 추구형 소비자,가격이나 브랜드에 크게 구애받지 않고 건강을 최우선으로 고려하는 프리미엄 소비자 그룹입니다. 건강과 편리성을 모두 만족시키는 제품에 기꺼이 지갑을 엽니다.
1244,정민서,여자,60대 이상,주부,대학교 졸업(전문대졸/대학원생 포함),서울특별시,1세대가족,기혼,맞벌이 하지 않음,700-800만원 미만,1,0.336567164,0.534009771,0.726008724,0.823702253,0.462214984,0.253384242,0.114347826,건강 추구형 소비자,가격이나 브랜드에 크게 구애받지 않고 건강을 최우선으로 고려하는 프리미엄 소비자 그룹입니다. 건강과 편리성을 모두 만족시키는 제품에 기꺼이 지갑을 엽니다.
1245,강지원,여자,40대,주부,대학교 졸업(전문대졸/대학원생 포함),서울특별시,2세대가족,기혼,맞벌이 하지 않음,700-800만원 미만,1,0.462686567,0.556557685,0.766630316,0.902056807,0.509120521,0.227351614,0.157826087,건강 추구형 소비자,가격이나 브랜드에 크게 구애받지 않고 건강을 최우선으로 고려하는 프리미엄 소비자 그룹입니다. 건강과 편리성을 모두 만족시키는 제품에 기꺼이 지갑을 엽니다.
1246,박지호,여자,60대 이상,주부,고졸(대학 재학 포함),부산광역시,1세대가족,기혼,맞벌이 하지 않음,400-500만원 미만,3,0.524626866,0.32356257,0.390130862,0.686581783,0.421172638,0.37764665,0.62173913,트렌드 주도형 소비자,"자신의 취향과 경험을 중시하는 소비자 그룹입니다. 단순히 배를 채우는 것 이상의 가치를 추구하며, 새로운 제품을 가장 먼저 경험하고 공유하려는 경향이 강합니다"
1247,조시우,여자,60대 이상,주부,고졸(대학 재학 포함),부산광역시,1세대가족,기혼,맞벌이 하지 않음,200-300만원 미만,3,0.519402985,0.331078542,0.469193021,0.686581783,0.428664495,0.398472753,0.534782609,트렌드 주도형 소비자,"자신의 취향과 경험을 중시하는 소비자 그룹입니다. 단순히 배를 채우는 것 이상의 가치를 추구하며, 새로운 제품을 가장 먼저 경험하고 공유하려는 경향이 강합니다"
1248,김지호,여자,60대 이상,주부,고졸(대학 재학 포함),부산광역시,1세대가족,기혼,맞벌이 하지 않음,200-300만원 미만,1,0.395522388,0.308530628,0.565976009,0.686581783,0.570032573,0.347795904,0.282608696,건강 추구형 소비자,가격이나 브랜드에 크게 구애받지 않고 건강을 최우선으로 고려하는 프리미엄 소비자 그룹입니다. 건강과 편리성을 모두 만족시키는 제품에 기꺼이 지갑을 엽니다.
1249,윤지민,여자,30대,주부,대학교 졸업(전문대졸/대학원생 포함),부산광역시,1세대가족,기혼,맞벌이 하지 않음,300-400만원 미만,3,0.582835821,0.864712514,0.308887677,0.86287953,0.291205212,0.387018396,0.423043478,트렌드 주도형 소비자,"자신의 취향과 경험을 중시하는 소비자 그룹입니다. 단순히 배를 채우는 것 이상의 가치를 추구하며, 새로운 제품을 가장 먼저 경험하고 공유하려는 경향이 강합니다"
1250,조예준,여자,60대 이상,판매 종사자,고졸(대학 재학 포함),부산광역시,1세대가족,기혼,맞벌이 함,400-500만원 미만,3,0.791044776,0.898534386,0.301526718,0.86287953,0.390879479,0.355779243,0.401304348,트렌드 주도형 소비자,"자신의 취향과 경험을 중시하는 소비자 그룹입니다. 단순히 배를 채우는 것 이상의 가치를 추구하며, 새로운 제품을 가장 먼저 경험하고 공유하려는 경향이 강합니다"
1251,최시우,여자,30대,주부,대학교 졸업(전문대졸/대학원생 포함),부산광역시,1세대가족,기혼,맞벌이 하지 않음,300-400만원 미만,3,0.765671642,0.644118752,0.319792803,0.843290891,0.343973941,0.362721277,0.723043478,트렌드 주도형 소비자,"자신의 취향과 경험을 중시하는 소비자 그룹입니다. 단순히 배를 채우는 것 이상의 가치를 추구하며, 새로운 제품을 가장 먼저 경험하고 공유하려는 경향이 강합니다"
1252,한예준,여자,40대,판매 종사자,대학교 졸업(전문대졸/대학원생 포함),부산광역시,2세대가족,기혼,맞벌이 함,500-600만원 미만,3,0.617910448,0.830890643,0.289803708,0.86287953,0.30228013,0.355779243,0.479565217,트렌드 주도형 소비자,"자신의 취향과 경험을 중시하는 소비자 그룹입니다. 단순히 배를 채우는 것 이상의 가치를 추구하며, 새로운 제품을 가장 먼저 경험하고 공유하려는 경향이 강합니다"
1253,최건우,여자,40대,사무 종사자,대학교 졸업(전문대졸/대학원생 포함),경상남도,1세대가족,기혼,맞벌이 함,600-700만원 미만,1,0.544776119,0.376174371,0.681025082,0.784524976,0.583061889,0.309961819,0.113043478,건강 추구형 소비자,가격이나 브랜드에 크게 구애받지 않고 건강을 최우선으로 고려하는 프리미엄 소비자 그룹입니다. 건강과 편리성을 모두 만족시키는 제품에 기꺼이 지갑을 엽니다.
1254,윤서윤,여자,60대 이상,주부,고졸(대학 재학 포함),경상남도,1세대가족,기혼,맞벌이 하지 않음,200-300만원 미만,1,0.136567164,0.571589628,0.567339149,0.784524976,0.242996743,0.292606734,0.160869565,건강 추구형 소비자,가격이나 브랜드에 크게 구애받지 않고 건강을 최우선으로 고려하는 프리미엄 소비자 그룹입니다. 건강과 편리성을 모두 만족시키는 제품에 기꺼이 지갑을 엽니다.
1255,정예은,여자,40대,사무 종사자,대학교 졸업(전문대졸/대학원생 포함),경상남도,2세대가족,기혼,맞벌이 함,600-700만원 미만,1,0.574626866,0.391206313,0.735550709,0.804113614,0.691530945,0.283929191,0.147826087,건강 추구형 소비자,가격이나 브랜드에 크게 구애받지 않고 건강을 최우선으로 고려하는 프리미엄 소비자 그룹입니다. 건강과 편리성을 모두 만족시키는 제품에 기꺼이 지갑을 엽니다.
1256,이지민,여자,60대 이상,주부,고졸(대학 재학 포함),경상남도,1세대가족,기혼,맞벌이 하지 않음,200-300만원 미만,1,0.559701493,0.413754228,0.69738277,0.882468168,0.700325733,0.335300243,0.156521739,건강 추구형 소비자,가격이나 브랜드에 크게 구애받지 않고 건강을 최우선으로 고려하는 프리미엄 소비자 그룹입니다. 건강과 편리성을 모두 만족시키는 제품에 기꺼이 지갑을 엽니다.
1257,김지민,여자,30대,주부,대학교 졸업(전문대졸/대학원생 포함),경상남도,2세대가족,기혼,맞벌이 하지 않음,300-400만원 미만,3,0.794029851,0.9473882,0.186205016,0.86287953,0.379153094,0.422769872,0.266521739,트렌드 주도형 소비자,"자신의 취향과 경험을 중시하는 소비자 그룹입니다. 단순히 배를 채우는 것 이상의 가치를 추구하며, 새로운 제품을 가장 먼저 경험하고 공유하려는 경향이 강합니다"
1258,임민준,여자,60대 이상,서비스 종사자,고졸(대학 재학 포함),경상남도,1인 가구,미혼(사별/이혼 포함),맞벌이 하지 않음,100-200만원 미만,1,0.119402985,0.473881999,0.576335878,0.72575906,0.325732899,0.2856647,0.117391304,건강 추구형 소비자,가격이나 브랜드에 크게 구애받지 않고 건강을 최우선으로 고려하는 프리미엄 소비자 그룹입니다. 건강과 편리성을 모두 만족시키는 제품에 기꺼이 지갑을 엽니다.
1259,임지민,남자,60대 이상,무직,고졸(대학 재학 포함),경상남도,1세대가족,기혼,맞벌이 하지 않음,100-200만원 미만,1,0.51119403,0.398722285,0.727371865,0.882468168,0.706188925,0.268309615,0.130434783,건강 추구형 소비자,가격이나 브랜드에 크게 구애받지 않고 건강을 최우선으로 고려하는 프리미엄 소비자 그룹입니다. 건강과 편리성을 모두 만족시키는 제품에 기꺼이 지갑을 엽니다.
1260,조주원,남자,30대,사무 종사자,대학교 졸업(전문대졸/대학원생 포함),경상남도,1인 가구,미혼(사별/이혼 포함),맞벌이 하지 않음,200-300만원 미만,1,0.423880597,0.406238256,0.713740458,0.86287953,0.647557003,0.313432836,0.160869565,건강 추구형 소비자,가격이나 브랜드에 크게 구애받지 않고 건강을 최우선으로 고려하는 프리미엄 소비자 그룹입니다. 건강과 편리성을 모두 만족시키는 제품에 기꺼이 지갑을 엽니다.
1261,정도윤,여자,40대,사무 종사자,대학교 졸업(전문대졸/대학원생 포함),대전광역시,2세대가족,기혼,맞벌이 함,600-700만원 미만,3,0.640298507,0.635475385,0.422028353,0.86287953,0.601954397,0.401249566,0.37826087,트렌드 주도형 소비자,"자신의 취향과 경험을 중시하는 소비자 그룹입니다. 단순히 배를 채우는 것 이상의 가치를 추구하며, 새로운 제품을 가장 먼저 경험하고 공유하려는 경향이 강합니다"
1262,박지우,여자,60대 이상,단순노무 종사자,중졸 이하,강원도,1인 가구,미혼(사별/이혼 포함),맞벌이 하지 않음,200-300만원 미만,3,0.748507463,0.466366028,0.525081788,0.941234084,0.691205212,0.459909754,0.608695652,트렌드 주도형 소비자,"자신의 취향과 경험을 중시하는 소비자 그룹입니다. 단순히 배를 채우는 것 이상의 가치를 추구하며, 새로운 제품을 가장 먼저 경험하고 공유하려는 경향이 강합니다"
1263,김민준,여자,60대 이상,서비스 종사자,고졸(대학 재학 포함),부산광역시,1세대가족,기혼,맞벌이 함,400-500만원 미만,0,0.18880597,0.565952649,0.431570338,0.85798237,0.180130293,0.59389101,0.547826087,실속형 미식가,편리성을 중시하면서도 새로운 맛과 제품을 시도하는 데 적극적인 소비자 그룹입니다. 가격에 민감하기보다는 효율성과 맛을 동시에 추구합니다.
1264,한서윤,여자,50대,판매 종사자,고졸(대학 재학 포함),부산광역시,1인 가구,미혼(사별/이혼 포함),맞벌이 하지 않음,200-300만원 미만,0,0.089552239,0.574596017,0.52044711,0.838393732,0.13029316,0.523429365,0.460869565,실속형 미식가,편리성을 중시하면서도 새로운 맛과 제품을 시도하는 데 적극적인 소비자 그룹입니다. 가격에 민감하기보다는 효율성과 맛을 동시에 추구합니다.
1265,김하은,여자,30대,사무 종사자,대학교 졸업(전문대졸/대학원생 포함),서울특별시,2세대가족,기혼,맞벌이 함,500-600만원 미만,1,0.26119403,0.759488914,0.549073064,0.941234084,0.408143322,0.218674072,0.247826087,건강 추구형 소비자,가격이나 브랜드에 크게 구애받지 않고 건강을 최우선으로 고려하는 프리미엄 소비자 그룹입니다. 건강과 편리성을 모두 만족시키는 제품에 기꺼이 지갑을 엽니다.
1266,한건우,여자,60대 이상,주부,중졸 이하,경상남도,2세대가족,기혼,맞벌이 하지 않음,200-300만원 미만,3,0.551492537,0.594137542,0.35523446,0.843290891,0.455700326,0.44290177,0.32173913,트렌드 주도형 소비자,"자신의 취향과 경험을 중시하는 소비자 그룹입니다. 단순히 배를 채우는 것 이상의 가치를 추구하며, 새로운 제품을 가장 먼저 경험하고 공유하려는 경향이 강합니다"
1267,이서준,여자,60대 이상,서비스 종사자,고졸(대학 재학 포함),세종특별자치시,1세대가족,기혼,맞벌이 함,400-500만원 미만,3,0.657462687,0.699361142,0.228462377,0.784524976,0.316286645,0.550850399,0.356521739,트렌드 주도형 소비자,"자신의 취향과 경험을 중시하는 소비자 그룹입니다. 단순히 배를 채우는 것 이상의 가치를 추구하며, 새로운 제품을 가장 먼저 경험하고 공유하려는 경향이 강합니다"
1268,김서윤,남자,50대,판매 종사자,고졸(대학 재학 포함),부산광역시,1인 가구,미혼(사별/이혼 포함),맞벌이 하지 않음,200-300만원 미만,0,0.141791045,0.573468621,0.486095965,0.85798237,0.209446254,0.551891704,0.48826087,실속형 미식가,편리성을 중시하면서도 새로운 맛과 제품을 시도하는 데 적극적인 소비자 그룹입니다. 가격에 민감하기보다는 효율성과 맛을 동시에 추구합니다.
1269,김지호,남자,50대,서비스 종사자,대학교 졸업(전문대졸/대학원생 포함),세종특별자치시,1세대가족,기혼,맞벌이 함,500-600만원 미만,3,0.581343284,0.530251785,0.321973828,0.764936337,0.286319218,0.443248872,0.57826087,트렌드 주도형 소비자,"자신의 취향과 경험을 중시하는 소비자 그룹입니다. 단순히 배를 채우는 것 이상의 가치를 추구하며, 새로운 제품을 가장 먼저 경험하고 공유하려는 경향이 강합니다"
1270,강서준,여자,60대 이상,서비스 종사자,고졸(대학 재학 포함),세종특별자치시,1세대가족,기혼,맞벌이 함,400-500만원 미만,3,0.608955224,0.609169485,0.159760087,0.823702253,0.311400651,0.398472753,0.417391304,트렌드 주도형 소비자,"자신의 취향과 경험을 중시하는 소비자 그룹입니다. 단순히 배를 채우는 것 이상의 가치를 추구하며, 새로운 제품을 가장 먼저 경험하고 공유하려는 경향이 강합니다"
1271,김준서,남자,40대,사무 종사자,대학교 졸업(전문대졸/대학원생 포함),경기도,2세대가족,기혼,맞벌이 함,600-700만원 미만,3,0.56119403,0.641112364,0.247546347,0.85798237,0.298697068,0.335647345,0.391304348,트렌드 주도형 소비자,"자신의 취향과 경험을 중시하는 소비자 그룹입니다. 단순히 배를 채우는 것 이상의 가치를 추구하며, 새로운 제품을 가장 먼저 경험하고 공유하려는 경향이 강합니다"
1272,윤건우,여자,40대,서비스 종사자,대학교 졸업(전문대졸/대학원생 포함),서울특별시,2세대가족,기혼,맞벌이 함,500-600만원 미만,1,0.23358209,0.688087185,0.632224646,0.882468168,0.43713355,0.246442208,0.327391304,건강 추구형 소비자,가격이나 브랜드에 크게 구애받지 않고 건강을 최우선으로 고려하는 프리미엄 소비자 그룹입니다. 건강과 편리성을 모두 만족시키는 제품에 기꺼이 지갑을 엽니다.
1273,박시우,여자,60대 이상,주부,고졸(대학 재학 포함),경기도,1인 가구,미혼(사별/이혼 포함),맞벌이 하지 않음,200-300만원 미만,1,0.074626866,0.473881999,0.676390403,0.86287953,0.346905537,0.46129816,0.317391304,건강 추구형 소비자,가격이나 브랜드에 크게 구애받지 않고 건강을 최우선으로 고려하는 프리미엄 소비자 그룹입니다. 건강과 편리성을 모두 만족시키는 제품에 기꺼이 지갑을 엽니다.
1274,김주원,여자,60대 이상,농림어업 숙련 종사자,고졸(대학 재학 포함),충청남도,1세대가족,기혼,맞벌이 함,300-400만원 미만,3,0.63358209,0.579105599,0.068157034,0.784524976,0.374267101,0.648385977,0.326086957,트렌드 주도형 소비자,"자신의 취향과 경험을 중시하는 소비자 그룹입니다. 단순히 배를 채우는 것 이상의 가치를 추구하며, 새로운 제품을 가장 먼저 경험하고 공유하려는 경향이 강합니다"
1275,윤예준,여자,60대 이상,주부,대학교 졸업(전문대졸/대학원생 포함),충청남도,1세대가족,기혼,맞벌이 하지 않음,200-300만원 미만,3,0.843283582,0.688087185,0.336150491,0.784524976,0.465798046,0.520305449,0.469565217,트렌드 주도형 소비자,"자신의 취향과 경험을 중시하는 소비자 그룹입니다. 단순히 배를 채우는 것 이상의 가치를 추구하며, 새로운 제품을 가장 먼저 경험하고 공유하려는 경향이 강합니다"
1276,김서준,여자,40대,사무 종사자,대학교 졸업(전문대졸/대학원생 포함),대전광역시,2세대가족,기혼,맞벌이 함,500-600만원 미만,3,0.625373134,0.699361142,0.484732824,0.941234084,0.563843648,0.419298855,0.369565217,트렌드 주도형 소비자,"자신의 취향과 경험을 중시하는 소비자 그룹입니다. 단순히 배를 채우는 것 이상의 가치를 추구하며, 새로운 제품을 가장 먼저 경험하고 공유하려는 경향이 강합니다"
1277,김지민,여자,60대 이상,단순노무 종사자,대학교 졸업(전문대졸/대학원생 포함),대전광역시,2세대가족,기혼,맞벌이 함,700-800만원 미만,0,0.375373134,0.432544156,0.567611778,0.843290891,0.303908795,0.304755293,0.569565217,실속형 미식가,편리성을 중시하면서도 새로운 맛과 제품을 시도하는 데 적극적인 소비자 그룹입니다. 가격에 민감하기보다는 효율성과 맛을 동시에 추구합니다.
1278,정지호,여자,30대,사무 종사자,대학교 졸업(전문대졸/대학원생 포함),강원도,1세대가족,기혼,맞벌이 함,500-600만원 미만,3,0.765671642,0.669297257,0.464285714,0.980411361,0.718241042,0.401249566,0.565217391,트렌드 주도형 소비자,"자신의 취향과 경험을 중시하는 소비자 그룹입니다. 단순히 배를 채우는 것 이상의 가치를 추구하며, 새로운 제품을 가장 먼저 경험하고 공유하려는 경향이 강합니다"
1279,김서윤,여자,60대 이상,서비스 종사자,고졸(대학 재학 포함),경기도,1세대가족,기혼,맞벌이 함,500-600만원 미만,3,0.490298507,0.567831642,0.430207197,0.902056807,0.332247557,0.383200278,0.647826087,트렌드 주도형 소비자,"자신의 취향과 경험을 중시하는 소비자 그룹입니다. 단순히 배를 채우는 것 이상의 가치를 추구하며, 새로운 제품을 가장 먼저 경험하고 공유하려는 경향이 강합니다"
1280,최채원,여자,60대 이상,판매 종사자,고졸(대학 재학 포함),대전광역시,2세대가족,기혼,맞벌이 함,600-700만원 미만,3,0.514179104,0.463735438,0.507906216,0.843290891,0.343322476,0.27351614,0.583913043,트렌드 주도형 소비자,"자신의 취향과 경험을 중시하는 소비자 그룹입니다. 단순히 배를 채우는 것 이상의 가치를 추구하며, 새로운 제품을 가장 먼저 경험하고 공유하려는 경향이 강합니다"
1281,정준서,여자,30대,사무 종사자,대학교 졸업(전문대졸/대학원생 포함),경기도,1세대가족,기혼,맞벌이 함,600-700만원 미만,1,0.196268657,0.447576099,0.758451472,0.902056807,0.450162866,0.35091982,0.508695652,건강 추구형 소비자,가격이나 브랜드에 크게 구애받지 않고 건강을 최우선으로 고려하는 프리미엄 소비자 그룹입니다. 건강과 편리성을 모두 만족시키는 제품에 기꺼이 지갑을 엽니다.
1282,임준서,남자,60대 이상,농림어업 숙련 종사자,고졸(대학 재학 포함),충청남도,1세대가족,기혼,맞벌이 하지 않음,100만원 미만,0,0.218656716,0.577226607,0.457470011,0.737512243,0.200651466,0.307185005,0.356521739,실속형 미식가,편리성을 중시하면서도 새로운 맛과 제품을 시도하는 데 적극적인 소비자 그룹입니다. 가격에 민감하기보다는 효율성과 맛을 동시에 추구합니다.
1283,조민준,여자,60대 이상,판매 종사자,대학교 졸업(전문대졸/대학원생 포함),대전광역시,1인 가구,미혼(사별/이혼 포함),맞벌이 하지 않음,300-400만원 미만,3,0.487313433,0.552799699,0.464558342,0.804113614,0.390228013,0.266574106,0.37826087,트렌드 주도형 소비자,"자신의 취향과 경험을 중시하는 소비자 그룹입니다. 단순히 배를 채우는 것 이상의 가치를 추구하며, 새로운 제품을 가장 먼저 경험하고 공유하려는 경향이 강합니다"
1284,최지우,여자,50대,서비스 종사자,고졸(대학 재학 포함),충청북도,1세대가족,기혼,맞벌이 함,500-600만원 미만,3,0.482089552,0.646749342,0.477371865,0.843290891,0.451791531,0.249219021,0.391304348,트렌드 주도형 소비자,"자신의 취향과 경험을 중시하는 소비자 그룹입니다. 단순히 배를 채우는 것 이상의 가치를 추구하며, 새로운 제품을 가장 먼저 경험하고 공유하려는 경향이 강합니다"
1285,박지원,남자,60대 이상,기능원 및 관련 기능 종사자,고졸(대학 재학 포함),경기도,1인 가구,미혼(사별/이혼 포함),맞벌이 하지 않음,300-400만원 미만,1,0.18358209,0.462608042,0.663576881,0.921645446,0.286970684,0.417216244,0.386956522,건강 추구형 소비자,가격이나 브랜드에 크게 구애받지 않고 건강을 최우선으로 고려하는 프리미엄 소비자 그룹입니다. 건강과 편리성을 모두 만족시키는 제품에 기꺼이 지갑을 엽니다.
1286,김지호,남자,60대 이상,농림어업 숙련 종사자,고졸(대학 재학 포함),충청남도,1세대가족,기혼,맞벌이 함,100-200만원 미만,0,0.16641791,0.517098835,0.386586696,0.799216454,0.280456026,0.333911836,0.313043478,실속형 미식가,편리성을 중시하면서도 새로운 맛과 제품을 시도하는 데 적극적인 소비자 그룹입니다. 가격에 민감하기보다는 효율성과 맛을 동시에 추구합니다.
1287,조도윤,여자,40대,주부,대학교 졸업(전문대졸/대학원생 포함),경기도,2세대가족,기혼,맞벌이 하지 않음,300-400만원 미만,1,0.468656716,0.511461856,0.535441658,0.686581783,0.514332248,0.322110378,0.282608696,건강 추구형 소비자,가격이나 브랜드에 크게 구애받지 않고 건강을 최우선으로 고려하는 프리미엄 소비자 그룹입니다. 건강과 편리성을 모두 만족시키는 제품에 기꺼이 지갑을 엽니다.
1288,한도윤,여자,50대,주부,고졸(대학 재학 포함),대구광역시,1세대가족,기혼,맞벌이 하지 않음,500-600만원 미만,0,0.354477612,0.7106351,0.248636859,0.86287953,0.220846906,0.517181534,0.469565217,실속형 미식가,편리성을 중시하면서도 새로운 맛과 제품을 시도하는 데 적극적인 소비자 그룹입니다. 가격에 민감하기보다는 효율성과 맛을 동시에 추구합니다.
1289,최시우,여자,40대,서비스 종사자,고졸(대학 재학 포함),충청북도,2세대가족,기혼,맞벌이 함,500-600만원 미만,0,0.402985075,0.601653514,0.398309706,0.843290891,0.237785016,0.306490802,0.656521739,실속형 미식가,편리성을 중시하면서도 새로운 맛과 제품을 시도하는 데 적극적인 소비자 그룹입니다. 가격에 민감하기보다는 효율성과 맛을 동시에 추구합니다.
1290,윤민준,여자,30대,사무 종사자,대학교 졸업(전문대졸/대학원생 포함),경기도,1세대가족,기혼,맞벌이 함,600-700만원 미만,1,0.181343284,0.447576099,0.76172301,0.902056807,0.421498371,0.366539396,0.469565217,건강 추구형 소비자,가격이나 브랜드에 크게 구애받지 않고 건강을 최우선으로 고려하는 프리미엄 소비자 그룹입니다. 건강과 편리성을 모두 만족시키는 제품에 기꺼이 지갑을 엽니다.
1291,강서윤,여자,40대,주부,대학교 졸업(전문대졸/대학원생 포함),경상북도,2세대가족,기혼,맞벌이 하지 않음,500-600만원 미만,1,0.444776119,0.394964299,0.546074155,0.764936337,0.584364821,0.352308226,0.439130435,건강 추구형 소비자,가격이나 브랜드에 크게 구애받지 않고 건강을 최우선으로 고려하는 프리미엄 소비자 그룹입니다. 건강과 편리성을 모두 만족시키는 제품에 기꺼이 지갑을 엽니다.
1292,조지민,여자,40대,농림어업 숙련 종사자,고졸(대학 재학 포함),충청남도,2세대가족,기혼,맞벌이 함,300-400만원 미만,3,0.660447761,0.500187899,0.337513631,0.882468168,0.482084691,0.761888233,0.666521739,트렌드 주도형 소비자,"자신의 취향과 경험을 중시하는 소비자 그룹입니다. 단순히 배를 채우는 것 이상의 가치를 추구하며, 새로운 제품을 가장 먼저 경험하고 공유하려는 경향이 강합니다"
1293,최예은,여자,60대 이상,판매 종사자,고졸(대학 재학 포함),부산광역시,1인 가구,미혼(사별/이혼 포함),맞벌이 하지 않음,200-300만원 미만,0,0.203731343,0.539646749,0.501363141,0.877571009,0.163843648,0.467545991,0.517391304,실속형 미식가,편리성을 중시하면서도 새로운 맛과 제품을 시도하는 데 적극적인 소비자 그룹입니다. 가격에 민감하기보다는 효율성과 맛을 동시에 추구합니다.
1294,김하준,여자,30대,판매 종사자,대학교 졸업(전문대졸/대학원생 포함),경상북도,1세대가족,기혼,맞벌이 함,600-700만원 미만,1,0.71119403,0.492671928,0.602780807,0.706170421,0.471009772,0.324192989,0.1,건강 추구형 소비자,가격이나 브랜드에 크게 구애받지 않고 건강을 최우선으로 고려하는 프리미엄 소비자 그룹입니다. 건강과 편리성을 모두 만족시키는 제품에 기꺼이 지갑을 엽니다.
1295,임하준,남자,30대,사무 종사자,대학교 졸업(전문대졸/대학원생 포함),경상북도,1인 가구,미혼(사별/이혼 포함),맞벌이 하지 않음,200-300만원 미만,0,0.207462687,0.458098459,0.149945474,0.740450539,0.253420195,0.343630684,0.391304348,실속형 미식가,편리성을 중시하면서도 새로운 맛과 제품을 시도하는 데 적극적인 소비자 그룹입니다. 가격에 민감하기보다는 효율성과 맛을 동시에 추구합니다.
1296,윤지우,여자,40대,사무 종사자,대학교 졸업(전문대졸/대학원생 포함),경기도,2세대가족,기혼,맞벌이 함,700-800만원 미만,1,0.532089552,0.560315671,0.640130862,0.72575906,0.536807818,0.259632072,0.260869565,건강 추구형 소비자,가격이나 브랜드에 크게 구애받지 않고 건강을 최우선으로 고려하는 프리미엄 소비자 그룹입니다. 건강과 편리성을 모두 만족시키는 제품에 기꺼이 지갑을 엽니다.
1297,최지우,여자,50대,판매 종사자,고졸(대학 재학 포함),강원도,2세대가족,기혼,맞벌이 함,400-500만원 미만,3,0.765671642,0.482525366,0.497001091,0.86287953,0.664820847,0.478306144,0.634782609,트렌드 주도형 소비자,"자신의 취향과 경험을 중시하는 소비자 그룹입니다. 단순히 배를 채우는 것 이상의 가치를 추구하며, 새로운 제품을 가장 먼저 경험하고 공유하려는 경향이 강합니다"
1298,박지우,여자,40대,전문가 및 관련 종사자,대학원 졸업 이상,대구광역시,2세대가족,기혼,맞벌이 함,500-600만원 미만,0,0.453731343,0.797068771,0.194656489,0.980411361,0.185016287,0.483512669,0.42173913,실속형 미식가,편리성을 중시하면서도 새로운 맛과 제품을 시도하는 데 적극적인 소비자 그룹입니다. 가격에 민감하기보다는 효율성과 맛을 동시에 추구합니다.
1299,강지우,여자,60대 이상,주부,고졸(대학 재학 포함),경기도,1세대가족,기혼,맞벌이 하지 않음,200-300만원 미만,1,0.074626866,0.440060128,0.707197383,0.882468168,0.384364821,0.416174939,0.317391304,건강 추구형 소비자,가격이나 브랜드에 크게 구애받지 않고 건강을 최우선으로 고려하는 프리미엄 소비자 그룹입니다. 건강과 편리성을 모두 만족시키는 제품에 기꺼이 지갑을 엽니다.
1300,박지호,남자,40대,서비스 종사자,고졸(대학 재학 포함),경상남도,2세대가족,기혼,맞벌이 함,400-500만원 미만,3,0.53880597,0.512589252,0.33478735,0.784524976,0.404560261,0.383894481,0.460869565,트렌드 주도형 소비자,"자신의 취향과 경험을 중시하는 소비자 그룹입니다. 단순히 배를 채우는 것 이상의 가치를 추구하며, 새로운 제품을 가장 먼저 경험하고 공유하려는 경향이 강합니다"
1301,한지우,남자,50대,학생,고졸(대학 재학 포함),서울특별시,2세대가족,미혼(사별/이혼 포함),맞벌이 하지 않음,300-400만원 미만,3,0.475373134,0.602780909,0.446564885,0.921645446,0.35504886,0.503644568,0.391304348,트렌드 주도형 소비자,"자신의 취향과 경험을 중시하는 소비자 그룹입니다. 단순히 배를 채우는 것 이상의 가치를 추구하며, 새로운 제품을 가장 먼저 경험하고 공유하려는 경향이 강합니다"
1302,윤준서,여자,30대,서비스 종사자,대학교 졸업(전문대졸/대학원생 포함),강원도,1인 가구,미혼(사별/이혼 포함),맞벌이 하지 않음,300-400만원 미만,3,0.829104478,0.621570838,0.492366412,0.941234084,0.691856678,0.437348143,0.517391304,트렌드 주도형 소비자,"자신의 취향과 경험을 중시하는 소비자 그룹입니다. 단순히 배를 채우는 것 이상의 가치를 추구하며, 새로운 제품을 가장 먼저 경험하고 공유하려는 경향이 강합니다"
1303,이민준,여자,40대,서비스 종사자,대학교 졸업(전문대졸/대학원생 포함),대구광역시,2세대가족,기혼,맞벌이 함,500-600만원 미만,0,0.397761194,0.631717399,0.434296619,0.764936337,0.355700326,0.471711211,0.386956522,실속형 미식가,편리성을 중시하면서도 새로운 맛과 제품을 시도하는 데 적극적인 소비자 그룹입니다. 가격에 민감하기보다는 효율성과 맛을 동시에 추구합니다.
1304,이서연,여자,50대,주부,중졸 이하,경상남도,3세대가족,미혼(사별/이혼 포함),맞벌이 하지 않음,300-400만원 미만,0,0.544776119,0.596768132,0.250272628,0.585700294,0.276872964,0.44081916,0.452173913,실속형 미식가,편리성을 중시하면서도 새로운 맛과 제품을 시도하는 데 적극적인 소비자 그룹입니다. 가격에 민감하기보다는 효율성과 맛을 동시에 추구합니다.
1305,조도윤,남자,30대,판매 종사자,고졸(대학 재학 포함),경상북도,1인 가구,미혼(사별/이혼 포함),맞벌이 하지 않음,300-400만원 미만,3,0.613432836,0.373543781,0.340239913,0.72575906,0.394788274,0.507809788,0.62173913,트렌드 주도형 소비자,"자신의 취향과 경험을 중시하는 소비자 그룹입니다. 단순히 배를 채우는 것 이상의 가치를 추구하며, 새로운 제품을 가장 먼저 경험하고 공유하려는 경향이 강합니다"
1306,한채원,남자,40대,사무 종사자,고졸(대학 재학 포함),충청북도,2세대가족,기혼,맞벌이 함,500-600만원 미만,0,0.380597015,0.593385945,0.253816794,0.779627816,0.247557003,0.13884068,0.3,실속형 미식가,편리성을 중시하면서도 새로운 맛과 제품을 시도하는 데 적극적인 소비자 그룹입니다. 가격에 민감하기보다는 효율성과 맛을 동시에 추구합니다.
1307,박지민,여자,50대,서비스 종사자,고졸(대학 재학 포함),경기도,2세대가족,기혼,맞벌이 함,700-800만원 미만,1,0.201492537,0.417512213,0.889312977,0.843290891,0.547557003,0.335300243,0.356521739,건강 추구형 소비자,가격이나 브랜드에 크게 구애받지 않고 건강을 최우선으로 고려하는 프리미엄 소비자 그룹입니다. 건강과 편리성을 모두 만족시키는 제품에 기꺼이 지갑을 엽니다.
1308,박채원,여자,30대,사무 종사자,대학교 졸업(전문대졸/대학원생 포함),강원도,1세대가족,기혼,맞벌이 함,500-600만원 미만,3,0.652985075,0.481397971,0.546892039,0.921645446,0.782084691,0.360985769,0.552173913,트렌드 주도형 소비자,"자신의 취향과 경험을 중시하는 소비자 그룹입니다. 단순히 배를 채우는 것 이상의 가치를 추구하며, 새로운 제품을 가장 먼저 경험하고 공유하려는 경향이 강합니다"
1309,임지원,남자,20대,사무 종사자,대학교 졸업(전문대졸/대학원생 포함),경상북도,1인 가구,미혼(사별/이혼 포함),맞벌이 하지 않음,400-500만원 미만,3,0.701492537,0.518977828,0.231188659,0.706170421,0.554723127,0.305796598,0.282608696,트렌드 주도형 소비자,"자신의 취향과 경험을 중시하는 소비자 그룹입니다. 단순히 배를 채우는 것 이상의 가치를 추구하며, 새로운 제품을 가장 먼저 경험하고 공유하려는 경향이 강합니다"
1310,한하준,남자,60대 이상,판매 종사자,대학교 졸업(전문대졸/대학원생 포함),충청남도,1세대가족,기혼,맞벌이 함,200-300만원 미만,1,0.338059701,0.475760992,0.566521265,0.799216454,0.421172638,0.264838598,0.413043478,건강 추구형 소비자,가격이나 브랜드에 크게 구애받지 않고 건강을 최우선으로 고려하는 프리미엄 소비자 그룹입니다. 건강과 편리성을 모두 만족시키는 제품에 기꺼이 지갑을 엽니다.
1311,한수아,남자,20대,서비스 종사자,고졸(대학 재학 포함),강원도,1인 가구,미혼(사별/이혼 포함),맞벌이 하지 않음,200-300만원 미만,3,0.73880597,0.565201052,0.349781897,0.902056807,0.641368078,0.392224922,0.604347826,트렌드 주도형 소비자,"자신의 취향과 경험을 중시하는 소비자 그룹입니다. 단순히 배를 채우는 것 이상의 가치를 추구하며, 새로운 제품을 가장 먼저 경험하고 공유하려는 경향이 강합니다"
1312,윤지호,여자,20대,사무 종사자,대학교 졸업(전문대졸/대학원생 포함),충청남도,1인 가구,미혼(사별/이혼 포함),맞벌이 하지 않음,300-400만원 미만,0,0.385074627,0.892897407,0.424754635,0.897159647,0.257003257,0.240541479,0.201304348,실속형 미식가,편리성을 중시하면서도 새로운 맛과 제품을 시도하는 데 적극적인 소비자 그룹입니다. 가격에 민감하기보다는 효율성과 맛을 동시에 추구합니다.
1313,강서연,여자,60대 이상,단순노무 종사자,중졸 이하,강원도,1인 가구,미혼(사별/이혼 포함),맞벌이 하지 않음,200-300만원 미만,3,0.728358209,0.535137166,0.529716467,0.86287953,0.743322476,0.413051024,0.51,트렌드 주도형 소비자,"자신의 취향과 경험을 중시하는 소비자 그룹입니다. 단순히 배를 채우는 것 이상의 가치를 추구하며, 새로운 제품을 가장 먼저 경험하고 공유하려는 경향이 강합니다"
1314,김서연,여자,60대 이상,기능원 및 관련 기능 종사자,고졸(대학 재학 포함),경기도,1세대가족,기혼,맞벌이 하지 않음,300-400만원 미만,1,0.498507463,0.605411499,0.694111232,0.686581783,0.507491857,0.226657411,0.2,건강 추구형 소비자,가격이나 브랜드에 크게 구애받지 않고 건강을 최우선으로 고려하는 프리미엄 소비자 그룹입니다. 건강과 편리성을 모두 만족시키는 제품에 기꺼이 지갑을 엽니다.
1315,박지민,여자,40대,주부,대학교 졸업(전문대졸/대학원생 포함),대구광역시,2세대가족,기혼,맞벌이 하지 않음,300-400만원 미만,0,0.295522388,0.413754228,0.413304253,0.72575906,0.337459283,0.448802499,0.317391304,실속형 미식가,편리성을 중시하면서도 새로운 맛과 제품을 시도하는 데 적극적인 소비자 그룹입니다. 가격에 민감하기보다는 효율성과 맛을 동시에 추구합니다.
1316,임예은,여자,40대,주부,고졸(대학 재학 포함),강원도,2세대가족,기혼,맞벌이 하지 않음,400-500만원 미만,3,0.66119403,0.590379557,0.502453653,0.941234084,0.63257329,0.421034363,0.530434783,트렌드 주도형 소비자,"자신의 취향과 경험을 중시하는 소비자 그룹입니다. 단순히 배를 채우는 것 이상의 가치를 추구하며, 새로운 제품을 가장 먼저 경험하고 공유하려는 경향이 강합니다"
1317,박지호,여자,40대,취업 준비 중,대학교 졸업(전문대졸/대학원생 포함),제주특별자치도,1인 가구,미혼(사별/이혼 포함),맞벌이 하지 않음,100-200만원 미만,0,0.063432836,0.845922585,0.241548528,0.72575906,0.01465798,0.472058313,0.252173913,실속형 미식가,편리성을 중시하면서도 새로운 맛과 제품을 시도하는 데 적극적인 소비자 그룹입니다. 가격에 민감하기보다는 효율성과 맛을 동시에 추구합니다.
1318,정주원,여자,30대,사무 종사자,대학교 졸업(전문대졸/대학원생 포함),경상북도,1인 가구,미혼(사별/이혼 포함),맞벌이 하지 않음,400-500만원 미만,3,0.770895522,0.526493799,0.437295529,0.686581783,0.497068404,0.330093717,0.491304348,트렌드 주도형 소비자,"자신의 취향과 경험을 중시하는 소비자 그룹입니다. 단순히 배를 채우는 것 이상의 가치를 추구하며, 새로운 제품을 가장 먼저 경험하고 공유하려는 경향이 강합니다"
1319,임하은,여자,50대,사무 종사자,대학교 졸업(전문대졸/대학원생 포함),제주특별자치도,1인 가구,미혼(사별/이혼 포함),맞벌이 하지 않음,200-300만원 미만,0,0.119402985,0.381811349,0.320610687,0.701273262,0.379153094,0.255466852,0.786956522,실속형 미식가,편리성을 중시하면서도 새로운 맛과 제품을 시도하는 데 적극적인 소비자 그룹입니다. 가격에 민감하기보다는 효율성과 맛을 동시에 추구합니다.
1320,조건우,여자,50대,서비스 종사자,고졸(대학 재학 포함),경기도,2세대가족,기혼,맞벌이 함,500-600만원 미만,0,0.246268657,0.490792935,0.278898582,0.701273262,0.137785016,0.500520653,0.430434783,실속형 미식가,편리성을 중시하면서도 새로운 맛과 제품을 시도하는 데 적극적인 소비자 그룹입니다. 가격에 민감하기보다는 효율성과 맛을 동시에 추구합니다.
1321,임지우,여자,30대,사무 종사자,대학교 졸업(전문대졸/대학원생 포함),경상북도,1세대가족,기혼,맞벌이 함,600-700만원 미만,1,0.455223881,0.357384442,0.591057797,0.686581783,0.441368078,0.271086428,0.547826087,건강 추구형 소비자,가격이나 브랜드에 크게 구애받지 않고 건강을 최우선으로 고려하는 프리미엄 소비자 그룹입니다. 건강과 편리성을 모두 만족시키는 제품에 기꺼이 지갑을 엽니다.
1322,이예준,여자,40대,서비스 종사자,대학교 졸업(전문대졸/대학원생 포함),경기도,2세대가족,기혼,맞벌이 함,500-600만원 미만,3,0.4,0.477639985,0.383315158,0.804113614,0.50228013,0.253384242,0.630434783,트렌드 주도형 소비자,"자신의 취향과 경험을 중시하는 소비자 그룹입니다. 단순히 배를 채우는 것 이상의 가치를 추구하며, 새로운 제품을 가장 먼저 경험하고 공유하려는 경향이 강합니다"
1323,조지호,여자,40대,주부,대학교 졸업(전문대졸/대학원생 포함),경기도,2세대가족,기혼,맞벌이 하지 않음,600-700만원 미만,3,0.417910448,0.597895528,0.67257361,0.941234084,0.423127036,0.260326276,0.608695652,트렌드 주도형 소비자,"자신의 취향과 경험을 중시하는 소비자 그룹입니다. 단순히 배를 채우는 것 이상의 가치를 추구하며, 새로운 제품을 가장 먼저 경험하고 공유하려는 경향이 강합니다"
1324,강채원,여자,40대,판매 종사자,대학교 졸업(전문대졸/대학원생 포함),경기도,2세대가족,기혼,맞벌이 함,500-600만원 미만,0,0.28358209,0.571589628,0.408942203,0.784524976,0.343973941,0.239500174,0.630434783,실속형 미식가,편리성을 중시하면서도 새로운 맛과 제품을 시도하는 데 적극적인 소비자 그룹입니다. 가격에 민감하기보다는 효율성과 맛을 동시에 추구합니다.
1325,조건우,여자,40대,주부,대학교 졸업(전문대졸/대학원생 포함),경기도,1세대가족,기혼,맞벌이 하지 않음,300-400만원 미만,3,0.492537313,0.556557685,0.340239913,0.882468168,0.330944625,0.159666782,0.617391304,트렌드 주도형 소비자,"자신의 취향과 경험을 중시하는 소비자 그룹입니다. 단순히 배를 채우는 것 이상의 가치를 추구하며, 새로운 제품을 가장 먼저 경험하고 공유하려는 경향이 강합니다"
1326,한서준,여자,40대,서비스 종사자,대학교 졸업(전문대졸/대학원생 포함),경상북도,1인 가구,미혼(사별/이혼 포함),맞벌이 하지 않음,300-400만원 미만,1,0.420149254,0.379932356,0.586423119,0.745347698,0.470032573,0.415133634,0.456521739,건강 추구형 소비자,가격이나 브랜드에 크게 구애받지 않고 건강을 최우선으로 고려하는 프리미엄 소비자 그룹입니다. 건강과 편리성을 모두 만족시키는 제품에 기꺼이 지갑을 엽니다.
1327,조예준,여자,60대 이상,서비스 종사자,대학원 졸업 이상,경기도,2세대가족,기혼,맞벌이 함,800-900만원 미만,0,0.343283582,0.470124014,0.397219193,0.784524976,0.300325733,0.183963901,0.669565217,실속형 미식가,편리성을 중시하면서도 새로운 맛과 제품을 시도하는 데 적극적인 소비자 그룹입니다. 가격에 민감하기보다는 효율성과 맛을 동시에 추구합니다.
1328,김예은,여자,60대 이상,사무 종사자,대학교 졸업(전문대졸/대학원생 포함),경기도,2세대가족,기혼,맞벌이 함,800-900만원 미만,3,0.507462687,0.609169485,0.394492912,0.86287953,0.336156352,0.236029157,0.647826087,트렌드 주도형 소비자,"자신의 취향과 경험을 중시하는 소비자 그룹입니다. 단순히 배를 채우는 것 이상의 가치를 추구하며, 새로운 제품을 가장 먼저 경험하고 공유하려는 경향이 강합니다"
1329,정지우,여자,60대 이상,주부,고졸(대학 재학 포함),서울특별시,1인 가구,미혼(사별/이혼 포함),맞벌이 하지 않음,100-200만원 미만,3,0.703731343,0.443818113,0.588331516,0.843290891,0.630618893,0.289135717,0.473913043,트렌드 주도형 소비자,"자신의 취향과 경험을 중시하는 소비자 그룹입니다. 단순히 배를 채우는 것 이상의 가치를 추구하며, 새로운 제품을 가장 먼저 경험하고 공유하려는 경향이 강합니다"
1330,임건우,여자,60대 이상,주부,고졸(대학 재학 포함),부산광역시,1세대가족,기혼,맞벌이 하지 않음,300-400만원 미만,3,0.694029851,0.571589628,0.416575791,0.804113614,0.434201954,0.34293648,0.562173913,트렌드 주도형 소비자,"자신의 취향과 경험을 중시하는 소비자 그룹입니다. 단순히 배를 채우는 것 이상의 가치를 추구하며, 새로운 제품을 가장 먼저 경험하고 공유하려는 경향이 강합니다"
1331,정민준,여자,40대,사무 종사자,대학교 졸업(전문대졸/대학원생 포함),경기도,2세대가족,기혼,맞벌이 함,600-700만원 미만,0,0.257462687,0.785794814,0.317611778,0.882468168,0.186644951,0.194376952,0.373913043,실속형 미식가,편리성을 중시하면서도 새로운 맛과 제품을 시도하는 데 적극적인 소비자 그룹입니다. 가격에 민감하기보다는 효율성과 맛을 동시에 추구합니다.
1332,김민준,남자,30대,사무 종사자,대학교 졸업(전문대졸/대학원생 포함),충청남도,1세대가족,기혼,맞벌이 함,600-700만원 미만,1,0.539552239,0.727546035,0.531897492,0.85798237,0.468729642,0.272821937,0.282608696,건강 추구형 소비자,가격이나 브랜드에 크게 구애받지 않고 건강을 최우선으로 고려하는 프리미엄 소비자 그룹입니다. 건강과 편리성을 모두 만족시키는 제품에 기꺼이 지갑을 엽니다.
1333,정도윤,여자,50대,판매 종사자,고졸(대학 재학 포함),충청남도,1세대가족,기혼,맞벌이 함,300-400만원 미만,0,0.332835821,0.592258549,0.272628135,0.818805093,0.263517915,0.209302326,0.352173913,실속형 미식가,편리성을 중시하면서도 새로운 맛과 제품을 시도하는 데 적극적인 소비자 그룹입니다. 가격에 민감하기보다는 효율성과 맛을 동시에 추구합니다.
1334,윤건우,여자,50대,주부,고졸(대학 재학 포함),부산광역시,1세대가족,기혼,맞벌이 하지 않음,300-400만원 미만,3,0.838059701,0.579105599,0.445474373,0.784524976,0.540390879,0.280458174,0.639130435,트렌드 주도형 소비자,"자신의 취향과 경험을 중시하는 소비자 그룹입니다. 단순히 배를 채우는 것 이상의 가치를 추구하며, 새로운 제품을 가장 먼저 경험하고 공유하려는 경향이 강합니다"
1335,이채원,여자,50대,판매 종사자,고졸(대학 재학 포함),충청남도,1세대가족,기혼,맞벌이 함,300-400만원 미만,1,0.325373134,0.683577602,0.621046892,0.818805093,0.332899023,0.2856647,0.360869565,건강 추구형 소비자,가격이나 브랜드에 크게 구애받지 않고 건강을 최우선으로 고려하는 프리미엄 소비자 그룹입니다. 건강과 편리성을 모두 만족시키는 제품에 기꺼이 지갑을 엽니다.
1336,임채원,여자,60대 이상,주부,중졸 이하,충청남도,1세대가족,기혼,맞벌이 하지 않음,100-200만원 미만,0,0.186567164,0.798947764,0.392039258,0.760039177,0.172638436,0.35300243,0.236086957,실속형 미식가,편리성을 중시하면서도 새로운 맛과 제품을 시도하는 데 적극적인 소비자 그룹입니다. 가격에 민감하기보다는 효율성과 맛을 동시에 추구합니다.
1337,최예은,여자,60대 이상,주부,고졸(대학 재학 포함),강원도,1세대가족,기혼,맞벌이 하지 않음,300-400만원 미만,1,0.463432836,0.391206313,0.829062159,0.804113614,0.365472313,0.156195765,0.139130435,건강 추구형 소비자,가격이나 브랜드에 크게 구애받지 않고 건강을 최우선으로 고려하는 프리미엄 소비자 그룹입니다. 건강과 편리성을 모두 만족시키는 제품에 기꺼이 지갑을 엽니다.
1338,최민서,여자,60대 이상,서비스 종사자,중졸 이하,충청북도,1세대가족,기혼,맞벌이 함,500-600만원 미만,0,0.231343284,0.585869974,0.238822246,0.779627816,0.173615635,0.170079833,0.304347826,실속형 미식가,편리성을 중시하면서도 새로운 맛과 제품을 시도하는 데 적극적인 소비자 그룹입니다. 가격에 민감하기보다는 효율성과 맛을 동시에 추구합니다.
1339,강주원,남자,60대 이상,서비스 종사자,고졸(대학 재학 포함),충청북도,1세대가족,기혼,맞벌이 함,500-600만원 미만,0,0.410447761,0.468245021,0.288713195,0.779627816,0.274592834,0.190905935,0.427391304,실속형 미식가,편리성을 중시하면서도 새로운 맛과 제품을 시도하는 데 적극적인 소비자 그룹입니다. 가격에 민감하기보다는 효율성과 맛을 동시에 추구합니다.
1340,임채원,여자,50대,서비스 종사자,고졸(대학 재학 포함),충청북도,2세대가족,기혼,맞벌이 함,500-600만원 미만,0,0.432835821,0.502066892,0.305888768,0.779627816,0.33713355,0.13884068,0.366521739,실속형 미식가,편리성을 중시하면서도 새로운 맛과 제품을 시도하는 데 적극적인 소비자 그룹입니다. 가격에 민감하기보다는 효율성과 맛을 동시에 추구합니다.
1341,임하은,남자,30대,사무 종사자,대학교 졸업(전문대졸/대학원생 포함),충청북도,1세대가족,기혼,맞벌이 함,500-600만원 미만,0,0.313432836,0.593385945,0.245092694,0.779627816,0.218241042,0.159666782,0.37826087,실속형 미식가,편리성을 중시하면서도 새로운 맛과 제품을 시도하는 데 적극적인 소비자 그룹입니다. 가격에 민감하기보다는 효율성과 맛을 동시에 추구합니다.
1342,이준서,여자,30대,사무 종사자,대학교 졸업(전문대졸/대학원생 포함),경기도,1세대가족,기혼,맞벌이 함,600-700만원 미만,0,0.364925373,0.376174371,0.281079607,0.823702253,0.21237785,0.199583478,0.847826087,실속형 미식가,편리성을 중시하면서도 새로운 맛과 제품을 시도하는 데 적극적인 소비자 그룹입니다. 가격에 민감하기보다는 효율성과 맛을 동시에 추구합니다.
1343,정예은,여자,30대,사무 종사자,대학교 졸업(전문대졸/대학원생 포함),경기도,1인 가구,미혼(사별/이혼 포함),맞벌이 하지 않음,300-400만원 미만,0,0.108208955,0.451334085,0.278353326,0.804113614,0.22247557,0.204790003,0.601304348,실속형 미식가,편리성을 중시하면서도 새로운 맛과 제품을 시도하는 데 적극적인 소비자 그룹입니다. 가격에 민감하기보다는 효율성과 맛을 동시에 추구합니다.
1344,한시우,여자,60대 이상,판매 종사자,대학교 졸업(전문대졸/대학원생 포함),경상남도,2세대가족,기혼,맞벌이 함,500-600만원 미만,1,0.104477612,0.455092071,0.747546347,0.72575906,0.281107492,0.149253731,0.217391304,건강 추구형 소비자,가격이나 브랜드에 크게 구애받지 않고 건강을 최우선으로 고려하는 프리미엄 소비자 그룹입니다. 건강과 편리성을 모두 만족시키는 제품에 기꺼이 지갑을 엽니다.
1345,한예은,남자,40대,사무 종사자,대학교 졸업(전문대졸/대학원생 포함),충청북도,2세대가족,기혼,맞벌이 함,500-600만원 미만,0,0.47761194,0.543404735,0.309432933,0.799216454,0.260586319,0.13884068,0.352173913,실속형 미식가,편리성을 중시하면서도 새로운 맛과 제품을 시도하는 데 적극적인 소비자 그룹입니다. 가격에 민감하기보다는 효율성과 맛을 동시에 추구합니다.
1346,강서연,여자,50대,사무 종사자,대학교 졸업(전문대졸/대학원생 포함),경기도,2세대가족,기혼,맞벌이 함,700-800만원 미만,0,0.138059701,0.526493799,0.42693566,0.86287953,0.139413681,0.222145089,0.786956522,실속형 미식가,편리성을 중시하면서도 새로운 맛과 제품을 시도하는 데 적극적인 소비자 그룹입니다. 가격에 민감하기보다는 효율성과 맛을 동시에 추구합니다.
1347,임서윤,남자,30대,판매 종사자,대학교 졸업(전문대졸/대학원생 포함),경상남도,1세대가족,미혼(사별/이혼 포함),맞벌이 하지 않음,400-500만원 미만,0,0.104477612,0.560315671,0.337513631,0.804113614,0.128013029,0.211732037,0.230434783,실속형 미식가,편리성을 중시하면서도 새로운 맛과 제품을 시도하는 데 적극적인 소비자 그룹입니다. 가격에 민감하기보다는 효율성과 맛을 동시에 추구합니다.
1348,강지민,여자,60대 이상,서비스 종사자,대학교 졸업(전문대졸/대학원생 포함),인천광역시,2세대가족,기혼,맞벌이 함,"900-1,000만원 미만",0,0.104477612,0.443818113,0.481733915,0.804113614,0.261889251,0.237070462,0.782608696,실속형 미식가,편리성을 중시하면서도 새로운 맛과 제품을 시도하는 데 적극적인 소비자 그룹입니다. 가격에 민감하기보다는 효율성과 맛을 동시에 추구합니다.
1349,박하준,여자,50대,판매 종사자,고졸(대학 재학 포함),충청북도,1세대가족,기혼,맞벌이 함,500-600만원 미만,0,0.328358209,0.577226607,0.302344602,0.779627816,0.234527687,0.142311697,0.234782609,실속형 미식가,편리성을 중시하면서도 새로운 맛과 제품을 시도하는 데 적극적인 소비자 그룹입니다. 가격에 민감하기보다는 효율성과 맛을 동시에 추구합니다.
1350,이지민,남자,60대 이상,판매 종사자,고졸(대학 재학 포함),충청북도,2세대가족,기혼,맞벌이 함,500-600만원 미만,0,0.291044776,0.580984592,0.242366412,0.701273262,0.22247557,0.118014578,0.243478261,실속형 미식가,편리성을 중시하면서도 새로운 맛과 제품을 시도하는 데 적극적인 소비자 그룹입니다. 가격에 민감하기보다는 효율성과 맛을 동시에 추구합니다.
1351,이하은,여자,40대,판매 종사자,고졸(대학 재학 포함),충청북도,2세대가족,기혼,맞벌이 함,500-600만원 미만,0,0.395522388,0.496429914,0.358778626,0.764936337,0.328990228,0.124956612,0.347826087,실속형 미식가,편리성을 중시하면서도 새로운 맛과 제품을 시도하는 데 적극적인 소비자 그룹입니다. 가격에 민감하기보다는 효율성과 맛을 동시에 추구합니다.
1352,조시우,여자,60대 이상,판매 종사자,고졸(대학 재학 포함),충청북도,1세대가족,기혼,맞벌이 함,400-500만원 미만,3,0.52238806,0.534009771,0.556161396,0.843290891,0.302931596,0.412703922,0.504347826,트렌드 주도형 소비자,"자신의 취향과 경험을 중시하는 소비자 그룹입니다. 단순히 배를 채우는 것 이상의 가치를 추구하며, 새로운 제품을 가장 먼저 경험하고 공유하려는 경향이 강합니다"
1353,이하은,여자,30대,사무 종사자,대학교 졸업(전문대졸/대학원생 포함),충청북도,1세대가족,기혼,맞벌이 함,500-600만원 미만,3,0.574626866,0.571589628,0.429661941,0.823702253,0.448859935,0.370010413,0.495652174,트렌드 주도형 소비자,"자신의 취향과 경험을 중시하는 소비자 그룹입니다. 단순히 배를 채우는 것 이상의 가치를 추구하며, 새로운 제품을 가장 먼저 경험하고 공유하려는 경향이 강합니다"
1354,최서윤,여자,50대,판매 종사자,고졸(대학 재학 포함),충청북도,2세대가족,기혼,맞벌이 함,600-700만원 미만,0,0.43358209,0.466366028,0.401035987,0.843290891,0.228338762,0.397084346,0.569565217,실속형 미식가,편리성을 중시하면서도 새로운 맛과 제품을 시도하는 데 적극적인 소비자 그룹입니다. 가격에 민감하기보다는 효율성과 맛을 동시에 추구합니다.
1355,강시우,남자,50대,사무 종사자,대학교 졸업(전문대졸/대학원생 포함),서울특별시,2세대가족,기혼,맞벌이 함,400-500만원 미만,0,0.343283582,0.646749342,0.244820065,0.784524976,0.174267101,0.527594585,0.508695652,실속형 미식가,편리성을 중시하면서도 새로운 맛과 제품을 시도하는 데 적극적인 소비자 그룹입니다. 가격에 민감하기보다는 효율성과 맛을 동시에 추구합니다.
1356,조채원,남자,40대,사무 종사자,대학교 졸업(전문대졸/대학원생 포함),서울특별시,2세대가족,기혼,맞벌이 함,400-500만원 미만,0,0.421641791,0.706877114,0.246183206,0.804113614,0.164495114,0.521693856,0.508695652,실속형 미식가,편리성을 중시하면서도 새로운 맛과 제품을 시도하는 데 적극적인 소비자 그룹입니다. 가격에 민감하기보다는 효율성과 맛을 동시에 추구합니다.
1357,한시우,여자,40대,사무 종사자,대학교 졸업(전문대졸/대학원생 포함),충청북도,2세대가족,기혼,맞벌이 함,500-600만원 미만,0,0.462686567,0.569710635,0.312431843,0.760039177,0.299674267,0.13884068,0.269565217,실속형 미식가,편리성을 중시하면서도 새로운 맛과 제품을 시도하는 데 적극적인 소비자 그룹입니다. 가격에 민감하기보다는 효율성과 맛을 동시에 추구합니다.
1358,박시우,여자,30대,사무 종사자,고졸(대학 재학 포함),충청북도,1세대가족,기혼,맞벌이 함,500-600만원 미만,0,0.47761194,0.586621571,0.209651036,0.823702253,0.319218241,0.13884068,0.252173913,실속형 미식가,편리성을 중시하면서도 새로운 맛과 제품을 시도하는 데 적극적인 소비자 그룹입니다. 가격에 민감하기보다는 효율성과 맛을 동시에 추구합니다.
1359,정채원,여자,60대 이상,단순노무 종사자,고졸(대학 재학 포함),충청북도,1인 가구,미혼(사별/이혼 포함),맞벌이 하지 않음,200-300만원 미만,0,0.26119403,0.517098835,0.245092694,0.779627816,0.275570033,0.163137799,0.343478261,실속형 미식가,편리성을 중시하면서도 새로운 맛과 제품을 시도하는 데 적극적인 소비자 그룹입니다. 가격에 민감하기보다는 효율성과 맛을 동시에 추구합니다.
1360,강지호,여자,40대,사무 종사자,대학교 졸업(전문대졸/대학원생 포함),제주특별자치도,1인 가구,미혼(사별/이혼 포함),맞벌이 하지 않음,100-200만원 미만,1,0.149253731,0.34986847,0.790621592,0.72575906,0.815960912,0.317598056,0.134782609,건강 추구형 소비자,가격이나 브랜드에 크게 구애받지 않고 건강을 최우선으로 고려하는 프리미엄 소비자 그룹입니다. 건강과 편리성을 모두 만족시키는 제품에 기꺼이 지갑을 엽니다.
1361,이예준,여자,60대 이상,주부,중졸 이하,강원도,1세대가족,기혼,맞벌이 하지 않음,200-300만원 미만,1,0.203731343,0.447576099,0.784351145,0.882468168,0.390228013,0.377299549,0.308695652,건강 추구형 소비자,가격이나 브랜드에 크게 구애받지 않고 건강을 최우선으로 고려하는 프리미엄 소비자 그룹입니다. 건강과 편리성을 모두 만족시키는 제품에 기꺼이 지갑을 엽니다.
1362,김주원,여자,40대,사무 종사자,대학교 졸업(전문대졸/대학원생 포함),제주특별자치도,1인 가구,미혼(사별/이혼 포함),맞벌이 하지 않음,100-200만원 미만,1,0.059701493,0.428786171,0.666303162,0.784524976,0.471009772,0.216938563,0.395652174,건강 추구형 소비자,가격이나 브랜드에 크게 구애받지 않고 건강을 최우선으로 고려하는 프리미엄 소비자 그룹입니다. 건강과 편리성을 모두 만족시키는 제품에 기꺼이 지갑을 엽니다.
1363,김서윤,남자,60대 이상,기능원 및 관련 기능 종사자,고졸(대학 재학 포함),충청북도,1세대가족,기혼,맞벌이 함,500-600만원 미만,0,0.462686567,0.637354378,0.209378408,0.779627816,0.310423453,0.131898646,0.3,실속형 미식가,편리성을 중시하면서도 새로운 맛과 제품을 시도하는 데 적극적인 소비자 그룹입니다. 가격에 민감하기보다는 효율성과 맛을 동시에 추구합니다.
1364,정예준,여자,40대,사무 종사자,대학원 졸업 이상,서울특별시,2세대가족,기혼,맞벌이 함,400-500만원 미만,1,0.597761194,0.402480271,0.777262814,0.784524976,0.346905537,0.330787921,0.143478261,건강 추구형 소비자,가격이나 브랜드에 크게 구애받지 않고 건강을 최우선으로 고려하는 프리미엄 소비자 그룹입니다. 건강과 편리성을 모두 만족시키는 제품에 기꺼이 지갑을 엽니다.
1365,최서윤,여자,50대,주부,대학교 졸업(전문대졸/대학원생 포함),서울특별시,2세대가족,기혼,맞벌이 하지 않음,400-500만원 미만,0,0.294776119,0.451334085,0.281624864,0.843290891,0.224104235,0.541478653,0.718695652,실속형 미식가,편리성을 중시하면서도 새로운 맛과 제품을 시도하는 데 적극적인 소비자 그룹입니다. 가격에 민감하기보다는 효율성과 맛을 동시에 추구합니다.
1366,임준서,남자,60대 이상,장치·기계 조작 및 조립 종사자,고졸(대학 재학 포함),충청북도,2세대가족,기혼,맞벌이 함,500-600만원 미만,0,0.390298507,0.533258174,0.155398037,0.799216454,0.245276873,0.159666782,0.456521739,실속형 미식가,편리성을 중시하면서도 새로운 맛과 제품을 시도하는 데 적극적인 소비자 그룹입니다. 가격에 민감하기보다는 효율성과 맛을 동시에 추구합니다.
1367,이수아,남자,50대,판매 종사자,고졸(대학 재학 포함),강원도,1인 가구,기혼,맞벌이 하지 않음,500-600만원 미만,0,0.313432836,0.393085306,0.243456925,0.678746327,0.358306189,0.124956612,0.439130435,실속형 미식가,편리성을 중시하면서도 새로운 맛과 제품을 시도하는 데 적극적인 소비자 그룹입니다. 가격에 민감하기보다는 효율성과 맛을 동시에 추구합니다.
1368,임서윤,여자,50대,서비스 종사자,고졸(대학 재학 포함),강원도,1인 가구,미혼(사별/이혼 포함),맞벌이 하지 않음,300-400만원 미만,1,0.300746269,0.447576099,0.782988004,0.882468168,0.488273616,0.352655328,0.452173913,건강 추구형 소비자,가격이나 브랜드에 크게 구애받지 않고 건강을 최우선으로 고려하는 프리미엄 소비자 그룹입니다. 건강과 편리성을 모두 만족시키는 제품에 기꺼이 지갑을 엽니다.
1369,김주원,여자,50대,사무 종사자,대학교 졸업(전문대졸/대학원생 포함),서울특별시,2세대가족,기혼,맞벌이 함,500-600만원 미만,0,0.436567164,0.590379557,0.281624864,0.804113614,0.214332248,0.576188823,0.691304348,실속형 미식가,편리성을 중시하면서도 새로운 맛과 제품을 시도하는 데 적극적인 소비자 그룹입니다. 가격에 민감하기보다는 효율성과 맛을 동시에 추구합니다.
1370,박서윤,여자,60대 이상,주부,고졸(대학 재학 포함),강원도,1세대가족,기혼,맞벌이 하지 않음,300-400만원 미만,3,0.68358209,0.477639985,0.488822246,0.882468168,0.638762215,0.429711906,0.608695652,트렌드 주도형 소비자,"자신의 취향과 경험을 중시하는 소비자 그룹입니다. 단순히 배를 채우는 것 이상의 가치를 추구하며, 새로운 제품을 가장 먼저 경험하고 공유하려는 경향이 강합니다"
1371,조도윤,남자,60대 이상,전문가 및 관련 종사자,고졸(대학 재학 포함),충청북도,2세대가족,기혼,맞벌이 함,700-800만원 미만,0,0.308208955,0.479518978,0.300436205,0.7208619,0.354723127,0.163137799,0.366521739,실속형 미식가,편리성을 중시하면서도 새로운 맛과 제품을 시도하는 데 적극적인 소비자 그룹입니다. 가격에 민감하기보다는 효율성과 맛을 동시에 추구합니다.
1372,김지우,여자,50대,사무 종사자,대학교 졸업(전문대졸/대학원생 포함),서울특별시,2세대가족,기혼,맞벌이 함,700-800만원 미만,0,0.48358209,0.620443442,0.307524537,0.86287953,0.278827362,0.565775772,0.639130435,실속형 미식가,편리성을 중시하면서도 새로운 맛과 제품을 시도하는 데 적극적인 소비자 그룹입니다. 가격에 민감하기보다는 효율성과 맛을 동시에 추구합니다.
1373,이주원,남자,60대 이상,서비스 종사자,중졸 이하,대구광역시,1세대가족,기혼,맞벌이 하지 않음,100-200만원 미만,0,0.104477612,0.456971064,0.132497274,0.818805093,0.040065147,0.407844498,0.756521739,실속형 미식가,편리성을 중시하면서도 새로운 맛과 제품을 시도하는 데 적극적인 소비자 그룹입니다. 가격에 민감하기보다는 효율성과 맛을 동시에 추구합니다.
1374,이지원,남자,60대 이상,서비스 종사자,고졸(대학 재학 포함),강원도,1인 가구,미혼(사별/이혼 포함),맞벌이 하지 않음,300-400만원 미만,3,0.693283582,0.601653514,0.407033806,0.902056807,0.596742671,0.443595974,0.534782609,트렌드 주도형 소비자,"자신의 취향과 경험을 중시하는 소비자 그룹입니다. 단순히 배를 채우는 것 이상의 가치를 추구하며, 새로운 제품을 가장 먼저 경험하고 공유하려는 경향이 강합니다"
1375,최서연,여자,40대,주부,고졸(대학 재학 포함),경기도,2세대가족,기혼,맞벌이 하지 않음,400-500만원 미만,0,0.121641791,0.622322435,0.251635769,0.7208619,0.265798046,0.596667824,0.22173913,실속형 미식가,편리성을 중시하면서도 새로운 맛과 제품을 시도하는 데 적극적인 소비자 그룹입니다. 가격에 민감하기보다는 효율성과 맛을 동시에 추구합니다.
1376,강채원,여자,30대,사무 종사자,대학교 졸업(전문대졸/대학원생 포함),충청북도,1세대가족,기혼,맞벌이 함,500-600만원 미만,0,0.276119403,0.547162721,0.31134133,0.740450539,0.277850163,0.145782714,0.249130435,실속형 미식가,편리성을 중시하면서도 새로운 맛과 제품을 시도하는 데 적극적인 소비자 그룹입니다. 가격에 민감하기보다는 효율성과 맛을 동시에 추구합니다.
1377,김지우,남자,50대,판매 종사자,고졸(대학 재학 포함),강원도,1세대가족,기혼,맞벌이 함,400-500만원 미만,1,0.237313433,0.413754228,0.756815703,0.882468168,0.478175896,0.384241583,0.344782609,건강 추구형 소비자,가격이나 브랜드에 크게 구애받지 않고 건강을 최우선으로 고려하는 프리미엄 소비자 그룹입니다. 건강과 편리성을 모두 만족시키는 제품에 기꺼이 지갑을 엽니다.
1378,정주원,여자,40대,단순노무 종사자,고졸(대학 재학 포함),경기도,2세대가족,미혼(사별/이혼 포함),맞벌이 하지 않음,200-300만원 미만,0,0.469402985,0.547162721,0.27344602,0.7208619,0.338436482,0.476223533,0.483913043,실속형 미식가,편리성을 중시하면서도 새로운 맛과 제품을 시도하는 데 적극적인 소비자 그룹입니다. 가격에 민감하기보다는 효율성과 맛을 동시에 추구합니다.
1379,최예은,여자,20대,사무 종사자,대학교 졸업(전문대졸/대학원생 포함),경상북도,1인 가구,미혼(사별/이혼 포함),맞벌이 하지 않음,300-400만원 미만,0,0.440298507,0.517098835,0.448745911,0.779627816,0.400651466,0.40194377,0.347826087,실속형 미식가,편리성을 중시하면서도 새로운 맛과 제품을 시도하는 데 적극적인 소비자 그룹입니다. 가격에 민감하기보다는 효율성과 맛을 동시에 추구합니다.
1380,김예은,여자,40대,사무 종사자,대학교 졸업(전문대졸/대학원생 포함),충청북도,2세대가족,기혼,맞벌이 함,500-600만원 미만,0,0.328358209,0.569710635,0.282442748,0.760039177,0.260586319,0.131898646,0.243478261,실속형 미식가,편리성을 중시하면서도 새로운 맛과 제품을 시도하는 데 적극적인 소비자 그룹입니다. 가격에 민감하기보다는 효율성과 맛을 동시에 추구합니다.
1381,한수아,여자,60대 이상,주부,고졸(대학 재학 포함),강원도,1세대가족,기혼,맞벌이 하지 않음,300-400만원 미만,0,0.23880597,0.569710635,0.437568157,0.779627816,0.258306189,0.323845887,0.369565217,실속형 미식가,편리성을 중시하면서도 새로운 맛과 제품을 시도하는 데 적극적인 소비자 그룹입니다. 가격에 민감하기보다는 효율성과 맛을 동시에 추구합니다.
1382,박서준,여자,60대 이상,판매 종사자,고졸(대학 재학 포함),강원도,1세대가족,기혼,맞벌이 함,400-500만원 미만,3,0.765671642,0.500187899,0.473827699,0.882468168,0.698697068,0.459909754,0.61,트렌드 주도형 소비자,"자신의 취향과 경험을 중시하는 소비자 그룹입니다. 단순히 배를 채우는 것 이상의 가치를 추구하며, 새로운 제품을 가장 먼저 경험하고 공유하려는 경향이 강합니다"
1383,임수아,여자,40대,서비스 종사자,대학교 졸업(전문대졸/대학원생 포함),경기도,2세대가족,기혼,맞벌이 함,500-600만원 미만,0,0.35,0.505824878,0.366139586,0.779627816,0.374267101,0.558486637,0.460869565,실속형 미식가,편리성을 중시하면서도 새로운 맛과 제품을 시도하는 데 적극적인 소비자 그룹입니다. 가격에 민감하기보다는 효율성과 맛을 동시에 추구합니다.
1384,김지민,여자,60대 이상,주부,고졸(대학 재학 포함),강원도,1세대가족,기혼,맞벌이 하지 않음,300-400만원 미만,0,0.313432836,0.547162721,0.303162486,0.877571009,0.243973941,0.254425547,0.369565217,실속형 미식가,편리성을 중시하면서도 새로운 맛과 제품을 시도하는 데 적극적인 소비자 그룹입니다. 가격에 민감하기보다는 효율성과 맛을 동시에 추구합니다.
1385,윤지원,여자,60대 이상,주부,고졸(대학 재학 포함),강원도,1인 가구,미혼(사별/이혼 포함),맞벌이 하지 않음,100-200만원 미만,1,0.255970149,0.380683953,0.438931298,0.659157689,0.41465798,0.411662617,0.32173913,건강 추구형 소비자,가격이나 브랜드에 크게 구애받지 않고 건강을 최우선으로 고려하는 프리미엄 소비자 그룹입니다. 건강과 편리성을 모두 만족시키는 제품에 기꺼이 지갑을 엽니다.
1386,이채원,여자,60대 이상,단순노무 종사자,중졸 이하,강원도,1인 가구,미혼(사별/이혼 포함),맞벌이 하지 않음,100-200만원 미만,1,0.208955224,0.406238256,0.666848419,0.843290891,0.398371336,0.538007636,0.37826087,건강 추구형 소비자,가격이나 브랜드에 크게 구애받지 않고 건강을 최우선으로 고려하는 프리미엄 소비자 그룹입니다. 건강과 편리성을 모두 만족시키는 제품에 기꺼이 지갑을 엽니다.
1387,윤예은,여자,60대 이상,서비스 종사자,고졸(대학 재학 포함),강원도,1인 가구,미혼(사별/이혼 포함),맞벌이 하지 않음,300-400만원 미만,3,0.725373134,0.609169485,0.459651036,0.902056807,0.59771987,0.382853176,0.547826087,트렌드 주도형 소비자,"자신의 취향과 경험을 중시하는 소비자 그룹입니다. 단순히 배를 채우는 것 이상의 가치를 추구하며, 새로운 제품을 가장 먼저 경험하고 공유하려는 경향이 강합니다"
1388,박민서,여자,40대,판매 종사자,고졸(대학 재학 포함),충청북도,2세대가족,기혼,맞벌이 함,500-600만원 미만,0,0.380597015,0.476888388,0.367775354,0.760039177,0.342996743,0.145782714,0.308695652,실속형 미식가,편리성을 중시하면서도 새로운 맛과 제품을 시도하는 데 적극적인 소비자 그룹입니다. 가격에 민감하기보다는 효율성과 맛을 동시에 추구합니다.
1389,박준서,여자,60대 이상,주부,고졸(대학 재학 포함),강원도,1인 가구,미혼(사별/이혼 포함),맞벌이 하지 않음,100만원 미만,0,0.323134328,0.358136039,0.338876772,0.600391773,0.349511401,0.311003124,0.443478261,실속형 미식가,편리성을 중시하면서도 새로운 맛과 제품을 시도하는 데 적극적인 소비자 그룹입니다. 가격에 민감하기보다는 효율성과 맛을 동시에 추구합니다.
1390,김주원,여자,60대 이상,서비스 종사자,고졸(대학 재학 포함),경기도,2세대가족,기혼,맞벌이 함,800-900만원 미만,0,0.402238806,0.539646749,0.363413304,0.7208619,0.309120521,0.519958348,0.379565217,실속형 미식가,편리성을 중시하면서도 새로운 맛과 제품을 시도하는 데 적극적인 소비자 그룹입니다. 가격에 민감하기보다는 효율성과 맛을 동시에 추구합니다.
1391,조도윤,여자,60대 이상,주부,고졸(대학 재학 포함),강원도,1세대가족,기혼,맞벌이 하지 않음,300-400만원 미만,3,0.814179104,0.515219842,0.459651036,0.902056807,0.678827362,0.421728566,0.673913043,트렌드 주도형 소비자,"자신의 취향과 경험을 중시하는 소비자 그룹입니다. 단순히 배를 채우는 것 이상의 가치를 추구하며, 새로운 제품을 가장 먼저 경험하고 공유하려는 경향이 강합니다"
1392,박지호,여자,60대 이상,단순노무 종사자,고졸(대학 재학 포함),강원도,1세대가족,기혼,맞벌이 함,300-400만원 미만,1,0.270895522,0.432544156,0.733642312,0.86287953,0.507491857,0.416174939,0.230434783,건강 추구형 소비자,가격이나 브랜드에 크게 구애받지 않고 건강을 최우선으로 고려하는 프리미엄 소비자 그룹입니다. 건강과 편리성을 모두 만족시키는 제품에 기꺼이 지갑을 엽니다.
1393,한지원,여자,60대 이상,서비스 종사자,고졸(대학 재학 포함),강원도,1인 가구,미혼(사별/이혼 포함),맞벌이 하지 않음,200-300만원 미만,0,0.440298507,0.479518978,0.37431843,0.701273262,0.450488599,0.310656022,0.352173913,실속형 미식가,편리성을 중시하면서도 새로운 맛과 제품을 시도하는 데 적극적인 소비자 그룹입니다. 가격에 민감하기보다는 효율성과 맛을 동시에 추구합니다.
1394,한서연,여자,40대,사무 종사자,대학교 졸업(전문대졸/대학원생 포함),인천광역시,1인 가구,미혼(사별/이혼 포함),맞벌이 하지 않음,300-400만원 미만,0,0.458955224,0.597895528,0.218920393,0.784524976,0.27980456,0.224227699,0.586956522,실속형 미식가,편리성을 중시하면서도 새로운 맛과 제품을 시도하는 데 적극적인 소비자 그룹입니다. 가격에 민감하기보다는 효율성과 맛을 동시에 추구합니다.
1395,박민준,여자,30대,주부,대학교 졸업(전문대졸/대학원생 포함),대구광역시,3세대가족,기혼,맞벌이 하지 않음,300-400만원 미만,1,0.358955224,0.353626456,0.648037077,0.686581783,0.526384365,0.573064908,0.292608696,건강 추구형 소비자,가격이나 브랜드에 크게 구애받지 않고 건강을 최우선으로 고려하는 프리미엄 소비자 그룹입니다. 건강과 편리성을 모두 만족시키는 제품에 기꺼이 지갑을 엽니다.
1396,이수아,여자,30대,판매 종사자,고졸(대학 재학 포함),충청북도,1세대가족,기혼,맞벌이 함,500-600만원 미만,0,0.375373134,0.554678692,0.278625954,0.7208619,0.326710098,0.149253731,0.195652174,실속형 미식가,편리성을 중시하면서도 새로운 맛과 제품을 시도하는 데 적극적인 소비자 그룹입니다. 가격에 민감하기보다는 효율성과 맛을 동시에 추구합니다.
1397,임하준,여자,60대 이상,농림어업 숙련 종사자,고졸(대학 재학 포함),강원도,1세대가족,기혼,맞벌이 함,300-400만원 미만,3,0.664925373,0.466366028,0.467011996,0.902056807,0.665798046,0.450538008,0.652173913,트렌드 주도형 소비자,"자신의 취향과 경험을 중시하는 소비자 그룹입니다. 단순히 배를 채우는 것 이상의 가치를 추구하며, 새로운 제품을 가장 먼저 경험하고 공유하려는 경향이 강합니다"
1398,윤지호,여자,40대,서비스 종사자,고졸(대학 재학 포함),경기도,2세대가족,기혼,맞벌이 함,500-600만원 미만,0,0.205970149,0.543404735,0.303435115,0.799216454,0.250488599,0.519264144,0.483913043,실속형 미식가,편리성을 중시하면서도 새로운 맛과 제품을 시도하는 데 적극적인 소비자 그룹입니다. 가격에 민감하기보다는 효율성과 맛을 동시에 추구합니다.
1399,강건우,여자,60대 이상,판매 종사자,중졸 이하,충청북도,1세대가족,기혼,맞벌이 함,500-600만원 미만,0,0.442537313,0.520856821,0.299618321,0.760039177,0.297394137,0.13884068,0.282608696,실속형 미식가,편리성을 중시하면서도 새로운 맛과 제품을 시도하는 데 적극적인 소비자 그룹입니다. 가격에 민감하기보다는 효율성과 맛을 동시에 추구합니다.
1400,한서준,여자,50대,판매 종사자,고졸(대학 재학 포함),서울특별시,2세대가족,기혼,맞벌이 함,600-700만원 미만,3,0.708955224,0.443818113,0.630588877,0.843290891,0.666449511,0.26726831,0.444782609,트렌드 주도형 소비자,"자신의 취향과 경험을 중시하는 소비자 그룹입니다. 단순히 배를 채우는 것 이상의 가치를 추구하며, 새로운 제품을 가장 먼저 경험하고 공유하려는 경향이 강합니다"
1401,한예준,여자,60대 이상,기능원 및 관련 기능 종사자,고졸(대학 재학 포함),충청북도,1세대가족,기혼,맞벌이 함,500-600만원 미만,0,0.442537313,0.543404735,0.3304253,0.779627816,0.297394137,0.145782714,0.234782609,실속형 미식가,편리성을 중시하면서도 새로운 맛과 제품을 시도하는 데 적극적인 소비자 그룹입니다. 가격에 민감하기보다는 효율성과 맛을 동시에 추구합니다.
1402,이예은,여자,20대,주부,대학교 졸업(전문대졸/대학원생 포함),대구광역시,2세대가족,기혼,맞벌이 하지 않음,200-300만원 미만,0,0.297761194,0.488913942,0.472737186,0.882468168,0.257003257,0.501909059,0.226086957,실속형 미식가,편리성을 중시하면서도 새로운 맛과 제품을 시도하는 데 적극적인 소비자 그룹입니다. 가격에 민감하기보다는 효율성과 맛을 동시에 추구합니다.
1403,윤하은,여자,40대,단순노무 종사자,고졸(대학 재학 포함),강원도,1인 가구,미혼(사별/이혼 포함),맞벌이 하지 않음,200-300만원 미만,3,0.694776119,0.492671928,0.502453653,0.882468168,0.640716612,0.450538008,0.605652174,트렌드 주도형 소비자,"자신의 취향과 경험을 중시하는 소비자 그룹입니다. 단순히 배를 채우는 것 이상의 가치를 추구하며, 새로운 제품을 가장 먼저 경험하고 공유하려는 경향이 강합니다"
1404,최예은,여자,50대,사무 종사자,고졸(대학 재학 포함),충청북도,2세대가족,기혼,맞벌이 함,500-600만원 미만,0,0.360447761,0.629838407,0.247001091,0.760039177,0.225732899,0.187434918,0.139130435,실속형 미식가,편리성을 중시하면서도 새로운 맛과 제품을 시도하는 데 적극적인 소비자 그룹입니다. 가격에 민감하기보다는 효율성과 맛을 동시에 추구합니다.
1405,김채원,여자,40대,주부,대학교 졸업(전문대졸/대학원생 포함),대구광역시,2세대가족,기혼,맞벌이 하지 않음,400-500만원 미만,0,0.379104478,0.680571214,0.298800436,0.980411361,0.258306189,0.574800417,0.573913043,실속형 미식가,편리성을 중시하면서도 새로운 맛과 제품을 시도하는 데 적극적인 소비자 그룹입니다. 가격에 민감하기보다는 효율성과 맛을 동시에 추구합니다.
1406,강수아,남자,60대 이상,기능원 및 관련 기능 종사자,고졸(대학 재학 포함),충청북도,1세대가족,기혼,맞벌이 함,500-600만원 미만,0,0.355223881,0.600901917,0.335059978,0.779627816,0.246254072,0.145782714,0.249130435,실속형 미식가,편리성을 중시하면서도 새로운 맛과 제품을 시도하는 데 적극적인 소비자 그룹입니다. 가격에 민감하기보다는 효율성과 맛을 동시에 추구합니다.
1407,한민준,여자,60대 이상,주부,고졸(대학 재학 포함),강원도,1세대가족,기혼,맞벌이 하지 않음,200-300만원 미만,1,0.257462687,0.406238256,0.727917121,0.86287953,0.399022801,0.454356126,0.426086957,건강 추구형 소비자,가격이나 브랜드에 크게 구애받지 않고 건강을 최우선으로 고려하는 프리미엄 소비자 그룹입니다. 건강과 편리성을 모두 만족시키는 제품에 기꺼이 지갑을 엽니다.
1408,김예준,남자,40대,사무 종사자,대학교 졸업(전문대졸/대학원생 포함),경기도,1인 가구,미혼(사별/이혼 포함),맞벌이 하지 않음,300-400만원 미만,0,0.252985075,0.456971064,0.267175573,0.799216454,0.367752443,0.417563346,0.273913043,실속형 미식가,편리성을 중시하면서도 새로운 맛과 제품을 시도하는 데 적극적인 소비자 그룹입니다. 가격에 민감하기보다는 효율성과 맛을 동시에 추구합니다.
1409,한예준,여자,50대,서비스 종사자,대학교 졸업(전문대졸/대학원생 포함),강원도,1세대가족,기혼,맞벌이 함,400-500만원 미만,3,0.787313433,0.515219842,0.488822246,0.941234084,0.671335505,0.340159667,0.634782609,트렌드 주도형 소비자,"자신의 취향과 경험을 중시하는 소비자 그룹입니다. 단순히 배를 채우는 것 이상의 가치를 추구하며, 새로운 제품을 가장 먼저 경험하고 공유하려는 경향이 강합니다"
1410,강서연,여자,60대 이상,사무 종사자,대학교 졸업(전문대졸/대학원생 포함),충청북도,2세대가족,기혼,맞벌이 함,700-800만원 미만,0,0.47238806,0.569710635,0.331515812,0.779627816,0.32019544,0.124956612,0.175217391,실속형 미식가,편리성을 중시하면서도 새로운 맛과 제품을 시도하는 데 적극적인 소비자 그룹입니다. 가격에 민감하기보다는 효율성과 맛을 동시에 추구합니다.
1411,박도윤,여자,40대,주부,대학교 졸업(전문대졸/대학원생 포함),대구광역시,2세대가족,기혼,맞벌이 하지 않음,400-500만원 미만,1,0.447761194,0.436302142,0.666030534,0.980411361,0.631921824,0.480388754,0.173913043,건강 추구형 소비자,가격이나 브랜드에 크게 구애받지 않고 건강을 최우선으로 고려하는 프리미엄 소비자 그룹입니다. 건강과 편리성을 모두 만족시키는 제품에 기꺼이 지갑을 엽니다.
1412,한준서,여자,50대,사무 종사자,대학교 졸업(전문대졸/대학원생 포함),대구광역시,2세대가족,기혼,맞벌이 함,200-300만원 미만,0,0.355970149,0.408117249,0.480916031,0.642507346,0.412052117,0.394307532,0.536086957,실속형 미식가,편리성을 중시하면서도 새로운 맛과 제품을 시도하는 데 적극적인 소비자 그룹입니다. 가격에 민감하기보다는 효율성과 맛을 동시에 추구합니다.
1413,조지우,여자,20대,주부,고졸(대학 재학 포함),경기도,2세대가족,기혼,맞벌이 하지 않음,200-300만원 미만,0,0.297761194,0.603532507,0.171755725,0.779627816,0.349185668,0.450885109,0.436086957,실속형 미식가,편리성을 중시하면서도 새로운 맛과 제품을 시도하는 데 적극적인 소비자 그룹입니다. 가격에 민감하기보다는 효율성과 맛을 동시에 추구합니다.
1414,윤준서,여자,50대,단순노무 종사자,고졸(대학 재학 포함),충청북도,2세대가족,기혼,맞벌이 함,500-600만원 미만,0,0.452238806,0.509582864,0.259814613,0.779627816,0.316612378,0.177021867,0.273913043,실속형 미식가,편리성을 중시하면서도 새로운 맛과 제품을 시도하는 데 적극적인 소비자 그룹입니다. 가격에 민감하기보다는 효율성과 맛을 동시에 추구합니다.
1415,임지민,여자,50대,서비스 종사자,고졸(대학 재학 포함),경기도,1인 가구,미혼(사별/이혼 포함),맞벌이 하지 않음,200-300만원 미만,0,0.390298507,0.580984592,0.333424209,0.740450539,0.284364821,0.4081916,0.265217391,실속형 미식가,편리성을 중시하면서도 새로운 맛과 제품을 시도하는 데 적극적인 소비자 그룹입니다. 가격에 민감하기보다는 효율성과 맛을 동시에 추구합니다.
1416,조지우,여자,60대 이상,주부,고졸(대학 재학 포함),대구광역시,2세대가족,기혼,맞벌이 하지 않음,500-600만원 미만,1,0.32238806,0.423149192,0.545801527,0.662095984,0.435504886,0.405761888,0.469565217,건강 추구형 소비자,가격이나 브랜드에 크게 구애받지 않고 건강을 최우선으로 고려하는 프리미엄 소비자 그룹입니다. 건강과 편리성을 모두 만족시키는 제품에 기꺼이 지갑을 엽니다.
1417,임민준,여자,50대,사무 종사자,대학교 졸업(전문대졸/대학원생 포함),경기도,2세대가족,기혼,맞벌이 함,800-900만원 미만,0,0.3,0.487034949,0.35387132,0.779627816,0.264495114,0.472752516,0.534782609,실속형 미식가,편리성을 중시하면서도 새로운 맛과 제품을 시도하는 데 적극적인 소비자 그룹입니다. 가격에 민감하기보다는 효율성과 맛을 동시에 추구합니다.
1418,박서윤,여자,40대,주부,대학교 졸업(전문대졸/대학원생 포함),대구광역시,3세대가족,기혼,맞벌이 하지 않음,400-500만원 미만,1,0.442537313,0.691845171,0.58478735,0.960822723,0.458631922,0.313432836,0.269565217,건강 추구형 소비자,가격이나 브랜드에 크게 구애받지 않고 건강을 최우선으로 고려하는 프리미엄 소비자 그룹입니다. 건강과 편리성을 모두 만족시키는 제품에 기꺼이 지갑을 엽니다.
1419,윤지우,여자,60대 이상,판매 종사자,고졸(대학 재학 포함),강원도,1세대가족,기혼,맞벌이 함,300-400만원 미만,0,0.305970149,0.399473882,0.398854962,0.659157689,0.353745928,0.317945158,0.334782609,실속형 미식가,편리성을 중시하면서도 새로운 맛과 제품을 시도하는 데 적극적인 소비자 그룹입니다. 가격에 민감하기보다는 효율성과 맛을 동시에 추구합니다.
1420,정지우,여자,60대 이상,판매 종사자,대학교 졸업(전문대졸/대학원생 포함),서울특별시,1인 가구,미혼(사별/이혼 포함),맞벌이 하지 않음,500-600만원 미만,1,0.41641791,0.524614806,0.495092694,0.838393732,0.338110749,0.229087123,0.230434783,건강 추구형 소비자,가격이나 브랜드에 크게 구애받지 않고 건강을 최우선으로 고려하는 프리미엄 소비자 그룹입니다. 건강과 편리성을 모두 만족시키는 제품에 기꺼이 지갑을 엽니다.
1421,김민서,여자,60대 이상,농림어업 숙련 종사자,중졸 이하,강원도,1인 가구,미혼(사별/이혼 포함),맞벌이 하지 않음,200-300만원 미만,0,0.141791045,0.409996242,0.323336968,0.784524976,0.200651466,0.297119056,0.62173913,실속형 미식가,편리성을 중시하면서도 새로운 맛과 제품을 시도하는 데 적극적인 소비자 그룹입니다. 가격에 민감하기보다는 효율성과 맛을 동시에 추구합니다.
1422,박예은,여자,50대,판매 종사자,고졸(대학 재학 포함),경기도,1인 가구,미혼(사별/이혼 포함),맞벌이 하지 않음,200-300만원 미만,0,0.220895522,0.487034949,0.327971647,0.779627816,0.292833876,0.540090246,0.430434783,실속형 미식가,편리성을 중시하면서도 새로운 맛과 제품을 시도하는 데 적극적인 소비자 그룹입니다. 가격에 민감하기보다는 효율성과 맛을 동시에 추구합니다.
1423,한지호,여자,60대 이상,주부,고졸(대학 재학 포함),강원도,1세대가족,기혼,맞벌이 하지 않음,300-400만원 미만,1,0.223880597,0.406238256,0.744547437,0.86287953,0.448208469,0.466157584,0.339130435,건강 추구형 소비자,가격이나 브랜드에 크게 구애받지 않고 건강을 최우선으로 고려하는 프리미엄 소비자 그룹입니다. 건강과 편리성을 모두 만족시키는 제품에 기꺼이 지갑을 엽니다.
1424,한서준,여자,50대,서비스 종사자,대학교 졸업(전문대졸/대학원생 포함),인천광역시,2세대가족,기혼,맞벌이 함,600-700만원 미만,0,0.212686567,0.612927471,0.44738277,0.823702253,0.185993485,0.236376258,0.57826087,실속형 미식가,편리성을 중시하면서도 새로운 맛과 제품을 시도하는 데 적극적인 소비자 그룹입니다. 가격에 민감하기보다는 효율성과 맛을 동시에 추구합니다.
1425,이도윤,여자,50대,서비스 종사자,고졸(대학 재학 포함),경기도,1세대가족,기혼,맞벌이 함,400-500만원 미만,0,0.417164179,0.487034949,0.280261723,0.760039177,0.27980456,0.328705311,0.6,실속형 미식가,편리성을 중시하면서도 새로운 맛과 제품을 시도하는 데 적극적인 소비자 그룹입니다. 가격에 민감하기보다는 효율성과 맛을 동시에 추구합니다.
1426,최주원,여자,30대,사무 종사자,대학교 졸업(전문대졸/대학원생 포함),서울특별시,1세대가족,기혼,맞벌이 함,600-700만원 미만,1,0.298507463,0.503945885,0.628135224,0.804113614,0.280130293,0.211732037,0.308695652,건강 추구형 소비자,가격이나 브랜드에 크게 구애받지 않고 건강을 최우선으로 고려하는 프리미엄 소비자 그룹입니다. 건강과 편리성을 모두 만족시키는 제품에 기꺼이 지갑을 엽니다.
1427,이주원,여자,60대 이상,사무 종사자,대학교 졸업(전문대졸/대학원생 포함),충청북도,1세대가족,기혼,맞벌이 함,500-600만원 미만,0,0.246268657,0.528372792,0.345147219,0.760039177,0.303908795,0.145782714,0.296956522,실속형 미식가,편리성을 중시하면서도 새로운 맛과 제품을 시도하는 데 적극적인 소비자 그룹입니다. 가격에 민감하기보다는 효율성과 맛을 동시에 추구합니다.
1428,조도윤,여자,60대 이상,주부,고졸(대학 재학 포함),충청북도,1인 가구,미혼(사별/이혼 포함),맞벌이 하지 않음,100-200만원 미만,0,0.405223881,0.570838031,0.223282443,0.701273262,0.311400651,0.177021867,0.352173913,실속형 미식가,편리성을 중시하면서도 새로운 맛과 제품을 시도하는 데 적극적인 소비자 그룹입니다. 가격에 민감하기보다는 효율성과 맛을 동시에 추구합니다.
1429,이준서,여자,60대 이상,주부,고졸(대학 재학 포함),강원도,1세대가족,기혼,맞벌이 하지 않음,300-400만원 미만,3,0.820895522,0.572717024,0.494274809,0.921645446,0.555700326,0.411315515,0.669565217,트렌드 주도형 소비자,"자신의 취향과 경험을 중시하는 소비자 그룹입니다. 단순히 배를 채우는 것 이상의 가치를 추구하며, 새로운 제품을 가장 먼저 경험하고 공유하려는 경향이 강합니다"
1430,윤지호,남자,30대,전문가 및 관련 종사자,대학교 졸업(전문대졸/대학원생 포함),충청북도,1인 가구,미혼(사별/이혼 포함),맞벌이 하지 않음,200-300만원 미만,0,0.385074627,0.593385945,0.253271538,0.779627816,0.243973941,0.163137799,0.256521739,실속형 미식가,편리성을 중시하면서도 새로운 맛과 제품을 시도하는 데 적극적인 소비자 그룹입니다. 가격에 민감하기보다는 효율성과 맛을 동시에 추구합니다.
1431,김지우,여자,60대 이상,단순노무 종사자,고졸(대학 재학 포함),충청북도,1세대가족,기혼,맞벌이 함,500-600만원 미만,0,0.313432836,0.611048478,0.255997819,0.760039177,0.201954397,0.183963901,0.243478261,실속형 미식가,편리성을 중시하면서도 새로운 맛과 제품을 시도하는 데 적극적인 소비자 그룹입니다. 가격에 민감하기보다는 효율성과 맛을 동시에 추구합니다.
1432,강서윤,여자,50대,서비스 종사자,고졸(대학 재학 포함),강원도,1세대가족,기혼,맞벌이 함,400-500만원 미만,1,0.248507463,0.432544156,0.773991276,0.86287953,0.56970684,0.412703922,0.356521739,건강 추구형 소비자,가격이나 브랜드에 크게 구애받지 않고 건강을 최우선으로 고려하는 프리미엄 소비자 그룹입니다. 건강과 편리성을 모두 만족시키는 제품에 기꺼이 지갑을 엽니다.
1433,조서윤,여자,50대,서비스 종사자,대학교 졸업(전문대졸/대학원생 포함),서울특별시,2세대가족,미혼(사별/이혼 포함),맞벌이 하지 않음,300-400만원 미만,1,0.164179104,0.477639985,0.602235551,0.823702253,0.302931596,0.25511975,0.414347826,건강 추구형 소비자,가격이나 브랜드에 크게 구애받지 않고 건강을 최우선으로 고려하는 프리미엄 소비자 그룹입니다. 건강과 편리성을 모두 만족시키는 제품에 기꺼이 지갑을 엽니다.
1434,조민서,남자,60대 이상,기능원 및 관련 기능 종사자,고졸(대학 재학 포함),충청북도,1인 가구,미혼(사별/이혼 포함),맞벌이 하지 않음,200-300만원 미만,0,0.405223881,0.577226607,0.268811341,0.779627816,0.374267101,0.177021867,0.22173913,실속형 미식가,편리성을 중시하면서도 새로운 맛과 제품을 시도하는 데 적극적인 소비자 그룹입니다. 가격에 민감하기보다는 효율성과 맛을 동시에 추구합니다.
1435,한하준,여자,40대,사무 종사자,대학교 졸업(전문대졸/대학원생 포함),제주특별자치도,1인 가구,미혼(사별/이혼 포함),맞벌이 하지 않음,100-200만원 미만,1,0.044776119,0.379932356,0.619138495,0.745347698,0.46514658,0.17355085,0.530434783,건강 추구형 소비자,가격이나 브랜드에 크게 구애받지 않고 건강을 최우선으로 고려하는 프리미엄 소비자 그룹입니다. 건강과 편리성을 모두 만족시키는 제품에 기꺼이 지갑을 엽니다.
1436,임지민,여자,50대,서비스 종사자,대학교 졸업(전문대졸/대학원생 포함),제주특별자치도,2세대가족,미혼(사별/이혼 포함),맞벌이 하지 않음,200-300만원 미만,0,0.044776119,0.379932356,0.618320611,0.745347698,0.328990228,0.237070462,0.52173913,실속형 미식가,편리성을 중시하면서도 새로운 맛과 제품을 시도하는 데 적극적인 소비자 그룹입니다. 가격에 민감하기보다는 효율성과 맛을 동시에 추구합니다.
1437,박예은,여자,50대,서비스 종사자,고졸(대학 재학 포함),강원도,1세대가족,기혼,맞벌이 함,400-500만원 미만,1,0.23880597,0.406238256,0.789803708,0.86287953,0.553745928,0.339812565,0.27826087,건강 추구형 소비자,가격이나 브랜드에 크게 구애받지 않고 건강을 최우선으로 고려하는 프리미엄 소비자 그룹입니다. 건강과 편리성을 모두 만족시키는 제품에 기꺼이 지갑을 엽니다.
1438,이예은,여자,60대 이상,판매 종사자,고졸(대학 재학 포함),서울특별시,1세대가족,기혼,맞벌이 함,300-400만원 미만,3,0.559701493,0.483276964,0.372955289,0.799216454,0.41237785,0.258937869,0.534782609,트렌드 주도형 소비자,"자신의 취향과 경험을 중시하는 소비자 그룹입니다. 단순히 배를 채우는 것 이상의 가치를 추구하며, 새로운 제품을 가장 먼저 경험하고 공유하려는 경향이 강합니다"
1439,강지민,여자,60대 이상,주부,고졸(대학 재학 포함),경기도,1세대가족,기혼,맞벌이 하지 않음,300-400만원 미만,0,0.405223881,0.541525742,0.461286805,0.86287953,0.313355049,0.23255814,0.630434783,실속형 미식가,편리성을 중시하면서도 새로운 맛과 제품을 시도하는 데 적극적인 소비자 그룹입니다. 가격에 민감하기보다는 효율성과 맛을 동시에 추구합니다.
1440,김하준,여자,40대,사무 종사자,대학교 졸업(전문대졸/대학원생 포함),울산광역시,2세대가족,기혼,맞벌이 함,400-500만원 미만,3,0.67238806,0.590379557,0.383860414,0.902056807,0.380781759,0.371051718,0.665217391,트렌드 주도형 소비자,"자신의 취향과 경험을 중시하는 소비자 그룹입니다. 단순히 배를 채우는 것 이상의 가치를 추구하며, 새로운 제품을 가장 먼저 경험하고 공유하려는 경향이 강합니다"
1441,정채원,여자,60대 이상,서비스 종사자,고졸(대학 재학 포함),강원도,1세대가족,기혼,맞벌이 함,300-400만원 미만,3,0.507462687,0.358136039,0.29525627,0.600391773,0.486319218,0.297119056,0.360869565,트렌드 주도형 소비자,"자신의 취향과 경험을 중시하는 소비자 그룹입니다. 단순히 배를 채우는 것 이상의 가치를 추구하며, 새로운 제품을 가장 먼저 경험하고 공유하려는 경향이 강합니다"
1442,정지민,여자,40대,사무 종사자,대학교 졸업(전문대졸/대학원생 포함),경기도,2세대가족,기혼,맞벌이 함,600-700만원 미만,0,0.425373134,0.507703871,0.293347874,0.843290891,0.318566775,0.201318986,0.740434783,실속형 미식가,편리성을 중시하면서도 새로운 맛과 제품을 시도하는 데 적극적인 소비자 그룹입니다. 가격에 민감하기보다는 효율성과 맛을 동시에 추구합니다.
1443,정예준,여자,40대,사무 종사자,대학교 졸업(전문대졸/대학원생 포함),인천광역시,2세대가족,기혼,맞벌이 함,500-600만원 미만,3,0.667910448,0.69748215,0.421483097,0.760039177,0.591530945,0.30197848,0.5,트렌드 주도형 소비자,"자신의 취향과 경험을 중시하는 소비자 그룹입니다. 단순히 배를 채우는 것 이상의 가치를 추구하며, 새로운 제품을 가장 먼저 경험하고 공유하려는 경향이 강합니다"
1444,박서연,여자,60대 이상,주부,고졸(대학 재학 포함),강원도,1세대가족,기혼,맞벌이 하지 않음,300-400만원 미만,3,0.655970149,0.488913942,0.580152672,0.921645446,0.575570033,0.497396737,0.595652174,트렌드 주도형 소비자,"자신의 취향과 경험을 중시하는 소비자 그룹입니다. 단순히 배를 채우는 것 이상의 가치를 추구하며, 새로운 제품을 가장 먼저 경험하고 공유하려는 경향이 강합니다"
1445,박지민,여자,30대,주부,고졸(대학 재학 포함),대구광역시,2세대가족,기혼,맞벌이 하지 않음,200-300만원 미만,0,0.235820896,0.560315671,0.159760087,0.647404505,0.328013029,0.340159667,0.273913043,실속형 미식가,편리성을 중시하면서도 새로운 맛과 제품을 시도하는 데 적극적인 소비자 그룹입니다. 가격에 민감하기보다는 효율성과 맛을 동시에 추구합니다.
1446,한지우,여자,60대 이상,농림어업 숙련 종사자,고졸(대학 재학 포함),강원도,1세대가족,기혼,맞벌이 함,200-300만원 미만,0,0.121641791,0.398722285,0.460196292,0.86287953,0.330944625,0.405761888,0.317391304,실속형 미식가,편리성을 중시하면서도 새로운 맛과 제품을 시도하는 데 적극적인 소비자 그룹입니다. 가격에 민감하기보다는 효율성과 맛을 동시에 추구합니다.
1447,최하은,여자,40대,서비스 종사자,대학교 졸업(전문대졸/대학원생 포함),경기도,2세대가족,기혼,맞벌이 함,500-600만원 미만,3,0.604477612,0.676813228,0.458015267,0.921645446,0.372638436,0.229087123,0.734782609,트렌드 주도형 소비자,"자신의 취향과 경험을 중시하는 소비자 그룹입니다. 단순히 배를 채우는 것 이상의 가치를 추구하며, 새로운 제품을 가장 먼저 경험하고 공유하려는 경향이 강합니다"
1448,한서윤,여자,60대 이상,사무 종사자,고졸(대학 재학 포함),서울특별시,1세대가족,기혼,맞벌이 함,"1,000만원 이상",1,0.38880597,0.567831642,0.673664122,0.882468168,0.407491857,0.218674072,0.269565217,건강 추구형 소비자,가격이나 브랜드에 크게 구애받지 않고 건강을 최우선으로 고려하는 프리미엄 소비자 그룹입니다. 건강과 편리성을 모두 만족시키는 제품에 기꺼이 지갑을 엽니다.
1449,최수아,여자,40대,서비스 종사자,대학교 졸업(전문대졸/대학원생 포함),서울특별시,2세대가족,기혼,맞벌이 함,600-700만원 미만,3,0.789552239,0.419391206,0.579607415,0.877571009,0.591856678,0.275251649,0.508695652,트렌드 주도형 소비자,"자신의 취향과 경험을 중시하는 소비자 그룹입니다. 단순히 배를 채우는 것 이상의 가치를 추구하며, 새로운 제품을 가장 먼저 경험하고 공유하려는 경향이 강합니다"
1450,강지원,여자,20대,서비스 종사자,대학교 졸업(전문대졸/대학원생 포함),대구광역시,1세대가족,기혼,맞벌이 함,400-500만원 미만,0,0.229850746,0.432544156,0.19438386,0.823702253,0.26970684,0.501909059,0.539130435,실속형 미식가,편리성을 중시하면서도 새로운 맛과 제품을 시도하는 데 적극적인 소비자 그룹입니다. 가격에 민감하기보다는 효율성과 맛을 동시에 추구합니다.
1451,윤예은,여자,40대,사무 종사자,대학교 졸업(전문대졸/대학원생 포함),경기도,2세대가족,기혼,맞벌이 함,500-600만원 미만,0,0.458955224,0.503945885,0.351690294,0.804113614,0.209446254,0.186740715,0.730434783,실속형 미식가,편리성을 중시하면서도 새로운 맛과 제품을 시도하는 데 적극적인 소비자 그룹입니다. 가격에 민감하기보다는 효율성과 맛을 동시에 추구합니다.
1452,정시우,여자,40대,판매 종사자,고졸(대학 재학 포함),강원도,2세대가족,기혼,맞벌이 함,400-500만원 미만,3,0.638059701,0.522735814,0.469738277,0.902056807,0.554071661,0.43665394,0.713043478,트렌드 주도형 소비자,"자신의 취향과 경험을 중시하는 소비자 그룹입니다. 단순히 배를 채우는 것 이상의 가치를 추구하며, 새로운 제품을 가장 먼저 경험하고 공유하려는 경향이 강합니다"
1453,한주원,여자,60대 이상,서비스 종사자,고졸(대학 재학 포함),강원도,1세대가족,기혼,맞벌이 함,300-400만원 미만,0,0.425373134,0.403231868,0.347055616,0.580803134,0.38534202,0.23464075,0.430434783,실속형 미식가,편리성을 중시하면서도 새로운 맛과 제품을 시도하는 데 적극적인 소비자 그룹입니다. 가격에 민감하기보다는 효율성과 맛을 동시에 추구합니다.
1454,이수아,남자,20대,사무 종사자,고졸(대학 재학 포함),대구광역시,1세대가족,기혼,맞벌이 하지 않음,200-300만원 미만,0,0.126865672,0.379180759,0.284351145,0.818805093,0.293159609,0.262408886,0.353478261,실속형 미식가,편리성을 중시하면서도 새로운 맛과 제품을 시도하는 데 적극적인 소비자 그룹입니다. 가격에 민감하기보다는 효율성과 맛을 동시에 추구합니다.
1455,윤주원,여자,50대,판매 종사자,대학교 졸업(전문대졸/대학원생 포함),인천광역시,2세대가족,기혼,맞벌이 함,600-700만원 미만,3,0.621641791,0.571589628,0.39912759,0.823702253,0.413029316,0.242971191,0.540434783,트렌드 주도형 소비자,"자신의 취향과 경험을 중시하는 소비자 그룹입니다. 단순히 배를 채우는 것 이상의 가치를 추구하며, 새로운 제품을 가장 먼저 경험하고 공유하려는 경향이 강합니다"
1456,김지우,여자,40대,사무 종사자,대학교 졸업(전문대졸/대학원생 포함),경기도,2세대가족,기혼,맞벌이 함,500-600만원 미만,3,0.641791045,0.650507328,0.371864776,0.902056807,0.322149837,0.240541479,0.591304348,트렌드 주도형 소비자,"자신의 취향과 경험을 중시하는 소비자 그룹입니다. 단순히 배를 채우는 것 이상의 가치를 추구하며, 새로운 제품을 가장 먼저 경험하고 공유하려는 경향이 강합니다"
1457,한민준,여자,40대,사무 종사자,대학교 졸업(전문대졸/대학원생 포함),경기도,2세대가족,기혼,맞벌이 함,500-600만원 미만,3,0.574626866,0.507703871,0.340512541,0.882468168,0.469381107,0.222145089,0.7,트렌드 주도형 소비자,"자신의 취향과 경험을 중시하는 소비자 그룹입니다. 단순히 배를 채우는 것 이상의 가치를 추구하며, 새로운 제품을 가장 먼저 경험하고 공유하려는 경향이 강합니다"
1458,정민서,여자,60대 이상,주부,중졸 이하,강원도,1세대가족,기혼,맞벌이 하지 않음,100-200만원 미만,1,0.203731343,0.406238256,0.543347874,0.882468168,0.389576547,0.501214856,0.434782609,건강 추구형 소비자,가격이나 브랜드에 크게 구애받지 않고 건강을 최우선으로 고려하는 프리미엄 소비자 그룹입니다. 건강과 편리성을 모두 만족시키는 제품에 기꺼이 지갑을 엽니다.
1459,윤시우,여자,60대 이상,사무 종사자,대학교 졸업(전문대졸/대학원생 포함),강원도,1인 가구,미혼(사별/이혼 포함),맞벌이 하지 않음,400-500만원 미만,3,0.62761194,0.550169109,0.434296619,0.902056807,0.494136808,0.412356821,0.656521739,트렌드 주도형 소비자,"자신의 취향과 경험을 중시하는 소비자 그룹입니다. 단순히 배를 채우는 것 이상의 가치를 추구하며, 새로운 제품을 가장 먼저 경험하고 공유하려는 경향이 강합니다"
1460,이서준,여자,40대,사무 종사자,대학교 졸업(전문대졸/대학원생 포함),경기도,2세대가족,기혼,맞벌이 함,500-600만원 미만,0,0.425373134,0.646749342,0.409760087,0.823702253,0.265798046,0.177021867,0.495652174,실속형 미식가,편리성을 중시하면서도 새로운 맛과 제품을 시도하는 데 적극적인 소비자 그룹입니다. 가격에 민감하기보다는 효율성과 맛을 동시에 추구합니다.
1461,이지민,여자,40대,사무 종사자,대학교 졸업(전문대졸/대학원생 포함),경기도,2세대가족,기혼,맞벌이 함,500-600만원 미만,0,0.373134328,0.695603157,0.454198473,0.843290891,0.274592834,0.197847969,0.560869565,실속형 미식가,편리성을 중시하면서도 새로운 맛과 제품을 시도하는 데 적극적인 소비자 그룹입니다. 가격에 민감하기보다는 효율성과 맛을 동시에 추구합니다.
1462,이하은,여자,60대 이상,주부,고졸(대학 재학 포함),서울특별시,1세대가족,기혼,맞벌이 하지 않음,200-300만원 미만,3,0.675373134,0.340473506,0.305343511,0.799216454,0.46514658,0.299201666,0.52173913,트렌드 주도형 소비자,"자신의 취향과 경험을 중시하는 소비자 그룹입니다. 단순히 배를 채우는 것 이상의 가치를 추구하며, 새로운 제품을 가장 먼저 경험하고 공유하려는 경향이 강합니다"
1463,정채원,여자,40대,사무 종사자,대학교 졸업(전문대졸/대학원생 포함),인천광역시,2세대가족,기혼,맞벌이 함,400-500만원 미만,3,0.602985075,0.680571214,0.474372955,0.823702253,0.349185668,0.305449497,0.469565217,트렌드 주도형 소비자,"자신의 취향과 경험을 중시하는 소비자 그룹입니다. 단순히 배를 채우는 것 이상의 가치를 추구하며, 새로운 제품을 가장 먼저 경험하고 공유하려는 경향이 강합니다"
1464,최예은,여자,50대,서비스 종사자,대학교 졸업(전문대졸/대학원생 포함),경기도,2세대가족,기혼,맞벌이 함,700-800만원 미만,0,0.220149254,0.609169485,0.313794984,0.843290891,0.213680782,0.209302326,0.6,실속형 미식가,편리성을 중시하면서도 새로운 맛과 제품을 시도하는 데 적극적인 소비자 그룹입니다. 가격에 민감하기보다는 효율성과 맛을 동시에 추구합니다.
1465,조도윤,여자,50대,서비스 종사자,대학교 졸업(전문대졸/대학원생 포함),서울특별시,1인 가구,미혼(사별/이혼 포함),맞벌이 하지 않음,200-300만원 미만,0,0.47238806,0.449455092,0.46782988,0.838393732,0.317915309,0.219715377,0.465217391,실속형 미식가,편리성을 중시하면서도 새로운 맛과 제품을 시도하는 데 적극적인 소비자 그룹입니다. 가격에 민감하기보다는 효율성과 맛을 동시에 추구합니다.
1466,이지민,여자,40대,서비스 종사자,대학교 졸업(전문대졸/대학원생 포함),충청북도,2세대가족,기혼,맞벌이 함,500-600만원 미만,0,0.484328358,0.725667042,0.352780807,0.804113614,0.221172638,0.510586602,0.434782609,실속형 미식가,편리성을 중시하면서도 새로운 맛과 제품을 시도하는 데 적극적인 소비자 그룹입니다. 가격에 민감하기보다는 효율성과 맛을 동시에 추구합니다.
1467,이채원,여자,30대,단순노무 종사자,고졸(대학 재학 포함),충청북도,2세대가족,기혼,맞벌이 함,500-600만원 미만,0,0.368656716,0.612927471,0.395038168,0.823702253,0.189576547,0.315862548,0.6,실속형 미식가,편리성을 중시하면서도 새로운 맛과 제품을 시도하는 데 적극적인 소비자 그룹입니다. 가격에 민감하기보다는 효율성과 맛을 동시에 추구합니다.
1468,조하은,여자,50대,사무 종사자,대학교 졸업(전문대졸/대학원생 포함),울산광역시,1세대가족,기혼,맞벌이 함,400-500만원 미만,3,0.700746269,0.725667042,0.300708833,0.882468168,0.322149837,0.418604651,0.518695652,트렌드 주도형 소비자,"자신의 취향과 경험을 중시하는 소비자 그룹입니다. 단순히 배를 채우는 것 이상의 가치를 추구하며, 새로운 제품을 가장 먼저 경험하고 공유하려는 경향이 강합니다"
1469,한지원,여자,60대 이상,서비스 종사자,대학교 졸업(전문대졸/대학원생 포함),서울특별시,1세대가족,기혼,맞벌이 함,400-500만원 미만,3,0.68880597,0.374295378,0.482824427,0.779627816,0.577198697,0.292606734,0.513043478,트렌드 주도형 소비자,"자신의 취향과 경험을 중시하는 소비자 그룹입니다. 단순히 배를 채우는 것 이상의 가치를 추구하며, 새로운 제품을 가장 먼저 경험하고 공유하려는 경향이 강합니다"
1470,강예준,여자,60대 이상,판매 종사자,고졸(대학 재학 포함),경상북도,2세대가족,기혼,맞벌이 함,500-600만원 미만,3,0.56119403,0.470124014,0.317884406,0.745347698,0.430618893,0.393266227,0.375217391,트렌드 주도형 소비자,"자신의 취향과 경험을 중시하는 소비자 그룹입니다. 단순히 배를 채우는 것 이상의 가치를 추구하며, 새로운 제품을 가장 먼저 경험하고 공유하려는 경향이 강합니다"
1471,박서준,여자,30대,주부,대학교 졸업(전문대졸/대학원생 포함),울산광역시,2세대가족,기혼,맞벌이 하지 않음,300-400만원 미만,3,0.847761194,0.549041714,0.428844057,0.882468168,0.532899023,0.475182228,0.695652174,트렌드 주도형 소비자,"자신의 취향과 경험을 중시하는 소비자 그룹입니다. 단순히 배를 채우는 것 이상의 가치를 추구하며, 새로운 제품을 가장 먼저 경험하고 공유하려는 경향이 강합니다"
1472,박예준,여자,50대,주부,대학교 졸업(전문대졸/대학원생 포함),경상북도,1세대가족,기혼,맞벌이 하지 않음,300-400만원 미만,3,0.643283582,0.428786171,0.414667394,0.764936337,0.518566775,0.368274905,0.370869565,트렌드 주도형 소비자,"자신의 취향과 경험을 중시하는 소비자 그룹입니다. 단순히 배를 채우는 것 이상의 가치를 추구하며, 새로운 제품을 가장 먼저 경험하고 공유하려는 경향이 강합니다"
1473,조지우,여자,40대,주부,대학교 졸업(전문대졸/대학원생 포함),울산광역시,2세대가족,기혼,맞벌이 하지 않음,300-400만원 미만,3,0.920149254,0.571589628,0.307524537,0.921645446,0.541042345,0.427282194,0.656521739,트렌드 주도형 소비자,"자신의 취향과 경험을 중시하는 소비자 그룹입니다. 단순히 배를 채우는 것 이상의 가치를 추구하며, 새로운 제품을 가장 먼저 경험하고 공유하려는 경향이 강합니다"
1474,박민서,여자,30대,사무 종사자,대학교 졸업(전문대졸/대학원생 포함),경상북도,2세대가족,기혼,맞벌이 함,600-700만원 미만,3,0.68880597,0.511461856,0.370229008,0.764936337,0.558957655,0.272474835,0.249130435,트렌드 주도형 소비자,"자신의 취향과 경험을 중시하는 소비자 그룹입니다. 단순히 배를 채우는 것 이상의 가치를 추구하며, 새로운 제품을 가장 먼저 경험하고 공유하려는 경향이 강합니다"
1475,강예은,여자,40대,사무 종사자,대학교 졸업(전문대졸/대학원생 포함),울산광역시,1세대가족,기혼,맞벌이 함,500-600만원 미만,3,0.819402985,0.549041714,0.486095965,0.902056807,0.611400651,0.458174245,0.608695652,트렌드 주도형 소비자,"자신의 취향과 경험을 중시하는 소비자 그룹입니다. 단순히 배를 채우는 것 이상의 가치를 추구하며, 새로운 제품을 가장 먼저 경험하고 공유하려는 경향이 강합니다"
1476,이예준,여자,30대,사무 종사자,대학원 졸업 이상,부산광역시,1인 가구,미혼(사별/이혼 포함),맞벌이 하지 않음,200-300만원 미만,0,0.326865672,0.582863585,0.421483097,0.72575906,0.25276873,0.35091982,0.465217391,실속형 미식가,편리성을 중시하면서도 새로운 맛과 제품을 시도하는 데 적극적인 소비자 그룹입니다. 가격에 민감하기보다는 효율성과 맛을 동시에 추구합니다.
1477,한민서,여자,20대,사무 종사자,대학원 졸업 이상,부산광역시,1인 가구,미혼(사별/이혼 포함),맞벌이 하지 않음,200-300만원 미만,3,0.597014925,0.379932356,0.351145038,0.72575906,0.481433225,0.330093717,0.556521739,트렌드 주도형 소비자,"자신의 취향과 경험을 중시하는 소비자 그룹입니다. 단순히 배를 채우는 것 이상의 가치를 추구하며, 새로운 제품을 가장 먼저 경험하고 공유하려는 경향이 강합니다"
1478,이시우,남자,20대,기능원 및 관련 기능 종사자,고졸(대학 재학 포함),부산광역시,1인 가구,미혼(사별/이혼 포함),맞벌이 하지 않음,300-400만원 미만,1,0.509701493,0.304772642,0.368047983,0.706170421,0.701302932,0.333217633,0.195652174,건강 추구형 소비자,가격이나 브랜드에 크게 구애받지 않고 건강을 최우선으로 고려하는 프리미엄 소비자 그룹입니다. 건강과 편리성을 모두 만족시키는 제품에 기꺼이 지갑을 엽니다.
1479,강하은,여자,30대,사무 종사자,대학원 졸업 이상,부산광역시,1인 가구,미혼(사별/이혼 포함),맞벌이 하지 않음,200-300만원 미만,0,0.479850746,0.567831642,0.353598691,0.86287953,0.32019544,0.345713294,0.347826087,실속형 미식가,편리성을 중시하면서도 새로운 맛과 제품을 시도하는 데 적극적인 소비자 그룹입니다. 가격에 민감하기보다는 효율성과 맛을 동시에 추구합니다.
1480,조예은,남자,20대,서비스 종사자,고졸(대학 재학 포함),부산광역시,1인 가구,미혼(사별/이혼 포함),맞벌이 하지 않음,300-400만원 미만,0,0.290298507,0.568959038,0.260632497,0.843290891,0.247557003,0.331482124,0.523043478,실속형 미식가,편리성을 중시하면서도 새로운 맛과 제품을 시도하는 데 적극적인 소비자 그룹입니다. 가격에 민감하기보다는 효율성과 맛을 동시에 추구합니다.
1481,조서윤,남자,40대,서비스 종사자,대학교 졸업(전문대졸/대학원생 포함),부산광역시,1인 가구,미혼(사별/이혼 포함),맞벌이 하지 않음,400-500만원 미만,0,0.164179104,0.440060128,0.500272628,0.764936337,0.271986971,0.223880597,0.365217391,실속형 미식가,편리성을 중시하면서도 새로운 맛과 제품을 시도하는 데 적극적인 소비자 그룹입니다. 가격에 민감하기보다는 효율성과 맛을 동시에 추구합니다.
1482,김서준,여자,50대,사무 종사자,대학교 졸업(전문대졸/대학원생 포함),경기도,2세대가족,기혼,맞벌이 함,800-900만원 미만,0,0.190298507,0.432544156,0.369138495,0.843290891,0.207166124,0.204790003,0.783913043,실속형 미식가,편리성을 중시하면서도 새로운 맛과 제품을 시도하는 데 적극적인 소비자 그룹입니다. 가격에 민감하기보다는 효율성과 맛을 동시에 추구합니다.
1483,조지민,여자,30대,사무 종사자,대학교 졸업(전문대졸/대학원생 포함),인천광역시,1세대가족,기혼,맞벌이 함,700-800만원 미만,0,0.218656716,0.417512213,0.3391494,0.804113614,0.406188925,0.197847969,0.669565217,실속형 미식가,편리성을 중시하면서도 새로운 맛과 제품을 시도하는 데 적극적인 소비자 그룹입니다. 가격에 민감하기보다는 효율성과 맛을 동시에 추구합니다.
1484,김서준,여자,30대,사무 종사자,대학교 졸업(전문대졸/대학원생 포함),인천광역시,2세대가족,기혼,맞벌이 함,800-900만원 미만,0,0.203731343,0.534009771,0.168484188,0.804113614,0.08990228,0.194376952,0.67826087,실속형 미식가,편리성을 중시하면서도 새로운 맛과 제품을 시도하는 데 적극적인 소비자 그룹입니다. 가격에 민감하기보다는 효율성과 맛을 동시에 추구합니다.
1485,정건우,여자,60대 이상,단순노무 종사자,고졸(대학 재학 포함),서울특별시,1세대가족,기혼,맞벌이 함,500-600만원 미만,0,0.18880597,0.485155956,0.291984733,0.804113614,0.199674267,0.279069767,0.682608696,실속형 미식가,편리성을 중시하면서도 새로운 맛과 제품을 시도하는 데 적극적인 소비자 그룹입니다. 가격에 민감하기보다는 효율성과 맛을 동시에 추구합니다.
1486,윤주원,여자,60대 이상,주부,고졸(대학 재학 포함),인천광역시,2세대가족,기혼,맞벌이 하지 않음,600-700만원 미만,0,0.302985075,0.612927471,0.360959651,0.784524976,0.318566775,0.168344325,0.42173913,실속형 미식가,편리성을 중시하면서도 새로운 맛과 제품을 시도하는 데 적극적인 소비자 그룹입니다. 가격에 민감하기보다는 효율성과 맛을 동시에 추구합니다.
1487,한지민,여자,50대,판매 종사자,고졸(대학 재학 포함),제주특별자치도,1인 가구,미혼(사별/이혼 포함),맞벌이 하지 않음,100-200만원 미만,0,0.108208955,0.481397971,0.586968375,0.764936337,0.301628664,0.21624436,0.5,실속형 미식가,편리성을 중시하면서도 새로운 맛과 제품을 시도하는 데 적극적인 소비자 그룹입니다. 가격에 민감하기보다는 효율성과 맛을 동시에 추구합니다.
1488,김서준,남자,30대,장치·기계 조작 및 조립 종사자,대학교 졸업(전문대졸/대학원생 포함),경상남도,2세대가족,기혼,맞벌이 함,500-600만원 미만,1,0.615671642,0.426155581,0.498364231,0.764936337,0.548859935,0.363762582,0.208695652,건강 추구형 소비자,가격이나 브랜드에 크게 구애받지 않고 건강을 최우선으로 고려하는 프리미엄 소비자 그룹입니다. 건강과 편리성을 모두 만족시키는 제품에 기꺼이 지갑을 엽니다.
1489,이지호,여자,50대,주부,대학교 졸업(전문대졸/대학원생 포함),제주특별자치도,1세대가족,기혼,맞벌이 하지 않음,200-300만원 미만,1,0.121641791,0.440060128,0.508178844,0.764936337,0.592508143,0.237764665,0.465217391,건강 추구형 소비자,가격이나 브랜드에 크게 구애받지 않고 건강을 최우선으로 고려하는 프리미엄 소비자 그룹입니다. 건강과 편리성을 모두 만족시키는 제품에 기꺼이 지갑을 엽니다.
1490,최수아,여자,50대,취업 준비 중,중졸 이하,경상남도,1인 가구,미혼(사별/이혼 포함),맞벌이 하지 않음,100만원 미만,3,0.51119403,0.353626456,0.341057797,0.745347698,0.471661238,0.406456092,0.343478261,트렌드 주도형 소비자,"자신의 취향과 경험을 중시하는 소비자 그룹입니다. 단순히 배를 채우는 것 이상의 가치를 추구하며, 새로운 제품을 가장 먼저 경험하고 공유하려는 경향이 강합니다"
1491,강예준,여자,60대 이상,주부,대학교 졸업(전문대졸/대학원생 포함),서울특별시,1세대가족,기혼,맞벌이 하지 않음,400-500만원 미만,1,0.352238806,0.584742578,0.571428571,0.662095984,0.596091205,0.227698716,0.173913043,건강 추구형 소비자,가격이나 브랜드에 크게 구애받지 않고 건강을 최우선으로 고려하는 프리미엄 소비자 그룹입니다. 건강과 편리성을 모두 만족시키는 제품에 기꺼이 지갑을 엽니다.
1492,최지우,남자,50대,군인,대학교 졸업(전문대졸/대학원생 포함),강원도,1인 가구,미혼(사별/이혼 포함),맞벌이 하지 않음,400-500만원 미만,3,0.570895522,0.565201052,0.434296619,0.882468168,0.572638436,0.429711906,0.530434783,트렌드 주도형 소비자,"자신의 취향과 경험을 중시하는 소비자 그룹입니다. 단순히 배를 채우는 것 이상의 가치를 추구하며, 새로운 제품을 가장 먼저 경험하고 공유하려는 경향이 강합니다"
1493,최건우,여자,40대,주부,중졸 이하,경상남도,2세대가족,미혼(사별/이혼 포함),맞벌이 하지 않음,200-300만원 미만,0,0.514925373,0.421270199,0.269901854,0.745347698,0.381107492,0.265532801,0.3,실속형 미식가,편리성을 중시하면서도 새로운 맛과 제품을 시도하는 데 적극적인 소비자 그룹입니다. 가격에 민감하기보다는 효율성과 맛을 동시에 추구합니다.
1494,정서연,여자,40대,사무 종사자,대학교 졸업(전문대졸/대학원생 포함),서울특별시,2세대가족,기혼,맞벌이 함,700-800만원 미만,1,0.275373134,0.393085306,0.755997819,0.779627816,0.445928339,0.340506768,0.134782609,건강 추구형 소비자,가격이나 브랜드에 크게 구애받지 않고 건강을 최우선으로 고려하는 프리미엄 소비자 그룹입니다. 건강과 편리성을 모두 만족시키는 제품에 기꺼이 지갑을 엽니다.
1495,임시우,여자,40대,주부,고졸(대학 재학 포함),강원도,2세대가족,기혼,맞벌이 하지 않음,400-500만원 미만,3,0.530597015,0.532130778,0.42693566,0.85798237,0.519869707,0.432141617,0.560869565,트렌드 주도형 소비자,"자신의 취향과 경험을 중시하는 소비자 그룹입니다. 단순히 배를 채우는 것 이상의 가치를 추구하며, 새로운 제품을 가장 먼저 경험하고 공유하려는 경향이 강합니다"
1496,김서연,여자,20대,주부,고졸(대학 재학 포함),경상남도,2세대가족,기혼,맞벌이 하지 않음,500-600만원 미만,3,0.56641791,0.451334085,0.497818975,0.72575906,0.432899023,0.290871225,0.413043478,트렌드 주도형 소비자,"자신의 취향과 경험을 중시하는 소비자 그룹입니다. 단순히 배를 채우는 것 이상의 가치를 추구하며, 새로운 제품을 가장 먼저 경험하고 공유하려는 경향이 강합니다"
1497,박건우,여자,20대,서비스 종사자,고졸(대학 재학 포함),경상남도,1인 가구,미혼(사별/이혼 포함),맞벌이 하지 않음,100-200만원 미만,0,0.375373134,0.473881999,0.322791712,0.72575906,0.336482085,0.193682749,0.295652174,실속형 미식가,편리성을 중시하면서도 새로운 맛과 제품을 시도하는 데 적극적인 소비자 그룹입니다. 가격에 민감하기보다는 효율성과 맛을 동시에 추구합니다.
1498,김지우,여자,60대 이상,단순노무 종사자,고졸(대학 재학 포함),강원도,1세대가족,기혼,맞벌이 함,200-300만원 미만,1,0.203731343,0.455092071,0.723555071,0.902056807,0.396091205,0.386671295,0.339130435,건강 추구형 소비자,가격이나 브랜드에 크게 구애받지 않고 건강을 최우선으로 고려하는 프리미엄 소비자 그룹입니다. 건강과 편리성을 모두 만족시키는 제품에 기꺼이 지갑을 엽니다.
1499,최예은,여자,60대 이상,주부,중졸 이하,전라남도,1세대가족,기혼,맞벌이 하지 않음,200-300만원 미만,0,0.423880597,0.549041714,0.329334787,0.882468168,0.282736156,0.560916348,0.573913043,실속형 미식가,편리성을 중시하면서도 새로운 맛과 제품을 시도하는 데 적극적인 소비자 그룹입니다. 가격에 민감하기보다는 효율성과 맛을 동시에 추구합니다.
1500,한수아,여자,30대,전문가 및 관련 종사자,대학교 졸업(전문대졸/대학원생 포함),서울특별시,1세대가족,기혼,맞벌이 함,700-800만원 미만,1,0.134328358,0.381811349,0.625954198,0.799216454,0.66514658,0.204790003,0.104347826,건강 추구형 소비자,가격이나 브랜드에 크게 구애받지 않고 건강을 최우선으로 고려하는 프리미엄 소비자 그룹입니다. 건강과 편리성을 모두 만족시키는 제품에 기꺼이 지갑을 엽니다.
1501,박지호,여자,40대,주부,대학교 졸업(전문대졸/대학원생 포함),강원도,1세대가족,기혼,맞벌이 하지 않음,400-500만원 미만,3,0.517164179,0.621570838,0.47519084,0.941234084,0.492833876,0.43665394,0.547826087,트렌드 주도형 소비자,"자신의 취향과 경험을 중시하는 소비자 그룹입니다. 단순히 배를 채우는 것 이상의 가치를 추구하며, 새로운 제품을 가장 먼저 경험하고 공유하려는 경향이 강합니다"
1502,임예준,여자,60대 이상,주부,중졸 이하,전라남도,1인 가구,미혼(사별/이혼 포함),맞벌이 하지 않음,100만원 미만,0,0.284328358,0.525366404,0.21346783,0.840352595,0.280456026,0.609510587,0.443478261,실속형 미식가,편리성을 중시하면서도 새로운 맛과 제품을 시도하는 데 적극적인 소비자 그룹입니다. 가격에 민감하기보다는 효율성과 맛을 동시에 추구합니다.
1503,조서윤,여자,40대,사무 종사자,고졸(대학 재학 포함),대구광역시,2세대가족,기혼,맞벌이 함,500-600만원 미만,0,0.252985075,0.432544156,0.443293348,0.86287953,0.353094463,0.27559875,0.413043478,실속형 미식가,편리성을 중시하면서도 새로운 맛과 제품을 시도하는 데 적극적인 소비자 그룹입니다. 가격에 민감하기보다는 효율성과 맛을 동시에 추구합니다.
1504,윤지민,남자,50대,사무 종사자,대학교 졸업(전문대졸/대학원생 포함),강원도,1인 가구,미혼(사별/이혼 포함),맞벌이 하지 않음,300-400만원 미만,3,0.476865672,0.580232995,0.480643402,0.921645446,0.465472313,0.399166956,0.604347826,트렌드 주도형 소비자,"자신의 취향과 경험을 중시하는 소비자 그룹입니다. 단순히 배를 채우는 것 이상의 가치를 추구하며, 새로운 제품을 가장 먼저 경험하고 공유하려는 경향이 강합니다"
1505,임채원,여자,60대 이상,주부,고졸(대학 재학 포함),강원도,2세대가족,기혼,맞벌이 하지 않음,"1,000만원 이상",1,0.253731343,0.440060128,0.891494002,0.882468168,0.602605863,0.342242277,0.373913043,건강 추구형 소비자,가격이나 브랜드에 크게 구애받지 않고 건강을 최우선으로 고려하는 프리미엄 소비자 그룹입니다. 건강과 편리성을 모두 만족시키는 제품에 기꺼이 지갑을 엽니다.
1506,정도윤,여자,60대 이상,주부,중졸 이하,강원도,1세대가족,기혼,맞벌이 하지 않음,300-400만원 미만,1,0.393283582,0.398722285,0.831515812,0.86287953,0.340390879,0.183963901,0.169565217,건강 추구형 소비자,가격이나 브랜드에 크게 구애받지 않고 건강을 최우선으로 고려하는 프리미엄 소비자 그룹입니다. 건강과 편리성을 모두 만족시키는 제품에 기꺼이 지갑을 엽니다.
1507,이준서,여자,60대 이상,판매 종사자,중졸 이하,전라남도,1인 가구,미혼(사별/이혼 포함),맞벌이 하지 않음,100만원 미만,3,0.563432836,0.594137542,0.079062159,0.86287953,0.318566775,0.508503992,0.508695652,트렌드 주도형 소비자,"자신의 취향과 경험을 중시하는 소비자 그룹입니다. 단순히 배를 채우는 것 이상의 가치를 추구하며, 새로운 제품을 가장 먼저 경험하고 공유하려는 경향이 강합니다"
1508,임도윤,여자,40대,판매 종사자,고졸(대학 재학 포함),경상남도,2세대가족,기혼,맞벌이 함,600-700만원 미만,3,0.557462687,0.632844795,0.420937841,0.72575906,0.428990228,0.281499479,0.395652174,트렌드 주도형 소비자,"자신의 취향과 경험을 중시하는 소비자 그룹입니다. 단순히 배를 채우는 것 이상의 가치를 추구하며, 새로운 제품을 가장 먼저 경험하고 공유하려는 경향이 강합니다"
1509,이지호,여자,60대 이상,판매 종사자,고졸(대학 재학 포함),전라남도,1세대가족,기혼,맞벌이 함,300-400만원 미만,0,0.452238806,0.718151071,0.323882225,0.820763957,0.295114007,0.352655328,0.37826087,실속형 미식가,편리성을 중시하면서도 새로운 맛과 제품을 시도하는 데 적극적인 소비자 그룹입니다. 가격에 민감하기보다는 효율성과 맛을 동시에 추구합니다.
1510,최지민,남자,20대,서비스 종사자,고졸(대학 재학 포함),경상남도,1인 가구,미혼(사별/이혼 포함),맞벌이 하지 않음,200-300만원 미만,0,0.489552239,0.595264938,0.06134133,0.745347698,0.348859935,0.17146824,0.373913043,실속형 미식가,편리성을 중시하면서도 새로운 맛과 제품을 시도하는 데 적극적인 소비자 그룹입니다. 가격에 민감하기보다는 효율성과 맛을 동시에 추구합니다.
1511,윤서윤,여자,30대,사무 종사자,대학교 졸업(전문대졸/대학원생 포함),충청북도,1세대가족,기혼,맞벌이 함,500-600만원 미만,3,0.562686567,0.721909057,0.466466739,0.960822723,0.336807818,0.272474835,0.430434783,트렌드 주도형 소비자,"자신의 취향과 경험을 중시하는 소비자 그룹입니다. 단순히 배를 채우는 것 이상의 가치를 추구하며, 새로운 제품을 가장 먼저 경험하고 공유하려는 경향이 강합니다"
1512,강시우,여자,50대,사무 종사자,고졸(대학 재학 포함),강원도,1인 가구,미혼(사별/이혼 포함),맞벌이 하지 않음,300-400만원 미만,1,0.300746269,0.481397971,0.813522356,0.882468168,0.541042345,0.365845193,0.33173913,건강 추구형 소비자,가격이나 브랜드에 크게 구애받지 않고 건강을 최우선으로 고려하는 프리미엄 소비자 그룹입니다. 건강과 편리성을 모두 만족시키는 제품에 기꺼이 지갑을 엽니다.
1513,조도윤,여자,30대,서비스 종사자,대학교 졸업(전문대졸/대학원생 포함),대구광역시,1인 가구,미혼(사별/이혼 포함),맞벌이 하지 않음,200-300만원 미만,0,0.317910448,0.515219842,0.318974918,0.764936337,0.389576547,0.351961125,0.32173913,실속형 미식가,편리성을 중시하면서도 새로운 맛과 제품을 시도하는 데 적극적인 소비자 그룹입니다. 가격에 민감하기보다는 효율성과 맛을 동시에 추구합니다.
1514,임서윤,여자,60대 이상,판매 종사자,고졸(대학 재학 포함),전라남도,1세대가족,기혼,맞벌이 함,500-600만원 미만,0,0.358208955,0.443818113,0.296619411,0.784524976,0.274592834,0.499132246,0.705652174,실속형 미식가,편리성을 중시하면서도 새로운 맛과 제품을 시도하는 데 적극적인 소비자 그룹입니다. 가격에 민감하기보다는 효율성과 맛을 동시에 추구합니다.
1515,강준서,여자,30대,사무 종사자,대학교 졸업(전문대졸/대학원생 포함),강원도,1세대가족,기혼,맞벌이 함,500-600만원 미만,3,0.823880597,0.575347614,0.504089422,0.921645446,0.612052117,0.395695939,0.67826087,트렌드 주도형 소비자,"자신의 취향과 경험을 중시하는 소비자 그룹입니다. 단순히 배를 채우는 것 이상의 가치를 추구하며, 새로운 제품을 가장 먼저 경험하고 공유하려는 경향이 강합니다"
1516,박지우,여자,60대 이상,주부,중졸 이하,경상남도,1세대가족,기혼,맞벌이 하지 않음,200-300만원 미만,3,0.640298507,0.549041714,0.408396947,0.72575906,0.416286645,0.327316904,0.32173913,트렌드 주도형 소비자,"자신의 취향과 경험을 중시하는 소비자 그룹입니다. 단순히 배를 채우는 것 이상의 가치를 추구하며, 새로운 제품을 가장 먼저 경험하고 공유하려는 경향이 강합니다"
1517,박수아,남자,40대,장치·기계 조작 및 조립 종사자,고졸(대학 재학 포함),충청남도,1세대가족,기혼,맞벌이 함,500-600만원 미만,0,0.194029851,0.559564074,0.263358779,0.799216454,0.283387622,0.145782714,0.370869565,실속형 미식가,편리성을 중시하면서도 새로운 맛과 제품을 시도하는 데 적극적인 소비자 그룹입니다. 가격에 민감하기보다는 효율성과 맛을 동시에 추구합니다.
1518,최민준,여자,60대 이상,판매 종사자,고졸(대학 재학 포함),충청북도,1세대가족,기혼,맞벌이 함,500-600만원 미만,3,0.685074627,0.631717399,0.466466739,0.921645446,0.396742671,0.284623395,0.536086957,트렌드 주도형 소비자,"자신의 취향과 경험을 중시하는 소비자 그룹입니다. 단순히 배를 채우는 것 이상의 가치를 추구하며, 새로운 제품을 가장 먼저 경험하고 공유하려는 경향이 강합니다"
1519,박서준,여자,30대,주부,대학교 졸업(전문대졸/대학원생 포함),대구광역시,2세대가족,기혼,맞벌이 하지 않음,200-300만원 미만,0,0.235074627,0.669297257,0.199291167,0.804113614,0.22247557,0.453314821,0.308695652,실속형 미식가,편리성을 중시하면서도 새로운 맛과 제품을 시도하는 데 적극적인 소비자 그룹입니다. 가격에 민감하기보다는 효율성과 맛을 동시에 추구합니다.
1520,정예은,남자,20대,사무 종사자,대학교 졸업(전문대졸/대학원생 포함),경상남도,1인 가구,미혼(사별/이혼 포함),맞벌이 하지 않음,200-300만원 미만,0,0.431343284,0.475009395,0.174482007,0.784524976,0.357654723,0.252690038,0.408695652,실속형 미식가,편리성을 중시하면서도 새로운 맛과 제품을 시도하는 데 적극적인 소비자 그룹입니다. 가격에 민감하기보다는 효율성과 맛을 동시에 추구합니다.
1521,임민준,여자,60대 이상,단순노무 종사자,고졸(대학 재학 포함),충청남도,1인 가구,미혼(사별/이혼 포함),맞벌이 하지 않음,200-300만원 미만,0,0.194029851,0.453213078,0.31870229,0.760039177,0.241042345,0.13884068,0.326086957,실속형 미식가,편리성을 중시하면서도 새로운 맛과 제품을 시도하는 데 적극적인 소비자 그룹입니다. 가격에 민감하기보다는 효율성과 맛을 동시에 추구합니다.
1522,윤하준,여자,60대 이상,주부,중졸 이하,전라남도,1세대가족,기혼,맞벌이 하지 않음,200-300만원 미만,0,0.43880597,0.673055242,0.348418757,0.921645446,0.325081433,0.503644568,0.405652174,실속형 미식가,편리성을 중시하면서도 새로운 맛과 제품을 시도하는 데 적극적인 소비자 그룹입니다. 가격에 민감하기보다는 효율성과 맛을 동시에 추구합니다.
1523,임하은,여자,60대 이상,주부,고졸(대학 재학 포함),충청남도,1인 가구,미혼(사별/이혼 포함),맞벌이 하지 않음,200-300만원 미만,0,0.293283582,0.629838407,0.280534351,0.779627816,0.225732899,0.145782714,0.256521739,실속형 미식가,편리성을 중시하면서도 새로운 맛과 제품을 시도하는 데 적극적인 소비자 그룹입니다. 가격에 민감하기보다는 효율성과 맛을 동시에 추구합니다.
1524,강준서,여자,60대 이상,서비스 종사자,고졸(대학 재학 포함),충청북도,1세대가족,기혼,맞벌이 함,600-700만원 미만,3,0.507462687,0.774520857,0.445201745,0.921645446,0.339739414,0.272474835,0.408695652,트렌드 주도형 소비자,"자신의 취향과 경험을 중시하는 소비자 그룹입니다. 단순히 배를 채우는 것 이상의 가치를 추구하며, 새로운 제품을 가장 먼저 경험하고 공유하려는 경향이 강합니다"
1525,임지우,여자,50대,주부,중졸 이하,경상남도,1인 가구,미혼(사별/이혼 포함),맞벌이 하지 않음,100-200만원 미만,1,0.620149254,0.398722285,0.515539804,0.745347698,0.508469055,0.207566817,0.326086957,건강 추구형 소비자,가격이나 브랜드에 크게 구애받지 않고 건강을 최우선으로 고려하는 프리미엄 소비자 그룹입니다. 건강과 편리성을 모두 만족시키는 제품에 기꺼이 지갑을 엽니다.
1526,조예은,여자,40대,판매 종사자,고졸(대학 재학 포함),강원도,2세대가족,기혼,맞벌이 함,500-600만원 미만,3,0.694776119,0.530251785,0.476008724,0.941234084,0.674267101,0.441860465,0.692608696,트렌드 주도형 소비자,"자신의 취향과 경험을 중시하는 소비자 그룹입니다. 단순히 배를 채우는 것 이상의 가치를 추구하며, 새로운 제품을 가장 먼저 경험하고 공유하려는 경향이 강합니다"
1527,정하은,여자,50대,판매 종사자,고졸(대학 재학 포함),충청남도,2세대가족,기혼,맞벌이 함,500-600만원 미만,0,0.288059701,0.634723788,0.252453653,0.779627816,0.295114007,0.166608816,0.226086957,실속형 미식가,편리성을 중시하면서도 새로운 맛과 제품을 시도하는 데 적극적인 소비자 그룹입니다. 가격에 민감하기보다는 효율성과 맛을 동시에 추구합니다.
1528,임하은,여자,20대,주부,대학교 졸업(전문대졸/대학원생 포함),강원도,2세대가족,기혼,맞벌이 하지 않음,300-400만원 미만,1,0.28358209,0.440060128,0.957742639,0.882468168,0.664169381,0.31829226,0.273913043,건강 추구형 소비자,가격이나 브랜드에 크게 구애받지 않고 건강을 최우선으로 고려하는 프리미엄 소비자 그룹입니다. 건강과 편리성을 모두 만족시키는 제품에 기꺼이 지갑을 엽니다.
1529,조서준,여자,40대,사무 종사자,대학교 졸업(전문대졸/대학원생 포함),서울특별시,2세대가족,기혼,맞벌이 함,700-800만원 미만,1,0.21641791,0.351747463,0.5804253,0.7208619,0.633550489,0.166608816,0.117391304,건강 추구형 소비자,가격이나 브랜드에 크게 구애받지 않고 건강을 최우선으로 고려하는 프리미엄 소비자 그룹입니다. 건강과 편리성을 모두 만족시키는 제품에 기꺼이 지갑을 엽니다.
1530,한수아,여자,60대 이상,주부,중졸 이하,경상남도,1세대가족,기혼,맞벌이 하지 않음,600-700만원 미만,3,0.610447761,0.440060128,0.423391494,0.745347698,0.449837134,0.262061784,0.339130435,트렌드 주도형 소비자,"자신의 취향과 경험을 중시하는 소비자 그룹입니다. 단순히 배를 채우는 것 이상의 가치를 추구하며, 새로운 제품을 가장 먼저 경험하고 공유하려는 경향이 강합니다"
1531,한하은,여자,50대,사무 종사자,대학교 졸업(전문대졸/대학원생 포함),충청북도,1세대가족,기혼,맞벌이 함,500-600만원 미만,3,0.515671642,0.665539271,0.367775354,0.902056807,0.423127036,0.30197848,0.404347826,트렌드 주도형 소비자,"자신의 취향과 경험을 중시하는 소비자 그룹입니다. 단순히 배를 채우는 것 이상의 가치를 추구하며, 새로운 제품을 가장 먼저 경험하고 공유하려는 경향이 강합니다"
1532,이민서,남자,50대,장치·기계 조작 및 조립 종사자,고졸(대학 재학 포함),충청남도,1세대가족,기혼,맞벌이 함,500-600만원 미만,0,0.328358209,0.567080045,0.311613959,0.779627816,0.286644951,0.163137799,0.252173913,실속형 미식가,편리성을 중시하면서도 새로운 맛과 제품을 시도하는 데 적극적인 소비자 그룹입니다. 가격에 민감하기보다는 효율성과 맛을 동시에 추구합니다.
1533,이예은,여자,50대,판매 종사자,고졸(대학 재학 포함),강원도,2세대가족,기혼,맞벌이 함,500-600만원 미만,3,0.446268657,0.556557685,0.533260632,0.960822723,0.536807818,0.390489413,0.630434783,트렌드 주도형 소비자,"자신의 취향과 경험을 중시하는 소비자 그룹입니다. 단순히 배를 채우는 것 이상의 가치를 추구하며, 새로운 제품을 가장 먼저 경험하고 공유하려는 경향이 강합니다"
1534,윤민준,여자,60대 이상,주부,중졸 이하,전라남도,1인 가구,미혼(사별/이혼 포함),맞벌이 하지 않음,100만원 미만,0,0.390298507,0.428786171,0.021810251,0.745347698,0.207166124,0.586254773,0.630434783,실속형 미식가,편리성을 중시하면서도 새로운 맛과 제품을 시도하는 데 적극적인 소비자 그룹입니다. 가격에 민감하기보다는 효율성과 맛을 동시에 추구합니다.
1535,이민서,여자,50대,서비스 종사자,고졸(대학 재학 포함),충청북도,1세대가족,기혼,맞벌이 함,500-600만원 미만,3,0.724626866,0.342352499,0.450381679,0.804113614,0.560586319,0.246442208,0.473913043,트렌드 주도형 소비자,"자신의 취향과 경험을 중시하는 소비자 그룹입니다. 단순히 배를 채우는 것 이상의 가치를 추구하며, 새로운 제품을 가장 먼저 경험하고 공유하려는 경향이 강합니다"
1536,윤서준,여자,50대,주부,고졸(대학 재학 포함),대구광역시,1세대가족,기혼,맞벌이 하지 않음,300-400만원 미만,0,0.274626866,0.451334085,0.326608506,0.804113614,0.377198697,0.333217633,0.265217391,실속형 미식가,편리성을 중시하면서도 새로운 맛과 제품을 시도하는 데 적극적인 소비자 그룹입니다. 가격에 민감하기보다는 효율성과 맛을 동시에 추구합니다.
1537,김시우,여자,20대,판매 종사자,고졸(대학 재학 포함),대구광역시,1인 가구,미혼(사별/이혼 포함),맞벌이 하지 않음,200-300만원 미만,0,0.208955224,0.609169485,0.173391494,0.86287953,0.143322476,0.747657064,0.708695652,실속형 미식가,편리성을 중시하면서도 새로운 맛과 제품을 시도하는 데 적극적인 소비자 그룹입니다. 가격에 민감하기보다는 효율성과 맛을 동시에 추구합니다.
1538,조서준,여자,60대 이상,단순노무 종사자,고졸(대학 재학 포함),강원도,1인 가구,미혼(사별/이혼 포함),맞벌이 하지 않음,200-300만원 미만,3,0.473134328,0.496429914,0.393402399,0.941234084,0.508143322,0.340159667,0.691304348,트렌드 주도형 소비자,"자신의 취향과 경험을 중시하는 소비자 그룹입니다. 단순히 배를 채우는 것 이상의 가치를 추구하며, 새로운 제품을 가장 먼저 경험하고 공유하려는 경향이 강합니다"
1539,이채원,여자,50대,사무 종사자,대학교 졸업(전문대졸/대학원생 포함),서울특별시,2세대가족,기혼,맞벌이 함,600-700만원 미만,1,0.267164179,0.580232995,0.500272628,0.745347698,0.429967427,0.274210344,0.173913043,건강 추구형 소비자,가격이나 브랜드에 크게 구애받지 않고 건강을 최우선으로 고려하는 프리미엄 소비자 그룹입니다. 건강과 편리성을 모두 만족시키는 제품에 기꺼이 지갑을 엽니다.
1540,조민준,여자,60대 이상,판매 종사자,고졸(대학 재학 포함),부산광역시,1세대가족,기혼,맞벌이 함,300-400만원 미만,0,0.141791045,0.558436678,0.501363141,0.85798237,0.159609121,0.491496008,0.430434783,실속형 미식가,편리성을 중시하면서도 새로운 맛과 제품을 시도하는 데 적극적인 소비자 그룹입니다. 가격에 민감하기보다는 효율성과 맛을 동시에 추구합니다.
1541,윤지호,여자,40대,주부,대학교 졸업(전문대졸/대학원생 포함),강원도,2세대가족,기혼,맞벌이 하지 않음,400-500만원 미만,1,0.406716418,0.398722285,0.821155943,0.843290891,0.377850163,0.183963901,0.17826087,건강 추구형 소비자,가격이나 브랜드에 크게 구애받지 않고 건강을 최우선으로 고려하는 프리미엄 소비자 그룹입니다. 건강과 편리성을 모두 만족시키는 제품에 기꺼이 지갑을 엽니다.
1542,강지원,여자,40대,사무 종사자,대학교 졸업(전문대졸/대학원생 포함),충청북도,1세대가족,기혼,맞벌이 함,500-600만원 미만,3,0.448507463,0.631717399,0.514994547,0.941234084,0.43485342,0.309961819,0.534782609,트렌드 주도형 소비자,"자신의 취향과 경험을 중시하는 소비자 그룹입니다. 단순히 배를 채우는 것 이상의 가치를 추구하며, 새로운 제품을 가장 먼저 경험하고 공유하려는 경향이 강합니다"
1543,조예은,여자,60대 이상,단순노무 종사자,중졸 이하,충청북도,1세대가족,기혼,맞벌이 함,500-600만원 미만,3,0.696268657,0.394964299,0.263904035,0.784524976,0.457980456,0.205831309,0.526086957,트렌드 주도형 소비자,"자신의 취향과 경험을 중시하는 소비자 그룹입니다. 단순히 배를 채우는 것 이상의 가치를 추구하며, 새로운 제품을 가장 먼저 경험하고 공유하려는 경향이 강합니다"
1544,최도윤,여자,60대 이상,서비스 종사자,고졸(대학 재학 포함),강원도,1인 가구,미혼(사별/이혼 포함),맞벌이 하지 않음,200-300만원 미만,1,0.223880597,0.447576099,0.716194111,0.882468168,0.425407166,0.420687261,0.353478261,건강 추구형 소비자,가격이나 브랜드에 크게 구애받지 않고 건강을 최우선으로 고려하는 프리미엄 소비자 그룹입니다. 건강과 편리성을 모두 만족시키는 제품에 기꺼이 지갑을 엽니다.
1545,최하은,여자,60대 이상,주부,고졸(대학 재학 포함),서울특별시,1세대가족,기혼,맞벌이 하지 않음,300-400만원 미만,1,0.214925373,0.373543781,0.716466739,0.72575906,0.494462541,0.47761194,0.117391304,건강 추구형 소비자,가격이나 브랜드에 크게 구애받지 않고 건강을 최우선으로 고려하는 프리미엄 소비자 그룹입니다. 건강과 편리성을 모두 만족시키는 제품에 기꺼이 지갑을 엽니다.
1546,강시우,여자,60대 이상,판매 종사자,대학교 졸업(전문대졸/대학원생 포함),부산광역시,1인 가구,미혼(사별/이혼 포함),맞벌이 하지 않음,300-400만원 미만,0,0.136567164,0.573468621,0.338604144,0.85798237,0.163843648,0.506421381,0.430434783,실속형 미식가,편리성을 중시하면서도 새로운 맛과 제품을 시도하는 데 적극적인 소비자 그룹입니다. 가격에 민감하기보다는 효율성과 맛을 동시에 추구합니다.
1547,정예은,여자,50대,서비스 종사자,고졸(대학 재학 포함),대구광역시,2세대가족,미혼(사별/이혼 포함),맞벌이 하지 않음,500-600만원 미만,3,0.423134328,0.456219466,0.48827699,0.686581783,0.448534202,0.407150295,0.536086957,트렌드 주도형 소비자,"자신의 취향과 경험을 중시하는 소비자 그룹입니다. 단순히 배를 채우는 것 이상의 가치를 추구하며, 새로운 제품을 가장 먼저 경험하고 공유하려는 경향이 강합니다"
1548,이서준,여자,60대 이상,단순노무 종사자,고졸(대학 재학 포함),충청남도,1인 가구,미혼(사별/이혼 포함),맞벌이 하지 않음,200-300만원 미만,0,0.218656716,0.561067268,0.264176663,0.737512243,0.251791531,0.145782714,0.217391304,실속형 미식가,편리성을 중시하면서도 새로운 맛과 제품을 시도하는 데 적극적인 소비자 그룹입니다. 가격에 민감하기보다는 효율성과 맛을 동시에 추구합니다.
1549,김수아,여자,60대 이상,주부,고졸(대학 재학 포함),강원도,1세대가족,기혼,맞벌이 하지 않음,300-400만원 미만,1,0.500746269,0.327320556,0.660032715,0.764936337,0.53257329,0.160708087,0.1,건강 추구형 소비자,가격이나 브랜드에 크게 구애받지 않고 건강을 최우선으로 고려하는 프리미엄 소비자 그룹입니다. 건강과 편리성을 모두 만족시키는 제품에 기꺼이 지갑을 엽니다.
1550,이도윤,여자,60대 이상,주부,고졸(대학 재학 포함),서울특별시,1세대가족,기혼,맞벌이 하지 않음,400-500만원 미만,1,0.290298507,0.398722285,0.689203926,0.72575906,0.364495114,0.490107602,0.073913043,건강 추구형 소비자,가격이나 브랜드에 크게 구애받지 않고 건강을 최우선으로 고려하는 프리미엄 소비자 그룹입니다. 건강과 편리성을 모두 만족시키는 제품에 기꺼이 지갑을 엽니다.
1551,박하준,여자,40대,판매 종사자,고졸(대학 재학 포함),충청남도,2세대가족,기혼,맞벌이 함,500-600만원 미만,0,0.246268657,0.618564449,0.308615049,0.779627816,0.306188925,0.190905935,0.213043478,실속형 미식가,편리성을 중시하면서도 새로운 맛과 제품을 시도하는 데 적극적인 소비자 그룹입니다. 가격에 민감하기보다는 효율성과 맛을 동시에 추구합니다.
1552,강하준,여자,50대,주부,대학교 졸업(전문대졸/대학원생 포함),강원도,1세대가족,기혼,맞벌이 하지 않음,400-500만원 미만,1,0.23358209,0.440060128,0.910577972,0.882468168,0.614332248,0.360291565,0.323043478,건강 추구형 소비자,가격이나 브랜드에 크게 구애받지 않고 건강을 최우선으로 고려하는 프리미엄 소비자 그룹입니다. 건강과 편리성을 모두 만족시키는 제품에 기꺼이 지갑을 엽니다.
1553,임하준,여자,40대,사무 종사자,대학교 졸업(전문대졸/대학원생 포함),충청북도,2세대가족,기혼,맞벌이 함,500-600만원 미만,1,0.494029851,0.733183014,0.642311887,0.921645446,0.464169381,0.299548768,0.391304348,건강 추구형 소비자,가격이나 브랜드에 크게 구애받지 않고 건강을 최우선으로 고려하는 프리미엄 소비자 그룹입니다. 건강과 편리성을 모두 만족시키는 제품에 기꺼이 지갑을 엽니다.
1554,이지호,여자,50대,판매 종사자,고졸(대학 재학 포함),충청북도,1세대가족,기혼,맞벌이 함,400-500만원 미만,3,0.611940299,0.601653514,0.251090513,0.843290891,0.503257329,0.38562999,0.318695652,트렌드 주도형 소비자,"자신의 취향과 경험을 중시하는 소비자 그룹입니다. 단순히 배를 채우는 것 이상의 가치를 추구하며, 새로운 제품을 가장 먼저 경험하고 공유하려는 경향이 강합니다"
1555,김주원,여자,60대 이상,서비스 종사자,대학교 졸업(전문대졸/대학원생 포함),대구광역시,3세대가족,기혼,맞벌이 함,"900-1,000만원 미만",0,0.388059701,0.488913942,0.527262814,0.784524976,0.412052117,0.482124262,0.523043478,실속형 미식가,편리성을 중시하면서도 새로운 맛과 제품을 시도하는 데 적극적인 소비자 그룹입니다. 가격에 민감하기보다는 효율성과 맛을 동시에 추구합니다.
1556,최지민,남자,30대,사무 종사자,대학교 졸업(전문대졸/대학원생 포함),충청남도,1세대가족,기혼,맞벌이 함,500-600만원 미만,0,0.514925373,0.592258549,0.261450382,0.818805093,0.364820847,0.183963901,0.3,실속형 미식가,편리성을 중시하면서도 새로운 맛과 제품을 시도하는 데 적극적인 소비자 그룹입니다. 가격에 민감하기보다는 효율성과 맛을 동시에 추구합니다.
1557,최하준,여자,40대,사무 종사자,대학교 졸업(전문대졸/대학원생 포함),충청북도,2세대가족,기혼,맞벌이 함,400-500만원 미만,3,0.701492537,0.605411499,0.302889858,0.823702253,0.378827362,0.215203054,0.508695652,트렌드 주도형 소비자,"자신의 취향과 경험을 중시하는 소비자 그룹입니다. 단순히 배를 채우는 것 이상의 가치를 추구하며, 새로운 제품을 가장 먼저 경험하고 공유하려는 경향이 강합니다"
1558,조채원,여자,30대,주부,고졸(대학 재학 포함),대구광역시,1세대가족,기혼,맞벌이 하지 않음,200-300만원 미만,0,0.171641791,0.584742578,0.285169029,0.779627816,0.238762215,0.32037487,0.295652174,실속형 미식가,편리성을 중시하면서도 새로운 맛과 제품을 시도하는 데 적극적인 소비자 그룹입니다. 가격에 민감하기보다는 효율성과 맛을 동시에 추구합니다.
1559,김하준,여자,50대,사무 종사자,대학교 졸업(전문대졸/대학원생 포함),충청남도,1세대가족,기혼,맞벌이 함,500-600만원 미만,3,0.552985075,0.565952649,0.35387132,0.681684623,0.418241042,0.28982992,0.330434783,트렌드 주도형 소비자,"자신의 취향과 경험을 중시하는 소비자 그룹입니다. 단순히 배를 채우는 것 이상의 가치를 추구하며, 새로운 제품을 가장 먼저 경험하고 공유하려는 경향이 강합니다"
1560,윤서윤,여자,60대 이상,주부,대학교 졸업(전문대졸/대학원생 포함),대구광역시,2세대가족,기혼,맞벌이 하지 않음,700-800만원 미만,0,0.36119403,0.451334085,0.373773173,0.843290891,0.420846906,0.416174939,0.514347826,실속형 미식가,편리성을 중시하면서도 새로운 맛과 제품을 시도하는 데 적극적인 소비자 그룹입니다. 가격에 민감하기보다는 효율성과 맛을 동시에 추구합니다.
1561,윤주원,여자,60대 이상,장치·기계 조작 및 조립 종사자,고졸(대학 재학 포함),충청북도,2세대가족,기혼,맞벌이 함,500-600만원 미만,3,0.66641791,0.748214957,0.528353326,0.960822723,0.451465798,0.323845887,0.460869565,트렌드 주도형 소비자,"자신의 취향과 경험을 중시하는 소비자 그룹입니다. 단순히 배를 채우는 것 이상의 가치를 추구하며, 새로운 제품을 가장 먼저 경험하고 공유하려는 경향이 강합니다"
1562,이건우,여자,30대,서비스 종사자,대학교 졸업(전문대졸/대학원생 포함),대구광역시,1인 가구,미혼(사별/이혼 포함),맞벌이 하지 않음,200-300만원 미만,0,0.111940299,0.554678692,0.120774264,0.760039177,0.182410423,0.387365498,0.37826087,실속형 미식가,편리성을 중시하면서도 새로운 맛과 제품을 시도하는 데 적극적인 소비자 그룹입니다. 가격에 민감하기보다는 효율성과 맛을 동시에 추구합니다.
1563,정서준,여자,40대,판매 종사자,고졸(대학 재학 포함),충청북도,2세대가족,기혼,맞벌이 함,400-500만원 미만,3,0.563432836,0.582863585,0.466466739,0.902056807,0.553094463,0.418604651,0.347826087,트렌드 주도형 소비자,"자신의 취향과 경험을 중시하는 소비자 그룹입니다. 단순히 배를 채우는 것 이상의 가치를 추구하며, 새로운 제품을 가장 먼저 경험하고 공유하려는 경향이 강합니다"
1564,윤채원,여자,50대,단순노무 종사자,고졸(대학 재학 포함),충청북도,1세대가족,기혼,맞벌이 함,400-500만원 미만,3,0.679104478,0.361142428,0.616684842,0.804113614,0.626384365,0.191947241,0.465217391,트렌드 주도형 소비자,"자신의 취향과 경험을 중시하는 소비자 그룹입니다. 단순히 배를 채우는 것 이상의 가치를 추구하며, 새로운 제품을 가장 먼저 경험하고 공유하려는 경향이 강합니다"
1565,한지호,여자,30대,사무 종사자,대학교 졸업(전문대졸/대학원생 포함),강원도,2세대가족,기혼,맞벌이 함,700-800만원 미만,1,0.228358209,0.447576099,0.99563795,0.902056807,0.612052117,0.307185005,0.304347826,건강 추구형 소비자,가격이나 브랜드에 크게 구애받지 않고 건강을 최우선으로 고려하는 프리미엄 소비자 그룹입니다. 건강과 편리성을 모두 만족시키는 제품에 기꺼이 지갑을 엽니다.
1566,조서윤,여자,30대,판매 종사자,대학교 졸업(전문대졸/대학원생 포함),대전광역시,1인 가구,미혼(사별/이혼 포함),맞벌이 하지 않음,300-400만원 미만,1,0.708208955,0.844043593,0.663031625,0.877571009,0.602605863,0.256855259,0.208695652,건강 추구형 소비자,가격이나 브랜드에 크게 구애받지 않고 건강을 최우선으로 고려하는 프리미엄 소비자 그룹입니다. 건강과 편리성을 모두 만족시키는 제품에 기꺼이 지갑을 엽니다.
1567,한하은,여자,60대 이상,서비스 종사자,대학교 졸업(전문대졸/대학원생 포함),대구광역시,1세대가족,기혼,맞벌이 함,"900-1,000만원 미만",3,0.455223881,0.503945885,0.525899673,0.804113614,0.449511401,0.433182923,0.486956522,트렌드 주도형 소비자,"자신의 취향과 경험을 중시하는 소비자 그룹입니다. 단순히 배를 채우는 것 이상의 가치를 추구하며, 새로운 제품을 가장 먼저 경험하고 공유하려는 경향이 강합니다"
1568,박하준,여자,60대 이상,주부,중졸 이하,강원도,1세대가족,기혼,맞벌이 하지 않음,200-300만원 미만,0,0.26119403,0.331078542,0.221646674,0.706170421,0.274592834,0.362027074,0.630434783,실속형 미식가,편리성을 중시하면서도 새로운 맛과 제품을 시도하는 데 적극적인 소비자 그룹입니다. 가격에 민감하기보다는 효율성과 맛을 동시에 추구합니다.
1569,최도윤,여자,40대,단순노무 종사자,대학교 졸업(전문대졸/대학원생 포함),충청북도,2세대가족,기혼,맞벌이 함,400-500만원 미만,3,0.662686567,0.417512213,0.366684842,0.823702253,0.481433225,0.245053801,0.469565217,트렌드 주도형 소비자,"자신의 취향과 경험을 중시하는 소비자 그룹입니다. 단순히 배를 채우는 것 이상의 가치를 추구하며, 새로운 제품을 가장 먼저 경험하고 공유하려는 경향이 강합니다"
1570,박지호,여자,50대,서비스 종사자,고졸(대학 재학 포함),충청북도,1세대가족,기혼,맞벌이 함,400-500만원 미만,3,0.705970149,0.470124014,0.351145038,0.804113614,0.514332248,0.484553974,0.37826087,트렌드 주도형 소비자,"자신의 취향과 경험을 중시하는 소비자 그룹입니다. 단순히 배를 채우는 것 이상의 가치를 추구하며, 새로운 제품을 가장 먼저 경험하고 공유하려는 경향이 강합니다"
1571,김주원,여자,60대 이상,주부,중졸 이하,강원도,1세대가족,기혼,맞벌이 하지 않음,300-400만원 미만,0,0.352985075,0.398722285,0.476008724,0.72575906,0.345602606,0.348490108,0.647826087,실속형 미식가,편리성을 중시하면서도 새로운 맛과 제품을 시도하는 데 적극적인 소비자 그룹입니다. 가격에 민감하기보다는 효율성과 맛을 동시에 추구합니다.
1572,최건우,여자,50대,관리자,대학교 졸업(전문대졸/대학원생 포함),경기도,2세대가족,기혼,맞벌이 함,600-700만원 미만,0,0.375373134,0.477639985,0.369138495,0.823702253,0.474592834,0.34293648,0.552173913,실속형 미식가,편리성을 중시하면서도 새로운 맛과 제품을 시도하는 데 적극적인 소비자 그룹입니다. 가격에 민감하기보다는 효율성과 맛을 동시에 추구합니다.
1573,이수아,여자,60대 이상,사무 종사자,대학교 졸업(전문대졸/대학원생 포함),대구광역시,2세대가족,기혼,맞벌이 함,600-700만원 미만,3,0.638059701,0.462608042,0.518811341,0.804113614,0.529315961,0.422075668,0.460869565,트렌드 주도형 소비자,"자신의 취향과 경험을 중시하는 소비자 그룹입니다. 단순히 배를 채우는 것 이상의 가치를 추구하며, 새로운 제품을 가장 먼저 경험하고 공유하려는 경향이 강합니다"
1574,최지민,여자,40대,판매 종사자,고졸(대학 재학 포함),대전광역시,2세대가족,기혼,맞벌이 함,500-600만원 미만,3,0.613432836,0.767004885,0.491003272,0.921645446,0.480456026,0.262061784,0.352173913,트렌드 주도형 소비자,"자신의 취향과 경험을 중시하는 소비자 그룹입니다. 단순히 배를 채우는 것 이상의 가치를 추구하며, 새로운 제품을 가장 먼저 경험하고 공유하려는 경향이 강합니다"
1575,한주원,여자,30대,주부,대학교 졸업(전문대졸/대학원생 포함),대구광역시,2세대가족,기혼,맞벌이 하지 않음,300-400만원 미만,0,0.267164179,0.663660278,0.221919302,0.897159647,0.191530945,0.711905588,0.443478261,실속형 미식가,편리성을 중시하면서도 새로운 맛과 제품을 시도하는 데 적극적인 소비자 그룹입니다. 가격에 민감하기보다는 효율성과 맛을 동시에 추구합니다.
1576,강지원,남자,20대,사무 종사자,대학교 졸업(전문대졸/대학원생 포함),충청북도,1세대가족,미혼(사별/이혼 포함),맞벌이 하지 않음,500-600만원 미만,0,0.410447761,0.767004885,0.307524537,0.882468168,0.317915309,0.32454009,0.3,실속형 미식가,편리성을 중시하면서도 새로운 맛과 제품을 시도하는 데 적극적인 소비자 그룹입니다. 가격에 민감하기보다는 효율성과 맛을 동시에 추구합니다.
1577,한하준,여자,30대,판매 종사자,고졸(대학 재학 포함),충청남도,2세대가족,기혼,맞벌이 함,400-500만원 미만,0,0.385074627,0.637354378,0.244274809,0.779627816,0.237459283,0.152724748,0.266521739,실속형 미식가,편리성을 중시하면서도 새로운 맛과 제품을 시도하는 데 적극적인 소비자 그룹입니다. 가격에 민감하기보다는 효율성과 맛을 동시에 추구합니다.
1578,강예준,여자,60대 이상,서비스 종사자,대학교 졸업(전문대졸/대학원생 포함),대구광역시,2세대가족,기혼,맞벌이 함,800-900만원 미만,3,0.832835821,0.485155956,0.563249727,0.843290891,0.576221498,0.357514752,0.570869565,트렌드 주도형 소비자,"자신의 취향과 경험을 중시하는 소비자 그룹입니다. 단순히 배를 채우는 것 이상의 가치를 추구하며, 새로운 제품을 가장 먼저 경험하고 공유하려는 경향이 강합니다"
1579,이예은,여자,60대 이상,서비스 종사자,고졸(대학 재학 포함),강원도,1세대가족,기혼,맞벌이 함,400-500만원 미만,1,0.170149254,0.447576099,0.739094875,0.882468168,0.390228013,0.427282194,0.327391304,건강 추구형 소비자,가격이나 브랜드에 크게 구애받지 않고 건강을 최우선으로 고려하는 프리미엄 소비자 그룹입니다. 건강과 편리성을 모두 만족시키는 제품에 기꺼이 지갑을 엽니다.
1580,정지우,여자,40대,사무 종사자,대학교 졸업(전문대졸/대학원생 포함),충청남도,1세대가족,기혼,맞벌이 함,500-600만원 미만,0,0.47238806,0.544532131,0.25436205,0.740450539,0.370032573,0.118014578,0.31,실속형 미식가,편리성을 중시하면서도 새로운 맛과 제품을 시도하는 데 적극적인 소비자 그룹입니다. 가격에 민감하기보다는 효율성과 맛을 동시에 추구합니다.
1581,이하준,여자,50대,서비스 종사자,대학교 졸업(전문대졸/대학원생 포함),충청북도,2세대가족,미혼(사별/이혼 포함),맞벌이 하지 않음,300-400만원 미만,0,0.429104478,0.624201428,0.344601963,0.86287953,0.316286645,0.360985769,0.526086957,실속형 미식가,편리성을 중시하면서도 새로운 맛과 제품을 시도하는 데 적극적인 소비자 그룹입니다. 가격에 민감하기보다는 효율성과 맛을 동시에 추구합니다.
1582,임서준,여자,60대 이상,단순노무 종사자,중졸 이하,충청남도,1세대가족,기혼,맞벌이 함,400-500만원 미만,0,0.158955224,0.614054867,0.283260632,0.745347698,0.246905537,0.128427629,0.23173913,실속형 미식가,편리성을 중시하면서도 새로운 맛과 제품을 시도하는 데 적극적인 소비자 그룹입니다. 가격에 민감하기보다는 효율성과 맛을 동시에 추구합니다.
1583,이서윤,여자,30대,서비스 종사자,고졸(대학 재학 포함),충청북도,2세대가족,기혼,맞벌이 함,500-600만원 미만,0,0.526119403,0.654265314,0.137131952,0.823702253,0.251140065,0.42450538,0.47826087,실속형 미식가,편리성을 중시하면서도 새로운 맛과 제품을 시도하는 데 적극적인 소비자 그룹입니다. 가격에 민감하기보다는 효율성과 맛을 동시에 추구합니다.
1584,임서준,여자,50대,판매 종사자,고졸(대학 재학 포함),충청남도,1인 가구,미혼(사별/이혼 포함),맞벌이 하지 않음,200-300만원 미만,0,0.373134328,0.638481774,0.217011996,0.760039177,0.28990228,0.167650121,0.226086957,실속형 미식가,편리성을 중시하면서도 새로운 맛과 제품을 시도하는 데 적극적인 소비자 그룹입니다. 가격에 민감하기보다는 효율성과 맛을 동시에 추구합니다.
1585,임하준,여자,50대,판매 종사자,고졸(대학 재학 포함),충청남도,2세대가족,기혼,맞벌이 함,500-600만원 미만,0,0.338059701,0.535888764,0.287895311,0.740450539,0.290879479,0.13884068,0.366521739,실속형 미식가,편리성을 중시하면서도 새로운 맛과 제품을 시도하는 데 적극적인 소비자 그룹입니다. 가격에 민감하기보다는 효율성과 맛을 동시에 추구합니다.
1586,정민준,여자,40대,판매 종사자,고졸(대학 재학 포함),충청북도,2세대가족,기혼,맞벌이 함,500-600만원 미만,0,0.262686567,0.620443442,0.182933479,0.804113614,0.153745928,0.484553974,0.456521739,실속형 미식가,편리성을 중시하면서도 새로운 맛과 제품을 시도하는 데 적극적인 소비자 그룹입니다. 가격에 민감하기보다는 효율성과 맛을 동시에 추구합니다.
1587,박민서,남자,60대 이상,기능원 및 관련 기능 종사자,고졸(대학 재학 포함),충청남도,1세대가족,기혼,맞벌이 함,400-500만원 미만,0,0.276119403,0.552048102,0.187568157,0.760039177,0.360260586,0.145782714,0.256521739,실속형 미식가,편리성을 중시하면서도 새로운 맛과 제품을 시도하는 데 적극적인 소비자 그룹입니다. 가격에 민감하기보다는 효율성과 맛을 동시에 추구합니다.
1588,이예은,여자,40대,판매 종사자,고졸(대학 재학 포함),충청남도,2세대가족,기혼,맞벌이 함,700-800만원 미만,0,0.320149254,0.580984592,0.357960742,0.7208619,0.291530945,0.316903853,0.295652174,실속형 미식가,편리성을 중시하면서도 새로운 맛과 제품을 시도하는 데 적극적인 소비자 그룹입니다. 가격에 민감하기보다는 효율성과 맛을 동시에 추구합니다.
1589,조지민,여자,60대 이상,서비스 종사자,중졸 이하,강원도,1세대가족,기혼,맞벌이 함,400-500만원 미만,1,0.302985075,0.353626456,0.535986914,0.764936337,0.41237785,0.360638667,0.504347826,건강 추구형 소비자,가격이나 브랜드에 크게 구애받지 않고 건강을 최우선으로 고려하는 프리미엄 소비자 그룹입니다. 건강과 편리성을 모두 만족시키는 제품에 기꺼이 지갑을 엽니다.
1590,최도윤,여자,50대,사무 종사자,대학교 졸업(전문대졸/대학원생 포함),충청남도,2세대가족,기혼,맞벌이 함,500-600만원 미만,0,0.26119403,0.585869974,0.265267176,0.760039177,0.247557003,0.135369663,0.195652174,실속형 미식가,편리성을 중시하면서도 새로운 맛과 제품을 시도하는 데 적극적인 소비자 그룹입니다. 가격에 민감하기보다는 효율성과 맛을 동시에 추구합니다.
1591,임채원,여자,60대 이상,서비스 종사자,고졸(대학 재학 포함),충청북도,1세대가족,기혼,맞벌이 함,500-600만원 미만,0,0.435820896,0.545283728,0.098146129,0.804113614,0.2,0.378687956,0.539130435,실속형 미식가,편리성을 중시하면서도 새로운 맛과 제품을 시도하는 데 적극적인 소비자 그룹입니다. 가격에 민감하기보다는 효율성과 맛을 동시에 추구합니다.
1592,한하준,여자,50대,장치·기계 조작 및 조립 종사자,고졸(대학 재학 포함),경기도,2세대가족,기혼,맞벌이 함,700-800만원 미만,0,0.291044776,0.500187899,0.478462377,0.843290891,0.286970684,0.295036446,0.695652174,실속형 미식가,편리성을 중시하면서도 새로운 맛과 제품을 시도하는 데 적극적인 소비자 그룹입니다. 가격에 민감하기보다는 효율성과 맛을 동시에 추구합니다.
1593,한서윤,남자,30대,사무 종사자,대학교 졸업(전문대졸/대학원생 포함),충청남도,1인 가구,미혼(사별/이혼 포함),맞벌이 하지 않음,200-300만원 미만,0,0.308208955,0.637354378,0.267720829,0.779627816,0.261563518,0.149253731,0.252173913,실속형 미식가,편리성을 중시하면서도 새로운 맛과 제품을 시도하는 데 적극적인 소비자 그룹입니다. 가격에 민감하기보다는 효율성과 맛을 동시에 추구합니다.
1594,박지호,여자,50대,사무 종사자,고졸(대학 재학 포함),충청남도,1세대가족,기혼,맞벌이 함,500-600만원 미만,0,0.501492537,0.597895528,0.247001091,0.745347698,0.38990228,0.32454009,0.317391304,실속형 미식가,편리성을 중시하면서도 새로운 맛과 제품을 시도하는 데 적극적인 소비자 그룹입니다. 가격에 민감하기보다는 효율성과 맛을 동시에 추구합니다.
1595,박준서,여자,50대,서비스 종사자,고졸(대학 재학 포함),충청북도,2세대가족,기혼,맞벌이 함,500-600만원 미만,0,0.410447761,0.426907178,0.223009815,0.760039177,0.358306189,0.442554669,0.439130435,실속형 미식가,편리성을 중시하면서도 새로운 맛과 제품을 시도하는 데 적극적인 소비자 그룹입니다. 가격에 민감하기보다는 효율성과 맛을 동시에 추구합니다.
1596,강도윤,여자,40대,사무 종사자,대학교 졸업(전문대졸/대학원생 포함),경기도,2세대가족,기혼,맞벌이 함,600-700만원 미만,3,0.485074627,0.624201428,0.435114504,0.902056807,0.341042345,0.218674072,0.686956522,트렌드 주도형 소비자,"자신의 취향과 경험을 중시하는 소비자 그룹입니다. 단순히 배를 채우는 것 이상의 가치를 추구하며, 새로운 제품을 가장 먼저 경험하고 공유하려는 경향이 강합니다"
1597,한지호,여자,40대,사무 종사자,대학교 졸업(전문대졸/대학원생 포함),충청남도,2세대가족,기혼,맞벌이 함,500-600만원 미만,0,0.351492537,0.556557685,0.380588877,0.784524976,0.382410423,0.375911142,0.460869565,실속형 미식가,편리성을 중시하면서도 새로운 맛과 제품을 시도하는 데 적극적인 소비자 그룹입니다. 가격에 민감하기보다는 효율성과 맛을 동시에 추구합니다.
1598,강지원,여자,60대 이상,주부,고졸(대학 재학 포함),인천광역시,1세대가족,기혼,맞벌이 하지 않음,200-300만원 미만,0,0.23880597,0.376925968,0.356597601,0.561214496,0.290879479,0.337729955,0.42173913,실속형 미식가,편리성을 중시하면서도 새로운 맛과 제품을 시도하는 데 적극적인 소비자 그룹입니다. 가격에 민감하기보다는 효율성과 맛을 동시에 추구합니다.
1599,윤예준,여자,40대,사무 종사자,대학교 졸업(전문대졸/대학원생 포함),경기도,2세대가족,기혼,맞벌이 함,600-700만원 미만,0,0.156716418,0.567831642,0.440839695,0.86287953,0.180781759,0.212773343,0.717391304,실속형 미식가,편리성을 중시하면서도 새로운 맛과 제품을 시도하는 데 적극적인 소비자 그룹입니다. 가격에 민감하기보다는 효율성과 맛을 동시에 추구합니다.
1600,한건우,여자,30대,사무 종사자,대학교 졸업(전문대졸/대학원생 포함),충청남도,2세대가족,기혼,맞벌이 함,500-600만원 미만,3,0.51119403,0.511461856,0.35523446,0.804113614,0.354397394,0.378687956,0.473913043,트렌드 주도형 소비자,"자신의 취향과 경험을 중시하는 소비자 그룹입니다. 단순히 배를 채우는 것 이상의 가치를 추구하며, 새로운 제품을 가장 먼저 경험하고 공유하려는 경향이 강합니다"
1601,김지우,여자,40대,서비스 종사자,대학교 졸업(전문대졸/대학원생 포함),강원도,2세대가족,기혼,맞벌이 함,600-700만원 미만,0,0.168656716,0.391206313,0.506270447,0.86287953,0.248859935,0.277681361,0.7,실속형 미식가,편리성을 중시하면서도 새로운 맛과 제품을 시도하는 데 적극적인 소비자 그룹입니다. 가격에 민감하기보다는 효율성과 맛을 동시에 추구합니다.
1602,조수아,남자,50대,서비스 종사자,대학교 졸업(전문대졸/대학원생 포함),충청남도,1인 가구,미혼(사별/이혼 포함),맞벌이 하지 않음,400-500만원 미만,0,0.419402985,0.496429914,0.240730643,0.784524976,0.301302932,0.369663311,0.386956522,실속형 미식가,편리성을 중시하면서도 새로운 맛과 제품을 시도하는 데 적극적인 소비자 그룹입니다. 가격에 민감하기보다는 효율성과 맛을 동시에 추구합니다.
1603,임수아,여자,60대 이상,주부,고졸(대학 재학 포함),서울특별시,1세대가족,기혼,맞벌이 하지 않음,300-400만원 미만,0,0.47238806,0.629838407,0.448200654,0.779627816,0.337459283,0.256855259,0.443478261,실속형 미식가,편리성을 중시하면서도 새로운 맛과 제품을 시도하는 데 적극적인 소비자 그룹입니다. 가격에 민감하기보다는 효율성과 맛을 동시에 추구합니다.
1604,정지민,남자,50대,사무 종사자,대학교 졸업(전문대졸/대학원생 포함),충청남도,1인 가구,미혼(사별/이혼 포함),맞벌이 하지 않음,400-500만원 미만,0,0.415671642,0.549041714,0.39476554,0.804113614,0.314983713,0.476570635,0.375217391,실속형 미식가,편리성을 중시하면서도 새로운 맛과 제품을 시도하는 데 적극적인 소비자 그룹입니다. 가격에 민감하기보다는 효율성과 맛을 동시에 추구합니다.
1605,윤도윤,여자,40대,사무 종사자,대학교 졸업(전문대졸/대학원생 포함),대전광역시,2세대가족,기혼,맞벌이 함,500-600만원 미만,0,0.270895522,0.647500939,0.077699019,0.855044074,0.105211726,0.425546685,0.513043478,실속형 미식가,편리성을 중시하면서도 새로운 맛과 제품을 시도하는 데 적극적인 소비자 그룹입니다. 가격에 민감하기보다는 효율성과 맛을 동시에 추구합니다.
1606,박건우,여자,50대,서비스 종사자,고졸(대학 재학 포함),충청남도,2세대가족,기혼,맞벌이 함,500-600만원 미만,0,0.402238806,0.597895528,0.277535442,0.784524976,0.315635179,0.497396737,0.4,실속형 미식가,편리성을 중시하면서도 새로운 맛과 제품을 시도하는 데 적극적인 소비자 그룹입니다. 가격에 민감하기보다는 효율성과 맛을 동시에 추구합니다.
1607,조준서,여자,50대,판매 종사자,고졸(대학 재학 포함),경상남도,2세대가족,기혼,맞벌이 하지 않음,300-400만원 미만,0,0.220149254,0.601653514,0.553435115,0.86287953,0.295765472,0.238111767,0.391304348,실속형 미식가,편리성을 중시하면서도 새로운 맛과 제품을 시도하는 데 적극적인 소비자 그룹입니다. 가격에 민감하기보다는 효율성과 맛을 동시에 추구합니다.
1608,조주원,여자,60대 이상,주부,중졸 이하,강원도,1세대가족,기혼,맞벌이 하지 않음,300-400만원 미만,0,0.208955224,0.586621571,0.222737186,0.804113614,0.148534202,0.223186394,0.517391304,실속형 미식가,편리성을 중시하면서도 새로운 맛과 제품을 시도하는 데 적극적인 소비자 그룹입니다. 가격에 민감하기보다는 효율성과 맛을 동시에 추구합니다.
1609,이민서,여자,60대 이상,서비스 종사자,고졸(대학 재학 포함),경상남도,2세대가족,기혼,맞벌이 함,500-600만원 미만,0,0.260447761,0.511461856,0.463740458,0.843290891,0.317589577,0.20826102,0.547826087,실속형 미식가,편리성을 중시하면서도 새로운 맛과 제품을 시도하는 데 적극적인 소비자 그룹입니다. 가격에 민감하기보다는 효율성과 맛을 동시에 추구합니다.
1610,최주원,여자,30대,사무 종사자,대학교 졸업(전문대졸/대학원생 포함),서울특별시,1인 가구,미혼(사별/이혼 포함),맞벌이 하지 않음,300-400만원 미만,3,0.586567164,0.676813228,0.414940022,0.843290891,0.265798046,0.229087123,0.482608696,트렌드 주도형 소비자,"자신의 취향과 경험을 중시하는 소비자 그룹입니다. 단순히 배를 채우는 것 이상의 가치를 추구하며, 새로운 제품을 가장 먼저 경험하고 공유하려는 경향이 강합니다"
1611,이수아,여자,30대,주부,대학교 졸업(전문대졸/대학원생 포함),대구광역시,2세대가족,기혼,맞벌이 하지 않음,300-400만원 미만,0,0.164179104,0.467117625,0.174482007,0.619980411,0.228013029,0.443943075,0.313043478,실속형 미식가,편리성을 중시하면서도 새로운 맛과 제품을 시도하는 데 적극적인 소비자 그룹입니다. 가격에 민감하기보다는 효율성과 맛을 동시에 추구합니다.
1612,박민준,여자,60대 이상,주부,고졸(대학 재학 포함),인천광역시,1세대가족,기혼,맞벌이 하지 않음,200-300만원 미만,0,0.467164179,0.474633596,0.317066521,0.63956905,0.295114007,0.279763971,0.439130435,실속형 미식가,편리성을 중시하면서도 새로운 맛과 제품을 시도하는 데 적극적인 소비자 그룹입니다. 가격에 민감하기보다는 효율성과 맛을 동시에 추구합니다.
1613,이서연,여자,50대,기능원 및 관련 기능 종사자,고졸(대학 재학 포함),서울특별시,1세대가족,기혼,맞벌이 함,300-400만원 미만,3,0.768656716,0.560315671,0.622137405,0.843290891,0.529315961,0.343630684,0.465217391,트렌드 주도형 소비자,"자신의 취향과 경험을 중시하는 소비자 그룹입니다. 단순히 배를 채우는 것 이상의 가치를 추구하며, 새로운 제품을 가장 먼저 경험하고 공유하려는 경향이 강합니다"
1614,최서윤,여자,60대 이상,서비스 종사자,고졸(대학 재학 포함),제주특별자치도,2세대가족,미혼(사별/이혼 포함),맞벌이 하지 않음,300-400만원 미만,3,0.826865672,0.327320556,0.508178844,0.706170421,0.648534202,0.191947241,0.504347826,트렌드 주도형 소비자,"자신의 취향과 경험을 중시하는 소비자 그룹입니다. 단순히 배를 채우는 것 이상의 가치를 추구하며, 새로운 제품을 가장 먼저 경험하고 공유하려는 경향이 강합니다"
1615,정지우,여자,50대,사무 종사자,고졸(대학 재학 포함),충청북도,2세대가족,기혼,맞벌이 함,600-700만원 미만,0,0.156716418,0.69748215,0.076335878,0.916748286,0.048859935,0.530371399,0.465217391,실속형 미식가,편리성을 중시하면서도 새로운 맛과 제품을 시도하는 데 적극적인 소비자 그룹입니다. 가격에 민감하기보다는 효율성과 맛을 동시에 추구합니다.
1616,조준서,여자,50대,서비스 종사자,고졸(대학 재학 포함),제주특별자치도,2세대가족,미혼(사별/이혼 포함),맞벌이 하지 않음,400-500만원 미만,3,0.773134328,0.383690342,0.542802617,0.72575906,0.646905537,0.225616106,0.434782609,트렌드 주도형 소비자,"자신의 취향과 경험을 중시하는 소비자 그룹입니다. 단순히 배를 채우는 것 이상의 가치를 추구하며, 새로운 제품을 가장 먼저 경험하고 공유하려는 경향이 강합니다"
1617,조민서,여자,40대,사무 종사자,대학교 졸업(전문대졸/대학원생 포함),충청북도,2세대가족,기혼,맞벌이 함,500-600만원 미만,0,0.375373134,0.612927471,0.302071974,0.804113614,0.246254072,0.485595279,0.495652174,실속형 미식가,편리성을 중시하면서도 새로운 맛과 제품을 시도하는 데 적극적인 소비자 그룹입니다. 가격에 민감하기보다는 효율성과 맛을 동시에 추구합니다.
1618,조수아,여자,40대,단순노무 종사자,대학교 졸업(전문대졸/대학원생 포함),충청북도,2세대가족,기혼,맞벌이 함,400-500만원 미만,0,0.237313433,0.665539271,0.10523446,0.784524976,0.07752443,0.355779243,0.439130435,실속형 미식가,편리성을 중시하면서도 새로운 맛과 제품을 시도하는 데 적극적인 소비자 그룹입니다. 가격에 민감하기보다는 효율성과 맛을 동시에 추구합니다.
1619,이서연,남자,50대,사무 종사자,대학교 졸업(전문대졸/대학원생 포함),충청북도,2세대가족,기혼,맞벌이 함,600-700만원 미만,0,0.175373134,0.712514092,0.106324973,0.936336925,0.063517915,0.539743145,0.52173913,실속형 미식가,편리성을 중시하면서도 새로운 맛과 제품을 시도하는 데 적극적인 소비자 그룹입니다. 가격에 민감하기보다는 효율성과 맛을 동시에 추구합니다.
1620,김지원,여자,50대,사무 종사자,고졸(대학 재학 포함),충청북도,2세대가족,기혼,맞벌이 함,500-600만원 미만,0,0.155223881,0.839158211,0.088604144,0.737512243,0.054723127,0.594238112,0.352173913,실속형 미식가,편리성을 중시하면서도 새로운 맛과 제품을 시도하는 데 적극적인 소비자 그룹입니다. 가격에 민감하기보다는 효율성과 맛을 동시에 추구합니다.
1621,이예은,여자,50대,서비스 종사자,대학교 졸업(전문대졸/대학원생 포함),강원도,2세대가족,기혼,맞벌이 함,600-700만원 미만,0,0.26119403,0.33671552,0.581788441,0.760039177,0.371335505,0.163137799,0.618695652,실속형 미식가,편리성을 중시하면서도 새로운 맛과 제품을 시도하는 데 적극적인 소비자 그룹입니다. 가격에 민감하기보다는 효율성과 맛을 동시에 추구합니다.
1622,박도윤,여자,30대,단순노무 종사자,대학교 졸업(전문대졸/대학원생 포함),충청북도,2세대가족,기혼,맞벌이 함,400-500만원 미만,0,0.33358209,0.699361142,0.248909487,0.784524976,0.126058632,0.481777161,0.47826087,실속형 미식가,편리성을 중시하면서도 새로운 맛과 제품을 시도하는 데 적극적인 소비자 그룹입니다. 가격에 민감하기보다는 효율성과 맛을 동시에 추구합니다.
1623,조주원,여자,40대,주부,대학교 졸업(전문대졸/대학원생 포함),울산광역시,2세대가족,기혼,맞벌이 하지 않음,300-400만원 미만,3,0.56119403,0.541525742,0.29389313,0.86287953,0.248208469,0.396043041,0.756521739,트렌드 주도형 소비자,"자신의 취향과 경험을 중시하는 소비자 그룹입니다. 단순히 배를 채우는 것 이상의 가치를 추구하며, 새로운 제품을 가장 먼저 경험하고 공유하려는 경향이 강합니다"
1624,임수아,여자,40대,사무 종사자,대학교 졸업(전문대졸/대학원생 포함),충청북도,2세대가족,기혼,맞벌이 함,500-600만원 미만,0,0.26119403,0.654265314,0.124863686,0.784524976,0.136156352,0.339465463,0.486956522,실속형 미식가,편리성을 중시하면서도 새로운 맛과 제품을 시도하는 데 적극적인 소비자 그룹입니다. 가격에 민감하기보다는 효율성과 맛을 동시에 추구합니다.
1625,윤채원,여자,40대,사무 종사자,대학교 졸업(전문대졸/대학원생 포함),울산광역시,2세대가족,기혼,맞벌이 함,500-600만원 미만,3,0.635074627,0.582863585,0.400218103,0.86287953,0.485016287,0.370357515,0.473913043,트렌드 주도형 소비자,"자신의 취향과 경험을 중시하는 소비자 그룹입니다. 단순히 배를 채우는 것 이상의 가치를 추구하며, 새로운 제품을 가장 먼저 경험하고 공유하려는 경향이 강합니다"
1626,최지민,여자,50대,사무 종사자,대학교 졸업(전문대졸/대학원생 포함),울산광역시,2세대가족,기혼,맞벌이 함,500-600만원 미만,3,0.707462687,0.507703871,0.400218103,0.843290891,0.435830619,0.372787227,0.573913043,트렌드 주도형 소비자,"자신의 취향과 경험을 중시하는 소비자 그룹입니다. 단순히 배를 채우는 것 이상의 가치를 추구하며, 새로운 제품을 가장 먼저 경험하고 공유하려는 경향이 강합니다"
1627,정민준,여자,60대 이상,주부,중졸 이하,강원도,1세대가족,기혼,맞벌이 하지 않음,300-400만원 미만,0,0.156716418,0.334836528,0.462649945,0.804113614,0.274592834,0.189517529,0.573913043,실속형 미식가,편리성을 중시하면서도 새로운 맛과 제품을 시도하는 데 적극적인 소비자 그룹입니다. 가격에 민감하기보다는 효율성과 맛을 동시에 추구합니다.
1628,조주원,여자,40대,사무 종사자,대학교 졸업(전문대졸/대학원생 포함),울산광역시,2세대가족,기혼,맞벌이 함,400-500만원 미만,3,0.72761194,0.537767756,0.397491821,0.902056807,0.442345277,0.433530024,0.6,트렌드 주도형 소비자,"자신의 취향과 경험을 중시하는 소비자 그룹입니다. 단순히 배를 채우는 것 이상의 가치를 추구하며, 새로운 제품을 가장 먼저 경험하고 공유하려는 경향이 강합니다"
1629,조건우,여자,60대 이상,주부,고졸(대학 재학 포함),강원도,1세대가족,기혼,맞벌이 하지 않음,400-500만원 미만,1,0.473880597,0.334836528,0.675299891,0.764936337,0.546579805,0.161402291,0.160869565,건강 추구형 소비자,가격이나 브랜드에 크게 구애받지 않고 건강을 최우선으로 고려하는 프리미엄 소비자 그룹입니다. 건강과 편리성을 모두 만족시키는 제품에 기꺼이 지갑을 엽니다.
1630,김준서,여자,40대,사무 종사자,대학교 졸업(전문대졸/대학원생 포함),경상남도,2세대가족,기혼,맞벌이 함,500-600만원 미만,3,0.664925373,0.909808343,0.438931298,0.921645446,0.420846906,0.342242277,0.42173913,트렌드 주도형 소비자,"자신의 취향과 경험을 중시하는 소비자 그룹입니다. 단순히 배를 채우는 것 이상의 가치를 추구하며, 새로운 제품을 가장 먼저 경험하고 공유하려는 경향이 강합니다"
1631,임지우,여자,50대,주부,고졸(대학 재학 포함),강원도,1세대가족,기혼,맞벌이 하지 않음,300-400만원 미만,3,0.647761194,0.501315295,0.514176663,0.882468168,0.532899023,0.374869837,0.708695652,트렌드 주도형 소비자,"자신의 취향과 경험을 중시하는 소비자 그룹입니다. 단순히 배를 채우는 것 이상의 가치를 추구하며, 새로운 제품을 가장 먼저 경험하고 공유하려는 경향이 강합니다"
1632,윤지민,여자,60대 이상,주부,중졸 이하,강원도,1세대가족,기혼,맞벌이 하지 않음,200-300만원 미만,1,0.52238806,0.368658399,0.770992366,0.784524976,0.588273616,0.170079833,0.166521739,건강 추구형 소비자,가격이나 브랜드에 크게 구애받지 않고 건강을 최우선으로 고려하는 프리미엄 소비자 그룹입니다. 건강과 편리성을 모두 만족시키는 제품에 기꺼이 지갑을 엽니다.
1633,박민준,남자,50대,판매 종사자,대학교 졸업(전문대졸/대학원생 포함),충청북도,1세대가족,기혼,맞벌이 함,700-800만원 미만,3,0.529104478,0.421270199,0.565430752,0.804113614,0.56970684,0.563693162,0.469565217,트렌드 주도형 소비자,"자신의 취향과 경험을 중시하는 소비자 그룹입니다. 단순히 배를 채우는 것 이상의 가치를 추구하며, 새로운 제품을 가장 먼저 경험하고 공유하려는 경향이 강합니다"
1634,이지민,남자,40대,서비스 종사자,대학교 졸업(전문대졸/대학원생 포함),충청북도,1인 가구,미혼(사별/이혼 포함),맞벌이 하지 않음,300-400만원 미만,0,0.361940299,0.398722285,0.380588877,0.843290891,0.385993485,0.615411316,0.491304348,실속형 미식가,편리성을 중시하면서도 새로운 맛과 제품을 시도하는 데 적극적인 소비자 그룹입니다. 가격에 민감하기보다는 효율성과 맛을 동시에 추구합니다.
1635,강민서,남자,40대,장치·기계 조작 및 조립 종사자,대학교 졸업(전문대졸/대학원생 포함),충청북도,2세대가족,기혼,맞벌이 함,600-700만원 미만,1,0.138059701,0.387448328,0.934023991,0.804113614,0.464169381,0.253384242,0.365217391,건강 추구형 소비자,가격이나 브랜드에 크게 구애받지 않고 건강을 최우선으로 고려하는 프리미엄 소비자 그룹입니다. 건강과 편리성을 모두 만족시키는 제품에 기꺼이 지갑을 엽니다.
1636,조서연,여자,50대,주부,고졸(대학 재학 포함),충청북도,1세대가족,기혼,맞벌이 하지 않음,400-500만원 미만,3,0.435074627,0.387448328,0.482006543,0.823702253,0.434201954,0.537313433,0.473913043,트렌드 주도형 소비자,"자신의 취향과 경험을 중시하는 소비자 그룹입니다. 단순히 배를 채우는 것 이상의 가치를 추구하며, 새로운 제품을 가장 먼저 경험하고 공유하려는 경향이 강합니다"
1637,강민준,남자,60대 이상,농림어업 숙련 종사자,고졸(대학 재학 포함),충청북도,1세대가족,기혼,맞벌이 하지 않음,300-400만원 미만,1,0.321641791,0.314167606,0.493729553,0.681684623,0.476872964,0.432488719,0.392608696,건강 추구형 소비자,가격이나 브랜드에 크게 구애받지 않고 건강을 최우선으로 고려하는 프리미엄 소비자 그룹입니다. 건강과 편리성을 모두 만족시키는 제품에 기꺼이 지갑을 엽니다.
1638,한시우,여자,40대,사무 종사자,대학교 졸업(전문대졸/대학원생 포함),강원도,2세대가족,기혼,맞벌이 함,700-800만원 미만,1,0.588059701,0.346110485,0.681025082,0.745347698,0.376547231,0.149253731,0.230434783,건강 추구형 소비자,가격이나 브랜드에 크게 구애받지 않고 건강을 최우선으로 고려하는 프리미엄 소비자 그룹입니다. 건강과 편리성을 모두 만족시키는 제품에 기꺼이 지갑을 엽니다.
1639,조지우,남자,30대,사무 종사자,대학교 졸업(전문대졸/대학원생 포함),강원도,1인 가구,미혼(사별/이혼 포함),맞벌이 하지 않음,300-400만원 미만,3,0.57761194,0.515219842,0.465103599,0.902056807,0.601302932,0.345366192,0.62173913,트렌드 주도형 소비자,"자신의 취향과 경험을 중시하는 소비자 그룹입니다. 단순히 배를 채우는 것 이상의 가치를 추구하며, 새로운 제품을 가장 먼저 경험하고 공유하려는 경향이 강합니다"
1640,윤도윤,여자,60대 이상,주부,대학교 졸업(전문대졸/대학원생 포함),강원도,1세대가족,기혼,맞벌이 하지 않음,400-500만원 미만,1,0.373134328,0.383690342,0.70910578,0.804113614,0.429967427,0.163137799,0.257826087,건강 추구형 소비자,가격이나 브랜드에 크게 구애받지 않고 건강을 최우선으로 고려하는 프리미엄 소비자 그룹입니다. 건강과 편리성을 모두 만족시키는 제품에 기꺼이 지갑을 엽니다.
1641,최준서,여자,60대 이상,기능원 및 관련 기능 종사자,대학교 졸업(전문대졸/대학원생 포함),서울특별시,2세대가족,기혼,맞벌이 함,"900-1,000만원 미만",0,0.291044776,0.425028185,0.30697928,0.804113614,0.186644951,0.199583478,0.836086957,실속형 미식가,편리성을 중시하면서도 새로운 맛과 제품을 시도하는 데 적극적인 소비자 그룹입니다. 가격에 민감하기보다는 효율성과 맛을 동시에 추구합니다.
1642,김지민,여자,30대,주부,고졸(대학 재학 포함),강원도,2세대가족,기혼,맞벌이 하지 않음,300-400만원 미만,3,0.612686567,0.523863209,0.486095965,0.941234084,0.609120521,0.419298855,0.617391304,트렌드 주도형 소비자,"자신의 취향과 경험을 중시하는 소비자 그룹입니다. 단순히 배를 채우는 것 이상의 가치를 추구하며, 새로운 제품을 가장 먼저 경험하고 공유하려는 경향이 강합니다"
1643,이시우,여자,60대 이상,농림어업 숙련 종사자,중졸 이하,충청북도,1세대가족,기혼,맞벌이 함,300-400만원 미만,0,0.31641791,0.359263435,0.442475463,0.799216454,0.447557003,0.47344672,0.495652174,실속형 미식가,편리성을 중시하면서도 새로운 맛과 제품을 시도하는 데 적극적인 소비자 그룹입니다. 가격에 민감하기보다는 효율성과 맛을 동시에 추구합니다.
1644,박서연,여자,60대 이상,농림어업 숙련 종사자,중졸 이하,충청북도,1세대가족,기혼,맞벌이 함,200-300만원 미만,0,0.31641791,0.368658399,0.413849509,0.784524976,0.395439739,0.494967025,0.443478261,실속형 미식가,편리성을 중시하면서도 새로운 맛과 제품을 시도하는 데 적극적인 소비자 그룹입니다. 가격에 민감하기보다는 효율성과 맛을 동시에 추구합니다.
1645,윤예은,여자,30대,사무 종사자,대학교 졸업(전문대졸/대학원생 포함),서울특별시,1세대가족,기혼,맞벌이 함,700-800만원 미만,0,0.185074627,0.518977828,0.35087241,0.843290891,0.199022801,0.187434918,0.760869565,실속형 미식가,편리성을 중시하면서도 새로운 맛과 제품을 시도하는 데 적극적인 소비자 그룹입니다. 가격에 민감하기보다는 효율성과 맛을 동시에 추구합니다.
1646,한서준,여자,40대,사무 종사자,대학교 졸업(전문대졸/대학원생 포함),강원도,2세대가족,기혼,맞벌이 함,500-600만원 미만,3,0.520149254,0.515219842,0.506815703,0.902056807,0.613355049,0.367927803,0.644782609,트렌드 주도형 소비자,"자신의 취향과 경험을 중시하는 소비자 그룹입니다. 단순히 배를 채우는 것 이상의 가치를 추구하며, 새로운 제품을 가장 먼저 경험하고 공유하려는 경향이 강합니다"
1647,조민준,여자,40대,사무 종사자,대학교 졸업(전문대졸/대학원생 포함),서울특별시,2세대가족,기혼,맞벌이 함,700-800만원 미만,0,0.408208955,0.436302142,0.190294438,0.823702253,0.361563518,0.156195765,0.739130435,실속형 미식가,편리성을 중시하면서도 새로운 맛과 제품을 시도하는 데 적극적인 소비자 그룹입니다. 가격에 민감하기보다는 효율성과 맛을 동시에 추구합니다.
1648,임준서,여자,60대 이상,서비스 종사자,중졸 이하,충청북도,1세대가족,기혼,맞벌이 함,500-600만원 미만,0,0.385074627,0.436302142,0.413849509,0.843290891,0.374267101,0.54703228,0.486956522,실속형 미식가,편리성을 중시하면서도 새로운 맛과 제품을 시도하는 데 적극적인 소비자 그룹입니다. 가격에 민감하기보다는 효율성과 맛을 동시에 추구합니다.
1649,윤건우,여자,60대 이상,주부,중졸 이하,충청북도,1세대가족,기혼,맞벌이 하지 않음,200-300만원 미만,0,0.312686567,0.366779406,0.405670665,0.799216454,0.315635179,0.435612635,0.539130435,실속형 미식가,편리성을 중시하면서도 새로운 맛과 제품을 시도하는 데 적극적인 소비자 그룹입니다. 가격에 민감하기보다는 효율성과 맛을 동시에 추구합니다.
1650,임서윤,여자,60대 이상,서비스 종사자,고졸(대학 재학 포함),충청북도,1세대가족,기혼,맞벌이 함,600-700만원 미만,1,0.324626866,0.391206313,0.5087241,0.882468168,0.444625407,0.383200278,0.417391304,건강 추구형 소비자,가격이나 브랜드에 크게 구애받지 않고 건강을 최우선으로 고려하는 프리미엄 소비자 그룹입니다. 건강과 편리성을 모두 만족시키는 제품에 기꺼이 지갑을 엽니다.
1651,윤민서,여자,60대 이상,단순노무 종사자,중졸 이하,충청북도,1인 가구,미혼(사별/이혼 포함),맞벌이 하지 않음,200-300만원 미만,0,0.18358209,0.34986847,0.276172301,0.823702253,0.301628664,0.397778549,0.513043478,실속형 미식가,편리성을 중시하면서도 새로운 맛과 제품을 시도하는 데 적극적인 소비자 그룹입니다. 가격에 민감하기보다는 효율성과 맛을 동시에 추구합니다.
1652,정도윤,여자,50대,주부,고졸(대학 재학 포함),충청북도,2세대가족,기혼,맞벌이 하지 않음,700-800만원 미만,0,0.250746269,0.398722285,0.434569248,0.86287953,0.330944625,0.467198889,0.534782609,실속형 미식가,편리성을 중시하면서도 새로운 맛과 제품을 시도하는 데 적극적인 소비자 그룹입니다. 가격에 민감하기보다는 효율성과 맛을 동시에 추구합니다.
1653,윤채원,여자,40대,판매 종사자,대학교 졸업(전문대졸/대학원생 포함),인천광역시,2세대가족,기혼,맞벌이 함,500-600만원 미만,0,0.282089552,0.451334085,0.504089422,0.843290891,0.215635179,0.261367581,0.87826087,실속형 미식가,편리성을 중시하면서도 새로운 맛과 제품을 시도하는 데 적극적인 소비자 그룹입니다. 가격에 민감하기보다는 효율성과 맛을 동시에 추구합니다.
1654,최예은,여자,50대,판매 종사자,대학교 졸업(전문대졸/대학원생 포함),서울특별시,2세대가족,기혼,맞벌이 함,600-700만원 미만,3,0.641791045,0.545283728,0.472737186,0.823702253,0.41237785,0.262061784,0.395652174,트렌드 주도형 소비자,"자신의 취향과 경험을 중시하는 소비자 그룹입니다. 단순히 배를 채우는 것 이상의 가치를 추구하며, 새로운 제품을 가장 먼저 경험하고 공유하려는 경향이 강합니다"
1655,한채원,여자,60대 이상,서비스 종사자,대학교 졸업(전문대졸/대학원생 포함),인천광역시,2세대가족,기혼,맞벌이 함,800-900만원 미만,3,0.66641791,0.490792935,0.428844057,0.7208619,0.599022801,0.282887886,0.382608696,트렌드 주도형 소비자,"자신의 취향과 경험을 중시하는 소비자 그룹입니다. 단순히 배를 채우는 것 이상의 가치를 추구하며, 새로운 제품을 가장 먼저 경험하고 공유하려는 경향이 강합니다"
1656,강건우,여자,60대 이상,주부,고졸(대학 재학 포함),대전광역시,2세대가족,미혼(사별/이혼 포함),맞벌이 하지 않음,300-400만원 미만,0,0.126865672,0.368658399,0.457470011,0.823702253,0.362540717,0.374522735,0.447826087,실속형 미식가,편리성을 중시하면서도 새로운 맛과 제품을 시도하는 데 적극적인 소비자 그룹입니다. 가격에 민감하기보다는 효율성과 맛을 동시에 추구합니다.
1657,강도윤,여자,50대,서비스 종사자,고졸(대학 재학 포함),대전광역시,2세대가족,기혼,맞벌이 하지 않음,700-800만원 미만,0,0.156716418,0.357384442,0.329334787,0.843290891,0.348534202,0.444637279,0.426086957,실속형 미식가,편리성을 중시하면서도 새로운 맛과 제품을 시도하는 데 적극적인 소비자 그룹입니다. 가격에 민감하기보다는 효율성과 맛을 동시에 추구합니다.
1658,이주원,여자,40대,사무 종사자,대학교 졸업(전문대졸/대학원생 포함),대전광역시,2세대가족,기혼,맞벌이 함,600-700만원 미만,0,0.304477612,0.357384442,0.276990185,0.843290891,0.368403909,0.346407497,0.469565217,실속형 미식가,편리성을 중시하면서도 새로운 맛과 제품을 시도하는 데 적극적인 소비자 그룹입니다. 가격에 민감하기보다는 효율성과 맛을 동시에 추구합니다.
1659,박준서,여자,50대,사무 종사자,고졸(대학 재학 포함),대전광역시,2세대가족,기혼,맞벌이 함,700-800만원 미만,0,0.344776119,0.364900413,0.332061069,0.843290891,0.480456026,0.429711906,0.414347826,실속형 미식가,편리성을 중시하면서도 새로운 맛과 제품을 시도하는 데 적극적인 소비자 그룹입니다. 가격에 민감하기보다는 효율성과 맛을 동시에 추구합니다.
1660,윤하은,여자,60대 이상,서비스 종사자,대학교 졸업(전문대졸/대학원생 포함),대전광역시,1세대가족,기혼,맞벌이 함,500-600만원 미만,0,0.368656716,0.488913942,0.334242094,0.764936337,0.271009772,0.464422076,0.63173913,실속형 미식가,편리성을 중시하면서도 새로운 맛과 제품을 시도하는 데 적극적인 소비자 그룹입니다. 가격에 민감하기보다는 효율성과 맛을 동시에 추구합니다.
1661,김채원,여자,30대,사무 종사자,대학교 졸업(전문대졸/대학원생 포함),강원도,1세대가족,기혼,맞벌이 함,500-600만원 미만,3,0.518656716,0.552799699,0.497818975,0.882468168,0.51009772,0.418257549,0.643478261,트렌드 주도형 소비자,"자신의 취향과 경험을 중시하는 소비자 그룹입니다. 단순히 배를 채우는 것 이상의 가치를 추구하며, 새로운 제품을 가장 먼저 경험하고 공유하려는 경향이 강합니다"
1662,이건우,여자,50대,서비스 종사자,대학교 졸업(전문대졸/대학원생 포함),대전광역시,2세대가족,기혼,맞벌이 함,500-600만원 미만,0,0.284328358,0.413754228,0.37568157,0.784524976,0.344299674,0.520652551,0.58826087,실속형 미식가,편리성을 중시하면서도 새로운 맛과 제품을 시도하는 데 적극적인 소비자 그룹입니다. 가격에 민감하기보다는 효율성과 맛을 동시에 추구합니다.
1663,박민준,여자,50대,사무 종사자,대학교 졸업(전문대졸/대학원생 포함),대전광역시,2세대가족,기혼,맞벌이 함,400-500만원 미만,0,0.35,0.436302142,0.311613959,0.804113614,0.263517915,0.480041652,0.614347826,실속형 미식가,편리성을 중시하면서도 새로운 맛과 제품을 시도하는 데 적극적인 소비자 그룹입니다. 가격에 민감하기보다는 효율성과 맛을 동시에 추구합니다.
1664,최민서,여자,60대 이상,단순노무 종사자,고졸(대학 재학 포함),강원도,1인 가구,미혼(사별/이혼 포함),맞벌이 하지 않음,200-300만원 미만,3,0.45,0.458850056,0.467011996,0.882468168,0.510423453,0.414786532,0.630434783,트렌드 주도형 소비자,"자신의 취향과 경험을 중시하는 소비자 그룹입니다. 단순히 배를 채우는 것 이상의 가치를 추구하며, 새로운 제품을 가장 먼저 경험하고 공유하려는 경향이 강합니다"
1665,강준서,여자,40대,서비스 종사자,대학교 졸업(전문대졸/대학원생 포함),대전광역시,2세대가족,기혼,맞벌이 함,500-600만원 미만,0,0.289552239,0.605411499,0.265267176,0.823702253,0.215309446,0.457480042,0.579565217,실속형 미식가,편리성을 중시하면서도 새로운 맛과 제품을 시도하는 데 적극적인 소비자 그룹입니다. 가격에 민감하기보다는 효율성과 맛을 동시에 추구합니다.
1666,강서연,여자,50대,사무 종사자,대학교 졸업(전문대졸/대학원생 포함),대전광역시,1세대가족,기혼,맞벌이 함,700-800만원 미만,0,0.170149254,0.368658399,0.443293348,0.804113614,0.289250814,0.430059007,0.526086957,실속형 미식가,편리성을 중시하면서도 새로운 맛과 제품을 시도하는 데 적극적인 소비자 그룹입니다. 가격에 민감하기보다는 효율성과 맛을 동시에 추구합니다.
1667,윤서연,여자,40대,사무 종사자,대학교 졸업(전문대졸/대학원생 포함),대전광역시,2세대가족,기혼,맞벌이 함,600-700만원 미만,1,0.218656716,0.409996242,0.832333697,0.843290891,0.566123779,0.246442208,0.365217391,건강 추구형 소비자,가격이나 브랜드에 크게 구애받지 않고 건강을 최우선으로 고려하는 프리미엄 소비자 그룹입니다. 건강과 편리성을 모두 만족시키는 제품에 기꺼이 지갑을 엽니다.
1668,김예은,여자,40대,사무 종사자,대학교 졸업(전문대졸/대학원생 포함),서울특별시,1세대가족,기혼,맞벌이 함,500-600만원 미만,3,0.655223881,0.969936114,0.456379498,0.882468168,0.401954397,0.246442208,0.130434783,트렌드 주도형 소비자,"자신의 취향과 경험을 중시하는 소비자 그룹입니다. 단순히 배를 채우는 것 이상의 가치를 추구하며, 새로운 제품을 가장 먼저 경험하고 공유하려는 경향이 강합니다"
1669,윤서연,여자,50대,서비스 종사자,대학교 졸업(전문대졸/대학원생 포함),대전광역시,2세대가족,기혼,맞벌이 함,500-600만원 미만,0,0.286567164,0.688087185,0.051799346,0.823702253,0.118566775,0.363762582,0.417391304,실속형 미식가,편리성을 중시하면서도 새로운 맛과 제품을 시도하는 데 적극적인 소비자 그룹입니다. 가격에 민감하기보다는 효율성과 맛을 동시에 추구합니다.
1670,최수아,여자,40대,사무 종사자,대학교 졸업(전문대졸/대학원생 포함),경기도,2세대가족,기혼,맞벌이 함,600-700만원 미만,0,0.345522388,0.507703871,0.250545256,0.843290891,0.361889251,0.262061784,0.504347826,실속형 미식가,편리성을 중시하면서도 새로운 맛과 제품을 시도하는 데 적극적인 소비자 그룹입니다. 가격에 민감하기보다는 효율성과 맛을 동시에 추구합니다.
1671,최예은,여자,50대,서비스 종사자,대학교 졸업(전문대졸/대학원생 포함),대전광역시,2세대가족,기혼,맞벌이 함,500-600만원 미만,0,0.309701493,0.443818113,0.456924755,0.843290891,0.415309446,0.497396737,0.575217391,실속형 미식가,편리성을 중시하면서도 새로운 맛과 제품을 시도하는 데 적극적인 소비자 그룹입니다. 가격에 민감하기보다는 효율성과 맛을 동시에 추구합니다.
1672,조하준,여자,40대,사무 종사자,대학교 졸업(전문대졸/대학원생 포함),강원도,2세대가족,기혼,맞벌이 함,700-800만원 미만,1,0.436567164,0.364900413,0.6782988,0.804113614,0.494462541,0.13884068,0.127391304,건강 추구형 소비자,가격이나 브랜드에 크게 구애받지 않고 건강을 최우선으로 고려하는 프리미엄 소비자 그룹입니다. 건강과 편리성을 모두 만족시키는 제품에 기꺼이 지갑을 엽니다.
1673,강주원,여자,50대,주부,대학교 졸업(전문대졸/대학원생 포함),인천광역시,1세대가족,기혼,맞벌이 하지 않음,400-500만원 미만,1,0.330597015,0.355505449,0.691930207,0.701273262,0.55732899,0.246442208,0.117391304,건강 추구형 소비자,가격이나 브랜드에 크게 구애받지 않고 건강을 최우선으로 고려하는 프리미엄 소비자 그룹입니다. 건강과 편리성을 모두 만족시키는 제품에 기꺼이 지갑을 엽니다.
1674,정하은,여자,50대,서비스 종사자,고졸(대학 재학 포함),경기도,2세대가족,기혼,맞벌이 함,700-800만원 미만,0,0.47238806,0.498308906,0.284623773,0.701273262,0.310423453,0.301284276,0.549130435,실속형 미식가,편리성을 중시하면서도 새로운 맛과 제품을 시도하는 데 적극적인 소비자 그룹입니다. 가격에 민감하기보다는 효율성과 맛을 동시에 추구합니다.
1675,정채원,여자,60대 이상,주부,고졸(대학 재학 포함),인천광역시,1세대가족,기혼,맞벌이 하지 않음,400-500만원 미만,1,0.248507463,0.413002631,0.755179935,0.701273262,0.500977199,0.308573412,0.091304348,건강 추구형 소비자,가격이나 브랜드에 크게 구애받지 않고 건강을 최우선으로 고려하는 프리미엄 소비자 그룹입니다. 건강과 편리성을 모두 만족시키는 제품에 기꺼이 지갑을 엽니다.
1676,김예은,여자,50대,서비스 종사자,대학교 졸업(전문대졸/대학원생 포함),대전광역시,2세대가족,기혼,맞벌이 함,700-800만원 미만,0,0.242537313,0.357384442,0.284351145,0.843290891,0.385993485,0.379035057,0.417391304,실속형 미식가,편리성을 중시하면서도 새로운 맛과 제품을 시도하는 데 적극적인 소비자 그룹입니다. 가격에 민감하기보다는 효율성과 맛을 동시에 추구합니다.
1677,정건우,여자,60대 이상,판매 종사자,고졸(대학 재학 포함),대전광역시,1세대가족,기혼,맞벌이 함,500-600만원 미만,1,0.270895522,0.376174371,0.501908397,0.843290891,0.448208469,0.403332176,0.391304348,건강 추구형 소비자,가격이나 브랜드에 크게 구애받지 않고 건강을 최우선으로 고려하는 프리미엄 소비자 그룹입니다. 건강과 편리성을 모두 만족시키는 제품에 기꺼이 지갑을 엽니다.
1678,임서윤,여자,40대,사무 종사자,대학교 졸업(전문대졸/대학원생 포함),경기도,2세대가족,기혼,맞벌이 함,600-700만원 미만,3,0.569402985,0.518977828,0.39476554,0.804113614,0.462214984,0.242971191,0.430434783,트렌드 주도형 소비자,"자신의 취향과 경험을 중시하는 소비자 그룹입니다. 단순히 배를 채우는 것 이상의 가치를 추구하며, 새로운 제품을 가장 먼저 경험하고 공유하려는 경향이 강합니다"
1679,이지우,여자,50대,주부,고졸(대학 재학 포함),서울특별시,1세대가족,기혼,맞벌이 하지 않음,300-400만원 미만,3,0.504477612,0.492671928,0.540076336,0.823702253,0.491530945,0.281152378,0.452173913,트렌드 주도형 소비자,"자신의 취향과 경험을 중시하는 소비자 그룹입니다. 단순히 배를 채우는 것 이상의 가치를 추구하며, 새로운 제품을 가장 먼저 경험하고 공유하려는 경향이 강합니다"
1680,한서준,여자,40대,사무 종사자,대학교 졸업(전문대졸/대학원생 포함),경기도,2세대가족,기혼,맞벌이 함,700-800만원 미만,3,0.541791045,0.564073657,0.449291167,0.960822723,0.435179153,0.326275599,0.530434783,트렌드 주도형 소비자,"자신의 취향과 경험을 중시하는 소비자 그룹입니다. 단순히 배를 채우는 것 이상의 가치를 추구하며, 새로운 제품을 가장 먼저 경험하고 공유하려는 경향이 강합니다"
1681,한서연,여자,50대,사무 종사자,대학교 졸업(전문대졸/대학원생 포함),경기도,2세대가족,기혼,맞벌이 함,700-800만원 미만,0,0.380597015,0.530251785,0.452562704,0.784524976,0.438110749,0.23255814,0.523043478,실속형 미식가,편리성을 중시하면서도 새로운 맛과 제품을 시도하는 데 적극적인 소비자 그룹입니다. 가격에 민감하기보다는 효율성과 맛을 동시에 추구합니다.
1682,강하준,여자,40대,사무 종사자,대학교 졸업(전문대졸/대학원생 포함),인천광역시,2세대가족,기혼,맞벌이 함,600-700만원 미만,1,0.491791045,0.403607666,0.698200654,0.745347698,0.577198697,0.374175633,0.117391304,건강 추구형 소비자,가격이나 브랜드에 크게 구애받지 않고 건강을 최우선으로 고려하는 프리미엄 소비자 그룹입니다. 건강과 편리성을 모두 만족시키는 제품에 기꺼이 지갑을 엽니다.
1683,강서준,여자,40대,관리자,대학교 졸업(전문대졸/대학원생 포함),경기도,2세대가족,기혼,맞벌이 함,600-700만원 미만,3,0.608955224,0.601653514,0.510632497,0.941234084,0.376547231,0.310656022,0.579565217,트렌드 주도형 소비자,"자신의 취향과 경험을 중시하는 소비자 그룹입니다. 단순히 배를 채우는 것 이상의 가치를 추구하며, 새로운 제품을 가장 먼저 경험하고 공유하려는 경향이 강합니다"
1684,강지호,여자,40대,주부,대학교 졸업(전문대졸/대학원생 포함),강원도,2세대가족,기혼,맞벌이 하지 않음,400-500만원 미만,1,0.526119403,0.384817738,0.719193021,0.784524976,0.503257329,0.142311697,0.07826087,건강 추구형 소비자,가격이나 브랜드에 크게 구애받지 않고 건강을 최우선으로 고려하는 프리미엄 소비자 그룹입니다. 건강과 편리성을 모두 만족시키는 제품에 기꺼이 지갑을 엽니다.
1685,박예준,여자,40대,주부,대학교 졸업(전문대졸/대학원생 포함),부산광역시,2세대가족,기혼,맞벌이 하지 않음,400-500만원 미만,3,0.539552239,0.594137542,0.43565976,0.843290891,0.566123779,0.386671295,0.3,트렌드 주도형 소비자,"자신의 취향과 경험을 중시하는 소비자 그룹입니다. 단순히 배를 채우는 것 이상의 가치를 추구하며, 새로운 제품을 가장 먼저 경험하고 공유하려는 경향이 강합니다"
1686,이하은,남자,40대,사무 종사자,대학교 졸업(전문대졸/대학원생 포함),인천광역시,1인 가구,미혼(사별/이혼 포함),맞벌이 하지 않음,300-400만원 미만,1,0.263432836,0.466366028,0.648309706,0.86287953,0.404234528,0.389101007,0.195652174,건강 추구형 소비자,가격이나 브랜드에 크게 구애받지 않고 건강을 최우선으로 고려하는 프리미엄 소비자 그룹입니다. 건강과 편리성을 모두 만족시키는 제품에 기꺼이 지갑을 엽니다.
1687,조도윤,남자,30대,판매 종사자,고졸(대학 재학 포함),서울특별시,1인 가구,미혼(사별/이혼 포함),맞벌이 하지 않음,200-300만원 미만,1,0.537313433,0.515219842,0.54825518,0.86287953,0.508143322,0.367580701,0.192608696,건강 추구형 소비자,가격이나 브랜드에 크게 구애받지 않고 건강을 최우선으로 고려하는 프리미엄 소비자 그룹입니다. 건강과 편리성을 모두 만족시키는 제품에 기꺼이 지갑을 엽니다.
1688,김민준,여자,50대,주부,고졸(대학 재학 포함),대구광역시,2세대가족,기혼,맞벌이 하지 않음,300-400만원 미만,0,0.029850746,0.548665915,0.212649945,0.675808031,0.245276873,0.397778549,0.369565217,실속형 미식가,편리성을 중시하면서도 새로운 맛과 제품을 시도하는 데 적극적인 소비자 그룹입니다. 가격에 민감하기보다는 효율성과 맛을 동시에 추구합니다.
1689,이지우,여자,30대,서비스 종사자,대학교 졸업(전문대졸/대학원생 포함),대구광역시,1인 가구,미혼(사별/이혼 포함),맞벌이 하지 않음,200-300만원 미만,0,0.104477612,0.328072153,0.227099237,0.678746327,0.277850163,0.335300243,0.308695652,실속형 미식가,편리성을 중시하면서도 새로운 맛과 제품을 시도하는 데 적극적인 소비자 그룹입니다. 가격에 민감하기보다는 효율성과 맛을 동시에 추구합니다.
1690,윤하은,여자,50대,주부,대학교 졸업(전문대졸/대학원생 포함),인천광역시,2세대가족,기혼,맞벌이 하지 않음,500-600만원 미만,1,0.431343284,0.411123638,0.713740458,0.764936337,0.615960912,0.54494967,0.134782609,건강 추구형 소비자,가격이나 브랜드에 크게 구애받지 않고 건강을 최우선으로 고려하는 프리미엄 소비자 그룹입니다. 건강과 편리성을 모두 만족시키는 제품에 기꺼이 지갑을 엽니다.
1691,조수아,여자,50대,판매 종사자,고졸(대학 재학 포함),경기도,1인 가구,미혼(사별/이혼 포함),맞벌이 하지 않음,300-400만원 미만,0,0.208955224,0.494550921,0.275627045,0.760039177,0.244625407,0.17355085,0.408695652,실속형 미식가,편리성을 중시하면서도 새로운 맛과 제품을 시도하는 데 적극적인 소비자 그룹입니다. 가격에 민감하기보다는 효율성과 맛을 동시에 추구합니다.
1692,임지민,여자,30대,사무 종사자,대학교 졸업(전문대졸/대학원생 포함),대구광역시,2세대가족,기혼,맞벌이 함,500-600만원 미만,1,0.626865672,0.398722285,0.497818975,0.843290891,0.613355049,0.245748004,0.160869565,건강 추구형 소비자,가격이나 브랜드에 크게 구애받지 않고 건강을 최우선으로 고려하는 프리미엄 소비자 그룹입니다. 건강과 편리성을 모두 만족시키는 제품에 기꺼이 지갑을 엽니다.
1693,한서준,여자,30대,주부,대학교 졸업(전문대졸/대학원생 포함),인천광역시,2세대가족,기혼,맞벌이 하지 않음,500-600만원 미만,1,0.471641791,0.372416385,0.774536532,0.706170421,0.596091205,0.367233599,0.160869565,건강 추구형 소비자,가격이나 브랜드에 크게 구애받지 않고 건강을 최우선으로 고려하는 프리미엄 소비자 그룹입니다. 건강과 편리성을 모두 만족시키는 제품에 기꺼이 지갑을 엽니다.
1694,이서준,여자,60대 이상,서비스 종사자,고졸(대학 재학 포함),경기도,1세대가족,기혼,맞벌이 함,700-800만원 미만,3,0.492537313,0.466366028,0.291439477,0.745347698,0.371335505,0.277681361,0.557826087,트렌드 주도형 소비자,"자신의 취향과 경험을 중시하는 소비자 그룹입니다. 단순히 배를 채우는 것 이상의 가치를 추구하며, 새로운 제품을 가장 먼저 경험하고 공유하려는 경향이 강합니다"
1695,한건우,여자,30대,서비스 종사자,고졸(대학 재학 포함),대구광역시,1인 가구,미혼(사별/이혼 포함),맞벌이 하지 않음,200-300만원 미만,0,0.164179104,0.628711011,0.025354417,0.698334966,0.136807818,0.472058313,0.382608696,실속형 미식가,편리성을 중시하면서도 새로운 맛과 제품을 시도하는 데 적극적인 소비자 그룹입니다. 가격에 민감하기보다는 효율성과 맛을 동시에 추구합니다.
1696,임지민,여자,30대,사무 종사자,대학교 졸업(전문대졸/대학원생 포함),경기도,1세대가족,기혼,맞벌이 함,600-700만원 미만,0,0.273134328,0.468245021,0.243456925,0.779627816,0.397068404,0.230128428,0.356521739,실속형 미식가,편리성을 중시하면서도 새로운 맛과 제품을 시도하는 데 적극적인 소비자 그룹입니다. 가격에 민감하기보다는 효율성과 맛을 동시에 추구합니다.
1697,최서준,여자,50대,사무 종사자,고졸(대학 재학 포함),경기도,2세대가족,기혼,맞벌이 함,"900-1,000만원 미만",3,0.468656716,0.610296881,0.385496183,0.86287953,0.345602606,0.283929191,0.52173913,트렌드 주도형 소비자,"자신의 취향과 경험을 중시하는 소비자 그룹입니다. 단순히 배를 채우는 것 이상의 가치를 추구하며, 새로운 제품을 가장 먼저 경험하고 공유하려는 경향이 강합니다"
1698,강서준,여자,50대,판매 종사자,대학교 졸업(전문대졸/대학원생 포함),인천광역시,2세대가족,기혼,맞벌이 함,600-700만원 미만,1,0.456716418,0.394964299,0.801799346,0.764936337,0.589576547,0.467198889,0.152173913,건강 추구형 소비자,가격이나 브랜드에 크게 구애받지 않고 건강을 최우선으로 고려하는 프리미엄 소비자 그룹입니다. 건강과 편리성을 모두 만족시키는 제품에 기꺼이 지갑을 엽니다.
1699,박예은,여자,50대,주부,고졸(대학 재학 포함),경기도,2세대가족,기혼,맞벌이 하지 않음,600-700만원 미만,0,0.390298507,0.496429914,0.239094875,0.804113614,0.302605863,0.204790003,0.457826087,실속형 미식가,편리성을 중시하면서도 새로운 맛과 제품을 시도하는 데 적극적인 소비자 그룹입니다. 가격에 민감하기보다는 효율성과 맛을 동시에 추구합니다.
1700,조채원,여자,50대,주부,대학교 졸업(전문대졸/대학원생 포함),인천광역시,2세대가족,기혼,맞벌이 하지 않음,500-600만원 미만,1,0.770895522,0.590379557,0.561886587,0.804113614,0.810749186,0.412703922,0.082608696,건강 추구형 소비자,가격이나 브랜드에 크게 구애받지 않고 건강을 최우선으로 고려하는 프리미엄 소비자 그룹입니다. 건강과 편리성을 모두 만족시키는 제품에 기꺼이 지갑을 엽니다.
1701,정준서,여자,40대,사무 종사자,대학교 졸업(전문대졸/대학원생 포함),인천광역시,2세대가족,기혼,맞벌이 함,700-800만원 미만,0,0.223880597,0.458850056,0.42257361,0.843290891,0.190228013,0.273169039,0.782608696,실속형 미식가,편리성을 중시하면서도 새로운 맛과 제품을 시도하는 데 적극적인 소비자 그룹입니다. 가격에 민감하기보다는 효율성과 맛을 동시에 추구합니다.
1702,최준서,여자,30대,사무 종사자,대학교 졸업(전문대졸/대학원생 포함),경기도,2세대가족,기혼,맞벌이 함,800-900만원 미만,0,0.360447761,0.538895152,0.477371865,0.764936337,0.303257329,0.295036446,0.460869565,실속형 미식가,편리성을 중시하면서도 새로운 맛과 제품을 시도하는 데 적극적인 소비자 그룹입니다. 가격에 민감하기보다는 효율성과 맛을 동시에 추구합니다.
1703,강채원,여자,30대,판매 종사자,대학교 졸업(전문대졸/대학원생 포함),대구광역시,1세대가족,기혼,맞벌이 함,400-500만원 미만,0,0.014925373,0.592258549,0.104416576,0.681684623,0.084364821,0.652551198,0.486956522,실속형 미식가,편리성을 중시하면서도 새로운 맛과 제품을 시도하는 데 적극적인 소비자 그룹입니다. 가격에 민감하기보다는 효율성과 맛을 동시에 추구합니다.
1704,최시우,여자,60대 이상,판매 종사자,대학교 졸업(전문대졸/대학원생 포함),인천광역시,1세대가족,기혼,맞벌이 함,500-600만원 미만,1,0.604477612,0.379932356,0.720556161,0.72575906,0.603583062,0.35091982,0.117391304,건강 추구형 소비자,가격이나 브랜드에 크게 구애받지 않고 건강을 최우선으로 고려하는 프리미엄 소비자 그룹입니다. 건강과 편리성을 모두 만족시키는 제품에 기꺼이 지갑을 엽니다.
1705,김지민,여자,40대,주부,대학교 졸업(전문대졸/대학원생 포함),부산광역시,2세대가족,기혼,맞벌이 하지 않음,300-400만원 미만,3,0.601492537,0.616685457,0.300163577,0.882468168,0.308143322,0.472058313,0.691304348,트렌드 주도형 소비자,"자신의 취향과 경험을 중시하는 소비자 그룹입니다. 단순히 배를 채우는 것 이상의 가치를 추구하며, 새로운 제품을 가장 먼저 경험하고 공유하려는 경향이 강합니다"
1706,최민서,여자,60대 이상,주부,고졸(대학 재학 포함),인천광역시,1세대가족,기혼,맞벌이 하지 않음,300-400만원 미만,0,0.351492537,0.421270199,0.372682661,0.784524976,0.301628664,0.218674072,0.834782609,실속형 미식가,편리성을 중시하면서도 새로운 맛과 제품을 시도하는 데 적극적인 소비자 그룹입니다. 가격에 민감하기보다는 효율성과 맛을 동시에 추구합니다.
1707,최서준,여자,50대,서비스 종사자,고졸(대학 재학 포함),제주특별자치도,2세대가족,미혼(사별/이혼 포함),맞벌이 하지 않음,300-400만원 미만,3,0.71119403,0.334836528,0.525899673,0.666993144,0.627361564,0.161402291,0.513043478,트렌드 주도형 소비자,"자신의 취향과 경험을 중시하는 소비자 그룹입니다. 단순히 배를 채우는 것 이상의 가치를 추구하며, 새로운 제품을 가장 먼저 경험하고 공유하려는 경향이 강합니다"
1708,이서준,여자,60대 이상,주부,고졸(대학 재학 포함),서울특별시,1세대가족,기혼,맞벌이 하지 않음,300-400만원 미만,1,0.581343284,0.383690342,0.465648855,0.823702253,0.606514658,0.159666782,0.27826087,건강 추구형 소비자,가격이나 브랜드에 크게 구애받지 않고 건강을 최우선으로 고려하는 프리미엄 소비자 그룹입니다. 건강과 편리성을 모두 만족시키는 제품에 기꺼이 지갑을 엽니다.
1709,조민서,여자,40대,주부,고졸(대학 재학 포함),대구광역시,2세대가족,기혼,맞벌이 하지 않음,300-400만원 미만,1,0.201492537,0.340473506,0.316248637,0.622918707,0.372312704,0.321416175,0.113043478,건강 추구형 소비자,가격이나 브랜드에 크게 구애받지 않고 건강을 최우선으로 고려하는 프리미엄 소비자 그룹입니다. 건강과 편리성을 모두 만족시키는 제품에 기꺼이 지갑을 엽니다.
1710,조도윤,여자,50대,서비스 종사자,대학교 졸업(전문대졸/대학원생 포함),제주특별자치도,2세대가족,미혼(사별/이혼 포함),맞벌이 하지 않음,500-600만원 미만,3,0.786567164,0.357384442,0.341875682,0.706170421,0.579478827,0.183269698,0.647826087,트렌드 주도형 소비자,"자신의 취향과 경험을 중시하는 소비자 그룹입니다. 단순히 배를 채우는 것 이상의 가치를 추구하며, 새로운 제품을 가장 먼저 경험하고 공유하려는 경향이 강합니다"
1711,박예준,여자,50대,주부,고졸(대학 재학 포함),대구광역시,1세대가족,기혼,맞벌이 하지 않음,400-500만원 미만,0,0.119402985,0.460729049,0.270719738,0.681684623,0.206188925,0.549114891,0.404347826,실속형 미식가,편리성을 중시하면서도 새로운 맛과 제품을 시도하는 데 적극적인 소비자 그룹입니다. 가격에 민감하기보다는 효율성과 맛을 동시에 추구합니다.
1712,김서준,여자,50대,판매 종사자,고졸(대학 재학 포함),서울특별시,2세대가족,기혼,맞벌이 함,600-700만원 미만,1,0.539552239,0.383690342,0.648309706,0.843290891,0.565472313,0.255466852,0.317391304,건강 추구형 소비자,가격이나 브랜드에 크게 구애받지 않고 건강을 최우선으로 고려하는 프리미엄 소비자 그룹입니다. 건강과 편리성을 모두 만족시키는 제품에 기꺼이 지갑을 엽니다.
1713,김예준,여자,50대,서비스 종사자,고졸(대학 재학 포함),제주특별자치도,2세대가족,기혼,맞벌이 함,500-600만원 미만,3,0.821641791,0.364900413,0.556706652,0.745347698,0.632247557,0.190905935,0.552173913,트렌드 주도형 소비자,"자신의 취향과 경험을 중시하는 소비자 그룹입니다. 단순히 배를 채우는 것 이상의 가치를 추구하며, 새로운 제품을 가장 먼저 경험하고 공유하려는 경향이 강합니다"
1714,임지호,여자,20대,주부,고졸(대학 재학 포함),대구광역시,2세대가족,기혼,맞벌이 하지 않음,200-300만원 미만,0,0.323134328,0.620443442,0.138495093,0.666993144,0.259283388,0.384935786,0.326086957,실속형 미식가,편리성을 중시하면서도 새로운 맛과 제품을 시도하는 데 적극적인 소비자 그룹입니다. 가격에 민감하기보다는 효율성과 맛을 동시에 추구합니다.
1715,임서윤,여자,50대,주부,고졸(대학 재학 포함),인천광역시,1세대가족,기혼,맞벌이 하지 않음,400-500만원 미만,1,0.492537313,0.75009395,0.439203926,0.779627816,0.550162866,0.388753905,0.073913043,건강 추구형 소비자,가격이나 브랜드에 크게 구애받지 않고 건강을 최우선으로 고려하는 프리미엄 소비자 그룹입니다. 건강과 편리성을 모두 만족시키는 제품에 기꺼이 지갑을 엽니다.
1716,최지원,여자,60대 이상,서비스 종사자,대학교 졸업(전문대졸/대학원생 포함),대전광역시,2세대가족,기혼,맞벌이 함,500-600만원 미만,0,0.288059701,0.567831642,0.143129771,0.843290891,0.21465798,0.418257549,0.514347826,실속형 미식가,편리성을 중시하면서도 새로운 맛과 제품을 시도하는 데 적극적인 소비자 그룹입니다. 가격에 민감하기보다는 효율성과 맛을 동시에 추구합니다.
1717,조하준,여자,40대,서비스 종사자,고졸(대학 재학 포함),제주특별자치도,2세대가족,기혼,맞벌이 함,400-500만원 미만,3,0.782835821,0.34986847,0.387949836,0.72575906,0.570684039,0.206872614,0.630434783,트렌드 주도형 소비자,"자신의 취향과 경험을 중시하는 소비자 그룹입니다. 단순히 배를 채우는 것 이상의 가치를 추구하며, 새로운 제품을 가장 먼저 경험하고 공유하려는 경향이 강합니다"
1718,박민서,여자,30대,사무 종사자,대학교 졸업(전문대졸/대학원생 포함),인천광역시,1세대가족,기혼,맞벌이 함,500-600만원 미만,1,0.57761194,0.363021421,0.734460196,0.681684623,0.611726384,0.298854564,0.108695652,건강 추구형 소비자,가격이나 브랜드에 크게 구애받지 않고 건강을 최우선으로 고려하는 프리미엄 소비자 그룹입니다. 건강과 편리성을 모두 만족시키는 제품에 기꺼이 지갑을 엽니다.
1719,임하은,여자,60대 이상,주부,고졸(대학 재학 포함),서울특별시,1세대가족,기혼,맞벌이 하지 않음,300-400만원 미만,3,0.576119403,0.409996242,0.579062159,0.823702253,0.640065147,0.236029157,0.473913043,트렌드 주도형 소비자,"자신의 취향과 경험을 중시하는 소비자 그룹입니다. 단순히 배를 채우는 것 이상의 가치를 추구하며, 새로운 제품을 가장 먼저 경험하고 공유하려는 경향이 강합니다"
1720,윤예은,여자,60대 이상,서비스 종사자,대학교 졸업(전문대졸/대학원생 포함),대전광역시,2세대가족,기혼,맞벌이 함,500-600만원 미만,0,0.160447761,0.496429914,0.340239913,0.804113614,0.238110749,0.482471364,0.579565217,실속형 미식가,편리성을 중시하면서도 새로운 맛과 제품을 시도하는 데 적극적인 소비자 그룹입니다. 가격에 민감하기보다는 효율성과 맛을 동시에 추구합니다.
1721,윤민준,여자,40대,판매 종사자,대학교 졸업(전문대졸/대학원생 포함),인천광역시,2세대가족,기혼,맞벌이 함,600-700만원 미만,1,0.753731343,0.364900413,0.711014177,0.72575906,0.745602606,0.307879209,0.117391304,건강 추구형 소비자,가격이나 브랜드에 크게 구애받지 않고 건강을 최우선으로 고려하는 프리미엄 소비자 그룹입니다. 건강과 편리성을 모두 만족시키는 제품에 기꺼이 지갑을 엽니다.
1722,임건우,여자,60대 이상,서비스 종사자,고졸(대학 재학 포함),인천광역시,1세대가족,기혼,맞벌이 함,400-500만원 미만,1,0.515671642,0.408117249,0.708287895,0.662095984,0.577198697,0.452620618,0.147826087,건강 추구형 소비자,가격이나 브랜드에 크게 구애받지 않고 건강을 최우선으로 고려하는 프리미엄 소비자 그룹입니다. 건강과 편리성을 모두 만족시키는 제품에 기꺼이 지갑을 엽니다.
1723,박하준,여자,40대,판매 종사자,고졸(대학 재학 포함),서울특별시,1인 가구,미혼(사별/이혼 포함),맞벌이 하지 않음,200-300만원 미만,1,0.601492537,0.399849681,0.539258451,0.804113614,0.611074919,0.20826102,0.366521739,건강 추구형 소비자,가격이나 브랜드에 크게 구애받지 않고 건강을 최우선으로 고려하는 프리미엄 소비자 그룹입니다. 건강과 편리성을 모두 만족시키는 제품에 기꺼이 지갑을 엽니다.
1724,정채원,여자,50대,사무 종사자,대학교 졸업(전문대졸/대학원생 포함),대전광역시,2세대가족,기혼,맞벌이 함,500-600만원 미만,0,0.241044776,0.443818113,0.413849509,0.804113614,0.349511401,0.421034363,0.5,실속형 미식가,편리성을 중시하면서도 새로운 맛과 제품을 시도하는 데 적극적인 소비자 그룹입니다. 가격에 민감하기보다는 효율성과 맛을 동시에 추구합니다.
1725,이지민,여자,50대,장치·기계 조작 및 조립 종사자,고졸(대학 재학 포함),대구광역시,2세대가족,기혼,맞벌이 함,400-500만원 미만,0,0.149253731,0.565952649,0.104416576,0.681684623,0.117263844,0.51232211,0.430434783,실속형 미식가,편리성을 중시하면서도 새로운 맛과 제품을 시도하는 데 적극적인 소비자 그룹입니다. 가격에 민감하기보다는 효율성과 맛을 동시에 추구합니다.
1726,임준서,여자,50대,주부,고졸(대학 재학 포함),대구광역시,2세대가족,기혼,맞벌이 하지 않음,300-400만원 미만,0,0.23880597,0.358136039,0.286259542,0.561214496,0.325732899,0.4081916,0.404347826,실속형 미식가,편리성을 중시하면서도 새로운 맛과 제품을 시도하는 데 적극적인 소비자 그룹입니다. 가격에 민감하기보다는 효율성과 맛을 동시에 추구합니다.
1727,이하준,여자,40대,서비스 종사자,고졸(대학 재학 포함),대구광역시,2세대가족,기혼,맞벌이 함,500-600만원 미만,1,0.26119403,0.334836528,0.476008724,0.823702253,0.443973941,0.373134328,0.205652174,건강 추구형 소비자,가격이나 브랜드에 크게 구애받지 않고 건강을 최우선으로 고려하는 프리미엄 소비자 그룹입니다. 건강과 편리성을 모두 만족시키는 제품에 기꺼이 지갑을 엽니다.
1728,조시우,여자,50대,주부,고졸(대학 재학 포함),대구광역시,1세대가족,기혼,맞벌이 하지 않음,300-400만원 미만,0,0.171641791,0.577226607,0.059705562,0.622918707,0.035830619,0.583130857,0.5,실속형 미식가,편리성을 중시하면서도 새로운 맛과 제품을 시도하는 데 적극적인 소비자 그룹입니다. 가격에 민감하기보다는 효율성과 맛을 동시에 추구합니다.
1729,강서윤,여자,60대 이상,주부,고졸(대학 재학 포함),인천광역시,2세대가족,기혼,맞벌이 하지 않음,400-500만원 미만,1,0.295522388,0.359263435,0.675572519,0.622918707,0.425407166,0.434571329,0.156521739,건강 추구형 소비자,가격이나 브랜드에 크게 구애받지 않고 건강을 최우선으로 고려하는 프리미엄 소비자 그룹입니다. 건강과 편리성을 모두 만족시키는 제품에 기꺼이 지갑을 엽니다.
1730,박예준,여자,50대,사무 종사자,대학교 졸업(전문대졸/대학원생 포함),대전광역시,2세대가족,기혼,맞벌이 함,500-600만원 미만,0,0.302985075,0.462608042,0.408396947,0.823702253,0.361889251,0.45921555,0.495652174,실속형 미식가,편리성을 중시하면서도 새로운 맛과 제품을 시도하는 데 적극적인 소비자 그룹입니다. 가격에 민감하기보다는 효율성과 맛을 동시에 추구합니다.
1731,강하준,여자,60대 이상,주부,고졸(대학 재학 포함),부산광역시,2세대가족,기혼,맞벌이 하지 않음,500-600만원 미만,0,0.121641791,0.558436678,0.506815703,0.85798237,0.150814332,0.479000347,0.469565217,실속형 미식가,편리성을 중시하면서도 새로운 맛과 제품을 시도하는 데 적극적인 소비자 그룹입니다. 가격에 민감하기보다는 효율성과 맛을 동시에 추구합니다.
1732,박지민,여자,50대,판매 종사자,대학교 졸업(전문대졸/대학원생 포함),인천광역시,2세대가족,기혼,맞벌이 함,500-600만원 미만,1,0.544029851,0.364900413,0.755452563,0.706170421,0.673941368,0.410621312,0.143478261,건강 추구형 소비자,가격이나 브랜드에 크게 구애받지 않고 건강을 최우선으로 고려하는 프리미엄 소비자 그룹입니다. 건강과 편리성을 모두 만족시키는 제품에 기꺼이 지갑을 엽니다.
1733,김지원,남자,60대 이상,단순노무 종사자,중졸 이하,부산광역시,2세대가족,기혼,맞벌이 하지 않음,300-400만원 미만,0,0.200746269,0.517098835,0.5087241,0.838393732,0.221172638,0.499479347,0.460869565,실속형 미식가,편리성을 중시하면서도 새로운 맛과 제품을 시도하는 데 적극적인 소비자 그룹입니다. 가격에 민감하기보다는 효율성과 맛을 동시에 추구합니다.
1734,윤수아,여자,60대 이상,사무 종사자,대학교 졸업(전문대졸/대학원생 포함),대전광역시,2세대가족,기혼,맞벌이 함,500-600만원 미만,0,0.378358209,0.530251785,0.37568157,0.804113614,0.285667752,0.480041652,0.523043478,실속형 미식가,편리성을 중시하면서도 새로운 맛과 제품을 시도하는 데 적극적인 소비자 그룹입니다. 가격에 민감하기보다는 효율성과 맛을 동시에 추구합니다.
1735,강예은,여자,50대,서비스 종사자,대학교 졸업(전문대졸/대학원생 포함),대전광역시,2세대가족,기혼,맞벌이 함,500-600만원 미만,0,0.297761194,0.455092071,0.478735005,0.804113614,0.384039088,0.426935092,0.414347826,실속형 미식가,편리성을 중시하면서도 새로운 맛과 제품을 시도하는 데 적극적인 소비자 그룹입니다. 가격에 민감하기보다는 효율성과 맛을 동시에 추구합니다.
1736,이하준,여자,50대,판매 종사자,고졸(대학 재학 포함),서울특별시,2세대가족,기혼,맞벌이 함,"1,000만원 이상",3,0.494776119,0.490792935,0.476008724,0.838393732,0.443973941,0.163137799,0.4,트렌드 주도형 소비자,"자신의 취향과 경험을 중시하는 소비자 그룹입니다. 단순히 배를 채우는 것 이상의 가치를 추구하며, 새로운 제품을 가장 먼저 경험하고 공유하려는 경향이 강합니다"
1737,강하은,여자,40대,사무 종사자,대학교 졸업(전문대졸/대학원생 포함),강원도,2세대가족,기혼,맞벌이 함,600-700만원 미만,1,0.341044776,0.325441563,0.696292257,0.7208619,0.503257329,0.131898646,0.127391304,건강 추구형 소비자,가격이나 브랜드에 크게 구애받지 않고 건강을 최우선으로 고려하는 프리미엄 소비자 그룹입니다. 건강과 편리성을 모두 만족시키는 제품에 기꺼이 지갑을 엽니다.
1738,최주원,여자,50대,주부,고졸(대학 재학 포함),부산광역시,2세대가족,기혼,맞벌이 하지 않음,400-500만원 미만,3,0.588059701,0.612927471,0.466466739,0.960822723,0.502931596,0.468587296,0.569565217,트렌드 주도형 소비자,"자신의 취향과 경험을 중시하는 소비자 그룹입니다. 단순히 배를 채우는 것 이상의 가치를 추구하며, 새로운 제품을 가장 먼저 경험하고 공유하려는 경향이 강합니다"
1739,임지우,남자,60대 이상,사무 종사자,중졸 이하,대구광역시,1세대가족,기혼,맞벌이 함,300-400만원 미만,0,0.314925373,0.396843292,0.137131952,0.838393732,0.189576547,0.195418258,0.726086957,실속형 미식가,편리성을 중시하면서도 새로운 맛과 제품을 시도하는 데 적극적인 소비자 그룹입니다. 가격에 민감하기보다는 효율성과 맛을 동시에 추구합니다.
1740,최주원,여자,30대,사무 종사자,대학원 졸업 이상,서울특별시,1세대가족,미혼(사별/이혼 포함),맞벌이 하지 않음,500-600만원 미만,1,0.723880597,0.340473506,0.499727372,0.799216454,0.741368078,0.224227699,0.260869565,건강 추구형 소비자,가격이나 브랜드에 크게 구애받지 않고 건강을 최우선으로 고려하는 프리미엄 소비자 그룹입니다. 건강과 편리성을 모두 만족시키는 제품에 기꺼이 지갑을 엽니다.
1741,박채원,여자,40대,판매 종사자,대학교 졸업(전문대졸/대학원생 포함),인천광역시,1인 가구,미혼(사별/이혼 포함),맞벌이 하지 않음,300-400만원 미만,1,0.628358209,0.545283728,0.586423119,0.843290891,0.700325733,0.253731343,0.108695652,건강 추구형 소비자,가격이나 브랜드에 크게 구애받지 않고 건강을 최우선으로 고려하는 프리미엄 소비자 그룹입니다. 건강과 편리성을 모두 만족시키는 제품에 기꺼이 지갑을 엽니다.
1742,임하은,여자,20대,사무 종사자,고졸(대학 재학 포함),제주특별자치도,1인 가구,미혼(사별/이혼 포함),맞벌이 하지 않음,200-300만원 미만,3,0.793283582,0.415633221,0.579607415,0.818805093,0.604560261,0.145782714,0.491304348,트렌드 주도형 소비자,"자신의 취향과 경험을 중시하는 소비자 그룹입니다. 단순히 배를 채우는 것 이상의 가치를 추구하며, 새로운 제품을 가장 먼저 경험하고 공유하려는 경향이 강합니다"
1743,임하은,여자,60대 이상,주부,고졸(대학 재학 포함),강원도,1세대가족,기혼,맞벌이 하지 않음,400-500만원 미만,1,0.358208955,0.383690342,0.759814613,0.804113614,0.377850163,0.156195765,0.143478261,건강 추구형 소비자,가격이나 브랜드에 크게 구애받지 않고 건강을 최우선으로 고려하는 프리미엄 소비자 그룹입니다. 건강과 편리성을 모두 만족시키는 제품에 기꺼이 지갑을 엽니다.
1744,조예은,여자,60대 이상,주부,고졸(대학 재학 포함),서울특별시,2세대가족,기혼,맞벌이 하지 않음,700-800만원 미만,1,0.791044776,0.415633221,0.769356598,0.818805093,1,0.201318986,0.143478261,건강 추구형 소비자,가격이나 브랜드에 크게 구애받지 않고 건강을 최우선으로 고려하는 프리미엄 소비자 그룹입니다. 건강과 편리성을 모두 만족시키는 제품에 기꺼이 지갑을 엽니다.
1745,박건우,여자,60대 이상,주부,고졸(대학 재학 포함),인천광역시,1세대가족,기혼,맞벌이 하지 않음,300-400만원 미만,1,0.538059701,0.447576099,0.687295529,0.784524976,0.73257329,0.345713294,0.092608696,건강 추구형 소비자,가격이나 브랜드에 크게 구애받지 않고 건강을 최우선으로 고려하는 프리미엄 소비자 그룹입니다. 건강과 편리성을 모두 만족시키는 제품에 기꺼이 지갑을 엽니다.
1746,임지호,여자,40대,사무 종사자,대학교 졸업(전문대졸/대학원생 포함),인천광역시,2세대가족,기혼,맞벌이 함,700-800만원 미만,0,0.284328358,0.601653514,0.296346783,0.843290891,0.27752443,0.13884068,0.52173913,실속형 미식가,편리성을 중시하면서도 새로운 맛과 제품을 시도하는 데 적극적인 소비자 그룹입니다. 가격에 민감하기보다는 효율성과 맛을 동시에 추구합니다.
1747,윤수아,여자,30대,사무 종사자,대학교 졸업(전문대졸/대학원생 포함),인천광역시,1세대가족,기혼,맞벌이 함,500-600만원 미만,0,0.396268657,0.409996242,0.393129771,0.843290891,0.288273616,0.196112461,0.9,실속형 미식가,편리성을 중시하면서도 새로운 맛과 제품을 시도하는 데 적극적인 소비자 그룹입니다. 가격에 민감하기보다는 효율성과 맛을 동시에 추구합니다.
1748,강지원,남자,20대,사무 종사자,대학교 졸업(전문대졸/대학원생 포함),대구광역시,1인 가구,미혼(사별/이혼 포함),맞벌이 하지 않음,200-300만원 미만,0,0.059701493,0.355505449,0.118047983,0.838393732,0.054071661,0.135369663,0.839130435,실속형 미식가,편리성을 중시하면서도 새로운 맛과 제품을 시도하는 데 적극적인 소비자 그룹입니다. 가격에 민감하기보다는 효율성과 맛을 동시에 추구합니다.
1749,강수아,남자,30대,서비스 종사자,고졸(대학 재학 포함),대구광역시,1인 가구,미혼(사별/이혼 포함),맞벌이 하지 않음,200-300만원 미만,0,0.241044776,0.430665163,0.137131952,0.838393732,0.15732899,0.418604651,0.634782609,실속형 미식가,편리성을 중시하면서도 새로운 맛과 제품을 시도하는 데 적극적인 소비자 그룹입니다. 가격에 민감하기보다는 효율성과 맛을 동시에 추구합니다.
1750,윤준서,여자,20대,사무 종사자,대학교 졸업(전문대졸/대학원생 포함),대구광역시,1인 가구,미혼(사별/이혼 포함),맞벌이 하지 않음,200-300만원 미만,0,0.375373134,0.674934235,0.128953108,0.838393732,0.150814332,0.197847969,0.513043478,실속형 미식가,편리성을 중시하면서도 새로운 맛과 제품을 시도하는 데 적극적인 소비자 그룹입니다. 가격에 민감하기보다는 효율성과 맛을 동시에 추구합니다.
1751,조지우,여자,60대 이상,기능원 및 관련 기능 종사자,고졸(대학 재학 포함),대구광역시,1세대가족,기혼,맞벌이 함,400-500만원 미만,0,0.255970149,0.498308906,0.285169029,0.838393732,0.121498371,0.419645956,0.7,실속형 미식가,편리성을 중시하면서도 새로운 맛과 제품을 시도하는 데 적극적인 소비자 그룹입니다. 가격에 민감하기보다는 효율성과 맛을 동시에 추구합니다.
1752,박예은,남자,60대 이상,서비스 종사자,고졸(대학 재학 포함),대구광역시,1인 가구,미혼(사별/이혼 포함),맞벌이 하지 않음,200-300만원 미만,0,0.390298507,0.509582864,0.10087241,0.799216454,0.180130293,0.164179104,0.613043478,실속형 미식가,편리성을 중시하면서도 새로운 맛과 제품을 시도하는 데 적극적인 소비자 그룹입니다. 가격에 민감하기보다는 효율성과 맛을 동시에 추구합니다.
1753,임서윤,여자,60대 이상,서비스 종사자,중졸 이하,대구광역시,1인 가구,미혼(사별/이혼 포함),맞벌이 하지 않음,200-300만원 미만,3,0.578358209,0.430665163,0.057251908,0.838393732,0.282736156,0.197847969,0.72173913,트렌드 주도형 소비자,"자신의 취향과 경험을 중시하는 소비자 그룹입니다. 단순히 배를 채우는 것 이상의 가치를 추구하며, 새로운 제품을 가장 먼저 경험하고 공유하려는 경향이 강합니다"
1754,정지원,여자,60대 이상,판매 종사자,대학교 졸업(전문대졸/대학원생 포함),대구광역시,1세대가족,기혼,맞벌이 함,400-500만원 미만,3,0.715671642,0.505824878,0.082606325,0.838393732,0.27980456,0.197847969,0.717391304,트렌드 주도형 소비자,"자신의 취향과 경험을 중시하는 소비자 그룹입니다. 단순히 배를 채우는 것 이상의 가치를 추구하며, 새로운 제품을 가장 먼저 경험하고 공유하려는 경향이 강합니다"
1755,조서준,여자,50대,서비스 종사자,고졸(대학 재학 포함),대구광역시,1세대가족,기혼,맞벌이 하지 않음,200-300만원 미만,3,0.640298507,0.449455092,0.102508179,0.799216454,0.253420195,0.190905935,0.7,트렌드 주도형 소비자,"자신의 취향과 경험을 중시하는 소비자 그룹입니다. 단순히 배를 채우는 것 이상의 가치를 추구하며, 새로운 제품을 가장 먼저 경험하고 공유하려는 경향이 강합니다"
1756,강시우,여자,40대,취업 준비 중,중졸 이하,대구광역시,1인 가구,미혼(사별/이혼 포함),맞벌이 하지 않음,200-300만원 미만,0,0.558208955,0.329199549,0.049890949,0.681684623,0.238110749,0.142311697,0.791304348,실속형 미식가,편리성을 중시하면서도 새로운 맛과 제품을 시도하는 데 적극적인 소비자 그룹입니다. 가격에 민감하기보다는 효율성과 맛을 동시에 추구합니다.
1757,강시우,여자,50대,주부,고졸(대학 재학 포함),대구광역시,1인 가구,미혼(사별/이혼 포함),맞벌이 하지 않음,200-300만원 미만,3,0.645522388,0.363021421,0.107960742,0.838393732,0.304560261,0.180492884,0.847826087,트렌드 주도형 소비자,"자신의 취향과 경험을 중시하는 소비자 그룹입니다. 단순히 배를 채우는 것 이상의 가치를 추구하며, 새로운 제품을 가장 먼저 경험하고 공유하려는 경향이 강합니다"
1758,조서윤,여자,40대,서비스 종사자,고졸(대학 재학 포함),경상북도,1인 가구,미혼(사별/이혼 포함),맞벌이 하지 않음,200-300만원 미만,0,0.479104478,0.389327321,0.260632497,0.838393732,0.189576547,0.291565429,0.87826087,실속형 미식가,편리성을 중시하면서도 새로운 맛과 제품을 시도하는 데 적극적인 소비자 그룹입니다. 가격에 민감하기보다는 효율성과 맛을 동시에 추구합니다.
1759,정도윤,여자,60대 이상,서비스 종사자,고졸(대학 재학 포함),경상북도,1인 가구,미혼(사별/이혼 포함),맞벌이 하지 않음,200-300만원 미만,3,0.626865672,0.396843292,0.252453653,0.838393732,0.254071661,0.229087123,0.913043478,트렌드 주도형 소비자,"자신의 취향과 경험을 중시하는 소비자 그룹입니다. 단순히 배를 채우는 것 이상의 가치를 추구하며, 새로운 제품을 가장 먼저 경험하고 공유하려는 경향이 강합니다"
1760,강주원,여자,60대 이상,서비스 종사자,중졸 이하,경상북도,1인 가구,미혼(사별/이혼 포함),맞벌이 하지 않음,200-300만원 미만,0,0.47761194,0.363021421,0.109051254,0.838393732,0.215960912,0.202360292,0.882608696,실속형 미식가,편리성을 중시하면서도 새로운 맛과 제품을 시도하는 데 적극적인 소비자 그룹입니다. 가격에 민감하기보다는 효율성과 맛을 동시에 추구합니다.
1761,조채원,여자,60대 이상,서비스 종사자,중졸 이하,경상북도,1인 가구,미혼(사별/이혼 포함),맞벌이 하지 않음,200-300만원 미만,3,0.526119403,0.396843292,0.282442748,0.838393732,0.21009772,0.225616106,0.92173913,트렌드 주도형 소비자,"자신의 취향과 경험을 중시하는 소비자 그룹입니다. 단순히 배를 채우는 것 이상의 가치를 추구하며, 새로운 제품을 가장 먼저 경험하고 공유하려는 경향이 강합니다"
1762,박예준,남자,60대 이상,서비스 종사자,고졸(대학 재학 포함),경상북도,1세대가족,기혼,맞벌이 함,400-500만원 미만,3,0.56641791,0.363021421,0.060796074,0.818805093,0.257003257,0.180492884,0.875217391,트렌드 주도형 소비자,"자신의 취향과 경험을 중시하는 소비자 그룹입니다. 단순히 배를 채우는 것 이상의 가치를 추구하며, 새로운 제품을 가장 먼저 경험하고 공유하려는 경향이 강합니다"
1763,임도윤,여자,60대 이상,판매 종사자,중졸 이하,경상북도,1인 가구,미혼(사별/이혼 포함),맞벌이 하지 않음,200-300만원 미만,3,0.546268657,0.363021421,0.135223555,0.818805093,0.2752443,0.218674072,0.882608696,트렌드 주도형 소비자,"자신의 취향과 경험을 중시하는 소비자 그룹입니다. 단순히 배를 채우는 것 이상의 가치를 추구하며, 새로운 제품을 가장 먼저 경험하고 공유하려는 경향이 강합니다"
1764,박지호,여자,60대 이상,판매 종사자,중졸 이하,경상북도,1인 가구,기혼,맞벌이 하지 않음,200-300만원 미만,3,0.494029851,0.396843292,0.268811341,0.838393732,0.225407166,0.218674072,0.949130435,트렌드 주도형 소비자,"자신의 취향과 경험을 중시하는 소비자 그룹입니다. 단순히 배를 채우는 것 이상의 가치를 추구하며, 새로운 제품을 가장 먼저 경험하고 공유하려는 경향이 강합니다"
1765,윤준서,여자,50대,주부,고졸(대학 재학 포함),경상북도,1세대가족,기혼,맞벌이 하지 않음,400-500만원 미만,3,0.541044776,0.396843292,0.240730643,0.838393732,0.257654723,0.263797293,0.940434783,트렌드 주도형 소비자,"자신의 취향과 경험을 중시하는 소비자 그룹입니다. 단순히 배를 채우는 것 이상의 가치를 추구하며, 새로운 제품을 가장 먼저 경험하고 공유하려는 경향이 강합니다"
1766,김예준,여자,50대,서비스 종사자,대학교 졸업(전문대졸/대학원생 포함),경상북도,1세대가족,기혼,맞벌이 함,500-600만원 미만,0,0.504477612,0.317925592,0.150763359,0.701273262,0.207166124,0.23255814,0.91,실속형 미식가,편리성을 중시하면서도 새로운 맛과 제품을 시도하는 데 적극적인 소비자 그룹입니다. 가격에 민감하기보다는 효율성과 맛을 동시에 추구합니다.
1767,한하은,여자,60대 이상,주부,고졸(대학 재학 포함),대전광역시,2세대가족,기혼,맞벌이 하지 않음,600-700만원 미만,3,0.490298507,0.699361142,0.497001091,0.921645446,0.363517915,0.347101701,0.556521739,트렌드 주도형 소비자,"자신의 취향과 경험을 중시하는 소비자 그룹입니다. 단순히 배를 채우는 것 이상의 가치를 추구하며, 새로운 제품을 가장 먼저 경험하고 공유하려는 경향이 강합니다"
1768,정예은,여자,60대 이상,서비스 종사자,대학교 졸업(전문대졸/대학원생 포함),경상북도,1인 가구,미혼(사별/이혼 포함),맞벌이 하지 않음,200-300만원 미만,3,0.628358209,0.370537392,0.131679389,0.838393732,0.254723127,0.194376952,0.901304348,트렌드 주도형 소비자,"자신의 취향과 경험을 중시하는 소비자 그룹입니다. 단순히 배를 채우는 것 이상의 가치를 추구하며, 새로운 제품을 가장 먼저 경험하고 공유하려는 경향이 강합니다"
1769,이지원,남자,50대,기능원 및 관련 기능 종사자,중졸 이하,경상북도,1인 가구,미혼(사별/이혼 포함),맞벌이 하지 않음,200-300만원 미만,0,0.153731343,0.308154829,0.068974918,0.69539667,0.054071661,0.5102395,0.839130435,실속형 미식가,편리성을 중시하면서도 새로운 맛과 제품을 시도하는 데 적극적인 소비자 그룹입니다. 가격에 민감하기보다는 효율성과 맛을 동시에 추구합니다.
1770,조하은,여자,30대,사무 종사자,대학교 졸업(전문대졸/대학원생 포함),대전광역시,2세대가족,기혼,맞벌이 함,500-600만원 미만,3,0.476865672,0.659150695,0.547709924,0.843290891,0.327035831,0.379382159,0.53173913,트렌드 주도형 소비자,"자신의 취향과 경험을 중시하는 소비자 그룹입니다. 단순히 배를 채우는 것 이상의 가치를 추구하며, 새로운 제품을 가장 먼저 경험하고 공유하려는 경향이 강합니다"
1771,조하은,여자,40대,서비스 종사자,대학교 졸업(전문대졸/대학원생 포함),강원도,2세대가족,기혼,맞벌이 함,600-700만원 미만,1,0.535820896,0.368658399,0.615049073,0.784524976,0.362540717,0.159666782,0.17826087,건강 추구형 소비자,가격이나 브랜드에 크게 구애받지 않고 건강을 최우선으로 고려하는 프리미엄 소비자 그룹입니다. 건강과 편리성을 모두 만족시키는 제품에 기꺼이 지갑을 엽니다.
1772,정서윤,여자,50대,서비스 종사자,대학교 졸업(전문대졸/대학원생 포함),경상북도,1세대가족,기혼,맞벌이 함,500-600만원 미만,3,0.524626866,0.396843292,0.312431843,0.838393732,0.265798046,0.240541479,0.904347826,트렌드 주도형 소비자,"자신의 취향과 경험을 중시하는 소비자 그룹입니다. 단순히 배를 채우는 것 이상의 가치를 추구하며, 새로운 제품을 가장 먼저 경험하고 공유하려는 경향이 강합니다"
1773,이하준,여자,50대,기능원 및 관련 기능 종사자,고졸(대학 재학 포함),경상북도,2세대가족,기혼,맞벌이 함,400-500만원 미만,0,0.247761194,0.305524239,0.010905125,0.619980411,0.088599349,0.469628601,0.82173913,실속형 미식가,편리성을 중시하면서도 새로운 맛과 제품을 시도하는 데 적극적인 소비자 그룹입니다. 가격에 민감하기보다는 효율성과 맛을 동시에 추구합니다.
1774,윤지원,여자,50대,서비스 종사자,고졸(대학 재학 포함),대전광역시,1인 가구,미혼(사별/이혼 포함),맞벌이 하지 않음,500-600만원 미만,3,0.510447761,0.639233371,0.35387132,0.941234084,0.390879479,0.439083652,0.452173913,트렌드 주도형 소비자,"자신의 취향과 경험을 중시하는 소비자 그룹입니다. 단순히 배를 채우는 것 이상의 가치를 추구하며, 새로운 제품을 가장 먼저 경험하고 공유하려는 경향이 강합니다"
1775,조지호,여자,30대,사무 종사자,대학교 졸업(전문대졸/대학원생 포함),경상북도,1인 가구,미혼(사별/이혼 포함),맞벌이 하지 않음,200-300만원 미만,0,0.247761194,0.271702368,0.010905125,0.619980411,0.088599349,0.469628601,0.82173913,실속형 미식가,편리성을 중시하면서도 새로운 맛과 제품을 시도하는 데 적극적인 소비자 그룹입니다. 가격에 민감하기보다는 효율성과 맛을 동시에 추구합니다.
1776,한지원,여자,60대 이상,주부,대학교 졸업(전문대졸/대학원생 포함),경기도,2세대가족,기혼,맞벌이 하지 않음,800-900만원 미만,0,0.432089552,0.740698985,0.096782988,0.921645446,0.218892508,0.333217633,0.452173913,실속형 미식가,편리성을 중시하면서도 새로운 맛과 제품을 시도하는 데 적극적인 소비자 그룹입니다. 가격에 민감하기보다는 효율성과 맛을 동시에 추구합니다.
1777,최도윤,남자,40대,기능원 및 관련 기능 종사자,대학교 졸업(전문대졸/대학원생 포함),경상북도,1인 가구,미혼(사별/이혼 포함),맞벌이 하지 않음,200-300만원 미만,0,0.469402985,0.31304021,0.038985823,0.619980411,0.191856678,0.272821937,0.830434783,실속형 미식가,편리성을 중시하면서도 새로운 맛과 제품을 시도하는 데 적극적인 소비자 그룹입니다. 가격에 민감하기보다는 효율성과 맛을 동시에 추구합니다.
1778,이예준,여자,40대,판매 종사자,대학교 졸업(전문대졸/대학원생 포함),인천광역시,2세대가족,기혼,맞벌이 함,600-700만원 미만,0,0.319402985,0.447576099,0.437295529,0.804113614,0.255374593,0.223186394,0.856521739,실속형 미식가,편리성을 중시하면서도 새로운 맛과 제품을 시도하는 데 적극적인 소비자 그룹입니다. 가격에 민감하기보다는 효율성과 맛을 동시에 추구합니다.
1779,이예은,여자,60대 이상,판매 종사자,고졸(대학 재학 포함),인천광역시,1세대가족,기혼,맞벌이 함,300-400만원 미만,0,0.326119403,0.492671928,0.447655398,0.843290891,0.203583062,0.198889275,0.739130435,실속형 미식가,편리성을 중시하면서도 새로운 맛과 제품을 시도하는 데 적극적인 소비자 그룹입니다. 가격에 민감하기보다는 효율성과 맛을 동시에 추구합니다.
1780,최예준,여자,40대,사무 종사자,대학교 졸업(전문대졸/대학원생 포함),경기도,2세대가족,기혼,맞벌이 함,700-800만원 미만,0,0.412686567,0.771890267,0.27344602,0.941234084,0.229315961,0.395695939,0.573913043,실속형 미식가,편리성을 중시하면서도 새로운 맛과 제품을 시도하는 데 적극적인 소비자 그룹입니다. 가격에 민감하기보다는 효율성과 맛을 동시에 추구합니다.
1781,최서윤,여자,60대 이상,주부,대학교 졸업(전문대졸/대학원생 포함),강원도,1세대가족,기혼,맞벌이 하지 않음,400-500만원 미만,1,0.432089552,0.398722285,0.829334787,0.843290891,0.440390879,0.201318986,0.166521739,건강 추구형 소비자,가격이나 브랜드에 크게 구애받지 않고 건강을 최우선으로 고려하는 프리미엄 소비자 그룹입니다. 건강과 편리성을 모두 만족시키는 제품에 기꺼이 지갑을 엽니다.
1782,정서준,여자,60대 이상,서비스 종사자,대학교 졸업(전문대졸/대학원생 포함),경기도,2세대가족,기혼,맞벌이 함,600-700만원 미만,1,0.429850746,0.389327321,0.691930207,0.701273262,0.563192182,0.405761888,0.1,건강 추구형 소비자,가격이나 브랜드에 크게 구애받지 않고 건강을 최우선으로 고려하는 프리미엄 소비자 그룹입니다. 건강과 편리성을 모두 만족시키는 제품에 기꺼이 지갑을 엽니다.
1783,강시우,여자,40대,주부,대학교 졸업(전문대졸/대학원생 포함),서울특별시,2세대가족,기혼,맞벌이 하지 않음,600-700만원 미만,0,0.280597015,0.674182638,0.446019629,0.86287953,0.184364821,0.456785838,0.444782609,실속형 미식가,편리성을 중시하면서도 새로운 맛과 제품을 시도하는 데 적극적인 소비자 그룹입니다. 가격에 민감하기보다는 효율성과 맛을 동시에 추구합니다.
1784,윤하준,여자,60대 이상,주부,대학교 졸업(전문대졸/대학원생 포함),강원도,2세대가족,기혼,맞벌이 하지 않음,700-800만원 미만,1,0.455223881,0.361142428,0.818974918,0.784524976,0.558957655,0.142311697,0.113043478,건강 추구형 소비자,가격이나 브랜드에 크게 구애받지 않고 건강을 최우선으로 고려하는 프리미엄 소비자 그룹입니다. 건강과 편리성을 모두 만족시키는 제품에 기꺼이 지갑을 엽니다.
1785,조하은,여자,60대 이상,주부,대학교 졸업(전문대졸/대학원생 포함),강원도,1세대가족,기혼,맞벌이 하지 않음,400-500만원 미만,1,0.408208955,0.334836528,0.639040349,0.784524976,0.409446254,0.13884068,0.108695652,건강 추구형 소비자,가격이나 브랜드에 크게 구애받지 않고 건강을 최우선으로 고려하는 프리미엄 소비자 그룹입니다. 건강과 편리성을 모두 만족시키는 제품에 기꺼이 지갑을 엽니다.
1786,이도윤,여자,30대,판매 종사자,대학교 졸업(전문대졸/대학원생 포함),강원도,1세대가족,기혼,맞벌이 함,600-700만원 미만,1,0.447014925,0.353626456,0.77044711,0.764936337,0.45276873,0.170079833,0.12173913,건강 추구형 소비자,가격이나 브랜드에 크게 구애받지 않고 건강을 최우선으로 고려하는 프리미엄 소비자 그룹입니다. 건강과 편리성을 모두 만족시키는 제품에 기꺼이 지갑을 엽니다.
1787,정하은,여자,40대,서비스 종사자,대학교 졸업(전문대졸/대학원생 포함),제주특별자치도,2세대가족,기혼,맞벌이 함,400-500만원 미만,3,0.746268657,0.443818113,0.545528899,0.843290891,0.65732899,0.277334259,0.491304348,트렌드 주도형 소비자,"자신의 취향과 경험을 중시하는 소비자 그룹입니다. 단순히 배를 채우는 것 이상의 가치를 추구하며, 새로운 제품을 가장 먼저 경험하고 공유하려는 경향이 강합니다"
1788,조서윤,여자,50대,판매 종사자,대학교 졸업(전문대졸/대학원생 포함),강원도,2세대가족,기혼,맞벌이 함,700-800만원 미만,1,0.371641791,0.327320556,0.68129771,0.764936337,0.502605863,0.163137799,0.108695652,건강 추구형 소비자,가격이나 브랜드에 크게 구애받지 않고 건강을 최우선으로 고려하는 프리미엄 소비자 그룹입니다. 건강과 편리성을 모두 만족시키는 제품에 기꺼이 지갑을 엽니다.
1789,한예은,여자,30대,사무 종사자,대학교 졸업(전문대졸/대학원생 포함),강원도,2세대가족,기혼,맞벌이 함,700-800만원 미만,1,0.346268657,0.361142428,0.739912759,0.764936337,0.459934853,0.201318986,0.12173913,건강 추구형 소비자,가격이나 브랜드에 크게 구애받지 않고 건강을 최우선으로 고려하는 프리미엄 소비자 그룹입니다. 건강과 편리성을 모두 만족시키는 제품에 기꺼이 지갑을 엽니다.
1790,박지원,여자,50대,사무 종사자,대학교 졸업(전문대졸/대학원생 포함),서울특별시,2세대가족,기혼,맞벌이 함,"900-1,000만원 미만",3,0.599253731,0.88162345,0.405670665,0.955925563,0.36286645,0.353349531,0.486956522,트렌드 주도형 소비자,"자신의 취향과 경험을 중시하는 소비자 그룹입니다. 단순히 배를 채우는 것 이상의 가치를 추구하며, 새로운 제품을 가장 먼저 경험하고 공유하려는 경향이 강합니다"
1791,강시우,여자,50대,서비스 종사자,고졸(대학 재학 포함),서울특별시,1세대가족,기혼,맞벌이 함,400-500만원 미만,0,0.305970149,0.642991357,0.498364231,0.882468168,0.337459283,0.370010413,0.408695652,실속형 미식가,편리성을 중시하면서도 새로운 맛과 제품을 시도하는 데 적극적인 소비자 그룹입니다. 가격에 민감하기보다는 효율성과 맛을 동시에 추구합니다.
1792,김준서,여자,40대,사무 종사자,대학교 졸업(전문대졸/대학원생 포함),서울특별시,2세대가족,기혼,맞벌이 함,600-700만원 미만,3,0.691791045,0.891018414,0.302071974,0.960822723,0.390879479,0.325928497,0.413043478,트렌드 주도형 소비자,"자신의 취향과 경험을 중시하는 소비자 그룹입니다. 단순히 배를 채우는 것 이상의 가치를 추구하며, 새로운 제품을 가장 먼저 경험하고 공유하려는 경향이 강합니다"
1793,이서윤,여자,30대,사무 종사자,대학교 졸업(전문대졸/대학원생 포함),경기도,1세대가족,기혼,맞벌이 함,700-800만원 미만,1,0.698507463,0.352874859,0.610141767,0.681684623,0.714983713,0.193682749,0.143478261,건강 추구형 소비자,가격이나 브랜드에 크게 구애받지 않고 건강을 최우선으로 고려하는 프리미엄 소비자 그룹입니다. 건강과 편리성을 모두 만족시키는 제품에 기꺼이 지갑을 엽니다.
1794,강주원,여자,60대 이상,주부,고졸(대학 재학 포함),인천광역시,1세대가족,기혼,맞벌이 하지 않음,500-600만원 미만,1,0.580597015,0.372416385,0.860414395,0.784524976,0.536807818,0.180492884,0.186956522,건강 추구형 소비자,가격이나 브랜드에 크게 구애받지 않고 건강을 최우선으로 고려하는 프리미엄 소비자 그룹입니다. 건강과 편리성을 모두 만족시키는 제품에 기꺼이 지갑을 엽니다.
1795,조하은,여자,50대,서비스 종사자,고졸(대학 재학 포함),서울특별시,2세대가족,기혼,맞벌이 함,"900-1,000만원 미만",3,0.556716418,0.870349493,0.191657579,0.975514202,0.296091205,0.50815689,0.508695652,트렌드 주도형 소비자,"자신의 취향과 경험을 중시하는 소비자 그룹입니다. 단순히 배를 채우는 것 이상의 가치를 추구하며, 새로운 제품을 가장 먼저 경험하고 공유하려는 경향이 강합니다"
1796,윤지우,여자,30대,사무 종사자,대학교 졸업(전문대졸/대학원생 포함),경기도,1세대가족,기혼,맞벌이 함,500-600만원 미만,1,0.73880597,0.394964299,0.453380589,0.764936337,0.624104235,0.15098924,0.091304348,건강 추구형 소비자,가격이나 브랜드에 크게 구애받지 않고 건강을 최우선으로 고려하는 프리미엄 소비자 그룹입니다. 건강과 편리성을 모두 만족시키는 제품에 기꺼이 지갑을 엽니다.
1797,박수아,여자,60대 이상,주부,대학교 졸업(전문대졸/대학원생 포함),인천광역시,1세대가족,기혼,맞벌이 하지 않음,400-500만원 미만,1,0.425373134,0.334836528,0.684023991,0.764936337,0.268078176,0.152724748,0.156521739,건강 추구형 소비자,가격이나 브랜드에 크게 구애받지 않고 건강을 최우선으로 고려하는 프리미엄 소비자 그룹입니다. 건강과 편리성을 모두 만족시키는 제품에 기꺼이 지갑을 엽니다.
1798,강건우,남자,60대 이상,농림어업 숙련 종사자,중졸 이하,경상남도,1세대가족,기혼,맞벌이 하지 않음,100만원 미만,0,0.411940299,0.461856445,0.169029444,0.701273262,0.402931596,0.398125651,0.27826087,실속형 미식가,편리성을 중시하면서도 새로운 맛과 제품을 시도하는 데 적극적인 소비자 그룹입니다. 가격에 민감하기보다는 효율성과 맛을 동시에 추구합니다.
1799,최서준,여자,30대,서비스 종사자,고졸(대학 재학 포함),서울특별시,1세대가족,기혼,맞벌이 함,800-900만원 미만,3,0.671641791,0.872228486,0.239367503,0.980411361,0.380456026,0.445331482,0.469565217,트렌드 주도형 소비자,"자신의 취향과 경험을 중시하는 소비자 그룹입니다. 단순히 배를 채우는 것 이상의 가치를 추구하며, 새로운 제품을 가장 먼저 경험하고 공유하려는 경향이 강합니다"
1800,윤민서,여자,50대,사무 종사자,대학교 졸업(전문대졸/대학원생 포함),경기도,2세대가족,기혼,맞벌이 함,600-700만원 미만,1,0.570895522,0.413754228,0.684569248,0.764936337,0.659934853,0.286011801,0.108695652,건강 추구형 소비자,가격이나 브랜드에 크게 구애받지 않고 건강을 최우선으로 고려하는 프리미엄 소비자 그룹입니다. 건강과 편리성을 모두 만족시키는 제품에 기꺼이 지갑을 엽니다.
1801,윤주원,여자,50대,서비스 종사자,대학교 졸업(전문대졸/대학원생 포함),경기도,2세대가족,기혼,맞벌이 함,700-800만원 미만,0,0.343283582,0.635475385,0.06434024,0.823702253,0.186644951,0.362721277,0.508695652,실속형 미식가,편리성을 중시하면서도 새로운 맛과 제품을 시도하는 데 적극적인 소비자 그룹입니다. 가격에 민감하기보다는 효율성과 맛을 동시에 추구합니다.
1802,김서준,여자,50대,주부,대학교 졸업(전문대졸/대학원생 포함),경기도,2세대가족,기혼,맞벌이 하지 않음,800-900만원 미만,0,0.164179104,0.703119128,0.247818975,0.823702253,0.142019544,0.47552933,0.517391304,실속형 미식가,편리성을 중시하면서도 새로운 맛과 제품을 시도하는 데 적극적인 소비자 그룹입니다. 가격에 민감하기보다는 효율성과 맛을 동시에 추구합니다.
1803,임하준,여자,60대 이상,주부,고졸(대학 재학 포함),인천광역시,1세대가족,기혼,맞벌이 하지 않음,400-500만원 미만,1,0.507462687,0.377301766,0.691930207,0.764936337,0.589576547,0.177021867,0.218695652,건강 추구형 소비자,가격이나 브랜드에 크게 구애받지 않고 건강을 최우선으로 고려하는 프리미엄 소비자 그룹입니다. 건강과 편리성을 모두 만족시키는 제품에 기꺼이 지갑을 엽니다.
1804,최하준,여자,40대,사무 종사자,대학교 졸업(전문대졸/대학원생 포함),경기도,2세대가족,기혼,맞벌이 함,500-600만원 미만,1,0.693283582,0.372416385,0.756270447,0.745347698,0.607166124,0.265879903,0.126086957,건강 추구형 소비자,가격이나 브랜드에 크게 구애받지 않고 건강을 최우선으로 고려하는 프리미엄 소비자 그룹입니다. 건강과 편리성을 모두 만족시키는 제품에 기꺼이 지갑을 엽니다.
1805,이서윤,여자,30대,사무 종사자,대학교 졸업(전문대졸/대학원생 포함),서울특별시,2세대가족,기혼,맞벌이 함,500-600만원 미만,3,0.488059701,0.6580233,0.525081788,0.902056807,0.374592834,0.466157584,0.486956522,트렌드 주도형 소비자,"자신의 취향과 경험을 중시하는 소비자 그룹입니다. 단순히 배를 채우는 것 이상의 가치를 추구하며, 새로운 제품을 가장 먼저 경험하고 공유하려는 경향이 강합니다"
1806,한도윤,여자,40대,주부,대학교 졸업(전문대졸/대학원생 포함),경기도,2세대가족,기혼,맞벌이 하지 않음,500-600만원 미만,0,0.343283582,0.713641488,0.098964013,0.916748286,0.21009772,0.378340854,0.556521739,실속형 미식가,편리성을 중시하면서도 새로운 맛과 제품을 시도하는 데 적극적인 소비자 그룹입니다. 가격에 민감하기보다는 효율성과 맛을 동시에 추구합니다.
1807,김지원,여자,60대 이상,주부,고졸(대학 재학 포함),경기도,1세대가족,기혼,맞벌이 하지 않음,400-500만원 미만,1,0.558955224,0.364900413,0.762813522,0.745347698,0.584364821,0.481777161,0.143478261,건강 추구형 소비자,가격이나 브랜드에 크게 구애받지 않고 건강을 최우선으로 고려하는 프리미엄 소비자 그룹입니다. 건강과 편리성을 모두 만족시키는 제품에 기꺼이 지갑을 엽니다.
1808,임시우,여자,60대 이상,주부,중졸 이하,경상남도,1인 가구,미혼(사별/이혼 포함),맞벌이 하지 않음,100만원 미만,0,0.462686567,0.537016159,0.333424209,0.7208619,0.362540717,0.488372093,0.395652174,실속형 미식가,편리성을 중시하면서도 새로운 맛과 제품을 시도하는 데 적극적인 소비자 그룹입니다. 가격에 민감하기보다는 효율성과 맛을 동시에 추구합니다.
1809,정채원,여자,40대,주부,대학교 졸업(전문대졸/대학원생 포함),인천광역시,2세대가족,기혼,맞벌이 하지 않음,500-600만원 미만,0,0.291044776,0.744456971,0.113958561,0.843290891,0.171986971,0.378340854,0.460869565,실속형 미식가,편리성을 중시하면서도 새로운 맛과 제품을 시도하는 데 적극적인 소비자 그룹입니다. 가격에 민감하기보다는 효율성과 맛을 동시에 추구합니다.
1810,이예준,여자,50대,사무 종사자,대학교 졸업(전문대졸/대학원생 포함),인천광역시,2세대가족,기혼,맞벌이 함,600-700만원 미만,1,0.485820896,0.353626456,0.752726281,0.784524976,0.391205212,0.156195765,0.130434783,건강 추구형 소비자,가격이나 브랜드에 크게 구애받지 않고 건강을 최우선으로 고려하는 프리미엄 소비자 그룹입니다. 건강과 편리성을 모두 만족시키는 제품에 기꺼이 지갑을 엽니다.
1811,한서윤,여자,60대 이상,주부,고졸(대학 재학 포함),경기도,1세대가족,기혼,맞벌이 하지 않음,400-500만원 미만,1,0.443283582,0.398722285,0.683206107,0.72575906,0.439413681,0.483859771,0.130434783,건강 추구형 소비자,가격이나 브랜드에 크게 구애받지 않고 건강을 최우선으로 고려하는 프리미엄 소비자 그룹입니다. 건강과 편리성을 모두 만족시키는 제품에 기꺼이 지갑을 엽니다.
1812,이민준,여자,40대,사무 종사자,대학교 졸업(전문대졸/대학원생 포함),인천광역시,2세대가족,기혼,맞벌이 함,600-700만원 미만,0,0.360447761,0.699361142,0.313794984,0.902056807,0.194136808,0.405414787,0.639130435,실속형 미식가,편리성을 중시하면서도 새로운 맛과 제품을 시도하는 데 적극적인 소비자 그룹입니다. 가격에 민감하기보다는 효율성과 맛을 동시에 추구합니다.
1813,강지원,여자,50대,주부,대학교 졸업(전문대졸/대학원생 포함),인천광역시,2세대가족,기혼,맞벌이 하지 않음,400-500만원 미만,0,0.343283582,0.711762495,0.128407852,0.804113614,0.172638436,0.270045123,0.457826087,실속형 미식가,편리성을 중시하면서도 새로운 맛과 제품을 시도하는 데 적극적인 소비자 그룹입니다. 가격에 민감하기보다는 효율성과 맛을 동시에 추구합니다.
1814,이건우,여자,60대 이상,판매 종사자,고졸(대학 재학 포함),인천광역시,1세대가족,기혼,맞벌이 함,600-700만원 미만,1,0.480597015,0.376174371,0.737731734,0.784524976,0.447557003,0.187434918,0.113043478,건강 추구형 소비자,가격이나 브랜드에 크게 구애받지 않고 건강을 최우선으로 고려하는 프리미엄 소비자 그룹입니다. 건강과 편리성을 모두 만족시키는 제품에 기꺼이 지갑을 엽니다.
1815,윤지민,여자,50대,주부,대학교 졸업(전문대졸/대학원생 포함),인천광역시,2세대가족,기혼,맞벌이 하지 않음,700-800만원 미만,0,0.365671642,0.496429914,0.276444929,0.804113614,0.234527687,0.303713988,0.539130435,실속형 미식가,편리성을 중시하면서도 새로운 맛과 제품을 시도하는 데 적극적인 소비자 그룹입니다. 가격에 민감하기보다는 효율성과 맛을 동시에 추구합니다.
1816,조지호,여자,30대,판매 종사자,대학교 졸업(전문대졸/대학원생 포함),인천광역시,1세대가족,기혼,맞벌이 함,600-700만원 미만,0,0.447761194,0.729425028,0.218920393,0.823702253,0.202931596,0.351614023,0.504347826,실속형 미식가,편리성을 중시하면서도 새로운 맛과 제품을 시도하는 데 적극적인 소비자 그룹입니다. 가격에 민감하기보다는 효율성과 맛을 동시에 추구합니다.
1817,조건우,남자,60대 이상,판매 종사자,중졸 이하,경상남도,1세대가족,기혼,맞벌이 하지 않음,200-300만원 미만,0,0.370149254,0.611048478,0.324700109,0.799216454,0.311400651,0.323151683,0.447826087,실속형 미식가,편리성을 중시하면서도 새로운 맛과 제품을 시도하는 데 적극적인 소비자 그룹입니다. 가격에 민감하기보다는 효율성과 맛을 동시에 추구합니다.
1818,임주원,여자,30대,사무 종사자,대학교 졸업(전문대졸/대학원생 포함),경기도,1세대가족,기혼,맞벌이 함,600-700만원 미만,1,0.402985075,0.359263435,0.595965104,0.740450539,0.674592834,0.368622006,0.095652174,건강 추구형 소비자,가격이나 브랜드에 크게 구애받지 않고 건강을 최우선으로 고려하는 프리미엄 소비자 그룹입니다. 건강과 편리성을 모두 만족시키는 제품에 기꺼이 지갑을 엽니다.
1819,정민서,여자,40대,사무 종사자,고졸(대학 재학 포함),인천광역시,2세대가족,기혼,맞벌이 함,600-700만원 미만,0,0.304477612,0.632844795,0.038167939,0.804113614,0.126384365,0.431447414,0.534782609,실속형 미식가,편리성을 중시하면서도 새로운 맛과 제품을 시도하는 데 적극적인 소비자 그룹입니다. 가격에 민감하기보다는 효율성과 맛을 동시에 추구합니다.
1820,정채원,여자,60대 이상,서비스 종사자,고졸(대학 재학 포함),인천광역시,1세대가족,기혼,맞벌이 함,500-600만원 미만,0,0.175373134,0.561443067,0.088876772,0.804113614,0.086319218,0.375216939,0.647826087,실속형 미식가,편리성을 중시하면서도 새로운 맛과 제품을 시도하는 데 적극적인 소비자 그룹입니다. 가격에 민감하기보다는 효율성과 맛을 동시에 추구합니다.
1821,김시우,남자,40대,기능원 및 관련 기능 종사자,고졸(대학 재학 포함),강원도,1인 가구,미혼(사별/이혼 포함),맞벌이 하지 않음,300-400만원 미만,3,0.432835821,0.595264938,0.461559433,0.941234084,0.430944625,0.4286706,0.639130435,트렌드 주도형 소비자,"자신의 취향과 경험을 중시하는 소비자 그룹입니다. 단순히 배를 채우는 것 이상의 가치를 추구하며, 새로운 제품을 가장 먼저 경험하고 공유하려는 경향이 강합니다"
1822,윤지민,여자,60대 이상,주부,중졸 이하,경상남도,1세대가족,기혼,맞벌이 하지 않음,200-300만원 미만,3,0.51119403,0.545283728,0.302889858,0.823702253,0.350162866,0.329746616,0.469565217,트렌드 주도형 소비자,"자신의 취향과 경험을 중시하는 소비자 그룹입니다. 단순히 배를 채우는 것 이상의 가치를 추구하며, 새로운 제품을 가장 먼저 경험하고 공유하려는 경향이 강합니다"
1823,최서연,여자,30대,서비스 종사자,대학교 졸업(전문대졸/대학원생 포함),서울특별시,2세대가족,기혼,맞벌이 함,400-500만원 미만,0,0.358955224,0.629086809,0.42393675,0.941234084,0.357003257,0.403679278,0.473913043,실속형 미식가,편리성을 중시하면서도 새로운 맛과 제품을 시도하는 데 적극적인 소비자 그룹입니다. 가격에 민감하기보다는 효율성과 맛을 동시에 추구합니다.
1824,김시우,남자,60대 이상,농림어업 숙련 종사자,중졸 이하,경상남도,1세대가족,기혼,맞벌이 하지 않음,100만원 미만,3,0.499253731,0.539646749,0.411123228,0.877571009,0.329641694,0.318639361,0.475217391,트렌드 주도형 소비자,"자신의 취향과 경험을 중시하는 소비자 그룹입니다. 단순히 배를 채우는 것 이상의 가치를 추구하며, 새로운 제품을 가장 먼저 경험하고 공유하려는 경향이 강합니다"
1825,조지원,여자,50대,판매 종사자,고졸(대학 재학 포함),강원도,2세대가족,기혼,맞벌이 함,500-600만원 미만,3,0.584328358,0.459977452,0.453380589,0.86287953,0.547557003,0.395695939,0.704347826,트렌드 주도형 소비자,"자신의 취향과 경험을 중시하는 소비자 그룹입니다. 단순히 배를 채우는 것 이상의 가치를 추구하며, 새로운 제품을 가장 먼저 경험하고 공유하려는 경향이 강합니다"
1826,조서연,여자,30대,서비스 종사자,대학교 졸업(전문대졸/대학원생 포함),서울특별시,2세대가족,기혼,맞벌이 함,500-600만원 미만,3,0.729850746,0.830890643,0.249182116,1,0.355374593,0.528982992,0.47826087,트렌드 주도형 소비자,"자신의 취향과 경험을 중시하는 소비자 그룹입니다. 단순히 배를 채우는 것 이상의 가치를 추구하며, 새로운 제품을 가장 먼저 경험하고 공유하려는 경향이 강합니다"
1827,한예은,여자,50대,사무 종사자,대학교 졸업(전문대졸/대학원생 포함),서울특별시,2세대가족,기혼,맞벌이 함,"900-1,000만원 미만",3,0.656716418,0.744456971,0.397491821,0.980411361,0.388599349,0.381811871,0.652173913,트렌드 주도형 소비자,"자신의 취향과 경험을 중시하는 소비자 그룹입니다. 단순히 배를 채우는 것 이상의 가치를 추구하며, 새로운 제품을 가장 먼저 경험하고 공유하려는 경향이 강합니다"
1828,윤지호,남자,50대,장치·기계 조작 및 조립 종사자,고졸(대학 재학 포함),경상남도,1세대가족,기혼,맞벌이 함,400-500만원 미만,3,0.65,0.557685081,0.368320611,0.706170421,0.433550489,0.378687956,0.356521739,트렌드 주도형 소비자,"자신의 취향과 경험을 중시하는 소비자 그룹입니다. 단순히 배를 채우는 것 이상의 가치를 추구하며, 새로운 제품을 가장 먼저 경험하고 공유하려는 경향이 강합니다"
1829,조서준,여자,60대 이상,주부,대학교 졸업(전문대졸/대학원생 포함),인천광역시,1세대가족,기혼,맞벌이 하지 않음,400-500만원 미만,1,0.299253731,0.368658399,0.791712105,0.784524976,0.361889251,0.194376952,0.140434783,건강 추구형 소비자,가격이나 브랜드에 크게 구애받지 않고 건강을 최우선으로 고려하는 프리미엄 소비자 그룹입니다. 건강과 편리성을 모두 만족시키는 제품에 기꺼이 지갑을 엽니다.
1830,최지우,여자,40대,서비스 종사자,대학교 졸업(전문대졸/대학원생 포함),충청북도,2세대가족,기혼,맞벌이 함,500-600만원 미만,0,0.289552239,0.564073657,0.331515812,0.823702253,0.245276873,0.489413398,0.518695652,실속형 미식가,편리성을 중시하면서도 새로운 맛과 제품을 시도하는 데 적극적인 소비자 그룹입니다. 가격에 민감하기보다는 효율성과 맛을 동시에 추구합니다.
1831,최서윤,여자,60대 이상,주부,고졸(대학 재학 포함),강원도,1세대가족,기혼,맞벌이 하지 않음,300-400만원 미만,3,0.417910448,0.557685081,0.464285714,0.902056807,0.431921824,0.388753905,0.673913043,트렌드 주도형 소비자,"자신의 취향과 경험을 중시하는 소비자 그룹입니다. 단순히 배를 채우는 것 이상의 가치를 추구하며, 새로운 제품을 가장 먼저 경험하고 공유하려는 경향이 강합니다"
1832,최시우,여자,50대,서비스 종사자,고졸(대학 재학 포함),서울특별시,2세대가족,기혼,맞벌이 함,700-800만원 미만,3,0.770149254,0.695603157,0.4282988,0.980411361,0.410423453,0.499826449,0.691304348,트렌드 주도형 소비자,"자신의 취향과 경험을 중시하는 소비자 그룹입니다. 단순히 배를 채우는 것 이상의 가치를 추구하며, 새로운 제품을 가장 먼저 경험하고 공유하려는 경향이 강합니다"
1833,임서윤,여자,60대 이상,판매 종사자,대학교 졸업(전문대졸/대학원생 포함),인천광역시,2세대가족,기혼,맞벌이 함,700-800만원 미만,1,0.27238806,0.383690342,0.756270447,0.823702253,0.38762215,0.23255814,0.175217391,건강 추구형 소비자,가격이나 브랜드에 크게 구애받지 않고 건강을 최우선으로 고려하는 프리미엄 소비자 그룹입니다. 건강과 편리성을 모두 만족시키는 제품에 기꺼이 지갑을 엽니다.
1834,박지우,여자,40대,사무 종사자,대학교 졸업(전문대졸/대학원생 포함),서울특별시,2세대가족,기혼,맞벌이 함,700-800만원 미만,3,0.829104478,0.721909057,0.220283533,0.960822723,0.436156352,0.375911142,0.652173913,트렌드 주도형 소비자,"자신의 취향과 경험을 중시하는 소비자 그룹입니다. 단순히 배를 채우는 것 이상의 가치를 추구하며, 새로운 제품을 가장 먼저 경험하고 공유하려는 경향이 강합니다"
1835,김하준,여자,50대,판매 종사자,고졸(대학 재학 포함),경상남도,2세대가족,미혼(사별/이혼 포함),맞벌이 하지 않음,200-300만원 미만,0,0.519402985,0.612927471,0.329334787,0.804113614,0.324429967,0.437001041,0.352173913,실속형 미식가,편리성을 중시하면서도 새로운 맛과 제품을 시도하는 데 적극적인 소비자 그룹입니다. 가격에 민감하기보다는 효율성과 맛을 동시에 추구합니다.
1836,최서연,여자,40대,판매 종사자,대학교 졸업(전문대졸/대학원생 포함),강원도,2세대가족,기혼,맞벌이 함,500-600만원 미만,3,0.579104478,0.451334085,0.445201745,0.86287953,0.481758958,0.368969108,0.634782609,트렌드 주도형 소비자,"자신의 취향과 경험을 중시하는 소비자 그룹입니다. 단순히 배를 채우는 것 이상의 가치를 추구하며, 새로운 제품을 가장 먼저 경험하고 공유하려는 경향이 강합니다"
1837,임서윤,여자,30대,주부,고졸(대학 재학 포함),강원도,2세대가족,기혼,맞벌이 하지 않음,300-400만원 미만,3,0.446268657,0.523863209,0.439749182,0.86287953,0.474918567,0.407844498,0.630434783,트렌드 주도형 소비자,"자신의 취향과 경험을 중시하는 소비자 그룹입니다. 단순히 배를 채우는 것 이상의 가치를 추구하며, 새로운 제품을 가장 먼저 경험하고 공유하려는 경향이 강합니다"
1838,윤주원,여자,60대 이상,주부,고졸(대학 재학 포함),강원도,1세대가족,기혼,맞벌이 하지 않음,200-300만원 미만,3,0.564179104,0.527621195,0.437022901,0.843290891,0.451465798,0.374869837,0.665217391,트렌드 주도형 소비자,"자신의 취향과 경험을 중시하는 소비자 그룹입니다. 단순히 배를 채우는 것 이상의 가치를 추구하며, 새로운 제품을 가장 먼저 경험하고 공유하려는 경향이 강합니다"
1839,정서윤,여자,40대,주부,대학교 졸업(전문대졸/대학원생 포함),인천광역시,2세대가족,기혼,맞벌이 하지 않음,500-600만원 미만,1,0.573134328,0.492671928,0.673664122,0.882468168,0.776547231,0.29191253,0.204347826,건강 추구형 소비자,가격이나 브랜드에 크게 구애받지 않고 건강을 최우선으로 고려하는 프리미엄 소비자 그룹입니다. 건강과 편리성을 모두 만족시키는 제품에 기꺼이 지갑을 엽니다.
1840,윤예은,여자,60대 이상,장치·기계 조작 및 조립 종사자,고졸(대학 재학 포함),경상남도,1세대가족,기혼,맞벌이 함,400-500만원 미만,3,0.538059701,0.518977828,0.351145038,0.686581783,0.355374593,0.406456092,0.439130435,트렌드 주도형 소비자,"자신의 취향과 경험을 중시하는 소비자 그룹입니다. 단순히 배를 채우는 것 이상의 가치를 추구하며, 새로운 제품을 가장 먼저 경험하고 공유하려는 경향이 강합니다"
1841,윤수아,여자,30대,주부,대학교 졸업(전문대졸/대학원생 포함),인천광역시,2세대가족,기혼,맞벌이 하지 않음,500-600만원 미만,1,0.742537313,0.576475009,0.627317339,0.86287953,0.750162866,0.35091982,0.082608696,건강 추구형 소비자,가격이나 브랜드에 크게 구애받지 않고 건강을 최우선으로 고려하는 프리미엄 소비자 그룹입니다. 건강과 편리성을 모두 만족시키는 제품에 기꺼이 지갑을 엽니다.
1842,임서윤,여자,40대,주부,고졸(대학 재학 포함),울산광역시,2세대가족,기혼,맞벌이 하지 않음,400-500만원 미만,3,0.47238806,0.470124014,0.377044711,0.902056807,0.310423453,0.419993058,0.78826087,트렌드 주도형 소비자,"자신의 취향과 경험을 중시하는 소비자 그룹입니다. 단순히 배를 채우는 것 이상의 가치를 추구하며, 새로운 제품을 가장 먼저 경험하고 공유하려는 경향이 강합니다"
1843,정민서,여자,60대 이상,서비스 종사자,고졸(대학 재학 포함),부산광역시,1세대가족,기혼,맞벌이 함,300-400만원 미만,3,0.524626866,0.706877114,0.256815703,0.960822723,0.331921824,0.256855259,0.492608696,트렌드 주도형 소비자,"자신의 취향과 경험을 중시하는 소비자 그룹입니다. 단순히 배를 채우는 것 이상의 가치를 추구하며, 새로운 제품을 가장 먼저 경험하고 공유하려는 경향이 강합니다"
1844,이하준,여자,50대,판매 종사자,고졸(대학 재학 포함),부산광역시,1인 가구,기혼,맞벌이 하지 않음,200-300만원 미만,3,0.408208955,0.616685457,0.542802617,0.921645446,0.417915309,0.43873655,0.434782609,트렌드 주도형 소비자,"자신의 취향과 경험을 중시하는 소비자 그룹입니다. 단순히 배를 채우는 것 이상의 가치를 추구하며, 새로운 제품을 가장 먼저 경험하고 공유하려는 경향이 강합니다"
1845,박지민,여자,60대 이상,단순노무 종사자,중졸 이하,부산광역시,1인 가구,미혼(사별/이혼 포함),맞벌이 하지 않음,100-200만원 미만,3,0.491044776,0.436302142,0.417393675,0.823702253,0.318566775,0.529677195,0.570869565,트렌드 주도형 소비자,"자신의 취향과 경험을 중시하는 소비자 그룹입니다. 단순히 배를 채우는 것 이상의 가치를 추구하며, 새로운 제품을 가장 먼저 경험하고 공유하려는 경향이 강합니다"
1846,최수아,여자,60대 이상,판매 종사자,고졸(대학 재학 포함),부산광역시,1인 가구,미혼(사별/이혼 포함),맞벌이 하지 않음,200-300만원 미만,0,0.255970149,0.560315671,0.508178844,0.823702253,0.245276873,0.38979521,0.443478261,실속형 미식가,편리성을 중시하면서도 새로운 맛과 제품을 시도하는 데 적극적인 소비자 그룹입니다. 가격에 민감하기보다는 효율성과 맛을 동시에 추구합니다.
1847,최예준,여자,30대,사무 종사자,대학교 졸업(전문대졸/대학원생 포함),서울특별시,1인 가구,미혼(사별/이혼 포함),맞벌이 하지 않음,300-400만원 미만,0,0.347761194,0.443818113,0.360141767,0.823702253,0.311726384,0.229087123,0.839130435,실속형 미식가,편리성을 중시하면서도 새로운 맛과 제품을 시도하는 데 적극적인 소비자 그룹입니다. 가격에 민감하기보다는 효율성과 맛을 동시에 추구합니다.
1848,정준서,여자,60대 이상,서비스 종사자,고졸(대학 재학 포함),서울특별시,1세대가족,기혼,맞벌이 함,500-600만원 미만,0,0.198507463,0.515219842,0.367502726,0.902056807,0.28762215,0.236029157,0.830434783,실속형 미식가,편리성을 중시하면서도 새로운 맛과 제품을 시도하는 데 적극적인 소비자 그룹입니다. 가격에 민감하기보다는 효율성과 맛을 동시에 추구합니다.
1849,정서연,여자,50대,사무 종사자,대학교 졸업(전문대졸/대학원생 포함),인천광역시,1인 가구,미혼(사별/이혼 포함),맞벌이 하지 않음,300-400만원 미만,0,0.232089552,0.466366028,0.452017448,0.843290891,0.152117264,0.228392919,0.844782609,실속형 미식가,편리성을 중시하면서도 새로운 맛과 제품을 시도하는 데 적극적인 소비자 그룹입니다. 가격에 민감하기보다는 효율성과 맛을 동시에 추구합니다.
1850,강서윤,남자,40대,장치·기계 조작 및 조립 종사자,대학교 졸업(전문대졸/대학원생 포함),경상남도,2세대가족,기혼,맞벌이 함,500-600만원 미만,3,0.732835821,0.685456595,0.32606325,0.823702253,0.489250814,0.376258244,0.386956522,트렌드 주도형 소비자,"자신의 취향과 경험을 중시하는 소비자 그룹입니다. 단순히 배를 채우는 것 이상의 가치를 추구하며, 새로운 제품을 가장 먼저 경험하고 공유하려는 경향이 강합니다"
1851,정예준,여자,50대,사무 종사자,대학교 졸업(전문대졸/대학원생 포함),충청남도,1세대가족,기혼,맞벌이 함,600-700만원 미만,0,0.119402985,0.993235626,0.349781897,0.855044074,0.03257329,0.594585213,0.165217391,실속형 미식가,편리성을 중시하면서도 새로운 맛과 제품을 시도하는 데 적극적인 소비자 그룹입니다. 가격에 민감하기보다는 효율성과 맛을 동시에 추구합니다.
1852,조서윤,여자,40대,주부,고졸(대학 재학 포함),충청남도,2세대가족,기혼,맞벌이 하지 않음,400-500만원 미만,0,0.173880597,0.795189778,0.082606325,0.955925563,0.084039088,0.543214162,0.395652174,실속형 미식가,편리성을 중시하면서도 새로운 맛과 제품을 시도하는 데 적극적인 소비자 그룹입니다. 가격에 민감하기보다는 효율성과 맛을 동시에 추구합니다.
1853,강채원,여자,60대 이상,서비스 종사자,고졸(대학 재학 포함),울산광역시,1세대가족,기혼,맞벌이 함,400-500만원 미만,3,0.63880597,0.640360767,0.187568157,0.86287953,0.417589577,0.212773343,0.557826087,트렌드 주도형 소비자,"자신의 취향과 경험을 중시하는 소비자 그룹입니다. 단순히 배를 채우는 것 이상의 가치를 추구하며, 새로운 제품을 가장 먼저 경험하고 공유하려는 경향이 강합니다"
1854,박지원,남자,30대,사무 종사자,대학교 졸업(전문대졸/대학원생 포함),경상남도,2세대가족,기혼,맞벌이 하지 않음,300-400만원 미만,3,0.705970149,0.572717024,0.084514722,0.686581783,0.405863192,0.281152378,0.395652174,트렌드 주도형 소비자,"자신의 취향과 경험을 중시하는 소비자 그룹입니다. 단순히 배를 채우는 것 이상의 가치를 추구하며, 새로운 제품을 가장 먼저 경험하고 공유하려는 경향이 강합니다"
1855,강민준,여자,50대,서비스 종사자,고졸(대학 재학 포함),경상남도,1세대가족,기혼,맞벌이 함,700-800만원 미만,3,0.712686567,0.564073657,0.367502726,0.745347698,0.438110749,0.351961125,0.408695652,트렌드 주도형 소비자,"자신의 취향과 경험을 중시하는 소비자 그룹입니다. 단순히 배를 채우는 것 이상의 가치를 추구하며, 새로운 제품을 가장 먼저 경험하고 공유하려는 경향이 강합니다"
1856,김지원,남자,60대 이상,판매 종사자,대학교 졸업(전문대졸/대학원생 포함),충청남도,1세대가족,기혼,맞벌이 하지 않음,300-400만원 미만,0,0.029850746,0.797068771,0.278898582,0.960822723,0.048859935,0.62235335,0.453478261,실속형 미식가,편리성을 중시하면서도 새로운 맛과 제품을 시도하는 데 적극적인 소비자 그룹입니다. 가격에 민감하기보다는 효율성과 맛을 동시에 추구합니다.
1857,정지호,여자,60대 이상,주부,대학교 졸업(전문대졸/대학원생 포함),경상남도,1세대가족,기혼,맞벌이 하지 않음,400-500만원 미만,3,0.629850746,0.680571214,0.484460196,0.843290891,0.518566775,0.240541479,0.391304348,트렌드 주도형 소비자,"자신의 취향과 경험을 중시하는 소비자 그룹입니다. 단순히 배를 채우는 것 이상의 가치를 추구하며, 새로운 제품을 가장 먼저 경험하고 공유하려는 경향이 강합니다"
1858,윤민준,남자,30대,전문가 및 관련 종사자,대학교 졸업(전문대졸/대학원생 포함),경상남도,1세대가족,기혼,맞벌이 함,500-600만원 미만,3,0.773134328,0.567831642,0.294711014,0.686581783,0.537785016,0.248177716,0.465217391,트렌드 주도형 소비자,"자신의 취향과 경험을 중시하는 소비자 그룹입니다. 단순히 배를 채우는 것 이상의 가치를 추구하며, 새로운 제품을 가장 먼저 경험하고 공유하려는 경향이 강합니다"
1859,조수아,여자,60대 이상,주부,고졸(대학 재학 포함),경상남도,2세대가족,기혼,맞벌이 하지 않음,800-900만원 미만,3,0.591791045,0.507703871,0.297982552,0.706170421,0.356026059,0.344671989,0.443478261,트렌드 주도형 소비자,"자신의 취향과 경험을 중시하는 소비자 그룹입니다. 단순히 배를 채우는 것 이상의 가치를 추구하며, 새로운 제품을 가장 먼저 경험하고 공유하려는 경향이 강합니다"
1860,최민서,여자,60대 이상,주부,고졸(대학 재학 포함),강원도,1세대가족,기혼,맞벌이 하지 않음,200-300만원 미만,3,0.599253731,0.531379181,0.431570338,0.921645446,0.448208469,0.393266227,0.682608696,트렌드 주도형 소비자,"자신의 취향과 경험을 중시하는 소비자 그룹입니다. 단순히 배를 채우는 것 이상의 가치를 추구하며, 새로운 제품을 가장 먼저 경험하고 공유하려는 경향이 강합니다"
1861,한민준,여자,30대,사무 종사자,대학교 졸업(전문대졸/대학원생 포함),강원도,1인 가구,미혼(사별/이혼 포함),맞벌이 하지 않음,200-300만원 미만,3,0.518656716,0.546411124,0.45610687,0.902056807,0.5,0.333217633,0.634782609,트렌드 주도형 소비자,"자신의 취향과 경험을 중시하는 소비자 그룹입니다. 단순히 배를 채우는 것 이상의 가치를 추구하며, 새로운 제품을 가장 먼저 경험하고 공유하려는 경향이 강합니다"
1862,조지우,여자,60대 이상,단순노무 종사자,고졸(대학 재학 포함),강원도,1세대가족,기혼,맞벌이 하지 않음,300-400만원 미만,3,0.497014925,0.482525366,0.404307525,0.86287953,0.425407166,0.421728566,0.669565217,트렌드 주도형 소비자,"자신의 취향과 경험을 중시하는 소비자 그룹입니다. 단순히 배를 채우는 것 이상의 가치를 추구하며, 새로운 제품을 가장 먼저 경험하고 공유하려는 경향이 강합니다"
1863,한시우,여자,30대,주부,대학교 졸업(전문대졸/대학원생 포함),강원도,2세대가족,기혼,맞벌이 하지 않음,400-500만원 미만,3,0.515671642,0.515219842,0.447928026,0.902056807,0.525732899,0.364456786,0.665217391,트렌드 주도형 소비자,"자신의 취향과 경험을 중시하는 소비자 그룹입니다. 단순히 배를 채우는 것 이상의 가치를 추구하며, 새로운 제품을 가장 먼저 경험하고 공유하려는 경향이 강합니다"
1864,한지호,여자,30대,사무 종사자,대학교 졸업(전문대졸/대학원생 포함),강원도,1세대가족,기혼,맞벌이 함,400-500만원 미만,3,0.623880597,0.549041714,0.420665213,0.921645446,0.551140065,0.380076362,0.643478261,트렌드 주도형 소비자,"자신의 취향과 경험을 중시하는 소비자 그룹입니다. 단순히 배를 채우는 것 이상의 가치를 추구하며, 새로운 제품을 가장 먼저 경험하고 공유하려는 경향이 강합니다"
1865,임예은,여자,40대,서비스 종사자,대학교 졸업(전문대졸/대학원생 포함),강원도,1인 가구,미혼(사별/이혼 포함),맞벌이 하지 않음,300-400만원 미만,3,0.584328358,0.531379181,0.41521265,0.902056807,0.519869707,0.343630684,0.591304348,트렌드 주도형 소비자,"자신의 취향과 경험을 중시하는 소비자 그룹입니다. 단순히 배를 채우는 것 이상의 가치를 추구하며, 새로운 제품을 가장 먼저 경험하고 공유하려는 경향이 강합니다"
1866,최지민,여자,40대,사무 종사자,대학교 졸업(전문대졸/대학원생 포함),부산광역시,2세대가족,기혼,맞벌이 함,500-600만원 미만,3,0.657462687,0.432544156,0.310250818,0.86287953,0.400651466,0.463380771,0.869565217,트렌드 주도형 소비자,"자신의 취향과 경험을 중시하는 소비자 그룹입니다. 단순히 배를 채우는 것 이상의 가치를 추구하며, 새로운 제품을 가장 먼저 경험하고 공유하려는 경향이 강합니다"
1867,최하준,여자,60대 이상,서비스 종사자,고졸(대학 재학 포함),경상남도,1세대가족,기혼,맞벌이 함,400-500만원 미만,1,0.104477612,0.515219842,0.644492912,0.72575906,0.429967427,0.225616106,0.12173913,건강 추구형 소비자,가격이나 브랜드에 크게 구애받지 않고 건강을 최우선으로 고려하는 프리미엄 소비자 그룹입니다. 건강과 편리성을 모두 만족시키는 제품에 기꺼이 지갑을 엽니다.
1868,김지호,여자,30대,기능원 및 관련 기능 종사자,고졸(대학 재학 포함),강원도,2세대가족,기혼,맞벌이 함,400-500만원 미만,3,0.481343284,0.475009395,0.442475463,0.843290891,0.495439739,0.392224922,0.686956522,트렌드 주도형 소비자,"자신의 취향과 경험을 중시하는 소비자 그룹입니다. 단순히 배를 채우는 것 이상의 가치를 추구하며, 새로운 제품을 가장 먼저 경험하고 공유하려는 경향이 강합니다"
1869,한서연,남자,60대 이상,단순노무 종사자,고졸(대학 재학 포함),서울특별시,1세대가족,기혼,맞벌이 함,300-400만원 미만,1,0.473880597,0.432544156,0.480370774,0.86287953,0.457654723,0.382853176,0.295652174,건강 추구형 소비자,가격이나 브랜드에 크게 구애받지 않고 건강을 최우선으로 고려하는 프리미엄 소비자 그룹입니다. 건강과 편리성을 모두 만족시키는 제품에 기꺼이 지갑을 엽니다.
1870,최지호,여자,60대 이상,서비스 종사자,고졸(대학 재학 포함),부산광역시,2세대가족,기혼,맞벌이 함,500-600만원 미만,3,0.606716418,0.642991357,0.518266085,0.843290891,0.615309446,0.357861854,0.38826087,트렌드 주도형 소비자,"자신의 취향과 경험을 중시하는 소비자 그룹입니다. 단순히 배를 채우는 것 이상의 가치를 추구하며, 새로운 제품을 가장 먼저 경험하고 공유하려는 경향이 강합니다"
1871,조하준,여자,60대 이상,주부,고졸(대학 재학 포함),서울특별시,1세대가족,기혼,맞벌이 하지 않음,300-400만원 미만,3,0.594029851,0.492671928,0.46782988,0.86287953,0.573941368,0.354043735,0.7,트렌드 주도형 소비자,"자신의 취향과 경험을 중시하는 소비자 그룹입니다. 단순히 배를 채우는 것 이상의 가치를 추구하며, 새로운 제품을 가장 먼저 경험하고 공유하려는 경향이 강합니다"
1872,이서윤,여자,60대 이상,서비스 종사자,고졸(대학 재학 포함),서울특별시,1인 가구,미혼(사별/이혼 포함),맞벌이 하지 않음,200-300만원 미만,1,0.537313433,0.422397595,0.665485278,0.86287953,0.501628664,0.365845193,0.230434783,건강 추구형 소비자,가격이나 브랜드에 크게 구애받지 않고 건강을 최우선으로 고려하는 프리미엄 소비자 그룹입니다. 건강과 편리성을 모두 만족시키는 제품에 기꺼이 지갑을 엽니다.
1873,최예은,여자,40대,사무 종사자,대학교 졸업(전문대졸/대학원생 포함),서울특별시,2세대가족,기혼,맞벌이 함,500-600만원 미만,3,0.654477612,0.546411124,0.420665213,0.921645446,0.57980456,0.385282888,0.630434783,트렌드 주도형 소비자,"자신의 취향과 경험을 중시하는 소비자 그룹입니다. 단순히 배를 채우는 것 이상의 가치를 추구하며, 새로운 제품을 가장 먼저 경험하고 공유하려는 경향이 강합니다"
1874,윤서윤,남자,50대,단순노무 종사자,고졸(대학 재학 포함),서울특별시,1인 가구,미혼(사별/이혼 포함),맞벌이 하지 않음,100-200만원 미만,1,0.329104478,0.383690342,0.67693566,0.823702253,0.431921824,0.418951753,0.269565217,건강 추구형 소비자,가격이나 브랜드에 크게 구애받지 않고 건강을 최우선으로 고려하는 프리미엄 소비자 그룹입니다. 건강과 편리성을 모두 만족시키는 제품에 기꺼이 지갑을 엽니다.
1875,이예은,여자,50대,판매 종사자,고졸(대학 재학 포함),인천광역시,2세대가족,기혼,맞벌이 함,600-700만원 미만,1,0.447761194,0.620443442,0.458287895,0.843290891,0.504234528,0.280805276,0.1,건강 추구형 소비자,가격이나 브랜드에 크게 구애받지 않고 건강을 최우선으로 고려하는 프리미엄 소비자 그룹입니다. 건강과 편리성을 모두 만족시키는 제품에 기꺼이 지갑을 엽니다.
1876,강예은,여자,50대,사무 종사자,대학교 졸업(전문대졸/대학원생 포함),서울특별시,1인 가구,미혼(사별/이혼 포함),맞벌이 하지 않음,300-400만원 미만,3,0.503731343,0.591506952,0.401581243,0.882468168,0.498697068,0.331482124,0.6,트렌드 주도형 소비자,"자신의 취향과 경험을 중시하는 소비자 그룹입니다. 단순히 배를 채우는 것 이상의 가치를 추구하며, 새로운 제품을 가장 먼저 경험하고 공유하려는 경향이 강합니다"
1877,이서연,남자,30대,서비스 종사자,고졸(대학 재학 포함),서울특별시,1세대가족,기혼,맞벌이 함,500-600만원 미만,1,0.57761194,0.391206313,0.50436205,0.843290891,0.722149837,0.32245748,0.126086957,건강 추구형 소비자,가격이나 브랜드에 크게 구애받지 않고 건강을 최우선으로 고려하는 프리미엄 소비자 그룹입니다. 건강과 편리성을 모두 만족시키는 제품에 기꺼이 지갑을 엽니다.
1878,최예준,여자,40대,사무 종사자,대학교 졸업(전문대졸/대학원생 포함),부산광역시,1세대가족,기혼,맞벌이 함,600-700만원 미만,3,0.723880597,0.556557685,0.343784079,0.921645446,0.631921824,0.368274905,0.360869565,트렌드 주도형 소비자,"자신의 취향과 경험을 중시하는 소비자 그룹입니다. 단순히 배를 채우는 것 이상의 가치를 추구하며, 새로운 제품을 가장 먼저 경험하고 공유하려는 경향이 강합니다"
1879,김시우,여자,60대 이상,주부,중졸 이하,전라북도,1인 가구,미혼(사별/이혼 포함),맞벌이 하지 않음,100-200만원 미만,0,0.341791045,0.487786546,0.073609597,0.722820764,0.253420195,0.50607428,0.391304348,실속형 미식가,편리성을 중시하면서도 새로운 맛과 제품을 시도하는 데 적극적인 소비자 그룹입니다. 가격에 민감하기보다는 효율성과 맛을 동시에 추구합니다.
1880,김지우,여자,30대,주부,고졸(대학 재학 포함),서울특별시,2세대가족,기혼,맞벌이 하지 않음,400-500만원 미만,3,0.461940299,0.500187899,0.478735005,0.882468168,0.522801303,0.387018396,0.639130435,트렌드 주도형 소비자,"자신의 취향과 경험을 중시하는 소비자 그룹입니다. 단순히 배를 채우는 것 이상의 가치를 추구하며, 새로운 제품을 가장 먼저 경험하고 공유하려는 경향이 강합니다"
1881,한민서,여자,40대,판매 종사자,대학교 졸업(전문대졸/대학원생 포함),전라남도,1세대가족,기혼,맞벌이 함,300-400만원 미만,0,0.280597015,0.582111988,0.232551799,0.799216454,0.194136808,0.301631378,0.473913043,실속형 미식가,편리성을 중시하면서도 새로운 맛과 제품을 시도하는 데 적극적인 소비자 그룹입니다. 가격에 민감하기보다는 효율성과 맛을 동시에 추구합니다.
1882,정지우,여자,60대 이상,주부,중졸 이하,전라북도,1인 가구,미혼(사별/이혼 포함),맞벌이 하지 않음,100만원 미만,0,0.496268657,0.534009771,0.263904035,0.86287953,0.33485342,0.625477265,0.52173913,실속형 미식가,편리성을 중시하면서도 새로운 맛과 제품을 시도하는 데 적극적인 소비자 그룹입니다. 가격에 민감하기보다는 효율성과 맛을 동시에 추구합니다.
1883,최채원,여자,60대 이상,주부,고졸(대학 재학 포함),서울특별시,1세대가족,기혼,맞벌이 하지 않음,300-400만원 미만,1,0.735820896,0.33671552,0.572246456,0.760039177,0.835830619,0.221450885,0.3,건강 추구형 소비자,가격이나 브랜드에 크게 구애받지 않고 건강을 최우선으로 고려하는 프리미엄 소비자 그룹입니다. 건강과 편리성을 모두 만족시키는 제품에 기꺼이 지갑을 엽니다.
1884,조지원,여자,50대,서비스 종사자,대학교 졸업(전문대졸/대학원생 포함),서울특별시,2세대가족,기혼,맞벌이 함,700-800만원 미만,3,0.847761194,0.389327321,0.420119956,0.818805093,0.752117264,0.244706699,0.439130435,트렌드 주도형 소비자,"자신의 취향과 경험을 중시하는 소비자 그룹입니다. 단순히 배를 채우는 것 이상의 가치를 추구하며, 새로운 제품을 가장 먼저 경험하고 공유하려는 경향이 강합니다"
1885,조시우,여자,40대,판매 종사자,고졸(대학 재학 포함),서울특별시,2세대가족,기혼,맞벌이 함,500-600만원 미만,3,0.491791045,0.516347238,0.47655398,0.843290891,0.50228013,0.326275599,0.601304348,트렌드 주도형 소비자,"자신의 취향과 경험을 중시하는 소비자 그룹입니다. 단순히 배를 채우는 것 이상의 가치를 추구하며, 새로운 제품을 가장 먼저 경험하고 공유하려는 경향이 강합니다"
1886,강지우,여자,60대 이상,농림어업 숙련 종사자,중졸 이하,전라북도,1인 가구,미혼(사별/이혼 포함),맞벌이 하지 않음,200-300만원 미만,3,0.556716418,0.465238632,0.332878953,0.703232125,0.428664495,0.534536619,0.369565217,트렌드 주도형 소비자,"자신의 취향과 경험을 중시하는 소비자 그룹입니다. 단순히 배를 채우는 것 이상의 가치를 추구하며, 새로운 제품을 가장 먼저 경험하고 공유하려는 경향이 강합니다"
1887,한지호,여자,30대,사무 종사자,대학교 졸업(전문대졸/대학원생 포함),서울특별시,1인 가구,미혼(사별/이혼 포함),맞벌이 하지 않음,200-300만원 미만,3,0.523880597,0.500187899,0.429661941,0.86287953,0.531596091,0.300242971,0.695652174,트렌드 주도형 소비자,"자신의 취향과 경험을 중시하는 소비자 그룹입니다. 단순히 배를 채우는 것 이상의 가치를 추구하며, 새로운 제품을 가장 먼저 경험하고 공유하려는 경향이 강합니다"
1888,임지원,여자,50대,주부,고졸(대학 재학 포함),경기도,2세대가족,기혼,맞벌이 하지 않음,500-600만원 미만,1,0.57761194,0.406238256,0.709378408,0.843290891,0.467100977,0.417910448,0.365217391,건강 추구형 소비자,가격이나 브랜드에 크게 구애받지 않고 건강을 최우선으로 고려하는 프리미엄 소비자 그룹입니다. 건강과 편리성을 모두 만족시키는 제품에 기꺼이 지갑을 엽니다.
1889,한건우,여자,60대 이상,주부,중졸 이하,전라북도,1인 가구,미혼(사별/이혼 포함),맞벌이 하지 않음,100만원 미만,0,0.470895522,0.645621947,0.225736096,0.801175318,0.278175896,0.611940299,0.386956522,실속형 미식가,편리성을 중시하면서도 새로운 맛과 제품을 시도하는 데 적극적인 소비자 그룹입니다. 가격에 민감하기보다는 효율성과 맛을 동시에 추구합니다.
1890,조지민,여자,60대 이상,주부,대학교 졸업(전문대졸/대학원생 포함),서울특별시,1세대가족,기혼,맞벌이 하지 않음,300-400만원 미만,3,0.785820896,0.406238256,0.218375136,0.882468168,0.43257329,0.264144394,0.895652174,트렌드 주도형 소비자,"자신의 취향과 경험을 중시하는 소비자 그룹입니다. 단순히 배를 채우는 것 이상의 가치를 추구하며, 새로운 제품을 가장 먼저 경험하고 공유하려는 경향이 강합니다"
1891,박건우,여자,50대,서비스 종사자,대학교 졸업(전문대졸/대학원생 포함),서울특별시,2세대가족,기혼,맞벌이 함,500-600만원 미만,3,0.82761194,0.381811349,0.291439477,0.799216454,0.488273616,0.274210344,0.852173913,트렌드 주도형 소비자,"자신의 취향과 경험을 중시하는 소비자 그룹입니다. 단순히 배를 채우는 것 이상의 가치를 추구하며, 새로운 제품을 가장 먼저 경험하고 공유하려는 경향이 강합니다"
1892,이지원,여자,30대,판매 종사자,대학교 졸업(전문대졸/대학원생 포함),경기도,2세대가족,기혼,맞벌이 함,500-600만원 미만,1,0.66119403,0.398722285,0.644220284,0.843290891,0.802605863,0.430059007,0.157826087,건강 추구형 소비자,가격이나 브랜드에 크게 구애받지 않고 건강을 최우선으로 고려하는 프리미엄 소비자 그룹입니다. 건강과 편리성을 모두 만족시키는 제품에 기꺼이 지갑을 엽니다.
1893,강지원,여자,50대,판매 종사자,고졸(대학 재학 포함),부산광역시,2세대가족,기혼,맞벌이 함,400-500만원 미만,3,0.664925373,0.443818113,0.248909487,0.843290891,0.349185668,0.395001736,0.873913043,트렌드 주도형 소비자,"자신의 취향과 경험을 중시하는 소비자 그룹입니다. 단순히 배를 채우는 것 이상의 가치를 추구하며, 새로운 제품을 가장 먼저 경험하고 공유하려는 경향이 강합니다"
1894,최민서,여자,60대 이상,주부,중졸 이하,전라북도,1인 가구,미혼(사별/이혼 포함),맞벌이 하지 않음,100만원 미만,0,0.289552239,0.541525742,0.124863686,0.882468168,0.201302932,0.569246789,0.452173913,실속형 미식가,편리성을 중시하면서도 새로운 맛과 제품을 시도하는 데 적극적인 소비자 그룹입니다. 가격에 민감하기보다는 효율성과 맛을 동시에 추구합니다.
1895,임준서,여자,40대,서비스 종사자,고졸(대학 재학 포함),전라남도,2세대가족,미혼(사별/이혼 포함),맞벌이 하지 않음,100-200만원 미만,0,0.360447761,0.540774145,0.368865867,0.799216454,0.317915309,0.333217633,0.373913043,실속형 미식가,편리성을 중시하면서도 새로운 맛과 제품을 시도하는 데 적극적인 소비자 그룹입니다. 가격에 민감하기보다는 효율성과 맛을 동시에 추구합니다.
1896,이도윤,여자,60대 이상,주부,고졸(대학 재학 포함),서울특별시,1세대가족,기혼,맞벌이 하지 않음,300-400만원 미만,3,0.545522388,0.531379181,0.484187568,0.882468168,0.553420195,0.315862548,0.608695652,트렌드 주도형 소비자,"자신의 취향과 경험을 중시하는 소비자 그룹입니다. 단순히 배를 채우는 것 이상의 가치를 추구하며, 새로운 제품을 가장 먼저 경험하고 공유하려는 경향이 강합니다"
1897,김건우,여자,60대 이상,서비스 종사자,고졸(대학 재학 포함),경기도,1세대가족,기혼,맞벌이 함,300-400만원 미만,3,0.718656716,0.351747463,0.52917121,0.760039177,0.490553746,0.415133634,0.456521739,트렌드 주도형 소비자,"자신의 취향과 경험을 중시하는 소비자 그룹입니다. 단순히 배를 채우는 것 이상의 가치를 추구하며, 새로운 제품을 가장 먼저 경험하고 공유하려는 경향이 강합니다"
1898,임준서,여자,60대 이상,농림어업 숙련 종사자,중졸 이하,전라북도,1세대가족,기혼,맞벌이 함,300-400만원 미만,0,0.371641791,0.447576099,0.111777535,0.745347698,0.30228013,0.551544603,0.452173913,실속형 미식가,편리성을 중시하면서도 새로운 맛과 제품을 시도하는 데 적극적인 소비자 그룹입니다. 가격에 민감하기보다는 효율성과 맛을 동시에 추구합니다.
1899,김도윤,여자,60대 이상,주부,중졸 이하,전라남도,1인 가구,미혼(사별/이혼 포함),맞벌이 하지 않음,100-200만원 미만,0,0.200746269,0.585869974,0.139040349,0.779627816,0.221172638,0.378340854,0.326086957,실속형 미식가,편리성을 중시하면서도 새로운 맛과 제품을 시도하는 데 적극적인 소비자 그룹입니다. 가격에 민감하기보다는 효율성과 맛을 동시에 추구합니다.
1900,한지원,여자,30대,사무 종사자,대학교 졸업(전문대졸/대학원생 포함),서울특별시,1세대가족,기혼,맞벌이 함,500-600만원 미만,3,0.602238806,0.523863209,0.426117775,0.882468168,0.555700326,0.338424158,0.62173913,트렌드 주도형 소비자,"자신의 취향과 경험을 중시하는 소비자 그룹입니다. 단순히 배를 채우는 것 이상의 가치를 추구하며, 새로운 제품을 가장 먼저 경험하고 공유하려는 경향이 강합니다"
1901,이하준,여자,60대 이상,농림어업 숙련 종사자,중졸 이하,전라북도,1세대가족,기혼,맞벌이 함,400-500만원 미만,3,0.591791045,0.686208192,0.321155943,0.799216454,0.391856678,0.486983686,0.275217391,트렌드 주도형 소비자,"자신의 취향과 경험을 중시하는 소비자 그룹입니다. 단순히 배를 채우는 것 이상의 가치를 추구하며, 새로운 제품을 가장 먼저 경험하고 공유하려는 경향이 강합니다"
1902,김수아,여자,60대 이상,단순노무 종사자,고졸(대학 재학 포함),경기도,1세대가족,기혼,맞벌이 함,400-500만원 미만,3,0.48358209,0.508831266,0.447928026,0.882468168,0.426058632,0.393266227,0.643478261,트렌드 주도형 소비자,"자신의 취향과 경험을 중시하는 소비자 그룹입니다. 단순히 배를 채우는 것 이상의 가치를 추구하며, 새로운 제품을 가장 먼저 경험하고 공유하려는 경향이 강합니다"
1903,강채원,여자,60대 이상,단순노무 종사자,중졸 이하,전라남도,1인 가구,미혼(사별/이혼 포함),맞벌이 하지 않음,100-200만원 미만,0,0.094029851,0.518226231,0.316248637,0.760039177,0.223452769,0.435959736,0.443478261,실속형 미식가,편리성을 중시하면서도 새로운 맛과 제품을 시도하는 데 적극적인 소비자 그룹입니다. 가격에 민감하기보다는 효율성과 맛을 동시에 추구합니다.
1904,조채원,여자,60대 이상,주부,고졸(대학 재학 포함),서울특별시,1세대가족,기혼,맞벌이 하지 않음,300-400만원 미만,3,0.76119403,0.342352499,0.137949836,0.823702253,0.342019544,0.324887192,0.865217391,트렌드 주도형 소비자,"자신의 취향과 경험을 중시하는 소비자 그룹입니다. 단순히 배를 채우는 것 이상의 가치를 추구하며, 새로운 제품을 가장 먼저 경험하고 공유하려는 경향이 강합니다"
1905,이예준,남자,50대,서비스 종사자,고졸(대학 재학 포함),서울특별시,1세대가족,기혼,맞벌이 함,500-600만원 미만,3,0.726119403,0.364900413,0.120774264,0.843290891,0.438762215,0.227351614,0.865217391,트렌드 주도형 소비자,"자신의 취향과 경험을 중시하는 소비자 그룹입니다. 단순히 배를 채우는 것 이상의 가치를 추구하며, 새로운 제품을 가장 먼저 경험하고 공유하려는 경향이 강합니다"
1906,정민준,남자,30대,사무 종사자,대학교 졸업(전문대졸/대학원생 포함),경기도,1인 가구,미혼(사별/이혼 포함),맞벌이 하지 않음,200-300만원 미만,1,0.671641791,0.388575723,0.557797165,0.823702253,0.648208469,0.297119056,0.073913043,건강 추구형 소비자,가격이나 브랜드에 크게 구애받지 않고 건강을 최우선으로 고려하는 프리미엄 소비자 그룹입니다. 건강과 편리성을 모두 만족시키는 제품에 기꺼이 지갑을 엽니다.
1907,임채원,여자,50대,서비스 종사자,대학교 졸업(전문대졸/대학원생 포함),부산광역시,2세대가족,기혼,맞벌이 하지 않음,300-400만원 미만,3,0.623880597,0.518977828,0.386586696,0.843290891,0.556026059,0.412356821,0.57826087,트렌드 주도형 소비자,"자신의 취향과 경험을 중시하는 소비자 그룹입니다. 단순히 배를 채우는 것 이상의 가치를 추구하며, 새로운 제품을 가장 먼저 경험하고 공유하려는 경향이 강합니다"
1908,최하준,여자,60대 이상,판매 종사자,고졸(대학 재학 포함),전라남도,1세대가족,기혼,맞벌이 함,300-400만원 미만,0,0.320149254,0.608417888,0.348418757,0.85798237,0.331921824,0.399861159,0.313043478,실속형 미식가,편리성을 중시하면서도 새로운 맛과 제품을 시도하는 데 적극적인 소비자 그룹입니다. 가격에 민감하기보다는 효율성과 맛을 동시에 추구합니다.
1909,김민준,여자,60대 이상,서비스 종사자,고졸(대학 재학 포함),경기도,1세대가족,기혼,맞벌이 함,500-600만원 미만,3,0.497014925,0.564073657,0.432388222,0.902056807,0.479478827,0.409580007,0.573913043,트렌드 주도형 소비자,"자신의 취향과 경험을 중시하는 소비자 그룹입니다. 단순히 배를 채우는 것 이상의 가치를 추구하며, 새로운 제품을 가장 먼저 경험하고 공유하려는 경향이 강합니다"
1910,강예은,여자,60대 이상,서비스 종사자,고졸(대학 재학 포함),서울특별시,1세대가족,기혼,맞벌이 함,400-500만원 미만,3,0.812686567,0.417512213,0.351417666,0.843290891,0.546905537,0.307185005,0.943478261,트렌드 주도형 소비자,"자신의 취향과 경험을 중시하는 소비자 그룹입니다. 단순히 배를 채우는 것 이상의 가치를 추구하며, 새로운 제품을 가장 먼저 경험하고 공유하려는 경향이 강합니다"
1911,한서준,여자,60대 이상,서비스 종사자,고졸(대학 재학 포함),서울특별시,1세대가족,기혼,맞벌이 함,400-500만원 미만,3,0.817910448,0.417512213,0.289803708,0.843290891,0.504560261,0.297813259,0.956521739,트렌드 주도형 소비자,"자신의 취향과 경험을 중시하는 소비자 그룹입니다. 단순히 배를 채우는 것 이상의 가치를 추구하며, 새로운 제품을 가장 먼저 경험하고 공유하려는 경향이 강합니다"
1912,정서연,여자,60대 이상,사무 종사자,대학교 졸업(전문대졸/대학원생 포함),전라남도,2세대가족,미혼(사별/이혼 포함),맞벌이 하지 않음,600-700만원 미만,0,0.4,0.455092071,0.36695747,0.902056807,0.334201954,0.42450538,0.586956522,실속형 미식가,편리성을 중시하면서도 새로운 맛과 제품을 시도하는 데 적극적인 소비자 그룹입니다. 가격에 민감하기보다는 효율성과 맛을 동시에 추구합니다.
1913,박건우,여자,50대,사무 종사자,대학교 졸업(전문대졸/대학원생 포함),인천광역시,2세대가족,기혼,맞벌이 함,600-700만원 미만,1,0.538059701,0.401728673,0.599236641,0.760039177,0.641693811,0.289135717,0.391304348,건강 추구형 소비자,가격이나 브랜드에 크게 구애받지 않고 건강을 최우선으로 고려하는 프리미엄 소비자 그룹입니다. 건강과 편리성을 모두 만족시키는 제품에 기꺼이 지갑을 엽니다.
1914,윤주원,여자,50대,사무 종사자,대학교 졸업(전문대졸/대학원생 포함),부산광역시,2세대가족,기혼,맞벌이 함,500-600만원 미만,3,0.529850746,0.413754228,0.122137405,0.882468168,0.308469055,0.251995835,0.856521739,트렌드 주도형 소비자,"자신의 취향과 경험을 중시하는 소비자 그룹입니다. 단순히 배를 채우는 것 이상의 가치를 추구하며, 새로운 제품을 가장 먼저 경험하고 공유하려는 경향이 강합니다"
1915,한하준,여자,60대 이상,주부,고졸(대학 재학 포함),전라남도,1세대가족,기혼,맞벌이 하지 않음,200-300만원 미만,3,0.571641791,0.614806464,0.387949836,0.85798237,0.424104235,0.32037487,0.460869565,트렌드 주도형 소비자,"자신의 취향과 경험을 중시하는 소비자 그룹입니다. 단순히 배를 채우는 것 이상의 가치를 추구하며, 새로운 제품을 가장 먼저 경험하고 공유하려는 경향이 강합니다"
1916,정서준,여자,50대,기능원 및 관련 기능 종사자,고졸(대학 재학 포함),경상남도,1세대가족,기혼,맞벌이 함,600-700만원 미만,3,0.550746269,0.673055242,0.55561614,0.941234084,0.532247557,0.355779243,0.713043478,트렌드 주도형 소비자,"자신의 취향과 경험을 중시하는 소비자 그룹입니다. 단순히 배를 채우는 것 이상의 가치를 추구하며, 새로운 제품을 가장 먼저 경험하고 공유하려는 경향이 강합니다"
1917,최지원,여자,40대,주부,대학교 졸업(전문대졸/대학원생 포함),서울특별시,2세대가족,기혼,맞벌이 하지 않음,400-500만원 미만,3,0.805970149,0.417512213,0.353326063,0.843290891,0.426710098,0.344671989,0.934782609,트렌드 주도형 소비자,"자신의 취향과 경험을 중시하는 소비자 그룹입니다. 단순히 배를 채우는 것 이상의 가치를 추구하며, 새로운 제품을 가장 먼저 경험하고 공유하려는 경향이 강합니다"
1918,박민준,여자,40대,주부,대학교 졸업(전문대졸/대학원생 포함),서울특별시,2세대가족,기혼,맞벌이 하지 않음,400-500만원 미만,3,0.858208955,0.402480271,0.360687023,0.823702253,0.461237785,0.277681361,0.926086957,트렌드 주도형 소비자,"자신의 취향과 경험을 중시하는 소비자 그룹입니다. 단순히 배를 채우는 것 이상의 가치를 추구하며, 새로운 제품을 가장 먼저 경험하고 공유하려는 경향이 강합니다"
1919,최서연,여자,50대,사무 종사자,대학교 졸업(전문대졸/대학원생 포함),서울특별시,2세대가족,기혼,맞벌이 함,800-900만원 미만,0,0.212686567,0.500187899,0.582878953,0.745347698,0.400977199,0.566817077,0.469565217,실속형 미식가,편리성을 중시하면서도 새로운 맛과 제품을 시도하는 데 적극적인 소비자 그룹입니다. 가격에 민감하기보다는 효율성과 맛을 동시에 추구합니다.
1920,최주원,여자,60대 이상,서비스 종사자,고졸(대학 재학 포함),경상남도,2세대가족,기혼,맞벌이 함,700-800만원 미만,3,0.667164179,0.800826757,0.401308615,0.882468168,0.313355049,0.279763971,0.434782609,트렌드 주도형 소비자,"자신의 취향과 경험을 중시하는 소비자 그룹입니다. 단순히 배를 채우는 것 이상의 가치를 추구하며, 새로운 제품을 가장 먼저 경험하고 공유하려는 경향이 강합니다"
1921,한민서,여자,40대,사무 종사자,대학교 졸업(전문대졸/대학원생 포함),부산광역시,2세대가족,기혼,맞벌이 함,700-800만원 미만,0,0.332089552,0.391206313,0.195747001,0.823702253,0.196416938,0.360985769,0.852173913,실속형 미식가,편리성을 중시하면서도 새로운 맛과 제품을 시도하는 데 적극적인 소비자 그룹입니다. 가격에 민감하기보다는 효율성과 맛을 동시에 추구합니다.
1922,이지우,남자,60대 이상,판매 종사자,고졸(대학 재학 포함),경상남도,1인 가구,미혼(사별/이혼 포함),맞벌이 하지 않음,200-300만원 미만,3,0.73880597,0.765125893,0.564885496,0.897159647,0.405537459,0.25095453,0.517391304,트렌드 주도형 소비자,"자신의 취향과 경험을 중시하는 소비자 그룹입니다. 단순히 배를 채우는 것 이상의 가치를 추구하며, 새로운 제품을 가장 먼저 경험하고 공유하려는 경향이 강합니다"
1923,윤주원,여자,60대 이상,주부,고졸(대학 재학 포함),인천광역시,1세대가족,기혼,맞벌이 하지 않음,300-400만원 미만,1,0.412686567,0.588500564,0.457470011,0.779627816,0.436807818,0.201666088,0.065217391,건강 추구형 소비자,가격이나 브랜드에 크게 구애받지 않고 건강을 최우선으로 고려하는 프리미엄 소비자 그룹입니다. 건강과 편리성을 모두 만족시키는 제품에 기꺼이 지갑을 엽니다.
1924,임민서,여자,40대,서비스 종사자,대학교 졸업(전문대졸/대학원생 포함),서울특별시,2세대가족,기혼,맞벌이 함,500-600만원 미만,1,0.626865672,0.347989478,0.526990185,0.818805093,0.846905537,0.261020479,0.104347826,건강 추구형 소비자,가격이나 브랜드에 크게 구애받지 않고 건강을 최우선으로 고려하는 프리미엄 소비자 그룹입니다. 건강과 편리성을 모두 만족시키는 제품에 기꺼이 지갑을 엽니다.
1925,이도윤,여자,50대,장치·기계 조작 및 조립 종사자,고졸(대학 재학 포함),부산광역시,2세대가족,기혼,맞벌이 하지 않음,400-500만원 미만,3,0.667164179,0.417512213,0.313794984,0.843290891,0.377850163,0.36931621,0.917391304,트렌드 주도형 소비자,"자신의 취향과 경험을 중시하는 소비자 그룹입니다. 단순히 배를 채우는 것 이상의 가치를 추구하며, 새로운 제품을 가장 먼저 경험하고 공유하려는 경향이 강합니다"
1926,정수아,여자,40대,사무 종사자,대학교 졸업(전문대졸/대학원생 포함),서울특별시,1인 가구,미혼(사별/이혼 포함),맞벌이 하지 않음,300-400만원 미만,1,0.323134328,0.534009771,0.647764449,0.86287953,0.382084691,0.523429365,0.486956522,건강 추구형 소비자,가격이나 브랜드에 크게 구애받지 않고 건강을 최우선으로 고려하는 프리미엄 소비자 그룹입니다. 건강과 편리성을 모두 만족시키는 제품에 기꺼이 지갑을 엽니다.
1927,김시우,남자,20대,판매 종사자,고졸(대학 재학 포함),경상남도,2세대가족,기혼,맞벌이 하지 않음,200-300만원 미만,3,0.782089552,0.676813228,0.503816794,0.902056807,0.415635179,0.246442208,0.6,트렌드 주도형 소비자,"자신의 취향과 경험을 중시하는 소비자 그룹입니다. 단순히 배를 채우는 것 이상의 가치를 추구하며, 새로운 제품을 가장 먼저 경험하고 공유하려는 경향이 강합니다"
1928,임서윤,여자,40대,사무 종사자,대학교 졸업(전문대졸/대학원생 포함),서울특별시,1인 가구,미혼(사별/이혼 포함),맞벌이 하지 않음,300-400만원 미만,3,0.554477612,0.601653514,0.220283533,0.843290891,0.310423453,0.204790003,0.52173913,트렌드 주도형 소비자,"자신의 취향과 경험을 중시하는 소비자 그룹입니다. 단순히 배를 채우는 것 이상의 가치를 추구하며, 새로운 제품을 가장 먼저 경험하고 공유하려는 경향이 강합니다"
1929,박예준,여자,50대,서비스 종사자,대학교 졸업(전문대졸/대학원생 포함),경상남도,1세대가족,기혼,맞벌이 하지 않음,500-600만원 미만,3,0.73880597,0.966178129,0.452835333,0.980411361,0.44723127,0.256855259,0.42173913,트렌드 주도형 소비자,"자신의 취향과 경험을 중시하는 소비자 그룹입니다. 단순히 배를 채우는 것 이상의 가치를 추구하며, 새로운 제품을 가장 먼저 경험하고 공유하려는 경향이 강합니다"
1930,임지민,여자,60대 이상,주부,고졸(대학 재학 포함),서울특별시,1세대가족,기혼,맞벌이 하지 않음,400-500만원 미만,3,0.68358209,0.642991357,0.390676118,0.86287953,0.461237785,0.253384242,0.608695652,트렌드 주도형 소비자,"자신의 취향과 경험을 중시하는 소비자 그룹입니다. 단순히 배를 채우는 것 이상의 가치를 추구하며, 새로운 제품을 가장 먼저 경험하고 공유하려는 경향이 강합니다"
1931,한시우,여자,60대 이상,서비스 종사자,고졸(대학 재학 포함),경상남도,1세대가족,기혼,맞벌이 함,400-500만원 미만,3,0.667910448,0.827132657,0.432660851,0.960822723,0.388599349,0.339812565,0.508695652,트렌드 주도형 소비자,"자신의 취향과 경험을 중시하는 소비자 그룹입니다. 단순히 배를 채우는 것 이상의 가치를 추구하며, 새로운 제품을 가장 먼저 경험하고 공유하려는 경향이 강합니다"
1932,김민서,여자,60대 이상,기능원 및 관련 기능 종사자,고졸(대학 재학 포함),경상남도,1세대가족,기혼,맞벌이 함,400-500만원 미만,1,0.104477612,0.515219842,0.647219193,0.745347698,0.28990228,0.20826102,0.130434783,건강 추구형 소비자,가격이나 브랜드에 크게 구애받지 않고 건강을 최우선으로 고려하는 프리미엄 소비자 그룹입니다. 건강과 편리성을 모두 만족시키는 제품에 기꺼이 지갑을 엽니다.
1933,김민서,여자,50대,서비스 종사자,고졸(대학 재학 포함),경상남도,1세대가족,기혼,맞벌이 함,400-500만원 미만,3,0.694029851,0.609169485,0.420665213,0.882468168,0.448208469,0.234293648,0.665217391,트렌드 주도형 소비자,"자신의 취향과 경험을 중시하는 소비자 그룹입니다. 단순히 배를 채우는 것 이상의 가치를 추구하며, 새로운 제품을 가장 먼저 경험하고 공유하려는 경향이 강합니다"
1934,윤서연,여자,60대 이상,서비스 종사자,대학교 졸업(전문대졸/대학원생 포함),경상남도,2세대가족,미혼(사별/이혼 포함),맞벌이 하지 않음,200-300만원 미만,1,0.104477612,0.627959414,0.51172301,0.823702253,0.283387622,0.175286359,0.162173913,건강 추구형 소비자,가격이나 브랜드에 크게 구애받지 않고 건강을 최우선으로 고려하는 프리미엄 소비자 그룹입니다. 건강과 편리성을 모두 만족시키는 제품에 기꺼이 지갑을 엽니다.
1935,윤수아,여자,60대 이상,사무 종사자,대학교 졸업(전문대졸/대학원생 포함),서울특별시,2세대가족,기혼,맞벌이 함,"900-1,000만원 미만",1,0.485074627,0.394964299,0.670392585,0.804113614,0.48534202,0.269003818,0.360869565,건강 추구형 소비자,가격이나 브랜드에 크게 구애받지 않고 건강을 최우선으로 고려하는 프리미엄 소비자 그룹입니다. 건강과 편리성을 모두 만족시키는 제품에 기꺼이 지갑을 엽니다.
1936,조서준,여자,30대,사무 종사자,대학교 졸업(전문대졸/대학원생 포함),경상남도,2세대가족,기혼,맞벌이 함,700-800만원 미만,3,0.665671642,0.642991357,0.27480916,0.745347698,0.432247557,0.2856647,0.434782609,트렌드 주도형 소비자,"자신의 취향과 경험을 중시하는 소비자 그룹입니다. 단순히 배를 채우는 것 이상의 가치를 추구하며, 새로운 제품을 가장 먼저 경험하고 공유하려는 경향이 강합니다"
1937,박예준,여자,60대 이상,서비스 종사자,고졸(대학 재학 포함),경상남도,1인 가구,미혼(사별/이혼 포함),맞벌이 하지 않음,200-300만원 미만,0,0.386567164,0.605411499,0.144492912,0.784524976,0.316286645,0.242276987,0.360869565,실속형 미식가,편리성을 중시하면서도 새로운 맛과 제품을 시도하는 데 적극적인 소비자 그룹입니다. 가격에 민감하기보다는 효율성과 맛을 동시에 추구합니다.
1938,강지우,여자,60대 이상,주부,중졸 이하,경상남도,1세대가족,기혼,맞벌이 하지 않음,100만원 미만,0,0.358208955,0.541149944,0.327971647,0.675808031,0.276872964,0.384241583,0.356521739,실속형 미식가,편리성을 중시하면서도 새로운 맛과 제품을 시도하는 데 적극적인 소비자 그룹입니다. 가격에 민감하기보다는 효율성과 맛을 동시에 추구합니다.
1939,한서윤,여자,60대 이상,주부,고졸(대학 재학 포함),인천광역시,1세대가족,기혼,맞벌이 하지 않음,300-400만원 미만,3,0.641791045,0.579105599,0.503271538,0.804113614,0.441693811,0.242971191,0.42173913,트렌드 주도형 소비자,"자신의 취향과 경험을 중시하는 소비자 그룹입니다. 단순히 배를 채우는 것 이상의 가치를 추구하며, 새로운 제품을 가장 먼저 경험하고 공유하려는 경향이 강합니다"
1940,최지우,여자,30대,사무 종사자,고졸(대학 재학 포함),인천광역시,1인 가구,미혼(사별/이혼 포함),맞벌이 하지 않음,300-400만원 미만,3,0.671641791,0.601653514,0.590239913,0.823702253,0.549837134,0.298507463,0.547826087,트렌드 주도형 소비자,"자신의 취향과 경험을 중시하는 소비자 그룹입니다. 단순히 배를 채우는 것 이상의 가치를 추구하며, 새로운 제품을 가장 먼저 경험하고 공유하려는 경향이 강합니다"
1941,임민준,여자,60대 이상,주부,중졸 이하,경상남도,1세대가족,기혼,맞벌이 하지 않음,100-200만원 미만,0,0.444029851,0.575347614,0.243456925,0.72575906,0.314332248,0.259632072,0.330434783,실속형 미식가,편리성을 중시하면서도 새로운 맛과 제품을 시도하는 데 적극적인 소비자 그룹입니다. 가격에 민감하기보다는 효율성과 맛을 동시에 추구합니다.
1942,한하준,여자,50대,주부,고졸(대학 재학 포함),서울특별시,2세대가족,기혼,맞벌이 하지 않음,600-700만원 미만,3,0.532089552,0.500187899,0.448745911,0.882468168,0.483061889,0.409580007,0.573913043,트렌드 주도형 소비자,"자신의 취향과 경험을 중시하는 소비자 그룹입니다. 단순히 배를 채우는 것 이상의 가치를 추구하며, 새로운 제품을 가장 먼저 경험하고 공유하려는 경향이 강합니다"
1943,정민서,여자,60대 이상,주부,고졸(대학 재학 포함),인천광역시,1세대가족,기혼,맞벌이 하지 않음,300-400만원 미만,3,0.7,0.594137542,0.544983642,0.86287953,0.482410423,0.308920514,0.57826087,트렌드 주도형 소비자,"자신의 취향과 경험을 중시하는 소비자 그룹입니다. 단순히 배를 채우는 것 이상의 가치를 추구하며, 새로운 제품을 가장 먼저 경험하고 공유하려는 경향이 강합니다"
1944,최민준,여자,60대 이상,전문가 및 관련 종사자,대학교 졸업(전문대졸/대학원생 포함),서울특별시,2세대가족,기혼,맞벌이 함,700-800만원 미만,1,0.486567164,0.511461856,0.42393675,0.823702253,0.412052117,0.201318986,0.252173913,건강 추구형 소비자,가격이나 브랜드에 크게 구애받지 않고 건강을 최우선으로 고려하는 프리미엄 소비자 그룹입니다. 건강과 편리성을 모두 만족시키는 제품에 기꺼이 지갑을 엽니다.
1945,조지호,여자,50대,사무 종사자,대학교 졸업(전문대졸/대학원생 포함),부산광역시,2세대가족,기혼,맞벌이 함,800-900만원 미만,3,0.644776119,0.447576099,0.323882225,0.902056807,0.334527687,0.438042346,0.934782609,트렌드 주도형 소비자,"자신의 취향과 경험을 중시하는 소비자 그룹입니다. 단순히 배를 채우는 것 이상의 가치를 추구하며, 새로운 제품을 가장 먼저 경험하고 공유하려는 경향이 강합니다"
1946,이채원,여자,50대,전문가 및 관련 종사자,대학교 졸업(전문대졸/대학원생 포함),서울특별시,1인 가구,미혼(사별/이혼 포함),맞벌이 하지 않음,500-600만원 미만,3,0.502238806,0.493799324,0.450654308,0.804113614,0.461237785,0.407844498,0.656521739,트렌드 주도형 소비자,"자신의 취향과 경험을 중시하는 소비자 그룹입니다. 단순히 배를 채우는 것 이상의 가치를 추구하며, 새로운 제품을 가장 먼저 경험하고 공유하려는 경향이 강합니다"
1947,정서연,남자,60대 이상,취업 준비 중,고졸(대학 재학 포함),부산광역시,1인 가구,미혼(사별/이혼 포함),맞벌이 하지 않음,100-200만원 미만,0,0.297761194,0.394964299,0.186205016,0.882468168,0.234201954,0.386671295,0.765217391,실속형 미식가,편리성을 중시하면서도 새로운 맛과 제품을 시도하는 데 적극적인 소비자 그룹입니다. 가격에 민감하기보다는 효율성과 맛을 동시에 추구합니다.
1948,임서윤,남자,50대,관리자,대학교 졸업(전문대졸/대학원생 포함),서울특별시,1인 가구,미혼(사별/이혼 포함),맞벌이 하지 않음,400-500만원 미만,1,0.451492537,0.560315671,0.562704471,0.86287953,0.405537459,0.189170427,0.391304348,건강 추구형 소비자,가격이나 브랜드에 크게 구애받지 않고 건강을 최우선으로 고려하는 프리미엄 소비자 그룹입니다. 건강과 편리성을 모두 만족시키는 제품에 기꺼이 지갑을 엽니다.
1949,조주원,여자,30대,사무 종사자,대학교 졸업(전문대졸/대학원생 포함),인천광역시,1인 가구,미혼(사별/이혼 포함),맞벌이 하지 않음,300-400만원 미만,3,0.608208955,0.524614806,0.578516903,0.818805093,0.461237785,0.284623395,0.486956522,트렌드 주도형 소비자,"자신의 취향과 경험을 중시하는 소비자 그룹입니다. 단순히 배를 채우는 것 이상의 가치를 추구하며, 새로운 제품을 가장 먼저 경험하고 공유하려는 경향이 강합니다"
1950,이서윤,여자,40대,사무 종사자,대학교 졸업(전문대졸/대학원생 포함),서울특별시,2세대가족,기혼,맞벌이 함,600-700만원 미만,1,0.454477612,0.616685457,0.600054526,0.882468168,0.398045603,0.248177716,0.326086957,건강 추구형 소비자,가격이나 브랜드에 크게 구애받지 않고 건강을 최우선으로 고려하는 프리미엄 소비자 그룹입니다. 건강과 편리성을 모두 만족시키는 제품에 기꺼이 지갑을 엽니다.
1951,박지호,남자,60대 이상,기능원 및 관련 기능 종사자,고졸(대학 재학 포함),부산광역시,1세대가족,기혼,맞벌이 하지 않음,200-300만원 미만,3,0.499253731,0.552799699,0.359323882,0.843290891,0.366123779,0.383894481,0.513043478,트렌드 주도형 소비자,"자신의 취향과 경험을 중시하는 소비자 그룹입니다. 단순히 배를 채우는 것 이상의 가치를 추구하며, 새로운 제품을 가장 먼저 경험하고 공유하려는 경향이 강합니다"
1952,정서준,여자,60대 이상,주부,고졸(대학 재학 포함),인천광역시,1세대가족,기혼,맞벌이 하지 않음,300-400만원 미만,3,0.641791045,0.567831642,0.480643402,0.86287953,0.47752443,0.253384242,0.460869565,트렌드 주도형 소비자,"자신의 취향과 경험을 중시하는 소비자 그룹입니다. 단순히 배를 채우는 것 이상의 가치를 추구하며, 새로운 제품을 가장 먼저 경험하고 공유하려는 경향이 강합니다"
1953,조지우,여자,40대,사무 종사자,대학교 졸업(전문대졸/대학원생 포함),인천광역시,1세대가족,기혼,맞벌이 함,500-600만원 미만,3,0.534328358,0.612927471,0.416848419,0.823702253,0.338436482,0.253384242,0.452173913,트렌드 주도형 소비자,"자신의 취향과 경험을 중시하는 소비자 그룹입니다. 단순히 배를 채우는 것 이상의 가치를 추구하며, 새로운 제품을 가장 먼저 경험하고 공유하려는 경향이 강합니다"
1954,김지원,여자,60대 이상,사무 종사자,대학교 졸업(전문대졸/대학원생 포함),부산광역시,2세대가족,미혼(사별/이혼 포함),맞벌이 하지 않음,500-600만원 미만,3,0.588059701,0.557685081,0.291166848,0.86287953,0.295765472,0.321416175,0.67826087,트렌드 주도형 소비자,"자신의 취향과 경험을 중시하는 소비자 그룹입니다. 단순히 배를 채우는 것 이상의 가치를 추구하며, 새로운 제품을 가장 먼저 경험하고 공유하려는 경향이 강합니다"
1955,정서연,여자,50대,서비스 종사자,대학교 졸업(전문대졸/대학원생 포함),경상남도,1인 가구,미혼(사별/이혼 포함),맞벌이 하지 않음,100-200만원 미만,3,0.621641791,0.619691845,0.300708833,0.760039177,0.339739414,0.280805276,0.465217391,트렌드 주도형 소비자,"자신의 취향과 경험을 중시하는 소비자 그룹입니다. 단순히 배를 채우는 것 이상의 가치를 추구하며, 새로운 제품을 가장 먼저 경험하고 공유하려는 경향이 강합니다"
1956,강하은,여자,60대 이상,판매 종사자,고졸(대학 재학 포함),부산광역시,1세대가족,기혼,맞벌이 함,400-500만원 미만,3,0.544776119,0.500187899,0.39476554,0.86287953,0.408794788,0.321069073,0.305652174,트렌드 주도형 소비자,"자신의 취향과 경험을 중시하는 소비자 그룹입니다. 단순히 배를 채우는 것 이상의 가치를 추구하며, 새로운 제품을 가장 먼저 경험하고 공유하려는 경향이 강합니다"
1957,강서준,여자,40대,사무 종사자,대학교 졸업(전문대졸/대학원생 포함),인천광역시,2세대가족,기혼,맞벌이 함,500-600만원 미만,3,0.61641791,0.646749342,0.433751363,0.784524976,0.374267101,0.282887886,0.430434783,트렌드 주도형 소비자,"자신의 취향과 경험을 중시하는 소비자 그룹입니다. 단순히 배를 채우는 것 이상의 가치를 추구하며, 새로운 제품을 가장 먼저 경험하고 공유하려는 경향이 강합니다"
1958,윤민준,여자,50대,판매 종사자,고졸(대학 재학 포함),부산광역시,1세대가족,기혼,맞벌이 하지 않음,100-200만원 미만,3,0.828358209,0.616685457,0.363413304,0.902056807,0.471661238,0.501561958,0.495652174,트렌드 주도형 소비자,"자신의 취향과 경험을 중시하는 소비자 그룹입니다. 단순히 배를 채우는 것 이상의 가치를 추구하며, 새로운 제품을 가장 먼저 경험하고 공유하려는 경향이 강합니다"
1959,임시우,남자,40대,판매 종사자,고졸(대학 재학 포함),광주광역시,3세대가족,기혼,맞벌이 하지 않음,300-400만원 미만,3,0.46119403,0.597143931,0.409760087,0.877571009,0.435830619,0.339812565,0.369565217,트렌드 주도형 소비자,"자신의 취향과 경험을 중시하는 소비자 그룹입니다. 단순히 배를 채우는 것 이상의 가치를 추구하며, 새로운 제품을 가장 먼저 경험하고 공유하려는 경향이 강합니다"
1960,한예준,여자,50대,서비스 종사자,대학교 졸업(전문대졸/대학원생 포함),부산광역시,2세대가족,기혼,맞벌이 함,"1,000만원 이상",3,0.63358209,0.406238256,0.356597601,0.86287953,0.371986971,0.341895175,0.766521739,트렌드 주도형 소비자,"자신의 취향과 경험을 중시하는 소비자 그룹입니다. 단순히 배를 채우는 것 이상의 가치를 추구하며, 새로운 제품을 가장 먼저 경험하고 공유하려는 경향이 강합니다"
1961,김건우,여자,50대,사무 종사자,대학교 졸업(전문대졸/대학원생 포함),인천광역시,2세대가족,기혼,맞벌이 함,400-500만원 미만,3,0.589552239,0.507703871,0.439476554,0.843290891,0.377198697,0.229087123,0.443478261,트렌드 주도형 소비자,"자신의 취향과 경험을 중시하는 소비자 그룹입니다. 단순히 배를 채우는 것 이상의 가치를 추구하며, 새로운 제품을 가장 먼저 경험하고 공유하려는 경향이 강합니다"
1962,조수아,여자,30대,사무 종사자,대학교 졸업(전문대졸/대학원생 포함),서울특별시,2세대가족,기혼,맞벌이 함,500-600만원 미만,1,0.523880597,0.545283728,0.664122137,0.804113614,0.391530945,0.216938563,0.375217391,건강 추구형 소비자,가격이나 브랜드에 크게 구애받지 않고 건강을 최우선으로 고려하는 프리미엄 소비자 그룹입니다. 건강과 편리성을 모두 만족시키는 제품에 기꺼이 지갑을 엽니다.
1963,정민서,여자,60대 이상,주부,대학교 졸업(전문대졸/대학원생 포함),인천광역시,2세대가족,기혼,맞벌이 하지 않음,500-600만원 미만,3,0.675373134,0.515219842,0.377317339,0.86287953,0.418892508,0.225616106,0.547826087,트렌드 주도형 소비자,"자신의 취향과 경험을 중시하는 소비자 그룹입니다. 단순히 배를 채우는 것 이상의 가치를 추구하며, 새로운 제품을 가장 먼저 경험하고 공유하려는 경향이 강합니다"
1964,한채원,여자,60대 이상,서비스 종사자,고졸(대학 재학 포함),광주광역시,2세대가족,기혼,맞벌이 함,400-500만원 미만,0,0.340298507,0.614806464,0.317066521,0.916748286,0.288599349,0.525859077,0.469565217,실속형 미식가,편리성을 중시하면서도 새로운 맛과 제품을 시도하는 데 적극적인 소비자 그룹입니다. 가격에 민감하기보다는 효율성과 맛을 동시에 추구합니다.
1965,강지우,여자,60대 이상,서비스 종사자,고졸(대학 재학 포함),서울특별시,1인 가구,미혼(사별/이혼 포함),맞벌이 하지 않음,200-300만원 미만,1,0.405970149,0.496429914,0.632769902,0.784524976,0.347557003,0.263797293,0.392608696,건강 추구형 소비자,가격이나 브랜드에 크게 구애받지 않고 건강을 최우선으로 고려하는 프리미엄 소비자 그룹입니다. 건강과 편리성을 모두 만족시키는 제품에 기꺼이 지갑을 엽니다.
1966,박서준,여자,60대 이상,주부,고졸(대학 재학 포함),부산광역시,1인 가구,미혼(사별/이혼 포함),맞벌이 하지 않음,100-200만원 미만,3,0.705223881,0.556557685,0.337513631,0.86287953,0.383713355,0.32037487,0.647826087,트렌드 주도형 소비자,"자신의 취향과 경험을 중시하는 소비자 그룹입니다. 단순히 배를 채우는 것 이상의 가치를 추구하며, 새로운 제품을 가장 먼저 경험하고 공유하려는 경향이 강합니다"
1967,김민서,여자,40대,서비스 종사자,고졸(대학 재학 포함),광주광역시,2세대가족,미혼(사별/이혼 포함),맞벌이 하지 않음,200-300만원 미만,3,0.573880597,0.578354002,0.360687023,0.877571009,0.403583062,0.453314821,0.586956522,트렌드 주도형 소비자,"자신의 취향과 경험을 중시하는 소비자 그룹입니다. 단순히 배를 채우는 것 이상의 가치를 추구하며, 새로운 제품을 가장 먼저 경험하고 공유하려는 경향이 강합니다"
1968,임하준,여자,50대,주부,대학교 졸업(전문대졸/대학원생 포함),서울특별시,2세대가족,기혼,맞벌이 하지 않음,500-600만원 미만,1,0.441791045,0.507703871,0.470556161,0.823702253,0.43713355,0.244706699,0.286956522,건강 추구형 소비자,가격이나 브랜드에 크게 구애받지 않고 건강을 최우선으로 고려하는 프리미엄 소비자 그룹입니다. 건강과 편리성을 모두 만족시키는 제품에 기꺼이 지갑을 엽니다.
1969,정채원,여자,50대,서비스 종사자,고졸(대학 재학 포함),부산광역시,2세대가족,기혼,맞벌이 함,300-400만원 미만,3,0.774626866,0.793310785,0.363413304,0.882468168,0.427035831,0.432141617,0.417391304,트렌드 주도형 소비자,"자신의 취향과 경험을 중시하는 소비자 그룹입니다. 단순히 배를 채우는 것 이상의 가치를 추구하며, 새로운 제품을 가장 먼저 경험하고 공유하려는 경향이 강합니다"
1970,최민서,남자,50대,장치·기계 조작 및 조립 종사자,고졸(대학 재학 포함),경기도,1인 가구,미혼(사별/이혼 포함),맞벌이 하지 않음,300-400만원 미만,1,0.671641791,0.376174371,0.759814613,0.823702253,0.589576547,0.416522041,0.169565217,건강 추구형 소비자,가격이나 브랜드에 크게 구애받지 않고 건강을 최우선으로 고려하는 프리미엄 소비자 그룹입니다. 건강과 편리성을 모두 만족시키는 제품에 기꺼이 지갑을 엽니다.
1971,최지호,남자,30대,전문가 및 관련 종사자,대학원 졸업 이상,부산광역시,1인 가구,미혼(사별/이혼 포함),맞벌이 하지 않음,300-400만원 미만,0,0.304477612,0.507703871,0.405670665,0.843290891,0.330944625,0.384935786,0.560869565,실속형 미식가,편리성을 중시하면서도 새로운 맛과 제품을 시도하는 데 적극적인 소비자 그룹입니다. 가격에 민감하기보다는 효율성과 맛을 동시에 추구합니다.
1972,최지호,여자,30대,판매 종사자,대학교 졸업(전문대졸/대학원생 포함),경기도,1세대가족,기혼,맞벌이 함,600-700만원 미만,0,0.440298507,0.860954528,0.297437296,0.921645446,0.187296417,0.364456786,0.330434783,실속형 미식가,편리성을 중시하면서도 새로운 맛과 제품을 시도하는 데 적극적인 소비자 그룹입니다. 가격에 민감하기보다는 효율성과 맛을 동시에 추구합니다.
1973,강지우,여자,60대 이상,서비스 종사자,고졸(대학 재학 포함),경기도,1세대가족,기혼,맞벌이 함,200-300만원 미만,1,0.544029851,0.418639609,0.72519084,0.823702253,0.496416938,0.380423464,0.37826087,건강 추구형 소비자,가격이나 브랜드에 크게 구애받지 않고 건강을 최우선으로 고려하는 프리미엄 소비자 그룹입니다. 건강과 편리성을 모두 만족시키는 제품에 기꺼이 지갑을 엽니다.
1974,한지민,여자,40대,사무 종사자,대학교 졸업(전문대졸/대학원생 포함),경기도,2세대가족,기혼,맞벌이 함,600-700만원 미만,0,0.18358209,0.800826757,0.228462377,0.784524976,0.166775244,0.383894481,0.352173913,실속형 미식가,편리성을 중시하면서도 새로운 맛과 제품을 시도하는 데 적극적인 소비자 그룹입니다. 가격에 민감하기보다는 효율성과 맛을 동시에 추구합니다.
1975,김도윤,여자,50대,기능원 및 관련 기능 종사자,고졸(대학 재학 포함),부산광역시,2세대가족,기혼,맞벌이 함,300-400만원 미만,3,0.858208955,0.706877114,0.381134133,0.921645446,0.478827362,0.47344672,0.517391304,트렌드 주도형 소비자,"자신의 취향과 경험을 중시하는 소비자 그룹입니다. 단순히 배를 채우는 것 이상의 가치를 추구하며, 새로운 제품을 가장 먼저 경험하고 공유하려는 경향이 강합니다"
1976,강수아,여자,60대 이상,주부,대학교 졸업(전문대졸/대학원생 포함),경기도,1세대가족,기혼,맞벌이 하지 않음,400-500만원 미만,0,0.317910448,0.560315671,0.177480916,0.823702253,0.162540717,0.248524818,0.573913043,실속형 미식가,편리성을 중시하면서도 새로운 맛과 제품을 시도하는 데 적극적인 소비자 그룹입니다. 가격에 민감하기보다는 효율성과 맛을 동시에 추구합니다.
1977,최지우,여자,30대,전문가 및 관련 종사자,대학교 졸업(전문대졸/대학원생 포함),경상남도,1세대가족,기혼,맞벌이 함,800-900만원 미만,1,0.526119403,0.383690342,0.752726281,0.823702253,0.654071661,0.36931621,0.12173913,건강 추구형 소비자,가격이나 브랜드에 크게 구애받지 않고 건강을 최우선으로 고려하는 프리미엄 소비자 그룹입니다. 건강과 편리성을 모두 만족시키는 제품에 기꺼이 지갑을 엽니다.
1978,강서윤,남자,60대 이상,판매 종사자,고졸(대학 재학 포함),경상남도,1인 가구,미혼(사별/이혼 포함),맞벌이 하지 않음,200-300만원 미만,1,0.458955224,0.391206313,0.687295529,0.86287953,0.760586319,0.346407497,0.069565217,건강 추구형 소비자,가격이나 브랜드에 크게 구애받지 않고 건강을 최우선으로 고려하는 프리미엄 소비자 그룹입니다. 건강과 편리성을 모두 만족시키는 제품에 기꺼이 지갑을 엽니다.
1979,박서준,여자,60대 이상,서비스 종사자,고졸(대학 재학 포함),경기도,1세대가족,기혼,맞벌이 함,400-500만원 미만,0,0.156716418,0.500187899,0.246183206,0.843290891,0.301628664,0.314127039,0.413043478,실속형 미식가,편리성을 중시하면서도 새로운 맛과 제품을 시도하는 데 적극적인 소비자 그룹입니다. 가격에 민감하기보다는 효율성과 맛을 동시에 추구합니다.
1980,최서준,여자,30대,주부,대학교 졸업(전문대졸/대학원생 포함),인천광역시,2세대가족,기혼,맞벌이 하지 않음,500-600만원 미만,1,0.515671642,0.467493424,0.732824427,0.843290891,0.665798046,0.225616106,0.139130435,건강 추구형 소비자,가격이나 브랜드에 크게 구애받지 않고 건강을 최우선으로 고려하는 프리미엄 소비자 그룹입니다. 건강과 편리성을 모두 만족시키는 제품에 기꺼이 지갑을 엽니다.
1981,이예은,여자,60대 이상,주부,고졸(대학 재학 포함),경기도,1세대가족,기혼,맞벌이 하지 않음,200-300만원 미만,0,0.156716418,0.408117249,0.342966194,0.760039177,0.369055375,0.363068379,0.37826087,실속형 미식가,편리성을 중시하면서도 새로운 맛과 제품을 시도하는 데 적극적인 소비자 그룹입니다. 가격에 민감하기보다는 효율성과 맛을 동시에 추구합니다.
1982,박지원,여자,40대,서비스 종사자,대학교 졸업(전문대졸/대학원생 포함),서울특별시,2세대가족,기혼,맞벌이 함,500-600만원 미만,0,0.384328358,0.567831642,0.588331516,0.882468168,0.321824104,0.269003818,0.496956522,실속형 미식가,편리성을 중시하면서도 새로운 맛과 제품을 시도하는 데 적극적인 소비자 그룹입니다. 가격에 민감하기보다는 효율성과 맛을 동시에 추구합니다.
1983,최지호,여자,30대,서비스 종사자,대학교 졸업(전문대졸/대학원생 포함),경상남도,1인 가구,미혼(사별/이혼 포함),맞벌이 하지 않음,300-400만원 미만,1,0.611940299,0.398722285,0.712649945,0.86287953,0.759934853,0.322804582,0.060869565,건강 추구형 소비자,가격이나 브랜드에 크게 구애받지 않고 건강을 최우선으로 고려하는 프리미엄 소비자 그룹입니다. 건강과 편리성을 모두 만족시키는 제품에 기꺼이 지갑을 엽니다.
1984,한지원,여자,60대 이상,주부,고졸(대학 재학 포함),경기도,2세대가족,기혼,맞벌이 하지 않음,600-700만원 미만,1,0.405223881,0.376174371,0.574154853,0.843290891,0.450488599,0.2856647,0.456521739,건강 추구형 소비자,가격이나 브랜드에 크게 구애받지 않고 건강을 최우선으로 고려하는 프리미엄 소비자 그룹입니다. 건강과 편리성을 모두 만족시키는 제품에 기꺼이 지갑을 엽니다.
1985,이지민,여자,60대 이상,서비스 종사자,고졸(대학 재학 포함),서울특별시,1인 가구,미혼(사별/이혼 포함),맞벌이 하지 않음,200-300만원 미만,1,0.432835821,0.511461856,0.573336968,0.804113614,0.387296417,0.20826102,0.43173913,건강 추구형 소비자,가격이나 브랜드에 크게 구애받지 않고 건강을 최우선으로 고려하는 프리미엄 소비자 그룹입니다. 건강과 편리성을 모두 만족시키는 제품에 기꺼이 지갑을 엽니다.
1986,정서윤,여자,60대 이상,주부,고졸(대학 재학 포함),광주광역시,2세대가족,기혼,맞벌이 하지 않음,600-700만원 미만,0,0.264925373,0.608417888,0.437022901,0.838393732,0.249185668,0.625824367,0.32173913,실속형 미식가,편리성을 중시하면서도 새로운 맛과 제품을 시도하는 데 적극적인 소비자 그룹입니다. 가격에 민감하기보다는 효율성과 맛을 동시에 추구합니다.
1987,임지우,여자,50대,주부,대학교 졸업(전문대졸/대학원생 포함),인천광역시,2세대가족,기혼,맞벌이 하지 않음,600-700만원 미만,3,0.559701493,0.394964299,0.385496183,0.764936337,0.389576547,0.191947241,0.839130435,트렌드 주도형 소비자,"자신의 취향과 경험을 중시하는 소비자 그룹입니다. 단순히 배를 채우는 것 이상의 가치를 추구하며, 새로운 제품을 가장 먼저 경험하고 공유하려는 경향이 강합니다"
1988,최서연,여자,30대,판매 종사자,대학교 졸업(전문대졸/대학원생 포함),경상남도,1인 가구,미혼(사별/이혼 포함),맞벌이 하지 않음,200-300만원 미만,1,0.447761194,0.383690342,0.700109051,0.843290891,0.638436482,0.307532107,0.07826087,건강 추구형 소비자,가격이나 브랜드에 크게 구애받지 않고 건강을 최우선으로 고려하는 프리미엄 소비자 그룹입니다. 건강과 편리성을 모두 만족시키는 제품에 기꺼이 지갑을 엽니다.
1989,강하은,여자,60대 이상,주부,고졸(대학 재학 포함),광주광역시,1세대가족,기혼,맞벌이 하지 않음,100-200만원 미만,0,0.082089552,0.456971064,0.147219193,0.818805093,0.188925081,0.380423464,0.413043478,실속형 미식가,편리성을 중시하면서도 새로운 맛과 제품을 시도하는 데 적극적인 소비자 그룹입니다. 가격에 민감하기보다는 효율성과 맛을 동시에 추구합니다.
1990,윤하은,여자,60대 이상,서비스 종사자,중졸 이하,경기도,1인 가구,미혼(사별/이혼 포함),맞벌이 하지 않음,100-200만원 미만,0,0.18358209,0.428786171,0.492366412,0.764936337,0.324429967,0.472058313,0.430434783,실속형 미식가,편리성을 중시하면서도 새로운 맛과 제품을 시도하는 데 적극적인 소비자 그룹입니다. 가격에 민감하기보다는 효율성과 맛을 동시에 추구합니다.
1991,조예준,여자,40대,판매 종사자,고졸(대학 재학 포함),서울특별시,1세대가족,기혼,맞벌이 함,600-700만원 미만,3,0.607462687,0.549041714,0.435932388,0.86287953,0.460586319,0.228392919,0.366521739,트렌드 주도형 소비자,"자신의 취향과 경험을 중시하는 소비자 그룹입니다. 단순히 배를 채우는 것 이상의 가치를 추구하며, 새로운 제품을 가장 먼저 경험하고 공유하려는 경향이 강합니다"
1992,조민준,여자,60대 이상,판매 종사자,고졸(대학 재학 포함),인천광역시,1세대가족,기혼,맞벌이 함,500-600만원 미만,0,0.106716418,0.530251785,0.379225736,0.764936337,0.271661238,0.212773343,0.626086957,실속형 미식가,편리성을 중시하면서도 새로운 맛과 제품을 시도하는 데 적극적인 소비자 그룹입니다. 가격에 민감하기보다는 효율성과 맛을 동시에 추구합니다.
1993,정민준,여자,40대,판매 종사자,대학교 졸업(전문대졸/대학원생 포함),인천광역시,1인 가구,미혼(사별/이혼 포함),맞벌이 하지 않음,300-400만원 미만,1,0.606716418,0.605411499,0.632769902,0.960822723,0.709120521,0.346754599,0.073913043,건강 추구형 소비자,가격이나 브랜드에 크게 구애받지 않고 건강을 최우선으로 고려하는 프리미엄 소비자 그룹입니다. 건강과 편리성을 모두 만족시키는 제품에 기꺼이 지갑을 엽니다.
1994,이지민,여자,30대,사무 종사자,대학교 졸업(전문대졸/대학원생 포함),서울특별시,1세대가족,기혼,맞벌이 함,600-700만원 미만,3,0.62761194,0.580232995,0.359323882,0.882468168,0.394462541,0.219715377,0.360869565,트렌드 주도형 소비자,"자신의 취향과 경험을 중시하는 소비자 그룹입니다. 단순히 배를 채우는 것 이상의 가치를 추구하며, 새로운 제품을 가장 먼저 경험하고 공유하려는 경향이 강합니다"
1995,박하은,여자,50대,서비스 종사자,대학교 졸업(전문대졸/대학원생 포함),제주특별자치도,2세대가족,기혼,맞벌이 함,500-600만원 미만,0,0.288059701,0.436302142,0.358778626,0.764936337,0.236482085,0.484206873,0.347826087,실속형 미식가,편리성을 중시하면서도 새로운 맛과 제품을 시도하는 데 적극적인 소비자 그룹입니다. 가격에 민감하기보다는 효율성과 맛을 동시에 추구합니다.
1996,박도윤,여자,60대 이상,서비스 종사자,고졸(대학 재학 포함),경상남도,1세대가족,기혼,맞벌이 함,400-500만원 미만,1,0.432835821,0.398722285,0.653762268,0.823702253,0.687296417,0.35508504,0.017391304,건강 추구형 소비자,가격이나 브랜드에 크게 구애받지 않고 건강을 최우선으로 고려하는 프리미엄 소비자 그룹입니다. 건강과 편리성을 모두 만족시키는 제품에 기꺼이 지갑을 엽니다.
1997,김예은,여자,50대,기능원 및 관련 기능 종사자,고졸(대학 재학 포함),경기도,2세대가족,기혼,맞벌이 함,500-600만원 미만,0,0.291044776,0.526493799,0.535169029,0.843290891,0.329967427,0.435265533,0.560869565,실속형 미식가,편리성을 중시하면서도 새로운 맛과 제품을 시도하는 데 적극적인 소비자 그룹입니다. 가격에 민감하기보다는 효율성과 맛을 동시에 추구합니다.
1998,강예은,여자,30대,사무 종사자,대학교 졸업(전문대졸/대학원생 포함),경상남도,1인 가구,미혼(사별/이혼 포함),맞벌이 하지 않음,200-300만원 미만,1,0.567164179,0.383690342,0.677753544,0.823702253,0.701302932,0.272474835,0.060869565,건강 추구형 소비자,가격이나 브랜드에 크게 구애받지 않고 건강을 최우선으로 고려하는 프리미엄 소비자 그룹입니다. 건강과 편리성을 모두 만족시키는 제품에 기꺼이 지갑을 엽니다.
1999,이준서,여자,60대 이상,주부,고졸(대학 재학 포함),서울특별시,1세대가족,기혼,맞벌이 하지 않음,300-400만원 미만,1,0.456716418,0.534009771,0.687295529,0.843290891,0.414332248,0.293300937,0.314347826,건강 추구형 소비자,가격이나 브랜드에 크게 구애받지 않고 건강을 최우선으로 고려하는 프리미엄 소비자 그룹입니다. 건강과 편리성을 모두 만족시키는 제품에 기꺼이 지갑을 엽니다.
2000,임수아,여자,40대,사무 종사자,대학교 졸업(전문대졸/대학원생 포함),경기도,2세대가족,기혼,맞벌이 함,600-700만원 미만,0,0.295522388,0.492671928,0.585877863,0.843290891,0.371009772,0.52863589,0.469565217,실속형 미식가,편리성을 중시하면서도 새로운 맛과 제품을 시도하는 데 적극적인 소비자 그룹입니다. 가격에 민감하기보다는 효율성과 맛을 동시에 추구합니다.
2001,박서준,남자,50대,단순노무 종사자,대학교 졸업(전문대졸/대학원생 포함),제주특별자치도,1인 가구,미혼(사별/이혼 포함),맞벌이 하지 않음,200-300만원 미만,0,0.332089552,0.504697482,0.134405671,0.678746327,0.255700326,0.36931621,0.42173913,실속형 미식가,편리성을 중시하면서도 새로운 맛과 제품을 시도하는 데 적극적인 소비자 그룹입니다. 가격에 민감하기보다는 효율성과 맛을 동시에 추구합니다.
2002,김채원,여자,50대,판매 종사자,고졸(대학 재학 포함),부산광역시,2세대가족,기혼,맞벌이 함,300-400만원 미만,3,0.882835821,0.695603157,0.364231189,0.843290891,0.453745928,0.393266227,0.6,트렌드 주도형 소비자,"자신의 취향과 경험을 중시하는 소비자 그룹입니다. 단순히 배를 채우는 것 이상의 가치를 추구하며, 새로운 제품을 가장 먼저 경험하고 공유하려는 경향이 강합니다"
2003,김시우,여자,50대,판매 종사자,고졸(대학 재학 포함),경기도,2세대가족,기혼,맞벌이 함,700-800만원 미만,1,0.589552239,0.526493799,0.708287895,0.86287953,0.384364821,0.26726831,0.234782609,건강 추구형 소비자,가격이나 브랜드에 크게 구애받지 않고 건강을 최우선으로 고려하는 프리미엄 소비자 그룹입니다. 건강과 편리성을 모두 만족시키는 제품에 기꺼이 지갑을 엽니다.
2004,한주원,여자,60대 이상,주부,고졸(대학 재학 포함),경기도,1세대가족,기혼,맞벌이 하지 않음,200-300만원 미만,0,0.202238806,0.477639985,0.452835333,0.823702253,0.33257329,0.5102395,0.408695652,실속형 미식가,편리성을 중시하면서도 새로운 맛과 제품을 시도하는 데 적극적인 소비자 그룹입니다. 가격에 민감하기보다는 효율성과 맛을 동시에 추구합니다.
2005,윤민서,여자,30대,서비스 종사자,대학교 졸업(전문대졸/대학원생 포함),경기도,1세대가족,기혼,맞벌이 함,400-500만원 미만,3,0.517164179,0.496429914,0.421483097,0.882468168,0.323452769,0.314474141,0.295652174,트렌드 주도형 소비자,"자신의 취향과 경험을 중시하는 소비자 그룹입니다. 단순히 배를 채우는 것 이상의 가치를 추구하며, 새로운 제품을 가장 먼저 경험하고 공유하려는 경향이 강합니다"
2006,이도윤,남자,30대,전문가 및 관련 종사자,대학교 졸업(전문대졸/대학원생 포함),제주특별자치도,1인 가구,미혼(사별/이혼 포함),맞벌이 하지 않음,700-800만원 미만,0,0.528358209,0.622322435,0.191657579,0.740450539,0.312052117,0.325928497,0.217391304,실속형 미식가,편리성을 중시하면서도 새로운 맛과 제품을 시도하는 데 적극적인 소비자 그룹입니다. 가격에 민감하기보다는 효율성과 맛을 동시에 추구합니다.
2007,윤건우,여자,60대 이상,서비스 종사자,고졸(대학 재학 포함),경기도,1세대가족,기혼,맞벌이 함,400-500만원 미만,1,0.219402985,0.458850056,0.61695747,0.823702253,0.235830619,0.446372787,0.273913043,건강 추구형 소비자,가격이나 브랜드에 크게 구애받지 않고 건강을 최우선으로 고려하는 프리미엄 소비자 그룹입니다. 건강과 편리성을 모두 만족시키는 제품에 기꺼이 지갑을 엽니다.
2008,조수아,여자,60대 이상,주부,고졸(대학 재학 포함),광주광역시,1세대가족,기혼,맞벌이 하지 않음,200-300만원 미만,0,0.243283582,0.465614431,0.148037077,0.799216454,0.194136808,0.368969108,0.465217391,실속형 미식가,편리성을 중시하면서도 새로운 맛과 제품을 시도하는 데 적극적인 소비자 그룹입니다. 가격에 민감하기보다는 효율성과 맛을 동시에 추구합니다.
2009,박하준,여자,60대 이상,판매 종사자,고졸(대학 재학 포함),경기도,1세대가족,기혼,맞벌이 함,500-600만원 미만,1,0.47238806,0.440060128,0.599236641,0.86287953,0.485667752,0.289482818,0.308695652,건강 추구형 소비자,가격이나 브랜드에 크게 구애받지 않고 건강을 최우선으로 고려하는 프리미엄 소비자 그룹입니다. 건강과 편리성을 모두 만족시키는 제품에 기꺼이 지갑을 엽니다.
2010,임서준,여자,50대,서비스 종사자,고졸(대학 재학 포함),부산광역시,2세대가족,기혼,맞벌이 함,200-300만원 미만,3,0.828358209,0.699361142,0.347055616,0.941234084,0.407166124,0.270739327,0.52173913,트렌드 주도형 소비자,"자신의 취향과 경험을 중시하는 소비자 그룹입니다. 단순히 배를 채우는 것 이상의 가치를 추구하며, 새로운 제품을 가장 먼저 경험하고 공유하려는 경향이 강합니다"
2011,임서연,남자,50대,판매 종사자,고졸(대학 재학 포함),광주광역시,1세대가족,기혼,맞벌이 함,400-500만원 미만,3,0.482089552,0.721909057,0.468375136,0.804113614,0.431921824,0.462686567,0.273913043,트렌드 주도형 소비자,"자신의 취향과 경험을 중시하는 소비자 그룹입니다. 단순히 배를 채우는 것 이상의 가치를 추구하며, 새로운 제품을 가장 먼저 경험하고 공유하려는 경향이 강합니다"
2012,김채원,여자,60대 이상,주부,고졸(대학 재학 포함),경기도,1세대가족,기혼,맞벌이 하지 않음,200-300만원 미만,1,0.312686567,0.443818113,0.617502726,0.823702253,0.248859935,0.465116279,0.4,건강 추구형 소비자,가격이나 브랜드에 크게 구애받지 않고 건강을 최우선으로 고려하는 프리미엄 소비자 그룹입니다. 건강과 편리성을 모두 만족시키는 제품에 기꺼이 지갑을 엽니다.
2013,박주원,여자,60대 이상,주부,고졸(대학 재학 포함),인천광역시,1세대가족,기혼,맞벌이 하지 않음,200-300만원 미만,1,0.370149254,0.417512213,0.471646674,0.804113614,0.374267101,0.295036446,0.239130435,건강 추구형 소비자,가격이나 브랜드에 크게 구애받지 않고 건강을 최우선으로 고려하는 프리미엄 소비자 그룹입니다. 건강과 편리성을 모두 만족시키는 제품에 기꺼이 지갑을 엽니다.
2014,조주원,남자,60대 이상,판매 종사자,고졸(대학 재학 포함),광주광역시,1세대가족,기혼,맞벌이 함,300-400만원 미만,0,0.170895522,0.525742202,0.125408942,0.779627816,0.250488599,0.531065602,0.317391304,실속형 미식가,편리성을 중시하면서도 새로운 맛과 제품을 시도하는 데 적극적인 소비자 그룹입니다. 가격에 민감하기보다는 효율성과 맛을 동시에 추구합니다.
2015,한주원,여자,50대,서비스 종사자,고졸(대학 재학 포함),인천광역시,2세대가족,기혼,맞벌이 함,500-600만원 미만,0,0.194029851,0.383690342,0.437568157,0.843290891,0.106188925,0.131898646,0.304347826,실속형 미식가,편리성을 중시하면서도 새로운 맛과 제품을 시도하는 데 적극적인 소비자 그룹입니다. 가격에 민감하기보다는 효율성과 맛을 동시에 추구합니다.
2016,윤지원,남자,50대,사무 종사자,대학교 졸업(전문대졸/대학원생 포함),광주광역시,2세대가족,미혼(사별/이혼 포함),맞벌이 하지 않음,500-600만원 미만,3,0.500746269,0.674182638,0.4282988,0.843290891,0.345602606,0.379382159,0.491304348,트렌드 주도형 소비자,"자신의 취향과 경험을 중시하는 소비자 그룹입니다. 단순히 배를 채우는 것 이상의 가치를 추구하며, 새로운 제품을 가장 먼저 경험하고 공유하려는 경향이 강합니다"
2017,윤지호,여자,40대,사무 종사자,고졸(대학 재학 포함),광주광역시,2세대가족,기혼,맞벌이 함,400-500만원 미만,0,0.474626866,0.493423525,0.131679389,0.717923604,0.317915309,0.413051024,0.5,실속형 미식가,편리성을 중시하면서도 새로운 맛과 제품을 시도하는 데 적극적인 소비자 그룹입니다. 가격에 민감하기보다는 효율성과 맛을 동시에 추구합니다.
2018,조예준,여자,20대,사무 종사자,대학교 졸업(전문대졸/대학원생 포함),광주광역시,1세대가족,미혼(사별/이혼 포함),맞벌이 하지 않음,300-400만원 미만,3,0.526119403,0.624201428,0.467011996,0.882468168,0.363192182,0.444290177,0.32173913,트렌드 주도형 소비자,"자신의 취향과 경험을 중시하는 소비자 그룹입니다. 단순히 배를 채우는 것 이상의 가치를 추구하며, 새로운 제품을 가장 먼저 경험하고 공유하려는 경향이 강합니다"
2019,박시우,여자,40대,사무 종사자,대학교 졸업(전문대졸/대학원생 포함),인천광역시,2세대가족,기혼,맞벌이 함,600-700만원 미만,1,0.626865672,0.402480271,0.74263904,0.823702253,0.713355049,0.342589379,0.082608696,건강 추구형 소비자,가격이나 브랜드에 크게 구애받지 않고 건강을 최우선으로 고려하는 프리미엄 소비자 그룹입니다. 건강과 편리성을 모두 만족시키는 제품에 기꺼이 지갑을 엽니다.
2020,최하은,남자,50대,사무 종사자,고졸(대학 재학 포함),광주광역시,2세대가족,기혼,맞벌이 함,400-500만원 미만,0,0.440298507,0.567831642,0.44738277,0.823702253,0.341368078,0.22040958,0.517391304,실속형 미식가,편리성을 중시하면서도 새로운 맛과 제품을 시도하는 데 적극적인 소비자 그룹입니다. 가격에 민감하기보다는 효율성과 맛을 동시에 추구합니다.
2021,최지원,남자,60대 이상,기능원 및 관련 기능 종사자,고졸(대학 재학 포함),서울특별시,1세대가족,기혼,맞벌이 하지 않음,200-300만원 미만,3,0.671641791,0.552799699,0.302889858,0.804113614,0.392508143,0.20826102,0.756521739,트렌드 주도형 소비자,"자신의 취향과 경험을 중시하는 소비자 그룹입니다. 단순히 배를 채우는 것 이상의 가치를 추구하며, 새로운 제품을 가장 먼저 경험하고 공유하려는 경향이 강합니다"
2022,박민서,여자,60대 이상,판매 종사자,고졸(대학 재학 포함),인천광역시,1인 가구,미혼(사별/이혼 포함),맞벌이 하지 않음,200-300만원 미만,1,0.390298507,0.511461856,0.628135224,0.804113614,0.391856678,0.400208261,0.256521739,건강 추구형 소비자,가격이나 브랜드에 크게 구애받지 않고 건강을 최우선으로 고려하는 프리미엄 소비자 그룹입니다. 건강과 편리성을 모두 만족시키는 제품에 기꺼이 지갑을 엽니다.
2023,김서윤,여자,40대,주부,대학교 졸업(전문대졸/대학원생 포함),인천광역시,2세대가족,기혼,맞벌이 하지 않음,700-800만원 미만,1,0.352985075,0.466366028,0.728189749,0.86287953,0.274592834,0.348490108,0.117391304,건강 추구형 소비자,가격이나 브랜드에 크게 구애받지 않고 건강을 최우선으로 고려하는 프리미엄 소비자 그룹입니다. 건강과 편리성을 모두 만족시키는 제품에 기꺼이 지갑을 엽니다.
2024,윤민서,남자,60대 이상,판매 종사자,고졸(대학 재학 포함),부산광역시,1세대가족,기혼,맞벌이 하지 않음,200-300만원 미만,0,0.418656716,0.488913942,0.25436205,0.882468168,0.33029316,0.309267615,0.530434783,실속형 미식가,편리성을 중시하면서도 새로운 맛과 제품을 시도하는 데 적극적인 소비자 그룹입니다. 가격에 민감하기보다는 효율성과 맛을 동시에 추구합니다.
2025,조민준,여자,60대 이상,서비스 종사자,대학교 졸업(전문대졸/대학원생 포함),울산광역시,1인 가구,미혼(사별/이혼 포함),맞벌이 하지 않음,400-500만원 미만,3,0.574626866,0.417512213,0.449018539,0.72575906,0.376221498,0.293300937,0.447826087,트렌드 주도형 소비자,"자신의 취향과 경험을 중시하는 소비자 그룹입니다. 단순히 배를 채우는 것 이상의 가치를 추구하며, 새로운 제품을 가장 먼저 경험하고 공유하려는 경향이 강합니다"
2026,김하은,여자,50대,서비스 종사자,대학교 졸업(전문대졸/대학원생 포함),울산광역시,2세대가족,기혼,맞벌이 함,400-500만원 미만,0,0.144029851,0.601653514,0.418211559,0.843290891,0.248534202,0.284623395,0.452173913,실속형 미식가,편리성을 중시하면서도 새로운 맛과 제품을 시도하는 데 적극적인 소비자 그룹입니다. 가격에 민감하기보다는 효율성과 맛을 동시에 추구합니다.
2027,최서준,남자,50대,사무 종사자,대학교 졸업(전문대졸/대학원생 포함),울산광역시,2세대가족,기혼,맞벌이 함,400-500만원 미만,0,0.352985075,0.625328824,0.456379498,0.86287953,0.309771987,0.236029157,0.413043478,실속형 미식가,편리성을 중시하면서도 새로운 맛과 제품을 시도하는 데 적극적인 소비자 그룹입니다. 가격에 민감하기보다는 효율성과 맛을 동시에 추구합니다.
2028,정예은,여자,30대,사무 종사자,대학교 졸업(전문대졸/대학원생 포함),울산광역시,1세대가족,기혼,맞벌이 함,500-600만원 미만,0,0.412686567,0.564073657,0.147491821,0.686581783,0.210423453,0.199583478,0.508695652,실속형 미식가,편리성을 중시하면서도 새로운 맛과 제품을 시도하는 데 적극적인 소비자 그룹입니다. 가격에 민감하기보다는 효율성과 맛을 동시에 추구합니다.
2029,김민서,여자,50대,사무 종사자,대학교 졸업(전문대졸/대학원생 포함),울산광역시,1세대가족,기혼,맞벌이 함,500-600만원 미만,0,0.28358209,0.575347614,0.383587786,0.764936337,0.296416938,0.323845887,0.47826087,실속형 미식가,편리성을 중시하면서도 새로운 맛과 제품을 시도하는 데 적극적인 소비자 그룹입니다. 가격에 민감하기보다는 효율성과 맛을 동시에 추구합니다.
2030,김민준,여자,40대,서비스 종사자,대학교 졸업(전문대졸/대학원생 포함),울산광역시,1세대가족,기혼,맞벌이 함,500-600만원 미만,0,0.267164179,0.624201428,0.309160305,0.72575906,0.219543974,0.40194377,0.42173913,실속형 미식가,편리성을 중시하면서도 새로운 맛과 제품을 시도하는 데 적극적인 소비자 그룹입니다. 가격에 민감하기보다는 효율성과 맛을 동시에 추구합니다.
2031,정하준,여자,60대 이상,판매 종사자,대학교 졸업(전문대졸/대학원생 포함),경상남도,2세대가족,기혼,맞벌이 함,500-600만원 미만,3,0.936567164,0.477639985,0.343784079,0.823702253,0.447882736,0.406456092,0.91,트렌드 주도형 소비자,"자신의 취향과 경험을 중시하는 소비자 그룹입니다. 단순히 배를 채우는 것 이상의 가치를 추구하며, 새로운 제품을 가장 먼저 경험하고 공유하려는 경향이 강합니다"
2032,정하은,여자,40대,판매 종사자,대학교 졸업(전문대졸/대학원생 포함),경상남도,2세대가족,기혼,맞벌이 함,500-600만원 미만,3,1,0.391206313,0.22655398,0.843290891,0.469055375,0.335994446,0.969565217,트렌드 주도형 소비자,"자신의 취향과 경험을 중시하는 소비자 그룹입니다. 단순히 배를 채우는 것 이상의 가치를 추구하며, 새로운 제품을 가장 먼저 경험하고 공유하려는 경향이 강합니다"
2033,이주원,여자,50대,판매 종사자,고졸(대학 재학 포함),부산광역시,2세대가족,기혼,맞벌이 함,500-600만원 미만,3,0.924626866,0.417512213,0.332061069,0.843290891,0.427361564,0.378340854,0.969565217,트렌드 주도형 소비자,"자신의 취향과 경험을 중시하는 소비자 그룹입니다. 단순히 배를 채우는 것 이상의 가치를 추구하며, 새로운 제품을 가장 먼저 경험하고 공유하려는 경향이 강합니다"
2034,정예준,여자,50대,판매 종사자,고졸(대학 재학 포함),부산광역시,2세대가족,기혼,맞벌이 함,400-500만원 미만,3,0.721641791,0.432544156,0.318429662,0.86287953,0.351791531,0.421381465,1,트렌드 주도형 소비자,"자신의 취향과 경험을 중시하는 소비자 그룹입니다. 단순히 배를 채우는 것 이상의 가치를 추구하며, 새로운 제품을 가장 먼저 경험하고 공유하려는 경향이 강합니다"
2035,윤시우,여자,50대,판매 종사자,고졸(대학 재학 포함),부산광역시,2세대가족,기혼,맞벌이 함,500-600만원 미만,3,0.858955224,0.417512213,0.330152672,0.843290891,0.436156352,0.378340854,0.960869565,트렌드 주도형 소비자,"자신의 취향과 경험을 중시하는 소비자 그룹입니다. 단순히 배를 채우는 것 이상의 가치를 추구하며, 새로운 제품을 가장 먼저 경험하고 공유하려는 경향이 강합니다"
2036,이서연,여자,50대,판매 종사자,고졸(대학 재학 포함),부산광역시,2세대가족,기혼,맞벌이 함,500-600만원 미만,3,0.837313433,0.406238256,0.256543075,0.86287953,0.441368078,0.335300243,0.939130435,트렌드 주도형 소비자,"자신의 취향과 경험을 중시하는 소비자 그룹입니다. 단순히 배를 채우는 것 이상의 가치를 추구하며, 새로운 제품을 가장 먼저 경험하고 공유하려는 경향이 강합니다"
2037,강채원,남자,50대,판매 종사자,고졸(대학 재학 포함),부산광역시,2세대가족,기혼,맞벌이 함,400-500만원 미만,3,0.607462687,0.391957911,0.373773173,0.757100881,0.435504886,0.259632072,0.969565217,트렌드 주도형 소비자,"자신의 취향과 경험을 중시하는 소비자 그룹입니다. 단순히 배를 채우는 것 이상의 가치를 추구하며, 새로운 제품을 가장 먼저 경험하고 공유하려는 경향이 강합니다"
2038,최주원,여자,30대,주부,대학교 졸업(전문대졸/대학원생 포함),부산광역시,2세대가족,기혼,맞벌이 하지 않음,300-400만원 미만,3,0.689552239,0.440060128,0.354689204,0.882468168,0.436156352,0.290871225,0.97826087,트렌드 주도형 소비자,"자신의 취향과 경험을 중시하는 소비자 그룹입니다. 단순히 배를 채우는 것 이상의 가치를 추구하며, 새로운 제품을 가장 먼저 경험하고 공유하려는 경향이 강합니다"
2039,윤시우,여자,50대,주부,고졸(대학 재학 포함),인천광역시,2세대가족,기혼,맞벌이 하지 않음,700-800만원 미만,1,0.326865672,0.374295378,0.583696838,0.760039177,0.481433225,0.482471364,0.330434783,건강 추구형 소비자,가격이나 브랜드에 크게 구애받지 않고 건강을 최우선으로 고려하는 프리미엄 소비자 그룹입니다. 건강과 편리성을 모두 만족시키는 제품에 기꺼이 지갑을 엽니다.
2040,이지우,여자,60대 이상,판매 종사자,고졸(대학 재학 포함),울산광역시,2세대가족,기혼,맞벌이 함,400-500만원 미만,0,0.358208955,0.691845171,0.258178844,0.941234084,0.228338762,0.249913225,0.530434783,실속형 미식가,편리성을 중시하면서도 새로운 맛과 제품을 시도하는 데 적극적인 소비자 그룹입니다. 가격에 민감하기보다는 효율성과 맛을 동시에 추구합니다.
2041,최지원,여자,40대,서비스 종사자,대학교 졸업(전문대졸/대학원생 포함),부산광역시,1세대가족,기혼,맞벌이 함,400-500만원 미만,3,0.612686567,0.398722285,0.184841876,0.86287953,0.456026059,0.282193683,0.960869565,트렌드 주도형 소비자,"자신의 취향과 경험을 중시하는 소비자 그룹입니다. 단순히 배를 채우는 것 이상의 가치를 추구하며, 새로운 제품을 가장 먼저 경험하고 공유하려는 경향이 강합니다"
2042,조건우,남자,50대,서비스 종사자,대학교 졸업(전문대졸/대학원생 포함),울산광역시,1인 가구,기혼,맞벌이 하지 않음,300-400만원 미만,0,0.386567164,0.575347614,0.398854962,0.843290891,0.251140065,0.448802499,0.595652174,실속형 미식가,편리성을 중시하면서도 새로운 맛과 제품을 시도하는 데 적극적인 소비자 그룹입니다. 가격에 민감하기보다는 효율성과 맛을 동시에 추구합니다.
2043,이주원,여자,50대,서비스 종사자,고졸(대학 재학 포함),인천광역시,2세대가족,기혼,맞벌이 함,500-600만원 미만,1,0.401492537,0.432544156,0.612868048,0.843290891,0.471661238,0.456091635,0.230434783,건강 추구형 소비자,가격이나 브랜드에 크게 구애받지 않고 건강을 최우선으로 고려하는 프리미엄 소비자 그룹입니다. 건강과 편리성을 모두 만족시키는 제품에 기꺼이 지갑을 엽니다.
2044,임서연,여자,30대,주부,대학교 졸업(전문대졸/대학원생 포함),부산광역시,2세대가족,기혼,맞벌이 하지 않음,300-400만원 미만,3,0.620895522,0.425028185,0.307524537,0.86287953,0.412052117,0.346407497,0.98826087,트렌드 주도형 소비자,"자신의 취향과 경험을 중시하는 소비자 그룹입니다. 단순히 배를 채우는 것 이상의 가치를 추구하며, 새로운 제품을 가장 먼저 경험하고 공유하려는 경향이 강합니다"
2045,김지호,남자,30대,사무 종사자,대학교 졸업(전문대졸/대학원생 포함),인천광역시,1인 가구,미혼(사별/이혼 포함),맞벌이 하지 않음,300-400만원 미만,0,0.343283582,0.541525742,0.330152672,0.86287953,0.218241042,0.437348143,0.643478261,실속형 미식가,편리성을 중시하면서도 새로운 맛과 제품을 시도하는 데 적극적인 소비자 그룹입니다. 가격에 민감하기보다는 효율성과 맛을 동시에 추구합니다.
2046,최수아,여자,30대,주부,대학교 졸업(전문대졸/대학원생 포함),경상남도,2세대가족,기혼,맞벌이 하지 않음,300-400만원 미만,3,0.729850746,0.425028185,0.337513631,0.86287953,0.451465798,0.322110378,0.98826087,트렌드 주도형 소비자,"자신의 취향과 경험을 중시하는 소비자 그룹입니다. 단순히 배를 채우는 것 이상의 가치를 추구하며, 새로운 제품을 가장 먼저 경험하고 공유하려는 경향이 강합니다"
2047,강예은,여자,60대 이상,판매 종사자,대학교 졸업(전문대졸/대학원생 포함),경상남도,1세대가족,기혼,맞벌이 함,500-600만원 미만,3,0.775373134,0.425028185,0.343784079,0.86287953,0.517589577,0.282193683,0.979565217,트렌드 주도형 소비자,"자신의 취향과 경험을 중시하는 소비자 그룹입니다. 단순히 배를 채우는 것 이상의 가치를 추구하며, 새로운 제품을 가장 먼저 경험하고 공유하려는 경향이 강합니다"
2048,박예준,여자,60대 이상,기능원 및 관련 기능 종사자,고졸(대학 재학 포함),경상남도,2세대가족,기혼,맞벌이 함,500-600만원 미만,1,0.186567164,0.507703871,0.639858233,0.72575906,0.35504886,0.312391531,0.113043478,건강 추구형 소비자,가격이나 브랜드에 크게 구애받지 않고 건강을 최우선으로 고려하는 프리미엄 소비자 그룹입니다. 건강과 편리성을 모두 만족시키는 제품에 기꺼이 지갑을 엽니다.
2049,윤채원,여자,60대 이상,주부,고졸(대학 재학 포함),인천광역시,1세대가족,기혼,맞벌이 하지 않음,300-400만원 미만,3,0.656716418,0.714393085,0.335605234,0.823702253,0.267100977,0.497396737,0.469565217,트렌드 주도형 소비자,"자신의 취향과 경험을 중시하는 소비자 그룹입니다. 단순히 배를 채우는 것 이상의 가치를 추구하며, 새로운 제품을 가장 먼저 경험하고 공유하려는 경향이 강합니다"
2050,정하준,여자,30대,사무 종사자,대학교 졸업(전문대졸/대학원생 포함),인천광역시,2세대가족,기혼,맞벌이 함,600-700만원 미만,3,0.730597015,0.515219842,0.221101418,0.902056807,0.299348534,0.380076362,0.726086957,트렌드 주도형 소비자,"자신의 취향과 경험을 중시하는 소비자 그룹입니다. 단순히 배를 채우는 것 이상의 가치를 추구하며, 새로운 제품을 가장 먼저 경험하고 공유하려는 경향이 강합니다"
2051,박서윤,여자,30대,전문가 및 관련 종사자,대학교 졸업(전문대졸/대학원생 포함),경상남도,1세대가족,미혼(사별/이혼 포함),맞벌이 하지 않음,400-500만원 미만,1,0.186567164,0.552799699,0.591057797,0.804113614,0.384364821,0.280458174,0.13173913,건강 추구형 소비자,가격이나 브랜드에 크게 구애받지 않고 건강을 최우선으로 고려하는 프리미엄 소비자 그룹입니다. 건강과 편리성을 모두 만족시키는 제품에 기꺼이 지갑을 엽니다.
2052,한서연,여자,40대,주부,대학교 졸업(전문대졸/대학원생 포함),인천광역시,2세대가족,기혼,맞벌이 하지 않음,400-500만원 미만,3,0.862686567,0.691845171,0.374591058,0.902056807,0.656677524,0.496702534,0.326086957,트렌드 주도형 소비자,"자신의 취향과 경험을 중시하는 소비자 그룹입니다. 단순히 배를 채우는 것 이상의 가치를 추구하며, 새로운 제품을 가장 먼저 경험하고 공유하려는 경향이 강합니다"
2053,강하준,여자,60대 이상,서비스 종사자,고졸(대학 재학 포함),광주광역시,2세대가족,기혼,맞벌이 함,"900-1,000만원 미만",0,0.402238806,0.433671552,0.387949836,0.823702253,0.322149837,0.338077057,0.526086957,실속형 미식가,편리성을 중시하면서도 새로운 맛과 제품을 시도하는 데 적극적인 소비자 그룹입니다. 가격에 민감하기보다는 효율성과 맛을 동시에 추구합니다.
2054,조민서,여자,60대 이상,주부,대학교 졸업(전문대졸/대학원생 포함),경상남도,2세대가족,기혼,맞벌이 하지 않음,300-400만원 미만,1,0.156716418,0.496429914,0.562704471,0.784524976,0.260586319,0.319333565,0.21,건강 추구형 소비자,가격이나 브랜드에 크게 구애받지 않고 건강을 최우선으로 고려하는 프리미엄 소비자 그룹입니다. 건강과 편리성을 모두 만족시키는 제품에 기꺼이 지갑을 엽니다.
2055,이민준,남자,60대 이상,기능원 및 관련 기능 종사자,고졸(대학 재학 포함),인천광역시,1세대가족,기혼,맞벌이 함,500-600만원 미만,1,0.594776119,0.353626456,0.55561614,0.764936337,0.386644951,0.413051024,0.191304348,건강 추구형 소비자,가격이나 브랜드에 크게 구애받지 않고 건강을 최우선으로 고려하는 프리미엄 소비자 그룹입니다. 건강과 편리성을 모두 만족시키는 제품에 기꺼이 지갑을 엽니다.
2056,임건우,여자,60대 이상,기능원 및 관련 기능 종사자,고졸(대학 재학 포함),인천광역시,1세대가족,기혼,맞벌이 함,400-500만원 미만,3,0.613432836,0.646749342,0.486368593,0.843290891,0.380130293,0.497049636,0.318695652,트렌드 주도형 소비자,"자신의 취향과 경험을 중시하는 소비자 그룹입니다. 단순히 배를 채우는 것 이상의 가치를 추구하며, 새로운 제품을 가장 먼저 경험하고 공유하려는 경향이 강합니다"
2057,한하준,여자,30대,사무 종사자,대학교 졸업(전문대졸/대학원생 포함),광주광역시,1세대가족,기혼,맞벌이 함,400-500만원 미만,0,0.491044776,0.526493799,0.404852781,0.784524976,0.230618893,0.26935092,0.18826087,실속형 미식가,편리성을 중시하면서도 새로운 맛과 제품을 시도하는 데 적극적인 소비자 그룹입니다. 가격에 민감하기보다는 효율성과 맛을 동시에 추구합니다.
2058,정지민,여자,50대,서비스 종사자,고졸(대학 재학 포함),경상북도,1인 가구,미혼(사별/이혼 포함),맞벌이 하지 않음,200-300만원 미만,0,0.247761194,0.295377678,0.028080698,0.681684623,0.095114007,0.490454703,0.82173913,실속형 미식가,편리성을 중시하면서도 새로운 맛과 제품을 시도하는 데 적극적인 소비자 그룹입니다. 가격에 민감하기보다는 효율성과 맛을 동시에 추구합니다.
2059,이서준,여자,50대,주부,대학교 졸업(전문대졸/대학원생 포함),경상남도,2세대가족,기혼,맞벌이 하지 않음,300-400만원 미만,1,0.119402985,0.549041714,0.583424209,0.72575906,0.231270358,0.204790003,0.140434783,건강 추구형 소비자,가격이나 브랜드에 크게 구애받지 않고 건강을 최우선으로 고려하는 프리미엄 소비자 그룹입니다. 건강과 편리성을 모두 만족시키는 제품에 기꺼이 지갑을 엽니다.
2060,한건우,여자,30대,서비스 종사자,대학교 졸업(전문대졸/대학원생 포함),서울특별시,1인 가구,미혼(사별/이혼 포함),맞벌이 하지 않음,300-400만원 미만,3,0.500746269,0.700488538,0.446564885,1,0.343322476,0.555709823,0.483913043,트렌드 주도형 소비자,"자신의 취향과 경험을 중시하는 소비자 그룹입니다. 단순히 배를 채우는 것 이상의 가치를 추구하며, 새로운 제품을 가장 먼저 경험하고 공유하려는 경향이 강합니다"
2061,강지우,여자,30대,사무 종사자,대학교 졸업(전문대졸/대학원생 포함),광주광역시,1세대가족,기혼,맞벌이 함,400-500만원 미만,1,0.450746269,0.447576099,0.651035987,0.902056807,0.177198697,0.40194377,0.305652174,건강 추구형 소비자,가격이나 브랜드에 크게 구애받지 않고 건강을 최우선으로 고려하는 프리미엄 소비자 그룹입니다. 건강과 편리성을 모두 만족시키는 제품에 기꺼이 지갑을 엽니다.
2062,조서준,여자,50대,기능원 및 관련 기능 종사자,고졸(대학 재학 포함),인천광역시,2세대가족,기혼,맞벌이 함,600-700만원 미만,3,0.535820896,0.571589628,0.555070883,0.823702253,0.404234528,0.223186394,0.595652174,트렌드 주도형 소비자,"자신의 취향과 경험을 중시하는 소비자 그룹입니다. 단순히 배를 채우는 것 이상의 가치를 추구하며, 새로운 제품을 가장 먼저 경험하고 공유하려는 경향이 강합니다"
2063,정지원,여자,50대,사무 종사자,고졸(대학 재학 포함),경상남도,2세대가족,기혼,맞벌이 함,500-600만원 미만,1,0.171641791,0.530251785,0.570065431,0.764936337,0.28990228,0.248177716,0.182608696,건강 추구형 소비자,가격이나 브랜드에 크게 구애받지 않고 건강을 최우선으로 고려하는 프리미엄 소비자 그룹입니다. 건강과 편리성을 모두 만족시키는 제품에 기꺼이 지갑을 엽니다.
2064,이서윤,여자,60대 이상,주부,고졸(대학 재학 포함),인천광역시,1세대가족,기혼,맞벌이 하지 않음,300-400만원 미만,0,0.234328358,0.580232995,0.357415485,0.784524976,0.191856678,0.178063173,0.592608696,실속형 미식가,편리성을 중시하면서도 새로운 맛과 제품을 시도하는 데 적극적인 소비자 그룹입니다. 가격에 민감하기보다는 효율성과 맛을 동시에 추구합니다.
2065,최민서,여자,50대,사무 종사자,대학교 졸업(전문대졸/대학원생 포함),서울특별시,2세대가족,미혼(사별/이혼 포함),맞벌이 하지 않음,300-400만원 미만,0,0.428358209,0.691845171,0.461014177,0.882468168,0.213029316,0.47344672,0.408695652,실속형 미식가,편리성을 중시하면서도 새로운 맛과 제품을 시도하는 데 적극적인 소비자 그룹입니다. 가격에 민감하기보다는 효율성과 맛을 동시에 추구합니다.
2066,최하은,여자,50대,사무 종사자,대학교 졸업(전문대졸/대학원생 포함),광주광역시,2세대가족,기혼,맞벌이 함,400-500만원 미만,3,0.504477612,0.428786171,0.282988004,0.902056807,0.331921824,0.199583478,0.526086957,트렌드 주도형 소비자,"자신의 취향과 경험을 중시하는 소비자 그룹입니다. 단순히 배를 채우는 것 이상의 가치를 추구하며, 새로운 제품을 가장 먼저 경험하고 공유하려는 경향이 강합니다"
2067,한서연,여자,50대,사무 종사자,고졸(대학 재학 포함),경상남도,2세대가족,기혼,맞벌이 함,600-700만원 미만,1,0.156716418,0.605411499,0.549073064,0.784524976,0.260586319,0.239500174,0.143478261,건강 추구형 소비자,가격이나 브랜드에 크게 구애받지 않고 건강을 최우선으로 고려하는 프리미엄 소비자 그룹입니다. 건강과 편리성을 모두 만족시키는 제품에 기꺼이 지갑을 엽니다.
2068,조준서,여자,50대,사무 종사자,대학교 졸업(전문대졸/대학원생 포함),경상남도,1세대가족,기혼,맞벌이 함,500-600만원 미만,1,0.186567164,0.595264938,0.493729553,0.764936337,0.237785016,0.206525512,0.173913043,건강 추구형 소비자,가격이나 브랜드에 크게 구애받지 않고 건강을 최우선으로 고려하는 프리미엄 소비자 그룹입니다. 건강과 편리성을 모두 만족시키는 제품에 기꺼이 지갑을 엽니다.
2069,김하준,여자,50대,판매 종사자,고졸(대학 재학 포함),광주광역시,2세대가족,기혼,맞벌이 함,300-400만원 미만,1,0.425373134,0.372416385,0.482551799,0.86287953,0.429315961,0.251995835,0.265217391,건강 추구형 소비자,가격이나 브랜드에 크게 구애받지 않고 건강을 최우선으로 고려하는 프리미엄 소비자 그룹입니다. 건강과 편리성을 모두 만족시키는 제품에 기꺼이 지갑을 엽니다.
2070,강주원,여자,50대,서비스 종사자,고졸(대학 재학 포함),경상남도,2세대가족,기혼,맞벌이 함,500-600만원 미만,1,0.171641791,0.605411499,0.532442748,0.784524976,0.281107492,0.187434918,0.201304348,건강 추구형 소비자,가격이나 브랜드에 크게 구애받지 않고 건강을 최우선으로 고려하는 프리미엄 소비자 그룹입니다. 건강과 편리성을 모두 만족시키는 제품에 기꺼이 지갑을 엽니다.
2071,강하준,여자,50대,사무 종사자,대학교 졸업(전문대졸/대학원생 포함),광주광역시,2세대가족,미혼(사별/이혼 포함),맞벌이 하지 않음,300-400만원 미만,1,0.341791045,0.516347238,0.618320611,0.843290891,0.14267101,0.359597362,0.147826087,건강 추구형 소비자,가격이나 브랜드에 크게 구애받지 않고 건강을 최우선으로 고려하는 프리미엄 소비자 그룹입니다. 건강과 편리성을 모두 만족시키는 제품에 기꺼이 지갑을 엽니다.
2072,정지호,여자,60대 이상,단순노무 종사자,중졸 이하,광주광역시,1세대가족,기혼,맞벌이 함,400-500만원 미만,1,0.425373134,0.436302142,0.479825518,0.921645446,0.215960912,0.330787921,0.226086957,건강 추구형 소비자,가격이나 브랜드에 크게 구애받지 않고 건강을 최우선으로 고려하는 프리미엄 소비자 그룹입니다. 건강과 편리성을 모두 만족시키는 제품에 기꺼이 지갑을 엽니다.
2073,강지원,남자,50대,기능원 및 관련 기능 종사자,고졸(대학 재학 포함),부산광역시,1인 가구,미혼(사별/이혼 포함),맞벌이 하지 않음,100-200만원 미만,3,0.625373134,0.627959414,0.27480916,0.843290891,0.380781759,0.444290177,0.543478261,트렌드 주도형 소비자,"자신의 취향과 경험을 중시하는 소비자 그룹입니다. 단순히 배를 채우는 것 이상의 가치를 추구하며, 새로운 제품을 가장 먼저 경험하고 공유하려는 경향이 강합니다"
2074,최시우,여자,60대 이상,기능원 및 관련 기능 종사자,고졸(대학 재학 포함),인천광역시,1세대가족,기혼,맞벌이 하지 않음,300-400만원 미만,3,0.596268657,0.492671928,0.422028353,0.882468168,0.355700326,0.6733773,0.6,트렌드 주도형 소비자,"자신의 취향과 경험을 중시하는 소비자 그룹입니다. 단순히 배를 채우는 것 이상의 가치를 추구하며, 새로운 제품을 가장 먼저 경험하고 공유하려는 경향이 강합니다"
2075,한준서,여자,40대,서비스 종사자,고졸(대학 재학 포함),서울특별시,1인 가구,미혼(사별/이혼 포함),맞벌이 하지 않음,300-400만원 미만,3,0.837313433,0.490041338,0.474645583,0.843290891,0.653094463,0.262061784,0.617391304,트렌드 주도형 소비자,"자신의 취향과 경험을 중시하는 소비자 그룹입니다. 단순히 배를 채우는 것 이상의 가치를 추구하며, 새로운 제품을 가장 먼저 경험하고 공유하려는 경향이 강합니다"
2076,강예은,여자,50대,사무 종사자,대학교 졸업(전문대졸/대학원생 포함),인천광역시,2세대가족,기혼,맞벌이 함,500-600만원 미만,3,0.602985075,0.466366028,0.273991276,0.843290891,0.23713355,0.383200278,0.479565217,트렌드 주도형 소비자,"자신의 취향과 경험을 중시하는 소비자 그룹입니다. 단순히 배를 채우는 것 이상의 가치를 추구하며, 새로운 제품을 가장 먼저 경험하고 공유하려는 경향이 강합니다"
2077,윤수아,여자,40대,판매 종사자,고졸(대학 재학 포함),부산광역시,2세대가족,기혼,맞벌이 함,400-500만원 미만,3,0.828358209,0.767004885,0.299345692,0.902056807,0.427687296,0.413745227,0.539130435,트렌드 주도형 소비자,"자신의 취향과 경험을 중시하는 소비자 그룹입니다. 단순히 배를 채우는 것 이상의 가치를 추구하며, 새로운 제품을 가장 먼저 경험하고 공유하려는 경향이 강합니다"
2078,최서연,여자,30대,사무 종사자,대학교 졸업(전문대졸/대학원생 포함),서울특별시,1인 가구,미혼(사별/이혼 포함),맞벌이 하지 않음,300-400만원 미만,3,0.560447761,0.542653138,0.564612868,0.86287953,0.582736156,0.268309615,0.53173913,트렌드 주도형 소비자,"자신의 취향과 경험을 중시하는 소비자 그룹입니다. 단순히 배를 채우는 것 이상의 가치를 추구하며, 새로운 제품을 가장 먼저 경험하고 공유하려는 경향이 강합니다"
2079,임지민,여자,30대,사무 종사자,대학교 졸업(전문대졸/대학원생 포함),서울특별시,1세대가족,기혼,맞벌이 함,600-700만원 미만,3,0.607462687,0.625328824,0.554252999,0.882468168,0.451791531,0.298507463,0.547826087,트렌드 주도형 소비자,"자신의 취향과 경험을 중시하는 소비자 그룹입니다. 단순히 배를 채우는 것 이상의 가치를 추구하며, 새로운 제품을 가장 먼저 경험하고 공유하려는 경향이 강합니다"
2080,최수아,여자,50대,기능원 및 관련 기능 종사자,고졸(대학 재학 포함),부산광역시,2세대가족,기혼,맞벌이 함,400-500만원 미만,3,0.910447761,0.635475385,0.340239913,0.86287953,0.522149837,0.439777855,0.647826087,트렌드 주도형 소비자,"자신의 취향과 경험을 중시하는 소비자 그룹입니다. 단순히 배를 채우는 것 이상의 가치를 추구하며, 새로운 제품을 가장 먼저 경험하고 공유하려는 경향이 강합니다"
2081,김건우,여자,60대 이상,판매 종사자,고졸(대학 재학 포함),인천광역시,2세대가족,미혼(사별/이혼 포함),맞벌이 하지 않음,400-500만원 미만,3,0.519402985,0.432544156,0.584514722,0.902056807,0.387296417,0.564734467,0.417391304,트렌드 주도형 소비자,"자신의 취향과 경험을 중시하는 소비자 그룹입니다. 단순히 배를 채우는 것 이상의 가치를 추구하며, 새로운 제품을 가장 먼저 경험하고 공유하려는 경향이 강합니다"
2082,조도윤,여자,50대,서비스 종사자,고졸(대학 재학 포함),강원도,2세대가족,기혼,맞벌이 함,500-600만원 미만,3,0.65,0.568959038,0.441112323,0.86287953,0.531596091,0.352308226,0.617391304,트렌드 주도형 소비자,"자신의 취향과 경험을 중시하는 소비자 그룹입니다. 단순히 배를 채우는 것 이상의 가치를 추구하며, 새로운 제품을 가장 먼저 경험하고 공유하려는 경향이 강합니다"
2083,강민서,남자,40대,사무 종사자,대학교 졸업(전문대졸/대학원생 포함),경기도,2세대가족,기혼,맞벌이 함,500-600만원 미만,0,0.364925373,0.423149192,0.338876772,0.85798237,0.351465798,0.523429365,0.373913043,실속형 미식가,편리성을 중시하면서도 새로운 맛과 제품을 시도하는 데 적극적인 소비자 그룹입니다. 가격에 민감하기보다는 효율성과 맛을 동시에 추구합니다.
2084,조지우,남자,30대,기능원 및 관련 기능 종사자,대학교 졸업(전문대졸/대학원생 포함),울산광역시,1세대가족,기혼,맞벌이 함,700-800만원 미만,3,0.505970149,0.609169485,0.37568157,0.86287953,0.317915309,0.271780632,0.636086957,트렌드 주도형 소비자,"자신의 취향과 경험을 중시하는 소비자 그룹입니다. 단순히 배를 채우는 것 이상의 가치를 추구하며, 새로운 제품을 가장 먼저 경험하고 공유하려는 경향이 강합니다"
2085,임채원,여자,60대 이상,판매 종사자,고졸(대학 재학 포함),경기도,1세대가족,기혼,맞벌이 함,400-500만원 미만,3,0.517164179,0.601653514,0.525627045,0.86287953,0.30228013,0.496355432,0.379565217,트렌드 주도형 소비자,"자신의 취향과 경험을 중시하는 소비자 그룹입니다. 단순히 배를 채우는 것 이상의 가치를 추구하며, 새로운 제품을 가장 먼저 경험하고 공유하려는 경향이 강합니다"
2086,한하은,여자,60대 이상,단순노무 종사자,고졸(대학 재학 포함),광주광역시,1인 가구,미혼(사별/이혼 포함),맞벌이 하지 않음,100-200만원 미만,1,0.502238806,0.413754228,0.740458015,0.902056807,0.209446254,0.215203054,0.139130435,건강 추구형 소비자,가격이나 브랜드에 크게 구애받지 않고 건강을 최우선으로 고려하는 프리미엄 소비자 그룹입니다. 건강과 편리성을 모두 만족시키는 제품에 기꺼이 지갑을 엽니다.
2087,조예은,여자,60대 이상,서비스 종사자,고졸(대학 재학 포함),울산광역시,1세대가족,기혼,맞벌이 함,400-500만원 미만,3,0.721641791,0.718151071,0.467011996,0.882468168,0.443648208,0.26726831,0.530434783,트렌드 주도형 소비자,"자신의 취향과 경험을 중시하는 소비자 그룹입니다. 단순히 배를 채우는 것 이상의 가치를 추구하며, 새로운 제품을 가장 먼저 경험하고 공유하려는 경향이 강합니다"
2088,조시우,여자,50대,주부,대학교 졸업(전문대졸/대학원생 포함),인천광역시,1세대가족,기혼,맞벌이 하지 않음,400-500만원 미만,0,0.425373134,0.636602781,0.032715376,0.804113614,0.172638436,0.42450538,0.530434783,실속형 미식가,편리성을 중시하면서도 새로운 맛과 제품을 시도하는 데 적극적인 소비자 그룹입니다. 가격에 민감하기보다는 효율성과 맛을 동시에 추구합니다.
2089,한서준,남자,60대 이상,기능원 및 관련 기능 종사자,고졸(대학 재학 포함),울산광역시,1세대가족,기혼,맞벌이 하지 않음,300-400만원 미만,3,0.601492537,0.646749342,0.370229008,0.823702253,0.35732899,0.265879903,0.530434783,트렌드 주도형 소비자,"자신의 취향과 경험을 중시하는 소비자 그룹입니다. 단순히 배를 채우는 것 이상의 가치를 추구하며, 새로운 제품을 가장 먼저 경험하고 공유하려는 경향이 강합니다"
2090,김서준,여자,50대,판매 종사자,대학교 졸업(전문대졸/대학원생 포함),인천광역시,2세대가족,기혼,맞벌이 함,700-800만원 미만,1,0.473880597,0.490792935,0.711014177,0.85798237,0.709771987,0.317250955,0.2,건강 추구형 소비자,가격이나 브랜드에 크게 구애받지 않고 건강을 최우선으로 고려하는 프리미엄 소비자 그룹입니다. 건강과 편리성을 모두 만족시키는 제품에 기꺼이 지갑을 엽니다.
2091,강예은,여자,30대,사무 종사자,대학교 졸업(전문대졸/대학원생 포함),서울특별시,1인 가구,미혼(사별/이혼 포함),맞벌이 하지 않음,300-400만원 미만,0,0.332835821,0.466366028,0.30561614,0.86287953,0.16970684,0.190905935,0.786956522,실속형 미식가,편리성을 중시하면서도 새로운 맛과 제품을 시도하는 데 적극적인 소비자 그룹입니다. 가격에 민감하기보다는 효율성과 맛을 동시에 추구합니다.
2092,조예준,여자,60대 이상,서비스 종사자,대학교 졸업(전문대졸/대학원생 포함),서울특별시,1세대가족,기혼,맞벌이 함,600-700만원 미만,0,0.264179104,0.376174371,0.263904035,0.823702253,0.209446254,0.170079833,0.826086957,실속형 미식가,편리성을 중시하면서도 새로운 맛과 제품을 시도하는 데 적극적인 소비자 그룹입니다. 가격에 민감하기보다는 효율성과 맛을 동시에 추구합니다.
2093,정건우,여자,50대,판매 종사자,고졸(대학 재학 포함),부산광역시,2세대가족,기혼,맞벌이 함,300-400만원 미만,3,0.858208955,0.537767756,0.308887677,0.921645446,0.450488599,0.270739327,0.743478261,트렌드 주도형 소비자,"자신의 취향과 경험을 중시하는 소비자 그룹입니다. 단순히 배를 채우는 것 이상의 가치를 추구하며, 새로운 제품을 가장 먼저 경험하고 공유하려는 경향이 강합니다"
2094,조하은,여자,40대,판매 종사자,대학교 졸업(전문대졸/대학원생 포함),부산광역시,2세대가족,기혼,맞벌이 함,400-500만원 미만,3,0.752985075,0.688087185,0.13304253,0.804113614,0.315635179,0.225616106,0.473913043,트렌드 주도형 소비자,"자신의 취향과 경험을 중시하는 소비자 그룹입니다. 단순히 배를 채우는 것 이상의 가치를 추구하며, 새로운 제품을 가장 먼저 경험하고 공유하려는 경향이 강합니다"
2095,강민서,여자,30대,주부,대학교 졸업(전문대졸/대학원생 포함),인천광역시,1세대가족,기혼,맞벌이 하지 않음,400-500만원 미만,1,0.535820896,0.396091695,0.728189749,0.745347698,0.703908795,0.271780632,0.1,건강 추구형 소비자,가격이나 브랜드에 크게 구애받지 않고 건강을 최우선으로 고려하는 프리미엄 소비자 그룹입니다. 건강과 편리성을 모두 만족시키는 제품에 기꺼이 지갑을 엽니다.
2096,김민서,여자,30대,판매 종사자,대학교 졸업(전문대졸/대학원생 포함),부산광역시,3세대가족,기혼,맞벌이 함,400-500만원 미만,3,0.838059701,0.800826757,0.32742639,0.921645446,0.382084691,0.246442208,0.526086957,트렌드 주도형 소비자,"자신의 취향과 경험을 중시하는 소비자 그룹입니다. 단순히 배를 채우는 것 이상의 가치를 추구하며, 새로운 제품을 가장 먼저 경험하고 공유하려는 경향이 강합니다"
2097,최서준,여자,40대,사무 종사자,대학교 졸업(전문대졸/대학원생 포함),경기도,2세대가족,기혼,맞벌이 함,600-700만원 미만,3,0.440298507,0.590379557,0.492911668,0.764936337,0.381433225,0.257896564,0.586956522,트렌드 주도형 소비자,"자신의 취향과 경험을 중시하는 소비자 그룹입니다. 단순히 배를 채우는 것 이상의 가치를 추구하며, 새로운 제품을 가장 먼저 경험하고 공유하려는 경향이 강합니다"
2098,박하은,여자,40대,사무 종사자,대학교 졸업(전문대졸/대학원생 포함),경기도,2세대가족,기혼,맞벌이 함,600-700만원 미만,3,0.554477612,0.451334085,0.465648855,0.804113614,0.430618893,0.263797293,0.652173913,트렌드 주도형 소비자,"자신의 취향과 경험을 중시하는 소비자 그룹입니다. 단순히 배를 채우는 것 이상의 가치를 추구하며, 새로운 제품을 가장 먼저 경험하고 공유하려는 경향이 강합니다"
2099,최서연,여자,60대 이상,주부,고졸(대학 재학 포함),인천광역시,1세대가족,기혼,맞벌이 하지 않음,300-400만원 미만,1,0.452238806,0.409996242,0.75736096,0.843290891,0.855700326,0.373828532,0.091304348,건강 추구형 소비자,가격이나 브랜드에 크게 구애받지 않고 건강을 최우선으로 고려하는 프리미엄 소비자 그룹입니다. 건강과 편리성을 모두 만족시키는 제품에 기꺼이 지갑을 엽니다.
2100,조지민,남자,40대,판매 종사자,대학교 졸업(전문대졸/대학원생 포함),전라남도,2세대가족,기혼,맞벌이 함,400-500만원 미만,0,0.405223881,0.446824502,0.417938931,0.818805093,0.326710098,0.453314821,0.540434783,실속형 미식가,편리성을 중시하면서도 새로운 맛과 제품을 시도하는 데 적극적인 소비자 그룹입니다. 가격에 민감하기보다는 효율성과 맛을 동시에 추구합니다.
2101,이주원,여자,60대 이상,주부,중졸 이하,전라남도,1세대가족,기혼,맞벌이 하지 않음,200-300만원 미만,1,0.541044776,0.437429538,0.62431843,0.86287953,0.327361564,0.311003124,0.152173913,건강 추구형 소비자,가격이나 브랜드에 크게 구애받지 않고 건강을 최우선으로 고려하는 프리미엄 소비자 그룹입니다. 건강과 편리성을 모두 만족시키는 제품에 기꺼이 지갑을 엽니다.
2102,이민준,여자,40대,사무 종사자,대학교 졸업(전문대졸/대학원생 포함),경기도,2세대가족,기혼,맞벌이 함,500-600만원 미만,3,0.651492537,0.560315671,0.258451472,0.843290891,0.366775244,0.190905935,0.736086957,트렌드 주도형 소비자,"자신의 취향과 경험을 중시하는 소비자 그룹입니다. 단순히 배를 채우는 것 이상의 가치를 추구하며, 새로운 제품을 가장 먼저 경험하고 공유하려는 경향이 강합니다"
2103,한지민,여자,50대,판매 종사자,고졸(대학 재학 포함),전라남도,1인 가구,미혼(사별/이혼 포함),맞벌이 하지 않음,100-200만원 미만,1,0.392537313,0.414881623,0.517993457,0.823702253,0.223452769,0.310656022,0.291304348,건강 추구형 소비자,가격이나 브랜드에 크게 구애받지 않고 건강을 최우선으로 고려하는 프리미엄 소비자 그룹입니다. 건강과 편리성을 모두 만족시키는 제품에 기꺼이 지갑을 엽니다.
2104,임건우,여자,50대,사무 종사자,대학교 졸업(전문대졸/대학원생 포함),경기도,2세대가족,기혼,맞벌이 함,500-600만원 미만,3,0.656716418,0.534009771,0.390676118,0.843290891,0.445928339,0.249913225,0.766521739,트렌드 주도형 소비자,"자신의 취향과 경험을 중시하는 소비자 그룹입니다. 단순히 배를 채우는 것 이상의 가치를 추구하며, 새로운 제품을 가장 먼저 경험하고 공유하려는 경향이 강합니다"
2105,윤하준,남자,60대 이상,단순노무 종사자,고졸(대학 재학 포함),전라남도,1세대가족,기혼,맞벌이 함,200-300만원 미만,0,0.044776119,0.499436302,0.390676118,0.838393732,0.254071661,0.534536619,0.37826087,실속형 미식가,편리성을 중시하면서도 새로운 맛과 제품을 시도하는 데 적극적인 소비자 그룹입니다. 가격에 민감하기보다는 효율성과 맛을 동시에 추구합니다.
2106,정지민,여자,60대 이상,농림어업 숙련 종사자,중졸 이하,전라남도,1세대가족,기혼,맞벌이 함,300-400만원 미만,1,0.470895522,0.437429538,0.626499455,0.764936337,0.207166124,0.27351614,0.152173913,건강 추구형 소비자,가격이나 브랜드에 크게 구애받지 않고 건강을 최우선으로 고려하는 프리미엄 소비자 그룹입니다. 건강과 편리성을 모두 만족시키는 제품에 기꺼이 지갑을 엽니다.
2107,박민서,여자,60대 이상,농림어업 숙련 종사자,중졸 이하,전라남도,1인 가구,미혼(사별/이혼 포함),맞벌이 하지 않음,100-200만원 미만,0,0.391791045,0.493799324,0.428026172,0.764936337,0.187296417,0.309961819,0.295652174,실속형 미식가,편리성을 중시하면서도 새로운 맛과 제품을 시도하는 데 적극적인 소비자 그룹입니다. 가격에 민감하기보다는 효율성과 맛을 동시에 추구합니다.
2108,윤서연,여자,50대,주부,고졸(대학 재학 포함),서울특별시,1세대가족,기혼,맞벌이 하지 않음,400-500만원 미만,0,0.314179104,0.575347614,0.52917121,0.843290891,0.335179153,0.447414092,0.417391304,실속형 미식가,편리성을 중시하면서도 새로운 맛과 제품을 시도하는 데 적극적인 소비자 그룹입니다. 가격에 민감하기보다는 효율성과 맛을 동시에 추구합니다.
2109,한지호,남자,30대,서비스 종사자,대학교 졸업(전문대졸/대학원생 포함),서울특별시,1인 가구,미혼(사별/이혼 포함),맞벌이 하지 않음,200-300만원 미만,0,0.500746269,0.625328824,0.179934569,0.980411361,0.322801303,0.575841722,0.508695652,실속형 미식가,편리성을 중시하면서도 새로운 맛과 제품을 시도하는 데 적극적인 소비자 그룹입니다. 가격에 민감하기보다는 효율성과 맛을 동시에 추구합니다.
2110,윤지우,여자,60대 이상,서비스 종사자,대학교 졸업(전문대졸/대학원생 포함),서울특별시,2세대가족,기혼,맞벌이 함,800-900만원 미만,3,0.473134328,0.556557685,0.572791712,0.764936337,0.42019544,0.516487331,0.483913043,트렌드 주도형 소비자,"자신의 취향과 경험을 중시하는 소비자 그룹입니다. 단순히 배를 채우는 것 이상의 가치를 추구하며, 새로운 제품을 가장 먼저 경험하고 공유하려는 경향이 강합니다"
2111,박민준,남자,30대,사무 종사자,대학교 졸업(전문대졸/대학원생 포함),서울특별시,1인 가구,미혼(사별/이혼 포함),맞벌이 하지 않음,300-400만원 미만,0,0.460447761,0.557685081,0.30261723,0.960822723,0.393159609,0.507809788,0.418695652,실속형 미식가,편리성을 중시하면서도 새로운 맛과 제품을 시도하는 데 적극적인 소비자 그룹입니다. 가격에 민감하기보다는 효율성과 맛을 동시에 추구합니다.
2112,박지우,여자,60대 이상,단순노무 종사자,고졸(대학 재학 포함),서울특별시,2세대가족,기혼,맞벌이 함,"900-1,000만원 미만",1,0.429850746,0.556557685,0.600054526,0.902056807,0.337459283,0.470669906,0.395652174,건강 추구형 소비자,가격이나 브랜드에 크게 구애받지 않고 건강을 최우선으로 고려하는 프리미엄 소비자 그룹입니다. 건강과 편리성을 모두 만족시키는 제품에 기꺼이 지갑을 엽니다.
2113,박서윤,여자,30대,사무 종사자,대학교 졸업(전문대졸/대학원생 포함),서울특별시,1세대가족,기혼,맞벌이 함,500-600만원 미만,3,0.564179104,0.493799324,0.294438386,0.902056807,0.448208469,0.476917737,0.505652174,트렌드 주도형 소비자,"자신의 취향과 경험을 중시하는 소비자 그룹입니다. 단순히 배를 채우는 것 이상의 가치를 추구하며, 새로운 제품을 가장 먼저 경험하고 공유하려는 경향이 강합니다"
2114,한민준,남자,30대,사무 종사자,대학교 졸업(전문대졸/대학원생 포함),서울특별시,1인 가구,미혼(사별/이혼 포함),맞벌이 하지 않음,300-400만원 미만,0,0.452238806,0.685456595,0.185387132,0.960822723,0.34723127,0.445678584,0.365217391,실속형 미식가,편리성을 중시하면서도 새로운 맛과 제품을 시도하는 데 적극적인 소비자 그룹입니다. 가격에 민감하기보다는 효율성과 맛을 동시에 추구합니다.
2115,정주원,여자,60대 이상,주부,고졸(대학 재학 포함),서울특별시,1세대가족,기혼,맞벌이 하지 않음,200-300만원 미만,0,0.36641791,0.635475385,0.473827699,0.86287953,0.336807818,0.478653245,0.352173913,실속형 미식가,편리성을 중시하면서도 새로운 맛과 제품을 시도하는 데 적극적인 소비자 그룹입니다. 가격에 민감하기보다는 효율성과 맛을 동시에 추구합니다.
2116,최예은,여자,40대,주부,고졸(대학 재학 포함),서울특별시,2세대가족,기혼,맞벌이 하지 않음,300-400만원 미만,3,0.549253731,0.620443442,0.411123228,0.960822723,0.366775244,0.516140229,0.536086957,트렌드 주도형 소비자,"자신의 취향과 경험을 중시하는 소비자 그룹입니다. 단순히 배를 채우는 것 이상의 가치를 추구하며, 새로운 제품을 가장 먼저 경험하고 공유하려는 경향이 강합니다"
2117,정서연,여자,60대 이상,판매 종사자,고졸(대학 재학 포함),서울특별시,1인 가구,미혼(사별/이혼 포함),맞벌이 하지 않음,100-200만원 미만,0,0.435074627,0.522735814,0.318974918,0.882468168,0.441693811,0.409232905,0.349130435,실속형 미식가,편리성을 중시하면서도 새로운 맛과 제품을 시도하는 데 적극적인 소비자 그룹입니다. 가격에 민감하기보다는 효율성과 맛을 동시에 추구합니다.
2118,윤채원,여자,30대,사무 종사자,대학교 졸업(전문대졸/대학원생 포함),서울특별시,1세대가족,기혼,맞벌이 함,500-600만원 미만,0,0.452238806,0.557685081,0.215376227,0.980411361,0.41237785,0.371745922,0.460869565,실속형 미식가,편리성을 중시하면서도 새로운 맛과 제품을 시도하는 데 적극적인 소비자 그룹입니다. 가격에 민감하기보다는 효율성과 맛을 동시에 추구합니다.
2119,임채원,남자,40대,서비스 종사자,고졸(대학 재학 포함),강원도,1인 가구,미혼(사별/이혼 포함),맞벌이 하지 않음,400-500만원 미만,1,0.285820896,0.401728673,0.539258451,0.701273262,0.39771987,0.408885804,0.156521739,건강 추구형 소비자,가격이나 브랜드에 크게 구애받지 않고 건강을 최우선으로 고려하는 프리미엄 소비자 그룹입니다. 건강과 편리성을 모두 만족시키는 제품에 기꺼이 지갑을 엽니다.
2120,최지민,여자,50대,서비스 종사자,고졸(대학 재학 포함),제주특별자치도,2세대가족,기혼,맞벌이 함,500-600만원 미만,0,0.454477612,0.389327321,0.41521265,0.838393732,0.205863192,0.395001736,0.48826087,실속형 미식가,편리성을 중시하면서도 새로운 맛과 제품을 시도하는 데 적극적인 소비자 그룹입니다. 가격에 민감하기보다는 효율성과 맛을 동시에 추구합니다.
2121,임도윤,여자,20대,서비스 종사자,대학교 졸업(전문대졸/대학원생 포함),제주특별자치도,1인 가구,미혼(사별/이혼 포함),맞벌이 하지 않음,100-200만원 미만,0,0.265671642,0.402480271,0.340512541,0.784524976,0.15504886,0.374522735,0.473913043,실속형 미식가,편리성을 중시하면서도 새로운 맛과 제품을 시도하는 데 적극적인 소비자 그룹입니다. 가격에 민감하기보다는 효율성과 맛을 동시에 추구합니다.
2122,박예준,남자,50대,단순노무 종사자,고졸(대학 재학 포함),제주특별자치도,1인 가구,미혼(사별/이혼 포함),맞벌이 하지 않음,200-300만원 미만,0,0.111940299,0.382938745,0.215376227,0.740450539,0.182410423,0.601180146,0.439130435,실속형 미식가,편리성을 중시하면서도 새로운 맛과 제품을 시도하는 데 적극적인 소비자 그룹입니다. 가격에 민감하기보다는 효율성과 맛을 동시에 추구합니다.
2123,정건우,여자,50대,서비스 종사자,고졸(대학 재학 포함),제주특별자치도,2세대가족,미혼(사별/이혼 포함),맞벌이 하지 않음,200-300만원 미만,0,0.479850746,0.584742578,0.293347874,0.681684623,0.334201954,0.300937175,0.252173913,실속형 미식가,편리성을 중시하면서도 새로운 맛과 제품을 시도하는 데 적극적인 소비자 그룹입니다. 가격에 민감하기보다는 효율성과 맛을 동시에 추구합니다.
2124,김하준,여자,50대,서비스 종사자,대학교 졸업(전문대졸/대학원생 포함),제주특별자치도,2세대가족,기혼,맞벌이 함,500-600만원 미만,0,0.282835821,0.594137542,0.4195747,0.882468168,0.380781759,0.388753905,0.382608696,실속형 미식가,편리성을 중시하면서도 새로운 맛과 제품을 시도하는 데 적극적인 소비자 그룹입니다. 가격에 민감하기보다는 효율성과 맛을 동시에 추구합니다.
