id,gender,age,job,education,region,household,marriage,income_status,income_month,cluster,brand_loyalty_scaled,cooking_convenience_scaled,health_orientation_scaled,hmr_preference_scaled,premium_orientation_scaled,price_sensitivity_scaled,variety_seeking_scaled,label,description
1,여자,50대,단순노무 종사자,고졸(대학 재학 포함),부산광역시,1인 가구,미혼(사별/이혼 포함),맞벌이 하지 않음,100-200만원 미만,3,0.5395522388059701,0.5978955279969934,0.3705016357688113,0.8041136141038193,0.4687296416938111,0.3158625477264835,0.4086956521739129,트렌드 주도형 소비자,"자신의 취향과 경험을 중시하는 소비자 그룹입니다. 단순히 배를 채우는 것 이상의 가치를 추구하며, 새로운 제품을 가장 먼저 경험하고 공유하려는 경향이 강합니다"
2,남자,30대,기능원 및 관련 기능 종사자,고졸(대학 재학 포함),울산광역시,1인 가구,미혼(사별/이혼 포함),맞벌이 하지 않음,300-400만원 미만,3,0.8813432835820895,0.6629086809470122,0.5013631406761172,0.9020568070519096,0.6495114006514657,0.3509198195071151,0.5665217391304348,트렌드 주도형 소비자,"자신의 취향과 경험을 중시하는 소비자 그룹입니다. 단순히 배를 채우는 것 이상의 가치를 추구하며, 새로운 제품을 가장 먼저 경험하고 공유하려는 경향이 강합니다"
3,남자,30대,판매 종사자,대학교 졸업(전문대졸/대학원생 포함),울산광역시,2세대가족,기혼,맞벌이 함,600-700만원 미만,3,0.8746268656716418,0.6805712138293873,0.4910032715376229,0.9216454456415274,0.614983713355049,0.3342589378687952,0.5304347826086953,트렌드 주도형 소비자,"자신의 취향과 경험을 중시하는 소비자 그룹입니다. 단순히 배를 채우는 것 이상의 가치를 추구하며, 새로운 제품을 가장 먼저 경험하고 공유하려는 경향이 강합니다"
4,여자,20대,전문가 및 관련 종사자,고졸(대학 재학 포함),부산광역시,1인 가구,미혼(사별/이혼 포함),맞벌이 하지 않음,200-300만원 미만,3,0.817910447761194,0.6542653137918076,0.4506543075245364,0.8432908912830556,0.5550488599348538,0.4286706004859422,0.4956521739130434,트렌드 주도형 소비자,"자신의 취향과 경험을 중시하는 소비자 그룹입니다. 단순히 배를 채우는 것 이상의 가치를 추구하며, 새로운 제품을 가장 먼저 경험하고 공유하려는 경향이 강합니다"
5,여자,50대,서비스 종사자,고졸(대학 재학 포함),울산광역시,1세대가족,기혼,맞벌이 함,500-600만원 미만,3,0.707462686567164,0.8271326568959034,0.3296074154852779,0.9020568070519096,0.3895765472312707,0.3554321416174937,0.4708695652173912,트렌드 주도형 소비자,"자신의 취향과 경험을 중시하는 소비자 그룹입니다. 단순히 배를 채우는 것 이상의 가치를 추구하며, 새로운 제품을 가장 먼저 경험하고 공유하려는 경향이 강합니다"
6,여자,40대,주부,대학교 졸업(전문대졸/대학원생 포함),부산광역시,1세대가족,기혼,맞벌이 하지 않음,300-400만원 미만,3,0.687313432835821,0.5114618564449454,0.5024536532170119,0.8041136141038193,0.5355048859934852,0.4401249566122873,0.3956521739130433,트렌드 주도형 소비자,"자신의 취향과 경험을 중시하는 소비자 그룹입니다. 단순히 배를 채우는 것 이상의 가치를 추구하며, 새로운 제품을 가장 먼저 경험하고 공유하려는 경향이 강합니다"
7,여자,60대 이상,서비스 종사자,대학교 졸업(전문대졸/대학원생 포함),서울특별시,2세대가족,기혼,맞벌이 함,"1,000만원 이상",0,0.4873134328358208,0.8910184141300261,0.3424209378407848,0.8041136141038193,0.3514657980456029,0.2943422422769869,0.2956521739130433,실속형 미식가,편리성을 중시하면서도 새로운 맛과 제품을 시도하는 데 적극적인 소비자 그룹입니다. 가격에 민감하기보다는 효율성과 맛을 동시에 추구합니다.
8,여자,60대 이상,주부,고졸(대학 재학 포함),서울특별시,2세대가족,기혼,맞벌이 하지 않음,700-800만원 미만,3,0.6231343283582089,0.9361142427658772,0.3672300981461283,0.9216454456415274,0.4553745928338763,0.3353002429711905,0.3304347826086955,트렌드 주도형 소비자,"자신의 취향과 경험을 중시하는 소비자 그룹입니다. 단순히 배를 채우는 것 이상의 가치를 추구하며, 새로운 제품을 가장 먼저 경험하고 공유하려는 경향이 강합니다"
9,여자,50대,판매 종사자,고졸(대학 재학 포함),서울특별시,2세대가족,기혼,맞벌이 함,500-600만원 미만,1,0.337313432835821,0.5302517850432169,0.5708833151581238,0.9216454456415274,0.4794788273615635,0.5623047552933008,0.4882608695652172,건강 추구형 소비자,가격이나 브랜드에 크게 구애받지 않고 건강을 최우선으로 고려하는 프리미엄 소비자 그룹입니다. 건강과 편리성을 모두 만족시키는 제품에 기꺼이 지갑을 엽니다.
10,여자,60대 이상,서비스 종사자,고졸(대학 재학 포함),전라북도,2세대가족,기혼,맞벌이 함,400-500만원 미만,3,0.6074626865671644,0.421270199173243,0.561886586695747,0.7649363369245838,0.5885993485342018,0.4196459562651856,0.5013043478260867,트렌드 주도형 소비자,"자신의 취향과 경험을 중시하는 소비자 그룹입니다. 단순히 배를 채우는 것 이상의 가치를 추구하며, 새로운 제품을 가장 먼저 경험하고 공유하려는 경향이 강합니다"
11,여자,40대,사무 종사자,대학교 졸업(전문대졸/대학원생 포함),대구광역시,2세대가족,기혼,맞벌이 함,800-900만원 미만,3,0.5037313432835822,0.7745208568207439,0.3347873500545258,0.8237022526934379,0.3814332247557005,0.4862894828184656,0.3130434782608693,트렌드 주도형 소비자,"자신의 취향과 경험을 중시하는 소비자 그룹입니다. 단순히 배를 채우는 것 이상의 가치를 추구하며, 새로운 제품을 가장 먼저 경험하고 공유하려는 경향이 강합니다"
12,여자,40대,사무 종사자,대학교 졸업(전문대졸/대학원생 포함),대구광역시,2세대가족,기혼,맞벌이 함,"1,000만원 이상",0,0.4179104477611941,0.8816234498308905,0.0444383860414397,0.8383937316356512,0.2322475570032573,0.4175633460603956,0.217391304347826,실속형 미식가,편리성을 중시하면서도 새로운 맛과 제품을 시도하는 데 적극적인 소비자 그룹입니다. 가격에 민감하기보다는 효율성과 맛을 동시에 추구합니다.
13,여자,50대,판매 종사자,고졸(대학 재학 포함),인천광역시,2세대가족,기혼,맞벌이 함,600-700만원 미만,1,0.2559701492537312,0.3836903419767003,0.8677753544165758,0.8237022526934379,0.5589576547231272,0.2690038181187085,0.1391304347826087,건강 추구형 소비자,가격이나 브랜드에 크게 구애받지 않고 건강을 최우선으로 고려하는 프리미엄 소비자 그룹입니다. 건강과 편리성을 모두 만족시키는 제품에 기꺼이 지갑을 엽니다.
14,여자,60대 이상,서비스 종사자,고졸(대학 재학 포함),광주광역시,1인 가구,미혼(사별/이혼 포함),맞벌이 하지 않음,200-300만원 미만,1,0.3492537313432834,0.5791055993987222,0.5591603053435117,0.8237022526934379,0.286970684039088,0.2290871225269002,0.3043478260869564,건강 추구형 소비자,가격이나 브랜드에 크게 구애받지 않고 건강을 최우선으로 고려하는 프리미엄 소비자 그룹입니다. 건강과 편리성을 모두 만족시키는 제품에 기꺼이 지갑을 엽니다.
15,여자,60대 이상,농림어업 숙련 종사자,중졸 이하,경상북도,1인 가구,미혼(사별/이혼 포함),맞벌이 하지 않음,100만원 미만,0,0.3395522388059703,0.4889139421270199,0.4092148309705561,0.7845249755142015,0.3185667752442996,0.2148559527941685,0.5565217391304347,실속형 미식가,편리성을 중시하면서도 새로운 맛과 제품을 시도하는 데 적극적인 소비자 그룹입니다. 가격에 민감하기보다는 효율성과 맛을 동시에 추구합니다.
16,여자,50대,서비스 종사자,중졸 이하,전라북도,1인 가구,기혼,맞벌이 하지 않음,100-200만원 미만,1,0.398507462686567,0.46260804208944,0.630316248636859,0.8041136141038193,0.4198697068403912,0.3727872266574106,0.2826086956521738,건강 추구형 소비자,가격이나 브랜드에 크게 구애받지 않고 건강을 최우선으로 고려하는 프리미엄 소비자 그룹입니다. 건강과 편리성을 모두 만족시키는 제품에 기꺼이 지갑을 엽니다.
17,여자,50대,주부,대학교 졸업(전문대졸/대학원생 포함),경기도,2세대가족,기혼,맞벌이 하지 않음,500-600만원 미만,3,0.3283582089552239,0.5189778278842537,0.5517993456924752,0.9608227228207636,0.5449511400651466,0.2960777507809788,0.5956521739130434,트렌드 주도형 소비자,"자신의 취향과 경험을 중시하는 소비자 그룹입니다. 단순히 배를 채우는 것 이상의 가치를 추구하며, 새로운 제품을 가장 먼저 경험하고 공유하려는 경향이 강합니다"
18,남자,20대,학생,고졸(대학 재학 포함),부산광역시,1인 가구,미혼(사별/이혼 포함),맞벌이 하지 않음,100-200만원 미만,3,0.7276119402985075,0.4099962420142803,0.3298800436205013,0.7845249755142015,0.4967426710097721,0.4300590072891355,0.4565217391304347,트렌드 주도형 소비자,"자신의 취향과 경험을 중시하는 소비자 그룹입니다. 단순히 배를 채우는 것 이상의 가치를 추구하며, 새로운 제품을 가장 먼저 경험하고 공유하려는 경향이 강합니다"
19,여자,60대 이상,서비스 종사자,고졸(대학 재학 포함),부산광역시,1인 가구,미혼(사별/이혼 포함),맞벌이 하지 않음,100만원 미만,3,0.5962686567164179,0.477639984968057,0.3606870229007631,0.7649363369245838,0.2781758957654725,0.4706699062825406,0.6273913043478261,트렌드 주도형 소비자,"자신의 취향과 경험을 중시하는 소비자 그룹입니다. 단순히 배를 채우는 것 이상의 가치를 추구하며, 새로운 제품을 가장 먼저 경험하고 공유하려는 경향이 강합니다"
20,여자,50대,서비스 종사자,대학교 졸업(전문대졸/대학원생 포함),경기도,2세대가족,기혼,맞벌이 함,"900-1,000만원 미만",0,0.2708955223880596,0.6805712138293873,0.4070338058887678,0.9608227228207636,0.4664495114006516,0.4786532454009022,0.4826086956521738,실속형 미식가,편리성을 중시하면서도 새로운 맛과 제품을 시도하는 데 적극적인 소비자 그룹입니다. 가격에 민감하기보다는 효율성과 맛을 동시에 추구합니다.
21,여자,50대,사무 종사자,고졸(대학 재학 포함),전라북도,2세대가족,기혼,맞벌이 함,500-600만원 미만,1,0.5992537313432837,0.4239007891770012,0.7827153762268262,0.801175318315377,0.6078175895765475,0.4467198889274554,0.4478260869565216,건강 추구형 소비자,가격이나 브랜드에 크게 구애받지 않고 건강을 최우선으로 고려하는 프리미엄 소비자 그룹입니다. 건강과 편리성을 모두 만족시키는 제품에 기꺼이 지갑을 엽니다.
22,남자,20대,기능원 및 관련 기능 종사자,대학교 졸업(전문대졸/대학원생 포함),부산광역시,1인 가구,미혼(사별/이혼 포함),맞벌이 하지 않음,200-300만원 미만,3,0.5186567164179107,0.4926719278466742,0.4520174482006545,0.8237022526934379,0.3436482084690556,0.3266227004512321,0.4086956521739129,트렌드 주도형 소비자,"자신의 취향과 경험을 중시하는 소비자 그룹입니다. 단순히 배를 채우는 것 이상의 가치를 추구하며, 새로운 제품을 가장 먼저 경험하고 공유하려는 경향이 강합니다"
23,여자,60대 이상,주부,고졸(대학 재학 포함),인천광역시,1세대가족,기혼,맞벌이 하지 않음,300-400만원 미만,1,0.5679104477611938,0.3724163848177376,0.612322791712105,0.8432908912830556,0.4035830618892508,0.2457480041652201,0.1099999999999997,건강 추구형 소비자,가격이나 브랜드에 크게 구애받지 않고 건강을 최우선으로 고려하는 프리미엄 소비자 그룹입니다. 건강과 편리성을 모두 만족시키는 제품에 기꺼이 지갑을 엽니다.
24,여자,40대,주부,대학교 졸업(전문대졸/대학원생 포함),경기도,2세대가족,기혼,맞벌이 하지 않음,600-700만원 미만,3,0.5619402985074629,0.8647125140924462,0.4541984732824429,0.9608227228207636,0.4638436482084694,0.4783061437001038,0.5173913043478258,트렌드 주도형 소비자,"자신의 취향과 경험을 중시하는 소비자 그룹입니다. 단순히 배를 채우는 것 이상의 가치를 추구하며, 새로운 제품을 가장 먼저 경험하고 공유하려는 경향이 강합니다"
25,남자,20대,장치·기계 조작 및 조립 종사자,대학교 졸업(전문대졸/대학원생 포함),부산광역시,2세대가족,미혼(사별/이혼 포함),맞벌이 하지 않음,500-600만원 미만,0,0.48955223880597,0.477639984968057,0.3811341330425298,0.8041136141038193,0.2732899022801304,0.6546338077056574,0.5913043478260867,실속형 미식가,편리성을 중시하면서도 새로운 맛과 제품을 시도하는 데 적극적인 소비자 그룹입니다. 가격에 민감하기보다는 효율성과 맛을 동시에 추구합니다.
26,여자,50대,사무 종사자,중졸 이하,부산광역시,1세대가족,기혼,맞벌이 함,500-600만원 미만,3,0.6723880597014925,0.5603156708004507,0.2925299890948744,0.8041136141038193,0.4908794788273617,0.3509198195071151,0.3956521739130433,트렌드 주도형 소비자,"자신의 취향과 경험을 중시하는 소비자 그룹입니다. 단순히 배를 채우는 것 이상의 가치를 추구하며, 새로운 제품을 가장 먼저 경험하고 공유하려는 경향이 강합니다"
27,여자,30대,사무 종사자,대학교 졸업(전문대졸/대학원생 포함),전라북도,1인 가구,미혼(사별/이혼 포함),맞벌이 하지 않음,200-300만원 미만,1,0.5343283582089552,0.4438181134911688,0.7181025081788439,0.9216454456415274,0.6338762214983715,0.320374869836862,0.3434782608695651,건강 추구형 소비자,가격이나 브랜드에 크게 구애받지 않고 건강을 최우선으로 고려하는 프리미엄 소비자 그룹입니다. 건강과 편리성을 모두 만족시키는 제품에 기꺼이 지갑을 엽니다.
28,남자,20대,서비스 종사자,고졸(대학 재학 포함),부산광역시,1세대가족,기혼,맞벌이 함,500-600만원 미만,1,0.3582089552238805,0.4156332205937615,0.6014176663031623,0.8188050930460328,0.5361563517915311,0.3401596667823672,0.2230434782608693,건강 추구형 소비자,가격이나 브랜드에 크게 구애받지 않고 건강을 최우선으로 고려하는 프리미엄 소비자 그룹입니다. 건강과 편리성을 모두 만족시키는 제품에 기꺼이 지갑을 엽니다.
29,여자,40대,사무 종사자,대학교 졸업(전문대졸/대학원생 포함),대구광역시,2세대가족,기혼,맞벌이 함,700-800만원 미만,0,0.191044776119403,0.4569710635099583,0.3642311886586696,0.7992164544564151,0.4644951140065147,0.4626865671641791,0.2304347826086955,실속형 미식가,편리성을 중시하면서도 새로운 맛과 제품을 시도하는 데 적극적인 소비자 그룹입니다. 가격에 민감하기보다는 효율성과 맛을 동시에 추구합니다.
30,여자,60대 이상,서비스 종사자,고졸(대학 재학 포함),전라북도,1인 가구,기혼,맞벌이 하지 않음,200-300만원 미만,1,0.2388059701492538,0.421270199173243,0.7985278080697928,0.8824681684622918,0.5843648208469056,0.3353002429711905,0.3782608695652173,건강 추구형 소비자,가격이나 브랜드에 크게 구애받지 않고 건강을 최우선으로 고려하는 프리미엄 소비자 그룹입니다. 건강과 편리성을 모두 만족시키는 제품에 기꺼이 지갑을 엽니다.
31,남자,20대,사무 종사자,대학교 졸업(전문대졸/대학원생 포함),부산광역시,1인 가구,미혼(사별/이혼 포함),맞벌이 하지 않음,200-300만원 미만,3,0.7037313432835819,0.5189778278842537,0.2917121046892041,0.8041136141038193,0.6283387622149836,0.4144394307532104,0.3391304347826084,트렌드 주도형 소비자,"자신의 취향과 경험을 중시하는 소비자 그룹입니다. 단순히 배를 채우는 것 이상의 가치를 추구하며, 새로운 제품을 가장 먼저 경험하고 공유하려는 경향이 강합니다"
32,여자,30대,주부,대학교 졸업(전문대졸/대학원생 포함),경기도,2세대가족,기혼,맞벌이 하지 않음,400-500만원 미만,1,0.3559701492537312,0.4099962420142803,0.6932933478735006,0.8432908912830556,0.780781758957655,0.3214161749392571,0.0913043478260869,건강 추구형 소비자,가격이나 브랜드에 크게 구애받지 않고 건강을 최우선으로 고려하는 프리미엄 소비자 그룹입니다. 건강과 편리성을 모두 만족시키는 제품에 기꺼이 지갑을 엽니다.
33,여자,60대 이상,주부,대학교 졸업(전문대졸/대학원생 포함),부산광역시,1세대가족,기혼,맞벌이 하지 않음,400-500만원 미만,0,0.4671641791044776,0.3799323562570461,0.4086695747001094,0.6865817825661112,0.3237785016286646,0.3974314474140921,0.5956521739130434,실속형 미식가,편리성을 중시하면서도 새로운 맛과 제품을 시도하는 데 적극적인 소비자 그룹입니다. 가격에 민감하기보다는 효율성과 맛을 동시에 추구합니다.
34,여자,20대,사무 종사자,대학교 졸업(전문대졸/대학원생 포함),대구광역시,1인 가구,미혼(사별/이혼 포함),맞벌이 하지 않음,300-400만원 미만,1,0.5932835820895523,0.4513340849304773,0.7232824427480911,0.8237022526934379,0.6833876221498372,0.2780284623394652,0.3304347826086955,건강 추구형 소비자,가격이나 브랜드에 크게 구애받지 않고 건강을 최우선으로 고려하는 프리미엄 소비자 그룹입니다. 건강과 편리성을 모두 만족시키는 제품에 기꺼이 지갑을 엽니다.
35,여자,40대,판매 종사자,대학교 졸업(전문대졸/대학원생 포함),대구광역시,2세대가족,기혼,맞벌이 함,500-600만원 미만,1,0.3940298507462685,0.520856820744081,0.5169029443838602,0.7600391772771787,0.4456026058631925,0.4696286011801457,0.1130434782608695,건강 추구형 소비자,가격이나 브랜드에 크게 구애받지 않고 건강을 최우선으로 고려하는 프리미엄 소비자 그룹입니다. 건강과 편리성을 모두 만족시키는 제품에 기꺼이 지갑을 엽니다.
36,여자,60대 이상,주부,고졸(대학 재학 포함),경상북도,1세대가족,기혼,맞벌이 하지 않음,200-300만원 미만,0,0.2186567164179104,0.4795189778278843,0.3473282442748093,0.7600391772771787,0.2495114006514659,0.2117320374869833,0.752173913043478,실속형 미식가,편리성을 중시하면서도 새로운 맛과 제품을 시도하는 데 적극적인 소비자 그룹입니다. 가격에 민감하기보다는 효율성과 맛을 동시에 추구합니다.
37,여자,50대,서비스 종사자,고졸(대학 재학 포함),전라북도,2세대가족,기혼,맞벌이 하지 않음,200-300만원 미만,1,0.1664179104477611,0.4701240135287484,0.8822246455834244,0.941234084231146,0.5674267100977197,0.3193335647344668,0.5143478260869563,건강 추구형 소비자,가격이나 브랜드에 크게 구애받지 않고 건강을 최우선으로 고려하는 프리미엄 소비자 그룹입니다. 건강과 편리성을 모두 만족시키는 제품에 기꺼이 지갑을 엽니다.
38,여자,50대,주부,대학교 졸업(전문대졸/대학원생 포함),대구광역시,2세대가족,기혼,맞벌이 함,"1,000만원 이상",0,0.3350746268656717,0.44945509207065,0.2325517993456924,0.7992164544564151,0.2863192182410427,0.4002082610204787,0.5217391304347825,실속형 미식가,편리성을 중시하면서도 새로운 맛과 제품을 시도하는 데 적극적인 소비자 그룹입니다. 가격에 민감하기보다는 효율성과 맛을 동시에 추구합니다.
39,여자,60대 이상,장치·기계 조작 및 조립 종사자,대학교 졸업(전문대졸/대학원생 포함),대구광역시,1세대가족,기혼,맞벌이 함,500-600만원 미만,3,0.6664179104477611,0.4712514092446448,0.5899672846237733,0.7649363369245838,0.6524429967426709,0.3894481082957305,0.4304347826086956,트렌드 주도형 소비자,"자신의 취향과 경험을 중시하는 소비자 그룹입니다. 단순히 배를 채우는 것 이상의 가치를 추구하며, 새로운 제품을 가장 먼저 경험하고 공유하려는 경향이 강합니다"
40,여자,60대 이상,기능원 및 관련 기능 종사자,고졸(대학 재학 포함),인천광역시,1인 가구,미혼(사별/이혼 포함),맞벌이 하지 않음,200-300만원 미만,1,0.3999999999999999,0.3836903419767003,0.7829880043620496,0.8237022526934379,0.2299674267100979,0.1926414439430752,0.3056521739130434,건강 추구형 소비자,가격이나 브랜드에 크게 구애받지 않고 건강을 최우선으로 고려하는 프리미엄 소비자 그룹입니다. 건강과 편리성을 모두 만족시키는 제품에 기꺼이 지갑을 엽니다.
41,여자,50대,서비스 종사자,고졸(대학 재학 포함),전라북도,1세대가족,기혼,맞벌이 함,400-500만원 미만,1,0.1865671641791045,0.4325441563322056,0.9160305343511448,0.8628795298726734,0.6306188925081435,0.360985768830267,0.452173913043478,건강 추구형 소비자,가격이나 브랜드에 크게 구애받지 않고 건강을 최우선으로 고려하는 프리미엄 소비자 그룹입니다. 건강과 편리성을 모두 만족시키는 제품에 기꺼이 지갑을 엽니다.
42,여자,50대,서비스 종사자,고졸(대학 재학 포함),전라북도,1세대가족,기혼,맞벌이 함,500-600만원 미만,1,0.1194029850746271,0.4475760992108231,0.887677208287895,0.9020568070519096,0.6635179153094464,0.2769871572370703,0.4434782608695652,건강 추구형 소비자,가격이나 브랜드에 크게 구애받지 않고 건강을 최우선으로 고려하는 프리미엄 소비자 그룹입니다. 건강과 편리성을 모두 만족시키는 제품에 기꺼이 지갑을 엽니다.
43,여자,40대,사무 종사자,대학교 졸업(전문대졸/대학원생 포함),서울특별시,2세대가족,기혼,맞벌이 함,700-800만원 미만,1,0.6291044776119402,0.334084930477264,0.4280261723009814,0.7012732615083248,0.6198697068403911,0.3602915654286703,0.1260869565217391,건강 추구형 소비자,가격이나 브랜드에 크게 구애받지 않고 건강을 최우선으로 고려하는 프리미엄 소비자 그룹입니다. 건강과 편리성을 모두 만족시키는 제품에 기꺼이 지갑을 엽니다.
44,여자,30대,사무 종사자,대학교 졸업(전문대졸/대학원생 포함),인천광역시,1세대가족,기혼,맞벌이 함,700-800만원 미만,1,0.2962686567164181,0.3912063134160088,0.7227371864776442,0.8628795298726734,0.2205211726384366,0.1943769524470667,0.2782608695652173,건강 추구형 소비자,가격이나 브랜드에 크게 구애받지 않고 건강을 최우선으로 고려하는 프리미엄 소비자 그룹입니다. 건강과 편리성을 모두 만족시키는 제품에 기꺼이 지갑을 엽니다.
45,여자,40대,판매 종사자,대학교 졸업(전문대졸/대학원생 포함),경기도,2세대가족,기혼,맞벌이 함,500-600만원 미만,1,0.2656716417910447,0.421270199173243,0.7164667393675026,0.7845249755142015,0.5631921824104235,0.3644567858382503,0.1521739130434783,건강 추구형 소비자,가격이나 브랜드에 크게 구애받지 않고 건강을 최우선으로 고려하는 프리미엄 소비자 그룹입니다. 건강과 편리성을 모두 만족시키는 제품에 기꺼이 지갑을 엽니다.
46,여자,50대,서비스 종사자,대학교 졸업(전문대졸/대학원생 포함),대구광역시,1세대가족,기혼,맞벌이 함,500-600만원 미만,3,0.4917910447761193,0.5001878992859826,0.6164122137404584,0.8628795298726734,0.538110749185668,0.3884068031933354,0.5173913043478258,트렌드 주도형 소비자,"자신의 취향과 경험을 중시하는 소비자 그룹입니다. 단순히 배를 채우는 것 이상의 가치를 추구하며, 새로운 제품을 가장 먼저 경험하고 공유하려는 경향이 강합니다"
47,여자,50대,사무 종사자,대학교 졸업(전문대졸/대학원생 포함),대구광역시,2세대가족,기혼,맞벌이 함,600-700만원 미만,1,0.4589552238805971,0.4926719278466742,0.4820065430752452,0.8432908912830556,0.5026058631921825,0.5067684831655673,0.2652173913043478,건강 추구형 소비자,가격이나 브랜드에 크게 구애받지 않고 건강을 최우선으로 고려하는 프리미엄 소비자 그룹입니다. 건강과 편리성을 모두 만족시키는 제품에 기꺼이 지갑을 엽니다.
48,여자,30대,서비스 종사자,대학교 졸업(전문대졸/대학원생 포함),대구광역시,2세대가족,기혼,맞벌이 함,400-500만원 미만,3,0.5746268656716418,0.4250281848928972,0.3271537622682661,0.8237022526934379,0.436482084690554,0.3738285317598054,0.4869565217391302,트렌드 주도형 소비자,"자신의 취향과 경험을 중시하는 소비자 그룹입니다. 단순히 배를 채우는 것 이상의 가치를 추구하며, 새로운 제품을 가장 먼저 경험하고 공유하려는 경향이 강합니다"
49,여자,60대 이상,사무 종사자,대학교 졸업(전문대졸/대학원생 포함),대구광역시,1세대가족,기혼,맞벌이 함,600-700만원 미만,3,0.7470149253731342,0.4787673806839533,0.5665212649945472,0.7845249755142015,0.6201954397394139,0.3328705310656019,0.5260869565217389,트렌드 주도형 소비자,"자신의 취향과 경험을 중시하는 소비자 그룹입니다. 단순히 배를 채우는 것 이상의 가치를 추구하며, 새로운 제품을 가장 먼저 경험하고 공유하려는 경향이 강합니다"
50,여자,60대 이상,주부,고졸(대학 재학 포함),경상북도,1세대가족,기혼,맞벌이 하지 않음,300-400만원 미만,0,0.2201492537313432,0.4964299135663284,0.43484187568157,0.7845249755142015,0.2420195439739415,0.1943769524470667,0.7608695652173911,실속형 미식가,편리성을 중시하면서도 새로운 맛과 제품을 시도하는 데 적극적인 소비자 그룹입니다. 가격에 민감하기보다는 효율성과 맛을 동시에 추구합니다.
51,여자,30대,주부,대학교 졸업(전문대졸/대학원생 포함),대구광역시,1세대가족,기혼,맞벌이 하지 않음,300-400만원 미만,0,0.3552238805970148,0.6054114994363019,0.3206106870229009,0.8041136141038193,0.2462540716612379,0.4574800416522039,0.1217391304347824,실속형 미식가,편리성을 중시하면서도 새로운 맛과 제품을 시도하는 데 적극적인 소비자 그룹입니다. 가격에 민감하기보다는 효율성과 맛을 동시에 추구합니다.
52,여자,60대 이상,주부,고졸(대학 재학 포함),서울특별시,2세대가족,기혼,맞벌이 하지 않음,600-700만원 미만,1,0.444776119402985,0.5527996993611421,0.5318974918211556,0.8432908912830556,0.4830618892508144,0.423464074973967,0.3869565217391302,건강 추구형 소비자,가격이나 브랜드에 크게 구애받지 않고 건강을 최우선으로 고려하는 프리미엄 소비자 그룹입니다. 건강과 편리성을 모두 만족시키는 제품에 기꺼이 지갑을 엽니다.
53,여자,40대,판매 종사자,대학교 졸업(전문대졸/대학원생 포함),인천광역시,2세대가족,기혼,맞벌이 함,400-500만원 미만,1,0.2559701492537312,0.3686583990980834,0.9059432933478732,0.8041136141038193,0.2364820846905536,0.1631377993752169,0.0956521739130432,건강 추구형 소비자,가격이나 브랜드에 크게 구애받지 않고 건강을 최우선으로 고려하는 프리미엄 소비자 그룹입니다. 건강과 편리성을 모두 만족시키는 제품에 기꺼이 지갑을 엽니다.
54,여자,60대 이상,주부,중졸 이하,울산광역시,1세대가족,기혼,맞벌이 하지 않음,300-400만원 미만,1,0.3664179104477612,0.4449455092070648,0.4820065430752452,0.7845249755142015,0.4270358306188927,0.2381117667476569,0.3230434782608694,건강 추구형 소비자,가격이나 브랜드에 크게 구애받지 않고 건강을 최우선으로 고려하는 프리미엄 소비자 그룹입니다. 건강과 편리성을 모두 만족시키는 제품에 기꺼이 지갑을 엽니다.
55,남자,20대,서비스 종사자,고졸(대학 재학 포함),부산광역시,1인 가구,미혼(사별/이혼 포함),맞벌이 하지 않음,300-400만원 미만,3,0.6738805970149253,0.6279594137542276,0.3620501635768812,0.8432908912830556,0.4270358306188927,0.3939604304061086,0.3478260869565215,트렌드 주도형 소비자,"자신의 취향과 경험을 중시하는 소비자 그룹입니다. 단순히 배를 채우는 것 이상의 가치를 추구하며, 새로운 제품을 가장 먼저 경험하고 공유하려는 경향이 강합니다"
56,여자,40대,사무 종사자,대학교 졸업(전문대졸/대학원생 포함),광주광역시,1인 가구,미혼(사별/이혼 포함),맞벌이 하지 않음,200-300만원 미만,3,0.505223880597015,0.4411875234874107,0.4111232279171211,0.8041136141038193,0.4045602605863195,0.283929191253037,0.3391304347826084,트렌드 주도형 소비자,"자신의 취향과 경험을 중시하는 소비자 그룹입니다. 단순히 배를 채우는 것 이상의 가치를 추구하며, 새로운 제품을 가장 먼저 경험하고 공유하려는 경향이 강합니다"
57,여자,60대 이상,주부,대학교 졸업(전문대졸/대학원생 포함),서울특별시,2세대가족,기혼,맞벌이 하지 않음,700-800만원 미만,3,0.894776119402985,0.4862833521232618,0.4751908396946564,0.9216454456415274,0.6866449511400653,0.4831655675112803,0.6173913043478257,트렌드 주도형 소비자,"자신의 취향과 경험을 중시하는 소비자 그룹입니다. 단순히 배를 채우는 것 이상의 가치를 추구하며, 새로운 제품을 가장 먼저 경험하고 공유하려는 경향이 강합니다"
58,여자,50대,주부,고졸(대학 재학 포함),부산광역시,1세대가족,기혼,맞벌이 하지 않음,400-500만원 미만,3,0.708955223880597,0.5077038707252911,0.2625408942202838,0.8628795298726734,0.4775244299674265,0.4946199236376255,0.5304347826086953,트렌드 주도형 소비자,"자신의 취향과 경험을 중시하는 소비자 그룹입니다. 단순히 배를 채우는 것 이상의 가치를 추구하며, 새로운 제품을 가장 먼저 경험하고 공유하려는 경향이 강합니다"
59,여자,60대 이상,주부,고졸(대학 재학 포함),울산광역시,1세대가족,기혼,맞벌이 하지 않음,400-500만원 미만,3,0.5664179104477614,0.6290868094701241,0.3034351145038165,0.8041136141038193,0.2570032573289904,0.2502603262755987,0.5521739130434781,트렌드 주도형 소비자,"자신의 취향과 경험을 중시하는 소비자 그룹입니다. 단순히 배를 채우는 것 이상의 가치를 추구하며, 새로운 제품을 가장 먼저 경험하고 공유하려는 경향이 강합니다"
60,여자,60대 이상,판매 종사자,대학교 졸업(전문대졸/대학원생 포함),울산광역시,1세대가족,기혼,맞벌이 함,500-600만원 미만,0,0.4402985074626864,0.8008267568583238,0.4422028353326063,0.9216454456415274,0.2876221498371338,0.3627212773342588,0.3869565217391302,실속형 미식가,편리성을 중시하면서도 새로운 맛과 제품을 시도하는 데 적극적인 소비자 그룹입니다. 가격에 민감하기보다는 효율성과 맛을 동시에 추구합니다.
61,여자,50대,서비스 종사자,고졸(대학 재학 포함),울산광역시,2세대가족,기혼,맞벌이 함,600-700만원 미만,3,0.5044776119402986,0.4588500563697856,0.4173936750272629,0.8628795298726734,0.4328990228013031,0.2221450885109336,0.5739130434782607,트렌드 주도형 소비자,"자신의 취향과 경험을 중시하는 소비자 그룹입니다. 단순히 배를 채우는 것 이상의 가치를 추구하며, 새로운 제품을 가장 먼저 경험하고 공유하려는 경향이 강합니다"
62,여자,50대,사무 종사자,대학교 졸업(전문대졸/대학원생 포함),서울특별시,2세대가족,기혼,맞벌이 함,800-900만원 미만,3,0.7686567164179104,0.4937993235625702,0.5695201744820066,0.9216454456415274,0.6794788273615633,0.3533495314127037,0.6869565217391302,트렌드 주도형 소비자,"자신의 취향과 경험을 중시하는 소비자 그룹입니다. 단순히 배를 채우는 것 이상의 가치를 추구하며, 새로운 제품을 가장 먼저 경험하고 공유하려는 경향이 강합니다"
63,여자,60대 이상,판매 종사자,대학교 졸업(전문대졸/대학원생 포함),울산광역시,1세대가족,기혼,맞벌이 함,600-700만원 미만,0,0.3007462686567163,0.616685456595265,0.4228462377317335,0.9216454456415274,0.2993485342019545,0.2186740715029503,0.4869565217391302,실속형 미식가,편리성을 중시하면서도 새로운 맛과 제품을 시도하는 데 적극적인 소비자 그룹입니다. 가격에 민감하기보다는 효율성과 맛을 동시에 추구합니다.
64,여자,60대 이상,주부,고졸(대학 재학 포함),울산광역시,1세대가족,기혼,맞벌이 하지 않음,300-400만원 미만,3,0.5283582089552238,0.5001878992859826,0.2993456924754638,0.706170421155729,0.3032573289902279,0.2308226310308917,0.6217391304347826,트렌드 주도형 소비자,"자신의 취향과 경험을 중시하는 소비자 그룹입니다. 단순히 배를 채우는 것 이상의 가치를 추구하며, 새로운 제품을 가장 먼저 경험하고 공유하려는 경향이 강합니다"
65,여자,50대,서비스 종사자,고졸(대학 재학 포함),경상남도,1세대가족,기혼,맞벌이 함,400-500만원 미만,3,0.4522388059701491,0.5152198421645996,0.4596510359869135,0.7649363369245838,0.3977198697068404,0.3030197847969454,0.4999999999999998,트렌드 주도형 소비자,"자신의 취향과 경험을 중시하는 소비자 그룹입니다. 단순히 배를 채우는 것 이상의 가치를 추구하며, 새로운 제품을 가장 먼저 경험하고 공유하려는 경향이 강합니다"
66,여자,40대,판매 종사자,고졸(대학 재학 포함),서울특별시,2세대가족,기혼,맞벌이 함,600-700만원 미만,3,0.5791044776119403,0.4889139421270199,0.4506543075245364,0.9020568070519096,0.5557003257328991,0.3974314474140921,0.626086956521739,트렌드 주도형 소비자,"자신의 취향과 경험을 중시하는 소비자 그룹입니다. 단순히 배를 채우는 것 이상의 가치를 추구하며, 새로운 제품을 가장 먼저 경험하고 공유하려는 경향이 강합니다"
67,여자,60대 이상,서비스 종사자,고졸(대학 재학 포함),울산광역시,1세대가족,기혼,맞벌이 함,700-800만원 미만,0,0.1567164179104479,0.6054114994363019,0.4154852780806979,0.7845249755142015,0.2114006514657982,0.2568552585907667,0.5491304347826086,실속형 미식가,편리성을 중시하면서도 새로운 맛과 제품을 시도하는 데 적극적인 소비자 그룹입니다. 가격에 민감하기보다는 효율성과 맛을 동시에 추구합니다.
68,남자,60대 이상,판매 종사자,대학교 졸업(전문대졸/대학원생 포함),서울특별시,1세대가족,기혼,맞벌이 함,500-600만원 미만,0,0.312686567164179,0.4851559564073657,0.2415485278080694,0.8041136141038193,0.2107491856677523,0.2603262755987501,0.6869565217391302,실속형 미식가,편리성을 중시하면서도 새로운 맛과 제품을 시도하는 데 적극적인 소비자 그룹입니다. 가격에 민감하기보다는 효율성과 맛을 동시에 추구합니다.
69,여자,50대,판매 종사자,고졸(대학 재학 포함),경상남도,2세대가족,기혼,맞벌이 함,400-500만원 미만,3,0.5962686567164179,0.4851559564073657,0.4563794983642313,0.8237022526934379,0.5244299674267103,0.2526900381811868,0.5086956521739129,트렌드 주도형 소비자,"자신의 취향과 경험을 중시하는 소비자 그룹입니다. 단순히 배를 채우는 것 이상의 가치를 추구하며, 새로운 제품을 가장 먼저 경험하고 공유하려는 경향이 강합니다"
70,여자,30대,주부,대학교 졸업(전문대졸/대학원생 포함),서울특별시,2세대가족,기혼,맞벌이 하지 않음,400-500만원 미만,3,0.5149253731343285,0.5189778278842537,0.229007633587786,0.7845249755142015,0.4374592833876223,0.3120444290177021,0.3752173913043476,트렌드 주도형 소비자,"자신의 취향과 경험을 중시하는 소비자 그룹입니다. 단순히 배를 채우는 것 이상의 가치를 추구하며, 새로운 제품을 가장 먼저 경험하고 공유하려는 경향이 강합니다"
71,여자,40대,판매 종사자,고졸(대학 재학 포함),경상남도,2세대가족,미혼(사별/이혼 포함),맞벌이 하지 않음,400-500만원 미만,0,0.4067164179104477,0.4438181134911688,0.3934023991275898,0.8237022526934379,0.3690553745928339,0.2509545296771953,0.5391304347826085,실속형 미식가,편리성을 중시하면서도 새로운 맛과 제품을 시도하는 데 적극적인 소비자 그룹입니다. 가격에 민감하기보다는 효율성과 맛을 동시에 추구합니다.
72,여자,40대,사무 종사자,대학교 졸업(전문대졸/대학원생 포함),서울특별시,2세대가족,기혼,맞벌이 함,700-800만원 미만,3,0.7014925373134326,0.5170988350244269,0.3492366412213742,0.7796278158667972,0.4592833876221501,0.401596667823672,0.5739130434782607,트렌드 주도형 소비자,"자신의 취향과 경험을 중시하는 소비자 그룹입니다. 단순히 배를 채우는 것 이상의 가치를 추구하며, 새로운 제품을 가장 먼저 경험하고 공유하려는 경향이 강합니다"
73,여자,60대 이상,주부,고졸(대학 재학 포함),경상남도,2세대가족,기혼,맞벌이 하지 않음,400-500만원 미만,3,0.6044776119402987,0.6129274708756103,0.4427480916030533,0.8041136141038193,0.4488599348534201,0.2728219368274901,0.434782608695652,트렌드 주도형 소비자,"자신의 취향과 경험을 중시하는 소비자 그룹입니다. 단순히 배를 채우는 것 이상의 가치를 추구하며, 새로운 제품을 가장 먼저 경험하고 공유하려는 경향이 강합니다"
74,여자,50대,주부,대학교 졸업(전문대졸/대학원생 포함),서울특별시,2세대가족,기혼,맞벌이 하지 않음,800-900만원 미만,1,0.626865671641791,0.3660278090943252,0.4588331515812431,0.7845249755142015,0.6644951140065146,0.2572023602915653,0.2956521739130433,건강 추구형 소비자,가격이나 브랜드에 크게 구애받지 않고 건강을 최우선으로 고려하는 프리미엄 소비자 그룹입니다. 건강과 편리성을 모두 만족시키는 제품에 기꺼이 지갑을 엽니다.
75,여자,50대,주부,고졸(대학 재학 포함),부산광역시,1세대가족,기혼,맞벌이 하지 않음,300-400만원 미만,3,0.6082089552238807,0.6692972566704246,0.2598146128680478,0.8628795298726734,0.2664495114006517,0.356820548420687,0.5999999999999999,트렌드 주도형 소비자,"자신의 취향과 경험을 중시하는 소비자 그룹입니다. 단순히 배를 채우는 것 이상의 가치를 추구하며, 새로운 제품을 가장 먼저 경험하고 공유하려는 경향이 강합니다"
76,여자,50대,사무 종사자,대학교 졸업(전문대졸/대학원생 포함),서울특별시,2세대가족,기혼,맞벌이 함,700-800만원 미만,0,0.4410447761194029,0.5584366779406238,0.2898037077426391,0.7992164544564151,0.4029315960912054,0.3412009718847619,0.3926086956521739,실속형 미식가,편리성을 중시하면서도 새로운 맛과 제품을 시도하는 데 적극적인 소비자 그룹입니다. 가격에 민감하기보다는 효율성과 맛을 동시에 추구합니다.
77,여자,60대 이상,판매 종사자,대학교 졸업(전문대졸/대학원생 포함),경상남도,1세대가족,기혼,맞벌이 함,400-500만원 미만,3,0.6865671641791046,0.4024802705749719,0.5610687022900764,0.8237022526934379,0.6143322475570031,0.3863241929885455,0.4926086956521739,트렌드 주도형 소비자,"자신의 취향과 경험을 중시하는 소비자 그룹입니다. 단순히 배를 채우는 것 이상의 가치를 추구하며, 새로운 제품을 가장 먼저 경험하고 공유하려는 경향이 강합니다"
78,여자,50대,판매 종사자,고졸(대학 재학 포함),경상남도,2세대가족,기혼,맞벌이 하지 않음,200-300만원 미만,0,0.373134328358209,0.5978955279969934,0.4070338058887678,0.8237022526934379,0.3602605863192185,0.2231863936133284,0.4130434782608693,실속형 미식가,편리성을 중시하면서도 새로운 맛과 제품을 시도하는 데 적극적인 소비자 그룹입니다. 가격에 민감하기보다는 효율성과 맛을 동시에 추구합니다.
79,여자,40대,판매 종사자,대학교 졸업(전문대졸/대학원생 포함),경상남도,2세대가족,기혼,맞벌이 함,500-600만원 미만,1,0.6380597014925374,0.3912063134160088,0.5474372955288984,0.8432908912830556,0.8071661237785015,0.3897952099965287,0.362173913043478,건강 추구형 소비자,가격이나 브랜드에 크게 구애받지 않고 건강을 최우선으로 고려하는 프리미엄 소비자 그룹입니다. 건강과 편리성을 모두 만족시키는 제품에 기꺼이 지갑을 엽니다.
80,여자,40대,서비스 종사자,대학교 졸업(전문대졸/대학원생 포함),경상남도,2세대가족,기혼,맞벌이 함,500-600만원 미만,1,0.894776119402985,0.3836903419767003,0.6401308615049073,0.8432908912830556,0.9778501628664495,0.3679278028462337,0.2056521739130433,건강 추구형 소비자,가격이나 브랜드에 크게 구애받지 않고 건강을 최우선으로 고려하는 프리미엄 소비자 그룹입니다. 건강과 편리성을 모두 만족시키는 제품에 기꺼이 지갑을 엽니다.
81,여자,60대 이상,서비스 종사자,대학교 졸업(전문대졸/대학원생 포함),울산광역시,1세대가족,기혼,맞벌이 함,500-600만원 미만,0,0.2858208955223881,0.5640736565201049,0.5817884405670666,0.941234084231146,0.2863192182410427,0.2464422075668168,0.5608695652173911,실속형 미식가,편리성을 중시하면서도 새로운 맛과 제품을 시도하는 데 적극적인 소비자 그룹입니다. 가격에 민감하기보다는 효율성과 맛을 동시에 추구합니다.
82,여자,50대,판매 종사자,대학교 졸업(전문대졸/대학원생 포함),울산광역시,1세대가족,기혼,맞벌이 함,600-700만원 미만,3,0.4776119402985077,0.5039458850056369,0.494820065430752,0.9216454456415274,0.3355048859934854,0.2273516140229084,0.6391304347826086,트렌드 주도형 소비자,"자신의 취향과 경험을 중시하는 소비자 그룹입니다. 단순히 배를 채우는 것 이상의 가치를 추구하며, 새로운 제품을 가장 먼저 경험하고 공유하려는 경향이 강합니다"
83,여자,60대 이상,주부,고졸(대학 재학 포함),울산광역시,1세대가족,기혼,맞벌이 하지 않음,500-600만원 미만,3,0.5865671641791045,0.4907929349868469,0.4983642311886585,0.8188050930460328,0.6394136807817591,0.2499132245748001,0.4695652173913042,트렌드 주도형 소비자,"자신의 취향과 경험을 중시하는 소비자 그룹입니다. 단순히 배를 채우는 것 이상의 가치를 추구하며, 새로운 제품을 가장 먼저 경험하고 공유하려는 경향이 강합니다"
84,여자,60대 이상,서비스 종사자,고졸(대학 재학 포함),울산광역시,1세대가족,기혼,맞벌이 함,500-600만원 미만,1,0.2238805970149253,0.4588500563697856,0.6477644492911669,1.0,0.3355048859934854,0.2613675807011453,0.5404347826086954,건강 추구형 소비자,가격이나 브랜드에 크게 구애받지 않고 건강을 최우선으로 고려하는 프리미엄 소비자 그룹입니다. 건강과 편리성을 모두 만족시키는 제품에 기꺼이 지갑을 엽니다.
85,여자,50대,서비스 종사자,대학교 졸업(전문대졸/대학원생 포함),경기도,2세대가족,기혼,맞벌이 함,600-700만원 미만,1,0.2805970149253731,0.534009770762871,0.5752453653217007,0.706170421155729,0.5338762214983712,0.2648385977091285,0.0956521739130432,건강 추구형 소비자,가격이나 브랜드에 크게 구애받지 않고 건강을 최우선으로 고려하는 프리미엄 소비자 그룹입니다. 건강과 편리성을 모두 만족시키는 제품에 기꺼이 지갑을 엽니다.
86,여자,40대,서비스 종사자,고졸(대학 재학 포함),경상남도,2세대가족,기혼,맞벌이 함,400-500만원 미만,0,0.1940298507462687,0.4701240135287484,0.5657033805888769,0.8237022526934379,0.3250814332247558,0.2290871225269002,0.4608695652173912,실속형 미식가,편리성을 중시하면서도 새로운 맛과 제품을 시도하는 데 적극적인 소비자 그룹입니다. 가격에 민감하기보다는 효율성과 맛을 동시에 추구합니다.
87,여자,60대 이상,판매 종사자,고졸(대학 재학 포함),울산광역시,2세대가족,기혼,맞벌이 함,600-700만원 미만,3,0.4992537313432835,0.5114618564449454,0.3778625954198475,0.8041136141038193,0.3514657980456029,0.2447066990628254,0.5739130434782607,트렌드 주도형 소비자,"자신의 취향과 경험을 중시하는 소비자 그룹입니다. 단순히 배를 채우는 것 이상의 가치를 추구하며, 새로운 제품을 가장 먼저 경험하고 공유하려는 경향이 강합니다"
88,여자,60대 이상,주부,고졸(대학 재학 포함),서울특별시,2세대가족,기혼,맞벌이 하지 않음,600-700만원 미만,3,0.7604477611940298,0.531379180759113,0.4915485278080699,0.8628795298726734,0.6068403908794792,0.4463727872266573,0.5956521739130434,트렌드 주도형 소비자,"자신의 취향과 경험을 중시하는 소비자 그룹입니다. 단순히 배를 채우는 것 이상의 가치를 추구하며, 새로운 제품을 가장 먼저 경험하고 공유하려는 경향이 강합니다"
89,여자,30대,사무 종사자,대학교 졸업(전문대졸/대학원생 포함),서울특별시,1인 가구,미혼(사별/이혼 포함),맞벌이 하지 않음,300-400만원 미만,3,0.5440298507462686,0.5426531379180757,0.3702290076335878,0.9608227228207636,0.49185667752443,0.4543561263450187,0.6304347826086953,트렌드 주도형 소비자,"자신의 취향과 경험을 중시하는 소비자 그룹입니다. 단순히 배를 채우는 것 이상의 가치를 추구하며, 새로운 제품을 가장 먼저 경험하고 공유하려는 경향이 강합니다"
90,여자,30대,판매 종사자,대학교 졸업(전문대졸/대학원생 포함),서울특별시,1세대가족,기혼,맞벌이 함,600-700만원 미만,3,0.7201492537313432,0.5039458850056369,0.5065430752453652,0.9216454456415274,0.5791530944625409,0.3922249219021172,0.6621739130434781,트렌드 주도형 소비자,"자신의 취향과 경험을 중시하는 소비자 그룹입니다. 단순히 배를 채우는 것 이상의 가치를 추구하며, 새로운 제품을 가장 먼저 경험하고 공유하려는 경향이 강합니다"
91,여자,30대,사무 종사자,대학교 졸업(전문대졸/대학원생 포함),서울특별시,1세대가족,기혼,맞벌이 함,600-700만원 미만,3,0.7634328358208955,0.5678316422397591,0.4424754634678298,0.8824681684622918,0.7322475570032575,0.3064908018049287,0.6230434782608694,트렌드 주도형 소비자,"자신의 취향과 경험을 중시하는 소비자 그룹입니다. 단순히 배를 채우는 것 이상의 가치를 추구하며, 새로운 제품을 가장 먼저 경험하고 공유하려는 경향이 강합니다"
92,여자,40대,사무 종사자,대학교 졸업(전문대졸/대학원생 포함),서울특별시,1세대가족,기혼,맞벌이 함,600-700만원 미만,3,0.8746268656716418,0.5114618564449454,0.4615594329334785,0.941234084231146,0.7804560260586321,0.3897952099965287,0.636086956521739,트렌드 주도형 소비자,"자신의 취향과 경험을 중시하는 소비자 그룹입니다. 단순히 배를 채우는 것 이상의 가치를 추구하며, 새로운 제품을 가장 먼저 경험하고 공유하려는 경향이 강합니다"
93,여자,40대,주부,대학교 졸업(전문대졸/대학원생 포함),서울특별시,1세대가족,기혼,맞벌이 하지 않음,400-500만원 미만,3,0.787313432835821,0.4400601277715145,0.3525081788440564,0.8824681684622918,0.7504885993485345,0.3974314474140921,0.5565217391304347,트렌드 주도형 소비자,"자신의 취향과 경험을 중시하는 소비자 그룹입니다. 단순히 배를 채우는 것 이상의 가치를 추구하며, 새로운 제품을 가장 먼저 경험하고 공유하려는 경향이 강합니다"
94,여자,50대,서비스 종사자,대학교 졸업(전문대졸/대학원생 포함),울산광역시,2세대가족,기혼,맞벌이 함,600-700만원 미만,3,0.4313432835820893,0.5452837279218338,0.561886586695747,0.9804113614103814,0.3944625407166123,0.2655328011107253,0.6043478260869563,트렌드 주도형 소비자,"자신의 취향과 경험을 중시하는 소비자 그룹입니다. 단순히 배를 채우는 것 이상의 가치를 추구하며, 새로운 제품을 가장 먼저 경험하고 공유하려는 경향이 강합니다"
95,여자,60대 이상,사무 종사자,고졸(대학 재학 포함),전라북도,1세대가족,기혼,맞벌이 함,400-500만원 미만,1,0.530597014925373,0.4276587748966554,0.8263358778625949,0.742409402546523,0.7543973941368078,0.365150989239847,0.2695652173913042,건강 추구형 소비자,가격이나 브랜드에 크게 구애받지 않고 건강을 최우선으로 고려하는 프리미엄 소비자 그룹입니다. 건강과 편리성을 모두 만족시키는 제품에 기꺼이 지갑을 엽니다.
96,여자,60대 이상,주부,고졸(대학 재학 포함),전라북도,1세대가족,기혼,맞벌이 하지 않음,300-400만원 미만,1,0.3276119402985075,0.4314167606163096,0.8075245365321697,0.8599412340842311,0.6928338762214981,0.4484553974314472,0.2956521739130433,건강 추구형 소비자,가격이나 브랜드에 크게 구애받지 않고 건강을 최우선으로 고려하는 프리미엄 소비자 그룹입니다. 건강과 편리성을 모두 만족시키는 제품에 기꺼이 지갑을 엽니다.
97,여자,50대,서비스 종사자,대학교 졸업(전문대졸/대학원생 포함),울산광역시,2세대가족,기혼,맞벌이 함,600-700만원 미만,0,0.3492537313432834,0.5264937993235627,0.5539803707742637,1.0,0.3211726384364824,0.2585907670947587,0.6869565217391302,실속형 미식가,편리성을 중시하면서도 새로운 맛과 제품을 시도하는 데 적극적인 소비자 그룹입니다. 가격에 민감하기보다는 효율성과 맛을 동시에 추구합니다.
98,여자,30대,사무 종사자,대학교 졸업(전문대졸/대학원생 포함),전라북도,1인 가구,미혼(사별/이혼 포함),맞벌이 하지 않음,300-400만원 미만,1,0.4499999999999999,0.4926719278466742,0.5321701199563798,0.8237022526934379,0.7491856677524428,0.4311003123915303,0.3913043478260869,건강 추구형 소비자,가격이나 브랜드에 크게 구애받지 않고 건강을 최우선으로 고려하는 프리미엄 소비자 그룹입니다. 건강과 편리성을 모두 만족시키는 제품에 기꺼이 지갑을 엽니다.
99,남자,30대,사무 종사자,대학교 졸업(전문대졸/대학원생 포함),전라북도,1인 가구,미혼(사별/이혼 포함),맞벌이 하지 않음,200-300만원 미만,1,0.4268656716417911,0.4588500563697856,0.7262813522355507,0.8432908912830556,0.6710097719869708,0.4061089899340505,0.3652173913043475,건강 추구형 소비자,가격이나 브랜드에 크게 구애받지 않고 건강을 최우선으로 고려하는 프리미엄 소비자 그룹입니다. 건강과 편리성을 모두 만족시키는 제품에 기꺼이 지갑을 엽니다.
100,여자,60대 이상,서비스 종사자,고졸(대학 재학 포함),전라북도,2세대가족,기혼,맞벌이 하지 않음,200-300만원 미만,1,0.201492537313433,0.4006012777151446,0.7063794983642309,0.7600391772771787,0.6172638436482083,0.5039916695591807,0.4217391304347824,건강 추구형 소비자,가격이나 브랜드에 크게 구애받지 않고 건강을 최우선으로 고려하는 프리미엄 소비자 그룹입니다. 건강과 편리성을 모두 만족시키는 제품에 기꺼이 지갑을 엽니다.
101,여자,50대,서비스 종사자,대학교 졸업(전문대졸/대학원생 포함),전라북도,2세대가족,기혼,맞벌이 하지 않음,400-500만원 미만,0,0.246268656716418,0.4250281848928972,0.3533260632497275,0.8432908912830556,0.5615635179153095,0.531412703922249,0.652173913043478,실속형 미식가,편리성을 중시하면서도 새로운 맛과 제품을 시도하는 데 적극적인 소비자 그룹입니다. 가격에 민감하기보다는 효율성과 맛을 동시에 추구합니다.
102,남자,60대 이상,서비스 종사자,대학교 졸업(전문대졸/대학원생 포함),전라북도,1세대가족,기혼,맞벌이 함,500-600만원 미만,1,0.2164179104477611,0.4851559564073657,0.6660305343511452,0.8432908912830556,0.5872964169381107,0.4300590072891355,0.4217391304347824,건강 추구형 소비자,가격이나 브랜드에 크게 구애받지 않고 건강을 최우선으로 고려하는 프리미엄 소비자 그룹입니다. 건강과 편리성을 모두 만족시키는 제품에 기꺼이 지갑을 엽니다.
103,남자,30대,서비스 종사자,대학교 졸업(전문대졸/대학원생 포함),전라북도,1인 가구,미혼(사별/이혼 포함),맞벌이 하지 않음,200-300만원 미만,1,0.3104477611940298,0.3987222848553172,0.5959651035986915,0.8628795298726734,0.6794788273615633,0.5019090593543907,0.3608695652173911,건강 추구형 소비자,가격이나 브랜드에 크게 구애받지 않고 건강을 최우선으로 고려하는 프리미엄 소비자 그룹입니다. 건강과 편리성을 모두 만족시키는 제품에 기꺼이 지갑을 엽니다.
104,여자,20대,사무 종사자,대학교 졸업(전문대졸/대학원생 포함),부산광역시,1인 가구,미혼(사별/이혼 포함),맞벌이 하지 않음,200-300만원 미만,3,0.5880597014925373,0.7519729425028184,0.3565976008724097,0.8628795298726734,0.4599348534201955,0.358903158625477,0.4434782608695652,트렌드 주도형 소비자,"자신의 취향과 경험을 중시하는 소비자 그룹입니다. 단순히 배를 채우는 것 이상의 가치를 추구하며, 새로운 제품을 가장 먼저 경험하고 공유하려는 경향이 강합니다"
105,여자,50대,판매 종사자,고졸(대학 재학 포함),부산광역시,1인 가구,미혼(사별/이혼 포함),맞벌이 하지 않음,200-300만원 미만,3,0.8283582089552239,0.6016535137166477,0.2216466739367504,0.8432908912830556,0.5009771986970685,0.440819160013884,0.4143478260869565,트렌드 주도형 소비자,"자신의 취향과 경험을 중시하는 소비자 그룹입니다. 단순히 배를 채우는 것 이상의 가치를 추구하며, 새로운 제품을 가장 먼저 경험하고 공유하려는 경향이 강합니다"
106,여자,60대 이상,서비스 종사자,고졸(대학 재학 포함),광주광역시,2세대가족,기혼,맞벌이 함,800-900만원 미만,0,0.4962686567164179,0.5817361894024801,0.2066521264994544,0.742409402546523,0.2534201954397394,0.369316209649427,0.4739130434782606,실속형 미식가,편리성을 중시하면서도 새로운 맛과 제품을 시도하는 데 적극적인 소비자 그룹입니다. 가격에 민감하기보다는 효율성과 맛을 동시에 추구합니다.
107,여자,50대,주부,대학교 졸업(전문대졸/대학원생 포함),광주광역시,2세대가족,기혼,맞벌이 하지 않음,600-700만원 미만,3,0.5246268656716416,0.549041713641488,0.3157033805888764,0.7649363369245838,0.4035830618892508,0.3797292606733772,0.4391304347826084,트렌드 주도형 소비자,"자신의 취향과 경험을 중시하는 소비자 그룹입니다. 단순히 배를 채우는 것 이상의 가치를 추구하며, 새로운 제품을 가장 먼저 경험하고 공유하려는 경향이 강합니다"
108,여자,40대,사무 종사자,대학교 졸업(전문대졸/대학원생 포함),경기도,2세대가족,기혼,맞벌이 함,700-800만원 미만,1,0.5022388059701494,0.4325441563322056,0.6744820065430754,0.8628795298726734,0.6371335504885992,0.4175633460603956,0.2913043478260869,건강 추구형 소비자,가격이나 브랜드에 크게 구애받지 않고 건강을 최우선으로 고려하는 프리미엄 소비자 그룹입니다. 건강과 편리성을 모두 만족시키는 제품에 기꺼이 지갑을 엽니다.
109,여자,50대,관리자,고졸(대학 재학 포함),전라북도,2세대가족,기혼,맞벌이 하지 않음,300-400만원 미만,1,0.5067164179104479,0.4475760992108231,0.7884405670665211,0.8824681684622918,0.7309446254071664,0.423464074973967,0.4956521739130434,건강 추구형 소비자,가격이나 브랜드에 크게 구애받지 않고 건강을 최우선으로 고려하는 프리미엄 소비자 그룹입니다. 건강과 편리성을 모두 만족시키는 제품에 기꺼이 지갑을 엽니다.
110,여자,60대 이상,서비스 종사자,고졸(대학 재학 포함),광주광역시,2세대가족,기혼,맞벌이 함,500-600만원 미만,0,0.5097014925373136,0.5753476136790681,0.2802617230098144,0.7257590597453475,0.313680781758958,0.3353002429711905,0.4695652173913042,실속형 미식가,편리성을 중시하면서도 새로운 맛과 제품을 시도하는 데 적극적인 소비자 그룹입니다. 가격에 민감하기보다는 효율성과 맛을 동시에 추구합니다.
111,여자,60대 이상,주부,고졸(대학 재학 포함),경기도,1세대가족,기혼,맞벌이 하지 않음,200-300만원 미만,0,0.1231343283582088,0.4175122134535888,0.5449836423118868,0.8237022526934379,0.3250814332247558,0.5737591114196459,0.3521739130434779,실속형 미식가,편리성을 중시하면서도 새로운 맛과 제품을 시도하는 데 적극적인 소비자 그룹입니다. 가격에 민감하기보다는 효율성과 맛을 동시에 추구합니다.
112,여자,50대,주부,고졸(대학 재학 포함),전라북도,1세대가족,기혼,맞벌이 하지 않음,300-400만원 미만,3,0.3828358208955225,0.4701240135287484,0.6008724100327154,0.9608227228207636,0.6306188925081435,0.5251648733078791,0.608695652173913,트렌드 주도형 소비자,"자신의 취향과 경험을 중시하는 소비자 그룹입니다. 단순히 배를 채우는 것 이상의 가치를 추구하며, 새로운 제품을 가장 먼저 경험하고 공유하려는 경향이 강합니다"
113,여자,50대,사무 종사자,대학교 졸업(전문대졸/대학원생 포함),광주광역시,2세대가족,기혼,맞벌이 함,600-700만원 미만,0,0.5283582089552238,0.5978955279969934,0.2080152671755724,0.8041136141038193,0.2967426710097722,0.2651856994099271,0.5086956521739129,실속형 미식가,편리성을 중시하면서도 새로운 맛과 제품을 시도하는 데 적극적인 소비자 그룹입니다. 가격에 민감하기보다는 효율성과 맛을 동시에 추구합니다.
114,여자,50대,서비스 종사자,대학교 졸업(전문대졸/대학원생 포함),전라북도,1인 가구,미혼(사별/이혼 포함),맞벌이 하지 않음,200-300만원 미만,0,0.1664179104477611,1.0,0.5321701199563798,0.9804113614103814,0.3944625407166123,0.5060742797639707,0.3695652173913043,실속형 미식가,편리성을 중시하면서도 새로운 맛과 제품을 시도하는 데 적극적인 소비자 그룹입니다. 가격에 민감하기보다는 효율성과 맛을 동시에 추구합니다.
115,여자,50대,사무 종사자,대학교 졸업(전문대졸/대학원생 포함),전라북도,1인 가구,미혼(사별/이혼 포함),맞벌이 하지 않음,300-400만원 미만,1,0.201492537313433,0.4964299135663284,0.7808069792802612,0.9020568070519096,0.7644951140065145,0.6240888580354041,0.3434782608695651,건강 추구형 소비자,가격이나 브랜드에 크게 구애받지 않고 건강을 최우선으로 고려하는 프리미엄 소비자 그룹입니다. 건강과 편리성을 모두 만족시키는 제품에 기꺼이 지갑을 엽니다.
116,남자,30대,서비스 종사자,대학교 졸업(전문대졸/대학원생 포함),전라북도,2세대가족,기혼,맞벌이 하지 않음,500-600만원 미만,3,0.5268656716417909,0.8759864712514092,0.5989640130861504,0.941234084231146,0.5299674267100978,0.3793821589725787,0.5130434782608694,트렌드 주도형 소비자,"자신의 취향과 경험을 중시하는 소비자 그룹입니다. 단순히 배를 채우는 것 이상의 가치를 추구하며, 새로운 제품을 가장 먼저 경험하고 공유하려는 경향이 강합니다"
117,여자,60대 이상,주부,고졸(대학 재학 포함),경기도,1세대가족,기혼,맞벌이 하지 않음,300-400만원 미만,1,0.1044776119402986,0.421270199173243,0.6603053435114503,0.7649363369245838,0.3667752442996746,0.6074279763970842,0.4186956521739129,건강 추구형 소비자,가격이나 브랜드에 크게 구애받지 않고 건강을 최우선으로 고려하는 프리미엄 소비자 그룹입니다. 건강과 편리성을 모두 만족시키는 제품에 기꺼이 지갑을 엽니다.
118,여자,60대 이상,서비스 종사자,고졸(대학 재학 포함),전라북도,1세대가족,기혼,맞벌이 함,300-400만원 미만,3,0.367910447761194,0.7444569710635096,0.5032715376226828,0.9216454456415274,0.4283387622149838,0.4210343630683789,0.626086956521739,트렌드 주도형 소비자,"자신의 취향과 경험을 중시하는 소비자 그룹입니다. 단순히 배를 채우는 것 이상의 가치를 추구하며, 새로운 제품을 가장 먼저 경험하고 공유하려는 경향이 강합니다"
119,여자,50대,사무 종사자,대학교 졸업(전문대졸/대학원생 포함),전라북도,2세대가족,미혼(사별/이혼 포함),맞벌이 하지 않음,300-400만원 미만,1,0.444776119402985,0.5264937993235627,0.6477644492911669,0.8628795298726734,0.6605863192182412,0.3932662270045121,0.5217391304347825,건강 추구형 소비자,가격이나 브랜드에 크게 구애받지 않고 건강을 최우선으로 고려하는 프리미엄 소비자 그룹입니다. 건강과 편리성을 모두 만족시키는 제품에 기꺼이 지갑을 엽니다.
120,여자,60대 이상,주부,고졸(대학 재학 포함),경기도,1세대가족,기혼,맞벌이 하지 않음,300-400만원 미만,1,0.232089552238806,0.4024802705749719,0.6853871319520173,0.8041136141038193,0.5485342019543976,0.6049982644914957,0.2826086956521738,건강 추구형 소비자,가격이나 브랜드에 크게 구애받지 않고 건강을 최우선으로 고려하는 프리미엄 소비자 그룹입니다. 건강과 편리성을 모두 만족시키는 제품에 기꺼이 지갑을 엽니다.
121,여자,60대 이상,단순노무 종사자,고졸(대학 재학 포함),전라북도,1세대가족,기혼,맞벌이 함,200-300만원 미만,0,0.2649253731343282,0.7444569710635096,0.3849509269356597,0.8628795298726734,0.3628664495114007,0.5067684831655673,0.6347826086956521,실속형 미식가,편리성을 중시하면서도 새로운 맛과 제품을 시도하는 데 적극적인 소비자 그룹입니다. 가격에 민감하기보다는 효율성과 맛을 동시에 추구합니다.
122,여자,50대,서비스 종사자,고졸(대학 재학 포함),부산광역시,1인 가구,미혼(사별/이혼 포함),맞벌이 하지 않음,100-200만원 미만,3,0.6455223880597015,0.6065388951521984,0.2366412213740457,0.8628795298726734,0.4211726384364824,0.4585213467545986,0.4404347826086957,트렌드 주도형 소비자,"자신의 취향과 경험을 중시하는 소비자 그룹입니다. 단순히 배를 채우는 것 이상의 가치를 추구하며, 새로운 제품을 가장 먼저 경험하고 공유하려는 경향이 강합니다"
123,여자,60대 이상,장치·기계 조작 및 조립 종사자,고졸(대학 재학 포함),부산광역시,1세대가족,기혼,맞벌이 함,500-600만원 미만,3,0.7761194029850748,0.6429913566328446,0.2938931297709925,0.8824681684622918,0.5143322475570031,0.3932662270045121,0.5347826086956521,트렌드 주도형 소비자,"자신의 취향과 경험을 중시하는 소비자 그룹입니다. 단순히 배를 채우는 것 이상의 가치를 추구하며, 새로운 제품을 가장 먼저 경험하고 공유하려는 경향이 강합니다"
124,여자,40대,서비스 종사자,대학교 졸업(전문대졸/대학원생 포함),경기도,2세대가족,기혼,맞벌이 함,700-800만원 미만,1,0.2634328358208954,0.4325441563322056,0.821155943293348,0.8824681684622918,0.5762214983713357,0.3377299548767786,0.4404347826086957,건강 추구형 소비자,가격이나 브랜드에 크게 구애받지 않고 건강을 최우선으로 고려하는 프리미엄 소비자 그룹입니다. 건강과 편리성을 모두 만족시키는 제품에 기꺼이 지갑을 엽니다.
125,여자,60대 이상,농림어업 숙련 종사자,고졸(대학 재학 포함),전라북도,1세대가족,기혼,맞벌이 하지 않음,200-300만원 미만,3,0.4820895522388058,0.7557309282224727,0.3315158124318428,0.8432908912830556,0.3491856677524431,0.4137452273516138,0.5347826086956521,트렌드 주도형 소비자,"자신의 취향과 경험을 중시하는 소비자 그룹입니다. 단순히 배를 채우는 것 이상의 가치를 추구하며, 새로운 제품을 가장 먼저 경험하고 공유하려는 경향이 강합니다"
126,남자,50대,서비스 종사자,고졸(대학 재학 포함),부산광역시,2세대가족,기혼,맞벌이 하지 않음,300-400만원 미만,3,0.7910447761194032,0.4588500563697856,0.5196292257360962,0.8628795298726734,0.6465798045602605,0.3488372093023252,0.3839130434782607,트렌드 주도형 소비자,"자신의 취향과 경험을 중시하는 소비자 그룹입니다. 단순히 배를 채우는 것 이상의 가치를 추구하며, 새로운 제품을 가장 먼저 경험하고 공유하려는 경향이 강합니다"
127,여자,40대,사무 종사자,고졸(대학 재학 포함),부산광역시,2세대가족,기혼,맞벌이 함,400-500만원 미만,3,0.707462686567164,0.5527996993611421,0.4651035986913849,0.8237022526934379,0.6270358306188925,0.3502256161055186,0.3565217391304347,트렌드 주도형 소비자,"자신의 취향과 경험을 중시하는 소비자 그룹입니다. 단순히 배를 채우는 것 이상의 가치를 추구하며, 새로운 제품을 가장 먼저 경험하고 공유하려는 경향이 강합니다"
128,남자,30대,사무 종사자,대학교 졸업(전문대졸/대학원생 포함),전라북도,1인 가구,미혼(사별/이혼 포함),맞벌이 하지 않음,200-300만원 미만,3,0.4097014925373134,0.4400601277715145,0.4179389312977098,0.8432908912830556,0.6869706840390882,0.5421728566469972,0.4782608695652171,트렌드 주도형 소비자,"자신의 취향과 경험을 중시하는 소비자 그룹입니다. 단순히 배를 채우는 것 이상의 가치를 추구하며, 새로운 제품을 가장 먼저 경험하고 공유하려는 경향이 강합니다"
129,여자,60대 이상,주부,고졸(대학 재학 포함),경기도,1인 가구,미혼(사별/이혼 포함),맞벌이 하지 않음,200-300만원 미만,1,0.1365671641791045,0.4363021420518599,0.6641221374045803,0.8237022526934379,0.4254071661237786,0.6223533495314126,0.434782608695652,건강 추구형 소비자,가격이나 브랜드에 크게 구애받지 않고 건강을 최우선으로 고려하는 프리미엄 소비자 그룹입니다. 건강과 편리성을 모두 만족시키는 제품에 기꺼이 지갑을 엽니다.
130,여자,30대,전문가 및 관련 종사자,대학교 졸업(전문대졸/대학원생 포함),경기도,2세대가족,기혼,맞벌이 함,600-700만원 미만,1,0.1813432835820895,0.4325441563322056,0.8505997818974915,0.8628795298726734,0.4596091205211726,0.3314821242624087,0.4708695652173912,건강 추구형 소비자,가격이나 브랜드에 크게 구애받지 않고 건강을 최우선으로 고려하는 프리미엄 소비자 그룹입니다. 건강과 편리성을 모두 만족시키는 제품에 기꺼이 지갑을 엽니다.
131,여자,60대 이상,판매 종사자,고졸(대학 재학 포함),경기도,1세대가족,기혼,맞벌이 함,400-500만원 미만,1,0.1231343283582088,0.3987222848553172,0.7380043620501637,0.8432908912830556,0.4423452768729644,0.4418604651162787,0.3652173913043475,건강 추구형 소비자,가격이나 브랜드에 크게 구애받지 않고 건강을 최우선으로 고려하는 프리미엄 소비자 그룹입니다. 건강과 편리성을 모두 만족시키는 제품에 기꺼이 지갑을 엽니다.
132,여자,50대,서비스 종사자,고졸(대학 재학 포함),경기도,2세대가족,기혼,맞벌이 함,700-800만원 미만,1,0.1813432835820895,0.4325441563322056,0.7317339149400213,0.9020568070519096,0.513355048859935,0.4248524817771604,0.4621739130434781,건강 추구형 소비자,가격이나 브랜드에 크게 구애받지 않고 건강을 최우선으로 고려하는 프리미엄 소비자 그룹입니다. 건강과 편리성을 모두 만족시키는 제품에 기꺼이 지갑을 엽니다.
133,여자,60대 이상,주부,고졸(대학 재학 포함),경기도,1세대가족,기혼,맞벌이 하지 않음,300-400만원 미만,1,0.2186567164179104,0.4438181134911688,0.6594874591057793,0.8432908912830556,0.4840390879478827,0.5081568899687606,0.417391304347826,건강 추구형 소비자,가격이나 브랜드에 크게 구애받지 않고 건강을 최우선으로 고려하는 프리미엄 소비자 그룹입니다. 건강과 편리성을 모두 만족시키는 제품에 기꺼이 지갑을 엽니다.
134,여자,40대,주부,대학교 졸업(전문대졸/대학원생 포함),경기도,2세대가족,기혼,맞벌이 하지 않음,600-700만원 미만,1,0.1343283582089552,0.4250281848928972,0.8996728462377315,0.8628795298726734,0.4677524429967427,0.3884068031933354,0.3565217391304347,건강 추구형 소비자,가격이나 브랜드에 크게 구애받지 않고 건강을 최우선으로 고려하는 프리미엄 소비자 그룹입니다. 건강과 편리성을 모두 만족시키는 제품에 기꺼이 지갑을 엽니다.
135,여자,40대,서비스 종사자,대학교 졸업(전문대졸/대학원생 포함),경기도,2세대가족,기혼,맞벌이 함,"900-1,000만원 미만",1,0.1492537313432836,0.4325441563322056,0.8358778625954197,0.8628795298726734,0.4553745928338763,0.3238458868448454,0.452173913043478,건강 추구형 소비자,가격이나 브랜드에 크게 구애받지 않고 건강을 최우선으로 고려하는 프리미엄 소비자 그룹입니다. 건강과 편리성을 모두 만족시키는 제품에 기꺼이 지갑을 엽니다.
136,여자,60대 이상,주부,고졸(대학 재학 포함),경기도,1세대가족,기혼,맞벌이 하지 않음,300-400만원 미만,1,0.0895522388059701,0.4137542277339346,0.6213195201744821,0.8824681684622918,0.3485342019543977,0.4633807705657757,0.3565217391304347,건강 추구형 소비자,가격이나 브랜드에 크게 구애받지 않고 건강을 최우선으로 고려하는 프리미엄 소비자 그룹입니다. 건강과 편리성을 모두 만족시키는 제품에 기꺼이 지갑을 엽니다.
137,여자,60대 이상,주부,고졸(대학 재학 포함),경기도,3세대가족,기혼,맞벌이 하지 않음,"900-1,000만원 미만",1,0.1194029850746271,0.4438181134911688,0.7232824427480911,0.8237022526934379,0.475895765472313,0.4557445331482124,0.3304347826086955,건강 추구형 소비자,가격이나 브랜드에 크게 구애받지 않고 건강을 최우선으로 고려하는 프리미엄 소비자 그룹입니다. 건강과 편리성을 모두 만족시키는 제품에 기꺼이 지갑을 엽니다.
138,여자,50대,사무 종사자,고졸(대학 재학 포함),부산광역시,2세대가족,기혼,맞벌이 함,500-600만원 미만,3,0.8880597014925372,0.5426531379180757,0.5635223555070885,0.8432908912830556,0.7081433224755703,0.392919125303714,0.417391304347826,트렌드 주도형 소비자,"자신의 취향과 경험을 중시하는 소비자 그룹입니다. 단순히 배를 채우는 것 이상의 가치를 추구하며, 새로운 제품을 가장 먼저 경험하고 공유하려는 경향이 강합니다"
139,남자,50대,전문가 및 관련 종사자,대학교 졸업(전문대졸/대학원생 포함),부산광역시,2세대가족,기혼,맞벌이 함,600-700만원 미만,3,0.7761194029850748,0.5001878992859826,0.4806434023991279,0.8432908912830556,0.5332247557003259,0.4783061437001038,0.417391304347826,트렌드 주도형 소비자,"자신의 취향과 경험을 중시하는 소비자 그룹입니다. 단순히 배를 채우는 것 이상의 가치를 추구하며, 새로운 제품을 가장 먼저 경험하고 공유하려는 경향이 강합니다"
140,여자,60대 이상,주부,고졸(대학 재학 포함),경상남도,3세대가족,기혼,맞벌이 하지 않음,700-800만원 미만,3,0.6261194029850746,0.5527996993611421,0.5370774263904035,0.8432908912830556,0.5374592833876222,0.279763970843457,0.417391304347826,트렌드 주도형 소비자,"자신의 취향과 경험을 중시하는 소비자 그룹입니다. 단순히 배를 채우는 것 이상의 가치를 추구하며, 새로운 제품을 가장 먼저 경험하고 공유하려는 경향이 강합니다"
141,여자,50대,주부,고졸(대학 재학 포함),경상남도,2세대가족,기혼,맞벌이 하지 않음,600-700만원 미만,3,0.5544776119402987,0.5452837279218338,0.4558342420937836,0.8432908912830556,0.3478827361563519,0.2978132592849702,0.5304347826086953,트렌드 주도형 소비자,"자신의 취향과 경험을 중시하는 소비자 그룹입니다. 단순히 배를 채우는 것 이상의 가치를 추구하며, 새로운 제품을 가장 먼저 경험하고 공유하려는 경향이 강합니다"
142,여자,50대,서비스 종사자,고졸(대학 재학 포함),경상남도,2세대가족,기혼,맞벌이 함,500-600만원 미만,1,0.4149253731343283,0.5452837279218338,0.623773173391494,0.8432908912830556,0.4452768729641696,0.2370704616452617,0.4217391304347824,건강 추구형 소비자,가격이나 브랜드에 크게 구애받지 않고 건강을 최우선으로 고려하는 프리미엄 소비자 그룹입니다. 건강과 편리성을 모두 만족시키는 제품에 기꺼이 지갑을 엽니다.
143,여자,50대,서비스 종사자,고졸(대학 재학 포함),경상남도,2세대가족,기혼,맞벌이 함,600-700만원 미만,1,0.3477611940298506,0.5715896279594138,0.6728462377317339,0.8432908912830556,0.4019543973941367,0.2370704616452617,0.3521739130434779,건강 추구형 소비자,가격이나 브랜드에 크게 구애받지 않고 건강을 최우선으로 고려하는 프리미엄 소비자 그룹입니다. 건강과 편리성을 모두 만족시키는 제품에 기꺼이 지갑을 엽니다.
144,여자,60대 이상,주부,대학교 졸업(전문대졸/대학원생 포함),전라북도,1세대가족,기혼,맞벌이 하지 않음,200-300만원 미만,3,0.5402985074626866,0.5791055993987222,0.4277535441657579,0.8432908912830556,0.5416938110749185,0.4029850746268653,0.6652173913043476,트렌드 주도형 소비자,"자신의 취향과 경험을 중시하는 소비자 그룹입니다. 단순히 배를 채우는 것 이상의 가치를 추구하며, 새로운 제품을 가장 먼저 경험하고 공유하려는 경향이 강합니다"
145,여자,30대,주부,대학교 졸업(전문대졸/대학원생 포함),전라북도,2세대가족,기혼,맞벌이 하지 않음,400-500만원 미만,0,0.3343283582089553,0.7106350995866215,0.3647764449291164,0.8628795298726734,0.4159609120521173,0.5206525511975006,0.5913043478260867,실속형 미식가,편리성을 중시하면서도 새로운 맛과 제품을 시도하는 데 적극적인 소비자 그룹입니다. 가격에 민감하기보다는 효율성과 맛을 동시에 추구합니다.
146,여자,60대 이상,서비스 종사자,고졸(대학 재학 포함),전라북도,1세대가족,기혼,맞벌이 함,500-600만원 미만,3,0.6328358208955224,0.7658774896655393,0.3328789531079609,0.7815866797257591,0.4625407166123778,0.4762235334953137,0.4913043478260865,트렌드 주도형 소비자,"자신의 취향과 경험을 중시하는 소비자 그룹입니다. 단순히 배를 채우는 것 이상의 가치를 추구하며, 새로운 제품을 가장 먼저 경험하고 공유하려는 경향이 강합니다"
147,여자,30대,서비스 종사자,대학교 졸업(전문대졸/대학원생 포함),전라북도,2세대가족,기혼,맞벌이 함,500-600만원 미만,1,0.3641791044776119,0.4652386320931981,0.5627044711014173,0.8599412340842311,0.7309446254071664,0.3408538701839637,0.3782608695652173,건강 추구형 소비자,가격이나 브랜드에 크게 구애받지 않고 건강을 최우선으로 고려하는 프리미엄 소비자 그룹입니다. 건강과 편리성을 모두 만족시키는 제품에 기꺼이 지갑을 엽니다.
148,여자,60대 이상,관리자,고졸(대학 재학 포함),경기도,1인 가구,미혼(사별/이혼 포함),맞벌이 하지 않음,500-600만원 미만,1,0.1343283582089552,0.4926719278466742,0.7401853871319521,0.8824681684622918,0.3990228013029316,0.4786532454009022,0.3478260869565215,건강 추구형 소비자,가격이나 브랜드에 크게 구애받지 않고 건강을 최우선으로 고려하는 프리미엄 소비자 그룹입니다. 건강과 편리성을 모두 만족시키는 제품에 기꺼이 지갑을 엽니다.
149,여자,60대 이상,판매 종사자,고졸(대학 재학 포함),전라북도,1세대가족,기혼,맞벌이 함,500-600만원 미만,3,0.478358208955224,0.631717399473882,0.352235550708833,0.9216454456415274,0.5504885993485341,0.3832002776813606,0.5652173913043476,트렌드 주도형 소비자,"자신의 취향과 경험을 중시하는 소비자 그룹입니다. 단순히 배를 채우는 것 이상의 가치를 추구하며, 새로운 제품을 가장 먼저 경험하고 공유하려는 경향이 강합니다"
150,여자,60대 이상,주부,고졸(대학 재학 포함),전라북도,1세대가족,기혼,맞벌이 하지 않음,300-400만원 미만,1,0.4791044776119404,0.5001878992859826,0.5523446019629221,0.8824681684622918,0.4423452768729644,0.3314821242624087,0.4304347826086956,건강 추구형 소비자,가격이나 브랜드에 크게 구애받지 않고 건강을 최우선으로 고려하는 프리미엄 소비자 그룹입니다. 건강과 편리성을 모두 만족시키는 제품에 기꺼이 지갑을 엽니다.
151,여자,30대,주부,대학교 졸업(전문대졸/대학원생 포함),경기도,2세대가족,기혼,맞벌이 하지 않음,300-400만원 미만,1,0.2656716417910447,0.5715896279594138,0.4146673936750268,0.7845249755142015,0.4100977198697069,0.3255813953488372,0.2043478260869564,건강 추구형 소비자,가격이나 브랜드에 크게 구애받지 않고 건강을 최우선으로 고려하는 프리미엄 소비자 그룹입니다. 건강과 편리성을 모두 만족시키는 제품에 기꺼이 지갑을 엽니다.
152,여자,40대,사무 종사자,대학교 졸업(전문대졸/대학원생 포함),경기도,2세대가족,기혼,맞벌이 함,"1,000만원 이상",1,0.1641791044776118,0.4400601277715145,0.8942202835332602,0.8824681684622918,0.4905537459283389,0.2238805970149251,0.3565217391304347,건강 추구형 소비자,가격이나 브랜드에 크게 구애받지 않고 건강을 최우선으로 고려하는 프리미엄 소비자 그룹입니다. 건강과 편리성을 모두 만족시키는 제품에 기꺼이 지갑을 엽니다.
153,여자,30대,서비스 종사자,대학교 졸업(전문대졸/대학원생 포함),대전광역시,1인 가구,미혼(사별/이혼 포함),맞벌이 하지 않음,300-400만원 미만,3,0.742537313432836,0.6054114994363019,0.1663031624863687,0.9020568070519096,0.4130293159609121,0.4345713293995137,0.6056521739130434,트렌드 주도형 소비자,"자신의 취향과 경험을 중시하는 소비자 그룹입니다. 단순히 배를 채우는 것 이상의 가치를 추구하며, 새로운 제품을 가장 먼저 경험하고 공유하려는 경향이 강합니다"
154,남자,30대,사무 종사자,대학교 졸업(전문대졸/대학원생 포함),대전광역시,1인 가구,미혼(사별/이혼 포함),맞벌이 하지 않음,200-300만원 미만,3,0.7858208955223882,0.6429913566328446,0.1971101417666305,0.8432908912830556,0.4335504885993483,0.2329052412356817,0.4695652173913042,트렌드 주도형 소비자,"자신의 취향과 경험을 중시하는 소비자 그룹입니다. 단순히 배를 채우는 것 이상의 가치를 추구하며, 새로운 제품을 가장 먼저 경험하고 공유하려는 경향이 강합니다"
155,여자,60대 이상,주부,고졸(대학 재학 포함),경상남도,1세대가족,기혼,맞벌이 하지 않음,200-300만원 미만,0,0.0895522388059701,0.5264937993235627,0.6232279171210469,0.8432908912830556,0.2452768729641697,0.2221450885109336,0.4695652173913042,실속형 미식가,편리성을 중시하면서도 새로운 맛과 제품을 시도하는 데 적극적인 소비자 그룹입니다. 가격에 민감하기보다는 효율성과 맛을 동시에 추구합니다.
156,여자,60대 이상,서비스 종사자,고졸(대학 재학 포함),경상남도,2세대가족,미혼(사별/이혼 포함),맞벌이 하지 않음,400-500만원 미만,0,0.3007462686567163,0.4851559564073657,0.5226281352235549,0.8432908912830556,0.3185667752442996,0.26657410621312,0.5086956521739129,실속형 미식가,편리성을 중시하면서도 새로운 맛과 제품을 시도하는 데 적극적인 소비자 그룹입니다. 가격에 민감하기보다는 효율성과 맛을 동시에 추구합니다.
157,여자,30대,주부,대학교 졸업(전문대졸/대학원생 포함),대구광역시,2세대가족,기혼,맞벌이 하지 않음,400-500만원 미만,3,0.5880597014925373,0.394964299135663,0.4765539803707745,0.7453476983349653,0.559609120521173,0.350572717806317,0.5447826086956521,트렌드 주도형 소비자,"자신의 취향과 경험을 중시하는 소비자 그룹입니다. 단순히 배를 채우는 것 이상의 가치를 추구하며, 새로운 제품을 가장 먼저 경험하고 공유하려는 경향이 강합니다"
158,여자,60대 이상,판매 종사자,고졸(대학 재학 포함),경상남도,1세대가족,기혼,맞벌이 함,400-500만원 미만,0,0.2134328358208957,0.4926719278466742,0.5697928026172301,0.8432908912830556,0.3954397394136811,0.3127386324192986,0.4869565217391302,실속형 미식가,편리성을 중시하면서도 새로운 맛과 제품을 시도하는 데 적극적인 소비자 그룹입니다. 가격에 민감하기보다는 효율성과 맛을 동시에 추구합니다.
159,여자,60대 이상,서비스 종사자,고졸(대학 재학 포함),경상남도,1세대가족,기혼,맞벌이 함,400-500만원 미만,1,0.2164179104477611,0.5941375422773392,0.603326063249727,0.8628795298726734,0.3609120521172638,0.2589378687955568,0.3999999999999997,건강 추구형 소비자,가격이나 브랜드에 크게 구애받지 않고 건강을 최우선으로 고려하는 프리미엄 소비자 그룹입니다. 건강과 편리성을 모두 만족시키는 제품에 기꺼이 지갑을 엽니다.
160,남자,60대 이상,판매 종사자,대학교 졸업(전문대졸/대학원생 포함),대전광역시,1세대가족,기혼,맞벌이 함,400-500만원 미만,1,0.3656716417910448,0.6730552423900787,0.546346782988004,0.7845249755142015,0.3254071661237787,0.2901770218674069,0.3086956521739128,건강 추구형 소비자,가격이나 브랜드에 크게 구애받지 않고 건강을 최우선으로 고려하는 프리미엄 소비자 그룹입니다. 건강과 편리성을 모두 만족시키는 제품에 기꺼이 지갑을 엽니다.
161,여자,60대 이상,주부,고졸(대학 재학 포함),대전광역시,1세대가족,기혼,맞벌이 하지 않음,300-400만원 미만,1,0.3656716417910448,0.4043592634347988,0.7224645583424207,0.740450538687561,0.470684039087948,0.5088510933703574,0.4826086956521738,건강 추구형 소비자,가격이나 브랜드에 크게 구애받지 않고 건강을 최우선으로 고려하는 프리미엄 소비자 그룹입니다. 건강과 편리성을 모두 만족시키는 제품에 기꺼이 지갑을 엽니다.
162,여자,40대,주부,대학교 졸업(전문대졸/대학원생 포함),광주광역시,2세대가족,기혼,맞벌이 하지 않음,500-600만원 미만,3,0.5246268656716416,0.4287861706125515,0.3383315158124315,0.7453476983349653,0.3853420195439739,0.3457132939951404,0.6304347826086953,트렌드 주도형 소비자,"자신의 취향과 경험을 중시하는 소비자 그룹입니다. 단순히 배를 채우는 것 이상의 가치를 추구하며, 새로운 제품을 가장 먼저 경험하고 공유하려는 경향이 강합니다"
163,남자,30대,전문가 및 관련 종사자,대학교 졸업(전문대졸/대학원생 포함),광주광역시,1세대가족,기혼,맞벌이 함,500-600만원 미만,3,0.5477611940298508,0.5603156708004507,0.3020719738276992,0.7453476983349653,0.39413680781759,0.3103089205137103,0.5173913043478258,트렌드 주도형 소비자,"자신의 취향과 경험을 중시하는 소비자 그룹입니다. 단순히 배를 채우는 것 이상의 가치를 추구하며, 새로운 제품을 가장 먼저 경험하고 공유하려는 경향이 강합니다"
164,여자,50대,주부,대학교 졸업(전문대졸/대학원생 포함),서울특별시,2세대가족,기혼,맞벌이 하지 않음,800-900만원 미만,3,0.5134328358208956,0.4637354378053364,0.4642857142857146,0.8824681684622918,0.6104234527687298,0.4435959736202706,0.6478260869565217,트렌드 주도형 소비자,"자신의 취향과 경험을 중시하는 소비자 그룹입니다. 단순히 배를 채우는 것 이상의 가치를 추구하며, 새로운 제품을 가장 먼저 경험하고 공유하려는 경향이 강합니다"
165,여자,40대,사무 종사자,대학교 졸업(전문대졸/대학원생 포함),서울특별시,2세대가족,기혼,맞벌이 함,700-800만원 미만,3,0.585820895522388,0.4975573092822249,0.4642857142857146,0.9020568070519096,0.5833876221498373,0.4061089899340505,0.5999999999999999,트렌드 주도형 소비자,"자신의 취향과 경험을 중시하는 소비자 그룹입니다. 단순히 배를 채우는 것 이상의 가치를 추구하며, 새로운 제품을 가장 먼저 경험하고 공유하려는 경향이 강합니다"
166,여자,50대,전문가 및 관련 종사자,대학교 졸업(전문대졸/대학원생 포함),광주광역시,1세대가족,기혼,맞벌이 함,500-600만원 미만,3,0.6753731343283582,0.4889139421270199,0.2066521264994544,0.7453476983349653,0.4846905537459285,0.2856646997570284,0.4999999999999998,트렌드 주도형 소비자,"자신의 취향과 경험을 중시하는 소비자 그룹입니다. 단순히 배를 채우는 것 이상의 가치를 추구하며, 새로운 제품을 가장 먼저 경험하고 공유하려는 경향이 강합니다"
167,여자,50대,서비스 종사자,고졸(대학 재학 포함),광주광역시,2세대가족,기혼,맞벌이 함,600-700만원 미만,1,0.1865671641791045,0.3987222848553172,0.776717557251908,0.8628795298726734,0.3061889250814336,0.1561957653592499,0.1478260869565215,건강 추구형 소비자,가격이나 브랜드에 크게 구애받지 않고 건강을 최우선으로 고려하는 프리미엄 소비자 그룹입니다. 건강과 편리성을 모두 만족시키는 제품에 기꺼이 지갑을 엽니다.
168,남자,60대 이상,전문가 및 관련 종사자,고졸(대학 재학 포함),광주광역시,2세대가족,기혼,맞벌이 함,500-600만원 미만,3,0.5865671641791045,0.4513340849304773,0.2339149400218104,0.8041136141038193,0.4263843648208469,0.2506074279763968,0.4869565217391302,트렌드 주도형 소비자,"자신의 취향과 경험을 중시하는 소비자 그룹입니다. 단순히 배를 채우는 것 이상의 가치를 추구하며, 새로운 제품을 가장 먼저 경험하고 공유하려는 경향이 강합니다"
169,여자,40대,사무 종사자,대학교 졸업(전문대졸/대학원생 포함),서울특별시,2세대가족,기혼,맞벌이 함,700-800만원 미만,3,0.662686567164179,0.5565576850807965,0.4604689203925847,0.9020568070519096,0.61628664495114,0.3471017007983338,0.6739130434782606,트렌드 주도형 소비자,"자신의 취향과 경험을 중시하는 소비자 그룹입니다. 단순히 배를 채우는 것 이상의 가치를 추구하며, 새로운 제품을 가장 먼저 경험하고 공유하려는 경향이 강합니다"
170,여자,30대,사무 종사자,대학교 졸업(전문대졸/대학원생 포함),서울특별시,1세대가족,기혼,맞벌이 함,700-800만원 미만,3,0.7686567164179104,0.5614430665163472,0.4506543075245364,0.941234084231146,0.5833876221498373,0.4488024991322454,0.6826086956521739,트렌드 주도형 소비자,"자신의 취향과 경험을 중시하는 소비자 그룹입니다. 단순히 배를 채우는 것 이상의 가치를 추구하며, 새로운 제품을 가장 먼저 경험하고 공유하려는 경향이 강합니다"
171,여자,40대,사무 종사자,대학교 졸업(전문대졸/대학원생 포함),서울특별시,2세대가족,기혼,맞벌이 함,800-900만원 미만,3,0.6798507462686567,0.5227358136039083,0.4623773173391496,0.9216454456415274,0.6267100977198696,0.3700104130510236,0.618695652173913,트렌드 주도형 소비자,"자신의 취향과 경험을 중시하는 소비자 그룹입니다. 단순히 배를 채우는 것 이상의 가치를 추구하며, 새로운 제품을 가장 먼저 경험하고 공유하려는 경향이 강합니다"
172,여자,60대 이상,주부,고졸(대학 재학 포함),서울특별시,1세대가족,기혼,맞벌이 하지 않음,400-500만원 미만,3,0.7052238805970148,0.5264937993235627,0.4015812431842965,0.8628795298726734,0.5996742671009772,0.423464074973967,0.5913043478260867,트렌드 주도형 소비자,"자신의 취향과 경험을 중시하는 소비자 그룹입니다. 단순히 배를 채우는 것 이상의 가치를 추구하며, 새로운 제품을 가장 먼저 경험하고 공유하려는 경향이 강합니다"
173,여자,40대,판매 종사자,고졸(대학 재학 포함),서울특별시,2세대가족,기혼,맞벌이 함,700-800만원 미만,3,0.6529850746268658,0.4701240135287484,0.4514721919302067,0.941234084231146,0.598697068403909,0.4460256855258588,0.6478260869565217,트렌드 주도형 소비자,"자신의 취향과 경험을 중시하는 소비자 그룹입니다. 단순히 배를 채우는 것 이상의 가치를 추구하며, 새로운 제품을 가장 먼저 경험하고 공유하려는 경향이 강합니다"
174,여자,50대,전문가 및 관련 종사자,대학교 졸업(전문대졸/대학원생 포함),서울특별시,1인 가구,미혼(사별/이혼 포함),맞벌이 하지 않음,400-500만원 미만,3,0.6910447761194032,0.5509207065013153,0.4882769901853869,0.9559255631733592,0.6579804560260588,0.350572717806317,0.6708695652173913,트렌드 주도형 소비자,"자신의 취향과 경험을 중시하는 소비자 그룹입니다. 단순히 배를 채우는 것 이상의 가치를 추구하며, 새로운 제품을 가장 먼저 경험하고 공유하려는 경향이 강합니다"
175,여자,60대 이상,판매 종사자,고졸(대학 재학 포함),부산광역시,1세대가족,기혼,맞벌이 함,300-400만원 미만,0,0.2925373134328359,0.5321307779030438,0.4555616139585601,0.8579823702252692,0.2482084690553749,0.636237417563346,0.4608695652173912,실속형 미식가,편리성을 중시하면서도 새로운 맛과 제품을 시도하는 데 적극적인 소비자 그룹입니다. 가격에 민감하기보다는 효율성과 맛을 동시에 추구합니다.
176,여자,50대,서비스 종사자,대학교 졸업(전문대졸/대학원생 포함),부산광역시,1세대가족,기혼,맞벌이 함,400-500만원 미만,0,0.2335820895522388,0.5396467493423522,0.4351145038167934,0.8579823702252692,0.2201954397394137,0.5251648733078791,0.4999999999999998,실속형 미식가,편리성을 중시하면서도 새로운 맛과 제품을 시도하는 데 적극적인 소비자 그룹입니다. 가격에 민감하기보다는 효율성과 맛을 동시에 추구합니다.
177,여자,60대 이상,서비스 종사자,고졸(대학 재학 포함),광주광역시,1세대가족,기혼,맞벌이 함,400-500만원 미만,1,0.1865671641791045,0.3761743705373919,0.7287350054525625,0.7845249755142015,0.1485342019543978,0.1874349184311001,0.1491304347826084,건강 추구형 소비자,가격이나 브랜드에 크게 구애받지 않고 건강을 최우선으로 고려하는 프리미엄 소비자 그룹입니다. 건강과 편리성을 모두 만족시키는 제품에 기꺼이 지갑을 엽니다.
178,여자,40대,판매 종사자,고졸(대학 재학 포함),부산광역시,2세대가족,기혼,맞벌이 함,400-500만원 미만,0,0.2186567164179104,0.5321307779030438,0.366412213740458,0.8579823702252692,0.2765472312703584,0.515793127386324,0.4391304347826084,실속형 미식가,편리성을 중시하면서도 새로운 맛과 제품을 시도하는 데 적극적인 소비자 그룹입니다. 가격에 민감하기보다는 효율성과 맛을 동시에 추구합니다.
179,여자,60대 이상,서비스 종사자,고졸(대학 재학 포함),광주광역시,1세대가족,기혼,맞벌이 함,300-400만원 미만,1,0.5320895522388059,0.3987222848553172,0.7369138495092691,0.8628795298726734,0.1866449511400651,0.1666088163832002,0.1478260869565215,건강 추구형 소비자,가격이나 브랜드에 크게 구애받지 않고 건강을 최우선으로 고려하는 프리미엄 소비자 그룹입니다. 건강과 편리성을 모두 만족시키는 제품에 기꺼이 지갑을 엽니다.
180,여자,60대 이상,단순노무 종사자,중졸 이하,부산광역시,1인 가구,미혼(사별/이혼 포함),맞벌이 하지 않음,100-200만원 미만,0,0.2134328358208957,0.5922585494175122,0.4950926935659762,0.8383937316356512,0.204885993485342,0.4304061089899336,0.4304347826086956,실속형 미식가,편리성을 중시하면서도 새로운 맛과 제품을 시도하는 데 적극적인 소비자 그룹입니다. 가격에 민감하기보다는 효율성과 맛을 동시에 추구합니다.
181,여자,60대 이상,서비스 종사자,고졸(대학 재학 포함),광주광역시,1세대가족,기혼,맞벌이 함,500-600만원 미만,3,0.5992537313432837,0.5189778278842537,0.5744274809160304,0.9608227228207636,0.4765472312703583,0.369316209649427,0.7217391304347825,트렌드 주도형 소비자,"자신의 취향과 경험을 중시하는 소비자 그룹입니다. 단순히 배를 채우는 것 이상의 가치를 추구하며, 새로운 제품을 가장 먼저 경험하고 공유하려는 경향이 강합니다"
182,여자,60대 이상,서비스 종사자,대학교 졸업(전문대졸/대학원생 포함),전라북도,1세대가족,기혼,맞벌이 함,500-600만원 미만,0,0.1082089552238807,0.5640736565201049,0.2952562704471098,0.7649363369245838,0.0863192182410427,0.4206872613675805,0.4839130434782607,실속형 미식가,편리성을 중시하면서도 새로운 맛과 제품을 시도하는 데 적극적인 소비자 그룹입니다. 가격에 민감하기보다는 효율성과 맛을 동시에 추구합니다.
183,여자,30대,서비스 종사자,대학교 졸업(전문대졸/대학원생 포함),전라북도,2세대가족,기혼,맞벌이 함,400-500만원 미만,0,0.1567164179104479,0.3536264562194665,0.4719193020719736,0.7453476983349653,0.39413680781759,0.4592155501561954,0.4478260869565216,실속형 미식가,편리성을 중시하면서도 새로운 맛과 제품을 시도하는 데 적극적인 소비자 그룹입니다. 가격에 민감하기보다는 효율성과 맛을 동시에 추구합니다.
184,여자,60대 이상,판매 종사자,고졸(대학 재학 포함),전라북도,1세대가족,기혼,맞벌이 함,200-300만원 미만,0,0.3671641791044776,0.4099962420142803,0.2729007633587789,0.8041136141038193,0.1970684039087946,0.479347448802499,0.8086956521739128,실속형 미식가,편리성을 중시하면서도 새로운 맛과 제품을 시도하는 데 적극적인 소비자 그룹입니다. 가격에 민감하기보다는 효율성과 맛을 동시에 추구합니다.
185,여자,50대,판매 종사자,고졸(대학 재학 포함),부산광역시,2세대가족,기혼,맞벌이 함,500-600만원 미만,0,0.2283582089552238,0.4983089064261557,0.4296619411123228,0.8579823702252692,0.1820846905537459,0.6476917736896907,0.626086956521739,실속형 미식가,편리성을 중시하면서도 새로운 맛과 제품을 시도하는 데 적극적인 소비자 그룹입니다. 가격에 민감하기보다는 효율성과 맛을 동시에 추구합니다.
186,남자,40대,판매 종사자,고졸(대학 재학 포함),부산광역시,1인 가구,미혼(사별/이혼 포함),맞벌이 하지 않음,200-300만원 미만,0,0.1985074626865673,0.4983089064261557,0.3170665212649944,0.8383937316356512,0.1908794788273619,0.4890662964248523,0.4304347826086956,실속형 미식가,편리성을 중시하면서도 새로운 맛과 제품을 시도하는 데 적극적인 소비자 그룹입니다. 가격에 민감하기보다는 효율성과 맛을 동시에 추구합니다.
187,여자,60대 이상,사무 종사자,대학교 졸업(전문대졸/대학원생 포함),대전광역시,2세대가족,기혼,맞벌이 함,500-600만원 미만,1,0.2500000000000001,0.4663660278090942,0.8446019629225734,0.8824681684622918,0.3576547231270361,0.3654980909406455,0.2956521739130433,건강 추구형 소비자,가격이나 브랜드에 크게 구애받지 않고 건강을 최우선으로 고려하는 프리미엄 소비자 그룹입니다. 건강과 편리성을 모두 만족시키는 제품에 기꺼이 지갑을 엽니다.
188,여자,60대 이상,서비스 종사자,고졸(대학 재학 포함),전라북도,1세대가족,기혼,맞벌이 함,500-600만원 미만,0,0.1238805970149252,0.4550920706501315,0.3328789531079609,0.7649363369245838,0.1941368078175895,0.4692814994793471,0.578260869565217,실속형 미식가,편리성을 중시하면서도 새로운 맛과 제품을 시도하는 데 적극적인 소비자 그룹입니다. 가격에 민감하기보다는 효율성과 맛을 동시에 추구합니다.
189,여자,50대,판매 종사자,고졸(대학 재학 포함),전라남도,2세대가족,기혼,맞벌이 함,400-500만원 미만,3,0.6589552238805969,0.8019541525742199,0.325245365321701,0.8432908912830556,0.3690553745928339,0.4272821936827489,0.3304347826086955,트렌드 주도형 소비자,"자신의 취향과 경험을 중시하는 소비자 그룹입니다. 단순히 배를 채우는 것 이상의 가치를 추구하며, 새로운 제품을 가장 먼저 경험하고 공유하려는 경향이 강합니다"
190,여자,50대,판매 종사자,고졸(대학 재학 포함),광주광역시,1인 가구,미혼(사별/이혼 포함),맞벌이 하지 않음,100-200만원 미만,0,0.4067164179104477,0.4099962420142803,0.2742639040348961,0.7649363369245838,0.4218241042345276,0.3776466504685872,0.4434782608695652,실속형 미식가,편리성을 중시하면서도 새로운 맛과 제품을 시도하는 데 적극적인 소비자 그룹입니다. 가격에 민감하기보다는 효율성과 맛을 동시에 추구합니다.
191,여자,50대,판매 종사자,대학교 졸업(전문대졸/대학원생 포함),광주광역시,2세대가족,기혼,맞벌이 함,500-600만원 미만,1,0.1865671641791045,0.5001878992859826,0.6169574700109053,0.8628795298726734,0.0833876221498371,0.1631377993752169,0.2317391304347825,건강 추구형 소비자,가격이나 브랜드에 크게 구애받지 않고 건강을 최우선으로 고려하는 프리미엄 소비자 그룹입니다. 건강과 편리성을 모두 만족시키는 제품에 기꺼이 지갑을 엽니다.
192,여자,50대,서비스 종사자,고졸(대학 재학 포함),전라남도,1세대가족,기혼,맞벌이 함,400-500만원 미만,1,0.3865671641791046,0.4336715520481021,0.6374045801526718,0.8041136141038193,0.2729641693811074,0.3012842762929536,0.1869565217391301,건강 추구형 소비자,가격이나 브랜드에 크게 구애받지 않고 건강을 최우선으로 고려하는 프리미엄 소비자 그룹입니다. 건강과 편리성을 모두 만족시키는 제품에 기꺼이 지갑을 엽니다.
193,여자,30대,서비스 종사자,대학교 졸업(전문대졸/대학원생 포함),전라북도,1세대가족,기혼,맞벌이 함,400-500만원 미만,0,0.3029850746268655,0.5828635851183764,0.3623227917121046,0.7453476983349653,0.3228013029315965,0.3415480735855605,0.4739130434782606,실속형 미식가,편리성을 중시하면서도 새로운 맛과 제품을 시도하는 데 적극적인 소비자 그룹입니다. 가격에 민감하기보다는 효율성과 맛을 동시에 추구합니다.
194,여자,60대 이상,기능원 및 관련 기능 종사자,고졸(대학 재학 포함),전라북도,1세대가족,기혼,맞벌이 함,500-600만원 미만,0,0.2731343283582089,0.6204434423149192,0.2189203925845144,0.8237022526934379,0.1625407166123779,0.4220756681707737,0.5173913043478258,실속형 미식가,편리성을 중시하면서도 새로운 맛과 제품을 시도하는 데 적극적인 소비자 그룹입니다. 가격에 민감하기보다는 효율성과 맛을 동시에 추구합니다.
195,남자,50대,서비스 종사자,대학교 졸업(전문대졸/대학원생 포함),전라북도,1세대가족,기혼,맞벌이 함,600-700만원 미만,0,0.1402985074626866,0.6204434423149192,0.3369683751363142,0.8237022526934379,0.106840390879479,0.3571676501214855,0.4739130434782606,실속형 미식가,편리성을 중시하면서도 새로운 맛과 제품을 시도하는 데 적극적인 소비자 그룹입니다. 가격에 민감하기보다는 효율성과 맛을 동시에 추구합니다.
196,여자,50대,서비스 종사자,고졸(대학 재학 포함),전라남도,2세대가족,기혼,맞벌이 함,400-500만원 미만,0,0.4291044776119404,0.5464111236377303,0.5392584514721919,0.9020568070519096,0.2013029315960915,0.6317250954529674,0.4130434782608693,실속형 미식가,편리성을 중시하면서도 새로운 맛과 제품을 시도하는 데 적극적인 소비자 그룹입니다. 가격에 민감하기보다는 효율성과 맛을 동시에 추구합니다.
197,남자,60대 이상,판매 종사자,대학교 졸업(전문대졸/대학원생 포함),전라북도,1세대가족,기혼,맞벌이 함,500-600만원 미만,0,0.3402985074626867,0.6054114994363019,0.2775354416575792,0.7649363369245838,0.1713355048859934,0.3516140229087122,0.5739130434782607,실속형 미식가,편리성을 중시하면서도 새로운 맛과 제품을 시도하는 데 적극적인 소비자 그룹입니다. 가격에 민감하기보다는 효율성과 맛을 동시에 추구합니다.
198,여자,40대,판매 종사자,대학교 졸업(전문대졸/대학원생 포함),광주광역시,2세대가족,기혼,맞벌이 함,500-600만원 미만,1,0.1865671641791045,0.3536264562194665,0.757360959651036,0.7453476983349653,0.0628664495114008,0.13536966331135,0.1391304347826087,건강 추구형 소비자,가격이나 브랜드에 크게 구애받지 않고 건강을 최우선으로 고려하는 프리미엄 소비자 그룹입니다. 건강과 편리성을 모두 만족시키는 제품에 기꺼이 지갑을 엽니다.
199,여자,60대 이상,판매 종사자,고졸(대학 재학 포함),서울특별시,2세대가족,기혼,맞벌이 함,700-800만원 미만,1,0.2910447761194031,0.408117249154453,0.6660305343511452,0.7992164544564151,0.5068403908794787,0.171815341895175,0.3869565217391302,건강 추구형 소비자,가격이나 브랜드에 크게 구애받지 않고 건강을 최우선으로 고려하는 프리미엄 소비자 그룹입니다. 건강과 편리성을 모두 만족시키는 제품에 기꺼이 지갑을 엽니다.
200,여자,40대,서비스 종사자,대학교 졸업(전문대졸/대학원생 포함),전라남도,2세대가족,기혼,맞벌이 함,400-500만원 미만,1,0.5522388059701493,0.5903795565576849,0.6518538713195203,0.9020568070519096,0.2941368078175899,0.4435959736202706,0.3217391304347824,건강 추구형 소비자,가격이나 브랜드에 크게 구애받지 않고 건강을 최우선으로 고려하는 프리미엄 소비자 그룹입니다. 건강과 편리성을 모두 만족시키는 제품에 기꺼이 지갑을 엽니다.
201,여자,60대 이상,주부,고졸(대학 재학 포함),경상남도,1세대가족,기혼,맞벌이 하지 않음,200-300만원 미만,1,0.5597014925373136,0.3385945133408491,0.6995637949836422,0.7257590597453475,0.6644951140065146,0.3120444290177021,0.0695652173913042,건강 추구형 소비자,가격이나 브랜드에 크게 구애받지 않고 건강을 최우선으로 고려하는 프리미엄 소비자 그룹입니다. 건강과 편리성을 모두 만족시키는 제품에 기꺼이 지갑을 엽니다.
202,여자,60대 이상,주부,고졸(대학 재학 포함),경상남도,1세대가족,기혼,맞벌이 하지 않음,200-300만원 미만,1,0.5447761194029851,0.4438181134911688,0.6087786259541985,0.8041136141038193,0.5905537459283388,0.3471017007983338,0.1347826086956519,건강 추구형 소비자,가격이나 브랜드에 크게 구애받지 않고 건강을 최우선으로 고려하는 프리미엄 소비자 그룹입니다. 건강과 편리성을 모두 만족시키는 제품에 기꺼이 지갑을 엽니다.
203,여자,60대 이상,농림어업 숙련 종사자,중졸 이하,전라남도,1세대가족,기혼,맞벌이 함,200-300만원 미만,0,0.3514925373134328,0.334836527621195,0.4525627044711014,0.8041136141038193,0.1697068403908798,0.5008677542519956,0.217391304347826,실속형 미식가,편리성을 중시하면서도 새로운 맛과 제품을 시도하는 데 적극적인 소비자 그룹입니다. 가격에 민감하기보다는 효율성과 맛을 동시에 추구합니다.
204,여자,60대 이상,판매 종사자,고졸(대학 재학 포함),경상남도,1세대가족,기혼,맞벌이 함,200-300만원 미만,1,0.6791044776119404,0.4701240135287484,0.5264449291166851,0.7845249755142015,0.5179153094462542,0.2960777507809788,0.2739130434782606,건강 추구형 소비자,가격이나 브랜드에 크게 구애받지 않고 건강을 최우선으로 고려하는 프리미엄 소비자 그룹입니다. 건강과 편리성을 모두 만족시키는 제품에 기꺼이 지갑을 엽니다.
205,남자,60대 이상,장치·기계 조작 및 조립 종사자,고졸(대학 재학 포함),전라남도,1세대가족,기혼,맞벌이 하지 않음,200-300만원 미만,3,0.535820895522388,0.5501691093573845,0.5651581243184298,0.8041136141038193,0.2436482084690556,0.5244706699062824,0.3869565217391302,트렌드 주도형 소비자,"자신의 취향과 경험을 중시하는 소비자 그룹입니다. 단순히 배를 채우는 것 이상의 가치를 추구하며, 새로운 제품을 가장 먼저 경험하고 공유하려는 경향이 강합니다"
206,여자,60대 이상,판매 종사자,고졸(대학 재학 포함),부산광역시,1세대가족,기혼,맞벌이 함,400-500만원 미만,0,0.4910447761194028,0.8045847425779781,0.2761723009814611,0.8628795298726734,0.2241042345276876,0.374175633460604,0.4782608695652171,실속형 미식가,편리성을 중시하면서도 새로운 맛과 제품을 시도하는 데 적극적인 소비자 그룹입니다. 가격에 민감하기보다는 효율성과 맛을 동시에 추구합니다.
207,여자,60대 이상,군인,고졸(대학 재학 포함),전라남도,1세대가족,기혼,맞벌이 함,300-400만원 미만,3,0.4843283582089554,0.4550920706501315,0.6210468920392584,0.9216454456415274,0.254723127035831,0.572023602915654,0.4695652173913042,트렌드 주도형 소비자,"자신의 취향과 경험을 중시하는 소비자 그룹입니다. 단순히 배를 채우는 것 이상의 가치를 추구하며, 새로운 제품을 가장 먼저 경험하고 공유하려는 경향이 강합니다"
208,여자,30대,사무 종사자,대학교 졸업(전문대졸/대학원생 포함),울산광역시,1인 가구,미혼(사별/이혼 포함),맞벌이 하지 않음,200-300만원 미만,0,0.3955223880597014,0.5039458850056369,0.2377317339149403,0.941234084231146,0.2247557003257329,0.1943769524470667,0.6652173913043476,실속형 미식가,편리성을 중시하면서도 새로운 맛과 제품을 시도하는 데 적극적인 소비자 그룹입니다. 가격에 민감하기보다는 효율성과 맛을 동시에 추구합니다.
209,여자,30대,서비스 종사자,대학교 졸업(전문대졸/대학원생 포함),울산광역시,1인 가구,미혼(사별/이혼 포함),맞벌이 하지 않음,300-400만원 미만,0,0.3380597014925374,0.5302517850432169,0.4746455834242096,0.9216454456415274,0.2517915309446253,0.2256161055189169,0.6391304347826086,실속형 미식가,편리성을 중시하면서도 새로운 맛과 제품을 시도하는 데 적극적인 소비자 그룹입니다. 가격에 민감하기보다는 효율성과 맛을 동시에 추구합니다.
210,여자,60대 이상,서비스 종사자,고졸(대학 재학 포함),광주광역시,1세대가족,기혼,맞벌이 함,400-500만원 미만,3,0.4373134328358207,0.3028936490041337,0.3143402399127592,0.681684622918707,0.5143322475570031,0.3561263450190903,0.3913043478260869,트렌드 주도형 소비자,"자신의 취향과 경험을 중시하는 소비자 그룹입니다. 단순히 배를 채우는 것 이상의 가치를 추구하며, 새로운 제품을 가장 먼저 경험하고 공유하려는 경향이 강합니다"
211,여자,30대,서비스 종사자,대학교 졸업(전문대졸/대학원생 포함),경기도,1세대가족,기혼,맞벌이 함,500-600만원 미만,1,0.4246268656716419,0.6290868094701241,0.583969465648855,0.8237022526934379,0.4003257328990232,0.3228045817424505,0.2478260869565215,건강 추구형 소비자,가격이나 브랜드에 크게 구애받지 않고 건강을 최우선으로 고려하는 프리미엄 소비자 그룹입니다. 건강과 편리성을 모두 만족시키는 제품에 기꺼이 지갑을 엽니다.
212,여자,50대,판매 종사자,대학교 졸업(전문대졸/대학원생 포함),경기도,2세대가족,기혼,맞벌이 함,500-600만원 미만,1,0.3507462686567163,0.4250281848928972,0.5872410032715372,0.7257590597453475,0.5498371335504887,0.3047552933009368,0.2391304347826087,건강 추구형 소비자,가격이나 브랜드에 크게 구애받지 않고 건강을 최우선으로 고려하는 프리미엄 소비자 그룹입니다. 건강과 편리성을 모두 만족시키는 제품에 기꺼이 지갑을 엽니다.
213,여자,60대 이상,서비스 종사자,고졸(대학 재학 포함),광주광역시,1세대가족,기혼,맞벌이 함,500-600만원 미만,3,0.6723880597014925,0.394964299135663,0.2243729552889857,0.7649363369245838,0.4703583061889251,0.2554668517875734,0.452173913043478,트렌드 주도형 소비자,"자신의 취향과 경험을 중시하는 소비자 그룹입니다. 단순히 배를 채우는 것 이상의 가치를 추구하며, 새로운 제품을 가장 먼저 경험하고 공유하려는 경향이 강합니다"
214,여자,60대 이상,주부,고졸(대학 재학 포함),부산광역시,2세대가족,기혼,맞벌이 하지 않음,400-500만원 미만,3,0.606716417910448,0.5603156708004507,0.265267175572519,0.8628795298726734,0.3179153094462543,0.2808052759458518,0.6491304347826085,트렌드 주도형 소비자,"자신의 취향과 경험을 중시하는 소비자 그룹입니다. 단순히 배를 채우는 것 이상의 가치를 추구하며, 새로운 제품을 가장 먼저 경험하고 공유하려는 경향이 강합니다"
215,여자,50대,서비스 종사자,대학교 졸업(전문대졸/대학원생 포함),경기도,2세대가족,기혼,맞벌이 함,600-700만원 미만,1,0.3977611940298506,0.5001878992859826,0.5725190839694654,0.7257590597453475,0.5498371335504887,0.3550850399166956,0.1999999999999997,건강 추구형 소비자,가격이나 브랜드에 크게 구애받지 않고 건강을 최우선으로 고려하는 프리미엄 소비자 그룹입니다. 건강과 편리성을 모두 만족시키는 제품에 기꺼이 지갑을 엽니다.
216,여자,50대,서비스 종사자,고졸(대학 재학 포함),경상남도,3세대가족,기혼,맞벌이 함,500-600만원 미만,1,0.2805970149253731,0.5114618564449454,0.5747001090512538,0.8432908912830556,0.4517915309446253,0.2728219368274901,0.4217391304347824,건강 추구형 소비자,가격이나 브랜드에 크게 구애받지 않고 건강을 최우선으로 고려하는 프리미엄 소비자 그룹입니다. 건강과 편리성을 모두 만족시키는 제품에 기꺼이 지갑을 엽니다.
217,남자,60대 이상,판매 종사자,고졸(대학 재학 포함),울산광역시,2세대가족,기혼,맞벌이 함,500-600만원 미만,3,0.519402985074627,0.7933107854190153,0.3555070883315159,0.9020568070519096,0.3221498371335506,0.3054494967025336,0.4304347826086956,트렌드 주도형 소비자,"자신의 취향과 경험을 중시하는 소비자 그룹입니다. 단순히 배를 채우는 것 이상의 가치를 추구하며, 새로운 제품을 가장 먼저 경험하고 공유하려는 경향이 강합니다"
218,여자,50대,서비스 종사자,고졸(대학 재학 포함),울산광역시,2세대가족,기혼,맞벌이 함,400-500만원 미만,3,0.5007462686567165,0.6505073280721531,0.4623773173391496,0.8628795298726734,0.4951140065146581,0.2637972926067334,0.3999999999999997,트렌드 주도형 소비자,"자신의 취향과 경험을 중시하는 소비자 그룹입니다. 단순히 배를 채우는 것 이상의 가치를 추구하며, 새로운 제품을 가장 먼저 경험하고 공유하려는 경향이 강합니다"
219,남자,30대,사무 종사자,대학교 졸업(전문대졸/대학원생 포함),울산광역시,1인 가구,미혼(사별/이혼 포함),맞벌이 하지 않음,500-600만원 미만,3,0.6865671641791046,0.913566328447952,0.4315703380588879,0.9020568070519096,0.493485342019544,0.2440124956612287,0.3839130434782607,트렌드 주도형 소비자,"자신의 취향과 경험을 중시하는 소비자 그룹입니다. 단순히 배를 채우는 것 이상의 가치를 추구하며, 새로운 제품을 가장 먼저 경험하고 공유하려는 경향이 강합니다"
220,남자,40대,기능원 및 관련 기능 종사자,대학교 졸업(전문대졸/대학원생 포함),울산광역시,2세대가족,기혼,맞벌이 함,500-600만원 미만,3,0.8126865671641791,0.7745208568207439,0.3552344601962925,0.9020568070519096,0.538110749185668,0.2811523776466503,0.4304347826086956,트렌드 주도형 소비자,"자신의 취향과 경험을 중시하는 소비자 그룹입니다. 단순히 배를 채우는 것 이상의 가치를 추구하며, 새로운 제품을 가장 먼저 경험하고 공유하려는 경향이 강합니다"
221,남자,50대,기능원 및 관련 기능 종사자,고졸(대학 재학 포함),전라남도,1세대가족,기혼,맞벌이 함,400-500만원 미만,1,0.576865671641791,0.4813979706877111,0.6682115594329336,0.9020568070519096,0.3830618892508145,0.2981603609857688,0.1913043478260869,건강 추구형 소비자,가격이나 브랜드에 크게 구애받지 않고 건강을 최우선으로 고려하는 프리미엄 소비자 그룹입니다. 건강과 편리성을 모두 만족시키는 제품에 기꺼이 지갑을 엽니다.
222,여자,50대,농림어업 숙련 종사자,고졸(대학 재학 포함),전라남도,1세대가족,기혼,맞벌이 함,400-500만원 미만,1,0.5380597014925373,0.534009770762871,0.619956379498364,0.8628795298726734,0.5671009771986973,0.4737938215897256,0.2130434782608695,건강 추구형 소비자,가격이나 브랜드에 크게 구애받지 않고 건강을 최우선으로 고려하는 프리미엄 소비자 그룹입니다. 건강과 편리성을 모두 만족시키는 제품에 기꺼이 지갑을 엽니다.
223,여자,60대 이상,판매 종사자,고졸(대학 재학 포함),전라남도,1세대가족,기혼,맞벌이 함,300-400만원 미만,1,0.4634328358208956,0.4411875234874107,0.6300436205016355,0.8041136141038193,0.4107491856677528,0.4592155501561954,0.2695652173913042,건강 추구형 소비자,가격이나 브랜드에 크게 구애받지 않고 건강을 최우선으로 고려하는 프리미엄 소비자 그룹입니다. 건강과 편리성을 모두 만족시키는 제품에 기꺼이 지갑을 엽니다.
224,여자,50대,판매 종사자,대학교 졸업(전문대졸/대학원생 포함),경기도,2세대가족,기혼,맞벌이 함,500-600만원 미만,1,0.4029850746268655,0.5013152950018791,0.5845147219193021,0.8432908912830556,0.6078175895765475,0.387018396390142,0.2652173913043478,건강 추구형 소비자,가격이나 브랜드에 크게 구애받지 않고 건강을 최우선으로 고려하는 프리미엄 소비자 그룹입니다. 건강과 편리성을 모두 만족시키는 제품에 기꺼이 지갑을 엽니다.
225,여자,50대,주부,고졸(대학 재학 포함),전라남도,1세대가족,기혼,맞벌이 하지 않음,300-400만원 미만,3,0.6455223880597015,0.7557309282224727,0.2729007633587789,0.8237022526934379,0.2768729641693813,0.2811523776466503,0.452173913043478,트렌드 주도형 소비자,"자신의 취향과 경험을 중시하는 소비자 그룹입니다. 단순히 배를 채우는 것 이상의 가치를 추구하며, 새로운 제품을 가장 먼저 경험하고 공유하려는 경향이 강합니다"
226,여자,60대 이상,농림어업 숙련 종사자,중졸 이하,전라남도,1인 가구,미혼(사별/이혼 포함),맞벌이 하지 않음,100-200만원 미만,3,0.626865671641791,0.609169485155956,0.2647219193020723,0.8432908912830556,0.4674267100977199,0.208261020479,0.2913043478260869,트렌드 주도형 소비자,"자신의 취향과 경험을 중시하는 소비자 그룹입니다. 단순히 배를 채우는 것 이상의 가치를 추구하며, 새로운 제품을 가장 먼저 경험하고 공유하려는 경향이 강합니다"
227,여자,60대 이상,판매 종사자,고졸(대학 재학 포함),전라남도,1인 가구,미혼(사별/이혼 포함),맞벌이 하지 않음,200-300만원 미만,1,0.3701492537313433,0.5050732807215333,0.6000545256270449,0.9020568070519096,0.2951140065146582,0.3037139881985421,0.2913043478260869,건강 추구형 소비자,가격이나 브랜드에 크게 구애받지 않고 건강을 최우선으로 고려하는 프리미엄 소비자 그룹입니다. 건강과 편리성을 모두 만족시키는 제품에 기꺼이 지갑을 엽니다.
228,여자,60대 이상,농림어업 숙련 종사자,중졸 이하,전라남도,1세대가족,기혼,맞벌이 함,200-300만원 미만,3,0.6604477611940297,0.3742953776775646,0.5359869138495088,0.8188050930460328,0.5977198697068402,0.4088858035404371,0.3404347826086956,트렌드 주도형 소비자,"자신의 취향과 경험을 중시하는 소비자 그룹입니다. 단순히 배를 채우는 것 이상의 가치를 추구하며, 새로운 제품을 가장 먼저 경험하고 공유하려는 경향이 강합니다"
229,여자,60대 이상,농림어업 숙련 종사자,고졸(대학 재학 포함),전라남도,1세대가족,기혼,맞벌이 함,300-400만원 미만,3,0.5753731343283581,0.3836903419767003,0.3824972737186478,0.8432908912830556,0.5495114006514658,0.2544255466851787,0.5347826086956521,트렌드 주도형 소비자,"자신의 취향과 경험을 중시하는 소비자 그룹입니다. 단순히 배를 채우는 것 이상의 가치를 추구하며, 새로운 제품을 가장 먼저 경험하고 공유하려는 경향이 강합니다"
230,여자,60대 이상,서비스 종사자,고졸(대학 재학 포함),전라남도,1세대가족,기혼,맞벌이 함,200-300만원 미만,1,0.4477611940298506,0.4505824877865464,0.4770992366412215,0.740450538687561,0.3713355048859938,0.2901770218674069,0.1404347826086956,건강 추구형 소비자,가격이나 브랜드에 크게 구애받지 않고 건강을 최우선으로 고려하는 프리미엄 소비자 그룹입니다. 건강과 편리성을 모두 만족시키는 제품에 기꺼이 지갑을 엽니다.
231,여자,50대,판매 종사자,고졸(대학 재학 포함),전라남도,2세대가족,기혼,맞벌이 함,500-600만원 미만,0,0.4022388059701491,0.4024802705749719,0.2510905125408941,0.7845249755142015,0.254723127035831,0.8462339465463377,0.6695652173913043,실속형 미식가,편리성을 중시하면서도 새로운 맛과 제품을 시도하는 데 적극적인 소비자 그룹입니다. 가격에 민감하기보다는 효율성과 맛을 동시에 추구합니다.
232,남자,40대,전문가 및 관련 종사자,대학교 졸업(전문대졸/대학원생 포함),전라남도,2세대가족,미혼(사별/이혼 포함),맞벌이 하지 않음,300-400만원 미만,1,0.3402985074626867,0.531379180759113,0.645856052344602,0.8628795298726734,0.2951140065146582,0.3828531759805621,0.2434782608695651,건강 추구형 소비자,가격이나 브랜드에 크게 구애받지 않고 건강을 최우선으로 고려하는 프리미엄 소비자 그룹입니다. 건강과 편리성을 모두 만족시키는 제품에 기꺼이 지갑을 엽니다.
233,여자,60대 이상,단순노무 종사자,고졸(대학 재학 포함),세종특별자치시,1세대가족,기혼,맞벌이 함,700-800만원 미만,3,0.708955223880597,0.7068771138669673,0.2802617230098144,0.8237022526934379,0.3820846905537463,0.4692814994793471,0.3652173913043475,트렌드 주도형 소비자,"자신의 취향과 경험을 중시하는 소비자 그룹입니다. 단순히 배를 채우는 것 이상의 가치를 추구하며, 새로운 제품을 가장 먼저 경험하고 공유하려는 경향이 강합니다"
234,여자,60대 이상,서비스 종사자,고졸(대학 재학 포함),부산광역시,1세대가족,기혼,맞벌이 함,600-700만원 미만,0,0.2208955223880596,0.5527996993611421,0.5621592148309704,0.8628795298726734,0.2798045602605865,0.2370704616452617,0.4782608695652171,실속형 미식가,편리성을 중시하면서도 새로운 맛과 제품을 시도하는 데 적극적인 소비자 그룹입니다. 가격에 민감하기보다는 효율성과 맛을 동시에 추구합니다.
235,여자,50대,사무 종사자,대학교 졸업(전문대졸/대학원생 포함),경기도,2세대가족,미혼(사별/이혼 포함),맞벌이 하지 않음,200-300만원 미만,1,0.1865671641791045,0.4062382562946261,0.509541984732824,0.706170421155729,0.5061889250814334,0.2769871572370703,0.2521739130434782,건강 추구형 소비자,가격이나 브랜드에 크게 구애받지 않고 건강을 최우선으로 고려하는 프리미엄 소비자 그룹입니다. 건강과 편리성을 모두 만족시키는 제품에 기꺼이 지갑을 엽니다.
236,여자,40대,판매 종사자,대학교 졸업(전문대졸/대학원생 포함),전라북도,2세대가족,기혼,맞벌이 함,500-600만원 미만,0,0.2559701492537312,0.6392333709131903,0.2475463467829877,0.8041136141038193,0.1355048859934854,0.4081916001388405,0.5086956521739129,실속형 미식가,편리성을 중시하면서도 새로운 맛과 제품을 시도하는 데 적극적인 소비자 그룹입니다. 가격에 민감하기보다는 효율성과 맛을 동시에 추구합니다.
237,여자,40대,사무 종사자,대학교 졸업(전문대졸/대학원생 포함),전라북도,2세대가족,기혼,맞벌이 함,500-600만원 미만,0,0.3201492537313433,0.4513340849304773,0.2843511450381678,0.8237022526934379,0.2439739413680785,0.4543561263450187,0.6434782608695649,실속형 미식가,편리성을 중시하면서도 새로운 맛과 제품을 시도하는 데 적극적인 소비자 그룹입니다. 가격에 민감하기보다는 효율성과 맛을 동시에 추구합니다.
238,여자,60대 이상,서비스 종사자,대학교 졸업(전문대졸/대학원생 포함),전라북도,1세대가족,기혼,맞벌이 함,500-600만원 미만,0,0.3970149253731341,0.4701240135287484,0.2047437295528894,0.8041136141038193,0.2833876221498375,0.4127039222492189,0.6217391304347826,실속형 미식가,편리성을 중시하면서도 새로운 맛과 제품을 시도하는 데 적극적인 소비자 그룹입니다. 가격에 민감하기보다는 효율성과 맛을 동시에 추구합니다.
239,여자,50대,주부,고졸(대학 재학 포함),전라북도,2세대가족,기혼,맞벌이 하지 않음,400-500만원 미만,0,0.4305970149253733,0.6542653137918076,0.2434569247546344,0.8432908912830556,0.2811074918566776,0.442901770218674,0.6173913043478257,실속형 미식가,편리성을 중시하면서도 새로운 맛과 제품을 시도하는 데 적극적인 소비자 그룹입니다. 가격에 민감하기보다는 효율성과 맛을 동시에 추구합니다.
240,여자,60대 이상,주부,중졸 이하,전라북도,1세대가족,기혼,맞벌이 하지 않음,300-400만원 미만,0,0.3947761194029849,0.5978955279969934,0.3020719738276992,0.8041136141038193,0.290553745928339,0.4533148212426239,0.6434782608695649,실속형 미식가,편리성을 중시하면서도 새로운 맛과 제품을 시도하는 데 적극적인 소비자 그룹입니다. 가격에 민감하기보다는 효율성과 맛을 동시에 추구합니다.
241,여자,50대,서비스 종사자,대학교 졸업(전문대졸/대학원생 포함),전라북도,2세대가족,기혼,맞벌이 함,500-600만원 미만,0,0.4186567164179104,0.5866215708380308,0.2625408942202838,0.8432908912830556,0.3250814332247558,0.399514057618882,0.5739130434782607,실속형 미식가,편리성을 중시하면서도 새로운 맛과 제품을 시도하는 데 적극적인 소비자 그룹입니다. 가격에 민감하기보다는 효율성과 맛을 동시에 추구합니다.
242,여자,30대,서비스 종사자,대학교 졸업(전문대졸/대학원생 포함),전라북도,1세대가족,기혼,맞벌이 함,400-500만원 미만,3,0.5440298507462686,0.5452837279218338,0.3211559432933478,0.8041136141038193,0.3739413680781761,0.3665393960430403,0.6565217391304344,트렌드 주도형 소비자,"자신의 취향과 경험을 중시하는 소비자 그룹입니다. 단순히 배를 채우는 것 이상의 가치를 추구하며, 새로운 제품을 가장 먼저 경험하고 공유하려는 경향이 강합니다"
243,여자,50대,서비스 종사자,대학교 졸업(전문대졸/대학원생 포함),전라북도,1세대가족,기혼,맞벌이 함,400-500만원 미만,0,0.3686567164179105,0.549041713641488,0.2066521264994544,0.7453476983349653,0.2416938110749187,0.3602915654286703,0.6173913043478257,실속형 미식가,편리성을 중시하면서도 새로운 맛과 제품을 시도하는 데 적극적인 소비자 그룹입니다. 가격에 민감하기보다는 효율성과 맛을 동시에 추구합니다.
244,여자,60대 이상,주부,고졸(대학 재학 포함),경기도,1세대가족,기혼,맞벌이 하지 않음,300-400만원 미만,1,0.4320895522388061,0.4250281848928972,0.6267720828789527,0.7453476983349653,0.431270358306189,0.4220756681707737,0.0956521739130432,건강 추구형 소비자,가격이나 브랜드에 크게 구애받지 않고 건강을 최우선으로 고려하는 프리미엄 소비자 그룹입니다. 건강과 편리성을 모두 만족시키는 제품에 기꺼이 지갑을 엽니다.
245,여자,50대,전문가 및 관련 종사자,대학교 졸업(전문대졸/대학원생 포함),경기도,2세대가족,기혼,맞벌이 함,700-800만원 미만,1,0.5037313432835822,0.4701240135287484,0.5340785169029441,0.8041136141038193,0.5403908794788274,0.3613328705310654,0.3913043478260869,건강 추구형 소비자,가격이나 브랜드에 크게 구애받지 않고 건강을 최우선으로 고려하는 프리미엄 소비자 그룹입니다. 건강과 편리성을 모두 만족시키는 제품에 기꺼이 지갑을 엽니다.
246,남자,20대,취업 준비 중,대학교 졸업(전문대졸/대학원생 포함),서울특별시,1인 가구,미혼(사별/이혼 포함),맞벌이 하지 않음,100-200만원 미만,0,0.3970149253731341,0.5527996993611421,0.3661395856052344,0.8237022526934379,0.4013029315960914,0.5078097882679622,0.3304347826086955,실속형 미식가,편리성을 중시하면서도 새로운 맛과 제품을 시도하는 데 적극적인 소비자 그룹입니다. 가격에 민감하기보다는 효율성과 맛을 동시에 추구합니다.
247,여자,50대,서비스 종사자,고졸(대학 재학 포함),부산광역시,2세대가족,기혼,맞벌이 함,500-600만원 미만,1,0.2522388059701494,0.5452837279218338,0.6744820065430754,0.8432908912830556,0.3302931596091208,0.2221450885109336,0.3521739130434779,건강 추구형 소비자,가격이나 브랜드에 크게 구애받지 않고 건강을 최우선으로 고려하는 프리미엄 소비자 그룹입니다. 건강과 편리성을 모두 만족시키는 제품에 기꺼이 지갑을 엽니다.
248,여자,60대 이상,주부,고졸(대학 재학 포함),대전광역시,1세대가족,기혼,맞벌이 하지 않음,400-500만원 미만,0,0.4373134328358207,0.7632468996617812,0.191657579062159,0.8237022526934379,0.1990228013029316,0.4363068379035055,0.4086956521739129,실속형 미식가,편리성을 중시하면서도 새로운 맛과 제품을 시도하는 데 적극적인 소비자 그룹입니다. 가격에 민감하기보다는 효율성과 맛을 동시에 추구합니다.
249,남자,60대 이상,무직,고졸(대학 재학 포함),경기도,1세대가족,기혼,맞벌이 하지 않음,300-400만원 미만,3,0.576865671641791,0.5302517850432169,0.2614503816793892,0.7649363369245838,0.375895765472313,0.4411662617146822,0.4260869565217389,트렌드 주도형 소비자,"자신의 취향과 경험을 중시하는 소비자 그룹입니다. 단순히 배를 채우는 것 이상의 가치를 추구하며, 새로운 제품을 가장 먼저 경험하고 공유하려는 경향이 강합니다"
250,여자,50대,주부,대학교 졸업(전문대졸/대학원생 포함),부산광역시,2세대가족,기혼,맞벌이 하지 않음,500-600만원 미만,3,0.5962686567164179,0.5527996993611421,0.5662486368593236,0.8628795298726734,0.6048859934853422,0.2578965636931619,0.4086956521739129,트렌드 주도형 소비자,"자신의 취향과 경험을 중시하는 소비자 그룹입니다. 단순히 배를 채우는 것 이상의 가치를 추구하며, 새로운 제품을 가장 먼저 경험하고 공유하려는 경향이 강합니다"
251,여자,60대 이상,주부,고졸(대학 재학 포함),대전광역시,2세대가족,기혼,맞벌이 하지 않음,600-700만원 미만,0,0.1567164179104479,0.4295377677564823,0.1998364231188658,0.6787463271302638,0.1433224755700327,0.5154460256855254,0.5130434782608694,실속형 미식가,편리성을 중시하면서도 새로운 맛과 제품을 시도하는 데 적극적인 소비자 그룹입니다. 가격에 민감하기보다는 효율성과 맛을 동시에 추구합니다.
252,남자,60대 이상,단순노무 종사자,고졸(대학 재학 포함),서울특별시,1세대가족,기혼,맞벌이 하지 않음,200-300만원 미만,1,0.4910447761194028,0.4475760992108231,0.5809705561613956,0.9020568070519096,0.5127035830618891,0.4692814994793471,0.3869565217391302,건강 추구형 소비자,가격이나 브랜드에 크게 구애받지 않고 건강을 최우선으로 고려하는 프리미엄 소비자 그룹입니다. 건강과 편리성을 모두 만족시키는 제품에 기꺼이 지갑을 엽니다.
253,여자,50대,서비스 종사자,중졸 이하,경기도,1세대가족,기혼,맞벌이 함,700-800만원 미만,1,0.2052238805970151,0.5922585494175122,0.6297709923664121,0.7012732615083248,0.2817589576547235,0.1856994099271086,0.0869565217391304,건강 추구형 소비자,가격이나 브랜드에 크게 구애받지 않고 건강을 최우선으로 고려하는 프리미엄 소비자 그룹입니다. 건강과 편리성을 모두 만족시키는 제품에 기꺼이 지갑을 엽니다.
254,여자,60대 이상,주부,중졸 이하,경기도,1세대가족,기혼,맞벌이 하지 않음,200-300만원 미만,1,0.4261194029850748,0.3310785419015407,0.501908396946565,0.7257590597453475,0.3781758957654724,0.5241235682054839,0.2869565217391302,건강 추구형 소비자,가격이나 브랜드에 크게 구애받지 않고 건강을 최우선으로 고려하는 프리미엄 소비자 그룹입니다. 건강과 편리성을 모두 만족시키는 제품에 기꺼이 지갑을 엽니다.
255,여자,50대,사무 종사자,고졸(대학 재학 포함),부산광역시,2세대가족,기혼,맞벌이 함,600-700만원 미만,0,0.1514925373134329,0.5753476136790681,0.5956924754634674,0.8628795298726734,0.2957654723127035,0.2672683096147167,0.4565217391304347,실속형 미식가,편리성을 중시하면서도 새로운 맛과 제품을 시도하는 데 적극적인 소비자 그룹입니다. 가격에 민감하기보다는 효율성과 맛을 동시에 추구합니다.
256,여자,50대,기능원 및 관련 기능 종사자,고졸(대학 재학 포함),대전광역시,2세대가족,기혼,맞벌이 함,600-700만원 미만,0,0.1343283582089552,0.5546786922209697,0.3606870229007631,0.7208619000979426,0.1498371335504889,0.6004859423811172,0.5478260869565217,실속형 미식가,편리성을 중시하면서도 새로운 맛과 제품을 시도하는 데 적극적인 소비자 그룹입니다. 가격에 민감하기보다는 효율성과 맛을 동시에 추구합니다.
257,여자,50대,사무 종사자,대학교 졸업(전문대졸/대학원생 포함),대전광역시,2세대가족,기혼,맞벌이 함,600-700만원 미만,0,0.121641791044776,0.4983089064261557,0.4533805888767718,0.8383937316356512,0.3039087947882737,0.586601874349184,0.4782608695652171,실속형 미식가,편리성을 중시하면서도 새로운 맛과 제품을 시도하는 데 적극적인 소비자 그룹입니다. 가격에 민감하기보다는 효율성과 맛을 동시에 추구합니다.
258,여자,60대 이상,서비스 종사자,고졸(대학 재학 포함),경기도,1인 가구,미혼(사별/이혼 포함),맞벌이 하지 않음,400-500만원 미만,1,0.4723880597014926,0.3310785419015407,0.5474372955288984,0.706170421155729,0.4146579804560262,0.5435612634501905,0.3391304347826084,건강 추구형 소비자,가격이나 브랜드에 크게 구애받지 않고 건강을 최우선으로 고려하는 프리미엄 소비자 그룹입니다. 건강과 편리성을 모두 만족시키는 제품에 기꺼이 지갑을 엽니다.
259,여자,50대,사무 종사자,대학교 졸업(전문대졸/대학원생 포함),세종특별자치시,2세대가족,기혼,맞벌이 함,600-700만원 미만,3,0.5738805970149257,0.5715896279594138,0.3470556161395858,0.8041136141038193,0.2667752442996746,0.3266227004512321,0.3869565217391302,트렌드 주도형 소비자,"자신의 취향과 경험을 중시하는 소비자 그룹입니다. 단순히 배를 채우는 것 이상의 가치를 추구하며, 새로운 제품을 가장 먼저 경험하고 공유하려는 경향이 강합니다"
260,여자,50대,서비스 종사자,고졸(대학 재학 포함),대전광역시,1인 가구,미혼(사별/이혼 포함),맞벌이 하지 않음,300-400만원 미만,0,0.0597014925373135,0.4419391206313415,0.4334787350054528,0.9167482859941232,0.211726384364821,0.4998264491496007,0.2826086956521738,실속형 미식가,편리성을 중시하면서도 새로운 맛과 제품을 시도하는 데 적극적인 소비자 그룹입니다. 가격에 민감하기보다는 효율성과 맛을 동시에 추구합니다.
261,여자,60대 이상,기능원 및 관련 기능 종사자,고졸(대학 재학 포함),부산광역시,2세대가족,기혼,맞벌이 함,500-600만원 미만,1,0.2522388059701494,0.5603156708004507,0.6229552889858234,0.8432908912830556,0.2957654723127035,0.2464422075668168,0.4391304347826084,건강 추구형 소비자,가격이나 브랜드에 크게 구애받지 않고 건강을 최우선으로 고려하는 프리미엄 소비자 그룹입니다. 건강과 편리성을 모두 만족시키는 제품에 기꺼이 지갑을 엽니다.
262,남자,50대,사무 종사자,대학교 졸업(전문대졸/대학원생 포함),세종특별자치시,1인 가구,미혼(사별/이혼 포함),맞벌이 하지 않음,500-600만원 미만,3,0.6641791044776119,0.6542653137918076,0.3047982551799345,0.8628795298726734,0.3830618892508145,0.387018396390142,0.4695652173913042,트렌드 주도형 소비자,"자신의 취향과 경험을 중시하는 소비자 그룹입니다. 단순히 배를 채우는 것 이상의 가치를 추구하며, 새로운 제품을 가장 먼저 경험하고 공유하려는 경향이 강합니다"
263,여자,60대 이상,주부,고졸(대학 재학 포함),경기도,1세대가족,기혼,맞벌이 하지 않음,300-400만원 미만,3,0.4962686567164179,0.3536264562194665,0.4506543075245364,0.7845249755142015,0.431596091205212,0.5241235682054839,0.3739130434782607,트렌드 주도형 소비자,"자신의 취향과 경험을 중시하는 소비자 그룹입니다. 단순히 배를 채우는 것 이상의 가치를 추구하며, 새로운 제품을 가장 먼저 경험하고 공유하려는 경향이 강합니다"
264,여자,50대,서비스 종사자,고졸(대학 재학 포함),부산광역시,1인 가구,미혼(사별/이혼 포함),맞벌이 하지 않음,300-400만원 미만,3,0.8529850746268658,0.6392333709131903,0.2810796074154856,0.8041136141038193,0.6276872964169383,0.3339118361679971,0.4360869565217389,트렌드 주도형 소비자,"자신의 취향과 경험을 중시하는 소비자 그룹입니다. 단순히 배를 채우는 것 이상의 가치를 추구하며, 새로운 제품을 가장 먼저 경험하고 공유하려는 경향이 강합니다"
265,여자,40대,주부,대학교 졸업(전문대졸/대학원생 포함),충청남도,2세대가족,기혼,맞벌이 하지 않음,500-600만원 미만,0,0.1194029850746271,0.4720030063885757,0.3661395856052344,0.8383937316356512,0.2377850162866452,0.5900728913571673,0.3956521739130433,실속형 미식가,편리성을 중시하면서도 새로운 맛과 제품을 시도하는 데 적극적인 소비자 그룹입니다. 가격에 민감하기보다는 효율성과 맛을 동시에 추구합니다.
266,여자,60대 이상,주부,고졸(대학 재학 포함),경기도,1세대가족,기혼,맞벌이 하지 않음,500-600만원 미만,1,0.4104477611940298,0.3085306275836149,0.5760632497273719,0.6865817825661112,0.5254071661237786,0.4800416522040956,0.1304347826086955,건강 추구형 소비자,가격이나 브랜드에 크게 구애받지 않고 건강을 최우선으로 고려하는 프리미엄 소비자 그룹입니다. 건강과 편리성을 모두 만족시키는 제품에 기꺼이 지갑을 엽니다.
267,여자,60대 이상,판매 종사자,대학교 졸업(전문대졸/대학원생 포함),경기도,2세대가족,미혼(사별/이혼 포함),맞벌이 하지 않음,300-400만원 미만,1,0.3343283582089553,0.5039458850056369,0.5299890948745904,0.8041136141038193,0.5866449511400654,0.3273169038528286,0.3652173913043475,건강 추구형 소비자,가격이나 브랜드에 크게 구애받지 않고 건강을 최우선으로 고려하는 프리미엄 소비자 그룹입니다. 건강과 편리성을 모두 만족시키는 제품에 기꺼이 지갑을 엽니다.
268,남자,60대 이상,단순노무 종사자,고졸(대학 재학 포함),경상북도,1세대가족,기혼,맞벌이 함,300-400만원 미만,0,0.2194029850746267,0.631717399473882,0.3369683751363142,0.7845249755142015,0.2263843648208469,0.4748351266921204,0.3260869565217388,실속형 미식가,편리성을 중시하면서도 새로운 맛과 제품을 시도하는 데 적극적인 소비자 그룹입니다. 가격에 민감하기보다는 효율성과 맛을 동시에 추구합니다.
269,여자,40대,사무 종사자,대학교 졸업(전문대졸/대학원생 포함),경기도,2세대가족,기혼,맞벌이 함,600-700만원 미만,3,0.5037313432835822,0.4964299135663284,0.3955834242093781,0.8237022526934379,0.3631921824104236,0.5484206872613675,0.5956521739130434,트렌드 주도형 소비자,"자신의 취향과 경험을 중시하는 소비자 그룹입니다. 단순히 배를 채우는 것 이상의 가치를 추구하며, 새로운 제품을 가장 먼저 경험하고 공유하려는 경향이 강합니다"
270,여자,30대,사무 종사자,대학교 졸업(전문대졸/대학원생 포함),경기도,2세대가족,기혼,맞벌이 함,600-700만원 미만,1,0.3947761194029849,0.6542653137918076,0.4852780806979281,0.8237022526934379,0.4863192182410426,0.3116973273169039,0.2956521739130433,건강 추구형 소비자,가격이나 브랜드에 크게 구애받지 않고 건강을 최우선으로 고려하는 프리미엄 소비자 그룹입니다. 건강과 편리성을 모두 만족시키는 제품에 기꺼이 지갑을 엽니다.
271,남자,50대,사무 종사자,대학교 졸업(전문대졸/대학원생 포함),부산광역시,1인 가구,미혼(사별/이혼 포함),맞벌이 하지 않음,300-400만원 미만,1,0.4305970149253733,0.5077038707252911,0.5877862595419849,0.8824681684622918,0.4804560260586322,0.3991669559180838,0.3521739130434779,건강 추구형 소비자,가격이나 브랜드에 크게 구애받지 않고 건강을 최우선으로 고려하는 프리미엄 소비자 그룹입니다. 건강과 편리성을 모두 만족시키는 제품에 기꺼이 지갑을 엽니다.
272,여자,40대,서비스 종사자,고졸(대학 재학 포함),경기도,2세대가족,기혼,맞벌이 함,800-900만원 미만,1,0.2238805970149253,0.4156332205937615,0.8296074154852779,0.7992164544564151,0.4804560260586322,0.2301284276292951,0.1404347826086956,건강 추구형 소비자,가격이나 브랜드에 크게 구애받지 않고 건강을 최우선으로 고려하는 프리미엄 소비자 그룹입니다. 건강과 편리성을 모두 만족시키는 제품에 기꺼이 지갑을 엽니다.
273,남자,40대,판매 종사자,대학교 졸업(전문대졸/대학원생 포함),경기도,1인 가구,미혼(사별/이혼 포함),맞벌이 하지 않음,300-400만원 미만,0,0.4305970149253733,0.6290868094701241,0.3075245365321704,0.7649363369245838,0.3801302931596094,0.4161749392572023,0.2260869565217391,실속형 미식가,편리성을 중시하면서도 새로운 맛과 제품을 시도하는 데 적극적인 소비자 그룹입니다. 가격에 민감하기보다는 효율성과 맛을 동시에 추구합니다.
274,여자,50대,서비스 종사자,고졸(대학 재학 포함),광주광역시,2세대가족,기혼,맞벌이 함,500-600만원 미만,3,0.6805970149253732,0.4487034949267192,0.3007088331515811,0.8432908912830556,0.3524429967426711,0.4036792780284624,0.6956521739130433,트렌드 주도형 소비자,"자신의 취향과 경험을 중시하는 소비자 그룹입니다. 단순히 배를 채우는 것 이상의 가치를 추구하며, 새로운 제품을 가장 먼저 경험하고 공유하려는 경향이 강합니다"
275,여자,60대 이상,서비스 종사자,고졸(대학 재학 포함),세종특별자치시,1세대가족,기혼,맞벌이 하지 않음,300-400만원 미만,0,0.48955223880597,0.616685456595265,0.3047982551799345,0.8824681684622918,0.2211726384364824,0.3394654633807704,0.5304347826086953,실속형 미식가,편리성을 중시하면서도 새로운 맛과 제품을 시도하는 데 적극적인 소비자 그룹입니다. 가격에 민감하기보다는 효율성과 맛을 동시에 추구합니다.
276,여자,50대,농림어업 숙련 종사자,고졸(대학 재학 포함),충청남도,1세대가족,기혼,맞벌이 함,300-400만원 미만,3,0.7589552238805969,0.4915445321307778,0.3620501635768812,0.742409402546523,0.4452768729641696,0.5039916695591807,0.5869565217391303,트렌드 주도형 소비자,"자신의 취향과 경험을 중시하는 소비자 그룹입니다. 단순히 배를 채우는 것 이상의 가치를 추구하며, 새로운 제품을 가장 먼저 경험하고 공유하려는 경향이 강합니다"
277,여자,20대,사무 종사자,대학교 졸업(전문대졸/대학원생 포함),울산광역시,1인 가구,미혼(사별/이혼 포함),맞벌이 하지 않음,300-400만원 미만,3,0.5529850746268657,0.534009770762871,0.4356597600872412,0.9804113614103814,0.4182410423452771,0.2412356820548416,0.5999999999999999,트렌드 주도형 소비자,"자신의 취향과 경험을 중시하는 소비자 그룹입니다. 단순히 배를 채우는 것 이상의 가치를 추구하며, 새로운 제품을 가장 먼저 경험하고 공유하려는 경향이 강합니다"
278,남자,60대 이상,기능원 및 관련 기능 종사자,고졸(대학 재학 포함),광주광역시,2세대가족,기혼,맞벌이 함,600-700만원 미만,3,0.728358208955224,0.6805712138293873,0.2211014176663028,0.9216454456415274,0.4068403908794789,0.3491843110031237,0.6347826086956521,트렌드 주도형 소비자,"자신의 취향과 경험을 중시하는 소비자 그룹입니다. 단순히 배를 채우는 것 이상의 가치를 추구하며, 새로운 제품을 가장 먼저 경험하고 공유하려는 경향이 강합니다"
279,여자,60대 이상,서비스 종사자,대학교 졸업(전문대졸/대학원생 포함),경기도,1세대가족,기혼,맞벌이 함,300-400만원 미만,1,0.5111940298507464,0.4926719278466742,0.5946019629225736,0.7453476983349653,0.4276872964169385,0.4179104477611938,0.1130434782608695,건강 추구형 소비자,가격이나 브랜드에 크게 구애받지 않고 건강을 최우선으로 고려하는 프리미엄 소비자 그룹입니다. 건강과 편리성을 모두 만족시키는 제품에 기꺼이 지갑을 엽니다.
280,여자,40대,서비스 종사자,대학교 졸업(전문대졸/대학원생 포함),경기도,1인 가구,미혼(사별/이혼 포함),맞벌이 하지 않음,400-500만원 미만,1,0.1567164179104479,0.3742953776775646,0.8342420937840782,0.7992164544564151,0.4804560260586322,0.1943769524470667,0.0956521739130432,건강 추구형 소비자,가격이나 브랜드에 크게 구애받지 않고 건강을 최우선으로 고려하는 프리미엄 소비자 그룹입니다. 건강과 편리성을 모두 만족시키는 제품에 기꺼이 지갑을 엽니다.
281,여자,50대,서비스 종사자,대학교 졸업(전문대졸/대학원생 포함),광주광역시,2세대가족,기혼,맞벌이 함,600-700만원 미만,0,0.196268656716418,0.4851559564073657,0.3116139585605231,0.8041136141038193,0.1736156351791532,0.4717112113849356,0.5043478260869562,실속형 미식가,편리성을 중시하면서도 새로운 맛과 제품을 시도하는 데 적극적인 소비자 그룹입니다. 가격에 민감하기보다는 효율성과 맛을 동시에 추구합니다.
282,여자,60대 이상,농림어업 숙련 종사자,고졸(대학 재학 포함),충청남도,1세대가족,기혼,맞벌이 함,300-400만원 미만,3,0.7791044776119403,0.6843291995490415,0.3102508178844058,0.7845249755142015,0.4149837133550491,0.5675112808052756,0.5621739130434781,트렌드 주도형 소비자,"자신의 취향과 경험을 중시하는 소비자 그룹입니다. 단순히 배를 채우는 것 이상의 가치를 추구하며, 새로운 제품을 가장 먼저 경험하고 공유하려는 경향이 강합니다"
283,여자,50대,판매 종사자,고졸(대학 재학 포함),세종특별자치시,1세대가족,기혼,맞벌이 함,500-600만원 미만,3,0.7223880597014926,0.6110484780157834,0.4111232279171211,0.7992164544564151,0.3879478827361566,0.3779937521693854,0.4826086956521738,트렌드 주도형 소비자,"자신의 취향과 경험을 중시하는 소비자 그룹입니다. 단순히 배를 채우는 것 이상의 가치를 추구하며, 새로운 제품을 가장 먼저 경험하고 공유하려는 경향이 강합니다"
284,여자,50대,사무 종사자,대학교 졸업(전문대졸/대학원생 포함),대전광역시,1세대가족,기혼,맞벌이 함,500-600만원 미만,3,0.4970149253731342,0.5415257422021796,0.4528353326063248,0.7453476983349653,0.4811074918566775,0.4380423464074969,0.4260869565217389,트렌드 주도형 소비자,"자신의 취향과 경험을 중시하는 소비자 그룹입니다. 단순히 배를 채우는 것 이상의 가치를 추구하며, 새로운 제품을 가장 먼저 경험하고 공유하려는 경향이 강합니다"
285,여자,50대,사무 종사자,대학교 졸업(전문대졸/대학원생 포함),경기도,2세대가족,기혼,맞벌이 함,800-900만원 미만,1,0.4723880597014926,0.3122886133032695,0.441930207197383,0.706170421155729,0.4651465798045605,0.5518917042693509,0.2913043478260869,건강 추구형 소비자,가격이나 브랜드에 크게 구애받지 않고 건강을 최우선으로 고려하는 프리미엄 소비자 그룹입니다. 건강과 편리성을 모두 만족시키는 제품에 기꺼이 지갑을 엽니다.
286,여자,30대,주부,대학교 졸업(전문대졸/대학원생 포함),경기도,2세대가족,기혼,맞벌이 하지 않음,400-500만원 미만,1,0.4611940298507463,0.4513340849304773,0.4978189749182115,0.8041136141038193,0.3472312703583061,0.3255813953488372,0.3043478260869564,건강 추구형 소비자,가격이나 브랜드에 크게 구애받지 않고 건강을 최우선으로 고려하는 프리미엄 소비자 그룹입니다. 건강과 편리성을 모두 만족시키는 제품에 기꺼이 지갑을 엽니다.
287,여자,30대,사무 종사자,대학교 졸업(전문대졸/대학원생 포함),울산광역시,1인 가구,미혼(사별/이혼 포함),맞벌이 하지 않음,300-400만원 미만,0,0.4708955223880598,0.5866215708380308,0.230370774263904,0.941234084231146,0.3596091205211726,0.1961124609510585,0.4826086956521738,실속형 미식가,편리성을 중시하면서도 새로운 맛과 제품을 시도하는 데 적극적인 소비자 그룹입니다. 가격에 민감하기보다는 효율성과 맛을 동시에 추구합니다.
288,여자,60대 이상,단순노무 종사자,고졸(대학 재학 포함),경기도,1세대가족,기혼,맞벌이 함,300-400만원 미만,1,0.5417910447761194,0.4513340849304773,0.4765539803707745,0.8432908912830556,0.4263843648208469,0.3856299895869487,0.2956521739130433,건강 추구형 소비자,가격이나 브랜드에 크게 구애받지 않고 건강을 최우선으로 고려하는 프리미엄 소비자 그룹입니다. 건강과 편리성을 모두 만족시키는 제품에 기꺼이 지갑을 엽니다.
289,여자,60대 이상,주부,고졸(대학 재학 포함),부산광역시,1세대가족,기혼,맞벌이 하지 않음,100-200만원 미만,0,0.4022388059701491,0.5377677564825253,0.4165757906215917,0.8041136141038193,0.3449511400651467,0.3634154807358555,0.3869565217391302,실속형 미식가,편리성을 중시하면서도 새로운 맛과 제품을 시도하는 데 적극적인 소비자 그룹입니다. 가격에 민감하기보다는 효율성과 맛을 동시에 추구합니다.
290,여자,60대 이상,농림어업 숙련 종사자,고졸(대학 재학 포함),충청남도,1세대가족,기혼,맞벌이 함,200-300만원 미만,3,0.6373134328358209,0.6016535137166477,0.3293347873500544,0.8432908912830556,0.3530944625407169,0.4630336688649772,0.4826086956521738,트렌드 주도형 소비자,"자신의 취향과 경험을 중시하는 소비자 그룹입니다. 단순히 배를 채우는 것 이상의 가치를 추구하며, 새로운 제품을 가장 먼저 경험하고 공유하려는 경향이 강합니다"
291,여자,60대 이상,주부,고졸(대학 재학 포함),울산광역시,1세대가족,기혼,맞벌이 하지 않음,300-400만원 미만,1,0.3902985074626864,0.3660278090943252,0.3816793893129767,0.8237022526934379,0.4732899022801303,0.1457827143352999,0.2913043478260869,건강 추구형 소비자,가격이나 브랜드에 크게 구애받지 않고 건강을 최우선으로 고려하는 프리미엄 소비자 그룹입니다. 건강과 편리성을 모두 만족시키는 제품에 기꺼이 지갑을 엽니다.
292,남자,60대 이상,기능원 및 관련 기능 종사자,대학교 졸업(전문대졸/대학원생 포함),대구광역시,1인 가구,미혼(사별/이혼 포함),맞벌이 하지 않음,300-400만원 미만,3,0.5410447761194029,0.4175122134535888,0.3893129770992364,0.8432908912830556,0.3543973941368081,0.4748351266921204,0.5999999999999999,트렌드 주도형 소비자,"자신의 취향과 경험을 중시하는 소비자 그룹입니다. 단순히 배를 채우는 것 이상의 가치를 추구하며, 새로운 제품을 가장 먼저 경험하고 공유하려는 경향이 강합니다"
293,남자,50대,기능원 및 관련 기능 종사자,고졸(대학 재학 포함),충청남도,1인 가구,미혼(사별/이혼 포함),맞벌이 하지 않음,200-300만원 미만,3,0.7208955223880598,0.7256670424652385,0.3511450381679391,0.8824681684622918,0.3537459283387623,0.5716765012148556,0.417391304347826,트렌드 주도형 소비자,"자신의 취향과 경험을 중시하는 소비자 그룹입니다. 단순히 배를 채우는 것 이상의 가치를 추구하며, 새로운 제품을 가장 먼저 경험하고 공유하려는 경향이 강합니다"
294,남자,50대,사무 종사자,고졸(대학 재학 포함),광주광역시,2세대가족,기혼,맞벌이 함,500-600만원 미만,3,0.7820895522388062,0.7143930853062758,0.1693020719738275,0.941234084231146,0.3869706840390879,0.2412356820548416,0.5869565217391303,트렌드 주도형 소비자,"자신의 취향과 경험을 중시하는 소비자 그룹입니다. 단순히 배를 채우는 것 이상의 가치를 추구하며, 새로운 제품을 가장 먼저 경험하고 공유하려는 경향이 강합니다"
295,여자,60대 이상,주부,대학교 졸업(전문대졸/대학원생 포함),대전광역시,1세대가족,기혼,맞벌이 하지 않음,200-300만원 미만,0,0.3828358208955225,0.549041713641488,0.5190839694656486,0.7845249755142015,0.352768729641694,0.4081916001388405,0.5434782608695652,실속형 미식가,편리성을 중시하면서도 새로운 맛과 제품을 시도하는 데 적극적인 소비자 그룹입니다. 가격에 민감하기보다는 효율성과 맛을 동시에 추구합니다.
296,남자,60대 이상,관리자,대학교 졸업(전문대졸/대학원생 포함),대전광역시,1인 가구,미혼(사별/이혼 포함),맞벌이 하지 않음,300-400만원 미만,1,0.348507462686567,0.6392333709131903,0.501908396946565,0.8041136141038193,0.4306188925081432,0.4724054147865324,0.2652173913043478,건강 추구형 소비자,가격이나 브랜드에 크게 구애받지 않고 건강을 최우선으로 고려하는 프리미엄 소비자 그룹입니다. 건강과 편리성을 모두 만족시키는 제품에 기꺼이 지갑을 엽니다.
297,여자,60대 이상,주부,중졸 이하,울산광역시,1세대가족,기혼,맞벌이 하지 않음,100-200만원 미만,3,0.4492537313432835,0.3799323562570461,0.4800981461286802,0.7845249755142015,0.4469055374592837,0.2013189864630334,0.5043478260869562,트렌드 주도형 소비자,"자신의 취향과 경험을 중시하는 소비자 그룹입니다. 단순히 배를 채우는 것 이상의 가치를 추구하며, 새로운 제품을 가장 먼저 경험하고 공유하려는 경향이 강합니다"
298,여자,60대 이상,농림어업 숙련 종사자,고졸(대학 재학 포함),충청남도,1세대가족,기혼,맞벌이 함,200-300만원 미만,3,0.6858208955223881,0.7256670424652385,0.3764994547437295,0.9216454456415274,0.3872964169381109,0.5838250607427973,0.452173913043478,트렌드 주도형 소비자,"자신의 취향과 경험을 중시하는 소비자 그룹입니다. 단순히 배를 채우는 것 이상의 가치를 추구하며, 새로운 제품을 가장 먼저 경험하고 공유하려는 경향이 강합니다"
299,여자,60대 이상,주부,고졸(대학 재학 포함),충청북도,1세대가족,기혼,맞벌이 하지 않음,300-400만원 미만,3,0.5455223880597015,0.5753476136790681,0.4520174482006545,0.8824681684622918,0.4788273615635182,0.2856646997570284,0.6391304347826086,트렌드 주도형 소비자,"자신의 취향과 경험을 중시하는 소비자 그룹입니다. 단순히 배를 채우는 것 이상의 가치를 추구하며, 새로운 제품을 가장 먼저 경험하고 공유하려는 경향이 강합니다"
300,여자,60대 이상,주부,고졸(대학 재학 포함),광주광역시,1세대가족,기혼,맞벌이 하지 않음,300-400만원 미만,3,0.5089552238805971,0.4825253664036076,0.3157033805888764,0.8628795298726734,0.406188925081433,0.3672335994446369,0.417391304347826,트렌드 주도형 소비자,"자신의 취향과 경험을 중시하는 소비자 그룹입니다. 단순히 배를 채우는 것 이상의 가치를 추구하며, 새로운 제품을 가장 먼저 경험하고 공유하려는 경향이 강합니다"
301,여자,50대,서비스 종사자,고졸(대학 재학 포함),부산광역시,2세대가족,기혼,맞벌이 함,800-900만원 미만,0,0.3111940298507462,0.5377677564825253,0.3920392584514725,0.8237022526934379,0.2745928338762215,0.3110031239153068,0.5013043478260867,실속형 미식가,편리성을 중시하면서도 새로운 맛과 제품을 시도하는 데 적극적인 소비자 그룹입니다. 가격에 민감하기보다는 효율성과 맛을 동시에 추구합니다.
302,남자,60대 이상,기능원 및 관련 기능 종사자,고졸(대학 재학 포함),울산광역시,1인 가구,미혼(사별/이혼 포함),맞벌이 하지 않음,300-400만원 미만,0,0.3104477611940298,0.4524614806463737,0.3675027262813524,0.8041136141038193,0.3179153094462543,0.1839639014231168,0.5565217391304347,실속형 미식가,편리성을 중시하면서도 새로운 맛과 제품을 시도하는 데 적극적인 소비자 그룹입니다. 가격에 민감하기보다는 효율성과 맛을 동시에 추구합니다.
303,여자,20대,서비스 종사자,대학교 졸업(전문대졸/대학원생 포함),대전광역시,1인 가구,미혼(사별/이혼 포함),맞벌이 하지 않음,200-300만원 미만,3,0.8104477611940298,0.7162720781661026,0.1215921483097055,0.8775710088148868,0.4198697068403912,0.3939604304061086,0.578260869565217,트렌드 주도형 소비자,"자신의 취향과 경험을 중시하는 소비자 그룹입니다. 단순히 배를 채우는 것 이상의 가치를 추구하며, 새로운 제품을 가장 먼저 경험하고 공유하려는 경향이 강합니다"
304,여자,30대,사무 종사자,대학교 졸업(전문대졸/대학원생 포함),대전광역시,1인 가구,미혼(사별/이혼 포함),맞벌이 하지 않음,200-300만원 미만,3,0.7910447761194032,0.6974821495678315,0.3416030534351145,0.8775710088148868,0.4710097719869708,0.3405067684831653,0.5260869565217389,트렌드 주도형 소비자,"자신의 취향과 경험을 중시하는 소비자 그룹입니다. 단순히 배를 채우는 것 이상의 가치를 추구하며, 새로운 제품을 가장 먼저 경험하고 공유하려는 경향이 강합니다"
305,여자,50대,서비스 종사자,고졸(대학 재학 포함),대전광역시,1인 가구,미혼(사별/이혼 포함),맞벌이 하지 않음,300-400만원 미만,3,0.6858208955223881,0.7012401352874857,0.4032170119956379,0.8188050930460328,0.3514657980456029,0.2360291565428669,0.5086956521739129,트렌드 주도형 소비자,"자신의 취향과 경험을 중시하는 소비자 그룹입니다. 단순히 배를 채우는 것 이상의 가치를 추구하며, 새로운 제품을 가장 먼저 경험하고 공유하려는 경향이 강합니다"
306,여자,60대 이상,서비스 종사자,고졸(대학 재학 포함),경기도,1인 가구,미혼(사별/이혼 포함),맞벌이 하지 않음,400-500만원 미만,1,0.2089552238805972,0.3818113491168734,0.8336968375136313,0.7992164544564151,0.4798045602605864,0.2127733425893785,0.1043478260869564,건강 추구형 소비자,가격이나 브랜드에 크게 구애받지 않고 건강을 최우선으로 고려하는 프리미엄 소비자 그룹입니다. 건강과 편리성을 모두 만족시키는 제품에 기꺼이 지갑을 엽니다.
307,여자,50대,주부,고졸(대학 재학 포함),강원도,2세대가족,기혼,맞벌이 하지 않음,500-600만원 미만,1,0.1194029850746271,0.4175122134535888,0.8914940021810249,0.8628795298726734,0.4407166123778503,0.2943422422769869,0.3578260869565216,건강 추구형 소비자,가격이나 브랜드에 크게 구애받지 않고 건강을 최우선으로 고려하는 프리미엄 소비자 그룹입니다. 건강과 편리성을 모두 만족시키는 제품에 기꺼이 지갑을 엽니다.
308,여자,50대,관리자,고졸(대학 재학 포함),강원도,1인 가구,미혼(사별/이혼 포함),맞벌이 하지 않음,500-600만원 미만,1,0.1865671641791045,0.4851559564073657,0.8086150490730644,0.8432908912830556,0.4993485342019544,0.3151683443248871,0.2708695652173911,건강 추구형 소비자,가격이나 브랜드에 크게 구애받지 않고 건강을 최우선으로 고려하는 프리미엄 소비자 그룹입니다. 건강과 편리성을 모두 만족시키는 제품에 기꺼이 지갑을 엽니다.
309,여자,30대,사무 종사자,대학교 졸업(전문대졸/대학원생 포함),충청북도,1인 가구,미혼(사별/이혼 포함),맞벌이 하지 않음,300-400만원 미만,1,0.5044776119402986,0.6816986095452838,0.5872410032715372,0.9216454456415274,0.5778501628664497,0.2742103436306837,0.3999999999999997,건강 추구형 소비자,가격이나 브랜드에 크게 구애받지 않고 건강을 최우선으로 고려하는 프리미엄 소비자 그룹입니다. 건강과 편리성을 모두 만족시키는 제품에 기꺼이 지갑을 엽니다.
310,남자,60대 이상,서비스 종사자,고졸(대학 재학 포함),강원도,1인 가구,미혼(사별/이혼 포함),맞벌이 하지 않음,400-500만원 미만,1,0.1365671641791045,0.5001878992859826,0.6474918211559435,0.8628795298726734,0.3309446254071662,0.4290177021867404,0.2434782608695651,건강 추구형 소비자,가격이나 브랜드에 크게 구애받지 않고 건강을 최우선으로 고려하는 프리미엄 소비자 그룹입니다. 건강과 편리성을 모두 만족시키는 제품에 기꺼이 지갑을 엽니다.
311,여자,50대,서비스 종사자,고졸(대학 재학 포함),경기도,2세대가족,기혼,맞벌이 함,"1,000만원 이상",1,0.0597014925373135,0.3679068019541525,0.7966194111232279,0.7208619000979426,0.4732899022801303,0.1874349184311001,0.0782608695652173,건강 추구형 소비자,가격이나 브랜드에 크게 구애받지 않고 건강을 최우선으로 고려하는 프리미엄 소비자 그룹입니다. 건강과 편리성을 모두 만족시키는 제품에 기꺼이 지갑을 엽니다.
312,여자,20대,사무 종사자,대학교 졸업(전문대졸/대학원생 포함),충청북도,1인 가구,미혼(사별/이혼 포함),맞벌이 하지 않음,200-300만원 미만,3,0.5559701492537314,0.7831642239759488,0.5171755725190836,0.8824681684622918,0.5462540716612377,0.3314821242624087,0.452173913043478,트렌드 주도형 소비자,"자신의 취향과 경험을 중시하는 소비자 그룹입니다. 단순히 배를 채우는 것 이상의 가치를 추구하며, 새로운 제품을 가장 먼저 경험하고 공유하려는 경향이 강합니다"
313,여자,60대 이상,서비스 종사자,대학교 졸업(전문대졸/대학원생 포함),충청남도,1인 가구,미혼(사별/이혼 포함),맞벌이 하지 않음,100만원 미만,0,0.1343283582089552,0.8966553927095073,0.0926935659760087,0.8383937316356512,0.0390879478827365,0.576188823325234,0.2347826086956519,실속형 미식가,편리성을 중시하면서도 새로운 맛과 제품을 시도하는 데 적극적인 소비자 그룹입니다. 가격에 민감하기보다는 효율성과 맛을 동시에 추구합니다.
314,여자,60대 이상,판매 종사자,고졸(대학 재학 포함),충청북도,1인 가구,미혼(사별/이혼 포함),맞벌이 하지 않음,300-400만원 미만,3,0.5425373134328358,0.6730552423900787,0.4111232279171211,0.9020568070519096,0.5162866449511402,0.2533842415827835,0.5565217391304347,트렌드 주도형 소비자,"자신의 취향과 경험을 중시하는 소비자 그룹입니다. 단순히 배를 채우는 것 이상의 가치를 추구하며, 새로운 제품을 가장 먼저 경험하고 공유하려는 경향이 강합니다"
315,여자,30대,사무 종사자,대학교 졸업(전문대졸/대학원생 포함),경기도,1세대가족,기혼,맞벌이 함,800-900만원 미만,1,0.1567164179104479,0.3904547162720779,0.7952562704471098,0.7600391772771787,0.5097719869706839,0.1780631725095449,0.0956521739130432,건강 추구형 소비자,가격이나 브랜드에 크게 구애받지 않고 건강을 최우선으로 고려하는 프리미엄 소비자 그룹입니다. 건강과 편리성을 모두 만족시키는 제품에 기꺼이 지갑을 엽니다.
316,남자,30대,서비스 종사자,대학교 졸업(전문대졸/대학원생 포함),강원도,1인 가구,미혼(사별/이혼 포함),맞벌이 하지 않음,400-500만원 미만,0,0.1902985074626866,0.4400601277715145,0.5152671755725187,0.8628795298726734,0.2892508143322478,0.3970843457132939,0.4534782608695652,실속형 미식가,편리성을 중시하면서도 새로운 맛과 제품을 시도하는 데 적극적인 소비자 그룹입니다. 가격에 민감하기보다는 효율성과 맛을 동시에 추구합니다.
317,여자,50대,주부,고졸(대학 재학 포함),강원도,2세대가족,기혼,맞벌이 하지 않음,600-700만원 미만,1,0.2149253731343282,0.4062382562946261,0.8039803707742632,0.8824681684622918,0.3879478827361566,0.283929191253037,0.4434782608695652,건강 추구형 소비자,가격이나 브랜드에 크게 구애받지 않고 건강을 최우선으로 고려하는 프리미엄 소비자 그룹입니다. 건강과 편리성을 모두 만족시키는 제품에 기꺼이 지갑을 엽니다.
318,여자,60대 이상,주부,고졸(대학 재학 포함),충청남도,2세대가족,기혼,맞벌이 하지 않음,700-800만원 미만,0,0.1343283582089552,0.7425779782036827,0.4770992366412215,0.8158667972575904,0.1498371335504889,0.6803193335647342,0.3391304347826084,실속형 미식가,편리성을 중시하면서도 새로운 맛과 제품을 시도하는 데 적극적인 소비자 그룹입니다. 가격에 민감하기보다는 효율성과 맛을 동시에 추구합니다.
319,여자,40대,서비스 종사자,고졸(대학 재학 포함),경기도,2세대가족,기혼,맞벌이 함,"1,000만원 이상",1,0.1417910447761194,0.3829387448327694,0.8467829880043622,0.740450538687561,0.452768729641694,0.1850052065255115,0.1043478260869564,건강 추구형 소비자,가격이나 브랜드에 크게 구애받지 않고 건강을 최우선으로 고려하는 프리미엄 소비자 그룹입니다. 건강과 편리성을 모두 만족시키는 제품에 기꺼이 지갑을 엽니다.
320,여자,60대 이상,주부,고졸(대학 재학 포함),충청남도,1세대가족,기혼,맞벌이 하지 않음,500-600만원 미만,0,0.1380597014925373,0.5159714393085307,0.4601962922573612,0.7766895200783542,0.1677524429967429,0.5657757723012841,0.6056521739130434,실속형 미식가,편리성을 중시하면서도 새로운 맛과 제품을 시도하는 데 적극적인 소비자 그룹입니다. 가격에 민감하기보다는 효율성과 맛을 동시에 추구합니다.
321,여자,50대,서비스 종사자,고졸(대학 재학 포함),경기도,2세대가족,기혼,맞벌이 함,"1,000만원 이상",1,0.1417910447761194,0.3979706877113868,0.8320610687022898,0.7600391772771787,0.4609120521172642,0.1850052065255115,0.1304347826086955,건강 추구형 소비자,가격이나 브랜드에 크게 구애받지 않고 건강을 최우선으로 고려하는 프리미엄 소비자 그룹입니다. 건강과 편리성을 모두 만족시키는 제품에 기꺼이 지갑을 엽니다.
322,여자,30대,사무 종사자,대학교 졸업(전문대졸/대학원생 포함),강원도,2세대가족,기혼,맞벌이 함,700-800만원 미만,1,0.201492537313433,0.4588500563697856,1.0,0.8628795298726734,0.4970684039087951,0.2735161402290871,0.3260869565217388,건강 추구형 소비자,가격이나 브랜드에 크게 구애받지 않고 건강을 최우선으로 고려하는 프리미엄 소비자 그룹입니다. 건강과 편리성을 모두 만족시키는 제품에 기꺼이 지갑을 엽니다.
323,여자,40대,사무 종사자,대학교 졸업(전문대졸/대학원생 포함),서울특별시,1세대가족,기혼,맞벌이 함,600-700만원 미만,0,0.4776119402985077,0.7294250281848926,0.2429116684841875,0.8432908912830556,0.245928338762215,0.4585213467545986,0.4652173913043476,실속형 미식가,편리성을 중시하면서도 새로운 맛과 제품을 시도하는 데 적극적인 소비자 그룹입니다. 가격에 민감하기보다는 효율성과 맛을 동시에 추구합니다.
324,여자,60대 이상,서비스 종사자,고졸(대학 재학 포함),강원도,1세대가족,기혼,맞벌이 함,500-600만원 미만,1,0.2388059701492538,0.4363021420518599,0.7055616139585605,0.8237022526934379,0.4752442996742672,0.4894133981256504,0.3578260869565216,건강 추구형 소비자,가격이나 브랜드에 크게 구애받지 않고 건강을 최우선으로 고려하는 프리미엄 소비자 그룹입니다. 건강과 편리성을 모두 만족시키는 제품에 기꺼이 지갑을 엽니다.
325,여자,50대,판매 종사자,대학교 졸업(전문대졸/대학원생 포함),서울특별시,1세대가족,기혼,맞벌이 함,500-600만원 미만,0,0.257462686567164,0.7305524239007891,0.2170119956379494,0.8237022526934379,0.1345276872964172,0.4904547032280456,0.4434782608695652,실속형 미식가,편리성을 중시하면서도 새로운 맛과 제품을 시도하는 데 적극적인 소비자 그룹입니다. 가격에 민감하기보다는 효율성과 맛을 동시에 추구합니다.
326,여자,50대,전문가 및 관련 종사자,대학원 졸업 이상,강원도,1세대가족,기혼,맞벌이 함,"1,000만원 이상",1,0.201492537313433,0.4513340849304773,0.915485278080698,0.8432908912830556,0.4993485342019544,0.3318292259632072,0.3056521739130434,건강 추구형 소비자,가격이나 브랜드에 크게 구애받지 않고 건강을 최우선으로 고려하는 프리미엄 소비자 그룹입니다. 건강과 편리성을 모두 만족시키는 제품에 기꺼이 지갑을 엽니다.
327,여자,50대,서비스 종사자,고졸(대학 재학 포함),대전광역시,2세대가족,기혼,맞벌이 함,400-500만원 미만,3,0.5343283582089552,0.6516347237880495,0.3655943293347876,0.8628795298726734,0.4231270358306188,0.4765706351961123,0.5173913043478258,트렌드 주도형 소비자,"자신의 취향과 경험을 중시하는 소비자 그룹입니다. 단순히 배를 채우는 것 이상의 가치를 추구하며, 새로운 제품을 가장 먼저 경험하고 공유하려는 경향이 강합니다"
328,여자,60대 이상,전문가 및 관련 종사자,대학교 졸업(전문대졸/대학원생 포함),대전광역시,1세대가족,기혼,맞벌이 함,400-500만원 미만,0,0.3447761194029852,0.6805712138293873,0.41412213740458,0.8628795298726734,0.2775244299674271,0.4356126345019088,0.4782608695652171,실속형 미식가,편리성을 중시하면서도 새로운 맛과 제품을 시도하는 데 적극적인 소비자 그룹입니다. 가격에 민감하기보다는 효율성과 맛을 동시에 추구합니다.
329,여자,60대 이상,주부,대학교 졸업(전문대졸/대학원생 포함),대전광역시,2세대가족,기혼,맞벌이 하지 않음,700-800만원 미만,1,0.4985074626865671,0.5039458850056369,0.6872955288985823,0.8041136141038193,0.4736156351791531,0.3030197847969454,0.4695652173913042,건강 추구형 소비자,가격이나 브랜드에 크게 구애받지 않고 건강을 최우선으로 고려하는 프리미엄 소비자 그룹입니다. 건강과 편리성을 모두 만족시키는 제품에 기꺼이 지갑을 엽니다.
330,여자,60대 이상,사무 종사자,대학교 졸업(전문대졸/대학원생 포함),대전광역시,2세대가족,기혼,맞벌이 함,500-600만원 미만,3,0.4619402985074627,0.6591506952273579,0.4228462377317335,0.8628795298726734,0.3351791530944629,0.4220756681707737,0.5999999999999999,트렌드 주도형 소비자,"자신의 취향과 경험을 중시하는 소비자 그룹입니다. 단순히 배를 채우는 것 이상의 가치를 추구하며, 새로운 제품을 가장 먼저 경험하고 공유하려는 경향이 강합니다"
331,여자,40대,주부,대학교 졸업(전문대졸/대학원생 포함),대전광역시,2세대가족,기혼,맞벌이 하지 않음,400-500만원 미만,1,0.4932835820895522,0.5031942878617061,0.6701199563794986,0.8775710088148868,0.6201954397394139,0.3873654980909405,0.4478260869565216,건강 추구형 소비자,가격이나 브랜드에 크게 구애받지 않고 건강을 최우선으로 고려하는 프리미엄 소비자 그룹입니다. 건강과 편리성을 모두 만족시키는 제품에 기꺼이 지갑을 엽니다.
332,남자,30대,군인,대학교 졸업(전문대졸/대학원생 포함),충청남도,1세대가족,기혼,맞벌이 함,500-600만원 미만,0,0.1194029850746271,0.8151071025930099,0.0572519083969467,0.8579823702252692,0.0195439739413685,0.535577924331829,0.3521739130434779,실속형 미식가,편리성을 중시하면서도 새로운 맛과 제품을 시도하는 데 적극적인 소비자 그룹입니다. 가격에 민감하기보다는 효율성과 맛을 동시에 추구합니다.
333,여자,60대 이상,서비스 종사자,대학교 졸업(전문대졸/대학원생 포함),대전광역시,1세대가족,기혼,맞벌이 함,600-700만원 미만,1,0.5940298507462687,0.3855693348365276,0.6551254089422025,0.740450538687561,0.6618892508143324,0.2620617841027419,0.4608695652173912,건강 추구형 소비자,가격이나 브랜드에 크게 구애받지 않고 건강을 최우선으로 고려하는 프리미엄 소비자 그룹입니다. 건강과 편리성을 모두 만족시키는 제품에 기꺼이 지갑을 엽니다.
334,여자,50대,사무 종사자,대학교 졸업(전문대졸/대학원생 포함),대전광역시,2세대가족,기혼,맞벌이 함,700-800만원 미만,3,0.7910447761194032,0.6016535137166477,0.4691930207197382,0.8824681684622918,0.6729641693811077,0.4953141270392223,0.4086956521739129,트렌드 주도형 소비자,"자신의 취향과 경험을 중시하는 소비자 그룹입니다. 단순히 배를 채우는 것 이상의 가치를 추구하며, 새로운 제품을 가장 먼저 경험하고 공유하려는 경향이 강합니다"
335,여자,60대 이상,서비스 종사자,대학교 졸업(전문대졸/대학원생 포함),울산광역시,1세대가족,기혼,맞벌이 함,400-500만원 미만,3,0.4388059701492536,0.5866215708380308,0.4214830970556162,1.0,0.3250814332247558,0.2360291565428669,0.5969565217391304,트렌드 주도형 소비자,"자신의 취향과 경험을 중시하는 소비자 그룹입니다. 단순히 배를 채우는 것 이상의 가치를 추구하며, 새로운 제품을 가장 먼저 경험하고 공유하려는 경향이 강합니다"
336,여자,30대,전문가 및 관련 종사자,대학교 졸업(전문대졸/대학원생 포함),대전광역시,1인 가구,미혼(사별/이혼 포함),맞벌이 하지 않음,300-400만원 미만,3,0.6791044776119404,0.69184517098835,0.3928571428571428,0.8824681684622918,0.3895765472312707,0.3311350225616105,0.4013043478260869,트렌드 주도형 소비자,"자신의 취향과 경험을 중시하는 소비자 그룹입니다. 단순히 배를 채우는 것 이상의 가치를 추구하며, 새로운 제품을 가장 먼저 경험하고 공유하려는 경향이 강합니다"
337,여자,50대,판매 종사자,대학교 졸업(전문대졸/대학원생 포함),울산광역시,1세대가족,기혼,맞벌이 함,600-700만원 미만,3,0.5395522388059701,0.616685456595265,0.432933478735005,0.9020568070519096,0.3690553745928339,0.2412356820548416,0.4739130434782606,트렌드 주도형 소비자,"자신의 취향과 경험을 중시하는 소비자 그룹입니다. 단순히 배를 채우는 것 이상의 가치를 추구하며, 새로운 제품을 가장 먼저 경험하고 공유하려는 경향이 강합니다"
338,남자,60대 이상,사무 종사자,고졸(대학 재학 포함),광주광역시,2세대가족,기혼,맞벌이 함,700-800만원 미만,3,0.6440298507462688,0.4738819992484026,0.1807524536532171,0.7257590597453475,0.4798045602605864,0.2912183269698017,0.4086956521739129,트렌드 주도형 소비자,"자신의 취향과 경험을 중시하는 소비자 그룹입니다. 단순히 배를 채우는 것 이상의 가치를 추구하며, 새로운 제품을 가장 먼저 경험하고 공유하려는 경향이 강합니다"
339,여자,60대 이상,서비스 종사자,고졸(대학 재학 포함),울산광역시,1세대가족,기혼,맞벌이 함,500-600만원 미만,3,0.5597014925373136,0.5415257422021796,0.4372955288985826,0.8824681684622918,0.3843648208469056,0.2603262755987501,0.6056521739130434,트렌드 주도형 소비자,"자신의 취향과 경험을 중시하는 소비자 그룹입니다. 단순히 배를 채우는 것 이상의 가치를 추구하며, 새로운 제품을 가장 먼저 경험하고 공유하려는 경향이 강합니다"
340,여자,50대,사무 종사자,대학교 졸업(전문대졸/대학원생 포함),대구광역시,2세대가족,기혼,맞벌이 함,600-700만원 미만,1,0.601492537313433,0.3836903419767003,0.6900218102508175,0.8432908912830556,0.8,0.1926414439430752,0.160869565217391,건강 추구형 소비자,가격이나 브랜드에 크게 구애받지 않고 건강을 최우선으로 고려하는 프리미엄 소비자 그룹입니다. 건강과 편리성을 모두 만족시키는 제품에 기꺼이 지갑을 엽니다.
341,남자,50대,장치·기계 조작 및 조립 종사자,고졸(대학 재학 포함),전라남도,2세대가족,미혼(사별/이혼 포함),맞벌이 하지 않음,300-400만원 미만,3,0.5597014925373136,0.3611424276587749,0.2380043620501639,0.7649363369245838,0.4397394136807817,0.2814994793474484,0.4217391304347824,트렌드 주도형 소비자,"자신의 취향과 경험을 중시하는 소비자 그룹입니다. 단순히 배를 채우는 것 이상의 가치를 추구하며, 새로운 제품을 가장 먼저 경험하고 공유하려는 경향이 강합니다"
342,여자,50대,판매 종사자,대학교 졸업(전문대졸/대학원생 포함),충청남도,2세대가족,기혼,맞벌이 함,500-600만원 미만,1,0.5447761194029851,0.2792183389703119,0.4310250817884402,0.6395690499510283,0.6361563517915311,0.1596667823672336,0.2739130434782606,건강 추구형 소비자,가격이나 브랜드에 크게 구애받지 않고 건강을 최우선으로 고려하는 프리미엄 소비자 그룹입니다. 건강과 편리성을 모두 만족시키는 제품에 기꺼이 지갑을 엽니다.
343,여자,50대,판매 종사자,고졸(대학 재학 포함),충청남도,1세대가족,기혼,맞벌이 함,400-500만원 미만,0,0.1940298507462687,0.3630214205186018,0.1562159214830971,0.6199804113614098,0.2182410423452772,0.1388406803193333,0.6143478260869566,실속형 미식가,편리성을 중시하면서도 새로운 맛과 제품을 시도하는 데 적극적인 소비자 그룹입니다. 가격에 민감하기보다는 효율성과 맛을 동시에 추구합니다.
344,여자,40대,주부,대학교 졸업(전문대졸/대학원생 포함),울산광역시,2세대가족,기혼,맞벌이 하지 않음,600-700만원 미만,3,0.8395522388059704,0.5678316422397591,0.2715376226826608,0.8628795298726734,0.6136807817589578,0.240541478653245,0.5826086956521739,트렌드 주도형 소비자,"자신의 취향과 경험을 중시하는 소비자 그룹입니다. 단순히 배를 채우는 것 이상의 가치를 추구하며, 새로운 제품을 가장 먼저 경험하고 공유하려는 경향이 강합니다"
345,여자,60대 이상,서비스 종사자,고졸(대학 재학 포함),전라남도,1세대가족,기혼,맞벌이 함,300-400만원 미만,3,0.576865671641791,0.46260804208944,0.1875681570338057,0.7649363369245838,0.3853420195439739,0.2117320374869833,0.4565217391304347,트렌드 주도형 소비자,"자신의 취향과 경험을 중시하는 소비자 그룹입니다. 단순히 배를 채우는 것 이상의 가치를 추구하며, 새로운 제품을 가장 먼저 경험하고 공유하려는 경향이 강합니다"
346,여자,50대,서비스 종사자,고졸(대학 재학 포함),경기도,2세대가족,기혼,맞벌이 함,600-700만원 미만,3,0.6007462686567165,0.5152198421645996,0.4152126499454745,0.9216454456415274,0.5850162866449514,0.3481430059007289,0.608695652173913,트렌드 주도형 소비자,"자신의 취향과 경험을 중시하는 소비자 그룹입니다. 단순히 배를 채우는 것 이상의 가치를 추구하며, 새로운 제품을 가장 먼저 경험하고 공유하려는 경향이 강합니다"
347,여자,50대,서비스 종사자,대학교 졸업(전문대졸/대학원생 포함),울산광역시,1세대가족,기혼,맞벌이 함,600-700만원 미만,3,0.6082089552238807,0.549041713641488,0.4078516902944383,0.9020568070519096,0.3566775244299675,0.2429711905588335,0.5739130434782607,트렌드 주도형 소비자,"자신의 취향과 경험을 중시하는 소비자 그룹입니다. 단순히 배를 채우는 것 이상의 가치를 추구하며, 새로운 제품을 가장 먼저 경험하고 공유하려는 경향이 강합니다"
348,여자,50대,판매 종사자,고졸(대학 재학 포함),경기도,1인 가구,미혼(사별/이혼 포함),맞벌이 하지 않음,200-300만원 미만,3,0.6111940298507464,0.7042465238632091,0.4261177753544165,0.9608227228207636,0.6042345276872965,0.3967372440124953,0.4608695652173912,트렌드 주도형 소비자,"자신의 취향과 경험을 중시하는 소비자 그룹입니다. 단순히 배를 채우는 것 이상의 가치를 추구하며, 새로운 제품을 가장 먼저 경험하고 공유하려는 경향이 강합니다"
349,여자,40대,주부,대학교 졸업(전문대졸/대학원생 포함),대구광역시,2세대가족,기혼,맞벌이 하지 않음,400-500만원 미만,1,0.5477611940298508,0.4024802705749719,0.5351690294438385,0.7845249755142015,0.5537459283387621,0.5130163137799373,0.3695652173913043,건강 추구형 소비자,가격이나 브랜드에 크게 구애받지 않고 건강을 최우선으로 고려하는 프리미엄 소비자 그룹입니다. 건강과 편리성을 모두 만족시키는 제품에 기꺼이 지갑을 엽니다.
350,여자,40대,서비스 종사자,고졸(대학 재학 포함),경기도,2세대가족,기혼,맞벌이 함,500-600만원 미만,3,0.585820895522388,0.531379180759113,0.4751908396946564,0.8824681684622918,0.6612377850162869,0.3620270739326622,0.5839130434782608,트렌드 주도형 소비자,"자신의 취향과 경험을 중시하는 소비자 그룹입니다. 단순히 배를 채우는 것 이상의 가치를 추구하며, 새로운 제품을 가장 먼저 경험하고 공유하려는 경향이 강합니다"
351,여자,40대,주부,대학교 졸업(전문대졸/대학원생 포함),대구광역시,2세대가족,기혼,맞벌이 하지 않음,500-600만원 미만,1,0.5402985074626866,0.4825253664036076,0.4689203925845147,0.8628795298726734,0.5732899022801305,0.352655328011107,0.2739130434782606,건강 추구형 소비자,가격이나 브랜드에 크게 구애받지 않고 건강을 최우선으로 고려하는 프리미엄 소비자 그룹입니다. 건강과 편리성을 모두 만족시키는 제품에 기꺼이 지갑을 엽니다.
352,여자,60대 이상,서비스 종사자,고졸(대학 재학 포함),경기도,1세대가족,기혼,맞벌이 함,400-500만원 미만,3,0.6985074626865673,0.5050732807215333,0.4506543075245364,0.9216454456415274,0.6078175895765475,0.4088858035404371,0.5913043478260867,트렌드 주도형 소비자,"자신의 취향과 경험을 중시하는 소비자 그룹입니다. 단순히 배를 채우는 것 이상의 가치를 추구하며, 새로운 제품을 가장 먼저 경험하고 공유하려는 경향이 강합니다"
353,여자,30대,주부,대학교 졸업(전문대졸/대학원생 포함),경기도,2세대가족,기혼,맞벌이 하지 않음,200-300만원 미만,1,0.3940298507462685,0.408117249154453,0.5768811341330422,0.7992164544564151,0.634527687296417,0.4394307532106903,0.1,건강 추구형 소비자,가격이나 브랜드에 크게 구애받지 않고 건강을 최우선으로 고려하는 프리미엄 소비자 그룹입니다. 건강과 편리성을 모두 만족시키는 제품에 기꺼이 지갑을 엽니다.
354,여자,50대,사무 종사자,대학교 졸업(전문대졸/대학원생 포함),울산광역시,2세대가족,기혼,맞벌이 함,600-700만원 미만,3,0.5395522388059701,0.5133408493047726,0.4705561613958562,0.8775710088148868,0.4123778501628664,0.2186740715029503,0.5695652173913043,트렌드 주도형 소비자,"자신의 취향과 경험을 중시하는 소비자 그룹입니다. 단순히 배를 채우는 것 이상의 가치를 추구하며, 새로운 제품을 가장 먼저 경험하고 공유하려는 경향이 강합니다"
355,여자,30대,주부,대학교 졸업(전문대졸/대학원생 포함),경기도,2세대가족,기혼,맞벌이 하지 않음,400-500만원 미만,3,0.696268656716418,0.5952649379932357,0.5005452562704469,0.9216454456415274,0.5726384364820848,0.4009024644220753,0.5869565217391303,트렌드 주도형 소비자,"자신의 취향과 경험을 중시하는 소비자 그룹입니다. 단순히 배를 채우는 것 이상의 가치를 추구하며, 새로운 제품을 가장 먼저 경험하고 공유하려는 경향이 강합니다"
356,여자,60대 이상,서비스 종사자,고졸(대학 재학 포함),울산광역시,1세대가족,기혼,맞벌이 함,500-600만원 미만,3,0.5746268656716418,0.549041713641488,0.4269356597600868,0.8824681684622918,0.3566775244299675,0.2117320374869833,0.5695652173913043,트렌드 주도형 소비자,"자신의 취향과 경험을 중시하는 소비자 그룹입니다. 단순히 배를 채우는 것 이상의 가치를 추구하며, 새로운 제품을 가장 먼저 경험하고 공유하려는 경향이 강합니다"
357,남자,60대 이상,기능원 및 관련 기능 종사자,고졸(대학 재학 포함),충청남도,1세대가족,기혼,맞벌이 함,500-600만원 미만,1,0.1791044776119402,0.2630590003757985,0.4034896401308614,0.5582761998041134,0.3267100977198698,0.1735508503991668,0.1652173913043478,건강 추구형 소비자,가격이나 브랜드에 크게 구애받지 않고 건강을 최우선으로 고려하는 프리미엄 소비자 그룹입니다. 건강과 편리성을 모두 만족시키는 제품에 기꺼이 지갑을 엽니다.
358,여자,30대,사무 종사자,대학교 졸업(전문대졸/대학원생 포함),경기도,1인 가구,미혼(사별/이혼 포함),맞벌이 하지 않음,200-300만원 미만,3,0.6276119402985075,0.5978955279969934,0.4495637949836419,0.9020568070519096,0.5257328990228014,0.4123568205484204,0.5869565217391303,트렌드 주도형 소비자,"자신의 취향과 경험을 중시하는 소비자 그룹입니다. 단순히 배를 채우는 것 이상의 가치를 추구하며, 새로운 제품을 가장 먼저 경험하고 공유하려는 경향이 강합니다"
359,남자,40대,기능원 및 관련 기능 종사자,대학교 졸업(전문대졸/대학원생 포함),대구광역시,2세대가족,기혼,맞벌이 함,500-600만원 미만,0,0.4940298507462686,0.3310785419015407,0.1889312977099238,0.6865817825661112,0.3426710097719874,0.2047900034710167,0.6491304347826085,실속형 미식가,편리성을 중시하면서도 새로운 맛과 제품을 시도하는 데 적극적인 소비자 그룹입니다. 가격에 민감하기보다는 효율성과 맛을 동시에 추구합니다.
360,여자,50대,판매 종사자,대학교 졸업(전문대졸/대학원생 포함),충청남도,2세대가족,기혼,맞벌이 함,600-700만원 미만,1,0.2910447761194031,0.298008267568583,0.3353326063249728,0.600391772771792,0.4960912052117264,0.1804928844151334,0.2652173913043478,건강 추구형 소비자,가격이나 브랜드에 크게 구애받지 않고 건강을 최우선으로 고려하는 프리미엄 소비자 그룹입니다. 건강과 편리성을 모두 만족시키는 제품에 기꺼이 지갑을 엽니다.
361,여자,40대,사무 종사자,대학교 졸업(전문대졸/대학원생 포함),대구광역시,2세대가족,기혼,맞벌이 함,800-900만원 미만,3,0.6783582089552239,0.4250281848928972,0.4184841875681567,0.8628795298726734,0.5925081433224757,0.4831655675112803,0.3304347826086955,트렌드 주도형 소비자,"자신의 취향과 경험을 중시하는 소비자 그룹입니다. 단순히 배를 채우는 것 이상의 가치를 추구하며, 새로운 제품을 가장 먼저 경험하고 공유하려는 경향이 강합니다"
362,여자,60대 이상,서비스 종사자,고졸(대학 재학 포함),대구광역시,1인 가구,미혼(사별/이혼 포함),맞벌이 하지 않음,200-300만원 미만,0,0.4604477611940298,0.5377677564825253,0.1016902944383857,0.7845249755142015,0.1814332247557006,0.2197153766053451,0.6926086956521736,실속형 미식가,편리성을 중시하면서도 새로운 맛과 제품을 시도하는 데 적극적인 소비자 그룹입니다. 가격에 민감하기보다는 효율성과 맛을 동시에 추구합니다.
363,여자,60대 이상,서비스 종사자,대학교 졸업(전문대졸/대학원생 포함),충청남도,2세대가족,기혼,맞벌이 함,600-700만원 미만,1,0.1940298507462687,0.2829763246899661,0.4724645583424212,0.5612144955925558,0.4439739413680784,0.13536966331135,0.3839130434782607,건강 추구형 소비자,가격이나 브랜드에 크게 구애받지 않고 건강을 최우선으로 고려하는 프리미엄 소비자 그룹입니다. 건강과 편리성을 모두 만족시키는 제품에 기꺼이 지갑을 엽니다.
364,여자,60대 이상,주부,고졸(대학 재학 포함),대구광역시,1세대가족,기혼,맞벌이 하지 않음,200-300만원 미만,1,0.3044776119402984,0.3611424276587749,0.5869683751363137,0.7649363369245838,0.4944625407166124,0.3887539048941338,0.2217391304347824,건강 추구형 소비자,가격이나 브랜드에 크게 구애받지 않고 건강을 최우선으로 고려하는 프리미엄 소비자 그룹입니다. 건강과 편리성을 모두 만족시키는 제품에 기꺼이 지갑을 엽니다.
365,여자,60대 이상,기능원 및 관련 기능 종사자,고졸(대학 재학 포함),충청남도,2세대가족,기혼,맞벌이 함,500-600만원 미만,0,0.1791044776119402,0.3130402104472004,0.3279716466739364,0.6199804113614098,0.4397394136807817,0.1284276292953833,0.3099999999999998,실속형 미식가,편리성을 중시하면서도 새로운 맛과 제품을 시도하는 데 적극적인 소비자 그룹입니다. 가격에 민감하기보다는 효율성과 맛을 동시에 추구합니다.
366,여자,50대,서비스 종사자,대학교 졸업(전문대졸/대학원생 포함),충청남도,2세대가족,기혼,맞벌이 함,600-700만원 미만,1,0.5149253731343285,0.2968808718526869,0.3489640130861507,0.6170421155729674,0.5211726384364822,0.0763623741756333,0.2434782608695651,건강 추구형 소비자,가격이나 브랜드에 크게 구애받지 않고 건강을 최우선으로 고려하는 프리미엄 소비자 그룹입니다. 건강과 편리성을 모두 만족시키는 제품에 기꺼이 지갑을 엽니다.
367,여자,60대 이상,주부,고졸(대학 재학 포함),세종특별자치시,1세대가족,기혼,맞벌이 하지 않음,300-400만원 미만,3,0.6850746268656718,0.7406989853438554,0.2748091603053438,0.7845249755142015,0.3315960912052119,0.5109337035751473,0.4695652173913042,트렌드 주도형 소비자,"자신의 취향과 경험을 중시하는 소비자 그룹입니다. 단순히 배를 채우는 것 이상의 가치를 추구하며, 새로운 제품을 가장 먼저 경험하고 공유하려는 경향이 강합니다"
368,여자,60대 이상,주부,중졸 이하,경기도,1세대가족,기혼,맞벌이 하지 않음,400-500만원 미만,1,0.2276119402985074,0.3367155204810222,0.8737731733914933,0.6787463271302638,0.4967426710097721,0.2221450885109336,0.0956521739130432,건강 추구형 소비자,가격이나 브랜드에 크게 구애받지 않고 건강을 최우선으로 고려하는 프리미엄 소비자 그룹입니다. 건강과 편리성을 모두 만족시키는 제품에 기꺼이 지갑을 엽니다.
369,여자,60대 이상,주부,중졸 이하,대구광역시,1인 가구,미혼(사별/이혼 포함),맞벌이 하지 않음,200-300만원 미만,1,0.6940298507462688,0.334836527621195,0.5836968375136316,0.7649363369245838,0.700325732899023,0.3071850052065255,0.0839130434782606,건강 추구형 소비자,가격이나 브랜드에 크게 구애받지 않고 건강을 최우선으로 고려하는 프리미엄 소비자 그룹입니다. 건강과 편리성을 모두 만족시키는 제품에 기꺼이 지갑을 엽니다.
370,여자,40대,서비스 종사자,고졸(대학 재학 포함),경기도,2세대가족,기혼,맞벌이 함,800-900만원 미만,1,0.1567164179104479,0.3742953776775646,0.9487459105779716,0.8188050930460328,0.5824104234527686,0.1850052065255115,0.1391304347826087,건강 추구형 소비자,가격이나 브랜드에 크게 구애받지 않고 건강을 최우선으로 고려하는 프리미엄 소비자 그룹입니다. 건강과 편리성을 모두 만족시키는 제품에 기꺼이 지갑을 엽니다.
371,여자,60대 이상,주부,고졸(대학 재학 포함),대전광역시,2세대가족,기혼,맞벌이 하지 않음,500-600만원 미만,3,0.3694029850746269,0.4175122134535888,0.4282988004362049,0.8237022526934379,0.4618892508143324,0.3155154460256854,0.6608695652173913,트렌드 주도형 소비자,"자신의 취향과 경험을 중시하는 소비자 그룹입니다. 단순히 배를 채우는 것 이상의 가치를 추구하며, 새로운 제품을 가장 먼저 경험하고 공유하려는 경향이 강합니다"
372,여자,50대,판매 종사자,대학교 졸업(전문대졸/대학원생 포함),대전광역시,2세대가족,기혼,맞벌이 함,500-600만원 미만,0,0.2955223880597016,0.5603156708004507,0.3285169029443841,0.8432908912830556,0.253094462540717,0.2370704616452617,0.7391304347826084,실속형 미식가,편리성을 중시하면서도 새로운 맛과 제품을 시도하는 데 적극적인 소비자 그룹입니다. 가격에 민감하기보다는 효율성과 맛을 동시에 추구합니다.
373,여자,30대,사무 종사자,대학교 졸업(전문대졸/대학원생 포함),대전광역시,2세대가족,기혼,맞벌이 함,600-700만원 미만,3,0.4097014925373134,0.4099962420142803,0.4964558342420935,0.8432908912830556,0.493485342019544,0.3064908018049287,0.5565217391304347,트렌드 주도형 소비자,"자신의 취향과 경험을 중시하는 소비자 그룹입니다. 단순히 배를 채우는 것 이상의 가치를 추구하며, 새로운 제품을 가장 먼저 경험하고 공유하려는 경향이 강합니다"
374,남자,50대,서비스 종사자,고졸(대학 재학 포함),경상북도,1인 가구,미혼(사별/이혼 포함),맞벌이 하지 않음,300-400만원 미만,0,0.1567164179104479,0.5189778278842537,0.3838604143947658,0.8432908912830556,0.2723127035830621,0.4685872960777505,0.4739130434782606,실속형 미식가,편리성을 중시하면서도 새로운 맛과 제품을 시도하는 데 적극적인 소비자 그룹입니다. 가격에 민감하기보다는 효율성과 맛을 동시에 추구합니다.
375,여자,30대,사무 종사자,대학교 졸업(전문대졸/대학원생 포함),대전광역시,1세대가족,기혼,맞벌이 함,500-600만원 미만,0,0.3477611940298506,0.631717399473882,0.3574154852780809,0.8237022526934379,0.2472312703583061,0.2926067337729955,0.6043478260869563,실속형 미식가,편리성을 중시하면서도 새로운 맛과 제품을 시도하는 데 적극적인 소비자 그룹입니다. 가격에 민감하기보다는 효율성과 맛을 동시에 추구합니다.
376,여자,20대,사무 종사자,대학교 졸업(전문대졸/대학원생 포함),경상북도,1인 가구,미혼(사별/이혼 포함),맞벌이 하지 않음,200-300만원 미만,0,0.2149253731343282,0.3423524990605034,0.2944383860414394,0.7649363369245838,0.1752442996742673,0.3731343283582088,0.2782608695652173,실속형 미식가,편리성을 중시하면서도 새로운 맛과 제품을 시도하는 데 적극적인 소비자 그룹입니다. 가격에 민감하기보다는 효율성과 맛을 동시에 추구합니다.
377,여자,50대,서비스 종사자,대학교 졸업(전문대졸/대학원생 포함),경상북도,2세대가족,기혼,맞벌이 함,300-400만원 미만,0,0.2201492537313432,0.6328447951897783,0.3478735005452563,0.7845249755142015,0.163843648208469,0.2790697674418604,0.6130434782608694,실속형 미식가,편리성을 중시하면서도 새로운 맛과 제품을 시도하는 데 적극적인 소비자 그룹입니다. 가격에 민감하기보다는 효율성과 맛을 동시에 추구합니다.
378,여자,60대 이상,서비스 종사자,고졸(대학 재학 포함),대전광역시,2세대가족,기혼,맞벌이 함,400-500만원 미만,0,0.4388059701492536,0.4644870349492673,0.3293347873500544,0.7600391772771787,0.3169381107491856,0.1804928844151334,0.6956521739130433,실속형 미식가,편리성을 중시하면서도 새로운 맛과 제품을 시도하는 데 적극적인 소비자 그룹입니다. 가격에 민감하기보다는 효율성과 맛을 동시에 추구합니다.
379,여자,50대,사무 종사자,대학교 졸업(전문대졸/대학원생 포함),대전광역시,1세대가족,기혼,맞벌이 함,400-500만원 미만,0,0.3156716417910447,0.6429913566328446,0.3426935659760083,0.7845249755142015,0.2517915309446253,0.3602915654286703,0.5260869565217389,실속형 미식가,편리성을 중시하면서도 새로운 맛과 제품을 시도하는 데 적극적인 소비자 그룹입니다. 가격에 민감하기보다는 효율성과 맛을 동시에 추구합니다.
380,남자,60대 이상,무직,대학교 졸업(전문대졸/대학원생 포함),대전광역시,1세대가족,기혼,맞벌이 하지 않음,200-300만원 미만,0,0.4298507462686565,0.6054114994363019,0.3110687022900761,0.8237022526934379,0.406188925081433,0.4286706004859422,0.4826086956521738,실속형 미식가,편리성을 중시하면서도 새로운 맛과 제품을 시도하는 데 적극적인 소비자 그룹입니다. 가격에 민감하기보다는 효율성과 맛을 동시에 추구합니다.
381,여자,20대,사무 종사자,대학교 졸업(전문대졸/대학원생 포함),경상북도,1인 가구,미혼(사별/이혼 포함),맞벌이 하지 않음,300-400만원 미만,0,0.3716417910447762,0.4400601277715145,0.3516902944383861,0.8432908912830556,0.3250814332247558,0.350572717806317,0.1956521739130433,실속형 미식가,편리성을 중시하면서도 새로운 맛과 제품을 시도하는 데 적극적인 소비자 그룹입니다. 가격에 민감하기보다는 효율성과 맛을 동시에 추구합니다.
382,여자,20대,서비스 종사자,대학교 졸업(전문대졸/대학원생 포함),충청남도,1인 가구,미혼(사별/이혼 포함),맞벌이 하지 않음,200-300만원 미만,1,0.5970149253731344,0.3028936490041337,0.525081788440567,0.681684622918707,0.6426710097719872,0.1110725442554667,0.0478260869565214,건강 추구형 소비자,가격이나 브랜드에 크게 구애받지 않고 건강을 최우선으로 고려하는 프리미엄 소비자 그룹입니다. 건강과 편리성을 모두 만족시키는 제품에 기꺼이 지갑을 엽니다.
383,여자,40대,서비스 종사자,고졸(대학 재학 포함),경기도,2세대가족,기혼,맞벌이 함,"1,000만원 이상",1,0.1902985074626866,0.3893273205561819,0.8522355507088331,0.8188050930460328,0.5097719869706839,0.1850052065255115,0.1695652173913041,건강 추구형 소비자,가격이나 브랜드에 크게 구애받지 않고 건강을 최우선으로 고려하는 프리미엄 소비자 그룹입니다. 건강과 편리성을 모두 만족시키는 제품에 기꺼이 지갑을 엽니다.
384,여자,60대 이상,서비스 종사자,고졸(대학 재학 포함),경기도,2세대가족,기혼,맞벌이 함,800-900만원 미만,1,0.1940298507462687,0.3592634347989477,0.8620501635768811,0.7796278158667972,0.5237785016286645,0.1770218674071501,0.1621739130434779,건강 추구형 소비자,가격이나 브랜드에 크게 구애받지 않고 건강을 최우선으로 고려하는 프리미엄 소비자 그룹입니다. 건강과 편리성을 모두 만족시키는 제품에 기꺼이 지갑을 엽니다.
385,여자,20대,판매 종사자,대학교 졸업(전문대졸/대학원생 포함),경상북도,1인 가구,미혼(사별/이혼 포함),맞벌이 하지 않음,400-500만원 미만,1,0.423134328358209,0.3649004133784291,0.3715921483097059,0.8628795298726734,0.4485342019543977,0.2655328011107253,0.217391304347826,건강 추구형 소비자,가격이나 브랜드에 크게 구애받지 않고 건강을 최우선으로 고려하는 프리미엄 소비자 그룹입니다. 건강과 편리성을 모두 만족시키는 제품에 기꺼이 지갑을 엽니다.
386,여자,50대,서비스 종사자,고졸(대학 재학 포함),부산광역시,2세대가족,기혼,맞벌이 함,500-600만원 미만,1,0.287313432835821,0.5377677564825253,0.6085059978189751,0.8237022526934379,0.4195439739413683,0.2370704616452617,0.3826086956521738,건강 추구형 소비자,가격이나 브랜드에 크게 구애받지 않고 건강을 최우선으로 고려하는 프리미엄 소비자 그룹입니다. 건강과 편리성을 모두 만족시키는 제품에 기꺼이 지갑을 엽니다.
387,남자,30대,판매 종사자,대학교 졸업(전문대졸/대학원생 포함),경상북도,1인 가구,미혼(사별/이혼 포함),맞벌이 하지 않음,200-300만원 미만,1,0.3708955223880597,0.3724163848177376,0.4716466739367501,0.8432908912830556,0.3247557003257329,0.3922249219021172,0.0130434782608695,건강 추구형 소비자,가격이나 브랜드에 크게 구애받지 않고 건강을 최우선으로 고려하는 프리미엄 소비자 그룹입니다. 건강과 편리성을 모두 만족시키는 제품에 기꺼이 지갑을 엽니다.
388,여자,60대 이상,주부,고졸(대학 재학 포함),서울특별시,1세대가족,기혼,맞벌이 하지 않음,300-400만원 미만,1,0.171641791044776,0.3149192033070273,0.626499454743729,0.6836434867776688,0.6123778501628667,0.2631030892051368,0.1913043478260869,건강 추구형 소비자,가격이나 브랜드에 크게 구애받지 않고 건강을 최우선으로 고려하는 프리미엄 소비자 그룹입니다. 건강과 편리성을 모두 만족시키는 제품에 기꺼이 지갑을 엽니다.
389,여자,30대,사무 종사자,대학교 졸업(전문대졸/대학원생 포함),경기도,1세대가족,기혼,맞벌이 함,700-800만원 미만,1,0.2037313432835822,0.4400601277715145,0.8980370774263902,0.8824681684622918,0.5302931596091207,0.1995834779590418,0.1391304347826087,건강 추구형 소비자,가격이나 브랜드에 크게 구애받지 않고 건강을 최우선으로 고려하는 프리미엄 소비자 그룹입니다. 건강과 편리성을 모두 만족시키는 제품에 기꺼이 지갑을 엽니다.
390,남자,60대 이상,농림어업 숙련 종사자,고졸(대학 재학 포함),전라남도,1세대가족,기혼,맞벌이 함,300-400만원 미만,0,0.2776119402985075,0.5065764750093951,0.1153217011995637,0.7032321253672866,0.1830618892508146,0.3412009718847619,0.4869565217391302,실속형 미식가,편리성을 중시하면서도 새로운 맛과 제품을 시도하는 데 적극적인 소비자 그룹입니다. 가격에 민감하기보다는 효율성과 맛을 동시에 추구합니다.
391,여자,20대,기능원 및 관련 기능 종사자,대학교 졸업(전문대졸/대학원생 포함),경상북도,1인 가구,미혼(사별/이혼 포함),맞벌이 하지 않음,200-300만원 미만,0,0.419402985074627,0.6354753851935362,0.07360959651036,0.8432908912830556,0.2351791530944625,0.3724401249566121,0.334782608695652,실속형 미식가,편리성을 중시하면서도 새로운 맛과 제품을 시도하는 데 적극적인 소비자 그룹입니다. 가격에 민감하기보다는 효율성과 맛을 동시에 추구합니다.
392,여자,50대,판매 종사자,고졸(대학 재학 포함),경상남도,2세대가족,기혼,맞벌이 함,600-700만원 미만,1,0.403731343283582,0.4438181134911688,0.5073609596510362,0.8041136141038193,0.5361563517915311,0.1978479694550501,0.434782608695652,건강 추구형 소비자,가격이나 브랜드에 크게 구애받지 않고 건강을 최우선으로 고려하는 프리미엄 소비자 그룹입니다. 건강과 편리성을 모두 만족시키는 제품에 기꺼이 지갑을 엽니다.
393,여자,50대,서비스 종사자,고졸(대학 재학 포함),충청남도,2세대가족,기혼,맞벌이 함,600-700만원 미만,1,0.5298507462686567,0.3216835776024049,0.5806979280261721,0.681684622918707,0.4755700325732901,0.1214855952794167,0.0695652173913042,건강 추구형 소비자,가격이나 브랜드에 크게 구애받지 않고 건강을 최우선으로 고려하는 프리미엄 소비자 그룹입니다. 건강과 편리성을 모두 만족시키는 제품에 기꺼이 지갑을 엽니다.
394,여자,50대,농림어업 숙련 종사자,고졸(대학 재학 포함),충청남도,1인 가구,미혼(사별/이혼 포함),맞벌이 하지 않음,200-300만원 미만,1,0.126865671641791,0.2480270574971816,0.4171210468920395,0.5386875612144956,0.4397394136807817,0.1041305102395001,0.1956521739130433,건강 추구형 소비자,가격이나 브랜드에 크게 구애받지 않고 건강을 최우선으로 고려하는 프리미엄 소비자 그룹입니다. 건강과 편리성을 모두 만족시키는 제품에 기꺼이 지갑을 엽니다.
395,남자,30대,사무 종사자,대학교 졸업(전문대졸/대학원생 포함),충청남도,1인 가구,미혼(사별/이혼 포함),맞벌이 하지 않음,200-300만원 미만,3,0.5149253731343285,0.2480270574971816,0.2453653217011993,0.5386875612144956,0.5123778501628667,0.0971884762235331,0.4391304347826084,트렌드 주도형 소비자,"자신의 취향과 경험을 중시하는 소비자 그룹입니다. 단순히 배를 채우는 것 이상의 가치를 추구하며, 새로운 제품을 가장 먼저 경험하고 공유하려는 경향이 강합니다"
396,여자,30대,사무 종사자,고졸(대학 재학 포함),경상남도,1세대가족,기혼,맞벌이 함,500-600만원 미만,0,0.3671641791044776,0.5464111236377303,0.1172300981461286,0.8824681684622918,0.2710097719869709,0.1804928844151334,0.6099999999999998,실속형 미식가,편리성을 중시하면서도 새로운 맛과 제품을 시도하는 데 적극적인 소비자 그룹입니다. 가격에 민감하기보다는 효율성과 맛을 동시에 추구합니다.
397,여자,40대,서비스 종사자,고졸(대학 재학 포함),경기도,2세대가족,기혼,맞벌이 함,"1,000만원 이상",1,0.1940298507462687,0.4205186020293122,0.8819520174482001,0.8188050930460328,0.5048859934853418,0.2412356820548416,0.1695652173913041,건강 추구형 소비자,가격이나 브랜드에 크게 구애받지 않고 건강을 최우선으로 고려하는 프리미엄 소비자 그룹입니다. 건강과 편리성을 모두 만족시키는 제품에 기꺼이 지갑을 엽니다.
398,남자,30대,사무 종사자,대학교 졸업(전문대졸/대학원생 포함),충청남도,1인 가구,미혼(사별/이혼 포함),맞벌이 하지 않음,200-300만원 미만,1,0.126865671641791,0.25554302893649,0.3361504907306431,0.5778648383937312,0.4592833876221501,0.1041305102395001,0.2652173913043478,건강 추구형 소비자,가격이나 브랜드에 크게 구애받지 않고 건강을 최우선으로 고려하는 프리미엄 소비자 그룹입니다. 건강과 편리성을 모두 만족시키는 제품에 기꺼이 지갑을 엽니다.
399,여자,40대,판매 종사자,대학교 졸업(전문대졸/대학원생 포함),충청남도,1세대가족,기혼,맞벌이 함,500-600만원 미만,3,0.5970149253731344,0.2104472003006389,0.2644492911668487,0.4995102840352593,0.5254071661237786,0.0833044081915999,0.3434782608695651,트렌드 주도형 소비자,"자신의 취향과 경험을 중시하는 소비자 그룹입니다. 단순히 배를 채우는 것 이상의 가치를 추구하며, 새로운 제품을 가장 먼저 경험하고 공유하려는 경향이 강합니다"
400,여자,60대 이상,서비스 종사자,고졸(대학 재학 포함),경상남도,1인 가구,미혼(사별/이혼 포함),맞벌이 하지 않음,200-300만원 미만,0,0.403731343283582,0.3761743705373919,0.3538713195201745,0.8237022526934379,0.4638436482084694,0.1388406803193333,0.4434782608695652,실속형 미식가,편리성을 중시하면서도 새로운 맛과 제품을 시도하는 데 적극적인 소비자 그룹입니다. 가격에 민감하기보다는 효율성과 맛을 동시에 추구합니다.
401,남자,60대 이상,농림어업 숙련 종사자,고졸(대학 재학 포함),충청남도,2세대가족,기혼,맞벌이 함,500-600만원 미만,1,0.4425373134328358,0.298008267568583,0.4233914940021812,0.6395690499510283,0.6491856677524428,0.1318986463033667,0.1478260869565215,건강 추구형 소비자,가격이나 브랜드에 크게 구애받지 않고 건강을 최우선으로 고려하는 프리미엄 소비자 그룹입니다. 건강과 편리성을 모두 만족시키는 제품에 기꺼이 지갑을 엽니다.
402,남자,60대 이상,취업 준비 중,고졸(대학 재학 포함),울산광역시,1세대가족,기혼,맞벌이 하지 않음,200-300만원 미만,0,0.2977611940298509,0.3930853062758361,0.3336968375136313,0.7600391772771787,0.3801302931596094,0.1527247483512666,0.4565217391304347,실속형 미식가,편리성을 중시하면서도 새로운 맛과 제품을 시도하는 데 적극적인 소비자 그룹입니다. 가격에 민감하기보다는 효율성과 맛을 동시에 추구합니다.
403,여자,60대 이상,판매 종사자,고졸(대학 재학 포함),부산광역시,3세대가족,기혼,맞벌이 함,600-700만원 미만,1,0.4216417910447762,0.6129274708756103,0.5984187568157036,0.8432908912830556,0.4055374592833877,0.2440124956612287,0.4217391304347824,건강 추구형 소비자,가격이나 브랜드에 크게 구애받지 않고 건강을 최우선으로 고려하는 프리미엄 소비자 그룹입니다. 건강과 편리성을 모두 만족시키는 제품에 기꺼이 지갑을 엽니다.
404,남자,60대 이상,무직,고졸(대학 재학 포함),부산광역시,1세대가족,기혼,맞벌이 하지 않음,300-400만원 미만,1,0.3776119402985076,0.5039458850056369,0.6455834242093785,0.8237022526934379,0.4172638436482084,0.2533842415827835,0.4086956521739129,건강 추구형 소비자,가격이나 브랜드에 크게 구애받지 않고 건강을 최우선으로 고려하는 프리미엄 소비자 그룹입니다. 건강과 편리성을 모두 만족시키는 제품에 기꺼이 지갑을 엽니다.
405,여자,50대,서비스 종사자,고졸(대학 재학 포함),부산광역시,2세대가족,기혼,맞벌이 함,600-700만원 미만,3,0.5022388059701494,0.5039458850056369,0.5725190839694654,0.8432908912830556,0.5410423452768731,0.2360291565428669,0.4869565217391302,트렌드 주도형 소비자,"자신의 취향과 경험을 중시하는 소비자 그룹입니다. 단순히 배를 채우는 것 이상의 가치를 추구하며, 새로운 제품을 가장 먼저 경험하고 공유하려는 경향이 강합니다"
406,남자,60대 이상,판매 종사자,대학교 졸업(전문대졸/대학원생 포함),경상북도,1인 가구,미혼(사별/이혼 포함),맞벌이 하지 않음,200-300만원 미만,0,0.3104477611940298,0.602780909432544,0.2317339149400221,0.7845249755142015,0.2299674267100979,0.3696633113502255,0.1782608695652174,실속형 미식가,편리성을 중시하면서도 새로운 맛과 제품을 시도하는 데 적극적인 소비자 그룹입니다. 가격에 민감하기보다는 효율성과 맛을 동시에 추구합니다.
407,여자,50대,서비스 종사자,고졸(대학 재학 포함),경상남도,2세대가족,기혼,맞벌이 함,500-600만원 미만,0,0.1492537313432836,0.5452837279218338,0.6082333696837516,0.8237022526934379,0.2589576547231274,0.2578965636931619,0.4782608695652171,실속형 미식가,편리성을 중시하면서도 새로운 맛과 제품을 시도하는 데 적극적인 소비자 그룹입니다. 가격에 민감하기보다는 효율성과 맛을 동시에 추구합니다.
408,여자,60대 이상,기능원 및 관련 기능 종사자,고졸(대학 재학 포함),경상남도,1세대가족,기혼,맞벌이 함,400-500만원 미만,1,0.2432835820895524,0.5377677564825253,0.5507088331515815,0.8237022526934379,0.3879478827361566,0.2578965636931619,0.4478260869565216,건강 추구형 소비자,가격이나 브랜드에 크게 구애받지 않고 건강을 최우선으로 고려하는 프리미엄 소비자 그룹입니다. 건강과 편리성을 모두 만족시키는 제품에 기꺼이 지갑을 엽니다.
409,여자,50대,기능원 및 관련 기능 종사자,고졸(대학 재학 포함),경상북도,1인 가구,미혼(사별/이혼 포함),맞벌이 하지 않음,100-200만원 미만,1,0.2917910447761195,0.319804584742578,0.4034896401308614,0.7649363369245838,0.2478827361563519,0.247483512669212,0.0,건강 추구형 소비자,가격이나 브랜드에 크게 구애받지 않고 건강을 최우선으로 고려하는 프리미엄 소비자 그룹입니다. 건강과 편리성을 모두 만족시키는 제품에 기꺼이 지갑을 엽니다.
410,여자,40대,서비스 종사자,대학교 졸업(전문대졸/대학원생 포함),울산광역시,2세대가족,기혼,맞벌이 함,600-700만원 미만,3,0.5597014925373136,0.5039458850056369,0.4923664122137403,0.9216454456415274,0.3778501628664495,0.2561610551891701,0.6230434782608694,트렌드 주도형 소비자,"자신의 취향과 경험을 중시하는 소비자 그룹입니다. 단순히 배를 채우는 것 이상의 가치를 추구하며, 새로운 제품을 가장 먼저 경험하고 공유하려는 경향이 강합니다"
411,여자,50대,서비스 종사자,고졸(대학 재학 포함),경상남도,2세대가족,기혼,맞벌이 함,500-600만원 미만,1,0.2955223880597016,0.5452837279218338,0.570338058887677,0.8628795298726734,0.3550488599348534,0.2533842415827835,0.4217391304347824,건강 추구형 소비자,가격이나 브랜드에 크게 구애받지 않고 건강을 최우선으로 고려하는 프리미엄 소비자 그룹입니다. 건강과 편리성을 모두 만족시키는 제품에 기꺼이 지갑을 엽니다.
412,여자,60대 이상,서비스 종사자,고졸(대학 재학 포함),경상남도,2세대가족,기혼,맞벌이 함,600-700만원 미만,1,0.1865671641791045,0.5527996993611421,0.6627589967284622,0.8432908912830556,0.3609120521172638,0.2290871225269002,0.4086956521739129,건강 추구형 소비자,가격이나 브랜드에 크게 구애받지 않고 건강을 최우선으로 고려하는 프리미엄 소비자 그룹입니다. 건강과 편리성을 모두 만족시키는 제품에 기꺼이 지갑을 엽니다.
413,남자,30대,사무 종사자,대학교 졸업(전문대졸/대학원생 포함),세종특별자치시,1세대가족,기혼,맞벌이 함,400-500만원 미만,3,0.8529850746268658,0.8684704998121004,0.1022355507088333,0.9020568070519096,0.3755700325732902,0.4873307879208605,0.3217391304347824,트렌드 주도형 소비자,"자신의 취향과 경험을 중시하는 소비자 그룹입니다. 단순히 배를 채우는 것 이상의 가치를 추구하며, 새로운 제품을 가장 먼저 경험하고 공유하려는 경향이 강합니다"
414,여자,50대,사무 종사자,대학교 졸업(전문대졸/대학원생 포함),세종특별자치시,1인 가구,미혼(사별/이혼 포함),맞벌이 하지 않음,200-300만원 미만,3,0.8850746268656715,0.5828635851183764,0.432933478735005,0.8628795298726734,0.5198697068403911,0.5591808399861156,0.5260869565217389,트렌드 주도형 소비자,"자신의 취향과 경험을 중시하는 소비자 그룹입니다. 단순히 배를 채우는 것 이상의 가치를 추구하며, 새로운 제품을 가장 먼저 경험하고 공유하려는 경향이 강합니다"
415,여자,50대,주부,고졸(대학 재학 포함),경기도,1세대가족,기혼,맞벌이 하지 않음,600-700만원 미만,1,0.1231343283582088,0.4156332205937615,0.8868593238822247,0.7796278158667972,0.5472312703583064,0.2360291565428669,0.1695652173913041,건강 추구형 소비자,가격이나 브랜드에 크게 구애받지 않고 건강을 최우선으로 고려하는 프리미엄 소비자 그룹입니다. 건강과 편리성을 모두 만족시키는 제품에 기꺼이 지갑을 엽니다.
416,여자,30대,주부,고졸(대학 재학 포함),경기도,2세대가족,기혼,맞벌이 하지 않음,400-500만원 미만,1,0.2223880597014924,0.4269071777527245,0.9124863685932384,0.8775710088148868,0.5589576547231272,0.2221450885109336,0.1782608695652174,건강 추구형 소비자,가격이나 브랜드에 크게 구애받지 않고 건강을 최우선으로 고려하는 프리미엄 소비자 그룹입니다. 건강과 편리성을 모두 만족시키는 제품에 기꺼이 지갑을 엽니다.
417,여자,30대,사무 종사자,대학교 졸업(전문대졸/대학원생 포함),광주광역시,2세대가족,기혼,맞벌이 함,500-600만원 미만,1,0.2052238805970151,0.3761743705373919,0.7281897491821157,0.8041136141038193,0.5091205211726386,0.1770218674071501,0.1478260869565215,건강 추구형 소비자,가격이나 브랜드에 크게 구애받지 않고 건강을 최우선으로 고려하는 프리미엄 소비자 그룹입니다. 건강과 편리성을 모두 만족시키는 제품에 기꺼이 지갑을 엽니다.
418,여자,60대 이상,서비스 종사자,고졸(대학 재학 포함),광주광역시,1세대가족,기혼,맞벌이 함,400-500만원 미만,1,0.1380597014925373,0.3761743705373919,0.7472737186477643,0.8041136141038193,0.3713355048859938,0.1874349184311001,0.1391304347826087,건강 추구형 소비자,가격이나 브랜드에 크게 구애받지 않고 건강을 최우선으로 고려하는 프리미엄 소비자 그룹입니다. 건강과 편리성을 모두 만족시키는 제품에 기꺼이 지갑을 엽니다.
419,여자,20대,사무 종사자,대학교 졸업(전문대졸/대학원생 포함),경상북도,1인 가구,미혼(사별/이혼 포함),맞벌이 하지 않음,200-300만원 미만,1,0.3335820895522389,0.3649004133784291,0.3271537622682661,0.8237022526934379,0.4625407166123778,0.4165220409580004,0.2260869565217391,건강 추구형 소비자,가격이나 브랜드에 크게 구애받지 않고 건강을 최우선으로 고려하는 프리미엄 소비자 그룹입니다. 건강과 편리성을 모두 만족시키는 제품에 기꺼이 지갑을 엽니다.
420,여자,50대,사무 종사자,대학교 졸업(전문대졸/대학원생 포함),경상남도,2세대가족,기혼,맞벌이 함,500-600만원 미만,1,0.2656716417910447,0.5039458850056369,0.6515812431842969,0.8432908912830556,0.4254071661237786,0.2953835473793821,0.3608695652173911,건강 추구형 소비자,가격이나 브랜드에 크게 구애받지 않고 건강을 최우선으로 고려하는 프리미엄 소비자 그룹입니다. 건강과 편리성을 모두 만족시키는 제품에 기꺼이 지갑을 엽니다.
421,여자,60대 이상,판매 종사자,고졸(대학 재학 포함),울산광역시,1인 가구,미혼(사별/이혼 포함),맞벌이 하지 않음,200-300만원 미만,3,0.7656716417910449,0.819616685456595,0.3977644492911665,0.8824681684622918,0.4026058631921826,0.208261020479,0.5013043478260867,트렌드 주도형 소비자,"자신의 취향과 경험을 중시하는 소비자 그룹입니다. 단순히 배를 채우는 것 이상의 가치를 추구하며, 새로운 제품을 가장 먼저 경험하고 공유하려는 경향이 강합니다"
422,남자,30대,사무 종사자,대학교 졸업(전문대졸/대학원생 포함),경상북도,1인 가구,미혼(사별/이혼 포함),맞벌이 하지 않음,200-300만원 미만,1,0.4805970149253729,0.3724163848177376,0.5016357688113415,0.8432908912830556,0.4182410423452771,0.4651162790697671,0.1478260869565215,건강 추구형 소비자,가격이나 브랜드에 크게 구애받지 않고 건강을 최우선으로 고려하는 프리미엄 소비자 그룹입니다. 건강과 편리성을 모두 만족시키는 제품에 기꺼이 지갑을 엽니다.
423,남자,40대,서비스 종사자,대학교 졸업(전문대졸/대학원생 포함),울산광역시,1인 가구,미혼(사별/이혼 포함),맞벌이 하지 않음,400-500만원 미만,3,0.6985074626865673,0.845922585494175,0.3745910577971647,0.8628795298726734,0.4003257328990232,0.2672683096147167,0.4608695652173912,트렌드 주도형 소비자,"자신의 취향과 경험을 중시하는 소비자 그룹입니다. 단순히 배를 채우는 것 이상의 가치를 추구하며, 새로운 제품을 가장 먼저 경험하고 공유하려는 경향이 강합니다"
424,여자,40대,판매 종사자,대학교 졸업(전문대졸/대학원생 포함),광주광역시,2세대가족,기혼,맞벌이 함,500-600만원 미만,1,0.2000000000000001,0.3536264562194665,0.744547437295529,0.7453476983349653,0.3771986970684042,0.1909059354390834,0.1565217391304346,건강 추구형 소비자,가격이나 브랜드에 크게 구애받지 않고 건강을 최우선으로 고려하는 프리미엄 소비자 그룹입니다. 건강과 편리성을 모두 만족시키는 제품에 기꺼이 지갑을 엽니다.
425,남자,30대,서비스 종사자,대학교 졸업(전문대졸/대학원생 포함),울산광역시,2세대가족,기혼,맞벌이 함,700-800만원 미만,3,0.8246268656716419,0.7632468996617812,0.3710468920392581,0.8628795298726734,0.4993485342019544,0.2370704616452617,0.5043478260869562,트렌드 주도형 소비자,"자신의 취향과 경험을 중시하는 소비자 그룹입니다. 단순히 배를 채우는 것 이상의 가치를 추구하며, 새로운 제품을 가장 먼저 경험하고 공유하려는 경향이 강합니다"
426,남자,60대 이상,기능원 및 관련 기능 종사자,중졸 이하,경상북도,1세대가족,기혼,맞벌이 하지 않음,200-300만원 미만,1,0.3962686567164178,0.3273205561818865,0.4487459105779716,0.7453476983349653,0.3863192182410426,0.3897952099965287,0.0782608695652173,건강 추구형 소비자,가격이나 브랜드에 크게 구애받지 않고 건강을 최우선으로 고려하는 프리미엄 소비자 그룹입니다. 건강과 편리성을 모두 만족시키는 제품에 기꺼이 지갑을 엽니다.
427,여자,40대,서비스 종사자,고졸(대학 재학 포함),전라남도,1인 가구,미혼(사별/이혼 포함),맞벌이 하지 않음,200-300만원 미만,3,0.5529850746268657,0.4201428034573469,0.202562704471101,0.742409402546523,0.3824104234527687,0.2880944116626169,0.5478260869565217,트렌드 주도형 소비자,"자신의 취향과 경험을 중시하는 소비자 그룹입니다. 단순히 배를 채우는 것 이상의 가치를 추구하며, 새로운 제품을 가장 먼저 경험하고 공유하려는 경향이 강합니다"
428,여자,60대 이상,서비스 종사자,고졸(대학 재학 포함),전라남도,1인 가구,미혼(사별/이혼 포함),맞벌이 하지 않음,200-300만원 미만,0,0.4828358208955222,0.4813979706877111,0.3088876772082877,0.7453476983349653,0.3540716612377851,0.3425893786879552,0.3956521739130433,실속형 미식가,편리성을 중시하면서도 새로운 맛과 제품을 시도하는 데 적극적인 소비자 그룹입니다. 가격에 민감하기보다는 효율성과 맛을 동시에 추구합니다.
429,여자,60대 이상,판매 종사자,중졸 이하,경상북도,1인 가구,미혼(사별/이혼 포함),맞벌이 하지 않음,200-300만원 미만,1,0.3388059701492539,0.319804584742578,0.4607415485278081,0.7453476983349653,0.4638436482084694,0.4314474140923289,0.0043478260869563,건강 추구형 소비자,가격이나 브랜드에 크게 구애받지 않고 건강을 최우선으로 고려하는 프리미엄 소비자 그룹입니다. 건강과 편리성을 모두 만족시키는 제품에 기꺼이 지갑을 엽니다.
430,여자,60대 이상,농림어업 숙련 종사자,고졸(대학 재학 포함),전라남도,1세대가족,기혼,맞벌이 함,400-500만원 미만,0,0.3402985074626867,0.4051108605787296,0.3724100327153762,0.7228207639569044,0.3254071661237787,0.2742103436306837,0.5565217391304347,실속형 미식가,편리성을 중시하면서도 새로운 맛과 제품을 시도하는 데 적극적인 소비자 그룹입니다. 가격에 민감하기보다는 효율성과 맛을 동시에 추구합니다.
431,여자,60대 이상,농림어업 숙련 종사자,고졸(대학 재학 포함),전라남도,1세대가족,기혼,맞벌이 함,300-400만원 미만,0,0.4544776119402984,0.394964299135663,0.2489094874591058,0.7649363369245838,0.3589576547231273,0.2509545296771953,0.4304347826086956,실속형 미식가,편리성을 중시하면서도 새로운 맛과 제품을 시도하는 데 적극적인 소비자 그룹입니다. 가격에 민감하기보다는 효율성과 맛을 동시에 추구합니다.
432,남자,20대,사무 종사자,대학교 졸업(전문대졸/대학원생 포함),경상북도,1인 가구,미혼(사별/이혼 포함),맞벌이 하지 않음,200-300만원 미만,0,0.4805970149253729,0.5189778278842537,0.2802617230098144,0.8432908912830556,0.2488599348534202,0.3960430406108987,0.6347826086956521,실속형 미식가,편리성을 중시하면서도 새로운 맛과 제품을 시도하는 데 적극적인 소비자 그룹입니다. 가격에 민감하기보다는 효율성과 맛을 동시에 추구합니다.
433,여자,30대,서비스 종사자,고졸(대학 재학 포함),경상북도,1인 가구,미혼(사별/이혼 포함),맞벌이 하지 않음,200-300만원 미만,3,0.4589552238805971,0.3649004133784291,0.2753544165757908,0.8432908912830556,0.4218241042345276,0.3241929885456438,0.5217391304347825,트렌드 주도형 소비자,"자신의 취향과 경험을 중시하는 소비자 그룹입니다. 단순히 배를 채우는 것 이상의 가치를 추구하며, 새로운 제품을 가장 먼저 경험하고 공유하려는 경향이 강합니다"
434,여자,40대,기능원 및 관련 기능 종사자,고졸(대학 재학 포함),경상북도,1세대가족,기혼,맞벌이 함,300-400만원 미만,0,0.383582089552239,0.3573844419391207,0.3764994547437295,0.8432908912830556,0.4703583061889251,0.264144394307532,0.4434782608695652,실속형 미식가,편리성을 중시하면서도 새로운 맛과 제품을 시도하는 데 적극적인 소비자 그룹입니다. 가격에 민감하기보다는 효율성과 맛을 동시에 추구합니다.
435,여자,60대 이상,주부,고졸(대학 재학 포함),경상남도,1세대가족,기혼,맞벌이 하지 않음,200-300만원 미만,0,0.3365671641791046,0.4186396091694853,0.2748091603053438,0.7845249755142015,0.3302931596091208,0.1666088163832002,0.5999999999999999,실속형 미식가,편리성을 중시하면서도 새로운 맛과 제품을 시도하는 데 적극적인 소비자 그룹입니다. 가격에 민감하기보다는 효율성과 맛을 동시에 추구합니다.
436,여자,50대,서비스 종사자,대학교 졸업(전문대졸/대학원생 포함),세종특별자치시,1세대가족,기혼,맞벌이 함,400-500만원 미만,3,0.8955223880597015,0.7143930853062758,0.3056161395856049,0.8237022526934379,0.4657980456026058,0.5081568899687606,0.4956521739130434,트렌드 주도형 소비자,"자신의 취향과 경험을 중시하는 소비자 그룹입니다. 단순히 배를 채우는 것 이상의 가치를 추구하며, 새로운 제품을 가장 먼저 경험하고 공유하려는 경향이 강합니다"
437,여자,50대,서비스 종사자,고졸(대학 재학 포함),경상남도,2세대가족,기혼,맞벌이 함,600-700만원 미만,1,0.1664179104477611,0.5527996993611421,0.6848418756815704,0.8432908912830556,0.4677524429967427,0.2578965636931619,0.2999999999999997,건강 추구형 소비자,가격이나 브랜드에 크게 구애받지 않고 건강을 최우선으로 고려하는 프리미엄 소비자 그룹입니다. 건강과 편리성을 모두 만족시키는 제품에 기꺼이 지갑을 엽니다.
438,여자,50대,전문가 및 관련 종사자,대학교 졸업(전문대졸/대학원생 포함),세종특별자치시,1세대가족,기혼,맞벌이 함,500-600만원 미만,3,0.7007462686567165,0.6580232995114619,0.3347873500545258,0.9020568070519096,0.374267100977199,0.4359597362027073,0.417391304347826,트렌드 주도형 소비자,"자신의 취향과 경험을 중시하는 소비자 그룹입니다. 단순히 배를 채우는 것 이상의 가치를 추구하며, 새로운 제품을 가장 먼저 경험하고 공유하려는 경향이 강합니다"
439,남자,50대,기능원 및 관련 기능 종사자,고졸(대학 재학 포함),경상북도,2세대가족,미혼(사별/이혼 포함),맞벌이 하지 않음,300-400만원 미만,3,0.4805970149253729,0.3761743705373919,0.372955288985823,0.8237022526934379,0.3661237785016288,0.3495314127039219,0.6608695652173913,트렌드 주도형 소비자,"자신의 취향과 경험을 중시하는 소비자 그룹입니다. 단순히 배를 채우는 것 이상의 가치를 추구하며, 새로운 제품을 가장 먼저 경험하고 공유하려는 경향이 강합니다"
440,여자,60대 이상,판매 종사자,고졸(대학 재학 포함),경상남도,1세대가족,기혼,맞벌이 함,400-500만원 미만,0,0.3425373134328356,0.5565576850807965,0.4991821155943296,0.8041136141038193,0.3791530944625406,0.2301284276292951,0.4260869565217389,실속형 미식가,편리성을 중시하면서도 새로운 맛과 제품을 시도하는 데 적극적인 소비자 그룹입니다. 가격에 민감하기보다는 효율성과 맛을 동시에 추구합니다.
441,여자,40대,사무 종사자,대학교 졸업(전문대졸/대학원생 포함),경상북도,2세대가족,기혼,맞벌이 함,600-700만원 미만,0,0.2485074626865673,0.6279594137542276,0.283260632497274,0.8432908912830556,0.1853420195439739,0.1954182575494619,0.5565217391304347,실속형 미식가,편리성을 중시하면서도 새로운 맛과 제품을 시도하는 데 적극적인 소비자 그룹입니다. 가격에 민감하기보다는 효율성과 맛을 동시에 추구합니다.
442,여자,40대,주부,대학교 졸업(전문대졸/대학원생 포함),경기도,2세대가족,기혼,맞벌이 하지 않음,600-700만원 미만,1,0.1380597014925373,0.4550920706501315,0.9184841875681568,0.8824681684622918,0.5032573289902283,0.2377646650468583,0.1695652173913041,건강 추구형 소비자,가격이나 브랜드에 크게 구애받지 않고 건강을 최우선으로 고려하는 프리미엄 소비자 그룹입니다. 건강과 편리성을 모두 만족시키는 제품에 기꺼이 지갑을 엽니다.
443,여자,60대 이상,서비스 종사자,고졸(대학 재학 포함),경기도,1세대가족,기혼,맞벌이 함,700-800만원 미만,1,0.1417910447761194,0.3592634347989477,0.9307524536532168,0.7600391772771787,0.4820846905537463,0.208261020479,0.1043478260869564,건강 추구형 소비자,가격이나 브랜드에 크게 구애받지 않고 건강을 최우선으로 고려하는 프리미엄 소비자 그룹입니다. 건강과 편리성을 모두 만족시키는 제품에 기꺼이 지갑을 엽니다.
444,여자,60대 이상,서비스 종사자,대학교 졸업(전문대졸/대학원생 포함),경기도,1세대가족,기혼,맞벌이 함,"900-1,000만원 미만",1,0.0932835820895522,0.4205186020293122,0.9078516902944382,0.8188050930460328,0.5612377850162865,0.1909059354390834,0.1999999999999997,건강 추구형 소비자,가격이나 브랜드에 크게 구애받지 않고 건강을 최우선으로 고려하는 프리미엄 소비자 그룹입니다. 건강과 편리성을 모두 만족시키는 제품에 기꺼이 지갑을 엽니다.
445,여자,40대,서비스 종사자,고졸(대학 재학 포함),경기도,2세대가족,기혼,맞벌이 함,"1,000만원 이상",1,0.2425373134328359,0.4306651634723788,0.9168484187568152,0.8188050930460328,0.5729641693811077,0.2370704616452617,0.1695652173913041,건강 추구형 소비자,가격이나 브랜드에 크게 구애받지 않고 건강을 최우선으로 고려하는 프리미엄 소비자 그룹입니다. 건강과 편리성을 모두 만족시키는 제품에 기꺼이 지갑을 엽니다.
446,여자,50대,단순노무 종사자,중졸 이하,경상북도,1세대가족,기혼,맞벌이 함,300-400만원 미만,0,0.4440298507462685,0.4851559564073657,0.050436205016358,0.8237022526934379,0.1807817589576547,0.26657410621312,0.6913043478260866,실속형 미식가,편리성을 중시하면서도 새로운 맛과 제품을 시도하는 데 적극적인 소비자 그룹입니다. 가격에 민감하기보다는 효율성과 맛을 동시에 추구합니다.
447,여자,50대,단순노무 종사자,고졸(대학 재학 포함),경상북도,2세대가족,미혼(사별/이혼 포함),맞벌이 하지 않음,200-300만원 미만,3,0.4791044776119404,0.3573844419391207,0.2175572519083971,0.8432908912830556,0.365472312703583,0.2960777507809788,0.6304347826086953,트렌드 주도형 소비자,"자신의 취향과 경험을 중시하는 소비자 그룹입니다. 단순히 배를 채우는 것 이상의 가치를 추구하며, 새로운 제품을 가장 먼저 경험하고 공유하려는 경향이 강합니다"
448,여자,50대,서비스 종사자,고졸(대학 재학 포함),전라남도,1인 가구,미혼(사별/이혼 포함),맞벌이 하지 않음,100-200만원 미만,0,0.2828358208955224,0.4689966178128523,0.4119411123227915,0.6444662095984326,0.3384364820846905,0.3467545990975352,0.4434782608695652,실속형 미식가,편리성을 중시하면서도 새로운 맛과 제품을 시도하는 데 적극적인 소비자 그룹입니다. 가격에 민감하기보다는 효율성과 맛을 동시에 추구합니다.
449,여자,40대,판매 종사자,대학교 졸업(전문대졸/대학원생 포함),서울특별시,2세대가족,기혼,맞벌이 함,400-500만원 미만,3,0.6462686567164181,0.6129274708756103,0.5032715376226828,0.9608227228207636,0.5153094462540718,0.5553627212773342,0.5391304347826085,트렌드 주도형 소비자,"자신의 취향과 경험을 중시하는 소비자 그룹입니다. 단순히 배를 채우는 것 이상의 가치를 추구하며, 새로운 제품을 가장 먼저 경험하고 공유하려는 경향이 강합니다"
450,여자,50대,서비스 종사자,고졸(대학 재학 포함),경상남도,1인 가구,미혼(사별/이혼 포함),맞벌이 하지 않음,200-300만원 미만,0,0.3716417910447762,0.4336715520481021,0.4337513631406762,0.8041136141038193,0.370684039087948,0.1770218674071501,0.5739130434782607,실속형 미식가,편리성을 중시하면서도 새로운 맛과 제품을 시도하는 데 적극적인 소비자 그룹입니다. 가격에 민감하기보다는 효율성과 맛을 동시에 추구합니다.
451,여자,60대 이상,농림어업 숙련 종사자,고졸(대학 재학 포함),전라남도,1인 가구,미혼(사별/이혼 포함),맞벌이 하지 않음,100-200만원 미만,0,0.3753731343283583,0.5001878992859826,0.3606870229007631,0.7453476983349653,0.3612377850162866,0.3540437348143004,0.4217391304347824,실속형 미식가,편리성을 중시하면서도 새로운 맛과 제품을 시도하는 데 적극적인 소비자 그룹입니다. 가격에 민감하기보다는 효율성과 맛을 동시에 추구합니다.
452,여자,60대 이상,서비스 종사자,고졸(대학 재학 포함),경기도,1세대가족,기혼,맞벌이 함,500-600만원 미만,0,0.3768656716417911,0.5189778278842537,0.5136314067611771,0.8237022526934379,0.3530944625407169,0.3686220062478302,0.6173913043478257,실속형 미식가,편리성을 중시하면서도 새로운 맛과 제품을 시도하는 데 적극적인 소비자 그룹입니다. 가격에 민감하기보다는 효율성과 맛을 동시에 추구합니다.
453,여자,30대,사무 종사자,대학교 졸업(전문대졸/대학원생 포함),울산광역시,1인 가구,미혼(사별/이혼 포함),맞벌이 하지 않음,200-300만원 미만,0,0.2485074626865673,0.4487034949267192,0.2726281352235554,0.8237022526934379,0.3309446254071662,0.1561957653592499,0.5739130434782607,실속형 미식가,편리성을 중시하면서도 새로운 맛과 제품을 시도하는 데 적극적인 소비자 그룹입니다. 가격에 민감하기보다는 효율성과 맛을 동시에 추구합니다.
454,여자,50대,서비스 종사자,고졸(대학 재학 포함),경기도,1세대가족,기혼,맞벌이 함,"1,000만원 이상",1,0.2559701492537312,0.4205186020293122,0.9152126499454744,0.8188050930460328,0.5465798045602607,0.1995834779590418,0.1521739130434783,건강 추구형 소비자,가격이나 브랜드에 크게 구애받지 않고 건강을 최우선으로 고려하는 프리미엄 소비자 그룹입니다. 건강과 편리성을 모두 만족시키는 제품에 기꺼이 지갑을 엽니다.
455,여자,60대 이상,판매 종사자,고졸(대학 재학 포함),광주광역시,2세대가족,기혼,맞벌이 함,600-700만원 미만,3,0.7186567164179104,0.8158586997369408,0.3410577971646676,0.9608227228207636,0.3234527687296418,0.330787920860812,0.5130434782608694,트렌드 주도형 소비자,"자신의 취향과 경험을 중시하는 소비자 그룹입니다. 단순히 배를 채우는 것 이상의 가치를 추구하며, 새로운 제품을 가장 먼저 경험하고 공유하려는 경향이 강합니다"
456,여자,50대,사무 종사자,대학교 졸업(전문대졸/대학원생 포함),경기도,2세대가족,기혼,맞벌이 함,500-600만원 미만,3,0.6791044776119404,0.4513340849304773,0.2979825517993458,0.8237022526934379,0.4628664495114007,0.1988892745574452,0.626086956521739,트렌드 주도형 소비자,"자신의 취향과 경험을 중시하는 소비자 그룹입니다. 단순히 배를 채우는 것 이상의 가치를 추구하며, 새로운 제품을 가장 먼저 경험하고 공유하려는 경향이 강합니다"
457,여자,40대,사무 종사자,대학교 졸업(전문대졸/대학원생 포함),광주광역시,2세대가족,기혼,맞벌이 함,600-700만원 미만,3,0.656716417910448,0.7557309282224727,0.1638495092693568,0.9608227228207636,0.2964169381107494,0.2377646650468583,0.4782608695652171,트렌드 주도형 소비자,"자신의 취향과 경험을 중시하는 소비자 그룹입니다. 단순히 배를 채우는 것 이상의 가치를 추구하며, 새로운 제품을 가장 먼저 경험하고 공유하려는 경향이 강합니다"
458,여자,40대,서비스 종사자,대학교 졸업(전문대졸/대학원생 포함),울산광역시,2세대가족,미혼(사별/이혼 포함),맞벌이 하지 않음,300-400만원 미만,0,0.3044776119402984,0.4513340849304773,0.4318429661941113,0.8237022526934379,0.3022801302931597,0.1839639014231168,0.6099999999999998,실속형 미식가,편리성을 중시하면서도 새로운 맛과 제품을 시도하는 데 적극적인 소비자 그룹입니다. 가격에 민감하기보다는 효율성과 맛을 동시에 추구합니다.
459,여자,60대 이상,주부,고졸(대학 재학 포함),경기도,1세대가족,기혼,맞벌이 하지 않음,600-700만원 미만,1,0.2276119402985074,0.4062382562946261,0.7434569247546343,0.8432908912830556,0.3876221498371337,0.1648733078792084,0.3956521739130433,건강 추구형 소비자,가격이나 브랜드에 크게 구애받지 않고 건강을 최우선으로 고려하는 프리미엄 소비자 그룹입니다. 건강과 편리성을 모두 만족시키는 제품에 기꺼이 지갑을 엽니다.
460,여자,60대 이상,장치·기계 조작 및 조립 종사자,대학교 졸업(전문대졸/대학원생 포함),경기도,2세대가족,기혼,맞벌이 함,700-800만원 미만,3,0.5111940298507464,0.477639984968057,0.4048527808069794,0.8237022526934379,0.3824104234527687,0.2169385629989585,0.7130434782608693,트렌드 주도형 소비자,"자신의 취향과 경험을 중시하는 소비자 그룹입니다. 단순히 배를 채우는 것 이상의 가치를 추구하며, 새로운 제품을 가장 먼저 경험하고 공유하려는 경향이 강합니다"
461,여자,40대,서비스 종사자,고졸(대학 재학 포함),울산광역시,1인 가구,미혼(사별/이혼 포함),맞벌이 하지 않음,300-400만원 미만,0,0.3313432835820896,0.5001878992859826,0.4193020719738278,0.8628795298726734,0.3442996742671009,0.1700798333911835,0.4869565217391302,실속형 미식가,편리성을 중시하면서도 새로운 맛과 제품을 시도하는 데 적극적인 소비자 그룹입니다. 가격에 민감하기보다는 효율성과 맛을 동시에 추구합니다.
462,여자,30대,사무 종사자,대학교 졸업(전문대졸/대학원생 포함),경기도,1세대가족,기혼,맞벌이 함,700-800만원 미만,1,0.1753731343283581,0.4156332205937615,0.8214285714285714,0.7796278158667972,0.431596091205212,0.1780631725095449,0.2869565217391302,건강 추구형 소비자,가격이나 브랜드에 크게 구애받지 않고 건강을 최우선으로 고려하는 프리미엄 소비자 그룹입니다. 건강과 편리성을 모두 만족시키는 제품에 기꺼이 지갑을 엽니다.
463,여자,60대 이상,판매 종사자,고졸(대학 재학 포함),경기도,2세대가족,기혼,맞벌이 함,500-600만원 미만,3,0.485820895522388,0.5839909808342725,0.401308615049073,0.8432908912830556,0.3192182410423455,0.2447066990628254,0.6434782608695649,트렌드 주도형 소비자,"자신의 취향과 경험을 중시하는 소비자 그룹입니다. 단순히 배를 채우는 것 이상의 가치를 추구하며, 새로운 제품을 가장 먼저 경험하고 공유하려는 경향이 강합니다"
464,여자,50대,서비스 종사자,고졸(대학 재학 포함),전라남도,1인 가구,미혼(사별/이혼 포함),맞벌이 하지 않음,100-200만원 미만,1,0.4238805970149255,0.3836903419767003,0.4697382769901851,0.7257590597453475,0.4791530944625407,0.3675807011454355,0.3565217391304347,건강 추구형 소비자,가격이나 브랜드에 크게 구애받지 않고 건강을 최우선으로 고려하는 프리미엄 소비자 그룹입니다. 건강과 편리성을 모두 만족시키는 제품에 기꺼이 지갑을 엽니다.
465,여자,60대 이상,주부,중졸 이하,경상남도,1세대가족,기혼,맞벌이 하지 않음,100-200만원 미만,0,0.044776119402985,0.3806839534009769,0.4179389312977098,0.6983349657198823,0.3127035830618893,0.1700798333911835,0.4752173913043476,실속형 미식가,편리성을 중시하면서도 새로운 맛과 제품을 시도하는 데 적극적인 소비자 그룹입니다. 가격에 민감하기보다는 효율성과 맛을 동시에 추구합니다.
466,여자,50대,서비스 종사자,대학교 졸업(전문대졸/대학원생 포함),서울특별시,2세대가족,기혼,맞벌이 함,500-600만원 미만,0,0.3761194029850747,0.5565576850807965,0.5073609596510362,0.9020568070519096,0.2970684039087952,0.4914960083304407,0.6130434782608694,실속형 미식가,편리성을 중시하면서도 새로운 맛과 제품을 시도하는 데 적극적인 소비자 그룹입니다. 가격에 민감하기보다는 효율성과 맛을 동시에 추구합니다.
467,여자,30대,사무 종사자,대학교 졸업(전문대졸/대학원생 포함),경기도,2세대가족,기혼,맞벌이 함,500-600만원 미만,1,0.2746268656716418,0.421270199173243,0.8042529989094875,0.8824681684622918,0.5671009771986973,0.1839639014231168,0.2839130434782607,건강 추구형 소비자,가격이나 브랜드에 크게 구애받지 않고 건강을 최우선으로 고려하는 프리미엄 소비자 그룹입니다. 건강과 편리성을 모두 만족시키는 제품에 기꺼이 지갑을 엽니다.
468,여자,30대,사무 종사자,대학교 졸업(전문대졸/대학원생 포함),경기도,1세대가족,기혼,맞벌이 함,600-700만원 미만,0,0.4291044776119404,0.5501691093573845,0.2281897491821157,0.8041136141038193,0.2885993485342021,0.1884762235334949,0.5826086956521739,실속형 미식가,편리성을 중시하면서도 새로운 맛과 제품을 시도하는 데 적극적인 소비자 그룹입니다. 가격에 민감하기보다는 효율성과 맛을 동시에 추구합니다.
469,여자,60대 이상,서비스 종사자,고졸(대학 재학 포함),경상남도,1인 가구,미혼(사별/이혼 포함),맞벌이 하지 않음,100-200만원 미만,0,0.074626865671642,0.4205186020293122,0.4302071973827698,0.7208619000979426,0.3397394136807817,0.1770218674071501,0.4565217391304347,실속형 미식가,편리성을 중시하면서도 새로운 맛과 제품을 시도하는 데 적극적인 소비자 그룹입니다. 가격에 민감하기보다는 효율성과 맛을 동시에 추구합니다.
470,여자,60대 이상,주부,중졸 이하,경상남도,2세대가족,미혼(사별/이혼 포함),맞벌이 하지 않음,400-500만원 미만,0,0.1067164179104478,0.46260804208944,0.4577426390403485,0.8041136141038193,0.2973941368078175,0.1631377993752169,0.4752173913043476,실속형 미식가,편리성을 중시하면서도 새로운 맛과 제품을 시도하는 데 적극적인 소비자 그룹입니다. 가격에 민감하기보다는 효율성과 맛을 동시에 추구합니다.
471,여자,50대,주부,고졸(대학 재학 포함),서울특별시,2세대가족,기혼,맞벌이 하지 않음,600-700만원 미만,0,0.2485074626865673,0.5152198421645996,0.5417121046892037,0.9020568070519096,0.2195439739413684,0.5105866018743488,0.5795652173913041,실속형 미식가,편리성을 중시하면서도 새로운 맛과 제품을 시도하는 데 적극적인 소비자 그룹입니다. 가격에 민감하기보다는 효율성과 맛을 동시에 추구합니다.
472,여자,60대 이상,단순노무 종사자,중졸 이하,서울특별시,1세대가족,기혼,맞벌이 함,300-400만원 미만,0,0.2335820895522388,0.5640736565201049,0.5046346782988003,0.9216454456415274,0.3081433224755701,0.5019090593543907,0.4217391304347824,실속형 미식가,편리성을 중시하면서도 새로운 맛과 제품을 시도하는 데 적극적인 소비자 그룹입니다. 가격에 민감하기보다는 효율성과 맛을 동시에 추구합니다.
473,여자,40대,서비스 종사자,고졸(대학 재학 포함),경기도,1세대가족,기혼,맞벌이 함,"1,000만원 이상",1,0.1888059701492538,0.4137542277339346,0.8571428571428565,0.8628795298726734,0.5400651465798044,0.2030544949670252,0.160869565217391,건강 추구형 소비자,가격이나 브랜드에 크게 구애받지 않고 건강을 최우선으로 고려하는 프리미엄 소비자 그룹입니다. 건강과 편리성을 모두 만족시키는 제품에 기꺼이 지갑을 엽니다.
474,여자,50대,주부,대학교 졸업(전문대졸/대학원생 포함),경기도,2세대가족,기혼,맞벌이 하지 않음,500-600만원 미만,1,0.4507462686567164,0.6204434423149192,0.5564340239912755,0.8432908912830556,0.652117263843648,0.4040263797292605,0.1260869565217391,건강 추구형 소비자,가격이나 브랜드에 크게 구애받지 않고 건강을 최우선으로 고려하는 프리미엄 소비자 그룹입니다. 건강과 편리성을 모두 만족시키는 제품에 기꺼이 지갑을 엽니다.
475,여자,50대,서비스 종사자,대학교 졸업(전문대졸/대학원생 포함),경기도,2세대가족,미혼(사별/이혼 포함),맞벌이 하지 않음,500-600만원 미만,1,0.3044776119402984,0.8207440811724915,0.4342966194111231,0.8628795298726734,0.4123778501628664,0.3755640402637968,0.1360869565217388,건강 추구형 소비자,가격이나 브랜드에 크게 구애받지 않고 건강을 최우선으로 고려하는 프리미엄 소비자 그룹입니다. 건강과 편리성을 모두 만족시키는 제품에 기꺼이 지갑을 엽니다.
476,여자,50대,서비스 종사자,고졸(대학 재학 포함),경기도,1세대가족,기혼,맞벌이 함,"900-1,000만원 미만",1,0.2828358208955224,0.4205186020293122,0.8544165757906215,0.8188050930460328,0.4931596091205212,0.2221450885109336,0.1695652173913041,건강 추구형 소비자,가격이나 브랜드에 크게 구애받지 않고 건강을 최우선으로 고려하는 프리미엄 소비자 그룹입니다. 건강과 편리성을 모두 만족시키는 제품에 기꺼이 지갑을 엽니다.
477,여자,50대,서비스 종사자,고졸(대학 재학 포함),경기도,2세대가족,기혼,맞벌이 함,"1,000만원 이상",1,0.237313432835821,0.4456971063509957,0.8287895310796076,0.8579823702252692,0.4960912052117264,0.1700798333911835,0.1969565217391302,건강 추구형 소비자,가격이나 브랜드에 크게 구애받지 않고 건강을 최우선으로 고려하는 프리미엄 소비자 그룹입니다. 건강과 편리성을 모두 만족시키는 제품에 기꺼이 지갑을 엽니다.
478,여자,40대,전문가 및 관련 종사자,대학교 졸업(전문대졸/대학원생 포함),경상북도,2세대가족,기혼,맞벌이 함,700-800만원 미만,1,0.3082089552238805,0.3799323562570461,0.515539803707743,0.8432908912830556,0.4439739413680784,0.442901770218674,0.2391304347826087,건강 추구형 소비자,가격이나 브랜드에 크게 구애받지 않고 건강을 최우선으로 고려하는 프리미엄 소비자 그룹입니다. 건강과 편리성을 모두 만족시키는 제품에 기꺼이 지갑을 엽니다.
479,남자,50대,장치·기계 조작 및 조립 종사자,고졸(대학 재학 포함),경상북도,1세대가족,기혼,맞벌이 함,400-500만원 미만,3,0.5402985074626866,0.4550920706501315,0.3844056706652127,0.9216454456415274,0.3908794788273619,0.3283582089552238,0.4739130434782606,트렌드 주도형 소비자,"자신의 취향과 경험을 중시하는 소비자 그룹입니다. 단순히 배를 채우는 것 이상의 가치를 추구하며, 새로운 제품을 가장 먼저 경험하고 공유하려는 경향이 강합니다"
480,여자,60대 이상,주부,고졸(대학 재학 포함),경상북도,1세대가족,기혼,맞벌이 하지 않음,300-400만원 미만,1,0.4828358208955222,0.3611424276587749,0.6382224645583423,0.8041136141038193,0.5283387622149838,0.4269350919819503,0.0478260869565214,건강 추구형 소비자,가격이나 브랜드에 크게 구애받지 않고 건강을 최우선으로 고려하는 프리미엄 소비자 그룹입니다. 건강과 편리성을 모두 만족시키는 제품에 기꺼이 지갑을 엽니다.
481,여자,50대,주부,고졸(대학 재학 포함),경상북도,1세대가족,기혼,맞벌이 하지 않음,200-300만원 미만,1,0.5395522388059701,0.3912063134160088,0.6395856052344602,0.8237022526934379,0.2517915309446253,0.4099271086428319,0.2565217391304346,건강 추구형 소비자,가격이나 브랜드에 크게 구애받지 않고 건강을 최우선으로 고려하는 프리미엄 소비자 그룹입니다. 건강과 편리성을 모두 만족시키는 제품에 기꺼이 지갑을 엽니다.
482,여자,50대,서비스 종사자,대학교 졸업(전문대졸/대학원생 포함),인천광역시,2세대가족,기혼,맞벌이 함,800-900만원 미만,3,0.5932835820895523,0.4137542277339346,0.3538713195201745,0.8824681684622918,0.3918566775244301,0.3946546338077054,0.7665217391304349,트렌드 주도형 소비자,"자신의 취향과 경험을 중시하는 소비자 그룹입니다. 단순히 배를 채우는 것 이상의 가치를 추구하며, 새로운 제품을 가장 먼저 경험하고 공유하려는 경향이 강합니다"
483,여자,50대,서비스 종사자,고졸(대학 재학 포함),광주광역시,1세대가족,기혼,맞벌이 함,400-500만원 미만,1,0.3686567164179105,0.3600150319428785,0.4724645583424212,0.6444662095984326,0.4247557003257329,0.4245053800763623,0.2347826086956519,건강 추구형 소비자,가격이나 브랜드에 크게 구애받지 않고 건강을 최우선으로 고려하는 프리미엄 소비자 그룹입니다. 건강과 편리성을 모두 만족시키는 제품에 기꺼이 지갑을 엽니다.
484,여자,50대,서비스 종사자,고졸(대학 재학 포함),광주광역시,1세대가족,기혼,맞벌이 함,400-500만원 미만,0,0.387313432835821,0.3649004133784291,0.3088876772082877,0.706170421155729,0.3882736156351791,0.4220756681707737,0.5391304347826085,실속형 미식가,편리성을 중시하면서도 새로운 맛과 제품을 시도하는 데 적극적인 소비자 그룹입니다. 가격에 민감하기보다는 효율성과 맛을 동시에 추구합니다.
485,여자,60대 이상,주부,대학교 졸업(전문대졸/대학원생 포함),경기도,1세대가족,기혼,맞벌이 하지 않음,400-500만원 미만,1,0.4216417910447762,0.8346486283352124,0.4315703380588879,0.8237022526934379,0.5110749185667751,0.2915654286706003,0.1217391304347824,건강 추구형 소비자,가격이나 브랜드에 크게 구애받지 않고 건강을 최우선으로 고려하는 프리미엄 소비자 그룹입니다. 건강과 편리성을 모두 만족시키는 제품에 기꺼이 지갑을 엽니다.
486,여자,50대,판매 종사자,고졸(대학 재학 포함),경상북도,2세대가족,기혼,맞벌이 함,700-800만원 미만,3,0.5582089552238807,0.549041713641488,0.3478735005452563,0.8628795298726734,0.3039087947882737,0.4380423464074969,0.4869565217391302,트렌드 주도형 소비자,"자신의 취향과 경험을 중시하는 소비자 그룹입니다. 단순히 배를 채우는 것 이상의 가치를 추구하며, 새로운 제품을 가장 먼저 경험하고 공유하려는 경향이 강합니다"
487,여자,50대,서비스 종사자,대학교 졸업(전문대졸/대학원생 포함),광주광역시,1세대가족,기혼,맞벌이 함,500-600만원 미만,0,0.4708955223880598,0.4107478391582112,0.3266085059978191,0.6199804113614098,0.4286644951140067,0.3595973620270737,0.4043478260869565,실속형 미식가,편리성을 중시하면서도 새로운 맛과 제품을 시도하는 데 적극적인 소비자 그룹입니다. 가격에 민감하기보다는 효율성과 맛을 동시에 추구합니다.
488,여자,50대,서비스 종사자,대학교 졸업(전문대졸/대학원생 포함),광주광역시,1세대가족,기혼,맞벌이 함,400-500만원 미만,1,0.551492537313433,0.4062382562946261,0.4547437295528898,0.7257590597453475,0.3817589576547234,0.2978132592849702,0.2782608695652173,건강 추구형 소비자,가격이나 브랜드에 크게 구애받지 않고 건강을 최우선으로 고려하는 프리미엄 소비자 그룹입니다. 건강과 편리성을 모두 만족시키는 제품에 기꺼이 지갑을 엽니다.
489,여자,60대 이상,주부,고졸(대학 재학 포함),경기도,1세대가족,기혼,맞벌이 하지 않음,700-800만원 미만,1,0.3052238805970148,0.4411875234874107,0.6905670665212644,0.8824681684622918,0.7635179153094462,0.4116626171468238,0.1478260869565215,건강 추구형 소비자,가격이나 브랜드에 크게 구애받지 않고 건강을 최우선으로 고려하는 프리미엄 소비자 그룹입니다. 건강과 편리성을 모두 만족시키는 제품에 기꺼이 지갑을 엽니다.
490,여자,60대 이상,서비스 종사자,중졸 이하,경상북도,1인 가구,미혼(사별/이혼 포함),맞벌이 하지 않음,100-200만원 미만,3,0.5097014925373136,0.3273205561818865,0.2235550708833154,0.7845249755142015,0.4439739413680784,0.3339118361679971,0.5521739130434781,트렌드 주도형 소비자,"자신의 취향과 경험을 중시하는 소비자 그룹입니다. 단순히 배를 채우는 것 이상의 가치를 추구하며, 새로운 제품을 가장 먼저 경험하고 공유하려는 경향이 강합니다"
491,여자,60대 이상,단순노무 종사자,중졸 이하,경상북도,1인 가구,미혼(사별/이혼 포함),맞벌이 하지 않음,100만원 미만,3,0.469402985074627,0.3761743705373919,0.2816248636859325,0.8237022526934379,0.4915309446254071,0.251648733078792,0.4826086956521738,트렌드 주도형 소비자,"자신의 취향과 경험을 중시하는 소비자 그룹입니다. 단순히 배를 채우는 것 이상의 가치를 추구하며, 새로운 제품을 가장 먼저 경험하고 공유하려는 경향이 강합니다"
492,남자,30대,사무 종사자,대학교 졸업(전문대졸/대학원생 포함),충청남도,1세대가족,기혼,맞벌이 함,500-600만원 미만,1,0.5417910447761194,0.270574971815107,0.4280261723009814,0.5974534769833497,0.5752442996742672,0.1318986463033667,0.1086956521739128,건강 추구형 소비자,가격이나 브랜드에 크게 구애받지 않고 건강을 최우선으로 고려하는 프리미엄 소비자 그룹입니다. 건강과 편리성을 모두 만족시키는 제품에 기꺼이 지갑을 엽니다.
493,남자,60대 이상,판매 종사자,고졸(대학 재학 포함),부산광역시,1인 가구,미혼(사별/이혼 포함),맞벌이 하지 않음,200-300만원 미만,0,0.317910447761194,0.4644870349492673,0.3361504907306431,0.8383937316356512,0.2570032573289904,0.6407497396737241,0.4608695652173912,실속형 미식가,편리성을 중시하면서도 새로운 맛과 제품을 시도하는 데 적극적인 소비자 그룹입니다. 가격에 민감하기보다는 효율성과 맛을 동시에 추구합니다.
494,여자,50대,판매 종사자,고졸(대학 재학 포함),부산광역시,1인 가구,미혼(사별/이혼 포함),맞벌이 하지 않음,200-300만원 미만,0,0.1365671641791045,0.4720030063885757,0.3759541984732826,0.8579823702252692,0.213680781758958,0.5633460603956959,0.4869565217391302,실속형 미식가,편리성을 중시하면서도 새로운 맛과 제품을 시도하는 데 적극적인 소비자 그룹입니다. 가격에 민감하기보다는 효율성과 맛을 동시에 추구합니다.
495,여자,60대 이상,단순노무 종사자,중졸 이하,부산광역시,1인 가구,미혼(사별/이혼 포함),맞벌이 하지 않음,200-300만원 미만,3,0.4567164179104477,0.4644870349492673,0.561886586695747,0.8579823702252692,0.3338762214983714,0.4453314821242621,0.4999999999999998,트렌드 주도형 소비자,"자신의 취향과 경험을 중시하는 소비자 그룹입니다. 단순히 배를 채우는 것 이상의 가치를 추구하며, 새로운 제품을 가장 먼저 경험하고 공유하려는 경향이 강합니다"
496,여자,60대 이상,주부,고졸(대학 재학 포함),경기도,1세대가족,기혼,맞벌이 하지 않음,200-300만원 미만,1,0.2395522388059702,0.4411875234874107,0.5515267175572518,0.8824681684622918,0.5648208469055375,0.6227004512322108,0.2434782608695651,건강 추구형 소비자,가격이나 브랜드에 크게 구애받지 않고 건강을 최우선으로 고려하는 프리미엄 소비자 그룹입니다. 건강과 편리성을 모두 만족시키는 제품에 기꺼이 지갑을 엽니다.
497,여자,40대,주부,고졸(대학 재학 포함),경기도,2세대가족,기혼,맞벌이 하지 않음,700-800만원 미만,1,0.2410447761194031,0.4532130777903042,0.876226826608506,0.8775710088148868,0.5677524429967427,0.2290871225269002,0.1695652173913041,건강 추구형 소비자,가격이나 브랜드에 크게 구애받지 않고 건강을 최우선으로 고려하는 프리미엄 소비자 그룹입니다. 건강과 편리성을 모두 만족시키는 제품에 기꺼이 지갑을 엽니다.
498,남자,40대,판매 종사자,대학교 졸업(전문대졸/대학원생 포함),부산광역시,1인 가구,미혼(사별/이혼 포함),맞벌이 하지 않음,300-400만원 미만,0,0.2910447761194031,0.4306651634723788,0.3388767720828792,0.8579823702252692,0.2182410423452772,0.4894133981256504,0.4217391304347824,실속형 미식가,편리성을 중시하면서도 새로운 맛과 제품을 시도하는 데 적극적인 소비자 그룹입니다. 가격에 민감하기보다는 효율성과 맛을 동시에 추구합니다.
499,남자,40대,전문가 및 관련 종사자,대학교 졸업(전문대졸/대학원생 포함),경기도,1인 가구,미혼(사별/이혼 포함),맞벌이 하지 않음,400-500만원 미만,1,0.5970149253731344,0.5001878992859826,0.6769356597600873,0.8432908912830556,0.7957654723127037,0.3300937174592153,0.1086956521739128,건강 추구형 소비자,가격이나 브랜드에 크게 구애받지 않고 건강을 최우선으로 고려하는 프리미엄 소비자 그룹입니다. 건강과 편리성을 모두 만족시키는 제품에 기꺼이 지갑을 엽니다.
500,여자,60대 이상,주부,고졸(대학 재학 포함),대구광역시,1세대가족,기혼,맞벌이 하지 않음,200-300만원 미만,1,0.6216417910447761,0.3893273205561819,0.4116684841875681,0.8188050930460328,0.6263843648208473,0.425546685178757,0.2086956521739129,건강 추구형 소비자,가격이나 브랜드에 크게 구애받지 않고 건강을 최우선으로 고려하는 프리미엄 소비자 그룹입니다. 건강과 편리성을 모두 만족시키는 제품에 기꺼이 지갑을 엽니다.
501,여자,30대,주부,고졸(대학 재학 포함),경기도,1인 가구,기혼,맞벌이 하지 않음,500-600만원 미만,1,0.2746268656716418,0.4118752348741072,0.8571428571428565,0.8579823702252692,0.5693811074918567,0.1780631725095449,0.160869565217391,건강 추구형 소비자,가격이나 브랜드에 크게 구애받지 않고 건강을 최우선으로 고려하는 프리미엄 소비자 그룹입니다. 건강과 편리성을 모두 만족시키는 제품에 기꺼이 지갑을 엽니다.
502,남자,60대 이상,서비스 종사자,고졸(대학 재학 포함),경기도,1인 가구,미혼(사별/이혼 포함),맞벌이 하지 않음,500-600만원 미만,1,0.1940298507462687,0.4205186020293122,0.876226826608506,0.8579823702252692,0.5618892508143323,0.1700798333911835,0.1304347826086955,건강 추구형 소비자,가격이나 브랜드에 크게 구애받지 않고 건강을 최우선으로 고려하는 프리미엄 소비자 그룹입니다. 건강과 편리성을 모두 만족시키는 제품에 기꺼이 지갑을 엽니다.
503,여자,60대 이상,주부,중졸 이하,경기도,2세대가족,기혼,맞벌이 하지 않음,"900-1,000만원 미만",1,0.207462686567164,0.4130026305900037,0.8116139585605231,0.7992164544564151,0.5400651465798044,0.1700798333911835,0.1913043478260869,건강 추구형 소비자,가격이나 브랜드에 크게 구애받지 않고 건강을 최우선으로 고려하는 프리미엄 소비자 그룹입니다. 건강과 편리성을 모두 만족시키는 제품에 기꺼이 지갑을 엽니다.
504,남자,50대,사무 종사자,고졸(대학 재학 포함),부산광역시,2세대가족,기혼,맞벌이 함,500-600만원 미만,0,0.3850746268656718,0.5321307779030438,0.4822791712104686,0.8579823702252692,0.2723127035830621,0.6001388406803191,0.5478260869565217,실속형 미식가,편리성을 중시하면서도 새로운 맛과 제품을 시도하는 데 적극적인 소비자 그룹입니다. 가격에 민감하기보다는 효율성과 맛을 동시에 추구합니다.
505,여자,50대,사무 종사자,대학교 졸업(전문대졸/대학원생 포함),울산광역시,2세대가족,기혼,맞벌이 함,400-500만원 미만,3,0.56044776119403,0.4400601277715145,0.3129770992366411,0.8432908912830556,0.2684039087947882,0.6522040958000691,0.9782608695652172,트렌드 주도형 소비자,"자신의 취향과 경험을 중시하는 소비자 그룹입니다. 단순히 배를 채우는 것 이상의 가치를 추구하며, 새로운 제품을 가장 먼저 경험하고 공유하려는 경향이 강합니다"
506,남자,60대 이상,서비스 종사자,고졸(대학 재학 포함),부산광역시,1인 가구,미혼(사별/이혼 포함),맞벌이 하지 않음,300-400만원 미만,0,0.378358208955224,0.5847425779782035,0.4956379498364232,0.8383937316356512,0.292182410423453,0.5237764665046858,0.334782608695652,실속형 미식가,편리성을 중시하면서도 새로운 맛과 제품을 시도하는 데 적극적인 소비자 그룹입니다. 가격에 민감하기보다는 효율성과 맛을 동시에 추구합니다.
507,여자,30대,서비스 종사자,대학교 졸업(전문대졸/대학원생 포함),경기도,1세대가족,기혼,맞벌이 함,700-800만원 미만,1,0.3082089552238805,0.3818113491168734,0.8874045801526715,0.7796278158667972,0.6117263843648209,0.208261020479,0.1304347826086955,건강 추구형 소비자,가격이나 브랜드에 크게 구애받지 않고 건강을 최우선으로 고려하는 프리미엄 소비자 그룹입니다. 건강과 편리성을 모두 만족시키는 제품에 기꺼이 지갑을 엽니다.
508,여자,50대,서비스 종사자,고졸(대학 재학 포함),경상남도,1세대가족,기혼,맞벌이 함,300-400만원 미만,3,0.6417910447761195,0.5603156708004507,0.2857142857142858,0.8237022526934379,0.4358306188925082,0.3380770565775771,0.4826086956521738,트렌드 주도형 소비자,"자신의 취향과 경험을 중시하는 소비자 그룹입니다. 단순히 배를 채우는 것 이상의 가치를 추구하며, 새로운 제품을 가장 먼저 경험하고 공유하려는 경향이 강합니다"
509,여자,60대 이상,주부,고졸(대학 재학 포함),부산광역시,1세대가족,기혼,맞벌이 하지 않음,200-300만원 미만,0,0.1365671641791045,0.5734686208192408,0.4670119956379497,0.8579823702252692,0.163843648208469,0.6313779937521693,0.4217391304347824,실속형 미식가,편리성을 중시하면서도 새로운 맛과 제품을 시도하는 데 적극적인 소비자 그룹입니다. 가격에 민감하기보다는 효율성과 맛을 동시에 추구합니다.
510,여자,50대,서비스 종사자,대학교 졸업(전문대졸/대학원생 포함),울산광역시,1인 가구,미혼(사별/이혼 포함),맞벌이 하지 않음,300-400만원 미만,3,0.6470149253731344,0.3874483276963545,0.1371319520174485,0.8628795298726734,0.2628664495114008,0.5380076362374172,0.8739130434782607,트렌드 주도형 소비자,"자신의 취향과 경험을 중시하는 소비자 그룹입니다. 단순히 배를 채우는 것 이상의 가치를 추구하며, 새로운 제품을 가장 먼저 경험하고 공유하려는 경향이 강합니다"
511,남자,50대,기능원 및 관련 기능 종사자,대학교 졸업(전문대졸/대학원생 포함),대구광역시,1인 가구,미혼(사별/이혼 포함),맞벌이 하지 않음,300-400만원 미만,3,0.6417910447761195,0.5001878992859826,0.1172300981461286,0.8432908912830556,0.3127035830618893,0.3658451926414436,0.5999999999999999,트렌드 주도형 소비자,"자신의 취향과 경험을 중시하는 소비자 그룹입니다. 단순히 배를 채우는 것 이상의 가치를 추구하며, 새로운 제품을 가장 먼저 경험하고 공유하려는 경향이 강합니다"
512,여자,60대 이상,서비스 종사자,고졸(대학 재학 포함),경상남도,1세대가족,기혼,맞벌이 함,200-300만원 미만,3,0.606716417910448,0.6516347237880495,0.3906761177753544,0.8237022526934379,0.456351791530945,0.2068726136758067,0.3782608695652173,트렌드 주도형 소비자,"자신의 취향과 경험을 중시하는 소비자 그룹입니다. 단순히 배를 채우는 것 이상의 가치를 추구하며, 새로운 제품을 가장 먼저 경험하고 공유하려는 경향이 강합니다"
513,남자,50대,사무 종사자,대학교 졸업(전문대졸/대학원생 포함),부산광역시,1인 가구,미혼(사별/이혼 포함),맞벌이 하지 않음,300-400만원 미만,0,0.2977611940298509,0.4720030063885757,0.2993456924754638,0.8579823702252692,0.1983713355048863,0.5019090593543907,0.5565217391304347,실속형 미식가,편리성을 중시하면서도 새로운 맛과 제품을 시도하는 데 적극적인 소비자 그룹입니다. 가격에 민감하기보다는 효율성과 맛을 동시에 추구합니다.
514,여자,60대 이상,주부,고졸(대학 재학 포함),경상남도,1세대가족,기혼,맞벌이 하지 않음,200-300만원 미만,3,0.7186567164179104,0.6617812852311158,0.2257360959651038,0.8237022526934379,0.4003257328990232,0.4116626171468238,0.5695652173913043,트렌드 주도형 소비자,"자신의 취향과 경험을 중시하는 소비자 그룹입니다. 단순히 배를 채우는 것 이상의 가치를 추구하며, 새로운 제품을 가장 먼저 경험하고 공유하려는 경향이 강합니다"
515,여자,50대,판매 종사자,고졸(대학 재학 포함),부산광역시,1인 가구,미혼(사별/이혼 포함),맞벌이 하지 않음,300-400만원 미만,3,0.546268656716418,0.5396467493423522,0.3827699018538713,0.8579823702252692,0.4013029315960914,0.3769524470669902,0.3826086956521738,트렌드 주도형 소비자,"자신의 취향과 경험을 중시하는 소비자 그룹입니다. 단순히 배를 채우는 것 이상의 가치를 추구하며, 새로운 제품을 가장 먼저 경험하고 공유하려는 경향이 강합니다"
516,여자,40대,주부,대학교 졸업(전문대졸/대학원생 포함),울산광역시,2세대가족,기혼,맞벌이 하지 않음,300-400만원 미만,3,0.606716417910448,0.5640736565201049,0.5624318429661939,0.9216454456415274,0.4986970684039091,0.6025685525859076,0.4304347826086956,트렌드 주도형 소비자,"자신의 취향과 경험을 중시하는 소비자 그룹입니다. 단순히 배를 채우는 것 이상의 가치를 추구하며, 새로운 제품을 가장 먼저 경험하고 공유하려는 경향이 강합니다"
517,여자,60대 이상,주부,고졸(대학 재학 포함),대구광역시,1인 가구,미혼(사별/이혼 포함),맞벌이 하지 않음,100-200만원 미만,3,0.5746268656716418,0.3555054490792934,0.2153762268266087,0.8188050930460328,0.4006514657980456,0.4481082957306488,0.6173913043478257,트렌드 주도형 소비자,"자신의 취향과 경험을 중시하는 소비자 그룹입니다. 단순히 배를 채우는 것 이상의 가치를 추구하며, 새로운 제품을 가장 먼저 경험하고 공유하려는 경향이 강합니다"
518,여자,40대,주부,대학교 졸업(전문대졸/대학원생 포함),울산광역시,2세대가족,기혼,맞벌이 하지 않음,300-400만원 미만,0,0.4574626865671642,0.5903795565576849,0.1630316248636857,0.9020568070519096,0.2583061889250815,0.6813606386671294,0.5347826086956521,실속형 미식가,편리성을 중시하면서도 새로운 맛과 제품을 시도하는 데 적극적인 소비자 그룹입니다. 가격에 민감하기보다는 효율성과 맛을 동시에 추구합니다.
519,여자,50대,사무 종사자,고졸(대학 재학 포함),대구광역시,2세대가족,기혼,맞벌이 함,500-600만원 미만,3,0.6417910447761195,0.3818113491168734,0.3162486368593241,0.8188050930460328,0.3843648208469056,0.438736549809094,0.7608695652173911,트렌드 주도형 소비자,"자신의 취향과 경험을 중시하는 소비자 그룹입니다. 단순히 배를 채우는 것 이상의 가치를 추구하며, 새로운 제품을 가장 먼저 경험하고 공유하려는 경향이 강합니다"
520,남자,60대 이상,판매 종사자,고졸(대학 재학 포함),경상남도,1인 가구,미혼(사별/이혼 포함),맞벌이 하지 않음,100-200만원 미만,3,0.606716417910448,0.5603156708004507,0.2311886586695744,0.8237022526934379,0.4123778501628664,0.3790350572717802,0.4608695652173912,트렌드 주도형 소비자,"자신의 취향과 경험을 중시하는 소비자 그룹입니다. 단순히 배를 채우는 것 이상의 가치를 추구하며, 새로운 제품을 가장 먼저 경험하고 공유하려는 경향이 강합니다"
521,남자,30대,기능원 및 관련 기능 종사자,대학교 졸업(전문대졸/대학원생 포함),경상남도,1인 가구,미혼(사별/이혼 포함),맞벌이 하지 않음,200-300만원 미만,3,0.7186567164179104,0.4851559564073657,0.3342420937840781,0.8237022526934379,0.5462540716612377,0.4328358208955222,0.5608695652173911,트렌드 주도형 소비자,"자신의 취향과 경험을 중시하는 소비자 그룹입니다. 단순히 배를 채우는 것 이상의 가치를 추구하며, 새로운 제품을 가장 먼저 경험하고 공유하려는 경향이 강합니다"
522,여자,30대,주부,대학교 졸업(전문대졸/대학원생 포함),경상남도,2세대가족,기혼,맞벌이 하지 않음,300-400만원 미만,3,0.626865671641791,0.5088312664411875,0.4220283533260632,0.8237022526934379,0.4035830618892508,0.4307532106907321,0.4695652173913042,트렌드 주도형 소비자,"자신의 취향과 경험을 중시하는 소비자 그룹입니다. 단순히 배를 채우는 것 이상의 가치를 추구하며, 새로운 제품을 가장 먼저 경험하고 공유하려는 경향이 강합니다"
523,여자,60대 이상,주부,고졸(대학 재학 포함),경상남도,1세대가족,기혼,맞벌이 하지 않음,100-200만원 미만,3,0.626865671641791,0.5077038707252911,0.4323882224645582,0.7257590597453475,0.370684039087948,0.3387712599791738,0.4652173913043476,트렌드 주도형 소비자,"자신의 취향과 경험을 중시하는 소비자 그룹입니다. 단순히 배를 채우는 것 이상의 가치를 추구하며, 새로운 제품을 가장 먼저 경험하고 공유하려는 경향이 강합니다"
524,남자,50대,판매 종사자,고졸(대학 재학 포함),경상남도,1인 가구,미혼(사별/이혼 포함),맞벌이 하지 않음,200-300만원 미만,3,0.5679104477611938,0.5839909808342725,0.4302071973827698,0.8237022526934379,0.4166123778501631,0.4186046511627904,0.4608695652173912,트렌드 주도형 소비자,"자신의 취향과 경험을 중시하는 소비자 그룹입니다. 단순히 배를 채우는 것 이상의 가치를 추구하며, 새로운 제품을 가장 먼저 경험하고 공유하려는 경향이 강합니다"
525,여자,60대 이상,주부,고졸(대학 재학 포함),대구광역시,1세대가족,기혼,맞벌이 하지 않음,400-500만원 미만,1,0.3380597014925374,0.3900789177001127,0.635496183206107,0.6836434867776688,0.5742671009771988,0.3300937174592153,0.1130434782608695,건강 추구형 소비자,가격이나 브랜드에 크게 구애받지 않고 건강을 최우선으로 고려하는 프리미엄 소비자 그룹입니다. 건강과 편리성을 모두 만족시키는 제품에 기꺼이 지갑을 엽니다.
526,여자,50대,주부,대학교 졸업(전문대졸/대학원생 포함),대구광역시,2세대가족,기혼,맞벌이 하지 않음,500-600만원 미만,3,0.5895522388059702,0.3893273205561819,0.0790621592148306,0.8188050930460328,0.2899022801302932,0.582436653939604,0.7739130434782608,트렌드 주도형 소비자,"자신의 취향과 경험을 중시하는 소비자 그룹입니다. 단순히 배를 채우는 것 이상의 가치를 추구하며, 새로운 제품을 가장 먼저 경험하고 공유하려는 경향이 강합니다"
527,여자,40대,주부,대학교 졸업(전문대졸/대학원생 포함),경기도,2세대가족,기혼,맞벌이 하지 않음,400-500만원 미만,1,0.4574626865671642,0.4099962420142803,0.7328244274809157,0.8432908912830556,0.923127035830619,0.3877125997917388,0.1347826086956519,건강 추구형 소비자,가격이나 브랜드에 크게 구애받지 않고 건강을 최우선으로 고려하는 프리미엄 소비자 그룹입니다. 건강과 편리성을 모두 만족시키는 제품에 기꺼이 지갑을 엽니다.
528,여자,30대,주부,대학교 졸업(전문대졸/대학원생 포함),대구광역시,2세대가족,기혼,맞벌이 하지 않음,300-400만원 미만,3,0.6044776119402987,0.3724163848177376,0.1281352235550706,0.8628795298726734,0.3550488599348534,0.548073585560569,0.7434782608695649,트렌드 주도형 소비자,"자신의 취향과 경험을 중시하는 소비자 그룹입니다. 단순히 배를 채우는 것 이상의 가치를 추구하며, 새로운 제품을 가장 먼저 경험하고 공유하려는 경향이 강합니다"
529,여자,30대,판매 종사자,대학교 졸업(전문대졸/대학원생 포함),부산광역시,1인 가구,미혼(사별/이혼 포함),맞벌이 하지 않음,300-400만원 미만,0,0.485820895522388,0.319804584742578,0.1439476553980371,0.7453476983349653,0.2211726384364824,0.2551197500867753,0.8739130434782607,실속형 미식가,편리성을 중시하면서도 새로운 맛과 제품을 시도하는 데 적극적인 소비자 그룹입니다. 가격에 민감하기보다는 효율성과 맛을 동시에 추구합니다.
530,여자,30대,사무 종사자,대학교 졸업(전문대졸/대학원생 포함),대구광역시,1인 가구,미혼(사별/이혼 포함),맞벌이 하지 않음,200-300만원 미만,3,0.5798507462686566,0.3987222848553172,0.2243729552889857,0.8628795298726734,0.4159609120521173,0.3092676154113154,0.5826086956521739,트렌드 주도형 소비자,"자신의 취향과 경험을 중시하는 소비자 그룹입니다. 단순히 배를 채우는 것 이상의 가치를 추구하며, 새로운 제품을 가장 먼저 경험하고 공유하려는 경향이 강합니다"
531,여자,60대 이상,사무 종사자,대학교 졸업(전문대졸/대학원생 포함),대구광역시,2세대가족,기혼,맞벌이 함,600-700만원 미만,3,0.5298507462686567,0.4250281848928972,0.3675027262813524,0.8628795298726734,0.3713355048859938,0.3221103783408539,0.6347826086956521,트렌드 주도형 소비자,"자신의 취향과 경험을 중시하는 소비자 그룹입니다. 단순히 배를 채우는 것 이상의 가치를 추구하며, 새로운 제품을 가장 먼저 경험하고 공유하려는 경향이 강합니다"
532,여자,40대,전문가 및 관련 종사자,대학교 졸업(전문대졸/대학원생 포함),제주특별자치도,2세대가족,기혼,맞벌이 함,500-600만원 미만,3,0.5694029850746267,0.421270199173243,0.489094874591058,0.7453476983349653,0.4407166123778503,0.2440124956612287,0.6347826086956521,트렌드 주도형 소비자,"자신의 취향과 경험을 중시하는 소비자 그룹입니다. 단순히 배를 채우는 것 이상의 가치를 추구하며, 새로운 제품을 가장 먼저 경험하고 공유하려는 경향이 강합니다"
533,여자,60대 이상,주부,고졸(대학 재학 포함),부산광역시,2세대가족,미혼(사별/이혼 포함),맞벌이 하지 않음,400-500만원 미만,3,0.6888059701492538,0.4137542277339346,0.3819520174482009,0.7453476983349653,0.3918566775244301,0.3262755987504337,0.6695652173913043,트렌드 주도형 소비자,"자신의 취향과 경험을 중시하는 소비자 그룹입니다. 단순히 배를 채우는 것 이상의 가치를 추구하며, 새로운 제품을 가장 먼저 경험하고 공유하려는 경향이 강합니다"
534,여자,50대,서비스 종사자,대학교 졸업(전문대졸/대학원생 포함),제주특별자치도,2세대가족,기혼,맞벌이 함,500-600만원 미만,3,0.6514925373134329,0.4851559564073657,0.5147219193020718,0.8237022526934379,0.6863192182410424,0.2335994446372784,0.4317391304347825,트렌드 주도형 소비자,"자신의 취향과 경험을 중시하는 소비자 그룹입니다. 단순히 배를 채우는 것 이상의 가치를 추구하며, 새로운 제품을 가장 먼저 경험하고 공유하려는 경향이 강합니다"
535,여자,60대 이상,주부,중졸 이하,경상남도,1세대가족,기혼,맞벌이 하지 않음,100-200만원 미만,1,0.1902985074626866,0.5077038707252911,0.5817884405670666,0.7257590597453475,0.4446254071661238,0.4182575494619922,0.1043478260869564,건강 추구형 소비자,가격이나 브랜드에 크게 구애받지 않고 건강을 최우선으로 고려하는 프리미엄 소비자 그룹입니다. 건강과 편리성을 모두 만족시키는 제품에 기꺼이 지갑을 엽니다.
536,여자,40대,사무 종사자,대학교 졸업(전문대졸/대학원생 포함),대구광역시,2세대가족,기혼,맞벌이 함,600-700만원 미만,3,0.4873134328358208,0.3874483276963545,0.3347873500545258,0.7649363369245838,0.3309446254071662,0.3221103783408539,0.7565217391304344,트렌드 주도형 소비자,"자신의 취향과 경험을 중시하는 소비자 그룹입니다. 단순히 배를 채우는 것 이상의 가치를 추구하며, 새로운 제품을 가장 먼저 경험하고 공유하려는 경향이 강합니다"
537,남자,50대,서비스 종사자,대학교 졸업(전문대졸/대학원생 포함),제주특별자치도,1인 가구,미혼(사별/이혼 포함),맞벌이 하지 않음,200-300만원 미만,3,0.5492537313432837,0.4250281848928972,0.2780806979280261,0.8432908912830556,0.3830618892508145,0.264144394307532,0.6565217391304344,트렌드 주도형 소비자,"자신의 취향과 경험을 중시하는 소비자 그룹입니다. 단순히 배를 채우는 것 이상의 가치를 추구하며, 새로운 제품을 가장 먼저 경험하고 공유하려는 경향이 강합니다"
538,여자,40대,사무 종사자,대학교 졸업(전문대졸/대학원생 포함),부산광역시,2세대가족,기혼,맞벌이 함,600-700만원 미만,3,0.6402985074626867,0.3724163848177376,0.1494002181025084,0.8628795298726734,0.286970684039088,0.2099965289829918,0.9186956521739128,트렌드 주도형 소비자,"자신의 취향과 경험을 중시하는 소비자 그룹입니다. 단순히 배를 채우는 것 이상의 가치를 추구하며, 새로운 제품을 가장 먼저 경험하고 공유하려는 경향이 강합니다"
539,여자,50대,서비스 종사자,대학교 졸업(전문대졸/대학원생 포함),제주특별자치도,2세대가족,기혼,맞벌이 함,500-600만원 미만,3,0.6888059701492538,0.5001878992859826,0.3887677208287896,0.8628795298726734,0.4042345276872966,0.2707393266227004,0.7695652173913041,트렌드 주도형 소비자,"자신의 취향과 경험을 중시하는 소비자 그룹입니다. 단순히 배를 채우는 것 이상의 가치를 추구하며, 새로운 제품을 가장 먼저 경험하고 공유하려는 경향이 강합니다"
540,여자,50대,농림어업 숙련 종사자,고졸(대학 재학 포함),경상남도,2세대가족,기혼,맞벌이 함,400-500만원 미만,1,0.1902985074626866,0.3874483276963545,0.4441112322791713,0.7257590597453475,0.4218241042345276,0.283929191253037,0.2565217391304346,건강 추구형 소비자,가격이나 브랜드에 크게 구애받지 않고 건강을 최우선으로 고려하는 프리미엄 소비자 그룹입니다. 건강과 편리성을 모두 만족시키는 제품에 기꺼이 지갑을 엽니다.
541,여자,50대,주부,고졸(대학 재학 포함),경상남도,1세대가족,기혼,맞벌이 하지 않음,200-300만원 미만,1,0.171641791044776,0.421270199173243,0.6687568157033805,0.7649363369245838,0.4657980456026058,0.2700451232211037,0.1217391304347824,건강 추구형 소비자,가격이나 브랜드에 크게 구애받지 않고 건강을 최우선으로 고려하는 프리미엄 소비자 그룹입니다. 건강과 편리성을 모두 만족시키는 제품에 기꺼이 지갑을 엽니다.
542,남자,40대,판매 종사자,고졸(대학 재학 포함),경상남도,1인 가구,미혼(사별/이혼 포함),맞벌이 하지 않음,200-300만원 미만,0,0.1567164179104479,0.5791055993987222,0.3102508178844058,0.7649363369245838,0.2680781758957658,0.1839639014231168,0.1795652173913042,실속형 미식가,편리성을 중시하면서도 새로운 맛과 제품을 시도하는 데 적극적인 소비자 그룹입니다. 가격에 민감하기보다는 효율성과 맛을 동시에 추구합니다.
543,여자,60대 이상,농림어업 숙련 종사자,중졸 이하,경상남도,1인 가구,미혼(사별/이혼 포함),맞벌이 하지 않음,100-200만원 미만,1,0.121641791044776,0.5415257422021796,0.5065430752453652,0.706170421155729,0.3039087947882737,0.4057618882332523,0.0695652173913042,건강 추구형 소비자,가격이나 브랜드에 크게 구애받지 않고 건강을 최우선으로 고려하는 프리미엄 소비자 그룹입니다. 건강과 편리성을 모두 만족시키는 제품에 기꺼이 지갑을 엽니다.
544,여자,60대 이상,서비스 종사자,고졸(대학 재학 포함),경상남도,1세대가족,기혼,맞벌이 함,400-500만원 미만,1,0.1813432835820895,0.4738819992484026,0.669029443838604,0.7257590597453475,0.4048859934853424,0.3037139881985421,0.1739130434782606,건강 추구형 소비자,가격이나 브랜드에 크게 구애받지 않고 건강을 최우선으로 고려하는 프리미엄 소비자 그룹입니다. 건강과 편리성을 모두 만족시키는 제품에 기꺼이 지갑을 엽니다.
545,여자,60대 이상,판매 종사자,고졸(대학 재학 포함),부산광역시,2세대가족,기혼,맞벌이 하지 않음,500-600만원 미만,1,0.708955223880597,0.319804584742578,0.5801526717557253,0.7453476983349653,0.8990228013029318,0.2988545643873651,0.1,건강 추구형 소비자,가격이나 브랜드에 크게 구애받지 않고 건강을 최우선으로 고려하는 프리미엄 소비자 그룹입니다. 건강과 편리성을 모두 만족시키는 제품에 기꺼이 지갑을 엽니다.
546,여자,60대 이상,사무 종사자,대학교 졸업(전문대졸/대학원생 포함),부산광역시,1세대가족,기혼,맞벌이 함,500-600만원 미만,1,0.708955223880597,0.4099962420142803,0.6913849509269356,0.8237022526934379,0.2833876221498375,0.2655328011107253,0.1491304347826084,건강 추구형 소비자,가격이나 브랜드에 크게 구애받지 않고 건강을 최우선으로 고려하는 프리미엄 소비자 그룹입니다. 건강과 편리성을 모두 만족시키는 제품에 기꺼이 지갑을 엽니다.
547,여자,60대 이상,판매 종사자,고졸(대학 재학 포함),부산광역시,2세대가족,미혼(사별/이혼 포함),맞벌이 하지 않음,300-400만원 미만,1,0.656716417910448,0.3461104847801576,0.7227371864776442,0.7453476983349653,0.2540716612377852,0.3255813953488372,0.1217391304347824,건강 추구형 소비자,가격이나 브랜드에 크게 구애받지 않고 건강을 최우선으로 고려하는 프리미엄 소비자 그룹입니다. 건강과 편리성을 모두 만족시키는 제품에 기꺼이 지갑을 엽니다.
548,여자,30대,사무 종사자,대학교 졸업(전문대졸/대학원생 포함),부산광역시,1인 가구,미혼(사별/이혼 포함),맞벌이 하지 않음,300-400만원 미만,1,0.7186567164179104,0.3423524990605034,0.6368593238822242,0.7649363369245838,0.2811074918566776,0.3238458868448454,0.1173913043478259,건강 추구형 소비자,가격이나 브랜드에 크게 구애받지 않고 건강을 최우선으로 고려하는 프리미엄 소비자 그룹입니다. 건강과 편리성을 모두 만족시키는 제품에 기꺼이 지갑을 엽니다.
549,여자,50대,판매 종사자,대학교 졸업(전문대졸/대학원생 포함),대전광역시,2세대가족,기혼,맞벌이 함,500-600만원 미만,0,0.3865671641791046,0.5377677564825253,0.4225736095965099,0.8628795298726734,0.2934853420195442,0.2690038181187085,0.6478260869565217,실속형 미식가,편리성을 중시하면서도 새로운 맛과 제품을 시도하는 데 적극적인 소비자 그룹입니다. 가격에 민감하기보다는 효율성과 맛을 동시에 추구합니다.
550,여자,40대,서비스 종사자,대학교 졸업(전문대졸/대학원생 포함),대구광역시,2세대가족,기혼,맞벌이 함,500-600만원 미만,1,0.5813432835820895,0.3498684704998119,0.3816793893129767,0.8237022526934379,0.6651465798045604,0.3273169038528286,0.2782608695652173,건강 추구형 소비자,가격이나 브랜드에 크게 구애받지 않고 건강을 최우선으로 고려하는 프리미엄 소비자 그룹입니다. 건강과 편리성을 모두 만족시키는 제품에 기꺼이 지갑을 엽니다.
551,여자,60대 이상,판매 종사자,고졸(대학 재학 포함),부산광역시,1세대가족,기혼,맞벌이 함,500-600만원 미만,1,0.6097014925373136,0.4137542277339346,0.7600872410032711,0.8824681684622918,0.2605863192182414,0.3880597014925373,0.1478260869565215,건강 추구형 소비자,가격이나 브랜드에 크게 구애받지 않고 건강을 최우선으로 고려하는 프리미엄 소비자 그룹입니다. 건강과 편리성을 모두 만족시키는 제품에 기꺼이 지갑을 엽니다.
552,여자,50대,서비스 종사자,대학교 졸업(전문대졸/대학원생 포함),대구광역시,2세대가족,기혼,맞벌이 함,500-600만원 미만,0,0.3328358208955225,0.4926719278466742,0.059978189749182,0.8432908912830556,0.1462540716612379,0.320374869836862,0.7260869565217389,실속형 미식가,편리성을 중시하면서도 새로운 맛과 제품을 시도하는 데 적극적인 소비자 그룹입니다. 가격에 민감하기보다는 효율성과 맛을 동시에 추구합니다.
553,여자,50대,판매 종사자,고졸(대학 재학 포함),세종특별자치시,1세대가족,기혼,맞벌이 함,500-600만원 미만,3,0.5320895522388059,0.5001878992859826,0.5119956379498365,0.8628795298726734,0.3732899022801303,0.5567511280805275,0.5434782608695652,트렌드 주도형 소비자,"자신의 취향과 경험을 중시하는 소비자 그룹입니다. 단순히 배를 채우는 것 이상의 가치를 추구하며, 새로운 제품을 가장 먼저 경험하고 공유하려는 경향이 강합니다"
554,여자,30대,사무 종사자,대학교 졸업(전문대졸/대학원생 포함),경기도,1인 가구,미혼(사별/이혼 포함),맞벌이 하지 않음,300-400만원 미만,3,0.8328358208955225,0.4738819992484026,0.42639040348964,0.8824681684622918,0.4824104234527687,0.3175980562304753,0.8130434782608695,트렌드 주도형 소비자,"자신의 취향과 경험을 중시하는 소비자 그룹입니다. 단순히 배를 채우는 것 이상의 가치를 추구하며, 새로운 제품을 가장 먼저 경험하고 공유하려는 경향이 강합니다"
555,여자,30대,서비스 종사자,대학교 졸업(전문대졸/대학원생 포함),대전광역시,1인 가구,미혼(사별/이혼 포함),맞벌이 하지 않음,100-200만원 미만,3,0.6485074626865673,0.5152198421645996,0.3492366412213742,0.8628795298726734,0.4811074918566775,0.2849704963554319,0.5565217391304347,트렌드 주도형 소비자,"자신의 취향과 경험을 중시하는 소비자 그룹입니다. 단순히 배를 채우는 것 이상의 가치를 추구하며, 새로운 제품을 가장 먼저 경험하고 공유하려는 경향이 강합니다"
556,여자,50대,사무 종사자,대학교 졸업(전문대졸/대학원생 포함),부산광역시,2세대가족,기혼,맞벌이 함,700-800만원 미만,1,0.7238805970149254,0.3536264562194665,0.7268266085059976,0.7649363369245838,0.2964169381107494,0.3342589378687952,0.1565217391304346,건강 추구형 소비자,가격이나 브랜드에 크게 구애받지 않고 건강을 최우선으로 고려하는 프리미엄 소비자 그룹입니다. 건강과 편리성을 모두 만족시키는 제품에 기꺼이 지갑을 엽니다.
557,여자,50대,주부,고졸(대학 재학 포함),경상북도,2세대가족,기혼,맞벌이 하지 않음,"1,000만원 이상",3,0.6888059701492538,0.4438181134911688,0.561886586695747,0.8432908912830556,0.5631921824104235,0.4047205831308571,0.3217391304347824,트렌드 주도형 소비자,"자신의 취향과 경험을 중시하는 소비자 그룹입니다. 단순히 배를 채우는 것 이상의 가치를 추구하며, 새로운 제품을 가장 먼저 경험하고 공유하려는 경향이 강합니다"
558,여자,40대,서비스 종사자,고졸(대학 재학 포함),대구광역시,1인 가구,미혼(사별/이혼 포함),맞벌이 하지 않음,200-300만원 미만,3,0.5141791044776122,0.4475760992108231,0.2808069792802614,0.8628795298726734,0.5185667752442995,0.320374869836862,0.4043478260869565,트렌드 주도형 소비자,"자신의 취향과 경험을 중시하는 소비자 그룹입니다. 단순히 배를 채우는 것 이상의 가치를 추구하며, 새로운 제품을 가장 먼저 경험하고 공유하려는 경향이 강합니다"
559,여자,60대 이상,주부,대학교 졸업(전문대졸/대학원생 포함),부산광역시,2세대가족,기혼,맞벌이 하지 않음,500-600만원 미만,1,0.708955223880597,0.3611424276587749,0.7227371864776442,0.7649363369245838,0.8762214983713357,0.3627212773342588,0.1304347826086955,건강 추구형 소비자,가격이나 브랜드에 크게 구애받지 않고 건강을 최우선으로 고려하는 프리미엄 소비자 그룹입니다. 건강과 편리성을 모두 만족시키는 제품에 기꺼이 지갑을 엽니다.
560,여자,60대 이상,주부,중졸 이하,대구광역시,1세대가족,기혼,맞벌이 하지 않음,100-200만원 미만,0,0.4604477611940298,0.334836527621195,0.2080152671755724,0.8041136141038193,0.3573289902280132,0.2047900034710167,0.6130434782608694,실속형 미식가,편리성을 중시하면서도 새로운 맛과 제품을 시도하는 데 적극적인 소비자 그룹입니다. 가격에 민감하기보다는 효율성과 맛을 동시에 추구합니다.
561,여자,50대,서비스 종사자,고졸(대학 재학 포함),경상북도,1세대가족,기혼,맞벌이 함,100-200만원 미만,0,0.4544776119402984,0.5001878992859826,0.4446564885496182,0.8237022526934379,0.3231270358306188,0.4192988545643871,0.4708695652173912,실속형 미식가,편리성을 중시하면서도 새로운 맛과 제품을 시도하는 데 적극적인 소비자 그룹입니다. 가격에 민감하기보다는 효율성과 맛을 동시에 추구합니다.
562,여자,60대 이상,주부,중졸 이하,제주특별자치도,1인 가구,미혼(사별/이혼 포함),맞벌이 하지 않음,100만원 미만,0,0.0634328358208956,0.3600150319428785,0.3170665212649944,0.7815866797257591,0.1296416938110751,0.6108989934050675,0.317391304347826,실속형 미식가,편리성을 중시하면서도 새로운 맛과 제품을 시도하는 데 적극적인 소비자 그룹입니다. 가격에 민감하기보다는 효율성과 맛을 동시에 추구합니다.
563,여자,60대 이상,서비스 종사자,고졸(대학 재학 포함),경상북도,2세대가족,기혼,맞벌이 함,"1,000만원 이상",3,0.7238805970149254,0.5377677564825253,0.3784078516902945,0.8041136141038193,0.5162866449511402,0.488024991322457,0.5173913043478258,트렌드 주도형 소비자,"자신의 취향과 경험을 중시하는 소비자 그룹입니다. 단순히 배를 채우는 것 이상의 가치를 추구하며, 새로운 제품을 가장 먼저 경험하고 공유하려는 경향이 강합니다"
564,남자,50대,서비스 종사자,고졸(대학 재학 포함),대구광역시,2세대가족,기혼,맞벌이 함,400-500만원 미만,3,0.5410447761194029,0.4250281848928972,0.2843511450381678,0.8432908912830556,0.3631921824104236,0.2710864283234986,0.6173913043478257,트렌드 주도형 소비자,"자신의 취향과 경험을 중시하는 소비자 그룹입니다. 단순히 배를 채우는 것 이상의 가치를 추구하며, 새로운 제품을 가장 먼저 경험하고 공유하려는 경향이 강합니다"
565,남자,20대,서비스 종사자,대학교 졸업(전문대졸/대학원생 포함),대전광역시,2세대가족,기혼,맞벌이 하지 않음,200-300만원 미만,3,0.6313432835820896,0.549041713641488,0.4223009814612866,0.9020568070519096,0.4091205211726387,0.4227698715723706,0.7926086956521738,트렌드 주도형 소비자,"자신의 취향과 경험을 중시하는 소비자 그룹입니다. 단순히 배를 채우는 것 이상의 가치를 추구하며, 새로운 제품을 가장 먼저 경험하고 공유하려는 경향이 강합니다"
566,여자,60대 이상,농림어업 숙련 종사자,중졸 이하,전라북도,1세대가족,기혼,맞벌이 함,300-400만원 미만,1,0.3134328358208955,0.3600150319428785,0.5528898582333699,0.7815866797257591,0.4299674267100979,0.5432141617493923,0.3782608695652173,건강 추구형 소비자,가격이나 브랜드에 크게 구애받지 않고 건강을 최우선으로 고려하는 프리미엄 소비자 그룹입니다. 건강과 편리성을 모두 만족시키는 제품에 기꺼이 지갑을 엽니다.
567,여자,40대,기능원 및 관련 기능 종사자,고졸(대학 재학 포함),대구광역시,2세대가족,기혼,맞벌이 함,400-500만원 미만,0,0.4320895522388061,0.3423524990605034,0.1881134133042526,0.8041136141038193,0.3719869706840392,0.2787226657410618,0.6565217391304344,실속형 미식가,편리성을 중시하면서도 새로운 맛과 제품을 시도하는 데 적극적인 소비자 그룹입니다. 가격에 민감하기보다는 효율성과 맛을 동시에 추구합니다.
568,여자,60대 이상,서비스 종사자,고졸(대학 재학 포함),경상남도,1세대가족,기혼,맞벌이 함,400-500만원 미만,1,0.1194029850746271,0.5640736565201049,0.5896946564885492,0.7845249755142015,0.2671009771986971,0.2238805970149251,0.1304347826086955,건강 추구형 소비자,가격이나 브랜드에 크게 구애받지 않고 건강을 최우선으로 고려하는 프리미엄 소비자 그룹입니다. 건강과 편리성을 모두 만족시키는 제품에 기꺼이 지갑을 엽니다.
569,여자,60대 이상,농림어업 숙련 종사자,고졸(대학 재학 포함),전라북도,1세대가족,기혼,맞벌이 함,400-500만원 미만,1,0.469402985074627,0.4295377677564823,0.5038167938931299,0.6983349657198823,0.4263843648208469,0.4352655328011107,0.2739130434782606,건강 추구형 소비자,가격이나 브랜드에 크게 구애받지 않고 건강을 최우선으로 고려하는 프리미엄 소비자 그룹입니다. 건강과 편리성을 모두 만족시키는 제품에 기꺼이 지갑을 엽니다.
570,여자,60대 이상,판매 종사자,고졸(대학 재학 포함),경기도,1인 가구,미혼(사별/이혼 포함),맞벌이 하지 않음,200-300만원 미만,3,0.7507462686567162,0.4550920706501315,0.563794983642312,0.9216454456415274,0.7052117263843646,0.4151336341548071,0.6173913043478257,트렌드 주도형 소비자,"자신의 취향과 경험을 중시하는 소비자 그룹입니다. 단순히 배를 채우는 것 이상의 가치를 추구하며, 새로운 제품을 가장 먼저 경험하고 공유하려는 경향이 강합니다"
571,여자,60대 이상,서비스 종사자,고졸(대학 재학 포함),경상북도,1세대가족,기혼,맞벌이 함,600-700만원 미만,3,0.6723880597014925,0.6016535137166477,0.4111232279171211,0.8628795298726734,0.3824104234527687,0.3724401249566121,0.3478260869565215,트렌드 주도형 소비자,"자신의 취향과 경험을 중시하는 소비자 그룹입니다. 단순히 배를 채우는 것 이상의 가치를 추구하며, 새로운 제품을 가장 먼저 경험하고 공유하려는 경향이 강합니다"
572,여자,40대,서비스 종사자,대학교 졸업(전문대졸/대학원생 포함),경상북도,2세대가족,기혼,맞벌이 함,800-900만원 미만,3,0.5985074626865673,0.5302517850432169,0.4165757906215917,0.7845249755142015,0.3338762214983714,0.4186046511627904,0.3695652173913043,트렌드 주도형 소비자,"자신의 취향과 경험을 중시하는 소비자 그룹입니다. 단순히 배를 채우는 것 이상의 가치를 추구하며, 새로운 제품을 가장 먼저 경험하고 공유하려는 경향이 강합니다"
573,여자,60대 이상,주부,중졸 이하,경상남도,1인 가구,미혼(사별/이혼 포함),맞벌이 하지 않음,100-200만원 미만,1,0.1514925373134329,0.5527996993611421,0.4642857142857146,0.6865817825661112,0.3104234527687299,0.3998611593196806,0.0782608695652173,건강 추구형 소비자,가격이나 브랜드에 크게 구애받지 않고 건강을 최우선으로 고려하는 프리미엄 소비자 그룹입니다. 건강과 편리성을 모두 만족시키는 제품에 기꺼이 지갑을 엽니다.
574,여자,60대 이상,농림어업 숙련 종사자,고졸(대학 재학 포함),전라북도,1인 가구,미혼(사별/이혼 포함),맞벌이 하지 않음,200-300만원 미만,3,0.5179104477611942,0.4502066892145808,0.3538713195201745,0.8207639569049947,0.4517915309446253,0.4682401943769524,0.3304347826086955,트렌드 주도형 소비자,"자신의 취향과 경험을 중시하는 소비자 그룹입니다. 단순히 배를 채우는 것 이상의 가치를 추구하며, 새로운 제품을 가장 먼저 경험하고 공유하려는 경향이 강합니다"
575,여자,40대,주부,대학교 졸업(전문대졸/대학원생 포함),경상북도,2세대가족,기혼,맞벌이 하지 않음,400-500만원 미만,3,0.7194029850746269,0.4851559564073657,0.4165757906215917,0.8432908912830556,0.4475570032573289,0.5348837209302324,0.4447826086956521,트렌드 주도형 소비자,"자신의 취향과 경험을 중시하는 소비자 그룹입니다. 단순히 배를 채우는 것 이상의 가치를 추구하며, 새로운 제품을 가장 먼저 경험하고 공유하려는 경향이 강합니다"
576,여자,50대,서비스 종사자,고졸(대학 재학 포함),경기도,2세대가족,미혼(사별/이혼 포함),맞벌이 하지 않음,400-500만원 미만,1,0.5559701492537314,0.4513340849304773,0.6886586695747003,0.8628795298726734,0.796742671009772,0.3717459215550155,0.1,건강 추구형 소비자,가격이나 브랜드에 크게 구애받지 않고 건강을 최우선으로 고려하는 프리미엄 소비자 그룹입니다. 건강과 편리성을 모두 만족시키는 제품에 기꺼이 지갑을 엽니다.
577,여자,50대,주부,대학교 졸업(전문대졸/대학원생 포함),경기도,2세대가족,기혼,맞벌이 하지 않음,600-700만원 미만,3,0.7805970149253733,0.46260804208944,0.543347873500545,0.9216454456415274,0.6091205211726386,0.3377299548767786,0.7043478260869562,트렌드 주도형 소비자,"자신의 취향과 경험을 중시하는 소비자 그룹입니다. 단순히 배를 채우는 것 이상의 가치를 추구하며, 새로운 제품을 가장 먼저 경험하고 공유하려는 경향이 강합니다"
578,여자,60대 이상,농림어업 숙련 종사자,고졸(대학 재학 포함),전라북도,1세대가족,기혼,맞벌이 함,400-500만원 미만,3,0.5261194029850745,0.5001878992859826,0.4765539803707745,0.8628795298726734,0.4511400651465799,0.391183616799722,0.4739130434782606,트렌드 주도형 소비자,"자신의 취향과 경험을 중시하는 소비자 그룹입니다. 단순히 배를 채우는 것 이상의 가치를 추구하며, 새로운 제품을 가장 먼저 경험하고 공유하려는 경향이 강합니다"
579,여자,60대 이상,주부,중졸 이하,대구광역시,1세대가족,기혼,맞벌이 하지 않음,200-300만원 미만,1,0.606716417910448,0.3461104847801576,0.6627589967284622,0.7453476983349653,0.5449511400651466,0.3120444290177021,0.1260869565217391,건강 추구형 소비자,가격이나 브랜드에 크게 구애받지 않고 건강을 최우선으로 고려하는 프리미엄 소비자 그룹입니다. 건강과 편리성을 모두 만족시키는 제품에 기꺼이 지갑을 엽니다.
580,여자,60대 이상,농림어업 숙련 종사자,중졸 이하,전라북도,1세대가족,기혼,맞벌이 함,300-400만원 미만,3,0.5955223880597016,0.4926719278466742,0.4738276990185385,0.8432908912830556,0.4651465798045605,0.429711905588337,0.4565217391304347,트렌드 주도형 소비자,"자신의 취향과 경험을 중시하는 소비자 그룹입니다. 단순히 배를 채우는 것 이상의 가치를 추구하며, 새로운 제품을 가장 먼저 경험하고 공유하려는 경향이 강합니다"
581,여자,30대,사무 종사자,대학교 졸업(전문대졸/대학원생 포함),대구광역시,2세대가족,기혼,맞벌이 함,500-600만원 미만,3,0.4470149253731343,0.334836527621195,0.2699018538713194,0.7845249755142015,0.4892508143322477,0.279763970843457,0.4739130434782606,트렌드 주도형 소비자,"자신의 취향과 경험을 중시하는 소비자 그룹입니다. 단순히 배를 채우는 것 이상의 가치를 추구하며, 새로운 제품을 가장 먼저 경험하고 공유하려는 경향이 강합니다"
582,여자,60대 이상,주부,중졸 이하,전라북도,1인 가구,미혼(사별/이혼 포함),맞벌이 하지 않음,100만원 미만,3,0.5313432835820898,0.4813979706877111,0.3797709923664126,0.7032321253672866,0.4175895765472314,0.5019090593543907,0.4260869565217389,트렌드 주도형 소비자,"자신의 취향과 경험을 중시하는 소비자 그룹입니다. 단순히 배를 채우는 것 이상의 가치를 추구하며, 새로운 제품을 가장 먼저 경험하고 공유하려는 경향이 강합니다"
583,남자,50대,서비스 종사자,대학교 졸업(전문대졸/대학원생 포함),제주특별자치도,2세대가족,미혼(사별/이혼 포함),맞벌이 하지 않음,200-300만원 미만,3,0.6231343283582089,0.5001878992859826,0.1725736095965104,0.7257590597453475,0.3925081433224759,0.2398472752516483,0.5882608695652174,트렌드 주도형 소비자,"자신의 취향과 경험을 중시하는 소비자 그룹입니다. 단순히 배를 채우는 것 이상의 가치를 추구하며, 새로운 제품을 가장 먼저 경험하고 공유하려는 경향이 강합니다"
584,여자,40대,사무 종사자,대학교 졸업(전문대졸/대학원생 포함),제주특별자치도,1인 가구,미혼(사별/이혼 포함),맞벌이 하지 않음,200-300만원 미만,3,0.7858208955223882,0.4926719278466742,0.4991821155943296,0.8628795298726734,0.6312703583061889,0.3040610898993402,0.5173913043478258,트렌드 주도형 소비자,"자신의 취향과 경험을 중시하는 소비자 그룹입니다. 단순히 배를 채우는 것 이상의 가치를 추구하며, 새로운 제품을 가장 먼저 경험하고 공유하려는 경향이 강합니다"
585,여자,50대,서비스 종사자,대학교 졸업(전문대졸/대학원생 포함),대구광역시,2세대가족,기혼,맞벌이 함,500-600만원 미만,0,0.4470149253731343,0.4851559564073657,0.0853326063249723,0.8237022526934379,0.1755700325732902,0.2266574106213117,0.727391304347826,실속형 미식가,편리성을 중시하면서도 새로운 맛과 제품을 시도하는 데 적극적인 소비자 그룹입니다. 가격에 민감하기보다는 효율성과 맛을 동시에 추구합니다.
586,여자,30대,사무 종사자,대학교 졸업(전문대졸/대학원생 포함),서울특별시,1인 가구,미혼(사별/이혼 포함),맞벌이 하지 않음,200-300만원 미만,0,0.5074626865671642,0.603532506576475,0.1698473282442751,0.622918707149853,0.3514657980456029,0.1700798333911835,0.4782608695652171,실속형 미식가,편리성을 중시하면서도 새로운 맛과 제품을 시도하는 데 적극적인 소비자 그룹입니다. 가격에 민감하기보다는 효율성과 맛을 동시에 추구합니다.
587,여자,40대,사무 종사자,대학교 졸업(전문대졸/대학원생 포함),인천광역시,1인 가구,미혼(사별/이혼 포함),맞벌이 하지 않음,300-400만원 미만,3,0.6664179104477611,0.7294250281848926,0.2818974918211559,0.8432908912830556,0.4231270358306188,0.3134328358208954,0.4826086956521738,트렌드 주도형 소비자,"자신의 취향과 경험을 중시하는 소비자 그룹입니다. 단순히 배를 채우는 것 이상의 가치를 추구하며, 새로운 제품을 가장 먼저 경험하고 공유하려는 경향이 강합니다"
588,여자,60대 이상,주부,중졸 이하,전라북도,1인 가구,미혼(사별/이혼 포함),맞벌이 하지 않음,100만원 미만,0,0.3216417910447761,0.4013528748590754,0.3266085059978191,0.801175318315377,0.2804560260586323,0.5435612634501905,0.6043478260869563,실속형 미식가,편리성을 중시하면서도 새로운 맛과 제품을 시도하는 데 적극적인 소비자 그룹입니다. 가격에 민감하기보다는 효율성과 맛을 동시에 추구합니다.
589,여자,30대,사무 종사자,대학교 졸업(전문대졸/대학원생 포함),제주특별자치도,2세대가족,기혼,맞벌이 함,400-500만원 미만,3,0.546268656716418,0.5077038707252911,0.3811341330425298,0.7257590597453475,0.4387622149837134,0.4009024644220753,0.5173913043478258,트렌드 주도형 소비자,"자신의 취향과 경험을 중시하는 소비자 그룹입니다. 단순히 배를 채우는 것 이상의 가치를 추구하며, 새로운 제품을 가장 먼저 경험하고 공유하려는 경향이 강합니다"
590,여자,30대,사무 종사자,대학교 졸업(전문대졸/대학원생 포함),제주특별자치도,2세대가족,기혼,맞벌이 함,500-600만원 미만,3,0.6164179104477611,0.5866215708380308,0.3157033805888764,0.706170421155729,0.3814332247557005,0.352655328011107,0.5869565217391303,트렌드 주도형 소비자,"자신의 취향과 경험을 중시하는 소비자 그룹입니다. 단순히 배를 채우는 것 이상의 가치를 추구하며, 새로운 제품을 가장 먼저 경험하고 공유하려는 경향이 강합니다"
591,여자,50대,서비스 종사자,대학교 졸업(전문대졸/대학원생 포함),대구광역시,2세대가족,기혼,맞벌이 함,600-700만원 미만,0,0.4067164179104477,0.3912063134160088,0.0926935659760087,0.8432908912830556,0.2166123778501632,0.2578965636931619,0.7478260869565216,실속형 미식가,편리성을 중시하면서도 새로운 맛과 제품을 시도하는 데 적극적인 소비자 그룹입니다. 가격에 민감하기보다는 효율성과 맛을 동시에 추구합니다.
592,여자,50대,서비스 종사자,고졸(대학 재학 포함),제주특별자치도,1세대가족,기혼,맞벌이 함,500-600만원 미만,3,0.7373134328358211,0.5077038707252911,0.4173936750272629,0.7453476983349653,0.5237785016286645,0.3346060395695938,0.578260869565217,트렌드 주도형 소비자,"자신의 취향과 경험을 중시하는 소비자 그룹입니다. 단순히 배를 채우는 것 이상의 가치를 추구하며, 새로운 제품을 가장 먼저 경험하고 공유하려는 경향이 강합니다"
593,남자,60대 이상,서비스 종사자,대학교 졸업(전문대졸/대학원생 포함),경기도,1인 가구,미혼(사별/이혼 포함),맞벌이 하지 않음,300-400만원 미만,1,0.5529850746268657,0.4438181134911688,0.6823882224645579,0.8432908912830556,0.636482084690554,0.3599444637278718,0.1173913043478259,건강 추구형 소비자,가격이나 브랜드에 크게 구애받지 않고 건강을 최우선으로 고려하는 프리미엄 소비자 그룹입니다. 건강과 편리성을 모두 만족시키는 제품에 기꺼이 지갑을 엽니다.
594,여자,60대 이상,주부,중졸 이하,대구광역시,1세대가족,기혼,맞벌이 하지 않음,100-200만원 미만,0,0.5007462686567165,0.4532130777903042,0.3328789531079609,0.7796278158667972,0.2576547231270362,0.3040610898993402,0.708695652173913,실속형 미식가,편리성을 중시하면서도 새로운 맛과 제품을 시도하는 데 적극적인 소비자 그룹입니다. 가격에 민감하기보다는 효율성과 맛을 동시에 추구합니다.
595,여자,50대,서비스 종사자,고졸(대학 재학 포함),대구광역시,2세대가족,기혼,맞벌이 함,400-500만원 미만,0,0.4320895522388061,0.3836903419767003,0.1717557251908393,0.8237022526934379,0.3361563517915312,0.2874002082610203,0.6565217391304344,실속형 미식가,편리성을 중시하면서도 새로운 맛과 제품을 시도하는 데 적극적인 소비자 그룹입니다. 가격에 민감하기보다는 효율성과 맛을 동시에 추구합니다.
596,여자,60대 이상,사무 종사자,고졸(대학 재학 포함),대구광역시,1세대가족,기혼,맞벌이 함,400-500만원 미만,3,0.5313432835820898,0.7143930853062758,0.2857142857142858,0.8041136141038193,0.3426710097719874,0.3644567858382503,0.452173913043478,트렌드 주도형 소비자,"자신의 취향과 경험을 중시하는 소비자 그룹입니다. 단순히 배를 채우는 것 이상의 가치를 추구하며, 새로운 제품을 가장 먼저 경험하고 공유하려는 경향이 강합니다"
597,여자,60대 이상,주부,고졸(대학 재학 포함),대구광역시,1세대가족,기혼,맞벌이 하지 않음,200-300만원 미만,0,0.4873134328358208,0.477639984968057,0.2489094874591058,0.8237022526934379,0.2811074918566776,0.2658799028115234,0.6782608695652173,실속형 미식가,편리성을 중시하면서도 새로운 맛과 제품을 시도하는 데 적극적인 소비자 그룹입니다. 가격에 민감하기보다는 효율성과 맛을 동시에 추구합니다.
598,여자,60대 이상,사무 종사자,고졸(대학 재학 포함),대구광역시,1세대가족,기혼,맞벌이 함,600-700만원 미만,0,0.3268656716417911,0.7132656895903793,0.4800981461286802,0.8207639569049947,0.3804560260586323,0.2533842415827835,0.4565217391304347,실속형 미식가,편리성을 중시하면서도 새로운 맛과 제품을 시도하는 데 적극적인 소비자 그룹입니다. 가격에 민감하기보다는 효율성과 맛을 동시에 추구합니다.
599,남자,20대,기능원 및 관련 기능 종사자,대학교 졸업(전문대졸/대학원생 포함),대구광역시,1인 가구,미혼(사별/이혼 포함),맞벌이 하지 않음,300-400만원 미만,3,0.5492537313432837,0.6580232995114619,0.2693565976008724,0.9020568070519096,0.3374592833876224,0.3880597014925373,0.4391304347826084,트렌드 주도형 소비자,"자신의 취향과 경험을 중시하는 소비자 그룹입니다. 단순히 배를 채우는 것 이상의 가치를 추구하며, 새로운 제품을 가장 먼저 경험하고 공유하려는 경향이 강합니다"
600,여자,60대 이상,사무 종사자,대학교 졸업(전문대졸/대학원생 포함),대구광역시,1세대가족,기혼,맞벌이 함,400-500만원 미만,3,0.6529850746268658,0.616685456595265,0.5174482006543071,0.7649363369245838,0.5074918566775246,0.4144394307532104,0.3913043478260869,트렌드 주도형 소비자,"자신의 취향과 경험을 중시하는 소비자 그룹입니다. 단순히 배를 채우는 것 이상의 가치를 추구하며, 새로운 제품을 가장 먼저 경험하고 공유하려는 경향이 강합니다"
601,남자,50대,기능원 및 관련 기능 종사자,대학교 졸업(전문대졸/대학원생 포함),대구광역시,1인 가구,미혼(사별/이혼 포함),맞벌이 하지 않음,200-300만원 미만,0,0.2611940298507462,0.5975197294250282,0.3124318429661942,0.6953966699314392,0.2983713355048863,0.1943769524470667,0.6391304347826086,실속형 미식가,편리성을 중시하면서도 새로운 맛과 제품을 시도하는 데 적극적인 소비자 그룹입니다. 가격에 민감하기보다는 효율성과 맛을 동시에 추구합니다.
602,여자,50대,주부,대학교 졸업(전문대졸/대학원생 포함),경기도,2세대가족,기혼,맞벌이 하지 않음,500-600만원 미만,1,0.6671641791044779,0.3799323562570461,0.6905670665212644,0.7649363369245838,0.600651465798046,0.3450190905935438,0.0913043478260869,건강 추구형 소비자,가격이나 브랜드에 크게 구애받지 않고 건강을 최우선으로 고려하는 프리미엄 소비자 그룹입니다. 건강과 편리성을 모두 만족시키는 제품에 기꺼이 지갑을 엽니다.
603,여자,60대 이상,단순노무 종사자,중졸 이하,경상북도,1인 가구,미혼(사별/이혼 포함),맞벌이 하지 않음,100-200만원 미만,3,0.6298507462686568,0.549041713641488,0.4855507088331515,0.7845249755142015,0.431270358306189,0.4835126692120789,0.4056521739130434,트렌드 주도형 소비자,"자신의 취향과 경험을 중시하는 소비자 그룹입니다. 단순히 배를 채우는 것 이상의 가치를 추구하며, 새로운 제품을 가장 먼저 경험하고 공유하려는 경향이 강합니다"
604,남자,60대 이상,기능원 및 관련 기능 종사자,고졸(대학 재학 포함),대구광역시,1인 가구,미혼(사별/이혼 포함),맞벌이 하지 않음,300-400만원 미만,3,0.5679104477611938,0.5866215708380308,0.3088876772082877,0.7649363369245838,0.4205211726384365,0.3408538701839637,0.2956521739130433,트렌드 주도형 소비자,"자신의 취향과 경험을 중시하는 소비자 그룹입니다. 단순히 배를 채우는 것 이상의 가치를 추구하며, 새로운 제품을 가장 먼저 경험하고 공유하려는 경향이 강합니다"
605,여자,40대,사무 종사자,대학교 졸업(전문대졸/대학원생 포함),대구광역시,2세대가족,기혼,맞벌이 함,400-500만원 미만,0,0.2089552238805972,0.5900037579857197,0.5351690294438385,0.6953966699314392,0.3013029315960914,0.2325581395348835,0.5347826086956521,실속형 미식가,편리성을 중시하면서도 새로운 맛과 제품을 시도하는 데 적극적인 소비자 그룹입니다. 가격에 민감하기보다는 효율성과 맛을 동시에 추구합니다.
606,여자,60대 이상,주부,대학교 졸업(전문대졸/대학원생 포함),대구광역시,1세대가족,기혼,맞벌이 하지 않음,200-300만원 미만,0,0.2761194029850746,0.4735062006764375,0.5793347873500541,0.6758080313418215,0.3283387622149838,0.2533842415827835,0.4782608695652171,실속형 미식가,편리성을 중시하면서도 새로운 맛과 제품을 시도하는 데 적극적인 소비자 그룹입니다. 가격에 민감하기보다는 효율성과 맛을 동시에 추구합니다.
607,여자,60대 이상,판매 종사자,대학교 졸업(전문대졸/대학원생 포함),대전광역시,2세대가족,기혼,맞벌이 함,500-600만원 미만,1,0.3977611940298506,0.6279594137542276,0.6414940021810251,0.8628795298726734,0.4214983713355053,0.3255813953488372,0.2826086956521738,건강 추구형 소비자,가격이나 브랜드에 크게 구애받지 않고 건강을 최우선으로 고려하는 프리미엄 소비자 그룹입니다. 건강과 편리성을 모두 만족시키는 제품에 기꺼이 지갑을 엽니다.
608,남자,40대,사무 종사자,대학교 졸업(전문대졸/대학원생 포함),대전광역시,2세대가족,기혼,맞벌이 함,600-700만원 미만,1,0.4917910447761193,0.5170988350244269,0.6185932388222459,0.7796278158667972,0.393811074918567,0.2867060048594236,0.4695652173913042,건강 추구형 소비자,가격이나 브랜드에 크게 구애받지 않고 건강을 최우선으로 고려하는 프리미엄 소비자 그룹입니다. 건강과 편리성을 모두 만족시키는 제품에 기꺼이 지갑을 엽니다.
609,여자,30대,사무 종사자,대학교 졸업(전문대졸/대학원생 포함),대전광역시,2세대가족,기혼,맞벌이 함,600-700만원 미만,1,0.4649253731343284,0.4983089064261557,0.7475463467829877,0.8188050930460328,0.5557003257328991,0.2648385977091285,0.3608695652173911,건강 추구형 소비자,가격이나 브랜드에 크게 구애받지 않고 건강을 최우선으로 고려하는 프리미엄 소비자 그룹입니다. 건강과 편리성을 모두 만족시키는 제품에 기꺼이 지갑을 엽니다.
610,여자,50대,서비스 종사자,대학교 졸업(전문대졸/대학원생 포함),울산광역시,2세대가족,미혼(사별/이혼 포함),맞벌이 하지 않음,400-500만원 미만,3,0.5597014925373136,0.5527996993611421,0.4465648854961832,0.9804113614103814,0.4482084690553748,0.2846233946546337,0.5347826086956521,트렌드 주도형 소비자,"자신의 취향과 경험을 중시하는 소비자 그룹입니다. 단순히 배를 채우는 것 이상의 가치를 추구하며, 새로운 제품을 가장 먼저 경험하고 공유하려는 경향이 강합니다"
611,여자,40대,사무 종사자,대학교 졸업(전문대졸/대학원생 포함),부산광역시,2세대가족,기혼,맞벌이 함,500-600만원 미만,0,0.3738805970149254,0.5302517850432169,0.3410577971646676,0.9020568070519096,0.4990228013029316,0.3439777854911485,0.344782608695652,실속형 미식가,편리성을 중시하면서도 새로운 맛과 제품을 시도하는 데 적극적인 소비자 그룹입니다. 가격에 민감하기보다는 효율성과 맛을 동시에 추구합니다.
612,여자,60대 이상,주부,고졸(대학 재학 포함),부산광역시,1세대가족,기혼,맞벌이 하지 않음,200-300만원 미만,0,0.2447761194029852,0.4813979706877111,0.3699563794983644,0.7845249755142015,0.3495114006514659,0.1943769524470667,0.4130434782608693,실속형 미식가,편리성을 중시하면서도 새로운 맛과 제품을 시도하는 데 적극적인 소비자 그룹입니다. 가격에 민감하기보다는 효율성과 맛을 동시에 추구합니다.
613,여자,60대 이상,주부,대학교 졸업(전문대졸/대학원생 포함),부산광역시,1세대가족,기혼,맞벌이 하지 않음,200-300만원 미만,0,0.4350746268656718,0.5640736565201049,0.3759541984732826,0.7845249755142015,0.2592833876221498,0.2821936827490455,0.5534782608695652,실속형 미식가,편리성을 중시하면서도 새로운 맛과 제품을 시도하는 데 적극적인 소비자 그룹입니다. 가격에 민감하기보다는 효율성과 맛을 동시에 추구합니다.
614,남자,60대 이상,사무 종사자,대학교 졸업(전문대졸/대학원생 포함),부산광역시,2세대가족,기혼,맞벌이 함,600-700만원 미만,0,0.4029850746268655,0.5903795565576849,0.1439476553980371,0.7257590597453475,0.3765472312703584,0.3415480735855605,0.2782608695652173,실속형 미식가,편리성을 중시하면서도 새로운 맛과 제품을 시도하는 데 적극적인 소비자 그룹입니다. 가격에 민감하기보다는 효율성과 맛을 동시에 추구합니다.
615,남자,50대,사무 종사자,대학교 졸업(전문대졸/대학원생 포함),강원도,2세대가족,기혼,맞벌이 함,800-900만원 미만,1,0.1664179104477611,0.3987222848553172,0.769083969465649,0.8628795298726734,0.4231270358306188,0.3922249219021172,0.3652173913043475,건강 추구형 소비자,가격이나 브랜드에 크게 구애받지 않고 건강을 최우선으로 고려하는 프리미엄 소비자 그룹입니다. 건강과 편리성을 모두 만족시키는 제품에 기꺼이 지갑을 엽니다.
616,여자,60대 이상,판매 종사자,고졸(대학 재학 포함),광주광역시,1세대가족,기혼,맞벌이 함,400-500만원 미만,3,0.5231343283582088,0.4325441563322056,0.3143402399127592,0.7257590597453475,0.3977198697068404,0.4092329052412355,0.434782608695652,트렌드 주도형 소비자,"자신의 취향과 경험을 중시하는 소비자 그룹입니다. 단순히 배를 채우는 것 이상의 가치를 추구하며, 새로운 제품을 가장 먼저 경험하고 공유하려는 경향이 강합니다"
617,여자,60대 이상,판매 종사자,고졸(대학 재학 포함),광주광역시,1세대가족,기혼,맞벌이 함,500-600만원 미만,0,0.4761194029850747,0.4024802705749719,0.3306979280261725,0.6669931439764935,0.3869706840390879,0.3783408538701835,0.4869565217391302,실속형 미식가,편리성을 중시하면서도 새로운 맛과 제품을 시도하는 데 적극적인 소비자 그룹입니다. 가격에 민감하기보다는 효율성과 맛을 동시에 추구합니다.
618,남자,60대 이상,장치·기계 조작 및 조립 종사자,대학교 졸업(전문대졸/대학원생 포함),대구광역시,1세대가족,기혼,맞벌이 함,500-600만원 미만,3,0.6514925373134329,0.7406989853438554,0.3418756815703379,0.9020568070519096,0.4530944625407169,0.3779937521693854,0.3521739130434779,트렌드 주도형 소비자,"자신의 취향과 경험을 중시하는 소비자 그룹입니다. 단순히 배를 채우는 것 이상의 가치를 추구하며, 새로운 제품을 가장 먼저 경험하고 공유하려는 경향이 강합니다"
619,여자,50대,주부,대학교 졸업(전문대졸/대학원생 포함),경기도,2세대가족,기혼,맞벌이 하지 않음,600-700만원 미만,1,0.5276119402985077,0.5001878992859826,0.7063794983642309,0.8628795298726734,0.85928338762215,0.3151683443248871,0.0826086956521737,건강 추구형 소비자,가격이나 브랜드에 크게 구애받지 않고 건강을 최우선으로 고려하는 프리미엄 소비자 그룹입니다. 건강과 편리성을 모두 만족시키는 제품에 기꺼이 지갑을 엽니다.
620,남자,60대 이상,판매 종사자,대학교 졸업(전문대졸/대학원생 포함),광주광역시,2세대가족,기혼,맞벌이 함,500-600만원 미만,3,0.5044776119402986,0.394964299135663,0.2052889858233371,0.7649363369245838,0.4035830618892508,0.2790697674418604,0.4999999999999998,트렌드 주도형 소비자,"자신의 취향과 경험을 중시하는 소비자 그룹입니다. 단순히 배를 채우는 것 이상의 가치를 추구하며, 새로운 제품을 가장 먼저 경험하고 공유하려는 경향이 강합니다"
621,여자,60대 이상,주부,고졸(대학 재학 포함),강원도,1세대가족,기혼,맞벌이 하지 않음,200-300만원 미만,1,0.1044776119402986,0.3836903419767003,0.7772628135223556,0.8432908912830556,0.3990228013029316,0.4109684137452272,0.2782608695652173,건강 추구형 소비자,가격이나 브랜드에 크게 구애받지 않고 건강을 최우선으로 고려하는 프리미엄 소비자 그룹입니다. 건강과 편리성을 모두 만족시키는 제품에 기꺼이 지갑을 엽니다.
622,남자,30대,장치·기계 조작 및 조립 종사자,대학교 졸업(전문대졸/대학원생 포함),대구광역시,1인 가구,미혼(사별/이혼 포함),맞벌이 하지 않음,300-400만원 미만,1,0.4776119402985077,0.334836527621195,0.575517993456925,0.7453476983349653,0.4592833876221501,0.3332176327664005,0.0652173913043478,건강 추구형 소비자,가격이나 브랜드에 크게 구애받지 않고 건강을 최우선으로 고려하는 프리미엄 소비자 그룹입니다. 건강과 편리성을 모두 만족시키는 제품에 기꺼이 지갑을 엽니다.
623,여자,50대,주부,고졸(대학 재학 포함),대구광역시,1세대가족,기혼,맞벌이 하지 않음,300-400만원 미만,0,0.2761194029850746,0.6155580608793685,0.4934569247546348,0.7619980411361407,0.3429967426710098,0.2395001735508502,0.3913043478260869,실속형 미식가,편리성을 중시하면서도 새로운 맛과 제품을 시도하는 데 적극적인 소비자 그룹입니다. 가격에 민감하기보다는 효율성과 맛을 동시에 추구합니다.
624,여자,60대 이상,사무 종사자,대학교 졸업(전문대졸/대학원생 포함),대구광역시,1세대가족,기혼,맞벌이 함,500-600만원 미만,3,0.6097014925373136,0.69184517098835,0.5128135223555068,0.9216454456415274,0.4583061889250815,0.423464074973967,0.4217391304347824,트렌드 주도형 소비자,"자신의 취향과 경험을 중시하는 소비자 그룹입니다. 단순히 배를 채우는 것 이상의 가치를 추구하며, 새로운 제품을 가장 먼저 경험하고 공유하려는 경향이 강합니다"
625,여자,60대 이상,단순노무 종사자,고졸(대학 재학 포함),강원도,1인 가구,미혼(사별/이혼 포함),맞벌이 하지 않음,200-300만원 미만,1,0.0895522388059701,0.3836903419767003,0.7464558342420939,0.8237022526934379,0.3397394136807817,0.4553974314474138,0.3752173913043476,건강 추구형 소비자,가격이나 브랜드에 크게 구애받지 않고 건강을 최우선으로 고려하는 프리미엄 소비자 그룹입니다. 건강과 편리성을 모두 만족시키는 제품에 기꺼이 지갑을 엽니다.
626,여자,60대 이상,판매 종사자,고졸(대학 재학 포함),광주광역시,2세대가족,기혼,맞벌이 함,600-700만원 미만,3,0.6858208955223881,0.5678316422397591,0.2734460196292258,0.7453476983349653,0.4241042345276875,0.2578965636931619,0.4391304347826084,트렌드 주도형 소비자,"자신의 취향과 경험을 중시하는 소비자 그룹입니다. 단순히 배를 채우는 것 이상의 가치를 추구하며, 새로운 제품을 가장 먼저 경험하고 공유하려는 경향이 강합니다"
627,여자,50대,주부,대학교 졸업(전문대졸/대학원생 포함),경기도,2세대가족,기혼,맞벌이 하지 않음,500-600만원 미만,1,0.5059701492537315,0.6429913566328446,0.5760632497273719,0.8824681684622918,0.6358306188925081,0.395348837209302,0.1260869565217391,건강 추구형 소비자,가격이나 브랜드에 크게 구애받지 않고 건강을 최우선으로 고려하는 프리미엄 소비자 그룹입니다. 건강과 편리성을 모두 만족시키는 제품에 기꺼이 지갑을 엽니다.
628,여자,60대 이상,주부,고졸(대학 재학 포함),제주특별자치도,2세대가족,미혼(사별/이혼 포함),맞벌이 하지 않음,100-200만원 미만,0,0.5216417910447763,0.4137542277339346,0.1207742639040351,0.5690499510284032,0.3003257328990228,0.1752863589031583,0.5391304347826085,실속형 미식가,편리성을 중시하면서도 새로운 맛과 제품을 시도하는 데 적극적인 소비자 그룹입니다. 가격에 민감하기보다는 효율성과 맛을 동시에 추구합니다.
629,여자,50대,서비스 종사자,대학교 졸업(전문대졸/대학원생 포함),제주특별자치도,2세대가족,기혼,맞벌이 하지 않음,300-400만원 미만,3,0.6753731343283582,0.6016535137166477,0.1502181025081788,0.7257590597453475,0.3127035830618893,0.2898299201666084,0.4565217391304347,트렌드 주도형 소비자,"자신의 취향과 경험을 중시하는 소비자 그룹입니다. 단순히 배를 채우는 것 이상의 가치를 추구하며, 새로운 제품을 가장 먼저 경험하고 공유하려는 경향이 강합니다"
630,여자,40대,전문가 및 관련 종사자,대학교 졸업(전문대졸/대학원생 포함),제주특별자치도,1인 가구,미혼(사별/이혼 포함),맞벌이 하지 않음,100-200만원 미만,0,0.5365671641791044,0.5114618564449454,0.1485823336968373,0.647404505386875,0.2732899022801304,0.1884762235334949,0.5173913043478258,실속형 미식가,편리성을 중시하면서도 새로운 맛과 제품을 시도하는 데 적극적인 소비자 그룹입니다. 가격에 민감하기보다는 효율성과 맛을 동시에 추구합니다.
631,여자,20대,전문가 및 관련 종사자,대학원 졸업 이상,제주특별자치도,1인 가구,미혼(사별/이혼 포함),맞벌이 하지 않음,200-300만원 미만,3,0.6604477611940297,0.7219090567455841,0.0929661941112321,0.6669931439764935,0.2622149837133554,0.1825754946199234,0.2913043478260869,트렌드 주도형 소비자,"자신의 취향과 경험을 중시하는 소비자 그룹입니다. 단순히 배를 채우는 것 이상의 가치를 추구하며, 새로운 제품을 가장 먼저 경험하고 공유하려는 경향이 강합니다"
632,남자,30대,기능원 및 관련 기능 종사자,대학교 졸업(전문대졸/대학원생 포함),대구광역시,1인 가구,미혼(사별/이혼 포함),맞벌이 하지 않음,300-400만원 미만,3,0.6365671641791045,0.7707628711010897,0.4092148309705561,0.8628795298726734,0.4501628664495117,0.4328358208955222,0.5173913043478258,트렌드 주도형 소비자,"자신의 취향과 경험을 중시하는 소비자 그룹입니다. 단순히 배를 채우는 것 이상의 가치를 추구하며, 새로운 제품을 가장 먼저 경험하고 공유하려는 경향이 강합니다"
633,남자,50대,사무 종사자,대학교 졸업(전문대졸/대학원생 포함),제주특별자치도,2세대가족,기혼,맞벌이 하지 않음,400-500만원 미만,3,0.6417910447761195,0.830890642615558,0.1930207197382771,0.7257590597453475,0.2768729641693813,0.1839639014231168,0.327391304347826,트렌드 주도형 소비자,"자신의 취향과 경험을 중시하는 소비자 그룹입니다. 단순히 배를 채우는 것 이상의 가치를 추구하며, 새로운 제품을 가장 먼저 경험하고 공유하려는 경향이 강합니다"
634,남자,20대,전문가 및 관련 종사자,대학교 졸업(전문대졸/대학원생 포함),제주특별자치도,1인 가구,미혼(사별/이혼 포함),맞벌이 하지 않음,200-300만원 미만,0,0.5208955223880599,0.71815107102593,0.130316248636859,0.706170421155729,0.2452768729641697,0.2197153766053451,0.3652173913043475,실속형 미식가,편리성을 중시하면서도 새로운 맛과 제품을 시도하는 데 적극적인 소비자 그룹입니다. 가격에 민감하기보다는 효율성과 맛을 동시에 추구합니다.
635,여자,20대,전문가 및 관련 종사자,대학교 졸업(전문대졸/대학원생 포함),제주특별자치도,1인 가구,미혼(사별/이혼 포함),맞벌이 하지 않음,100-200만원 미만,0,0.5597014925373136,0.6505073280721531,0.1679389312977102,0.706170421155729,0.3061889250814336,0.3536966331135023,0.4043478260869565,실속형 미식가,편리성을 중시하면서도 새로운 맛과 제품을 시도하는 데 적극적인 소비자 그룹입니다. 가격에 민감하기보다는 효율성과 맛을 동시에 추구합니다.
636,남자,60대 이상,기능원 및 관련 기능 종사자,대학교 졸업(전문대졸/대학원생 포함),대구광역시,1세대가족,기혼,맞벌이 하지 않음,300-400만원 미만,1,0.2761194029850746,0.37880496054115,0.6619411123227918,0.7619980411361407,0.3863192182410426,0.2707393266227004,0.4086956521739129,건강 추구형 소비자,가격이나 브랜드에 크게 구애받지 않고 건강을 최우선으로 고려하는 프리미엄 소비자 그룹입니다. 건강과 편리성을 모두 만족시키는 제품에 기꺼이 지갑을 엽니다.
637,여자,30대,사무 종사자,대학교 졸업(전문대졸/대학원생 포함),대구광역시,1세대가족,기혼,맞벌이 함,600-700만원 미만,0,0.2425373134328359,0.5020668921458099,0.3898582333696833,0.7796278158667972,0.3283387622149838,0.215203054494967,0.4217391304347824,실속형 미식가,편리성을 중시하면서도 새로운 맛과 제품을 시도하는 데 적극적인 소비자 그룹입니다. 가격에 민감하기보다는 효율성과 맛을 동시에 추구합니다.
638,여자,60대 이상,주부,고졸(대학 재학 포함),경기도,1인 가구,미혼(사별/이혼 포함),맞벌이 하지 않음,200-300만원 미만,1,0.6888059701492538,0.5302517850432169,0.6578516902944387,0.941234084231146,0.8651465798045602,0.3353002429711905,0.1,건강 추구형 소비자,가격이나 브랜드에 크게 구애받지 않고 건강을 최우선으로 고려하는 프리미엄 소비자 그룹입니다. 건강과 편리성을 모두 만족시키는 제품에 기꺼이 지갑을 엽니다.
639,여자,60대 이상,서비스 종사자,고졸(대학 재학 포함),대구광역시,1세대가족,기혼,맞벌이 함,400-500만원 미만,1,0.2761194029850746,0.413378429161969,0.6720283533260627,0.6562193927522038,0.2866449511400651,0.2117320374869833,0.4304347826086956,건강 추구형 소비자,가격이나 브랜드에 크게 구애받지 않고 건강을 최우선으로 고려하는 프리미엄 소비자 그룹입니다. 건강과 편리성을 모두 만족시키는 제품에 기꺼이 지갑을 엽니다.
640,여자,50대,주부,고졸(대학 재학 포함),강원도,1세대가족,기혼,맞벌이 하지 않음,500-600만원 미만,1,0.1365671641791045,0.3912063134160088,0.6968375136314069,0.8628795298726734,0.3309446254071662,0.3752169385629987,0.3969565217391303,건강 추구형 소비자,가격이나 브랜드에 크게 구애받지 않고 건강을 최우선으로 고려하는 프리미엄 소비자 그룹입니다. 건강과 편리성을 모두 만족시키는 제품에 기꺼이 지갑을 엽니다.
641,여자,50대,서비스 종사자,고졸(대학 재학 포함),대구광역시,2세대가족,기혼,맞벌이 하지 않음,200-300만원 미만,1,0.343283582089552,0.4614806463735439,0.6382224645583423,0.7619980411361407,0.3869706840390879,0.2637972926067334,0.4695652173913042,건강 추구형 소비자,가격이나 브랜드에 크게 구애받지 않고 건강을 최우선으로 고려하는 프리미엄 소비자 그룹입니다. 건강과 편리성을 모두 만족시키는 제품에 기꺼이 지갑을 엽니다.
642,여자,50대,서비스 종사자,대학교 졸업(전문대졸/대학원생 포함),대구광역시,1인 가구,미혼(사별/이혼 포함),맞벌이 하지 않음,300-400만원 미만,0,0.2761194029850746,0.3532506576475009,0.4615594329334785,0.6562193927522038,0.2931596091205213,0.2776813606386671,0.4999999999999998,실속형 미식가,편리성을 중시하면서도 새로운 맛과 제품을 시도하는 데 적극적인 소비자 그룹입니다. 가격에 민감하기보다는 효율성과 맛을 동시에 추구합니다.
643,여자,60대 이상,주부,고졸(대학 재학 포함),대구광역시,1세대가족,기혼,맞벌이 하지 않음,200-300만원 미만,1,0.2947761194029852,0.4885381435550543,0.6251363140676118,0.6953966699314392,0.3306188925081433,0.2395001735508502,0.4565217391304347,건강 추구형 소비자,가격이나 브랜드에 크게 구애받지 않고 건강을 최우선으로 고려하는 프리미엄 소비자 그룹입니다. 건강과 편리성을 모두 만족시키는 제품에 기꺼이 지갑을 엽니다.
644,여자,60대 이상,서비스 종사자,대학교 졸업(전문대졸/대학원생 포함),대구광역시,2세대가족,기혼,맞벌이 함,600-700만원 미만,3,0.5320895522388059,0.5791055993987222,0.600599781897492,0.8237022526934379,0.4677524429967427,0.4321416174939255,0.4913043478260865,트렌드 주도형 소비자,"자신의 취향과 경험을 중시하는 소비자 그룹입니다. 단순히 배를 채우는 것 이상의 가치를 추구하며, 새로운 제품을 가장 먼저 경험하고 공유하려는 경향이 강합니다"
645,남자,50대,전문가 및 관련 종사자,대학교 졸업(전문대졸/대학원생 포함),경기도,1인 가구,미혼(사별/이혼 포함),맞벌이 하지 않음,400-500만원 미만,1,0.6350746268656716,0.5715896279594138,0.5678844056706651,0.8237022526934379,0.7250814332247556,0.3891010065949319,0.1,건강 추구형 소비자,가격이나 브랜드에 크게 구애받지 않고 건강을 최우선으로 고려하는 프리미엄 소비자 그룹입니다. 건강과 편리성을 모두 만족시키는 제품에 기꺼이 지갑을 엽니다.
646,여자,60대 이상,주부,중졸 이하,강원도,1세대가족,기혼,맞벌이 하지 않음,200-300만원 미만,1,0.1231343283582088,0.3987222848553172,0.6382224645583423,0.8628795298726734,0.3403908794788275,0.4477611940298507,0.3782608695652173,건강 추구형 소비자,가격이나 브랜드에 크게 구애받지 않고 건강을 최우선으로 고려하는 프리미엄 소비자 그룹입니다. 건강과 편리성을 모두 만족시키는 제품에 기꺼이 지갑을 엽니다.
647,여자,60대 이상,판매 종사자,고졸(대학 재학 포함),제주특별자치도,1세대가족,기혼,맞벌이 함,"1,000만원 이상",1,0.3328358208955225,0.3385945133408491,0.8339694656488548,0.706170421155729,0.6902280130293162,0.1856994099271086,0.0882608695652173,건강 추구형 소비자,가격이나 브랜드에 크게 구애받지 않고 건강을 최우선으로 고려하는 프리미엄 소비자 그룹입니다. 건강과 편리성을 모두 만족시키는 제품에 기꺼이 지갑을 엽니다.
648,여자,30대,사무 종사자,대학교 졸업(전문대졸/대학원생 포함),인천광역시,1세대가족,기혼,맞벌이 함,500-600만원 미만,3,0.5350746268656716,0.5133408493047726,0.3293347873500544,0.7796278158667972,0.3241042345276876,0.3339118361679971,0.7478260869565216,트렌드 주도형 소비자,"자신의 취향과 경험을 중시하는 소비자 그룹입니다. 단순히 배를 채우는 것 이상의 가치를 추구하며, 새로운 제품을 가장 먼저 경험하고 공유하려는 경향이 강합니다"
649,여자,60대 이상,주부,중졸 이하,강원도,1인 가구,미혼(사별/이혼 포함),맞벌이 하지 않음,100-200만원 미만,1,0.1231343283582088,0.4588500563697856,0.7219193020719739,0.8628795298726734,0.3837133550488599,0.4873307879208605,0.2578260869565215,건강 추구형 소비자,가격이나 브랜드에 크게 구애받지 않고 건강을 최우선으로 고려하는 프리미엄 소비자 그룹입니다. 건강과 편리성을 모두 만족시키는 제품에 기꺼이 지갑을 엽니다.
650,여자,60대 이상,판매 종사자,고졸(대학 재학 포함),세종특별자치시,1세대가족,기혼,맞벌이 함,500-600만원 미만,3,0.6380597014925374,0.4964299135663284,0.5174482006543071,0.8041136141038193,0.3609120521172638,0.4842068726136757,0.4086956521739129,트렌드 주도형 소비자,"자신의 취향과 경험을 중시하는 소비자 그룹입니다. 단순히 배를 채우는 것 이상의 가치를 추구하며, 새로운 제품을 가장 먼저 경험하고 공유하려는 경향이 강합니다"
651,여자,50대,관리자,대학교 졸업(전문대졸/대학원생 포함),인천광역시,2세대가족,기혼,맞벌이 함,800-900만원 미만,3,0.5597014925373136,0.3968432919954903,0.4010359869138495,0.8383937316356512,0.3755700325732902,0.3075321069073236,0.8317391304347825,트렌드 주도형 소비자,"자신의 취향과 경험을 중시하는 소비자 그룹입니다. 단순히 배를 채우는 것 이상의 가치를 추구하며, 새로운 제품을 가장 먼저 경험하고 공유하려는 경향이 강합니다"
652,남자,60대 이상,판매 종사자,고졸(대학 재학 포함),경상북도,2세대가족,미혼(사별/이혼 포함),맞벌이 하지 않음,300-400만원 미만,0,0.2388059701492538,0.531379180759113,0.2298255179934571,0.706170421155729,0.3374592833876224,0.3595973620270737,0.4043478260869565,실속형 미식가,편리성을 중시하면서도 새로운 맛과 제품을 시도하는 데 적극적인 소비자 그룹입니다. 가격에 민감하기보다는 효율성과 맛을 동시에 추구합니다.
653,남자,30대,서비스 종사자,대학교 졸업(전문대졸/대학원생 포함),경상북도,3세대가족,기혼,맞벌이 하지 않음,400-500만원 미만,0,0.1567164179104479,0.4024802705749719,0.39803707742639,0.7649363369245838,0.3325732899022802,0.2023602915654286,0.2478260869565215,실속형 미식가,편리성을 중시하면서도 새로운 맛과 제품을 시도하는 데 적극적인 소비자 그룹입니다. 가격에 민감하기보다는 효율성과 맛을 동시에 추구합니다.
654,남자,60대 이상,단순노무 종사자,중졸 이하,경상북도,1인 가구,미혼(사별/이혼 포함),맞벌이 하지 않음,300-400만원 미만,0,0.1589552238805972,0.5990229237128899,0.1229552889858235,0.8628795298726734,0.2579804560260586,0.2811523776466503,0.5534782608695652,실속형 미식가,편리성을 중시하면서도 새로운 맛과 제품을 시도하는 데 적극적인 소비자 그룹입니다. 가격에 민감하기보다는 효율성과 맛을 동시에 추구합니다.
655,여자,50대,사무 종사자,대학교 졸업(전문대졸/대학원생 포함),경상북도,1세대가족,기혼,맞벌이 함,400-500만원 미만,0,0.2223880597014924,0.6016535137166477,0.2145583424209376,0.8041136141038193,0.2218241042345277,0.4019437695244705,0.5304347826086953,실속형 미식가,편리성을 중시하면서도 새로운 맛과 제품을 시도하는 데 적극적인 소비자 그룹입니다. 가격에 민감하기보다는 효율성과 맛을 동시에 추구합니다.
656,여자,50대,서비스 종사자,고졸(대학 재학 포함),충청남도,1인 가구,미혼(사별/이혼 포함),맞벌이 하지 않음,200-300만원 미만,3,0.6029850746268658,0.7775272453964672,0.2734460196292258,0.7992164544564151,0.2729641693811074,0.4567858382506072,0.4695652173913042,트렌드 주도형 소비자,"자신의 취향과 경험을 중시하는 소비자 그룹입니다. 단순히 배를 채우는 것 이상의 가치를 추구하며, 새로운 제품을 가장 먼저 경험하고 공유하려는 경향이 강합니다"
657,여자,50대,사무 종사자,대학교 졸업(전문대졸/대학원생 포함),충청남도,2세대가족,기혼,맞벌이 함,600-700만원 미만,3,0.6761194029850747,0.748966553927095,0.3893129770992364,0.7179236043095001,0.3752442996742672,0.4512322110378339,0.5652173913043476,트렌드 주도형 소비자,"자신의 취향과 경험을 중시하는 소비자 그룹입니다. 단순히 배를 채우는 것 이상의 가치를 추구하며, 새로운 제품을 가장 먼저 경험하고 공유하려는 경향이 강합니다"
658,여자,40대,주부,대학교 졸업(전문대졸/대학원생 포함),충청남도,2세대가족,기혼,맞벌이 하지 않음,600-700만원 미만,3,0.748507462686567,0.7613679068019539,0.3634133042529991,0.8383937316356512,0.3700325732899022,0.5334953141270391,0.5956521739130434,트렌드 주도형 소비자,"자신의 취향과 경험을 중시하는 소비자 그룹입니다. 단순히 배를 채우는 것 이상의 가치를 추구하며, 새로운 제품을 가장 먼저 경험하고 공유하려는 경향이 강합니다"
659,여자,50대,서비스 종사자,대학교 졸업(전문대졸/대학원생 포함),충청남도,2세대가족,기혼,맞벌이 함,700-800만원 미만,3,0.6328358208955224,0.8891394212701988,0.3124318429661942,0.7992164544564151,0.3739413680781761,0.4300590072891355,0.4608695652173912,트렌드 주도형 소비자,"자신의 취향과 경험을 중시하는 소비자 그룹입니다. 단순히 배를 채우는 것 이상의 가치를 추구하며, 새로운 제품을 가장 먼저 경험하고 공유하려는 경향이 강합니다"
660,여자,50대,서비스 종사자,대학교 졸업(전문대졸/대학원생 포함),충청남도,1인 가구,미혼(사별/이혼 포함),맞벌이 하지 않음,200-300만원 미만,0,0.5529850746268657,0.689966178128523,0.1474918211559435,0.8971596474045053,0.2576547231270362,0.2669212079139186,0.4739130434782606,실속형 미식가,편리성을 중시하면서도 새로운 맛과 제품을 시도하는 데 적극적인 소비자 그룹입니다. 가격에 민감하기보다는 효율성과 맛을 동시에 추구합니다.
661,여자,40대,서비스 종사자,대학교 졸업(전문대졸/대학원생 포함),충청남도,1인 가구,미혼(사별/이혼 포함),맞벌이 하지 않음,200-300만원 미만,3,0.6417910447761195,0.6110484780157834,0.0607960741548531,0.7208619000979426,0.2605863192182414,0.3998611593196806,0.5304347826086953,트렌드 주도형 소비자,"자신의 취향과 경험을 중시하는 소비자 그룹입니다. 단순히 배를 채우는 것 이상의 가치를 추구하며, 새로운 제품을 가장 먼저 경험하고 공유하려는 경향이 강합니다"
662,여자,60대 이상,주부,고졸(대학 재학 포함),강원도,1세대가족,기혼,맞벌이 하지 않음,200-300만원 미만,1,0.1082089552238807,0.4400601277715145,0.7628135223555073,0.8824681684622918,0.4195439739413683,0.4317945157931273,0.2956521739130433,건강 추구형 소비자,가격이나 브랜드에 크게 구애받지 않고 건강을 최우선으로 고려하는 프리미엄 소비자 그룹입니다. 건강과 편리성을 모두 만족시키는 제품에 기꺼이 지갑을 엽니다.
663,여자,60대 이상,서비스 종사자,고졸(대학 재학 포함),전라남도,1세대가족,기혼,맞벌이 함,400-500만원 미만,0,0.3686567164179105,0.3337091319052989,0.3088876772082877,0.6444662095984326,0.2944625407166124,0.2714335300242967,0.5956521739130434,실속형 미식가,편리성을 중시하면서도 새로운 맛과 제품을 시도하는 데 적극적인 소비자 그룹입니다. 가격에 민감하기보다는 효율성과 맛을 동시에 추구합니다.
664,남자,60대 이상,단순노무 종사자,고졸(대학 재학 포함),강원도,1인 가구,미혼(사별/이혼 포함),맞벌이 하지 않음,200-300만원 미만,1,0.1567164179104479,0.4738819992484026,0.6673936750272624,0.8628795298726734,0.3837133550488599,0.4991322457480041,0.2521739130434782,건강 추구형 소비자,가격이나 브랜드에 크게 구애받지 않고 건강을 최우선으로 고려하는 프리미엄 소비자 그룹입니다. 건강과 편리성을 모두 만족시키는 제품에 기꺼이 지갑을 엽니다.
665,여자,50대,서비스 종사자,고졸(대학 재학 포함),전라남도,2세대가족,기혼,맞벌이 함,600-700만원 미만,1,0.494776119402985,0.3461104847801576,0.4997273718647766,0.7845249755142015,0.5817589576547233,0.3804234640749735,0.3869565217391302,건강 추구형 소비자,가격이나 브랜드에 크게 구애받지 않고 건강을 최우선으로 고려하는 프리미엄 소비자 그룹입니다. 건강과 편리성을 모두 만족시키는 제품에 기꺼이 지갑을 엽니다.
666,여자,60대 이상,판매 종사자,고졸(대학 재학 포함),울산광역시,3세대가족,기혼,맞벌이 함,300-400만원 미만,0,0.2410447761194031,0.7294250281848926,0.2797164667393675,0.8237022526934379,0.1420195439739416,0.2853175980562303,0.4826086956521738,실속형 미식가,편리성을 중시하면서도 새로운 맛과 제품을 시도하는 데 적극적인 소비자 그룹입니다. 가격에 민감하기보다는 효율성과 맛을 동시에 추구합니다.
667,여자,60대 이상,농림어업 숙련 종사자,고졸(대학 재학 포함),전라남도,1세대가족,기혼,맞벌이 함,400-500만원 미만,3,0.5261194029850745,0.3310785419015407,0.2979825517993458,0.7257590597453475,0.5032573289902283,0.2874002082610203,0.4447826086956521,트렌드 주도형 소비자,"자신의 취향과 경험을 중시하는 소비자 그룹입니다. 단순히 배를 채우는 것 이상의 가치를 추구하며, 새로운 제품을 가장 먼저 경험하고 공유하려는 경향이 강합니다"
668,여자,50대,판매 종사자,대학교 졸업(전문대졸/대학원생 포함),울산광역시,2세대가족,미혼(사별/이혼 포함),맞벌이 하지 않음,400-500만원 미만,3,0.606716417910448,0.8534385569334835,0.290894220283533,0.706170421155729,0.2517915309446253,0.2717806317250952,0.3260869565217388,트렌드 주도형 소비자,"자신의 취향과 경험을 중시하는 소비자 그룹입니다. 단순히 배를 채우는 것 이상의 가치를 추구하며, 새로운 제품을 가장 먼저 경험하고 공유하려는 경향이 강합니다"
669,여자,40대,전문가 및 관련 종사자,대학교 졸업(전문대졸/대학원생 포함),서울특별시,2세대가족,기혼,맞벌이 함,600-700만원 미만,3,0.5298507462686567,0.5678316422397591,0.2892584514721915,0.8432908912830556,0.3045602605863196,0.2197153766053451,0.6999999999999997,트렌드 주도형 소비자,"자신의 취향과 경험을 중시하는 소비자 그룹입니다. 단순히 배를 채우는 것 이상의 가치를 추구하며, 새로운 제품을 가장 먼저 경험하고 공유하려는 경향이 강합니다"
670,남자,50대,판매 종사자,고졸(대학 재학 포함),울산광역시,1인 가구,기혼,맞벌이 하지 않음,400-500만원 미만,3,0.6738805970149253,0.7519729425028184,0.3323336968375133,0.7845249755142015,0.352768729641694,0.2672683096147167,0.5882608695652174,트렌드 주도형 소비자,"자신의 취향과 경험을 중시하는 소비자 그룹입니다. 단순히 배를 채우는 것 이상의 가치를 추구하며, 새로운 제품을 가장 먼저 경험하고 공유하려는 경향이 강합니다"
671,여자,60대 이상,서비스 종사자,고졸(대학 재학 포함),제주특별자치도,2세대가족,기혼,맞벌이 함,400-500만원 미만,0,0.2843283582089553,0.6580232995114619,0.2707197382769905,0.7845249755142015,0.2026058631921826,0.5529330093717456,0.6491304347826085,실속형 미식가,편리성을 중시하면서도 새로운 맛과 제품을 시도하는 데 적극적인 소비자 그룹입니다. 가격에 민감하기보다는 효율성과 맛을 동시에 추구합니다.
672,여자,60대 이상,판매 종사자,대학교 졸업(전문대졸/대학원생 포함),울산광역시,2세대가족,기혼,맞벌이 함,500-600만원 미만,3,0.7335820895522389,0.7519729425028184,0.3775899672846234,0.8041136141038193,0.388599348534202,0.2533842415827835,0.4826086956521738,트렌드 주도형 소비자,"자신의 취향과 경험을 중시하는 소비자 그룹입니다. 단순히 배를 채우는 것 이상의 가치를 추구하며, 새로운 제품을 가장 먼저 경험하고 공유하려는 경향이 강합니다"
673,여자,50대,사무 종사자,대학교 졸업(전문대졸/대학원생 포함),울산광역시,2세대가족,기혼,맞벌이 함,500-600만원 미만,3,0.6716417910447761,0.6580232995114619,0.3874045801526715,0.7845249755142015,0.3667752442996746,0.2221450885109336,0.6478260869565217,트렌드 주도형 소비자,"자신의 취향과 경험을 중시하는 소비자 그룹입니다. 단순히 배를 채우는 것 이상의 가치를 추구하며, 새로운 제품을 가장 먼저 경험하고 공유하려는 경향이 강합니다"
674,여자,60대 이상,전문가 및 관련 종사자,대학원 졸업 이상,제주특별자치도,3세대가족,기혼,맞벌이 함,400-500만원 미만,0,0.1044776119402986,0.3385945133408491,0.2619956379498362,0.7257590597453475,0.2687296416938111,0.503297466157584,0.5999999999999999,실속형 미식가,편리성을 중시하면서도 새로운 맛과 제품을 시도하는 데 적극적인 소비자 그룹입니다. 가격에 민감하기보다는 효율성과 맛을 동시에 추구합니다.
675,여자,60대 이상,주부,대학교 졸업(전문대졸/대학원생 포함),울산광역시,2세대가족,기혼,맞벌이 하지 않음,600-700만원 미만,0,0.2238805970149253,0.7670048853814353,0.5043620501635768,0.7845249755142015,0.1410423452768729,0.215203054494967,0.5404347826086954,실속형 미식가,편리성을 중시하면서도 새로운 맛과 제품을 시도하는 데 적극적인 소비자 그룹입니다. 가격에 민감하기보다는 효율성과 맛을 동시에 추구합니다.
676,여자,60대 이상,주부,대학교 졸업(전문대졸/대학원생 포함),울산광역시,1인 가구,미혼(사별/이혼 포함),맞벌이 하지 않음,100-200만원 미만,0,0.3059701492537312,0.7888012025554303,0.4023991275899676,0.6425073457394708,0.2149837133550492,0.2221450885109336,0.3969565217391303,실속형 미식가,편리성을 중시하면서도 새로운 맛과 제품을 시도하는 데 적극적인 소비자 그룹입니다. 가격에 민감하기보다는 효율성과 맛을 동시에 추구합니다.
677,남자,60대 이상,사무 종사자,대학교 졸업(전문대졸/대학원생 포함),울산광역시,1세대가족,기혼,맞벌이 함,500-600만원 미만,0,0.2686567164179104,0.6993611424276588,0.3819520174482009,0.7845249755142015,0.2214983713355048,0.2603262755987501,0.6099999999999998,실속형 미식가,편리성을 중시하면서도 새로운 맛과 제품을 시도하는 데 적극적인 소비자 그룹입니다. 가격에 민감하기보다는 효율성과 맛을 동시에 추구합니다.
678,여자,60대 이상,주부,중졸 이하,울산광역시,1인 가구,미혼(사별/이혼 포함),맞벌이 하지 않음,100-200만원 미만,0,0.1343283582089552,0.7155204810221718,0.4536532170119952,0.7649363369245838,0.1475570032573291,0.3922249219021172,0.5621739130434781,실속형 미식가,편리성을 중시하면서도 새로운 맛과 제품을 시도하는 데 적극적인 소비자 그룹입니다. 가격에 민감하기보다는 효율성과 맛을 동시에 추구합니다.
679,여자,60대 이상,사무 종사자,대학교 졸업(전문대졸/대학원생 포함),대구광역시,1세대가족,기혼,맞벌이 함,400-500만원 미만,1,0.4052238805970148,0.3536264562194665,0.6864776444929119,0.7649363369245838,0.2723127035830621,0.3384241582783753,0.1217391304347824,건강 추구형 소비자,가격이나 브랜드에 크게 구애받지 않고 건강을 최우선으로 고려하는 프리미엄 소비자 그룹입니다. 건강과 편리성을 모두 만족시키는 제품에 기꺼이 지갑을 엽니다.
680,여자,40대,판매 종사자,대학교 졸업(전문대졸/대학원생 포함),제주특별자치도,2세대가족,기혼,맞벌이 함,500-600만원 미만,0,0.3619402985074627,0.3799323562570461,0.3249727371864777,0.7257590597453475,0.2915309446254072,0.4304061089899336,0.5478260869565217,실속형 미식가,편리성을 중시하면서도 새로운 맛과 제품을 시도하는 데 적극적인 소비자 그룹입니다. 가격에 민감하기보다는 효율성과 맛을 동시에 추구합니다.
681,여자,60대 이상,서비스 종사자,대학교 졸업(전문대졸/대학원생 포함),울산광역시,2세대가족,기혼,맞벌이 함,500-600만원 미만,0,0.1567164179104479,0.6429913566328446,0.3298800436205013,0.7453476983349653,0.183387622149837,0.4616452620617839,0.626086956521739,실속형 미식가,편리성을 중시하면서도 새로운 맛과 제품을 시도하는 데 적극적인 소비자 그룹입니다. 가격에 민감하기보다는 효율성과 맛을 동시에 추구합니다.
682,여자,60대 이상,사무 종사자,대학교 졸업(전문대졸/대학원생 포함),제주특별자치도,2세대가족,기혼,맞벌이 함,400-500만원 미만,0,0.074626865671642,0.5302517850432169,0.3593238822246458,0.7649363369245838,0.0358306188925084,0.346407497396737,0.6447826086956521,실속형 미식가,편리성을 중시하면서도 새로운 맛과 제품을 시도하는 데 적극적인 소비자 그룹입니다. 가격에 민감하기보다는 효율성과 맛을 동시에 추구합니다.
683,여자,60대 이상,서비스 종사자,고졸(대학 재학 포함),서울특별시,1세대가족,기혼,맞벌이 함,400-500만원 미만,3,0.5895522388059702,0.4250281848928972,0.4462922573609596,0.8628795298726734,0.4553745928338763,0.3182922596320719,0.7043478260869562,트렌드 주도형 소비자,"자신의 취향과 경험을 중시하는 소비자 그룹입니다. 단순히 배를 채우는 것 이상의 가치를 추구하며, 새로운 제품을 가장 먼저 경험하고 공유하려는 경향이 강합니다"
684,여자,60대 이상,서비스 종사자,중졸 이하,대구광역시,1세대가족,기혼,맞벌이 함,500-600만원 미만,3,0.6791044776119404,0.3731679819616685,0.2960741548527809,0.7962781586679719,0.2768729641693813,0.4363068379035055,0.9565217391304346,트렌드 주도형 소비자,"자신의 취향과 경험을 중시하는 소비자 그룹입니다. 단순히 배를 채우는 것 이상의 가치를 추구하며, 새로운 제품을 가장 먼저 경험하고 공유하려는 경향이 강합니다"
685,여자,60대 이상,판매 종사자,고졸(대학 재학 포함),경상북도,1인 가구,미혼(사별/이혼 포함),맞벌이 하지 않음,100-200만원 미만,0,0.2089552238805972,0.4735062006764375,0.5542529989094871,0.6758080313418215,0.2345276872964171,0.2325581395348835,0.4130434782608693,실속형 미식가,편리성을 중시하면서도 새로운 맛과 제품을 시도하는 데 적극적인 소비자 그룹입니다. 가격에 민감하기보다는 효율성과 맛을 동시에 추구합니다.
686,여자,30대,사무 종사자,대학교 졸업(전문대졸/대학원생 포함),서울특별시,1세대가족,기혼,맞벌이 함,600-700만원 미만,1,0.3992537313432835,0.5565576850807965,0.658669574700109,0.9216454456415274,0.429641693811075,0.6060395695938908,0.4260869565217389,건강 추구형 소비자,가격이나 브랜드에 크게 구애받지 않고 건강을 최우선으로 고려하는 프리미엄 소비자 그룹입니다. 건강과 편리성을 모두 만족시키는 제품에 기꺼이 지갑을 엽니다.
687,여자,60대 이상,주부,고졸(대학 재학 포함),경상북도,2세대가족,기혼,맞벌이 하지 않음,500-600만원 미만,1,0.2089552238805972,0.499812100714017,0.6676663031624859,0.6366307541625852,0.3387622149837134,0.2325581395348835,0.3913043478260869,건강 추구형 소비자,가격이나 브랜드에 크게 구애받지 않고 건강을 최우선으로 고려하는 프리미엄 소비자 그룹입니다. 건강과 편리성을 모두 만족시키는 제품에 기꺼이 지갑을 엽니다.
688,여자,30대,사무 종사자,대학교 졸업(전문대졸/대학원생 포함),경상북도,1세대가족,기혼,맞벌이 함,500-600만원 미만,0,0.2223880597014924,0.5753476136790681,0.3879498364231185,0.7257590597453475,0.3149837133550491,0.330787920860812,0.3999999999999997,실속형 미식가,편리성을 중시하면서도 새로운 맛과 제품을 시도하는 데 적극적인 소비자 그룹입니다. 가격에 민감하기보다는 효율성과 맛을 동시에 추구합니다.
689,여자,60대 이상,주부,고졸(대학 재학 포함),경상북도,1세대가족,기혼,맞벌이 하지 않음,300-400만원 미만,0,0.2761194029850746,0.520856820744081,0.464558342420938,0.7600391772771787,0.4892508143322477,0.3314821242624087,0.4534782608695652,실속형 미식가,편리성을 중시하면서도 새로운 맛과 제품을 시도하는 데 적극적인 소비자 그룹입니다. 가격에 민감하기보다는 효율성과 맛을 동시에 추구합니다.
690,남자,30대,전문가 및 관련 종사자,대학교 졸업(전문대졸/대학원생 포함),경상북도,1인 가구,미혼(사별/이혼 포함),맞벌이 하지 않음,500-600만원 미만,0,0.2671641791044775,0.6215708380308153,0.2824427480916028,0.8237022526934379,0.2791530944625407,0.1641791044776117,0.5434782608695652,실속형 미식가,편리성을 중시하면서도 새로운 맛과 제품을 시도하는 데 적극적인 소비자 그룹입니다. 가격에 민감하기보다는 효율성과 맛을 동시에 추구합니다.
691,남자,50대,전문가 및 관련 종사자,고졸(대학 재학 포함),경상북도,2세대가족,미혼(사별/이혼 포함),맞벌이 하지 않음,500-600만원 미만,0,0.2089552238805972,0.5223600150319428,0.5332606324972735,0.6758080313418215,0.2573289902280133,0.2325581395348835,0.5173913043478258,실속형 미식가,편리성을 중시하면서도 새로운 맛과 제품을 시도하는 데 적극적인 소비자 그룹입니다. 가격에 민감하기보다는 효율성과 맛을 동시에 추구합니다.
692,남자,40대,전문가 및 관련 종사자,대학교 졸업(전문대졸/대학원생 포함),경상북도,2세대가족,기혼,맞벌이 함,500-600만원 미만,0,0.2089552238805972,0.4885381435550543,0.5823336968375137,0.6758080313418215,0.3306188925081433,0.2186740715029503,0.5043478260869562,실속형 미식가,편리성을 중시하면서도 새로운 맛과 제품을 시도하는 데 적극적인 소비자 그룹입니다. 가격에 민감하기보다는 효율성과 맛을 동시에 추구합니다.
693,여자,40대,주부,고졸(대학 재학 포함),경기도,2세대가족,기혼,맞벌이 하지 않음,300-400만원 미만,0,0.5059701492537315,0.7219090567455841,0.1578516902944386,0.8041136141038193,0.2159609120521174,0.2578965636931619,0.3782608695652173,실속형 미식가,편리성을 중시하면서도 새로운 맛과 제품을 시도하는 데 적극적인 소비자 그룹입니다. 가격에 민감하기보다는 효율성과 맛을 동시에 추구합니다.
694,여자,20대,서비스 종사자,대학교 졸업(전문대졸/대학원생 포함),경상북도,1인 가구,미혼(사별/이혼 포함),맞벌이 하지 않음,300-400만원 미만,0,0.1835820895522388,0.4851559564073657,0.3118865866957472,0.8237022526934379,0.3368078175895765,0.1693856299895868,0.4956521739130434,실속형 미식가,편리성을 중시하면서도 새로운 맛과 제품을 시도하는 데 적극적인 소비자 그룹입니다. 가격에 민감하기보다는 효율성과 맛을 동시에 추구합니다.
695,여자,50대,기능원 및 관련 기능 종사자,대학교 졸업(전문대졸/대학원생 포함),서울특별시,2세대가족,기혼,맞벌이 함,"900-1,000만원 미만",3,0.5283582089552238,0.8583239383690342,0.3882224645583426,0.9608227228207636,0.4244299674267104,0.7066990628254075,0.6130434782608694,트렌드 주도형 소비자,"자신의 취향과 경험을 중시하는 소비자 그룹입니다. 단순히 배를 채우는 것 이상의 가치를 추구하며, 새로운 제품을 가장 먼저 경험하고 공유하려는 경향이 강합니다"
696,여자,60대 이상,주부,중졸 이하,강원도,1세대가족,기혼,맞벌이 하지 않음,200-300만원 미만,1,0.1701492537313431,0.4325441563322056,0.6068702290076335,0.8628795298726734,0.3462540716612379,0.4078444984380422,0.2999999999999997,건강 추구형 소비자,가격이나 브랜드에 크게 구애받지 않고 건강을 최우선으로 고려하는 프리미엄 소비자 그룹입니다. 건강과 편리성을 모두 만족시키는 제품에 기꺼이 지갑을 엽니다.
697,남자,50대,기능원 및 관련 기능 종사자,고졸(대학 재학 포함),부산광역시,1인 가구,미혼(사별/이혼 포함),맞벌이 하지 않음,300-400만원 미만,0,0.3917910447761196,0.5321307779030438,0.2862595419847327,0.8383937316356512,0.2622149837133554,0.5421728566469972,0.4304347826086956,실속형 미식가,편리성을 중시하면서도 새로운 맛과 제품을 시도하는 데 적극적인 소비자 그룹입니다. 가격에 민감하기보다는 효율성과 맛을 동시에 추구합니다.
698,여자,60대 이상,판매 종사자,고졸(대학 재학 포함),부산광역시,1인 가구,미혼(사별/이혼 포함),맞벌이 하지 않음,300-400만원 미만,0,0.2358208955223881,0.4983089064261557,0.2644492911668487,0.8579823702252692,0.2071661237785018,0.5570982297813256,0.4782608695652171,실속형 미식가,편리성을 중시하면서도 새로운 맛과 제품을 시도하는 데 적극적인 소비자 그룹입니다. 가격에 민감하기보다는 효율성과 맛을 동시에 추구합니다.
699,여자,50대,서비스 종사자,고졸(대학 재학 포함),대전광역시,1세대가족,기혼,맞벌이 함,600-700만원 미만,3,0.5783582089552238,0.5001878992859826,0.3770447110141764,0.8628795298726734,0.4065146579804564,0.3394654633807704,0.5956521739130434,트렌드 주도형 소비자,"자신의 취향과 경험을 중시하는 소비자 그룹입니다. 단순히 배를 채우는 것 이상의 가치를 추구하며, 새로운 제품을 가장 먼저 경험하고 공유하려는 경향이 강합니다"
700,여자,50대,서비스 종사자,고졸(대학 재학 포함),세종특별자치시,2세대가족,기혼,맞벌이 함,800-900만원 미만,3,0.571641791044776,0.6016535137166477,0.3947655398037078,0.8432908912830556,0.3960912052117263,0.5234293648038874,0.3652173913043475,트렌드 주도형 소비자,"자신의 취향과 경험을 중시하는 소비자 그룹입니다. 단순히 배를 채우는 것 이상의 가치를 추구하며, 새로운 제품을 가장 먼저 경험하고 공유하려는 경향이 강합니다"
701,여자,60대 이상,주부,고졸(대학 재학 포함),강원도,1인 가구,미혼(사별/이혼 포함),맞벌이 하지 않음,100-200만원 미만,1,0.1567164179104479,0.4738819992484026,0.6169574700109053,0.8628795298726734,0.3778501628664495,0.4553974314474138,0.2391304347826087,건강 추구형 소비자,가격이나 브랜드에 크게 구애받지 않고 건강을 최우선으로 고려하는 프리미엄 소비자 그룹입니다. 건강과 편리성을 모두 만족시키는 제품에 기꺼이 지갑을 엽니다.
702,여자,60대 이상,기능원 및 관련 기능 종사자,대학교 졸업(전문대졸/대학원생 포함),서울특별시,2세대가족,기혼,맞벌이 함,"1,000만원 이상",3,0.6649253731343283,0.5452837279218338,0.6853871319520173,0.9608227228207636,0.6407166123778503,0.4179104477611938,0.4869565217391302,트렌드 주도형 소비자,"자신의 취향과 경험을 중시하는 소비자 그룹입니다. 단순히 배를 채우는 것 이상의 가치를 추구하며, 새로운 제품을 가장 먼저 경험하고 공유하려는 경향이 강합니다"
703,여자,60대 이상,주부,중졸 이하,강원도,1인 가구,미혼(사별/이혼 포함),맞벌이 하지 않음,200-300만원 미만,1,0.074626865671642,0.4813979706877111,0.6469465648854957,0.8628795298726734,0.4123778501628664,0.4512322110378339,0.2969565217391302,건강 추구형 소비자,가격이나 브랜드에 크게 구애받지 않고 건강을 최우선으로 고려하는 프리미엄 소비자 그룹입니다. 건강과 편리성을 모두 만족시키는 제품에 기꺼이 지갑을 엽니다.
704,여자,60대 이상,기능원 및 관련 기능 종사자,고졸(대학 재학 포함),서울특별시,1세대가족,기혼,맞벌이 하지 않음,300-400만원 미만,1,0.3529850746268655,0.4099962420142803,0.7333696837513628,0.8041136141038193,0.4247557003257329,0.2499132245748001,0.2478260869565215,건강 추구형 소비자,가격이나 브랜드에 크게 구애받지 않고 건강을 최우선으로 고려하는 프리미엄 소비자 그룹입니다. 건강과 편리성을 모두 만족시키는 제품에 기꺼이 지갑을 엽니다.
705,여자,50대,사무 종사자,대학교 졸업(전문대졸/대학원생 포함),서울특별시,2세대가족,기혼,맞벌이 함,"1,000만원 이상",1,0.3358208955223882,0.5114618564449454,0.7985278080697928,0.941234084231146,0.5902280130293158,0.485595279416869,0.518695652173913,건강 추구형 소비자,가격이나 브랜드에 크게 구애받지 않고 건강을 최우선으로 고려하는 프리미엄 소비자 그룹입니다. 건강과 편리성을 모두 만족시키는 제품에 기꺼이 지갑을 엽니다.
706,여자,50대,단순노무 종사자,고졸(대학 재학 포함),경기도,1세대가족,기혼,맞벌이 하지 않음,300-400만원 미만,1,0.3723880597014926,0.4513340849304773,0.7219193020719739,0.8432908912830556,0.596742671009772,0.5848663658451926,0.3391304347826084,건강 추구형 소비자,가격이나 브랜드에 크게 구애받지 않고 건강을 최우선으로 고려하는 프리미엄 소비자 그룹입니다. 건강과 편리성을 모두 만족시키는 제품에 기꺼이 지갑을 엽니다.
707,여자,60대 이상,주부,고졸(대학 재학 포함),강원도,1세대가족,기혼,맞벌이 하지 않음,300-400만원 미만,1,0.1664179104477611,0.4250281848928972,0.7786259541984728,0.8628795298726734,0.5110749185667751,0.4189517528635889,0.3391304347826084,건강 추구형 소비자,가격이나 브랜드에 크게 구애받지 않고 건강을 최우선으로 고려하는 프리미엄 소비자 그룹입니다. 건강과 편리성을 모두 만족시키는 제품에 기꺼이 지갑을 엽니다.
708,여자,60대 이상,서비스 종사자,고졸(대학 재학 포함),강원도,1세대가족,기혼,맞벌이 함,300-400만원 미만,1,0.1514925373134329,0.4400601277715145,0.6889312977099238,0.9020568070519096,0.5110749185667751,0.4359597362027073,0.3869565217391302,건강 추구형 소비자,가격이나 브랜드에 크게 구애받지 않고 건강을 최우선으로 고려하는 프리미엄 소비자 그룹입니다. 건강과 편리성을 모두 만족시키는 제품에 기꺼이 지갑을 엽니다.
709,남자,60대 이상,전문가 및 관련 종사자,고졸(대학 재학 포함),경상북도,2세대가족,기혼,맞벌이 함,"1,000만원 이상",0,0.2089552238805972,0.5272453964674935,0.5659760087241004,0.7571008814887363,0.2550488599348534,0.1874349184311001,0.4956521739130434,실속형 미식가,편리성을 중시하면서도 새로운 맛과 제품을 시도하는 데 적극적인 소비자 그룹입니다. 가격에 민감하기보다는 효율성과 맛을 동시에 추구합니다.
710,남자,50대,관리자,고졸(대학 재학 포함),경상북도,1인 가구,미혼(사별/이혼 포함),맞벌이 하지 않음,700-800만원 미만,0,0.2089552238805972,0.5035700864336716,0.4743729552889853,0.6953966699314392,0.1986970684039087,0.1700798333911835,0.4086956521739129,실속형 미식가,편리성을 중시하면서도 새로운 맛과 제품을 시도하는 데 적극적인 소비자 그룹입니다. 가격에 민감하기보다는 효율성과 맛을 동시에 추구합니다.
711,여자,50대,사무 종사자,고졸(대학 재학 포함),경상북도,1인 가구,미혼(사별/이혼 포함),맞벌이 하지 않음,200-300만원 미만,0,0.2089552238805972,0.372040586245772,0.4880043620501634,0.6366307541625852,0.2508143322475571,0.2013189864630334,0.4304347826086956,실속형 미식가,편리성을 중시하면서도 새로운 맛과 제품을 시도하는 데 적극적인 소비자 그룹입니다. 가격에 민감하기보다는 효율성과 맛을 동시에 추구합니다.
712,여자,60대 이상,주부,고졸(대학 재학 포함),강원도,1세대가족,기혼,맞벌이 하지 않음,300-400만원 미만,1,0.0895522388059701,0.4137542277339346,0.683751363140676,0.8824681684622918,0.3837133550488599,0.3811176674765706,0.2969565217391302,건강 추구형 소비자,가격이나 브랜드에 크게 구애받지 않고 건강을 최우선으로 고려하는 프리미엄 소비자 그룹입니다. 건강과 편리성을 모두 만족시키는 제품에 기꺼이 지갑을 엽니다.
713,여자,50대,주부,고졸(대학 재학 포함),경상북도,2세대가족,미혼(사별/이혼 포함),맞벌이 하지 않음,100만원 미만,0,0.2089552238805972,0.5411499436302143,0.340785169029444,0.6366307541625852,0.3013029315960914,0.2395001735508502,0.4565217391304347,실속형 미식가,편리성을 중시하면서도 새로운 맛과 제품을 시도하는 데 적극적인 소비자 그룹입니다. 가격에 민감하기보다는 효율성과 맛을 동시에 추구합니다.
714,남자,40대,사무 종사자,대학교 졸업(전문대졸/대학원생 포함),경기도,1인 가구,미혼(사별/이혼 포함),맞벌이 하지 않음,200-300만원 미만,1,0.1977611940298509,0.4099962420142803,0.6649400218102506,0.8432908912830556,0.4120521172638439,0.6133287053106556,0.4217391304347824,건강 추구형 소비자,가격이나 브랜드에 크게 구애받지 않고 건강을 최우선으로 고려하는 프리미엄 소비자 그룹입니다. 건강과 편리성을 모두 만족시키는 제품에 기꺼이 지갑을 엽니다.
715,여자,40대,사무 종사자,대학교 졸업(전문대졸/대학원생 포함),경상북도,2세대가족,기혼,맞벌이 함,800-900만원 미만,1,0.2089552238805972,0.4472003006388574,0.5806979280261721,0.6562193927522038,0.4039087947882737,0.2186740715029503,0.4869565217391302,건강 추구형 소비자,가격이나 브랜드에 크게 구애받지 않고 건강을 최우선으로 고려하는 프리미엄 소비자 그룹입니다. 건강과 편리성을 모두 만족시키는 제품에 기꺼이 지갑을 엽니다.
716,여자,60대 이상,주부,고졸(대학 재학 포함),인천광역시,1세대가족,기혼,맞벌이 하지 않음,400-500만원 미만,0,0.5111940298507464,0.8429161969184515,0.3287895310796075,0.7179236043095001,0.4218241042345276,0.4453314821242621,0.0565217391304346,실속형 미식가,편리성을 중시하면서도 새로운 맛과 제품을 시도하는 데 적극적인 소비자 그룹입니다. 가격에 민감하기보다는 효율성과 맛을 동시에 추구합니다.
717,여자,40대,사무 종사자,대학교 졸업(전문대졸/대학원생 포함),강원도,2세대가족,기혼,맞벌이 함,500-600만원 미만,3,0.753731343283582,0.5039458850056369,0.3661395856052344,0.9216454456415274,0.6514657980456027,0.3748698368622003,0.6056521739130434,트렌드 주도형 소비자,"자신의 취향과 경험을 중시하는 소비자 그룹입니다. 단순히 배를 채우는 것 이상의 가치를 추구하며, 새로운 제품을 가장 먼저 경험하고 공유하려는 경향이 강합니다"
718,여자,60대 이상,주부,고졸(대학 재학 포함),강원도,1세대가족,기혼,맞벌이 하지 않음,200-300만원 미만,1,0.1417910447761194,0.4400601277715145,0.6292257360959652,0.8628795298726734,0.3778501628664495,0.4467198889274554,0.3086956521739128,건강 추구형 소비자,가격이나 브랜드에 크게 구애받지 않고 건강을 최우선으로 고려하는 프리미엄 소비자 그룹입니다. 건강과 편리성을 모두 만족시키는 제품에 기꺼이 지갑을 엽니다.
719,여자,60대 이상,주부,고졸(대학 재학 포함),서울특별시,1세대가족,기혼,맞벌이 하지 않음,200-300만원 미만,0,0.4052238805970148,0.4795189778278843,0.3086150490730644,0.7600391772771787,0.2775244299674271,0.13536966331135,0.71,실속형 미식가,편리성을 중시하면서도 새로운 맛과 제품을 시도하는 데 적극적인 소비자 그룹입니다. 가격에 민감하기보다는 효율성과 맛을 동시에 추구합니다.
720,여자,30대,사무 종사자,대학교 졸업(전문대졸/대학원생 포함),서울특별시,1세대가족,기혼,맞벌이 하지 않음,500-600만원 미만,3,0.5417910447761194,0.3855693348365276,0.2483642311886589,0.7796278158667972,0.3817589576547234,0.2013189864630334,0.752173913043478,트렌드 주도형 소비자,"자신의 취향과 경험을 중시하는 소비자 그룹입니다. 단순히 배를 채우는 것 이상의 가치를 추구하며, 새로운 제품을 가장 먼저 경험하고 공유하려는 경향이 강합니다"
721,여자,60대 이상,판매 종사자,고졸(대학 재학 포함),경기도,1인 가구,미혼(사별/이혼 포함),맞벌이 하지 않음,200-300만원 미만,1,0.4104477611940298,0.6016535137166477,0.716739367502726,0.8824681684622918,0.5547231270358308,0.4116626171468238,0.2913043478260869,건강 추구형 소비자,가격이나 브랜드에 크게 구애받지 않고 건강을 최우선으로 고려하는 프리미엄 소비자 그룹입니다. 건강과 편리성을 모두 만족시키는 제품에 기꺼이 지갑을 엽니다.
722,여자,60대 이상,주부,중졸 이하,경상북도,1세대가족,기혼,맞벌이 하지 않음,300-400만원 미만,0,0.2089552238805972,0.4735062006764375,0.5452562704471102,0.6366307541625852,0.2866449511400651,0.2499132245748001,0.4391304347826084,실속형 미식가,편리성을 중시하면서도 새로운 맛과 제품을 시도하는 데 적극적인 소비자 그룹입니다. 가격에 민감하기보다는 효율성과 맛을 동시에 추구합니다.
723,여자,60대 이상,주부,고졸(대학 재학 포함),강원도,1세대가족,기혼,맞벌이 하지 않음,400-500만원 미만,1,0.1343283582089552,0.4400601277715145,0.7718102508178843,0.8824681684622918,0.4449511400651467,0.3654980909406455,0.3565217391304347,건강 추구형 소비자,가격이나 브랜드에 크게 구애받지 않고 건강을 최우선으로 고려하는 프리미엄 소비자 그룹입니다. 건강과 편리성을 모두 만족시키는 제품에 기꺼이 지갑을 엽니다.
724,여자,60대 이상,서비스 종사자,고졸(대학 재학 포함),경상북도,1세대가족,기혼,맞벌이 함,500-600만원 미만,0,0.2089552238805972,0.4472003006388574,0.4574700109051251,0.6366307541625852,0.2801302931596094,0.208261020479,0.4695652173913042,실속형 미식가,편리성을 중시하면서도 새로운 맛과 제품을 시도하는 데 적극적인 소비자 그룹입니다. 가격에 민감하기보다는 효율성과 맛을 동시에 추구합니다.
725,남자,60대 이상,서비스 종사자,대학교 졸업(전문대졸/대학원생 포함),강원도,1인 가구,미혼(사별/이혼 포함),맞벌이 하지 않음,200-300만원 미만,3,0.6582089552238808,0.4889139421270199,0.3661395856052344,0.9020568070519096,0.5374592833876222,0.4158278375564038,0.5534782608695652,트렌드 주도형 소비자,"자신의 취향과 경험을 중시하는 소비자 그룹입니다. 단순히 배를 채우는 것 이상의 가치를 추구하며, 새로운 제품을 가장 먼저 경험하고 공유하려는 경향이 강합니다"
726,여자,30대,사무 종사자,대학교 졸업(전문대졸/대학원생 포함),인천광역시,2세대가족,기혼,맞벌이 함,600-700만원 미만,1,0.5865671641791045,0.4175122134535888,0.7540894220283536,0.8432908912830556,0.7918566775244303,0.4196459562651856,0.1,건강 추구형 소비자,가격이나 브랜드에 크게 구애받지 않고 건강을 최우선으로 고려하는 프리미엄 소비자 그룹입니다. 건강과 편리성을 모두 만족시키는 제품에 기꺼이 지갑을 엽니다.
727,여자,60대 이상,단순노무 종사자,고졸(대학 재학 포함),경상북도,1세대가족,기혼,맞벌이 함,200-300만원 미만,0,0.2335820895522388,0.4332957534761369,0.3876772082878949,0.659157688540646,0.1820846905537459,0.2499132245748001,0.8086956521739128,실속형 미식가,편리성을 중시하면서도 새로운 맛과 제품을 시도하는 데 적극적인 소비자 그룹입니다. 가격에 민감하기보다는 효율성과 맛을 동시에 추구합니다.
728,여자,40대,기능원 및 관련 기능 종사자,고졸(대학 재학 포함),경기도,2세대가족,기혼,맞벌이 함,500-600만원 미만,1,0.4761194029850747,0.3968432919954903,0.7674482006543075,0.7012732615083248,0.5833876221498373,0.3387712599791738,0.3695652173913043,건강 추구형 소비자,가격이나 브랜드에 크게 구애받지 않고 건강을 최우선으로 고려하는 프리미엄 소비자 그룹입니다. 건강과 편리성을 모두 만족시키는 제품에 기꺼이 지갑을 엽니다.
729,여자,40대,사무 종사자,대학교 졸업(전문대졸/대학원생 포함),경상북도,2세대가족,기혼,맞벌이 함,600-700만원 미만,1,0.2761194029850746,0.4990605035700862,0.5575245365321702,0.742409402546523,0.3299674267100979,0.2047900034710167,0.3608695652173911,건강 추구형 소비자,가격이나 브랜드에 크게 구애받지 않고 건강을 최우선으로 고려하는 프리미엄 소비자 그룹입니다. 건강과 편리성을 모두 만족시키는 제품에 기꺼이 지갑을 엽니다.
730,여자,50대,판매 종사자,고졸(대학 재학 포함),세종특별자치시,1세대가족,기혼,맞벌이 함,500-600만원 미만,3,0.551492537313433,0.4983089064261557,0.348418756815703,0.7992164544564151,0.3068403908794789,0.4571329399514054,0.5173913043478258,트렌드 주도형 소비자,"자신의 취향과 경험을 중시하는 소비자 그룹입니다. 단순히 배를 채우는 것 이상의 가치를 추구하며, 새로운 제품을 가장 먼저 경험하고 공유하려는 경향이 강합니다"
731,여자,50대,판매 종사자,대학교 졸업(전문대졸/대학원생 포함),세종특별자치시,2세대가족,기혼,맞벌이 함,500-600만원 미만,3,0.8074626865671641,0.5264937993235627,0.4991821155943296,0.8432908912830556,0.4478827361563519,0.5393960430406105,0.5304347826086953,트렌드 주도형 소비자,"자신의 취향과 경험을 중시하는 소비자 그룹입니다. 단순히 배를 채우는 것 이상의 가치를 추구하며, 새로운 제품을 가장 먼저 경험하고 공유하려는 경향이 강합니다"
732,여자,60대 이상,주부,고졸(대학 재학 포함),강원도,1세대가족,기혼,맞벌이 하지 않음,300-400만원 미만,3,0.5440298507462686,0.5302517850432169,0.4533805888767718,0.9216454456415274,0.5416938110749185,0.4418604651162787,0.4999999999999998,트렌드 주도형 소비자,"자신의 취향과 경험을 중시하는 소비자 그룹입니다. 단순히 배를 채우는 것 이상의 가치를 추구하며, 새로운 제품을 가장 먼저 경험하고 공유하려는 경향이 강합니다"
733,여자,50대,서비스 종사자,고졸(대학 재학 포함),경상북도,1인 가구,미혼(사별/이혼 포함),맞벌이 하지 않음,200-300만원 미만,0,0.2089552238805972,0.4321683577602405,0.5820610687022902,0.6170421155729674,0.2573289902280133,0.2637972926067334,0.4391304347826084,실속형 미식가,편리성을 중시하면서도 새로운 맛과 제품을 시도하는 데 적극적인 소비자 그룹입니다. 가격에 민감하기보다는 효율성과 맛을 동시에 추구합니다.
734,여자,30대,주부,대학교 졸업(전문대졸/대학원생 포함),인천광역시,1세대가족,기혼,맞벌이 하지 않음,500-600만원 미만,1,0.6485074626865673,0.3874483276963545,0.7600872410032711,0.7453476983349653,0.6951140065146579,0.3439777854911485,0.1652173913043478,건강 추구형 소비자,가격이나 브랜드에 크게 구애받지 않고 건강을 최우선으로 고려하는 프리미엄 소비자 그룹입니다. 건강과 편리성을 모두 만족시키는 제품에 기꺼이 지갑을 엽니다.
735,여자,50대,주부,대학교 졸업(전문대졸/대학원생 포함),강원도,2세대가족,기혼,맞벌이 하지 않음,400-500만원 미만,3,0.6783582089552239,0.5152198421645996,0.4615594329334785,0.9020568070519096,0.6641693811074917,0.404373481430059,0.6621739130434781,트렌드 주도형 소비자,"자신의 취향과 경험을 중시하는 소비자 그룹입니다. 단순히 배를 채우는 것 이상의 가치를 추구하며, 새로운 제품을 가장 먼저 경험하고 공유하려는 경향이 강합니다"
736,여자,30대,주부,대학교 졸업(전문대졸/대학원생 포함),경상북도,2세대가족,기혼,맞벌이 하지 않음,300-400만원 미만,0,0.2761194029850746,0.4396843291995489,0.5646128680479823,0.6366307541625852,0.3387622149837134,0.2117320374869833,0.4782608695652171,실속형 미식가,편리성을 중시하면서도 새로운 맛과 제품을 시도하는 데 적극적인 소비자 그룹입니다. 가격에 민감하기보다는 효율성과 맛을 동시에 추구합니다.
737,남자,40대,기능원 및 관련 기능 종사자,고졸(대학 재학 포함),강원도,2세대가족,기혼,맞벌이 하지 않음,400-500만원 미만,3,0.5776119402985074,0.5302517850432169,0.5196292257360962,0.941234084231146,0.5521172638436481,0.4522735161402291,0.6173913043478257,트렌드 주도형 소비자,"자신의 취향과 경험을 중시하는 소비자 그룹입니다. 단순히 배를 채우는 것 이상의 가치를 추구하며, 새로운 제품을 가장 먼저 경험하고 공유하려는 경향이 강합니다"
738,남자,30대,사무 종사자,대학교 졸업(전문대졸/대학원생 포함),강원도,1인 가구,미혼(사별/이혼 포함),맞벌이 하지 않음,300-400만원 미만,3,0.6044776119402987,0.5227358136039083,0.3762268266085061,0.941234084231146,0.4846905537459285,0.3679278028462337,0.5926086956521738,트렌드 주도형 소비자,"자신의 취향과 경험을 중시하는 소비자 그룹입니다. 단순히 배를 채우는 것 이상의 가치를 추구하며, 새로운 제품을 가장 먼저 경험하고 공유하려는 경향이 강합니다"
739,여자,50대,서비스 종사자,고졸(대학 재학 포함),세종특별자치시,2세대가족,기혼,맞벌이 함,500-600만원 미만,3,0.5813432835820895,0.4363021420518599,0.3293347873500544,0.7845249755142015,0.3697068403908798,0.6227004512322108,0.6695652173913043,트렌드 주도형 소비자,"자신의 취향과 경험을 중시하는 소비자 그룹입니다. 단순히 배를 채우는 것 이상의 가치를 추구하며, 새로운 제품을 가장 먼저 경험하고 공유하려는 경향이 강합니다"
740,여자,50대,서비스 종사자,고졸(대학 재학 포함),세종특별자치시,1세대가족,기혼,맞벌이 함,500-600만원 미만,0,0.3970149253731341,0.6730552423900787,0.3606870229007631,0.8237022526934379,0.2762214983713355,0.2926067337729955,0.3926086956521739,실속형 미식가,편리성을 중시하면서도 새로운 맛과 제품을 시도하는 데 적극적인 소비자 그룹입니다. 가격에 민감하기보다는 효율성과 맛을 동시에 추구합니다.
741,여자,50대,농림어업 숙련 종사자,고졸(대학 재학 포함),전라남도,1세대가족,기혼,맞벌이 함,200-300만원 미만,3,0.6619402985074626,0.703119128147313,0.2797164667393675,0.8628795298726734,0.3625407166123778,0.3540437348143004,0.5304347826086953,트렌드 주도형 소비자,"자신의 취향과 경험을 중시하는 소비자 그룹입니다. 단순히 배를 채우는 것 이상의 가치를 추구하며, 새로운 제품을 가장 먼저 경험하고 공유하려는 경향이 강합니다"
742,여자,20대,서비스 종사자,대학교 졸업(전문대졸/대학원생 포함),경기도,2세대가족,기혼,맞벌이 함,600-700만원 미만,0,0.1679104477611939,0.4900413378429161,0.3906761177753544,0.7453476983349653,0.2964169381107494,0.7747309961818808,0.5304347826086953,실속형 미식가,편리성을 중시하면서도 새로운 맛과 제품을 시도하는 데 적극적인 소비자 그룹입니다. 가격에 민감하기보다는 효율성과 맛을 동시에 추구합니다.
743,여자,50대,주부,고졸(대학 재학 포함),세종특별자치시,1세대가족,기혼,맞벌이 하지 않음,500-600만원 미만,0,0.2656716417910447,0.6279594137542276,0.4582878953107963,0.8432908912830556,0.2123778501628664,0.4585213467545986,0.4913043478260865,실속형 미식가,편리성을 중시하면서도 새로운 맛과 제품을 시도하는 데 적극적인 소비자 그룹입니다. 가격에 민감하기보다는 효율성과 맛을 동시에 추구합니다.
744,여자,40대,판매 종사자,고졸(대학 재학 포함),전라남도,2세대가족,기혼,맞벌이 함,300-400만원 미만,3,0.6671641791044779,0.4099962420142803,0.3715921483097059,0.8041136141038193,0.5048859934853418,0.3325234293648038,0.5347826086956521,트렌드 주도형 소비자,"자신의 취향과 경험을 중시하는 소비자 그룹입니다. 단순히 배를 채우는 것 이상의 가치를 추구하며, 새로운 제품을 가장 먼저 경험하고 공유하려는 경향이 강합니다"
745,여자,40대,서비스 종사자,고졸(대학 재학 포함),세종특별자치시,2세대가족,기혼,맞벌이 함,700-800만원 미만,0,0.4686567164179105,0.6354753851935362,0.4111232279171211,0.8628795298726734,0.2729641693811074,0.4248524817771604,0.4839130434782607,실속형 미식가,편리성을 중시하면서도 새로운 맛과 제품을 시도하는 데 적극적인 소비자 그룹입니다. 가격에 민감하기보다는 효율성과 맛을 동시에 추구합니다.
746,여자,60대 이상,농림어업 숙련 종사자,중졸 이하,전라남도,1인 가구,미혼(사별/이혼 포함),맞벌이 하지 않음,100-200만원 미만,0,0.473134328358209,0.5941375422773392,0.1529443838604141,0.8041136141038193,0.2960912052117264,0.3373828531759805,0.4926086956521739,실속형 미식가,편리성을 중시하면서도 새로운 맛과 제품을 시도하는 데 적극적인 소비자 그룹입니다. 가격에 민감하기보다는 효율성과 맛을 동시에 추구합니다.
747,여자,40대,주부,고졸(대학 재학 포함),경기도,2세대가족,기혼,맞벌이 하지 않음,300-400만원 미만,1,0.5350746268656716,0.4400601277715145,0.6695747001090508,0.7453476983349653,0.6677524429967426,0.3644567858382503,0.4217391304347824,건강 추구형 소비자,가격이나 브랜드에 크게 구애받지 않고 건강을 최우선으로 고려하는 프리미엄 소비자 그룹입니다. 건강과 편리성을 모두 만족시키는 제품에 기꺼이 지갑을 엽니다.
748,남자,40대,장치·기계 조작 및 조립 종사자,대학교 졸업(전문대졸/대학원생 포함),세종특별자치시,1세대가족,기혼,맞벌이 함,500-600만원 미만,3,0.6097014925373136,0.6260804208944003,0.2461832061068705,0.7992164544564151,0.3061889250814336,0.3557792433182922,0.434782608695652,트렌드 주도형 소비자,"자신의 취향과 경험을 중시하는 소비자 그룹입니다. 단순히 배를 채우는 것 이상의 가치를 추구하며, 새로운 제품을 가장 먼저 경험하고 공유하려는 경향이 강합니다"
749,여자,60대 이상,서비스 종사자,고졸(대학 재학 포함),인천광역시,1인 가구,기혼,맞벌이 하지 않음,200-300만원 미만,3,0.7208955223880598,0.5189778278842537,0.2611777535441658,0.8041136141038193,0.3573289902280132,0.3248871919472405,0.7652173913043476,트렌드 주도형 소비자,"자신의 취향과 경험을 중시하는 소비자 그룹입니다. 단순히 배를 채우는 것 이상의 가치를 추구하며, 새로운 제품을 가장 먼저 경험하고 공유하려는 경향이 강합니다"
750,남자,50대,판매 종사자,고졸(대학 재학 포함),전라남도,1세대가족,기혼,맞벌이 함,300-400만원 미만,3,0.48955223880597,0.4513340849304773,0.1821155943293351,0.8237022526934379,0.4052117263843648,0.479347448802499,0.4869565217391302,트렌드 주도형 소비자,"자신의 취향과 경험을 중시하는 소비자 그룹입니다. 단순히 배를 채우는 것 이상의 가치를 추구하며, 새로운 제품을 가장 먼저 경험하고 공유하려는 경향이 강합니다"
751,여자,30대,사무 종사자,고졸(대학 재학 포함),전라남도,1인 가구,미혼(사별/이혼 포함),맞벌이 하지 않음,100-200만원 미만,0,0.4425373134328358,0.6617812852311158,0.1439476553980371,0.8237022526934379,0.2228013029315964,0.4727525164873305,0.5391304347826085,실속형 미식가,편리성을 중시하면서도 새로운 맛과 제품을 시도하는 데 적극적인 소비자 그룹입니다. 가격에 민감하기보다는 효율성과 맛을 동시에 추구합니다.
752,여자,60대 이상,주부,고졸(대학 재학 포함),전라남도,1세대가족,기혼,맞벌이 하지 않음,200-300만원 미만,0,0.4373134328358207,0.5264937993235627,0.1575790621592151,0.8237022526934379,0.2804560260586323,0.4783061437001038,0.608695652173913,실속형 미식가,편리성을 중시하면서도 새로운 맛과 제품을 시도하는 데 적극적인 소비자 그룹입니다. 가격에 민감하기보다는 효율성과 맛을 동시에 추구합니다.
753,여자,60대 이상,서비스 종사자,고졸(대학 재학 포함),전라남도,2세대가족,기혼,맞벌이 함,500-600만원 미만,0,0.3716417910447762,0.6692972566704246,0.1139585605234457,0.8432908912830556,0.1771986970684042,0.3797292606733772,0.5304347826086953,실속형 미식가,편리성을 중시하면서도 새로운 맛과 제품을 시도하는 데 적극적인 소비자 그룹입니다. 가격에 민감하기보다는 효율성과 맛을 동시에 추구합니다.
754,여자,60대 이상,서비스 종사자,고졸(대학 재학 포함),경상북도,1세대가족,기혼,맞벌이 함,500-600만원 미만,1,0.2089552238805972,0.4659902292371289,0.6695747001090508,0.6170421155729674,0.2866449511400651,0.2568552585907667,0.4217391304347824,건강 추구형 소비자,가격이나 브랜드에 크게 구애받지 않고 건강을 최우선으로 고려하는 프리미엄 소비자 그룹입니다. 건강과 편리성을 모두 만족시키는 제품에 기꺼이 지갑을 엽니다.
755,여자,40대,판매 종사자,고졸(대학 재학 포함),전라남도,2세대가족,기혼,맞벌이 함,300-400만원 미만,0,0.4126865671641791,0.6392333709131903,0.3511450381679391,0.7845249755142015,0.3495114006514659,0.4182575494619922,0.2913043478260869,실속형 미식가,편리성을 중시하면서도 새로운 맛과 제품을 시도하는 데 적극적인 소비자 그룹입니다. 가격에 민감하기보다는 효율성과 맛을 동시에 추구합니다.
756,여자,60대 이상,주부,중졸 이하,경상북도,1인 가구,미혼(사별/이혼 포함),맞벌이 하지 않음,100만원 미만,0,0.2089552238805972,0.4058624577226605,0.5869683751363137,0.6366307541625852,0.3159609120521173,0.2499132245748001,0.5086956521739129,실속형 미식가,편리성을 중시하면서도 새로운 맛과 제품을 시도하는 데 적극적인 소비자 그룹입니다. 가격에 민감하기보다는 효율성과 맛을 동시에 추구합니다.
757,여자,50대,판매 종사자,고졸(대학 재학 포함),전라남도,1세대가족,기혼,맞벌이 함,300-400만원 미만,0,0.4843283582089554,0.6279594137542276,0.1575790621592151,0.8237022526934379,0.2791530944625407,0.4512322110378339,0.4739130434782606,실속형 미식가,편리성을 중시하면서도 새로운 맛과 제품을 시도하는 데 적극적인 소비자 그룹입니다. 가격에 민감하기보다는 효율성과 맛을 동시에 추구합니다.
758,여자,60대 이상,판매 종사자,중졸 이하,전라남도,1세대가족,기혼,맞벌이 함,100-200만원 미만,3,0.5059701492537315,0.4099962420142803,0.194929116684842,0.7845249755142015,0.3912052117263847,0.3387712599791738,0.5521739130434781,트렌드 주도형 소비자,"자신의 취향과 경험을 중시하는 소비자 그룹입니다. 단순히 배를 채우는 것 이상의 가치를 추구하며, 새로운 제품을 가장 먼저 경험하고 공유하려는 경향이 강합니다"
759,여자,50대,사무 종사자,고졸(대학 재학 포함),경상북도,1세대가족,기혼,맞벌이 함,700-800만원 미만,0,0.2089552238805972,0.4735062006764375,0.5856052344601965,0.6366307541625852,0.2866449511400651,0.2568552585907667,0.4695652173913042,실속형 미식가,편리성을 중시하면서도 새로운 맛과 제품을 시도하는 데 적극적인 소비자 그룹입니다. 가격에 민감하기보다는 효율성과 맛을 동시에 추구합니다.
760,여자,60대 이상,서비스 종사자,고졸(대학 재학 포함),전라남도,1세대가족,기혼,맞벌이 함,200-300만원 미만,0,0.3447761194029852,0.6805712138293873,0.2202835332606324,0.8041136141038193,0.1742671009771991,0.4477611940298507,0.5434782608695652,실속형 미식가,편리성을 중시하면서도 새로운 맛과 제품을 시도하는 데 적극적인 소비자 그룹입니다. 가격에 민감하기보다는 효율성과 맛을 동시에 추구합니다.
761,남자,60대 이상,사무 종사자,대학교 졸업(전문대졸/대학원생 포함),전라북도,1세대가족,기혼,맞벌이 하지 않음,400-500만원 미만,3,0.6723880597014925,0.7538519353626454,0.0976008724100324,0.8188050930460328,0.3237785016286646,0.2145088510933703,0.3869565217391302,트렌드 주도형 소비자,"자신의 취향과 경험을 중시하는 소비자 그룹입니다. 단순히 배를 채우는 것 이상의 가치를 추구하며, 새로운 제품을 가장 먼저 경험하고 공유하려는 경향이 강합니다"
762,여자,50대,판매 종사자,대학교 졸업(전문대졸/대학원생 포함),전라북도,1세대가족,기혼,맞벌이 함,600-700만원 미만,3,0.7582089552238805,0.3912063134160088,0.2366412213740457,0.7257590597453475,0.3700325732899022,0.2120791391877818,0.7217391304347825,트렌드 주도형 소비자,"자신의 취향과 경험을 중시하는 소비자 그룹입니다. 단순히 배를 채우는 것 이상의 가치를 추구하며, 새로운 제품을 가장 먼저 경험하고 공유하려는 경향이 강합니다"
763,여자,60대 이상,서비스 종사자,고졸(대학 재학 포함),전라북도,1세대가족,기혼,맞벌이 함,600-700만원 미만,3,0.662686567164179,0.534009770762871,0.1957470010905124,0.706170421155729,0.3032573289902279,0.1721624435959735,0.608695652173913,트렌드 주도형 소비자,"자신의 취향과 경험을 중시하는 소비자 그룹입니다. 단순히 배를 채우는 것 이상의 가치를 추구하며, 새로운 제품을 가장 먼저 경험하고 공유하려는 경향이 강합니다"
764,여자,60대 이상,서비스 종사자,고졸(대학 재학 포함),전라북도,1세대가족,기혼,맞벌이 함,400-500만원 미만,3,0.7544776119402984,0.5302517850432169,0.0976008724100324,0.7649363369245838,0.3684039087947882,0.2849704963554319,0.6130434782608694,트렌드 주도형 소비자,"자신의 취향과 경험을 중시하는 소비자 그룹입니다. 단순히 배를 채우는 것 이상의 가치를 추구하며, 새로운 제품을 가장 먼저 경험하고 공유하려는 경향이 강합니다"
765,여자,60대 이상,판매 종사자,고졸(대학 재학 포함),전라북도,1인 가구,미혼(사별/이혼 포함),맞벌이 하지 않음,200-300만원 미만,3,0.7059701492537311,0.6016535137166477,0.1930207197382771,0.7453476983349653,0.3237785016286646,0.2433182922596316,0.5739130434782607,트렌드 주도형 소비자,"자신의 취향과 경험을 중시하는 소비자 그룹입니다. 단순히 배를 채우는 것 이상의 가치를 추구하며, 새로운 제품을 가장 먼저 경험하고 공유하려는 경향이 강합니다"
766,여자,50대,서비스 종사자,대학교 졸업(전문대졸/대학원생 포함),대전광역시,1세대가족,기혼,맞벌이 함,500-600만원 미만,0,0.4470149253731343,0.6730552423900787,0.3388767720828792,0.9020568070519096,0.2270358306188928,0.4956612287400208,0.5217391304347825,실속형 미식가,편리성을 중시하면서도 새로운 맛과 제품을 시도하는 데 적극적인 소비자 그룹입니다. 가격에 민감하기보다는 효율성과 맛을 동시에 추구합니다.
767,여자,30대,사무 종사자,대학교 졸업(전문대졸/대학원생 포함),대전광역시,3세대가족,기혼,맞벌이 함,500-600만원 미만,3,0.6335820895522388,0.5828635851183764,0.3865866957470011,0.9020568070519096,0.3876221498371337,0.4845539743144738,0.5434782608695652,트렌드 주도형 소비자,"자신의 취향과 경험을 중시하는 소비자 그룹입니다. 단순히 배를 채우는 것 이상의 가치를 추구하며, 새로운 제품을 가장 먼저 경험하고 공유하려는 경향이 강합니다"
768,여자,40대,판매 종사자,고졸(대학 재학 포함),대전광역시,2세대가족,기혼,맞벌이 함,600-700만원 미만,0,0.2805970149253731,0.5791055993987222,0.4288440567066517,0.8237022526934379,0.2504885993485342,0.5196112460951055,0.4869565217391302,실속형 미식가,편리성을 중시하면서도 새로운 맛과 제품을 시도하는 데 적극적인 소비자 그룹입니다. 가격에 민감하기보다는 효율성과 맛을 동시에 추구합니다.
769,여자,50대,주부,대학교 졸업(전문대졸/대학원생 포함),서울특별시,1세대가족,기혼,맞벌이 하지 않음,400-500만원 미만,1,0.5328358208955223,0.5264937993235627,0.5801526717557253,0.8432908912830556,0.4599348534201955,0.1978479694550501,0.3360869565217389,건강 추구형 소비자,가격이나 브랜드에 크게 구애받지 않고 건강을 최우선으로 고려하는 프리미엄 소비자 그룹입니다. 건강과 편리성을 모두 만족시키는 제품에 기꺼이 지갑을 엽니다.
770,여자,60대 이상,주부,고졸(대학 재학 포함),전라북도,1세대가족,기혼,맞벌이 하지 않음,100-200만원 미만,3,0.7679104477611941,0.5227358136039083,0.093511450381679,0.7257590597453475,0.367100977198697,0.2204095800069418,0.5652173913043476,트렌드 주도형 소비자,"자신의 취향과 경험을 중시하는 소비자 그룹입니다. 단순히 배를 채우는 것 이상의 가치를 추구하며, 새로운 제품을 가장 먼저 경험하고 공유하려는 경향이 강합니다"
771,남자,60대 이상,판매 종사자,대학교 졸업(전문대졸/대학원생 포함),전라북도,1세대가족,기혼,맞벌이 함,400-500만원 미만,3,0.7059701492537311,0.5001878992859826,0.1875681570338057,0.7257590597453475,0.3319218241042349,0.215203054494967,0.6652173913043476,트렌드 주도형 소비자,"자신의 취향과 경험을 중시하는 소비자 그룹입니다. 단순히 배를 채우는 것 이상의 가치를 추구하며, 새로운 제품을 가장 먼저 경험하고 공유하려는 경향이 강합니다"
772,여자,50대,사무 종사자,대학교 졸업(전문대졸/대학원생 포함),서울특별시,2세대가족,기혼,맞벌이 함,600-700만원 미만,1,0.5880597014925373,0.4325441563322056,0.6273173391494002,0.8237022526934379,0.6540716612377849,0.2395001735508502,0.3434782608695651,건강 추구형 소비자,가격이나 브랜드에 크게 구애받지 않고 건강을 최우선으로 고려하는 프리미엄 소비자 그룹입니다. 건강과 편리성을 모두 만족시키는 제품에 기꺼이 지갑을 엽니다.
773,여자,50대,판매 종사자,대학교 졸업(전문대졸/대학원생 포함),서울특별시,2세대가족,기혼,맞벌이 함,"1,000만원 이상",1,0.4276119402985076,0.5678316422397591,0.8358778625954197,1.0,0.4977198697068404,0.4696286011801457,0.2652173913043478,건강 추구형 소비자,가격이나 브랜드에 크게 구애받지 않고 건강을 최우선으로 고려하는 프리미엄 소비자 그룹입니다. 건강과 편리성을 모두 만족시키는 제품에 기꺼이 지갑을 엽니다.
774,남자,50대,기능원 및 관련 기능 종사자,고졸(대학 재학 포함),대구광역시,2세대가족,기혼,맞벌이 함,600-700만원 미만,0,0.5276119402985077,0.6805712138293873,0.2156488549618322,0.7845249755142015,0.2693811074918569,0.5272474835126691,0.4869565217391302,실속형 미식가,편리성을 중시하면서도 새로운 맛과 제품을 시도하는 데 적극적인 소비자 그룹입니다. 가격에 민감하기보다는 효율성과 맛을 동시에 추구합니다.
775,여자,40대,사무 종사자,대학교 졸업(전문대졸/대학원생 포함),서울특별시,2세대가족,기혼,맞벌이 함,500-600만원 미만,0,0.5865671641791045,0.9680571213829388,0.2791712104689206,0.7796278158667972,0.292182410423453,0.1919472405414786,0.143478260869565,실속형 미식가,편리성을 중시하면서도 새로운 맛과 제품을 시도하는 데 적극적인 소비자 그룹입니다. 가격에 민감하기보다는 효율성과 맛을 동시에 추구합니다.
776,여자,30대,사무 종사자,대학원 졸업 이상,서울특별시,2세대가족,기혼,맞벌이 함,600-700만원 미만,1,0.5492537313432837,0.5640736565201049,0.6698473282442743,0.941234084231146,0.618241042345277,0.2898299201666084,0.2913043478260869,건강 추구형 소비자,가격이나 브랜드에 크게 구애받지 않고 건강을 최우선으로 고려하는 프리미엄 소비자 그룹입니다. 건강과 편리성을 모두 만족시키는 제품에 기꺼이 지갑을 엽니다.
777,남자,40대,기능원 및 관련 기능 종사자,고졸(대학 재학 포함),경상북도,1인 가구,미혼(사별/이혼 포함),맞벌이 하지 않음,200-300만원 미만,1,0.2761194029850746,0.398346486283352,0.5787895310796072,0.6366307541625852,0.3387622149837134,0.2499132245748001,0.4391304347826084,건강 추구형 소비자,가격이나 브랜드에 크게 구애받지 않고 건강을 최우선으로 고려하는 프리미엄 소비자 그룹입니다. 건강과 편리성을 모두 만족시키는 제품에 기꺼이 지갑을 엽니다.
778,여자,60대 이상,주부,고졸(대학 재학 포함),강원도,1세대가족,기혼,맞벌이 하지 않음,200-300만원 미만,0,0.2335820895522388,0.4550920706501315,0.4280261723009814,0.7845249755142015,0.1820846905537459,0.4963554321416173,0.5882608695652174,실속형 미식가,편리성을 중시하면서도 새로운 맛과 제품을 시도하는 데 적극적인 소비자 그룹입니다. 가격에 민감하기보다는 효율성과 맛을 동시에 추구합니다.
779,여자,40대,서비스 종사자,고졸(대학 재학 포함),인천광역시,2세대가족,기혼,맞벌이 함,500-600만원 미만,1,0.6149253731343286,0.4156332205937615,0.718647764449291,0.8383937316356512,0.6710097719869708,0.3804234640749735,0.1260869565217391,건강 추구형 소비자,가격이나 브랜드에 크게 구애받지 않고 건강을 최우선으로 고려하는 프리미엄 소비자 그룹입니다. 건강과 편리성을 모두 만족시키는 제품에 기꺼이 지갑을 엽니다.
780,여자,40대,사무 종사자,대학교 졸업(전문대졸/대학원생 포함),서울특별시,2세대가족,기혼,맞벌이 함,700-800만원 미만,3,0.5208955223880599,0.4851559564073657,0.4800981461286802,0.8432908912830556,0.4065146579804564,0.2290871225269002,0.4913043478260865,트렌드 주도형 소비자,"자신의 취향과 경험을 중시하는 소비자 그룹입니다. 단순히 배를 채우는 것 이상의 가치를 추구하며, 새로운 제품을 가장 먼저 경험하고 공유하려는 경향이 강합니다"
781,남자,30대,사무 종사자,대학교 졸업(전문대졸/대학원생 포함),경상북도,1세대가족,기혼,맞벌이 함,500-600만원 미만,0,0.2089552238805972,0.4295377677564823,0.5343511450381682,0.6983349657198823,0.2866449511400651,0.2290871225269002,0.5260869565217389,실속형 미식가,편리성을 중시하면서도 새로운 맛과 제품을 시도하는 데 적극적인 소비자 그룹입니다. 가격에 민감하기보다는 효율성과 맛을 동시에 추구합니다.
782,남자,60대 이상,서비스 종사자,대학교 졸업(전문대졸/대학원생 포함),경상북도,1인 가구,미혼(사별/이혼 포함),맞벌이 하지 않음,400-500만원 미만,0,0.2089552238805972,0.4735062006764375,0.5070883315158121,0.6366307541625852,0.2573289902280133,0.2499132245748001,0.5086956521739129,실속형 미식가,편리성을 중시하면서도 새로운 맛과 제품을 시도하는 데 적극적인 소비자 그룹입니다. 가격에 민감하기보다는 효율성과 맛을 동시에 추구합니다.
783,여자,20대,사무 종사자,대학교 졸업(전문대졸/대학원생 포함),경기도,1인 가구,미혼(사별/이혼 포함),맞벌이 하지 않음,300-400만원 미만,3,0.5686567164179106,0.6298384066140549,0.2134678298800438,0.7600391772771787,0.2710097719869709,0.2509545296771953,0.4999999999999998,트렌드 주도형 소비자,"자신의 취향과 경험을 중시하는 소비자 그룹입니다. 단순히 배를 채우는 것 이상의 가치를 추구하며, 새로운 제품을 가장 먼저 경험하고 공유하려는 경향이 강합니다"
784,여자,40대,판매 종사자,대학교 졸업(전문대졸/대학원생 포함),서울특별시,2세대가족,기혼,맞벌이 함,600-700만원 미만,3,0.4723880597014926,0.3836903419767003,0.3764994547437295,0.8237022526934379,0.4863192182410426,0.1735508503991668,0.4130434782608693,트렌드 주도형 소비자,"자신의 취향과 경험을 중시하는 소비자 그룹입니다. 단순히 배를 채우는 것 이상의 가치를 추구하며, 새로운 제품을 가장 먼저 경험하고 공유하려는 경향이 강합니다"
785,여자,50대,서비스 종사자,고졸(대학 재학 포함),경상북도,1세대가족,기혼,맞벌이 함,400-500만원 미만,0,0.2089552238805972,0.4735062006764375,0.61886586695747,0.6366307541625852,0.2214983713355048,0.2360291565428669,0.4695652173913042,실속형 미식가,편리성을 중시하면서도 새로운 맛과 제품을 시도하는 데 적극적인 소비자 그룹입니다. 가격에 민감하기보다는 효율성과 맛을 동시에 추구합니다.
786,여자,50대,판매 종사자,고졸(대학 재학 포함),서울특별시,1세대가족,기혼,맞벌이 함,700-800만원 미만,3,0.6932835820895524,0.5189778278842537,0.3595965103598693,0.8237022526934379,0.4237785016286646,0.2526900381811868,0.7882608695652171,트렌드 주도형 소비자,"자신의 취향과 경험을 중시하는 소비자 그룹입니다. 단순히 배를 채우는 것 이상의 가치를 추구하며, 새로운 제품을 가장 먼저 경험하고 공유하려는 경향이 강합니다"
787,여자,60대 이상,주부,고졸(대학 재학 포함),대구광역시,1세대가족,기혼,맞벌이 하지 않음,300-400만원 미만,3,0.6328358208955224,0.6692972566704246,0.4296619411123228,0.8824681684622918,0.3710097719869709,0.417216244359597,0.626086956521739,트렌드 주도형 소비자,"자신의 취향과 경험을 중시하는 소비자 그룹입니다. 단순히 배를 채우는 것 이상의 가치를 추구하며, 새로운 제품을 가장 먼저 경험하고 공유하려는 경향이 강합니다"
788,여자,40대,사무 종사자,고졸(대학 재학 포함),인천광역시,2세대가족,기혼,맞벌이 함,400-500만원 미만,1,0.6216417910447761,0.3874483276963545,0.7249182115594326,0.8041136141038193,0.7794788273615633,0.3189864630336687,0.1273913043478261,건강 추구형 소비자,가격이나 브랜드에 크게 구애받지 않고 건강을 최우선으로 고려하는 프리미엄 소비자 그룹입니다. 건강과 편리성을 모두 만족시키는 제품에 기꺼이 지갑을 엽니다.
789,여자,60대 이상,서비스 종사자,고졸(대학 재학 포함),경상북도,1세대가족,기혼,맞벌이 함,500-600만원 미만,1,0.2761194029850746,0.499812100714017,0.5207197382769901,0.6170421155729674,0.4039087947882737,0.1874349184311001,0.3913043478260869,건강 추구형 소비자,가격이나 브랜드에 크게 구애받지 않고 건강을 최우선으로 고려하는 프리미엄 소비자 그룹입니다. 건강과 편리성을 모두 만족시키는 제품에 기꺼이 지갑을 엽니다.
790,여자,60대 이상,사무 종사자,대학교 졸업(전문대졸/대학원생 포함),대구광역시,2세대가족,기혼,맞벌이 함,600-700만원 미만,1,0.444776119402985,0.69184517098835,0.6603053435114503,0.7845249755142015,0.4641693811074918,0.3248871919472405,0.3434782608695651,건강 추구형 소비자,가격이나 브랜드에 크게 구애받지 않고 건강을 최우선으로 고려하는 프리미엄 소비자 그룹입니다. 건강과 편리성을 모두 만족시키는 제품에 기꺼이 지갑을 엽니다.
791,여자,50대,판매 종사자,고졸(대학 재학 포함),대구광역시,1세대가족,기혼,맞벌이 함,400-500만원 미만,0,0.4313432835820893,0.7004885381435549,0.5185387131952017,0.8628795298726734,0.306514657980456,0.4335300242971188,0.6043478260869563,실속형 미식가,편리성을 중시하면서도 새로운 맛과 제품을 시도하는 데 적극적인 소비자 그룹입니다. 가격에 민감하기보다는 효율성과 맛을 동시에 추구합니다.
792,여자,60대 이상,주부,고졸(대학 재학 포함),인천광역시,1세대가족,기혼,맞벌이 하지 않음,200-300만원 미만,1,0.5097014925373136,0.4182638105975196,0.5169029443838602,0.7962781586679719,0.5319218241042347,0.5466851787573757,0.2999999999999997,건강 추구형 소비자,가격이나 브랜드에 크게 구애받지 않고 건강을 최우선으로 고려하는 프리미엄 소비자 그룹입니다. 건강과 편리성을 모두 만족시키는 제품에 기꺼이 지갑을 엽니다.
793,여자,60대 이상,주부,중졸 이하,강원도,1인 가구,미혼(사별/이혼 포함),맞벌이 하지 않음,100-200만원 미만,0,0.201492537313433,0.6260804208944003,0.402671755725191,0.681684622918707,0.1387622149837135,0.3700104130510236,0.334782608695652,실속형 미식가,편리성을 중시하면서도 새로운 맛과 제품을 시도하는 데 적극적인 소비자 그룹입니다. 가격에 민감하기보다는 효율성과 맛을 동시에 추구합니다.
794,여자,40대,주부,고졸(대학 재학 포함),경기도,2세대가족,기혼,맞벌이 하지 않음,400-500만원 미만,0,0.4320895522388061,0.6072904922961292,0.3211559432933478,0.7796278158667972,0.3361563517915312,0.488024991322457,0.452173913043478,실속형 미식가,편리성을 중시하면서도 새로운 맛과 제품을 시도하는 데 적극적인 소비자 그룹입니다. 가격에 민감하기보다는 효율성과 맛을 동시에 추구합니다.
795,남자,60대 이상,서비스 종사자,고졸(대학 재학 포함),인천광역시,1세대가족,기혼,맞벌이 함,400-500만원 미만,0,0.3999999999999999,0.7707628711010897,0.2843511450381678,0.8432908912830556,0.1778501628664495,0.5758417216244359,0.4913043478260865,실속형 미식가,편리성을 중시하면서도 새로운 맛과 제품을 시도하는 데 적극적인 소비자 그룹입니다. 가격에 민감하기보다는 효율성과 맛을 동시에 추구합니다.
796,여자,60대 이상,주부,중졸 이하,강원도,1인 가구,미혼(사별/이혼 포함),맞벌이 하지 않음,100-200만원 미만,0,0.2335820895522388,0.5460353250657646,0.3994002181025081,0.7179236043095001,0.1973941368078176,0.4859423811176671,0.3652173913043475,실속형 미식가,편리성을 중시하면서도 새로운 맛과 제품을 시도하는 데 적극적인 소비자 그룹입니다. 가격에 민감하기보다는 효율성과 맛을 동시에 추구합니다.
797,여자,60대 이상,서비스 종사자,고졸(대학 재학 포함),경기도,1세대가족,기혼,맞벌이 함,500-600만원 미만,0,0.3701492537313433,0.434423149192033,0.3497818974918211,0.6425073457394708,0.4123778501628664,0.560569246789309,0.5013043478260867,실속형 미식가,편리성을 중시하면서도 새로운 맛과 제품을 시도하는 데 적극적인 소비자 그룹입니다. 가격에 민감하기보다는 효율성과 맛을 동시에 추구합니다.
798,여자,60대 이상,주부,대학교 졸업(전문대졸/대학원생 포함),강원도,1세대가족,기혼,맞벌이 하지 않음,300-400만원 미만,0,0.3231343283582089,0.520856820744081,0.4784623773173387,0.7796278158667972,0.2680781758957658,0.4696286011801457,0.3608695652173911,실속형 미식가,편리성을 중시하면서도 새로운 맛과 제품을 시도하는 데 적극적인 소비자 그룹입니다. 가격에 민감하기보다는 효율성과 맛을 동시에 추구합니다.
799,남자,30대,서비스 종사자,대학교 졸업(전문대졸/대학원생 포함),대전광역시,1인 가구,미혼(사별/이혼 포함),맞벌이 하지 않음,300-400만원 미만,0,0.5343283582089552,0.7839158211198796,0.0880588876772084,0.8383937316356512,0.2537459283387623,0.4901076015272471,0.4130434782608693,실속형 미식가,편리성을 중시하면서도 새로운 맛과 제품을 시도하는 데 적극적인 소비자 그룹입니다. 가격에 민감하기보다는 효율성과 맛을 동시에 추구합니다.
800,여자,50대,사무 종사자,대학교 졸업(전문대졸/대학원생 포함),인천광역시,2세대가족,기혼,맞벌이 함,600-700만원 미만,1,0.7208955223880598,0.4487034949267192,0.7055616139585605,0.8628795298726734,0.762540716612378,0.3491843110031237,0.1304347826086955,건강 추구형 소비자,가격이나 브랜드에 크게 구애받지 않고 건강을 최우선으로 고려하는 프리미엄 소비자 그룹입니다. 건강과 편리성을 모두 만족시키는 제품에 기꺼이 지갑을 엽니다.
801,여자,30대,주부,고졸(대학 재학 포함),경기도,2세대가족,기혼,맞벌이 하지 않음,300-400만원 미만,0,0.4470149253731343,0.4720030063885757,0.4043075245365318,0.7600391772771787,0.3872964169381109,0.4553974314474138,0.4999999999999998,실속형 미식가,편리성을 중시하면서도 새로운 맛과 제품을 시도하는 데 적극적인 소비자 그룹입니다. 가격에 민감하기보다는 효율성과 맛을 동시에 추구합니다.
802,여자,20대,학생,고졸(대학 재학 포함),대전광역시,1인 가구,미혼(사별/이혼 포함),맞벌이 하지 않음,100만원 미만,3,0.6604477611940297,0.7812852311161218,0.09814612868048,0.8579823702252692,0.315309446254072,0.6463033668864974,0.4304347826086956,트렌드 주도형 소비자,"자신의 취향과 경험을 중시하는 소비자 그룹입니다. 단순히 배를 채우는 것 이상의 가치를 추구하며, 새로운 제품을 가장 먼저 경험하고 공유하려는 경향이 강합니다"
803,남자,30대,사무 종사자,대학교 졸업(전문대졸/대학원생 포함),강원도,1인 가구,미혼(사별/이혼 포함),맞벌이 하지 않음,300-400만원 미만,0,0.2208955223880596,0.6599022923712887,0.4724645583424212,0.8383937316356512,0.2592833876221498,0.3783408538701835,0.260869565217391,실속형 미식가,편리성을 중시하면서도 새로운 맛과 제품을 시도하는 데 적극적인 소비자 그룹입니다. 가격에 민감하기보다는 효율성과 맛을 동시에 추구합니다.
804,남자,20대,판매 종사자,고졸(대학 재학 포함),대전광역시,1인 가구,미혼(사별/이혼 포함),맞벌이 하지 않음,200-300만원 미만,0,0.6097014925373136,0.7350620067643742,0.0708833151581239,0.7992164544564151,0.2465798045602608,0.556404026379729,0.4043478260869565,실속형 미식가,편리성을 중시하면서도 새로운 맛과 제품을 시도하는 데 적극적인 소비자 그룹입니다. 가격에 민감하기보다는 효율성과 맛을 동시에 추구합니다.
805,여자,60대 이상,서비스 종사자,고졸(대학 재학 포함),서울특별시,1세대가족,기혼,맞벌이 함,500-600만원 미만,1,0.5865671641791045,0.4175122134535888,0.5913304252998905,0.8237022526934379,0.609446254071661,0.1909059354390834,0.4534782608695652,건강 추구형 소비자,가격이나 브랜드에 크게 구애받지 않고 건강을 최우선으로 고려하는 프리미엄 소비자 그룹입니다. 건강과 편리성을 모두 만족시키는 제품에 기꺼이 지갑을 엽니다.
806,남자,30대,사무 종사자,대학교 졸업(전문대졸/대학원생 포함),강원도,1인 가구,미혼(사별/이혼 포함),맞벌이 하지 않음,200-300만원 미만,0,0.4574626865671642,0.5809845922585491,0.3399672846237729,0.8971596474045053,0.3465798045602608,0.3297466157584171,0.4956521739130434,실속형 미식가,편리성을 중시하면서도 새로운 맛과 제품을 시도하는 데 적극적인 소비자 그룹입니다. 가격에 민감하기보다는 효율성과 맛을 동시에 추구합니다.
807,여자,40대,판매 종사자,대학교 졸업(전문대졸/대학원생 포함),서울특별시,2세대가족,기혼,맞벌이 함,600-700만원 미만,0,0.3962686567164178,0.8759864712514092,0.4582878953107963,0.9216454456415274,0.2537459283387623,0.5275945852134672,0.5913043478260867,실속형 미식가,편리성을 중시하면서도 새로운 맛과 제품을 시도하는 데 적극적인 소비자 그룹입니다. 가격에 민감하기보다는 효율성과 맛을 동시에 추구합니다.
808,남자,40대,서비스 종사자,대학교 졸업(전문대졸/대학원생 포함),충청남도,1인 가구,미혼(사별/이혼 포함),맞벌이 하지 않음,300-400만원 미만,3,0.6231343283582089,0.7839158211198796,0.2960741548527809,0.8579823702252692,0.2752442996742673,0.4960083304408189,0.4913043478260865,트렌드 주도형 소비자,"자신의 취향과 경험을 중시하는 소비자 그룹입니다. 단순히 배를 채우는 것 이상의 가치를 추구하며, 새로운 제품을 가장 먼저 경험하고 공유하려는 경향이 강합니다"
809,여자,30대,서비스 종사자,대학교 졸업(전문대졸/대학원생 포함),충청남도,2세대가족,기혼,맞벌이 함,600-700만원 미만,3,0.6485074626865673,0.7576099210822996,0.2524536532170122,0.8579823702252692,0.290553745928339,0.5515446025685523,0.5043478260869562,트렌드 주도형 소비자,"자신의 취향과 경험을 중시하는 소비자 그룹입니다. 단순히 배를 채우는 것 이상의 가치를 추구하며, 새로운 제품을 가장 먼저 경험하고 공유하려는 경향이 강합니다"
810,남자,50대,서비스 종사자,고졸(대학 재학 포함),충청남도,1세대가족,기혼,맞벌이 함,500-600만원 미만,3,0.5880597014925373,0.6561443066516346,0.2742639040348961,0.8971596474045053,0.2436482084690556,0.5123221103783406,0.608695652173913,트렌드 주도형 소비자,"자신의 취향과 경험을 중시하는 소비자 그룹입니다. 단순히 배를 채우는 것 이상의 가치를 추구하며, 새로운 제품을 가장 먼저 경험하고 공유하려는 경향이 강합니다"
811,남자,60대 이상,농림어업 숙련 종사자,고졸(대학 재학 포함),충청남도,1세대가족,기혼,맞벌이 함,300-400만원 미만,3,0.7402985074626868,0.689966178128523,0.2843511450381678,0.8775710088148868,0.3241042345276876,0.6136758070114542,0.5869565217391303,트렌드 주도형 소비자,"자신의 취향과 경험을 중시하는 소비자 그룹입니다. 단순히 배를 채우는 것 이상의 가치를 추구하며, 새로운 제품을 가장 먼저 경험하고 공유하려는 경향이 강합니다"
812,여자,40대,사무 종사자,대학교 졸업(전문대졸/대학원생 포함),강원도,1인 가구,미혼(사별/이혼 포함),맞벌이 하지 않음,200-300만원 미만,0,0.2059701492537315,0.5264937993235627,0.3955834242093781,0.8432908912830556,0.3224755700325735,0.3713988198542173,0.5099999999999998,실속형 미식가,편리성을 중시하면서도 새로운 맛과 제품을 시도하는 데 적극적인 소비자 그룹입니다. 가격에 민감하기보다는 효율성과 맛을 동시에 추구합니다.
813,여자,60대 이상,주부,고졸(대학 재학 포함),경기도,1세대가족,기혼,맞벌이 하지 않음,300-400만원 미만,0,0.4641791044776119,0.5170988350244269,0.3034351145038165,0.740450538687561,0.3361563517915312,0.4262408885803537,0.5304347826086953,실속형 미식가,편리성을 중시하면서도 새로운 맛과 제품을 시도하는 데 적극적인 소비자 그룹입니다. 가격에 민감하기보다는 효율성과 맛을 동시에 추구합니다.
814,여자,60대 이상,농림어업 숙련 종사자,고졸(대학 재학 포함),충청남도,1세대가족,기혼,맞벌이 함,300-400만원 미만,3,0.873134328358209,0.7200300638857569,0.2979825517993458,0.7992164544564151,0.3420195439739416,0.5796598403332174,0.4999999999999998,트렌드 주도형 소비자,"자신의 취향과 경험을 중시하는 소비자 그룹입니다. 단순히 배를 채우는 것 이상의 가치를 추구하며, 새로운 제품을 가장 먼저 경험하고 공유하려는 경향이 강합니다"
815,여자,60대 이상,기능원 및 관련 기능 종사자,고졸(대학 재학 포함),인천광역시,1세대가족,기혼,맞벌이 함,400-500만원 미만,3,0.7022388059701492,0.4926719278466742,0.3083424209378408,0.8237022526934379,0.3602605863192185,0.3488372093023252,0.7304347826086953,트렌드 주도형 소비자,"자신의 취향과 경험을 중시하는 소비자 그룹입니다. 단순히 배를 채우는 것 이상의 가치를 추구하며, 새로운 제품을 가장 먼저 경험하고 공유하려는 경향이 강합니다"
816,여자,60대 이상,서비스 종사자,고졸(대학 재학 포함),충청남도,1인 가구,미혼(사별/이혼 포함),맞벌이 하지 않음,100-200만원 미만,3,0.8059701492537313,0.6963547538519355,0.3097055616139582,0.7571008814887363,0.3322475570032573,0.501214855952794,0.5839130434782608,트렌드 주도형 소비자,"자신의 취향과 경험을 중시하는 소비자 그룹입니다. 단순히 배를 채우는 것 이상의 가치를 추구하며, 새로운 제품을 가장 먼저 경험하고 공유하려는 경향이 강합니다"
817,여자,60대 이상,농림어업 숙련 종사자,고졸(대학 재학 포함),충청남도,1세대가족,기혼,맞벌이 함,300-400만원 미만,3,0.6552238805970151,0.7249154453213076,0.2843511450381678,0.8383937316356512,0.2599348534201955,0.7410621312044428,0.5565217391304347,트렌드 주도형 소비자,"자신의 취향과 경험을 중시하는 소비자 그룹입니다. 단순히 배를 채우는 것 이상의 가치를 추구하며, 새로운 제품을 가장 먼저 경험하고 공유하려는 경향이 강합니다"
818,여자,60대 이상,농림어업 숙련 종사자,대학교 졸업(전문대졸/대학원생 포함),충청남도,1세대가족,기혼,맞벌이 함,200-300만원 미만,3,0.7708955223880597,0.6411123637730176,0.1352235550708835,0.8579823702252692,0.3504885993485342,0.6112460951058657,0.5391304347826085,트렌드 주도형 소비자,"자신의 취향과 경험을 중시하는 소비자 그룹입니다. 단순히 배를 채우는 것 이상의 가치를 추구하며, 새로운 제품을 가장 먼저 경험하고 공유하려는 경향이 강합니다"
819,여자,40대,판매 종사자,고졸(대학 재학 포함),인천광역시,2세대가족,기혼,맞벌이 함,600-700만원 미만,1,0.7238805970149254,0.6542653137918076,0.5537077426390402,0.8432908912830556,0.675244299674267,0.2867060048594236,0.1739130434782606,건강 추구형 소비자,가격이나 브랜드에 크게 구애받지 않고 건강을 최우선으로 고려하는 프리미엄 소비자 그룹입니다. 건강과 편리성을 모두 만족시키는 제품에 기꺼이 지갑을 엽니다.
820,남자,50대,서비스 종사자,고졸(대학 재학 포함),충청남도,2세대가족,기혼,맞벌이 함,400-500만원 미만,3,0.7708955223880597,0.7500939496429911,0.109051254089422,0.8579823702252692,0.3169381107491856,0.5043387712599788,0.4782608695652171,트렌드 주도형 소비자,"자신의 취향과 경험을 중시하는 소비자 그룹입니다. 단순히 배를 채우는 것 이상의 가치를 추구하며, 새로운 제품을 가장 먼저 경험하고 공유하려는 경향이 강합니다"
821,여자,60대 이상,주부,고졸(대학 재학 포함),경기도,1세대가족,기혼,맞벌이 하지 않음,300-400만원 미만,0,0.3029850746268655,0.44945509207065,0.3279716466739364,0.7208619000979426,0.2951140065146582,0.4727525164873305,0.6565217391304344,실속형 미식가,편리성을 중시하면서도 새로운 맛과 제품을 시도하는 데 적극적인 소비자 그룹입니다. 가격에 민감하기보다는 효율성과 맛을 동시에 추구합니다.
822,여자,60대 이상,농림어업 숙련 종사자,고졸(대학 재학 포함),충청남도,1인 가구,미혼(사별/이혼 포함),맞벌이 하지 않음,200-300만원 미만,3,0.7507462686567162,0.7688838782412626,0.2516357688113411,0.8188050930460328,0.3016286644951144,0.5994446372787223,0.4360869565217389,트렌드 주도형 소비자,"자신의 취향과 경험을 중시하는 소비자 그룹입니다. 단순히 배를 채우는 것 이상의 가치를 추구하며, 새로운 제품을 가장 먼저 경험하고 공유하려는 경향이 강합니다"
823,여자,60대 이상,주부,고졸(대학 재학 포함),충청남도,1세대가족,기혼,맞벌이 하지 않음,200-300만원 미만,3,0.6298507462686568,0.7200300638857569,0.3143402399127592,0.8188050930460328,0.2423452768729645,0.7066990628254075,0.4913043478260865,트렌드 주도형 소비자,"자신의 취향과 경험을 중시하는 소비자 그룹입니다. 단순히 배를 채우는 것 이상의 가치를 추구하며, 새로운 제품을 가장 먼저 경험하고 공유하려는 경향이 강합니다"
824,여자,60대 이상,서비스 종사자,고졸(대학 재학 포함),경상북도,1인 가구,미혼(사별/이혼 포함),맞벌이 하지 않음,100-200만원 미만,1,0.2761194029850746,0.3570086433671551,0.61886586695747,0.6170421155729674,0.3745928338762214,0.2256161055189169,0.4086956521739129,건강 추구형 소비자,가격이나 브랜드에 크게 구애받지 않고 건강을 최우선으로 고려하는 프리미엄 소비자 그룹입니다. 건강과 편리성을 모두 만족시키는 제품에 기꺼이 지갑을 엽니다.
825,여자,60대 이상,주부,고졸(대학 재학 포함),경기도,1세대가족,기혼,맞벌이 하지 않음,200-300만원 미만,0,0.2731343283582089,0.4907929349868469,0.2816248636859325,0.7208619000979426,0.1941368078175895,0.651162790697674,0.7013043478260867,실속형 미식가,편리성을 중시하면서도 새로운 맛과 제품을 시도하는 데 적극적인 소비자 그룹입니다. 가격에 민감하기보다는 효율성과 맛을 동시에 추구합니다.
826,여자,40대,사무 종사자,대학교 졸업(전문대졸/대학원생 포함),경상남도,2세대가족,기혼,맞벌이 함,700-800만원 미만,1,0.5395522388059701,0.3761743705373919,0.6245910577971643,0.8041136141038193,0.7208469055374592,0.3318292259632072,0.2304347826086955,건강 추구형 소비자,가격이나 브랜드에 크게 구애받지 않고 건강을 최우선으로 고려하는 프리미엄 소비자 그룹입니다. 건강과 편리성을 모두 만족시키는 제품에 기꺼이 지갑을 엽니다.
827,여자,60대 이상,판매 종사자,고졸(대학 재학 포함),경상북도,2세대가족,미혼(사별/이혼 포함),맞벌이 하지 않음,400-500만원 미만,0,0.2089552238805972,0.4659902292371289,0.5425299890948747,0.6366307541625852,0.3094462540716612,0.2499132245748001,0.4869565217391302,실속형 미식가,편리성을 중시하면서도 새로운 맛과 제품을 시도하는 데 적극적인 소비자 그룹입니다. 가격에 민감하기보다는 효율성과 맛을 동시에 추구합니다.
828,여자,20대,사무 종사자,대학교 졸업(전문대졸/대학원생 포함),서울특별시,1세대가족,기혼,맞벌이 함,600-700만원 미만,0,0.1641791044776118,0.7745208568207439,0.5717011995637951,0.9216454456415274,0.1605863192182414,0.298507462686567,0.6347826086956521,실속형 미식가,편리성을 중시하면서도 새로운 맛과 제품을 시도하는 데 적극적인 소비자 그룹입니다. 가격에 민감하기보다는 효율성과 맛을 동시에 추구합니다.
829,여자,40대,판매 종사자,대학교 졸업(전문대졸/대학원생 포함),경상북도,1인 가구,미혼(사별/이혼 포함),맞벌이 하지 않음,400-500만원 미만,0,0.1380597014925373,0.4701240135287484,0.2202835332606324,0.7649363369245838,0.2628664495114008,0.2603262755987501,0.5521739130434781,실속형 미식가,편리성을 중시하면서도 새로운 맛과 제품을 시도하는 데 적극적인 소비자 그룹입니다. 가격에 민감하기보다는 효율성과 맛을 동시에 추구합니다.
830,여자,50대,사무 종사자,대학교 졸업(전문대졸/대학원생 포함),경상남도,2세대가족,기혼,맞벌이 함,800-900만원 미만,1,0.4201492537313434,0.3912063134160088,0.681842966194111,0.8432908912830556,0.7120521172638437,0.3064908018049287,0.1913043478260869,건강 추구형 소비자,가격이나 브랜드에 크게 구애받지 않고 건강을 최우선으로 고려하는 프리미엄 소비자 그룹입니다. 건강과 편리성을 모두 만족시키는 제품에 기꺼이 지갑을 엽니다.
831,남자,50대,장치·기계 조작 및 조립 종사자,고졸(대학 재학 포함),경기도,1인 가구,미혼(사별/이혼 포함),맞벌이 하지 않음,300-400만원 미만,0,0.2089552238805972,0.520856820744081,0.2570883315158124,0.740450538687561,0.2182410423452772,0.5057271780631721,0.4695652173913042,실속형 미식가,편리성을 중시하면서도 새로운 맛과 제품을 시도하는 데 적극적인 소비자 그룹입니다. 가격에 민감하기보다는 효율성과 맛을 동시에 추구합니다.
832,남자,60대 이상,단순노무 종사자,고졸(대학 재학 포함),서울특별시,1세대가족,기혼,맞벌이 함,300-400만원 미만,0,0.282089552238806,0.8121007140172866,0.462649945474373,0.8628795298726734,0.1762214983713355,0.4835126692120789,0.5869565217391303,실속형 미식가,편리성을 중시하면서도 새로운 맛과 제품을 시도하는 데 적극적인 소비자 그룹입니다. 가격에 민감하기보다는 효율성과 맛을 동시에 추구합니다.
833,여자,60대 이상,주부,고졸(대학 재학 포함),경기도,1세대가족,기혼,맞벌이 하지 않음,300-400만원 미만,0,0.2559701492537312,0.5020668921458099,0.2325517993456924,0.6620959843290886,0.2006514657980457,0.4113155154460256,0.4826086956521738,실속형 미식가,편리성을 중시하면서도 새로운 맛과 제품을 시도하는 데 적극적인 소비자 그룹입니다. 가격에 민감하기보다는 효율성과 맛을 동시에 추구합니다.
834,여자,60대 이상,주부,고졸(대학 재학 포함),경상북도,1세대가족,기혼,맞벌이 하지 않음,300-400만원 미만,0,0.237313432835821,0.5828635851183764,0.3527808069792799,0.7845249755142015,0.1947882736156353,0.3481430059007289,0.5130434782608694,실속형 미식가,편리성을 중시하면서도 새로운 맛과 제품을 시도하는 데 적극적인 소비자 그룹입니다. 가격에 민감하기보다는 효율성과 맛을 동시에 추구합니다.
835,여자,30대,사무 종사자,대학교 졸업(전문대졸/대학원생 포함),서울특별시,2세대가족,기혼,맞벌이 함,600-700만원 미만,0,0.2604477611940297,0.7895527996993608,0.6011450381679388,0.9608227228207636,0.3110749185667752,0.4998264491496007,0.5086956521739129,실속형 미식가,편리성을 중시하면서도 새로운 맛과 제품을 시도하는 데 적극적인 소비자 그룹입니다. 가격에 민감하기보다는 효율성과 맛을 동시에 추구합니다.
836,남자,40대,장치·기계 조작 및 조립 종사자,고졸(대학 재학 포함),서울특별시,2세대가족,기혼,맞벌이 함,500-600만원 미만,0,0.2149253731343282,0.8609545283727918,0.6504907306434022,0.9020568070519096,0.1957654723127035,0.5050329746615756,0.5999999999999999,실속형 미식가,편리성을 중시하면서도 새로운 맛과 제품을 시도하는 데 적극적인 소비자 그룹입니다. 가격에 민감하기보다는 효율성과 맛을 동시에 추구합니다.
837,여자,60대 이상,판매 종사자,고졸(대학 재학 포함),서울특별시,1세대가족,기혼,맞벌이 함,700-800만원 미만,1,0.4126865671641791,0.4637354378053364,0.937295528898582,0.9020568070519096,0.5257328990228014,0.2707393266227004,0.5230434782608694,건강 추구형 소비자,가격이나 브랜드에 크게 구애받지 않고 건강을 최우선으로 고려하는 프리미엄 소비자 그룹입니다. 건강과 편리성을 모두 만족시키는 제품에 기꺼이 지갑을 엽니다.
838,여자,60대 이상,서비스 종사자,고졸(대학 재학 포함),서울특별시,1세대가족,기혼,맞벌이 함,600-700만원 미만,1,0.3358208955223882,0.5640736565201049,0.8707742639040348,0.941234084231146,0.511726384364821,0.3158625477264835,0.3882608695652174,건강 추구형 소비자,가격이나 브랜드에 크게 구애받지 않고 건강을 최우선으로 고려하는 프리미엄 소비자 그룹입니다. 건강과 편리성을 모두 만족시키는 제품에 기꺼이 지갑을 엽니다.
839,여자,30대,사무 종사자,대학교 졸업(전문대졸/대학원생 포함),인천광역시,1인 가구,미혼(사별/이혼 포함),맞벌이 하지 않음,400-500만원 미만,1,0.2910447761194031,0.3573844419391207,0.7115594329334789,0.7845249755142015,0.1938110749185671,0.2117320374869833,0.2086956521739129,건강 추구형 소비자,가격이나 브랜드에 크게 구애받지 않고 건강을 최우선으로 고려하는 프리미엄 소비자 그룹입니다. 건강과 편리성을 모두 만족시키는 제품에 기꺼이 지갑을 엽니다.
840,여자,60대 이상,판매 종사자,고졸(대학 재학 포함),서울특별시,1세대가족,기혼,맞벌이 함,"900-1,000만원 미만",1,0.287313432835821,0.4550920706501315,0.939203925845147,0.9216454456415274,0.6042345276872965,0.2846233946546337,0.143478260869565,건강 추구형 소비자,가격이나 브랜드에 크게 구애받지 않고 건강을 최우선으로 고려하는 프리미엄 소비자 그룹입니다. 건강과 편리성을 모두 만족시키는 제품에 기꺼이 지갑을 엽니다.
841,여자,40대,사무 종사자,대학교 졸업(전문대졸/대학원생 포함),서울특별시,2세대가족,기혼,맞벌이 함,"1,000만원 이상",1,0.3044776119402984,0.3968432919954903,0.8942202835332602,0.8188050930460328,0.5889250814332248,0.2197153766053451,0.0956521739130432,건강 추구형 소비자,가격이나 브랜드에 크게 구애받지 않고 건강을 최우선으로 고려하는 프리미엄 소비자 그룹입니다. 건강과 편리성을 모두 만족시키는 제품에 기꺼이 지갑을 엽니다.
842,여자,50대,서비스 종사자,고졸(대학 재학 포함),인천광역시,2세대가족,기혼,맞벌이 함,600-700만원 미만,3,0.6119402985074629,0.4175122134535888,0.2988004362050161,0.8041136141038193,0.2980456026058634,0.4009024644220753,0.7999999999999998,트렌드 주도형 소비자,"자신의 취향과 경험을 중시하는 소비자 그룹입니다. 단순히 배를 채우는 것 이상의 가치를 추구하며, 새로운 제품을 가장 먼저 경험하고 공유하려는 경향이 강합니다"
843,여자,60대 이상,주부,고졸(대학 재학 포함),서울특별시,1세대가족,기혼,맞벌이 하지 않음,500-600만원 미만,1,0.2276119402985074,0.3667794062382561,0.8516902944383862,0.7796278158667972,0.5553745928338761,0.1631377993752169,0.1621739130434779,건강 추구형 소비자,가격이나 브랜드에 크게 구애받지 않고 건강을 최우선으로 고려하는 프리미엄 소비자 그룹입니다. 건강과 편리성을 모두 만족시키는 제품에 기꺼이 지갑을 엽니다.
844,여자,60대 이상,단순노무 종사자,고졸(대학 재학 포함),인천광역시,1세대가족,기혼,맞벌이 함,300-400만원 미만,3,0.5798507462686566,0.4588500563697856,0.2802617230098144,0.8237022526934379,0.3508143322475571,0.3658451926414436,0.7391304347826084,트렌드 주도형 소비자,"자신의 취향과 경험을 중시하는 소비자 그룹입니다. 단순히 배를 채우는 것 이상의 가치를 추구하며, 새로운 제품을 가장 먼저 경험하고 공유하려는 경향이 강합니다"
845,여자,30대,사무 종사자,대학교 졸업(전문대졸/대학원생 포함),경기도,2세대가족,기혼,맞벌이 함,600-700만원 미만,3,0.5694029850746267,0.4099962420142803,0.3928571428571428,0.8041136141038193,0.4547231270358309,0.3110031239153068,0.7130434782608693,트렌드 주도형 소비자,"자신의 취향과 경험을 중시하는 소비자 그룹입니다. 단순히 배를 채우는 것 이상의 가치를 추구하며, 새로운 제품을 가장 먼저 경험하고 공유하려는 경향이 강합니다"
846,여자,40대,사무 종사자,대학교 졸업(전문대졸/대학원생 포함),서울특별시,2세대가족,기혼,맞벌이 함,"1,000만원 이상",1,0.1753731343283581,0.4381811349116872,0.8735005452562701,0.8383937316356512,0.5407166123778503,0.1839639014231168,0.160869565217391,건강 추구형 소비자,가격이나 브랜드에 크게 구애받지 않고 건강을 최우선으로 고려하는 프리미엄 소비자 그룹입니다. 건강과 편리성을 모두 만족시키는 제품에 기꺼이 지갑을 엽니다.
847,여자,50대,장치·기계 조작 및 조립 종사자,대학교 졸업(전문대졸/대학원생 포함),경기도,2세대가족,기혼,맞벌이 함,600-700만원 미만,3,0.4940298507462686,0.5001878992859826,0.3745910577971647,0.8628795298726734,0.3035830618892509,0.2464422075668168,0.8086956521739128,트렌드 주도형 소비자,"자신의 취향과 경험을 중시하는 소비자 그룹입니다. 단순히 배를 채우는 것 이상의 가치를 추구하며, 새로운 제품을 가장 먼저 경험하고 공유하려는 경향이 강합니다"
848,여자,60대 이상,주부,고졸(대학 재학 포함),제주특별자치도,2세대가족,기혼,맞벌이 하지 않음,400-500만원 미만,1,0.0597014925373135,0.3122886133032695,0.6104143947655394,0.706170421155729,0.3648208469055377,0.1318986463033667,0.3086956521739128,건강 추구형 소비자,가격이나 브랜드에 크게 구애받지 않고 건강을 최우선으로 고려하는 프리미엄 소비자 그룹입니다. 건강과 편리성을 모두 만족시키는 제품에 기꺼이 지갑을 엽니다.
849,여자,50대,사무 종사자,고졸(대학 재학 포함),대전광역시,2세대가족,기혼,맞벌이 함,600-700만원 미만,0,0.1044776119402986,0.6459977452085679,0.2843511450381678,0.8775710088148868,0.0488599348534202,0.5182228392919125,0.7130434782608693,실속형 미식가,편리성을 중시하면서도 새로운 맛과 제품을 시도하는 데 적극적인 소비자 그룹입니다. 가격에 민감하기보다는 효율성과 맛을 동시에 추구합니다.
850,여자,60대 이상,주부,고졸(대학 재학 포함),대전광역시,1세대가족,기혼,맞벌이 하지 않음,400-500만원 미만,1,0.4649253731343284,0.5697106350995865,0.680752453653217,0.7992164544564151,0.5087947882736157,0.2658799028115234,0.3913043478260869,건강 추구형 소비자,가격이나 브랜드에 크게 구애받지 않고 건강을 최우선으로 고려하는 프리미엄 소비자 그룹입니다. 건강과 편리성을 모두 만족시키는 제품에 기꺼이 지갑을 엽니다.
851,여자,60대 이상,주부,대학교 졸업(전문대졸/대학원생 포함),경상북도,2세대가족,기혼,맞벌이 하지 않음,300-400만원 미만,0,0.0597014925373135,0.535888763622698,0.2649945474372957,0.7600391772771787,0.2263843648208469,0.2769871572370703,0.5665217391304348,실속형 미식가,편리성을 중시하면서도 새로운 맛과 제품을 시도하는 데 적극적인 소비자 그룹입니다. 가격에 민감하기보다는 효율성과 맛을 동시에 추구합니다.
852,여자,60대 이상,주부,대학교 졸업(전문대졸/대학원생 포함),대전광역시,2세대가족,기혼,맞벌이 하지 않음,800-900만원 미만,1,0.3305970149253732,0.5009394964299134,0.6423118865866957,0.7962781586679719,0.4677524429967427,0.2717806317250952,0.4304347826086956,건강 추구형 소비자,가격이나 브랜드에 크게 구애받지 않고 건강을 최우선으로 고려하는 프리미엄 소비자 그룹입니다. 건강과 편리성을 모두 만족시키는 제품에 기꺼이 지갑을 엽니다.
853,여자,60대 이상,주부,고졸(대학 재학 포함),경상북도,2세대가족,기혼,맞벌이 하지 않음,300-400만원 미만,0,0.2037313432835822,0.5020668921458099,0.3244274809160307,0.7992164544564151,0.2716612377850163,0.2637972926067334,0.5956521739130434,실속형 미식가,편리성을 중시하면서도 새로운 맛과 제품을 시도하는 데 적극적인 소비자 그룹입니다. 가격에 민감하기보다는 효율성과 맛을 동시에 추구합니다.
854,여자,20대,사무 종사자,대학교 졸업(전문대졸/대학원생 포함),대전광역시,1인 가구,미혼(사별/이혼 포함),맞벌이 하지 않음,200-300만원 미만,0,0.246268656716418,0.5471627207816611,0.2006543075245361,0.740450538687561,0.2609120521172638,0.2533842415827835,0.434782608695652,실속형 미식가,편리성을 중시하면서도 새로운 맛과 제품을 시도하는 데 적극적인 소비자 그룹입니다. 가격에 민감하기보다는 효율성과 맛을 동시에 추구합니다.
855,여자,60대 이상,주부,고졸(대학 재학 포함),서울특별시,1세대가족,기혼,맞벌이 하지 않음,300-400만원 미만,1,0.1865671641791045,0.4325441563322056,0.8721374045801527,0.8824681684622918,0.534527687296417,0.2814994793474484,0.3478260869565215,건강 추구형 소비자,가격이나 브랜드에 크게 구애받지 않고 건강을 최우선으로 고려하는 프리미엄 소비자 그룹입니다. 건강과 편리성을 모두 만족시키는 제품에 기꺼이 지갑을 엽니다.
856,여자,40대,서비스 종사자,대학교 졸업(전문대졸/대학원생 포함),서울특별시,2세대가족,기혼,맞벌이 함,800-900만원 미만,1,0.2350746268656717,0.4400601277715145,0.8429661941112316,0.8824681684622918,0.5270358306188926,0.3491843110031237,0.3565217391304347,건강 추구형 소비자,가격이나 브랜드에 크게 구애받지 않고 건강을 최우선으로 고려하는 프리미엄 소비자 그룹입니다. 건강과 편리성을 모두 만족시키는 제품에 기꺼이 지갑을 엽니다.
857,여자,60대 이상,주부,중졸 이하,광주광역시,1인 가구,미혼(사별/이혼 포함),맞벌이 하지 않음,100-200만원 미만,3,0.5492537313432837,0.3498684704998119,0.4206652126499451,0.8237022526934379,0.5654723127035833,0.4946199236376255,0.3317391304347824,트렌드 주도형 소비자,"자신의 취향과 경험을 중시하는 소비자 그룹입니다. 단순히 배를 채우는 것 이상의 가치를 추구하며, 새로운 제품을 가장 먼저 경험하고 공유하려는 경향이 강합니다"
858,여자,50대,사무 종사자,대학교 졸업(전문대졸/대학원생 포함),경기도,2세대가족,미혼(사별/이혼 포함),맞벌이 하지 않음,300-400만원 미만,0,0.4276119402985076,0.6636602780909431,0.3034351145038165,0.7600391772771787,0.2527687296416941,0.4078444984380422,0.334782608695652,실속형 미식가,편리성을 중시하면서도 새로운 맛과 제품을 시도하는 데 적극적인 소비자 그룹입니다. 가격에 민감하기보다는 효율성과 맛을 동시에 추구합니다.
859,여자,60대 이상,주부,고졸(대학 재학 포함),서울특별시,1세대가족,기혼,맞벌이 하지 않음,400-500만원 미만,1,0.1664179104477611,0.4475760992108231,0.8026172300981462,0.9020568070519096,0.3944625407166123,0.429711905588337,0.3956521739130433,건강 추구형 소비자,가격이나 브랜드에 크게 구애받지 않고 건강을 최우선으로 고려하는 프리미엄 소비자 그룹입니다. 건강과 편리성을 모두 만족시키는 제품에 기꺼이 지갑을 엽니다.
860,남자,20대,서비스 종사자,고졸(대학 재학 포함),광주광역시,1인 가구,미혼(사별/이혼 포함),맞벌이 하지 않음,100-200만원 미만,1,0.5328358208955223,0.4832769635475384,0.3770447110141764,0.7600391772771787,0.5648208469055375,0.3332176327664005,0.1913043478260869,건강 추구형 소비자,가격이나 브랜드에 크게 구애받지 않고 건강을 최우선으로 고려하는 프리미엄 소비자 그룹입니다. 건강과 편리성을 모두 만족시키는 제품에 기꺼이 지갑을 엽니다.
861,여자,50대,서비스 종사자,고졸(대학 재학 포함),경기도,2세대가족,기혼,맞벌이 함,600-700만원 미만,3,0.601492537313433,0.6411123637730176,0.2748091603053438,0.7600391772771787,0.3677524429967428,0.3904894133981254,0.5013043478260867,트렌드 주도형 소비자,"자신의 취향과 경험을 중시하는 소비자 그룹입니다. 단순히 배를 채우는 것 이상의 가치를 추구하며, 새로운 제품을 가장 먼저 경험하고 공유하려는 경향이 강합니다"
862,여자,50대,사무 종사자,고졸(대학 재학 포함),서울특별시,2세대가족,기혼,맞벌이 함,700-800만원 미만,0,0.3395522388059703,0.4588500563697856,0.3931297709923664,0.8432908912830556,0.2700325732899022,0.2752516487330785,0.843478260869565,실속형 미식가,편리성을 중시하면서도 새로운 맛과 제품을 시도하는 데 적극적인 소비자 그룹입니다. 가격에 민감하기보다는 효율성과 맛을 동시에 추구합니다.
863,여자,40대,사무 종사자,대학교 졸업(전문대졸/대학원생 포함),경기도,2세대가족,기혼,맞벌이 함,700-800만원 미만,3,0.4574626865671642,0.5264937993235627,0.4111232279171211,0.8237022526934379,0.4107491856677528,0.3332176327664005,0.5695652173913043,트렌드 주도형 소비자,"자신의 취향과 경험을 중시하는 소비자 그룹입니다. 단순히 배를 채우는 것 이상의 가치를 추구하며, 새로운 제품을 가장 먼저 경험하고 공유하려는 경향이 강합니다"
864,여자,60대 이상,주부,고졸(대학 재학 포함),서울특별시,1인 가구,미혼(사별/이혼 포함),맞벌이 하지 않음,200-300만원 미만,1,0.0895522388059701,0.4137542277339346,0.7363685932388224,0.8824681684622918,0.3690553745928339,0.4238111766747655,0.3143478260869565,건강 추구형 소비자,가격이나 브랜드에 크게 구애받지 않고 건강을 최우선으로 고려하는 프리미엄 소비자 그룹입니다. 건강과 편리성을 모두 만족시키는 제품에 기꺼이 지갑을 엽니다.
865,남자,50대,장치·기계 조작 및 조립 종사자,고졸(대학 재학 포함),광주광역시,1인 가구,미혼(사별/이혼 포함),맞벌이 하지 않음,300-400만원 미만,3,0.5694029850746267,0.5189778278842537,0.3544165757906213,0.8237022526934379,0.5091205211726386,0.3450190905935438,0.217391304347826,트렌드 주도형 소비자,"자신의 취향과 경험을 중시하는 소비자 그룹입니다. 단순히 배를 채우는 것 이상의 가치를 추구하며, 새로운 제품을 가장 먼저 경험하고 공유하려는 경향이 강합니다"
866,남자,30대,서비스 종사자,고졸(대학 재학 포함),광주광역시,1인 가구,미혼(사별/이혼 포함),맞벌이 하지 않음,200-300만원 미만,3,0.7559701492537313,0.4325441563322056,0.39803707742639,0.8432908912830556,0.6469055374592835,0.3342589378687952,0.2739130434782606,트렌드 주도형 소비자,"자신의 취향과 경험을 중시하는 소비자 그룹입니다. 단순히 배를 채우는 것 이상의 가치를 추구하며, 새로운 제품을 가장 먼저 경험하고 공유하려는 경향이 강합니다"
867,여자,30대,사무 종사자,대학교 졸업(전문대졸/대학원생 포함),서울특별시,2세대가족,기혼,맞벌이 함,600-700만원 미만,1,0.1813432835820895,0.4325441563322056,0.9293893129770988,0.8628795298726734,0.5182410423452771,0.2846233946546337,0.3304347826086955,건강 추구형 소비자,가격이나 브랜드에 크게 구애받지 않고 건강을 최우선으로 고려하는 프리미엄 소비자 그룹입니다. 건강과 편리성을 모두 만족시키는 제품에 기꺼이 지갑을 엽니다.
868,여자,30대,사무 종사자,대학교 졸업(전문대졸/대학원생 포함),인천광역시,2세대가족,기혼,맞벌이 함,500-600만원 미만,3,0.6529850746268658,0.4250281848928972,0.4190294438386037,0.8432908912830556,0.493485342019544,0.2908712252690036,0.9086956521739128,트렌드 주도형 소비자,"자신의 취향과 경험을 중시하는 소비자 그룹입니다. 단순히 배를 채우는 것 이상의 가치를 추구하며, 새로운 제품을 가장 먼저 경험하고 공유하려는 경향이 강합니다"
869,남자,40대,서비스 종사자,고졸(대학 재학 포함),광주광역시,1인 가구,미혼(사별/이혼 포함),맞벌이 하지 않음,200-300만원 미만,3,0.6955223880597017,0.3912063134160088,0.4089422028353327,0.8237022526934379,0.6586319218241042,0.3450190905935438,0.3130434782608693,트렌드 주도형 소비자,"자신의 취향과 경험을 중시하는 소비자 그룹입니다. 단순히 배를 채우는 것 이상의 가치를 추구하며, 새로운 제품을 가장 먼저 경험하고 공유하려는 경향이 강합니다"
870,여자,40대,사무 종사자,대학교 졸업(전문대졸/대학원생 포함),인천광역시,1세대가족,기혼,맞벌이 함,500-600만원 미만,1,0.3305970149253732,0.3799323562570461,0.6676663031624859,0.7257590597453475,0.5557003257328991,0.2318639361332869,0.6826086956521739,건강 추구형 소비자,가격이나 브랜드에 크게 구애받지 않고 건강을 최우선으로 고려하는 프리미엄 소비자 그룹입니다. 건강과 편리성을 모두 만족시키는 제품에 기꺼이 지갑을 엽니다.
871,남자,60대 이상,단순노무 종사자,고졸(대학 재학 포함),서울특별시,1인 가구,미혼(사별/이혼 포함),맞벌이 하지 않음,200-300만원 미만,1,0.1567164179104479,0.4062382562946261,0.709105779716467,0.8628795298726734,0.3420195439739416,0.4241582783755637,0.3478260869565215,건강 추구형 소비자,가격이나 브랜드에 크게 구애받지 않고 건강을 최우선으로 고려하는 프리미엄 소비자 그룹입니다. 건강과 편리성을 모두 만족시키는 제품에 기꺼이 지갑을 엽니다.
872,여자,30대,사무 종사자,대학교 졸업(전문대졸/대학원생 포함),광주광역시,1인 가구,미혼(사별/이혼 포함),맞벌이 하지 않음,200-300만원 미만,3,0.7059701492537311,0.3611424276587749,0.4342966194111231,0.7453476983349653,0.7413680781758959,0.3915307185005205,0.2652173913043478,트렌드 주도형 소비자,"자신의 취향과 경험을 중시하는 소비자 그룹입니다. 단순히 배를 채우는 것 이상의 가치를 추구하며, 새로운 제품을 가장 먼저 경험하고 공유하려는 경향이 강합니다"
873,남자,50대,판매 종사자,대학교 졸업(전문대졸/대학원생 포함),대구광역시,1인 가구,미혼(사별/이혼 포함),맞벌이 하지 않음,500-600만원 미만,1,0.6738805970149253,0.3912063134160088,0.5918756815703383,0.8432908912830556,0.632899022801303,0.3412009718847619,0.2130434782608695,건강 추구형 소비자,가격이나 브랜드에 크게 구애받지 않고 건강을 최우선으로 고려하는 프리미엄 소비자 그룹입니다. 건강과 편리성을 모두 만족시키는 제품에 기꺼이 지갑을 엽니다.
874,남자,40대,판매 종사자,대학교 졸업(전문대졸/대학원생 포함),강원도,1인 가구,기혼,맞벌이 하지 않음,300-400만원 미만,0,0.2425373134328359,0.5246148064637354,0.4438386041439479,0.8775710088148868,0.3661237785016288,0.2162443595973618,0.5434782608695652,실속형 미식가,편리성을 중시하면서도 새로운 맛과 제품을 시도하는 데 적극적인 소비자 그룹입니다. 가격에 민감하기보다는 효율성과 맛을 동시에 추구합니다.
875,남자,20대,학생,고졸(대학 재학 포함),광주광역시,1인 가구,미혼(사별/이혼 포함),맞벌이 하지 않음,100만원 미만,1,0.6552238805970151,0.319804584742578,0.4533805888767718,0.7453476983349653,0.7355048859934856,0.4199930579659837,0.1826086956521737,건강 추구형 소비자,가격이나 브랜드에 크게 구애받지 않고 건강을 최우선으로 고려하는 프리미엄 소비자 그룹입니다. 건강과 편리성을 모두 만족시키는 제품에 기꺼이 지갑을 엽니다.
876,여자,30대,주부,대학교 졸업(전문대졸/대학원생 포함),인천광역시,1세대가족,기혼,맞벌이 하지 않음,400-500만원 미만,1,0.8029850746268656,0.3799323562570461,0.7085605234460193,0.7649363369245838,0.8986970684039088,0.2960777507809788,0.0913043478260869,건강 추구형 소비자,가격이나 브랜드에 크게 구애받지 않고 건강을 최우선으로 고려하는 프리미엄 소비자 그룹입니다. 건강과 편리성을 모두 만족시키는 제품에 기꺼이 지갑을 엽니다.
877,남자,20대,학생,고졸(대학 재학 포함),광주광역시,1인 가구,미혼(사별/이혼 포함),맞벌이 하지 않음,100만원 미만,1,0.5761194029850745,0.334836527621195,0.4416575790621594,0.7845249755142015,0.7237785016286644,0.3689691079486288,0.1999999999999997,건강 추구형 소비자,가격이나 브랜드에 크게 구애받지 않고 건강을 최우선으로 고려하는 프리미엄 소비자 그룹입니다. 건강과 편리성을 모두 만족시키는 제품에 기꺼이 지갑을 엽니다.
878,여자,40대,사무 종사자,대학교 졸업(전문대졸/대학원생 포함),경기도,2세대가족,기혼,맞벌이 함,600-700만원 미만,3,0.4656716417910448,0.4975573092822249,0.4233914940021812,0.8824681684622918,0.4452768729641696,0.2943422422769869,0.4956521739130434,트렌드 주도형 소비자,"자신의 취향과 경험을 중시하는 소비자 그룹입니다. 단순히 배를 채우는 것 이상의 가치를 추구하며, 새로운 제품을 가장 먼저 경험하고 공유하려는 경향이 강합니다"
879,여자,50대,판매 종사자,고졸(대학 재학 포함),경기도,2세대가족,기혼,맞벌이 함,600-700만원 미만,0,0.4477611940298506,0.5809845922585491,0.2298255179934571,0.7208619000979426,0.2387622149837135,0.3894481082957305,0.5695652173913043,실속형 미식가,편리성을 중시하면서도 새로운 맛과 제품을 시도하는 데 적극적인 소비자 그룹입니다. 가격에 민감하기보다는 효율성과 맛을 동시에 추구합니다.
880,여자,60대 이상,주부,고졸(대학 재학 포함),인천광역시,2세대가족,기혼,맞벌이 하지 않음,300-400만원 미만,0,0.4253731343283584,0.8008267568583238,0.3994002181025081,0.941234084231146,0.2934853420195442,0.2290871225269002,0.4695652173913042,실속형 미식가,편리성을 중시하면서도 새로운 맛과 제품을 시도하는 데 적극적인 소비자 그룹입니다. 가격에 민감하기보다는 효율성과 맛을 동시에 추구합니다.
881,여자,40대,서비스 종사자,대학교 졸업(전문대졸/대학원생 포함),대구광역시,1인 가구,미혼(사별/이혼 포함),맞벌이 하지 않음,200-300만원 미만,1,0.6940298507462688,0.4287861706125515,0.626499454743729,0.7845249755142015,0.6710097719869708,0.2499132245748001,0.0956521739130432,건강 추구형 소비자,가격이나 브랜드에 크게 구애받지 않고 건강을 최우선으로 고려하는 프리미엄 소비자 그룹입니다. 건강과 편리성을 모두 만족시키는 제품에 기꺼이 지갑을 엽니다.
882,여자,40대,주부,대학교 졸업(전문대졸/대학원생 포함),강원도,2세대가족,기혼,맞벌이 하지 않음,500-600만원 미만,3,0.7820895522388062,0.6129274708756103,0.4670119956379497,0.9608227228207636,0.6501628664495116,0.3956959389101004,0.5086956521739129,트렌드 주도형 소비자,"자신의 취향과 경험을 중시하는 소비자 그룹입니다. 단순히 배를 채우는 것 이상의 가치를 추구하며, 새로운 제품을 가장 먼저 경험하고 공유하려는 경향이 강합니다"
883,여자,50대,서비스 종사자,대학교 졸업(전문대졸/대학원생 포함),서울특별시,2세대가족,기혼,맞벌이 함,"1,000만원 이상",1,0.201492537313433,0.4024802705749719,0.9610141766630316,0.8041136141038193,0.5534201954397397,0.3127386324192986,0.3260869565217388,건강 추구형 소비자,가격이나 브랜드에 크게 구애받지 않고 건강을 최우선으로 고려하는 프리미엄 소비자 그룹입니다. 건강과 편리성을 모두 만족시키는 제품에 기꺼이 지갑을 엽니다.
884,여자,60대 이상,장치·기계 조작 및 조립 종사자,고졸(대학 재학 포함),인천광역시,2세대가족,기혼,맞벌이 하지 않음,500-600만원 미만,3,0.7634328358208955,0.5058248778654637,0.6485823336968373,0.7012732615083248,0.6120521172638438,0.2509545296771953,0.5391304347826085,트렌드 주도형 소비자,"자신의 취향과 경험을 중시하는 소비자 그룹입니다. 단순히 배를 채우는 것 이상의 가치를 추구하며, 새로운 제품을 가장 먼저 경험하고 공유하려는 경향이 강합니다"
885,여자,50대,사무 종사자,고졸(대학 재학 포함),광주광역시,1인 가구,미혼(사별/이혼 포함),맞벌이 하지 않음,200-300만원 미만,1,0.7104477611940297,0.3385945133408491,0.5924209378407852,0.7453476983349653,0.7530944625407167,0.4019437695244705,0.3056521739130434,건강 추구형 소비자,가격이나 브랜드에 크게 구애받지 않고 건강을 최우선으로 고려하는 프리미엄 소비자 그룹입니다. 건강과 편리성을 모두 만족시키는 제품에 기꺼이 지갑을 엽니다.
886,여자,40대,관리자,대학교 졸업(전문대졸/대학원생 포함),강원도,2세대가족,미혼(사별/이혼 포함),맞벌이 하지 않음,200-300만원 미만,1,0.2186567164179104,0.4231491920330704,0.5880588876772084,0.681684622918707,0.4188925081433225,0.2533842415827835,0.3882608695652174,건강 추구형 소비자,가격이나 브랜드에 크게 구애받지 않고 건강을 최우선으로 고려하는 프리미엄 소비자 그룹입니다. 건강과 편리성을 모두 만족시키는 제품에 기꺼이 지갑을 엽니다.
887,남자,30대,사무 종사자,대학교 졸업(전문대졸/대학원생 포함),강원도,1인 가구,미혼(사별/이혼 포함),맞벌이 하지 않음,400-500만원 미만,3,0.5656716417910446,0.5652010522360014,0.4397491821155946,0.8628795298726734,0.5306188925081435,0.4088858035404371,0.4869565217391302,트렌드 주도형 소비자,"자신의 취향과 경험을 중시하는 소비자 그룹입니다. 단순히 배를 채우는 것 이상의 가치를 추구하며, 새로운 제품을 가장 먼저 경험하고 공유하려는 경향이 강합니다"
888,남자,20대,서비스 종사자,고졸(대학 재학 포함),광주광역시,1세대가족,미혼(사별/이혼 포함),맞벌이 하지 않음,100-200만원 미만,1,0.6216417910447761,0.3423524990605034,0.4288440567066517,0.8041136141038193,0.6850162866449513,0.334953141270392,0.2478260869565215,건강 추구형 소비자,가격이나 브랜드에 크게 구애받지 않고 건강을 최우선으로 고려하는 프리미엄 소비자 그룹입니다. 건강과 편리성을 모두 만족시키는 제품에 기꺼이 지갑을 엽니다.
889,여자,50대,서비스 종사자,고졸(대학 재학 포함),경기도,2세대가족,기혼,맞벌이 함,600-700만원 미만,0,0.4022388059701491,0.5434047350620065,0.2625408942202838,0.6620959843290886,0.2439739413680785,0.4925373134328356,0.4882608695652172,실속형 미식가,편리성을 중시하면서도 새로운 맛과 제품을 시도하는 데 적극적인 소비자 그룹입니다. 가격에 민감하기보다는 효율성과 맛을 동시에 추구합니다.
890,여자,60대 이상,판매 종사자,고졸(대학 재학 포함),인천광역시,2세대가족,기혼,맞벌이 함,500-600만원 미만,3,0.6044776119402987,0.5152198421645996,0.5258996728462373,0.9020568070519096,0.5175895765472313,0.2429711905588335,0.6869565217391302,트렌드 주도형 소비자,"자신의 취향과 경험을 중시하는 소비자 그룹입니다. 단순히 배를 채우는 것 이상의 가치를 추구하며, 새로운 제품을 가장 먼저 경험하고 공유하려는 경향이 강합니다"
891,여자,50대,단순노무 종사자,고졸(대학 재학 포함),경기도,1인 가구,미혼(사별/이혼 포함),맞벌이 하지 않음,200-300만원 미만,0,0.2380597014925373,0.4945509207065011,0.2598146128680478,0.6425073457394708,0.2504885993485342,0.4543561263450187,0.3869565217391302,실속형 미식가,편리성을 중시하면서도 새로운 맛과 제품을 시도하는 데 적극적인 소비자 그룹입니다. 가격에 민감하기보다는 효율성과 맛을 동시에 추구합니다.
892,여자,30대,서비스 종사자,대학교 졸업(전문대졸/대학원생 포함),서울특별시,1인 가구,미혼(사별/이혼 포함),맞벌이 하지 않음,200-300만원 미만,1,0.530597014925373,0.549041713641488,0.5809705561613956,0.8824681684622918,0.475895765472313,0.3873654980909405,0.2143478260869565,건강 추구형 소비자,가격이나 브랜드에 크게 구애받지 않고 건강을 최우선으로 고려하는 프리미엄 소비자 그룹입니다. 건강과 편리성을 모두 만족시키는 제품에 기꺼이 지갑을 엽니다.
893,여자,30대,사무 종사자,대학교 졸업(전문대졸/대학원생 포함),인천광역시,1인 가구,미혼(사별/이혼 포함),맞벌이 하지 않음,200-300만원 미만,1,0.343283582089552,0.4656144306651634,0.6333151581243186,0.8188050930460328,0.8439739413680781,0.3300937174592153,0.0913043478260869,건강 추구형 소비자,가격이나 브랜드에 크게 구애받지 않고 건강을 최우선으로 고려하는 프리미엄 소비자 그룹입니다. 건강과 편리성을 모두 만족시키는 제품에 기꺼이 지갑을 엽니다.
894,남자,60대 이상,단순노무 종사자,중졸 이하,경상북도,2세대가족,미혼(사별/이혼 포함),맞벌이 하지 않음,300-400만원 미만,0,0.3850746268656718,0.5828635851183764,0.3165212649945475,0.9020568070519096,0.2071661237785018,0.2370704616452617,0.6608695652173913,실속형 미식가,편리성을 중시하면서도 새로운 맛과 제품을 시도하는 데 적극적인 소비자 그룹입니다. 가격에 민감하기보다는 효율성과 맛을 동시에 추구합니다.
895,여자,60대 이상,주부,고졸(대학 재학 포함),서울특별시,1세대가족,기혼,맞벌이 하지 않음,300-400만원 미만,3,0.485820895522388,0.3761743705373919,0.5332606324972735,0.8237022526934379,0.500325732899023,0.1700798333911835,0.5056521739130434,트렌드 주도형 소비자,"자신의 취향과 경험을 중시하는 소비자 그룹입니다. 단순히 배를 채우는 것 이상의 가치를 추구하며, 새로운 제품을 가장 먼저 경험하고 공유하려는 경향이 강합니다"
896,여자,60대 이상,주부,중졸 이하,강원도,1세대가족,기혼,맞벌이 하지 않음,200-300만원 미만,3,0.5910447761194031,0.4738819992484026,0.4342966194111231,0.8628795298726734,0.598697068403909,0.3481430059007289,0.6043478260869563,트렌드 주도형 소비자,"자신의 취향과 경험을 중시하는 소비자 그룹입니다. 단순히 배를 채우는 것 이상의 가치를 추구하며, 새로운 제품을 가장 먼저 경험하고 공유하려는 경향이 강합니다"
897,여자,40대,사무 종사자,대학교 졸업(전문대졸/대학원생 포함),서울특별시,2세대가족,기혼,맞벌이 함,"1,000만원 이상",1,0.2164179104477611,0.4400601277715145,0.8557797164667393,0.8824681684622918,0.450814332247557,0.2953835473793821,0.4391304347826084,건강 추구형 소비자,가격이나 브랜드에 크게 구애받지 않고 건강을 최우선으로 고려하는 프리미엄 소비자 그룹입니다. 건강과 편리성을 모두 만족시키는 제품에 기꺼이 지갑을 엽니다.
898,여자,60대 이상,서비스 종사자,고졸(대학 재학 포함),대구광역시,1세대가족,기혼,맞벌이 함,400-500만원 미만,1,0.606716417910448,0.3686583990980834,0.6755725190839692,0.8041136141038193,0.7934853420195438,0.3280111072544253,0.060869565217391,건강 추구형 소비자,가격이나 브랜드에 크게 구애받지 않고 건강을 최우선으로 고려하는 프리미엄 소비자 그룹입니다. 건강과 편리성을 모두 만족시키는 제품에 기꺼이 지갑을 엽니다.
899,여자,60대 이상,주부,고졸(대학 재학 포함),대구광역시,1세대가족,기혼,맞벌이 하지 않음,200-300만원 미만,1,0.6888059701492538,0.3449830890642615,0.5796074154852782,0.742409402546523,0.5156351791530948,0.2950364456785835,0.3217391304347824,건강 추구형 소비자,가격이나 브랜드에 크게 구애받지 않고 건강을 최우선으로 고려하는 프리미엄 소비자 그룹입니다. 건강과 편리성을 모두 만족시키는 제품에 기꺼이 지갑을 엽니다.
900,여자,30대,사무 종사자,대학교 졸업(전문대졸/대학원생 포함),인천광역시,2세대가족,기혼,맞벌이 함,500-600만원 미만,1,0.6686567164179104,0.5377677564825253,0.6314067611777536,0.8237022526934379,0.7970684039087947,0.3120444290177021,0.144782608695652,건강 추구형 소비자,가격이나 브랜드에 크게 구애받지 않고 건강을 최우선으로 고려하는 프리미엄 소비자 그룹입니다. 건강과 편리성을 모두 만족시키는 제품에 기꺼이 지갑을 엽니다.
901,남자,60대 이상,단순노무 종사자,고졸(대학 재학 포함),경상북도,1세대가족,기혼,맞벌이 함,300-400만원 미만,3,0.576865671641791,0.5133408493047726,0.2328244274809159,0.740450538687561,0.3149837133550491,0.1850052065255115,0.7391304347826084,트렌드 주도형 소비자,"자신의 취향과 경험을 중시하는 소비자 그룹입니다. 단순히 배를 채우는 것 이상의 가치를 추구하며, 새로운 제품을 가장 먼저 경험하고 공유하려는 경향이 강합니다"
902,여자,60대 이상,주부,고졸(대학 재학 포함),경기도,1인 가구,미혼(사별/이혼 포함),맞벌이 하지 않음,200-300만원 미만,1,0.0895522388059701,0.421270199173243,0.6946564885496178,0.9020568070519096,0.3169381107491856,0.513710517181534,0.3956521739130433,건강 추구형 소비자,가격이나 브랜드에 크게 구애받지 않고 건강을 최우선으로 고려하는 프리미엄 소비자 그룹입니다. 건강과 편리성을 모두 만족시키는 제품에 기꺼이 지갑을 엽니다.
903,여자,40대,사무 종사자,대학교 졸업(전문대졸/대학원생 포함),대구광역시,1인 가구,미혼(사별/이혼 포함),맞벌이 하지 않음,300-400만원 미만,3,0.787313432835821,0.4550920706501315,0.5591603053435117,0.7845249755142015,0.7257328990228014,0.2099965289829918,0.3391304347826084,트렌드 주도형 소비자,"자신의 취향과 경험을 중시하는 소비자 그룹입니다. 단순히 배를 채우는 것 이상의 가치를 추구하며, 새로운 제품을 가장 먼저 경험하고 공유하려는 경향이 강합니다"
904,여자,60대 이상,주부,고졸(대학 재학 포함),서울특별시,1세대가족,기혼,맞벌이 하지 않음,300-400만원 미만,3,0.6888059701492538,0.3761743705373919,0.5517993456924752,0.8237022526934379,0.5384364820846904,0.1909059354390834,0.5404347826086954,트렌드 주도형 소비자,"자신의 취향과 경험을 중시하는 소비자 그룹입니다. 단순히 배를 채우는 것 이상의 가치를 추구하며, 새로운 제품을 가장 먼저 경험하고 공유하려는 경향이 강합니다"
905,남자,30대,사무 종사자,대학교 졸업(전문대졸/대학원생 포함),대구광역시,1인 가구,미혼(사별/이혼 포함),맞벌이 하지 않음,200-300만원 미만,1,0.6589552238805969,0.421270199173243,0.5692475463467832,0.9020568070519096,0.4123778501628664,0.3384241582783753,0.2999999999999997,건강 추구형 소비자,가격이나 브랜드에 크게 구애받지 않고 건강을 최우선으로 고려하는 프리미엄 소비자 그룹입니다. 건강과 편리성을 모두 만족시키는 제품에 기꺼이 지갑을 엽니다.
906,여자,30대,사무 종사자,대학교 졸업(전문대졸/대학원생 포함),경기도,1세대가족,기혼,맞벌이 함,600-700만원 미만,1,0.2537313432835819,0.3987222848553172,0.5430752453653218,0.8628795298726734,0.4091205211726387,0.320374869836862,0.4913043478260865,건강 추구형 소비자,가격이나 브랜드에 크게 구애받지 않고 건강을 최우선으로 고려하는 프리미엄 소비자 그룹입니다. 건강과 편리성을 모두 만족시키는 제품에 기꺼이 지갑을 엽니다.
907,여자,40대,전문가 및 관련 종사자,고졸(대학 재학 포함),제주특별자치도,2세대가족,기혼,맞벌이 함,100-200만원 미만,0,0.367910447761194,0.5189778278842537,0.2892584514721915,0.6865817825661112,0.2635179153094465,0.6317250954529674,0.6434782608695649,실속형 미식가,편리성을 중시하면서도 새로운 맛과 제품을 시도하는 데 적극적인 소비자 그룹입니다. 가격에 민감하기보다는 효율성과 맛을 동시에 추구합니다.
908,남자,60대 이상,서비스 종사자,고졸(대학 재학 포함),대구광역시,1세대가족,기혼,맞벌이 하지 않음,200-300만원 미만,3,0.626865671641791,0.3235625704622322,0.2780806979280261,0.6669931439764935,0.3918566775244301,0.3151683443248871,0.4043478260869565,트렌드 주도형 소비자,"자신의 취향과 경험을 중시하는 소비자 그룹입니다. 단순히 배를 채우는 것 이상의 가치를 추구하며, 새로운 제품을 가장 먼저 경험하고 공유하려는 경향이 강합니다"
909,여자,60대 이상,주부,고졸(대학 재학 포함),강원도,1세대가족,기혼,맞벌이 하지 않음,200-300만원 미만,3,0.862686567164179,0.4900413378429161,0.5378953107960738,0.9020568070519096,0.739087947882736,0.3585560569246789,0.5869565217391303,트렌드 주도형 소비자,"자신의 취향과 경험을 중시하는 소비자 그룹입니다. 단순히 배를 채우는 것 이상의 가치를 추구하며, 새로운 제품을 가장 먼저 경험하고 공유하려는 경향이 강합니다"
910,여자,50대,판매 종사자,고졸(대학 재학 포함),서울특별시,2세대가족,기혼,맞벌이 함,"900-1,000만원 미만",1,0.2335820895522388,0.6467493423524988,0.7052889858233371,0.9608227228207636,0.2941368078175899,0.4581742450538005,0.4534782608695652,건강 추구형 소비자,가격이나 브랜드에 크게 구애받지 않고 건강을 최우선으로 고려하는 프리미엄 소비자 그룹입니다. 건강과 편리성을 모두 만족시키는 제품에 기꺼이 지갑을 엽니다.
911,여자,30대,사무 종사자,대학교 졸업(전문대졸/대학원생 포함),인천광역시,1인 가구,미혼(사별/이혼 포함),맞벌이 하지 않음,300-400만원 미만,1,0.3947761194029849,0.4024802705749719,0.7145583424209376,0.8237022526934379,0.6641693811074917,0.3509198195071151,0.1478260869565215,건강 추구형 소비자,가격이나 브랜드에 크게 구애받지 않고 건강을 최우선으로 고려하는 프리미엄 소비자 그룹입니다. 건강과 편리성을 모두 만족시키는 제품에 기꺼이 지갑을 엽니다.
912,여자,50대,사무 종사자,대학교 졸업(전문대졸/대학원생 포함),울산광역시,2세대가족,기혼,맞벌이 함,400-500만원 미만,0,0.4134328358208956,0.676813228109733,0.4083969465648858,0.8628795298726734,0.3052117263843649,0.5380076362374172,0.452173913043478,실속형 미식가,편리성을 중시하면서도 새로운 맛과 제품을 시도하는 데 적극적인 소비자 그룹입니다. 가격에 민감하기보다는 효율성과 맛을 동시에 추구합니다.
913,남자,30대,사무 종사자,대학교 졸업(전문대졸/대학원생 포함),울산광역시,1세대가족,기혼,맞벌이 함,400-500만원 미만,3,0.6940298507462688,0.5227358136039083,0.3116139585605231,0.8824681684622918,0.4657980456026058,0.3762582436653939,0.5652173913043476,트렌드 주도형 소비자,"자신의 취향과 경험을 중시하는 소비자 그룹입니다. 단순히 배를 채우는 것 이상의 가치를 추구하며, 새로운 제품을 가장 먼저 경험하고 공유하려는 경향이 강합니다"
914,여자,60대 이상,주부,고졸(대학 재학 포함),부산광역시,2세대가족,기혼,맞벌이 하지 않음,700-800만원 미만,0,0.4268656716417911,0.4325441563322056,0.2824427480916028,0.6865817825661112,0.3442996742671009,0.4220756681707737,0.4869565217391302,실속형 미식가,편리성을 중시하면서도 새로운 맛과 제품을 시도하는 데 적극적인 소비자 그룹입니다. 가격에 민감하기보다는 효율성과 맛을 동시에 추구합니다.
915,여자,60대 이상,주부,대학교 졸업(전문대졸/대학원생 포함),부산광역시,2세대가족,기혼,맞벌이 하지 않음,600-700만원 미만,1,0.4641791044776119,0.4400601277715145,0.5297164667393672,0.8041136141038193,0.4837133550488603,0.3266227004512321,0.1521739130434783,건강 추구형 소비자,가격이나 브랜드에 크게 구애받지 않고 건강을 최우선으로 고려하는 프리미엄 소비자 그룹입니다. 건강과 편리성을 모두 만족시키는 제품에 기꺼이 지갑을 엽니다.
916,여자,60대 이상,사무 종사자,대학교 졸업(전문대졸/대학원생 포함),부산광역시,1인 가구,미혼(사별/이혼 포함),맞벌이 하지 않음,200-300만원 미만,0,0.4164179104477612,0.5640736565201049,0.4337513631406762,0.8041136141038193,0.3413680781758957,0.3776466504685872,0.4434782608695652,실속형 미식가,편리성을 중시하면서도 새로운 맛과 제품을 시도하는 데 적극적인 소비자 그룹입니다. 가격에 민감하기보다는 효율성과 맛을 동시에 추구합니다.
917,여자,60대 이상,서비스 종사자,대학교 졸업(전문대졸/대학원생 포함),부산광역시,2세대가족,기혼,맞벌이 함,600-700만원 미만,1,0.2261194029850746,0.3216835776024049,0.4048527808069794,0.7012732615083248,0.5032573289902283,0.1214855952794167,0.3926086956521739,건강 추구형 소비자,가격이나 브랜드에 크게 구애받지 않고 건강을 최우선으로 고려하는 프리미엄 소비자 그룹입니다. 건강과 편리성을 모두 만족시키는 제품에 기꺼이 지갑을 엽니다.
918,여자,60대 이상,판매 종사자,고졸(대학 재학 포함),서울특별시,1세대가족,기혼,맞벌이 함,"900-1,000만원 미만",1,0.2410447761194031,0.4400601277715145,0.8050708833151581,0.8628795298726734,0.4732899022801303,0.1995834779590418,0.1739130434782606,건강 추구형 소비자,가격이나 브랜드에 크게 구애받지 않고 건강을 최우선으로 고려하는 프리미엄 소비자 그룹입니다. 건강과 편리성을 모두 만족시키는 제품에 기꺼이 지갑을 엽니다.
919,여자,50대,판매 종사자,고졸(대학 재학 포함),부산광역시,2세대가족,기혼,맞벌이 함,600-700만원 미만,0,0.5141791044776122,0.6692972566704246,0.2450926935659759,0.8237022526934379,0.3221498371335506,0.2606733772995486,0.3391304347826084,실속형 미식가,편리성을 중시하면서도 새로운 맛과 제품을 시도하는 데 적극적인 소비자 그룹입니다. 가격에 민감하기보다는 효율성과 맛을 동시에 추구합니다.
920,여자,50대,사무 종사자,고졸(대학 재학 포함),부산광역시,2세대가족,기혼,맞벌이 함,500-600만원 미만,1,0.373134328358209,0.5001878992859826,0.5575245365321702,0.7453476983349653,0.4293159609120521,0.215203054494967,0.3695652173913043,건강 추구형 소비자,가격이나 브랜드에 크게 구애받지 않고 건강을 최우선으로 고려하는 프리미엄 소비자 그룹입니다. 건강과 편리성을 모두 만족시키는 제품에 기꺼이 지갑을 엽니다.
921,여자,60대 이상,주부,고졸(대학 재학 포함),서울특별시,1세대가족,기혼,맞벌이 하지 않음,300-400만원 미만,1,0.2746268656716418,0.5715896279594138,0.6543075245365322,0.7845249755142015,0.4000000000000003,0.2926067337729955,0.1273913043478261,건강 추구형 소비자,가격이나 브랜드에 크게 구애받지 않고 건강을 최우선으로 고려하는 프리미엄 소비자 그룹입니다. 건강과 편리성을 모두 만족시키는 제품에 기꺼이 지갑을 엽니다.
922,여자,60대 이상,사무 종사자,고졸(대학 재학 포함),서울특별시,2세대가족,기혼,맞벌이 함,"1,000만원 이상",1,0.4089552238805969,0.6599022923712887,0.6594874591057793,0.7992164544564151,0.4000000000000003,0.2204095800069418,0.1521739130434783,건강 추구형 소비자,가격이나 브랜드에 크게 구애받지 않고 건강을 최우선으로 고려하는 프리미엄 소비자 그룹입니다. 건강과 편리성을 모두 만족시키는 제품에 기꺼이 지갑을 엽니다.
923,여자,60대 이상,주부,고졸(대학 재학 포함),서울특별시,1세대가족,기혼,맞벌이 하지 않음,500-600만원 미만,1,0.3216417910447761,0.6129274708756103,0.6780261723009811,0.8041136141038193,0.3618892508143325,0.2197153766053451,0.1347826086956519,건강 추구형 소비자,가격이나 브랜드에 크게 구애받지 않고 건강을 최우선으로 고려하는 프리미엄 소비자 그룹입니다. 건강과 편리성을 모두 만족시키는 제품에 기꺼이 지갑을 엽니다.
924,여자,50대,판매 종사자,대학교 졸업(전문대졸/대학원생 포함),서울특별시,2세대가족,기혼,맞벌이 함,"1,000만원 이상",1,0.3417910447761195,0.5960165351371665,0.6815703380588876,0.8775710088148868,0.4211726384364824,0.2492190211732035,0.160869565217391,건강 추구형 소비자,가격이나 브랜드에 크게 구애받지 않고 건강을 최우선으로 고려하는 프리미엄 소비자 그룹입니다. 건강과 편리성을 모두 만족시키는 제품에 기꺼이 지갑을 엽니다.
925,여자,40대,사무 종사자,대학교 졸업(전문대졸/대학원생 포함),서울특별시,2세대가족,기혼,맞벌이 함,"900-1,000만원 미만",1,0.2880597014925374,0.5227358136039083,0.7369138495092691,0.8628795298726734,0.4058631921824107,0.2759458521346752,0.1795652173913042,건강 추구형 소비자,가격이나 브랜드에 크게 구애받지 않고 건강을 최우선으로 고려하는 프리미엄 소비자 그룹입니다. 건강과 편리성을 모두 만족시키는 제품에 기꺼이 지갑을 엽니다.
926,여자,50대,주부,고졸(대학 재학 포함),서울특별시,2세대가족,기혼,맞벌이 하지 않음,400-500만원 미만,0,0.4179104477611941,0.394964299135663,0.3347873500545258,0.8041136141038193,0.2149837133550492,0.5831308573412007,0.9043478260869562,실속형 미식가,편리성을 중시하면서도 새로운 맛과 제품을 시도하는 데 적극적인 소비자 그룹입니다. 가격에 민감하기보다는 효율성과 맛을 동시에 추구합니다.
927,여자,60대 이상,주부,고졸(대학 재학 포함),강원도,1세대가족,기혼,맞벌이 하지 않음,200-300만원 미만,1,0.2223880597014924,0.4062382562946261,0.6292257360959652,0.8628795298726734,0.3755700325732902,0.414786532454009,0.4260869565217389,건강 추구형 소비자,가격이나 브랜드에 크게 구애받지 않고 건강을 최우선으로 고려하는 프리미엄 소비자 그룹입니다. 건강과 편리성을 모두 만족시키는 제품에 기꺼이 지갑을 엽니다.
928,여자,60대 이상,사무 종사자,대학교 졸업(전문대졸/대학원생 포함),서울특별시,2세대가족,기혼,맞벌이 함,600-700만원 미만,0,0.2895522388059702,0.9586621570838032,0.2380043620501639,0.8041136141038193,0.106840390879479,0.5275945852134672,0.1913043478260869,실속형 미식가,편리성을 중시하면서도 새로운 맛과 제품을 시도하는 데 적극적인 소비자 그룹입니다. 가격에 민감하기보다는 효율성과 맛을 동시에 추구합니다.
929,여자,30대,주부,대학교 졸업(전문대졸/대학원생 포함),대구광역시,2세대가족,기혼,맞벌이 하지 않음,300-400만원 미만,1,0.1231343283582088,0.4926719278466742,0.4828244274809163,0.8041136141038193,0.3325732899022802,0.4790003471017005,0.2086956521739129,건강 추구형 소비자,가격이나 브랜드에 크게 구애받지 않고 건강을 최우선으로 고려하는 프리미엄 소비자 그룹입니다. 건강과 편리성을 모두 만족시키는 제품에 기꺼이 지갑을 엽니다.
930,여자,60대 이상,주부,중졸 이하,대구광역시,1인 가구,미혼(사별/이혼 포함),맞벌이 하지 않음,100만원 미만,3,0.7462686567164177,0.5133408493047726,0.0681570338058886,0.7012732615083248,0.3648208469055377,0.3818118708781672,0.4434782608695652,트렌드 주도형 소비자,"자신의 취향과 경험을 중시하는 소비자 그룹입니다. 단순히 배를 채우는 것 이상의 가치를 추구하며, 새로운 제품을 가장 먼저 경험하고 공유하려는 경향이 강합니다"
931,남자,30대,기능원 및 관련 기능 종사자,대학교 졸업(전문대졸/대학원생 포함),서울특별시,2세대가족,기혼,맞벌이 함,700-800만원 미만,0,0.246268656716418,0.7632468996617812,0.6469465648854957,0.941234084231146,0.4052117263843648,0.5484206872613675,0.5447826086956521,실속형 미식가,편리성을 중시하면서도 새로운 맛과 제품을 시도하는 데 적극적인 소비자 그룹입니다. 가격에 민감하기보다는 효율성과 맛을 동시에 추구합니다.
932,여자,60대 이상,농림어업 숙련 종사자,고졸(대학 재학 포함),경상북도,1인 가구,미혼(사별/이혼 포함),맞벌이 하지 않음,100-200만원 미만,0,0.4619402985074627,0.5772266065388949,0.2966194111232278,0.7796278158667972,0.2107491856677523,0.2290871225269002,0.6869565217391302,실속형 미식가,편리성을 중시하면서도 새로운 맛과 제품을 시도하는 데 적극적인 소비자 그룹입니다. 가격에 민감하기보다는 효율성과 맛을 동시에 추구합니다.
933,여자,60대 이상,농림어업 숙련 종사자,고졸(대학 재학 포함),강원도,1세대가족,기혼,맞벌이 함,300-400만원 미만,1,0.2037313432835822,0.3987222848553172,0.6796619411123226,0.8824681684622918,0.4254071661237786,0.3498785144047204,0.3565217391304347,건강 추구형 소비자,가격이나 브랜드에 크게 구애받지 않고 건강을 최우선으로 고려하는 프리미엄 소비자 그룹입니다. 건강과 편리성을 모두 만족시키는 제품에 기꺼이 지갑을 엽니다.
934,남자,30대,사무 종사자,대학교 졸업(전문대졸/대학원생 포함),서울특별시,1세대가족,기혼,맞벌이 함,600-700만원 미만,1,0.1194029850746271,0.6429913566328446,0.6684841875681571,0.9020568070519096,0.3557003257328992,0.402637972926067,0.4217391304347824,건강 추구형 소비자,가격이나 브랜드에 크게 구애받지 않고 건강을 최우선으로 고려하는 프리미엄 소비자 그룹입니다. 건강과 편리성을 모두 만족시키는 제품에 기꺼이 지갑을 엽니다.
935,여자,60대 이상,주부,대학교 졸업(전문대졸/대학원생 포함),대구광역시,1세대가족,기혼,맞벌이 하지 않음,300-400만원 미만,1,0.1365671641791045,0.434423149192033,0.6030534351145038,0.6425073457394708,0.4013029315960914,0.4703228045817423,0.3086956521739128,건강 추구형 소비자,가격이나 브랜드에 크게 구애받지 않고 건강을 최우선으로 고려하는 프리미엄 소비자 그룹입니다. 건강과 편리성을 모두 만족시키는 제품에 기꺼이 지갑을 엽니다.
936,여자,30대,사무 종사자,대학교 졸업(전문대졸/대학원생 포함),경기도,1세대가족,기혼,맞벌이 함,500-600만원 미만,3,0.4910447761194028,0.4983089064261557,0.2925299890948744,0.7208619000979426,0.3521172638436482,0.5560569246789308,0.6099999999999998,트렌드 주도형 소비자,"자신의 취향과 경험을 중시하는 소비자 그룹입니다. 단순히 배를 채우는 것 이상의 가치를 추구하며, 새로운 제품을 가장 먼저 경험하고 공유하려는 경향이 강합니다"
937,여자,40대,주부,대학교 졸업(전문대졸/대학원생 포함),서울특별시,2세대가족,기혼,맞벌이 하지 않음,500-600만원 미만,1,0.4328358208955225,0.5302517850432169,0.7434569247546343,0.9216454456415274,0.4824104234527687,0.4488024991322454,0.5130434782608694,건강 추구형 소비자,가격이나 브랜드에 크게 구애받지 않고 건강을 최우선으로 고려하는 프리미엄 소비자 그룹입니다. 건강과 편리성을 모두 만족시키는 제품에 기꺼이 지갑을 엽니다.
938,남자,60대 이상,무직,중졸 이하,대구광역시,1인 가구,미혼(사별/이혼 포함),맞벌이 하지 않음,100만원 미만,0,0.4410447761194029,0.408117249154453,0.276717557251908,0.7796278158667972,0.472638436482085,0.4231169732731689,0.3260869565217388,실속형 미식가,편리성을 중시하면서도 새로운 맛과 제품을 시도하는 데 적극적인 소비자 그룹입니다. 가격에 민감하기보다는 효율성과 맛을 동시에 추구합니다.
939,여자,60대 이상,서비스 종사자,고졸(대학 재학 포함),서울특별시,1세대가족,기혼,맞벌이 함,400-500만원 미만,1,0.2634328358208954,0.631717399473882,0.7273718647764444,0.9216454456415274,0.4009771986970685,0.4165220409580004,0.434782608695652,건강 추구형 소비자,가격이나 브랜드에 크게 구애받지 않고 건강을 최우선으로 고려하는 프리미엄 소비자 그룹입니다. 건강과 편리성을 모두 만족시키는 제품에 기꺼이 지갑을 엽니다.
940,남자,50대,단순노무 종사자,고졸(대학 재학 포함),경기도,1인 가구,미혼(사별/이혼 포함),맞벌이 하지 않음,300-400만원 미만,0,0.1686567164179103,0.6335963923337088,0.265267175572519,0.8579823702252692,0.0996742671009775,0.4203401596667823,0.5652173913043476,실속형 미식가,편리성을 중시하면서도 새로운 맛과 제품을 시도하는 데 적극적인 소비자 그룹입니다. 가격에 민감하기보다는 효율성과 맛을 동시에 추구합니다.
941,여자,50대,농림어업 숙련 종사자,고졸(대학 재학 포함),강원도,1세대가족,기혼,맞벌이 함,400-500만원 미만,1,0.0895522388059701,0.4400601277715145,0.7181025081788439,0.8824681684622918,0.3550488599348534,0.3686220062478302,0.3143478260869565,건강 추구형 소비자,가격이나 브랜드에 크게 구애받지 않고 건강을 최우선으로 고려하는 프리미엄 소비자 그룹입니다. 건강과 편리성을 모두 만족시키는 제품에 기꺼이 지갑을 엽니다.
942,남자,60대 이상,관리자,고졸(대학 재학 포함),서울특별시,1세대가족,기혼,맞벌이 함,500-600만원 미만,1,0.5000000000000001,0.6730552423900787,0.6810250817884405,0.941234084231146,0.4654723127035834,0.4442901770218673,0.4304347826086956,건강 추구형 소비자,가격이나 브랜드에 크게 구애받지 않고 건강을 최우선으로 고려하는 프리미엄 소비자 그룹입니다. 건강과 편리성을 모두 만족시키는 제품에 기꺼이 지갑을 엽니다.
943,여자,50대,사무 종사자,대학교 졸업(전문대졸/대학원생 포함),서울특별시,2세대가족,기혼,맞벌이 함,600-700만원 미만,3,0.4276119402985076,0.7670048853814353,0.5757906215921484,0.941234084231146,0.3934853420195441,0.410621312044429,0.4608695652173912,트렌드 주도형 소비자,"자신의 취향과 경험을 중시하는 소비자 그룹입니다. 단순히 배를 채우는 것 이상의 가치를 추구하며, 새로운 제품을 가장 먼저 경험하고 공유하려는 경향이 강합니다"
944,여자,60대 이상,서비스 종사자,대학교 졸업(전문대졸/대학원생 포함),서울특별시,1세대가족,기혼,맞벌이 함,400-500만원 미만,3,0.4179104477611941,0.7219090567455841,0.6128680479825519,0.9608227228207636,0.3697068403908798,0.4442901770218673,0.608695652173913,트렌드 주도형 소비자,"자신의 취향과 경험을 중시하는 소비자 그룹입니다. 단순히 배를 채우는 것 이상의 가치를 추구하며, 새로운 제품을 가장 먼저 경험하고 공유하려는 경향이 강합니다"
945,여자,60대 이상,판매 종사자,고졸(대학 재학 포함),강원도,1세대가족,기혼,맞벌이 함,300-400만원 미만,0,0.2037313432835822,0.5095828635851184,0.568429661941112,0.6620959843290886,0.1713355048859934,0.3471017007983338,0.2913043478260869,실속형 미식가,편리성을 중시하면서도 새로운 맛과 제품을 시도하는 데 적극적인 소비자 그룹입니다. 가격에 민감하기보다는 효율성과 맛을 동시에 추구합니다.
946,여자,50대,서비스 종사자,고졸(대학 재학 포함),강원도,1인 가구,미혼(사별/이혼 포함),맞벌이 하지 않음,300-400만원 미만,1,0.1865671641791045,0.4964299135663284,0.7044711014176661,0.9216454456415274,0.4700325732899026,0.3602915654286703,0.3869565217391302,건강 추구형 소비자,가격이나 브랜드에 크게 구애받지 않고 건강을 최우선으로 고려하는 프리미엄 소비자 그룹입니다. 건강과 편리성을 모두 만족시키는 제품에 기꺼이 지갑을 엽니다.
947,여자,60대 이상,판매 종사자,대학교 졸업(전문대졸/대학원생 포함),서울특별시,1세대가족,기혼,맞벌이 함,600-700만원 미만,1,0.4179104477611941,0.6129274708756103,0.7380043620501637,1.0,0.4208469055374594,0.4755293300937172,0.4665217391304348,건강 추구형 소비자,가격이나 브랜드에 크게 구애받지 않고 건강을 최우선으로 고려하는 프리미엄 소비자 그룹입니다. 건강과 편리성을 모두 만족시키는 제품에 기꺼이 지갑을 엽니다.
948,여자,60대 이상,주부,중졸 이하,대구광역시,1세대가족,기혼,맞벌이 하지 않음,100-200만원 미만,0,0.4186567164179104,0.3930853062758361,0.1390403489640134,0.7600391772771787,0.3032573289902279,0.473099618188129,0.5478260869565217,실속형 미식가,편리성을 중시하면서도 새로운 맛과 제품을 시도하는 데 적극적인 소비자 그룹입니다. 가격에 민감하기보다는 효율성과 맛을 동시에 추구합니다.
949,여자,40대,판매 종사자,고졸(대학 재학 포함),서울특별시,2세대가족,기혼,맞벌이 함,600-700만원 미만,1,0.3880597014925371,0.69184517098835,0.7489094874591058,0.9216454456415274,0.5009771986970685,0.4269350919819503,0.3782608695652173,건강 추구형 소비자,가격이나 브랜드에 크게 구애받지 않고 건강을 최우선으로 고려하는 프리미엄 소비자 그룹입니다. 건강과 편리성을 모두 만족시키는 제품에 기꺼이 지갑을 엽니다.
950,남자,60대 이상,관리자,대학교 졸업(전문대졸/대학원생 포함),서울특별시,2세대가족,기혼,맞벌이 함,700-800만원 미만,1,0.4029850746268655,0.6805712138293873,0.7630861504907307,0.9216454456415274,0.4970684039087951,0.4095800069420338,0.3521739130434779,건강 추구형 소비자,가격이나 브랜드에 크게 구애받지 않고 건강을 최우선으로 고려하는 프리미엄 소비자 그룹입니다. 건강과 편리성을 모두 만족시키는 제품에 기꺼이 지갑을 엽니다.
951,여자,60대 이상,주부,고졸(대학 재학 포함),광주광역시,1세대가족,기혼,맞벌이 하지 않음,400-500만원 미만,1,0.656716417910448,0.3686583990980834,0.7001090512540893,0.7845249755142015,0.7296416938110748,0.3950017355085039,0.2839130434782607,건강 추구형 소비자,가격이나 브랜드에 크게 구애받지 않고 건강을 최우선으로 고려하는 프리미엄 소비자 그룹입니다. 건강과 편리성을 모두 만족시키는 제품에 기꺼이 지갑을 엽니다.
952,여자,30대,판매 종사자,대학교 졸업(전문대졸/대학원생 포함),서울특별시,2세대가족,기혼,맞벌이 함,600-700만원 미만,1,0.3059701492537312,0.6129274708756103,0.8094329334787349,0.941234084231146,0.2540716612377852,0.3956959389101004,0.3956521739130433,건강 추구형 소비자,가격이나 브랜드에 크게 구애받지 않고 건강을 최우선으로 고려하는 프리미엄 소비자 그룹입니다. 건강과 편리성을 모두 만족시키는 제품에 기꺼이 지갑을 엽니다.
953,남자,60대 이상,장치·기계 조작 및 조립 종사자,고졸(대학 재학 포함),광주광역시,1세대가족,기혼,맞벌이 하지 않음,300-400만원 미만,1,0.6514925373134329,0.3761743705373919,0.6327699018538708,0.8432908912830556,0.6247557003257331,0.3700104130510236,0.3230434782608694,건강 추구형 소비자,가격이나 브랜드에 크게 구애받지 않고 건강을 최우선으로 고려하는 프리미엄 소비자 그룹입니다. 건강과 편리성을 모두 만족시키는 제품에 기꺼이 지갑을 엽니다.
954,남자,20대,서비스 종사자,고졸(대학 재학 포함),광주광역시,2세대가족,미혼(사별/이혼 포함),맞벌이 하지 않음,200-300만원 미만,1,0.5895522388059702,0.3498684704998119,0.4929116684841878,0.7845249755142015,0.6938110749185669,0.3533495314127037,0.2708695652173911,건강 추구형 소비자,가격이나 브랜드에 크게 구애받지 않고 건강을 최우선으로 고려하는 프리미엄 소비자 그룹입니다. 건강과 편리성을 모두 만족시키는 제품에 기꺼이 지갑을 엽니다.
955,여자,30대,사무 종사자,대학교 졸업(전문대졸/대학원생 포함),강원도,3세대가족,기혼,맞벌이 함,400-500만원 미만,0,0.2761194029850746,0.6260804208944003,0.4659214830970552,0.8188050930460328,0.2355048859934854,0.4140923290524122,0.5695652173913043,실속형 미식가,편리성을 중시하면서도 새로운 맛과 제품을 시도하는 데 적극적인 소비자 그룹입니다. 가격에 민감하기보다는 효율성과 맛을 동시에 추구합니다.
956,여자,50대,전문가 및 관련 종사자,대학교 졸업(전문대졸/대학원생 포함),제주특별자치도,2세대가족,기혼,맞벌이 하지 않음,300-400만원 미만,0,0.5298507462686567,0.4363021420518599,0.0640676117775353,0.7649363369245838,0.2762214983713355,0.251648733078792,0.626086956521739,실속형 미식가,편리성을 중시하면서도 새로운 맛과 제품을 시도하는 데 적극적인 소비자 그룹입니다. 가격에 민감하기보다는 효율성과 맛을 동시에 추구합니다.
957,여자,50대,주부,고졸(대학 재학 포함),대구광역시,2세대가족,기혼,맞벌이 하지 않음,300-400만원 미만,1,0.4888059701492536,0.4513340849304773,0.4978189749182115,0.8041136141038193,0.4651465798045605,0.5692467893092674,0.3391304347826084,건강 추구형 소비자,가격이나 브랜드에 크게 구애받지 않고 건강을 최우선으로 고려하는 프리미엄 소비자 그룹입니다. 건강과 편리성을 모두 만족시키는 제품에 기꺼이 지갑을 엽니다.
958,여자,60대 이상,서비스 종사자,고졸(대학 재학 포함),부산광역시,1세대가족,기혼,맞벌이 함,300-400만원 미만,3,0.8231343283582091,0.6129274708756103,0.4242093784078516,0.8237022526934379,0.5918566775244299,0.3460603956959385,0.4782608695652171,트렌드 주도형 소비자,"자신의 취향과 경험을 중시하는 소비자 그룹입니다. 단순히 배를 채우는 것 이상의 가치를 추구하며, 새로운 제품을 가장 먼저 경험하고 공유하려는 경향이 강합니다"
959,여자,50대,사무 종사자,대학교 졸업(전문대졸/대학원생 포함),인천광역시,2세대가족,기혼,맞벌이 함,700-800만원 미만,3,0.707462686567164,0.6016535137166477,0.2448200654307524,0.8628795298726734,0.3390879478827364,0.2221450885109336,0.6173913043478257,트렌드 주도형 소비자,"자신의 취향과 경험을 중시하는 소비자 그룹입니다. 단순히 배를 채우는 것 이상의 가치를 추구하며, 새로운 제품을 가장 먼저 경험하고 공유하려는 경향이 강합니다"
960,여자,60대 이상,서비스 종사자,고졸(대학 재학 포함),강원도,1인 가구,미혼(사별/이혼 포함),맞벌이 하지 않음,100-200만원 미만,0,0.2134328358208957,0.6937241638481774,0.3724100327153762,0.8579823702252692,0.2091205211726388,0.3932662270045121,0.4565217391304347,실속형 미식가,편리성을 중시하면서도 새로운 맛과 제품을 시도하는 데 적극적인 소비자 그룹입니다. 가격에 민감하기보다는 효율성과 맛을 동시에 추구합니다.
961,여자,50대,사무 종사자,고졸(대학 재학 포함),광주광역시,2세대가족,기혼,맞벌이 함,500-600만원 미만,1,0.7186567164179104,0.4363021420518599,0.7799890948745911,0.941234084231146,0.6687296416938114,0.346407497396737,0.1565217391304346,건강 추구형 소비자,가격이나 브랜드에 크게 구애받지 않고 건강을 최우선으로 고려하는 프리미엄 소비자 그룹입니다. 건강과 편리성을 모두 만족시키는 제품에 기꺼이 지갑을 엽니다.
962,여자,50대,서비스 종사자,대학교 졸업(전문대졸/대학원생 포함),세종특별자치시,1세대가족,기혼,맞벌이 함,500-600만원 미만,3,0.5582089552238807,0.7256670424652385,0.3402399127589964,0.9216454456415274,0.2941368078175899,0.6619229434224224,0.4795652173913043,트렌드 주도형 소비자,"자신의 취향과 경험을 중시하는 소비자 그룹입니다. 단순히 배를 채우는 것 이상의 가치를 추구하며, 새로운 제품을 가장 먼저 경험하고 공유하려는 경향이 강합니다"
963,여자,50대,판매 종사자,고졸(대학 재학 포함),대구광역시,1세대가족,기혼,맞벌이 함,300-400만원 미만,1,0.7410447761194031,0.3047726418639607,0.4561068702290079,0.706170421155729,0.7501628664495116,0.2759458521346752,0.1478260869565215,건강 추구형 소비자,가격이나 브랜드에 크게 구애받지 않고 건강을 최우선으로 고려하는 프리미엄 소비자 그룹입니다. 건강과 편리성을 모두 만족시키는 제품에 기꺼이 지갑을 엽니다.
964,여자,50대,기능원 및 관련 기능 종사자,고졸(대학 재학 포함),대구광역시,2세대가족,미혼(사별/이혼 포함),맞벌이 하지 않음,200-300만원 미만,0,0.2977611940298509,0.5077038707252911,0.3192475463467828,0.8237022526934379,0.2563517915309446,0.5366192294342239,0.3534782608695652,실속형 미식가,편리성을 중시하면서도 새로운 맛과 제품을 시도하는 데 적극적인 소비자 그룹입니다. 가격에 민감하기보다는 효율성과 맛을 동시에 추구합니다.
965,여자,60대 이상,단순노무 종사자,중졸 이하,대구광역시,1인 가구,기혼,맞벌이 하지 않음,100-200만원 미만,0,0.4776119402985077,0.4513340849304773,0.2917121046892041,0.8041136141038193,0.3397394136807817,0.3040610898993402,0.2565217391304346,실속형 미식가,편리성을 중시하면서도 새로운 맛과 제품을 시도하는 데 적극적인 소비자 그룹입니다. 가격에 민감하기보다는 효율성과 맛을 동시에 추구합니다.
966,여자,50대,서비스 종사자,고졸(대학 재학 포함),광주광역시,2세대가족,기혼,맞벌이 함,600-700만원 미만,1,0.7388059701492539,0.4363021420518599,0.7854416575790624,0.941234084231146,0.6254071661237784,0.2561610551891701,0.1652173913043478,건강 추구형 소비자,가격이나 브랜드에 크게 구애받지 않고 건강을 최우선으로 고려하는 프리미엄 소비자 그룹입니다. 건강과 편리성을 모두 만족시키는 제품에 기꺼이 지갑을 엽니다.
967,여자,50대,주부,대학교 졸업(전문대졸/대학원생 포함),서울특별시,2세대가족,기혼,맞벌이 하지 않음,600-700만원 미만,3,0.4843283582089554,0.334084930477264,0.3143402399127592,0.7012732615083248,0.5436482084690555,0.2058313085734119,0.434782608695652,트렌드 주도형 소비자,"자신의 취향과 경험을 중시하는 소비자 그룹입니다. 단순히 배를 채우는 것 이상의 가치를 추구하며, 새로운 제품을 가장 먼저 경험하고 공유하려는 경향이 강합니다"
968,여자,50대,기능원 및 관련 기능 종사자,고졸(대학 재학 포함),광주광역시,2세대가족,기혼,맞벌이 함,600-700만원 미만,1,0.7186567164179104,0.3799323562570461,0.6210468920392584,0.8824681684622918,0.5221498371335505,0.2256161055189169,0.143478260869565,건강 추구형 소비자,가격이나 브랜드에 크게 구애받지 않고 건강을 최우선으로 고려하는 프리미엄 소비자 그룹입니다. 건강과 편리성을 모두 만족시키는 제품에 기꺼이 지갑을 엽니다.
969,여자,60대 이상,주부,고졸(대학 재학 포함),강원도,1세대가족,기혼,맞벌이 하지 않음,200-300만원 미만,0,0.3156716417910447,0.5734686208192408,0.3197928026172298,0.740450538687561,0.2254071661237787,0.5216938562998957,0.4391304347826084,실속형 미식가,편리성을 중시하면서도 새로운 맛과 제품을 시도하는 데 적극적인 소비자 그룹입니다. 가격에 민감하기보다는 효율성과 맛을 동시에 추구합니다.
970,여자,60대 이상,주부,고졸(대학 재학 포함),강원도,1세대가족,기혼,맞벌이 하지 않음,300-400만원 미만,0,0.2910447761194031,0.5246148064637354,0.267720828789531,0.8579823702252692,0.3254071661237787,0.2058313085734119,0.3795652173913043,실속형 미식가,편리성을 중시하면서도 새로운 맛과 제품을 시도하는 데 적극적인 소비자 그룹입니다. 가격에 민감하기보다는 효율성과 맛을 동시에 추구합니다.
971,여자,50대,서비스 종사자,고졸(대학 재학 포함),세종특별자치시,1세대가족,기혼,맞벌이 함,600-700만원 미만,3,0.653731343283582,0.5452837279218338,0.4070338058887678,0.9608227228207636,0.5022801302931595,0.6115931968066642,0.5913043478260867,트렌드 주도형 소비자,"자신의 취향과 경험을 중시하는 소비자 그룹입니다. 단순히 배를 채우는 것 이상의 가치를 추구하며, 새로운 제품을 가장 먼저 경험하고 공유하려는 경향이 강합니다"
972,여자,50대,판매 종사자,고졸(대학 재학 포함),광주광역시,2세대가족,기혼,맞벌이 함,500-600만원 미만,0,0.4074626865671641,0.6542653137918076,0.2720828789531077,0.8628795298726734,0.3091205211726388,0.4762235334953137,0.434782608695652,실속형 미식가,편리성을 중시하면서도 새로운 맛과 제품을 시도하는 데 적극적인 소비자 그룹입니다. 가격에 민감하기보다는 효율성과 맛을 동시에 추구합니다.
973,여자,30대,사무 종사자,대학교 졸업(전문대졸/대학원생 포함),대구광역시,1세대가족,기혼,맞벌이 함,500-600만원 미만,3,0.905223880597015,0.3874483276963545,0.4318429661941113,0.7649363369245838,0.7045602605863193,0.3696633113502255,0.5869565217391303,트렌드 주도형 소비자,"자신의 취향과 경험을 중시하는 소비자 그룹입니다. 단순히 배를 채우는 것 이상의 가치를 추구하며, 새로운 제품을 가장 먼저 경험하고 공유하려는 경향이 강합니다"
974,여자,40대,판매 종사자,대학교 졸업(전문대졸/대학원생 포함),서울특별시,2세대가족,기혼,맞벌이 함,700-800만원 미만,3,0.6940298507462688,0.4193912063134161,0.3388767720828792,0.7600391772771787,0.4732899022801303,0.1988892745574452,0.618695652173913,트렌드 주도형 소비자,"자신의 취향과 경험을 중시하는 소비자 그룹입니다. 단순히 배를 채우는 것 이상의 가치를 추구하며, 새로운 제품을 가장 먼저 경험하고 공유하려는 경향이 강합니다"
975,여자,60대 이상,단순노무 종사자,고졸(대학 재학 포함),광주광역시,1인 가구,미혼(사별/이혼 포함),맞벌이 하지 않음,200-300만원 미만,0,0.3417910447761195,0.3987222848553172,0.2434569247546344,0.7649363369245838,0.2087947882736159,1.0,0.8782608695652172,실속형 미식가,편리성을 중시하면서도 새로운 맛과 제품을 시도하는 데 적극적인 소비자 그룹입니다. 가격에 민감하기보다는 효율성과 맛을 동시에 추구합니다.
976,여자,40대,서비스 종사자,고졸(대학 재학 포함),대구광역시,2세대가족,기혼,맞벌이 함,500-600만원 미만,0,0.237313432835821,0.5302517850432169,0.3301526717557249,0.7845249755142015,0.2446254071661238,0.560569246789309,0.2478260869565215,실속형 미식가,편리성을 중시하면서도 새로운 맛과 제품을 시도하는 데 적극적인 소비자 그룹입니다. 가격에 민감하기보다는 효율성과 맛을 동시에 추구합니다.
977,여자,30대,사무 종사자,대학교 졸업(전문대졸/대학원생 포함),강원도,1인 가구,미혼(사별/이혼 포함),맞벌이 하지 않음,300-400만원 미만,3,0.5447761194029851,0.5133408493047726,0.496728462377317,0.8579823702252692,0.452768729641694,0.2172856646997566,0.3869565217391302,트렌드 주도형 소비자,"자신의 취향과 경험을 중시하는 소비자 그룹입니다. 단순히 배를 채우는 것 이상의 가치를 추구하며, 새로운 제품을 가장 먼저 경험하고 공유하려는 경향이 강합니다"
978,여자,50대,판매 종사자,고졸(대학 재학 포함),광주광역시,1세대가족,기혼,맞벌이 함,300-400만원 미만,0,0.3052238805970148,0.3385945133408491,0.2598146128680478,0.7649363369245838,0.169055374592834,0.7865324540090244,0.8478260869565215,실속형 미식가,편리성을 중시하면서도 새로운 맛과 제품을 시도하는 데 적극적인 소비자 그룹입니다. 가격에 민감하기보다는 효율성과 맛을 동시에 추구합니다.
979,여자,30대,사무 종사자,대학교 졸업(전문대졸/대학원생 포함),광주광역시,1인 가구,미혼(사별/이혼 포함),맞벌이 하지 않음,200-300만원 미만,1,0.3417910447761195,0.3761743705373919,0.4754634678298799,0.8041136141038193,0.4521172638436481,0.3863241929885455,0.4130434782608693,건강 추구형 소비자,가격이나 브랜드에 크게 구애받지 않고 건강을 최우선으로 고려하는 프리미엄 소비자 그룹입니다. 건강과 편리성을 모두 만족시키는 제품에 기꺼이 지갑을 엽니다.
980,여자,50대,사무 종사자,대학교 졸업(전문대졸/대학원생 포함),강원도,1세대가족,기혼,맞벌이 함,400-500만원 미만,0,0.2410447761194031,0.520856820744081,0.432933478735005,0.7796278158667972,0.2322475570032573,0.3134328358208954,0.417391304347826,실속형 미식가,편리성을 중시하면서도 새로운 맛과 제품을 시도하는 데 적극적인 소비자 그룹입니다. 가격에 민감하기보다는 효율성과 맛을 동시에 추구합니다.
981,남자,60대 이상,판매 종사자,고졸(대학 재학 포함),광주광역시,1세대가족,기혼,맞벌이 함,300-400만원 미만,1,0.403731343283582,0.3611424276587749,0.4956379498364232,0.7845249755142015,0.5648208469055375,0.4140923290524122,0.334782608695652,건강 추구형 소비자,가격이나 브랜드에 크게 구애받지 않고 건강을 최우선으로 고려하는 프리미엄 소비자 그룹입니다. 건강과 편리성을 모두 만족시키는 제품에 기꺼이 지갑을 엽니다.
982,여자,60대 이상,주부,고졸(대학 재학 포함),서울특별시,1세대가족,기혼,맞벌이 하지 않음,300-400만원 미만,3,0.6119402985074629,0.5122134535888762,0.2734460196292258,0.5808031341821742,0.39413680781759,0.2217979868101351,0.4391304347826084,트렌드 주도형 소비자,"자신의 취향과 경험을 중시하는 소비자 그룹입니다. 단순히 배를 채우는 것 이상의 가치를 추구하며, 새로운 제품을 가장 먼저 경험하고 공유하려는 경향이 강합니다"
983,여자,60대 이상,농림어업 숙련 종사자,고졸(대학 재학 포함),충청남도,1세대가족,기혼,맞벌이 함,200-300만원 미만,1,0.3723880597014926,0.5546786922209697,0.5836968375136316,0.7796278158667972,0.4185667752443001,0.3033668864977437,0.3956521739130433,건강 추구형 소비자,가격이나 브랜드에 크게 구애받지 않고 건강을 최우선으로 고려하는 프리미엄 소비자 그룹입니다. 건강과 편리성을 모두 만족시키는 제품에 기꺼이 지갑을 엽니다.
984,여자,50대,사무 종사자,대학교 졸업(전문대졸/대학원생 포함),대구광역시,2세대가족,기혼,맞벌이 함,700-800만원 미만,3,0.8134328358208955,0.6880871852686957,0.4773718647764448,0.8237022526934379,0.6058631921824106,0.330787920860812,0.0956521739130432,트렌드 주도형 소비자,"자신의 취향과 경험을 중시하는 소비자 그룹입니다. 단순히 배를 채우는 것 이상의 가치를 추구하며, 새로운 제품을 가장 먼저 경험하고 공유하려는 경향이 강합니다"
985,여자,60대 이상,주부,고졸(대학 재학 포함),광주광역시,1세대가족,기혼,맞벌이 하지 않음,200-300만원 미만,0,0.353731343283582,0.4663660278090942,0.191657579062159,0.7453476983349653,0.2416938110749187,0.4272821936827489,0.608695652173913,실속형 미식가,편리성을 중시하면서도 새로운 맛과 제품을 시도하는 데 적극적인 소비자 그룹입니다. 가격에 민감하기보다는 효율성과 맛을 동시에 추구합니다.
986,남자,50대,판매 종사자,고졸(대학 재학 포함),광주광역시,2세대가족,기혼,맞벌이 하지 않음,300-400만원 미만,3,0.48955223880597,0.3461104847801576,0.4056706652126499,0.7845249755142015,0.4351791530944624,0.3998611593196806,0.5913043478260867,트렌드 주도형 소비자,"자신의 취향과 경험을 중시하는 소비자 그룹입니다. 단순히 배를 채우는 것 이상의 가치를 추구하며, 새로운 제품을 가장 먼저 경험하고 공유하려는 경향이 강합니다"
987,여자,30대,사무 종사자,대학교 졸업(전문대졸/대학원생 포함),세종특별자치시,2세대가족,기혼,맞벌이 함,500-600만원 미만,3,0.5902985074626865,0.5377677564825253,0.5359869138495088,0.941234084231146,0.5068403908794787,0.4883720930232555,0.5347826086956521,트렌드 주도형 소비자,"자신의 취향과 경험을 중시하는 소비자 그룹입니다. 단순히 배를 채우는 것 이상의 가치를 추구하며, 새로운 제품을 가장 먼저 경험하고 공유하려는 경향이 강합니다"
988,여자,50대,사무 종사자,대학교 졸업(전문대졸/대학원생 포함),대구광역시,2세대가족,기혼,맞벌이 함,500-600만원 미만,1,0.7410447761194031,0.46260804208944,0.6436750272628136,0.7845249755142015,0.7729641693811077,0.2724748351266919,0.0956521739130432,건강 추구형 소비자,가격이나 브랜드에 크게 구애받지 않고 건강을 최우선으로 고려하는 프리미엄 소비자 그룹입니다. 건강과 편리성을 모두 만족시키는 제품에 기꺼이 지갑을 엽니다.
989,여자,60대 이상,주부,고졸(대학 재학 포함),서울특별시,1세대가족,기혼,맞벌이 하지 않음,200-300만원 미만,3,0.4992537313432835,0.4182638105975196,0.3525081788440564,0.6199804113614098,0.3905537459283389,0.2957306490801803,0.4391304347826084,트렌드 주도형 소비자,"자신의 취향과 경험을 중시하는 소비자 그룹입니다. 단순히 배를 채우는 것 이상의 가치를 추구하며, 새로운 제품을 가장 먼저 경험하고 공유하려는 경향이 강합니다"
990,여자,60대 이상,주부,고졸(대학 재학 포함),세종특별자치시,1세대가족,기혼,맞벌이 하지 않음,400-500만원 미만,3,0.4626865671641791,0.5903795565576849,0.3565976008724097,0.941234084231146,0.3566775244299675,0.6164526206178409,0.5434782608695652,트렌드 주도형 소비자,"자신의 취향과 경험을 중시하는 소비자 그룹입니다. 단순히 배를 채우는 것 이상의 가치를 추구하며, 새로운 제품을 가장 먼저 경험하고 공유하려는 경향이 강합니다"
991,여자,60대 이상,주부,고졸(대학 재학 포함),광주광역시,1세대가족,기혼,맞벌이 하지 않음,200-300만원 미만,3,0.4492537313432835,0.3724163848177376,0.4356597600872412,0.7649363369245838,0.4990228013029316,0.4453314821242621,0.4273913043478261,트렌드 주도형 소비자,"자신의 취향과 경험을 중시하는 소비자 그룹입니다. 단순히 배를 채우는 것 이상의 가치를 추구하며, 새로운 제품을 가장 먼저 경험하고 공유하려는 경향이 강합니다"
992,여자,30대,사무 종사자,대학교 졸업(전문대졸/대학원생 포함),서울특별시,1인 가구,미혼(사별/이혼 포함),맞벌이 하지 않음,300-400만원 미만,0,0.4253731343283584,0.3930853062758361,0.2126499454743727,0.7208619000979426,0.3495114006514659,0.1318986463033667,0.4478260869565216,실속형 미식가,편리성을 중시하면서도 새로운 맛과 제품을 시도하는 데 적극적인 소비자 그룹입니다. 가격에 민감하기보다는 효율성과 맛을 동시에 추구합니다.
993,여자,60대 이상,서비스 종사자,고졸(대학 재학 포함),대구광역시,2세대가족,기혼,맞벌이 함,800-900만원 미만,1,0.708955223880597,0.4513340849304773,0.6491275899672841,0.8237022526934379,0.8674267100977201,0.2238805970149251,0.0869565217391304,건강 추구형 소비자,가격이나 브랜드에 크게 구애받지 않고 건강을 최우선으로 고려하는 프리미엄 소비자 그룹입니다. 건강과 편리성을 모두 만족시키는 제품에 기꺼이 지갑을 엽니다.
994,남자,50대,사무 종사자,대학교 졸업(전문대졸/대학원생 포함),광주광역시,1세대가족,기혼,맞벌이 함,700-800만원 미만,0,0.2246268656716417,0.3987222848553172,0.3069792802617229,0.7649363369245838,0.26742671009772,0.3675807011454355,0.578260869565217,실속형 미식가,편리성을 중시하면서도 새로운 맛과 제품을 시도하는 데 적극적인 소비자 그룹입니다. 가격에 민감하기보다는 효율성과 맛을 동시에 추구합니다.
995,여자,50대,서비스 종사자,대학교 졸업(전문대졸/대학원생 포함),세종특별자치시,2세대가족,기혼,맞벌이 함,500-600만원 미만,3,0.6216417910447761,0.4701240135287484,0.4029443838604145,0.941234084231146,0.4921824104234529,0.6126345019090591,0.6869565217391302,트렌드 주도형 소비자,"자신의 취향과 경험을 중시하는 소비자 그룹입니다. 단순히 배를 채우는 것 이상의 가치를 추구하며, 새로운 제품을 가장 먼저 경험하고 공유하려는 경향이 강합니다"
996,남자,60대 이상,판매 종사자,고졸(대학 재학 포함),광주광역시,2세대가족,기혼,맞벌이 함,600-700만원 미만,3,0.5059701492537315,0.3686583990980834,0.3020719738276992,0.7649363369245838,0.4996742671009773,0.3668864977438388,0.4217391304347824,트렌드 주도형 소비자,"자신의 취향과 경험을 중시하는 소비자 그룹입니다. 단순히 배를 채우는 것 이상의 가치를 추구하며, 새로운 제품을 가장 먼저 경험하고 공유하려는 경향이 강합니다"
997,남자,60대 이상,기능원 및 관련 기능 종사자,대학교 졸업(전문대졸/대학원생 포함),광주광역시,1세대가족,기혼,맞벌이 함,300-400만원 미만,0,0.1723880597014924,0.3694099962420142,0.2347328244274808,0.6983349657198823,0.0915309446254073,0.4928844151336341,0.7826086956521736,실속형 미식가,편리성을 중시하면서도 새로운 맛과 제품을 시도하는 데 적극적인 소비자 그룹입니다. 가격에 민감하기보다는 효율성과 맛을 동시에 추구합니다.
998,여자,60대 이상,주부,중졸 이하,대구광역시,1세대가족,기혼,맞벌이 하지 않음,100-200만원 미만,1,0.4925373134328357,0.3337091319052989,0.5452562704471102,0.7815866797257591,0.714983713355049,0.3075321069073236,0.0652173913043478,건강 추구형 소비자,가격이나 브랜드에 크게 구애받지 않고 건강을 최우선으로 고려하는 프리미엄 소비자 그룹입니다. 건강과 편리성을 모두 만족시키는 제품에 기꺼이 지갑을 엽니다.
999,여자,60대 이상,주부,고졸(대학 재학 포함),광주광역시,1세대가족,기혼,맞벌이 하지 않음,300-400만원 미만,0,0.4104477611940298,0.4363021420518599,0.2783533260632495,0.8237022526934379,0.2833876221498375,0.3696633113502255,0.6347826086956521,실속형 미식가,편리성을 중시하면서도 새로운 맛과 제품을 시도하는 데 적극적인 소비자 그룹입니다. 가격에 민감하기보다는 효율성과 맛을 동시에 추구합니다.
1000,남자,50대,장치·기계 조작 및 조립 종사자,대학교 졸업(전문대졸/대학원생 포함),광주광역시,1세대가족,기혼,맞벌이 함,400-500만원 미만,1,0.1067164179104478,0.298008267568583,0.4910032715376229,0.6395690499510283,0.4374592833876223,0.4269350919819503,0.2869565217391302,건강 추구형 소비자,가격이나 브랜드에 크게 구애받지 않고 건강을 최우선으로 고려하는 프리미엄 소비자 그룹입니다. 건강과 편리성을 모두 만족시키는 제품에 기꺼이 지갑을 엽니다.
1001,여자,50대,판매 종사자,고졸(대학 재학 포함),광주광역시,2세대가족,기혼,맞벌이 함,600-700만원 미만,3,0.473134328358209,0.4363021420518599,0.3934023991275898,0.8041136141038193,0.4719869706840391,0.3769524470669902,0.4782608695652171,트렌드 주도형 소비자,"자신의 취향과 경험을 중시하는 소비자 그룹입니다. 단순히 배를 채우는 것 이상의 가치를 추구하며, 새로운 제품을 가장 먼저 경험하고 공유하려는 경향이 강합니다"
1002,여자,50대,판매 종사자,고졸(대학 재학 포함),광주광역시,2세대가족,기혼,맞벌이 함,500-600만원 미만,3,0.5664179104477614,0.4024802705749719,0.3293347873500544,0.8237022526934379,0.4387622149837134,0.3398125650815686,0.6391304347826086,트렌드 주도형 소비자,"자신의 취향과 경험을 중시하는 소비자 그룹입니다. 단순히 배를 채우는 것 이상의 가치를 추구하며, 새로운 제품을 가장 먼저 경험하고 공유하려는 경향이 강합니다"
1003,여자,60대 이상,판매 종사자,고졸(대학 재학 포함),광주광역시,1세대가족,기혼,맞벌이 함,400-500만원 미만,1,0.7261194029850746,0.33934611048478,0.5324427480916032,0.659157688540646,0.6762214983713357,0.3981256508156887,0.2782608695652173,건강 추구형 소비자,가격이나 브랜드에 크게 구애받지 않고 건강을 최우선으로 고려하는 프리미엄 소비자 그룹입니다. 건강과 편리성을 모두 만족시키는 제품에 기꺼이 지갑을 엽니다.
1004,여자,30대,사무 종사자,대학교 졸업(전문대졸/대학원생 포함),서울특별시,2세대가족,기혼,맞벌이 함,800-900만원 미만,3,0.5985074626865673,0.5095828635851184,0.1826608505997821,0.7600391772771787,0.4381107491856681,0.1388406803193333,0.3782608695652173,트렌드 주도형 소비자,"자신의 취향과 경험을 중시하는 소비자 그룹입니다. 단순히 배를 채우는 것 이상의 가치를 추구하며, 새로운 제품을 가장 먼저 경험하고 공유하려는 경향이 강합니다"
1005,여자,60대 이상,주부,고졸(대학 재학 포함),서울특별시,2세대가족,기혼,맞벌이 하지 않음,600-700만원 미만,0,0.3955223880597014,0.6591506952273579,0.1720283533260635,0.8432908912830556,0.2745928338762215,0.3023255813953488,0.4478260869565216,실속형 미식가,편리성을 중시하면서도 새로운 맛과 제품을 시도하는 데 적극적인 소비자 그룹입니다. 가격에 민감하기보다는 효율성과 맛을 동시에 추구합니다.
1006,여자,50대,주부,대학교 졸업(전문대졸/대학원생 포함),서울특별시,2세대가족,기혼,맞벌이 하지 않음,500-600만원 미만,0,0.3567164179104477,0.5941375422773392,0.0190839694656486,0.8432908912830556,0.1501628664495113,0.4581742450538005,0.5086956521739129,실속형 미식가,편리성을 중시하면서도 새로운 맛과 제품을 시도하는 데 적극적인 소비자 그룹입니다. 가격에 민감하기보다는 효율성과 맛을 동시에 추구합니다.
1007,남자,60대 이상,장치·기계 조작 및 조립 종사자,고졸(대학 재학 포함),광주광역시,1인 가구,미혼(사별/이혼 포함),맞벌이 하지 않음,200-300만원 미만,1,0.7313432835820897,0.3205561818865088,0.4970010905125404,0.659157688540646,0.678501628664495,0.3852828878861506,0.2043478260869564,건강 추구형 소비자,가격이나 브랜드에 크게 구애받지 않고 건강을 최우선으로 고려하는 프리미엄 소비자 그룹입니다. 건강과 편리성을 모두 만족시키는 제품에 기꺼이 지갑을 엽니다.
1008,여자,60대 이상,주부,중졸 이하,대구광역시,1인 가구,미혼(사별/이혼 포함),맞벌이 하지 않음,100-200만원 미만,1,0.4776119402985077,0.3074032318677188,0.5269901853871317,0.6248775710088148,0.8029315960912052,0.2377646650468583,0.0478260869565214,건강 추구형 소비자,가격이나 브랜드에 크게 구애받지 않고 건강을 최우선으로 고려하는 프리미엄 소비자 그룹입니다. 건강과 편리성을 모두 만족시키는 제품에 기꺼이 지갑을 엽니다.
1009,여자,50대,주부,고졸(대학 재학 포함),서울특별시,1세대가족,기혼,맞벌이 하지 않음,300-400만원 미만,0,0.5074626865671642,0.8008267568583238,0.325245365321701,0.941234084231146,0.2657980456026059,0.3446719888927456,0.4913043478260865,실속형 미식가,편리성을 중시하면서도 새로운 맛과 제품을 시도하는 데 적극적인 소비자 그룹입니다. 가격에 민감하기보다는 효율성과 맛을 동시에 추구합니다.
1010,여자,50대,주부,대학교 졸업(전문대졸/대학원생 포함),서울특별시,2세대가족,기혼,맞벌이 하지 않음,600-700만원 미만,0,0.3791044776119404,0.6944757609921082,0.2491821155943293,0.8207639569049947,0.2000000000000003,0.5050329746615756,0.4999999999999998,실속형 미식가,편리성을 중시하면서도 새로운 맛과 제품을 시도하는 데 적극적인 소비자 그룹입니다. 가격에 민감하기보다는 효율성과 맛을 동시에 추구합니다.
1011,여자,50대,서비스 종사자,고졸(대학 재학 포함),서울특별시,1세대가족,기혼,맞벌이 하지 않음,400-500만원 미만,3,0.5746268656716418,0.4257797820368281,0.3593238822246458,0.600391772771792,0.4938110749185669,0.1988892745574452,0.4086956521739129,트렌드 주도형 소비자,"자신의 취향과 경험을 중시하는 소비자 그룹입니다. 단순히 배를 채우는 것 이상의 가치를 추구하며, 새로운 제품을 가장 먼저 경험하고 공유하려는 경향이 강합니다"
1012,여자,40대,사무 종사자,대학교 졸업(전문대졸/대학원생 포함),서울특별시,2세대가족,기혼,맞벌이 함,600-700만원 미만,0,0.5320895522388059,0.6204434423149192,0.2243729552889857,0.8432908912830556,0.2403908794788275,0.4446372787226654,0.5491304347826086,실속형 미식가,편리성을 중시하면서도 새로운 맛과 제품을 시도하는 데 적극적인 소비자 그룹입니다. 가격에 민감하기보다는 효율성과 맛을 동시에 추구합니다.
1013,여자,50대,사무 종사자,대학교 졸업(전문대졸/대학원생 포함),서울특별시,2세대가족,기혼,맞벌이 함,800-900만원 미만,3,0.5544776119402987,0.4483276963547539,0.3770447110141764,0.6395690499510283,0.4644951140065147,0.2613675807011453,0.4260869565217389,트렌드 주도형 소비자,"자신의 취향과 경험을 중시하는 소비자 그룹입니다. 단순히 배를 채우는 것 이상의 가치를 추구하며, 새로운 제품을 가장 먼저 경험하고 공유하려는 경향이 강합니다"
1014,여자,60대 이상,주부,대학교 졸업(전문대졸/대학원생 포함),서울특별시,1세대가족,기혼,맞벌이 하지 않음,700-800만원 미만,0,0.4522388059701491,0.4130026305900037,0.3770447110141764,0.681684622918707,0.4123778501628664,0.2013189864630334,0.4565217391304347,실속형 미식가,편리성을 중시하면서도 새로운 맛과 제품을 시도하는 데 적극적인 소비자 그룹입니다. 가격에 민감하기보다는 효율성과 맛을 동시에 추구합니다.
1015,여자,60대 이상,주부,중졸 이하,세종특별자치시,1세대가족,기혼,맞벌이 하지 않음,100-200만원 미만,0,0.4641791044776119,0.6016535137166477,0.3102508178844058,0.8628795298726734,0.3631921824104236,0.6879555709822975,0.4956521739130434,실속형 미식가,편리성을 중시하면서도 새로운 맛과 제품을 시도하는 데 적극적인 소비자 그룹입니다. 가격에 민감하기보다는 효율성과 맛을 동시에 추구합니다.
1016,여자,30대,사무 종사자,대학교 졸업(전문대졸/대학원생 포함),서울특별시,1세대가족,기혼,맞벌이 함,600-700만원 미만,0,0.5014925373134329,0.719278466741826,0.0662486368593237,0.8237022526934379,0.2752442996742673,0.4331829225963207,0.4999999999999998,실속형 미식가,편리성을 중시하면서도 새로운 맛과 제품을 시도하는 데 적극적인 소비자 그룹입니다. 가격에 민감하기보다는 효율성과 맛을 동시에 추구합니다.
1017,여자,60대 이상,판매 종사자,고졸(대학 재학 포함),경기도,2세대가족,미혼(사별/이혼 포함),맞벌이 하지 않음,400-500만원 미만,0,0.2679104477611939,0.4720030063885757,0.3388767720828792,0.740450538687561,0.2667752442996746,0.5130163137799373,0.4130434782608693,실속형 미식가,편리성을 중시하면서도 새로운 맛과 제품을 시도하는 데 적극적인 소비자 그룹입니다. 가격에 민감하기보다는 효율성과 맛을 동시에 추구합니다.
1018,여자,30대,사무 종사자,대학교 졸업(전문대졸/대학원생 포함),서울특별시,1세대가족,기혼,맞벌이 함,700-800만원 미만,0,0.4276119402985076,0.6505073280721531,0.038167938931298,0.7815866797257591,0.2241042345276876,0.4699757028809438,0.5260869565217389,실속형 미식가,편리성을 중시하면서도 새로운 맛과 제품을 시도하는 데 적극적인 소비자 그룹입니다. 가격에 민감하기보다는 효율성과 맛을 동시에 추구합니다.
1019,여자,50대,서비스 종사자,대학교 졸업(전문대졸/대학원생 포함),서울특별시,1인 가구,미혼(사별/이혼 포함),맞벌이 하지 않음,400-500만원 미만,3,0.5141791044776122,0.4532130777903042,0.3552344601962925,0.7208619000979426,0.365472312703583,0.1850052065255115,0.417391304347826,트렌드 주도형 소비자,"자신의 취향과 경험을 중시하는 소비자 그룹입니다. 단순히 배를 채우는 것 이상의 가치를 추구하며, 새로운 제품을 가장 먼저 경험하고 공유하려는 경향이 강합니다"
1020,여자,30대,사무 종사자,대학교 졸업(전문대졸/대학원생 포함),서울특별시,1세대가족,기혼,맞벌이 함,600-700만원 미만,0,0.4104477611940298,0.6354753851935362,0.1319520174482005,0.8628795298726734,0.1801302931596094,0.3752169385629987,0.5578260869565217,실속형 미식가,편리성을 중시하면서도 새로운 맛과 제품을 시도하는 데 적극적인 소비자 그룹입니다. 가격에 민감하기보다는 효율성과 맛을 동시에 추구합니다.
1021,남자,40대,사무 종사자,대학교 졸업(전문대졸/대학원생 포함),경상북도,2세대가족,기혼,맞벌이 함,"900-1,000만원 미만",0,0.4723880597014926,0.394964299135663,0.3778625954198475,0.7453476983349653,0.3397394136807817,0.3394654633807704,0.3478260869565215,실속형 미식가,편리성을 중시하면서도 새로운 맛과 제품을 시도하는 데 적극적인 소비자 그룹입니다. 가격에 민감하기보다는 효율성과 맛을 동시에 추구합니다.
1022,여자,40대,사무 종사자,대학교 졸업(전문대졸/대학원생 포함),경기도,2세대가족,기혼,맞벌이 함,800-900만원 미만,3,0.7171641791044776,0.7557309282224727,0.3737731733914942,0.9608227228207636,0.3228013029315965,0.3064908018049287,0.5217391304347825,트렌드 주도형 소비자,"자신의 취향과 경험을 중시하는 소비자 그룹입니다. 단순히 배를 채우는 것 이상의 가치를 추구하며, 새로운 제품을 가장 먼저 경험하고 공유하려는 경향이 강합니다"
1023,남자,30대,사무 종사자,대학교 졸업(전문대졸/대학원생 포함),경기도,1인 가구,미혼(사별/이혼 포함),맞벌이 하지 않음,300-400만원 미만,0,0.3738805970149254,0.4870349492671926,0.2679934569247544,0.740450538687561,0.2814332247557006,0.4612981603609858,0.4913043478260865,실속형 미식가,편리성을 중시하면서도 새로운 맛과 제품을 시도하는 데 적극적인 소비자 그룹입니다. 가격에 민감하기보다는 효율성과 맛을 동시에 추구합니다.
1024,여자,60대 이상,서비스 종사자,중졸 이하,세종특별자치시,1인 가구,미혼(사별/이혼 포함),맞벌이 하지 않음,200-300만원 미만,3,0.5649253731343286,0.6929725667042465,0.3347873500545258,0.9804113614103814,0.3426710097719874,0.7414092329052412,0.5695652173913043,트렌드 주도형 소비자,"자신의 취향과 경험을 중시하는 소비자 그룹입니다. 단순히 배를 채우는 것 이상의 가치를 추구하며, 새로운 제품을 가장 먼저 경험하고 공유하려는 경향이 강합니다"
1025,여자,50대,판매 종사자,고졸(대학 재학 포함),인천광역시,1인 가구,미혼(사별/이혼 포함),맞벌이 하지 않음,200-300만원 미만,1,0.3902985074626864,0.421270199173243,0.7131952017448195,0.8237022526934379,0.711400651465798,0.4602568552585905,0.1360869565217388,건강 추구형 소비자,가격이나 브랜드에 크게 구애받지 않고 건강을 최우선으로 고려하는 프리미엄 소비자 그룹입니다. 건강과 편리성을 모두 만족시키는 제품에 기꺼이 지갑을 엽니다.
1026,여자,60대 이상,주부,고졸(대학 재학 포함),서울특별시,1세대가족,기혼,맞벌이 하지 않음,300-400만원 미만,0,0.191044776119403,0.6685456595264938,0.0526172300981464,0.7992164544564151,0.0915309446254073,0.3845886844845538,0.4578260869565216,실속형 미식가,편리성을 중시하면서도 새로운 맛과 제품을 시도하는 데 적극적인 소비자 그룹입니다. 가격에 민감하기보다는 효율성과 맛을 동시에 추구합니다.
1027,여자,60대 이상,서비스 종사자,대학교 졸업(전문대졸/대학원생 포함),경기도,2세대가족,기혼,맞벌이 함,"900-1,000만원 미만",3,0.8074626865671641,0.8214956783164223,0.4097600872410031,0.9363369245837408,0.5241042345276874,0.3064908018049287,0.4956521739130434,트렌드 주도형 소비자,"자신의 취향과 경험을 중시하는 소비자 그룹입니다. 단순히 배를 채우는 것 이상의 가치를 추구하며, 새로운 제품을 가장 먼저 경험하고 공유하려는 경향이 강합니다"
1028,여자,40대,주부,대학교 졸업(전문대졸/대학원생 포함),경기도,2세대가족,기혼,맞벌이 하지 않음,500-600만원 미만,3,0.7164179104477612,0.9248402856069148,0.4473827699018535,0.9608227228207636,0.3716612377850162,0.414786532454009,0.5173913043478258,트렌드 주도형 소비자,"자신의 취향과 경험을 중시하는 소비자 그룹입니다. 단순히 배를 채우는 것 이상의 가치를 추구하며, 새로운 제품을 가장 먼저 경험하고 공유하려는 경향이 강합니다"
1029,여자,50대,사무 종사자,대학교 졸업(전문대졸/대학원생 포함),서울특별시,2세대가족,기혼,맞벌이 함,700-800만원 미만,0,0.3805970149253733,0.7143930853062758,0.0621592148309704,0.8041136141038193,0.211726384364821,0.3300937174592153,0.4391304347826084,실속형 미식가,편리성을 중시하면서도 새로운 맛과 제품을 시도하는 데 적극적인 소비자 그룹입니다. 가격에 민감하기보다는 효율성과 맛을 동시에 추구합니다.
1030,여자,30대,사무 종사자,대학교 졸업(전문대졸/대학원생 포함),경상북도,1세대가족,기혼,맞벌이 함,700-800만원 미만,3,0.4761194029850747,0.4024802705749719,0.3974918211559432,0.7453476983349653,0.4000000000000003,0.3030197847969454,0.4869565217391302,트렌드 주도형 소비자,"자신의 취향과 경험을 중시하는 소비자 그룹입니다. 단순히 배를 채우는 것 이상의 가치를 추구하며, 새로운 제품을 가장 먼저 경험하고 공유하려는 경향이 강합니다"
1031,여자,60대 이상,주부,고졸(대학 재학 포함),경기도,1세대가족,기혼,맞벌이 하지 않음,400-500만원 미만,3,0.6723880597014925,0.8496805712138292,0.3165212649945475,0.941234084231146,0.3361563517915312,0.2707393266227004,0.3695652173913043,트렌드 주도형 소비자,"자신의 취향과 경험을 중시하는 소비자 그룹입니다. 단순히 배를 채우는 것 이상의 가치를 추구하며, 새로운 제품을 가장 먼저 경험하고 공유하려는 경향이 강합니다"
1032,여자,40대,사무 종사자,대학교 졸업(전문대졸/대학원생 포함),서울특별시,1세대가족,기혼,맞벌이 함,600-700만원 미만,0,0.4276119402985076,0.6805712138293873,0.2219193020719739,0.8237022526934379,0.2153094462540715,0.4331829225963207,0.5173913043478258,실속형 미식가,편리성을 중시하면서도 새로운 맛과 제품을 시도하는 데 적극적인 소비자 그룹입니다. 가격에 민감하기보다는 효율성과 맛을 동시에 추구합니다.
1033,여자,60대 이상,주부,고졸(대학 재학 포함),경기도,1세대가족,기혼,맞벌이 하지 않음,500-600만원 미만,3,0.7455223880597016,0.8421645997745207,0.3846782988004362,0.941234084231146,0.4283387622149838,0.2724748351266919,0.5043478260869562,트렌드 주도형 소비자,"자신의 취향과 경험을 중시하는 소비자 그룹입니다. 단순히 배를 채우는 것 이상의 가치를 추구하며, 새로운 제품을 가장 먼저 경험하고 공유하려는 경향이 강합니다"
1034,여자,30대,사무 종사자,대학교 졸업(전문대졸/대학원생 포함),인천광역시,1세대가족,기혼,맞벌이 함,500-600만원 미만,1,0.6283582089552239,0.5678316422397591,0.5782442748091603,0.7453476983349653,0.6775244299674269,0.2995487677889621,0.0913043478260869,건강 추구형 소비자,가격이나 브랜드에 크게 구애받지 않고 건강을 최우선으로 고려하는 프리미엄 소비자 그룹입니다. 건강과 편리성을 모두 만족시키는 제품에 기꺼이 지갑을 엽니다.
1035,여자,50대,주부,대학교 졸업(전문대졸/대학원생 포함),인천광역시,2세대가족,기혼,맞벌이 하지 않음,700-800만원 미만,1,0.074626865671642,0.3461104847801576,0.8004362050163578,0.7649363369245838,0.1742671009771991,0.1700798333911835,0.1578260869565216,건강 추구형 소비자,가격이나 브랜드에 크게 구애받지 않고 건강을 최우선으로 고려하는 프리미엄 소비자 그룹입니다. 건강과 편리성을 모두 만족시키는 제품에 기꺼이 지갑을 엽니다.
1036,여자,60대 이상,단순노무 종사자,대학교 졸업(전문대졸/대학원생 포함),서울특별시,2세대가족,기혼,맞벌이 함,800-900만원 미만,0,0.2985074626865673,0.5978955279969934,0.0340785169029447,0.7649363369245838,0.1876221498371338,0.3474488024991319,0.4782608695652171,실속형 미식가,편리성을 중시하면서도 새로운 맛과 제품을 시도하는 데 적극적인 소비자 그룹입니다. 가격에 민감하기보다는 효율성과 맛을 동시에 추구합니다.
1037,여자,60대 이상,주부,고졸(대학 재학 포함),서울특별시,2세대가족,기혼,맞벌이 하지 않음,600-700만원 미만,0,0.2313432835820895,0.6542653137918076,0.0498909487459103,0.8041136141038193,0.2123778501628664,0.346407497396737,0.5056521739130434,실속형 미식가,편리성을 중시하면서도 새로운 맛과 제품을 시도하는 데 적극적인 소비자 그룹입니다. 가격에 민감하기보다는 효율성과 맛을 동시에 추구합니다.
1038,여자,50대,사무 종사자,대학교 졸업(전문대졸/대학원생 포함),경기도,2세대가족,기혼,맞벌이 함,"900-1,000만원 미만",3,0.8432835820895525,0.8928974069898532,0.3743184296619411,0.8971596474045053,0.5169381107491854,0.3394654633807704,0.3869565217391302,트렌드 주도형 소비자,"자신의 취향과 경험을 중시하는 소비자 그룹입니다. 단순히 배를 채우는 것 이상의 가치를 추구하며, 새로운 제품을 가장 먼저 경험하고 공유하려는 경향이 강합니다"
1039,여자,40대,사무 종사자,대학교 졸업(전문대졸/대학원생 포함),서울특별시,2세대가족,기혼,맞벌이 함,600-700만원 미만,0,0.2313432835820895,0.6542653137918076,0.0902399127589968,0.8041136141038193,0.1384364820846906,0.5557098229781323,0.4260869565217389,실속형 미식가,편리성을 중시하면서도 새로운 맛과 제품을 시도하는 데 적극적인 소비자 그룹입니다. 가격에 민감하기보다는 효율성과 맛을 동시에 추구합니다.
1040,여자,60대 이상,서비스 종사자,대학교 졸업(전문대졸/대학원생 포함),경기도,2세대가족,기혼,맞벌이 함,"900-1,000만원 미만",3,0.7388059701492539,0.7125140924464485,0.3710468920392581,0.9167482859941232,0.409771986970684,0.2950364456785835,0.6695652173913043,트렌드 주도형 소비자,"자신의 취향과 경험을 중시하는 소비자 그룹입니다. 단순히 배를 채우는 것 이상의 가치를 추구하며, 새로운 제품을 가장 먼저 경험하고 공유하려는 경향이 강합니다"
1041,여자,40대,사무 종사자,대학교 졸업(전문대졸/대학원생 포함),서울특별시,2세대가족,기혼,맞벌이 함,500-600만원 미만,0,0.2932835820895524,0.7117624953025177,0.2666303162486371,0.9608227228207636,0.1361563517915312,0.4918431100312389,0.5478260869565217,실속형 미식가,편리성을 중시하면서도 새로운 맛과 제품을 시도하는 데 적극적인 소비자 그룹입니다. 가격에 민감하기보다는 효율성과 맛을 동시에 추구합니다.
1042,여자,40대,주부,대학교 졸업(전문대졸/대학원생 포함),서울특별시,2세대가족,기혼,맞벌이 하지 않음,600-700만원 미만,0,0.246268656716418,0.7068771138669673,0.081243184296619,0.941234084231146,0.1719869706840392,0.5407844498438038,0.5173913043478258,실속형 미식가,편리성을 중시하면서도 새로운 맛과 제품을 시도하는 데 적극적인 소비자 그룹입니다. 가격에 민감하기보다는 효율성과 맛을 동시에 추구합니다.
1043,여자,50대,주부,대학교 졸업(전문대졸/대학원생 포함),서울특별시,2세대가족,기혼,맞벌이 하지 않음,500-600만원 미만,0,0.2313432835820895,0.6880871852686957,0.022628135223555,0.8237022526934379,0.1719869706840392,0.3332176327664005,0.4273913043478261,실속형 미식가,편리성을 중시하면서도 새로운 맛과 제품을 시도하는 데 적극적인 소비자 그룹입니다. 가격에 민감하기보다는 효율성과 맛을 동시에 추구합니다.
1044,여자,60대 이상,주부,고졸(대학 재학 포함),서울특별시,1세대가족,기혼,맞벌이 하지 않음,300-400만원 미만,0,0.1067164179104478,0.7670048853814353,0.240730643402399,0.941234084231146,0.0628664495114008,0.6286011801457823,0.5491304347826086,실속형 미식가,편리성을 중시하면서도 새로운 맛과 제품을 시도하는 데 적극적인 소비자 그룹입니다. 가격에 민감하기보다는 효율성과 맛을 동시에 추구합니다.
1045,여자,40대,사무 종사자,대학교 졸업(전문대졸/대학원생 포함),서울특별시,2세대가족,기혼,맞벌이 함,600-700만원 미만,0,0.0970149253731343,0.7857948139797069,0.0621592148309704,0.8628795298726734,0.0488599348534202,0.5463380770565774,0.3782608695652173,실속형 미식가,편리성을 중시하면서도 새로운 맛과 제품을 시도하는 데 적극적인 소비자 그룹입니다. 가격에 민감하기보다는 효율성과 맛을 동시에 추구합니다.
1046,여자,50대,서비스 종사자,대학교 졸업(전문대졸/대학원생 포함),대전광역시,2세대가족,기혼,맞벌이 함,500-600만원 미만,0,0.2985074626865673,0.5847425779782035,0.1952017448200655,0.7992164544564151,0.2820846905537458,0.215203054494967,0.4130434782608693,실속형 미식가,편리성을 중시하면서도 새로운 맛과 제품을 시도하는 데 적극적인 소비자 그룹입니다. 가격에 민감하기보다는 효율성과 맛을 동시에 추구합니다.
1047,여자,60대 이상,주부,고졸(대학 재학 포함),서울특별시,1세대가족,기혼,맞벌이 하지 않음,300-400만원 미만,0,0.4067164179104477,0.69184517098835,0.07360959651036,0.9216454456415274,0.1719869706840392,0.3970843457132939,0.5695652173913043,실속형 미식가,편리성을 중시하면서도 새로운 맛과 제품을 시도하는 데 적극적인 소비자 그룹입니다. 가격에 민감하기보다는 효율성과 맛을 동시에 추구합니다.
1048,여자,50대,사무 종사자,대학교 졸업(전문대졸/대학원생 포함),서울특별시,1세대가족,기혼,맞벌이 함,"1,000만원 이상",1,0.3417910447761195,0.5253664036076662,0.7112868047982546,0.8207639569049947,0.4228013029315964,0.1856994099271086,0.1652173913043478,건강 추구형 소비자,가격이나 브랜드에 크게 구애받지 않고 건강을 최우선으로 고려하는 프리미엄 소비자 그룹입니다. 건강과 편리성을 모두 만족시키는 제품에 기꺼이 지갑을 엽니다.
1049,여자,40대,사무 종사자,대학교 졸업(전문대졸/대학원생 포함),서울특별시,2세대가족,기혼,맞벌이 함,"1,000만원 이상",1,0.2425373134328359,0.5471627207816611,0.7532715376226826,0.8383937316356512,0.4234527687296417,0.2204095800069418,0.217391304347826,건강 추구형 소비자,가격이나 브랜드에 크게 구애받지 않고 건강을 최우선으로 고려하는 프리미엄 소비자 그룹입니다. 건강과 편리성을 모두 만족시키는 제품에 기꺼이 지갑을 엽니다.
1050,여자,50대,서비스 종사자,대학교 졸업(전문대졸/대학원생 포함),대전광역시,2세대가족,기혼,맞벌이 함,500-600만원 미만,0,0.4925373134328357,0.6110484780157834,0.1769356597600872,0.7796278158667972,0.3039087947882737,0.1527247483512666,0.4621739130434781,실속형 미식가,편리성을 중시하면서도 새로운 맛과 제품을 시도하는 데 적극적인 소비자 그룹입니다. 가격에 민감하기보다는 효율성과 맛을 동시에 추구합니다.
1051,여자,40대,판매 종사자,대학교 졸업(전문대졸/대학원생 포함),서울특별시,2세대가족,기혼,맞벌이 함,800-900만원 미만,1,0.3888059701492539,0.5640736565201049,0.7325517993456923,0.9020568070519096,0.4856677524429968,0.2197153766053451,0.1782608695652174,건강 추구형 소비자,가격이나 브랜드에 크게 구애받지 않고 건강을 최우선으로 고려하는 프리미엄 소비자 그룹입니다. 건강과 편리성을 모두 만족시키는 제품에 기꺼이 지갑을 엽니다.
1052,여자,40대,서비스 종사자,대학교 졸업(전문대졸/대학원생 포함),서울특별시,2세대가족,기혼,맞벌이 함,800-900만원 미만,1,0.3417910447761195,0.5603156708004507,0.6695747001090508,0.8237022526934379,0.4000000000000003,0.2099965289829918,0.0956521739130432,건강 추구형 소비자,가격이나 브랜드에 크게 구애받지 않고 건강을 최우선으로 고려하는 프리미엄 소비자 그룹입니다. 건강과 편리성을 모두 만족시키는 제품에 기꺼이 지갑을 엽니다.
1053,여자,50대,주부,고졸(대학 재학 포함),경기도,2세대가족,기혼,맞벌이 하지 않음,600-700만원 미만,3,0.7037313432835819,0.5227358136039083,0.1698473282442751,0.9216454456415274,0.4048859934853424,0.251648733078792,0.7956521739130431,트렌드 주도형 소비자,"자신의 취향과 경험을 중시하는 소비자 그룹입니다. 단순히 배를 채우는 것 이상의 가치를 추구하며, 새로운 제품을 가장 먼저 경험하고 공유하려는 경향이 강합니다"
1054,여자,60대 이상,기능원 및 관련 기능 종사자,고졸(대학 재학 포함),경기도,1세대가족,기혼,맞벌이 함,400-500만원 미만,0,0.367910447761194,0.5377677564825253,0.3274263904034895,0.941234084231146,0.2267100977198699,0.2360291565428669,0.9043478260869562,실속형 미식가,편리성을 중시하면서도 새로운 맛과 제품을 시도하는 데 적극적인 소비자 그룹입니다. 가격에 민감하기보다는 효율성과 맛을 동시에 추구합니다.
1055,여자,60대 이상,주부,고졸(대학 재학 포함),대구광역시,2세대가족,기혼,맞벌이 하지 않음,300-400만원 미만,3,0.7947761194029853,0.5659526493799322,0.3247001090512542,0.8383937316356512,0.4804560260586322,0.5876431794515792,0.4608695652173912,트렌드 주도형 소비자,"자신의 취향과 경험을 중시하는 소비자 그룹입니다. 단순히 배를 채우는 것 이상의 가치를 추구하며, 새로운 제품을 가장 먼저 경험하고 공유하려는 경향이 강합니다"
1056,여자,60대 이상,주부,중졸 이하,대구광역시,1세대가족,기혼,맞벌이 하지 않음,100-200만원 미만,3,0.708955223880597,0.5020668921458099,0.084514721919302,0.7796278158667972,0.3560260586319221,0.6896910794862889,0.5752173913043477,트렌드 주도형 소비자,"자신의 취향과 경험을 중시하는 소비자 그룹입니다. 단순히 배를 채우는 것 이상의 가치를 추구하며, 새로운 제품을 가장 먼저 경험하고 공유하려는 경향이 강합니다"
1057,여자,60대 이상,주부,중졸 이하,대구광역시,1인 가구,미혼(사별/이혼 포함),맞벌이 하지 않음,100만원 미만,0,0.4589552238805971,0.5020668921458099,0.0299890948745913,0.7796278158667972,0.1677524429967429,0.720583130857341,0.6173913043478257,실속형 미식가,편리성을 중시하면서도 새로운 맛과 제품을 시도하는 데 적극적인 소비자 그룹입니다. 가격에 민감하기보다는 효율성과 맛을 동시에 추구합니다.
1058,여자,60대 이상,농림어업 숙련 종사자,고졸(대학 재학 포함),충청남도,1세대가족,기혼,맞벌이 함,200-300만원 미만,3,0.5738805970149257,0.4618564449455091,0.6109596510359869,0.7208619000979426,0.529315960912052,0.2499132245748001,0.5013043478260867,트렌드 주도형 소비자,"자신의 취향과 경험을 중시하는 소비자 그룹입니다. 단순히 배를 채우는 것 이상의 가치를 추구하며, 새로운 제품을 가장 먼저 경험하고 공유하려는 경향이 강합니다"
1059,여자,50대,판매 종사자,고졸(대학 재학 포함),충청남도,2세대가족,기혼,맞벌이 함,500-600만원 미만,1,0.3507462686567163,0.4907929349868469,0.6281352235550706,0.8188050930460328,0.4026058631921826,0.2509545296771953,0.4695652173913042,건강 추구형 소비자,가격이나 브랜드에 크게 구애받지 않고 건강을 최우선으로 고려하는 프리미엄 소비자 그룹입니다. 건강과 편리성을 모두 만족시키는 제품에 기꺼이 지갑을 엽니다.
1060,남자,30대,사무 종사자,대학교 졸업(전문대졸/대학원생 포함),충청남도,1인 가구,미혼(사별/이혼 포함),맞벌이 하지 않음,300-400만원 미만,0,0.3776119402985076,0.5809845922585491,0.4915485278080699,0.8383937316356512,0.393811074918567,0.2669212079139186,0.5752173913043477,실속형 미식가,편리성을 중시하면서도 새로운 맛과 제품을 시도하는 데 적극적인 소비자 그룹입니다. 가격에 민감하기보다는 효율성과 맛을 동시에 추구합니다.
1061,여자,60대 이상,주부,중졸 이하,대구광역시,1인 가구,미혼(사별/이혼 포함),맞벌이 하지 않음,100만원 미만,0,0.4507462686567164,0.6786922209695604,0.109051254089422,0.7796278158667972,0.2944625407166124,0.6431794515793126,0.2826086956521738,실속형 미식가,편리성을 중시하면서도 새로운 맛과 제품을 시도하는 데 적극적인 소비자 그룹입니다. 가격에 민감하기보다는 효율성과 맛을 동시에 추구합니다.
1062,여자,60대 이상,주부,중졸 이하,대구광역시,1인 가구,미혼(사별/이혼 포함),맞벌이 하지 않음,100만원 미만,0,0.4208955223880598,0.6448703494926719,0.0299890948745913,0.7796278158667972,0.2000000000000003,0.618882332523429,0.4130434782608693,실속형 미식가,편리성을 중시하면서도 새로운 맛과 제품을 시도하는 데 적극적인 소비자 그룹입니다. 가격에 민감하기보다는 효율성과 맛을 동시에 추구합니다.
1063,남자,20대,사무 종사자,대학교 졸업(전문대졸/대학원생 포함),대전광역시,1인 가구,미혼(사별/이혼 포함),맞벌이 하지 않음,200-300만원 미만,0,0.3955223880597014,0.6110484780157834,0.1016902944383857,0.7796278158667972,0.2387622149837135,0.2013189864630334,0.417391304347826,실속형 미식가,편리성을 중시하면서도 새로운 맛과 제품을 시도하는 데 적극적인 소비자 그룹입니다. 가격에 민감하기보다는 효율성과 맛을 동시에 추구합니다.
1064,여자,40대,사무 종사자,대학교 졸업(전문대졸/대학원생 포함),부산광역시,2세대가족,기혼,맞벌이 함,500-600만원 미만,3,0.7111940298507462,0.5114618564449454,0.4877317339149399,0.8041136141038193,0.6081433224755702,0.3755640402637968,0.4260869565217389,트렌드 주도형 소비자,"자신의 취향과 경험을 중시하는 소비자 그룹입니다. 단순히 배를 채우는 것 이상의 가치를 추구하며, 새로운 제품을 가장 먼저 경험하고 공유하려는 경향이 강합니다"
1065,여자,40대,서비스 종사자,고졸(대학 재학 포함),대구광역시,2세대가족,기혼,맞벌이 함,400-500만원 미만,0,0.171641791044776,0.4502066892145808,0.2996183206106873,0.6248775710088148,0.1433224755700327,0.5692467893092674,0.3869565217391302,실속형 미식가,편리성을 중시하면서도 새로운 맛과 제품을 시도하는 데 적극적인 소비자 그룹입니다. 가격에 민감하기보다는 효율성과 맛을 동시에 추구합니다.
1066,여자,60대 이상,서비스 종사자,고졸(대학 재학 포함),부산광역시,1인 가구,미혼(사별/이혼 포함),맞벌이 하지 않음,100-200만원 미만,3,0.7462686567164177,0.4588500563697856,0.3574154852780809,0.8237022526934379,0.6234527687296415,0.3658451926414436,0.4608695652173912,트렌드 주도형 소비자,"자신의 취향과 경험을 중시하는 소비자 그룹입니다. 단순히 배를 채우는 것 이상의 가치를 추구하며, 새로운 제품을 가장 먼저 경험하고 공유하려는 경향이 강합니다"
1067,여자,30대,사무 종사자,대학교 졸업(전문대졸/대학원생 포함),전라남도,1인 가구,미혼(사별/이혼 포함),맞벌이 하지 않음,200-300만원 미만,3,0.551492537313433,0.421270199173243,0.372955288985823,0.7649363369245838,0.4381107491856681,0.3248871919472405,0.6447826086956521,트렌드 주도형 소비자,"자신의 취향과 경험을 중시하는 소비자 그룹입니다. 단순히 배를 채우는 것 이상의 가치를 추구하며, 새로운 제품을 가장 먼저 경험하고 공유하려는 경향이 강합니다"
1068,여자,50대,주부,고졸(대학 재학 포함),대구광역시,1세대가족,기혼,맞벌이 하지 않음,100-200만원 미만,0,0.4679104477611941,0.5809845922585491,0.0,0.7208619000979426,0.1977198697068405,0.6605345366192291,0.5173913043478258,실속형 미식가,편리성을 중시하면서도 새로운 맛과 제품을 시도하는 데 적극적인 소비자 그룹입니다. 가격에 민감하기보다는 효율성과 맛을 동시에 추구합니다.
1069,여자,50대,판매 종사자,고졸(대학 재학 포함),전라남도,1세대가족,기혼,맞벌이 함,300-400만원 미만,0,0.3970149253731341,0.520856820744081,0.2347328244274808,0.7600391772771787,0.1895765472312703,0.3838944810829572,0.652173913043478,실속형 미식가,편리성을 중시하면서도 새로운 맛과 제품을 시도하는 데 적극적인 소비자 그룹입니다. 가격에 민감하기보다는 효율성과 맛을 동시에 추구합니다.
1070,여자,60대 이상,판매 종사자,고졸(대학 재학 포함),부산광역시,3세대가족,미혼(사별/이혼 포함),맞벌이 하지 않음,300-400만원 미만,3,0.7410447761194031,0.5715896279594138,0.4214830970556162,0.7845249755142015,0.4996742671009773,0.3123915307185002,0.3969565217391303,트렌드 주도형 소비자,"자신의 취향과 경험을 중시하는 소비자 그룹입니다. 단순히 배를 채우는 것 이상의 가치를 추구하며, 새로운 제품을 가장 먼저 경험하고 공유하려는 경향이 강합니다"
1071,남자,30대,사무 종사자,대학교 졸업(전문대졸/대학원생 포함),대전광역시,1인 가구,기혼,맞벌이 하지 않음,200-300만원 미만,0,0.4477611940298506,0.5283727921833896,0.2868047982551796,0.7796278158667972,0.40814332247557,0.1631377993752169,0.327391304347826,실속형 미식가,편리성을 중시하면서도 새로운 맛과 제품을 시도하는 데 적극적인 소비자 그룹입니다. 가격에 민감하기보다는 효율성과 맛을 동시에 추구합니다.
1072,여자,50대,서비스 종사자,고졸(대학 재학 포함),대전광역시,1인 가구,미혼(사별/이혼 포함),맞벌이 하지 않음,200-300만원 미만,3,0.6119402985074629,0.5020668921458099,0.290348964013086,0.7796278158667972,0.5091205211726386,0.1457827143352999,0.3578260869565216,트렌드 주도형 소비자,"자신의 취향과 경험을 중시하는 소비자 그룹입니다. 단순히 배를 채우는 것 이상의 가치를 추구하며, 새로운 제품을 가장 먼저 경험하고 공유하려는 경향이 강합니다"
1073,여자,50대,주부,고졸(대학 재학 포함),전라남도,1세대가족,기혼,맞벌이 하지 않음,200-300만원 미만,0,0.4425373134328358,0.4062382562946261,0.3347873500545258,0.7257590597453475,0.3254071661237787,0.3453661922943419,0.5565217391304347,실속형 미식가,편리성을 중시하면서도 새로운 맛과 제품을 시도하는 데 적극적인 소비자 그룹입니다. 가격에 민감하기보다는 효율성과 맛을 동시에 추구합니다.
1074,남자,50대,판매 종사자,대학교 졸업(전문대졸/대학원생 포함),대전광역시,2세대가족,기혼,맞벌이 함,500-600만원 미만,0,0.3134328358208955,0.4607290492296127,0.3585059978189747,0.740450538687561,0.3876221498371337,0.2221450885109336,0.2999999999999997,실속형 미식가,편리성을 중시하면서도 새로운 맛과 제품을 시도하는 데 적극적인 소비자 그룹입니다. 가격에 민감하기보다는 효율성과 맛을 동시에 추구합니다.
1075,여자,60대 이상,판매 종사자,고졸(대학 재학 포함),전라남도,1인 가구,미혼(사별/이혼 포함),맞벌이 하지 않음,100-200만원 미만,1,0.353731343283582,0.3235625704622322,0.4773718647764448,0.706170421155729,0.5224755700325734,0.4845539743144738,0.3534782608695652,건강 추구형 소비자,가격이나 브랜드에 크게 구애받지 않고 건강을 최우선으로 고려하는 프리미엄 소비자 그룹입니다. 건강과 편리성을 모두 만족시키는 제품에 기꺼이 지갑을 엽니다.
1076,남자,60대 이상,장치·기계 조작 및 조립 종사자,중졸 이하,대전광역시,1인 가구,미혼(사별/이혼 포함),맞벌이 하지 않음,200-300만원 미만,3,0.6417910447761195,0.6298384066140549,0.2350054525627043,0.7600391772771787,0.4557003257328991,0.1874349184311001,0.3478260869565215,트렌드 주도형 소비자,"자신의 취향과 경험을 중시하는 소비자 그룹입니다. 단순히 배를 채우는 것 이상의 가치를 추구하며, 새로운 제품을 가장 먼저 경험하고 공유하려는 경향이 강합니다"
1077,여자,60대 이상,주부,고졸(대학 재학 포함),대구광역시,1인 가구,미혼(사별/이혼 포함),맞벌이 하지 않음,100만원 미만,3,0.6858208955223881,0.535888763622698,0.2366412213740457,0.7992164544564151,0.3026058631921826,0.6053453661922943,0.5347826086956521,트렌드 주도형 소비자,"자신의 취향과 경험을 중시하는 소비자 그룹입니다. 단순히 배를 채우는 것 이상의 가치를 추구하며, 새로운 제품을 가장 먼저 경험하고 공유하려는 경향이 강합니다"
1078,남자,40대,기능원 및 관련 기능 종사자,고졸(대학 재학 포함),전라남도,1인 가구,미혼(사별/이혼 포함),맞벌이 하지 않음,300-400만원 미만,3,0.6194029850746268,0.6084178880120257,0.2224645583424208,0.8383937316356512,0.3355048859934854,0.1867407150295034,0.4391304347826084,트렌드 주도형 소비자,"자신의 취향과 경험을 중시하는 소비자 그룹입니다. 단순히 배를 채우는 것 이상의 가치를 추구하며, 새로운 제품을 가장 먼저 경험하고 공유하려는 경향이 강합니다"
1079,여자,60대 이상,군인,고졸(대학 재학 포함),전라남도,1세대가족,기혼,맞벌이 함,200-300만원 미만,0,0.4455223880597014,0.5847425779782035,0.1984732824427477,0.622918707149853,0.1889250814332249,0.4161749392572023,0.5304347826086953,실속형 미식가,편리성을 중시하면서도 새로운 맛과 제품을 시도하는 데 적극적인 소비자 그룹입니다. 가격에 민감하기보다는 효율성과 맛을 동시에 추구합니다.
1080,여자,50대,서비스 종사자,고졸(대학 재학 포함),대전광역시,1세대가족,기혼,맞벌이 함,500-600만원 미만,1,0.4925373134328357,0.562194663660278,0.4713740458015266,0.7600391772771787,0.452768729641694,0.1492537313432833,0.2739130434782606,건강 추구형 소비자,가격이나 브랜드에 크게 구애받지 않고 건강을 최우선으로 고려하는 프리미엄 소비자 그룹입니다. 건강과 편리성을 모두 만족시키는 제품에 기꺼이 지갑을 엽니다.
1081,여자,40대,사무 종사자,대학교 졸업(전문대졸/대학원생 포함),강원도,2세대가족,기혼,맞벌이 함,500-600만원 미만,3,0.51044776119403,0.6366027809094327,0.4043075245365318,0.941234084231146,0.5459283387622148,0.4095800069420338,0.452173913043478,트렌드 주도형 소비자,"자신의 취향과 경험을 중시하는 소비자 그룹입니다. 단순히 배를 채우는 것 이상의 가치를 추구하며, 새로운 제품을 가장 먼저 경험하고 공유하려는 경향이 강합니다"
1082,여자,50대,판매 종사자,고졸(대학 재학 포함),전라남도,1세대가족,기혼,맞벌이 함,300-400만원 미만,0,0.3738805970149254,0.3912063134160088,0.4929116684841878,0.6669931439764935,0.2087947882736159,0.4567858382506072,0.2913043478260869,실속형 미식가,편리성을 중시하면서도 새로운 맛과 제품을 시도하는 데 적극적인 소비자 그룹입니다. 가격에 민감하기보다는 효율성과 맛을 동시에 추구합니다.
1083,여자,30대,주부,고졸(대학 재학 포함),전라남도,2세대가족,기혼,맞벌이 하지 않음,200-300만원 미만,0,0.5126865671641793,0.3686583990980834,0.2707197382769905,0.8041136141038193,0.2247557003257329,0.8958694897604994,0.8173913043478258,실속형 미식가,편리성을 중시하면서도 새로운 맛과 제품을 시도하는 데 적극적인 소비자 그룹입니다. 가격에 민감하기보다는 효율성과 맛을 동시에 추구합니다.
1084,남자,60대 이상,기능원 및 관련 기능 종사자,대학교 졸업(전문대졸/대학원생 포함),전라북도,1세대가족,기혼,맞벌이 하지 않음,400-500만원 미만,3,0.5701492537313435,0.394964299135663,0.3047982551799345,0.7649363369245838,0.3465798045602608,0.279763970843457,0.6652173913043476,트렌드 주도형 소비자,"자신의 취향과 경험을 중시하는 소비자 그룹입니다. 단순히 배를 채우는 것 이상의 가치를 추구하며, 새로운 제품을 가장 먼저 경험하고 공유하려는 경향이 강합니다"
1085,여자,50대,판매 종사자,고졸(대학 재학 포함),전라남도,1세대가족,기혼,맞벌이 함,400-500만원 미만,0,0.4843283582089554,0.616685456595265,0.2420937840785171,0.7453476983349653,0.2716612377850163,0.3623741756334603,0.5130434782608694,실속형 미식가,편리성을 중시하면서도 새로운 맛과 제품을 시도하는 데 적극적인 소비자 그룹입니다. 가격에 민감하기보다는 효율성과 맛을 동시에 추구합니다.
1086,여자,50대,판매 종사자,고졸(대학 재학 포함),부산광역시,1인 가구,미혼(사별/이혼 포함),맞벌이 하지 않음,200-300만원 미만,3,0.8880597014925372,0.534009770762871,0.3615049073064342,0.8628795298726734,0.6201954397394139,0.4418604651162787,0.417391304347826,트렌드 주도형 소비자,"자신의 취향과 경험을 중시하는 소비자 그룹입니다. 단순히 배를 채우는 것 이상의 가치를 추구하며, 새로운 제품을 가장 먼저 경험하고 공유하려는 경향이 강합니다"
1087,여자,40대,사무 종사자,고졸(대학 재학 포함),전라남도,2세대가족,기혼,맞벌이 함,500-600만원 미만,3,0.5373134328358209,0.4043592634347988,0.3688658669574697,0.8158667972575904,0.3517915309446253,0.4036792780284624,0.5391304347826085,트렌드 주도형 소비자,"자신의 취향과 경험을 중시하는 소비자 그룹입니다. 단순히 배를 채우는 것 이상의 가치를 추구하며, 새로운 제품을 가장 먼저 경험하고 공유하려는 경향이 강합니다"
1088,남자,50대,농림어업 숙련 종사자,고졸(대학 재학 포함),제주특별자치도,2세대가족,기혼,맞벌이 함,400-500만원 미만,1,0.2813432835820896,0.3761743705373919,0.8197928026172299,0.8237022526934379,0.6439739413680783,0.4314474140923289,0.0882608695652173,건강 추구형 소비자,가격이나 브랜드에 크게 구애받지 않고 건강을 최우선으로 고려하는 프리미엄 소비자 그룹입니다. 건강과 편리성을 모두 만족시키는 제품에 기꺼이 지갑을 엽니다.
1089,여자,30대,주부,대학교 졸업(전문대졸/대학원생 포함),부산광역시,2세대가족,기혼,맞벌이 하지 않음,300-400만원 미만,3,0.6417910447761195,0.5941375422773392,0.3688658669574697,0.8432908912830556,0.4000000000000003,0.4505380076362372,0.5521739130434781,트렌드 주도형 소비자,"자신의 취향과 경험을 중시하는 소비자 그룹입니다. 단순히 배를 채우는 것 이상의 가치를 추구하며, 새로운 제품을 가장 먼저 경험하고 공유하려는 경향이 강합니다"
1090,여자,30대,사무 종사자,대학교 졸업(전문대졸/대학원생 포함),대전광역시,1인 가구,미혼(사별/이혼 포함),맞벌이 하지 않음,200-300만원 미만,0,0.4477611940298506,0.535888763622698,0.2622682660850595,0.7600391772771787,0.4146579804560262,0.208261020479,0.2826086956521738,실속형 미식가,편리성을 중시하면서도 새로운 맛과 제품을 시도하는 데 적극적인 소비자 그룹입니다. 가격에 민감하기보다는 효율성과 맛을 동시에 추구합니다.
1091,남자,50대,단순노무 종사자,대학교 졸업(전문대졸/대학원생 포함),부산광역시,1인 가구,미혼(사별/이혼 포함),맞벌이 하지 않음,200-300만원 미만,3,0.5932835820895523,0.4513340849304773,0.3347873500545258,0.8041136141038193,0.473941368078176,0.3790350572717802,0.3913043478260869,트렌드 주도형 소비자,"자신의 취향과 경험을 중시하는 소비자 그룹입니다. 단순히 배를 채우는 것 이상의 가치를 추구하며, 새로운 제품을 가장 먼저 경험하고 공유하려는 경향이 강합니다"
1092,여자,40대,사무 종사자,대학교 졸업(전문대졸/대학원생 포함),대전광역시,2세대가족,기혼,맞벌이 함,500-600만원 미만,3,0.5917910447761194,0.637354378053363,0.279443838604144,0.7796278158667972,0.372312703583062,0.1249566122874,0.2130434782608695,트렌드 주도형 소비자,"자신의 취향과 경험을 중시하는 소비자 그룹입니다. 단순히 배를 채우는 것 이상의 가치를 추구하며, 새로운 제품을 가장 먼저 경험하고 공유하려는 경향이 강합니다"
1093,여자,60대 이상,주부,고졸(대학 재학 포함),강원도,1세대가족,기혼,맞벌이 하지 않음,300-400만원 미만,3,0.6985074626865673,0.5001878992859826,0.4806434023991279,0.9020568070519096,0.6495114006514657,0.3828531759805621,0.5913043478260867,트렌드 주도형 소비자,"자신의 취향과 경험을 중시하는 소비자 그룹입니다. 단순히 배를 채우는 것 이상의 가치를 추구하며, 새로운 제품을 가장 먼저 경험하고 공유하려는 경향이 강합니다"
1094,여자,50대,서비스 종사자,고졸(대학 재학 포함),대전광역시,1세대가족,기혼,맞벌이 함,500-600만원 미만,0,0.4626865671641791,0.6110484780157834,0.2088331515812427,0.7796278158667972,0.3289902280130297,0.1318986463033667,0.2695652173913042,실속형 미식가,편리성을 중시하면서도 새로운 맛과 제품을 시도하는 데 적극적인 소비자 그룹입니다. 가격에 민감하기보다는 효율성과 맛을 동시에 추구합니다.
1095,여자,60대 이상,주부,고졸(대학 재학 포함),전라남도,1세대가족,기혼,맞벌이 하지 않음,200-300만원 미만,0,0.201492537313433,0.3581360390830516,0.1526717557251907,0.7571008814887363,0.1889250814332249,0.4512322110378339,0.5869565217391303,실속형 미식가,편리성을 중시하면서도 새로운 맛과 제품을 시도하는 데 적극적인 소비자 그룹입니다. 가격에 민감하기보다는 효율성과 맛을 동시에 추구합니다.
1096,남자,40대,관리자,대학교 졸업(전문대졸/대학원생 포함),경상북도,2세대가족,기혼,맞벌이 함,700-800만원 미만,1,0.485820895522388,0.4099962420142803,0.5046346782988003,0.7845249755142015,0.4498371335504888,0.3748698368622003,0.3565217391304347,건강 추구형 소비자,가격이나 브랜드에 크게 구애받지 않고 건강을 최우선으로 고려하는 프리미엄 소비자 그룹입니다. 건강과 편리성을 모두 만족시키는 제품에 기꺼이 지갑을 엽니다.
1097,여자,60대 이상,주부,고졸(대학 재학 포함),부산광역시,1세대가족,기혼,맞벌이 하지 않음,200-300만원 미만,3,0.8850746268656715,0.4287861706125515,0.6008724100327154,0.7845249755142015,0.71628664495114,0.3412009718847619,0.5217391304347825,트렌드 주도형 소비자,"자신의 취향과 경험을 중시하는 소비자 그룹입니다. 단순히 배를 채우는 것 이상의 가치를 추구하며, 새로운 제품을 가장 먼저 경험하고 공유하려는 경향이 강합니다"
1098,남자,50대,장치·기계 조작 및 조립 종사자,대학교 졸업(전문대졸/대학원생 포함),대전광역시,1세대가족,기혼,맞벌이 함,500-600만원 미만,0,0.4253731343283584,0.637354378053363,0.2524536532170122,0.7796278158667972,0.3267100977198698,0.1700798333911835,0.1956521739130433,실속형 미식가,편리성을 중시하면서도 새로운 맛과 제품을 시도하는 데 적극적인 소비자 그룹입니다. 가격에 민감하기보다는 효율성과 맛을 동시에 추구합니다.
1099,여자,50대,전문가 및 관련 종사자,고졸(대학 재학 포함),전라남도,2세대가족,미혼(사별/이혼 포함),맞벌이 하지 않음,600-700만원 미만,3,0.5522388059701493,0.3645246148064635,0.2529989094874591,0.7345739471106756,0.4146579804560262,0.300590072891357,0.5434782608695652,트렌드 주도형 소비자,"자신의 취향과 경험을 중시하는 소비자 그룹입니다. 단순히 배를 채우는 것 이상의 가치를 추구하며, 새로운 제품을 가장 먼저 경험하고 공유하려는 경향이 강합니다"
1100,남자,20대,사무 종사자,대학교 졸업(전문대졸/대학원생 포함),대구광역시,1인 가구,미혼(사별/이혼 포함),맞벌이 하지 않음,300-400만원 미만,3,0.5746268656716418,0.3724163848177376,0.1172300981461286,0.8628795298726734,0.3485342019543977,0.4085387018396386,0.7260869565217389,트렌드 주도형 소비자,"자신의 취향과 경험을 중시하는 소비자 그룹입니다. 단순히 배를 채우는 것 이상의 가치를 추구하며, 새로운 제품을 가장 먼저 경험하고 공유하려는 경향이 강합니다"
1101,여자,50대,장치·기계 조작 및 조립 종사자,고졸(대학 재학 포함),경상북도,1세대가족,기혼,맞벌이 함,500-600만원 미만,0,0.4791044776119404,0.3498684704998119,0.2191930207197386,0.8237022526934379,0.2775244299674271,0.2828878861506418,0.7478260869565216,실속형 미식가,편리성을 중시하면서도 새로운 맛과 제품을 시도하는 데 적극적인 소비자 그룹입니다. 가격에 민감하기보다는 효율성과 맛을 동시에 추구합니다.
1102,남자,50대,기능원 및 관련 기능 종사자,대학교 졸업(전문대졸/대학원생 포함),부산광역시,2세대가족,미혼(사별/이혼 포함),맞벌이 하지 않음,300-400만원 미만,3,0.707462686567164,0.6880871852686957,0.3675027262813524,0.8432908912830556,0.4351791530944624,0.3394654633807704,0.3956521739130433,트렌드 주도형 소비자,"자신의 취향과 경험을 중시하는 소비자 그룹입니다. 단순히 배를 채우는 것 이상의 가치를 추구하며, 새로운 제품을 가장 먼저 경험하고 공유하려는 경향이 강합니다"
1103,여자,40대,판매 종사자,대학교 졸업(전문대졸/대학원생 포함),인천광역시,2세대가족,기혼,맞벌이 함,600-700만원 미만,1,0.2223880597014924,0.334836527621195,0.5376226826608503,0.7845249755142015,0.2885993485342021,0.1457827143352999,0.2795652173913042,건강 추구형 소비자,가격이나 브랜드에 크게 구애받지 않고 건강을 최우선으로 고려하는 프리미엄 소비자 그룹입니다. 건강과 편리성을 모두 만족시키는 제품에 기꺼이 지갑을 엽니다.
1104,여자,40대,서비스 종사자,대학교 졸업(전문대졸/대학원생 포함),경기도,2세대가족,기혼,맞벌이 함,700-800만원 미만,3,0.6611940298507462,0.5565576850807965,0.6117775354416572,0.7257590597453475,0.5703583061889249,0.4095800069420338,0.4086956521739129,트렌드 주도형 소비자,"자신의 취향과 경험을 중시하는 소비자 그룹입니다. 단순히 배를 채우는 것 이상의 가치를 추구하며, 새로운 제품을 가장 먼저 경험하고 공유하려는 경향이 강합니다"
1105,여자,20대,서비스 종사자,대학교 졸업(전문대졸/대학원생 포함),충청남도,1세대가족,기혼,맞벌이 함,500-600만원 미만,0,0.4626865671641791,0.562194663660278,0.2669029443838607,0.740450538687561,0.3420195439739416,0.1596667823672336,0.334782608695652,실속형 미식가,편리성을 중시하면서도 새로운 맛과 제품을 시도하는 데 적극적인 소비자 그룹입니다. 가격에 민감하기보다는 효율성과 맛을 동시에 추구합니다.
1106,여자,50대,서비스 종사자,고졸(대학 재학 포함),경상북도,2세대가족,미혼(사별/이혼 포함),맞벌이 하지 않음,400-500만원 미만,1,0.3477611940298506,0.4513340849304773,0.5591603053435117,0.8237022526934379,0.3537459283387623,0.4140923290524122,0.2317391304347825,건강 추구형 소비자,가격이나 브랜드에 크게 구애받지 않고 건강을 최우선으로 고려하는 프리미엄 소비자 그룹입니다. 건강과 편리성을 모두 만족시키는 제품에 기꺼이 지갑을 엽니다.
1107,여자,50대,서비스 종사자,대학교 졸업(전문대졸/대학원생 포함),서울특별시,2세대가족,기혼,맞벌이 함,600-700만원 미만,1,0.5917910447761194,0.3987222848553172,0.7540894220283536,0.8628795298726734,0.6850162866449513,0.3602915654286703,0.1304347826086955,건강 추구형 소비자,가격이나 브랜드에 크게 구애받지 않고 건강을 최우선으로 고려하는 프리미엄 소비자 그룹입니다. 건강과 편리성을 모두 만족시키는 제품에 기꺼이 지갑을 엽니다.
1108,여자,60대 이상,판매 종사자,고졸(대학 재학 포함),부산광역시,2세대가족,기혼,맞벌이 함,500-600만원 미만,3,0.8231343283582091,0.46260804208944,0.6608505997818974,0.9216454456415274,0.7977198697068402,0.3116973273169039,0.4782608695652171,트렌드 주도형 소비자,"자신의 취향과 경험을 중시하는 소비자 그룹입니다. 단순히 배를 채우는 것 이상의 가치를 추구하며, 새로운 제품을 가장 먼저 경험하고 공유하려는 경향이 강합니다"
1109,여자,40대,서비스 종사자,대학교 졸업(전문대졸/대학원생 포함),충청남도,2세대가족,기혼,맞벌이 함,500-600만원 미만,0,0.4253731343283584,0.5434047350620065,0.1842966194111235,0.7992164544564151,0.2996742671009774,0.1388406803193333,0.3782608695652173,실속형 미식가,편리성을 중시하면서도 새로운 맛과 제품을 시도하는 데 적극적인 소비자 그룹입니다. 가격에 민감하기보다는 효율성과 맛을 동시에 추구합니다.
1110,여자,40대,주부,고졸(대학 재학 포함),경상북도,2세대가족,기혼,맞벌이 하지 않음,500-600만원 미만,0,0.373134328358209,0.3611424276587749,0.3887677208287896,0.7649363369245838,0.2312703583061891,0.3783408538701835,0.4739130434782606,실속형 미식가,편리성을 중시하면서도 새로운 맛과 제품을 시도하는 데 적극적인 소비자 그룹입니다. 가격에 민감하기보다는 효율성과 맛을 동시에 추구합니다.
1111,여자,50대,판매 종사자,고졸(대학 재학 포함),충청남도,1세대가족,기혼,맞벌이 함,500-600만원 미만,0,0.3955223880597014,0.5847425779782035,0.2633587786259542,0.7992164544564151,0.3713355048859938,0.1596667823672336,0.2956521739130433,실속형 미식가,편리성을 중시하면서도 새로운 맛과 제품을 시도하는 데 적극적인 소비자 그룹입니다. 가격에 민감하기보다는 효율성과 맛을 동시에 추구합니다.
1112,남자,30대,사무 종사자,대학교 졸업(전문대졸/대학원생 포함),부산광역시,1인 가구,미혼(사별/이혼 포함),맞벌이 하지 않음,300-400만원 미만,3,0.7679104477611941,0.6617812852311158,0.2374591057797161,0.941234084231146,0.4394136807817592,0.2683096147171119,0.4434782608695652,트렌드 주도형 소비자,"자신의 취향과 경험을 중시하는 소비자 그룹입니다. 단순히 배를 채우는 것 이상의 가치를 추구하며, 새로운 제품을 가장 먼저 경험하고 공유하려는 경향이 강합니다"
1113,남자,30대,사무 종사자,대학교 졸업(전문대졸/대학원생 포함),충청남도,1인 가구,미혼(사별/이혼 포함),맞벌이 하지 않음,200-300만원 미만,0,0.3805970149253733,0.5772266065388949,0.191657579062159,0.7796278158667972,0.3420195439739416,0.1457827143352999,0.3565217391304347,실속형 미식가,편리성을 중시하면서도 새로운 맛과 제품을 시도하는 데 적극적인 소비자 그룹입니다. 가격에 민감하기보다는 효율성과 맛을 동시에 추구합니다.
1114,여자,30대,주부,대학교 졸업(전문대졸/대학원생 포함),강원도,2세대가족,기혼,맞벌이 하지 않음,400-500만원 미만,3,0.7955223880597013,0.5802329951146183,0.4888222464558338,0.941234084231146,0.6853420195439741,0.4418604651162787,0.5739130434782607,트렌드 주도형 소비자,"자신의 취향과 경험을 중시하는 소비자 그룹입니다. 단순히 배를 채우는 것 이상의 가치를 추구하며, 새로운 제품을 가장 먼저 경험하고 공유하려는 경향이 강합니다"
1115,여자,40대,주부,대학교 졸업(전문대졸/대학원생 포함),전라남도,2세대가족,기혼,맞벌이 하지 않음,300-400만원 미만,0,0.4104477611940298,0.4456971063509957,0.4392039258451468,0.7571008814887363,0.3234527687296418,0.4199930579659837,0.6608695652173913,실속형 미식가,편리성을 중시하면서도 새로운 맛과 제품을 시도하는 데 적극적인 소비자 그룹입니다. 가격에 민감하기보다는 효율성과 맛을 동시에 추구합니다.
1116,남자,30대,사무 종사자,대학교 졸업(전문대졸/대학원생 포함),강원도,1인 가구,미혼(사별/이혼 포함),맞벌이 하지 않음,300-400만원 미만,0,0.3022388059701491,0.5332581736189402,0.5035441657579065,0.7992164544564151,0.3456026058631925,0.3446719888927456,0.4695652173913042,실속형 미식가,편리성을 중시하면서도 새로운 맛과 제품을 시도하는 데 적극적인 소비자 그룹입니다. 가격에 민감하기보다는 효율성과 맛을 동시에 추구합니다.
1117,여자,20대,판매 종사자,대학교 졸업(전문대졸/대학원생 포함),충청남도,1인 가구,미혼(사별/이혼 포함),맞벌이 하지 않음,200-300만원 미만,0,0.3582089552238805,0.637354378053363,0.1016902944383857,0.7796278158667972,0.2745928338762215,0.1919472405414786,0.3360869565217389,실속형 미식가,편리성을 중시하면서도 새로운 맛과 제품을 시도하는 데 적극적인 소비자 그룹입니다. 가격에 민감하기보다는 효율성과 맛을 동시에 추구합니다.
1118,여자,50대,판매 종사자,대학교 졸업(전문대졸/대학원생 포함),광주광역시,2세대가족,기혼,맞벌이 함,500-600만원 미만,3,0.7208955223880598,0.33934611048478,0.4942748091603051,0.6787463271302638,0.696742671009772,0.4144394307532104,0.3739130434782607,트렌드 주도형 소비자,"자신의 취향과 경험을 중시하는 소비자 그룹입니다. 단순히 배를 채우는 것 이상의 가치를 추구하며, 새로운 제품을 가장 먼저 경험하고 공유하려는 경향이 강합니다"
1119,여자,40대,서비스 종사자,대학교 졸업(전문대졸/대학원생 포함),강원도,1인 가구,미혼(사별/이혼 포함),맞벌이 하지 않음,200-300만원 미만,0,0.1567164179104479,0.6786922209695604,0.461286804798255,0.7992164544564151,0.2289902280130292,0.3956959389101004,0.4217391304347824,실속형 미식가,편리성을 중시하면서도 새로운 맛과 제품을 시도하는 데 적극적인 소비자 그룹입니다. 가격에 민감하기보다는 효율성과 맛을 동시에 추구합니다.
1120,여자,60대 이상,서비스 종사자,고졸(대학 재학 포함),서울특별시,1세대가족,기혼,맞벌이 함,400-500만원 미만,1,0.6119402985074629,0.3761743705373919,0.5338058887677204,0.8432908912830556,0.6872964169381107,0.2575494619923635,0.2956521739130433,건강 추구형 소비자,가격이나 브랜드에 크게 구애받지 않고 건강을 최우선으로 고려하는 프리미엄 소비자 그룹입니다. 건강과 편리성을 모두 만족시키는 제품에 기꺼이 지갑을 엽니다.
1121,여자,50대,판매 종사자,대학교 졸업(전문대졸/대학원생 포함),충청남도,2세대가족,기혼,맞벌이 함,500-600만원 미만,0,0.3283582089552239,0.5772266065388949,0.1780261723009818,0.7796278158667972,0.2410423452768733,0.1596667823672336,0.3882608695652174,실속형 미식가,편리성을 중시하면서도 새로운 맛과 제품을 시도하는 데 적극적인 소비자 그룹입니다. 가격에 민감하기보다는 효율성과 맛을 동시에 추구합니다.
1122,여자,30대,주부,대학교 졸업(전문대졸/대학원생 포함),경상북도,2세대가족,기혼,맞벌이 하지 않음,500-600만원 미만,0,0.373134328358209,0.421270199173243,0.3418756815703379,0.7649363369245838,0.4006514657980456,0.4512322110378339,0.3752173913043476,실속형 미식가,편리성을 중시하면서도 새로운 맛과 제품을 시도하는 데 적극적인 소비자 그룹입니다. 가격에 민감하기보다는 효율성과 맛을 동시에 추구합니다.
1123,남자,50대,기능원 및 관련 기능 종사자,대학교 졸업(전문대졸/대학원생 포함),광주광역시,1인 가구,미혼(사별/이혼 포함),맞벌이 하지 않음,200-300만원 미만,3,0.6940298507462688,0.3205561818865088,0.362595419847328,0.659157688540646,0.6850162866449513,0.3703575147518221,0.3608695652173911,트렌드 주도형 소비자,"자신의 취향과 경험을 중시하는 소비자 그룹입니다. 단순히 배를 채우는 것 이상의 가치를 추구하며, 새로운 제품을 가장 먼저 경험하고 공유하려는 경향이 강합니다"
1124,여자,40대,서비스 종사자,대학교 졸업(전문대졸/대학원생 포함),경기도,2세대가족,기혼,맞벌이 함,700-800만원 미만,3,0.6544776119402987,0.6242014280345735,0.5583424209378405,0.7649363369245838,0.601954397394137,0.3918778202013186,0.3434782608695651,트렌드 주도형 소비자,"자신의 취향과 경험을 중시하는 소비자 그룹입니다. 단순히 배를 채우는 것 이상의 가치를 추구하며, 새로운 제품을 가장 먼저 경험하고 공유하려는 경향이 강합니다"
1125,남자,60대 이상,판매 종사자,고졸(대학 재학 포함),충청남도,1세대가족,기혼,맞벌이 함,300-400만원 미만,0,0.2858208955223881,0.6335963923337088,0.4711014176663031,0.681684622918707,0.2364820846905536,0.3172509545296769,0.3043478260869564,실속형 미식가,편리성을 중시하면서도 새로운 맛과 제품을 시도하는 데 적극적인 소비자 그룹입니다. 가격에 민감하기보다는 효율성과 맛을 동시에 추구합니다.
1126,남자,60대 이상,사무 종사자,고졸(대학 재학 포함),충청남도,1세대가족,기혼,맞벌이 함,500-600만원 미만,0,0.4104477611940298,0.562194663660278,0.3069792802617229,0.7600391772771787,0.4299674267100979,0.1457827143352999,0.1926086956521738,실속형 미식가,편리성을 중시하면서도 새로운 맛과 제품을 시도하는 데 적극적인 소비자 그룹입니다. 가격에 민감하기보다는 효율성과 맛을 동시에 추구합니다.
1127,여자,60대 이상,판매 종사자,고졸(대학 재학 포함),강원도,1인 가구,미혼(사별/이혼 포함),맞벌이 하지 않음,200-300만원 미만,0,0.1194029850746271,0.5546786922209697,0.4675572519083967,0.7992164544564151,0.2700325732899022,0.513710517181534,0.4578260869565216,실속형 미식가,편리성을 중시하면서도 새로운 맛과 제품을 시도하는 데 적극적인 소비자 그룹입니다. 가격에 민감하기보다는 효율성과 맛을 동시에 추구합니다.
1128,남자,20대,사무 종사자,대학교 졸업(전문대졸/대학원생 포함),대구광역시,1인 가구,미혼(사별/이혼 포함),맞벌이 하지 않음,300-400만원 미만,3,0.5746268656716418,0.3479894776399849,0.2262813522355506,0.7796278158667972,0.4863192182410426,0.374175633460604,0.5695652173913043,트렌드 주도형 소비자,"자신의 취향과 경험을 중시하는 소비자 그룹입니다. 단순히 배를 채우는 것 이상의 가치를 추구하며, 새로운 제품을 가장 먼저 경험하고 공유하려는 경향이 강합니다"
1129,여자,50대,판매 종사자,대학교 졸업(전문대졸/대학원생 포함),충청남도,2세대가족,기혼,맞벌이 함,500-600만원 미만,0,0.3283582089552239,0.6786922209695604,0.2142857142857142,0.7796278158667972,0.3501628664495113,0.1666088163832002,0.2882608695652171,실속형 미식가,편리성을 중시하면서도 새로운 맛과 제품을 시도하는 데 적극적인 소비자 그룹입니다. 가격에 민감하기보다는 효율성과 맛을 동시에 추구합니다.
1130,남자,50대,기능원 및 관련 기능 종사자,대학교 졸업(전문대졸/대학원생 포함),광주광역시,1세대가족,기혼,맞벌이 함,500-600만원 미만,3,0.7104477611940297,0.3205561818865088,0.4724645583424212,0.659157688540646,0.6563517915309448,0.4227698715723706,0.3130434782608693,트렌드 주도형 소비자,"자신의 취향과 경험을 중시하는 소비자 그룹입니다. 단순히 배를 채우는 것 이상의 가치를 추구하며, 새로운 제품을 가장 먼저 경험하고 공유하려는 경향이 강합니다"
1131,여자,50대,사무 종사자,대학교 졸업(전문대졸/대학원생 포함),부산광역시,2세대가족,기혼,맞벌이 함,600-700만원 미만,3,0.9067164179104478,0.631717399473882,0.2429116684841875,0.9020568070519096,0.5814332247557004,0.392919125303714,0.5130434782608694,트렌드 주도형 소비자,"자신의 취향과 경험을 중시하는 소비자 그룹입니다. 단순히 배를 채우는 것 이상의 가치를 추구하며, 새로운 제품을 가장 먼저 경험하고 공유하려는 경향이 강합니다"
1132,여자,60대 이상,서비스 종사자,고졸(대학 재학 포함),전라북도,1세대가족,기혼,맞벌이 함,400-500만원 미만,3,0.6589552238805969,0.5152198421645996,0.3056161395856049,0.7453476983349653,0.4374592833876223,0.2572023602915653,0.4782608695652171,트렌드 주도형 소비자,"자신의 취향과 경험을 중시하는 소비자 그룹입니다. 단순히 배를 채우는 것 이상의 가치를 추구하며, 새로운 제품을 가장 먼저 경험하고 공유하려는 경향이 강합니다"
1133,여자,50대,주부,고졸(대학 재학 포함),강원도,1세대가족,기혼,맞벌이 하지 않음,400-500만원 미만,0,0.3582089552238805,0.5020668921458099,0.4280261723009814,0.7796278158667972,0.3221498371335506,0.4547032280458173,0.4565217391304347,실속형 미식가,편리성을 중시하면서도 새로운 맛과 제품을 시도하는 데 적극적인 소비자 그룹입니다. 가격에 민감하기보다는 효율성과 맛을 동시에 추구합니다.
1134,여자,30대,사무 종사자,대학교 졸업(전문대졸/대학원생 포함),충청남도,1인 가구,미혼(사별/이혼 포함),맞벌이 하지 않음,300-400만원 미만,0,0.2537313432835819,0.7820368282600523,0.3893129770992364,0.9216454456415274,0.2019543973941368,0.2266574106213117,0.3969565217391303,실속형 미식가,편리성을 중시하면서도 새로운 맛과 제품을 시도하는 데 적극적인 소비자 그룹입니다. 가격에 민감하기보다는 효율성과 맛을 동시에 추구합니다.
1135,남자,50대,기능원 및 관련 기능 종사자,대학교 졸업(전문대졸/대학원생 포함),대구광역시,1세대가족,기혼,맞벌이 함,400-500만원 미만,3,0.6417910447761195,0.3404735062006764,0.229007633587786,0.7796278158667972,0.5091205211726386,0.3717459215550155,0.5217391304347825,트렌드 주도형 소비자,"자신의 취향과 경험을 중시하는 소비자 그룹입니다. 단순히 배를 채우는 것 이상의 가치를 추구하며, 새로운 제품을 가장 먼저 경험하고 공유하려는 경향이 강합니다"
1136,여자,50대,판매 종사자,대학교 졸업(전문대졸/대학원생 포함),인천광역시,2세대가족,기혼,맞벌이 함,800-900만원 미만,1,0.1753731343283581,0.3611424276587749,0.8282442748091605,0.7649363369245838,0.2153094462540715,0.1700798333911835,0.2217391304347824,건강 추구형 소비자,가격이나 브랜드에 크게 구애받지 않고 건강을 최우선으로 고려하는 프리미엄 소비자 그룹입니다. 건강과 편리성을 모두 만족시키는 제품에 기꺼이 지갑을 엽니다.
1137,여자,60대 이상,판매 종사자,고졸(대학 재학 포함),전라북도,1세대가족,기혼,맞벌이 함,300-400만원 미만,3,0.7208955223880598,0.6242014280345735,0.2682660850599779,0.8237022526934379,0.4123778501628664,0.2058313085734119,0.5999999999999999,트렌드 주도형 소비자,"자신의 취향과 경험을 중시하는 소비자 그룹입니다. 단순히 배를 채우는 것 이상의 가치를 추구하며, 새로운 제품을 가장 먼저 경험하고 공유하려는 경향이 강합니다"
1138,여자,50대,주부,대학교 졸업(전문대졸/대학원생 포함),부산광역시,1세대가족,기혼,맞벌이 하지 않음,400-500만원 미만,3,0.8007462686567164,0.609169485155956,0.1992911668484189,0.8824681684622918,0.4384364820846905,0.3002429711905587,0.618695652173913,트렌드 주도형 소비자,"자신의 취향과 경험을 중시하는 소비자 그룹입니다. 단순히 배를 채우는 것 이상의 가치를 추구하며, 새로운 제품을 가장 먼저 경험하고 공유하려는 경향이 강합니다"
1139,남자,60대 이상,판매 종사자,중졸 이하,전라북도,1인 가구,미혼(사별/이혼 포함),맞벌이 하지 않음,600-700만원 미만,3,0.6589552238805969,0.4795189778278843,0.1698473282442751,0.740450538687561,0.3120521172638439,0.161402290871225,0.6130434782608694,트렌드 주도형 소비자,"자신의 취향과 경험을 중시하는 소비자 그룹입니다. 단순히 배를 채우는 것 이상의 가치를 추구하며, 새로운 제품을 가장 먼저 경험하고 공유하려는 경향이 강합니다"
1140,남자,50대,서비스 종사자,고졸(대학 재학 포함),전라북도,1세대가족,기혼,맞벌이 하지 않음,500-600만원 미만,3,0.7111940298507462,0.4287861706125515,0.1657579062159218,0.7649363369245838,0.4211726384364824,0.1909059354390834,0.6478260869565217,트렌드 주도형 소비자,"자신의 취향과 경험을 중시하는 소비자 그룹입니다. 단순히 배를 채우는 것 이상의 가치를 추구하며, 새로운 제품을 가장 먼저 경험하고 공유하려는 경향이 강합니다"
1141,여자,50대,주부,고졸(대학 재학 포함),경기도,2세대가족,기혼,맞벌이 하지 않음,700-800만원 미만,1,0.5641791044776121,0.534009770762871,0.6055070883315155,0.706170421155729,0.6980456026058631,0.346407497396737,0.3521739130434779,건강 추구형 소비자,가격이나 브랜드에 크게 구애받지 않고 건강을 최우선으로 고려하는 프리미엄 소비자 그룹입니다. 건강과 편리성을 모두 만족시키는 제품에 기꺼이 지갑을 엽니다.
1142,여자,60대 이상,주부,고졸(대학 재학 포함),전라북도,1세대가족,기혼,맞벌이 하지 않음,300-400만원 미만,3,0.6738805970149253,0.4400601277715145,0.2611777535441658,0.7453476983349653,0.3625407166123778,0.1492537313432833,0.6999999999999997,트렌드 주도형 소비자,"자신의 취향과 경험을 중시하는 소비자 그룹입니다. 단순히 배를 채우는 것 이상의 가치를 추구하며, 새로운 제품을 가장 먼저 경험하고 공유하려는 경향이 강합니다"
1143,여자,50대,판매 종사자,고졸(대학 재학 포함),전라북도,1세대가족,기혼,맞벌이 함,500-600만원 미만,3,0.855223880597015,0.5152198421645996,0.1684841875681571,0.7453476983349653,0.4687296416938111,0.2787226657410618,0.6173913043478257,트렌드 주도형 소비자,"자신의 취향과 경험을 중시하는 소비자 그룹입니다. 단순히 배를 채우는 것 이상의 가치를 추구하며, 새로운 제품을 가장 먼저 경험하고 공유하려는 경향이 강합니다"
1144,여자,60대 이상,판매 종사자,고졸(대학 재학 포함),전라북도,1세대가족,기혼,맞벌이 함,200-300만원 미만,3,0.5149253731343285,0.4964299135663284,0.190294438386041,0.8041136141038193,0.3179153094462543,0.2266574106213117,0.6391304347826086,트렌드 주도형 소비자,"자신의 취향과 경험을 중시하는 소비자 그룹입니다. 단순히 배를 채우는 것 이상의 가치를 추구하며, 새로운 제품을 가장 먼저 경험하고 공유하려는 경향이 강합니다"
1145,여자,50대,판매 종사자,고졸(대학 재학 포함),전라북도,1세대가족,기혼,맞벌이 함,600-700만원 미만,3,0.6186567164179103,0.4588500563697856,0.1943838604143943,0.7257590597453475,0.3091205211726388,0.221450885109337,0.6565217391304344,트렌드 주도형 소비자,"자신의 취향과 경험을 중시하는 소비자 그룹입니다. 단순히 배를 채우는 것 이상의 가치를 추구하며, 새로운 제품을 가장 먼저 경험하고 공유하려는 경향이 강합니다"
1146,여자,60대 이상,농림어업 숙련 종사자,대학교 졸업(전문대졸/대학원생 포함),전라북도,1세대가족,기혼,맞벌이 함,400-500만원 미만,3,0.7313432835820897,0.3968432919954903,0.2666303162486371,0.740450538687561,0.3495114006514659,0.247483512669212,0.752173913043478,트렌드 주도형 소비자,"자신의 취향과 경험을 중시하는 소비자 그룹입니다. 단순히 배를 채우는 것 이상의 가치를 추구하며, 새로운 제품을 가장 먼저 경험하고 공유하려는 경향이 강합니다"
1147,여자,50대,사무 종사자,고졸(대학 재학 포함),대전광역시,2세대가족,기혼,맞벌이 함,600-700만원 미만,0,0.3425373134328356,0.7023675310033822,0.1030534351145037,0.7796278158667972,0.1234527687296418,0.501214855952794,0.4969565217391303,실속형 미식가,편리성을 중시하면서도 새로운 맛과 제품을 시도하는 데 적극적인 소비자 그룹입니다. 가격에 민감하기보다는 효율성과 맛을 동시에 추구합니다.
1148,여자,60대 이상,판매 종사자,고졸(대학 재학 포함),인천광역시,1세대가족,기혼,맞벌이 함,700-800만원 미만,1,0.1514925373134329,0.3649004133784291,0.7568157033805891,0.8432908912830556,0.2094462540716612,0.1631377993752169,0.1752173913043478,건강 추구형 소비자,가격이나 브랜드에 크게 구애받지 않고 건강을 최우선으로 고려하는 프리미엄 소비자 그룹입니다. 건강과 편리성을 모두 만족시키는 제품에 기꺼이 지갑을 엽니다.
1149,여자,60대 이상,판매 종사자,고졸(대학 재학 포함),부산광역시,1세대가족,기혼,맞벌이 함,300-400만원 미만,3,0.6395522388059701,0.4851559564073657,0.5209923664122136,0.8432908912830556,0.538110749185668,0.503297466157584,0.6056521739130434,트렌드 주도형 소비자,"자신의 취향과 경험을 중시하는 소비자 그룹입니다. 단순히 배를 채우는 것 이상의 가치를 추구하며, 새로운 제품을 가장 먼저 경험하고 공유하려는 경향이 강합니다"
1150,여자,50대,서비스 종사자,고졸(대학 재학 포함),전라북도,1세대가족,기혼,맞벌이 함,300-400만원 미만,3,0.6723880597014925,0.4964299135663284,0.2598146128680478,0.7453476983349653,0.3824104234527687,0.2735161402290871,0.5839130434782608,트렌드 주도형 소비자,"자신의 취향과 경험을 중시하는 소비자 그룹입니다. 단순히 배를 채우는 것 이상의 가치를 추구하며, 새로운 제품을 가장 먼저 경험하고 공유하려는 경향이 강합니다"
1151,여자,40대,판매 종사자,대학교 졸업(전문대졸/대학원생 포함),인천광역시,1인 가구,미혼(사별/이혼 포함),맞벌이 하지 않음,300-400만원 미만,1,0.5298507462686567,0.5689590379556556,0.6014176663031623,0.8041136141038193,0.6475570032573293,0.2700451232211037,0.1,건강 추구형 소비자,가격이나 브랜드에 크게 구애받지 않고 건강을 최우선으로 고려하는 프리미엄 소비자 그룹입니다. 건강과 편리성을 모두 만족시키는 제품에 기꺼이 지갑을 엽니다.
1152,남자,40대,판매 종사자,대학교 졸업(전문대졸/대학원생 포함),경상북도,1세대가족,미혼(사별/이혼 포함),맞벌이 하지 않음,300-400만원 미만,0,0.5022388059701494,0.7519729425028184,0.1829334787350055,0.8628795298726734,0.2436482084690556,0.4383894481082955,0.3913043478260869,실속형 미식가,편리성을 중시하면서도 새로운 맛과 제품을 시도하는 데 적극적인 소비자 그룹입니다. 가격에 민감하기보다는 효율성과 맛을 동시에 추구합니다.
1153,여자,30대,사무 종사자,대학교 졸업(전문대졸/대학원생 포함),충청남도,1인 가구,미혼(사별/이혼 포함),맞벌이 하지 않음,300-400만원 미만,0,0.3007462686567163,0.9098083427282978,0.4195747001090512,0.9020568070519096,0.1931596091205213,0.2554668517875734,0.2347826086956519,실속형 미식가,편리성을 중시하면서도 새로운 맛과 제품을 시도하는 데 적극적인 소비자 그룹입니다. 가격에 민감하기보다는 효율성과 맛을 동시에 추구합니다.
1154,여자,60대 이상,농림어업 숙련 종사자,중졸 이하,전라북도,1세대가족,기혼,맞벌이 함,400-500만원 미만,3,0.6253731343283582,0.5415257422021796,0.3225190839694659,0.7649363369245838,0.3889250814332249,0.2127733425893785,0.6434782608695649,트렌드 주도형 소비자,"자신의 취향과 경험을 중시하는 소비자 그룹입니다. 단순히 배를 채우는 것 이상의 가치를 추구하며, 새로운 제품을 가장 먼저 경험하고 공유하려는 경향이 강합니다"
1155,여자,40대,판매 종사자,대학교 졸업(전문대졸/대학원생 포함),부산광역시,2세대가족,기혼,맞벌이 함,500-600만원 미만,3,0.6529850746268658,0.8722284855317546,0.3792257360959648,0.8824681684622918,0.315309446254072,0.4290177021867404,0.4478260869565216,트렌드 주도형 소비자,"자신의 취향과 경험을 중시하는 소비자 그룹입니다. 단순히 배를 채우는 것 이상의 가치를 추구하며, 새로운 제품을 가장 먼저 경험하고 공유하려는 경향이 강합니다"
1156,남자,60대 이상,기능원 및 관련 기능 종사자,고졸(대학 재학 포함),전라북도,1세대가족,기혼,맞벌이 함,400-500만원 미만,0,0.4559701492537313,0.4701240135287484,0.2311886586695744,0.8237022526934379,0.2586319218241044,0.2523429364803886,0.608695652173913,실속형 미식가,편리성을 중시하면서도 새로운 맛과 제품을 시도하는 데 적극적인 소비자 그룹입니다. 가격에 민감하기보다는 효율성과 맛을 동시에 추구합니다.
1157,여자,60대 이상,농림어업 숙련 종사자,중졸 이하,전라북도,1세대가족,기혼,맞벌이 함,300-400만원 미만,3,0.5395522388059701,0.5227358136039083,0.2230098146128677,0.7845249755142015,0.2827361563517917,0.2127733425893785,0.6434782608695649,트렌드 주도형 소비자,"자신의 취향과 경험을 중시하는 소비자 그룹입니다. 단순히 배를 채우는 것 이상의 가치를 추구하며, 새로운 제품을 가장 먼저 경험하고 공유하려는 경향이 강합니다"
1158,남자,40대,기능원 및 관련 기능 종사자,대학교 졸업(전문대졸/대학원생 포함),경상북도,1세대가족,미혼(사별/이혼 포함),맞벌이 하지 않음,300-400만원 미만,0,0.1082089552238807,0.4175122134535888,0.5722464558342419,0.8432908912830556,0.2827361563517917,0.6181881291218323,0.3478260869565215,실속형 미식가,편리성을 중시하면서도 새로운 맛과 제품을 시도하는 데 적극적인 소비자 그룹입니다. 가격에 민감하기보다는 효율성과 맛을 동시에 추구합니다.
1159,남자,30대,사무 종사자,대학교 졸업(전문대졸/대학원생 포함),전라북도,1인 가구,미혼(사별/이혼 포함),맞벌이 하지 않음,200-300만원 미만,3,0.6253731343283582,0.4400601277715145,0.239367502726281,0.7453476983349653,0.3179153094462543,0.2651856994099271,0.6621739130434781,트렌드 주도형 소비자,"자신의 취향과 경험을 중시하는 소비자 그룹입니다. 단순히 배를 채우는 것 이상의 가치를 추구하며, 새로운 제품을 가장 먼저 경험하고 공유하려는 경향이 강합니다"
1160,여자,60대 이상,주부,중졸 이하,전라남도,1세대가족,기혼,맞벌이 하지 않음,200-300만원 미만,0,0.4522388059701491,0.4464487034949266,0.4165757906215917,0.7032321253672866,0.3537459283387623,0.4758764317945156,0.3913043478260869,실속형 미식가,편리성을 중시하면서도 새로운 맛과 제품을 시도하는 데 적극적인 소비자 그룹입니다. 가격에 민감하기보다는 효율성과 맛을 동시에 추구합니다.
1161,여자,60대 이상,서비스 종사자,대학교 졸업(전문대졸/대학원생 포함),전라북도,1세대가족,기혼,맞벌이 함,400-500만원 미만,3,0.605223880597015,0.4926719278466742,0.2202835332606324,0.706170421155729,0.3237785016286646,0.2478306143700101,0.5608695652173911,트렌드 주도형 소비자,"자신의 취향과 경험을 중시하는 소비자 그룹입니다. 단순히 배를 채우는 것 이상의 가치를 추구하며, 새로운 제품을 가장 먼저 경험하고 공유하려는 경향이 강합니다"
1162,여자,50대,주부,고졸(대학 재학 포함),전라북도,1세대가족,기혼,맞벌이 하지 않음,400-500만원 미만,3,0.5686567164179106,0.4175122134535888,0.3356052344601961,0.706170421155729,0.4446254071661238,0.2728219368274901,0.6217391304347826,트렌드 주도형 소비자,"자신의 취향과 경험을 중시하는 소비자 그룹입니다. 단순히 배를 채우는 것 이상의 가치를 추구하며, 새로운 제품을 가장 먼저 경험하고 공유하려는 경향이 강합니다"
1163,남자,40대,기능원 및 관련 기능 종사자,고졸(대학 재학 포함),대구광역시,1인 가구,미혼(사별/이혼 포함),맞벌이 하지 않음,300-400만원 미만,3,0.5895522388059702,0.3630214205186018,0.204471101417666,0.8383937316356512,0.4299674267100979,0.4116626171468238,0.5695652173913043,트렌드 주도형 소비자,"자신의 취향과 경험을 중시하는 소비자 그룹입니다. 단순히 배를 채우는 것 이상의 가치를 추구하며, 새로운 제품을 가장 먼저 경험하고 공유하려는 경향이 강합니다"
1164,여자,60대 이상,주부,중졸 이하,부산광역시,1세대가족,기혼,맞벌이 하지 않음,300-400만원 미만,3,0.7656716417910449,0.7493423524990603,0.2966194111232278,0.7845249755142015,0.393811074918567,0.3262755987504337,0.5826086956521739,트렌드 주도형 소비자,"자신의 취향과 경험을 중시하는 소비자 그룹입니다. 단순히 배를 채우는 것 이상의 가치를 추구하며, 새로운 제품을 가장 먼저 경험하고 공유하려는 경향이 강합니다"
1165,여자,30대,주부,대학교 졸업(전문대졸/대학원생 포함),경기도,2세대가족,기혼,맞벌이 하지 않음,300-400만원 미만,1,0.5626865671641793,0.6129274708756103,0.5373500545256269,0.706170421155729,0.6644951140065146,0.3071850052065255,0.1913043478260869,건강 추구형 소비자,가격이나 브랜드에 크게 구애받지 않고 건강을 최우선으로 고려하는 프리미엄 소비자 그룹입니다. 건강과 편리성을 모두 만족시키는 제품에 기꺼이 지갑을 엽니다.
1166,여자,50대,서비스 종사자,대학교 졸업(전문대졸/대학원생 포함),전라북도,1세대가족,기혼,맞벌이 함,400-500만원 미만,3,0.5619402985074629,0.5678316422397591,0.2339149400218104,0.7257590597453475,0.3570032573289903,0.2485248177716068,0.4260869565217389,트렌드 주도형 소비자,"자신의 취향과 경험을 중시하는 소비자 그룹입니다. 단순히 배를 채우는 것 이상의 가치를 추구하며, 새로운 제품을 가장 먼저 경험하고 공유하려는 경향이 강합니다"
1167,여자,60대 이상,주부,고졸(대학 재학 포함),전라북도,1세대가족,기혼,맞벌이 하지 않음,400-500만원 미만,0,0.5149253731343285,0.5001878992859826,0.2679934569247544,0.7453476983349653,0.2843648208469057,0.2165914612981603,0.626086956521739,실속형 미식가,편리성을 중시하면서도 새로운 맛과 제품을 시도하는 데 적극적인 소비자 그룹입니다. 가격에 민감하기보다는 효율성과 맛을 동시에 추구합니다.
1168,여자,60대 이상,주부,중졸 이하,전라남도,1인 가구,미혼(사별/이혼 포함),맞벌이 하지 않음,100만원 미만,0,0.4470149253731343,0.4250281848928972,0.2121046892039257,0.8432908912830556,0.3807817589576547,0.3974314474140921,0.4478260869565216,실속형 미식가,편리성을 중시하면서도 새로운 맛과 제품을 시도하는 데 적극적인 소비자 그룹입니다. 가격에 민감하기보다는 효율성과 맛을 동시에 추구합니다.
1169,여자,50대,판매 종사자,고졸(대학 재학 포함),충청남도,1세대가족,기혼,맞벌이 함,400-500만원 미만,3,0.5641791044776121,0.5584366779406238,0.3116139585605231,0.8188050930460328,0.3667752442996746,0.208261020479,0.4273913043478261,트렌드 주도형 소비자,"자신의 취향과 경험을 중시하는 소비자 그룹입니다. 단순히 배를 채우는 것 이상의 가치를 추구하며, 새로운 제품을 가장 먼저 경험하고 공유하려는 경향이 강합니다"
1170,여자,50대,서비스 종사자,대학교 졸업(전문대졸/대학원생 포함),대구광역시,2세대가족,기혼,맞벌이 함,500-600만원 미만,3,0.6044776119402987,0.3799323562570461,0.2099236641221373,0.8824681684622918,0.4635179153094464,0.3950017355085039,0.5695652173913043,트렌드 주도형 소비자,"자신의 취향과 경험을 중시하는 소비자 그룹입니다. 단순히 배를 채우는 것 이상의 가치를 추구하며, 새로운 제품을 가장 먼저 경험하고 공유하려는 경향이 강합니다"
1171,남자,50대,판매 종사자,고졸(대학 재학 포함),경기도,1인 가구,미혼(사별/이혼 포함),맞벌이 하지 않음,500-600만원 미만,1,0.6059701492537315,0.6429913566328446,0.5946019629225736,0.7453476983349653,0.6446254071661236,0.3377299548767786,0.160869565217391,건강 추구형 소비자,가격이나 브랜드에 크게 구애받지 않고 건강을 최우선으로 고려하는 프리미엄 소비자 그룹입니다. 건강과 편리성을 모두 만족시키는 제품에 기꺼이 지갑을 엽니다.
1172,여자,60대 이상,농림어업 숙련 종사자,고졸(대학 재학 포함),전라북도,1세대가족,기혼,맞벌이 함,200-300만원 미만,0,0.4425373134328358,0.5640736565201049,0.1085059978189751,0.7649363369245838,0.2485342019543977,0.2547726483859768,0.4608695652173912,실속형 미식가,편리성을 중시하면서도 새로운 맛과 제품을 시도하는 데 적극적인 소비자 그룹입니다. 가격에 민감하기보다는 효율성과 맛을 동시에 추구합니다.
1173,여자,50대,사무 종사자,고졸(대학 재학 포함),대전광역시,2세대가족,기혼,맞벌이 함,500-600만원 미만,0,0.1305970149253731,0.7820368282600523,0.2917121046892041,0.941234084231146,0.0863192182410427,0.5251648733078791,0.4913043478260865,실속형 미식가,편리성을 중시하면서도 새로운 맛과 제품을 시도하는 데 적극적인 소비자 그룹입니다. 가격에 민감하기보다는 효율성과 맛을 동시에 추구합니다.
1174,여자,50대,농림어업 숙련 종사자,고졸(대학 재학 포함),전라남도,1세대가족,기혼,맞벌이 함,400-500만원 미만,3,0.4723880597014926,0.5227358136039083,0.3920392584514725,0.9216454456415274,0.3397394136807817,0.4616452620617839,0.5434782608695652,트렌드 주도형 소비자,"자신의 취향과 경험을 중시하는 소비자 그룹입니다. 단순히 배를 채우는 것 이상의 가치를 추구하며, 새로운 제품을 가장 먼저 경험하고 공유하려는 경향이 강합니다"
1175,남자,30대,사무 종사자,대학교 졸업(전문대졸/대학원생 포함),대전광역시,1인 가구,미혼(사별/이혼 포함),맞벌이 하지 않음,300-400만원 미만,0,0.1567164179104479,0.8252536640360766,0.059978189749182,0.8775710088148868,0.0618892508143326,0.5609163484901074,0.3565217391304347,실속형 미식가,편리성을 중시하면서도 새로운 맛과 제품을 시도하는 데 적극적인 소비자 그룹입니다. 가격에 민감하기보다는 효율성과 맛을 동시에 추구합니다.
1176,여자,60대 이상,서비스 종사자,고졸(대학 재학 포함),인천광역시,1세대가족,기혼,맞벌이 함,600-700만원 미만,1,0.6291044776119402,0.5170988350244269,0.5817884405670666,0.681684622918707,0.6762214983713357,0.3290524123568205,0.0652173913043478,건강 추구형 소비자,가격이나 브랜드에 크게 구애받지 않고 건강을 최우선으로 고려하는 프리미엄 소비자 그룹입니다. 건강과 편리성을 모두 만족시키는 제품에 기꺼이 지갑을 엽니다.
1177,여자,30대,사무 종사자,대학교 졸업(전문대졸/대학원생 포함),경기도,1인 가구,미혼(사별/이혼 포함),맞벌이 하지 않음,200-300만원 미만,0,0.2910447761194031,0.4193912063134161,0.1799345692475459,0.7012732615083248,0.3420195439739416,0.1975008677542519,0.3999999999999997,실속형 미식가,편리성을 중시하면서도 새로운 맛과 제품을 시도하는 데 적극적인 소비자 그룹입니다. 가격에 민감하기보다는 효율성과 맛을 동시에 추구합니다.
1178,여자,60대 이상,주부,고졸(대학 재학 포함),대전광역시,1세대가족,기혼,맞벌이 하지 않음,300-400만원 미만,0,0.074626865671642,0.7350620067643742,0.0545256270447114,0.8383937316356512,0.0195439739413685,0.4866365845192637,0.4130434782608693,실속형 미식가,편리성을 중시하면서도 새로운 맛과 제품을 시도하는 데 적극적인 소비자 그룹입니다. 가격에 민감하기보다는 효율성과 맛을 동시에 추구합니다.
1179,여자,50대,판매 종사자,대학교 졸업(전문대졸/대학원생 포함),부산광역시,2세대가족,기혼,맞벌이 함,500-600만원 미만,3,0.6044776119402987,0.4175122134535888,0.4342966194111231,0.8432908912830556,0.4817589576547234,0.3533495314127037,0.7869565217391303,트렌드 주도형 소비자,"자신의 취향과 경험을 중시하는 소비자 그룹입니다. 단순히 배를 채우는 것 이상의 가치를 추구하며, 새로운 제품을 가장 먼저 경험하고 공유하려는 경향이 강합니다"
1180,여자,60대 이상,주부,중졸 이하,전라남도,1인 가구,미혼(사별/이혼 포함),맞벌이 하지 않음,100만원 미만,0,0.3992537313432835,0.4475760992108231,0.3655943293347876,0.7257590597453475,0.3208469055374595,0.5321069073238458,0.5273913043478258,실속형 미식가,편리성을 중시하면서도 새로운 맛과 제품을 시도하는 데 적극적인 소비자 그룹입니다. 가격에 민감하기보다는 효율성과 맛을 동시에 추구합니다.
1181,여자,40대,서비스 종사자,대학교 졸업(전문대졸/대학원생 포함),부산광역시,2세대가족,기혼,맞벌이 함,600-700만원 미만,3,0.8082089552238806,0.5415257422021796,0.3320610687022897,0.8628795298726734,0.5361563517915311,0.279763970843457,0.626086956521739,트렌드 주도형 소비자,"자신의 취향과 경험을 중시하는 소비자 그룹입니다. 단순히 배를 채우는 것 이상의 가치를 추구하며, 새로운 제품을 가장 먼저 경험하고 공유하려는 경향이 강합니다"
1182,여자,60대 이상,주부,고졸(대학 재학 포함),대구광역시,1세대가족,기혼,맞벌이 하지 않음,200-300만원 미만,3,0.5895522388059702,0.394964299135663,0.2562704471101421,0.9216454456415274,0.472312703583062,0.4439430753210688,0.5217391304347825,트렌드 주도형 소비자,"자신의 취향과 경험을 중시하는 소비자 그룹입니다. 단순히 배를 채우는 것 이상의 가치를 추구하며, 새로운 제품을 가장 먼저 경험하고 공유하려는 경향이 강합니다"
1183,여자,60대 이상,주부,고졸(대학 재학 포함),전라남도,1세대가족,기혼,맞벌이 하지 않음,200-300만원 미만,0,0.0,0.4381811349116872,0.3334242093784078,0.7571008814887363,0.0716612377850164,0.5241235682054839,0.6347826086956521,실속형 미식가,편리성을 중시하면서도 새로운 맛과 제품을 시도하는 데 적극적인 소비자 그룹입니다. 가격에 민감하기보다는 효율성과 맛을 동시에 추구합니다.
1184,여자,60대 이상,주부,고졸(대학 재학 포함),강원도,1세대가족,기혼,맞벌이 하지 않음,400-500만원 미만,1,0.1865671641791045,0.3611424276587749,0.8260632497273717,0.7845249755142015,0.2006514657980457,0.1561957653592499,0.160869565217391,건강 추구형 소비자,가격이나 브랜드에 크게 구애받지 않고 건강을 최우선으로 고려하는 프리미엄 소비자 그룹입니다. 건강과 편리성을 모두 만족시키는 제품에 기꺼이 지갑을 엽니다.
1185,여자,60대 이상,농림어업 숙련 종사자,고졸(대학 재학 포함),전라남도,1세대가족,기혼,맞벌이 함,400-500만원 미만,0,0.4574626865671642,0.703119128147313,0.2802617230098144,0.8628795298726734,0.32442996742671,0.4085387018396386,0.2782608695652173,실속형 미식가,편리성을 중시하면서도 새로운 맛과 제품을 시도하는 데 적극적인 소비자 그룹입니다. 가격에 민감하기보다는 효율성과 맛을 동시에 추구합니다.
1186,여자,50대,서비스 종사자,대학교 졸업(전문대졸/대학원생 포함),대구광역시,1세대가족,기혼,맞벌이 함,400-500만원 미만,3,0.5895522388059702,0.394964299135663,0.2753544165757908,0.9216454456415274,0.5368078175895769,0.4151336341548071,0.4999999999999998,트렌드 주도형 소비자,"자신의 취향과 경험을 중시하는 소비자 그룹입니다. 단순히 배를 채우는 것 이상의 가치를 추구하며, 새로운 제품을 가장 먼저 경험하고 공유하려는 경향이 강합니다"
1187,여자,60대 이상,주부,중졸 이하,전라남도,1인 가구,미혼(사별/이혼 포함),맞벌이 하지 않음,100-200만원 미만,0,0.3738805970149254,0.5516723036452462,0.3266085059978191,0.801175318315377,0.2609120521172638,0.4776119402985072,0.5086956521739129,실속형 미식가,편리성을 중시하면서도 새로운 맛과 제품을 시도하는 데 적극적인 소비자 그룹입니다. 가격에 민감하기보다는 효율성과 맛을 동시에 추구합니다.
1188,여자,60대 이상,주부,고졸(대학 재학 포함),부산광역시,1세대가족,기혼,맞벌이 하지 않음,200-300만원 미만,3,0.6835820895522389,0.85456595264938,0.3732279171210466,0.8237022526934379,0.3146579804560262,0.2360291565428669,0.434782608695652,트렌드 주도형 소비자,"자신의 취향과 경험을 중시하는 소비자 그룹입니다. 단순히 배를 채우는 것 이상의 가치를 추구하며, 새로운 제품을 가장 먼저 경험하고 공유하려는 경향이 강합니다"
1189,남자,30대,사무 종사자,대학교 졸업(전문대졸/대학원생 포함),경기도,1인 가구,미혼(사별/이혼 포함),맞벌이 하지 않음,300-400만원 미만,0,0.3082089552238805,0.5107102593010145,0.169029443838604,0.7012732615083248,0.3429967426710098,0.1190558833738282,0.3795652173913043,실속형 미식가,편리성을 중시하면서도 새로운 맛과 제품을 시도하는 데 적극적인 소비자 그룹입니다. 가격에 민감하기보다는 효율성과 맛을 동시에 추구합니다.
1190,여자,60대 이상,주부,중졸 이하,전라남도,1인 가구,미혼(사별/이혼 포함),맞벌이 하지 않음,100-200만원 미만,0,0.4238805970149255,0.5516723036452462,0.3456924754634679,0.8207639569049947,0.3413680781758957,0.5265532801110724,0.3739130434782607,실속형 미식가,편리성을 중시하면서도 새로운 맛과 제품을 시도하는 데 적극적인 소비자 그룹입니다. 가격에 민감하기보다는 효율성과 맛을 동시에 추구합니다.
1191,여자,50대,서비스 종사자,고졸(대학 재학 포함),전라남도,1인 가구,미혼(사별/이혼 포함),맞벌이 하지 않음,200-300만원 미만,3,0.5000000000000001,0.4483276963547539,0.3007088331515811,0.8354554358472083,0.3537459283387623,0.2464422075668168,0.626086956521739,트렌드 주도형 소비자,"자신의 취향과 경험을 중시하는 소비자 그룹입니다. 단순히 배를 채우는 것 이상의 가치를 추구하며, 새로운 제품을 가장 먼저 경험하고 공유하려는 경향이 강합니다"
1192,여자,50대,판매 종사자,대학교 졸업(전문대졸/대학원생 포함),대구광역시,1인 가구,미혼(사별/이혼 포함),맞벌이 하지 않음,300-400만원 미만,3,0.5141791044776122,0.3780533633972192,0.2753544165757908,0.8775710088148868,0.4957654723127034,0.4477611940298507,0.4913043478260865,트렌드 주도형 소비자,"자신의 취향과 경험을 중시하는 소비자 그룹입니다. 단순히 배를 채우는 것 이상의 가치를 추구하며, 새로운 제품을 가장 먼저 경험하고 공유하려는 경향이 강합니다"
1193,남자,30대,사무 종사자,대학교 졸업(전문대졸/대학원생 포함),경기도,1인 가구,미혼(사별/이혼 포함),맞벌이 하지 않음,300-400만원 미만,0,0.2910447761194031,0.4355505449079291,0.1608505997818973,0.7012732615083248,0.3127035830618893,0.1686914265879902,0.4565217391304347,실속형 미식가,편리성을 중시하면서도 새로운 맛과 제품을 시도하는 데 적극적인 소비자 그룹입니다. 가격에 민감하기보다는 효율성과 맛을 동시에 추구합니다.
1194,여자,20대,사무 종사자,고졸(대학 재학 포함),대전광역시,1인 가구,미혼(사별/이혼 포함),맞벌이 하지 않음,200-300만원 미만,0,0.0895522388059701,0.6448703494926719,0.07360959651036,0.740450538687561,0.0195439739413685,0.8191600138840679,0.4926086956521739,실속형 미식가,편리성을 중시하면서도 새로운 맛과 제품을 시도하는 데 적극적인 소비자 그룹입니다. 가격에 민감하기보다는 효율성과 맛을 동시에 추구합니다.
1195,여자,60대 이상,판매 종사자,고졸(대학 재학 포함),부산광역시,1세대가족,기혼,맞벌이 함,300-400만원 미만,3,0.8529850746268658,0.7857948139797069,0.2287350054525626,0.8628795298726734,0.4026058631921826,0.404373481430059,0.4999999999999998,트렌드 주도형 소비자,"자신의 취향과 경험을 중시하는 소비자 그룹입니다. 단순히 배를 채우는 것 이상의 가치를 추구하며, 새로운 제품을 가장 먼저 경험하고 공유하려는 경향이 강합니다"
1196,여자,60대 이상,사무 종사자,대학교 졸업(전문대졸/대학원생 포함),전라남도,2세대가족,미혼(사별/이혼 포함),맞벌이 하지 않음,500-600만원 미만,3,0.6514925373134329,0.519729425028185,0.1943838604143943,0.7571008814887363,0.2811074918566776,0.2464422075668168,0.6708695652173913,트렌드 주도형 소비자,"자신의 취향과 경험을 중시하는 소비자 그룹입니다. 단순히 배를 채우는 것 이상의 가치를 추구하며, 새로운 제품을 가장 먼저 경험하고 공유하려는 경향이 강합니다"
1197,여자,60대 이상,농림어업 숙련 종사자,중졸 이하,전라남도,1세대가족,기혼,맞벌이 함,400-500만원 미만,3,0.5141791044776122,0.676813228109733,0.4201199563794982,0.8628795298726734,0.4231270358306188,0.4498438042346406,0.4217391304347824,트렌드 주도형 소비자,"자신의 취향과 경험을 중시하는 소비자 그룹입니다. 단순히 배를 채우는 것 이상의 가치를 추구하며, 새로운 제품을 가장 먼저 경험하고 공유하려는 경향이 강합니다"
1198,여자,60대 이상,서비스 종사자,중졸 이하,세종특별자치시,1세대가족,기혼,맞벌이 함,500-600만원 미만,3,0.6992537313432838,0.557685080796693,0.3225190839694659,0.8824681684622918,0.4452768729641696,0.7122526900381807,0.6304347826086953,트렌드 주도형 소비자,"자신의 취향과 경험을 중시하는 소비자 그룹입니다. 단순히 배를 채우는 것 이상의 가치를 추구하며, 새로운 제품을 가장 먼저 경험하고 공유하려는 경향이 강합니다"
1199,여자,50대,사무 종사자,대학교 졸업(전문대졸/대학원생 포함),대구광역시,1세대가족,기혼,맞벌이 함,500-600만원 미만,3,0.5089552238805971,0.3780533633972192,0.3353326063249728,0.8775710088148868,0.5162866449511402,0.4432488719194721,0.4130434782608693,트렌드 주도형 소비자,"자신의 취향과 경험을 중시하는 소비자 그룹입니다. 단순히 배를 채우는 것 이상의 가치를 추구하며, 새로운 제품을 가장 먼저 경험하고 공유하려는 경향이 강합니다"
1200,여자,50대,주부,대학교 졸업(전문대졸/대학원생 포함),경기도,2세대가족,기혼,맞벌이 하지 않음,500-600만원 미만,3,0.5395522388059701,0.4419391206313415,0.3579607415485278,0.6425073457394708,0.4328990228013031,0.1943769524470667,0.4304347826086956,트렌드 주도형 소비자,"자신의 취향과 경험을 중시하는 소비자 그룹입니다. 단순히 배를 채우는 것 이상의 가치를 추구하며, 새로운 제품을 가장 먼저 경험하고 공유하려는 경향이 강합니다"
1201,여자,40대,사무 종사자,대학교 졸업(전문대졸/대학원생 포함),경기도,2세대가족,기혼,맞벌이 함,700-800만원 미만,3,0.6388059701492538,0.5020668921458099,0.3634133042529991,0.7600391772771787,0.4469055374592837,0.2634501909059352,0.4565217391304347,트렌드 주도형 소비자,"자신의 취향과 경험을 중시하는 소비자 그룹입니다. 단순히 배를 채우는 것 이상의 가치를 추구하며, 새로운 제품을 가장 먼저 경험하고 공유하려는 경향이 강합니다"
1202,여자,50대,서비스 종사자,고졸(대학 재학 포함),경기도,2세대가족,기혼,맞벌이 함,500-600만원 미만,0,0.3499999999999998,0.5809845922585491,0.2898037077426391,0.740450538687561,0.2211726384364824,0.5001735508503989,0.5086956521739129,실속형 미식가,편리성을 중시하면서도 새로운 맛과 제품을 시도하는 데 적극적인 소비자 그룹입니다. 가격에 민감하기보다는 효율성과 맛을 동시에 추구합니다.
1203,여자,50대,서비스 종사자,고졸(대학 재학 포함),경상북도,1인 가구,미혼(사별/이혼 포함),맞벌이 하지 않음,300-400만원 미만,0,0.4417910447761192,0.4099962420142803,0.2633587786259542,0.7845249755142015,0.3947882736156352,0.4494967025338421,0.4926086956521739,실속형 미식가,편리성을 중시하면서도 새로운 맛과 제품을 시도하는 데 적극적인 소비자 그룹입니다. 가격에 민감하기보다는 효율성과 맛을 동시에 추구합니다.
1204,남자,60대 이상,사무 종사자,고졸(대학 재학 포함),대전광역시,1세대가족,기혼,맞벌이 함,500-600만원 미만,0,0.1529850746268658,0.6723036452461479,0.2617230098146126,0.7208619000979426,0.1035830618892509,0.6060395695938908,0.5739130434782607,실속형 미식가,편리성을 중시하면서도 새로운 맛과 제품을 시도하는 데 적극적인 소비자 그룹입니다. 가격에 민감하기보다는 효율성과 맛을 동시에 추구합니다.
1205,여자,60대 이상,주부,중졸 이하,세종특별자치시,1세대가족,기혼,맞벌이 하지 않음,400-500만원 미만,3,0.6470149253731344,0.5388951521984213,0.3675027262813524,0.9020568070519096,0.4599348534201955,0.7754251995834774,0.5695652173913043,트렌드 주도형 소비자,"자신의 취향과 경험을 중시하는 소비자 그룹입니다. 단순히 배를 채우는 것 이상의 가치를 추구하며, 새로운 제품을 가장 먼저 경험하고 공유하려는 경향이 강합니다"
1206,여자,50대,사무 종사자,대학교 졸업(전문대졸/대학원생 포함),대구광역시,1세대가족,기혼,맞벌이 함,600-700만원 미만,3,0.601492537313433,0.394964299135663,0.3107960741548527,0.9216454456415274,0.5338762214983712,0.4245053800763623,0.452173913043478,트렌드 주도형 소비자,"자신의 취향과 경험을 중시하는 소비자 그룹입니다. 단순히 배를 채우는 것 이상의 가치를 추구하며, 새로운 제품을 가장 먼저 경험하고 공유하려는 경향이 강합니다"
1207,여자,60대 이상,주부,고졸(대학 재학 포함),대구광역시,1세대가족,기혼,맞벌이 하지 않음,100-200만원 미만,0,0.5276119402985077,0.5283727921833896,0.1417666303162487,0.740450538687561,0.2042345276872966,0.9312738632419296,0.5999999999999999,실속형 미식가,편리성을 중시하면서도 새로운 맛과 제품을 시도하는 데 적극적인 소비자 그룹입니다. 가격에 민감하기보다는 효율성과 맛을 동시에 추구합니다.
1208,여자,30대,사무 종사자,대학교 졸업(전문대졸/대학원생 포함),경기도,1인 가구,미혼(사별/이혼 포함),맞벌이 하지 않음,300-400만원 미만,0,0.5097014925373136,0.4607290492296127,0.1499454743729554,0.740450538687561,0.3560260586319221,0.2808052759458518,0.5130434782608694,실속형 미식가,편리성을 중시하면서도 새로운 맛과 제품을 시도하는 데 적극적인 소비자 그룹입니다. 가격에 민감하기보다는 효율성과 맛을 동시에 추구합니다.
1209,여자,60대 이상,판매 종사자,고졸(대학 재학 포함),경기도,1세대가족,미혼(사별/이혼 포함),맞벌이 하지 않음,400-500만원 미만,0,0.1791044776119402,0.4156332205937615,0.2570883315158124,0.7012732615083248,0.1693811074918569,0.5255119750086773,0.5521739130434781,실속형 미식가,편리성을 중시하면서도 새로운 맛과 제품을 시도하는 데 적극적인 소비자 그룹입니다. 가격에 민감하기보다는 효율성과 맛을 동시에 추구합니다.
1210,여자,60대 이상,주부,고졸(대학 재학 포함),전라남도,1세대가족,기혼,맞벌이 하지 않음,200-300만원 미만,0,0.3805970149253733,0.3930853062758361,0.2589967284623775,0.7375122428991179,0.2703583061889251,0.2613675807011453,0.5347826086956521,실속형 미식가,편리성을 중시하면서도 새로운 맛과 제품을 시도하는 데 적극적인 소비자 그룹입니다. 가격에 민감하기보다는 효율성과 맛을 동시에 추구합니다.
1211,여자,50대,사무 종사자,대학교 졸업(전문대졸/대학원생 포함),대전광역시,2세대가족,기혼,맞벌이 함,700-800만원 미만,0,0.044776119402985,0.7425779782036827,0.0436205016357686,0.8579823702252692,0.0,0.4199930579659837,0.4273913043478261,실속형 미식가,편리성을 중시하면서도 새로운 맛과 제품을 시도하는 데 적극적인 소비자 그룹입니다. 가격에 민감하기보다는 효율성과 맛을 동시에 추구합니다.
1212,여자,60대 이상,주부,대학교 졸업(전문대졸/대학원생 포함),경기도,1세대가족,기혼,맞벌이 하지 않음,300-400만원 미만,0,0.4925373134328357,0.4907929349868469,0.3306979280261725,0.7012732615083248,0.3918566775244301,0.2266574106213117,0.3913043478260869,실속형 미식가,편리성을 중시하면서도 새로운 맛과 제품을 시도하는 데 적극적인 소비자 그룹입니다. 가격에 민감하기보다는 효율성과 맛을 동시에 추구합니다.
1213,남자,60대 이상,단순노무 종사자,고졸(대학 재학 포함),경상북도,1세대가족,기혼,맞벌이 하지 않음,400-500만원 미만,3,0.5395522388059701,0.421270199173243,0.3432388222464559,0.7453476983349653,0.4211726384364824,0.3766053453661921,0.2913043478260869,트렌드 주도형 소비자,"자신의 취향과 경험을 중시하는 소비자 그룹입니다. 단순히 배를 채우는 것 이상의 가치를 추구하며, 새로운 제품을 가장 먼저 경험하고 공유하려는 경향이 강합니다"
1214,여자,50대,판매 종사자,고졸(대학 재학 포함),세종특별자치시,1세대가족,기혼,맞벌이 함,600-700만원 미만,3,0.6253731343283582,0.6956031567080042,0.2584514721919305,0.8432908912830556,0.3543973941368081,0.6900381811870875,0.4217391304347824,트렌드 주도형 소비자,"자신의 취향과 경험을 중시하는 소비자 그룹입니다. 단순히 배를 채우는 것 이상의 가치를 추구하며, 새로운 제품을 가장 먼저 경험하고 공유하려는 경향이 강합니다"
1215,여자,40대,판매 종사자,대학교 졸업(전문대졸/대학원생 포함),경기도,1인 가구,미혼(사별/이혼 포함),맞벌이 하지 않음,300-400만원 미만,0,0.4425373134328358,0.5283727921833896,0.2906215921483094,0.740450538687561,0.2908794788273618,0.2867060048594236,0.4869565217391302,실속형 미식가,편리성을 중시하면서도 새로운 맛과 제품을 시도하는 데 적극적인 소비자 그룹입니다. 가격에 민감하기보다는 효율성과 맛을 동시에 추구합니다.
1216,여자,60대 이상,단순노무 종사자,고졸(대학 재학 포함),대전광역시,1세대가족,기혼,맞벌이 함,500-600만원 미만,0,0.2238805970149253,0.6279594137542276,0.3470556161395858,0.8041136141038193,0.1368078175895766,0.5008677542519956,0.5956521739130434,실속형 미식가,편리성을 중시하면서도 새로운 맛과 제품을 시도하는 데 적극적인 소비자 그룹입니다. 가격에 민감하기보다는 효율성과 맛을 동시에 추구합니다.
1217,여자,50대,주부,고졸(대학 재학 포함),대구광역시,2세대가족,기혼,맞벌이 하지 않음,100-200만원 미만,0,0.605223880597015,0.603532506576475,0.0648854961832064,0.7600391772771787,0.2527687296416941,0.8510933703575144,0.5173913043478258,실속형 미식가,편리성을 중시하면서도 새로운 맛과 제품을 시도하는 데 적극적인 소비자 그룹입니다. 가격에 민감하기보다는 효율성과 맛을 동시에 추구합니다.
1218,여자,40대,사무 종사자,대학교 졸업(전문대졸/대학원생 포함),대구광역시,2세대가족,기혼,맞벌이 함,500-600만원 미만,3,0.5223880597014928,0.3780533633972192,0.2862595419847327,0.8775710088148868,0.4928338762214988,0.4151336341548071,0.4999999999999998,트렌드 주도형 소비자,"자신의 취향과 경험을 중시하는 소비자 그룹입니다. 단순히 배를 채우는 것 이상의 가치를 추구하며, 새로운 제품을 가장 먼저 경험하고 공유하려는 경향이 강합니다"
1219,여자,50대,판매 종사자,고졸(대학 재학 포함),대구광역시,2세대가족,기혼,맞벌이 함,400-500만원 미만,1,0.4805970149253729,0.3649004133784291,0.4961832061068701,0.8432908912830556,0.5127035830618891,0.4831655675112803,0.1391304347826087,건강 추구형 소비자,가격이나 브랜드에 크게 구애받지 않고 건강을 최우선으로 고려하는 프리미엄 소비자 그룹입니다. 건강과 편리성을 모두 만족시키는 제품에 기꺼이 지갑을 엽니다.
1220,남자,60대 이상,기능원 및 관련 기능 종사자,고졸(대학 재학 포함),경상북도,2세대가족,기혼,맞벌이 함,500-600만원 미만,0,0.4119402985074627,0.5114618564449454,0.3882224645583426,0.8041136141038193,0.3003257328990228,0.4078444984380422,0.4652173913043476,실속형 미식가,편리성을 중시하면서도 새로운 맛과 제품을 시도하는 데 적극적인 소비자 그룹입니다. 가격에 민감하기보다는 효율성과 맛을 동시에 추구합니다.
1221,여자,60대 이상,서비스 종사자,고졸(대학 재학 포함),서울특별시,1세대가족,기혼,맞벌이 함,"1,000만원 이상",1,0.3283582089552239,0.6016535137166477,0.6736641221374042,0.8628795298726734,0.3876221498371337,0.2093023255813952,0.1043478260869564,건강 추구형 소비자,가격이나 브랜드에 크게 구애받지 않고 건강을 최우선으로 고려하는 프리미엄 소비자 그룹입니다. 건강과 편리성을 모두 만족시키는 제품에 기꺼이 지갑을 엽니다.
1222,여자,60대 이상,주부,중졸 이하,대구광역시,1인 가구,미혼(사별/이혼 포함),맞벌이 하지 않음,100만원 미만,3,0.6761194029850747,0.4945509207065011,0.2121046892039257,0.7796278158667972,0.2885993485342021,0.664352655328011,0.7013043478260867,트렌드 주도형 소비자,"자신의 취향과 경험을 중시하는 소비자 그룹입니다. 단순히 배를 채우는 것 이상의 가치를 추구하며, 새로운 제품을 가장 먼저 경험하고 공유하려는 경향이 강합니다"
1223,여자,60대 이상,주부,중졸 이하,대구광역시,1인 가구,미혼(사별/이혼 포함),맞벌이 하지 않음,100만원 미만,0,0.5059701492537315,0.5509207065013153,0.0763358778625953,0.7992164544564151,0.2078175895765472,0.711211384935786,0.5739130434782607,실속형 미식가,편리성을 중시하면서도 새로운 맛과 제품을 시도하는 데 적극적인 소비자 그룹입니다. 가격에 민감하기보다는 효율성과 맛을 동시에 추구합니다.
1224,남자,60대 이상,무직,중졸 이하,대구광역시,1인 가구,미혼(사별/이혼 포함),맞벌이 하지 않음,100만원 미만,0,0.5820895522388059,0.4757609921082299,0.04907306434024,0.7796278158667972,0.2638436482084694,0.6247830614370008,0.578260869565217,실속형 미식가,편리성을 중시하면서도 새로운 맛과 제품을 시도하는 데 적극적인 소비자 그룹입니다. 가격에 민감하기보다는 효율성과 맛을 동시에 추구합니다.
1225,여자,50대,장치·기계 조작 및 조립 종사자,고졸(대학 재학 포함),경상북도,1세대가족,기혼,맞벌이 함,500-600만원 미만,3,0.5962686567164179,0.5791055993987222,0.2175572519083971,0.7845249755142015,0.4241042345276875,0.4061089899340505,0.2826086956521738,트렌드 주도형 소비자,"자신의 취향과 경험을 중시하는 소비자 그룹입니다. 단순히 배를 채우는 것 이상의 가치를 추구하며, 새로운 제품을 가장 먼저 경험하고 공유하려는 경향이 강합니다"
1226,남자,30대,사무 종사자,대학교 졸업(전문대졸/대학원생 포함),경기도,1인 가구,미혼(사별/이혼 포함),맞벌이 하지 않음,300-400만원 미만,0,0.3134328358208955,0.5452837279218338,0.0793347873500548,0.941234084231146,0.1742671009771991,0.4581742450538005,0.6173913043478257,실속형 미식가,편리성을 중시하면서도 새로운 맛과 제품을 시도하는 데 적극적인 소비자 그룹입니다. 가격에 민감하기보다는 효율성과 맛을 동시에 추구합니다.
1227,남자,60대 이상,단순노무 종사자,중졸 이하,대구광역시,1세대가족,기혼,맞벌이 하지 않음,100-200만원 미만,0,0.5365671641791044,0.3742953776775646,0.1447655398037074,0.7796278158667972,0.2146579804560262,0.7959041999305793,0.6752173913043477,실속형 미식가,편리성을 중시하면서도 새로운 맛과 제품을 시도하는 데 적극적인 소비자 그룹입니다. 가격에 민감하기보다는 효율성과 맛을 동시에 추구합니다.
1228,여자,40대,사무 종사자,대학교 졸업(전문대졸/대학원생 포함),경기도,2세대가족,기혼,맞벌이 함,600-700만원 미만,0,0.3156716417910447,0.6824502066892146,0.2592693565976008,0.8775710088148868,0.1654723127035831,0.4769177368969105,0.5652173913043476,실속형 미식가,편리성을 중시하면서도 새로운 맛과 제품을 시도하는 데 적극적인 소비자 그룹입니다. 가격에 민감하기보다는 효율성과 맛을 동시에 추구합니다.
1229,여자,60대 이상,주부,중졸 이하,강원도,1세대가족,기혼,맞벌이 하지 않음,300-400만원 미만,1,0.3999999999999999,0.3761743705373919,0.8465103598691384,0.8237022526934379,0.4328990228013031,0.1423116973273166,0.2360869565217389,건강 추구형 소비자,가격이나 브랜드에 크게 구애받지 않고 건강을 최우선으로 고려하는 프리미엄 소비자 그룹입니다. 건강과 편리성을 모두 만족시키는 제품에 기꺼이 지갑을 엽니다.
1230,여자,30대,사무 종사자,대학교 졸업(전문대졸/대학원생 포함),부산광역시,1인 가구,미혼(사별/이혼 포함),맞벌이 하지 않음,300-400만원 미만,1,0.4559701492537313,0.5715896279594138,0.4282988004362049,0.9020568070519096,0.3954397394136811,0.2273516140229084,0.2565217391304346,건강 추구형 소비자,가격이나 브랜드에 크게 구애받지 않고 건강을 최우선으로 고려하는 프리미엄 소비자 그룹입니다. 건강과 편리성을 모두 만족시키는 제품에 기꺼이 지갑을 엽니다.
1231,여자,30대,사무 종사자,대학원 졸업 이상,부산광역시,1세대가족,기혼,맞벌이 함,500-600만원 미만,3,0.5149253731343285,0.5077038707252911,0.4577426390403485,0.9216454456415274,0.4980456026058633,0.2429711905588335,0.3752173913043476,트렌드 주도형 소비자,"자신의 취향과 경험을 중시하는 소비자 그룹입니다. 단순히 배를 채우는 것 이상의 가치를 추구하며, 새로운 제품을 가장 먼저 경험하고 공유하려는 경향이 강합니다"
1232,여자,60대 이상,주부,대학교 졸업(전문대졸/대학원생 포함),경기도,1세대가족,기혼,맞벌이 하지 않음,400-500만원 미만,0,0.2261194029850746,0.617812852311161,0.0286259541984733,0.8237022526934379,0.0856677524429969,0.3752169385629987,0.5565217391304347,실속형 미식가,편리성을 중시하면서도 새로운 맛과 제품을 시도하는 데 적극적인 소비자 그룹입니다. 가격에 민감하기보다는 효율성과 맛을 동시에 추구합니다.
1233,여자,60대 이상,주부,고졸(대학 재학 포함),부산광역시,1세대가족,기혼,맞벌이 하지 않음,200-300만원 미만,3,0.4559701492537313,0.4926719278466742,0.3255179934569246,0.8432908912830556,0.4697068403908797,0.3474488024991319,0.4043478260869565,트렌드 주도형 소비자,"자신의 취향과 경험을 중시하는 소비자 그룹입니다. 단순히 배를 채우는 것 이상의 가치를 추구하며, 새로운 제품을 가장 먼저 경험하고 공유하려는 경향이 강합니다"
1234,여자,50대,주부,대학교 졸업(전문대졸/대학원생 포함),서울특별시,1인 가구,기혼,맞벌이 하지 않음,"900-1,000만원 미만",1,0.3619402985074627,0.534009770762871,0.7617230098146128,0.8432908912830556,0.4446254071661238,0.1995834779590418,0.0869565217391304,건강 추구형 소비자,가격이나 브랜드에 크게 구애받지 않고 건강을 최우선으로 고려하는 프리미엄 소비자 그룹입니다. 건강과 편리성을 모두 만족시키는 제품에 기꺼이 지갑을 엽니다.
1235,여자,60대 이상,판매 종사자,고졸(대학 재학 포함),강원도,2세대가족,기혼,맞벌이 함,700-800만원 미만,1,0.5059701492537315,0.3611424276587749,0.8176117775354415,0.7845249755142015,0.3250814332247558,0.1423116973273166,0.1260869565217391,건강 추구형 소비자,가격이나 브랜드에 크게 구애받지 않고 건강을 최우선으로 고려하는 프리미엄 소비자 그룹입니다. 건강과 편리성을 모두 만족시키는 제품에 기꺼이 지갑을 엽니다.
1236,여자,50대,판매 종사자,대학교 졸업(전문대졸/대학원생 포함),서울특별시,2세대가족,기혼,맞벌이 함,"1,000만원 이상",1,0.2611940298507462,0.6403607666290868,0.6526717557251906,0.8824681684622918,0.2850162866449515,0.2440124956612287,0.1521739130434783,건강 추구형 소비자,가격이나 브랜드에 크게 구애받지 않고 건강을 최우선으로 고려하는 프리미엄 소비자 그룹입니다. 건강과 편리성을 모두 만족시키는 제품에 기꺼이 지갑을 엽니다.
1237,여자,60대 이상,판매 종사자,대학교 졸업(전문대졸/대학원생 포함),서울특별시,1세대가족,기혼,맞벌이 함,"1,000만원 이상",1,0.2611940298507462,0.5678316422397591,0.7172846237731729,0.8628795298726734,0.3583061889250815,0.2395001735508502,0.160869565217391,건강 추구형 소비자,가격이나 브랜드에 크게 구애받지 않고 건강을 최우선으로 고려하는 프리미엄 소비자 그룹입니다. 건강과 편리성을 모두 만족시키는 제품에 기꺼이 지갑을 엽니다.
1238,여자,50대,주부,고졸(대학 재학 포함),세종특별자치시,1세대가족,기혼,맞벌이 하지 않음,400-500만원 미만,3,0.6350746268656716,0.8121007140172866,0.2625408942202838,0.8628795298726734,0.3749185667752444,0.5182228392919125,0.4273913043478261,트렌드 주도형 소비자,"자신의 취향과 경험을 중시하는 소비자 그룹입니다. 단순히 배를 채우는 것 이상의 가치를 추구하며, 새로운 제품을 가장 먼저 경험하고 공유하려는 경향이 강합니다"
1239,여자,40대,사무 종사자,대학교 졸업(전문대졸/대학원생 포함),서울특별시,1인 가구,미혼(사별/이혼 포함),맞벌이 하지 않음,400-500만원 미만,1,0.2276119402985074,0.5877489665539268,0.7377317339149403,0.8824681684622918,0.3583061889250815,0.2204095800069418,0.1491304347826084,건강 추구형 소비자,가격이나 브랜드에 크게 구애받지 않고 건강을 최우선으로 고려하는 프리미엄 소비자 그룹입니다. 건강과 편리성을 모두 만족시키는 제품에 기꺼이 지갑을 엽니다.
1240,여자,40대,사무 종사자,대학교 졸업(전문대졸/대학원생 포함),세종특별자치시,2세대가족,기혼,맞벌이 함,400-500만원 미만,3,0.5917910447761194,0.6843291995490415,0.082606324972737,0.8824681684622918,0.3039087947882737,0.3634154807358555,0.3882608695652174,트렌드 주도형 소비자,"자신의 취향과 경험을 중시하는 소비자 그룹입니다. 단순히 배를 채우는 것 이상의 가치를 추구하며, 새로운 제품을 가장 먼저 경험하고 공유하려는 경향이 강합니다"
1241,여자,30대,사무 종사자,대학교 졸업(전문대졸/대학원생 포함),서울특별시,1인 가구,미혼(사별/이혼 포함),맞벌이 하지 않음,300-400만원 미만,1,0.2276119402985074,0.5877489665539268,0.6804798255179936,0.8824681684622918,0.3729641693811079,0.2162443595973618,0.1391304347826087,건강 추구형 소비자,가격이나 브랜드에 크게 구애받지 않고 건강을 최우선으로 고려하는 프리미엄 소비자 그룹입니다. 건강과 편리성을 모두 만족시키는 제품에 기꺼이 지갑을 엽니다.
1242,여자,40대,사무 종사자,대학교 졸업(전문대졸/대학원생 포함),서울특별시,1인 가구,미혼(사별/이혼 포함),맞벌이 하지 않음,400-500만원 미만,1,0.2276119402985074,0.6046599022923714,0.6540348964013087,0.8383937316356512,0.3273615635179157,0.2283929191253036,0.1695652173913041,건강 추구형 소비자,가격이나 브랜드에 크게 구애받지 않고 건강을 최우선으로 고려하는 프리미엄 소비자 그룹입니다. 건강과 편리성을 모두 만족시키는 제품에 기꺼이 지갑을 엽니다.
1243,여자,30대,주부,대학교 졸업(전문대졸/대학원생 포함),서울특별시,1세대가족,기혼,맞벌이 하지 않음,300-400만원 미만,1,0.3283582089552239,0.5640736565201049,0.716739367502726,0.8824681684622918,0.4211726384364824,0.2526900381811868,0.0869565217391304,건강 추구형 소비자,가격이나 브랜드에 크게 구애받지 않고 건강을 최우선으로 고려하는 프리미엄 소비자 그룹입니다. 건강과 편리성을 모두 만족시키는 제품에 기꺼이 지갑을 엽니다.
1244,여자,60대 이상,주부,대학교 졸업(전문대졸/대학원생 포함),서울특별시,1세대가족,기혼,맞벌이 하지 않음,700-800만원 미만,1,0.3365671641791046,0.534009770762871,0.7260087241003272,0.8237022526934379,0.4622149837133554,0.2533842415827835,0.1143478260869565,건강 추구형 소비자,가격이나 브랜드에 크게 구애받지 않고 건강을 최우선으로 고려하는 프리미엄 소비자 그룹입니다. 건강과 편리성을 모두 만족시키는 제품에 기꺼이 지갑을 엽니다.
1245,여자,40대,주부,대학교 졸업(전문대졸/대학원생 포함),서울특별시,2세대가족,기혼,맞벌이 하지 않음,700-800만원 미만,1,0.4626865671641791,0.5565576850807965,0.7666303162486363,0.9020568070519096,0.5091205211726386,0.2273516140229084,0.1578260869565216,건강 추구형 소비자,가격이나 브랜드에 크게 구애받지 않고 건강을 최우선으로 고려하는 프리미엄 소비자 그룹입니다. 건강과 편리성을 모두 만족시키는 제품에 기꺼이 지갑을 엽니다.
1246,여자,60대 이상,주부,고졸(대학 재학 포함),부산광역시,1세대가족,기혼,맞벌이 하지 않음,400-500만원 미만,3,0.5246268656716416,0.3235625704622322,0.3901308615049069,0.6865817825661112,0.4211726384364824,0.3776466504685872,0.6217391304347826,트렌드 주도형 소비자,"자신의 취향과 경험을 중시하는 소비자 그룹입니다. 단순히 배를 채우는 것 이상의 가치를 추구하며, 새로운 제품을 가장 먼저 경험하고 공유하려는 경향이 강합니다"
1247,여자,60대 이상,주부,고졸(대학 재학 포함),부산광역시,1세대가족,기혼,맞벌이 하지 않음,200-300만원 미만,3,0.519402985074627,0.3310785419015407,0.4691930207197382,0.6865817825661112,0.4286644951140067,0.3984727525164871,0.5347826086956521,트렌드 주도형 소비자,"자신의 취향과 경험을 중시하는 소비자 그룹입니다. 단순히 배를 채우는 것 이상의 가치를 추구하며, 새로운 제품을 가장 먼저 경험하고 공유하려는 경향이 강합니다"
1248,여자,60대 이상,주부,고졸(대학 재학 포함),부산광역시,1세대가족,기혼,맞벌이 하지 않음,200-300만원 미만,1,0.3955223880597014,0.3085306275836149,0.5659760087241004,0.6865817825661112,0.5700325732899025,0.3477959041999303,0.2826086956521738,건강 추구형 소비자,가격이나 브랜드에 크게 구애받지 않고 건강을 최우선으로 고려하는 프리미엄 소비자 그룹입니다. 건강과 편리성을 모두 만족시키는 제품에 기꺼이 지갑을 엽니다.
1249,여자,30대,주부,대학교 졸업(전문대졸/대학원생 포함),부산광역시,1세대가족,기혼,맞벌이 하지 않음,300-400만원 미만,3,0.5828358208955224,0.8647125140924462,0.3088876772082877,0.8628795298726734,0.2912052117263848,0.387018396390142,0.4230434782608693,트렌드 주도형 소비자,"자신의 취향과 경험을 중시하는 소비자 그룹입니다. 단순히 배를 채우는 것 이상의 가치를 추구하며, 새로운 제품을 가장 먼저 경험하고 공유하려는 경향이 강합니다"
1250,여자,60대 이상,판매 종사자,고졸(대학 재학 포함),부산광역시,1세대가족,기혼,맞벌이 함,400-500만원 미만,3,0.7910447761194032,0.8985343855693346,0.3015267175572522,0.8628795298726734,0.3908794788273619,0.3557792433182922,0.4013043478260869,트렌드 주도형 소비자,"자신의 취향과 경험을 중시하는 소비자 그룹입니다. 단순히 배를 채우는 것 이상의 가치를 추구하며, 새로운 제품을 가장 먼저 경험하고 공유하려는 경향이 강합니다"
1251,여자,30대,주부,대학교 졸업(전문대졸/대학원생 포함),부산광역시,1세대가족,기혼,맞벌이 하지 않음,300-400만원 미만,3,0.7656716417910449,0.644118752348741,0.3197928026172298,0.8432908912830556,0.3439739413680785,0.3627212773342588,0.7230434782608695,트렌드 주도형 소비자,"자신의 취향과 경험을 중시하는 소비자 그룹입니다. 단순히 배를 채우는 것 이상의 가치를 추구하며, 새로운 제품을 가장 먼저 경험하고 공유하려는 경향이 강합니다"
1252,여자,40대,판매 종사자,대학교 졸업(전문대졸/대학원생 포함),부산광역시,2세대가족,기혼,맞벌이 함,500-600만원 미만,3,0.617910447761194,0.830890642615558,0.2898037077426391,0.8628795298726734,0.3022801302931597,0.3557792433182922,0.4795652173913043,트렌드 주도형 소비자,"자신의 취향과 경험을 중시하는 소비자 그룹입니다. 단순히 배를 채우는 것 이상의 가치를 추구하며, 새로운 제품을 가장 먼저 경험하고 공유하려는 경향이 강합니다"
1253,여자,40대,사무 종사자,대학교 졸업(전문대졸/대학원생 포함),경상남도,1세대가족,기혼,맞벌이 함,600-700만원 미만,1,0.5447761194029851,0.3761743705373919,0.6810250817884405,0.7845249755142015,0.5830618892508144,0.309961818812912,0.1130434782608695,건강 추구형 소비자,가격이나 브랜드에 크게 구애받지 않고 건강을 최우선으로 고려하는 프리미엄 소비자 그룹입니다. 건강과 편리성을 모두 만족시키는 제품에 기꺼이 지갑을 엽니다.
1254,여자,60대 이상,주부,고졸(대학 재학 포함),경상남도,1세대가족,기혼,맞벌이 하지 않음,200-300만원 미만,1,0.1365671641791045,0.5715896279594138,0.5673391494002182,0.7845249755142015,0.2429967426710098,0.2926067337729955,0.160869565217391,건강 추구형 소비자,가격이나 브랜드에 크게 구애받지 않고 건강을 최우선으로 고려하는 프리미엄 소비자 그룹입니다. 건강과 편리성을 모두 만족시키는 제품에 기꺼이 지갑을 엽니다.
1255,여자,40대,사무 종사자,대학교 졸업(전문대졸/대학원생 포함),경상남도,2세대가족,기혼,맞벌이 함,600-700만원 미만,1,0.5746268656716418,0.3912063134160088,0.7355507088331512,0.8041136141038193,0.6915309446254074,0.283929191253037,0.1478260869565215,건강 추구형 소비자,가격이나 브랜드에 크게 구애받지 않고 건강을 최우선으로 고려하는 프리미엄 소비자 그룹입니다. 건강과 편리성을 모두 만족시키는 제품에 기꺼이 지갑을 엽니다.
1256,여자,60대 이상,주부,고졸(대학 재학 포함),경상남도,1세대가족,기혼,맞벌이 하지 않음,200-300만원 미만,1,0.5597014925373136,0.4137542277339346,0.6973827699018538,0.8824681684622918,0.700325732899023,0.3353002429711905,0.1565217391304346,건강 추구형 소비자,가격이나 브랜드에 크게 구애받지 않고 건강을 최우선으로 고려하는 프리미엄 소비자 그룹입니다. 건강과 편리성을 모두 만족시키는 제품에 기꺼이 지갑을 엽니다.
1257,여자,30대,주부,대학교 졸업(전문대졸/대학원생 포함),경상남도,2세대가족,기혼,맞벌이 하지 않음,300-400만원 미만,3,0.7940298507462689,0.94738819992484,0.1862050163576877,0.8628795298726734,0.3791530944625406,0.4227698715723706,0.2665217391304347,트렌드 주도형 소비자,"자신의 취향과 경험을 중시하는 소비자 그룹입니다. 단순히 배를 채우는 것 이상의 가치를 추구하며, 새로운 제품을 가장 먼저 경험하고 공유하려는 경향이 강합니다"
1258,여자,60대 이상,서비스 종사자,고졸(대학 재학 포함),경상남도,1인 가구,미혼(사별/이혼 포함),맞벌이 하지 않음,100-200만원 미만,1,0.1194029850746271,0.4738819992484026,0.5763358778625953,0.7257590597453475,0.3257328990228016,0.2856646997570284,0.1173913043478259,건강 추구형 소비자,가격이나 브랜드에 크게 구애받지 않고 건강을 최우선으로 고려하는 프리미엄 소비자 그룹입니다. 건강과 편리성을 모두 만족시키는 제품에 기꺼이 지갑을 엽니다.
1259,남자,60대 이상,무직,고졸(대학 재학 포함),경상남도,1세대가족,기혼,맞벌이 하지 않음,100-200만원 미만,1,0.5111940298507464,0.3987222848553172,0.7273718647764444,0.8824681684622918,0.7061889250814334,0.2683096147171119,0.1304347826086955,건강 추구형 소비자,가격이나 브랜드에 크게 구애받지 않고 건강을 최우선으로 고려하는 프리미엄 소비자 그룹입니다. 건강과 편리성을 모두 만족시키는 제품에 기꺼이 지갑을 엽니다.
1260,남자,30대,사무 종사자,대학교 졸업(전문대졸/대학원생 포함),경상남도,1인 가구,미혼(사별/이혼 포함),맞벌이 하지 않음,200-300만원 미만,1,0.4238805970149255,0.4062382562946261,0.7137404580152673,0.8628795298726734,0.6475570032573293,0.3134328358208954,0.160869565217391,건강 추구형 소비자,가격이나 브랜드에 크게 구애받지 않고 건강을 최우선으로 고려하는 프리미엄 소비자 그룹입니다. 건강과 편리성을 모두 만족시키는 제품에 기꺼이 지갑을 엽니다.
1261,여자,40대,사무 종사자,대학교 졸업(전문대졸/대학원생 포함),대전광역시,2세대가족,기혼,맞벌이 함,600-700만원 미만,3,0.6402985074626867,0.6354753851935362,0.4220283533260632,0.8628795298726734,0.601954397394137,0.4012495661228739,0.3782608695652173,트렌드 주도형 소비자,"자신의 취향과 경험을 중시하는 소비자 그룹입니다. 단순히 배를 채우는 것 이상의 가치를 추구하며, 새로운 제품을 가장 먼저 경험하고 공유하려는 경향이 강합니다"
1262,여자,60대 이상,단순노무 종사자,중졸 이하,강원도,1인 가구,미혼(사별/이혼 포함),맞벌이 하지 않음,200-300만원 미만,3,0.748507462686567,0.4663660278090942,0.525081788440567,0.941234084231146,0.6912052117263846,0.459909753557792,0.608695652173913,트렌드 주도형 소비자,"자신의 취향과 경험을 중시하는 소비자 그룹입니다. 단순히 배를 채우는 것 이상의 가치를 추구하며, 새로운 제품을 가장 먼저 경험하고 공유하려는 경향이 강합니다"
1263,여자,60대 이상,서비스 종사자,고졸(대학 재학 포함),부산광역시,1세대가족,기혼,맞벌이 함,400-500만원 미만,0,0.1888059701492538,0.5659526493799322,0.4315703380588879,0.8579823702252692,0.1801302931596094,0.5938910100659491,0.5478260869565217,실속형 미식가,편리성을 중시하면서도 새로운 맛과 제품을 시도하는 데 적극적인 소비자 그룹입니다. 가격에 민감하기보다는 효율성과 맛을 동시에 추구합니다.
1264,여자,50대,판매 종사자,고졸(대학 재학 포함),부산광역시,1인 가구,미혼(사별/이혼 포함),맞벌이 하지 않음,200-300만원 미만,0,0.0895522388059701,0.5745960165351373,0.5204471101417667,0.8383937316356512,0.1302931596091209,0.5234293648038874,0.4608695652173912,실속형 미식가,편리성을 중시하면서도 새로운 맛과 제품을 시도하는 데 적극적인 소비자 그룹입니다. 가격에 민감하기보다는 효율성과 맛을 동시에 추구합니다.
1265,여자,30대,사무 종사자,대학교 졸업(전문대졸/대학원생 포함),서울특별시,2세대가족,기혼,맞벌이 함,500-600만원 미만,1,0.2611940298507462,0.7594889139421269,0.54907306434024,0.941234084231146,0.40814332247557,0.2186740715029503,0.2478260869565215,건강 추구형 소비자,가격이나 브랜드에 크게 구애받지 않고 건강을 최우선으로 고려하는 프리미엄 소비자 그룹입니다. 건강과 편리성을 모두 만족시키는 제품에 기꺼이 지갑을 엽니다.
1266,여자,60대 이상,주부,중졸 이하,경상남도,2세대가족,기혼,맞벌이 하지 않음,200-300만원 미만,3,0.551492537313433,0.5941375422773392,0.3552344601962925,0.8432908912830556,0.4557003257328991,0.442901770218674,0.3217391304347824,트렌드 주도형 소비자,"자신의 취향과 경험을 중시하는 소비자 그룹입니다. 단순히 배를 채우는 것 이상의 가치를 추구하며, 새로운 제품을 가장 먼저 경험하고 공유하려는 경향이 강합니다"
1267,여자,60대 이상,서비스 종사자,고졸(대학 재학 포함),세종특별자치시,1세대가족,기혼,맞벌이 함,400-500만원 미만,3,0.6574626865671643,0.6993611424276588,0.2284623773173391,0.7845249755142015,0.3162866449511403,0.5508503991669557,0.3565217391304347,트렌드 주도형 소비자,"자신의 취향과 경험을 중시하는 소비자 그룹입니다. 단순히 배를 채우는 것 이상의 가치를 추구하며, 새로운 제품을 가장 먼저 경험하고 공유하려는 경향이 강합니다"
1268,남자,50대,판매 종사자,고졸(대학 재학 포함),부산광역시,1인 가구,미혼(사별/이혼 포함),맞벌이 하지 않음,200-300만원 미만,0,0.1417910447761194,0.5734686208192408,0.4860959651035985,0.8579823702252692,0.2094462540716612,0.5518917042693509,0.4882608695652172,실속형 미식가,편리성을 중시하면서도 새로운 맛과 제품을 시도하는 데 적극적인 소비자 그룹입니다. 가격에 민감하기보다는 효율성과 맛을 동시에 추구합니다.
1269,남자,50대,서비스 종사자,대학교 졸업(전문대졸/대학원생 포함),세종특별자치시,1세대가족,기혼,맞벌이 함,500-600만원 미만,3,0.5813432835820895,0.5302517850432169,0.3219738276990182,0.7649363369245838,0.2863192182410427,0.4432488719194721,0.578260869565217,트렌드 주도형 소비자,"자신의 취향과 경험을 중시하는 소비자 그룹입니다. 단순히 배를 채우는 것 이상의 가치를 추구하며, 새로운 제품을 가장 먼저 경험하고 공유하려는 경향이 강합니다"
1270,여자,60대 이상,서비스 종사자,고졸(대학 재학 포함),세종특별자치시,1세대가족,기혼,맞벌이 함,400-500만원 미만,3,0.6089552238805969,0.609169485155956,0.1597600872410035,0.8237022526934379,0.3114006514657981,0.3984727525164871,0.417391304347826,트렌드 주도형 소비자,"자신의 취향과 경험을 중시하는 소비자 그룹입니다. 단순히 배를 채우는 것 이상의 가치를 추구하며, 새로운 제품을 가장 먼저 경험하고 공유하려는 경향이 강합니다"
1271,남자,40대,사무 종사자,대학교 졸업(전문대졸/대학원생 포함),경기도,2세대가족,기혼,맞벌이 함,600-700만원 미만,3,0.5611940298507465,0.6411123637730176,0.2475463467829877,0.8579823702252692,0.2986970684039087,0.3356473446719886,0.3913043478260869,트렌드 주도형 소비자,"자신의 취향과 경험을 중시하는 소비자 그룹입니다. 단순히 배를 채우는 것 이상의 가치를 추구하며, 새로운 제품을 가장 먼저 경험하고 공유하려는 경향이 강합니다"
1272,여자,40대,서비스 종사자,대학교 졸업(전문대졸/대학원생 포함),서울특별시,2세대가족,기혼,맞벌이 함,500-600만원 미만,1,0.2335820895522388,0.6880871852686957,0.632224645583424,0.8824681684622918,0.4371335504885993,0.2464422075668168,0.327391304347826,건강 추구형 소비자,가격이나 브랜드에 크게 구애받지 않고 건강을 최우선으로 고려하는 프리미엄 소비자 그룹입니다. 건강과 편리성을 모두 만족시키는 제품에 기꺼이 지갑을 엽니다.
1273,여자,60대 이상,주부,고졸(대학 재학 포함),경기도,1인 가구,미혼(사별/이혼 포함),맞벌이 하지 않음,200-300만원 미만,1,0.074626865671642,0.4738819992484026,0.6763904034896404,0.8628795298726734,0.3469055374592836,0.4612981603609858,0.317391304347826,건강 추구형 소비자,가격이나 브랜드에 크게 구애받지 않고 건강을 최우선으로 고려하는 프리미엄 소비자 그룹입니다. 건강과 편리성을 모두 만족시키는 제품에 기꺼이 지갑을 엽니다.
1274,여자,60대 이상,농림어업 숙련 종사자,고졸(대학 재학 포함),충청남도,1세대가족,기혼,맞벌이 함,300-400만원 미만,3,0.6335820895522388,0.5791055993987222,0.0681570338058886,0.7845249755142015,0.374267100977199,0.6483859770912873,0.3260869565217388,트렌드 주도형 소비자,"자신의 취향과 경험을 중시하는 소비자 그룹입니다. 단순히 배를 채우는 것 이상의 가치를 추구하며, 새로운 제품을 가장 먼저 경험하고 공유하려는 경향이 강합니다"
1275,여자,60대 이상,주부,대학교 졸업(전문대졸/대학원생 포함),충청남도,1세대가족,기혼,맞벌이 하지 않음,200-300만원 미만,3,0.8432835820895525,0.6880871852686957,0.3361504907306431,0.7845249755142015,0.4657980456026058,0.5203054494967024,0.4695652173913042,트렌드 주도형 소비자,"자신의 취향과 경험을 중시하는 소비자 그룹입니다. 단순히 배를 채우는 것 이상의 가치를 추구하며, 새로운 제품을 가장 먼저 경험하고 공유하려는 경향이 강합니다"
1276,여자,40대,사무 종사자,대학교 졸업(전문대졸/대학원생 포함),대전광역시,2세대가족,기혼,맞벌이 함,500-600만원 미만,3,0.6253731343283582,0.6993611424276588,0.4847328244274811,0.941234084231146,0.5638436482084693,0.4192988545643871,0.3695652173913043,트렌드 주도형 소비자,"자신의 취향과 경험을 중시하는 소비자 그룹입니다. 단순히 배를 채우는 것 이상의 가치를 추구하며, 새로운 제품을 가장 먼저 경험하고 공유하려는 경향이 강합니다"
1277,여자,60대 이상,단순노무 종사자,대학교 졸업(전문대졸/대학원생 포함),대전광역시,2세대가족,기혼,맞벌이 함,700-800만원 미만,0,0.3753731343283583,0.4325441563322056,0.5676117775354417,0.8432908912830556,0.3039087947882737,0.3047552933009368,0.5695652173913043,실속형 미식가,편리성을 중시하면서도 새로운 맛과 제품을 시도하는 데 적극적인 소비자 그룹입니다. 가격에 민감하기보다는 효율성과 맛을 동시에 추구합니다.
1278,여자,30대,사무 종사자,대학교 졸업(전문대졸/대학원생 포함),강원도,1세대가족,기혼,맞벌이 함,500-600만원 미만,3,0.7656716417910449,0.6692972566704246,0.4642857142857146,0.9804113614103814,0.718241042345277,0.4012495661228739,0.5652173913043476,트렌드 주도형 소비자,"자신의 취향과 경험을 중시하는 소비자 그룹입니다. 단순히 배를 채우는 것 이상의 가치를 추구하며, 새로운 제품을 가장 먼저 경험하고 공유하려는 경향이 강합니다"
1279,여자,60대 이상,서비스 종사자,고졸(대학 재학 포함),경기도,1세대가족,기혼,맞벌이 함,500-600만원 미만,3,0.4902985074626865,0.5678316422397591,0.4302071973827698,0.9020568070519096,0.3322475570032573,0.3832002776813606,0.6478260869565217,트렌드 주도형 소비자,"자신의 취향과 경험을 중시하는 소비자 그룹입니다. 단순히 배를 채우는 것 이상의 가치를 추구하며, 새로운 제품을 가장 먼저 경험하고 공유하려는 경향이 강합니다"
1280,여자,60대 이상,판매 종사자,고졸(대학 재학 포함),대전광역시,2세대가족,기혼,맞벌이 함,600-700만원 미만,3,0.5141791044776122,0.4637354378053364,0.5079062159214833,0.8432908912830556,0.3433224755700326,0.2735161402290871,0.5839130434782608,트렌드 주도형 소비자,"자신의 취향과 경험을 중시하는 소비자 그룹입니다. 단순히 배를 채우는 것 이상의 가치를 추구하며, 새로운 제품을 가장 먼저 경험하고 공유하려는 경향이 강합니다"
1281,여자,30대,사무 종사자,대학교 졸업(전문대졸/대학원생 포함),경기도,1세대가족,기혼,맞벌이 함,600-700만원 미만,1,0.196268656716418,0.4475760992108231,0.7584514721919304,0.9020568070519096,0.4501628664495117,0.3509198195071151,0.5086956521739129,건강 추구형 소비자,가격이나 브랜드에 크게 구애받지 않고 건강을 최우선으로 고려하는 프리미엄 소비자 그룹입니다. 건강과 편리성을 모두 만족시키는 제품에 기꺼이 지갑을 엽니다.
1282,남자,60대 이상,농림어업 숙련 종사자,고졸(대학 재학 포함),충청남도,1세대가족,기혼,맞벌이 하지 않음,100만원 미만,0,0.2186567164179104,0.5772266065388949,0.4574700109051251,0.7375122428991179,0.2006514657980457,0.3071850052065255,0.3565217391304347,실속형 미식가,편리성을 중시하면서도 새로운 맛과 제품을 시도하는 데 적극적인 소비자 그룹입니다. 가격에 민감하기보다는 효율성과 맛을 동시에 추구합니다.
1283,여자,60대 이상,판매 종사자,대학교 졸업(전문대졸/대학원생 포함),대전광역시,1인 가구,미혼(사별/이혼 포함),맞벌이 하지 않음,300-400만원 미만,3,0.4873134328358208,0.5527996993611421,0.464558342420938,0.8041136141038193,0.390228013029316,0.26657410621312,0.3782608695652173,트렌드 주도형 소비자,"자신의 취향과 경험을 중시하는 소비자 그룹입니다. 단순히 배를 채우는 것 이상의 가치를 추구하며, 새로운 제품을 가장 먼저 경험하고 공유하려는 경향이 강합니다"
1284,여자,50대,서비스 종사자,고졸(대학 재학 포함),충청북도,1세대가족,기혼,맞벌이 함,500-600만원 미만,3,0.4820895522388058,0.6467493423524988,0.4773718647764448,0.8432908912830556,0.4517915309446253,0.2492190211732035,0.3913043478260869,트렌드 주도형 소비자,"자신의 취향과 경험을 중시하는 소비자 그룹입니다. 단순히 배를 채우는 것 이상의 가치를 추구하며, 새로운 제품을 가장 먼저 경험하고 공유하려는 경향이 강합니다"
1285,남자,60대 이상,기능원 및 관련 기능 종사자,고졸(대학 재학 포함),경기도,1인 가구,미혼(사별/이혼 포함),맞벌이 하지 않음,300-400만원 미만,1,0.1835820895522388,0.46260804208944,0.6635768811341325,0.9216454456415274,0.286970684039088,0.417216244359597,0.3869565217391302,건강 추구형 소비자,가격이나 브랜드에 크게 구애받지 않고 건강을 최우선으로 고려하는 프리미엄 소비자 그룹입니다. 건강과 편리성을 모두 만족시키는 제품에 기꺼이 지갑을 엽니다.
1286,남자,60대 이상,농림어업 숙련 종사자,고졸(대학 재학 포함),충청남도,1세대가족,기혼,맞벌이 함,100-200만원 미만,0,0.1664179104477611,0.5170988350244269,0.3865866957470011,0.7992164544564151,0.2804560260586323,0.3339118361679971,0.3130434782608693,실속형 미식가,편리성을 중시하면서도 새로운 맛과 제품을 시도하는 데 적극적인 소비자 그룹입니다. 가격에 민감하기보다는 효율성과 맛을 동시에 추구합니다.
1287,여자,40대,주부,대학교 졸업(전문대졸/대학원생 포함),경기도,2세대가족,기혼,맞벌이 하지 않음,300-400만원 미만,1,0.4686567164179105,0.5114618564449454,0.5354416575790619,0.6865817825661112,0.5143322475570031,0.3221103783408539,0.2826086956521738,건강 추구형 소비자,가격이나 브랜드에 크게 구애받지 않고 건강을 최우선으로 고려하는 프리미엄 소비자 그룹입니다. 건강과 편리성을 모두 만족시키는 제품에 기꺼이 지갑을 엽니다.
1288,여자,50대,주부,고졸(대학 재학 포함),대구광역시,1세대가족,기혼,맞벌이 하지 않음,500-600만원 미만,0,0.3544776119402984,0.7106350995866215,0.2486368593238823,0.8628795298726734,0.2208469055374595,0.5171815341895173,0.4695652173913042,실속형 미식가,편리성을 중시하면서도 새로운 맛과 제품을 시도하는 데 적극적인 소비자 그룹입니다. 가격에 민감하기보다는 효율성과 맛을 동시에 추구합니다.
1289,여자,40대,서비스 종사자,고졸(대학 재학 포함),충청북도,2세대가족,기혼,맞벌이 함,500-600만원 미만,0,0.4029850746268655,0.6016535137166477,0.3983097055616135,0.8432908912830556,0.2377850162866452,0.3064908018049287,0.6565217391304344,실속형 미식가,편리성을 중시하면서도 새로운 맛과 제품을 시도하는 데 적극적인 소비자 그룹입니다. 가격에 민감하기보다는 효율성과 맛을 동시에 추구합니다.
1290,여자,30대,사무 종사자,대학교 졸업(전문대졸/대학원생 포함),경기도,1세대가족,기혼,맞벌이 함,600-700만원 미만,1,0.1813432835820895,0.4475760992108231,0.7617230098146128,0.9020568070519096,0.4214983713355053,0.3665393960430403,0.4695652173913042,건강 추구형 소비자,가격이나 브랜드에 크게 구애받지 않고 건강을 최우선으로 고려하는 프리미엄 소비자 그룹입니다. 건강과 편리성을 모두 만족시키는 제품에 기꺼이 지갑을 엽니다.
1291,여자,40대,주부,대학교 졸업(전문대졸/대학원생 포함),경상북도,2세대가족,기혼,맞벌이 하지 않음,500-600만원 미만,1,0.444776119402985,0.394964299135663,0.5460741548527805,0.7649363369245838,0.5843648208469056,0.3523082263103089,0.4391304347826084,건강 추구형 소비자,가격이나 브랜드에 크게 구애받지 않고 건강을 최우선으로 고려하는 프리미엄 소비자 그룹입니다. 건강과 편리성을 모두 만족시키는 제품에 기꺼이 지갑을 엽니다.
1292,여자,40대,농림어업 숙련 종사자,고졸(대학 재학 포함),충청남도,2세대가족,기혼,맞벌이 함,300-400만원 미만,3,0.6604477611940297,0.5001878992859826,0.3375136314067612,0.8824681684622918,0.4820846905537463,0.7618882332523426,0.6665217391304348,트렌드 주도형 소비자,"자신의 취향과 경험을 중시하는 소비자 그룹입니다. 단순히 배를 채우는 것 이상의 가치를 추구하며, 새로운 제품을 가장 먼저 경험하고 공유하려는 경향이 강합니다"
1293,여자,60대 이상,판매 종사자,고졸(대학 재학 포함),부산광역시,1인 가구,미혼(사별/이혼 포함),맞벌이 하지 않음,200-300만원 미만,0,0.2037313432835822,0.5396467493423522,0.5013631406761172,0.8775710088148868,0.163843648208469,0.4675459909753553,0.5173913043478258,실속형 미식가,편리성을 중시하면서도 새로운 맛과 제품을 시도하는 데 적극적인 소비자 그룹입니다. 가격에 민감하기보다는 효율성과 맛을 동시에 추구합니다.
1294,여자,30대,판매 종사자,대학교 졸업(전문대졸/대학원생 포함),경상북도,1세대가족,기혼,맞벌이 함,600-700만원 미만,1,0.7111940298507462,0.4926719278466742,0.6027808069792804,0.706170421155729,0.4710097719869708,0.3241929885456438,0.1,건강 추구형 소비자,가격이나 브랜드에 크게 구애받지 않고 건강을 최우선으로 고려하는 프리미엄 소비자 그룹입니다. 건강과 편리성을 모두 만족시키는 제품에 기꺼이 지갑을 엽니다.
1295,남자,30대,사무 종사자,대학교 졸업(전문대졸/대학원생 포함),경상북도,1인 가구,미혼(사별/이혼 포함),맞벌이 하지 않음,200-300만원 미만,0,0.207462686567164,0.4580984592258548,0.1499454743729554,0.740450538687561,0.2534201954397394,0.3436306837903504,0.3913043478260869,실속형 미식가,편리성을 중시하면서도 새로운 맛과 제품을 시도하는 데 적극적인 소비자 그룹입니다. 가격에 민감하기보다는 효율성과 맛을 동시에 추구합니다.
1296,여자,40대,사무 종사자,대학교 졸업(전문대졸/대학원생 포함),경기도,2세대가족,기혼,맞벌이 함,700-800만원 미만,1,0.5320895522388059,0.5603156708004507,0.6401308615049073,0.7257590597453475,0.5368078175895769,0.2596320721971534,0.260869565217391,건강 추구형 소비자,가격이나 브랜드에 크게 구애받지 않고 건강을 최우선으로 고려하는 프리미엄 소비자 그룹입니다. 건강과 편리성을 모두 만족시키는 제품에 기꺼이 지갑을 엽니다.
1297,여자,50대,판매 종사자,고졸(대학 재학 포함),강원도,2세대가족,기혼,맞벌이 함,400-500만원 미만,3,0.7656716417910449,0.4825253664036076,0.4970010905125404,0.8628795298726734,0.6648208469055374,0.4783061437001038,0.6347826086956521,트렌드 주도형 소비자,"자신의 취향과 경험을 중시하는 소비자 그룹입니다. 단순히 배를 채우는 것 이상의 가치를 추구하며, 새로운 제품을 가장 먼저 경험하고 공유하려는 경향이 강합니다"
1298,여자,40대,전문가 및 관련 종사자,대학원 졸업 이상,대구광역시,2세대가족,기혼,맞벌이 함,500-600만원 미만,0,0.453731343283582,0.7970687711386696,0.1946564885496186,0.9804113614103814,0.1850162866449511,0.4835126692120789,0.4217391304347824,실속형 미식가,편리성을 중시하면서도 새로운 맛과 제품을 시도하는 데 적극적인 소비자 그룹입니다. 가격에 민감하기보다는 효율성과 맛을 동시에 추구합니다.
1299,여자,60대 이상,주부,고졸(대학 재학 포함),경기도,1세대가족,기혼,맞벌이 하지 않음,200-300만원 미만,1,0.074626865671642,0.4400601277715145,0.7071973827699012,0.8824681684622918,0.3843648208469056,0.4161749392572023,0.317391304347826,건강 추구형 소비자,가격이나 브랜드에 크게 구애받지 않고 건강을 최우선으로 고려하는 프리미엄 소비자 그룹입니다. 건강과 편리성을 모두 만족시키는 제품에 기꺼이 지갑을 엽니다.
1300,남자,40대,서비스 종사자,고졸(대학 재학 포함),경상남도,2세대가족,기혼,맞벌이 함,400-500만원 미만,3,0.5388059701492537,0.5125892521608418,0.3347873500545258,0.7845249755142015,0.4045602605863195,0.3838944810829572,0.4608695652173912,트렌드 주도형 소비자,"자신의 취향과 경험을 중시하는 소비자 그룹입니다. 단순히 배를 채우는 것 이상의 가치를 추구하며, 새로운 제품을 가장 먼저 경험하고 공유하려는 경향이 강합니다"
1301,남자,50대,학생,고졸(대학 재학 포함),서울특별시,2세대가족,미혼(사별/이혼 포함),맞벌이 하지 않음,300-400만원 미만,3,0.4753731343283583,0.602780909432544,0.4465648854961832,0.9216454456415274,0.3550488599348534,0.5036445678583822,0.3913043478260869,트렌드 주도형 소비자,"자신의 취향과 경험을 중시하는 소비자 그룹입니다. 단순히 배를 채우는 것 이상의 가치를 추구하며, 새로운 제품을 가장 먼저 경험하고 공유하려는 경향이 강합니다"
1302,여자,30대,서비스 종사자,대학교 졸업(전문대졸/대학원생 포함),강원도,1인 가구,미혼(사별/이혼 포함),맞벌이 하지 않음,300-400만원 미만,3,0.8291044776119404,0.6215708380308153,0.4923664122137403,0.941234084231146,0.6918566775244299,0.4373481430059006,0.5173913043478258,트렌드 주도형 소비자,"자신의 취향과 경험을 중시하는 소비자 그룹입니다. 단순히 배를 채우는 것 이상의 가치를 추구하며, 새로운 제품을 가장 먼저 경험하고 공유하려는 경향이 강합니다"
1303,여자,40대,서비스 종사자,대학교 졸업(전문대졸/대학원생 포함),대구광역시,2세대가족,기혼,맞벌이 함,500-600만원 미만,0,0.3977611940298506,0.631717399473882,0.4342966194111231,0.7649363369245838,0.3557003257328992,0.4717112113849356,0.3869565217391302,실속형 미식가,편리성을 중시하면서도 새로운 맛과 제품을 시도하는 데 적극적인 소비자 그룹입니다. 가격에 민감하기보다는 효율성과 맛을 동시에 추구합니다.
1304,여자,50대,주부,중졸 이하,경상남도,3세대가족,미혼(사별/이혼 포함),맞벌이 하지 않음,300-400만원 미만,0,0.5447761194029851,0.5967681322810973,0.2502726281352238,0.5857002938295786,0.2768729641693813,0.440819160013884,0.452173913043478,실속형 미식가,편리성을 중시하면서도 새로운 맛과 제품을 시도하는 데 적극적인 소비자 그룹입니다. 가격에 민감하기보다는 효율성과 맛을 동시에 추구합니다.
1305,남자,30대,판매 종사자,고졸(대학 재학 포함),경상북도,1인 가구,미혼(사별/이혼 포함),맞벌이 하지 않음,300-400만원 미만,3,0.6134328358208957,0.3735437805336337,0.3402399127589964,0.7257590597453475,0.3947882736156352,0.5078097882679622,0.6217391304347826,트렌드 주도형 소비자,"자신의 취향과 경험을 중시하는 소비자 그룹입니다. 단순히 배를 채우는 것 이상의 가치를 추구하며, 새로운 제품을 가장 먼저 경험하고 공유하려는 경향이 강합니다"
1306,남자,40대,사무 종사자,고졸(대학 재학 포함),충청북도,2세대가족,기혼,맞벌이 함,500-600만원 미만,0,0.3805970149253733,0.5933859451334084,0.2538167938931295,0.7796278158667972,0.247557003257329,0.1388406803193333,0.2999999999999997,실속형 미식가,편리성을 중시하면서도 새로운 맛과 제품을 시도하는 데 적극적인 소비자 그룹입니다. 가격에 민감하기보다는 효율성과 맛을 동시에 추구합니다.
1307,여자,50대,서비스 종사자,고졸(대학 재학 포함),경기도,2세대가족,기혼,맞벌이 함,700-800만원 미만,1,0.201492537313433,0.4175122134535888,0.8893129770992365,0.8432908912830556,0.5475570032573288,0.3353002429711905,0.3565217391304347,건강 추구형 소비자,가격이나 브랜드에 크게 구애받지 않고 건강을 최우선으로 고려하는 프리미엄 소비자 그룹입니다. 건강과 편리성을 모두 만족시키는 제품에 기꺼이 지갑을 엽니다.
1308,여자,30대,사무 종사자,대학교 졸업(전문대졸/대학원생 포함),강원도,1세대가족,기혼,맞벌이 함,500-600만원 미만,3,0.6529850746268658,0.4813979706877111,0.5468920392584515,0.9216454456415274,0.7820846905537461,0.360985768830267,0.5521739130434781,트렌드 주도형 소비자,"자신의 취향과 경험을 중시하는 소비자 그룹입니다. 단순히 배를 채우는 것 이상의 가치를 추구하며, 새로운 제품을 가장 먼저 경험하고 공유하려는 경향이 강합니다"
1309,남자,20대,사무 종사자,대학교 졸업(전문대졸/대학원생 포함),경상북도,1인 가구,미혼(사별/이혼 포함),맞벌이 하지 않음,400-500만원 미만,3,0.7014925373134326,0.5189778278842537,0.2311886586695744,0.706170421155729,0.5547231270358308,0.305796598403332,0.2826086956521738,트렌드 주도형 소비자,"자신의 취향과 경험을 중시하는 소비자 그룹입니다. 단순히 배를 채우는 것 이상의 가치를 추구하며, 새로운 제품을 가장 먼저 경험하고 공유하려는 경향이 강합니다"
1310,남자,60대 이상,판매 종사자,대학교 졸업(전문대졸/대학원생 포함),충청남도,1세대가족,기혼,맞벌이 함,200-300만원 미만,1,0.3380597014925374,0.4757609921082299,0.5665212649945472,0.7992164544564151,0.4211726384364824,0.2648385977091285,0.4130434782608693,건강 추구형 소비자,가격이나 브랜드에 크게 구애받지 않고 건강을 최우선으로 고려하는 프리미엄 소비자 그룹입니다. 건강과 편리성을 모두 만족시키는 제품에 기꺼이 지갑을 엽니다.
1311,남자,20대,서비스 종사자,고졸(대학 재학 포함),강원도,1인 가구,미혼(사별/이혼 포함),맞벌이 하지 않음,200-300만원 미만,3,0.7388059701492539,0.5652010522360014,0.3497818974918211,0.9020568070519096,0.641368078175896,0.3922249219021172,0.6043478260869563,트렌드 주도형 소비자,"자신의 취향과 경험을 중시하는 소비자 그룹입니다. 단순히 배를 채우는 것 이상의 가치를 추구하며, 새로운 제품을 가장 먼저 경험하고 공유하려는 경향이 강합니다"
1312,여자,20대,사무 종사자,대학교 졸업(전문대졸/대학원생 포함),충청남도,1인 가구,미혼(사별/이혼 포함),맞벌이 하지 않음,300-400만원 미만,0,0.3850746268656718,0.8928974069898532,0.4247546346782984,0.8971596474045053,0.2570032573289904,0.240541478653245,0.201304347826087,실속형 미식가,편리성을 중시하면서도 새로운 맛과 제품을 시도하는 데 적극적인 소비자 그룹입니다. 가격에 민감하기보다는 효율성과 맛을 동시에 추구합니다.
1313,여자,60대 이상,단순노무 종사자,중졸 이하,강원도,1인 가구,미혼(사별/이혼 포함),맞벌이 하지 않음,200-300만원 미만,3,0.728358208955224,0.5351371664787672,0.5297164667393672,0.8628795298726734,0.7433224755700325,0.4130510239500171,0.5099999999999998,트렌드 주도형 소비자,"자신의 취향과 경험을 중시하는 소비자 그룹입니다. 단순히 배를 채우는 것 이상의 가치를 추구하며, 새로운 제품을 가장 먼저 경험하고 공유하려는 경향이 강합니다"
1314,여자,60대 이상,기능원 및 관련 기능 종사자,고졸(대학 재학 포함),경기도,1세대가족,기혼,맞벌이 하지 않음,300-400만원 미만,1,0.4985074626865671,0.6054114994363019,0.6941112322791709,0.6865817825661112,0.5074918566775246,0.2266574106213117,0.1999999999999997,건강 추구형 소비자,가격이나 브랜드에 크게 구애받지 않고 건강을 최우선으로 고려하는 프리미엄 소비자 그룹입니다. 건강과 편리성을 모두 만족시키는 제품에 기꺼이 지갑을 엽니다.
1315,여자,40대,주부,대학교 졸업(전문대졸/대학원생 포함),대구광역시,2세대가족,기혼,맞벌이 하지 않음,300-400만원 미만,0,0.2955223880597016,0.4137542277339346,0.4133042529989095,0.7257590597453475,0.3374592833876224,0.4488024991322454,0.317391304347826,실속형 미식가,편리성을 중시하면서도 새로운 맛과 제품을 시도하는 데 적극적인 소비자 그룹입니다. 가격에 민감하기보다는 효율성과 맛을 동시에 추구합니다.
1316,여자,40대,주부,고졸(대학 재학 포함),강원도,2세대가족,기혼,맞벌이 하지 않음,400-500만원 미만,3,0.6611940298507462,0.5903795565576849,0.5024536532170119,0.941234084231146,0.63257328990228,0.4210343630683789,0.5304347826086953,트렌드 주도형 소비자,"자신의 취향과 경험을 중시하는 소비자 그룹입니다. 단순히 배를 채우는 것 이상의 가치를 추구하며, 새로운 제품을 가장 먼저 경험하고 공유하려는 경향이 강합니다"
1317,여자,40대,취업 준비 중,대학교 졸업(전문대졸/대학원생 포함),제주특별자치도,1인 가구,미혼(사별/이혼 포함),맞벌이 하지 않음,100-200만원 미만,0,0.0634328358208956,0.845922585494175,0.2415485278080694,0.7257590597453475,0.0146579804560263,0.4720583130857338,0.2521739130434782,실속형 미식가,편리성을 중시하면서도 새로운 맛과 제품을 시도하는 데 적극적인 소비자 그룹입니다. 가격에 민감하기보다는 효율성과 맛을 동시에 추구합니다.
1318,여자,30대,사무 종사자,대학교 졸업(전문대졸/대학원생 포함),경상북도,1인 가구,미혼(사별/이혼 포함),맞벌이 하지 않음,400-500만원 미만,3,0.7708955223880597,0.5264937993235627,0.4372955288985826,0.6865817825661112,0.4970684039087951,0.3300937174592153,0.4913043478260865,트렌드 주도형 소비자,"자신의 취향과 경험을 중시하는 소비자 그룹입니다. 단순히 배를 채우는 것 이상의 가치를 추구하며, 새로운 제품을 가장 먼저 경험하고 공유하려는 경향이 강합니다"
1319,여자,50대,사무 종사자,대학교 졸업(전문대졸/대학원생 포함),제주특별자치도,1인 가구,미혼(사별/이혼 포함),맞벌이 하지 않음,200-300만원 미만,0,0.1194029850746271,0.3818113491168734,0.3206106870229009,0.7012732615083248,0.3791530944625406,0.2554668517875734,0.7869565217391303,실속형 미식가,편리성을 중시하면서도 새로운 맛과 제품을 시도하는 데 적극적인 소비자 그룹입니다. 가격에 민감하기보다는 효율성과 맛을 동시에 추구합니다.
1320,여자,50대,서비스 종사자,고졸(대학 재학 포함),경기도,2세대가족,기혼,맞벌이 함,500-600만원 미만,0,0.246268656716418,0.4907929349868469,0.2788985823336972,0.7012732615083248,0.1377850162866453,0.500520652551197,0.4304347826086956,실속형 미식가,편리성을 중시하면서도 새로운 맛과 제품을 시도하는 데 적극적인 소비자 그룹입니다. 가격에 민감하기보다는 효율성과 맛을 동시에 추구합니다.
1321,여자,30대,사무 종사자,대학교 졸업(전문대졸/대학원생 포함),경상북도,1세대가족,기혼,맞벌이 함,600-700만원 미만,1,0.4552238805970149,0.3573844419391207,0.5910577971646671,0.6865817825661112,0.4413680781758957,0.2710864283234986,0.5478260869565217,건강 추구형 소비자,가격이나 브랜드에 크게 구애받지 않고 건강을 최우선으로 고려하는 프리미엄 소비자 그룹입니다. 건강과 편리성을 모두 만족시키는 제품에 기꺼이 지갑을 엽니다.
1322,여자,40대,서비스 종사자,대학교 졸업(전문대졸/대학원생 포함),경기도,2세대가족,기혼,맞벌이 함,500-600만원 미만,3,0.3999999999999999,0.477639984968057,0.3833151581243181,0.8041136141038193,0.5022801302931595,0.2533842415827835,0.6304347826086953,트렌드 주도형 소비자,"자신의 취향과 경험을 중시하는 소비자 그룹입니다. 단순히 배를 채우는 것 이상의 가치를 추구하며, 새로운 제품을 가장 먼저 경험하고 공유하려는 경향이 강합니다"
1323,여자,40대,주부,대학교 졸업(전문대졸/대학원생 포함),경기도,2세대가족,기혼,맞벌이 하지 않음,600-700만원 미만,3,0.4179104477611941,0.5978955279969934,0.6725736095965105,0.941234084231146,0.4231270358306188,0.2603262755987501,0.608695652173913,트렌드 주도형 소비자,"자신의 취향과 경험을 중시하는 소비자 그룹입니다. 단순히 배를 채우는 것 이상의 가치를 추구하며, 새로운 제품을 가장 먼저 경험하고 공유하려는 경향이 강합니다"
1324,여자,40대,판매 종사자,대학교 졸업(전문대졸/대학원생 포함),경기도,2세대가족,기혼,맞벌이 함,500-600만원 미만,0,0.2835820895522388,0.5715896279594138,0.4089422028353327,0.7845249755142015,0.3439739413680785,0.2395001735508502,0.6304347826086953,실속형 미식가,편리성을 중시하면서도 새로운 맛과 제품을 시도하는 데 적극적인 소비자 그룹입니다. 가격에 민감하기보다는 효율성과 맛을 동시에 추구합니다.
1325,여자,40대,주부,대학교 졸업(전문대졸/대학원생 포함),경기도,1세대가족,기혼,맞벌이 하지 않음,300-400만원 미만,3,0.4925373134328357,0.5565576850807965,0.3402399127589964,0.8824681684622918,0.3309446254071662,0.1596667823672336,0.6173913043478257,트렌드 주도형 소비자,"자신의 취향과 경험을 중시하는 소비자 그룹입니다. 단순히 배를 채우는 것 이상의 가치를 추구하며, 새로운 제품을 가장 먼저 경험하고 공유하려는 경향이 강합니다"
1326,여자,40대,서비스 종사자,대학교 졸업(전문대졸/대학원생 포함),경상북도,1인 가구,미혼(사별/이혼 포함),맞벌이 하지 않음,300-400만원 미만,1,0.4201492537313434,0.3799323562570461,0.5864231188658668,0.7453476983349653,0.4700325732899026,0.4151336341548071,0.4565217391304347,건강 추구형 소비자,가격이나 브랜드에 크게 구애받지 않고 건강을 최우선으로 고려하는 프리미엄 소비자 그룹입니다. 건강과 편리성을 모두 만족시키는 제품에 기꺼이 지갑을 엽니다.
1327,여자,60대 이상,서비스 종사자,대학원 졸업 이상,경기도,2세대가족,기혼,맞벌이 함,800-900만원 미만,0,0.343283582089552,0.4701240135287484,0.3972191930207197,0.7845249755142015,0.3003257328990228,0.1839639014231168,0.6695652173913043,실속형 미식가,편리성을 중시하면서도 새로운 맛과 제품을 시도하는 데 적극적인 소비자 그룹입니다. 가격에 민감하기보다는 효율성과 맛을 동시에 추구합니다.
1328,여자,60대 이상,사무 종사자,대학교 졸업(전문대졸/대학원생 포함),경기도,2세대가족,기혼,맞벌이 함,800-900만원 미만,3,0.5074626865671642,0.609169485155956,0.3944929116684844,0.8628795298726734,0.3361563517915312,0.2360291565428669,0.6478260869565217,트렌드 주도형 소비자,"자신의 취향과 경험을 중시하는 소비자 그룹입니다. 단순히 배를 채우는 것 이상의 가치를 추구하며, 새로운 제품을 가장 먼저 경험하고 공유하려는 경향이 강합니다"
1329,여자,60대 이상,주부,고졸(대학 재학 포함),서울특별시,1인 가구,미혼(사별/이혼 포함),맞벌이 하지 않음,100-200만원 미만,3,0.7037313432835819,0.4438181134911688,0.5883315158124318,0.8432908912830556,0.6306188925081435,0.2891357167650118,0.4739130434782606,트렌드 주도형 소비자,"자신의 취향과 경험을 중시하는 소비자 그룹입니다. 단순히 배를 채우는 것 이상의 가치를 추구하며, 새로운 제품을 가장 먼저 경험하고 공유하려는 경향이 강합니다"
1330,여자,60대 이상,주부,고졸(대학 재학 포함),부산광역시,1세대가족,기혼,맞벌이 하지 않음,300-400만원 미만,3,0.6940298507462688,0.5715896279594138,0.4165757906215917,0.8041136141038193,0.4342019543973942,0.3429364803887537,0.5621739130434781,트렌드 주도형 소비자,"자신의 취향과 경험을 중시하는 소비자 그룹입니다. 단순히 배를 채우는 것 이상의 가치를 추구하며, 새로운 제품을 가장 먼저 경험하고 공유하려는 경향이 강합니다"
1331,여자,40대,사무 종사자,대학교 졸업(전문대졸/대학원생 포함),경기도,2세대가족,기혼,맞벌이 함,600-700만원 미만,0,0.257462686567164,0.7857948139797069,0.3176117775354414,0.8824681684622918,0.1866449511400651,0.1943769524470667,0.3739130434782607,실속형 미식가,편리성을 중시하면서도 새로운 맛과 제품을 시도하는 데 적극적인 소비자 그룹입니다. 가격에 민감하기보다는 효율성과 맛을 동시에 추구합니다.
1332,남자,30대,사무 종사자,대학교 졸업(전문대졸/대학원생 포함),충청남도,1세대가족,기혼,맞벌이 함,600-700만원 미만,1,0.5395522388059701,0.7275460353250658,0.5318974918211556,0.8579823702252692,0.4687296416938111,0.2728219368274901,0.2826086956521738,건강 추구형 소비자,가격이나 브랜드에 크게 구애받지 않고 건강을 최우선으로 고려하는 프리미엄 소비자 그룹입니다. 건강과 편리성을 모두 만족시키는 제품에 기꺼이 지갑을 엽니다.
1333,여자,50대,판매 종사자,고졸(대학 재학 포함),충청남도,1세대가족,기혼,맞벌이 함,300-400만원 미만,0,0.3328358208955225,0.5922585494175122,0.2726281352235554,0.8188050930460328,0.2635179153094465,0.2093023255813952,0.3521739130434779,실속형 미식가,편리성을 중시하면서도 새로운 맛과 제품을 시도하는 데 적극적인 소비자 그룹입니다. 가격에 민감하기보다는 효율성과 맛을 동시에 추구합니다.
1334,여자,50대,주부,고졸(대학 재학 포함),부산광역시,1세대가족,기혼,맞벌이 하지 않음,300-400만원 미만,3,0.8380597014925372,0.5791055993987222,0.4454743729552885,0.7845249755142015,0.5403908794788274,0.2804581742450537,0.6391304347826086,트렌드 주도형 소비자,"자신의 취향과 경험을 중시하는 소비자 그룹입니다. 단순히 배를 채우는 것 이상의 가치를 추구하며, 새로운 제품을 가장 먼저 경험하고 공유하려는 경향이 강합니다"
1335,여자,50대,판매 종사자,고졸(대학 재학 포함),충청남도,1세대가족,기혼,맞벌이 함,300-400만원 미만,1,0.3253731343283582,0.6835776024051107,0.6210468920392584,0.8188050930460328,0.3328990228013032,0.2856646997570284,0.3608695652173911,건강 추구형 소비자,가격이나 브랜드에 크게 구애받지 않고 건강을 최우선으로 고려하는 프리미엄 소비자 그룹입니다. 건강과 편리성을 모두 만족시키는 제품에 기꺼이 지갑을 엽니다.
1336,여자,60대 이상,주부,중졸 이하,충청남도,1세대가족,기혼,맞벌이 하지 않음,100-200만원 미만,0,0.1865671641791045,0.7989477639984965,0.3920392584514725,0.7600391772771787,0.172638436482085,0.3530024297119055,0.2360869565217389,실속형 미식가,편리성을 중시하면서도 새로운 맛과 제품을 시도하는 데 적극적인 소비자 그룹입니다. 가격에 민감하기보다는 효율성과 맛을 동시에 추구합니다.
1337,여자,60대 이상,주부,고졸(대학 재학 포함),강원도,1세대가족,기혼,맞벌이 하지 않음,300-400만원 미만,1,0.4634328358208956,0.3912063134160088,0.8290621592148311,0.8041136141038193,0.365472312703583,0.1561957653592499,0.1391304347826087,건강 추구형 소비자,가격이나 브랜드에 크게 구애받지 않고 건강을 최우선으로 고려하는 프리미엄 소비자 그룹입니다. 건강과 편리성을 모두 만족시키는 제품에 기꺼이 지갑을 엽니다.
1338,여자,60대 이상,서비스 종사자,중졸 이하,충청북도,1세대가족,기혼,맞벌이 함,500-600만원 미만,0,0.2313432835820895,0.5858699736940999,0.2388222464558342,0.7796278158667972,0.1736156351791532,0.1700798333911835,0.3043478260869564,실속형 미식가,편리성을 중시하면서도 새로운 맛과 제품을 시도하는 데 적극적인 소비자 그룹입니다. 가격에 민감하기보다는 효율성과 맛을 동시에 추구합니다.
1339,남자,60대 이상,서비스 종사자,고졸(대학 재학 포함),충청북도,1세대가족,기혼,맞벌이 함,500-600만원 미만,0,0.4104477611940298,0.4682450206689215,0.2887131952017446,0.7796278158667972,0.2745928338762215,0.1909059354390834,0.4273913043478261,실속형 미식가,편리성을 중시하면서도 새로운 맛과 제품을 시도하는 데 적극적인 소비자 그룹입니다. 가격에 민감하기보다는 효율성과 맛을 동시에 추구합니다.
1340,여자,50대,서비스 종사자,고졸(대학 재학 포함),충청북도,2세대가족,기혼,맞벌이 함,500-600만원 미만,0,0.4328358208955225,0.5020668921458099,0.305888767720829,0.7796278158667972,0.3371335504885994,0.1388406803193333,0.3665217391304347,실속형 미식가,편리성을 중시하면서도 새로운 맛과 제품을 시도하는 데 적극적인 소비자 그룹입니다. 가격에 민감하기보다는 효율성과 맛을 동시에 추구합니다.
1341,남자,30대,사무 종사자,대학교 졸업(전문대졸/대학원생 포함),충청북도,1세대가족,기혼,맞벌이 함,500-600만원 미만,0,0.3134328358208955,0.5933859451334084,0.2450926935659759,0.7796278158667972,0.2182410423452772,0.1596667823672336,0.3782608695652173,실속형 미식가,편리성을 중시하면서도 새로운 맛과 제품을 시도하는 데 적극적인 소비자 그룹입니다. 가격에 민감하기보다는 효율성과 맛을 동시에 추구합니다.
1342,여자,30대,사무 종사자,대학교 졸업(전문대졸/대학원생 포함),경기도,1세대가족,기혼,맞벌이 함,600-700만원 미만,0,0.3649253731343284,0.3761743705373919,0.2810796074154856,0.8237022526934379,0.2123778501628664,0.1995834779590418,0.8478260869565215,실속형 미식가,편리성을 중시하면서도 새로운 맛과 제품을 시도하는 데 적극적인 소비자 그룹입니다. 가격에 민감하기보다는 효율성과 맛을 동시에 추구합니다.
1343,여자,30대,사무 종사자,대학교 졸업(전문대졸/대학원생 포함),경기도,1인 가구,미혼(사별/이혼 포함),맞벌이 하지 않음,300-400만원 미만,0,0.1082089552238807,0.4513340849304773,0.2783533260632495,0.8041136141038193,0.2224755700325736,0.2047900034710167,0.601304347826087,실속형 미식가,편리성을 중시하면서도 새로운 맛과 제품을 시도하는 데 적극적인 소비자 그룹입니다. 가격에 민감하기보다는 효율성과 맛을 동시에 추구합니다.
1344,여자,60대 이상,판매 종사자,대학교 졸업(전문대졸/대학원생 포함),경상남도,2세대가족,기혼,맞벌이 함,500-600만원 미만,1,0.1044776119402986,0.4550920706501315,0.7475463467829877,0.7257590597453475,0.2811074918566776,0.1492537313432833,0.217391304347826,건강 추구형 소비자,가격이나 브랜드에 크게 구애받지 않고 건강을 최우선으로 고려하는 프리미엄 소비자 그룹입니다. 건강과 편리성을 모두 만족시키는 제품에 기꺼이 지갑을 엽니다.
1345,남자,40대,사무 종사자,대학교 졸업(전문대졸/대학원생 포함),충청북도,2세대가족,기혼,맞벌이 함,500-600만원 미만,0,0.4776119402985077,0.5434047350620065,0.3094329334787347,0.7992164544564151,0.2605863192182414,0.1388406803193333,0.3521739130434779,실속형 미식가,편리성을 중시하면서도 새로운 맛과 제품을 시도하는 데 적극적인 소비자 그룹입니다. 가격에 민감하기보다는 효율성과 맛을 동시에 추구합니다.
1346,여자,50대,사무 종사자,대학교 졸업(전문대졸/대학원생 포함),경기도,2세대가족,기혼,맞벌이 함,700-800만원 미만,0,0.1380597014925373,0.5264937993235627,0.4269356597600868,0.8628795298726734,0.1394136807817588,0.2221450885109336,0.7869565217391303,실속형 미식가,편리성을 중시하면서도 새로운 맛과 제품을 시도하는 데 적극적인 소비자 그룹입니다. 가격에 민감하기보다는 효율성과 맛을 동시에 추구합니다.
1347,남자,30대,판매 종사자,대학교 졸업(전문대졸/대학원생 포함),경상남도,1세대가족,미혼(사별/이혼 포함),맞벌이 하지 않음,400-500만원 미만,0,0.1044776119402986,0.5603156708004507,0.3375136314067612,0.8041136141038193,0.1280130293159611,0.2117320374869833,0.2304347826086955,실속형 미식가,편리성을 중시하면서도 새로운 맛과 제품을 시도하는 데 적극적인 소비자 그룹입니다. 가격에 민감하기보다는 효율성과 맛을 동시에 추구합니다.
1348,여자,60대 이상,서비스 종사자,대학교 졸업(전문대졸/대학원생 포함),인천광역시,2세대가족,기혼,맞벌이 함,"900-1,000만원 미만",0,0.1044776119402986,0.4438181134911688,0.4817339149400216,0.8041136141038193,0.2618892508143325,0.2370704616452617,0.7826086956521736,실속형 미식가,편리성을 중시하면서도 새로운 맛과 제품을 시도하는 데 적극적인 소비자 그룹입니다. 가격에 민감하기보다는 효율성과 맛을 동시에 추구합니다.
1349,여자,50대,판매 종사자,고졸(대학 재학 포함),충청북도,1세대가족,기혼,맞벌이 함,500-600만원 미만,0,0.3283582089552239,0.5772266065388949,0.3023446019629226,0.7796278158667972,0.2345276872964171,0.1423116973273166,0.2347826086956519,실속형 미식가,편리성을 중시하면서도 새로운 맛과 제품을 시도하는 데 적극적인 소비자 그룹입니다. 가격에 민감하기보다는 효율성과 맛을 동시에 추구합니다.
1350,남자,60대 이상,판매 종사자,고졸(대학 재학 포함),충청북도,2세대가족,기혼,맞벌이 함,500-600만원 미만,0,0.2910447761194031,0.5809845922585491,0.2423664122137405,0.7012732615083248,0.2224755700325736,0.1180145782714334,0.2434782608695651,실속형 미식가,편리성을 중시하면서도 새로운 맛과 제품을 시도하는 데 적극적인 소비자 그룹입니다. 가격에 민감하기보다는 효율성과 맛을 동시에 추구합니다.
1351,여자,40대,판매 종사자,고졸(대학 재학 포함),충청북도,2세대가족,기혼,맞벌이 함,500-600만원 미만,0,0.3955223880597014,0.4964299135663284,0.3587786259541981,0.7649363369245838,0.3289902280130297,0.1249566122874,0.3478260869565215,실속형 미식가,편리성을 중시하면서도 새로운 맛과 제품을 시도하는 데 적극적인 소비자 그룹입니다. 가격에 민감하기보다는 효율성과 맛을 동시에 추구합니다.
1352,여자,60대 이상,판매 종사자,고졸(대학 재학 포함),충청북도,1세대가족,기혼,맞벌이 함,400-500만원 미만,3,0.5223880597014928,0.534009770762871,0.5561613958560521,0.8432908912830556,0.3029315960912055,0.4127039222492189,0.5043478260869562,트렌드 주도형 소비자,"자신의 취향과 경험을 중시하는 소비자 그룹입니다. 단순히 배를 채우는 것 이상의 가치를 추구하며, 새로운 제품을 가장 먼저 경험하고 공유하려는 경향이 강합니다"
1353,여자,30대,사무 종사자,대학교 졸업(전문대졸/대학원생 포함),충청북도,1세대가족,기혼,맞벌이 함,500-600만원 미만,3,0.5746268656716418,0.5715896279594138,0.4296619411123228,0.8237022526934379,0.4488599348534201,0.3700104130510236,0.4956521739130434,트렌드 주도형 소비자,"자신의 취향과 경험을 중시하는 소비자 그룹입니다. 단순히 배를 채우는 것 이상의 가치를 추구하며, 새로운 제품을 가장 먼저 경험하고 공유하려는 경향이 강합니다"
1354,여자,50대,판매 종사자,고졸(대학 재학 포함),충청북도,2세대가족,기혼,맞벌이 함,600-700만원 미만,0,0.4335820895522386,0.4663660278090942,0.4010359869138495,0.8432908912830556,0.2283387622149839,0.3970843457132939,0.5695652173913043,실속형 미식가,편리성을 중시하면서도 새로운 맛과 제품을 시도하는 데 적극적인 소비자 그룹입니다. 가격에 민감하기보다는 효율성과 맛을 동시에 추구합니다.
1355,남자,50대,사무 종사자,대학교 졸업(전문대졸/대학원생 포함),서울특별시,2세대가족,기혼,맞벌이 함,400-500만원 미만,0,0.343283582089552,0.6467493423524988,0.2448200654307524,0.7845249755142015,0.1742671009771991,0.5275945852134672,0.5086956521739129,실속형 미식가,편리성을 중시하면서도 새로운 맛과 제품을 시도하는 데 적극적인 소비자 그룹입니다. 가격에 민감하기보다는 효율성과 맛을 동시에 추구합니다.
1356,남자,40대,사무 종사자,대학교 졸업(전문대졸/대학원생 포함),서울특별시,2세대가족,기혼,맞벌이 함,400-500만원 미만,0,0.4216417910447762,0.7068771138669673,0.2461832061068705,0.8041136141038193,0.1644951140065148,0.5216938562998957,0.5086956521739129,실속형 미식가,편리성을 중시하면서도 새로운 맛과 제품을 시도하는 데 적극적인 소비자 그룹입니다. 가격에 민감하기보다는 효율성과 맛을 동시에 추구합니다.
1357,여자,40대,사무 종사자,대학교 졸업(전문대졸/대학원생 포함),충청북도,2세대가족,기혼,맞벌이 함,500-600만원 미만,0,0.4626865671641791,0.5697106350995865,0.3124318429661942,0.7600391772771787,0.2996742671009774,0.1388406803193333,0.2695652173913042,실속형 미식가,편리성을 중시하면서도 새로운 맛과 제품을 시도하는 데 적극적인 소비자 그룹입니다. 가격에 민감하기보다는 효율성과 맛을 동시에 추구합니다.
1358,여자,30대,사무 종사자,고졸(대학 재학 포함),충청북도,1세대가족,기혼,맞벌이 함,500-600만원 미만,0,0.4776119402985077,0.5866215708380308,0.2096510359869139,0.8237022526934379,0.3192182410423455,0.1388406803193333,0.2521739130434782,실속형 미식가,편리성을 중시하면서도 새로운 맛과 제품을 시도하는 데 적극적인 소비자 그룹입니다. 가격에 민감하기보다는 효율성과 맛을 동시에 추구합니다.
1359,여자,60대 이상,단순노무 종사자,고졸(대학 재학 포함),충청북도,1인 가구,미혼(사별/이혼 포함),맞벌이 하지 않음,200-300만원 미만,0,0.2611940298507462,0.5170988350244269,0.2450926935659759,0.7796278158667972,0.2755700325732901,0.1631377993752169,0.3434782608695651,실속형 미식가,편리성을 중시하면서도 새로운 맛과 제품을 시도하는 데 적극적인 소비자 그룹입니다. 가격에 민감하기보다는 효율성과 맛을 동시에 추구합니다.
1360,여자,40대,사무 종사자,대학교 졸업(전문대졸/대학원생 포함),제주특별자치도,1인 가구,미혼(사별/이혼 포함),맞벌이 하지 않음,100-200만원 미만,1,0.1492537313432836,0.3498684704998119,0.7906215921483095,0.7257590597453475,0.8159609120521171,0.3175980562304753,0.1347826086956519,건강 추구형 소비자,가격이나 브랜드에 크게 구애받지 않고 건강을 최우선으로 고려하는 프리미엄 소비자 그룹입니다. 건강과 편리성을 모두 만족시키는 제품에 기꺼이 지갑을 엽니다.
1361,여자,60대 이상,주부,중졸 이하,강원도,1세대가족,기혼,맞벌이 하지 않음,200-300만원 미만,1,0.2037313432835822,0.4475760992108231,0.7843511450381679,0.8824681684622918,0.390228013029316,0.3772995487677888,0.3086956521739128,건강 추구형 소비자,가격이나 브랜드에 크게 구애받지 않고 건강을 최우선으로 고려하는 프리미엄 소비자 그룹입니다. 건강과 편리성을 모두 만족시키는 제품에 기꺼이 지갑을 엽니다.
1362,여자,40대,사무 종사자,대학교 졸업(전문대졸/대학원생 포함),제주특별자치도,1인 가구,미혼(사별/이혼 포함),맞벌이 하지 않음,100-200만원 미만,1,0.0597014925373135,0.4287861706125515,0.6663031624863687,0.7845249755142015,0.4710097719869708,0.2169385629989585,0.3956521739130433,건강 추구형 소비자,가격이나 브랜드에 크게 구애받지 않고 건강을 최우선으로 고려하는 프리미엄 소비자 그룹입니다. 건강과 편리성을 모두 만족시키는 제품에 기꺼이 지갑을 엽니다.
1363,남자,60대 이상,기능원 및 관련 기능 종사자,고졸(대학 재학 포함),충청북도,1세대가족,기혼,맞벌이 함,500-600만원 미만,0,0.4626865671641791,0.637354378053363,0.2093784078516904,0.7796278158667972,0.3104234527687299,0.1318986463033667,0.2999999999999997,실속형 미식가,편리성을 중시하면서도 새로운 맛과 제품을 시도하는 데 적극적인 소비자 그룹입니다. 가격에 민감하기보다는 효율성과 맛을 동시에 추구합니다.
1364,여자,40대,사무 종사자,대학원 졸업 이상,서울특별시,2세대가족,기혼,맞벌이 함,400-500만원 미만,1,0.5977611940298508,0.4024802705749719,0.7772628135223556,0.7845249755142015,0.3469055374592836,0.330787920860812,0.143478260869565,건강 추구형 소비자,가격이나 브랜드에 크게 구애받지 않고 건강을 최우선으로 고려하는 프리미엄 소비자 그룹입니다. 건강과 편리성을 모두 만족시키는 제품에 기꺼이 지갑을 엽니다.
1365,여자,50대,주부,대학교 졸업(전문대졸/대학원생 포함),서울특별시,2세대가족,기혼,맞벌이 하지 않음,400-500만원 미만,0,0.2947761194029852,0.4513340849304773,0.2816248636859325,0.8432908912830556,0.2241042345276876,0.5414786532454009,0.7186956521739127,실속형 미식가,편리성을 중시하면서도 새로운 맛과 제품을 시도하는 데 적극적인 소비자 그룹입니다. 가격에 민감하기보다는 효율성과 맛을 동시에 추구합니다.
1366,남자,60대 이상,장치·기계 조작 및 조립 종사자,고졸(대학 재학 포함),충청북도,2세대가족,기혼,맞벌이 함,500-600만원 미만,0,0.3902985074626864,0.5332581736189402,0.1553980370774267,0.7992164544564151,0.2452768729641697,0.1596667823672336,0.4565217391304347,실속형 미식가,편리성을 중시하면서도 새로운 맛과 제품을 시도하는 데 적극적인 소비자 그룹입니다. 가격에 민감하기보다는 효율성과 맛을 동시에 추구합니다.
1367,남자,50대,판매 종사자,고졸(대학 재학 포함),강원도,1인 가구,기혼,맞벌이 하지 않음,500-600만원 미만,0,0.3134328358208955,0.3930853062758361,0.2434569247546344,0.6787463271302638,0.3583061889250815,0.1249566122874,0.4391304347826084,실속형 미식가,편리성을 중시하면서도 새로운 맛과 제품을 시도하는 데 적극적인 소비자 그룹입니다. 가격에 민감하기보다는 효율성과 맛을 동시에 추구합니다.
1368,여자,50대,서비스 종사자,고졸(대학 재학 포함),강원도,1인 가구,미혼(사별/이혼 포함),맞벌이 하지 않음,300-400만원 미만,1,0.3007462686567163,0.4475760992108231,0.7829880043620496,0.8824681684622918,0.4882736156351795,0.352655328011107,0.452173913043478,건강 추구형 소비자,가격이나 브랜드에 크게 구애받지 않고 건강을 최우선으로 고려하는 프리미엄 소비자 그룹입니다. 건강과 편리성을 모두 만족시키는 제품에 기꺼이 지갑을 엽니다.
1369,여자,50대,사무 종사자,대학교 졸업(전문대졸/대학원생 포함),서울특별시,2세대가족,기혼,맞벌이 함,500-600만원 미만,0,0.4365671641791047,0.5903795565576849,0.2816248636859325,0.8041136141038193,0.2143322475570033,0.576188823325234,0.6913043478260866,실속형 미식가,편리성을 중시하면서도 새로운 맛과 제품을 시도하는 데 적극적인 소비자 그룹입니다. 가격에 민감하기보다는 효율성과 맛을 동시에 추구합니다.
1370,여자,60대 이상,주부,고졸(대학 재학 포함),강원도,1세대가족,기혼,맞벌이 하지 않음,300-400만원 미만,3,0.6835820895522389,0.477639984968057,0.4888222464558338,0.8824681684622918,0.6387622149837133,0.429711905588337,0.608695652173913,트렌드 주도형 소비자,"자신의 취향과 경험을 중시하는 소비자 그룹입니다. 단순히 배를 채우는 것 이상의 가치를 추구하며, 새로운 제품을 가장 먼저 경험하고 공유하려는 경향이 강합니다"
1371,남자,60대 이상,전문가 및 관련 종사자,고졸(대학 재학 포함),충청북도,2세대가족,기혼,맞벌이 함,700-800만원 미만,0,0.3082089552238805,0.4795189778278843,0.3004362050163576,0.7208619000979426,0.354723127035831,0.1631377993752169,0.3665217391304347,실속형 미식가,편리성을 중시하면서도 새로운 맛과 제품을 시도하는 데 적극적인 소비자 그룹입니다. 가격에 민감하기보다는 효율성과 맛을 동시에 추구합니다.
1372,여자,50대,사무 종사자,대학교 졸업(전문대졸/대학원생 포함),서울특별시,2세대가족,기혼,맞벌이 함,700-800만원 미만,0,0.4835820895522386,0.6204434423149192,0.3075245365321704,0.8628795298726734,0.2788273615635183,0.5657757723012841,0.6391304347826086,실속형 미식가,편리성을 중시하면서도 새로운 맛과 제품을 시도하는 데 적극적인 소비자 그룹입니다. 가격에 민감하기보다는 효율성과 맛을 동시에 추구합니다.
1373,남자,60대 이상,서비스 종사자,중졸 이하,대구광역시,1세대가족,기혼,맞벌이 하지 않음,100-200만원 미만,0,0.1044776119402986,0.4569710635099583,0.1324972737186474,0.8188050930460328,0.0400651465798047,0.4078444984380422,0.7565217391304344,실속형 미식가,편리성을 중시하면서도 새로운 맛과 제품을 시도하는 데 적극적인 소비자 그룹입니다. 가격에 민감하기보다는 효율성과 맛을 동시에 추구합니다.
1374,남자,60대 이상,서비스 종사자,고졸(대학 재학 포함),강원도,1인 가구,미혼(사별/이혼 포함),맞벌이 하지 않음,300-400만원 미만,3,0.6932835820895524,0.6016535137166477,0.4070338058887678,0.9020568070519096,0.596742671009772,0.4435959736202706,0.5347826086956521,트렌드 주도형 소비자,"자신의 취향과 경험을 중시하는 소비자 그룹입니다. 단순히 배를 채우는 것 이상의 가치를 추구하며, 새로운 제품을 가장 먼저 경험하고 공유하려는 경향이 강합니다"
1375,여자,40대,주부,고졸(대학 재학 포함),경기도,2세대가족,기혼,맞벌이 하지 않음,400-500만원 미만,0,0.121641791044776,0.6223224351747462,0.2516357688113411,0.7208619000979426,0.2657980456026059,0.5966678236723358,0.2217391304347824,실속형 미식가,편리성을 중시하면서도 새로운 맛과 제품을 시도하는 데 적극적인 소비자 그룹입니다. 가격에 민감하기보다는 효율성과 맛을 동시에 추구합니다.
1376,여자,30대,사무 종사자,대학교 졸업(전문대졸/대학원생 포함),충청북도,1세대가족,기혼,맞벌이 함,500-600만원 미만,0,0.2761194029850746,0.5471627207816611,0.3113413304252996,0.740450538687561,0.2778501628664496,0.1457827143352999,0.2491304347826085,실속형 미식가,편리성을 중시하면서도 새로운 맛과 제품을 시도하는 데 적극적인 소비자 그룹입니다. 가격에 민감하기보다는 효율성과 맛을 동시에 추구합니다.
1377,남자,50대,판매 종사자,고졸(대학 재학 포함),강원도,1세대가족,기혼,맞벌이 함,400-500만원 미만,1,0.237313432835821,0.4137542277339346,0.7568157033805891,0.8824681684622918,0.4781758957654723,0.3842415827837554,0.344782608695652,건강 추구형 소비자,가격이나 브랜드에 크게 구애받지 않고 건강을 최우선으로 고려하는 프리미엄 소비자 그룹입니다. 건강과 편리성을 모두 만족시키는 제품에 기꺼이 지갑을 엽니다.
1378,여자,40대,단순노무 종사자,고졸(대학 재학 포함),경기도,2세대가족,미혼(사별/이혼 포함),맞벌이 하지 않음,200-300만원 미만,0,0.469402985074627,0.5471627207816611,0.2734460196292258,0.7208619000979426,0.3384364820846905,0.4762235334953137,0.4839130434782607,실속형 미식가,편리성을 중시하면서도 새로운 맛과 제품을 시도하는 데 적극적인 소비자 그룹입니다. 가격에 민감하기보다는 효율성과 맛을 동시에 추구합니다.
1379,여자,20대,사무 종사자,대학교 졸업(전문대졸/대학원생 포함),경상북도,1인 가구,미혼(사별/이혼 포함),맞벌이 하지 않음,300-400만원 미만,0,0.4402985074626864,0.5170988350244269,0.4487459105779716,0.7796278158667972,0.4006514657980456,0.4019437695244705,0.3478260869565215,실속형 미식가,편리성을 중시하면서도 새로운 맛과 제품을 시도하는 데 적극적인 소비자 그룹입니다. 가격에 민감하기보다는 효율성과 맛을 동시에 추구합니다.
1380,여자,40대,사무 종사자,대학교 졸업(전문대졸/대학원생 포함),충청북도,2세대가족,기혼,맞벌이 함,500-600만원 미만,0,0.3283582089552239,0.5697106350995865,0.2824427480916028,0.7600391772771787,0.2605863192182414,0.1318986463033667,0.2434782608695651,실속형 미식가,편리성을 중시하면서도 새로운 맛과 제품을 시도하는 데 적극적인 소비자 그룹입니다. 가격에 민감하기보다는 효율성과 맛을 동시에 추구합니다.
1381,여자,60대 이상,주부,고졸(대학 재학 포함),강원도,1세대가족,기혼,맞벌이 하지 않음,300-400만원 미만,0,0.2388059701492538,0.5697106350995865,0.4375681570338062,0.7796278158667972,0.2583061889250815,0.3238458868448454,0.3695652173913043,실속형 미식가,편리성을 중시하면서도 새로운 맛과 제품을 시도하는 데 적극적인 소비자 그룹입니다. 가격에 민감하기보다는 효율성과 맛을 동시에 추구합니다.
1382,여자,60대 이상,판매 종사자,고졸(대학 재학 포함),강원도,1세대가족,기혼,맞벌이 함,400-500만원 미만,3,0.7656716417910449,0.5001878992859826,0.4738276990185385,0.8824681684622918,0.698697068403909,0.459909753557792,0.6099999999999998,트렌드 주도형 소비자,"자신의 취향과 경험을 중시하는 소비자 그룹입니다. 단순히 배를 채우는 것 이상의 가치를 추구하며, 새로운 제품을 가장 먼저 경험하고 공유하려는 경향이 강합니다"
1383,여자,40대,서비스 종사자,대학교 졸업(전문대졸/대학원생 포함),경기도,2세대가족,기혼,맞벌이 함,500-600만원 미만,0,0.3499999999999998,0.5058248778654637,0.3661395856052344,0.7796278158667972,0.374267100977199,0.5584866365845189,0.4608695652173912,실속형 미식가,편리성을 중시하면서도 새로운 맛과 제품을 시도하는 데 적극적인 소비자 그룹입니다. 가격에 민감하기보다는 효율성과 맛을 동시에 추구합니다.
1384,여자,60대 이상,주부,고졸(대학 재학 포함),강원도,1세대가족,기혼,맞벌이 하지 않음,300-400만원 미만,0,0.3134328358208955,0.5471627207816611,0.3031624863685929,0.8775710088148868,0.2439739413680785,0.2544255466851787,0.3695652173913043,실속형 미식가,편리성을 중시하면서도 새로운 맛과 제품을 시도하는 데 적극적인 소비자 그룹입니다. 가격에 민감하기보다는 효율성과 맛을 동시에 추구합니다.
1385,여자,60대 이상,주부,고졸(대학 재학 포함),강원도,1인 가구,미혼(사별/이혼 포함),맞벌이 하지 않음,100-200만원 미만,1,0.2559701492537312,0.3806839534009769,0.4389312977099234,0.659157688540646,0.4146579804560262,0.4116626171468238,0.3217391304347824,건강 추구형 소비자,가격이나 브랜드에 크게 구애받지 않고 건강을 최우선으로 고려하는 프리미엄 소비자 그룹입니다. 건강과 편리성을 모두 만족시키는 제품에 기꺼이 지갑을 엽니다.
1386,여자,60대 이상,단순노무 종사자,중졸 이하,강원도,1인 가구,미혼(사별/이혼 포함),맞벌이 하지 않음,100-200만원 미만,1,0.2089552238805972,0.4062382562946261,0.6668484187568156,0.8432908912830556,0.3983713355048862,0.5380076362374172,0.3782608695652173,건강 추구형 소비자,가격이나 브랜드에 크게 구애받지 않고 건강을 최우선으로 고려하는 프리미엄 소비자 그룹입니다. 건강과 편리성을 모두 만족시키는 제품에 기꺼이 지갑을 엽니다.
1387,여자,60대 이상,서비스 종사자,고졸(대학 재학 포함),강원도,1인 가구,미혼(사별/이혼 포함),맞벌이 하지 않음,300-400만원 미만,3,0.7253731343283583,0.609169485155956,0.4596510359869135,0.9020568070519096,0.5977198697068402,0.3828531759805621,0.5478260869565217,트렌드 주도형 소비자,"자신의 취향과 경험을 중시하는 소비자 그룹입니다. 단순히 배를 채우는 것 이상의 가치를 추구하며, 새로운 제품을 가장 먼저 경험하고 공유하려는 경향이 강합니다"
1388,여자,40대,판매 종사자,고졸(대학 재학 포함),충청북도,2세대가족,기혼,맞벌이 함,500-600만원 미만,0,0.3805970149253733,0.4768883878241264,0.367775354416576,0.7600391772771787,0.3429967426710098,0.1457827143352999,0.3086956521739128,실속형 미식가,편리성을 중시하면서도 새로운 맛과 제품을 시도하는 데 적극적인 소비자 그룹입니다. 가격에 민감하기보다는 효율성과 맛을 동시에 추구합니다.
1389,여자,60대 이상,주부,고졸(대학 재학 포함),강원도,1인 가구,미혼(사별/이혼 포함),맞벌이 하지 않음,100만원 미만,0,0.3231343283582089,0.3581360390830516,0.3388767720828792,0.600391772771792,0.3495114006514659,0.3110031239153068,0.4434782608695652,실속형 미식가,편리성을 중시하면서도 새로운 맛과 제품을 시도하는 데 적극적인 소비자 그룹입니다. 가격에 민감하기보다는 효율성과 맛을 동시에 추구합니다.
1390,여자,60대 이상,서비스 종사자,고졸(대학 재학 포함),경기도,2세대가족,기혼,맞벌이 함,800-900만원 미만,0,0.4022388059701491,0.5396467493423522,0.3634133042529991,0.7208619000979426,0.3091205211726388,0.5199583477959039,0.3795652173913043,실속형 미식가,편리성을 중시하면서도 새로운 맛과 제품을 시도하는 데 적극적인 소비자 그룹입니다. 가격에 민감하기보다는 효율성과 맛을 동시에 추구합니다.
1391,여자,60대 이상,주부,고졸(대학 재학 포함),강원도,1세대가족,기혼,맞벌이 하지 않음,300-400만원 미만,3,0.8141791044776119,0.5152198421645996,0.4596510359869135,0.9020568070519096,0.678827361563518,0.4217285664699756,0.6739130434782606,트렌드 주도형 소비자,"자신의 취향과 경험을 중시하는 소비자 그룹입니다. 단순히 배를 채우는 것 이상의 가치를 추구하며, 새로운 제품을 가장 먼저 경험하고 공유하려는 경향이 강합니다"
1392,여자,60대 이상,단순노무 종사자,고졸(대학 재학 포함),강원도,1세대가족,기혼,맞벌이 함,300-400만원 미만,1,0.2708955223880596,0.4325441563322056,0.7336423118865862,0.8628795298726734,0.5074918566775246,0.4161749392572023,0.2304347826086955,건강 추구형 소비자,가격이나 브랜드에 크게 구애받지 않고 건강을 최우선으로 고려하는 프리미엄 소비자 그룹입니다. 건강과 편리성을 모두 만족시키는 제품에 기꺼이 지갑을 엽니다.
1393,여자,60대 이상,서비스 종사자,고졸(대학 재학 포함),강원도,1인 가구,미혼(사별/이혼 포함),맞벌이 하지 않음,200-300만원 미만,0,0.4402985074626864,0.4795189778278843,0.3743184296619411,0.7012732615083248,0.4504885993485341,0.3106560222145087,0.3521739130434779,실속형 미식가,편리성을 중시하면서도 새로운 맛과 제품을 시도하는 데 적극적인 소비자 그룹입니다. 가격에 민감하기보다는 효율성과 맛을 동시에 추구합니다.
1394,여자,40대,사무 종사자,대학교 졸업(전문대졸/대학원생 포함),인천광역시,1인 가구,미혼(사별/이혼 포함),맞벌이 하지 않음,300-400만원 미만,0,0.4589552238805971,0.5978955279969934,0.2189203925845144,0.7845249755142015,0.2798045602605865,0.2242276987157236,0.5869565217391303,실속형 미식가,편리성을 중시하면서도 새로운 맛과 제품을 시도하는 데 적극적인 소비자 그룹입니다. 가격에 민감하기보다는 효율성과 맛을 동시에 추구합니다.
1395,여자,30대,주부,대학교 졸업(전문대졸/대학원생 포함),대구광역시,3세대가족,기혼,맞벌이 하지 않음,300-400만원 미만,1,0.358955223880597,0.3536264562194665,0.6480370774263904,0.6865817825661112,0.5263843648208468,0.5730649080180492,0.2926086956521738,건강 추구형 소비자,가격이나 브랜드에 크게 구애받지 않고 건강을 최우선으로 고려하는 프리미엄 소비자 그룹입니다. 건강과 편리성을 모두 만족시키는 제품에 기꺼이 지갑을 엽니다.
1396,여자,30대,판매 종사자,고졸(대학 재학 포함),충청북도,1세대가족,기혼,맞벌이 함,500-600만원 미만,0,0.3753731343283583,0.5546786922209697,0.2786259541984729,0.7208619000979426,0.3267100977198698,0.1492537313432833,0.1956521739130433,실속형 미식가,편리성을 중시하면서도 새로운 맛과 제품을 시도하는 데 적극적인 소비자 그룹입니다. 가격에 민감하기보다는 효율성과 맛을 동시에 추구합니다.
1397,여자,60대 이상,농림어업 숙련 종사자,고졸(대학 재학 포함),강원도,1세대가족,기혼,맞벌이 함,300-400만원 미만,3,0.6649253731343283,0.4663660278090942,0.4670119956379497,0.9020568070519096,0.6657980456026057,0.4505380076362372,0.652173913043478,트렌드 주도형 소비자,"자신의 취향과 경험을 중시하는 소비자 그룹입니다. 단순히 배를 채우는 것 이상의 가치를 추구하며, 새로운 제품을 가장 먼저 경험하고 공유하려는 경향이 강합니다"
1398,여자,40대,서비스 종사자,고졸(대학 재학 포함),경기도,2세대가족,기혼,맞벌이 함,500-600만원 미만,0,0.2059701492537315,0.5434047350620065,0.3034351145038165,0.7992164544564151,0.2504885993485342,0.5192641443943072,0.4839130434782607,실속형 미식가,편리성을 중시하면서도 새로운 맛과 제품을 시도하는 데 적극적인 소비자 그룹입니다. 가격에 민감하기보다는 효율성과 맛을 동시에 추구합니다.
1399,여자,60대 이상,판매 종사자,중졸 이하,충청북도,1세대가족,기혼,맞벌이 함,500-600만원 미만,0,0.4425373134328358,0.520856820744081,0.2996183206106873,0.7600391772771787,0.2973941368078175,0.1388406803193333,0.2826086956521738,실속형 미식가,편리성을 중시하면서도 새로운 맛과 제품을 시도하는 데 적극적인 소비자 그룹입니다. 가격에 민감하기보다는 효율성과 맛을 동시에 추구합니다.
1400,여자,50대,판매 종사자,고졸(대학 재학 포함),서울특별시,2세대가족,기혼,맞벌이 함,600-700만원 미만,3,0.708955223880597,0.4438181134911688,0.6305888767720824,0.8432908912830556,0.6664495114006516,0.2672683096147167,0.4447826086956521,트렌드 주도형 소비자,"자신의 취향과 경험을 중시하는 소비자 그룹입니다. 단순히 배를 채우는 것 이상의 가치를 추구하며, 새로운 제품을 가장 먼저 경험하고 공유하려는 경향이 강합니다"
1401,여자,60대 이상,기능원 및 관련 기능 종사자,고졸(대학 재학 포함),충청북도,1세대가족,기혼,맞벌이 함,500-600만원 미만,0,0.4425373134328358,0.5434047350620065,0.330425299890949,0.7796278158667972,0.2973941368078175,0.1457827143352999,0.2347826086956519,실속형 미식가,편리성을 중시하면서도 새로운 맛과 제품을 시도하는 데 적극적인 소비자 그룹입니다. 가격에 민감하기보다는 효율성과 맛을 동시에 추구합니다.
1402,여자,20대,주부,대학교 졸업(전문대졸/대학원생 포함),대구광역시,2세대가족,기혼,맞벌이 하지 않음,200-300만원 미만,0,0.2977611940298509,0.4889139421270199,0.4727371864776447,0.8824681684622918,0.2570032573289904,0.5019090593543907,0.2260869565217391,실속형 미식가,편리성을 중시하면서도 새로운 맛과 제품을 시도하는 데 적극적인 소비자 그룹입니다. 가격에 민감하기보다는 효율성과 맛을 동시에 추구합니다.
1403,여자,40대,단순노무 종사자,고졸(대학 재학 포함),강원도,1인 가구,미혼(사별/이혼 포함),맞벌이 하지 않음,200-300만원 미만,3,0.6947761194029852,0.4926719278466742,0.5024536532170119,0.8824681684622918,0.6407166123778503,0.4505380076362372,0.6056521739130434,트렌드 주도형 소비자,"자신의 취향과 경험을 중시하는 소비자 그룹입니다. 단순히 배를 채우는 것 이상의 가치를 추구하며, 새로운 제품을 가장 먼저 경험하고 공유하려는 경향이 강합니다"
1404,여자,50대,사무 종사자,고졸(대학 재학 포함),충청북도,2세대가족,기혼,맞벌이 함,500-600만원 미만,0,0.3604477611940297,0.6298384066140549,0.2470010905125408,0.7600391772771787,0.2257328990228016,0.1874349184311001,0.1391304347826087,실속형 미식가,편리성을 중시하면서도 새로운 맛과 제품을 시도하는 데 적극적인 소비자 그룹입니다. 가격에 민감하기보다는 효율성과 맛을 동시에 추구합니다.
1405,여자,40대,주부,대학교 졸업(전문대졸/대학원생 포함),대구광역시,2세대가족,기혼,맞벌이 하지 않음,400-500만원 미만,0,0.3791044776119404,0.6805712138293873,0.2988004362050161,0.9804113614103814,0.2583061889250815,0.5748004165220407,0.5739130434782607,실속형 미식가,편리성을 중시하면서도 새로운 맛과 제품을 시도하는 데 적극적인 소비자 그룹입니다. 가격에 민감하기보다는 효율성과 맛을 동시에 추구합니다.
1406,남자,60대 이상,기능원 및 관련 기능 종사자,고졸(대학 재학 포함),충청북도,1세대가족,기혼,맞벌이 함,500-600만원 미만,0,0.3552238805970148,0.6009019165727167,0.3350599781897492,0.7796278158667972,0.2462540716612379,0.1457827143352999,0.2491304347826085,실속형 미식가,편리성을 중시하면서도 새로운 맛과 제품을 시도하는 데 적극적인 소비자 그룹입니다. 가격에 민감하기보다는 효율성과 맛을 동시에 추구합니다.
1407,여자,60대 이상,주부,고졸(대학 재학 포함),강원도,1세대가족,기혼,맞벌이 하지 않음,200-300만원 미만,1,0.257462686567164,0.4062382562946261,0.7279171210468922,0.8628795298726734,0.3990228013029316,0.4543561263450187,0.4260869565217389,건강 추구형 소비자,가격이나 브랜드에 크게 구애받지 않고 건강을 최우선으로 고려하는 프리미엄 소비자 그룹입니다. 건강과 편리성을 모두 만족시키는 제품에 기꺼이 지갑을 엽니다.
1408,남자,40대,사무 종사자,대학교 졸업(전문대졸/대학원생 포함),경기도,1인 가구,미혼(사별/이혼 포함),맞벌이 하지 않음,300-400만원 미만,0,0.2529850746268655,0.4569710635099583,0.2671755725190841,0.7992164544564151,0.3677524429967428,0.4175633460603956,0.2739130434782606,실속형 미식가,편리성을 중시하면서도 새로운 맛과 제품을 시도하는 데 적극적인 소비자 그룹입니다. 가격에 민감하기보다는 효율성과 맛을 동시에 추구합니다.
1409,여자,50대,서비스 종사자,대학교 졸업(전문대졸/대학원생 포함),강원도,1세대가족,기혼,맞벌이 함,400-500만원 미만,3,0.787313432835821,0.5152198421645996,0.4888222464558338,0.941234084231146,0.6713355048859937,0.3401596667823672,0.6347826086956521,트렌드 주도형 소비자,"자신의 취향과 경험을 중시하는 소비자 그룹입니다. 단순히 배를 채우는 것 이상의 가치를 추구하며, 새로운 제품을 가장 먼저 경험하고 공유하려는 경향이 강합니다"
1410,여자,60대 이상,사무 종사자,대학교 졸업(전문대졸/대학원생 포함),충청북도,2세대가족,기혼,맞벌이 함,700-800만원 미만,0,0.4723880597014926,0.5697106350995865,0.3315158124318428,0.7796278158667972,0.3201954397394137,0.1249566122874,0.1752173913043478,실속형 미식가,편리성을 중시하면서도 새로운 맛과 제품을 시도하는 데 적극적인 소비자 그룹입니다. 가격에 민감하기보다는 효율성과 맛을 동시에 추구합니다.
1411,여자,40대,주부,대학교 졸업(전문대졸/대학원생 포함),대구광역시,2세대가족,기혼,맞벌이 하지 않음,400-500만원 미만,1,0.4477611940298506,0.4363021420518599,0.6660305343511452,0.9804113614103814,0.6319218241042346,0.4803887539048939,0.1739130434782606,건강 추구형 소비자,가격이나 브랜드에 크게 구애받지 않고 건강을 최우선으로 고려하는 프리미엄 소비자 그룹입니다. 건강과 편리성을 모두 만족시키는 제품에 기꺼이 지갑을 엽니다.
1412,여자,50대,사무 종사자,대학교 졸업(전문대졸/대학원생 포함),대구광역시,2세대가족,기혼,맞벌이 함,200-300만원 미만,0,0.3559701492537312,0.408117249154453,0.4809160305343513,0.6425073457394708,0.4120521172638439,0.3943075321069071,0.536086956521739,실속형 미식가,편리성을 중시하면서도 새로운 맛과 제품을 시도하는 데 적극적인 소비자 그룹입니다. 가격에 민감하기보다는 효율성과 맛을 동시에 추구합니다.
1413,여자,20대,주부,고졸(대학 재학 포함),경기도,2세대가족,기혼,맞벌이 하지 않음,200-300만원 미만,0,0.2977611940298509,0.603532506576475,0.1717557251908393,0.7796278158667972,0.3491856677524431,0.4508851093370354,0.4360869565217389,실속형 미식가,편리성을 중시하면서도 새로운 맛과 제품을 시도하는 데 적극적인 소비자 그룹입니다. 가격에 민감하기보다는 효율성과 맛을 동시에 추구합니다.
1414,여자,50대,단순노무 종사자,고졸(대학 재학 포함),충청북도,2세대가족,기혼,맞벌이 함,500-600만원 미만,0,0.4522388059701491,0.5095828635851184,0.2598146128680478,0.7796278158667972,0.3166123778501631,0.1770218674071501,0.2739130434782606,실속형 미식가,편리성을 중시하면서도 새로운 맛과 제품을 시도하는 데 적극적인 소비자 그룹입니다. 가격에 민감하기보다는 효율성과 맛을 동시에 추구합니다.
1415,여자,50대,서비스 종사자,고졸(대학 재학 포함),경기도,1인 가구,미혼(사별/이혼 포함),맞벌이 하지 않음,200-300만원 미만,0,0.3902985074626864,0.5809845922585491,0.3334242093784078,0.740450538687561,0.2843648208469057,0.4081916001388405,0.2652173913043478,실속형 미식가,편리성을 중시하면서도 새로운 맛과 제품을 시도하는 데 적극적인 소비자 그룹입니다. 가격에 민감하기보다는 효율성과 맛을 동시에 추구합니다.
1416,여자,60대 이상,주부,고졸(대학 재학 포함),대구광역시,2세대가족,기혼,맞벌이 하지 않음,500-600만원 미만,1,0.3223880597014926,0.4231491920330704,0.5458015267175571,0.6620959843290886,0.4355048859934853,0.4057618882332523,0.4695652173913042,건강 추구형 소비자,가격이나 브랜드에 크게 구애받지 않고 건강을 최우선으로 고려하는 프리미엄 소비자 그룹입니다. 건강과 편리성을 모두 만족시키는 제품에 기꺼이 지갑을 엽니다.
1417,여자,50대,사무 종사자,대학교 졸업(전문대졸/대학원생 포함),경기도,2세대가족,기혼,맞벌이 함,800-900만원 미만,0,0.2999999999999998,0.4870349492671926,0.3538713195201745,0.7796278158667972,0.2644951140065148,0.4727525164873305,0.5347826086956521,실속형 미식가,편리성을 중시하면서도 새로운 맛과 제품을 시도하는 데 적극적인 소비자 그룹입니다. 가격에 민감하기보다는 효율성과 맛을 동시에 추구합니다.
1418,여자,40대,주부,대학교 졸업(전문대졸/대학원생 포함),대구광역시,3세대가족,기혼,맞벌이 하지 않음,400-500만원 미만,1,0.4425373134328358,0.69184517098835,0.5847873500545253,0.9608227228207636,0.4586319218241043,0.3134328358208954,0.2695652173913042,건강 추구형 소비자,가격이나 브랜드에 크게 구애받지 않고 건강을 최우선으로 고려하는 프리미엄 소비자 그룹입니다. 건강과 편리성을 모두 만족시키는 제품에 기꺼이 지갑을 엽니다.
1419,여자,60대 이상,판매 종사자,고졸(대학 재학 포함),강원도,1세대가족,기혼,맞벌이 함,300-400만원 미만,0,0.3059701492537312,0.3994738819992485,0.3988549618320612,0.659157688540646,0.3537459283387623,0.3179451579312734,0.334782608695652,실속형 미식가,편리성을 중시하면서도 새로운 맛과 제품을 시도하는 데 적극적인 소비자 그룹입니다. 가격에 민감하기보다는 효율성과 맛을 동시에 추구합니다.
1420,여자,60대 이상,판매 종사자,대학교 졸업(전문대졸/대학원생 포함),서울특별시,1인 가구,미혼(사별/이혼 포함),맞벌이 하지 않음,500-600만원 미만,1,0.4164179104477612,0.5246148064637354,0.4950926935659762,0.8383937316356512,0.3381107491856676,0.2290871225269002,0.2304347826086955,건강 추구형 소비자,가격이나 브랜드에 크게 구애받지 않고 건강을 최우선으로 고려하는 프리미엄 소비자 그룹입니다. 건강과 편리성을 모두 만족시키는 제품에 기꺼이 지갑을 엽니다.
1421,여자,60대 이상,농림어업 숙련 종사자,중졸 이하,강원도,1인 가구,미혼(사별/이혼 포함),맞벌이 하지 않음,200-300만원 미만,0,0.1417910447761194,0.4099962420142803,0.3233369683751362,0.7845249755142015,0.2006514657980457,0.2971190558833736,0.6217391304347826,실속형 미식가,편리성을 중시하면서도 새로운 맛과 제품을 시도하는 데 적극적인 소비자 그룹입니다. 가격에 민감하기보다는 효율성과 맛을 동시에 추구합니다.
1422,여자,50대,판매 종사자,고졸(대학 재학 포함),경기도,1인 가구,미혼(사별/이혼 포함),맞벌이 하지 않음,200-300만원 미만,0,0.2208955223880596,0.4870349492671926,0.3279716466739364,0.7796278158667972,0.2928338762214983,0.5400902464422072,0.4304347826086956,실속형 미식가,편리성을 중시하면서도 새로운 맛과 제품을 시도하는 데 적극적인 소비자 그룹입니다. 가격에 민감하기보다는 효율성과 맛을 동시에 추구합니다.
1423,여자,60대 이상,주부,고졸(대학 재학 포함),강원도,1세대가족,기혼,맞벌이 하지 않음,300-400만원 미만,1,0.2238805970149253,0.4062382562946261,0.744547437295529,0.8628795298726734,0.4482084690553748,0.4661575841721623,0.3391304347826084,건강 추구형 소비자,가격이나 브랜드에 크게 구애받지 않고 건강을 최우선으로 고려하는 프리미엄 소비자 그룹입니다. 건강과 편리성을 모두 만족시키는 제품에 기꺼이 지갑을 엽니다.
1424,여자,50대,서비스 종사자,대학교 졸업(전문대졸/대학원생 포함),인천광역시,2세대가족,기혼,맞벌이 함,600-700만원 미만,0,0.212686567164179,0.6129274708756103,0.4473827699018535,0.8237022526934379,0.1859934853420198,0.236376258243665,0.578260869565217,실속형 미식가,편리성을 중시하면서도 새로운 맛과 제품을 시도하는 데 적극적인 소비자 그룹입니다. 가격에 민감하기보다는 효율성과 맛을 동시에 추구합니다.
1425,여자,50대,서비스 종사자,고졸(대학 재학 포함),경기도,1세대가족,기혼,맞벌이 함,400-500만원 미만,0,0.4171641791044776,0.4870349492671926,0.2802617230098144,0.7600391772771787,0.2798045602605865,0.328705310656022,0.5999999999999999,실속형 미식가,편리성을 중시하면서도 새로운 맛과 제품을 시도하는 데 적극적인 소비자 그룹입니다. 가격에 민감하기보다는 효율성과 맛을 동시에 추구합니다.
1426,여자,30대,사무 종사자,대학교 졸업(전문대졸/대학원생 포함),서울특별시,1세대가족,기혼,맞벌이 함,600-700만원 미만,1,0.2985074626865673,0.5039458850056369,0.6281352235550706,0.8041136141038193,0.2801302931596094,0.2117320374869833,0.3086956521739128,건강 추구형 소비자,가격이나 브랜드에 크게 구애받지 않고 건강을 최우선으로 고려하는 프리미엄 소비자 그룹입니다. 건강과 편리성을 모두 만족시키는 제품에 기꺼이 지갑을 엽니다.
1427,여자,60대 이상,사무 종사자,대학교 졸업(전문대졸/대학원생 포함),충청북도,1세대가족,기혼,맞벌이 함,500-600만원 미만,0,0.246268656716418,0.5283727921833896,0.3451472191930209,0.7600391772771787,0.3039087947882737,0.1457827143352999,0.2969565217391302,실속형 미식가,편리성을 중시하면서도 새로운 맛과 제품을 시도하는 데 적극적인 소비자 그룹입니다. 가격에 민감하기보다는 효율성과 맛을 동시에 추구합니다.
1428,여자,60대 이상,주부,고졸(대학 재학 포함),충청북도,1인 가구,미혼(사별/이혼 포함),맞벌이 하지 않음,100-200만원 미만,0,0.4052238805970148,0.5708380308154829,0.2232824427480911,0.7012732615083248,0.3114006514657981,0.1770218674071501,0.3521739130434779,실속형 미식가,편리성을 중시하면서도 새로운 맛과 제품을 시도하는 데 적극적인 소비자 그룹입니다. 가격에 민감하기보다는 효율성과 맛을 동시에 추구합니다.
1429,여자,60대 이상,주부,고졸(대학 재학 포함),강원도,1세대가족,기혼,맞벌이 하지 않음,300-400만원 미만,3,0.8208955223880599,0.57271702367531,0.4942748091603051,0.9216454456415274,0.5557003257328991,0.4113155154460256,0.6695652173913043,트렌드 주도형 소비자,"자신의 취향과 경험을 중시하는 소비자 그룹입니다. 단순히 배를 채우는 것 이상의 가치를 추구하며, 새로운 제품을 가장 먼저 경험하고 공유하려는 경향이 강합니다"
1430,남자,30대,전문가 및 관련 종사자,대학교 졸업(전문대졸/대학원생 포함),충청북도,1인 가구,미혼(사별/이혼 포함),맞벌이 하지 않음,200-300만원 미만,0,0.3850746268656718,0.5933859451334084,0.2532715376226825,0.7796278158667972,0.2439739413680785,0.1631377993752169,0.2565217391304346,실속형 미식가,편리성을 중시하면서도 새로운 맛과 제품을 시도하는 데 적극적인 소비자 그룹입니다. 가격에 민감하기보다는 효율성과 맛을 동시에 추구합니다.
1431,여자,60대 이상,단순노무 종사자,고졸(대학 재학 포함),충청북도,1세대가족,기혼,맞벌이 함,500-600만원 미만,0,0.3134328358208955,0.6110484780157834,0.2559978189749179,0.7600391772771787,0.2019543973941368,0.1839639014231168,0.2434782608695651,실속형 미식가,편리성을 중시하면서도 새로운 맛과 제품을 시도하는 데 적극적인 소비자 그룹입니다. 가격에 민감하기보다는 효율성과 맛을 동시에 추구합니다.
1432,여자,50대,서비스 종사자,고졸(대학 재학 포함),강원도,1세대가족,기혼,맞벌이 함,400-500만원 미만,1,0.2485074626865673,0.4325441563322056,0.7739912758996728,0.8628795298726734,0.5697068403908796,0.4127039222492189,0.3565217391304347,건강 추구형 소비자,가격이나 브랜드에 크게 구애받지 않고 건강을 최우선으로 고려하는 프리미엄 소비자 그룹입니다. 건강과 편리성을 모두 만족시키는 제품에 기꺼이 지갑을 엽니다.
1433,여자,50대,서비스 종사자,대학교 졸업(전문대졸/대학원생 포함),서울특별시,2세대가족,미혼(사별/이혼 포함),맞벌이 하지 않음,300-400만원 미만,1,0.1641791044776118,0.477639984968057,0.6022355507088326,0.8237022526934379,0.3029315960912055,0.2551197500867753,0.4143478260869565,건강 추구형 소비자,가격이나 브랜드에 크게 구애받지 않고 건강을 최우선으로 고려하는 프리미엄 소비자 그룹입니다. 건강과 편리성을 모두 만족시키는 제품에 기꺼이 지갑을 엽니다.
1434,남자,60대 이상,기능원 및 관련 기능 종사자,고졸(대학 재학 포함),충청북도,1인 가구,미혼(사별/이혼 포함),맞벌이 하지 않음,200-300만원 미만,0,0.4052238805970148,0.5772266065388949,0.2688113413304255,0.7796278158667972,0.374267100977199,0.1770218674071501,0.2217391304347824,실속형 미식가,편리성을 중시하면서도 새로운 맛과 제품을 시도하는 데 적극적인 소비자 그룹입니다. 가격에 민감하기보다는 효율성과 맛을 동시에 추구합니다.
1435,여자,40대,사무 종사자,대학교 졸업(전문대졸/대학원생 포함),제주특별자치도,1인 가구,미혼(사별/이혼 포함),맞벌이 하지 않음,100-200만원 미만,1,0.044776119402985,0.3799323562570461,0.6191384950926937,0.7453476983349653,0.4651465798045605,0.1735508503991668,0.5304347826086953,건강 추구형 소비자,가격이나 브랜드에 크게 구애받지 않고 건강을 최우선으로 고려하는 프리미엄 소비자 그룹입니다. 건강과 편리성을 모두 만족시키는 제품에 기꺼이 지갑을 엽니다.
1436,여자,50대,서비스 종사자,대학교 졸업(전문대졸/대학원생 포함),제주특별자치도,2세대가족,미혼(사별/이혼 포함),맞벌이 하지 않음,200-300만원 미만,0,0.044776119402985,0.3799323562570461,0.6183206106870225,0.7453476983349653,0.3289902280130297,0.2370704616452617,0.5217391304347825,실속형 미식가,편리성을 중시하면서도 새로운 맛과 제품을 시도하는 데 적극적인 소비자 그룹입니다. 가격에 민감하기보다는 효율성과 맛을 동시에 추구합니다.
1437,여자,50대,서비스 종사자,고졸(대학 재학 포함),강원도,1세대가족,기혼,맞벌이 함,400-500만원 미만,1,0.2388059701492538,0.4062382562946261,0.7898037077426392,0.8628795298726734,0.5537459283387621,0.3398125650815686,0.2782608695652173,건강 추구형 소비자,가격이나 브랜드에 크게 구애받지 않고 건강을 최우선으로 고려하는 프리미엄 소비자 그룹입니다. 건강과 편리성을 모두 만족시키는 제품에 기꺼이 지갑을 엽니다.
1438,여자,60대 이상,판매 종사자,고졸(대학 재학 포함),서울특별시,1세대가족,기혼,맞벌이 함,300-400만원 미만,3,0.5597014925373136,0.4832769635475384,0.372955288985823,0.7992164544564151,0.4123778501628664,0.2589378687955568,0.5347826086956521,트렌드 주도형 소비자,"자신의 취향과 경험을 중시하는 소비자 그룹입니다. 단순히 배를 채우는 것 이상의 가치를 추구하며, 새로운 제품을 가장 먼저 경험하고 공유하려는 경향이 강합니다"
1439,여자,60대 이상,주부,고졸(대학 재학 포함),경기도,1세대가족,기혼,맞벌이 하지 않음,300-400만원 미만,0,0.4052238805970148,0.5415257422021796,0.461286804798255,0.8628795298726734,0.3133550488599351,0.2325581395348835,0.6304347826086953,실속형 미식가,편리성을 중시하면서도 새로운 맛과 제품을 시도하는 데 적극적인 소비자 그룹입니다. 가격에 민감하기보다는 효율성과 맛을 동시에 추구합니다.
1440,여자,40대,사무 종사자,대학교 졸업(전문대졸/대학원생 포함),울산광역시,2세대가족,기혼,맞벌이 함,400-500만원 미만,3,0.6723880597014925,0.5903795565576849,0.3838604143947658,0.9020568070519096,0.3807817589576547,0.3710517181534187,0.6652173913043476,트렌드 주도형 소비자,"자신의 취향과 경험을 중시하는 소비자 그룹입니다. 단순히 배를 채우는 것 이상의 가치를 추구하며, 새로운 제품을 가장 먼저 경험하고 공유하려는 경향이 강합니다"
1441,여자,60대 이상,서비스 종사자,고졸(대학 재학 포함),강원도,1세대가족,기혼,맞벌이 함,300-400만원 미만,3,0.5074626865671642,0.3581360390830516,0.2952562704471098,0.600391772771792,0.4863192182410426,0.2971190558833736,0.3608695652173911,트렌드 주도형 소비자,"자신의 취향과 경험을 중시하는 소비자 그룹입니다. 단순히 배를 채우는 것 이상의 가치를 추구하며, 새로운 제품을 가장 먼저 경험하고 공유하려는 경향이 강합니다"
1442,여자,40대,사무 종사자,대학교 졸업(전문대졸/대학원생 포함),경기도,2세대가족,기혼,맞벌이 함,600-700만원 미만,0,0.4253731343283584,0.5077038707252911,0.2933478735005455,0.8432908912830556,0.3185667752442996,0.2013189864630334,0.7404347826086954,실속형 미식가,편리성을 중시하면서도 새로운 맛과 제품을 시도하는 데 적극적인 소비자 그룹입니다. 가격에 민감하기보다는 효율성과 맛을 동시에 추구합니다.
1443,여자,40대,사무 종사자,대학교 졸업(전문대졸/대학원생 포함),인천광역시,2세대가족,기혼,맞벌이 함,500-600만원 미만,3,0.667910447761194,0.6974821495678315,0.4214830970556162,0.7600391772771787,0.591530944625407,0.3019784796945503,0.4999999999999998,트렌드 주도형 소비자,"자신의 취향과 경험을 중시하는 소비자 그룹입니다. 단순히 배를 채우는 것 이상의 가치를 추구하며, 새로운 제품을 가장 먼저 경험하고 공유하려는 경향이 강합니다"
1444,여자,60대 이상,주부,고졸(대학 재학 포함),강원도,1세대가족,기혼,맞벌이 하지 않음,300-400만원 미만,3,0.6559701492537315,0.4889139421270199,0.5801526717557253,0.9216454456415274,0.5755700325732901,0.4973967372440122,0.5956521739130434,트렌드 주도형 소비자,"자신의 취향과 경험을 중시하는 소비자 그룹입니다. 단순히 배를 채우는 것 이상의 가치를 추구하며, 새로운 제품을 가장 먼저 경험하고 공유하려는 경향이 강합니다"
1445,여자,30대,주부,고졸(대학 재학 포함),대구광역시,2세대가족,기혼,맞벌이 하지 않음,200-300만원 미만,0,0.2358208955223881,0.5603156708004507,0.1597600872410035,0.647404505386875,0.328013029315961,0.3401596667823672,0.2739130434782606,실속형 미식가,편리성을 중시하면서도 새로운 맛과 제품을 시도하는 데 적극적인 소비자 그룹입니다. 가격에 민감하기보다는 효율성과 맛을 동시에 추구합니다.
1446,여자,60대 이상,농림어업 숙련 종사자,고졸(대학 재학 포함),강원도,1세대가족,기혼,맞벌이 함,200-300만원 미만,0,0.121641791044776,0.3987222848553172,0.4601962922573612,0.8628795298726734,0.3309446254071662,0.4057618882332523,0.317391304347826,실속형 미식가,편리성을 중시하면서도 새로운 맛과 제품을 시도하는 데 적극적인 소비자 그룹입니다. 가격에 민감하기보다는 효율성과 맛을 동시에 추구합니다.
1447,여자,40대,서비스 종사자,대학교 졸업(전문대졸/대학원생 포함),경기도,2세대가족,기혼,맞벌이 함,500-600만원 미만,3,0.6044776119402987,0.676813228109733,0.4580152671755728,0.9216454456415274,0.3726384364820849,0.2290871225269002,0.734782608695652,트렌드 주도형 소비자,"자신의 취향과 경험을 중시하는 소비자 그룹입니다. 단순히 배를 채우는 것 이상의 가치를 추구하며, 새로운 제품을 가장 먼저 경험하고 공유하려는 경향이 강합니다"
1448,여자,60대 이상,사무 종사자,고졸(대학 재학 포함),서울특별시,1세대가족,기혼,맞벌이 함,"1,000만원 이상",1,0.3888059701492539,0.5678316422397591,0.6736641221374042,0.8824681684622918,0.4074918566775247,0.2186740715029503,0.2695652173913042,건강 추구형 소비자,가격이나 브랜드에 크게 구애받지 않고 건강을 최우선으로 고려하는 프리미엄 소비자 그룹입니다. 건강과 편리성을 모두 만족시키는 제품에 기꺼이 지갑을 엽니다.
1449,여자,40대,서비스 종사자,대학교 졸업(전문대졸/대학원생 포함),서울특별시,2세대가족,기혼,맞벌이 함,600-700만원 미만,3,0.78955223880597,0.4193912063134161,0.5796074154852782,0.8775710088148868,0.5918566775244299,0.2752516487330785,0.5086956521739129,트렌드 주도형 소비자,"자신의 취향과 경험을 중시하는 소비자 그룹입니다. 단순히 배를 채우는 것 이상의 가치를 추구하며, 새로운 제품을 가장 먼저 경험하고 공유하려는 경향이 강합니다"
1450,여자,20대,서비스 종사자,대학교 졸업(전문대졸/대학원생 포함),대구광역시,1세대가족,기혼,맞벌이 함,400-500만원 미만,0,0.2298507462686567,0.4325441563322056,0.1943838604143943,0.8237022526934379,0.2697068403908799,0.5019090593543907,0.5391304347826085,실속형 미식가,편리성을 중시하면서도 새로운 맛과 제품을 시도하는 데 적극적인 소비자 그룹입니다. 가격에 민감하기보다는 효율성과 맛을 동시에 추구합니다.
1451,여자,40대,사무 종사자,대학교 졸업(전문대졸/대학원생 포함),경기도,2세대가족,기혼,맞벌이 함,500-600만원 미만,0,0.4589552238805971,0.5039458850056369,0.3516902944383861,0.8041136141038193,0.2094462540716612,0.1867407150295034,0.7304347826086953,실속형 미식가,편리성을 중시하면서도 새로운 맛과 제품을 시도하는 데 적극적인 소비자 그룹입니다. 가격에 민감하기보다는 효율성과 맛을 동시에 추구합니다.
1452,여자,40대,판매 종사자,고졸(대학 재학 포함),강원도,2세대가족,기혼,맞벌이 함,400-500만원 미만,3,0.6380597014925374,0.5227358136039083,0.4697382769901851,0.9020568070519096,0.5540716612377851,0.436653939604304,0.7130434782608693,트렌드 주도형 소비자,"자신의 취향과 경험을 중시하는 소비자 그룹입니다. 단순히 배를 채우는 것 이상의 가치를 추구하며, 새로운 제품을 가장 먼저 경험하고 공유하려는 경향이 강합니다"
1453,여자,60대 이상,서비스 종사자,고졸(대학 재학 포함),강원도,1세대가족,기혼,맞벌이 함,300-400만원 미만,0,0.4253731343283584,0.4032318677189027,0.3470556161395858,0.5808031341821742,0.3853420195439739,0.2346407497396736,0.4304347826086956,실속형 미식가,편리성을 중시하면서도 새로운 맛과 제품을 시도하는 데 적극적인 소비자 그룹입니다. 가격에 민감하기보다는 효율성과 맛을 동시에 추구합니다.
1454,남자,20대,사무 종사자,고졸(대학 재학 포함),대구광역시,1세대가족,기혼,맞벌이 하지 않음,200-300만원 미만,0,0.126865671641791,0.3791807591131153,0.2843511450381678,0.8188050930460328,0.2931596091205213,0.2624088858035401,0.3534782608695652,실속형 미식가,편리성을 중시하면서도 새로운 맛과 제품을 시도하는 데 적극적인 소비자 그룹입니다. 가격에 민감하기보다는 효율성과 맛을 동시에 추구합니다.
1455,여자,50대,판매 종사자,대학교 졸업(전문대졸/대학원생 포함),인천광역시,2세대가족,기혼,맞벌이 함,600-700만원 미만,3,0.6216417910447761,0.5715896279594138,0.3991275899672846,0.8237022526934379,0.4130293159609121,0.2429711905588335,0.5404347826086954,트렌드 주도형 소비자,"자신의 취향과 경험을 중시하는 소비자 그룹입니다. 단순히 배를 채우는 것 이상의 가치를 추구하며, 새로운 제품을 가장 먼저 경험하고 공유하려는 경향이 강합니다"
1456,여자,40대,사무 종사자,대학교 졸업(전문대졸/대학원생 포함),경기도,2세대가족,기혼,맞벌이 함,500-600만원 미만,3,0.6417910447761195,0.6505073280721531,0.3718647764449292,0.9020568070519096,0.3221498371335506,0.240541478653245,0.5913043478260867,트렌드 주도형 소비자,"자신의 취향과 경험을 중시하는 소비자 그룹입니다. 단순히 배를 채우는 것 이상의 가치를 추구하며, 새로운 제품을 가장 먼저 경험하고 공유하려는 경향이 강합니다"
1457,여자,40대,사무 종사자,대학교 졸업(전문대졸/대학원생 포함),경기도,2세대가족,기혼,맞벌이 함,500-600만원 미만,3,0.5746268656716418,0.5077038707252911,0.3405125408942199,0.8824681684622918,0.4693811074918568,0.2221450885109336,0.6999999999999997,트렌드 주도형 소비자,"자신의 취향과 경험을 중시하는 소비자 그룹입니다. 단순히 배를 채우는 것 이상의 가치를 추구하며, 새로운 제품을 가장 먼저 경험하고 공유하려는 경향이 강합니다"
1458,여자,60대 이상,주부,중졸 이하,강원도,1세대가족,기혼,맞벌이 하지 않음,100-200만원 미만,1,0.2037313432835822,0.4062382562946261,0.543347873500545,0.8824681684622918,0.3895765472312707,0.501214855952794,0.434782608695652,건강 추구형 소비자,가격이나 브랜드에 크게 구애받지 않고 건강을 최우선으로 고려하는 프리미엄 소비자 그룹입니다. 건강과 편리성을 모두 만족시키는 제품에 기꺼이 지갑을 엽니다.
1459,여자,60대 이상,사무 종사자,대학교 졸업(전문대졸/대학원생 포함),강원도,1인 가구,미혼(사별/이혼 포함),맞벌이 하지 않음,400-500만원 미만,3,0.6276119402985075,0.5501691093573845,0.4342966194111231,0.9020568070519096,0.4941368078175899,0.4123568205484204,0.6565217391304344,트렌드 주도형 소비자,"자신의 취향과 경험을 중시하는 소비자 그룹입니다. 단순히 배를 채우는 것 이상의 가치를 추구하며, 새로운 제품을 가장 먼저 경험하고 공유하려는 경향이 강합니다"
1460,여자,40대,사무 종사자,대학교 졸업(전문대졸/대학원생 포함),경기도,2세대가족,기혼,맞벌이 함,500-600만원 미만,0,0.4253731343283584,0.6467493423524988,0.4097600872410031,0.8237022526934379,0.2657980456026059,0.1770218674071501,0.4956521739130434,실속형 미식가,편리성을 중시하면서도 새로운 맛과 제품을 시도하는 데 적극적인 소비자 그룹입니다. 가격에 민감하기보다는 효율성과 맛을 동시에 추구합니다.
1461,여자,40대,사무 종사자,대학교 졸업(전문대졸/대학원생 포함),경기도,2세대가족,기혼,맞벌이 함,500-600만원 미만,0,0.373134328358209,0.6956031567080042,0.4541984732824429,0.8432908912830556,0.2745928338762215,0.1978479694550501,0.5608695652173911,실속형 미식가,편리성을 중시하면서도 새로운 맛과 제품을 시도하는 데 적극적인 소비자 그룹입니다. 가격에 민감하기보다는 효율성과 맛을 동시에 추구합니다.
1462,여자,60대 이상,주부,고졸(대학 재학 포함),서울특별시,1세대가족,기혼,맞벌이 하지 않음,200-300만원 미만,3,0.6753731343283582,0.3404735062006764,0.3053435114503813,0.7992164544564151,0.4651465798045605,0.2992016660881635,0.5217391304347825,트렌드 주도형 소비자,"자신의 취향과 경험을 중시하는 소비자 그룹입니다. 단순히 배를 채우는 것 이상의 가치를 추구하며, 새로운 제품을 가장 먼저 경험하고 공유하려는 경향이 강합니다"
1463,여자,40대,사무 종사자,대학교 졸업(전문대졸/대학원생 포함),인천광역시,2세대가족,기혼,맞벌이 함,400-500만원 미만,3,0.6029850746268658,0.6805712138293873,0.4743729552889853,0.8237022526934379,0.3491856677524431,0.3054494967025336,0.4695652173913042,트렌드 주도형 소비자,"자신의 취향과 경험을 중시하는 소비자 그룹입니다. 단순히 배를 채우는 것 이상의 가치를 추구하며, 새로운 제품을 가장 먼저 경험하고 공유하려는 경향이 강합니다"
1464,여자,50대,서비스 종사자,대학교 졸업(전문대졸/대학원생 포함),경기도,2세대가족,기혼,맞벌이 함,700-800만원 미만,0,0.2201492537313432,0.609169485155956,0.3137949836423115,0.8432908912830556,0.213680781758958,0.2093023255813952,0.5999999999999999,실속형 미식가,편리성을 중시하면서도 새로운 맛과 제품을 시도하는 데 적극적인 소비자 그룹입니다. 가격에 민감하기보다는 효율성과 맛을 동시에 추구합니다.
1465,여자,50대,서비스 종사자,대학교 졸업(전문대졸/대학원생 포함),서울특별시,1인 가구,미혼(사별/이혼 포함),맞벌이 하지 않음,200-300만원 미만,0,0.4723880597014926,0.44945509207065,0.4678298800436202,0.8383937316356512,0.3179153094462543,0.2197153766053451,0.4652173913043476,실속형 미식가,편리성을 중시하면서도 새로운 맛과 제품을 시도하는 데 적극적인 소비자 그룹입니다. 가격에 민감하기보다는 효율성과 맛을 동시에 추구합니다.
1466,여자,40대,서비스 종사자,대학교 졸업(전문대졸/대학원생 포함),충청북도,2세대가족,기혼,맞벌이 함,500-600만원 미만,0,0.4843283582089554,0.7256670424652385,0.3527808069792799,0.8041136141038193,0.2211726384364824,0.5105866018743488,0.434782608695652,실속형 미식가,편리성을 중시하면서도 새로운 맛과 제품을 시도하는 데 적극적인 소비자 그룹입니다. 가격에 민감하기보다는 효율성과 맛을 동시에 추구합니다.
1467,여자,30대,단순노무 종사자,고졸(대학 재학 포함),충청북도,2세대가족,기혼,맞벌이 함,500-600만원 미만,0,0.3686567164179105,0.6129274708756103,0.3950381679389312,0.8237022526934379,0.1895765472312703,0.3158625477264835,0.5999999999999999,실속형 미식가,편리성을 중시하면서도 새로운 맛과 제품을 시도하는 데 적극적인 소비자 그룹입니다. 가격에 민감하기보다는 효율성과 맛을 동시에 추구합니다.
1468,여자,50대,사무 종사자,대학교 졸업(전문대졸/대학원생 포함),울산광역시,1세대가족,기혼,맞벌이 함,400-500만원 미만,3,0.7007462686567165,0.7256670424652385,0.3007088331515811,0.8824681684622918,0.3221498371335506,0.4186046511627904,0.518695652173913,트렌드 주도형 소비자,"자신의 취향과 경험을 중시하는 소비자 그룹입니다. 단순히 배를 채우는 것 이상의 가치를 추구하며, 새로운 제품을 가장 먼저 경험하고 공유하려는 경향이 강합니다"
1469,여자,60대 이상,서비스 종사자,대학교 졸업(전문대졸/대학원생 포함),서울특별시,1세대가족,기혼,맞벌이 함,400-500만원 미만,3,0.6888059701492538,0.3742953776775646,0.4828244274809163,0.7796278158667972,0.5771986970684041,0.2926067337729955,0.5130434782608694,트렌드 주도형 소비자,"자신의 취향과 경험을 중시하는 소비자 그룹입니다. 단순히 배를 채우는 것 이상의 가치를 추구하며, 새로운 제품을 가장 먼저 경험하고 공유하려는 경향이 강합니다"
1470,여자,60대 이상,판매 종사자,고졸(대학 재학 포함),경상북도,2세대가족,기혼,맞벌이 함,500-600만원 미만,3,0.5611940298507465,0.4701240135287484,0.3178844056706648,0.7453476983349653,0.4306188925081432,0.3932662270045121,0.3752173913043476,트렌드 주도형 소비자,"자신의 취향과 경험을 중시하는 소비자 그룹입니다. 단순히 배를 채우는 것 이상의 가치를 추구하며, 새로운 제품을 가장 먼저 경험하고 공유하려는 경향이 강합니다"
1471,여자,30대,주부,대학교 졸업(전문대졸/대학원생 포함),울산광역시,2세대가족,기혼,맞벌이 하지 않음,300-400만원 미만,3,0.8477611940298507,0.549041713641488,0.4288440567066517,0.8824681684622918,0.532899022801303,0.475182228392919,0.6956521739130433,트렌드 주도형 소비자,"자신의 취향과 경험을 중시하는 소비자 그룹입니다. 단순히 배를 채우는 것 이상의 가치를 추구하며, 새로운 제품을 가장 먼저 경험하고 공유하려는 경향이 강합니다"
1472,여자,50대,주부,대학교 졸업(전문대졸/대학원생 포함),경상북도,1세대가족,기혼,맞벌이 하지 않음,300-400만원 미만,3,0.6432835820895523,0.4287861706125515,0.4146673936750268,0.7649363369245838,0.5185667752442995,0.3682749045470321,0.3708695652173911,트렌드 주도형 소비자,"자신의 취향과 경험을 중시하는 소비자 그룹입니다. 단순히 배를 채우는 것 이상의 가치를 추구하며, 새로운 제품을 가장 먼저 경험하고 공유하려는 경향이 강합니다"
1473,여자,40대,주부,대학교 졸업(전문대졸/대학원생 포함),울산광역시,2세대가족,기혼,맞벌이 하지 않음,300-400만원 미만,3,0.9201492537313434,0.5715896279594138,0.3075245365321704,0.9216454456415274,0.5410423452768731,0.4272821936827489,0.6565217391304344,트렌드 주도형 소비자,"자신의 취향과 경험을 중시하는 소비자 그룹입니다. 단순히 배를 채우는 것 이상의 가치를 추구하며, 새로운 제품을 가장 먼저 경험하고 공유하려는 경향이 강합니다"
1474,여자,30대,사무 종사자,대학교 졸업(전문대졸/대학원생 포함),경상북도,2세대가족,기혼,맞벌이 함,600-700만원 미만,3,0.6888059701492538,0.5114618564449454,0.3702290076335878,0.7649363369245838,0.5589576547231272,0.2724748351266919,0.2491304347826085,트렌드 주도형 소비자,"자신의 취향과 경험을 중시하는 소비자 그룹입니다. 단순히 배를 채우는 것 이상의 가치를 추구하며, 새로운 제품을 가장 먼저 경험하고 공유하려는 경향이 강합니다"
1475,여자,40대,사무 종사자,대학교 졸업(전문대졸/대학원생 포함),울산광역시,1세대가족,기혼,맞벌이 함,500-600만원 미만,3,0.8194029850746269,0.549041713641488,0.4860959651035985,0.9020568070519096,0.6114006514657979,0.4581742450538005,0.608695652173913,트렌드 주도형 소비자,"자신의 취향과 경험을 중시하는 소비자 그룹입니다. 단순히 배를 채우는 것 이상의 가치를 추구하며, 새로운 제품을 가장 먼저 경험하고 공유하려는 경향이 강합니다"
1476,여자,30대,사무 종사자,대학원 졸업 이상,부산광역시,1인 가구,미혼(사별/이혼 포함),맞벌이 하지 않음,200-300만원 미만,0,0.3268656716417911,0.5828635851183764,0.4214830970556162,0.7257590597453475,0.2527687296416941,0.3509198195071151,0.4652173913043476,실속형 미식가,편리성을 중시하면서도 새로운 맛과 제품을 시도하는 데 적극적인 소비자 그룹입니다. 가격에 민감하기보다는 효율성과 맛을 동시에 추구합니다.
1477,여자,20대,사무 종사자,대학원 졸업 이상,부산광역시,1인 가구,미혼(사별/이혼 포함),맞벌이 하지 않음,200-300만원 미만,3,0.5970149253731344,0.3799323562570461,0.3511450381679391,0.7257590597453475,0.4814332247557004,0.3300937174592153,0.5565217391304347,트렌드 주도형 소비자,"자신의 취향과 경험을 중시하는 소비자 그룹입니다. 단순히 배를 채우는 것 이상의 가치를 추구하며, 새로운 제품을 가장 먼저 경험하고 공유하려는 경향이 강합니다"
1478,남자,20대,기능원 및 관련 기능 종사자,고졸(대학 재학 포함),부산광역시,1인 가구,미혼(사별/이혼 포함),맞벌이 하지 않음,300-400만원 미만,1,0.5097014925373136,0.3047726418639607,0.3680479825517994,0.706170421155729,0.7013029315960913,0.3332176327664005,0.1956521739130433,건강 추구형 소비자,가격이나 브랜드에 크게 구애받지 않고 건강을 최우선으로 고려하는 프리미엄 소비자 그룹입니다. 건강과 편리성을 모두 만족시키는 제품에 기꺼이 지갑을 엽니다.
1479,여자,30대,사무 종사자,대학원 졸업 이상,부산광역시,1인 가구,미혼(사별/이혼 포함),맞벌이 하지 않음,200-300만원 미만,0,0.4798507462686569,0.5678316422397591,0.353598691384951,0.8628795298726734,0.3201954397394137,0.3457132939951404,0.3478260869565215,실속형 미식가,편리성을 중시하면서도 새로운 맛과 제품을 시도하는 데 적극적인 소비자 그룹입니다. 가격에 민감하기보다는 효율성과 맛을 동시에 추구합니다.
1480,남자,20대,서비스 종사자,고졸(대학 재학 포함),부산광역시,1인 가구,미혼(사별/이혼 포함),맞벌이 하지 않음,300-400만원 미만,0,0.2902985074626867,0.5689590379556556,0.2606324972737189,0.8432908912830556,0.247557003257329,0.3314821242624087,0.5230434782608694,실속형 미식가,편리성을 중시하면서도 새로운 맛과 제품을 시도하는 데 적극적인 소비자 그룹입니다. 가격에 민감하기보다는 효율성과 맛을 동시에 추구합니다.
1481,남자,40대,서비스 종사자,대학교 졸업(전문대졸/대학원생 포함),부산광역시,1인 가구,미혼(사별/이혼 포함),맞벌이 하지 않음,400-500만원 미만,0,0.1641791044776118,0.4400601277715145,0.5002726281352234,0.7649363369245838,0.2719869706840392,0.2238805970149251,0.3652173913043475,실속형 미식가,편리성을 중시하면서도 새로운 맛과 제품을 시도하는 데 적극적인 소비자 그룹입니다. 가격에 민감하기보다는 효율성과 맛을 동시에 추구합니다.
1482,여자,50대,사무 종사자,대학교 졸업(전문대졸/대학원생 포함),경기도,2세대가족,기혼,맞벌이 함,800-900만원 미만,0,0.1902985074626866,0.4325441563322056,0.3691384950926932,0.8432908912830556,0.2071661237785018,0.2047900034710167,0.7839130434782609,실속형 미식가,편리성을 중시하면서도 새로운 맛과 제품을 시도하는 데 적극적인 소비자 그룹입니다. 가격에 민감하기보다는 효율성과 맛을 동시에 추구합니다.
1483,여자,30대,사무 종사자,대학교 졸업(전문대졸/대학원생 포함),인천광역시,1세대가족,기혼,맞벌이 함,700-800만원 미만,0,0.2186567164179104,0.4175122134535888,0.3391494002181026,0.8041136141038193,0.406188925081433,0.1978479694550501,0.6695652173913043,실속형 미식가,편리성을 중시하면서도 새로운 맛과 제품을 시도하는 데 적극적인 소비자 그룹입니다. 가격에 민감하기보다는 효율성과 맛을 동시에 추구합니다.
1484,여자,30대,사무 종사자,대학교 졸업(전문대졸/대학원생 포함),인천광역시,2세대가족,기혼,맞벌이 함,800-900만원 미만,0,0.2037313432835822,0.534009770762871,0.1684841875681571,0.8041136141038193,0.0899022801302932,0.1943769524470667,0.6782608695652173,실속형 미식가,편리성을 중시하면서도 새로운 맛과 제품을 시도하는 데 적극적인 소비자 그룹입니다. 가격에 민감하기보다는 효율성과 맛을 동시에 추구합니다.
1485,여자,60대 이상,단순노무 종사자,고졸(대학 재학 포함),서울특별시,1세대가족,기혼,맞벌이 함,500-600만원 미만,0,0.1888059701492538,0.4851559564073657,0.2919847328244275,0.8041136141038193,0.1996742671009774,0.2790697674418604,0.6826086956521739,실속형 미식가,편리성을 중시하면서도 새로운 맛과 제품을 시도하는 데 적극적인 소비자 그룹입니다. 가격에 민감하기보다는 효율성과 맛을 동시에 추구합니다.
1486,여자,60대 이상,주부,고졸(대학 재학 포함),인천광역시,2세대가족,기혼,맞벌이 하지 않음,600-700만원 미만,0,0.3029850746268655,0.6129274708756103,0.3609596510359865,0.7845249755142015,0.3185667752442996,0.1683443248871917,0.4217391304347824,실속형 미식가,편리성을 중시하면서도 새로운 맛과 제품을 시도하는 데 적극적인 소비자 그룹입니다. 가격에 민감하기보다는 효율성과 맛을 동시에 추구합니다.
1487,여자,50대,판매 종사자,고졸(대학 재학 포함),제주특별자치도,1인 가구,미혼(사별/이혼 포함),맞벌이 하지 않음,100-200만원 미만,0,0.1082089552238807,0.4813979706877111,0.5869683751363137,0.7649363369245838,0.3016286644951144,0.2162443595973618,0.4999999999999998,실속형 미식가,편리성을 중시하면서도 새로운 맛과 제품을 시도하는 데 적극적인 소비자 그룹입니다. 가격에 민감하기보다는 효율성과 맛을 동시에 추구합니다.
1488,남자,30대,장치·기계 조작 및 조립 종사자,대학교 졸업(전문대졸/대학원생 포함),경상남도,2세대가족,기혼,맞벌이 함,500-600만원 미만,1,0.615671641791045,0.4261555806087937,0.4983642311886585,0.7649363369245838,0.54885993485342,0.3637625824366537,0.2086956521739129,건강 추구형 소비자,가격이나 브랜드에 크게 구애받지 않고 건강을 최우선으로 고려하는 프리미엄 소비자 그룹입니다. 건강과 편리성을 모두 만족시키는 제품에 기꺼이 지갑을 엽니다.
1489,여자,50대,주부,대학교 졸업(전문대졸/대학원생 포함),제주특별자치도,1세대가족,기혼,맞벌이 하지 않음,200-300만원 미만,1,0.121641791044776,0.4400601277715145,0.5081788440567065,0.7649363369245838,0.5925081433224757,0.2377646650468583,0.4652173913043476,건강 추구형 소비자,가격이나 브랜드에 크게 구애받지 않고 건강을 최우선으로 고려하는 프리미엄 소비자 그룹입니다. 건강과 편리성을 모두 만족시키는 제품에 기꺼이 지갑을 엽니다.
1490,여자,50대,취업 준비 중,중졸 이하,경상남도,1인 가구,미혼(사별/이혼 포함),맞벌이 하지 않음,100만원 미만,3,0.5111940298507464,0.3536264562194665,0.3410577971646676,0.7453476983349653,0.4716612377850167,0.4064560916348486,0.3434782608695651,트렌드 주도형 소비자,"자신의 취향과 경험을 중시하는 소비자 그룹입니다. 단순히 배를 채우는 것 이상의 가치를 추구하며, 새로운 제품을 가장 먼저 경험하고 공유하려는 경향이 강합니다"
1491,여자,60대 이상,주부,대학교 졸업(전문대졸/대학원생 포함),서울특별시,1세대가족,기혼,맞벌이 하지 않음,400-500만원 미만,1,0.3522388059701491,0.5847425779782035,0.5714285714285716,0.6620959843290886,0.5960912052117262,0.2276987157237069,0.1739130434782606,건강 추구형 소비자,가격이나 브랜드에 크게 구애받지 않고 건강을 최우선으로 고려하는 프리미엄 소비자 그룹입니다. 건강과 편리성을 모두 만족시키는 제품에 기꺼이 지갑을 엽니다.
1492,남자,50대,군인,대학교 졸업(전문대졸/대학원생 포함),강원도,1인 가구,미혼(사별/이혼 포함),맞벌이 하지 않음,400-500만원 미만,3,0.5708955223880599,0.5652010522360014,0.4342966194111231,0.8824681684622918,0.5726384364820848,0.429711905588337,0.5304347826086953,트렌드 주도형 소비자,"자신의 취향과 경험을 중시하는 소비자 그룹입니다. 단순히 배를 채우는 것 이상의 가치를 추구하며, 새로운 제품을 가장 먼저 경험하고 공유하려는 경향이 강합니다"
1493,여자,40대,주부,중졸 이하,경상남도,2세대가족,미혼(사별/이혼 포함),맞벌이 하지 않음,200-300만원 미만,0,0.5149253731343285,0.421270199173243,0.2699018538713194,0.7453476983349653,0.3811074918566776,0.2655328011107253,0.2999999999999997,실속형 미식가,편리성을 중시하면서도 새로운 맛과 제품을 시도하는 데 적극적인 소비자 그룹입니다. 가격에 민감하기보다는 효율성과 맛을 동시에 추구합니다.
1494,여자,40대,사무 종사자,대학교 졸업(전문대졸/대학원생 포함),서울특별시,2세대가족,기혼,맞벌이 함,700-800만원 미만,1,0.2753731343283582,0.3930853062758361,0.7559978189749179,0.7796278158667972,0.4459283387622149,0.3405067684831653,0.1347826086956519,건강 추구형 소비자,가격이나 브랜드에 크게 구애받지 않고 건강을 최우선으로 고려하는 프리미엄 소비자 그룹입니다. 건강과 편리성을 모두 만족시키는 제품에 기꺼이 지갑을 엽니다.
1495,여자,40대,주부,고졸(대학 재학 포함),강원도,2세대가족,기혼,맞벌이 하지 않음,400-500만원 미만,3,0.530597014925373,0.5321307779030438,0.4269356597600868,0.8579823702252692,0.5198697068403911,0.4321416174939255,0.5608695652173911,트렌드 주도형 소비자,"자신의 취향과 경험을 중시하는 소비자 그룹입니다. 단순히 배를 채우는 것 이상의 가치를 추구하며, 새로운 제품을 가장 먼저 경험하고 공유하려는 경향이 강합니다"
1496,여자,20대,주부,고졸(대학 재학 포함),경상남도,2세대가족,기혼,맞벌이 하지 않음,500-600만원 미만,3,0.5664179104477614,0.4513340849304773,0.4978189749182115,0.7257590597453475,0.4328990228013031,0.2908712252690036,0.4130434782608693,트렌드 주도형 소비자,"자신의 취향과 경험을 중시하는 소비자 그룹입니다. 단순히 배를 채우는 것 이상의 가치를 추구하며, 새로운 제품을 가장 먼저 경험하고 공유하려는 경향이 강합니다"
1497,여자,20대,서비스 종사자,고졸(대학 재학 포함),경상남도,1인 가구,미혼(사별/이혼 포함),맞벌이 하지 않음,100-200만원 미만,0,0.3753731343283583,0.4738819992484026,0.3227917121046893,0.7257590597453475,0.3364820846905541,0.1936827490454701,0.2956521739130433,실속형 미식가,편리성을 중시하면서도 새로운 맛과 제품을 시도하는 데 적극적인 소비자 그룹입니다. 가격에 민감하기보다는 효율성과 맛을 동시에 추구합니다.
1498,여자,60대 이상,단순노무 종사자,고졸(대학 재학 포함),강원도,1세대가족,기혼,맞벌이 함,200-300만원 미만,1,0.2037313432835822,0.4550920706501315,0.7235550708833154,0.9020568070519096,0.3960912052117263,0.3866712946893439,0.3391304347826084,건강 추구형 소비자,가격이나 브랜드에 크게 구애받지 않고 건강을 최우선으로 고려하는 프리미엄 소비자 그룹입니다. 건강과 편리성을 모두 만족시키는 제품에 기꺼이 지갑을 엽니다.
1499,여자,60대 이상,주부,중졸 이하,전라남도,1세대가족,기혼,맞벌이 하지 않음,200-300만원 미만,0,0.4238805970149255,0.549041713641488,0.3293347873500544,0.8824681684622918,0.2827361563517917,0.5609163484901074,0.5739130434782607,실속형 미식가,편리성을 중시하면서도 새로운 맛과 제품을 시도하는 데 적극적인 소비자 그룹입니다. 가격에 민감하기보다는 효율성과 맛을 동시에 추구합니다.
1500,여자,30대,전문가 및 관련 종사자,대학교 졸업(전문대졸/대학원생 포함),서울특별시,1세대가족,기혼,맞벌이 함,700-800만원 미만,1,0.1343283582089552,0.3818113491168734,0.6259541984732824,0.7992164544564151,0.6651465798045604,0.2047900034710167,0.1043478260869564,건강 추구형 소비자,가격이나 브랜드에 크게 구애받지 않고 건강을 최우선으로 고려하는 프리미엄 소비자 그룹입니다. 건강과 편리성을 모두 만족시키는 제품에 기꺼이 지갑을 엽니다.
1501,여자,40대,주부,대학교 졸업(전문대졸/대학원생 포함),강원도,1세대가족,기혼,맞벌이 하지 않음,400-500만원 미만,3,0.5171641791044778,0.6215708380308153,0.4751908396946564,0.941234084231146,0.4928338762214988,0.436653939604304,0.5478260869565217,트렌드 주도형 소비자,"자신의 취향과 경험을 중시하는 소비자 그룹입니다. 단순히 배를 채우는 것 이상의 가치를 추구하며, 새로운 제품을 가장 먼저 경험하고 공유하려는 경향이 강합니다"
1502,여자,60대 이상,주부,중졸 이하,전라남도,1인 가구,미혼(사별/이혼 포함),맞벌이 하지 않음,100만원 미만,0,0.2843283582089553,0.5253664036076662,0.2134678298800438,0.8403525954946132,0.2804560260586323,0.6095105866018742,0.4434782608695652,실속형 미식가,편리성을 중시하면서도 새로운 맛과 제품을 시도하는 데 적극적인 소비자 그룹입니다. 가격에 민감하기보다는 효율성과 맛을 동시에 추구합니다.
1503,여자,40대,사무 종사자,고졸(대학 재학 포함),대구광역시,2세대가족,기혼,맞벌이 함,500-600만원 미만,0,0.2529850746268655,0.4325441563322056,0.4432933478735001,0.8628795298726734,0.3530944625407169,0.275598750433877,0.4130434782608693,실속형 미식가,편리성을 중시하면서도 새로운 맛과 제품을 시도하는 데 적극적인 소비자 그룹입니다. 가격에 민감하기보다는 효율성과 맛을 동시에 추구합니다.
1504,남자,50대,사무 종사자,대학교 졸업(전문대졸/대학원생 포함),강원도,1인 가구,미혼(사별/이혼 포함),맞벌이 하지 않음,300-400만원 미만,3,0.4768656716417912,0.5802329951146183,0.4806434023991279,0.9216454456415274,0.4654723127035834,0.3991669559180838,0.6043478260869563,트렌드 주도형 소비자,"자신의 취향과 경험을 중시하는 소비자 그룹입니다. 단순히 배를 채우는 것 이상의 가치를 추구하며, 새로운 제품을 가장 먼저 경험하고 공유하려는 경향이 강합니다"
1505,여자,60대 이상,주부,고졸(대학 재학 포함),강원도,2세대가족,기혼,맞벌이 하지 않음,"1,000만원 이상",1,0.2537313432835819,0.4400601277715145,0.8914940021810249,0.8824681684622918,0.6026058631921825,0.3422422769871571,0.3739130434782607,건강 추구형 소비자,가격이나 브랜드에 크게 구애받지 않고 건강을 최우선으로 고려하는 프리미엄 소비자 그룹입니다. 건강과 편리성을 모두 만족시키는 제품에 기꺼이 지갑을 엽니다.
1506,여자,60대 이상,주부,중졸 이하,강원도,1세대가족,기혼,맞벌이 하지 않음,300-400만원 미만,1,0.3932835820895524,0.3987222848553172,0.8315158124318429,0.8628795298726734,0.3403908794788275,0.1839639014231168,0.1695652173913041,건강 추구형 소비자,가격이나 브랜드에 크게 구애받지 않고 건강을 최우선으로 고려하는 프리미엄 소비자 그룹입니다. 건강과 편리성을 모두 만족시키는 제품에 기꺼이 지갑을 엽니다.
1507,여자,60대 이상,판매 종사자,중졸 이하,전라남도,1인 가구,미혼(사별/이혼 포함),맞벌이 하지 않음,100만원 미만,3,0.5634328358208958,0.5941375422773392,0.0790621592148306,0.8628795298726734,0.3185667752442996,0.5085039916695588,0.5086956521739129,트렌드 주도형 소비자,"자신의 취향과 경험을 중시하는 소비자 그룹입니다. 단순히 배를 채우는 것 이상의 가치를 추구하며, 새로운 제품을 가장 먼저 경험하고 공유하려는 경향이 강합니다"
1508,여자,40대,판매 종사자,고졸(대학 재학 포함),경상남도,2세대가족,기혼,맞벌이 함,600-700만원 미만,3,0.5574626865671644,0.6328447951897783,0.4209378407851693,0.7257590597453475,0.4289902280130296,0.2814994793474484,0.3956521739130433,트렌드 주도형 소비자,"자신의 취향과 경험을 중시하는 소비자 그룹입니다. 단순히 배를 채우는 것 이상의 가치를 추구하며, 새로운 제품을 가장 먼저 경험하고 공유하려는 경향이 강합니다"
1509,여자,60대 이상,판매 종사자,고졸(대학 재학 포함),전라남도,1세대가족,기혼,맞벌이 함,300-400만원 미만,0,0.4522388059701491,0.71815107102593,0.3238822246455831,0.8207639569049947,0.2951140065146582,0.352655328011107,0.3782608695652173,실속형 미식가,편리성을 중시하면서도 새로운 맛과 제품을 시도하는 데 적극적인 소비자 그룹입니다. 가격에 민감하기보다는 효율성과 맛을 동시에 추구합니다.
1510,남자,20대,서비스 종사자,고졸(대학 재학 포함),경상남도,1인 가구,미혼(사별/이혼 포함),맞벌이 하지 않음,200-300만원 미만,0,0.48955223880597,0.5952649379932357,0.0613413304253,0.7453476983349653,0.3488599348534201,0.1714682401943768,0.3739130434782607,실속형 미식가,편리성을 중시하면서도 새로운 맛과 제품을 시도하는 데 적극적인 소비자 그룹입니다. 가격에 민감하기보다는 효율성과 맛을 동시에 추구합니다.
1511,여자,30대,사무 종사자,대학교 졸업(전문대졸/대학원생 포함),충청북도,1세대가족,기혼,맞벌이 함,500-600만원 미만,3,0.5626865671641793,0.7219090567455841,0.466466739367503,0.9608227228207636,0.3368078175895765,0.2724748351266919,0.4304347826086956,트렌드 주도형 소비자,"자신의 취향과 경험을 중시하는 소비자 그룹입니다. 단순히 배를 채우는 것 이상의 가치를 추구하며, 새로운 제품을 가장 먼저 경험하고 공유하려는 경향이 강합니다"
1512,여자,50대,사무 종사자,고졸(대학 재학 포함),강원도,1인 가구,미혼(사별/이혼 포함),맞벌이 하지 않음,300-400만원 미만,1,0.3007462686567163,0.4813979706877111,0.8135223555070881,0.8824681684622918,0.5410423452768731,0.3658451926414436,0.3317391304347824,건강 추구형 소비자,가격이나 브랜드에 크게 구애받지 않고 건강을 최우선으로 고려하는 프리미엄 소비자 그룹입니다. 건강과 편리성을 모두 만족시키는 제품에 기꺼이 지갑을 엽니다.
1513,여자,30대,서비스 종사자,대학교 졸업(전문대졸/대학원생 포함),대구광역시,1인 가구,미혼(사별/이혼 포함),맞벌이 하지 않음,200-300만원 미만,0,0.317910447761194,0.5152198421645996,0.3189749182115595,0.7649363369245838,0.3895765472312707,0.3519611246095104,0.3217391304347824,실속형 미식가,편리성을 중시하면서도 새로운 맛과 제품을 시도하는 데 적극적인 소비자 그룹입니다. 가격에 민감하기보다는 효율성과 맛을 동시에 추구합니다.
1514,여자,60대 이상,판매 종사자,고졸(대학 재학 포함),전라남도,1세대가족,기혼,맞벌이 함,500-600만원 미만,0,0.3582089552238805,0.4438181134911688,0.2966194111232278,0.7845249755142015,0.2745928338762215,0.4991322457480041,0.7056521739130431,실속형 미식가,편리성을 중시하면서도 새로운 맛과 제품을 시도하는 데 적극적인 소비자 그룹입니다. 가격에 민감하기보다는 효율성과 맛을 동시에 추구합니다.
1515,여자,30대,사무 종사자,대학교 졸업(전문대졸/대학원생 포함),강원도,1세대가족,기혼,맞벌이 함,500-600만원 미만,3,0.8238805970149254,0.5753476136790681,0.5040894220283532,0.9216454456415274,0.6120521172638438,0.3956959389101004,0.6782608695652173,트렌드 주도형 소비자,"자신의 취향과 경험을 중시하는 소비자 그룹입니다. 단순히 배를 채우는 것 이상의 가치를 추구하며, 새로운 제품을 가장 먼저 경험하고 공유하려는 경향이 강합니다"
1516,여자,60대 이상,주부,중졸 이하,경상남도,1세대가족,기혼,맞벌이 하지 않음,200-300만원 미만,3,0.6402985074626867,0.549041713641488,0.4083969465648858,0.7257590597453475,0.4162866449511402,0.3273169038528286,0.3217391304347824,트렌드 주도형 소비자,"자신의 취향과 경험을 중시하는 소비자 그룹입니다. 단순히 배를 채우는 것 이상의 가치를 추구하며, 새로운 제품을 가장 먼저 경험하고 공유하려는 경향이 강합니다"
1517,남자,40대,장치·기계 조작 및 조립 종사자,고졸(대학 재학 포함),충청남도,1세대가족,기혼,맞벌이 함,500-600만원 미만,0,0.1940298507462687,0.55956407365652,0.2633587786259542,0.7992164544564151,0.2833876221498375,0.1457827143352999,0.3708695652173911,실속형 미식가,편리성을 중시하면서도 새로운 맛과 제품을 시도하는 데 적극적인 소비자 그룹입니다. 가격에 민감하기보다는 효율성과 맛을 동시에 추구합니다.
1518,여자,60대 이상,판매 종사자,고졸(대학 재학 포함),충청북도,1세대가족,기혼,맞벌이 함,500-600만원 미만,3,0.6850746268656718,0.631717399473882,0.466466739367503,0.9216454456415274,0.3967426710097722,0.2846233946546337,0.536086956521739,트렌드 주도형 소비자,"자신의 취향과 경험을 중시하는 소비자 그룹입니다. 단순히 배를 채우는 것 이상의 가치를 추구하며, 새로운 제품을 가장 먼저 경험하고 공유하려는 경향이 강합니다"
1519,여자,30대,주부,대학교 졸업(전문대졸/대학원생 포함),대구광역시,2세대가족,기혼,맞벌이 하지 않음,200-300만원 미만,0,0.2350746268656717,0.6692972566704246,0.1992911668484189,0.8041136141038193,0.2224755700325736,0.4533148212426239,0.3086956521739128,실속형 미식가,편리성을 중시하면서도 새로운 맛과 제품을 시도하는 데 적극적인 소비자 그룹입니다. 가격에 민감하기보다는 효율성과 맛을 동시에 추구합니다.
1520,남자,20대,사무 종사자,대학교 졸업(전문대졸/대학원생 포함),경상남도,1인 가구,미혼(사별/이혼 포함),맞벌이 하지 않음,200-300만원 미만,0,0.4313432835820893,0.4750093949642991,0.1744820065430754,0.7845249755142015,0.3576547231270361,0.2526900381811868,0.4086956521739129,실속형 미식가,편리성을 중시하면서도 새로운 맛과 제품을 시도하는 데 적극적인 소비자 그룹입니다. 가격에 민감하기보다는 효율성과 맛을 동시에 추구합니다.
1521,여자,60대 이상,단순노무 종사자,고졸(대학 재학 포함),충청남도,1인 가구,미혼(사별/이혼 포함),맞벌이 하지 않음,200-300만원 미만,0,0.1940298507462687,0.4532130777903042,0.3187022900763359,0.7600391772771787,0.2410423452768733,0.1388406803193333,0.3260869565217388,실속형 미식가,편리성을 중시하면서도 새로운 맛과 제품을 시도하는 데 적극적인 소비자 그룹입니다. 가격에 민감하기보다는 효율성과 맛을 동시에 추구합니다.
1522,여자,60대 이상,주부,중졸 이하,전라남도,1세대가족,기혼,맞벌이 하지 않음,200-300만원 미만,0,0.4388059701492536,0.6730552423900787,0.348418756815703,0.9216454456415274,0.3250814332247558,0.5036445678583822,0.4056521739130434,실속형 미식가,편리성을 중시하면서도 새로운 맛과 제품을 시도하는 데 적극적인 소비자 그룹입니다. 가격에 민감하기보다는 효율성과 맛을 동시에 추구합니다.
1523,여자,60대 이상,주부,고졸(대학 재학 포함),충청남도,1인 가구,미혼(사별/이혼 포함),맞벌이 하지 않음,200-300만원 미만,0,0.2932835820895524,0.6298384066140549,0.2805343511450379,0.7796278158667972,0.2257328990228016,0.1457827143352999,0.2565217391304346,실속형 미식가,편리성을 중시하면서도 새로운 맛과 제품을 시도하는 데 적극적인 소비자 그룹입니다. 가격에 민감하기보다는 효율성과 맛을 동시에 추구합니다.
1524,여자,60대 이상,서비스 종사자,고졸(대학 재학 포함),충청북도,1세대가족,기혼,맞벌이 함,600-700만원 미만,3,0.5074626865671642,0.7745208568207439,0.4452017448200651,0.9216454456415274,0.3397394136807817,0.2724748351266919,0.4086956521739129,트렌드 주도형 소비자,"자신의 취향과 경험을 중시하는 소비자 그룹입니다. 단순히 배를 채우는 것 이상의 가치를 추구하며, 새로운 제품을 가장 먼저 경험하고 공유하려는 경향이 강합니다"
1525,여자,50대,주부,중졸 이하,경상남도,1인 가구,미혼(사별/이혼 포함),맞벌이 하지 않음,100-200만원 미만,1,0.6201492537313432,0.3987222848553172,0.515539803707743,0.7453476983349653,0.5084690553745927,0.2075668170774034,0.3260869565217388,건강 추구형 소비자,가격이나 브랜드에 크게 구애받지 않고 건강을 최우선으로 고려하는 프리미엄 소비자 그룹입니다. 건강과 편리성을 모두 만족시키는 제품에 기꺼이 지갑을 엽니다.
1526,여자,40대,판매 종사자,고졸(대학 재학 포함),강원도,2세대가족,기혼,맞벌이 함,500-600만원 미만,3,0.6947761194029852,0.5302517850432169,0.4760087241003268,0.941234084231146,0.6742671009771988,0.4418604651162787,0.6926086956521736,트렌드 주도형 소비자,"자신의 취향과 경험을 중시하는 소비자 그룹입니다. 단순히 배를 채우는 것 이상의 가치를 추구하며, 새로운 제품을 가장 먼저 경험하고 공유하려는 경향이 강합니다"
1527,여자,50대,판매 종사자,고졸(대학 재학 포함),충청남도,2세대가족,기혼,맞벌이 함,500-600만원 미만,0,0.2880597014925374,0.6347237880496053,0.2524536532170122,0.7796278158667972,0.2951140065146582,0.1666088163832002,0.2260869565217391,실속형 미식가,편리성을 중시하면서도 새로운 맛과 제품을 시도하는 데 적극적인 소비자 그룹입니다. 가격에 민감하기보다는 효율성과 맛을 동시에 추구합니다.
1528,여자,20대,주부,대학교 졸업(전문대졸/대학원생 포함),강원도,2세대가족,기혼,맞벌이 하지 않음,300-400만원 미만,1,0.2835820895522388,0.4400601277715145,0.9577426390403488,0.8824681684622918,0.6641693811074917,0.3182922596320719,0.2739130434782606,건강 추구형 소비자,가격이나 브랜드에 크게 구애받지 않고 건강을 최우선으로 고려하는 프리미엄 소비자 그룹입니다. 건강과 편리성을 모두 만족시키는 제품에 기꺼이 지갑을 엽니다.
1529,여자,40대,사무 종사자,대학교 졸업(전문대졸/대학원생 포함),서울특별시,2세대가족,기혼,맞벌이 함,700-800만원 미만,1,0.2164179104477611,0.3517474633596392,0.5804252998909487,0.7208619000979426,0.6335504885993488,0.1666088163832002,0.1173913043478259,건강 추구형 소비자,가격이나 브랜드에 크게 구애받지 않고 건강을 최우선으로 고려하는 프리미엄 소비자 그룹입니다. 건강과 편리성을 모두 만족시키는 제품에 기꺼이 지갑을 엽니다.
1530,여자,60대 이상,주부,중졸 이하,경상남도,1세대가족,기혼,맞벌이 하지 않음,600-700만원 미만,3,0.6104477611940297,0.4400601277715145,0.4233914940021812,0.7453476983349653,0.4498371335504888,0.2620617841027419,0.3391304347826084,트렌드 주도형 소비자,"자신의 취향과 경험을 중시하는 소비자 그룹입니다. 단순히 배를 채우는 것 이상의 가치를 추구하며, 새로운 제품을 가장 먼저 경험하고 공유하려는 경향이 강합니다"
1531,여자,50대,사무 종사자,대학교 졸업(전문대졸/대학원생 포함),충청북도,1세대가족,기혼,맞벌이 함,500-600만원 미만,3,0.5156716417910449,0.6655392709507704,0.367775354416576,0.9020568070519096,0.4231270358306188,0.3019784796945503,0.4043478260869565,트렌드 주도형 소비자,"자신의 취향과 경험을 중시하는 소비자 그룹입니다. 단순히 배를 채우는 것 이상의 가치를 추구하며, 새로운 제품을 가장 먼저 경험하고 공유하려는 경향이 강합니다"
1532,남자,50대,장치·기계 조작 및 조립 종사자,고졸(대학 재학 포함),충청남도,1세대가족,기혼,맞벌이 함,500-600만원 미만,0,0.3283582089552239,0.5670800450958287,0.3116139585605231,0.7796278158667972,0.2866449511400651,0.1631377993752169,0.2521739130434782,실속형 미식가,편리성을 중시하면서도 새로운 맛과 제품을 시도하는 데 적극적인 소비자 그룹입니다. 가격에 민감하기보다는 효율성과 맛을 동시에 추구합니다.
1533,여자,50대,판매 종사자,고졸(대학 재학 포함),강원도,2세대가족,기혼,맞벌이 함,500-600만원 미만,3,0.4462686567164177,0.5565576850807965,0.5332606324972735,0.9608227228207636,0.5368078175895769,0.3904894133981254,0.6304347826086953,트렌드 주도형 소비자,"자신의 취향과 경험을 중시하는 소비자 그룹입니다. 단순히 배를 채우는 것 이상의 가치를 추구하며, 새로운 제품을 가장 먼저 경험하고 공유하려는 경향이 강합니다"
1534,여자,60대 이상,주부,중졸 이하,전라남도,1인 가구,미혼(사별/이혼 포함),맞벌이 하지 않음,100만원 미만,0,0.3902985074626864,0.4287861706125515,0.0218102508178847,0.7453476983349653,0.2071661237785018,0.5862547726483858,0.6304347826086953,실속형 미식가,편리성을 중시하면서도 새로운 맛과 제품을 시도하는 데 적극적인 소비자 그룹입니다. 가격에 민감하기보다는 효율성과 맛을 동시에 추구합니다.
1535,여자,50대,서비스 종사자,고졸(대학 재학 포함),충청북도,1세대가족,기혼,맞벌이 함,500-600만원 미만,3,0.7246268656716418,0.3423524990605034,0.450381679389313,0.8041136141038193,0.5605863192182412,0.2464422075668168,0.4739130434782606,트렌드 주도형 소비자,"자신의 취향과 경험을 중시하는 소비자 그룹입니다. 단순히 배를 채우는 것 이상의 가치를 추구하며, 새로운 제품을 가장 먼저 경험하고 공유하려는 경향이 강합니다"
1536,여자,50대,주부,고졸(대학 재학 포함),대구광역시,1세대가족,기혼,맞벌이 하지 않음,300-400만원 미만,0,0.2746268656716418,0.4513340849304773,0.3266085059978191,0.8041136141038193,0.3771986970684042,0.3332176327664005,0.2652173913043478,실속형 미식가,편리성을 중시하면서도 새로운 맛과 제품을 시도하는 데 적극적인 소비자 그룹입니다. 가격에 민감하기보다는 효율성과 맛을 동시에 추구합니다.
1537,여자,20대,판매 종사자,고졸(대학 재학 포함),대구광역시,1인 가구,미혼(사별/이혼 포함),맞벌이 하지 않음,200-300만원 미만,0,0.2089552238805972,0.609169485155956,0.1733914940021808,0.8628795298726734,0.1433224755700327,0.747657063519611,0.708695652173913,실속형 미식가,편리성을 중시하면서도 새로운 맛과 제품을 시도하는 데 적극적인 소비자 그룹입니다. 가격에 민감하기보다는 효율성과 맛을 동시에 추구합니다.
1538,여자,60대 이상,단순노무 종사자,고졸(대학 재학 포함),강원도,1인 가구,미혼(사별/이혼 포함),맞벌이 하지 않음,200-300만원 미만,3,0.473134328358209,0.4964299135663284,0.3934023991275898,0.941234084231146,0.5081433224755699,0.3401596667823672,0.6913043478260866,트렌드 주도형 소비자,"자신의 취향과 경험을 중시하는 소비자 그룹입니다. 단순히 배를 채우는 것 이상의 가치를 추구하며, 새로운 제품을 가장 먼저 경험하고 공유하려는 경향이 강합니다"
1539,여자,50대,사무 종사자,대학교 졸업(전문대졸/대학원생 포함),서울특별시,2세대가족,기혼,맞벌이 함,600-700만원 미만,1,0.2671641791044775,0.5802329951146183,0.5002726281352234,0.7453476983349653,0.4299674267100979,0.2742103436306837,0.1739130434782606,건강 추구형 소비자,가격이나 브랜드에 크게 구애받지 않고 건강을 최우선으로 고려하는 프리미엄 소비자 그룹입니다. 건강과 편리성을 모두 만족시키는 제품에 기꺼이 지갑을 엽니다.
1540,여자,60대 이상,판매 종사자,고졸(대학 재학 포함),부산광역시,1세대가족,기혼,맞벌이 함,300-400만원 미만,0,0.1417910447761194,0.5584366779406238,0.5013631406761172,0.8579823702252692,0.1596091205211727,0.4914960083304407,0.4304347826086956,실속형 미식가,편리성을 중시하면서도 새로운 맛과 제품을 시도하는 데 적극적인 소비자 그룹입니다. 가격에 민감하기보다는 효율성과 맛을 동시에 추구합니다.
1541,여자,40대,주부,대학교 졸업(전문대졸/대학원생 포함),강원도,2세대가족,기혼,맞벌이 하지 않음,400-500만원 미만,1,0.4067164179104477,0.3987222848553172,0.821155943293348,0.8432908912830556,0.3778501628664495,0.1839639014231168,0.1782608695652174,건강 추구형 소비자,가격이나 브랜드에 크게 구애받지 않고 건강을 최우선으로 고려하는 프리미엄 소비자 그룹입니다. 건강과 편리성을 모두 만족시키는 제품에 기꺼이 지갑을 엽니다.
1542,여자,40대,사무 종사자,대학교 졸업(전문대졸/대학원생 포함),충청북도,1세대가족,기혼,맞벌이 함,500-600만원 미만,3,0.4485074626865671,0.631717399473882,0.5149945474372952,0.941234084231146,0.43485342019544,0.309961818812912,0.5347826086956521,트렌드 주도형 소비자,"자신의 취향과 경험을 중시하는 소비자 그룹입니다. 단순히 배를 채우는 것 이상의 가치를 추구하며, 새로운 제품을 가장 먼저 경험하고 공유하려는 경향이 강합니다"
1543,여자,60대 이상,단순노무 종사자,중졸 이하,충청북도,1세대가족,기혼,맞벌이 함,500-600만원 미만,3,0.696268656716418,0.394964299135663,0.2639040348964011,0.7845249755142015,0.4579804560260586,0.2058313085734119,0.5260869565217389,트렌드 주도형 소비자,"자신의 취향과 경험을 중시하는 소비자 그룹입니다. 단순히 배를 채우는 것 이상의 가치를 추구하며, 새로운 제품을 가장 먼저 경험하고 공유하려는 경향이 강합니다"
1544,여자,60대 이상,서비스 종사자,고졸(대학 재학 포함),강원도,1인 가구,미혼(사별/이혼 포함),맞벌이 하지 않음,200-300만원 미만,1,0.2238805970149253,0.4475760992108231,0.7161941112322789,0.8824681684622918,0.4254071661237786,0.4206872613675805,0.3534782608695652,건강 추구형 소비자,가격이나 브랜드에 크게 구애받지 않고 건강을 최우선으로 고려하는 프리미엄 소비자 그룹입니다. 건강과 편리성을 모두 만족시키는 제품에 기꺼이 지갑을 엽니다.
1545,여자,60대 이상,주부,고졸(대학 재학 포함),서울특별시,1세대가족,기혼,맞벌이 하지 않음,300-400만원 미만,1,0.2149253731343282,0.3735437805336337,0.7164667393675026,0.7257590597453475,0.4944625407166124,0.4776119402985072,0.1173913043478259,건강 추구형 소비자,가격이나 브랜드에 크게 구애받지 않고 건강을 최우선으로 고려하는 프리미엄 소비자 그룹입니다. 건강과 편리성을 모두 만족시키는 제품에 기꺼이 지갑을 엽니다.
1546,여자,60대 이상,판매 종사자,대학교 졸업(전문대졸/대학원생 포함),부산광역시,1인 가구,미혼(사별/이혼 포함),맞벌이 하지 않음,300-400만원 미만,0,0.1365671641791045,0.5734686208192408,0.3386041439476556,0.8579823702252692,0.163843648208469,0.5064213814647688,0.4304347826086956,실속형 미식가,편리성을 중시하면서도 새로운 맛과 제품을 시도하는 데 적극적인 소비자 그룹입니다. 가격에 민감하기보다는 효율성과 맛을 동시에 추구합니다.
1547,여자,50대,서비스 종사자,고졸(대학 재학 포함),대구광역시,2세대가족,미혼(사별/이혼 포함),맞벌이 하지 않음,500-600만원 미만,3,0.423134328358209,0.4562194663660275,0.4882769901853869,0.6865817825661112,0.4485342019543977,0.4071502950364456,0.536086956521739,트렌드 주도형 소비자,"자신의 취향과 경험을 중시하는 소비자 그룹입니다. 단순히 배를 채우는 것 이상의 가치를 추구하며, 새로운 제품을 가장 먼저 경험하고 공유하려는 경향이 강합니다"
1548,여자,60대 이상,단순노무 종사자,고졸(대학 재학 포함),충청남도,1인 가구,미혼(사별/이혼 포함),맞벌이 하지 않음,200-300만원 미만,0,0.2186567164179104,0.5610672679443819,0.2641766630316246,0.7375122428991179,0.2517915309446253,0.1457827143352999,0.217391304347826,실속형 미식가,편리성을 중시하면서도 새로운 맛과 제품을 시도하는 데 적극적인 소비자 그룹입니다. 가격에 민감하기보다는 효율성과 맛을 동시에 추구합니다.
1549,여자,60대 이상,주부,고졸(대학 재학 포함),강원도,1세대가족,기혼,맞벌이 하지 않음,300-400만원 미만,1,0.5007462686567165,0.3273205561818865,0.6600327153762271,0.7649363369245838,0.53257328990228,0.1607080874696284,0.1,건강 추구형 소비자,가격이나 브랜드에 크게 구애받지 않고 건강을 최우선으로 고려하는 프리미엄 소비자 그룹입니다. 건강과 편리성을 모두 만족시키는 제품에 기꺼이 지갑을 엽니다.
1550,여자,60대 이상,주부,고졸(대학 재학 포함),서울특별시,1세대가족,기혼,맞벌이 하지 않음,400-500만원 미만,1,0.2902985074626867,0.3987222848553172,0.6892039258451472,0.7257590597453475,0.3644951140065147,0.4901076015272471,0.0739130434782609,건강 추구형 소비자,가격이나 브랜드에 크게 구애받지 않고 건강을 최우선으로 고려하는 프리미엄 소비자 그룹입니다. 건강과 편리성을 모두 만족시키는 제품에 기꺼이 지갑을 엽니다.
1551,여자,40대,판매 종사자,고졸(대학 재학 포함),충청남도,2세대가족,기혼,맞벌이 함,500-600만원 미만,0,0.246268656716418,0.6185644494550919,0.3086150490730644,0.7796278158667972,0.3061889250814336,0.1909059354390834,0.2130434782608695,실속형 미식가,편리성을 중시하면서도 새로운 맛과 제품을 시도하는 데 적극적인 소비자 그룹입니다. 가격에 민감하기보다는 효율성과 맛을 동시에 추구합니다.
1552,여자,50대,주부,대학교 졸업(전문대졸/대학원생 포함),강원도,1세대가족,기혼,맞벌이 하지 않음,400-500만원 미만,1,0.2335820895522388,0.4400601277715145,0.9105779716466736,0.8824681684622918,0.6143322475570031,0.3602915654286703,0.3230434782608694,건강 추구형 소비자,가격이나 브랜드에 크게 구애받지 않고 건강을 최우선으로 고려하는 프리미엄 소비자 그룹입니다. 건강과 편리성을 모두 만족시키는 제품에 기꺼이 지갑을 엽니다.
1553,여자,40대,사무 종사자,대학교 졸업(전문대졸/대학원생 포함),충청북도,2세대가족,기혼,맞벌이 함,500-600만원 미만,1,0.4940298507462686,0.7331830139045469,0.6423118865866957,0.9216454456415274,0.4641693811074918,0.2995487677889621,0.3913043478260869,건강 추구형 소비자,가격이나 브랜드에 크게 구애받지 않고 건강을 최우선으로 고려하는 프리미엄 소비자 그룹입니다. 건강과 편리성을 모두 만족시키는 제품에 기꺼이 지갑을 엽니다.
1554,여자,50대,판매 종사자,고졸(대학 재학 포함),충청북도,1세대가족,기혼,맞벌이 함,400-500만원 미만,3,0.6119402985074629,0.6016535137166477,0.2510905125408941,0.8432908912830556,0.5032573289902283,0.3856299895869487,0.3186956521739129,트렌드 주도형 소비자,"자신의 취향과 경험을 중시하는 소비자 그룹입니다. 단순히 배를 채우는 것 이상의 가치를 추구하며, 새로운 제품을 가장 먼저 경험하고 공유하려는 경향이 강합니다"
1555,여자,60대 이상,서비스 종사자,대학교 졸업(전문대졸/대학원생 포함),대구광역시,3세대가족,기혼,맞벌이 함,"900-1,000만원 미만",0,0.3880597014925371,0.4889139421270199,0.5272628135223554,0.7845249755142015,0.4120521172638439,0.4821242624088857,0.5230434782608694,실속형 미식가,편리성을 중시하면서도 새로운 맛과 제품을 시도하는 데 적극적인 소비자 그룹입니다. 가격에 민감하기보다는 효율성과 맛을 동시에 추구합니다.
1556,남자,30대,사무 종사자,대학교 졸업(전문대졸/대학원생 포함),충청남도,1세대가족,기혼,맞벌이 함,500-600만원 미만,0,0.5149253731343285,0.5922585494175122,0.2614503816793892,0.8188050930460328,0.3648208469055377,0.1839639014231168,0.2999999999999997,실속형 미식가,편리성을 중시하면서도 새로운 맛과 제품을 시도하는 데 적극적인 소비자 그룹입니다. 가격에 민감하기보다는 효율성과 맛을 동시에 추구합니다.
1557,여자,40대,사무 종사자,대학교 졸업(전문대졸/대학원생 포함),충청북도,2세대가족,기혼,맞벌이 함,400-500만원 미만,3,0.7014925373134326,0.6054114994363019,0.3028898582333695,0.8237022526934379,0.3788273615635182,0.215203054494967,0.5086956521739129,트렌드 주도형 소비자,"자신의 취향과 경험을 중시하는 소비자 그룹입니다. 단순히 배를 채우는 것 이상의 가치를 추구하며, 새로운 제품을 가장 먼저 경험하고 공유하려는 경향이 강합니다"
1558,여자,30대,주부,고졸(대학 재학 포함),대구광역시,1세대가족,기혼,맞벌이 하지 않음,200-300만원 미만,0,0.171641791044776,0.5847425779782035,0.2851690294438389,0.7796278158667972,0.2387622149837135,0.320374869836862,0.2956521739130433,실속형 미식가,편리성을 중시하면서도 새로운 맛과 제품을 시도하는 데 적극적인 소비자 그룹입니다. 가격에 민감하기보다는 효율성과 맛을 동시에 추구합니다.
1559,여자,50대,사무 종사자,대학교 졸업(전문대졸/대학원생 포함),충청남도,1세대가족,기혼,맞벌이 함,500-600만원 미만,3,0.5529850746268657,0.5659526493799322,0.3538713195201745,0.681684622918707,0.4182410423452771,0.2898299201666084,0.3304347826086955,트렌드 주도형 소비자,"자신의 취향과 경험을 중시하는 소비자 그룹입니다. 단순히 배를 채우는 것 이상의 가치를 추구하며, 새로운 제품을 가장 먼저 경험하고 공유하려는 경향이 강합니다"
1560,여자,60대 이상,주부,대학교 졸업(전문대졸/대학원생 포함),대구광역시,2세대가족,기혼,맞벌이 하지 않음,700-800만원 미만,0,0.3611940298507462,0.4513340849304773,0.3737731733914942,0.8432908912830556,0.4208469055374594,0.4161749392572023,0.5143478260869563,실속형 미식가,편리성을 중시하면서도 새로운 맛과 제품을 시도하는 데 적극적인 소비자 그룹입니다. 가격에 민감하기보다는 효율성과 맛을 동시에 추구합니다.
1561,여자,60대 이상,장치·기계 조작 및 조립 종사자,고졸(대학 재학 포함),충청북도,2세대가족,기혼,맞벌이 함,500-600만원 미만,3,0.6664179104477611,0.7482149567831642,0.5283533260632498,0.9608227228207636,0.4514657980456029,0.3238458868448454,0.4608695652173912,트렌드 주도형 소비자,"자신의 취향과 경험을 중시하는 소비자 그룹입니다. 단순히 배를 채우는 것 이상의 가치를 추구하며, 새로운 제품을 가장 먼저 경험하고 공유하려는 경향이 강합니다"
1562,여자,30대,서비스 종사자,대학교 졸업(전문대졸/대학원생 포함),대구광역시,1인 가구,미혼(사별/이혼 포함),맞벌이 하지 않음,200-300만원 미만,0,0.1119402985074628,0.5546786922209697,0.1207742639040351,0.7600391772771787,0.1824104234527688,0.3873654980909405,0.3782608695652173,실속형 미식가,편리성을 중시하면서도 새로운 맛과 제품을 시도하는 데 적극적인 소비자 그룹입니다. 가격에 민감하기보다는 효율성과 맛을 동시에 추구합니다.
1563,여자,40대,판매 종사자,고졸(대학 재학 포함),충청북도,2세대가족,기혼,맞벌이 함,400-500만원 미만,3,0.5634328358208958,0.5828635851183764,0.466466739367503,0.9020568070519096,0.5530944625407168,0.4186046511627904,0.3478260869565215,트렌드 주도형 소비자,"자신의 취향과 경험을 중시하는 소비자 그룹입니다. 단순히 배를 채우는 것 이상의 가치를 추구하며, 새로운 제품을 가장 먼저 경험하고 공유하려는 경향이 강합니다"
1564,여자,50대,단순노무 종사자,고졸(대학 재학 포함),충청북도,1세대가족,기혼,맞벌이 함,400-500만원 미만,3,0.6791044776119404,0.3611424276587749,0.6166848418756816,0.8041136141038193,0.6263843648208473,0.1919472405414786,0.4652173913043476,트렌드 주도형 소비자,"자신의 취향과 경험을 중시하는 소비자 그룹입니다. 단순히 배를 채우는 것 이상의 가치를 추구하며, 새로운 제품을 가장 먼저 경험하고 공유하려는 경향이 강합니다"
1565,여자,30대,사무 종사자,대학교 졸업(전문대졸/대학원생 포함),강원도,2세대가족,기혼,맞벌이 함,700-800만원 미만,1,0.2283582089552238,0.4475760992108231,0.9956379498364232,0.9020568070519096,0.6120521172638438,0.3071850052065255,0.3043478260869564,건강 추구형 소비자,가격이나 브랜드에 크게 구애받지 않고 건강을 최우선으로 고려하는 프리미엄 소비자 그룹입니다. 건강과 편리성을 모두 만족시키는 제품에 기꺼이 지갑을 엽니다.
1566,여자,30대,판매 종사자,대학교 졸업(전문대졸/대학원생 포함),대전광역시,1인 가구,미혼(사별/이혼 포함),맞벌이 하지 않음,300-400만원 미만,1,0.7082089552238808,0.8440435926343477,0.6630316248636858,0.8775710088148868,0.6026058631921825,0.2568552585907667,0.2086956521739129,건강 추구형 소비자,가격이나 브랜드에 크게 구애받지 않고 건강을 최우선으로 고려하는 프리미엄 소비자 그룹입니다. 건강과 편리성을 모두 만족시키는 제품에 기꺼이 지갑을 엽니다.
1567,여자,60대 이상,서비스 종사자,대학교 졸업(전문대졸/대학원생 포함),대구광역시,1세대가족,기혼,맞벌이 함,"900-1,000만원 미만",3,0.4552238805970149,0.5039458850056369,0.5258996728462373,0.8041136141038193,0.4495114006514659,0.4331829225963207,0.4869565217391302,트렌드 주도형 소비자,"자신의 취향과 경험을 중시하는 소비자 그룹입니다. 단순히 배를 채우는 것 이상의 가치를 추구하며, 새로운 제품을 가장 먼저 경험하고 공유하려는 경향이 강합니다"
1568,여자,60대 이상,주부,중졸 이하,강원도,1세대가족,기혼,맞벌이 하지 않음,200-300만원 미만,0,0.2611940298507462,0.3310785419015407,0.2216466739367504,0.706170421155729,0.2745928338762215,0.3620270739326622,0.6304347826086953,실속형 미식가,편리성을 중시하면서도 새로운 맛과 제품을 시도하는 데 적극적인 소비자 그룹입니다. 가격에 민감하기보다는 효율성과 맛을 동시에 추구합니다.
1569,여자,40대,단순노무 종사자,대학교 졸업(전문대졸/대학원생 포함),충청북도,2세대가족,기혼,맞벌이 함,400-500만원 미만,3,0.662686567164179,0.4175122134535888,0.3666848418756813,0.8237022526934379,0.4814332247557004,0.2450538007636235,0.4695652173913042,트렌드 주도형 소비자,"자신의 취향과 경험을 중시하는 소비자 그룹입니다. 단순히 배를 채우는 것 이상의 가치를 추구하며, 새로운 제품을 가장 먼저 경험하고 공유하려는 경향이 강합니다"
1570,여자,50대,서비스 종사자,고졸(대학 재학 포함),충청북도,1세대가족,기혼,맞벌이 함,400-500만원 미만,3,0.7059701492537311,0.4701240135287484,0.3511450381679391,0.8041136141038193,0.5143322475570031,0.4845539743144738,0.3782608695652173,트렌드 주도형 소비자,"자신의 취향과 경험을 중시하는 소비자 그룹입니다. 단순히 배를 채우는 것 이상의 가치를 추구하며, 새로운 제품을 가장 먼저 경험하고 공유하려는 경향이 강합니다"
1571,여자,60대 이상,주부,중졸 이하,강원도,1세대가족,기혼,맞벌이 하지 않음,300-400만원 미만,0,0.3529850746268655,0.3987222848553172,0.4760087241003268,0.7257590597453475,0.3456026058631925,0.3484901076015271,0.6478260869565217,실속형 미식가,편리성을 중시하면서도 새로운 맛과 제품을 시도하는 데 적극적인 소비자 그룹입니다. 가격에 민감하기보다는 효율성과 맛을 동시에 추구합니다.
1572,여자,50대,관리자,대학교 졸업(전문대졸/대학원생 포함),경기도,2세대가족,기혼,맞벌이 함,600-700만원 미만,0,0.3753731343283583,0.477639984968057,0.3691384950926932,0.8237022526934379,0.4745928338762213,0.3429364803887537,0.5521739130434781,실속형 미식가,편리성을 중시하면서도 새로운 맛과 제품을 시도하는 데 적극적인 소비자 그룹입니다. 가격에 민감하기보다는 효율성과 맛을 동시에 추구합니다.
1573,여자,60대 이상,사무 종사자,대학교 졸업(전문대졸/대학원생 포함),대구광역시,2세대가족,기혼,맞벌이 함,600-700만원 미만,3,0.6380597014925374,0.46260804208944,0.5188113413304252,0.8041136141038193,0.529315960912052,0.4220756681707737,0.4608695652173912,트렌드 주도형 소비자,"자신의 취향과 경험을 중시하는 소비자 그룹입니다. 단순히 배를 채우는 것 이상의 가치를 추구하며, 새로운 제품을 가장 먼저 경험하고 공유하려는 경향이 강합니다"
1574,여자,40대,판매 종사자,고졸(대학 재학 포함),대전광역시,2세대가족,기혼,맞벌이 함,500-600만원 미만,3,0.6134328358208957,0.7670048853814353,0.4910032715376229,0.9216454456415274,0.4804560260586322,0.2620617841027419,0.3521739130434779,트렌드 주도형 소비자,"자신의 취향과 경험을 중시하는 소비자 그룹입니다. 단순히 배를 채우는 것 이상의 가치를 추구하며, 새로운 제품을 가장 먼저 경험하고 공유하려는 경향이 강합니다"
1575,여자,30대,주부,대학교 졸업(전문대졸/대학원생 포함),대구광역시,2세대가족,기혼,맞벌이 하지 않음,300-400만원 미만,0,0.2671641791044775,0.6636602780909431,0.2219193020719739,0.8971596474045053,0.1915309446254072,0.7119055883373825,0.4434782608695652,실속형 미식가,편리성을 중시하면서도 새로운 맛과 제품을 시도하는 데 적극적인 소비자 그룹입니다. 가격에 민감하기보다는 효율성과 맛을 동시에 추구합니다.
1576,남자,20대,사무 종사자,대학교 졸업(전문대졸/대학원생 포함),충청북도,1세대가족,미혼(사별/이혼 포함),맞벌이 하지 않음,500-600만원 미만,0,0.4104477611940298,0.7670048853814353,0.3075245365321704,0.8824681684622918,0.3179153094462543,0.3245400902464419,0.2999999999999997,실속형 미식가,편리성을 중시하면서도 새로운 맛과 제품을 시도하는 데 적극적인 소비자 그룹입니다. 가격에 민감하기보다는 효율성과 맛을 동시에 추구합니다.
1577,여자,30대,판매 종사자,고졸(대학 재학 포함),충청남도,2세대가족,기혼,맞벌이 함,400-500만원 미만,0,0.3850746268656718,0.637354378053363,0.2442748091603055,0.7796278158667972,0.2374592833876223,0.1527247483512666,0.2665217391304347,실속형 미식가,편리성을 중시하면서도 새로운 맛과 제품을 시도하는 데 적극적인 소비자 그룹입니다. 가격에 민감하기보다는 효율성과 맛을 동시에 추구합니다.
1578,여자,60대 이상,서비스 종사자,대학교 졸업(전문대졸/대학원생 포함),대구광역시,2세대가족,기혼,맞벌이 함,800-900만원 미만,3,0.8328358208955225,0.4851559564073657,0.5632497273718649,0.8432908912830556,0.5762214983713357,0.3575147518222836,0.5708695652173912,트렌드 주도형 소비자,"자신의 취향과 경험을 중시하는 소비자 그룹입니다. 단순히 배를 채우는 것 이상의 가치를 추구하며, 새로운 제품을 가장 먼저 경험하고 공유하려는 경향이 강합니다"
1579,여자,60대 이상,서비스 종사자,고졸(대학 재학 포함),강원도,1세대가족,기혼,맞벌이 함,400-500만원 미만,1,0.1701492537313431,0.4475760992108231,0.7390948745910575,0.8824681684622918,0.390228013029316,0.4272821936827489,0.327391304347826,건강 추구형 소비자,가격이나 브랜드에 크게 구애받지 않고 건강을 최우선으로 고려하는 프리미엄 소비자 그룹입니다. 건강과 편리성을 모두 만족시키는 제품에 기꺼이 지갑을 엽니다.
1580,여자,40대,사무 종사자,대학교 졸업(전문대졸/대학원생 포함),충청남도,1세대가족,기혼,맞벌이 함,500-600만원 미만,0,0.4723880597014926,0.544532130777903,0.2543620501635772,0.740450538687561,0.3700325732899022,0.1180145782714334,0.3099999999999998,실속형 미식가,편리성을 중시하면서도 새로운 맛과 제품을 시도하는 데 적극적인 소비자 그룹입니다. 가격에 민감하기보다는 효율성과 맛을 동시에 추구합니다.
1581,여자,50대,서비스 종사자,대학교 졸업(전문대졸/대학원생 포함),충청북도,2세대가족,미혼(사별/이혼 포함),맞벌이 하지 않음,300-400만원 미만,0,0.4291044776119404,0.6242014280345735,0.3446019629225732,0.8628795298726734,0.3162866449511403,0.360985768830267,0.5260869565217389,실속형 미식가,편리성을 중시하면서도 새로운 맛과 제품을 시도하는 데 적극적인 소비자 그룹입니다. 가격에 민감하기보다는 효율성과 맛을 동시에 추구합니다.
1582,여자,60대 이상,단순노무 종사자,중졸 이하,충청남도,1세대가족,기혼,맞벌이 함,400-500만원 미만,0,0.1589552238805972,0.6140548665915068,0.283260632497274,0.7453476983349653,0.2469055374592837,0.1284276292953833,0.2317391304347825,실속형 미식가,편리성을 중시하면서도 새로운 맛과 제품을 시도하는 데 적극적인 소비자 그룹입니다. 가격에 민감하기보다는 효율성과 맛을 동시에 추구합니다.
1583,여자,30대,서비스 종사자,고졸(대학 재학 포함),충청북도,2세대가족,기혼,맞벌이 함,500-600만원 미만,0,0.5261194029850745,0.6542653137918076,0.1371319520174485,0.8237022526934379,0.25114006514658,0.4245053800763623,0.4782608695652171,실속형 미식가,편리성을 중시하면서도 새로운 맛과 제품을 시도하는 데 적극적인 소비자 그룹입니다. 가격에 민감하기보다는 효율성과 맛을 동시에 추구합니다.
1584,여자,50대,판매 종사자,고졸(대학 재학 포함),충청남도,1인 가구,미혼(사별/이혼 포함),맞벌이 하지 않음,200-300만원 미만,0,0.373134328358209,0.6384817737692595,0.2170119956379494,0.7600391772771787,0.2899022801302932,0.167650121485595,0.2260869565217391,실속형 미식가,편리성을 중시하면서도 새로운 맛과 제품을 시도하는 데 적극적인 소비자 그룹입니다. 가격에 민감하기보다는 효율성과 맛을 동시에 추구합니다.
1585,여자,50대,판매 종사자,고졸(대학 재학 포함),충청남도,2세대가족,기혼,맞벌이 함,500-600만원 미만,0,0.3380597014925374,0.535888763622698,0.2878953107960743,0.740450538687561,0.2908794788273618,0.1388406803193333,0.3665217391304347,실속형 미식가,편리성을 중시하면서도 새로운 맛과 제품을 시도하는 데 적극적인 소비자 그룹입니다. 가격에 민감하기보다는 효율성과 맛을 동시에 추구합니다.
1586,여자,40대,판매 종사자,고졸(대학 재학 포함),충청북도,2세대가족,기혼,맞벌이 함,500-600만원 미만,0,0.262686567164179,0.6204434423149192,0.1829334787350055,0.8041136141038193,0.1537459283387623,0.4845539743144738,0.4565217391304347,실속형 미식가,편리성을 중시하면서도 새로운 맛과 제품을 시도하는 데 적극적인 소비자 그룹입니다. 가격에 민감하기보다는 효율성과 맛을 동시에 추구합니다.
1587,남자,60대 이상,기능원 및 관련 기능 종사자,고졸(대학 재학 포함),충청남도,1세대가족,기혼,맞벌이 함,400-500만원 미만,0,0.2761194029850746,0.5520481022172113,0.1875681570338057,0.7600391772771787,0.3602605863192185,0.1457827143352999,0.2565217391304346,실속형 미식가,편리성을 중시하면서도 새로운 맛과 제품을 시도하는 데 적극적인 소비자 그룹입니다. 가격에 민감하기보다는 효율성과 맛을 동시에 추구합니다.
1588,여자,40대,판매 종사자,고졸(대학 재학 포함),충청남도,2세대가족,기혼,맞벌이 함,700-800만원 미만,0,0.3201492537313433,0.5809845922585491,0.3579607415485278,0.7208619000979426,0.2915309446254072,0.3169038528288788,0.2956521739130433,실속형 미식가,편리성을 중시하면서도 새로운 맛과 제품을 시도하는 데 적극적인 소비자 그룹입니다. 가격에 민감하기보다는 효율성과 맛을 동시에 추구합니다.
1589,여자,60대 이상,서비스 종사자,중졸 이하,강원도,1세대가족,기혼,맞벌이 함,400-500만원 미만,1,0.3029850746268655,0.3536264562194665,0.5359869138495088,0.7649363369245838,0.4123778501628664,0.3606386671294689,0.5043478260869562,건강 추구형 소비자,가격이나 브랜드에 크게 구애받지 않고 건강을 최우선으로 고려하는 프리미엄 소비자 그룹입니다. 건강과 편리성을 모두 만족시키는 제품에 기꺼이 지갑을 엽니다.
1590,여자,50대,사무 종사자,대학교 졸업(전문대졸/대학원생 포함),충청남도,2세대가족,기혼,맞벌이 함,500-600만원 미만,0,0.2611940298507462,0.5858699736940999,0.265267175572519,0.7600391772771787,0.247557003257329,0.13536966331135,0.1956521739130433,실속형 미식가,편리성을 중시하면서도 새로운 맛과 제품을 시도하는 데 적극적인 소비자 그룹입니다. 가격에 민감하기보다는 효율성과 맛을 동시에 추구합니다.
1591,여자,60대 이상,서비스 종사자,고졸(대학 재학 포함),충청북도,1세대가족,기혼,맞벌이 함,500-600만원 미만,0,0.4358208955223883,0.5452837279218338,0.09814612868048,0.8041136141038193,0.2000000000000003,0.3786879555709821,0.5391304347826085,실속형 미식가,편리성을 중시하면서도 새로운 맛과 제품을 시도하는 데 적극적인 소비자 그룹입니다. 가격에 민감하기보다는 효율성과 맛을 동시에 추구합니다.
1592,여자,50대,장치·기계 조작 및 조립 종사자,고졸(대학 재학 포함),경기도,2세대가족,기혼,맞벌이 함,700-800만원 미만,0,0.2910447761194031,0.5001878992859826,0.4784623773173387,0.8432908912830556,0.286970684039088,0.2950364456785835,0.6956521739130433,실속형 미식가,편리성을 중시하면서도 새로운 맛과 제품을 시도하는 데 적극적인 소비자 그룹입니다. 가격에 민감하기보다는 효율성과 맛을 동시에 추구합니다.
1593,남자,30대,사무 종사자,대학교 졸업(전문대졸/대학원생 포함),충청남도,1인 가구,미혼(사별/이혼 포함),맞벌이 하지 않음,200-300만원 미만,0,0.3082089552238805,0.637354378053363,0.267720828789531,0.7796278158667972,0.2615635179153096,0.1492537313432833,0.2521739130434782,실속형 미식가,편리성을 중시하면서도 새로운 맛과 제품을 시도하는 데 적극적인 소비자 그룹입니다. 가격에 민감하기보다는 효율성과 맛을 동시에 추구합니다.
1594,여자,50대,사무 종사자,고졸(대학 재학 포함),충청남도,1세대가족,기혼,맞벌이 함,500-600만원 미만,0,0.5014925373134329,0.5978955279969934,0.2470010905125408,0.7453476983349653,0.3899022801302931,0.3245400902464419,0.317391304347826,실속형 미식가,편리성을 중시하면서도 새로운 맛과 제품을 시도하는 데 적극적인 소비자 그룹입니다. 가격에 민감하기보다는 효율성과 맛을 동시에 추구합니다.
1595,여자,50대,서비스 종사자,고졸(대학 재학 포함),충청북도,2세대가족,기혼,맞벌이 함,500-600만원 미만,0,0.4104477611940298,0.4269071777527245,0.2230098146128677,0.7600391772771787,0.3583061889250815,0.4425546685178755,0.4391304347826084,실속형 미식가,편리성을 중시하면서도 새로운 맛과 제품을 시도하는 데 적극적인 소비자 그룹입니다. 가격에 민감하기보다는 효율성과 맛을 동시에 추구합니다.
1596,여자,40대,사무 종사자,대학교 졸업(전문대졸/대학원생 포함),경기도,2세대가족,기혼,맞벌이 함,600-700만원 미만,3,0.4850746268656715,0.6242014280345735,0.4351145038167934,0.9020568070519096,0.3410423452768733,0.2186740715029503,0.6869565217391302,트렌드 주도형 소비자,"자신의 취향과 경험을 중시하는 소비자 그룹입니다. 단순히 배를 채우는 것 이상의 가치를 추구하며, 새로운 제품을 가장 먼저 경험하고 공유하려는 경향이 강합니다"
1597,여자,40대,사무 종사자,대학교 졸업(전문대졸/대학원생 포함),충청남도,2세대가족,기혼,맞벌이 함,500-600만원 미만,0,0.3514925373134328,0.5565576850807965,0.3805888767720829,0.7845249755142015,0.3824104234527687,0.3759111419645954,0.4608695652173912,실속형 미식가,편리성을 중시하면서도 새로운 맛과 제품을 시도하는 데 적극적인 소비자 그룹입니다. 가격에 민감하기보다는 효율성과 맛을 동시에 추구합니다.
1598,여자,60대 이상,주부,고졸(대학 재학 포함),인천광역시,1세대가족,기혼,맞벌이 하지 않음,200-300만원 미만,0,0.2388059701492538,0.3769259676813227,0.3565976008724097,0.5612144955925558,0.2908794788273618,0.3377299548767786,0.4217391304347824,실속형 미식가,편리성을 중시하면서도 새로운 맛과 제품을 시도하는 데 적극적인 소비자 그룹입니다. 가격에 민감하기보다는 효율성과 맛을 동시에 추구합니다.
1599,여자,40대,사무 종사자,대학교 졸업(전문대졸/대학원생 포함),경기도,2세대가족,기혼,맞벌이 함,600-700만원 미만,0,0.1567164179104479,0.5678316422397591,0.4408396946564883,0.8628795298726734,0.1807817589576547,0.2127733425893785,0.7173913043478257,실속형 미식가,편리성을 중시하면서도 새로운 맛과 제품을 시도하는 데 적극적인 소비자 그룹입니다. 가격에 민감하기보다는 효율성과 맛을 동시에 추구합니다.
1600,여자,30대,사무 종사자,대학교 졸업(전문대졸/대학원생 포함),충청남도,2세대가족,기혼,맞벌이 함,500-600만원 미만,3,0.5111940298507464,0.5114618564449454,0.3552344601962925,0.8041136141038193,0.3543973941368081,0.3786879555709821,0.4739130434782606,트렌드 주도형 소비자,"자신의 취향과 경험을 중시하는 소비자 그룹입니다. 단순히 배를 채우는 것 이상의 가치를 추구하며, 새로운 제품을 가장 먼저 경험하고 공유하려는 경향이 강합니다"
1601,여자,40대,서비스 종사자,대학교 졸업(전문대졸/대학원생 포함),강원도,2세대가족,기혼,맞벌이 함,600-700만원 미만,0,0.1686567164179103,0.3912063134160088,0.5062704471101416,0.8628795298726734,0.2488599348534202,0.2776813606386671,0.6999999999999997,실속형 미식가,편리성을 중시하면서도 새로운 맛과 제품을 시도하는 데 적극적인 소비자 그룹입니다. 가격에 민감하기보다는 효율성과 맛을 동시에 추구합니다.
1602,남자,50대,서비스 종사자,대학교 졸업(전문대졸/대학원생 포함),충청남도,1인 가구,미혼(사별/이혼 포함),맞벌이 하지 않음,400-500만원 미만,0,0.419402985074627,0.4964299135663284,0.240730643402399,0.7845249755142015,0.3013029315960914,0.3696633113502255,0.3869565217391302,실속형 미식가,편리성을 중시하면서도 새로운 맛과 제품을 시도하는 데 적극적인 소비자 그룹입니다. 가격에 민감하기보다는 효율성과 맛을 동시에 추구합니다.
1603,여자,60대 이상,주부,고졸(대학 재학 포함),서울특별시,1세대가족,기혼,맞벌이 하지 않음,300-400만원 미만,0,0.4723880597014926,0.6298384066140549,0.4482006543075246,0.7796278158667972,0.3374592833876224,0.2568552585907667,0.4434782608695652,실속형 미식가,편리성을 중시하면서도 새로운 맛과 제품을 시도하는 데 적극적인 소비자 그룹입니다. 가격에 민감하기보다는 효율성과 맛을 동시에 추구합니다.
1604,남자,50대,사무 종사자,대학교 졸업(전문대졸/대학원생 포함),충청남도,1인 가구,미혼(사별/이혼 포함),맞벌이 하지 않음,400-500만원 미만,0,0.4156716417910448,0.549041713641488,0.3947655398037078,0.8041136141038193,0.3149837133550491,0.4765706351961123,0.3752173913043476,실속형 미식가,편리성을 중시하면서도 새로운 맛과 제품을 시도하는 데 적극적인 소비자 그룹입니다. 가격에 민감하기보다는 효율성과 맛을 동시에 추구합니다.
1605,여자,40대,사무 종사자,대학교 졸업(전문대졸/대학원생 포함),대전광역시,2세대가족,기혼,맞벌이 함,500-600만원 미만,0,0.2708955223880596,0.6475009394964301,0.0776990185387134,0.8550440744368261,0.1052117263843649,0.425546685178757,0.5130434782608694,실속형 미식가,편리성을 중시하면서도 새로운 맛과 제품을 시도하는 데 적극적인 소비자 그룹입니다. 가격에 민감하기보다는 효율성과 맛을 동시에 추구합니다.
1606,여자,50대,서비스 종사자,고졸(대학 재학 포함),충청남도,2세대가족,기혼,맞벌이 함,500-600만원 미만,0,0.4022388059701491,0.5978955279969934,0.2775354416575792,0.7845249755142015,0.3156351791530945,0.4973967372440122,0.3999999999999997,실속형 미식가,편리성을 중시하면서도 새로운 맛과 제품을 시도하는 데 적극적인 소비자 그룹입니다. 가격에 민감하기보다는 효율성과 맛을 동시에 추구합니다.
1607,여자,50대,판매 종사자,고졸(대학 재학 포함),경상남도,2세대가족,기혼,맞벌이 하지 않음,300-400만원 미만,0,0.2201492537313432,0.6016535137166477,0.5534351145038168,0.8628795298726734,0.2957654723127035,0.2381117667476569,0.3913043478260869,실속형 미식가,편리성을 중시하면서도 새로운 맛과 제품을 시도하는 데 적극적인 소비자 그룹입니다. 가격에 민감하기보다는 효율성과 맛을 동시에 추구합니다.
1608,여자,60대 이상,주부,중졸 이하,강원도,1세대가족,기혼,맞벌이 하지 않음,300-400만원 미만,0,0.2089552238805972,0.5866215708380308,0.2227371864776443,0.8041136141038193,0.1485342019543978,0.2231863936133284,0.5173913043478258,실속형 미식가,편리성을 중시하면서도 새로운 맛과 제품을 시도하는 데 적극적인 소비자 그룹입니다. 가격에 민감하기보다는 효율성과 맛을 동시에 추구합니다.
1609,여자,60대 이상,서비스 종사자,고졸(대학 재학 포함),경상남도,2세대가족,기혼,맞벌이 함,500-600만원 미만,0,0.2604477611940297,0.5114618564449454,0.4637404580152669,0.8432908912830556,0.3175895765472314,0.208261020479,0.5478260869565217,실속형 미식가,편리성을 중시하면서도 새로운 맛과 제품을 시도하는 데 적극적인 소비자 그룹입니다. 가격에 민감하기보다는 효율성과 맛을 동시에 추구합니다.
1610,여자,30대,사무 종사자,대학교 졸업(전문대졸/대학원생 포함),서울특별시,1인 가구,미혼(사별/이혼 포함),맞벌이 하지 않음,300-400만원 미만,3,0.5865671641791045,0.676813228109733,0.4149400218102511,0.8432908912830556,0.2657980456026059,0.2290871225269002,0.4826086956521738,트렌드 주도형 소비자,"자신의 취향과 경험을 중시하는 소비자 그룹입니다. 단순히 배를 채우는 것 이상의 가치를 추구하며, 새로운 제품을 가장 먼저 경험하고 공유하려는 경향이 강합니다"
1611,여자,30대,주부,대학교 졸업(전문대졸/대학원생 포함),대구광역시,2세대가족,기혼,맞벌이 하지 않음,300-400만원 미만,0,0.1641791044776118,0.467117624953025,0.1744820065430754,0.6199804113614098,0.2280130293159609,0.4439430753210688,0.3130434782608693,실속형 미식가,편리성을 중시하면서도 새로운 맛과 제품을 시도하는 데 적극적인 소비자 그룹입니다. 가격에 민감하기보다는 효율성과 맛을 동시에 추구합니다.
1612,여자,60대 이상,주부,고졸(대학 재학 포함),인천광역시,1세대가족,기혼,맞벌이 하지 않음,200-300만원 미만,0,0.4671641791044776,0.4746335963923335,0.3170665212649944,0.6395690499510283,0.2951140065146582,0.279763970843457,0.4391304347826084,실속형 미식가,편리성을 중시하면서도 새로운 맛과 제품을 시도하는 데 적극적인 소비자 그룹입니다. 가격에 민감하기보다는 효율성과 맛을 동시에 추구합니다.
1613,여자,50대,기능원 및 관련 기능 종사자,고졸(대학 재학 포함),서울특별시,1세대가족,기혼,맞벌이 함,300-400만원 미만,3,0.7686567164179104,0.5603156708004507,0.6221374045801524,0.8432908912830556,0.529315960912052,0.3436306837903504,0.4652173913043476,트렌드 주도형 소비자,"자신의 취향과 경험을 중시하는 소비자 그룹입니다. 단순히 배를 채우는 것 이상의 가치를 추구하며, 새로운 제품을 가장 먼저 경험하고 공유하려는 경향이 강합니다"
1614,여자,60대 이상,서비스 종사자,고졸(대학 재학 포함),제주특별자치도,2세대가족,미혼(사별/이혼 포함),맞벌이 하지 않음,300-400만원 미만,3,0.8268656716417913,0.3273205561818865,0.5081788440567065,0.706170421155729,0.6485342019543975,0.1919472405414786,0.5043478260869562,트렌드 주도형 소비자,"자신의 취향과 경험을 중시하는 소비자 그룹입니다. 단순히 배를 채우는 것 이상의 가치를 추구하며, 새로운 제품을 가장 먼저 경험하고 공유하려는 경향이 강합니다"
1615,여자,50대,사무 종사자,고졸(대학 재학 포함),충청북도,2세대가족,기혼,맞벌이 함,600-700만원 미만,0,0.1567164179104479,0.6974821495678315,0.0763358778625953,0.9167482859941232,0.0488599348534202,0.530371398819854,0.4652173913043476,실속형 미식가,편리성을 중시하면서도 새로운 맛과 제품을 시도하는 데 적극적인 소비자 그룹입니다. 가격에 민감하기보다는 효율성과 맛을 동시에 추구합니다.
1616,여자,50대,서비스 종사자,고졸(대학 재학 포함),제주특별자치도,2세대가족,미혼(사별/이혼 포함),맞벌이 하지 않음,400-500만원 미만,3,0.7731343283582089,0.3836903419767003,0.5428026172300984,0.7257590597453475,0.6469055374592835,0.2256161055189169,0.434782608695652,트렌드 주도형 소비자,"자신의 취향과 경험을 중시하는 소비자 그룹입니다. 단순히 배를 채우는 것 이상의 가치를 추구하며, 새로운 제품을 가장 먼저 경험하고 공유하려는 경향이 강합니다"
1617,여자,40대,사무 종사자,대학교 졸업(전문대졸/대학원생 포함),충청북도,2세대가족,기혼,맞벌이 함,500-600만원 미만,0,0.3753731343283583,0.6129274708756103,0.3020719738276992,0.8041136141038193,0.2462540716612379,0.485595279416869,0.4956521739130434,실속형 미식가,편리성을 중시하면서도 새로운 맛과 제품을 시도하는 데 적극적인 소비자 그룹입니다. 가격에 민감하기보다는 효율성과 맛을 동시에 추구합니다.
1618,여자,40대,단순노무 종사자,대학교 졸업(전문대졸/대학원생 포함),충청북도,2세대가족,기혼,맞벌이 함,400-500만원 미만,0,0.237313432835821,0.6655392709507704,0.1052344601962921,0.7845249755142015,0.0775244299674267,0.3557792433182922,0.4391304347826084,실속형 미식가,편리성을 중시하면서도 새로운 맛과 제품을 시도하는 데 적극적인 소비자 그룹입니다. 가격에 민감하기보다는 효율성과 맛을 동시에 추구합니다.
1619,남자,50대,사무 종사자,대학교 졸업(전문대졸/대학원생 포함),충청북도,2세대가족,기혼,맞벌이 함,600-700만원 미만,0,0.1753731343283581,0.7125140924464485,0.1063249727371867,0.9363369245837408,0.0635179153094466,0.539743144741409,0.5217391304347825,실속형 미식가,편리성을 중시하면서도 새로운 맛과 제품을 시도하는 데 적극적인 소비자 그룹입니다. 가격에 민감하기보다는 효율성과 맛을 동시에 추구합니다.
1620,여자,50대,사무 종사자,고졸(대학 재학 포함),충청북도,2세대가족,기혼,맞벌이 함,500-600만원 미만,0,0.155223880597015,0.8391582111987974,0.0886041439476553,0.7375122428991179,0.0547231270358306,0.5942381117667473,0.3521739130434779,실속형 미식가,편리성을 중시하면서도 새로운 맛과 제품을 시도하는 데 적극적인 소비자 그룹입니다. 가격에 민감하기보다는 효율성과 맛을 동시에 추구합니다.
1621,여자,50대,서비스 종사자,대학교 졸업(전문대졸/대학원생 포함),강원도,2세대가족,기혼,맞벌이 함,600-700만원 미만,0,0.2611940298507462,0.3367155204810222,0.5817884405670666,0.7600391772771787,0.3713355048859938,0.1631377993752169,0.618695652173913,실속형 미식가,편리성을 중시하면서도 새로운 맛과 제품을 시도하는 데 적극적인 소비자 그룹입니다. 가격에 민감하기보다는 효율성과 맛을 동시에 추구합니다.
1622,여자,30대,단순노무 종사자,대학교 졸업(전문대졸/대학원생 포함),충청북도,2세대가족,기혼,맞벌이 함,400-500만원 미만,0,0.3335820895522389,0.6993611424276588,0.2489094874591058,0.7845249755142015,0.1260586319218241,0.4817771607080875,0.4782608695652171,실속형 미식가,편리성을 중시하면서도 새로운 맛과 제품을 시도하는 데 적극적인 소비자 그룹입니다. 가격에 민감하기보다는 효율성과 맛을 동시에 추구합니다.
1623,여자,40대,주부,대학교 졸업(전문대졸/대학원생 포함),울산광역시,2세대가족,기혼,맞벌이 하지 않음,300-400만원 미만,3,0.5611940298507465,0.5415257422021796,0.2938931297709925,0.8628795298726734,0.2482084690553749,0.3960430406108987,0.7565217391304344,트렌드 주도형 소비자,"자신의 취향과 경험을 중시하는 소비자 그룹입니다. 단순히 배를 채우는 것 이상의 가치를 추구하며, 새로운 제품을 가장 먼저 경험하고 공유하려는 경향이 강합니다"
1624,여자,40대,사무 종사자,대학교 졸업(전문대졸/대학원생 포함),충청북도,2세대가족,기혼,맞벌이 함,500-600만원 미만,0,0.2611940298507462,0.6542653137918076,0.1248636859323884,0.7845249755142015,0.1361563517915312,0.3394654633807704,0.4869565217391302,실속형 미식가,편리성을 중시하면서도 새로운 맛과 제품을 시도하는 데 적극적인 소비자 그룹입니다. 가격에 민감하기보다는 효율성과 맛을 동시에 추구합니다.
1625,여자,40대,사무 종사자,대학교 졸업(전문대졸/대학원생 포함),울산광역시,2세대가족,기혼,맞벌이 함,500-600만원 미만,3,0.6350746268656716,0.5828635851183764,0.4002181025081792,0.8628795298726734,0.4850162866449514,0.3703575147518221,0.4739130434782606,트렌드 주도형 소비자,"자신의 취향과 경험을 중시하는 소비자 그룹입니다. 단순히 배를 채우는 것 이상의 가치를 추구하며, 새로운 제품을 가장 먼저 경험하고 공유하려는 경향이 강합니다"
1626,여자,50대,사무 종사자,대학교 졸업(전문대졸/대학원생 포함),울산광역시,2세대가족,기혼,맞벌이 함,500-600만원 미만,3,0.707462686567164,0.5077038707252911,0.4002181025081792,0.8432908912830556,0.4358306188925082,0.3727872266574106,0.5739130434782607,트렌드 주도형 소비자,"자신의 취향과 경험을 중시하는 소비자 그룹입니다. 단순히 배를 채우는 것 이상의 가치를 추구하며, 새로운 제품을 가장 먼저 경험하고 공유하려는 경향이 강합니다"
1627,여자,60대 이상,주부,중졸 이하,강원도,1세대가족,기혼,맞벌이 하지 않음,300-400만원 미만,0,0.1567164179104479,0.334836527621195,0.462649945474373,0.8041136141038193,0.2745928338762215,0.18951752863589,0.5739130434782607,실속형 미식가,편리성을 중시하면서도 새로운 맛과 제품을 시도하는 데 적극적인 소비자 그룹입니다. 가격에 민감하기보다는 효율성과 맛을 동시에 추구합니다.
1628,여자,40대,사무 종사자,대학교 졸업(전문대졸/대학원생 포함),울산광역시,2세대가족,기혼,맞벌이 함,400-500만원 미만,3,0.7276119402985075,0.5377677564825253,0.3974918211559432,0.9020568070519096,0.4423452768729644,0.4335300242971188,0.5999999999999999,트렌드 주도형 소비자,"자신의 취향과 경험을 중시하는 소비자 그룹입니다. 단순히 배를 채우는 것 이상의 가치를 추구하며, 새로운 제품을 가장 먼저 경험하고 공유하려는 경향이 강합니다"
1629,여자,60대 이상,주부,고졸(대학 재학 포함),강원도,1세대가족,기혼,맞벌이 하지 않음,400-500만원 미만,1,0.4738805970149255,0.334836527621195,0.6752998909487458,0.7649363369245838,0.5465798045602607,0.161402290871225,0.160869565217391,건강 추구형 소비자,가격이나 브랜드에 크게 구애받지 않고 건강을 최우선으로 고려하는 프리미엄 소비자 그룹입니다. 건강과 편리성을 모두 만족시키는 제품에 기꺼이 지갑을 엽니다.
1630,여자,40대,사무 종사자,대학교 졸업(전문대졸/대학원생 포함),경상남도,2세대가족,기혼,맞벌이 함,500-600만원 미만,3,0.6649253731343283,0.9098083427282978,0.4389312977099234,0.9216454456415274,0.4208469055374594,0.3422422769871571,0.4217391304347824,트렌드 주도형 소비자,"자신의 취향과 경험을 중시하는 소비자 그룹입니다. 단순히 배를 채우는 것 이상의 가치를 추구하며, 새로운 제품을 가장 먼저 경험하고 공유하려는 경향이 강합니다"
1631,여자,50대,주부,고졸(대학 재학 포함),강원도,1세대가족,기혼,맞벌이 하지 않음,300-400만원 미만,3,0.6477611940298509,0.5013152950018791,0.5141766630316249,0.8824681684622918,0.532899022801303,0.3748698368622003,0.708695652173913,트렌드 주도형 소비자,"자신의 취향과 경험을 중시하는 소비자 그룹입니다. 단순히 배를 채우는 것 이상의 가치를 추구하며, 새로운 제품을 가장 먼저 경험하고 공유하려는 경향이 강합니다"
1632,여자,60대 이상,주부,중졸 이하,강원도,1세대가족,기혼,맞벌이 하지 않음,200-300만원 미만,1,0.5223880597014928,0.3686583990980834,0.770992366412214,0.7845249755142015,0.5882736156351794,0.1700798333911835,0.1665217391304347,건강 추구형 소비자,가격이나 브랜드에 크게 구애받지 않고 건강을 최우선으로 고려하는 프리미엄 소비자 그룹입니다. 건강과 편리성을 모두 만족시키는 제품에 기꺼이 지갑을 엽니다.
1633,남자,50대,판매 종사자,대학교 졸업(전문대졸/대학원생 포함),충청북도,1세대가족,기혼,맞벌이 함,700-800만원 미만,3,0.5291044776119406,0.421270199173243,0.5654307524536533,0.8041136141038193,0.5697068403908796,0.5636931620964941,0.4695652173913042,트렌드 주도형 소비자,"자신의 취향과 경험을 중시하는 소비자 그룹입니다. 단순히 배를 채우는 것 이상의 가치를 추구하며, 새로운 제품을 가장 먼저 경험하고 공유하려는 경향이 강합니다"
1634,남자,40대,서비스 종사자,대학교 졸업(전문대졸/대학원생 포함),충청북도,1인 가구,미혼(사별/이혼 포함),맞벌이 하지 않음,300-400만원 미만,0,0.3619402985074627,0.3987222848553172,0.3805888767720829,0.8432908912830556,0.3859934853420197,0.6154113155154457,0.4913043478260865,실속형 미식가,편리성을 중시하면서도 새로운 맛과 제품을 시도하는 데 적극적인 소비자 그룹입니다. 가격에 민감하기보다는 효율성과 맛을 동시에 추구합니다.
1635,남자,40대,장치·기계 조작 및 조립 종사자,대학교 졸업(전문대졸/대학원생 포함),충청북도,2세대가족,기혼,맞벌이 함,600-700만원 미만,1,0.1380597014925373,0.3874483276963545,0.9340239912758996,0.8041136141038193,0.4641693811074918,0.2533842415827835,0.3652173913043475,건강 추구형 소비자,가격이나 브랜드에 크게 구애받지 않고 건강을 최우선으로 고려하는 프리미엄 소비자 그룹입니다. 건강과 편리성을 모두 만족시키는 제품에 기꺼이 지갑을 엽니다.
1636,여자,50대,주부,고졸(대학 재학 포함),충청북도,1세대가족,기혼,맞벌이 하지 않음,400-500만원 미만,3,0.4350746268656718,0.3874483276963545,0.4820065430752452,0.8237022526934379,0.4342019543973942,0.5373134328358206,0.4739130434782606,트렌드 주도형 소비자,"자신의 취향과 경험을 중시하는 소비자 그룹입니다. 단순히 배를 채우는 것 이상의 가치를 추구하며, 새로운 제품을 가장 먼저 경험하고 공유하려는 경향이 강합니다"
1637,남자,60대 이상,농림어업 숙련 종사자,고졸(대학 재학 포함),충청북도,1세대가족,기혼,맞벌이 하지 않음,300-400만원 미만,1,0.3216417910447761,0.3141676061630964,0.4937295528898581,0.681684622918707,0.4768729641693812,0.432488719194724,0.3926086956521739,건강 추구형 소비자,가격이나 브랜드에 크게 구애받지 않고 건강을 최우선으로 고려하는 프리미엄 소비자 그룹입니다. 건강과 편리성을 모두 만족시키는 제품에 기꺼이 지갑을 엽니다.
1638,여자,40대,사무 종사자,대학교 졸업(전문대졸/대학원생 포함),강원도,2세대가족,기혼,맞벌이 함,700-800만원 미만,1,0.5880597014925373,0.3461104847801576,0.6810250817884405,0.7453476983349653,0.3765472312703584,0.1492537313432833,0.2304347826086955,건강 추구형 소비자,가격이나 브랜드에 크게 구애받지 않고 건강을 최우선으로 고려하는 프리미엄 소비자 그룹입니다. 건강과 편리성을 모두 만족시키는 제품에 기꺼이 지갑을 엽니다.
1639,남자,30대,사무 종사자,대학교 졸업(전문대졸/대학원생 포함),강원도,1인 가구,미혼(사별/이혼 포함),맞벌이 하지 않음,300-400만원 미만,3,0.5776119402985074,0.5152198421645996,0.4651035986913849,0.9020568070519096,0.6013029315960912,0.3453661922943419,0.6217391304347826,트렌드 주도형 소비자,"자신의 취향과 경험을 중시하는 소비자 그룹입니다. 단순히 배를 채우는 것 이상의 가치를 추구하며, 새로운 제품을 가장 먼저 경험하고 공유하려는 경향이 강합니다"
1640,여자,60대 이상,주부,대학교 졸업(전문대졸/대학원생 포함),강원도,1세대가족,기혼,맞벌이 하지 않음,400-500만원 미만,1,0.373134328358209,0.3836903419767003,0.709105779716467,0.8041136141038193,0.4299674267100979,0.1631377993752169,0.2578260869565215,건강 추구형 소비자,가격이나 브랜드에 크게 구애받지 않고 건강을 최우선으로 고려하는 프리미엄 소비자 그룹입니다. 건강과 편리성을 모두 만족시키는 제품에 기꺼이 지갑을 엽니다.
1641,여자,60대 이상,기능원 및 관련 기능 종사자,대학교 졸업(전문대졸/대학원생 포함),서울특별시,2세대가족,기혼,맞벌이 함,"900-1,000만원 미만",0,0.2910447761194031,0.4250281848928972,0.3069792802617229,0.8041136141038193,0.1866449511400651,0.1995834779590418,0.836086956521739,실속형 미식가,편리성을 중시하면서도 새로운 맛과 제품을 시도하는 데 적극적인 소비자 그룹입니다. 가격에 민감하기보다는 효율성과 맛을 동시에 추구합니다.
1642,여자,30대,주부,고졸(대학 재학 포함),강원도,2세대가족,기혼,맞벌이 하지 않음,300-400만원 미만,3,0.6126865671641789,0.5238632093198045,0.4860959651035985,0.941234084231146,0.6091205211726386,0.4192988545643871,0.6173913043478257,트렌드 주도형 소비자,"자신의 취향과 경험을 중시하는 소비자 그룹입니다. 단순히 배를 채우는 것 이상의 가치를 추구하며, 새로운 제품을 가장 먼저 경험하고 공유하려는 경향이 강합니다"
1643,여자,60대 이상,농림어업 숙련 종사자,중졸 이하,충청북도,1세대가족,기혼,맞벌이 함,300-400만원 미만,0,0.3164179104477612,0.3592634347989477,0.4424754634678298,0.7992164544564151,0.4475570032573289,0.4734467198889271,0.4956521739130434,실속형 미식가,편리성을 중시하면서도 새로운 맛과 제품을 시도하는 데 적극적인 소비자 그룹입니다. 가격에 민감하기보다는 효율성과 맛을 동시에 추구합니다.
1644,여자,60대 이상,농림어업 숙련 종사자,중졸 이하,충청북도,1세대가족,기혼,맞벌이 함,200-300만원 미만,0,0.3164179104477612,0.3686583990980834,0.4138495092693565,0.7845249755142015,0.3954397394136811,0.494967025338424,0.4434782608695652,실속형 미식가,편리성을 중시하면서도 새로운 맛과 제품을 시도하는 데 적극적인 소비자 그룹입니다. 가격에 민감하기보다는 효율성과 맛을 동시에 추구합니다.
1645,여자,30대,사무 종사자,대학교 졸업(전문대졸/대학원생 포함),서울특별시,1세대가족,기혼,맞벌이 함,700-800만원 미만,0,0.1850746268656716,0.5189778278842537,0.350872410032715,0.8432908912830556,0.1990228013029316,0.1874349184311001,0.7608695652173911,실속형 미식가,편리성을 중시하면서도 새로운 맛과 제품을 시도하는 데 적극적인 소비자 그룹입니다. 가격에 민감하기보다는 효율성과 맛을 동시에 추구합니다.
1646,여자,40대,사무 종사자,대학교 졸업(전문대졸/대학원생 포함),강원도,2세대가족,기혼,맞벌이 함,500-600만원 미만,3,0.5201492537313435,0.5152198421645996,0.5068157033805887,0.9020568070519096,0.6133550488599349,0.3679278028462337,0.6447826086956521,트렌드 주도형 소비자,"자신의 취향과 경험을 중시하는 소비자 그룹입니다. 단순히 배를 채우는 것 이상의 가치를 추구하며, 새로운 제품을 가장 먼저 경험하고 공유하려는 경향이 강합니다"
1647,여자,40대,사무 종사자,대학교 졸업(전문대졸/대학원생 포함),서울특별시,2세대가족,기혼,맞벌이 함,700-800만원 미만,0,0.4082089552238805,0.4363021420518599,0.190294438386041,0.8237022526934379,0.3615635179153096,0.1561957653592499,0.7391304347826084,실속형 미식가,편리성을 중시하면서도 새로운 맛과 제품을 시도하는 데 적극적인 소비자 그룹입니다. 가격에 민감하기보다는 효율성과 맛을 동시에 추구합니다.
1648,여자,60대 이상,서비스 종사자,중졸 이하,충청북도,1세대가족,기혼,맞벌이 함,500-600만원 미만,0,0.3850746268656718,0.4363021420518599,0.4138495092693565,0.8432908912830556,0.374267100977199,0.5470322804581739,0.4869565217391302,실속형 미식가,편리성을 중시하면서도 새로운 맛과 제품을 시도하는 데 적극적인 소비자 그룹입니다. 가격에 민감하기보다는 효율성과 맛을 동시에 추구합니다.
1649,여자,60대 이상,주부,중졸 이하,충청북도,1세대가족,기혼,맞벌이 하지 않음,200-300만원 미만,0,0.312686567164179,0.3667794062382561,0.4056706652126499,0.7992164544564151,0.3156351791530945,0.4356126345019088,0.5391304347826085,실속형 미식가,편리성을 중시하면서도 새로운 맛과 제품을 시도하는 데 적극적인 소비자 그룹입니다. 가격에 민감하기보다는 효율성과 맛을 동시에 추구합니다.
1650,여자,60대 이상,서비스 종사자,고졸(대학 재학 포함),충청북도,1세대가족,기혼,맞벌이 함,600-700만원 미만,1,0.3246268656716418,0.3912063134160088,0.5087241003271536,0.8824681684622918,0.4446254071661238,0.3832002776813606,0.417391304347826,건강 추구형 소비자,가격이나 브랜드에 크게 구애받지 않고 건강을 최우선으로 고려하는 프리미엄 소비자 그룹입니다. 건강과 편리성을 모두 만족시키는 제품에 기꺼이 지갑을 엽니다.
1651,여자,60대 이상,단순노무 종사자,중졸 이하,충청북도,1인 가구,미혼(사별/이혼 포함),맞벌이 하지 않음,200-300만원 미만,0,0.1835820895522388,0.3498684704998119,0.2761723009814611,0.8237022526934379,0.3016286644951144,0.3977785491148905,0.5130434782608694,실속형 미식가,편리성을 중시하면서도 새로운 맛과 제품을 시도하는 데 적극적인 소비자 그룹입니다. 가격에 민감하기보다는 효율성과 맛을 동시에 추구합니다.
1652,여자,50대,주부,고졸(대학 재학 포함),충청북도,2세대가족,기혼,맞벌이 하지 않음,700-800만원 미만,0,0.2507462686567166,0.3987222848553172,0.4345692475463467,0.8628795298726734,0.3309446254071662,0.4671988892745572,0.5347826086956521,실속형 미식가,편리성을 중시하면서도 새로운 맛과 제품을 시도하는 데 적극적인 소비자 그룹입니다. 가격에 민감하기보다는 효율성과 맛을 동시에 추구합니다.
1653,여자,40대,판매 종사자,대학교 졸업(전문대졸/대학원생 포함),인천광역시,2세대가족,기혼,맞벌이 함,500-600만원 미만,0,0.282089552238806,0.4513340849304773,0.5040894220283532,0.8432908912830556,0.2156351791530945,0.2613675807011453,0.8782608695652172,실속형 미식가,편리성을 중시하면서도 새로운 맛과 제품을 시도하는 데 적극적인 소비자 그룹입니다. 가격에 민감하기보다는 효율성과 맛을 동시에 추구합니다.
1654,여자,50대,판매 종사자,대학교 졸업(전문대졸/대학원생 포함),서울특별시,2세대가족,기혼,맞벌이 함,600-700만원 미만,3,0.6417910447761195,0.5452837279218338,0.4727371864776447,0.8237022526934379,0.4123778501628664,0.2620617841027419,0.3956521739130433,트렌드 주도형 소비자,"자신의 취향과 경험을 중시하는 소비자 그룹입니다. 단순히 배를 채우는 것 이상의 가치를 추구하며, 새로운 제품을 가장 먼저 경험하고 공유하려는 경향이 강합니다"
1655,여자,60대 이상,서비스 종사자,대학교 졸업(전문대졸/대학원생 포함),인천광역시,2세대가족,기혼,맞벌이 함,800-900만원 미만,3,0.6664179104477611,0.4907929349868469,0.4288440567066517,0.7208619000979426,0.5990228013029318,0.2828878861506418,0.3826086956521738,트렌드 주도형 소비자,"자신의 취향과 경험을 중시하는 소비자 그룹입니다. 단순히 배를 채우는 것 이상의 가치를 추구하며, 새로운 제품을 가장 먼저 경험하고 공유하려는 경향이 강합니다"
1656,여자,60대 이상,주부,고졸(대학 재학 포함),대전광역시,2세대가족,미혼(사별/이혼 포함),맞벌이 하지 않음,300-400만원 미만,0,0.126865671641791,0.3686583990980834,0.4574700109051251,0.8237022526934379,0.3625407166123778,0.3745227351614021,0.4478260869565216,실속형 미식가,편리성을 중시하면서도 새로운 맛과 제품을 시도하는 데 적극적인 소비자 그룹입니다. 가격에 민감하기보다는 효율성과 맛을 동시에 추구합니다.
1657,여자,50대,서비스 종사자,고졸(대학 재학 포함),대전광역시,2세대가족,기혼,맞벌이 하지 않음,700-800만원 미만,0,0.1567164179104479,0.3573844419391207,0.3293347873500544,0.8432908912830556,0.3485342019543977,0.4446372787226654,0.4260869565217389,실속형 미식가,편리성을 중시하면서도 새로운 맛과 제품을 시도하는 데 적극적인 소비자 그룹입니다. 가격에 민감하기보다는 효율성과 맛을 동시에 추구합니다.
1658,여자,40대,사무 종사자,대학교 졸업(전문대졸/대학원생 포함),대전광역시,2세대가족,기혼,맞벌이 함,600-700만원 미만,0,0.3044776119402984,0.3573844419391207,0.2769901853871322,0.8432908912830556,0.3684039087947882,0.346407497396737,0.4695652173913042,실속형 미식가,편리성을 중시하면서도 새로운 맛과 제품을 시도하는 데 적극적인 소비자 그룹입니다. 가격에 민감하기보다는 효율성과 맛을 동시에 추구합니다.
1659,여자,50대,사무 종사자,고졸(대학 재학 포함),대전광역시,2세대가족,기혼,맞벌이 함,700-800만원 미만,0,0.3447761194029852,0.3649004133784291,0.3320610687022897,0.8432908912830556,0.4804560260586322,0.429711905588337,0.4143478260869565,실속형 미식가,편리성을 중시하면서도 새로운 맛과 제품을 시도하는 데 적극적인 소비자 그룹입니다. 가격에 민감하기보다는 효율성과 맛을 동시에 추구합니다.
1660,여자,60대 이상,서비스 종사자,대학교 졸업(전문대졸/대학원생 포함),대전광역시,1세대가족,기혼,맞벌이 함,500-600만원 미만,0,0.3686567164179105,0.4889139421270199,0.3342420937840781,0.7649363369245838,0.2710097719869709,0.4644220756681705,0.6317391304347826,실속형 미식가,편리성을 중시하면서도 새로운 맛과 제품을 시도하는 데 적극적인 소비자 그룹입니다. 가격에 민감하기보다는 효율성과 맛을 동시에 추구합니다.
1661,여자,30대,사무 종사자,대학교 졸업(전문대졸/대학원생 포함),강원도,1세대가족,기혼,맞벌이 함,500-600만원 미만,3,0.5186567164179107,0.5527996993611421,0.4978189749182115,0.8824681684622918,0.5100977198697069,0.4182575494619922,0.6434782608695649,트렌드 주도형 소비자,"자신의 취향과 경험을 중시하는 소비자 그룹입니다. 단순히 배를 채우는 것 이상의 가치를 추구하며, 새로운 제품을 가장 먼저 경험하고 공유하려는 경향이 강합니다"
1662,여자,50대,서비스 종사자,대학교 졸업(전문대졸/대학원생 포함),대전광역시,2세대가족,기혼,맞벌이 함,500-600만원 미만,0,0.2843283582089553,0.4137542277339346,0.3756815703380592,0.7845249755142015,0.3442996742671009,0.5206525511975006,0.5882608695652174,실속형 미식가,편리성을 중시하면서도 새로운 맛과 제품을 시도하는 데 적극적인 소비자 그룹입니다. 가격에 민감하기보다는 효율성과 맛을 동시에 추구합니다.
1663,여자,50대,사무 종사자,대학교 졸업(전문대졸/대학원생 포함),대전광역시,2세대가족,기혼,맞벌이 함,400-500만원 미만,0,0.3499999999999998,0.4363021420518599,0.3116139585605231,0.8041136141038193,0.2635179153094465,0.4800416522040956,0.6143478260869566,실속형 미식가,편리성을 중시하면서도 새로운 맛과 제품을 시도하는 데 적극적인 소비자 그룹입니다. 가격에 민감하기보다는 효율성과 맛을 동시에 추구합니다.
1664,여자,60대 이상,단순노무 종사자,고졸(대학 재학 포함),강원도,1인 가구,미혼(사별/이혼 포함),맞벌이 하지 않음,200-300만원 미만,3,0.4499999999999999,0.4588500563697856,0.4670119956379497,0.8824681684622918,0.5104234527687298,0.414786532454009,0.6304347826086953,트렌드 주도형 소비자,"자신의 취향과 경험을 중시하는 소비자 그룹입니다. 단순히 배를 채우는 것 이상의 가치를 추구하며, 새로운 제품을 가장 먼저 경험하고 공유하려는 경향이 강합니다"
1665,여자,40대,서비스 종사자,대학교 졸업(전문대졸/대학원생 포함),대전광역시,2세대가족,기혼,맞벌이 함,500-600만원 미만,0,0.2895522388059702,0.6054114994363019,0.265267175572519,0.8237022526934379,0.2153094462540715,0.4574800416522039,0.5795652173913041,실속형 미식가,편리성을 중시하면서도 새로운 맛과 제품을 시도하는 데 적극적인 소비자 그룹입니다. 가격에 민감하기보다는 효율성과 맛을 동시에 추구합니다.
1666,여자,50대,사무 종사자,대학교 졸업(전문대졸/대학원생 포함),대전광역시,1세대가족,기혼,맞벌이 함,700-800만원 미만,0,0.1701492537313431,0.3686583990980834,0.4432933478735001,0.8041136141038193,0.2892508143322478,0.4300590072891355,0.5260869565217389,실속형 미식가,편리성을 중시하면서도 새로운 맛과 제품을 시도하는 데 적극적인 소비자 그룹입니다. 가격에 민감하기보다는 효율성과 맛을 동시에 추구합니다.
1667,여자,40대,사무 종사자,대학교 졸업(전문대졸/대학원생 포함),대전광역시,2세대가족,기혼,맞벌이 함,600-700만원 미만,1,0.2186567164179104,0.4099962420142803,0.8323336968375132,0.8432908912830556,0.5661237785016286,0.2464422075668168,0.3652173913043475,건강 추구형 소비자,가격이나 브랜드에 크게 구애받지 않고 건강을 최우선으로 고려하는 프리미엄 소비자 그룹입니다. 건강과 편리성을 모두 만족시키는 제품에 기꺼이 지갑을 엽니다.
1668,여자,40대,사무 종사자,대학교 졸업(전문대졸/대학원생 포함),서울특별시,1세대가족,기혼,맞벌이 함,500-600만원 미만,3,0.6552238805970151,0.9699361142427658,0.4563794983642313,0.8824681684622918,0.4019543973941367,0.2464422075668168,0.1304347826086955,트렌드 주도형 소비자,"자신의 취향과 경험을 중시하는 소비자 그룹입니다. 단순히 배를 채우는 것 이상의 가치를 추구하며, 새로운 제품을 가장 먼저 경험하고 공유하려는 경향이 강합니다"
1669,여자,50대,서비스 종사자,대학교 졸업(전문대졸/대학원생 포함),대전광역시,2세대가족,기혼,맞벌이 함,500-600만원 미만,0,0.2865671641791045,0.6880871852686957,0.0517993456924753,0.8237022526934379,0.1185667752442997,0.3637625824366537,0.417391304347826,실속형 미식가,편리성을 중시하면서도 새로운 맛과 제품을 시도하는 데 적극적인 소비자 그룹입니다. 가격에 민감하기보다는 효율성과 맛을 동시에 추구합니다.
1670,여자,40대,사무 종사자,대학교 졸업(전문대졸/대학원생 포함),경기도,2세대가족,기혼,맞벌이 함,600-700만원 미만,0,0.3455223880597013,0.5077038707252911,0.2505452562704472,0.8432908912830556,0.3618892508143325,0.2620617841027419,0.5043478260869562,실속형 미식가,편리성을 중시하면서도 새로운 맛과 제품을 시도하는 데 적극적인 소비자 그룹입니다. 가격에 민감하기보다는 효율성과 맛을 동시에 추구합니다.
1671,여자,50대,서비스 종사자,대학교 졸업(전문대졸/대학원생 포함),대전광역시,2세대가족,기혼,맞벌이 함,500-600만원 미만,0,0.3097014925373133,0.4438181134911688,0.4569247546346782,0.8432908912830556,0.415309446254072,0.4973967372440122,0.5752173913043477,실속형 미식가,편리성을 중시하면서도 새로운 맛과 제품을 시도하는 데 적극적인 소비자 그룹입니다. 가격에 민감하기보다는 효율성과 맛을 동시에 추구합니다.
1672,여자,40대,사무 종사자,대학교 졸업(전문대졸/대학원생 포함),강원도,2세대가족,기혼,맞벌이 함,700-800만원 미만,1,0.4365671641791047,0.3649004133784291,0.6782988004362052,0.8041136141038193,0.4944625407166124,0.1388406803193333,0.1273913043478261,건강 추구형 소비자,가격이나 브랜드에 크게 구애받지 않고 건강을 최우선으로 고려하는 프리미엄 소비자 그룹입니다. 건강과 편리성을 모두 만족시키는 제품에 기꺼이 지갑을 엽니다.
1673,여자,50대,주부,대학교 졸업(전문대졸/대학원생 포함),인천광역시,1세대가족,기혼,맞벌이 하지 않음,400-500만원 미만,1,0.3305970149253732,0.3555054490792934,0.6919302071973825,0.7012732615083248,0.5573289902280131,0.2464422075668168,0.1173913043478259,건강 추구형 소비자,가격이나 브랜드에 크게 구애받지 않고 건강을 최우선으로 고려하는 프리미엄 소비자 그룹입니다. 건강과 편리성을 모두 만족시키는 제품에 기꺼이 지갑을 엽니다.
1674,여자,50대,서비스 종사자,고졸(대학 재학 포함),경기도,2세대가족,기혼,맞벌이 함,700-800만원 미만,0,0.4723880597014926,0.4983089064261557,0.2846237731733912,0.7012732615083248,0.3104234527687299,0.3012842762929536,0.5491304347826086,실속형 미식가,편리성을 중시하면서도 새로운 맛과 제품을 시도하는 데 적극적인 소비자 그룹입니다. 가격에 민감하기보다는 효율성과 맛을 동시에 추구합니다.
1675,여자,60대 이상,주부,고졸(대학 재학 포함),인천광역시,1세대가족,기혼,맞벌이 하지 않음,400-500만원 미만,1,0.2485074626865673,0.4130026305900037,0.7551799345692476,0.7012732615083248,0.5009771986970685,0.3085734120097188,0.0913043478260869,건강 추구형 소비자,가격이나 브랜드에 크게 구애받지 않고 건강을 최우선으로 고려하는 프리미엄 소비자 그룹입니다. 건강과 편리성을 모두 만족시키는 제품에 기꺼이 지갑을 엽니다.
1676,여자,50대,서비스 종사자,대학교 졸업(전문대졸/대학원생 포함),대전광역시,2세대가족,기혼,맞벌이 함,700-800만원 미만,0,0.2425373134328359,0.3573844419391207,0.2843511450381678,0.8432908912830556,0.3859934853420197,0.3790350572717802,0.417391304347826,실속형 미식가,편리성을 중시하면서도 새로운 맛과 제품을 시도하는 데 적극적인 소비자 그룹입니다. 가격에 민감하기보다는 효율성과 맛을 동시에 추구합니다.
1677,여자,60대 이상,판매 종사자,고졸(대학 재학 포함),대전광역시,1세대가족,기혼,맞벌이 함,500-600만원 미만,1,0.2708955223880596,0.3761743705373919,0.501908396946565,0.8432908912830556,0.4482084690553748,0.4033321763276638,0.3913043478260869,건강 추구형 소비자,가격이나 브랜드에 크게 구애받지 않고 건강을 최우선으로 고려하는 프리미엄 소비자 그룹입니다. 건강과 편리성을 모두 만족시키는 제품에 기꺼이 지갑을 엽니다.
1678,여자,40대,사무 종사자,대학교 졸업(전문대졸/대학원생 포함),경기도,2세대가족,기혼,맞벌이 함,600-700만원 미만,3,0.5694029850746267,0.5189778278842537,0.3947655398037078,0.8041136141038193,0.4622149837133554,0.2429711905588335,0.4304347826086956,트렌드 주도형 소비자,"자신의 취향과 경험을 중시하는 소비자 그룹입니다. 단순히 배를 채우는 것 이상의 가치를 추구하며, 새로운 제품을 가장 먼저 경험하고 공유하려는 경향이 강합니다"
1679,여자,50대,주부,고졸(대학 재학 포함),서울특별시,1세대가족,기혼,맞벌이 하지 않음,300-400만원 미만,3,0.5044776119402986,0.4926719278466742,0.5400763358778622,0.8237022526934379,0.4915309446254071,0.2811523776466503,0.452173913043478,트렌드 주도형 소비자,"자신의 취향과 경험을 중시하는 소비자 그룹입니다. 단순히 배를 채우는 것 이상의 가치를 추구하며, 새로운 제품을 가장 먼저 경험하고 공유하려는 경향이 강합니다"
1680,여자,40대,사무 종사자,대학교 졸업(전문대졸/대학원생 포함),경기도,2세대가족,기혼,맞벌이 함,700-800만원 미만,3,0.5417910447761194,0.5640736565201049,0.4492911668484184,0.9608227228207636,0.4351791530944624,0.3262755987504337,0.5304347826086953,트렌드 주도형 소비자,"자신의 취향과 경험을 중시하는 소비자 그룹입니다. 단순히 배를 채우는 것 이상의 가치를 추구하며, 새로운 제품을 가장 먼저 경험하고 공유하려는 경향이 강합니다"
1681,여자,50대,사무 종사자,대학교 졸업(전문대졸/대학원생 포함),경기도,2세대가족,기혼,맞벌이 함,700-800만원 미만,0,0.3805970149253733,0.5302517850432169,0.4525627044711014,0.7845249755142015,0.4381107491856681,0.2325581395348835,0.5230434782608694,실속형 미식가,편리성을 중시하면서도 새로운 맛과 제품을 시도하는 데 적극적인 소비자 그룹입니다. 가격에 민감하기보다는 효율성과 맛을 동시에 추구합니다.
1682,여자,40대,사무 종사자,대학교 졸업(전문대졸/대학원생 포함),인천광역시,2세대가족,기혼,맞벌이 함,600-700만원 미만,1,0.4917910447761193,0.403607666290868,0.6982006543075243,0.7453476983349653,0.5771986970684041,0.374175633460604,0.1173913043478259,건강 추구형 소비자,가격이나 브랜드에 크게 구애받지 않고 건강을 최우선으로 고려하는 프리미엄 소비자 그룹입니다. 건강과 편리성을 모두 만족시키는 제품에 기꺼이 지갑을 엽니다.
1683,여자,40대,관리자,대학교 졸업(전문대졸/대학원생 포함),경기도,2세대가족,기혼,맞벌이 함,600-700만원 미만,3,0.6089552238805969,0.6016535137166477,0.5106324972737184,0.941234084231146,0.3765472312703584,0.3106560222145087,0.5795652173913041,트렌드 주도형 소비자,"자신의 취향과 경험을 중시하는 소비자 그룹입니다. 단순히 배를 채우는 것 이상의 가치를 추구하며, 새로운 제품을 가장 먼저 경험하고 공유하려는 경향이 강합니다"
1684,여자,40대,주부,대학교 졸업(전문대졸/대학원생 포함),강원도,2세대가족,기혼,맞벌이 하지 않음,400-500만원 미만,1,0.5261194029850745,0.3848177376925968,0.7191930207197377,0.7845249755142015,0.5032573289902283,0.1423116973273166,0.0782608695652173,건강 추구형 소비자,가격이나 브랜드에 크게 구애받지 않고 건강을 최우선으로 고려하는 프리미엄 소비자 그룹입니다. 건강과 편리성을 모두 만족시키는 제품에 기꺼이 지갑을 엽니다.
1685,여자,40대,주부,대학교 졸업(전문대졸/대학원생 포함),부산광역시,2세대가족,기혼,맞벌이 하지 않음,400-500만원 미만,3,0.5395522388059701,0.5941375422773392,0.4356597600872412,0.8432908912830556,0.5661237785016286,0.3866712946893439,0.2999999999999997,트렌드 주도형 소비자,"자신의 취향과 경험을 중시하는 소비자 그룹입니다. 단순히 배를 채우는 것 이상의 가치를 추구하며, 새로운 제품을 가장 먼저 경험하고 공유하려는 경향이 강합니다"
1686,남자,40대,사무 종사자,대학교 졸업(전문대졸/대학원생 포함),인천광역시,1인 가구,미혼(사별/이혼 포함),맞벌이 하지 않음,300-400만원 미만,1,0.2634328358208954,0.4663660278090942,0.6483097055616138,0.8628795298726734,0.4042345276872966,0.3891010065949319,0.1956521739130433,건강 추구형 소비자,가격이나 브랜드에 크게 구애받지 않고 건강을 최우선으로 고려하는 프리미엄 소비자 그룹입니다. 건강과 편리성을 모두 만족시키는 제품에 기꺼이 지갑을 엽니다.
1687,남자,30대,판매 종사자,고졸(대학 재학 포함),서울특별시,1인 가구,미혼(사별/이혼 포함),맞벌이 하지 않음,200-300만원 미만,1,0.5373134328358209,0.5152198421645996,0.548255179934569,0.8628795298726734,0.5081433224755699,0.3675807011454355,0.1926086956521738,건강 추구형 소비자,가격이나 브랜드에 크게 구애받지 않고 건강을 최우선으로 고려하는 프리미엄 소비자 그룹입니다. 건강과 편리성을 모두 만족시키는 제품에 기꺼이 지갑을 엽니다.
1688,여자,50대,주부,고졸(대학 재학 포함),대구광역시,2세대가족,기혼,맞벌이 하지 않음,300-400만원 미만,0,0.0298507462686569,0.5486659150695224,0.2126499454743727,0.6758080313418215,0.2452768729641697,0.3977785491148905,0.3695652173913043,실속형 미식가,편리성을 중시하면서도 새로운 맛과 제품을 시도하는 데 적극적인 소비자 그룹입니다. 가격에 민감하기보다는 효율성과 맛을 동시에 추구합니다.
1689,여자,30대,서비스 종사자,대학교 졸업(전문대졸/대학원생 포함),대구광역시,1인 가구,미혼(사별/이혼 포함),맞벌이 하지 않음,200-300만원 미만,0,0.1044776119402986,0.3280721533258173,0.227099236641221,0.6787463271302638,0.2778501628664496,0.3353002429711905,0.3086956521739128,실속형 미식가,편리성을 중시하면서도 새로운 맛과 제품을 시도하는 데 적극적인 소비자 그룹입니다. 가격에 민감하기보다는 효율성과 맛을 동시에 추구합니다.
1690,여자,50대,주부,대학교 졸업(전문대졸/대학원생 포함),인천광역시,2세대가족,기혼,맞벌이 하지 않음,500-600만원 미만,1,0.4313432835820893,0.4111236377301764,0.7137404580152673,0.7649363369245838,0.6159609120521171,0.5449496702533841,0.1347826086956519,건강 추구형 소비자,가격이나 브랜드에 크게 구애받지 않고 건강을 최우선으로 고려하는 프리미엄 소비자 그룹입니다. 건강과 편리성을 모두 만족시키는 제품에 기꺼이 지갑을 엽니다.
1691,여자,50대,판매 종사자,고졸(대학 재학 포함),경기도,1인 가구,미혼(사별/이혼 포함),맞벌이 하지 않음,300-400만원 미만,0,0.2089552238805972,0.4945509207065011,0.2756270447110141,0.7600391772771787,0.2446254071661238,0.1735508503991668,0.4086956521739129,실속형 미식가,편리성을 중시하면서도 새로운 맛과 제품을 시도하는 데 적극적인 소비자 그룹입니다. 가격에 민감하기보다는 효율성과 맛을 동시에 추구합니다.
1692,여자,30대,사무 종사자,대학교 졸업(전문대졸/대학원생 포함),대구광역시,2세대가족,기혼,맞벌이 함,500-600만원 미만,1,0.626865671641791,0.3987222848553172,0.4978189749182115,0.8432908912830556,0.6133550488599349,0.2457480041652201,0.160869565217391,건강 추구형 소비자,가격이나 브랜드에 크게 구애받지 않고 건강을 최우선으로 고려하는 프리미엄 소비자 그룹입니다. 건강과 편리성을 모두 만족시키는 제품에 기꺼이 지갑을 엽니다.
1693,여자,30대,주부,대학교 졸업(전문대졸/대학원생 포함),인천광역시,2세대가족,기혼,맞벌이 하지 않음,500-600만원 미만,1,0.4716417910447762,0.3724163848177376,0.7745365321701196,0.706170421155729,0.5960912052117262,0.3672335994446369,0.160869565217391,건강 추구형 소비자,가격이나 브랜드에 크게 구애받지 않고 건강을 최우선으로 고려하는 프리미엄 소비자 그룹입니다. 건강과 편리성을 모두 만족시키는 제품에 기꺼이 지갑을 엽니다.
1694,여자,60대 이상,서비스 종사자,고졸(대학 재학 포함),경기도,1세대가족,기혼,맞벌이 함,700-800만원 미만,3,0.4925373134328357,0.4663660278090942,0.2914394765539806,0.7453476983349653,0.3713355048859938,0.2776813606386671,0.5578260869565217,트렌드 주도형 소비자,"자신의 취향과 경험을 중시하는 소비자 그룹입니다. 단순히 배를 채우는 것 이상의 가치를 추구하며, 새로운 제품을 가장 먼저 경험하고 공유하려는 경향이 강합니다"
1695,여자,30대,서비스 종사자,고졸(대학 재학 포함),대구광역시,1인 가구,미혼(사별/이혼 포함),맞벌이 하지 않음,200-300만원 미만,0,0.1641791044776118,0.6287110108981585,0.0253544165757903,0.6983349657198823,0.1368078175895766,0.4720583130857338,0.3826086956521738,실속형 미식가,편리성을 중시하면서도 새로운 맛과 제품을 시도하는 데 적극적인 소비자 그룹입니다. 가격에 민감하기보다는 효율성과 맛을 동시에 추구합니다.
1696,여자,30대,사무 종사자,대학교 졸업(전문대졸/대학원생 포함),경기도,1세대가족,기혼,맞벌이 함,600-700만원 미만,0,0.2731343283582089,0.4682450206689215,0.2434569247546344,0.7796278158667972,0.3970684039087951,0.2301284276292951,0.3565217391304347,실속형 미식가,편리성을 중시하면서도 새로운 맛과 제품을 시도하는 데 적극적인 소비자 그룹입니다. 가격에 민감하기보다는 효율성과 맛을 동시에 추구합니다.
1697,여자,50대,사무 종사자,고졸(대학 재학 포함),경기도,2세대가족,기혼,맞벌이 함,"900-1,000만원 미만",3,0.4686567164179105,0.6102968808718525,0.3854961832061065,0.8628795298726734,0.3456026058631925,0.283929191253037,0.5217391304347825,트렌드 주도형 소비자,"자신의 취향과 경험을 중시하는 소비자 그룹입니다. 단순히 배를 채우는 것 이상의 가치를 추구하며, 새로운 제품을 가장 먼저 경험하고 공유하려는 경향이 강합니다"
1698,여자,50대,판매 종사자,대학교 졸업(전문대졸/대학원생 포함),인천광역시,2세대가족,기혼,맞벌이 함,600-700만원 미만,1,0.4567164179104477,0.394964299135663,0.8017993456924757,0.7649363369245838,0.5895765472312706,0.4671988892745572,0.1521739130434783,건강 추구형 소비자,가격이나 브랜드에 크게 구애받지 않고 건강을 최우선으로 고려하는 프리미엄 소비자 그룹입니다. 건강과 편리성을 모두 만족시키는 제품에 기꺼이 지갑을 엽니다.
1699,여자,50대,주부,고졸(대학 재학 포함),경기도,2세대가족,기혼,맞벌이 하지 않음,600-700만원 미만,0,0.3902985074626864,0.4964299135663284,0.2390948745910576,0.8041136141038193,0.3026058631921826,0.2047900034710167,0.4578260869565216,실속형 미식가,편리성을 중시하면서도 새로운 맛과 제품을 시도하는 데 적극적인 소비자 그룹입니다. 가격에 민감하기보다는 효율성과 맛을 동시에 추구합니다.
1700,여자,50대,주부,대학교 졸업(전문대졸/대학원생 포함),인천광역시,2세대가족,기혼,맞벌이 하지 않음,500-600만원 미만,1,0.7708955223880597,0.5903795565576849,0.561886586695747,0.8041136141038193,0.8107491856677526,0.4127039222492189,0.0826086956521737,건강 추구형 소비자,가격이나 브랜드에 크게 구애받지 않고 건강을 최우선으로 고려하는 프리미엄 소비자 그룹입니다. 건강과 편리성을 모두 만족시키는 제품에 기꺼이 지갑을 엽니다.
1701,여자,40대,사무 종사자,대학교 졸업(전문대졸/대학원생 포함),인천광역시,2세대가족,기혼,맞벌이 함,700-800만원 미만,0,0.2238805970149253,0.4588500563697856,0.4225736095965099,0.8432908912830556,0.1902280130293161,0.2731690385282885,0.7826086956521736,실속형 미식가,편리성을 중시하면서도 새로운 맛과 제품을 시도하는 데 적극적인 소비자 그룹입니다. 가격에 민감하기보다는 효율성과 맛을 동시에 추구합니다.
1702,여자,30대,사무 종사자,대학교 졸업(전문대졸/대학원생 포함),경기도,2세대가족,기혼,맞벌이 함,800-900만원 미만,0,0.3604477611940297,0.5388951521984213,0.4773718647764448,0.7649363369245838,0.3032573289902279,0.2950364456785835,0.4608695652173912,실속형 미식가,편리성을 중시하면서도 새로운 맛과 제품을 시도하는 데 적극적인 소비자 그룹입니다. 가격에 민감하기보다는 효율성과 맛을 동시에 추구합니다.
1703,여자,30대,판매 종사자,대학교 졸업(전문대졸/대학원생 포함),대구광역시,1세대가족,기혼,맞벌이 함,400-500만원 미만,0,0.0149253731343284,0.5922585494175122,0.1044165757906218,0.681684622918707,0.0843648208469058,0.6525511975008677,0.4869565217391302,실속형 미식가,편리성을 중시하면서도 새로운 맛과 제품을 시도하는 데 적극적인 소비자 그룹입니다. 가격에 민감하기보다는 효율성과 맛을 동시에 추구합니다.
1704,여자,60대 이상,판매 종사자,대학교 졸업(전문대졸/대학원생 포함),인천광역시,1세대가족,기혼,맞벌이 함,500-600만원 미만,1,0.6044776119402987,0.3799323562570461,0.7205561613958558,0.7257590597453475,0.603583061889251,0.3509198195071151,0.1173913043478259,건강 추구형 소비자,가격이나 브랜드에 크게 구애받지 않고 건강을 최우선으로 고려하는 프리미엄 소비자 그룹입니다. 건강과 편리성을 모두 만족시키는 제품에 기꺼이 지갑을 엽니다.
1705,여자,40대,주부,대학교 졸업(전문대졸/대학원생 포함),부산광역시,2세대가족,기혼,맞벌이 하지 않음,300-400만원 미만,3,0.601492537313433,0.616685456595265,0.3001635768811342,0.8824681684622918,0.3081433224755701,0.4720583130857338,0.6913043478260866,트렌드 주도형 소비자,"자신의 취향과 경험을 중시하는 소비자 그룹입니다. 단순히 배를 채우는 것 이상의 가치를 추구하며, 새로운 제품을 가장 먼저 경험하고 공유하려는 경향이 강합니다"
1706,여자,60대 이상,주부,고졸(대학 재학 포함),인천광역시,1세대가족,기혼,맞벌이 하지 않음,300-400만원 미만,0,0.3514925373134328,0.421270199173243,0.3726826608505997,0.7845249755142015,0.3016286644951144,0.2186740715029503,0.834782608695652,실속형 미식가,편리성을 중시하면서도 새로운 맛과 제품을 시도하는 데 적극적인 소비자 그룹입니다. 가격에 민감하기보다는 효율성과 맛을 동시에 추구합니다.
1707,여자,50대,서비스 종사자,고졸(대학 재학 포함),제주특별자치도,2세대가족,미혼(사별/이혼 포함),맞벌이 하지 않음,300-400만원 미만,3,0.7111940298507462,0.334836527621195,0.5258996728462373,0.6669931439764935,0.6273615635179154,0.161402290871225,0.5130434782608694,트렌드 주도형 소비자,"자신의 취향과 경험을 중시하는 소비자 그룹입니다. 단순히 배를 채우는 것 이상의 가치를 추구하며, 새로운 제품을 가장 먼저 경험하고 공유하려는 경향이 강합니다"
1708,여자,60대 이상,주부,고졸(대학 재학 포함),서울특별시,1세대가족,기혼,맞벌이 하지 않음,300-400만원 미만,1,0.5813432835820895,0.3836903419767003,0.4656488549618319,0.8237022526934379,0.6065146579804562,0.1596667823672336,0.2782608695652173,건강 추구형 소비자,가격이나 브랜드에 크게 구애받지 않고 건강을 최우선으로 고려하는 프리미엄 소비자 그룹입니다. 건강과 편리성을 모두 만족시키는 제품에 기꺼이 지갑을 엽니다.
1709,여자,40대,주부,고졸(대학 재학 포함),대구광역시,2세대가족,기혼,맞벌이 하지 않음,300-400만원 미만,1,0.201492537313433,0.3404735062006764,0.3162486368593241,0.622918707149853,0.372312703583062,0.3214161749392571,0.1130434782608695,건강 추구형 소비자,가격이나 브랜드에 크게 구애받지 않고 건강을 최우선으로 고려하는 프리미엄 소비자 그룹입니다. 건강과 편리성을 모두 만족시키는 제품에 기꺼이 지갑을 엽니다.
1710,여자,50대,서비스 종사자,대학교 졸업(전문대졸/대학원생 포함),제주특별자치도,2세대가족,미혼(사별/이혼 포함),맞벌이 하지 않음,500-600만원 미만,3,0.7865671641791047,0.3573844419391207,0.3418756815703379,0.706170421155729,0.5794788273615639,0.1832696980215201,0.6478260869565217,트렌드 주도형 소비자,"자신의 취향과 경험을 중시하는 소비자 그룹입니다. 단순히 배를 채우는 것 이상의 가치를 추구하며, 새로운 제품을 가장 먼저 경험하고 공유하려는 경향이 강합니다"
1711,여자,50대,주부,고졸(대학 재학 포함),대구광역시,1세대가족,기혼,맞벌이 하지 않음,400-500만원 미만,0,0.1194029850746271,0.4607290492296127,0.2707197382769905,0.681684622918707,0.2061889250814331,0.5491148906629638,0.4043478260869565,실속형 미식가,편리성을 중시하면서도 새로운 맛과 제품을 시도하는 데 적극적인 소비자 그룹입니다. 가격에 민감하기보다는 효율성과 맛을 동시에 추구합니다.
1712,여자,50대,판매 종사자,고졸(대학 재학 포함),서울특별시,2세대가족,기혼,맞벌이 함,600-700만원 미만,1,0.5395522388059701,0.3836903419767003,0.6483097055616138,0.8432908912830556,0.5654723127035833,0.2554668517875734,0.317391304347826,건강 추구형 소비자,가격이나 브랜드에 크게 구애받지 않고 건강을 최우선으로 고려하는 프리미엄 소비자 그룹입니다. 건강과 편리성을 모두 만족시키는 제품에 기꺼이 지갑을 엽니다.
1713,여자,50대,서비스 종사자,고졸(대학 재학 포함),제주특별자치도,2세대가족,기혼,맞벌이 함,500-600만원 미만,3,0.8216417910447762,0.3649004133784291,0.556706652126499,0.7453476983349653,0.6322475570032575,0.1909059354390834,0.5521739130434781,트렌드 주도형 소비자,"자신의 취향과 경험을 중시하는 소비자 그룹입니다. 단순히 배를 채우는 것 이상의 가치를 추구하며, 새로운 제품을 가장 먼저 경험하고 공유하려는 경향이 강합니다"
1714,여자,20대,주부,고졸(대학 재학 포함),대구광역시,2세대가족,기혼,맞벌이 하지 않음,200-300만원 미만,0,0.3231343283582089,0.6204434423149192,0.1384950926935657,0.6669931439764935,0.2592833876221498,0.384935786185352,0.3260869565217388,실속형 미식가,편리성을 중시하면서도 새로운 맛과 제품을 시도하는 데 적극적인 소비자 그룹입니다. 가격에 민감하기보다는 효율성과 맛을 동시에 추구합니다.
1715,여자,50대,주부,고졸(대학 재학 포함),인천광역시,1세대가족,기혼,맞벌이 하지 않음,400-500만원 미만,1,0.4925373134328357,0.7500939496429911,0.4392039258451468,0.7796278158667972,0.5501628664495116,0.3887539048941338,0.0739130434782609,건강 추구형 소비자,가격이나 브랜드에 크게 구애받지 않고 건강을 최우선으로 고려하는 프리미엄 소비자 그룹입니다. 건강과 편리성을 모두 만족시키는 제품에 기꺼이 지갑을 엽니다.
1716,여자,60대 이상,서비스 종사자,대학교 졸업(전문대졸/대학원생 포함),대전광역시,2세대가족,기혼,맞벌이 함,500-600만원 미만,0,0.2880597014925374,0.5678316422397591,0.1431297709923667,0.8432908912830556,0.2146579804560262,0.4182575494619922,0.5143478260869563,실속형 미식가,편리성을 중시하면서도 새로운 맛과 제품을 시도하는 데 적극적인 소비자 그룹입니다. 가격에 민감하기보다는 효율성과 맛을 동시에 추구합니다.
1717,여자,40대,서비스 종사자,고졸(대학 재학 포함),제주특별자치도,2세대가족,기혼,맞벌이 함,400-500만원 미만,3,0.7828358208955225,0.3498684704998119,0.3879498364231185,0.7257590597453475,0.5706840390879478,0.2068726136758067,0.6304347826086953,트렌드 주도형 소비자,"자신의 취향과 경험을 중시하는 소비자 그룹입니다. 단순히 배를 채우는 것 이상의 가치를 추구하며, 새로운 제품을 가장 먼저 경험하고 공유하려는 경향이 강합니다"
1718,여자,30대,사무 종사자,대학교 졸업(전문대졸/대학원생 포함),인천광역시,1세대가족,기혼,맞벌이 함,500-600만원 미만,1,0.5776119402985074,0.3630214205186018,0.7344601962922575,0.681684622918707,0.6117263843648209,0.2988545643873651,0.1086956521739128,건강 추구형 소비자,가격이나 브랜드에 크게 구애받지 않고 건강을 최우선으로 고려하는 프리미엄 소비자 그룹입니다. 건강과 편리성을 모두 만족시키는 제품에 기꺼이 지갑을 엽니다.
1719,여자,60대 이상,주부,고졸(대학 재학 포함),서울특별시,1세대가족,기혼,맞벌이 하지 않음,300-400만원 미만,3,0.5761194029850745,0.4099962420142803,0.5790621592148306,0.8237022526934379,0.6400651465798044,0.2360291565428669,0.4739130434782606,트렌드 주도형 소비자,"자신의 취향과 경험을 중시하는 소비자 그룹입니다. 단순히 배를 채우는 것 이상의 가치를 추구하며, 새로운 제품을 가장 먼저 경험하고 공유하려는 경향이 강합니다"
1720,여자,60대 이상,서비스 종사자,대학교 졸업(전문대졸/대학원생 포함),대전광역시,2세대가족,기혼,맞벌이 함,500-600만원 미만,0,0.16044776119403,0.4964299135663284,0.3402399127589964,0.8041136141038193,0.2381107491856676,0.4824713641096838,0.5795652173913041,실속형 미식가,편리성을 중시하면서도 새로운 맛과 제품을 시도하는 데 적극적인 소비자 그룹입니다. 가격에 민감하기보다는 효율성과 맛을 동시에 추구합니다.
1721,여자,40대,판매 종사자,대학교 졸업(전문대졸/대학원생 포함),인천광역시,2세대가족,기혼,맞벌이 함,600-700만원 미만,1,0.753731343283582,0.3649004133784291,0.7110141766630311,0.7257590597453475,0.7456026058631924,0.307879208608122,0.1173913043478259,건강 추구형 소비자,가격이나 브랜드에 크게 구애받지 않고 건강을 최우선으로 고려하는 프리미엄 소비자 그룹입니다. 건강과 편리성을 모두 만족시키는 제품에 기꺼이 지갑을 엽니다.
1722,여자,60대 이상,서비스 종사자,고졸(대학 재학 포함),인천광역시,1세대가족,기혼,맞벌이 함,400-500만원 미만,1,0.5156716417910449,0.408117249154453,0.7082878953107958,0.6620959843290886,0.5771986970684041,0.4526206178410272,0.1478260869565215,건강 추구형 소비자,가격이나 브랜드에 크게 구애받지 않고 건강을 최우선으로 고려하는 프리미엄 소비자 그룹입니다. 건강과 편리성을 모두 만족시키는 제품에 기꺼이 지갑을 엽니다.
1723,여자,40대,판매 종사자,고졸(대학 재학 포함),서울특별시,1인 가구,미혼(사별/이혼 포함),맞벌이 하지 않음,200-300만원 미만,1,0.601492537313433,0.3998496805712137,0.5392584514721919,0.8041136141038193,0.6110749185667751,0.208261020479,0.3665217391304347,건강 추구형 소비자,가격이나 브랜드에 크게 구애받지 않고 건강을 최우선으로 고려하는 프리미엄 소비자 그룹입니다. 건강과 편리성을 모두 만족시키는 제품에 기꺼이 지갑을 엽니다.
1724,여자,50대,사무 종사자,대학교 졸업(전문대졸/대학원생 포함),대전광역시,2세대가족,기혼,맞벌이 함,500-600만원 미만,0,0.2410447761194031,0.4438181134911688,0.4138495092693565,0.8041136141038193,0.3495114006514659,0.4210343630683789,0.4999999999999998,실속형 미식가,편리성을 중시하면서도 새로운 맛과 제품을 시도하는 데 적극적인 소비자 그룹입니다. 가격에 민감하기보다는 효율성과 맛을 동시에 추구합니다.
1725,여자,50대,장치·기계 조작 및 조립 종사자,고졸(대학 재학 포함),대구광역시,2세대가족,기혼,맞벌이 함,400-500만원 미만,0,0.1492537313432836,0.5659526493799322,0.1044165757906218,0.681684622918707,0.1172638436482085,0.5123221103783406,0.4304347826086956,실속형 미식가,편리성을 중시하면서도 새로운 맛과 제품을 시도하는 데 적극적인 소비자 그룹입니다. 가격에 민감하기보다는 효율성과 맛을 동시에 추구합니다.
1726,여자,50대,주부,고졸(대학 재학 포함),대구광역시,2세대가족,기혼,맞벌이 하지 않음,300-400만원 미만,0,0.2388059701492538,0.3581360390830516,0.2862595419847327,0.5612144955925558,0.3257328990228016,0.4081916001388405,0.4043478260869565,실속형 미식가,편리성을 중시하면서도 새로운 맛과 제품을 시도하는 데 적극적인 소비자 그룹입니다. 가격에 민감하기보다는 효율성과 맛을 동시에 추구합니다.
1727,여자,40대,서비스 종사자,고졸(대학 재학 포함),대구광역시,2세대가족,기혼,맞벌이 함,500-600만원 미만,1,0.2611940298507462,0.334836527621195,0.4760087241003268,0.8237022526934379,0.4439739413680784,0.3731343283582088,0.2056521739130433,건강 추구형 소비자,가격이나 브랜드에 크게 구애받지 않고 건강을 최우선으로 고려하는 프리미엄 소비자 그룹입니다. 건강과 편리성을 모두 만족시키는 제품에 기꺼이 지갑을 엽니다.
1728,여자,50대,주부,고졸(대학 재학 포함),대구광역시,1세대가족,기혼,맞벌이 하지 않음,300-400만원 미만,0,0.171641791044776,0.5772266065388949,0.0597055616139585,0.622918707149853,0.0358306188925084,0.5831308573412007,0.4999999999999998,실속형 미식가,편리성을 중시하면서도 새로운 맛과 제품을 시도하는 데 적극적인 소비자 그룹입니다. 가격에 민감하기보다는 효율성과 맛을 동시에 추구합니다.
1729,여자,60대 이상,주부,고졸(대학 재학 포함),인천광역시,2세대가족,기혼,맞벌이 하지 않음,400-500만원 미만,1,0.2955223880597016,0.3592634347989477,0.6755725190839692,0.622918707149853,0.4254071661237786,0.4345713293995137,0.1565217391304346,건강 추구형 소비자,가격이나 브랜드에 크게 구애받지 않고 건강을 최우선으로 고려하는 프리미엄 소비자 그룹입니다. 건강과 편리성을 모두 만족시키는 제품에 기꺼이 지갑을 엽니다.
1730,여자,50대,사무 종사자,대학교 졸업(전문대졸/대학원생 포함),대전광역시,2세대가족,기혼,맞벌이 함,500-600만원 미만,0,0.3029850746268655,0.46260804208944,0.4083969465648858,0.8237022526934379,0.3618892508143325,0.4592155501561954,0.4956521739130434,실속형 미식가,편리성을 중시하면서도 새로운 맛과 제품을 시도하는 데 적극적인 소비자 그룹입니다. 가격에 민감하기보다는 효율성과 맛을 동시에 추구합니다.
1731,여자,60대 이상,주부,고졸(대학 재학 포함),부산광역시,2세대가족,기혼,맞벌이 하지 않음,500-600만원 미만,0,0.121641791044776,0.5584366779406238,0.5068157033805887,0.8579823702252692,0.1508143322475571,0.4790003471017005,0.4695652173913042,실속형 미식가,편리성을 중시하면서도 새로운 맛과 제품을 시도하는 데 적극적인 소비자 그룹입니다. 가격에 민감하기보다는 효율성과 맛을 동시에 추구합니다.
1732,여자,50대,판매 종사자,대학교 졸업(전문대졸/대학원생 포함),인천광역시,2세대가족,기혼,맞벌이 함,500-600만원 미만,1,0.5440298507462686,0.3649004133784291,0.755452562704471,0.706170421155729,0.6739413680781758,0.410621312044429,0.143478260869565,건강 추구형 소비자,가격이나 브랜드에 크게 구애받지 않고 건강을 최우선으로 고려하는 프리미엄 소비자 그룹입니다. 건강과 편리성을 모두 만족시키는 제품에 기꺼이 지갑을 엽니다.
1733,남자,60대 이상,단순노무 종사자,중졸 이하,부산광역시,2세대가족,기혼,맞벌이 하지 않음,300-400만원 미만,0,0.2007462686567166,0.5170988350244269,0.5087241003271536,0.8383937316356512,0.2211726384364824,0.4994793474488022,0.4608695652173912,실속형 미식가,편리성을 중시하면서도 새로운 맛과 제품을 시도하는 데 적극적인 소비자 그룹입니다. 가격에 민감하기보다는 효율성과 맛을 동시에 추구합니다.
1734,여자,60대 이상,사무 종사자,대학교 졸업(전문대졸/대학원생 포함),대전광역시,2세대가족,기혼,맞벌이 함,500-600만원 미만,0,0.378358208955224,0.5302517850432169,0.3756815703380592,0.8041136141038193,0.2856677524429968,0.4800416522040956,0.5230434782608694,실속형 미식가,편리성을 중시하면서도 새로운 맛과 제품을 시도하는 데 적극적인 소비자 그룹입니다. 가격에 민감하기보다는 효율성과 맛을 동시에 추구합니다.
1735,여자,50대,서비스 종사자,대학교 졸업(전문대졸/대학원생 포함),대전광역시,2세대가족,기혼,맞벌이 함,500-600만원 미만,0,0.2977611940298509,0.4550920706501315,0.4787350054525629,0.8041136141038193,0.3840390879478828,0.4269350919819503,0.4143478260869565,실속형 미식가,편리성을 중시하면서도 새로운 맛과 제품을 시도하는 데 적극적인 소비자 그룹입니다. 가격에 민감하기보다는 효율성과 맛을 동시에 추구합니다.
1736,여자,50대,판매 종사자,고졸(대학 재학 포함),서울특별시,2세대가족,기혼,맞벌이 함,"1,000만원 이상",3,0.494776119402985,0.4907929349868469,0.4760087241003268,0.8383937316356512,0.4439739413680784,0.1631377993752169,0.3999999999999997,트렌드 주도형 소비자,"자신의 취향과 경험을 중시하는 소비자 그룹입니다. 단순히 배를 채우는 것 이상의 가치를 추구하며, 새로운 제품을 가장 먼저 경험하고 공유하려는 경향이 강합니다"
1737,여자,40대,사무 종사자,대학교 졸업(전문대졸/대학원생 포함),강원도,2세대가족,기혼,맞벌이 함,600-700만원 미만,1,0.3410447761194031,0.3254415633220591,0.6962922573609593,0.7208619000979426,0.5032573289902283,0.1318986463033667,0.1273913043478261,건강 추구형 소비자,가격이나 브랜드에 크게 구애받지 않고 건강을 최우선으로 고려하는 프리미엄 소비자 그룹입니다. 건강과 편리성을 모두 만족시키는 제품에 기꺼이 지갑을 엽니다.
1738,여자,50대,주부,고졸(대학 재학 포함),부산광역시,2세대가족,기혼,맞벌이 하지 않음,400-500만원 미만,3,0.5880597014925373,0.6129274708756103,0.466466739367503,0.9608227228207636,0.5029315960912054,0.4685872960777505,0.5695652173913043,트렌드 주도형 소비자,"자신의 취향과 경험을 중시하는 소비자 그룹입니다. 단순히 배를 채우는 것 이상의 가치를 추구하며, 새로운 제품을 가장 먼저 경험하고 공유하려는 경향이 강합니다"
1739,남자,60대 이상,사무 종사자,중졸 이하,대구광역시,1세대가족,기혼,맞벌이 함,300-400만원 미만,0,0.3149253731343283,0.3968432919954903,0.1371319520174485,0.8383937316356512,0.1895765472312703,0.1954182575494619,0.7260869565217389,실속형 미식가,편리성을 중시하면서도 새로운 맛과 제품을 시도하는 데 적극적인 소비자 그룹입니다. 가격에 민감하기보다는 효율성과 맛을 동시에 추구합니다.
1740,여자,30대,사무 종사자,대학원 졸업 이상,서울특별시,1세대가족,미혼(사별/이혼 포함),맞벌이 하지 않음,500-600만원 미만,1,0.7238805970149254,0.3404735062006764,0.4997273718647766,0.7992164544564151,0.7413680781758959,0.2242276987157236,0.260869565217391,건강 추구형 소비자,가격이나 브랜드에 크게 구애받지 않고 건강을 최우선으로 고려하는 프리미엄 소비자 그룹입니다. 건강과 편리성을 모두 만족시키는 제품에 기꺼이 지갑을 엽니다.
1741,여자,40대,판매 종사자,대학교 졸업(전문대졸/대학원생 포함),인천광역시,1인 가구,미혼(사별/이혼 포함),맞벌이 하지 않음,300-400만원 미만,1,0.6283582089552239,0.5452837279218338,0.5864231188658668,0.8432908912830556,0.700325732899023,0.253731343283582,0.1086956521739128,건강 추구형 소비자,가격이나 브랜드에 크게 구애받지 않고 건강을 최우선으로 고려하는 프리미엄 소비자 그룹입니다. 건강과 편리성을 모두 만족시키는 제품에 기꺼이 지갑을 엽니다.
1742,여자,20대,사무 종사자,고졸(대학 재학 포함),제주특별자치도,1인 가구,미혼(사별/이혼 포함),맞벌이 하지 않음,200-300만원 미만,3,0.7932835820895524,0.4156332205937615,0.5796074154852782,0.8188050930460328,0.6045602605863194,0.1457827143352999,0.4913043478260865,트렌드 주도형 소비자,"자신의 취향과 경험을 중시하는 소비자 그룹입니다. 단순히 배를 채우는 것 이상의 가치를 추구하며, 새로운 제품을 가장 먼저 경험하고 공유하려는 경향이 강합니다"
1743,여자,60대 이상,주부,고졸(대학 재학 포함),강원도,1세대가족,기혼,맞벌이 하지 않음,400-500만원 미만,1,0.3582089552238805,0.3836903419767003,0.7598146128680479,0.8041136141038193,0.3778501628664495,0.1561957653592499,0.143478260869565,건강 추구형 소비자,가격이나 브랜드에 크게 구애받지 않고 건강을 최우선으로 고려하는 프리미엄 소비자 그룹입니다. 건강과 편리성을 모두 만족시키는 제품에 기꺼이 지갑을 엽니다.
1744,여자,60대 이상,주부,고졸(대학 재학 포함),서울특별시,2세대가족,기혼,맞벌이 하지 않음,700-800만원 미만,1,0.7910447761194032,0.4156332205937615,0.7693565976008725,0.8188050930460328,1.0,0.2013189864630334,0.143478260869565,건강 추구형 소비자,가격이나 브랜드에 크게 구애받지 않고 건강을 최우선으로 고려하는 프리미엄 소비자 그룹입니다. 건강과 편리성을 모두 만족시키는 제품에 기꺼이 지갑을 엽니다.
1745,여자,60대 이상,주부,고졸(대학 재학 포함),인천광역시,1세대가족,기혼,맞벌이 하지 않음,300-400만원 미만,1,0.5380597014925373,0.4475760992108231,0.6872955288985823,0.7845249755142015,0.7325732899022799,0.3457132939951404,0.0926086956521738,건강 추구형 소비자,가격이나 브랜드에 크게 구애받지 않고 건강을 최우선으로 고려하는 프리미엄 소비자 그룹입니다. 건강과 편리성을 모두 만족시키는 제품에 기꺼이 지갑을 엽니다.
1746,여자,40대,사무 종사자,대학교 졸업(전문대졸/대학원생 포함),인천광역시,2세대가족,기혼,맞벌이 함,700-800만원 미만,0,0.2843283582089553,0.6016535137166477,0.2963467829880042,0.8432908912830556,0.2775244299674271,0.1388406803193333,0.5217391304347825,실속형 미식가,편리성을 중시하면서도 새로운 맛과 제품을 시도하는 데 적극적인 소비자 그룹입니다. 가격에 민감하기보다는 효율성과 맛을 동시에 추구합니다.
1747,여자,30대,사무 종사자,대학교 졸업(전문대졸/대학원생 포함),인천광역시,1세대가족,기혼,맞벌이 함,500-600만원 미만,0,0.3962686567164178,0.4099962420142803,0.3931297709923664,0.8432908912830556,0.2882736156351791,0.1961124609510585,0.8999999999999999,실속형 미식가,편리성을 중시하면서도 새로운 맛과 제품을 시도하는 데 적극적인 소비자 그룹입니다. 가격에 민감하기보다는 효율성과 맛을 동시에 추구합니다.
1748,남자,20대,사무 종사자,대학교 졸업(전문대졸/대학원생 포함),대구광역시,1인 가구,미혼(사별/이혼 포함),맞벌이 하지 않음,200-300만원 미만,0,0.0597014925373135,0.3555054490792934,0.118047982551799,0.8383937316356512,0.0540716612377853,0.13536966331135,0.8391304347826085,실속형 미식가,편리성을 중시하면서도 새로운 맛과 제품을 시도하는 데 적극적인 소비자 그룹입니다. 가격에 민감하기보다는 효율성과 맛을 동시에 추구합니다.
1749,남자,30대,서비스 종사자,고졸(대학 재학 포함),대구광역시,1인 가구,미혼(사별/이혼 포함),맞벌이 하지 않음,200-300만원 미만,0,0.2410447761194031,0.4306651634723788,0.1371319520174485,0.8383937316356512,0.1573289902280133,0.4186046511627904,0.6347826086956521,실속형 미식가,편리성을 중시하면서도 새로운 맛과 제품을 시도하는 데 적극적인 소비자 그룹입니다. 가격에 민감하기보다는 효율성과 맛을 동시에 추구합니다.
1750,여자,20대,사무 종사자,대학교 졸업(전문대졸/대학원생 포함),대구광역시,1인 가구,미혼(사별/이혼 포함),맞벌이 하지 않음,200-300만원 미만,0,0.3753731343283583,0.6749342352499057,0.1289531079607418,0.8383937316356512,0.1508143322475571,0.1978479694550501,0.5130434782608694,실속형 미식가,편리성을 중시하면서도 새로운 맛과 제품을 시도하는 데 적극적인 소비자 그룹입니다. 가격에 민감하기보다는 효율성과 맛을 동시에 추구합니다.
1751,여자,60대 이상,기능원 및 관련 기능 종사자,고졸(대학 재학 포함),대구광역시,1세대가족,기혼,맞벌이 함,400-500만원 미만,0,0.2559701492537312,0.4983089064261557,0.2851690294438389,0.8383937316356512,0.1214983713355049,0.4196459562651856,0.6999999999999997,실속형 미식가,편리성을 중시하면서도 새로운 맛과 제품을 시도하는 데 적극적인 소비자 그룹입니다. 가격에 민감하기보다는 효율성과 맛을 동시에 추구합니다.
1752,남자,60대 이상,서비스 종사자,고졸(대학 재학 포함),대구광역시,1인 가구,미혼(사별/이혼 포함),맞벌이 하지 않음,200-300만원 미만,0,0.3902985074626864,0.5095828635851184,0.1008724100327153,0.7992164544564151,0.1801302931596094,0.1641791044776117,0.6130434782608694,실속형 미식가,편리성을 중시하면서도 새로운 맛과 제품을 시도하는 데 적극적인 소비자 그룹입니다. 가격에 민감하기보다는 효율성과 맛을 동시에 추구합니다.
1753,여자,60대 이상,서비스 종사자,중졸 이하,대구광역시,1인 가구,미혼(사별/이혼 포함),맞벌이 하지 않음,200-300만원 미만,3,0.5783582089552238,0.4306651634723788,0.0572519083969467,0.8383937316356512,0.2827361563517917,0.1978479694550501,0.7217391304347825,트렌드 주도형 소비자,"자신의 취향과 경험을 중시하는 소비자 그룹입니다. 단순히 배를 채우는 것 이상의 가치를 추구하며, 새로운 제품을 가장 먼저 경험하고 공유하려는 경향이 강합니다"
1754,여자,60대 이상,판매 종사자,대학교 졸업(전문대졸/대학원생 포함),대구광역시,1세대가족,기혼,맞벌이 함,400-500만원 미만,3,0.7156716417910447,0.5058248778654637,0.082606324972737,0.8383937316356512,0.2798045602605865,0.1978479694550501,0.7173913043478257,트렌드 주도형 소비자,"자신의 취향과 경험을 중시하는 소비자 그룹입니다. 단순히 배를 채우는 것 이상의 가치를 추구하며, 새로운 제품을 가장 먼저 경험하고 공유하려는 경향이 강합니다"
1755,여자,50대,서비스 종사자,고졸(대학 재학 포함),대구광역시,1세대가족,기혼,맞벌이 하지 않음,200-300만원 미만,3,0.6402985074626867,0.44945509207065,0.1025081788440568,0.7992164544564151,0.2534201954397394,0.1909059354390834,0.6999999999999997,트렌드 주도형 소비자,"자신의 취향과 경험을 중시하는 소비자 그룹입니다. 단순히 배를 채우는 것 이상의 가치를 추구하며, 새로운 제품을 가장 먼저 경험하고 공유하려는 경향이 강합니다"
1756,여자,40대,취업 준비 중,중졸 이하,대구광역시,1인 가구,미혼(사별/이혼 포함),맞벌이 하지 않음,200-300만원 미만,0,0.5582089552238807,0.3291995490417138,0.0498909487459103,0.681684622918707,0.2381107491856676,0.1423116973273166,0.7913043478260868,실속형 미식가,편리성을 중시하면서도 새로운 맛과 제품을 시도하는 데 적극적인 소비자 그룹입니다. 가격에 민감하기보다는 효율성과 맛을 동시에 추구합니다.
1757,여자,50대,주부,고졸(대학 재학 포함),대구광역시,1인 가구,미혼(사별/이혼 포함),맞벌이 하지 않음,200-300만원 미만,3,0.6455223880597015,0.3630214205186018,0.1079607415485274,0.8383937316356512,0.3045602605863196,0.1804928844151334,0.8478260869565215,트렌드 주도형 소비자,"자신의 취향과 경험을 중시하는 소비자 그룹입니다. 단순히 배를 채우는 것 이상의 가치를 추구하며, 새로운 제품을 가장 먼저 경험하고 공유하려는 경향이 강합니다"
1758,여자,40대,서비스 종사자,고졸(대학 재학 포함),경상북도,1인 가구,미혼(사별/이혼 포함),맞벌이 하지 않음,200-300만원 미만,0,0.4791044776119404,0.3893273205561819,0.2606324972737189,0.8383937316356512,0.1895765472312703,0.2915654286706003,0.8782608695652172,실속형 미식가,편리성을 중시하면서도 새로운 맛과 제품을 시도하는 데 적극적인 소비자 그룹입니다. 가격에 민감하기보다는 효율성과 맛을 동시에 추구합니다.
1759,여자,60대 이상,서비스 종사자,고졸(대학 재학 포함),경상북도,1인 가구,미혼(사별/이혼 포함),맞벌이 하지 않음,200-300만원 미만,3,0.626865671641791,0.3968432919954903,0.2524536532170122,0.8383937316356512,0.2540716612377852,0.2290871225269002,0.9130434782608694,트렌드 주도형 소비자,"자신의 취향과 경험을 중시하는 소비자 그룹입니다. 단순히 배를 채우는 것 이상의 가치를 추구하며, 새로운 제품을 가장 먼저 경험하고 공유하려는 경향이 강합니다"
1760,여자,60대 이상,서비스 종사자,중졸 이하,경상북도,1인 가구,미혼(사별/이혼 포함),맞벌이 하지 않음,200-300만원 미만,0,0.4776119402985077,0.3630214205186018,0.109051254089422,0.8383937316356512,0.2159609120521174,0.2023602915654286,0.8826086956521735,실속형 미식가,편리성을 중시하면서도 새로운 맛과 제품을 시도하는 데 적극적인 소비자 그룹입니다. 가격에 민감하기보다는 효율성과 맛을 동시에 추구합니다.
1761,여자,60대 이상,서비스 종사자,중졸 이하,경상북도,1인 가구,미혼(사별/이혼 포함),맞벌이 하지 않음,200-300만원 미만,3,0.5261194029850745,0.3968432919954903,0.2824427480916028,0.8383937316356512,0.210097719869707,0.2256161055189169,0.9217391304347822,트렌드 주도형 소비자,"자신의 취향과 경험을 중시하는 소비자 그룹입니다. 단순히 배를 채우는 것 이상의 가치를 추구하며, 새로운 제품을 가장 먼저 경험하고 공유하려는 경향이 강합니다"
1762,남자,60대 이상,서비스 종사자,고졸(대학 재학 포함),경상북도,1세대가족,기혼,맞벌이 함,400-500만원 미만,3,0.5664179104477614,0.3630214205186018,0.0607960741548531,0.8188050930460328,0.2570032573289904,0.1804928844151334,0.8752173913043477,트렌드 주도형 소비자,"자신의 취향과 경험을 중시하는 소비자 그룹입니다. 단순히 배를 채우는 것 이상의 가치를 추구하며, 새로운 제품을 가장 먼저 경험하고 공유하려는 경향이 강합니다"
1763,여자,60대 이상,판매 종사자,중졸 이하,경상북도,1인 가구,미혼(사별/이혼 포함),맞벌이 하지 않음,200-300만원 미만,3,0.546268656716418,0.3630214205186018,0.1352235550708835,0.8188050930460328,0.2752442996742673,0.2186740715029503,0.8826086956521735,트렌드 주도형 소비자,"자신의 취향과 경험을 중시하는 소비자 그룹입니다. 단순히 배를 채우는 것 이상의 가치를 추구하며, 새로운 제품을 가장 먼저 경험하고 공유하려는 경향이 강합니다"
1764,여자,60대 이상,판매 종사자,중졸 이하,경상북도,1인 가구,기혼,맞벌이 하지 않음,200-300만원 미만,3,0.4940298507462686,0.3968432919954903,0.2688113413304255,0.8383937316356512,0.2254071661237787,0.2186740715029503,0.9491304347826086,트렌드 주도형 소비자,"자신의 취향과 경험을 중시하는 소비자 그룹입니다. 단순히 배를 채우는 것 이상의 가치를 추구하며, 새로운 제품을 가장 먼저 경험하고 공유하려는 경향이 강합니다"
1765,여자,50대,주부,고졸(대학 재학 포함),경상북도,1세대가족,기혼,맞벌이 하지 않음,400-500만원 미만,3,0.5410447761194029,0.3968432919954903,0.240730643402399,0.8383937316356512,0.2576547231270362,0.2637972926067334,0.9404347826086954,트렌드 주도형 소비자,"자신의 취향과 경험을 중시하는 소비자 그룹입니다. 단순히 배를 채우는 것 이상의 가치를 추구하며, 새로운 제품을 가장 먼저 경험하고 공유하려는 경향이 강합니다"
1766,여자,50대,서비스 종사자,대학교 졸업(전문대졸/대학원생 포함),경상북도,1세대가족,기혼,맞벌이 함,500-600만원 미만,0,0.5044776119402986,0.3179255918827506,0.1507633587786258,0.7012732615083248,0.2071661237785018,0.2325581395348835,0.9099999999999996,실속형 미식가,편리성을 중시하면서도 새로운 맛과 제품을 시도하는 데 적극적인 소비자 그룹입니다. 가격에 민감하기보다는 효율성과 맛을 동시에 추구합니다.
1767,여자,60대 이상,주부,고졸(대학 재학 포함),대전광역시,2세대가족,기혼,맞벌이 하지 않음,600-700만원 미만,3,0.4902985074626865,0.6993611424276588,0.4970010905125404,0.9216454456415274,0.3635179153094465,0.3471017007983338,0.5565217391304347,트렌드 주도형 소비자,"자신의 취향과 경험을 중시하는 소비자 그룹입니다. 단순히 배를 채우는 것 이상의 가치를 추구하며, 새로운 제품을 가장 먼저 경험하고 공유하려는 경향이 강합니다"
1768,여자,60대 이상,서비스 종사자,대학교 졸업(전문대졸/대학원생 포함),경상북도,1인 가구,미혼(사별/이혼 포함),맞벌이 하지 않음,200-300만원 미만,3,0.6283582089552239,0.3705373919579103,0.131679389312977,0.8383937316356512,0.254723127035831,0.1943769524470667,0.9013043478260868,트렌드 주도형 소비자,"자신의 취향과 경험을 중시하는 소비자 그룹입니다. 단순히 배를 채우는 것 이상의 가치를 추구하며, 새로운 제품을 가장 먼저 경험하고 공유하려는 경향이 강합니다"
1769,남자,50대,기능원 및 관련 기능 종사자,중졸 이하,경상북도,1인 가구,미혼(사별/이혼 포함),맞벌이 하지 않음,200-300만원 미만,0,0.1537313432835822,0.3081548290116497,0.0689749182115598,0.6953966699314392,0.0540716612377853,0.5102395001735507,0.8391304347826085,실속형 미식가,편리성을 중시하면서도 새로운 맛과 제품을 시도하는 데 적극적인 소비자 그룹입니다. 가격에 민감하기보다는 효율성과 맛을 동시에 추구합니다.
1770,여자,30대,사무 종사자,대학교 졸업(전문대졸/대학원생 포함),대전광역시,2세대가족,기혼,맞벌이 함,500-600만원 미만,3,0.4768656716417912,0.6591506952273579,0.5477099236641219,0.8432908912830556,0.3270358306188927,0.3793821589725787,0.5317391304347826,트렌드 주도형 소비자,"자신의 취향과 경험을 중시하는 소비자 그룹입니다. 단순히 배를 채우는 것 이상의 가치를 추구하며, 새로운 제품을 가장 먼저 경험하고 공유하려는 경향이 강합니다"
1771,여자,40대,서비스 종사자,대학교 졸업(전문대졸/대학원생 포함),강원도,2세대가족,기혼,맞벌이 함,600-700만원 미만,1,0.535820895522388,0.3686583990980834,0.6150490730643403,0.7845249755142015,0.3625407166123778,0.1596667823672336,0.1782608695652174,건강 추구형 소비자,가격이나 브랜드에 크게 구애받지 않고 건강을 최우선으로 고려하는 프리미엄 소비자 그룹입니다. 건강과 편리성을 모두 만족시키는 제품에 기꺼이 지갑을 엽니다.
1772,여자,50대,서비스 종사자,대학교 졸업(전문대졸/대학원생 포함),경상북도,1세대가족,기혼,맞벌이 함,500-600만원 미만,3,0.5246268656716416,0.3968432919954903,0.3124318429661942,0.8383937316356512,0.2657980456026059,0.240541478653245,0.9043478260869562,트렌드 주도형 소비자,"자신의 취향과 경험을 중시하는 소비자 그룹입니다. 단순히 배를 채우는 것 이상의 가치를 추구하며, 새로운 제품을 가장 먼저 경험하고 공유하려는 경향이 강합니다"
1773,여자,50대,기능원 및 관련 기능 종사자,고졸(대학 재학 포함),경상북도,2세대가족,기혼,맞벌이 함,400-500만원 미만,0,0.2477611940298509,0.3055242390078915,0.0109051254089419,0.6199804113614098,0.0885993485342021,0.4696286011801457,0.8217391304347823,실속형 미식가,편리성을 중시하면서도 새로운 맛과 제품을 시도하는 데 적극적인 소비자 그룹입니다. 가격에 민감하기보다는 효율성과 맛을 동시에 추구합니다.
1774,여자,50대,서비스 종사자,고졸(대학 재학 포함),대전광역시,1인 가구,미혼(사별/이혼 포함),맞벌이 하지 않음,500-600만원 미만,3,0.51044776119403,0.6392333709131903,0.3538713195201745,0.941234084231146,0.3908794788273619,0.4390836515098921,0.452173913043478,트렌드 주도형 소비자,"자신의 취향과 경험을 중시하는 소비자 그룹입니다. 단순히 배를 채우는 것 이상의 가치를 추구하며, 새로운 제품을 가장 먼저 경험하고 공유하려는 경향이 강합니다"
1775,여자,30대,사무 종사자,대학교 졸업(전문대졸/대학원생 포함),경상북도,1인 가구,미혼(사별/이혼 포함),맞벌이 하지 않음,200-300만원 미만,0,0.2477611940298509,0.2717023675310034,0.0109051254089419,0.6199804113614098,0.0885993485342021,0.4696286011801457,0.8217391304347823,실속형 미식가,편리성을 중시하면서도 새로운 맛과 제품을 시도하는 데 적극적인 소비자 그룹입니다. 가격에 민감하기보다는 효율성과 맛을 동시에 추구합니다.
1776,여자,60대 이상,주부,대학교 졸업(전문대졸/대학원생 포함),경기도,2세대가족,기혼,맞벌이 하지 않음,800-900만원 미만,0,0.4320895522388061,0.7406989853438554,0.096782988004362,0.9216454456415274,0.2188925081433226,0.3332176327664005,0.452173913043478,실속형 미식가,편리성을 중시하면서도 새로운 맛과 제품을 시도하는 데 적극적인 소비자 그룹입니다. 가격에 민감하기보다는 효율성과 맛을 동시에 추구합니다.
1777,남자,40대,기능원 및 관련 기능 종사자,대학교 졸업(전문대졸/대학원생 포함),경상북도,1인 가구,미혼(사별/이혼 포함),맞벌이 하지 않음,200-300만원 미만,0,0.469402985074627,0.3130402104472004,0.0389858233369684,0.6199804113614098,0.1918566775244301,0.2728219368274901,0.8304347826086955,실속형 미식가,편리성을 중시하면서도 새로운 맛과 제품을 시도하는 데 적극적인 소비자 그룹입니다. 가격에 민감하기보다는 효율성과 맛을 동시에 추구합니다.
1778,여자,40대,판매 종사자,대학교 졸업(전문대졸/대학원생 포함),인천광역시,2세대가족,기혼,맞벌이 함,600-700만원 미만,0,0.3194029850746269,0.4475760992108231,0.4372955288985826,0.8041136141038193,0.2553745928338763,0.2231863936133284,0.8565217391304345,실속형 미식가,편리성을 중시하면서도 새로운 맛과 제품을 시도하는 데 적극적인 소비자 그룹입니다. 가격에 민감하기보다는 효율성과 맛을 동시에 추구합니다.
1779,여자,60대 이상,판매 종사자,고졸(대학 재학 포함),인천광역시,1세대가족,기혼,맞벌이 함,300-400만원 미만,0,0.3261194029850746,0.4926719278466742,0.4476553980370769,0.8432908912830556,0.2035830618892508,0.1988892745574452,0.7391304347826084,실속형 미식가,편리성을 중시하면서도 새로운 맛과 제품을 시도하는 데 적극적인 소비자 그룹입니다. 가격에 민감하기보다는 효율성과 맛을 동시에 추구합니다.
1780,여자,40대,사무 종사자,대학교 졸업(전문대졸/대학원생 포함),경기도,2세대가족,기혼,맞벌이 함,700-800만원 미만,0,0.4126865671641791,0.771890266816986,0.2734460196292258,0.941234084231146,0.2293159609120521,0.3956959389101004,0.5739130434782607,실속형 미식가,편리성을 중시하면서도 새로운 맛과 제품을 시도하는 데 적극적인 소비자 그룹입니다. 가격에 민감하기보다는 효율성과 맛을 동시에 추구합니다.
1781,여자,60대 이상,주부,대학교 졸업(전문대졸/대학원생 포함),강원도,1세대가족,기혼,맞벌이 하지 않음,400-500만원 미만,1,0.4320895522388061,0.3987222848553172,0.8293347873500545,0.8432908912830556,0.4403908794788274,0.2013189864630334,0.1665217391304347,건강 추구형 소비자,가격이나 브랜드에 크게 구애받지 않고 건강을 최우선으로 고려하는 프리미엄 소비자 그룹입니다. 건강과 편리성을 모두 만족시키는 제품에 기꺼이 지갑을 엽니다.
1782,여자,60대 이상,서비스 종사자,대학교 졸업(전문대졸/대학원생 포함),경기도,2세대가족,기혼,맞벌이 함,600-700만원 미만,1,0.4298507462686565,0.3893273205561819,0.6919302071973825,0.7012732615083248,0.5631921824104235,0.4057618882332523,0.1,건강 추구형 소비자,가격이나 브랜드에 크게 구애받지 않고 건강을 최우선으로 고려하는 프리미엄 소비자 그룹입니다. 건강과 편리성을 모두 만족시키는 제품에 기꺼이 지갑을 엽니다.
1783,여자,40대,주부,대학교 졸업(전문대졸/대학원생 포함),서울특별시,2세대가족,기혼,맞벌이 하지 않음,600-700만원 미만,0,0.2805970149253731,0.6741826381059752,0.4460196292257363,0.8628795298726734,0.1843648208469057,0.4567858382506072,0.4447826086956521,실속형 미식가,편리성을 중시하면서도 새로운 맛과 제품을 시도하는 데 적극적인 소비자 그룹입니다. 가격에 민감하기보다는 효율성과 맛을 동시에 추구합니다.
1784,여자,60대 이상,주부,대학교 졸업(전문대졸/대학원생 포함),강원도,2세대가족,기혼,맞벌이 하지 않음,700-800만원 미만,1,0.4552238805970149,0.3611424276587749,0.8189749182115595,0.7845249755142015,0.5589576547231272,0.1423116973273166,0.1130434782608695,건강 추구형 소비자,가격이나 브랜드에 크게 구애받지 않고 건강을 최우선으로 고려하는 프리미엄 소비자 그룹입니다. 건강과 편리성을 모두 만족시키는 제품에 기꺼이 지갑을 엽니다.
1785,여자,60대 이상,주부,대학교 졸업(전문대졸/대학원생 포함),강원도,1세대가족,기혼,맞벌이 하지 않음,400-500만원 미만,1,0.4082089552238805,0.334836527621195,0.6390403489640126,0.7845249755142015,0.4094462540716611,0.1388406803193333,0.1086956521739128,건강 추구형 소비자,가격이나 브랜드에 크게 구애받지 않고 건강을 최우선으로 고려하는 프리미엄 소비자 그룹입니다. 건강과 편리성을 모두 만족시키는 제품에 기꺼이 지갑을 엽니다.
1786,여자,30대,판매 종사자,대학교 졸업(전문대졸/대학원생 포함),강원도,1세대가족,기혼,맞벌이 함,600-700만원 미만,1,0.4470149253731343,0.3536264562194665,0.7704471101417663,0.7649363369245838,0.452768729641694,0.1700798333911835,0.1217391304347824,건강 추구형 소비자,가격이나 브랜드에 크게 구애받지 않고 건강을 최우선으로 고려하는 프리미엄 소비자 그룹입니다. 건강과 편리성을 모두 만족시키는 제품에 기꺼이 지갑을 엽니다.
1787,여자,40대,서비스 종사자,대학교 졸업(전문대졸/대학원생 포함),제주특별자치도,2세대가족,기혼,맞벌이 함,400-500만원 미만,3,0.7462686567164177,0.4438181134911688,0.5455288985823334,0.8432908912830556,0.6573289902280129,0.2773342589378685,0.4913043478260865,트렌드 주도형 소비자,"자신의 취향과 경험을 중시하는 소비자 그룹입니다. 단순히 배를 채우는 것 이상의 가치를 추구하며, 새로운 제품을 가장 먼저 경험하고 공유하려는 경향이 강합니다"
1788,여자,50대,판매 종사자,대학교 졸업(전문대졸/대학원생 포함),강원도,2세대가족,기혼,맞벌이 함,700-800만원 미만,1,0.3716417910447762,0.3273205561818865,0.6812977099236639,0.7649363369245838,0.5026058631921825,0.1631377993752169,0.1086956521739128,건강 추구형 소비자,가격이나 브랜드에 크게 구애받지 않고 건강을 최우선으로 고려하는 프리미엄 소비자 그룹입니다. 건강과 편리성을 모두 만족시키는 제품에 기꺼이 지갑을 엽니다.
1789,여자,30대,사무 종사자,대학교 졸업(전문대졸/대학원생 포함),강원도,2세대가족,기혼,맞벌이 함,700-800만원 미만,1,0.3462686567164177,0.3611424276587749,0.739912758996728,0.7649363369245838,0.4599348534201955,0.2013189864630334,0.1217391304347824,건강 추구형 소비자,가격이나 브랜드에 크게 구애받지 않고 건강을 최우선으로 고려하는 프리미엄 소비자 그룹입니다. 건강과 편리성을 모두 만족시키는 제품에 기꺼이 지갑을 엽니다.
1790,여자,50대,사무 종사자,대학교 졸업(전문대졸/대학원생 포함),서울특별시,2세대가족,기혼,맞벌이 함,"900-1,000만원 미만",3,0.5992537313432837,0.8816234498308905,0.4056706652126499,0.9559255631733592,0.3628664495114007,0.3533495314127037,0.4869565217391302,트렌드 주도형 소비자,"자신의 취향과 경험을 중시하는 소비자 그룹입니다. 단순히 배를 채우는 것 이상의 가치를 추구하며, 새로운 제품을 가장 먼저 경험하고 공유하려는 경향이 강합니다"
1791,여자,50대,서비스 종사자,고졸(대학 재학 포함),서울특별시,1세대가족,기혼,맞벌이 함,400-500만원 미만,0,0.3059701492537312,0.6429913566328446,0.4983642311886585,0.8824681684622918,0.3374592833876224,0.3700104130510236,0.4086956521739129,실속형 미식가,편리성을 중시하면서도 새로운 맛과 제품을 시도하는 데 적극적인 소비자 그룹입니다. 가격에 민감하기보다는 효율성과 맛을 동시에 추구합니다.
1792,여자,40대,사무 종사자,대학교 졸업(전문대졸/대학원생 포함),서울특별시,2세대가족,기혼,맞벌이 함,600-700만원 미만,3,0.6917910447761195,0.8910184141300261,0.3020719738276992,0.9608227228207636,0.3908794788273619,0.3259284970496353,0.4130434782608693,트렌드 주도형 소비자,"자신의 취향과 경험을 중시하는 소비자 그룹입니다. 단순히 배를 채우는 것 이상의 가치를 추구하며, 새로운 제품을 가장 먼저 경험하고 공유하려는 경향이 강합니다"
1793,여자,30대,사무 종사자,대학교 졸업(전문대졸/대학원생 포함),경기도,1세대가족,기혼,맞벌이 함,700-800만원 미만,1,0.6985074626865673,0.3528748590755356,0.6101417666303157,0.681684622918707,0.714983713355049,0.1936827490454701,0.143478260869565,건강 추구형 소비자,가격이나 브랜드에 크게 구애받지 않고 건강을 최우선으로 고려하는 프리미엄 소비자 그룹입니다. 건강과 편리성을 모두 만족시키는 제품에 기꺼이 지갑을 엽니다.
1794,여자,60대 이상,주부,고졸(대학 재학 포함),인천광역시,1세대가족,기혼,맞벌이 하지 않음,500-600만원 미만,1,0.5805970149253732,0.3724163848177376,0.8604143947655396,0.7845249755142015,0.5368078175895769,0.1804928844151334,0.1869565217391301,건강 추구형 소비자,가격이나 브랜드에 크게 구애받지 않고 건강을 최우선으로 고려하는 프리미엄 소비자 그룹입니다. 건강과 편리성을 모두 만족시키는 제품에 기꺼이 지갑을 엽니다.
1795,여자,50대,서비스 종사자,고졸(대학 재학 포함),서울특별시,2세대가족,기혼,맞벌이 함,"900-1,000만원 미만",3,0.5567164179104479,0.8703494926719277,0.191657579062159,0.9755142017629772,0.2960912052117264,0.5081568899687606,0.5086956521739129,트렌드 주도형 소비자,"자신의 취향과 경험을 중시하는 소비자 그룹입니다. 단순히 배를 채우는 것 이상의 가치를 추구하며, 새로운 제품을 가장 먼저 경험하고 공유하려는 경향이 강합니다"
1796,여자,30대,사무 종사자,대학교 졸업(전문대졸/대학원생 포함),경기도,1세대가족,기혼,맞벌이 함,500-600만원 미만,1,0.7388059701492539,0.394964299135663,0.4533805888767718,0.7649363369245838,0.6241042345276874,0.1509892398472751,0.0913043478260869,건강 추구형 소비자,가격이나 브랜드에 크게 구애받지 않고 건강을 최우선으로 고려하는 프리미엄 소비자 그룹입니다. 건강과 편리성을 모두 만족시키는 제품에 기꺼이 지갑을 엽니다.
1797,여자,60대 이상,주부,대학교 졸업(전문대졸/대학원생 포함),인천광역시,1세대가족,기혼,맞벌이 하지 않음,400-500만원 미만,1,0.4253731343283584,0.334836527621195,0.6840239912758992,0.7649363369245838,0.2680781758957658,0.1527247483512666,0.1565217391304346,건강 추구형 소비자,가격이나 브랜드에 크게 구애받지 않고 건강을 최우선으로 고려하는 프리미엄 소비자 그룹입니다. 건강과 편리성을 모두 만족시키는 제품에 기꺼이 지갑을 엽니다.
1798,남자,60대 이상,농림어업 숙련 종사자,중졸 이하,경상남도,1세대가족,기혼,맞벌이 하지 않음,100만원 미만,0,0.4119402985074627,0.4618564449455091,0.169029443838604,0.7012732615083248,0.4029315960912054,0.3981256508156887,0.2782608695652173,실속형 미식가,편리성을 중시하면서도 새로운 맛과 제품을 시도하는 데 적극적인 소비자 그룹입니다. 가격에 민감하기보다는 효율성과 맛을 동시에 추구합니다.
1799,여자,30대,서비스 종사자,고졸(대학 재학 포함),서울특별시,1세대가족,기혼,맞벌이 함,800-900만원 미만,3,0.6716417910447761,0.8722284855317546,0.239367502726281,0.9804113614103814,0.3804560260586323,0.4453314821242621,0.4695652173913042,트렌드 주도형 소비자,"자신의 취향과 경험을 중시하는 소비자 그룹입니다. 단순히 배를 채우는 것 이상의 가치를 추구하며, 새로운 제품을 가장 먼저 경험하고 공유하려는 경향이 강합니다"
1800,여자,50대,사무 종사자,대학교 졸업(전문대졸/대학원생 포함),경기도,2세대가족,기혼,맞벌이 함,600-700만원 미만,1,0.5708955223880599,0.4137542277339346,0.684569247546347,0.7649363369245838,0.6599348534201954,0.286011801457827,0.1086956521739128,건강 추구형 소비자,가격이나 브랜드에 크게 구애받지 않고 건강을 최우선으로 고려하는 프리미엄 소비자 그룹입니다. 건강과 편리성을 모두 만족시키는 제품에 기꺼이 지갑을 엽니다.
1801,여자,50대,서비스 종사자,대학교 졸업(전문대졸/대학원생 포함),경기도,2세대가족,기혼,맞벌이 함,700-800만원 미만,0,0.343283582089552,0.6354753851935362,0.0643402399127587,0.8237022526934379,0.1866449511400651,0.3627212773342588,0.5086956521739129,실속형 미식가,편리성을 중시하면서도 새로운 맛과 제품을 시도하는 데 적극적인 소비자 그룹입니다. 가격에 민감하기보다는 효율성과 맛을 동시에 추구합니다.
1802,여자,50대,주부,대학교 졸업(전문대졸/대학원생 포함),경기도,2세대가족,기혼,맞벌이 하지 않음,800-900만원 미만,0,0.1641791044776118,0.703119128147313,0.2478189749182112,0.8237022526934379,0.1420195439739416,0.4755293300937172,0.5173913043478258,실속형 미식가,편리성을 중시하면서도 새로운 맛과 제품을 시도하는 데 적극적인 소비자 그룹입니다. 가격에 민감하기보다는 효율성과 맛을 동시에 추구합니다.
1803,여자,60대 이상,주부,고졸(대학 재학 포함),인천광역시,1세대가족,기혼,맞벌이 하지 않음,400-500만원 미만,1,0.5074626865671642,0.3773017662532884,0.6919302071973825,0.7649363369245838,0.5895765472312706,0.1770218674071501,0.2186956521739129,건강 추구형 소비자,가격이나 브랜드에 크게 구애받지 않고 건강을 최우선으로 고려하는 프리미엄 소비자 그룹입니다. 건강과 편리성을 모두 만족시키는 제품에 기꺼이 지갑을 엽니다.
1804,여자,40대,사무 종사자,대학교 졸업(전문대졸/대학원생 포함),경기도,2세대가족,기혼,맞벌이 함,500-600만원 미만,1,0.6932835820895524,0.3724163848177376,0.7562704471101414,0.7453476983349653,0.6071661237785017,0.2658799028115234,0.1260869565217391,건강 추구형 소비자,가격이나 브랜드에 크게 구애받지 않고 건강을 최우선으로 고려하는 프리미엄 소비자 그룹입니다. 건강과 편리성을 모두 만족시키는 제품에 기꺼이 지갑을 엽니다.
1805,여자,30대,사무 종사자,대학교 졸업(전문대졸/대학원생 포함),서울특별시,2세대가족,기혼,맞벌이 함,500-600만원 미만,3,0.4880597014925376,0.6580232995114619,0.525081788440567,0.9020568070519096,0.3745928338762214,0.4661575841721623,0.4869565217391302,트렌드 주도형 소비자,"자신의 취향과 경험을 중시하는 소비자 그룹입니다. 단순히 배를 채우는 것 이상의 가치를 추구하며, 새로운 제품을 가장 먼저 경험하고 공유하려는 경향이 강합니다"
1806,여자,40대,주부,대학교 졸업(전문대졸/대학원생 포함),경기도,2세대가족,기혼,맞벌이 하지 않음,500-600만원 미만,0,0.343283582089552,0.713641488162345,0.0989640130861504,0.9167482859941232,0.210097719869707,0.3783408538701835,0.5565217391304347,실속형 미식가,편리성을 중시하면서도 새로운 맛과 제품을 시도하는 데 적극적인 소비자 그룹입니다. 가격에 민감하기보다는 효율성과 맛을 동시에 추구합니다.
1807,여자,60대 이상,주부,고졸(대학 재학 포함),경기도,1세대가족,기혼,맞벌이 하지 않음,400-500만원 미만,1,0.5589552238805972,0.3649004133784291,0.7628135223555073,0.7453476983349653,0.5843648208469056,0.4817771607080875,0.143478260869565,건강 추구형 소비자,가격이나 브랜드에 크게 구애받지 않고 건강을 최우선으로 고려하는 프리미엄 소비자 그룹입니다. 건강과 편리성을 모두 만족시키는 제품에 기꺼이 지갑을 엽니다.
1808,여자,60대 이상,주부,중졸 이하,경상남도,1인 가구,미혼(사별/이혼 포함),맞벌이 하지 않음,100만원 미만,0,0.4626865671641791,0.5370161593385945,0.3334242093784078,0.7208619000979426,0.3625407166123778,0.4883720930232555,0.3956521739130433,실속형 미식가,편리성을 중시하면서도 새로운 맛과 제품을 시도하는 데 적극적인 소비자 그룹입니다. 가격에 민감하기보다는 효율성과 맛을 동시에 추구합니다.
1809,여자,40대,주부,대학교 졸업(전문대졸/대학원생 포함),인천광역시,2세대가족,기혼,맞벌이 하지 않음,500-600만원 미만,0,0.2910447761194031,0.7444569710635096,0.1139585605234457,0.8432908912830556,0.1719869706840392,0.3783408538701835,0.4608695652173912,실속형 미식가,편리성을 중시하면서도 새로운 맛과 제품을 시도하는 데 적극적인 소비자 그룹입니다. 가격에 민감하기보다는 효율성과 맛을 동시에 추구합니다.
1810,여자,50대,사무 종사자,대학교 졸업(전문대졸/대학원생 포함),인천광역시,2세대가족,기혼,맞벌이 함,600-700만원 미만,1,0.485820895522388,0.3536264562194665,0.7527262813522357,0.7845249755142015,0.3912052117263847,0.1561957653592499,0.1304347826086955,건강 추구형 소비자,가격이나 브랜드에 크게 구애받지 않고 건강을 최우선으로 고려하는 프리미엄 소비자 그룹입니다. 건강과 편리성을 모두 만족시키는 제품에 기꺼이 지갑을 엽니다.
1811,여자,60대 이상,주부,고졸(대학 재학 포함),경기도,1세대가족,기혼,맞벌이 하지 않음,400-500만원 미만,1,0.4432835820895525,0.3987222848553172,0.6832061068702289,0.7257590597453475,0.4394136807817592,0.4838597709128774,0.1304347826086955,건강 추구형 소비자,가격이나 브랜드에 크게 구애받지 않고 건강을 최우선으로 고려하는 프리미엄 소비자 그룹입니다. 건강과 편리성을 모두 만족시키는 제품에 기꺼이 지갑을 엽니다.
1812,여자,40대,사무 종사자,대학교 졸업(전문대졸/대학원생 포함),인천광역시,2세대가족,기혼,맞벌이 함,600-700만원 미만,0,0.3604477611940297,0.6993611424276588,0.3137949836423115,0.9020568070519096,0.1941368078175895,0.4054147865324538,0.6391304347826086,실속형 미식가,편리성을 중시하면서도 새로운 맛과 제품을 시도하는 데 적극적인 소비자 그룹입니다. 가격에 민감하기보다는 효율성과 맛을 동시에 추구합니다.
1813,여자,50대,주부,대학교 졸업(전문대졸/대학원생 포함),인천광역시,2세대가족,기혼,맞벌이 하지 않음,400-500만원 미만,0,0.343283582089552,0.7117624953025177,0.1284078516902941,0.8041136141038193,0.172638436482085,0.2700451232211037,0.4578260869565216,실속형 미식가,편리성을 중시하면서도 새로운 맛과 제품을 시도하는 데 적극적인 소비자 그룹입니다. 가격에 민감하기보다는 효율성과 맛을 동시에 추구합니다.
1814,여자,60대 이상,판매 종사자,고졸(대학 재학 포함),인천광역시,1세대가족,기혼,맞벌이 함,600-700만원 미만,1,0.4805970149253729,0.3761743705373919,0.7377317339149403,0.7845249755142015,0.4475570032573289,0.1874349184311001,0.1130434782608695,건강 추구형 소비자,가격이나 브랜드에 크게 구애받지 않고 건강을 최우선으로 고려하는 프리미엄 소비자 그룹입니다. 건강과 편리성을 모두 만족시키는 제품에 기꺼이 지갑을 엽니다.
1815,여자,50대,주부,대학교 졸업(전문대졸/대학원생 포함),인천광역시,2세대가족,기혼,맞벌이 하지 않음,700-800만원 미만,0,0.3656716417910448,0.4964299135663284,0.2764449291166845,0.8041136141038193,0.2345276872964171,0.3037139881985421,0.5391304347826085,실속형 미식가,편리성을 중시하면서도 새로운 맛과 제품을 시도하는 데 적극적인 소비자 그룹입니다. 가격에 민감하기보다는 효율성과 맛을 동시에 추구합니다.
1816,여자,30대,판매 종사자,대학교 졸업(전문대졸/대학원생 포함),인천광역시,1세대가족,기혼,맞벌이 함,600-700만원 미만,0,0.4477611940298506,0.7294250281848926,0.2189203925845144,0.8237022526934379,0.2029315960912055,0.3516140229087122,0.5043478260869562,실속형 미식가,편리성을 중시하면서도 새로운 맛과 제품을 시도하는 데 적극적인 소비자 그룹입니다. 가격에 민감하기보다는 효율성과 맛을 동시에 추구합니다.
1817,남자,60대 이상,판매 종사자,중졸 이하,경상남도,1세대가족,기혼,맞벌이 하지 않음,200-300만원 미만,0,0.3701492537313433,0.6110484780157834,0.3247001090512542,0.7992164544564151,0.3114006514657981,0.3231516834432486,0.4478260869565216,실속형 미식가,편리성을 중시하면서도 새로운 맛과 제품을 시도하는 데 적극적인 소비자 그룹입니다. 가격에 민감하기보다는 효율성과 맛을 동시에 추구합니다.
1818,여자,30대,사무 종사자,대학교 졸업(전문대졸/대학원생 포함),경기도,1세대가족,기혼,맞벌이 함,600-700만원 미만,1,0.4029850746268655,0.3592634347989477,0.5959651035986915,0.740450538687561,0.6745928338762217,0.3686220062478302,0.0956521739130432,건강 추구형 소비자,가격이나 브랜드에 크게 구애받지 않고 건강을 최우선으로 고려하는 프리미엄 소비자 그룹입니다. 건강과 편리성을 모두 만족시키는 제품에 기꺼이 지갑을 엽니다.
1819,여자,40대,사무 종사자,고졸(대학 재학 포함),인천광역시,2세대가족,기혼,맞벌이 함,600-700만원 미만,0,0.3044776119402984,0.6328447951897783,0.038167938931298,0.8041136141038193,0.126384364820847,0.4314474140923289,0.5347826086956521,실속형 미식가,편리성을 중시하면서도 새로운 맛과 제품을 시도하는 데 적극적인 소비자 그룹입니다. 가격에 민감하기보다는 효율성과 맛을 동시에 추구합니다.
1820,여자,60대 이상,서비스 종사자,고졸(대학 재학 포함),인천광역시,1세대가족,기혼,맞벌이 함,500-600만원 미만,0,0.1753731343283581,0.5614430665163472,0.0888767720828788,0.8041136141038193,0.0863192182410427,0.3752169385629987,0.6478260869565217,실속형 미식가,편리성을 중시하면서도 새로운 맛과 제품을 시도하는 데 적극적인 소비자 그룹입니다. 가격에 민감하기보다는 효율성과 맛을 동시에 추구합니다.
1821,남자,40대,기능원 및 관련 기능 종사자,고졸(대학 재학 포함),강원도,1인 가구,미혼(사별/이혼 포함),맞벌이 하지 않음,300-400만원 미만,3,0.4328358208955225,0.5952649379932357,0.4615594329334785,0.941234084231146,0.4309446254071661,0.4286706004859422,0.6391304347826086,트렌드 주도형 소비자,"자신의 취향과 경험을 중시하는 소비자 그룹입니다. 단순히 배를 채우는 것 이상의 가치를 추구하며, 새로운 제품을 가장 먼저 경험하고 공유하려는 경향이 강합니다"
1822,여자,60대 이상,주부,중졸 이하,경상남도,1세대가족,기혼,맞벌이 하지 않음,200-300만원 미만,3,0.5111940298507464,0.5452837279218338,0.3028898582333695,0.8237022526934379,0.3501628664495113,0.3297466157584171,0.4695652173913042,트렌드 주도형 소비자,"자신의 취향과 경험을 중시하는 소비자 그룹입니다. 단순히 배를 채우는 것 이상의 가치를 추구하며, 새로운 제품을 가장 먼저 경험하고 공유하려는 경향이 강합니다"
1823,여자,30대,서비스 종사자,대학교 졸업(전문대졸/대학원생 포함),서울특별시,2세대가족,기혼,맞벌이 함,400-500만원 미만,0,0.358955223880597,0.6290868094701241,0.423936750272628,0.941234084231146,0.3570032573289903,0.4036792780284624,0.4739130434782606,실속형 미식가,편리성을 중시하면서도 새로운 맛과 제품을 시도하는 데 적극적인 소비자 그룹입니다. 가격에 민감하기보다는 효율성과 맛을 동시에 추구합니다.
1824,남자,60대 이상,농림어업 숙련 종사자,중졸 이하,경상남도,1세대가족,기혼,맞벌이 하지 않음,100만원 미만,3,0.4992537313432835,0.5396467493423522,0.4111232279171211,0.8775710088148868,0.329641693811075,0.3186393613328702,0.4752173913043476,트렌드 주도형 소비자,"자신의 취향과 경험을 중시하는 소비자 그룹입니다. 단순히 배를 채우는 것 이상의 가치를 추구하며, 새로운 제품을 가장 먼저 경험하고 공유하려는 경향이 강합니다"
1825,여자,50대,판매 종사자,고졸(대학 재학 포함),강원도,2세대가족,기혼,맞벌이 함,500-600만원 미만,3,0.5843283582089551,0.4599774520856821,0.4533805888767718,0.8628795298726734,0.5475570032573288,0.3956959389101004,0.7043478260869562,트렌드 주도형 소비자,"자신의 취향과 경험을 중시하는 소비자 그룹입니다. 단순히 배를 채우는 것 이상의 가치를 추구하며, 새로운 제품을 가장 먼저 경험하고 공유하려는 경향이 강합니다"
1826,여자,30대,서비스 종사자,대학교 졸업(전문대졸/대학원생 포함),서울특별시,2세대가족,기혼,맞벌이 함,500-600만원 미만,3,0.7298507462686568,0.830890642615558,0.2491821155943293,1.0,0.3553745928338763,0.5289829920166605,0.4782608695652171,트렌드 주도형 소비자,"자신의 취향과 경험을 중시하는 소비자 그룹입니다. 단순히 배를 채우는 것 이상의 가치를 추구하며, 새로운 제품을 가장 먼저 경험하고 공유하려는 경향이 강합니다"
1827,여자,50대,사무 종사자,대학교 졸업(전문대졸/대학원생 포함),서울특별시,2세대가족,기혼,맞벌이 함,"900-1,000만원 미만",3,0.656716417910448,0.7444569710635096,0.3974918211559432,0.9804113614103814,0.388599348534202,0.3818118708781672,0.652173913043478,트렌드 주도형 소비자,"자신의 취향과 경험을 중시하는 소비자 그룹입니다. 단순히 배를 채우는 것 이상의 가치를 추구하며, 새로운 제품을 가장 먼저 경험하고 공유하려는 경향이 강합니다"
1828,남자,50대,장치·기계 조작 및 조립 종사자,고졸(대학 재학 포함),경상남도,1세대가족,기혼,맞벌이 함,400-500만원 미만,3,0.6500000000000001,0.557685080796693,0.3683206106870229,0.706170421155729,0.4335504885993483,0.3786879555709821,0.3565217391304347,트렌드 주도형 소비자,"자신의 취향과 경험을 중시하는 소비자 그룹입니다. 단순히 배를 채우는 것 이상의 가치를 추구하며, 새로운 제품을 가장 먼저 경험하고 공유하려는 경향이 강합니다"
1829,여자,60대 이상,주부,대학교 졸업(전문대졸/대학원생 포함),인천광역시,1세대가족,기혼,맞벌이 하지 않음,400-500만원 미만,1,0.2992537313432837,0.3686583990980834,0.7917121046892033,0.7845249755142015,0.3618892508143325,0.1943769524470667,0.1404347826086956,건강 추구형 소비자,가격이나 브랜드에 크게 구애받지 않고 건강을 최우선으로 고려하는 프리미엄 소비자 그룹입니다. 건강과 편리성을 모두 만족시키는 제품에 기꺼이 지갑을 엽니다.
1830,여자,40대,서비스 종사자,대학교 졸업(전문대졸/대학원생 포함),충청북도,2세대가족,기혼,맞벌이 함,500-600만원 미만,0,0.2895522388059702,0.5640736565201049,0.3315158124318428,0.8237022526934379,0.2452768729641697,0.4894133981256504,0.518695652173913,실속형 미식가,편리성을 중시하면서도 새로운 맛과 제품을 시도하는 데 적극적인 소비자 그룹입니다. 가격에 민감하기보다는 효율성과 맛을 동시에 추구합니다.
1831,여자,60대 이상,주부,고졸(대학 재학 포함),강원도,1세대가족,기혼,맞벌이 하지 않음,300-400만원 미만,3,0.4179104477611941,0.557685080796693,0.4642857142857146,0.9020568070519096,0.4319218241042348,0.3887539048941338,0.6739130434782606,트렌드 주도형 소비자,"자신의 취향과 경험을 중시하는 소비자 그룹입니다. 단순히 배를 채우는 것 이상의 가치를 추구하며, 새로운 제품을 가장 먼저 경험하고 공유하려는 경향이 강합니다"
1832,여자,50대,서비스 종사자,고졸(대학 재학 포함),서울특별시,2세대가족,기혼,맞벌이 함,700-800만원 미만,3,0.7701492537313434,0.6956031567080042,0.4282988004362049,0.9804113614103814,0.4104234527687299,0.4998264491496007,0.6913043478260866,트렌드 주도형 소비자,"자신의 취향과 경험을 중시하는 소비자 그룹입니다. 단순히 배를 채우는 것 이상의 가치를 추구하며, 새로운 제품을 가장 먼저 경험하고 공유하려는 경향이 강합니다"
1833,여자,60대 이상,판매 종사자,대학교 졸업(전문대졸/대학원생 포함),인천광역시,2세대가족,기혼,맞벌이 함,700-800만원 미만,1,0.2723880597014925,0.3836903419767003,0.7562704471101414,0.8237022526934379,0.3876221498371337,0.2325581395348835,0.1752173913043478,건강 추구형 소비자,가격이나 브랜드에 크게 구애받지 않고 건강을 최우선으로 고려하는 프리미엄 소비자 그룹입니다. 건강과 편리성을 모두 만족시키는 제품에 기꺼이 지갑을 엽니다.
1834,여자,40대,사무 종사자,대학교 졸업(전문대졸/대학원생 포함),서울특별시,2세대가족,기혼,맞벌이 함,700-800만원 미만,3,0.8291044776119404,0.7219090567455841,0.2202835332606324,0.9608227228207636,0.4361563517915311,0.3759111419645954,0.652173913043478,트렌드 주도형 소비자,"자신의 취향과 경험을 중시하는 소비자 그룹입니다. 단순히 배를 채우는 것 이상의 가치를 추구하며, 새로운 제품을 가장 먼저 경험하고 공유하려는 경향이 강합니다"
1835,여자,50대,판매 종사자,고졸(대학 재학 포함),경상남도,2세대가족,미혼(사별/이혼 포함),맞벌이 하지 않음,200-300만원 미만,0,0.519402985074627,0.6129274708756103,0.3293347873500544,0.8041136141038193,0.32442996742671,0.4370010413051021,0.3521739130434779,실속형 미식가,편리성을 중시하면서도 새로운 맛과 제품을 시도하는 데 적극적인 소비자 그룹입니다. 가격에 민감하기보다는 효율성과 맛을 동시에 추구합니다.
1836,여자,40대,판매 종사자,대학교 졸업(전문대졸/대학원생 포함),강원도,2세대가족,기혼,맞벌이 함,500-600만원 미만,3,0.5791044776119403,0.4513340849304773,0.4452017448200651,0.8628795298726734,0.4817589576547234,0.3689691079486288,0.6347826086956521,트렌드 주도형 소비자,"자신의 취향과 경험을 중시하는 소비자 그룹입니다. 단순히 배를 채우는 것 이상의 가치를 추구하며, 새로운 제품을 가장 먼저 경험하고 공유하려는 경향이 강합니다"
1837,여자,30대,주부,고졸(대학 재학 포함),강원도,2세대가족,기혼,맞벌이 하지 않음,300-400만원 미만,3,0.4462686567164177,0.5238632093198045,0.4397491821155946,0.8628795298726734,0.4749185667752443,0.4078444984380422,0.6304347826086953,트렌드 주도형 소비자,"자신의 취향과 경험을 중시하는 소비자 그룹입니다. 단순히 배를 채우는 것 이상의 가치를 추구하며, 새로운 제품을 가장 먼저 경험하고 공유하려는 경향이 강합니다"
1838,여자,60대 이상,주부,고졸(대학 재학 포함),강원도,1세대가족,기혼,맞벌이 하지 않음,200-300만원 미만,3,0.5641791044776121,0.5276211950394587,0.4370229007633584,0.8432908912830556,0.4514657980456029,0.3748698368622003,0.6652173913043476,트렌드 주도형 소비자,"자신의 취향과 경험을 중시하는 소비자 그룹입니다. 단순히 배를 채우는 것 이상의 가치를 추구하며, 새로운 제품을 가장 먼저 경험하고 공유하려는 경향이 강합니다"
1839,여자,40대,주부,대학교 졸업(전문대졸/대학원생 포함),인천광역시,2세대가족,기혼,맞벌이 하지 않음,500-600만원 미만,1,0.5731343283582089,0.4926719278466742,0.6736641221374042,0.8824681684622918,0.7765472312703582,0.2919125303713987,0.2043478260869564,건강 추구형 소비자,가격이나 브랜드에 크게 구애받지 않고 건강을 최우선으로 고려하는 프리미엄 소비자 그룹입니다. 건강과 편리성을 모두 만족시키는 제품에 기꺼이 지갑을 엽니다.
1840,여자,60대 이상,장치·기계 조작 및 조립 종사자,고졸(대학 재학 포함),경상남도,1세대가족,기혼,맞벌이 함,400-500만원 미만,3,0.5380597014925373,0.5189778278842537,0.3511450381679391,0.6865817825661112,0.3553745928338763,0.4064560916348486,0.4391304347826084,트렌드 주도형 소비자,"자신의 취향과 경험을 중시하는 소비자 그룹입니다. 단순히 배를 채우는 것 이상의 가치를 추구하며, 새로운 제품을 가장 먼저 경험하고 공유하려는 경향이 강합니다"
1841,여자,30대,주부,대학교 졸업(전문대졸/대학원생 포함),인천광역시,2세대가족,기혼,맞벌이 하지 않음,500-600만원 미만,1,0.742537313432836,0.5764750093949641,0.6273173391494002,0.8628795298726734,0.7501628664495116,0.3509198195071151,0.0826086956521737,건강 추구형 소비자,가격이나 브랜드에 크게 구애받지 않고 건강을 최우선으로 고려하는 프리미엄 소비자 그룹입니다. 건강과 편리성을 모두 만족시키는 제품에 기꺼이 지갑을 엽니다.
1842,여자,40대,주부,고졸(대학 재학 포함),울산광역시,2세대가족,기혼,맞벌이 하지 않음,400-500만원 미만,3,0.4723880597014926,0.4701240135287484,0.3770447110141764,0.9020568070519096,0.3104234527687299,0.4199930579659837,0.7882608695652171,트렌드 주도형 소비자,"자신의 취향과 경험을 중시하는 소비자 그룹입니다. 단순히 배를 채우는 것 이상의 가치를 추구하며, 새로운 제품을 가장 먼저 경험하고 공유하려는 경향이 강합니다"
1843,여자,60대 이상,서비스 종사자,고졸(대학 재학 포함),부산광역시,1세대가족,기혼,맞벌이 함,300-400만원 미만,3,0.5246268656716416,0.7068771138669673,0.256815703380589,0.9608227228207636,0.3319218241042349,0.2568552585907667,0.4926086956521739,트렌드 주도형 소비자,"자신의 취향과 경험을 중시하는 소비자 그룹입니다. 단순히 배를 채우는 것 이상의 가치를 추구하며, 새로운 제품을 가장 먼저 경험하고 공유하려는 경향이 강합니다"
1844,여자,50대,판매 종사자,고졸(대학 재학 포함),부산광역시,1인 가구,기혼,맞벌이 하지 않음,200-300만원 미만,3,0.4082089552238805,0.616685456595265,0.5428026172300984,0.9216454456415274,0.4179153094462543,0.438736549809094,0.434782608695652,트렌드 주도형 소비자,"자신의 취향과 경험을 중시하는 소비자 그룹입니다. 단순히 배를 채우는 것 이상의 가치를 추구하며, 새로운 제품을 가장 먼저 경험하고 공유하려는 경향이 강합니다"
1845,여자,60대 이상,단순노무 종사자,중졸 이하,부산광역시,1인 가구,미혼(사별/이혼 포함),맞벌이 하지 않음,100-200만원 미만,3,0.4910447761194028,0.4363021420518599,0.4173936750272629,0.8237022526934379,0.3185667752442996,0.5296771954182572,0.5708695652173912,트렌드 주도형 소비자,"자신의 취향과 경험을 중시하는 소비자 그룹입니다. 단순히 배를 채우는 것 이상의 가치를 추구하며, 새로운 제품을 가장 먼저 경험하고 공유하려는 경향이 강합니다"
1846,여자,60대 이상,판매 종사자,고졸(대학 재학 포함),부산광역시,1인 가구,미혼(사별/이혼 포함),맞벌이 하지 않음,200-300만원 미만,0,0.2559701492537312,0.5603156708004507,0.5081788440567065,0.8237022526934379,0.2452768729641697,0.3897952099965287,0.4434782608695652,실속형 미식가,편리성을 중시하면서도 새로운 맛과 제품을 시도하는 데 적극적인 소비자 그룹입니다. 가격에 민감하기보다는 효율성과 맛을 동시에 추구합니다.
1847,여자,30대,사무 종사자,대학교 졸업(전문대졸/대학원생 포함),서울특별시,1인 가구,미혼(사별/이혼 포함),맞벌이 하지 않음,300-400만원 미만,0,0.3477611940298506,0.4438181134911688,0.3601417666303162,0.8237022526934379,0.3117263843648211,0.2290871225269002,0.8391304347826085,실속형 미식가,편리성을 중시하면서도 새로운 맛과 제품을 시도하는 데 적극적인 소비자 그룹입니다. 가격에 민감하기보다는 효율성과 맛을 동시에 추구합니다.
1848,여자,60대 이상,서비스 종사자,고졸(대학 재학 포함),서울특별시,1세대가족,기혼,맞벌이 함,500-600만원 미만,0,0.1985074626865673,0.5152198421645996,0.3675027262813524,0.9020568070519096,0.2876221498371338,0.2360291565428669,0.8304347826086955,실속형 미식가,편리성을 중시하면서도 새로운 맛과 제품을 시도하는 데 적극적인 소비자 그룹입니다. 가격에 민감하기보다는 효율성과 맛을 동시에 추구합니다.
1849,여자,50대,사무 종사자,대학교 졸업(전문대졸/대학원생 포함),인천광역시,1인 가구,미혼(사별/이혼 포함),맞벌이 하지 않음,300-400만원 미만,0,0.232089552238806,0.4663660278090942,0.4520174482006545,0.8432908912830556,0.1521172638436483,0.2283929191253036,0.8447826086956522,실속형 미식가,편리성을 중시하면서도 새로운 맛과 제품을 시도하는 데 적극적인 소비자 그룹입니다. 가격에 민감하기보다는 효율성과 맛을 동시에 추구합니다.
1850,남자,40대,장치·기계 조작 및 조립 종사자,대학교 졸업(전문대졸/대학원생 포함),경상남도,2세대가족,기혼,맞벌이 함,500-600만원 미만,3,0.7328358208955225,0.685456595264938,0.3260632497273715,0.8237022526934379,0.4892508143322477,0.3762582436653939,0.3869565217391302,트렌드 주도형 소비자,"자신의 취향과 경험을 중시하는 소비자 그룹입니다. 단순히 배를 채우는 것 이상의 가치를 추구하며, 새로운 제품을 가장 먼저 경험하고 공유하려는 경향이 강합니다"
1851,여자,50대,사무 종사자,대학교 졸업(전문대졸/대학원생 포함),충청남도,1세대가족,기혼,맞벌이 함,600-700만원 미만,0,0.1194029850746271,0.9932356257046224,0.3497818974918211,0.8550440744368261,0.0325732899022803,0.5945852134675458,0.1652173913043478,실속형 미식가,편리성을 중시하면서도 새로운 맛과 제품을 시도하는 데 적극적인 소비자 그룹입니다. 가격에 민감하기보다는 효율성과 맛을 동시에 추구합니다.
1852,여자,40대,주부,고졸(대학 재학 포함),충청남도,2세대가족,기혼,맞벌이 하지 않음,400-500만원 미만,0,0.1738805970149253,0.7951897782788423,0.082606324972737,0.9559255631733592,0.0840390879478829,0.5432141617493923,0.3956521739130433,실속형 미식가,편리성을 중시하면서도 새로운 맛과 제품을 시도하는 데 적극적인 소비자 그룹입니다. 가격에 민감하기보다는 효율성과 맛을 동시에 추구합니다.
1853,여자,60대 이상,서비스 종사자,고졸(대학 재학 포함),울산광역시,1세대가족,기혼,맞벌이 함,400-500만원 미만,3,0.6388059701492538,0.6403607666290868,0.1875681570338057,0.8628795298726734,0.4175895765472314,0.2127733425893785,0.5578260869565217,트렌드 주도형 소비자,"자신의 취향과 경험을 중시하는 소비자 그룹입니다. 단순히 배를 채우는 것 이상의 가치를 추구하며, 새로운 제품을 가장 먼저 경험하고 공유하려는 경향이 강합니다"
1854,남자,30대,사무 종사자,대학교 졸업(전문대졸/대학원생 포함),경상남도,2세대가족,기혼,맞벌이 하지 않음,300-400만원 미만,3,0.7059701492537311,0.57271702367531,0.084514721919302,0.6865817825661112,0.4058631921824107,0.2811523776466503,0.3956521739130433,트렌드 주도형 소비자,"자신의 취향과 경험을 중시하는 소비자 그룹입니다. 단순히 배를 채우는 것 이상의 가치를 추구하며, 새로운 제품을 가장 먼저 경험하고 공유하려는 경향이 강합니다"
1855,여자,50대,서비스 종사자,고졸(대학 재학 포함),경상남도,1세대가족,기혼,맞벌이 함,700-800만원 미만,3,0.7126865671641791,0.5640736565201049,0.3675027262813524,0.7453476983349653,0.4381107491856681,0.3519611246095104,0.4086956521739129,트렌드 주도형 소비자,"자신의 취향과 경험을 중시하는 소비자 그룹입니다. 단순히 배를 채우는 것 이상의 가치를 추구하며, 새로운 제품을 가장 먼저 경험하고 공유하려는 경향이 강합니다"
1856,남자,60대 이상,판매 종사자,대학교 졸업(전문대졸/대학원생 포함),충청남도,1세대가족,기혼,맞벌이 하지 않음,300-400만원 미만,0,0.0298507462686569,0.7970687711386696,0.2788985823336972,0.9608227228207636,0.0488599348534202,0.6223533495314126,0.4534782608695652,실속형 미식가,편리성을 중시하면서도 새로운 맛과 제품을 시도하는 데 적극적인 소비자 그룹입니다. 가격에 민감하기보다는 효율성과 맛을 동시에 추구합니다.
1857,여자,60대 이상,주부,대학교 졸업(전문대졸/대학원생 포함),경상남도,1세대가족,기혼,맞벌이 하지 않음,400-500만원 미만,3,0.6298507462686568,0.6805712138293873,0.484460196292257,0.8432908912830556,0.5185667752442995,0.240541478653245,0.3913043478260869,트렌드 주도형 소비자,"자신의 취향과 경험을 중시하는 소비자 그룹입니다. 단순히 배를 채우는 것 이상의 가치를 추구하며, 새로운 제품을 가장 먼저 경험하고 공유하려는 경향이 강합니다"
1858,남자,30대,전문가 및 관련 종사자,대학교 졸업(전문대졸/대학원생 포함),경상남도,1세대가족,기혼,맞벌이 함,500-600만원 미만,3,0.7731343283582089,0.5678316422397591,0.2947110141766628,0.6865817825661112,0.5377850162866451,0.2481777160708087,0.4652173913043476,트렌드 주도형 소비자,"자신의 취향과 경험을 중시하는 소비자 그룹입니다. 단순히 배를 채우는 것 이상의 가치를 추구하며, 새로운 제품을 가장 먼저 경험하고 공유하려는 경향이 강합니다"
1859,여자,60대 이상,주부,고졸(대학 재학 포함),경상남도,2세대가족,기혼,맞벌이 하지 않음,800-900만원 미만,3,0.5917910447761194,0.5077038707252911,0.2979825517993458,0.706170421155729,0.3560260586319221,0.3446719888927456,0.4434782608695652,트렌드 주도형 소비자,"자신의 취향과 경험을 중시하는 소비자 그룹입니다. 단순히 배를 채우는 것 이상의 가치를 추구하며, 새로운 제품을 가장 먼저 경험하고 공유하려는 경향이 강합니다"
1860,여자,60대 이상,주부,고졸(대학 재학 포함),강원도,1세대가족,기혼,맞벌이 하지 않음,200-300만원 미만,3,0.5992537313432837,0.531379180759113,0.4315703380588879,0.9216454456415274,0.4482084690553748,0.3932662270045121,0.6826086956521739,트렌드 주도형 소비자,"자신의 취향과 경험을 중시하는 소비자 그룹입니다. 단순히 배를 채우는 것 이상의 가치를 추구하며, 새로운 제품을 가장 먼저 경험하고 공유하려는 경향이 강합니다"
1861,여자,30대,사무 종사자,대학교 졸업(전문대졸/대학원생 포함),강원도,1인 가구,미혼(사별/이혼 포함),맞벌이 하지 않음,200-300만원 미만,3,0.5186567164179107,0.5464111236377303,0.4561068702290079,0.9020568070519096,0.5000000000000001,0.3332176327664005,0.6347826086956521,트렌드 주도형 소비자,"자신의 취향과 경험을 중시하는 소비자 그룹입니다. 단순히 배를 채우는 것 이상의 가치를 추구하며, 새로운 제품을 가장 먼저 경험하고 공유하려는 경향이 강합니다"
1862,여자,60대 이상,단순노무 종사자,고졸(대학 재학 포함),강원도,1세대가족,기혼,맞벌이 하지 않음,300-400만원 미만,3,0.4970149253731342,0.4825253664036076,0.4043075245365318,0.8628795298726734,0.4254071661237786,0.4217285664699756,0.6695652173913043,트렌드 주도형 소비자,"자신의 취향과 경험을 중시하는 소비자 그룹입니다. 단순히 배를 채우는 것 이상의 가치를 추구하며, 새로운 제품을 가장 먼저 경험하고 공유하려는 경향이 강합니다"
1863,여자,30대,주부,대학교 졸업(전문대졸/대학원생 포함),강원도,2세대가족,기혼,맞벌이 하지 않음,400-500만원 미만,3,0.5156716417910449,0.5152198421645996,0.4479280261723012,0.9020568070519096,0.5257328990228014,0.3644567858382503,0.6652173913043476,트렌드 주도형 소비자,"자신의 취향과 경험을 중시하는 소비자 그룹입니다. 단순히 배를 채우는 것 이상의 가치를 추구하며, 새로운 제품을 가장 먼저 경험하고 공유하려는 경향이 강합니다"
1864,여자,30대,사무 종사자,대학교 졸업(전문대졸/대학원생 포함),강원도,1세대가족,기혼,맞벌이 함,400-500만원 미만,3,0.6238805970149254,0.549041713641488,0.4206652126499451,0.9216454456415274,0.5511400651465799,0.3800763623741754,0.6434782608695649,트렌드 주도형 소비자,"자신의 취향과 경험을 중시하는 소비자 그룹입니다. 단순히 배를 채우는 것 이상의 가치를 추구하며, 새로운 제품을 가장 먼저 경험하고 공유하려는 경향이 강합니다"
1865,여자,40대,서비스 종사자,대학교 졸업(전문대졸/대학원생 포함),강원도,1인 가구,미혼(사별/이혼 포함),맞벌이 하지 않음,300-400만원 미만,3,0.5843283582089551,0.531379180759113,0.4152126499454745,0.9020568070519096,0.5198697068403911,0.3436306837903504,0.5913043478260867,트렌드 주도형 소비자,"자신의 취향과 경험을 중시하는 소비자 그룹입니다. 단순히 배를 채우는 것 이상의 가치를 추구하며, 새로운 제품을 가장 먼저 경험하고 공유하려는 경향이 강합니다"
1866,여자,40대,사무 종사자,대학교 졸업(전문대졸/대학원생 포함),부산광역시,2세대가족,기혼,맞벌이 함,500-600만원 미만,3,0.6574626865671643,0.4325441563322056,0.3102508178844058,0.8628795298726734,0.4006514657980456,0.4633807705657757,0.869565217391304,트렌드 주도형 소비자,"자신의 취향과 경험을 중시하는 소비자 그룹입니다. 단순히 배를 채우는 것 이상의 가치를 추구하며, 새로운 제품을 가장 먼저 경험하고 공유하려는 경향이 강합니다"
1867,여자,60대 이상,서비스 종사자,고졸(대학 재학 포함),경상남도,1세대가족,기혼,맞벌이 함,400-500만원 미만,1,0.1044776119402986,0.5152198421645996,0.6444929116684841,0.7257590597453475,0.4299674267100979,0.2256161055189169,0.1217391304347824,건강 추구형 소비자,가격이나 브랜드에 크게 구애받지 않고 건강을 최우선으로 고려하는 프리미엄 소비자 그룹입니다. 건강과 편리성을 모두 만족시키는 제품에 기꺼이 지갑을 엽니다.
1868,여자,30대,기능원 및 관련 기능 종사자,고졸(대학 재학 포함),강원도,2세대가족,기혼,맞벌이 함,400-500만원 미만,3,0.4813432835820894,0.4750093949642991,0.4424754634678298,0.8432908912830556,0.4954397394136809,0.3922249219021172,0.6869565217391302,트렌드 주도형 소비자,"자신의 취향과 경험을 중시하는 소비자 그룹입니다. 단순히 배를 채우는 것 이상의 가치를 추구하며, 새로운 제품을 가장 먼저 경험하고 공유하려는 경향이 강합니다"
1869,남자,60대 이상,단순노무 종사자,고졸(대학 재학 포함),서울특별시,1세대가족,기혼,맞벌이 함,300-400만원 미만,1,0.4738805970149255,0.4325441563322056,0.4803707742639035,0.8628795298726734,0.4576547231270361,0.3828531759805621,0.2956521739130433,건강 추구형 소비자,가격이나 브랜드에 크게 구애받지 않고 건강을 최우선으로 고려하는 프리미엄 소비자 그룹입니다. 건강과 편리성을 모두 만족시키는 제품에 기꺼이 지갑을 엽니다.
1870,여자,60대 이상,서비스 종사자,고졸(대학 재학 포함),부산광역시,2세대가족,기혼,맞벌이 함,500-600만원 미만,3,0.606716417910448,0.6429913566328446,0.5182660850599783,0.8432908912830556,0.6153094462540719,0.3578618535230822,0.3882608695652174,트렌드 주도형 소비자,"자신의 취향과 경험을 중시하는 소비자 그룹입니다. 단순히 배를 채우는 것 이상의 가치를 추구하며, 새로운 제품을 가장 먼저 경험하고 공유하려는 경향이 강합니다"
1871,여자,60대 이상,주부,고졸(대학 재학 포함),서울특별시,1세대가족,기혼,맞벌이 하지 않음,300-400만원 미만,3,0.5940298507462687,0.4926719278466742,0.4678298800436202,0.8628795298726734,0.5739413680781759,0.3540437348143004,0.6999999999999997,트렌드 주도형 소비자,"자신의 취향과 경험을 중시하는 소비자 그룹입니다. 단순히 배를 채우는 것 이상의 가치를 추구하며, 새로운 제품을 가장 먼저 경험하고 공유하려는 경향이 강합니다"
1872,여자,60대 이상,서비스 종사자,고졸(대학 재학 포함),서울특별시,1인 가구,미혼(사별/이혼 포함),맞벌이 하지 않음,200-300만원 미만,1,0.5373134328358209,0.4223975948891395,0.6654852780806975,0.8628795298726734,0.5016286644951142,0.3658451926414436,0.2304347826086955,건강 추구형 소비자,가격이나 브랜드에 크게 구애받지 않고 건강을 최우선으로 고려하는 프리미엄 소비자 그룹입니다. 건강과 편리성을 모두 만족시키는 제품에 기꺼이 지갑을 엽니다.
1873,여자,40대,사무 종사자,대학교 졸업(전문대졸/대학원생 포함),서울특별시,2세대가족,기혼,맞벌이 함,500-600만원 미만,3,0.6544776119402987,0.5464111236377303,0.4206652126499451,0.9216454456415274,0.5798045602605864,0.3852828878861506,0.6304347826086953,트렌드 주도형 소비자,"자신의 취향과 경험을 중시하는 소비자 그룹입니다. 단순히 배를 채우는 것 이상의 가치를 추구하며, 새로운 제품을 가장 먼저 경험하고 공유하려는 경향이 강합니다"
1874,남자,50대,단순노무 종사자,고졸(대학 재학 포함),서울특별시,1인 가구,미혼(사별/이혼 포함),맞벌이 하지 않음,100-200만원 미만,1,0.3291044776119403,0.3836903419767003,0.6769356597600873,0.8237022526934379,0.4319218241042348,0.4189517528635889,0.2695652173913042,건강 추구형 소비자,가격이나 브랜드에 크게 구애받지 않고 건강을 최우선으로 고려하는 프리미엄 소비자 그룹입니다. 건강과 편리성을 모두 만족시키는 제품에 기꺼이 지갑을 엽니다.
1875,여자,50대,판매 종사자,고졸(대학 재학 포함),인천광역시,2세대가족,기혼,맞벌이 함,600-700만원 미만,1,0.4477611940298506,0.6204434423149192,0.4582878953107963,0.8432908912830556,0.5042345276872965,0.2808052759458518,0.1,건강 추구형 소비자,가격이나 브랜드에 크게 구애받지 않고 건강을 최우선으로 고려하는 프리미엄 소비자 그룹입니다. 건강과 편리성을 모두 만족시키는 제품에 기꺼이 지갑을 엽니다.
1876,여자,50대,사무 종사자,대학교 졸업(전문대졸/대학원생 포함),서울특별시,1인 가구,미혼(사별/이혼 포함),맞벌이 하지 않음,300-400만원 미만,3,0.5037313432835822,0.5915069522735814,0.4015812431842965,0.8824681684622918,0.4986970684039091,0.3314821242624087,0.5999999999999999,트렌드 주도형 소비자,"자신의 취향과 경험을 중시하는 소비자 그룹입니다. 단순히 배를 채우는 것 이상의 가치를 추구하며, 새로운 제품을 가장 먼저 경험하고 공유하려는 경향이 강합니다"
1877,남자,30대,서비스 종사자,고졸(대학 재학 포함),서울특별시,1세대가족,기혼,맞벌이 함,500-600만원 미만,1,0.5776119402985074,0.3912063134160088,0.5043620501635768,0.8432908912830556,0.7221498371335504,0.322457480041652,0.1260869565217391,건강 추구형 소비자,가격이나 브랜드에 크게 구애받지 않고 건강을 최우선으로 고려하는 프리미엄 소비자 그룹입니다. 건강과 편리성을 모두 만족시키는 제품에 기꺼이 지갑을 엽니다.
1878,여자,40대,사무 종사자,대학교 졸업(전문대졸/대학원생 포함),부산광역시,1세대가족,기혼,맞벌이 함,600-700만원 미만,3,0.7238805970149254,0.5565576850807965,0.3437840785169029,0.9216454456415274,0.6319218241042346,0.3682749045470321,0.3608695652173911,트렌드 주도형 소비자,"자신의 취향과 경험을 중시하는 소비자 그룹입니다. 단순히 배를 채우는 것 이상의 가치를 추구하며, 새로운 제품을 가장 먼저 경험하고 공유하려는 경향이 강합니다"
1879,여자,60대 이상,주부,중졸 이하,전라북도,1인 가구,미혼(사별/이혼 포함),맞벌이 하지 않음,100-200만원 미만,0,0.3417910447761195,0.4877865464111234,0.07360959651036,0.7228207639569044,0.2534201954397394,0.5060742797639707,0.3913043478260869,실속형 미식가,편리성을 중시하면서도 새로운 맛과 제품을 시도하는 데 적극적인 소비자 그룹입니다. 가격에 민감하기보다는 효율성과 맛을 동시에 추구합니다.
1880,여자,30대,주부,고졸(대학 재학 포함),서울특별시,2세대가족,기혼,맞벌이 하지 않음,400-500만원 미만,3,0.4619402985074627,0.5001878992859826,0.4787350054525629,0.8824681684622918,0.5228013029315963,0.387018396390142,0.6391304347826086,트렌드 주도형 소비자,"자신의 취향과 경험을 중시하는 소비자 그룹입니다. 단순히 배를 채우는 것 이상의 가치를 추구하며, 새로운 제품을 가장 먼저 경험하고 공유하려는 경향이 강합니다"
1881,여자,40대,판매 종사자,대학교 졸업(전문대졸/대학원생 포함),전라남도,1세대가족,기혼,맞벌이 함,300-400만원 미만,0,0.2805970149253731,0.5821119879744456,0.2325517993456924,0.7992164544564151,0.1941368078175895,0.301631377993752,0.4739130434782606,실속형 미식가,편리성을 중시하면서도 새로운 맛과 제품을 시도하는 데 적극적인 소비자 그룹입니다. 가격에 민감하기보다는 효율성과 맛을 동시에 추구합니다.
1882,여자,60대 이상,주부,중졸 이하,전라북도,1인 가구,미혼(사별/이혼 포함),맞벌이 하지 않음,100만원 미만,0,0.4962686567164179,0.534009770762871,0.2639040348964011,0.8628795298726734,0.33485342019544,0.6254772648385974,0.5217391304347825,실속형 미식가,편리성을 중시하면서도 새로운 맛과 제품을 시도하는 데 적극적인 소비자 그룹입니다. 가격에 민감하기보다는 효율성과 맛을 동시에 추구합니다.
1883,여자,60대 이상,주부,고졸(대학 재학 포함),서울특별시,1세대가족,기혼,맞벌이 하지 않음,300-400만원 미만,1,0.7358208955223882,0.3367155204810222,0.5722464558342419,0.7600391772771787,0.835830618892508,0.221450885109337,0.2999999999999997,건강 추구형 소비자,가격이나 브랜드에 크게 구애받지 않고 건강을 최우선으로 고려하는 프리미엄 소비자 그룹입니다. 건강과 편리성을 모두 만족시키는 제품에 기꺼이 지갑을 엽니다.
1884,여자,50대,서비스 종사자,대학교 졸업(전문대졸/대학원생 포함),서울특별시,2세대가족,기혼,맞벌이 함,700-800만원 미만,3,0.8477611940298507,0.3893273205561819,0.4201199563794982,0.8188050930460328,0.7521172638436485,0.2447066990628254,0.4391304347826084,트렌드 주도형 소비자,"자신의 취향과 경험을 중시하는 소비자 그룹입니다. 단순히 배를 채우는 것 이상의 가치를 추구하며, 새로운 제품을 가장 먼저 경험하고 공유하려는 경향이 강합니다"
1885,여자,40대,판매 종사자,고졸(대학 재학 포함),서울특별시,2세대가족,기혼,맞벌이 함,500-600만원 미만,3,0.4917910447761193,0.5163472378804961,0.4765539803707745,0.8432908912830556,0.5022801302931595,0.3262755987504337,0.601304347826087,트렌드 주도형 소비자,"자신의 취향과 경험을 중시하는 소비자 그룹입니다. 단순히 배를 채우는 것 이상의 가치를 추구하며, 새로운 제품을 가장 먼저 경험하고 공유하려는 경향이 강합니다"
1886,여자,60대 이상,농림어업 숙련 종사자,중졸 이하,전라북도,1인 가구,미혼(사별/이혼 포함),맞벌이 하지 않음,200-300만원 미만,3,0.5567164179104479,0.4652386320931981,0.3328789531079609,0.7032321253672866,0.4286644951140067,0.5345366192294339,0.3695652173913043,트렌드 주도형 소비자,"자신의 취향과 경험을 중시하는 소비자 그룹입니다. 단순히 배를 채우는 것 이상의 가치를 추구하며, 새로운 제품을 가장 먼저 경험하고 공유하려는 경향이 강합니다"
1887,여자,30대,사무 종사자,대학교 졸업(전문대졸/대학원생 포함),서울특별시,1인 가구,미혼(사별/이혼 포함),맞벌이 하지 않음,200-300만원 미만,3,0.5238805970149253,0.5001878992859826,0.4296619411123228,0.8628795298726734,0.5315960912052118,0.3002429711905587,0.6956521739130433,트렌드 주도형 소비자,"자신의 취향과 경험을 중시하는 소비자 그룹입니다. 단순히 배를 채우는 것 이상의 가치를 추구하며, 새로운 제품을 가장 먼저 경험하고 공유하려는 경향이 강합니다"
1888,여자,50대,주부,고졸(대학 재학 포함),경기도,2세대가족,기혼,맞벌이 하지 않음,500-600만원 미만,1,0.5776119402985074,0.4062382562946261,0.7093784078516905,0.8432908912830556,0.467100977198697,0.4179104477611938,0.3652173913043475,건강 추구형 소비자,가격이나 브랜드에 크게 구애받지 않고 건강을 최우선으로 고려하는 프리미엄 소비자 그룹입니다. 건강과 편리성을 모두 만족시키는 제품에 기꺼이 지갑을 엽니다.
1889,여자,60대 이상,주부,중졸 이하,전라북도,1인 가구,미혼(사별/이혼 포함),맞벌이 하지 않음,100만원 미만,0,0.4708955223880598,0.6456219466366028,0.2257360959651038,0.801175318315377,0.2781758957654725,0.6119402985074623,0.3869565217391302,실속형 미식가,편리성을 중시하면서도 새로운 맛과 제품을 시도하는 데 적극적인 소비자 그룹입니다. 가격에 민감하기보다는 효율성과 맛을 동시에 추구합니다.
1890,여자,60대 이상,주부,대학교 졸업(전문대졸/대학원생 포함),서울특별시,1세대가족,기혼,맞벌이 하지 않음,300-400만원 미만,3,0.7858208955223882,0.4062382562946261,0.2183751363140675,0.8824681684622918,0.4325732899022801,0.264144394307532,0.8956521739130432,트렌드 주도형 소비자,"자신의 취향과 경험을 중시하는 소비자 그룹입니다. 단순히 배를 채우는 것 이상의 가치를 추구하며, 새로운 제품을 가장 먼저 경험하고 공유하려는 경향이 강합니다"
1891,여자,50대,서비스 종사자,대학교 졸업(전문대졸/대학원생 포함),서울특별시,2세대가족,기혼,맞벌이 함,500-600만원 미만,3,0.8276119402985076,0.3818113491168734,0.2914394765539806,0.7992164544564151,0.4882736156351795,0.2742103436306837,0.852173913043478,트렌드 주도형 소비자,"자신의 취향과 경험을 중시하는 소비자 그룹입니다. 단순히 배를 채우는 것 이상의 가치를 추구하며, 새로운 제품을 가장 먼저 경험하고 공유하려는 경향이 강합니다"
1892,여자,30대,판매 종사자,대학교 졸업(전문대졸/대학원생 포함),경기도,2세대가족,기혼,맞벌이 함,500-600만원 미만,1,0.6611940298507462,0.3987222848553172,0.6442202835332604,0.8432908912830556,0.8026058631921823,0.4300590072891355,0.1578260869565216,건강 추구형 소비자,가격이나 브랜드에 크게 구애받지 않고 건강을 최우선으로 고려하는 프리미엄 소비자 그룹입니다. 건강과 편리성을 모두 만족시키는 제품에 기꺼이 지갑을 엽니다.
1893,여자,50대,판매 종사자,고졸(대학 재학 포함),부산광역시,2세대가족,기혼,맞벌이 함,400-500만원 미만,3,0.6649253731343283,0.4438181134911688,0.2489094874591058,0.8432908912830556,0.3491856677524431,0.3950017355085039,0.8739130434782607,트렌드 주도형 소비자,"자신의 취향과 경험을 중시하는 소비자 그룹입니다. 단순히 배를 채우는 것 이상의 가치를 추구하며, 새로운 제품을 가장 먼저 경험하고 공유하려는 경향이 강합니다"
1894,여자,60대 이상,주부,중졸 이하,전라북도,1인 가구,미혼(사별/이혼 포함),맞벌이 하지 않음,100만원 미만,0,0.2895522388059702,0.5415257422021796,0.1248636859323884,0.8824681684622918,0.2013029315960915,0.5692467893092674,0.452173913043478,실속형 미식가,편리성을 중시하면서도 새로운 맛과 제품을 시도하는 데 적극적인 소비자 그룹입니다. 가격에 민감하기보다는 효율성과 맛을 동시에 추구합니다.
1895,여자,40대,서비스 종사자,고졸(대학 재학 포함),전라남도,2세대가족,미혼(사별/이혼 포함),맞벌이 하지 않음,100-200만원 미만,0,0.3604477611940297,0.5407741450582486,0.3688658669574697,0.7992164544564151,0.3179153094462543,0.3332176327664005,0.3739130434782607,실속형 미식가,편리성을 중시하면서도 새로운 맛과 제품을 시도하는 데 적극적인 소비자 그룹입니다. 가격에 민감하기보다는 효율성과 맛을 동시에 추구합니다.
1896,여자,60대 이상,주부,고졸(대학 재학 포함),서울특별시,1세대가족,기혼,맞벌이 하지 않음,300-400만원 미만,3,0.5455223880597015,0.531379180759113,0.4841875681570336,0.8824681684622918,0.5534201954397397,0.3158625477264835,0.608695652173913,트렌드 주도형 소비자,"자신의 취향과 경험을 중시하는 소비자 그룹입니다. 단순히 배를 채우는 것 이상의 가치를 추구하며, 새로운 제품을 가장 먼저 경험하고 공유하려는 경향이 강합니다"
1897,여자,60대 이상,서비스 종사자,고졸(대학 재학 포함),경기도,1세대가족,기혼,맞벌이 함,300-400만원 미만,3,0.7186567164179104,0.3517474633596392,0.5291712104689201,0.7600391772771787,0.4905537459283389,0.4151336341548071,0.4565217391304347,트렌드 주도형 소비자,"자신의 취향과 경험을 중시하는 소비자 그룹입니다. 단순히 배를 채우는 것 이상의 가치를 추구하며, 새로운 제품을 가장 먼저 경험하고 공유하려는 경향이 강합니다"
1898,여자,60대 이상,농림어업 숙련 종사자,중졸 이하,전라북도,1세대가족,기혼,맞벌이 함,300-400만원 미만,0,0.3716417910447762,0.4475760992108231,0.1117775354416573,0.7453476983349653,0.3022801302931597,0.5515446025685523,0.452173913043478,실속형 미식가,편리성을 중시하면서도 새로운 맛과 제품을 시도하는 데 적극적인 소비자 그룹입니다. 가격에 민감하기보다는 효율성과 맛을 동시에 추구합니다.
1899,여자,60대 이상,주부,중졸 이하,전라남도,1인 가구,미혼(사별/이혼 포함),맞벌이 하지 않음,100-200만원 미만,0,0.2007462686567166,0.5858699736940999,0.1390403489640134,0.7796278158667972,0.2211726384364824,0.3783408538701835,0.3260869565217388,실속형 미식가,편리성을 중시하면서도 새로운 맛과 제품을 시도하는 데 적극적인 소비자 그룹입니다. 가격에 민감하기보다는 효율성과 맛을 동시에 추구합니다.
1900,여자,30대,사무 종사자,대학교 졸업(전문대졸/대학원생 포함),서울특별시,1세대가족,기혼,맞벌이 함,500-600만원 미만,3,0.6022388059701493,0.5238632093198045,0.4261177753544165,0.8824681684622918,0.5557003257328991,0.3384241582783753,0.6217391304347826,트렌드 주도형 소비자,"자신의 취향과 경험을 중시하는 소비자 그룹입니다. 단순히 배를 채우는 것 이상의 가치를 추구하며, 새로운 제품을 가장 먼저 경험하고 공유하려는 경향이 강합니다"
1901,여자,60대 이상,농림어업 숙련 종사자,중졸 이하,전라북도,1세대가족,기혼,맞벌이 함,400-500만원 미만,3,0.5917910447761194,0.6862081924088688,0.3211559432933478,0.7992164544564151,0.3918566775244301,0.4869836862200623,0.2752173913043475,트렌드 주도형 소비자,"자신의 취향과 경험을 중시하는 소비자 그룹입니다. 단순히 배를 채우는 것 이상의 가치를 추구하며, 새로운 제품을 가장 먼저 경험하고 공유하려는 경향이 강합니다"
1902,여자,60대 이상,단순노무 종사자,고졸(대학 재학 포함),경기도,1세대가족,기혼,맞벌이 함,400-500만원 미만,3,0.4835820895522386,0.5088312664411875,0.4479280261723012,0.8824681684622918,0.4260586319218244,0.3932662270045121,0.6434782608695649,트렌드 주도형 소비자,"자신의 취향과 경험을 중시하는 소비자 그룹입니다. 단순히 배를 채우는 것 이상의 가치를 추구하며, 새로운 제품을 가장 먼저 경험하고 공유하려는 경향이 강합니다"
1903,여자,60대 이상,단순노무 종사자,중졸 이하,전라남도,1인 가구,미혼(사별/이혼 포함),맞벌이 하지 않음,100-200만원 미만,0,0.0940298507462686,0.5182262307403229,0.3162486368593241,0.7600391772771787,0.2234527687296418,0.4359597362027073,0.4434782608695652,실속형 미식가,편리성을 중시하면서도 새로운 맛과 제품을 시도하는 데 적극적인 소비자 그룹입니다. 가격에 민감하기보다는 효율성과 맛을 동시에 추구합니다.
1904,여자,60대 이상,주부,고졸(대학 재학 포함),서울특별시,1세대가족,기혼,맞벌이 하지 않음,300-400만원 미만,3,0.7611940298507461,0.3423524990605034,0.1379498364231188,0.8237022526934379,0.3420195439739416,0.3248871919472405,0.8652173913043475,트렌드 주도형 소비자,"자신의 취향과 경험을 중시하는 소비자 그룹입니다. 단순히 배를 채우는 것 이상의 가치를 추구하며, 새로운 제품을 가장 먼저 경험하고 공유하려는 경향이 강합니다"
1905,남자,50대,서비스 종사자,고졸(대학 재학 포함),서울특별시,1세대가족,기혼,맞벌이 함,500-600만원 미만,3,0.7261194029850746,0.3649004133784291,0.1207742639040351,0.8432908912830556,0.4387622149837134,0.2273516140229084,0.8652173913043475,트렌드 주도형 소비자,"자신의 취향과 경험을 중시하는 소비자 그룹입니다. 단순히 배를 채우는 것 이상의 가치를 추구하며, 새로운 제품을 가장 먼저 경험하고 공유하려는 경향이 강합니다"
1906,남자,30대,사무 종사자,대학교 졸업(전문대졸/대학원생 포함),경기도,1인 가구,미혼(사별/이혼 포함),맞벌이 하지 않음,200-300만원 미만,1,0.6716417910447761,0.388575723412251,0.5577971646673936,0.8237022526934379,0.6482084690553745,0.2971190558833736,0.0739130434782609,건강 추구형 소비자,가격이나 브랜드에 크게 구애받지 않고 건강을 최우선으로 고려하는 프리미엄 소비자 그룹입니다. 건강과 편리성을 모두 만족시키는 제품에 기꺼이 지갑을 엽니다.
1907,여자,50대,서비스 종사자,대학교 졸업(전문대졸/대학원생 포함),부산광역시,2세대가족,기혼,맞벌이 하지 않음,300-400만원 미만,3,0.6238805970149254,0.5189778278842537,0.3865866957470011,0.8432908912830556,0.556026058631922,0.4123568205484204,0.578260869565217,트렌드 주도형 소비자,"자신의 취향과 경험을 중시하는 소비자 그룹입니다. 단순히 배를 채우는 것 이상의 가치를 추구하며, 새로운 제품을 가장 먼저 경험하고 공유하려는 경향이 강합니다"
1908,여자,60대 이상,판매 종사자,고졸(대학 재학 포함),전라남도,1세대가족,기혼,맞벌이 함,300-400만원 미만,0,0.3201492537313433,0.6084178880120257,0.348418756815703,0.8579823702252692,0.3319218241042349,0.3998611593196806,0.3130434782608693,실속형 미식가,편리성을 중시하면서도 새로운 맛과 제품을 시도하는 데 적극적인 소비자 그룹입니다. 가격에 민감하기보다는 효율성과 맛을 동시에 추구합니다.
1909,여자,60대 이상,서비스 종사자,고졸(대학 재학 포함),경기도,1세대가족,기혼,맞벌이 함,500-600만원 미만,3,0.4970149253731342,0.5640736565201049,0.4323882224645582,0.9020568070519096,0.4794788273615635,0.4095800069420338,0.5739130434782607,트렌드 주도형 소비자,"자신의 취향과 경험을 중시하는 소비자 그룹입니다. 단순히 배를 채우는 것 이상의 가치를 추구하며, 새로운 제품을 가장 먼저 경험하고 공유하려는 경향이 강합니다"
1910,여자,60대 이상,서비스 종사자,고졸(대학 재학 포함),서울특별시,1세대가족,기혼,맞벌이 함,400-500만원 미만,3,0.8126865671641791,0.4175122134535888,0.3514176663031627,0.8432908912830556,0.5469055374592835,0.3071850052065255,0.9434782608695648,트렌드 주도형 소비자,"자신의 취향과 경험을 중시하는 소비자 그룹입니다. 단순히 배를 채우는 것 이상의 가치를 추구하며, 새로운 제품을 가장 먼저 경험하고 공유하려는 경향이 강합니다"
1911,여자,60대 이상,서비스 종사자,고졸(대학 재학 포함),서울특별시,1세대가족,기혼,맞벌이 함,400-500만원 미만,3,0.817910447761194,0.4175122134535888,0.2898037077426391,0.8432908912830556,0.5045602605863194,0.2978132592849702,0.9565217391304346,트렌드 주도형 소비자,"자신의 취향과 경험을 중시하는 소비자 그룹입니다. 단순히 배를 채우는 것 이상의 가치를 추구하며, 새로운 제품을 가장 먼저 경험하고 공유하려는 경향이 강합니다"
1912,여자,60대 이상,사무 종사자,대학교 졸업(전문대졸/대학원생 포함),전라남도,2세대가족,미혼(사별/이혼 포함),맞벌이 하지 않음,600-700만원 미만,0,0.3999999999999999,0.4550920706501315,0.3669574700109048,0.9020568070519096,0.3342019543973942,0.4245053800763623,0.5869565217391303,실속형 미식가,편리성을 중시하면서도 새로운 맛과 제품을 시도하는 데 적극적인 소비자 그룹입니다. 가격에 민감하기보다는 효율성과 맛을 동시에 추구합니다.
1913,여자,50대,사무 종사자,대학교 졸업(전문대졸/대학원생 포함),인천광역시,2세대가족,기혼,맞벌이 함,600-700만원 미만,1,0.5380597014925373,0.4017286734310411,0.5992366412213739,0.7600391772771787,0.6416938110749184,0.2891357167650118,0.3913043478260869,건강 추구형 소비자,가격이나 브랜드에 크게 구애받지 않고 건강을 최우선으로 고려하는 프리미엄 소비자 그룹입니다. 건강과 편리성을 모두 만족시키는 제품에 기꺼이 지갑을 엽니다.
1914,여자,50대,사무 종사자,대학교 졸업(전문대졸/대학원생 포함),부산광역시,2세대가족,기혼,맞벌이 함,500-600만원 미만,3,0.5298507462686567,0.4137542277339346,0.1221374045801523,0.8824681684622918,0.3084690553745929,0.2519958347795902,0.8565217391304345,트렌드 주도형 소비자,"자신의 취향과 경험을 중시하는 소비자 그룹입니다. 단순히 배를 채우는 것 이상의 가치를 추구하며, 새로운 제품을 가장 먼저 경험하고 공유하려는 경향이 강합니다"
1915,여자,60대 이상,주부,고졸(대학 재학 포함),전라남도,1세대가족,기혼,맞벌이 하지 않음,200-300만원 미만,3,0.571641791044776,0.6148064637354376,0.3879498364231185,0.8579823702252692,0.4241042345276875,0.320374869836862,0.4608695652173912,트렌드 주도형 소비자,"자신의 취향과 경험을 중시하는 소비자 그룹입니다. 단순히 배를 채우는 것 이상의 가치를 추구하며, 새로운 제품을 가장 먼저 경험하고 공유하려는 경향이 강합니다"
1916,여자,50대,기능원 및 관련 기능 종사자,고졸(대학 재학 포함),경상남도,1세대가족,기혼,맞벌이 함,600-700만원 미만,3,0.5507462686567165,0.6730552423900787,0.5556161395856052,0.941234084231146,0.5322475570032571,0.3557792433182922,0.7130434782608693,트렌드 주도형 소비자,"자신의 취향과 경험을 중시하는 소비자 그룹입니다. 단순히 배를 채우는 것 이상의 가치를 추구하며, 새로운 제품을 가장 먼저 경험하고 공유하려는 경향이 강합니다"
1917,여자,40대,주부,대학교 졸업(전문대졸/대학원생 포함),서울특별시,2세대가족,기혼,맞벌이 하지 않음,400-500만원 미만,3,0.8059701492537313,0.4175122134535888,0.3533260632497275,0.8432908912830556,0.4267100977198698,0.3446719888927456,0.934782608695652,트렌드 주도형 소비자,"자신의 취향과 경험을 중시하는 소비자 그룹입니다. 단순히 배를 채우는 것 이상의 가치를 추구하며, 새로운 제품을 가장 먼저 경험하고 공유하려는 경향이 강합니다"
1918,여자,40대,주부,대학교 졸업(전문대졸/대학원생 포함),서울특별시,2세대가족,기혼,맞벌이 하지 않음,400-500만원 미만,3,0.8582089552238805,0.4024802705749719,0.3606870229007631,0.8237022526934379,0.4612377850162866,0.2776813606386671,0.9260869565217392,트렌드 주도형 소비자,"자신의 취향과 경험을 중시하는 소비자 그룹입니다. 단순히 배를 채우는 것 이상의 가치를 추구하며, 새로운 제품을 가장 먼저 경험하고 공유하려는 경향이 강합니다"
1919,여자,50대,사무 종사자,대학교 졸업(전문대졸/대학원생 포함),서울특별시,2세대가족,기혼,맞벌이 함,800-900만원 미만,0,0.212686567164179,0.5001878992859826,0.5828789531079606,0.7453476983349653,0.4009771986970685,0.5668170774036789,0.4695652173913042,실속형 미식가,편리성을 중시하면서도 새로운 맛과 제품을 시도하는 데 적극적인 소비자 그룹입니다. 가격에 민감하기보다는 효율성과 맛을 동시에 추구합니다.
1920,여자,60대 이상,서비스 종사자,고졸(대학 재학 포함),경상남도,2세대가족,기혼,맞벌이 함,700-800만원 미만,3,0.6671641791044779,0.8008267568583238,0.401308615049073,0.8824681684622918,0.3133550488599351,0.279763970843457,0.434782608695652,트렌드 주도형 소비자,"자신의 취향과 경험을 중시하는 소비자 그룹입니다. 단순히 배를 채우는 것 이상의 가치를 추구하며, 새로운 제품을 가장 먼저 경험하고 공유하려는 경향이 강합니다"
1921,여자,40대,사무 종사자,대학교 졸업(전문대졸/대학원생 포함),부산광역시,2세대가족,기혼,맞벌이 함,700-800만원 미만,0,0.332089552238806,0.3912063134160088,0.1957470010905124,0.8237022526934379,0.1964169381107493,0.360985768830267,0.852173913043478,실속형 미식가,편리성을 중시하면서도 새로운 맛과 제품을 시도하는 데 적극적인 소비자 그룹입니다. 가격에 민감하기보다는 효율성과 맛을 동시에 추구합니다.
1922,남자,60대 이상,판매 종사자,고졸(대학 재학 포함),경상남도,1인 가구,미혼(사별/이혼 포함),맞벌이 하지 않음,200-300만원 미만,3,0.7388059701492539,0.765125892521608,0.5648854961832057,0.8971596474045053,0.4055374592833877,0.2509545296771953,0.5173913043478258,트렌드 주도형 소비자,"자신의 취향과 경험을 중시하는 소비자 그룹입니다. 단순히 배를 채우는 것 이상의 가치를 추구하며, 새로운 제품을 가장 먼저 경험하고 공유하려는 경향이 강합니다"
1923,여자,60대 이상,주부,고졸(대학 재학 포함),인천광역시,1세대가족,기혼,맞벌이 하지 않음,300-400만원 미만,1,0.4126865671641791,0.5885005636978576,0.4574700109051251,0.7796278158667972,0.4368078175895764,0.2016660881638318,0.0652173913043478,건강 추구형 소비자,가격이나 브랜드에 크게 구애받지 않고 건강을 최우선으로 고려하는 프리미엄 소비자 그룹입니다. 건강과 편리성을 모두 만족시키는 제품에 기꺼이 지갑을 엽니다.
1924,여자,40대,서비스 종사자,대학교 졸업(전문대졸/대학원생 포함),서울특별시,2세대가족,기혼,맞벌이 함,500-600만원 미만,1,0.626865671641791,0.3479894776399849,0.5269901853871317,0.8188050930460328,0.8469055374592833,0.2610204790003467,0.1043478260869564,건강 추구형 소비자,가격이나 브랜드에 크게 구애받지 않고 건강을 최우선으로 고려하는 프리미엄 소비자 그룹입니다. 건강과 편리성을 모두 만족시키는 제품에 기꺼이 지갑을 엽니다.
1925,여자,50대,장치·기계 조작 및 조립 종사자,고졸(대학 재학 포함),부산광역시,2세대가족,기혼,맞벌이 하지 않음,400-500만원 미만,3,0.6671641791044779,0.4175122134535888,0.3137949836423115,0.8432908912830556,0.3778501628664495,0.369316209649427,0.917391304347826,트렌드 주도형 소비자,"자신의 취향과 경험을 중시하는 소비자 그룹입니다. 단순히 배를 채우는 것 이상의 가치를 추구하며, 새로운 제품을 가장 먼저 경험하고 공유하려는 경향이 강합니다"
1926,여자,40대,사무 종사자,대학교 졸업(전문대졸/대학원생 포함),서울특별시,1인 가구,미혼(사별/이혼 포함),맞벌이 하지 않음,300-400만원 미만,1,0.3231343283582089,0.534009770762871,0.6477644492911669,0.8628795298726734,0.3820846905537463,0.5234293648038874,0.4869565217391302,건강 추구형 소비자,가격이나 브랜드에 크게 구애받지 않고 건강을 최우선으로 고려하는 프리미엄 소비자 그룹입니다. 건강과 편리성을 모두 만족시키는 제품에 기꺼이 지갑을 엽니다.
1927,남자,20대,판매 종사자,고졸(대학 재학 포함),경상남도,2세대가족,기혼,맞벌이 하지 않음,200-300만원 미만,3,0.7820895522388062,0.676813228109733,0.5038167938931299,0.9020568070519096,0.4156351791530944,0.2464422075668168,0.5999999999999999,트렌드 주도형 소비자,"자신의 취향과 경험을 중시하는 소비자 그룹입니다. 단순히 배를 채우는 것 이상의 가치를 추구하며, 새로운 제품을 가장 먼저 경험하고 공유하려는 경향이 강합니다"
1928,여자,40대,사무 종사자,대학교 졸업(전문대졸/대학원생 포함),서울특별시,1인 가구,미혼(사별/이혼 포함),맞벌이 하지 않음,300-400만원 미만,3,0.5544776119402987,0.6016535137166477,0.2202835332606324,0.8432908912830556,0.3104234527687299,0.2047900034710167,0.5217391304347825,트렌드 주도형 소비자,"자신의 취향과 경험을 중시하는 소비자 그룹입니다. 단순히 배를 채우는 것 이상의 가치를 추구하며, 새로운 제품을 가장 먼저 경험하고 공유하려는 경향이 강합니다"
1929,여자,50대,서비스 종사자,대학교 졸업(전문대졸/대학원생 포함),경상남도,1세대가족,기혼,맞벌이 하지 않음,500-600만원 미만,3,0.7388059701492539,0.9661781285231116,0.4528353326063248,0.9804113614103814,0.4472312703583065,0.2568552585907667,0.4217391304347824,트렌드 주도형 소비자,"자신의 취향과 경험을 중시하는 소비자 그룹입니다. 단순히 배를 채우는 것 이상의 가치를 추구하며, 새로운 제품을 가장 먼저 경험하고 공유하려는 경향이 강합니다"
1930,여자,60대 이상,주부,고졸(대학 재학 포함),서울특별시,1세대가족,기혼,맞벌이 하지 않음,400-500만원 미만,3,0.6835820895522389,0.6429913566328446,0.3906761177753544,0.8628795298726734,0.4612377850162866,0.2533842415827835,0.608695652173913,트렌드 주도형 소비자,"자신의 취향과 경험을 중시하는 소비자 그룹입니다. 단순히 배를 채우는 것 이상의 가치를 추구하며, 새로운 제품을 가장 먼저 경험하고 공유하려는 경향이 강합니다"
1931,여자,60대 이상,서비스 종사자,고졸(대학 재학 포함),경상남도,1세대가족,기혼,맞벌이 함,400-500만원 미만,3,0.667910447761194,0.8271326568959034,0.4326608505997817,0.9608227228207636,0.388599348534202,0.3398125650815686,0.5086956521739129,트렌드 주도형 소비자,"자신의 취향과 경험을 중시하는 소비자 그룹입니다. 단순히 배를 채우는 것 이상의 가치를 추구하며, 새로운 제품을 가장 먼저 경험하고 공유하려는 경향이 강합니다"
1932,여자,60대 이상,기능원 및 관련 기능 종사자,고졸(대학 재학 포함),경상남도,1세대가족,기혼,맞벌이 함,400-500만원 미만,1,0.1044776119402986,0.5152198421645996,0.6472191930207192,0.7453476983349653,0.2899022801302932,0.208261020479,0.1304347826086955,건강 추구형 소비자,가격이나 브랜드에 크게 구애받지 않고 건강을 최우선으로 고려하는 프리미엄 소비자 그룹입니다. 건강과 편리성을 모두 만족시키는 제품에 기꺼이 지갑을 엽니다.
1933,여자,50대,서비스 종사자,고졸(대학 재학 포함),경상남도,1세대가족,기혼,맞벌이 함,400-500만원 미만,3,0.6940298507462688,0.609169485155956,0.4206652126499451,0.8824681684622918,0.4482084690553748,0.234293648038875,0.6652173913043476,트렌드 주도형 소비자,"자신의 취향과 경험을 중시하는 소비자 그룹입니다. 단순히 배를 채우는 것 이상의 가치를 추구하며, 새로운 제품을 가장 먼저 경험하고 공유하려는 경향이 강합니다"
1934,여자,60대 이상,서비스 종사자,대학교 졸업(전문대졸/대학원생 포함),경상남도,2세대가족,미혼(사별/이혼 포함),맞벌이 하지 않음,200-300만원 미만,1,0.1044776119402986,0.6279594137542276,0.511723009814613,0.8237022526934379,0.2833876221498375,0.1752863589031583,0.1621739130434779,건강 추구형 소비자,가격이나 브랜드에 크게 구애받지 않고 건강을 최우선으로 고려하는 프리미엄 소비자 그룹입니다. 건강과 편리성을 모두 만족시키는 제품에 기꺼이 지갑을 엽니다.
1935,여자,60대 이상,사무 종사자,대학교 졸업(전문대졸/대학원생 포함),서울특별시,2세대가족,기혼,맞벌이 함,"900-1,000만원 미만",1,0.4850746268656715,0.394964299135663,0.6703925845147221,0.8041136141038193,0.4853420195439739,0.2690038181187085,0.3608695652173911,건강 추구형 소비자,가격이나 브랜드에 크게 구애받지 않고 건강을 최우선으로 고려하는 프리미엄 소비자 그룹입니다. 건강과 편리성을 모두 만족시키는 제품에 기꺼이 지갑을 엽니다.
1936,여자,30대,사무 종사자,대학교 졸업(전문대졸/대학원생 포함),경상남도,2세대가족,기혼,맞벌이 함,700-800만원 미만,3,0.6656716417910447,0.6429913566328446,0.2748091603053438,0.7453476983349653,0.4322475570032572,0.2856646997570284,0.434782608695652,트렌드 주도형 소비자,"자신의 취향과 경험을 중시하는 소비자 그룹입니다. 단순히 배를 채우는 것 이상의 가치를 추구하며, 새로운 제품을 가장 먼저 경험하고 공유하려는 경향이 강합니다"
1937,여자,60대 이상,서비스 종사자,고졸(대학 재학 포함),경상남도,1인 가구,미혼(사별/이혼 포함),맞벌이 하지 않음,200-300만원 미만,0,0.3865671641791046,0.6054114994363019,0.144492911668484,0.7845249755142015,0.3162866449511403,0.2422769871572368,0.3608695652173911,실속형 미식가,편리성을 중시하면서도 새로운 맛과 제품을 시도하는 데 적극적인 소비자 그룹입니다. 가격에 민감하기보다는 효율성과 맛을 동시에 추구합니다.
1938,여자,60대 이상,주부,중졸 이하,경상남도,1세대가족,기혼,맞벌이 하지 않음,100만원 미만,0,0.3582089552238805,0.5411499436302143,0.3279716466739364,0.6758080313418215,0.2768729641693813,0.3842415827837554,0.3565217391304347,실속형 미식가,편리성을 중시하면서도 새로운 맛과 제품을 시도하는 데 적극적인 소비자 그룹입니다. 가격에 민감하기보다는 효율성과 맛을 동시에 추구합니다.
1939,여자,60대 이상,주부,고졸(대학 재학 포함),인천광역시,1세대가족,기혼,맞벌이 하지 않음,300-400만원 미만,3,0.6417910447761195,0.5791055993987222,0.5032715376226828,0.8041136141038193,0.4416938110749186,0.2429711905588335,0.4217391304347824,트렌드 주도형 소비자,"자신의 취향과 경험을 중시하는 소비자 그룹입니다. 단순히 배를 채우는 것 이상의 가치를 추구하며, 새로운 제품을 가장 먼저 경험하고 공유하려는 경향이 강합니다"
1940,여자,30대,사무 종사자,고졸(대학 재학 포함),인천광역시,1인 가구,미혼(사별/이혼 포함),맞벌이 하지 않음,300-400만원 미만,3,0.6716417910447761,0.6016535137166477,0.5902399127589968,0.8237022526934379,0.5498371335504887,0.298507462686567,0.5478260869565217,트렌드 주도형 소비자,"자신의 취향과 경험을 중시하는 소비자 그룹입니다. 단순히 배를 채우는 것 이상의 가치를 추구하며, 새로운 제품을 가장 먼저 경험하고 공유하려는 경향이 강합니다"
1941,여자,60대 이상,주부,중졸 이하,경상남도,1세대가족,기혼,맞벌이 하지 않음,100-200만원 미만,0,0.4440298507462685,0.5753476136790681,0.2434569247546344,0.7257590597453475,0.3143322475570033,0.2596320721971534,0.3304347826086955,실속형 미식가,편리성을 중시하면서도 새로운 맛과 제품을 시도하는 데 적극적인 소비자 그룹입니다. 가격에 민감하기보다는 효율성과 맛을 동시에 추구합니다.
1942,여자,50대,주부,고졸(대학 재학 포함),서울특별시,2세대가족,기혼,맞벌이 하지 않음,600-700만원 미만,3,0.5320895522388059,0.5001878992859826,0.4487459105779716,0.8824681684622918,0.4830618892508144,0.4095800069420338,0.5739130434782607,트렌드 주도형 소비자,"자신의 취향과 경험을 중시하는 소비자 그룹입니다. 단순히 배를 채우는 것 이상의 가치를 추구하며, 새로운 제품을 가장 먼저 경험하고 공유하려는 경향이 강합니다"
1943,여자,60대 이상,주부,고졸(대학 재학 포함),인천광역시,1세대가족,기혼,맞벌이 하지 않음,300-400만원 미만,3,0.7000000000000002,0.5941375422773392,0.5449836423118868,0.8628795298726734,0.4824104234527687,0.3089205137105169,0.578260869565217,트렌드 주도형 소비자,"자신의 취향과 경험을 중시하는 소비자 그룹입니다. 단순히 배를 채우는 것 이상의 가치를 추구하며, 새로운 제품을 가장 먼저 경험하고 공유하려는 경향이 강합니다"
1944,여자,60대 이상,전문가 및 관련 종사자,대학교 졸업(전문대졸/대학원생 포함),서울특별시,2세대가족,기혼,맞벌이 함,700-800만원 미만,1,0.4865671641791046,0.5114618564449454,0.423936750272628,0.8237022526934379,0.4120521172638439,0.2013189864630334,0.2521739130434782,건강 추구형 소비자,가격이나 브랜드에 크게 구애받지 않고 건강을 최우선으로 고려하는 프리미엄 소비자 그룹입니다. 건강과 편리성을 모두 만족시키는 제품에 기꺼이 지갑을 엽니다.
1945,여자,50대,사무 종사자,대학교 졸업(전문대졸/대학원생 포함),부산광역시,2세대가족,기혼,맞벌이 함,800-900만원 미만,3,0.6447761194029852,0.4475760992108231,0.3238822246455831,0.9020568070519096,0.3345276872964172,0.4380423464074969,0.934782608695652,트렌드 주도형 소비자,"자신의 취향과 경험을 중시하는 소비자 그룹입니다. 단순히 배를 채우는 것 이상의 가치를 추구하며, 새로운 제품을 가장 먼저 경험하고 공유하려는 경향이 강합니다"
1946,여자,50대,전문가 및 관련 종사자,대학교 졸업(전문대졸/대학원생 포함),서울특별시,1인 가구,미혼(사별/이혼 포함),맞벌이 하지 않음,500-600만원 미만,3,0.5022388059701494,0.4937993235625702,0.4506543075245364,0.8041136141038193,0.4612377850162866,0.4078444984380422,0.6565217391304344,트렌드 주도형 소비자,"자신의 취향과 경험을 중시하는 소비자 그룹입니다. 단순히 배를 채우는 것 이상의 가치를 추구하며, 새로운 제품을 가장 먼저 경험하고 공유하려는 경향이 강합니다"
1947,남자,60대 이상,취업 준비 중,고졸(대학 재학 포함),부산광역시,1인 가구,미혼(사별/이혼 포함),맞벌이 하지 않음,100-200만원 미만,0,0.2977611940298509,0.394964299135663,0.1862050163576877,0.8824681684622918,0.2342019543973943,0.3866712946893439,0.7652173913043476,실속형 미식가,편리성을 중시하면서도 새로운 맛과 제품을 시도하는 데 적극적인 소비자 그룹입니다. 가격에 민감하기보다는 효율성과 맛을 동시에 추구합니다.
1948,남자,50대,관리자,대학교 졸업(전문대졸/대학원생 포함),서울특별시,1인 가구,미혼(사별/이혼 포함),맞벌이 하지 않음,400-500만원 미만,1,0.4514925373134328,0.5603156708004507,0.5627044711014173,0.8628795298726734,0.4055374592833877,0.1891704269350919,0.3913043478260869,건강 추구형 소비자,가격이나 브랜드에 크게 구애받지 않고 건강을 최우선으로 고려하는 프리미엄 소비자 그룹입니다. 건강과 편리성을 모두 만족시키는 제품에 기꺼이 지갑을 엽니다.
1949,여자,30대,사무 종사자,대학교 졸업(전문대졸/대학원생 포함),인천광역시,1인 가구,미혼(사별/이혼 포함),맞벌이 하지 않음,300-400만원 미만,3,0.6082089552238807,0.5246148064637354,0.5785169029443837,0.8188050930460328,0.4612377850162866,0.2846233946546337,0.4869565217391302,트렌드 주도형 소비자,"자신의 취향과 경험을 중시하는 소비자 그룹입니다. 단순히 배를 채우는 것 이상의 가치를 추구하며, 새로운 제품을 가장 먼저 경험하고 공유하려는 경향이 강합니다"
1950,여자,40대,사무 종사자,대학교 졸업(전문대졸/대학원생 포함),서울특별시,2세대가족,기혼,맞벌이 함,600-700만원 미만,1,0.4544776119402984,0.616685456595265,0.6000545256270449,0.8824681684622918,0.3980456026058633,0.2481777160708087,0.3260869565217388,건강 추구형 소비자,가격이나 브랜드에 크게 구애받지 않고 건강을 최우선으로 고려하는 프리미엄 소비자 그룹입니다. 건강과 편리성을 모두 만족시키는 제품에 기꺼이 지갑을 엽니다.
1951,남자,60대 이상,기능원 및 관련 기능 종사자,고졸(대학 재학 포함),부산광역시,1세대가족,기혼,맞벌이 하지 않음,200-300만원 미만,3,0.4992537313432835,0.5527996993611421,0.3593238822246458,0.8432908912830556,0.3661237785016288,0.3838944810829572,0.5130434782608694,트렌드 주도형 소비자,"자신의 취향과 경험을 중시하는 소비자 그룹입니다. 단순히 배를 채우는 것 이상의 가치를 추구하며, 새로운 제품을 가장 먼저 경험하고 공유하려는 경향이 강합니다"
1952,여자,60대 이상,주부,고졸(대학 재학 포함),인천광역시,1세대가족,기혼,맞벌이 하지 않음,300-400만원 미만,3,0.6417910447761195,0.5678316422397591,0.4806434023991279,0.8628795298726734,0.4775244299674265,0.2533842415827835,0.4608695652173912,트렌드 주도형 소비자,"자신의 취향과 경험을 중시하는 소비자 그룹입니다. 단순히 배를 채우는 것 이상의 가치를 추구하며, 새로운 제품을 가장 먼저 경험하고 공유하려는 경향이 강합니다"
1953,여자,40대,사무 종사자,대학교 졸업(전문대졸/대학원생 포함),인천광역시,1세대가족,기혼,맞벌이 함,500-600만원 미만,3,0.5343283582089552,0.6129274708756103,0.4168484187568153,0.8237022526934379,0.3384364820846905,0.2533842415827835,0.452173913043478,트렌드 주도형 소비자,"자신의 취향과 경험을 중시하는 소비자 그룹입니다. 단순히 배를 채우는 것 이상의 가치를 추구하며, 새로운 제품을 가장 먼저 경험하고 공유하려는 경향이 강합니다"
1954,여자,60대 이상,사무 종사자,대학교 졸업(전문대졸/대학원생 포함),부산광역시,2세대가족,미혼(사별/이혼 포함),맞벌이 하지 않음,500-600만원 미만,3,0.5880597014925373,0.557685080796693,0.2911668484187571,0.8628795298726734,0.2957654723127035,0.3214161749392571,0.6782608695652173,트렌드 주도형 소비자,"자신의 취향과 경험을 중시하는 소비자 그룹입니다. 단순히 배를 채우는 것 이상의 가치를 추구하며, 새로운 제품을 가장 먼저 경험하고 공유하려는 경향이 강합니다"
1955,여자,50대,서비스 종사자,대학교 졸업(전문대졸/대학원생 포함),경상남도,1인 가구,미혼(사별/이혼 포함),맞벌이 하지 않음,100-200만원 미만,3,0.6216417910447761,0.6196918451709884,0.3007088331515811,0.7600391772771787,0.3397394136807817,0.2808052759458518,0.4652173913043476,트렌드 주도형 소비자,"자신의 취향과 경험을 중시하는 소비자 그룹입니다. 단순히 배를 채우는 것 이상의 가치를 추구하며, 새로운 제품을 가장 먼저 경험하고 공유하려는 경향이 강합니다"
1956,여자,60대 이상,판매 종사자,고졸(대학 재학 포함),부산광역시,1세대가족,기혼,맞벌이 함,400-500만원 미만,3,0.5447761194029851,0.5001878992859826,0.3947655398037078,0.8628795298726734,0.4087947882736158,0.3210690732384587,0.3056521739130434,트렌드 주도형 소비자,"자신의 취향과 경험을 중시하는 소비자 그룹입니다. 단순히 배를 채우는 것 이상의 가치를 추구하며, 새로운 제품을 가장 먼저 경험하고 공유하려는 경향이 강합니다"
1957,여자,40대,사무 종사자,대학교 졸업(전문대졸/대학원생 포함),인천광역시,2세대가족,기혼,맞벌이 함,500-600만원 미만,3,0.6164179104477611,0.6467493423524988,0.4337513631406762,0.7845249755142015,0.374267100977199,0.2828878861506418,0.4304347826086956,트렌드 주도형 소비자,"자신의 취향과 경험을 중시하는 소비자 그룹입니다. 단순히 배를 채우는 것 이상의 가치를 추구하며, 새로운 제품을 가장 먼저 경험하고 공유하려는 경향이 강합니다"
1958,여자,50대,판매 종사자,고졸(대학 재학 포함),부산광역시,1세대가족,기혼,맞벌이 하지 않음,100-200만원 미만,3,0.8283582089552239,0.616685456595265,0.3634133042529991,0.9020568070519096,0.4716612377850167,0.5015619576535921,0.4956521739130434,트렌드 주도형 소비자,"자신의 취향과 경험을 중시하는 소비자 그룹입니다. 단순히 배를 채우는 것 이상의 가치를 추구하며, 새로운 제품을 가장 먼저 경험하고 공유하려는 경향이 강합니다"
1959,남자,40대,판매 종사자,고졸(대학 재학 포함),광주광역시,3세대가족,기혼,맞벌이 하지 않음,300-400만원 미만,3,0.4611940298507463,0.5971439308530625,0.4097600872410031,0.8775710088148868,0.4358306188925082,0.3398125650815686,0.3695652173913043,트렌드 주도형 소비자,"자신의 취향과 경험을 중시하는 소비자 그룹입니다. 단순히 배를 채우는 것 이상의 가치를 추구하며, 새로운 제품을 가장 먼저 경험하고 공유하려는 경향이 강합니다"
1960,여자,50대,서비스 종사자,대학교 졸업(전문대졸/대학원생 포함),부산광역시,2세대가족,기혼,맞벌이 함,"1,000만원 이상",3,0.6335820895522388,0.4062382562946261,0.3565976008724097,0.8628795298726734,0.3719869706840392,0.3418951752863586,0.7665217391304349,트렌드 주도형 소비자,"자신의 취향과 경험을 중시하는 소비자 그룹입니다. 단순히 배를 채우는 것 이상의 가치를 추구하며, 새로운 제품을 가장 먼저 경험하고 공유하려는 경향이 강합니다"
1961,여자,50대,사무 종사자,대학교 졸업(전문대졸/대학원생 포함),인천광역시,2세대가족,기혼,맞벌이 함,400-500만원 미만,3,0.5895522388059702,0.5077038707252911,0.439476553980371,0.8432908912830556,0.3771986970684042,0.2290871225269002,0.4434782608695652,트렌드 주도형 소비자,"자신의 취향과 경험을 중시하는 소비자 그룹입니다. 단순히 배를 채우는 것 이상의 가치를 추구하며, 새로운 제품을 가장 먼저 경험하고 공유하려는 경향이 강합니다"
1962,여자,30대,사무 종사자,대학교 졸업(전문대졸/대학원생 포함),서울특별시,2세대가족,기혼,맞벌이 함,500-600만원 미만,1,0.5238805970149253,0.5452837279218338,0.6641221374045803,0.8041136141038193,0.3915309446254071,0.2169385629989585,0.3752173913043476,건강 추구형 소비자,가격이나 브랜드에 크게 구애받지 않고 건강을 최우선으로 고려하는 프리미엄 소비자 그룹입니다. 건강과 편리성을 모두 만족시키는 제품에 기꺼이 지갑을 엽니다.
1963,여자,60대 이상,주부,대학교 졸업(전문대졸/대학원생 포함),인천광역시,2세대가족,기혼,맞벌이 하지 않음,500-600만원 미만,3,0.6753731343283582,0.5152198421645996,0.3773173391493998,0.8628795298726734,0.4188925081433225,0.2256161055189169,0.5478260869565217,트렌드 주도형 소비자,"자신의 취향과 경험을 중시하는 소비자 그룹입니다. 단순히 배를 채우는 것 이상의 가치를 추구하며, 새로운 제품을 가장 먼저 경험하고 공유하려는 경향이 강합니다"
1964,여자,60대 이상,서비스 종사자,고졸(대학 재학 포함),광주광역시,2세대가족,기혼,맞벌이 함,400-500만원 미만,0,0.3402985074626867,0.6148064637354376,0.3170665212649944,0.9167482859941232,0.2885993485342021,0.5258590767094757,0.4695652173913042,실속형 미식가,편리성을 중시하면서도 새로운 맛과 제품을 시도하는 데 적극적인 소비자 그룹입니다. 가격에 민감하기보다는 효율성과 맛을 동시에 추구합니다.
1965,여자,60대 이상,서비스 종사자,고졸(대학 재학 포함),서울특별시,1인 가구,미혼(사별/이혼 포함),맞벌이 하지 않음,200-300만원 미만,1,0.4059701492537313,0.4964299135663284,0.6327699018538708,0.7845249755142015,0.347557003257329,0.2637972926067334,0.3926086956521739,건강 추구형 소비자,가격이나 브랜드에 크게 구애받지 않고 건강을 최우선으로 고려하는 프리미엄 소비자 그룹입니다. 건강과 편리성을 모두 만족시키는 제품에 기꺼이 지갑을 엽니다.
1966,여자,60대 이상,주부,고졸(대학 재학 포함),부산광역시,1인 가구,미혼(사별/이혼 포함),맞벌이 하지 않음,100-200만원 미만,3,0.7052238805970148,0.5565576850807965,0.3375136314067612,0.8628795298726734,0.3837133550488599,0.320374869836862,0.6478260869565217,트렌드 주도형 소비자,"자신의 취향과 경험을 중시하는 소비자 그룹입니다. 단순히 배를 채우는 것 이상의 가치를 추구하며, 새로운 제품을 가장 먼저 경험하고 공유하려는 경향이 강합니다"
1967,여자,40대,서비스 종사자,고졸(대학 재학 포함),광주광역시,2세대가족,미혼(사별/이혼 포함),맞벌이 하지 않음,200-300만원 미만,3,0.5738805970149257,0.5783540022547914,0.3606870229007631,0.8775710088148868,0.4035830618892508,0.4533148212426239,0.5869565217391303,트렌드 주도형 소비자,"자신의 취향과 경험을 중시하는 소비자 그룹입니다. 단순히 배를 채우는 것 이상의 가치를 추구하며, 새로운 제품을 가장 먼저 경험하고 공유하려는 경향이 강합니다"
1968,여자,50대,주부,대학교 졸업(전문대졸/대학원생 포함),서울특별시,2세대가족,기혼,맞벌이 하지 않음,500-600만원 미만,1,0.4417910447761192,0.5077038707252911,0.4705561613958562,0.8237022526934379,0.4371335504885993,0.2447066990628254,0.2869565217391302,건강 추구형 소비자,가격이나 브랜드에 크게 구애받지 않고 건강을 최우선으로 고려하는 프리미엄 소비자 그룹입니다. 건강과 편리성을 모두 만족시키는 제품에 기꺼이 지갑을 엽니다.
1969,여자,50대,서비스 종사자,고졸(대학 재학 포함),부산광역시,2세대가족,기혼,맞벌이 함,300-400만원 미만,3,0.7746268656716419,0.7933107854190153,0.3634133042529991,0.8824681684622918,0.4270358306188927,0.4321416174939255,0.417391304347826,트렌드 주도형 소비자,"자신의 취향과 경험을 중시하는 소비자 그룹입니다. 단순히 배를 채우는 것 이상의 가치를 추구하며, 새로운 제품을 가장 먼저 경험하고 공유하려는 경향이 강합니다"
1970,남자,50대,장치·기계 조작 및 조립 종사자,고졸(대학 재학 포함),경기도,1인 가구,미혼(사별/이혼 포함),맞벌이 하지 않음,300-400만원 미만,1,0.6716417910447761,0.3761743705373919,0.7598146128680479,0.8237022526934379,0.5895765472312706,0.4165220409580004,0.1695652173913041,건강 추구형 소비자,가격이나 브랜드에 크게 구애받지 않고 건강을 최우선으로 고려하는 프리미엄 소비자 그룹입니다. 건강과 편리성을 모두 만족시키는 제품에 기꺼이 지갑을 엽니다.
1971,남자,30대,전문가 및 관련 종사자,대학원 졸업 이상,부산광역시,1인 가구,미혼(사별/이혼 포함),맞벌이 하지 않음,300-400만원 미만,0,0.3044776119402984,0.5077038707252911,0.4056706652126499,0.8432908912830556,0.3309446254071662,0.384935786185352,0.5608695652173911,실속형 미식가,편리성을 중시하면서도 새로운 맛과 제품을 시도하는 데 적극적인 소비자 그룹입니다. 가격에 민감하기보다는 효율성과 맛을 동시에 추구합니다.
1972,여자,30대,판매 종사자,대학교 졸업(전문대졸/대학원생 포함),경기도,1세대가족,기혼,맞벌이 함,600-700만원 미만,0,0.4402985074626864,0.8609545283727918,0.2974372955288981,0.9216454456415274,0.1872964169381109,0.3644567858382503,0.3304347826086955,실속형 미식가,편리성을 중시하면서도 새로운 맛과 제품을 시도하는 데 적극적인 소비자 그룹입니다. 가격에 민감하기보다는 효율성과 맛을 동시에 추구합니다.
1973,여자,60대 이상,서비스 종사자,고졸(대학 재학 포함),경기도,1세대가족,기혼,맞벌이 함,200-300만원 미만,1,0.5440298507462686,0.4186396091694853,0.725190839694656,0.8237022526934379,0.4964169381107492,0.3804234640749735,0.3782608695652173,건강 추구형 소비자,가격이나 브랜드에 크게 구애받지 않고 건강을 최우선으로 고려하는 프리미엄 소비자 그룹입니다. 건강과 편리성을 모두 만족시키는 제품에 기꺼이 지갑을 엽니다.
1974,여자,40대,사무 종사자,대학교 졸업(전문대졸/대학원생 포함),경기도,2세대가족,기혼,맞벌이 함,600-700만원 미만,0,0.1835820895522388,0.8008267568583238,0.2284623773173391,0.7845249755142015,0.1667752442996742,0.3838944810829572,0.3521739130434779,실속형 미식가,편리성을 중시하면서도 새로운 맛과 제품을 시도하는 데 적극적인 소비자 그룹입니다. 가격에 민감하기보다는 효율성과 맛을 동시에 추구합니다.
1975,여자,50대,기능원 및 관련 기능 종사자,고졸(대학 재학 포함),부산광역시,2세대가족,기혼,맞벌이 함,300-400만원 미만,3,0.8582089552238805,0.7068771138669673,0.3811341330425298,0.9216454456415274,0.4788273615635182,0.4734467198889271,0.5173913043478258,트렌드 주도형 소비자,"자신의 취향과 경험을 중시하는 소비자 그룹입니다. 단순히 배를 채우는 것 이상의 가치를 추구하며, 새로운 제품을 가장 먼저 경험하고 공유하려는 경향이 강합니다"
1976,여자,60대 이상,주부,대학교 졸업(전문대졸/대학원생 포함),경기도,1세대가족,기혼,맞벌이 하지 않음,400-500만원 미만,0,0.317910447761194,0.5603156708004507,0.1774809160305341,0.8237022526934379,0.1625407166123779,0.2485248177716068,0.5739130434782607,실속형 미식가,편리성을 중시하면서도 새로운 맛과 제품을 시도하는 데 적극적인 소비자 그룹입니다. 가격에 민감하기보다는 효율성과 맛을 동시에 추구합니다.
1977,여자,30대,전문가 및 관련 종사자,대학교 졸업(전문대졸/대학원생 포함),경상남도,1세대가족,기혼,맞벌이 함,800-900만원 미만,1,0.5261194029850745,0.3836903419767003,0.7527262813522357,0.8237022526934379,0.6540716612377849,0.369316209649427,0.1217391304347824,건강 추구형 소비자,가격이나 브랜드에 크게 구애받지 않고 건강을 최우선으로 고려하는 프리미엄 소비자 그룹입니다. 건강과 편리성을 모두 만족시키는 제품에 기꺼이 지갑을 엽니다.
1978,남자,60대 이상,판매 종사자,고졸(대학 재학 포함),경상남도,1인 가구,미혼(사별/이혼 포함),맞벌이 하지 않음,200-300만원 미만,1,0.4589552238805971,0.3912063134160088,0.6872955288985823,0.8628795298726734,0.760586319218241,0.346407497396737,0.0695652173913042,건강 추구형 소비자,가격이나 브랜드에 크게 구애받지 않고 건강을 최우선으로 고려하는 프리미엄 소비자 그룹입니다. 건강과 편리성을 모두 만족시키는 제품에 기꺼이 지갑을 엽니다.
1979,여자,60대 이상,서비스 종사자,고졸(대학 재학 포함),경기도,1세대가족,기혼,맞벌이 함,400-500만원 미만,0,0.1567164179104479,0.5001878992859826,0.2461832061068705,0.8432908912830556,0.3016286644951144,0.3141270392224921,0.4130434782608693,실속형 미식가,편리성을 중시하면서도 새로운 맛과 제품을 시도하는 데 적극적인 소비자 그룹입니다. 가격에 민감하기보다는 효율성과 맛을 동시에 추구합니다.
1980,여자,30대,주부,대학교 졸업(전문대졸/대학원생 포함),인천광역시,2세대가족,기혼,맞벌이 하지 않음,500-600만원 미만,1,0.5156716417910449,0.4674934235249907,0.7328244274809157,0.8432908912830556,0.6657980456026057,0.2256161055189169,0.1391304347826087,건강 추구형 소비자,가격이나 브랜드에 크게 구애받지 않고 건강을 최우선으로 고려하는 프리미엄 소비자 그룹입니다. 건강과 편리성을 모두 만족시키는 제품에 기꺼이 지갑을 엽니다.
1981,여자,60대 이상,주부,고졸(대학 재학 포함),경기도,1세대가족,기혼,맞벌이 하지 않음,200-300만원 미만,0,0.1567164179104479,0.408117249154453,0.3429661941112324,0.7600391772771787,0.3690553745928339,0.363068379035057,0.3782608695652173,실속형 미식가,편리성을 중시하면서도 새로운 맛과 제품을 시도하는 데 적극적인 소비자 그룹입니다. 가격에 민감하기보다는 효율성과 맛을 동시에 추구합니다.
1982,여자,40대,서비스 종사자,대학교 졸업(전문대졸/대학원생 포함),서울특별시,2세대가족,기혼,맞벌이 함,500-600만원 미만,0,0.3843283582089553,0.5678316422397591,0.5883315158124318,0.8824681684622918,0.3218241042345277,0.2690038181187085,0.4969565217391303,실속형 미식가,편리성을 중시하면서도 새로운 맛과 제품을 시도하는 데 적극적인 소비자 그룹입니다. 가격에 민감하기보다는 효율성과 맛을 동시에 추구합니다.
1983,여자,30대,서비스 종사자,대학교 졸업(전문대졸/대학원생 포함),경상남도,1인 가구,미혼(사별/이혼 포함),맞벌이 하지 않음,300-400만원 미만,1,0.6119402985074629,0.3987222848553172,0.7126499454743727,0.8628795298726734,0.7599348534201953,0.3228045817424505,0.060869565217391,건강 추구형 소비자,가격이나 브랜드에 크게 구애받지 않고 건강을 최우선으로 고려하는 프리미엄 소비자 그룹입니다. 건강과 편리성을 모두 만족시키는 제품에 기꺼이 지갑을 엽니다.
1984,여자,60대 이상,주부,고졸(대학 재학 포함),경기도,2세대가족,기혼,맞벌이 하지 않음,600-700만원 미만,1,0.4052238805970148,0.3761743705373919,0.5741548527808069,0.8432908912830556,0.4504885993485341,0.2856646997570284,0.4565217391304347,건강 추구형 소비자,가격이나 브랜드에 크게 구애받지 않고 건강을 최우선으로 고려하는 프리미엄 소비자 그룹입니다. 건강과 편리성을 모두 만족시키는 제품에 기꺼이 지갑을 엽니다.
1985,여자,60대 이상,서비스 종사자,고졸(대학 재학 포함),서울특별시,1인 가구,미혼(사별/이혼 포함),맞벌이 하지 않음,200-300만원 미만,1,0.4328358208955225,0.5114618564449454,0.5733369683751366,0.8041136141038193,0.3872964169381109,0.208261020479,0.4317391304347825,건강 추구형 소비자,가격이나 브랜드에 크게 구애받지 않고 건강을 최우선으로 고려하는 프리미엄 소비자 그룹입니다. 건강과 편리성을 모두 만족시키는 제품에 기꺼이 지갑을 엽니다.
1986,여자,60대 이상,주부,고졸(대학 재학 포함),광주광역시,2세대가족,기혼,맞벌이 하지 않음,600-700만원 미만,0,0.2649253731343282,0.6084178880120257,0.4370229007633584,0.8383937316356512,0.249185667752443,0.625824366539396,0.3217391304347824,실속형 미식가,편리성을 중시하면서도 새로운 맛과 제품을 시도하는 데 적극적인 소비자 그룹입니다. 가격에 민감하기보다는 효율성과 맛을 동시에 추구합니다.
1987,여자,50대,주부,대학교 졸업(전문대졸/대학원생 포함),인천광역시,2세대가족,기혼,맞벌이 하지 않음,600-700만원 미만,3,0.5597014925373136,0.394964299135663,0.3854961832061065,0.7649363369245838,0.3895765472312707,0.1919472405414786,0.8391304347826085,트렌드 주도형 소비자,"자신의 취향과 경험을 중시하는 소비자 그룹입니다. 단순히 배를 채우는 것 이상의 가치를 추구하며, 새로운 제품을 가장 먼저 경험하고 공유하려는 경향이 강합니다"
1988,여자,30대,판매 종사자,대학교 졸업(전문대졸/대학원생 포함),경상남도,1인 가구,미혼(사별/이혼 포함),맞벌이 하지 않음,200-300만원 미만,1,0.4477611940298506,0.3836903419767003,0.7001090512540893,0.8432908912830556,0.6384364820846904,0.3075321069073236,0.0782608695652173,건강 추구형 소비자,가격이나 브랜드에 크게 구애받지 않고 건강을 최우선으로 고려하는 프리미엄 소비자 그룹입니다. 건강과 편리성을 모두 만족시키는 제품에 기꺼이 지갑을 엽니다.
1989,여자,60대 이상,주부,고졸(대학 재학 포함),광주광역시,1세대가족,기혼,맞벌이 하지 않음,100-200만원 미만,0,0.0820895522388059,0.4569710635099583,0.14721919302072,0.8188050930460328,0.1889250814332249,0.3804234640749735,0.4130434782608693,실속형 미식가,편리성을 중시하면서도 새로운 맛과 제품을 시도하는 데 적극적인 소비자 그룹입니다. 가격에 민감하기보다는 효율성과 맛을 동시에 추구합니다.
1990,여자,60대 이상,서비스 종사자,중졸 이하,경기도,1인 가구,미혼(사별/이혼 포함),맞벌이 하지 않음,100-200만원 미만,0,0.1835820895522388,0.4287861706125515,0.4923664122137403,0.7649363369245838,0.32442996742671,0.4720583130857338,0.4304347826086956,실속형 미식가,편리성을 중시하면서도 새로운 맛과 제품을 시도하는 데 적극적인 소비자 그룹입니다. 가격에 민감하기보다는 효율성과 맛을 동시에 추구합니다.
1991,여자,40대,판매 종사자,고졸(대학 재학 포함),서울특별시,1세대가족,기혼,맞벌이 함,600-700만원 미만,3,0.6074626865671644,0.549041713641488,0.4359323882224646,0.8628795298726734,0.4605863192182413,0.2283929191253036,0.3665217391304347,트렌드 주도형 소비자,"자신의 취향과 경험을 중시하는 소비자 그룹입니다. 단순히 배를 채우는 것 이상의 가치를 추구하며, 새로운 제품을 가장 먼저 경험하고 공유하려는 경향이 강합니다"
1992,여자,60대 이상,판매 종사자,고졸(대학 재학 포함),인천광역시,1세대가족,기혼,맞벌이 함,500-600만원 미만,0,0.1067164179104478,0.5302517850432169,0.3792257360959648,0.7649363369245838,0.2716612377850163,0.2127733425893785,0.626086956521739,실속형 미식가,편리성을 중시하면서도 새로운 맛과 제품을 시도하는 데 적극적인 소비자 그룹입니다. 가격에 민감하기보다는 효율성과 맛을 동시에 추구합니다.
1993,여자,40대,판매 종사자,대학교 졸업(전문대졸/대학원생 포함),인천광역시,1인 가구,미혼(사별/이혼 포함),맞벌이 하지 않음,300-400만원 미만,1,0.606716417910448,0.6054114994363019,0.6327699018538708,0.9608227228207636,0.7091205211726385,0.3467545990975352,0.0739130434782609,건강 추구형 소비자,가격이나 브랜드에 크게 구애받지 않고 건강을 최우선으로 고려하는 프리미엄 소비자 그룹입니다. 건강과 편리성을 모두 만족시키는 제품에 기꺼이 지갑을 엽니다.
1994,여자,30대,사무 종사자,대학교 졸업(전문대졸/대학원생 포함),서울특별시,1세대가족,기혼,맞벌이 함,600-700만원 미만,3,0.6276119402985075,0.5802329951146183,0.3593238822246458,0.8824681684622918,0.3944625407166123,0.2197153766053451,0.3608695652173911,트렌드 주도형 소비자,"자신의 취향과 경험을 중시하는 소비자 그룹입니다. 단순히 배를 채우는 것 이상의 가치를 추구하며, 새로운 제품을 가장 먼저 경험하고 공유하려는 경향이 강합니다"
1995,여자,50대,서비스 종사자,대학교 졸업(전문대졸/대학원생 포함),제주특별자치도,2세대가족,기혼,맞벌이 함,500-600만원 미만,0,0.2880597014925374,0.4363021420518599,0.3587786259541981,0.7649363369245838,0.2364820846905536,0.4842068726136757,0.3478260869565215,실속형 미식가,편리성을 중시하면서도 새로운 맛과 제품을 시도하는 데 적극적인 소비자 그룹입니다. 가격에 민감하기보다는 효율성과 맛을 동시에 추구합니다.
1996,여자,60대 이상,서비스 종사자,고졸(대학 재학 포함),경상남도,1세대가족,기혼,맞벌이 함,400-500만원 미만,1,0.4328358208955225,0.3987222848553172,0.6537622682660853,0.8237022526934379,0.6872964169381107,0.3550850399166956,0.0173913043478259,건강 추구형 소비자,가격이나 브랜드에 크게 구애받지 않고 건강을 최우선으로 고려하는 프리미엄 소비자 그룹입니다. 건강과 편리성을 모두 만족시키는 제품에 기꺼이 지갑을 엽니다.
1997,여자,50대,기능원 및 관련 기능 종사자,고졸(대학 재학 포함),경기도,2세대가족,기혼,맞벌이 함,500-600만원 미만,0,0.2910447761194031,0.5264937993235627,0.5351690294438385,0.8432908912830556,0.3299674267100979,0.4352655328011107,0.5608695652173911,실속형 미식가,편리성을 중시하면서도 새로운 맛과 제품을 시도하는 데 적극적인 소비자 그룹입니다. 가격에 민감하기보다는 효율성과 맛을 동시에 추구합니다.
1998,여자,30대,사무 종사자,대학교 졸업(전문대졸/대학원생 포함),경상남도,1인 가구,미혼(사별/이혼 포함),맞벌이 하지 않음,200-300만원 미만,1,0.5671641791044775,0.3836903419767003,0.6777535441657576,0.8237022526934379,0.7013029315960913,0.2724748351266919,0.060869565217391,건강 추구형 소비자,가격이나 브랜드에 크게 구애받지 않고 건강을 최우선으로 고려하는 프리미엄 소비자 그룹입니다. 건강과 편리성을 모두 만족시키는 제품에 기꺼이 지갑을 엽니다.
1999,여자,60대 이상,주부,고졸(대학 재학 포함),서울특별시,1세대가족,기혼,맞벌이 하지 않음,300-400만원 미만,1,0.4567164179104477,0.534009770762871,0.6872955288985823,0.8432908912830556,0.4143322475570033,0.2933009371745921,0.3143478260869565,건강 추구형 소비자,가격이나 브랜드에 크게 구애받지 않고 건강을 최우선으로 고려하는 프리미엄 소비자 그룹입니다. 건강과 편리성을 모두 만족시키는 제품에 기꺼이 지갑을 엽니다.
2000,여자,40대,사무 종사자,대학교 졸업(전문대졸/대학원생 포함),경기도,2세대가족,기혼,맞벌이 함,600-700만원 미만,0,0.2955223880597016,0.4926719278466742,0.5858778625954193,0.8432908912830556,0.3710097719869709,0.5286358903158624,0.4695652173913042,실속형 미식가,편리성을 중시하면서도 새로운 맛과 제품을 시도하는 데 적극적인 소비자 그룹입니다. 가격에 민감하기보다는 효율성과 맛을 동시에 추구합니다.
2001,남자,50대,단순노무 종사자,대학교 졸업(전문대졸/대학원생 포함),제주특별자치도,1인 가구,미혼(사별/이혼 포함),맞벌이 하지 않음,200-300만원 미만,0,0.332089552238806,0.5046974821495678,0.1344056706652123,0.6787463271302638,0.2557003257328993,0.369316209649427,0.4217391304347824,실속형 미식가,편리성을 중시하면서도 새로운 맛과 제품을 시도하는 데 적극적인 소비자 그룹입니다. 가격에 민감하기보다는 효율성과 맛을 동시에 추구합니다.
2002,여자,50대,판매 종사자,고졸(대학 재학 포함),부산광역시,2세대가족,기혼,맞벌이 함,300-400만원 미만,3,0.8828358208955226,0.6956031567080042,0.3642311886586696,0.8432908912830556,0.4537459283387622,0.3932662270045121,0.5999999999999999,트렌드 주도형 소비자,"자신의 취향과 경험을 중시하는 소비자 그룹입니다. 단순히 배를 채우는 것 이상의 가치를 추구하며, 새로운 제품을 가장 먼저 경험하고 공유하려는 경향이 강합니다"
2003,여자,50대,판매 종사자,고졸(대학 재학 포함),경기도,2세대가족,기혼,맞벌이 함,700-800만원 미만,1,0.5895522388059702,0.5264937993235627,0.7082878953107958,0.8628795298726734,0.3843648208469056,0.2672683096147167,0.2347826086956519,건강 추구형 소비자,가격이나 브랜드에 크게 구애받지 않고 건강을 최우선으로 고려하는 프리미엄 소비자 그룹입니다. 건강과 편리성을 모두 만족시키는 제품에 기꺼이 지갑을 엽니다.
2004,여자,60대 이상,주부,고졸(대학 재학 포함),경기도,1세대가족,기혼,맞벌이 하지 않음,200-300만원 미만,0,0.2022388059701494,0.477639984968057,0.4528353326063248,0.8237022526934379,0.3325732899022802,0.5102395001735507,0.4086956521739129,실속형 미식가,편리성을 중시하면서도 새로운 맛과 제품을 시도하는 데 적극적인 소비자 그룹입니다. 가격에 민감하기보다는 효율성과 맛을 동시에 추구합니다.
2005,여자,30대,서비스 종사자,대학교 졸업(전문대졸/대학원생 포함),경기도,1세대가족,기혼,맞벌이 함,400-500만원 미만,3,0.5171641791044778,0.4964299135663284,0.4214830970556162,0.8824681684622918,0.3234527687296418,0.3144741409232902,0.2956521739130433,트렌드 주도형 소비자,"자신의 취향과 경험을 중시하는 소비자 그룹입니다. 단순히 배를 채우는 것 이상의 가치를 추구하며, 새로운 제품을 가장 먼저 경험하고 공유하려는 경향이 강합니다"
2006,남자,30대,전문가 및 관련 종사자,대학교 졸업(전문대졸/대학원생 포함),제주특별자치도,1인 가구,미혼(사별/이혼 포함),맞벌이 하지 않음,700-800만원 미만,0,0.5283582089552238,0.6223224351747462,0.191657579062159,0.740450538687561,0.3120521172638439,0.3259284970496353,0.217391304347826,실속형 미식가,편리성을 중시하면서도 새로운 맛과 제품을 시도하는 데 적극적인 소비자 그룹입니다. 가격에 민감하기보다는 효율성과 맛을 동시에 추구합니다.
2007,여자,60대 이상,서비스 종사자,고졸(대학 재학 포함),경기도,1세대가족,기혼,맞벌이 함,400-500만원 미만,1,0.2194029850746267,0.4588500563697856,0.6169574700109053,0.8237022526934379,0.2358306188925083,0.4463727872266573,0.2739130434782606,건강 추구형 소비자,가격이나 브랜드에 크게 구애받지 않고 건강을 최우선으로 고려하는 프리미엄 소비자 그룹입니다. 건강과 편리성을 모두 만족시키는 제품에 기꺼이 지갑을 엽니다.
2008,여자,60대 이상,주부,고졸(대학 재학 포함),광주광역시,1세대가족,기혼,맞벌이 하지 않음,200-300만원 미만,0,0.2432835820895524,0.4656144306651634,0.1480370774263904,0.7992164544564151,0.1941368078175895,0.3689691079486288,0.4652173913043476,실속형 미식가,편리성을 중시하면서도 새로운 맛과 제품을 시도하는 데 적극적인 소비자 그룹입니다. 가격에 민감하기보다는 효율성과 맛을 동시에 추구합니다.
2009,여자,60대 이상,판매 종사자,고졸(대학 재학 포함),경기도,1세대가족,기혼,맞벌이 함,500-600만원 미만,1,0.4723880597014926,0.4400601277715145,0.5992366412213739,0.8628795298726734,0.4856677524429968,0.2894828184658103,0.3086956521739128,건강 추구형 소비자,가격이나 브랜드에 크게 구애받지 않고 건강을 최우선으로 고려하는 프리미엄 소비자 그룹입니다. 건강과 편리성을 모두 만족시키는 제품에 기꺼이 지갑을 엽니다.
2010,여자,50대,서비스 종사자,고졸(대학 재학 포함),부산광역시,2세대가족,기혼,맞벌이 함,200-300만원 미만,3,0.8283582089552239,0.6993611424276588,0.3470556161395858,0.941234084231146,0.4071661237785018,0.2707393266227004,0.5217391304347825,트렌드 주도형 소비자,"자신의 취향과 경험을 중시하는 소비자 그룹입니다. 단순히 배를 채우는 것 이상의 가치를 추구하며, 새로운 제품을 가장 먼저 경험하고 공유하려는 경향이 강합니다"
2011,남자,50대,판매 종사자,고졸(대학 재학 포함),광주광역시,1세대가족,기혼,맞벌이 함,400-500만원 미만,3,0.4820895522388058,0.7219090567455841,0.4683751363140678,0.8041136141038193,0.4319218241042348,0.4626865671641791,0.2739130434782606,트렌드 주도형 소비자,"자신의 취향과 경험을 중시하는 소비자 그룹입니다. 단순히 배를 채우는 것 이상의 가치를 추구하며, 새로운 제품을 가장 먼저 경험하고 공유하려는 경향이 강합니다"
2012,여자,60대 이상,주부,고졸(대학 재학 포함),경기도,1세대가족,기혼,맞벌이 하지 않음,200-300만원 미만,1,0.312686567164179,0.4438181134911688,0.6175027262813522,0.8237022526934379,0.2488599348534202,0.4651162790697671,0.3999999999999997,건강 추구형 소비자,가격이나 브랜드에 크게 구애받지 않고 건강을 최우선으로 고려하는 프리미엄 소비자 그룹입니다. 건강과 편리성을 모두 만족시키는 제품에 기꺼이 지갑을 엽니다.
2013,여자,60대 이상,주부,고졸(대학 재학 포함),인천광역시,1세대가족,기혼,맞벌이 하지 않음,200-300만원 미만,1,0.3701492537313433,0.4175122134535888,0.4716466739367501,0.8041136141038193,0.374267100977199,0.2950364456785835,0.2391304347826087,건강 추구형 소비자,가격이나 브랜드에 크게 구애받지 않고 건강을 최우선으로 고려하는 프리미엄 소비자 그룹입니다. 건강과 편리성을 모두 만족시키는 제품에 기꺼이 지갑을 엽니다.
2014,남자,60대 이상,판매 종사자,고졸(대학 재학 포함),광주광역시,1세대가족,기혼,맞벌이 함,300-400만원 미만,0,0.1708955223880596,0.5257422021796317,0.1254089422028353,0.7796278158667972,0.2504885993485342,0.5310656022214505,0.317391304347826,실속형 미식가,편리성을 중시하면서도 새로운 맛과 제품을 시도하는 데 적극적인 소비자 그룹입니다. 가격에 민감하기보다는 효율성과 맛을 동시에 추구합니다.
2015,여자,50대,서비스 종사자,고졸(대학 재학 포함),인천광역시,2세대가족,기혼,맞벌이 함,500-600만원 미만,0,0.1940298507462687,0.3836903419767003,0.4375681570338062,0.8432908912830556,0.1061889250814331,0.1318986463033667,0.3043478260869564,실속형 미식가,편리성을 중시하면서도 새로운 맛과 제품을 시도하는 데 적극적인 소비자 그룹입니다. 가격에 민감하기보다는 효율성과 맛을 동시에 추구합니다.
2016,남자,50대,사무 종사자,대학교 졸업(전문대졸/대학원생 포함),광주광역시,2세대가족,미혼(사별/이혼 포함),맞벌이 하지 않음,500-600만원 미만,3,0.5007462686567165,0.6741826381059752,0.4282988004362049,0.8432908912830556,0.3456026058631925,0.3793821589725787,0.4913043478260865,트렌드 주도형 소비자,"자신의 취향과 경험을 중시하는 소비자 그룹입니다. 단순히 배를 채우는 것 이상의 가치를 추구하며, 새로운 제품을 가장 먼저 경험하고 공유하려는 경향이 강합니다"
2017,여자,40대,사무 종사자,고졸(대학 재학 포함),광주광역시,2세대가족,기혼,맞벌이 함,400-500만원 미만,0,0.4746268656716416,0.4934235249906051,0.131679389312977,0.7179236043095001,0.3179153094462543,0.4130510239500171,0.4999999999999998,실속형 미식가,편리성을 중시하면서도 새로운 맛과 제품을 시도하는 데 적극적인 소비자 그룹입니다. 가격에 민감하기보다는 효율성과 맛을 동시에 추구합니다.
2018,여자,20대,사무 종사자,대학교 졸업(전문대졸/대학원생 포함),광주광역시,1세대가족,미혼(사별/이혼 포함),맞벌이 하지 않음,300-400만원 미만,3,0.5261194029850745,0.6242014280345735,0.4670119956379497,0.8824681684622918,0.3631921824104236,0.4442901770218673,0.3217391304347824,트렌드 주도형 소비자,"자신의 취향과 경험을 중시하는 소비자 그룹입니다. 단순히 배를 채우는 것 이상의 가치를 추구하며, 새로운 제품을 가장 먼저 경험하고 공유하려는 경향이 강합니다"
2019,여자,40대,사무 종사자,대학교 졸업(전문대졸/대학원생 포함),인천광역시,2세대가족,기혼,맞벌이 함,600-700만원 미만,1,0.626865671641791,0.4024802705749719,0.7426390403489642,0.8237022526934379,0.713355048859935,0.3425893786879552,0.0826086956521737,건강 추구형 소비자,가격이나 브랜드에 크게 구애받지 않고 건강을 최우선으로 고려하는 프리미엄 소비자 그룹입니다. 건강과 편리성을 모두 만족시키는 제품에 기꺼이 지갑을 엽니다.
2020,남자,50대,사무 종사자,고졸(대학 재학 포함),광주광역시,2세대가족,기혼,맞벌이 함,400-500만원 미만,0,0.4402985074626864,0.5678316422397591,0.4473827699018535,0.8237022526934379,0.3413680781758957,0.2204095800069418,0.5173913043478258,실속형 미식가,편리성을 중시하면서도 새로운 맛과 제품을 시도하는 데 적극적인 소비자 그룹입니다. 가격에 민감하기보다는 효율성과 맛을 동시에 추구합니다.
2021,남자,60대 이상,기능원 및 관련 기능 종사자,고졸(대학 재학 포함),서울특별시,1세대가족,기혼,맞벌이 하지 않음,200-300만원 미만,3,0.6716417910447761,0.5527996993611421,0.3028898582333695,0.8041136141038193,0.3925081433224759,0.208261020479,0.7565217391304344,트렌드 주도형 소비자,"자신의 취향과 경험을 중시하는 소비자 그룹입니다. 단순히 배를 채우는 것 이상의 가치를 추구하며, 새로운 제품을 가장 먼저 경험하고 공유하려는 경향이 강합니다"
2022,여자,60대 이상,판매 종사자,고졸(대학 재학 포함),인천광역시,1인 가구,미혼(사별/이혼 포함),맞벌이 하지 않음,200-300만원 미만,1,0.3902985074626864,0.5114618564449454,0.6281352235550706,0.8041136141038193,0.3918566775244301,0.4002082610204787,0.2565217391304346,건강 추구형 소비자,가격이나 브랜드에 크게 구애받지 않고 건강을 최우선으로 고려하는 프리미엄 소비자 그룹입니다. 건강과 편리성을 모두 만족시키는 제품에 기꺼이 지갑을 엽니다.
2023,여자,40대,주부,대학교 졸업(전문대졸/대학원생 포함),인천광역시,2세대가족,기혼,맞벌이 하지 않음,700-800만원 미만,1,0.3529850746268655,0.4663660278090942,0.7281897491821157,0.8628795298726734,0.2745928338762215,0.3484901076015271,0.1173913043478259,건강 추구형 소비자,가격이나 브랜드에 크게 구애받지 않고 건강을 최우선으로 고려하는 프리미엄 소비자 그룹입니다. 건강과 편리성을 모두 만족시키는 제품에 기꺼이 지갑을 엽니다.
2024,남자,60대 이상,판매 종사자,고졸(대학 재학 포함),부산광역시,1세대가족,기혼,맞벌이 하지 않음,200-300만원 미만,0,0.4186567164179104,0.4889139421270199,0.2543620501635772,0.8824681684622918,0.3302931596091208,0.3092676154113154,0.5304347826086953,실속형 미식가,편리성을 중시하면서도 새로운 맛과 제품을 시도하는 데 적극적인 소비자 그룹입니다. 가격에 민감하기보다는 효율성과 맛을 동시에 추구합니다.
2025,여자,60대 이상,서비스 종사자,대학교 졸업(전문대졸/대학원생 포함),울산광역시,1인 가구,미혼(사별/이혼 포함),맞벌이 하지 않음,400-500만원 미만,3,0.5746268656716418,0.4175122134535888,0.449018538713195,0.7257590597453475,0.3762214983713354,0.2933009371745921,0.4478260869565216,트렌드 주도형 소비자,"자신의 취향과 경험을 중시하는 소비자 그룹입니다. 단순히 배를 채우는 것 이상의 가치를 추구하며, 새로운 제품을 가장 먼저 경험하고 공유하려는 경향이 강합니다"
2026,여자,50대,서비스 종사자,대학교 졸업(전문대졸/대학원생 포함),울산광역시,2세대가족,기혼,맞벌이 함,400-500만원 미만,0,0.1440298507462687,0.6016535137166477,0.4182115594329333,0.8432908912830556,0.2485342019543977,0.2846233946546337,0.452173913043478,실속형 미식가,편리성을 중시하면서도 새로운 맛과 제품을 시도하는 데 적극적인 소비자 그룹입니다. 가격에 민감하기보다는 효율성과 맛을 동시에 추구합니다.
2027,남자,50대,사무 종사자,대학교 졸업(전문대졸/대학원생 포함),울산광역시,2세대가족,기혼,맞벌이 함,400-500만원 미만,0,0.3529850746268655,0.6253288237504695,0.4563794983642313,0.8628795298726734,0.3097719869706841,0.2360291565428669,0.4130434782608693,실속형 미식가,편리성을 중시하면서도 새로운 맛과 제품을 시도하는 데 적극적인 소비자 그룹입니다. 가격에 민감하기보다는 효율성과 맛을 동시에 추구합니다.
2028,여자,30대,사무 종사자,대학교 졸업(전문대졸/대학원생 포함),울산광역시,1세대가족,기혼,맞벌이 함,500-600만원 미만,0,0.4126865671641791,0.5640736565201049,0.1474918211559435,0.6865817825661112,0.2104234527687299,0.1995834779590418,0.5086956521739129,실속형 미식가,편리성을 중시하면서도 새로운 맛과 제품을 시도하는 데 적극적인 소비자 그룹입니다. 가격에 민감하기보다는 효율성과 맛을 동시에 추구합니다.
2029,여자,50대,사무 종사자,대학교 졸업(전문대졸/대학원생 포함),울산광역시,1세대가족,기혼,맞벌이 함,500-600만원 미만,0,0.2835820895522388,0.5753476136790681,0.3835877862595416,0.7649363369245838,0.2964169381107494,0.3238458868448454,0.4782608695652171,실속형 미식가,편리성을 중시하면서도 새로운 맛과 제품을 시도하는 데 적극적인 소비자 그룹입니다. 가격에 민감하기보다는 효율성과 맛을 동시에 추구합니다.
2030,여자,40대,서비스 종사자,대학교 졸업(전문대졸/대학원생 포함),울산광역시,1세대가족,기혼,맞벌이 함,500-600만원 미만,0,0.2671641791044775,0.6242014280345735,0.3091603053435112,0.7257590597453475,0.2195439739413684,0.4019437695244705,0.4217391304347824,실속형 미식가,편리성을 중시하면서도 새로운 맛과 제품을 시도하는 데 적극적인 소비자 그룹입니다. 가격에 민감하기보다는 효율성과 맛을 동시에 추구합니다.
2031,여자,60대 이상,판매 종사자,대학교 졸업(전문대졸/대학원생 포함),경상남도,2세대가족,기혼,맞벌이 함,500-600만원 미만,3,0.9365671641791044,0.477639984968057,0.3437840785169029,0.8237022526934379,0.4478827361563519,0.4064560916348486,0.9099999999999996,트렌드 주도형 소비자,"자신의 취향과 경험을 중시하는 소비자 그룹입니다. 단순히 배를 채우는 것 이상의 가치를 추구하며, 새로운 제품을 가장 먼저 경험하고 공유하려는 경향이 강합니다"
2032,여자,40대,판매 종사자,대학교 졸업(전문대졸/대학원생 포함),경상남도,2세대가족,기혼,맞벌이 함,500-600만원 미만,3,1.0,0.3912063134160088,0.2265539803707741,0.8432908912830556,0.4690553745928339,0.3359944463727871,0.969565217391304,트렌드 주도형 소비자,"자신의 취향과 경험을 중시하는 소비자 그룹입니다. 단순히 배를 채우는 것 이상의 가치를 추구하며, 새로운 제품을 가장 먼저 경험하고 공유하려는 경향이 강합니다"
2033,여자,50대,판매 종사자,고졸(대학 재학 포함),부산광역시,2세대가족,기혼,맞벌이 함,500-600만원 미만,3,0.924626865671642,0.4175122134535888,0.3320610687022897,0.8432908912830556,0.4273615635179156,0.3783408538701835,0.969565217391304,트렌드 주도형 소비자,"자신의 취향과 경험을 중시하는 소비자 그룹입니다. 단순히 배를 채우는 것 이상의 가치를 추구하며, 새로운 제품을 가장 먼저 경험하고 공유하려는 경향이 강합니다"
2034,여자,50대,판매 종사자,고졸(대학 재학 포함),부산광역시,2세대가족,기혼,맞벌이 함,400-500만원 미만,3,0.7216417910447761,0.4325441563322056,0.3184296619411125,0.8628795298726734,0.3517915309446253,0.421381464769177,0.9999999999999998,트렌드 주도형 소비자,"자신의 취향과 경험을 중시하는 소비자 그룹입니다. 단순히 배를 채우는 것 이상의 가치를 추구하며, 새로운 제품을 가장 먼저 경험하고 공유하려는 경향이 강합니다"
2035,여자,50대,판매 종사자,고졸(대학 재학 포함),부산광역시,2세대가족,기혼,맞벌이 함,500-600만원 미만,3,0.8589552238805971,0.4175122134535888,0.3301526717557249,0.8432908912830556,0.4361563517915311,0.3783408538701835,0.9608695652173908,트렌드 주도형 소비자,"자신의 취향과 경험을 중시하는 소비자 그룹입니다. 단순히 배를 채우는 것 이상의 가치를 추구하며, 새로운 제품을 가장 먼저 경험하고 공유하려는 경향이 강합니다"
2036,여자,50대,판매 종사자,고졸(대학 재학 포함),부산광역시,2세대가족,기혼,맞벌이 함,500-600만원 미만,3,0.8373134328358212,0.4062382562946261,0.2565430752453656,0.8628795298726734,0.4413680781758957,0.3353002429711905,0.9391304347826086,트렌드 주도형 소비자,"자신의 취향과 경험을 중시하는 소비자 그룹입니다. 단순히 배를 채우는 것 이상의 가치를 추구하며, 새로운 제품을 가장 먼저 경험하고 공유하려는 경향이 강합니다"
2037,남자,50대,판매 종사자,고졸(대학 재학 포함),부산광역시,2세대가족,기혼,맞벌이 함,400-500만원 미만,3,0.6074626865671644,0.3919579105599396,0.3737731733914942,0.7571008814887363,0.4355048859934853,0.2596320721971534,0.969565217391304,트렌드 주도형 소비자,"자신의 취향과 경험을 중시하는 소비자 그룹입니다. 단순히 배를 채우는 것 이상의 가치를 추구하며, 새로운 제품을 가장 먼저 경험하고 공유하려는 경향이 강합니다"
2038,여자,30대,주부,대학교 졸업(전문대졸/대학원생 포함),부산광역시,2세대가족,기혼,맞벌이 하지 않음,300-400만원 미만,3,0.6895522388059703,0.4400601277715145,0.3546892039258448,0.8824681684622918,0.4361563517915311,0.2908712252690036,0.9782608695652172,트렌드 주도형 소비자,"자신의 취향과 경험을 중시하는 소비자 그룹입니다. 단순히 배를 채우는 것 이상의 가치를 추구하며, 새로운 제품을 가장 먼저 경험하고 공유하려는 경향이 강합니다"
2039,여자,50대,주부,고졸(대학 재학 포함),인천광역시,2세대가족,기혼,맞벌이 하지 않음,700-800만원 미만,1,0.3268656716417911,0.3742953776775646,0.5836968375136316,0.7600391772771787,0.4814332247557004,0.4824713641096838,0.3304347826086955,건강 추구형 소비자,가격이나 브랜드에 크게 구애받지 않고 건강을 최우선으로 고려하는 프리미엄 소비자 그룹입니다. 건강과 편리성을 모두 만족시키는 제품에 기꺼이 지갑을 엽니다.
2040,여자,60대 이상,판매 종사자,고졸(대학 재학 포함),울산광역시,2세대가족,기혼,맞벌이 함,400-500만원 미만,0,0.3582089552238805,0.69184517098835,0.2581788440567062,0.941234084231146,0.2283387622149839,0.2499132245748001,0.5304347826086953,실속형 미식가,편리성을 중시하면서도 새로운 맛과 제품을 시도하는 데 적극적인 소비자 그룹입니다. 가격에 민감하기보다는 효율성과 맛을 동시에 추구합니다.
2041,여자,40대,서비스 종사자,대학교 졸업(전문대졸/대학원생 포함),부산광역시,1세대가족,기혼,맞벌이 함,400-500만원 미만,3,0.6126865671641789,0.3987222848553172,0.1848418756815704,0.8628795298726734,0.4560260586319221,0.2821936827490455,0.9608695652173908,트렌드 주도형 소비자,"자신의 취향과 경험을 중시하는 소비자 그룹입니다. 단순히 배를 채우는 것 이상의 가치를 추구하며, 새로운 제품을 가장 먼저 경험하고 공유하려는 경향이 강합니다"
2042,남자,50대,서비스 종사자,대학교 졸업(전문대졸/대학원생 포함),울산광역시,1인 가구,기혼,맞벌이 하지 않음,300-400만원 미만,0,0.3865671641791046,0.5753476136790681,0.3988549618320612,0.8432908912830556,0.25114006514658,0.4488024991322454,0.5956521739130434,실속형 미식가,편리성을 중시하면서도 새로운 맛과 제품을 시도하는 데 적극적인 소비자 그룹입니다. 가격에 민감하기보다는 효율성과 맛을 동시에 추구합니다.
2043,여자,50대,서비스 종사자,고졸(대학 재학 포함),인천광역시,2세대가족,기혼,맞벌이 함,500-600만원 미만,1,0.4014925373134328,0.4325441563322056,0.6128680479825519,0.8432908912830556,0.4716612377850167,0.4560916348490106,0.2304347826086955,건강 추구형 소비자,가격이나 브랜드에 크게 구애받지 않고 건강을 최우선으로 고려하는 프리미엄 소비자 그룹입니다. 건강과 편리성을 모두 만족시키는 제품에 기꺼이 지갑을 엽니다.
2044,여자,30대,주부,대학교 졸업(전문대졸/대학원생 포함),부산광역시,2세대가족,기혼,맞벌이 하지 않음,300-400만원 미만,3,0.6208955223880596,0.4250281848928972,0.3075245365321704,0.8628795298726734,0.4120521172638439,0.346407497396737,0.9882608695652172,트렌드 주도형 소비자,"자신의 취향과 경험을 중시하는 소비자 그룹입니다. 단순히 배를 채우는 것 이상의 가치를 추구하며, 새로운 제품을 가장 먼저 경험하고 공유하려는 경향이 강합니다"
2045,남자,30대,사무 종사자,대학교 졸업(전문대졸/대학원생 포함),인천광역시,1인 가구,미혼(사별/이혼 포함),맞벌이 하지 않음,300-400만원 미만,0,0.343283582089552,0.5415257422021796,0.3301526717557249,0.8628795298726734,0.2182410423452772,0.4373481430059006,0.6434782608695649,실속형 미식가,편리성을 중시하면서도 새로운 맛과 제품을 시도하는 데 적극적인 소비자 그룹입니다. 가격에 민감하기보다는 효율성과 맛을 동시에 추구합니다.
2046,여자,30대,주부,대학교 졸업(전문대졸/대학원생 포함),경상남도,2세대가족,기혼,맞벌이 하지 않음,300-400만원 미만,3,0.7298507462686568,0.4250281848928972,0.3375136314067612,0.8628795298726734,0.4514657980456029,0.3221103783408539,0.9882608695652172,트렌드 주도형 소비자,"자신의 취향과 경험을 중시하는 소비자 그룹입니다. 단순히 배를 채우는 것 이상의 가치를 추구하며, 새로운 제품을 가장 먼저 경험하고 공유하려는 경향이 강합니다"
2047,여자,60대 이상,판매 종사자,대학교 졸업(전문대졸/대학원생 포함),경상남도,1세대가족,기혼,맞벌이 함,500-600만원 미만,3,0.7753731343283582,0.4250281848928972,0.3437840785169029,0.8628795298726734,0.5175895765472313,0.2821936827490455,0.979565217391304,트렌드 주도형 소비자,"자신의 취향과 경험을 중시하는 소비자 그룹입니다. 단순히 배를 채우는 것 이상의 가치를 추구하며, 새로운 제품을 가장 먼저 경험하고 공유하려는 경향이 강합니다"
2048,여자,60대 이상,기능원 및 관련 기능 종사자,고졸(대학 재학 포함),경상남도,2세대가족,기혼,맞벌이 함,500-600만원 미만,1,0.1865671641791045,0.5077038707252911,0.6398582333696838,0.7257590597453475,0.3550488599348534,0.3123915307185002,0.1130434782608695,건강 추구형 소비자,가격이나 브랜드에 크게 구애받지 않고 건강을 최우선으로 고려하는 프리미엄 소비자 그룹입니다. 건강과 편리성을 모두 만족시키는 제품에 기꺼이 지갑을 엽니다.
2049,여자,60대 이상,주부,고졸(대학 재학 포함),인천광역시,1세대가족,기혼,맞벌이 하지 않음,300-400만원 미만,3,0.656716417910448,0.7143930853062758,0.3356052344601961,0.8237022526934379,0.2671009771986971,0.4973967372440122,0.4695652173913042,트렌드 주도형 소비자,"자신의 취향과 경험을 중시하는 소비자 그룹입니다. 단순히 배를 채우는 것 이상의 가치를 추구하며, 새로운 제품을 가장 먼저 경험하고 공유하려는 경향이 강합니다"
2050,여자,30대,사무 종사자,대학교 졸업(전문대졸/대학원생 포함),인천광역시,2세대가족,기혼,맞벌이 함,600-700만원 미만,3,0.7305970149253732,0.5152198421645996,0.2211014176663028,0.9020568070519096,0.2993485342019545,0.3800763623741754,0.7260869565217389,트렌드 주도형 소비자,"자신의 취향과 경험을 중시하는 소비자 그룹입니다. 단순히 배를 채우는 것 이상의 가치를 추구하며, 새로운 제품을 가장 먼저 경험하고 공유하려는 경향이 강합니다"
2051,여자,30대,전문가 및 관련 종사자,대학교 졸업(전문대졸/대학원생 포함),경상남도,1세대가족,미혼(사별/이혼 포함),맞벌이 하지 않음,400-500만원 미만,1,0.1865671641791045,0.5527996993611421,0.5910577971646671,0.8041136141038193,0.3843648208469056,0.2804581742450537,0.1317391304347825,건강 추구형 소비자,가격이나 브랜드에 크게 구애받지 않고 건강을 최우선으로 고려하는 프리미엄 소비자 그룹입니다. 건강과 편리성을 모두 만족시키는 제품에 기꺼이 지갑을 엽니다.
2052,여자,40대,주부,대학교 졸업(전문대졸/대학원생 포함),인천광역시,2세대가족,기혼,맞벌이 하지 않음,400-500만원 미만,3,0.862686567164179,0.69184517098835,0.3745910577971647,0.9020568070519096,0.6566775244299677,0.4967025338424155,0.3260869565217388,트렌드 주도형 소비자,"자신의 취향과 경험을 중시하는 소비자 그룹입니다. 단순히 배를 채우는 것 이상의 가치를 추구하며, 새로운 제품을 가장 먼저 경험하고 공유하려는 경향이 강합니다"
2053,여자,60대 이상,서비스 종사자,고졸(대학 재학 포함),광주광역시,2세대가족,기혼,맞벌이 함,"900-1,000만원 미만",0,0.4022388059701491,0.4336715520481021,0.3879498364231185,0.8237022526934379,0.3221498371335506,0.3380770565775771,0.5260869565217389,실속형 미식가,편리성을 중시하면서도 새로운 맛과 제품을 시도하는 데 적극적인 소비자 그룹입니다. 가격에 민감하기보다는 효율성과 맛을 동시에 추구합니다.
2054,여자,60대 이상,주부,대학교 졸업(전문대졸/대학원생 포함),경상남도,2세대가족,기혼,맞벌이 하지 않음,300-400만원 미만,1,0.1567164179104479,0.4964299135663284,0.5627044711014173,0.7845249755142015,0.2605863192182414,0.3193335647344668,0.2099999999999998,건강 추구형 소비자,가격이나 브랜드에 크게 구애받지 않고 건강을 최우선으로 고려하는 프리미엄 소비자 그룹입니다. 건강과 편리성을 모두 만족시키는 제품에 기꺼이 지갑을 엽니다.
2055,남자,60대 이상,기능원 및 관련 기능 종사자,고졸(대학 재학 포함),인천광역시,1세대가족,기혼,맞벌이 함,500-600만원 미만,1,0.5947761194029851,0.3536264562194665,0.5556161395856052,0.7649363369245838,0.3866449511400651,0.4130510239500171,0.1913043478260869,건강 추구형 소비자,가격이나 브랜드에 크게 구애받지 않고 건강을 최우선으로 고려하는 프리미엄 소비자 그룹입니다. 건강과 편리성을 모두 만족시키는 제품에 기꺼이 지갑을 엽니다.
2056,여자,60대 이상,기능원 및 관련 기능 종사자,고졸(대학 재학 포함),인천광역시,1세대가족,기혼,맞벌이 함,400-500만원 미만,3,0.6134328358208957,0.6467493423524988,0.4863685932388219,0.8432908912830556,0.3801302931596094,0.497049635543214,0.3186956521739129,트렌드 주도형 소비자,"자신의 취향과 경험을 중시하는 소비자 그룹입니다. 단순히 배를 채우는 것 이상의 가치를 추구하며, 새로운 제품을 가장 먼저 경험하고 공유하려는 경향이 강합니다"
2057,여자,30대,사무 종사자,대학교 졸업(전문대졸/대학원생 포함),광주광역시,1세대가족,기혼,맞벌이 함,400-500만원 미만,0,0.4910447761194028,0.5264937993235627,0.4048527808069794,0.7845249755142015,0.2306188925081433,0.2693509198195067,0.1882608695652174,실속형 미식가,편리성을 중시하면서도 새로운 맛과 제품을 시도하는 데 적극적인 소비자 그룹입니다. 가격에 민감하기보다는 효율성과 맛을 동시에 추구합니다.
2058,여자,50대,서비스 종사자,고졸(대학 재학 포함),경상북도,1인 가구,미혼(사별/이혼 포함),맞벌이 하지 않음,200-300만원 미만,0,0.2477611940298509,0.2953776775648253,0.0280806979280264,0.681684622918707,0.0951140065146582,0.4904547032280456,0.8217391304347823,실속형 미식가,편리성을 중시하면서도 새로운 맛과 제품을 시도하는 데 적극적인 소비자 그룹입니다. 가격에 민감하기보다는 효율성과 맛을 동시에 추구합니다.
2059,여자,50대,주부,대학교 졸업(전문대졸/대학원생 포함),경상남도,2세대가족,기혼,맞벌이 하지 않음,300-400만원 미만,1,0.1194029850746271,0.549041713641488,0.5834242093784074,0.7257590597453475,0.2312703583061891,0.2047900034710167,0.1404347826086956,건강 추구형 소비자,가격이나 브랜드에 크게 구애받지 않고 건강을 최우선으로 고려하는 프리미엄 소비자 그룹입니다. 건강과 편리성을 모두 만족시키는 제품에 기꺼이 지갑을 엽니다.
2060,여자,30대,서비스 종사자,대학교 졸업(전문대졸/대학원생 포함),서울특별시,1인 가구,미혼(사별/이혼 포함),맞벌이 하지 않음,300-400만원 미만,3,0.5007462686567165,0.7004885381435549,0.4465648854961832,1.0,0.3433224755700326,0.5557098229781323,0.4839130434782607,트렌드 주도형 소비자,"자신의 취향과 경험을 중시하는 소비자 그룹입니다. 단순히 배를 채우는 것 이상의 가치를 추구하며, 새로운 제품을 가장 먼저 경험하고 공유하려는 경향이 강합니다"
2061,여자,30대,사무 종사자,대학교 졸업(전문대졸/대학원생 포함),광주광역시,1세대가족,기혼,맞벌이 함,400-500만원 미만,1,0.4507462686567164,0.4475760992108231,0.6510359869138491,0.9020568070519096,0.1771986970684042,0.4019437695244705,0.3056521739130434,건강 추구형 소비자,가격이나 브랜드에 크게 구애받지 않고 건강을 최우선으로 고려하는 프리미엄 소비자 그룹입니다. 건강과 편리성을 모두 만족시키는 제품에 기꺼이 지갑을 엽니다.
2062,여자,50대,기능원 및 관련 기능 종사자,고졸(대학 재학 포함),인천광역시,2세대가족,기혼,맞벌이 함,600-700만원 미만,3,0.535820895522388,0.5715896279594138,0.5550708833151583,0.8237022526934379,0.4042345276872966,0.2231863936133284,0.5956521739130434,트렌드 주도형 소비자,"자신의 취향과 경험을 중시하는 소비자 그룹입니다. 단순히 배를 채우는 것 이상의 가치를 추구하며, 새로운 제품을 가장 먼저 경험하고 공유하려는 경향이 강합니다"
2063,여자,50대,사무 종사자,고졸(대학 재학 포함),경상남도,2세대가족,기혼,맞벌이 함,500-600만원 미만,1,0.171641791044776,0.5302517850432169,0.5700654307524535,0.7649363369245838,0.2899022801302932,0.2481777160708087,0.1826086956521737,건강 추구형 소비자,가격이나 브랜드에 크게 구애받지 않고 건강을 최우선으로 고려하는 프리미엄 소비자 그룹입니다. 건강과 편리성을 모두 만족시키는 제품에 기꺼이 지갑을 엽니다.
2064,여자,60대 이상,주부,고졸(대학 재학 포함),인천광역시,1세대가족,기혼,맞벌이 하지 않음,300-400만원 미만,0,0.2343283582089552,0.5802329951146183,0.3574154852780809,0.7845249755142015,0.1918566775244301,0.1780631725095449,0.5926086956521738,실속형 미식가,편리성을 중시하면서도 새로운 맛과 제품을 시도하는 데 적극적인 소비자 그룹입니다. 가격에 민감하기보다는 효율성과 맛을 동시에 추구합니다.
2065,여자,50대,사무 종사자,대학교 졸업(전문대졸/대학원생 포함),서울특별시,2세대가족,미혼(사별/이혼 포함),맞벌이 하지 않음,300-400만원 미만,0,0.428358208955224,0.69184517098835,0.4610141766630315,0.8824681684622918,0.2130293159609122,0.4734467198889271,0.4086956521739129,실속형 미식가,편리성을 중시하면서도 새로운 맛과 제품을 시도하는 데 적극적인 소비자 그룹입니다. 가격에 민감하기보다는 효율성과 맛을 동시에 추구합니다.
2066,여자,50대,사무 종사자,대학교 졸업(전문대졸/대학원생 포함),광주광역시,2세대가족,기혼,맞벌이 함,400-500만원 미만,3,0.5044776119402986,0.4287861706125515,0.2829880043620504,0.9020568070519096,0.3319218241042349,0.1995834779590418,0.5260869565217389,트렌드 주도형 소비자,"자신의 취향과 경험을 중시하는 소비자 그룹입니다. 단순히 배를 채우는 것 이상의 가치를 추구하며, 새로운 제품을 가장 먼저 경험하고 공유하려는 경향이 강합니다"
2067,여자,50대,사무 종사자,고졸(대학 재학 포함),경상남도,2세대가족,기혼,맞벌이 함,600-700만원 미만,1,0.1567164179104479,0.6054114994363019,0.54907306434024,0.7845249755142015,0.2605863192182414,0.2395001735508502,0.143478260869565,건강 추구형 소비자,가격이나 브랜드에 크게 구애받지 않고 건강을 최우선으로 고려하는 프리미엄 소비자 그룹입니다. 건강과 편리성을 모두 만족시키는 제품에 기꺼이 지갑을 엽니다.
2068,여자,50대,사무 종사자,대학교 졸업(전문대졸/대학원생 포함),경상남도,1세대가족,기혼,맞벌이 함,500-600만원 미만,1,0.1865671641791045,0.5952649379932357,0.4937295528898581,0.7649363369245838,0.2377850162866452,0.2065255119750085,0.1739130434782606,건강 추구형 소비자,가격이나 브랜드에 크게 구애받지 않고 건강을 최우선으로 고려하는 프리미엄 소비자 그룹입니다. 건강과 편리성을 모두 만족시키는 제품에 기꺼이 지갑을 엽니다.
2069,여자,50대,판매 종사자,고졸(대학 재학 포함),광주광역시,2세대가족,기혼,맞벌이 함,300-400만원 미만,1,0.4253731343283584,0.3724163848177376,0.482551799345692,0.8628795298726734,0.4293159609120521,0.2519958347795902,0.2652173913043478,건강 추구형 소비자,가격이나 브랜드에 크게 구애받지 않고 건강을 최우선으로 고려하는 프리미엄 소비자 그룹입니다. 건강과 편리성을 모두 만족시키는 제품에 기꺼이 지갑을 엽니다.
2070,여자,50대,서비스 종사자,고졸(대학 재학 포함),경상남도,2세대가족,기혼,맞벌이 함,500-600만원 미만,1,0.171641791044776,0.6054114994363019,0.5324427480916032,0.7845249755142015,0.2811074918566776,0.1874349184311001,0.201304347826087,건강 추구형 소비자,가격이나 브랜드에 크게 구애받지 않고 건강을 최우선으로 고려하는 프리미엄 소비자 그룹입니다. 건강과 편리성을 모두 만족시키는 제품에 기꺼이 지갑을 엽니다.
2071,여자,50대,사무 종사자,대학교 졸업(전문대졸/대학원생 포함),광주광역시,2세대가족,미혼(사별/이혼 포함),맞벌이 하지 않음,300-400만원 미만,1,0.3417910447761195,0.5163472378804961,0.6183206106870225,0.8432908912830556,0.1426710097719869,0.3595973620270737,0.1478260869565215,건강 추구형 소비자,가격이나 브랜드에 크게 구애받지 않고 건강을 최우선으로 고려하는 프리미엄 소비자 그룹입니다. 건강과 편리성을 모두 만족시키는 제품에 기꺼이 지갑을 엽니다.
2072,여자,60대 이상,단순노무 종사자,중졸 이하,광주광역시,1세대가족,기혼,맞벌이 함,400-500만원 미만,1,0.4253731343283584,0.4363021420518599,0.4798255179934568,0.9216454456415274,0.2159609120521174,0.330787920860812,0.2260869565217391,건강 추구형 소비자,가격이나 브랜드에 크게 구애받지 않고 건강을 최우선으로 고려하는 프리미엄 소비자 그룹입니다. 건강과 편리성을 모두 만족시키는 제품에 기꺼이 지갑을 엽니다.
2073,남자,50대,기능원 및 관련 기능 종사자,고졸(대학 재학 포함),부산광역시,1인 가구,미혼(사별/이혼 포함),맞벌이 하지 않음,100-200만원 미만,3,0.6253731343283582,0.6279594137542276,0.2748091603053438,0.8432908912830556,0.3807817589576547,0.4442901770218673,0.5434782608695652,트렌드 주도형 소비자,"자신의 취향과 경험을 중시하는 소비자 그룹입니다. 단순히 배를 채우는 것 이상의 가치를 추구하며, 새로운 제품을 가장 먼저 경험하고 공유하려는 경향이 강합니다"
2074,여자,60대 이상,기능원 및 관련 기능 종사자,고졸(대학 재학 포함),인천광역시,1세대가족,기혼,맞벌이 하지 않음,300-400만원 미만,3,0.5962686567164179,0.4926719278466742,0.4220283533260632,0.8824681684622918,0.3557003257328992,0.6733772995487676,0.5999999999999999,트렌드 주도형 소비자,"자신의 취향과 경험을 중시하는 소비자 그룹입니다. 단순히 배를 채우는 것 이상의 가치를 추구하며, 새로운 제품을 가장 먼저 경험하고 공유하려는 경향이 강합니다"
2075,여자,40대,서비스 종사자,고졸(대학 재학 포함),서울특별시,1인 가구,미혼(사별/이혼 포함),맞벌이 하지 않음,300-400만원 미만,3,0.8373134328358212,0.4900413378429161,0.4746455834242096,0.8432908912830556,0.6530944625407167,0.2620617841027419,0.6173913043478257,트렌드 주도형 소비자,"자신의 취향과 경험을 중시하는 소비자 그룹입니다. 단순히 배를 채우는 것 이상의 가치를 추구하며, 새로운 제품을 가장 먼저 경험하고 공유하려는 경향이 강합니다"
2076,여자,50대,사무 종사자,대학교 졸업(전문대졸/대학원생 포함),인천광역시,2세대가족,기혼,맞벌이 함,500-600만원 미만,3,0.6029850746268658,0.4663660278090942,0.2739912758996727,0.8432908912830556,0.2371335504885995,0.3832002776813606,0.4795652173913043,트렌드 주도형 소비자,"자신의 취향과 경험을 중시하는 소비자 그룹입니다. 단순히 배를 채우는 것 이상의 가치를 추구하며, 새로운 제품을 가장 먼저 경험하고 공유하려는 경향이 강합니다"
2077,여자,40대,판매 종사자,고졸(대학 재학 포함),부산광역시,2세대가족,기혼,맞벌이 함,400-500만원 미만,3,0.8283582089552239,0.7670048853814353,0.2993456924754638,0.9020568070519096,0.4276872964169385,0.4137452273516138,0.5391304347826085,트렌드 주도형 소비자,"자신의 취향과 경험을 중시하는 소비자 그룹입니다. 단순히 배를 채우는 것 이상의 가치를 추구하며, 새로운 제품을 가장 먼저 경험하고 공유하려는 경향이 강합니다"
2078,여자,30대,사무 종사자,대학교 졸업(전문대졸/대학원생 포함),서울특별시,1인 가구,미혼(사별/이혼 포함),맞벌이 하지 않음,300-400만원 미만,3,0.56044776119403,0.5426531379180757,0.5646128680479823,0.8628795298726734,0.5827361563517915,0.2683096147171119,0.5317391304347826,트렌드 주도형 소비자,"자신의 취향과 경험을 중시하는 소비자 그룹입니다. 단순히 배를 채우는 것 이상의 가치를 추구하며, 새로운 제품을 가장 먼저 경험하고 공유하려는 경향이 강합니다"
2079,여자,30대,사무 종사자,대학교 졸업(전문대졸/대학원생 포함),서울특별시,1세대가족,기혼,맞벌이 함,600-700만원 미만,3,0.6074626865671644,0.6253288237504695,0.5542529989094871,0.8824681684622918,0.4517915309446253,0.298507462686567,0.5478260869565217,트렌드 주도형 소비자,"자신의 취향과 경험을 중시하는 소비자 그룹입니다. 단순히 배를 채우는 것 이상의 가치를 추구하며, 새로운 제품을 가장 먼저 경험하고 공유하려는 경향이 강합니다"
2080,여자,50대,기능원 및 관련 기능 종사자,고졸(대학 재학 포함),부산광역시,2세대가족,기혼,맞벌이 함,400-500만원 미만,3,0.91044776119403,0.6354753851935362,0.3402399127589964,0.8628795298726734,0.5221498371335505,0.4397778549114888,0.6478260869565217,트렌드 주도형 소비자,"자신의 취향과 경험을 중시하는 소비자 그룹입니다. 단순히 배를 채우는 것 이상의 가치를 추구하며, 새로운 제품을 가장 먼저 경험하고 공유하려는 경향이 강합니다"
2081,여자,60대 이상,판매 종사자,고졸(대학 재학 포함),인천광역시,2세대가족,미혼(사별/이혼 포함),맞벌이 하지 않음,400-500만원 미만,3,0.519402985074627,0.4325441563322056,0.5845147219193021,0.9020568070519096,0.3872964169381109,0.564734467198889,0.417391304347826,트렌드 주도형 소비자,"자신의 취향과 경험을 중시하는 소비자 그룹입니다. 단순히 배를 채우는 것 이상의 가치를 추구하며, 새로운 제품을 가장 먼저 경험하고 공유하려는 경향이 강합니다"
2082,여자,50대,서비스 종사자,고졸(대학 재학 포함),강원도,2세대가족,기혼,맞벌이 함,500-600만원 미만,3,0.6500000000000001,0.5689590379556556,0.4411123227917117,0.8628795298726734,0.5315960912052118,0.3523082263103089,0.6173913043478257,트렌드 주도형 소비자,"자신의 취향과 경험을 중시하는 소비자 그룹입니다. 단순히 배를 채우는 것 이상의 가치를 추구하며, 새로운 제품을 가장 먼저 경험하고 공유하려는 경향이 강합니다"
2083,남자,40대,사무 종사자,대학교 졸업(전문대졸/대학원생 포함),경기도,2세대가족,기혼,맞벌이 함,500-600만원 미만,0,0.3649253731343284,0.4231491920330704,0.3388767720828792,0.8579823702252692,0.3514657980456029,0.5234293648038874,0.3739130434782607,실속형 미식가,편리성을 중시하면서도 새로운 맛과 제품을 시도하는 데 적극적인 소비자 그룹입니다. 가격에 민감하기보다는 효율성과 맛을 동시에 추구합니다.
2084,남자,30대,기능원 및 관련 기능 종사자,대학교 졸업(전문대졸/대학원생 포함),울산광역시,1세대가족,기혼,맞벌이 함,700-800만원 미만,3,0.5059701492537315,0.609169485155956,0.3756815703380592,0.8628795298726734,0.3179153094462543,0.2717806317250952,0.636086956521739,트렌드 주도형 소비자,"자신의 취향과 경험을 중시하는 소비자 그룹입니다. 단순히 배를 채우는 것 이상의 가치를 추구하며, 새로운 제품을 가장 먼저 경험하고 공유하려는 경향이 강합니다"
2085,여자,60대 이상,판매 종사자,고졸(대학 재학 포함),경기도,1세대가족,기혼,맞벌이 함,400-500만원 미만,3,0.5171641791044778,0.6016535137166477,0.5256270447110138,0.8628795298726734,0.3022801302931597,0.4963554321416173,0.3795652173913043,트렌드 주도형 소비자,"자신의 취향과 경험을 중시하는 소비자 그룹입니다. 단순히 배를 채우는 것 이상의 가치를 추구하며, 새로운 제품을 가장 먼저 경험하고 공유하려는 경향이 강합니다"
2086,여자,60대 이상,단순노무 종사자,고졸(대학 재학 포함),광주광역시,1인 가구,미혼(사별/이혼 포함),맞벌이 하지 않음,100-200만원 미만,1,0.5022388059701494,0.4137542277339346,0.7404580152671758,0.9020568070519096,0.2094462540716612,0.215203054494967,0.1391304347826087,건강 추구형 소비자,가격이나 브랜드에 크게 구애받지 않고 건강을 최우선으로 고려하는 프리미엄 소비자 그룹입니다. 건강과 편리성을 모두 만족시키는 제품에 기꺼이 지갑을 엽니다.
2087,여자,60대 이상,서비스 종사자,고졸(대학 재학 포함),울산광역시,1세대가족,기혼,맞벌이 함,400-500만원 미만,3,0.7216417910447761,0.71815107102593,0.4670119956379497,0.8824681684622918,0.4436482084690556,0.2672683096147167,0.5304347826086953,트렌드 주도형 소비자,"자신의 취향과 경험을 중시하는 소비자 그룹입니다. 단순히 배를 채우는 것 이상의 가치를 추구하며, 새로운 제품을 가장 먼저 경험하고 공유하려는 경향이 강합니다"
2088,여자,50대,주부,대학교 졸업(전문대졸/대학원생 포함),인천광역시,1세대가족,기혼,맞벌이 하지 않음,400-500만원 미만,0,0.4253731343283584,0.6366027809094327,0.0327153762268266,0.8041136141038193,0.172638436482085,0.4245053800763623,0.5304347826086953,실속형 미식가,편리성을 중시하면서도 새로운 맛과 제품을 시도하는 데 적극적인 소비자 그룹입니다. 가격에 민감하기보다는 효율성과 맛을 동시에 추구합니다.
2089,남자,60대 이상,기능원 및 관련 기능 종사자,고졸(대학 재학 포함),울산광역시,1세대가족,기혼,맞벌이 하지 않음,300-400만원 미만,3,0.601492537313433,0.6467493423524988,0.3702290076335878,0.8237022526934379,0.3573289902280132,0.2658799028115234,0.5304347826086953,트렌드 주도형 소비자,"자신의 취향과 경험을 중시하는 소비자 그룹입니다. 단순히 배를 채우는 것 이상의 가치를 추구하며, 새로운 제품을 가장 먼저 경험하고 공유하려는 경향이 강합니다"
2090,여자,50대,판매 종사자,대학교 졸업(전문대졸/대학원생 포함),인천광역시,2세대가족,기혼,맞벌이 함,700-800만원 미만,1,0.4738805970149255,0.4907929349868469,0.7110141766630311,0.8579823702252692,0.7097719869706843,0.3172509545296769,0.1999999999999997,건강 추구형 소비자,가격이나 브랜드에 크게 구애받지 않고 건강을 최우선으로 고려하는 프리미엄 소비자 그룹입니다. 건강과 편리성을 모두 만족시키는 제품에 기꺼이 지갑을 엽니다.
2091,여자,30대,사무 종사자,대학교 졸업(전문대졸/대학원생 포함),서울특별시,1인 가구,미혼(사별/이혼 포함),맞벌이 하지 않음,300-400만원 미만,0,0.3328358208955225,0.4663660278090942,0.3056161395856049,0.8628795298726734,0.1697068403908798,0.1909059354390834,0.7869565217391303,실속형 미식가,편리성을 중시하면서도 새로운 맛과 제품을 시도하는 데 적극적인 소비자 그룹입니다. 가격에 민감하기보다는 효율성과 맛을 동시에 추구합니다.
2092,여자,60대 이상,서비스 종사자,대학교 졸업(전문대졸/대학원생 포함),서울특별시,1세대가족,기혼,맞벌이 함,600-700만원 미만,0,0.2641791044776119,0.3761743705373919,0.2639040348964011,0.8237022526934379,0.2094462540716612,0.1700798333911835,0.826086956521739,실속형 미식가,편리성을 중시하면서도 새로운 맛과 제품을 시도하는 데 적극적인 소비자 그룹입니다. 가격에 민감하기보다는 효율성과 맛을 동시에 추구합니다.
2093,여자,50대,판매 종사자,고졸(대학 재학 포함),부산광역시,2세대가족,기혼,맞벌이 함,300-400만원 미만,3,0.8582089552238805,0.5377677564825253,0.3088876772082877,0.9216454456415274,0.4504885993485341,0.2707393266227004,0.7434782608695649,트렌드 주도형 소비자,"자신의 취향과 경험을 중시하는 소비자 그룹입니다. 단순히 배를 채우는 것 이상의 가치를 추구하며, 새로운 제품을 가장 먼저 경험하고 공유하려는 경향이 강합니다"
2094,여자,40대,판매 종사자,대학교 졸업(전문대졸/대학원생 포함),부산광역시,2세대가족,기혼,맞벌이 함,400-500만원 미만,3,0.7529850746268656,0.6880871852686957,0.1330425299890951,0.8041136141038193,0.3156351791530945,0.2256161055189169,0.4739130434782606,트렌드 주도형 소비자,"자신의 취향과 경험을 중시하는 소비자 그룹입니다. 단순히 배를 채우는 것 이상의 가치를 추구하며, 새로운 제품을 가장 먼저 경험하고 공유하려는 경향이 강합니다"
2095,여자,30대,주부,대학교 졸업(전문대졸/대학원생 포함),인천광역시,1세대가족,기혼,맞벌이 하지 않음,400-500만원 미만,1,0.535820895522388,0.3960916948515595,0.7281897491821157,0.7453476983349653,0.7039087947882735,0.2717806317250952,0.1,건강 추구형 소비자,가격이나 브랜드에 크게 구애받지 않고 건강을 최우선으로 고려하는 프리미엄 소비자 그룹입니다. 건강과 편리성을 모두 만족시키는 제품에 기꺼이 지갑을 엽니다.
2096,여자,30대,판매 종사자,대학교 졸업(전문대졸/대학원생 포함),부산광역시,3세대가족,기혼,맞벌이 함,400-500만원 미만,3,0.8380597014925372,0.8008267568583238,0.3274263904034895,0.9216454456415274,0.3820846905537463,0.2464422075668168,0.5260869565217389,트렌드 주도형 소비자,"자신의 취향과 경험을 중시하는 소비자 그룹입니다. 단순히 배를 채우는 것 이상의 가치를 추구하며, 새로운 제품을 가장 먼저 경험하고 공유하려는 경향이 강합니다"
2097,여자,40대,사무 종사자,대학교 졸업(전문대졸/대학원생 포함),경기도,2세대가족,기혼,맞벌이 함,600-700만원 미만,3,0.4402985074626864,0.5903795565576849,0.4929116684841878,0.7649363369245838,0.3814332247557005,0.2578965636931619,0.5869565217391303,트렌드 주도형 소비자,"자신의 취향과 경험을 중시하는 소비자 그룹입니다. 단순히 배를 채우는 것 이상의 가치를 추구하며, 새로운 제품을 가장 먼저 경험하고 공유하려는 경향이 강합니다"
2098,여자,40대,사무 종사자,대학교 졸업(전문대졸/대학원생 포함),경기도,2세대가족,기혼,맞벌이 함,600-700만원 미만,3,0.5544776119402987,0.4513340849304773,0.4656488549618319,0.8041136141038193,0.4306188925081432,0.2637972926067334,0.652173913043478,트렌드 주도형 소비자,"자신의 취향과 경험을 중시하는 소비자 그룹입니다. 단순히 배를 채우는 것 이상의 가치를 추구하며, 새로운 제품을 가장 먼저 경험하고 공유하려는 경향이 강합니다"
2099,여자,60대 이상,주부,고졸(대학 재학 포함),인천광역시,1세대가족,기혼,맞벌이 하지 않음,300-400만원 미만,1,0.4522388059701491,0.4099962420142803,0.757360959651036,0.8432908912830556,0.855700325732899,0.3738285317598054,0.0913043478260869,건강 추구형 소비자,가격이나 브랜드에 크게 구애받지 않고 건강을 최우선으로 고려하는 프리미엄 소비자 그룹입니다. 건강과 편리성을 모두 만족시키는 제품에 기꺼이 지갑을 엽니다.
2100,남자,40대,판매 종사자,대학교 졸업(전문대졸/대학원생 포함),전라남도,2세대가족,기혼,맞벌이 함,400-500만원 미만,0,0.4052238805970148,0.4468245020668921,0.4179389312977098,0.8188050930460328,0.3267100977198698,0.4533148212426239,0.5404347826086954,실속형 미식가,편리성을 중시하면서도 새로운 맛과 제품을 시도하는 데 적극적인 소비자 그룹입니다. 가격에 민감하기보다는 효율성과 맛을 동시에 추구합니다.
2101,여자,60대 이상,주부,중졸 이하,전라남도,1세대가족,기혼,맞벌이 하지 않음,200-300만원 미만,1,0.5410447761194029,0.4374295377677564,0.6243184296619406,0.8628795298726734,0.3273615635179157,0.3110031239153068,0.1521739130434783,건강 추구형 소비자,가격이나 브랜드에 크게 구애받지 않고 건강을 최우선으로 고려하는 프리미엄 소비자 그룹입니다. 건강과 편리성을 모두 만족시키는 제품에 기꺼이 지갑을 엽니다.
2102,여자,40대,사무 종사자,대학교 졸업(전문대졸/대학원생 포함),경기도,2세대가족,기혼,맞벌이 함,500-600만원 미만,3,0.6514925373134329,0.5603156708004507,0.2584514721919305,0.8432908912830556,0.3667752442996746,0.1909059354390834,0.736086956521739,트렌드 주도형 소비자,"자신의 취향과 경험을 중시하는 소비자 그룹입니다. 단순히 배를 채우는 것 이상의 가치를 추구하며, 새로운 제품을 가장 먼저 경험하고 공유하려는 경향이 강합니다"
2103,여자,50대,판매 종사자,고졸(대학 재학 포함),전라남도,1인 가구,미혼(사별/이혼 포함),맞벌이 하지 않음,100-200만원 미만,1,0.3925373134328356,0.4148816234498306,0.5179934569247548,0.8237022526934379,0.2234527687296418,0.3106560222145087,0.2913043478260869,건강 추구형 소비자,가격이나 브랜드에 크게 구애받지 않고 건강을 최우선으로 고려하는 프리미엄 소비자 그룹입니다. 건강과 편리성을 모두 만족시키는 제품에 기꺼이 지갑을 엽니다.
2104,여자,50대,사무 종사자,대학교 졸업(전문대졸/대학원생 포함),경기도,2세대가족,기혼,맞벌이 함,500-600만원 미만,3,0.656716417910448,0.534009770762871,0.3906761177753544,0.8432908912830556,0.4459283387622149,0.2499132245748001,0.7665217391304349,트렌드 주도형 소비자,"자신의 취향과 경험을 중시하는 소비자 그룹입니다. 단순히 배를 채우는 것 이상의 가치를 추구하며, 새로운 제품을 가장 먼저 경험하고 공유하려는 경향이 강합니다"
2105,남자,60대 이상,단순노무 종사자,고졸(대학 재학 포함),전라남도,1세대가족,기혼,맞벌이 함,200-300만원 미만,0,0.044776119402985,0.4994363021420518,0.3906761177753544,0.8383937316356512,0.2540716612377852,0.5345366192294339,0.3782608695652173,실속형 미식가,편리성을 중시하면서도 새로운 맛과 제품을 시도하는 데 적극적인 소비자 그룹입니다. 가격에 민감하기보다는 효율성과 맛을 동시에 추구합니다.
2106,여자,60대 이상,농림어업 숙련 종사자,중졸 이하,전라남도,1세대가족,기혼,맞벌이 함,300-400만원 미만,1,0.4708955223880598,0.4374295377677564,0.626499454743729,0.7649363369245838,0.2071661237785018,0.2735161402290871,0.1521739130434783,건강 추구형 소비자,가격이나 브랜드에 크게 구애받지 않고 건강을 최우선으로 고려하는 프리미엄 소비자 그룹입니다. 건강과 편리성을 모두 만족시키는 제품에 기꺼이 지갑을 엽니다.
2107,여자,60대 이상,농림어업 숙련 종사자,중졸 이하,전라남도,1인 가구,미혼(사별/이혼 포함),맞벌이 하지 않음,100-200만원 미만,0,0.3917910447761196,0.4937993235625702,0.4280261723009814,0.7649363369245838,0.1872964169381109,0.309961818812912,0.2956521739130433,실속형 미식가,편리성을 중시하면서도 새로운 맛과 제품을 시도하는 데 적극적인 소비자 그룹입니다. 가격에 민감하기보다는 효율성과 맛을 동시에 추구합니다.
2108,여자,50대,주부,고졸(대학 재학 포함),서울특별시,1세대가족,기혼,맞벌이 하지 않음,400-500만원 미만,0,0.3141791044776119,0.5753476136790681,0.5291712104689201,0.8432908912830556,0.3351791530944629,0.4474140923290521,0.417391304347826,실속형 미식가,편리성을 중시하면서도 새로운 맛과 제품을 시도하는 데 적극적인 소비자 그룹입니다. 가격에 민감하기보다는 효율성과 맛을 동시에 추구합니다.
2109,남자,30대,서비스 종사자,대학교 졸업(전문대졸/대학원생 포함),서울특별시,1인 가구,미혼(사별/이혼 포함),맞벌이 하지 않음,200-300만원 미만,0,0.5007462686567165,0.6253288237504695,0.1799345692475459,0.9804113614103814,0.3228013029315965,0.5758417216244359,0.5086956521739129,실속형 미식가,편리성을 중시하면서도 새로운 맛과 제품을 시도하는 데 적극적인 소비자 그룹입니다. 가격에 민감하기보다는 효율성과 맛을 동시에 추구합니다.
2110,여자,60대 이상,서비스 종사자,대학교 졸업(전문대졸/대학원생 포함),서울특별시,2세대가족,기혼,맞벌이 함,800-900만원 미만,3,0.473134328358209,0.5565576850807965,0.5727917121046888,0.7649363369245838,0.4201954397394136,0.5164873307879206,0.4839130434782607,트렌드 주도형 소비자,"자신의 취향과 경험을 중시하는 소비자 그룹입니다. 단순히 배를 채우는 것 이상의 가치를 추구하며, 새로운 제품을 가장 먼저 경험하고 공유하려는 경향이 강합니다"
2111,남자,30대,사무 종사자,대학교 졸업(전문대졸/대학원생 포함),서울특별시,1인 가구,미혼(사별/이혼 포함),맞벌이 하지 않음,300-400만원 미만,0,0.4604477611940298,0.557685080796693,0.302617230098146,0.9608227228207636,0.3931596091205212,0.5078097882679622,0.4186956521739129,실속형 미식가,편리성을 중시하면서도 새로운 맛과 제품을 시도하는 데 적극적인 소비자 그룹입니다. 가격에 민감하기보다는 효율성과 맛을 동시에 추구합니다.
2112,여자,60대 이상,단순노무 종사자,고졸(대학 재학 포함),서울특별시,2세대가족,기혼,맞벌이 함,"900-1,000만원 미만",1,0.4298507462686565,0.5565576850807965,0.6000545256270449,0.9020568070519096,0.3374592833876224,0.4706699062825406,0.3956521739130433,건강 추구형 소비자,가격이나 브랜드에 크게 구애받지 않고 건강을 최우선으로 고려하는 프리미엄 소비자 그룹입니다. 건강과 편리성을 모두 만족시키는 제품에 기꺼이 지갑을 엽니다.
2113,여자,30대,사무 종사자,대학교 졸업(전문대졸/대학원생 포함),서울특별시,1세대가족,기혼,맞벌이 함,500-600만원 미만,3,0.5641791044776121,0.4937993235625702,0.2944383860414394,0.9020568070519096,0.4482084690553748,0.4769177368969105,0.5056521739130434,트렌드 주도형 소비자,"자신의 취향과 경험을 중시하는 소비자 그룹입니다. 단순히 배를 채우는 것 이상의 가치를 추구하며, 새로운 제품을 가장 먼저 경험하고 공유하려는 경향이 강합니다"
2114,남자,30대,사무 종사자,대학교 졸업(전문대졸/대학원생 포함),서울특별시,1인 가구,미혼(사별/이혼 포함),맞벌이 하지 않음,300-400만원 미만,0,0.4522388059701491,0.685456595264938,0.1853871319520174,0.9608227228207636,0.3472312703583061,0.4456785838250606,0.3652173913043475,실속형 미식가,편리성을 중시하면서도 새로운 맛과 제품을 시도하는 데 적극적인 소비자 그룹입니다. 가격에 민감하기보다는 효율성과 맛을 동시에 추구합니다.
2115,여자,60대 이상,주부,고졸(대학 재학 포함),서울특별시,1세대가족,기혼,맞벌이 하지 않음,200-300만원 미만,0,0.3664179104477612,0.6354753851935362,0.4738276990185385,0.8628795298726734,0.3368078175895765,0.4786532454009022,0.3521739130434779,실속형 미식가,편리성을 중시하면서도 새로운 맛과 제품을 시도하는 데 적극적인 소비자 그룹입니다. 가격에 민감하기보다는 효율성과 맛을 동시에 추구합니다.
2116,여자,40대,주부,고졸(대학 재학 포함),서울특별시,2세대가족,기혼,맞벌이 하지 않음,300-400만원 미만,3,0.5492537313432837,0.6204434423149192,0.4111232279171211,0.9608227228207636,0.3667752442996746,0.5161402290871221,0.536086956521739,트렌드 주도형 소비자,"자신의 취향과 경험을 중시하는 소비자 그룹입니다. 단순히 배를 채우는 것 이상의 가치를 추구하며, 새로운 제품을 가장 먼저 경험하고 공유하려는 경향이 강합니다"
2117,여자,60대 이상,판매 종사자,고졸(대학 재학 포함),서울특별시,1인 가구,미혼(사별/이혼 포함),맞벌이 하지 않음,100-200만원 미만,0,0.4350746268656718,0.5227358136039083,0.3189749182115595,0.8824681684622918,0.4416938110749186,0.4092329052412355,0.3491304347826084,실속형 미식가,편리성을 중시하면서도 새로운 맛과 제품을 시도하는 데 적극적인 소비자 그룹입니다. 가격에 민감하기보다는 효율성과 맛을 동시에 추구합니다.
2118,여자,30대,사무 종사자,대학교 졸업(전문대졸/대학원생 포함),서울특별시,1세대가족,기혼,맞벌이 함,500-600만원 미만,0,0.4522388059701491,0.557685080796693,0.2153762268266087,0.9804113614103814,0.4123778501628664,0.3717459215550155,0.4608695652173912,실속형 미식가,편리성을 중시하면서도 새로운 맛과 제품을 시도하는 데 적극적인 소비자 그룹입니다. 가격에 민감하기보다는 효율성과 맛을 동시에 추구합니다.
2119,남자,40대,서비스 종사자,고졸(대학 재학 포함),강원도,1인 가구,미혼(사별/이혼 포함),맞벌이 하지 않음,400-500만원 미만,1,0.2858208955223881,0.4017286734310411,0.5392584514721919,0.7012732615083248,0.3977198697068404,0.4088858035404371,0.1565217391304346,건강 추구형 소비자,가격이나 브랜드에 크게 구애받지 않고 건강을 최우선으로 고려하는 프리미엄 소비자 그룹입니다. 건강과 편리성을 모두 만족시키는 제품에 기꺼이 지갑을 엽니다.
2120,여자,50대,서비스 종사자,고졸(대학 재학 포함),제주특별자치도,2세대가족,기혼,맞벌이 함,500-600만원 미만,0,0.4544776119402984,0.3893273205561819,0.4152126499454745,0.8383937316356512,0.2058631921824107,0.3950017355085039,0.4882608695652172,실속형 미식가,편리성을 중시하면서도 새로운 맛과 제품을 시도하는 데 적극적인 소비자 그룹입니다. 가격에 민감하기보다는 효율성과 맛을 동시에 추구합니다.
2121,여자,20대,서비스 종사자,대학교 졸업(전문대졸/대학원생 포함),제주특별자치도,1인 가구,미혼(사별/이혼 포함),맞벌이 하지 않음,100-200만원 미만,0,0.2656716417910447,0.4024802705749719,0.3405125408942199,0.7845249755142015,0.1550488599348534,0.3745227351614021,0.4739130434782606,실속형 미식가,편리성을 중시하면서도 새로운 맛과 제품을 시도하는 데 적극적인 소비자 그룹입니다. 가격에 민감하기보다는 효율성과 맛을 동시에 추구합니다.
2122,남자,50대,단순노무 종사자,고졸(대학 재학 포함),제주특별자치도,1인 가구,미혼(사별/이혼 포함),맞벌이 하지 않음,200-300만원 미만,0,0.1119402985074628,0.3829387448327694,0.2153762268266087,0.740450538687561,0.1824104234527688,0.6011801457827143,0.4391304347826084,실속형 미식가,편리성을 중시하면서도 새로운 맛과 제품을 시도하는 데 적극적인 소비자 그룹입니다. 가격에 민감하기보다는 효율성과 맛을 동시에 추구합니다.
2123,여자,50대,서비스 종사자,고졸(대학 재학 포함),제주특별자치도,2세대가족,미혼(사별/이혼 포함),맞벌이 하지 않음,200-300만원 미만,0,0.4798507462686569,0.5847425779782035,0.2933478735005455,0.681684622918707,0.3342019543973942,0.3009371745921551,0.2521739130434782,실속형 미식가,편리성을 중시하면서도 새로운 맛과 제품을 시도하는 데 적극적인 소비자 그룹입니다. 가격에 민감하기보다는 효율성과 맛을 동시에 추구합니다.
2124,여자,50대,서비스 종사자,대학교 졸업(전문대졸/대학원생 포함),제주특별자치도,2세대가족,기혼,맞벌이 함,500-600만원 미만,0,0.2828358208955224,0.5941375422773392,0.4195747001090512,0.8824681684622918,0.3807817589576547,0.3887539048941338,0.3826086956521738,실속형 미식가,편리성을 중시하면서도 새로운 맛과 제품을 시도하는 데 적극적인 소비자 그룹입니다. 가격에 민감하기보다는 효율성과 맛을 동시에 추구합니다.
