id,product_name,persona_key,output_json,parse_error
덴마크 하이그릭요거트 400g|4,덴마크 하이그릭요거트 400g,4,,Expecting value: line 2 column 512 (char 512)
덴마크 하이그릭요거트 400g|1,덴마크 하이그릭요거트 400g,1,,Expecting value: line 2 column 512 (char 512)
덴마크 하이그릭요거트 400g|5,덴마크 하이그릭요거트 400g,5,,Expecting value: line 2 column 512 (char 512)
덴마크 하이그릭요거트 400g|3,덴마크 하이그릭요거트 400g,3,,Expecting value: line 2 column 512 (char 512)
덴마크 하이그릭요거트 400g|2,덴마크 하이그릭요거트 400g,2,,Expecting value: line 2 column 512 (char 512)
덴마크 하이그릭요거트 400g|6,덴마크 하이그릭요거트 400g,6,,Expecting value: line 2 column 512 (char 512)
덴마크 하이그릭요거트 400g|10,덴마크 하이그릭요거트 400g,10,"{""product_name"": ""덴마크 하이그릭요거트 400g"", ""persona_key"": 10, ""purchase_behavior_prediction"": {""purchase_probability_pct"": 85, ""reason"": ""이 소비자는 건강을 최우선으로 고려하는 프리미엄 소비자 그룹에 속하며, HMR(가정간편식) 선호도가 매우 높습니다. 제품의 특징인 고단백과 건강식품으로서의 가치가 이 소비자의 건강 지향성과 잘 맞아떨어집니다. 또한, 가격이 3,980원으로 경쟁 제품의 가격 범위(873원 ~ 1,422원)보다 상대적으로 비쌀 수 있지만, 프리미엄 제품에 대한 수용도가 높아 가격에 대한 민감도가 낮습니다. 따라서 이 소비자는 제품의 품질과 건강적 이점을 고려하여 구매할 가능성이 높습니다."", ""monthly_purchase_frequency"": 4}}",
덴마크 하이그릭요거트 400g|7,덴마크 하이그릭요거트 400g,7,,Expecting value: line 2 column 512 (char 512)
덴마크 하이그릭요거트 400g|8,덴마크 하이그릭요거트 400g,8,,Expecting value: line 2 column 512 (char 512)
덴마크 하이그릭요거트 400g|9,덴마크 하이그릭요거트 400g,9,,Expecting value: line 2 column 512 (char 512)
덴마크 하이그릭요거트 400g|11,덴마크 하이그릭요거트 400g,11,,Expecting value: line 2 column 512 (char 512)
덴마크 하이그릭요거트 400g|12,덴마크 하이그릭요거트 400g,12,,Expecting value: line 2 column 512 (char 512)
덴마크 하이그릭요거트 400g|13,덴마크 하이그릭요거트 400g,13,,Expecting value: line 2 column 512 (char 512)
덴마크 하이그릭요거트 400g|14,덴마크 하이그릭요거트 400g,14,,Expecting value: line 2 column 512 (char 512)
덴마크 하이그릭요거트 400g|15,덴마크 하이그릭요거트 400g,15,,Expecting value: line 2 column 512 (char 512)
덴마크 하이그릭요거트 400g|20,덴마크 하이그릭요거트 400g,20,,Expecting value: line 2 column 512 (char 512)
덴마크 하이그릭요거트 400g|18,덴마크 하이그릭요거트 400g,18,,Expecting value: line 2 column 512 (char 512)
덴마크 하이그릭요거트 400g|16,덴마크 하이그릭요거트 400g,16,,Expecting value: line 2 column 512 (char 512)
덴마크 하이그릭요거트 400g|19,덴마크 하이그릭요거트 400g,19,,Expecting value: line 2 column 512 (char 512)
덴마크 하이그릭요거트 400g|22,덴마크 하이그릭요거트 400g,22,,Expecting value: line 2 column 512 (char 512)
덴마크 하이그릭요거트 400g|23,덴마크 하이그릭요거트 400g,23,,Expecting value: line 2 column 512 (char 512)
덴마크 하이그릭요거트 400g|24,덴마크 하이그릭요거트 400g,24,,Expecting value: line 2 column 512 (char 512)
덴마크 하이그릭요거트 400g|17,덴마크 하이그릭요거트 400g,17,,Expecting value: line 2 column 512 (char 512)
덴마크 하이그릭요거트 400g|21,덴마크 하이그릭요거트 400g,21,,Expecting value: line 2 column 512 (char 512)
덴마크 하이그릭요거트 400g|25,덴마크 하이그릭요거트 400g,25,,Expecting value: line 2 column 512 (char 512)
덴마크 하이그릭요거트 400g|26,덴마크 하이그릭요거트 400g,26,,Expecting value: line 2 column 512 (char 512)
덴마크 하이그릭요거트 400g|28,덴마크 하이그릭요거트 400g,28,,Expecting value: line 2 column 512 (char 512)
덴마크 하이그릭요거트 400g|27,덴마크 하이그릭요거트 400g,27,,Expecting value: line 2 column 512 (char 512)
덴마크 하이그릭요거트 400g|29,덴마크 하이그릭요거트 400g,29,,Expecting value: line 2 column 512 (char 512)
덴마크 하이그릭요거트 400g|30,덴마크 하이그릭요거트 400g,30,,Expecting value: line 2 column 512 (char 512)
덴마크 하이그릭요거트 400g|31,덴마크 하이그릭요거트 400g,31,,Expecting value: line 2 column 512 (char 512)
덴마크 하이그릭요거트 400g|32,덴마크 하이그릭요거트 400g,32,,Expecting value: line 2 column 512 (char 512)
덴마크 하이그릭요거트 400g|33,덴마크 하이그릭요거트 400g,33,,Expecting value: line 2 column 512 (char 512)
덴마크 하이그릭요거트 400g|34,덴마크 하이그릭요거트 400g,34,,Expecting value: line 2 column 512 (char 512)
덴마크 하이그릭요거트 400g|35,덴마크 하이그릭요거트 400g,35,,Expecting value: line 2 column 512 (char 512)
덴마크 하이그릭요거트 400g|36,덴마크 하이그릭요거트 400g,36,,Expecting value: line 2 column 512 (char 512)
덴마크 하이그릭요거트 400g|37,덴마크 하이그릭요거트 400g,37,,Expecting value: line 2 column 512 (char 512)
덴마크 하이그릭요거트 400g|39,덴마크 하이그릭요거트 400g,39,"{""product_name"": ""덴마크 하이그릭요거트 400g"", ""persona_key"": 39, ""purchase_behavior_prediction"": {""purchase_probability_pct"": 85, ""reason"": ""이 페르소나는 HMR(가정식 대체식) 선호도가 매우 높고, 건강식품에 대한 관심이 있으며, 특히 고단백 제품을 선호합니다. 덴마크 하이그릭요거트는 건강식품으로서 고단백 특성을 가지고 있어 이 소비자에게 매력적입니다. 또한, 1인 가구로서 간편하게 섭취할 수 있는 제품을 선호하는 경향이 있어, 이 제품의 편리함과 높은 만족도는 긍정적인 요소로 작용합니다. 시장 경쟁 환경에서 이 제품의 가격은 100g당 995원으로, 경쟁 제품의 가격 범위(873원 ~ 1,422원) 내에 위치하여 가격 경쟁력도 갖추고 있습니다. 따라서 이 소비자는 가격에 대한 민감도가 낮고, 브랜드 충성도도 높아 이 제품을 선택할 가능성이 큽니다."", ""monthly_purchase_frequency"": 4}}",
덴마크 하이그릭요거트 400g|38,덴마크 하이그릭요거트 400g,38,,Expecting value: line 2 column 512 (char 512)
덴마크 하이그릭요거트 400g|40,덴마크 하이그릭요거트 400g,40,,Expecting value: line 2 column 512 (char 512)
덴마크 하이그릭요거트 400g|41,덴마크 하이그릭요거트 400g,41,,Expecting value: line 2 column 512 (char 512)
덴마크 하이그릭요거트 400g|42,덴마크 하이그릭요거트 400g,42,,Expecting value: line 2 column 512 (char 512)
덴마크 하이그릭요거트 400g|44,덴마크 하이그릭요거트 400g,44,,Expecting value: line 2 column 512 (char 512)
덴마크 하이그릭요거트 400g|43,덴마크 하이그릭요거트 400g,43,,Expecting value: line 2 column 512 (char 512)
덴마크 하이그릭요거트 400g|45,덴마크 하이그릭요거트 400g,45,,Expecting value: line 2 column 512 (char 512)
덴마크 하이그릭요거트 400g|46,덴마크 하이그릭요거트 400g,46,,Expecting value: line 2 column 512 (char 512)
덴마크 하이그릭요거트 400g|47,덴마크 하이그릭요거트 400g,47,,Expecting value: line 2 column 512 (char 512)
덴마크 하이그릭요거트 400g|50,덴마크 하이그릭요거트 400g,50,"{""product_name"": ""덴마크 하이그릭요거트 400g"", ""persona_key"": 50, ""purchase_behavior_prediction"": {""purchase_probability_pct"": 85, ""reason"": ""이 페르소나는 건강을 최우선으로 고려하는 소비자로, HMR(가정간편식) 선호도가 높아 편리한 식사를 선호합니다. 제품의 특징인 '고단백'과 '건강식품'은 그녀의 건강 지향적인 성향과 잘 맞아떨어지며, 유당불내증을 가진 소비자에게 적합한 제품입니다. 가격은 3,980원으로, 경쟁 제품의 가격대(873원 ~ 1,422원)와 비교했을 때 다소 높은 편이지만, 그녀는 가격에 대한 민감도가 낮고 프리미엄 제품을 선호하기 때문에 구매 의사가 높습니다. 또한, 브랜드 충성도가 높아 동원 F&B와 같은 신뢰할 수 있는 브랜드의 제품을 선택할 가능성이 큽니다."", ""monthly_purchase_frequency"": 3}}",
덴마크 하이그릭요거트 400g|48,덴마크 하이그릭요거트 400g,48,,Expecting value: line 2 column 512 (char 512)
덴마크 하이그릭요거트 400g|49,덴마크 하이그릭요거트 400g,49,,Expecting value: line 2 column 512 (char 512)
덴마크 하이그릭요거트 400g|51,덴마크 하이그릭요거트 400g,51,,Expecting value: line 2 column 512 (char 512)
덴마크 하이그릭요거트 400g|52,덴마크 하이그릭요거트 400g,52,,Expecting value: line 2 column 512 (char 512)
덴마크 하이그릭요거트 400g|53,덴마크 하이그릭요거트 400g,53,,Expecting value: line 2 column 512 (char 512)
덴마크 하이그릭요거트 400g|55,덴마크 하이그릭요거트 400g,55,,Expecting value: line 2 column 512 (char 512)
덴마크 하이그릭요거트 400g|54,덴마크 하이그릭요거트 400g,54,,Expecting value: line 2 column 512 (char 512)
덴마크 하이그릭요거트 400g|56,덴마크 하이그릭요거트 400g,56,,Expecting value: line 2 column 512 (char 512)
덴마크 하이그릭요거트 400g|57,덴마크 하이그릭요거트 400g,57,,Expecting value: line 2 column 512 (char 512)
덴마크 하이그릭요거트 400g|58,덴마크 하이그릭요거트 400g,58,,Expecting value: line 2 column 512 (char 512)
덴마크 하이그릭요거트 400g|59,덴마크 하이그릭요거트 400g,59,,Expecting value: line 2 column 512 (char 512)
덴마크 하이그릭요거트 400g|61,덴마크 하이그릭요거트 400g,61,,Expecting value: line 2 column 512 (char 512)
덴마크 하이그릭요거트 400g|60,덴마크 하이그릭요거트 400g,60,,Expecting value: line 2 column 512 (char 512)
덴마크 하이그릭요거트 400g|63,덴마크 하이그릭요거트 400g,63,"{""product_name"": ""덴마크 하이그릭요거트 400g"", ""persona_key"": 63, ""purchase_behavior_prediction"": {""purchase_probability_pct"": 85, ""reason"": ""이 소비자는 건강을 최우선으로 고려하는 '건강 추구형 소비자'로, HMR(가정간편식) 선호도가 높습니다. 제품의 특징인 고단백과 건강식품으로서의 장점이 이 소비자의 건강 지향성과 잘 맞아떨어지며, 유당불내증을 고려한 제품 특성도 긍정적입니다. 가격이 3,980원으로, 경쟁 제품의 가격 범위(873원 ~ 1,422원)와 비교했을 때 상대적으로 높은 편이지만, 이 소비자는 가격보다 건강과 편리성을 중시하므로 구매를 결정할 가능성이 높습니다."", ""monthly_purchase_frequency"": 4}}",
덴마크 하이그릭요거트 400g|62,덴마크 하이그릭요거트 400g,62,,Expecting value: line 2 column 512 (char 512)
덴마크 하이그릭요거트 400g|64,덴마크 하이그릭요거트 400g,64,,Expecting value: line 2 column 512 (char 512)
덴마크 하이그릭요거트 400g|66,덴마크 하이그릭요거트 400g,66,,Expecting value: line 2 column 512 (char 512)
덴마크 하이그릭요거트 400g|65,덴마크 하이그릭요거트 400g,65,,Expecting value: line 2 column 512 (char 512)
덴마크 하이그릭요거트 400g|69,덴마크 하이그릭요거트 400g,69,"{""product_name"": ""덴마크 하이그릭요거트 400g"", ""persona_key"": 69, ""purchase_behavior_prediction"": {""purchase_probability_pct"": 75, ""reason"": ""이 페르소나는 '실속형 미식가'로, 편리성과 새로운 맛을 중시합니다. HMR 선호도가 높아 간편한 식사를 선호하며, 건강식품에 대한 관심도 있지만 가격에 대한 민감도는 상대적으로 낮습니다. 덴마크 하이그릭요거트는 고단백, 건강식품으로서의 특성을 가지고 있어 이 소비자에게 매력적입니다. 또한, 경쟁 제품의 가격대가 100g당 873원에서 1,422원으로 형성되어 있는 반면, 이 제품은 400g에 3,980원으로 가격이 합리적입니다. 이는 소비자가 느끼는 가성비가 좋다는 인식을 줄 수 있습니다. 따라서 이 소비자는 이 제품을 구매할 가능성이 높습니다."", ""monthly_purchase_frequency"": 2}}",
덴마크 하이그릭요거트 400g|68,덴마크 하이그릭요거트 400g,68,,Expecting value: line 2 column 512 (char 512)
덴마크 하이그릭요거트 400g|67,덴마크 하이그릭요거트 400g,67,,Expecting value: line 2 column 512 (char 512)
덴마크 하이그릭요거트 400g|70,덴마크 하이그릭요거트 400g,70,"{""product_name"": ""덴마크 하이그릭요거트 400g"", ""persona_key"": 70, ""purchase_behavior_prediction"": {""purchase_probability_pct"": 85, ""reason"": ""이 소비자는 건강을 최우선으로 고려하는 프리미엄 소비자 그룹에 속하며, HMR(가정간편식) 선호도가 높습니다. 제품의 특징인 고단백과 건강식품으로서의 가치가 이 소비자의 건강 지향성과 잘 맞아떨어지며, 유당불내증을 가진 소비자에게 적합한 제품입니다. 가격이 3,980원으로, 경쟁 제품의 가격대(873원 ~ 1,422원)와 비교할 때 상대적으로 높은 편이지만, 이 소비자는 가격에 크게 구애받지 않고 건강과 편리성을 중시하기 때문에 구매할 가능성이 높습니다. 또한, 광고와 프로모션이 예정되어 있어 소비자의 관심을 끌 가능성이 높습니다."", ""monthly_purchase_frequency"": 4}}",
덴마크 하이그릭요거트 400g|75,덴마크 하이그릭요거트 400g,75,"{""product_name"": ""덴마크 하이그릭요거트 400g"", ""persona_key"": 75, ""purchase_behavior_prediction"": {""purchase_probability_pct"": 75, ""reason"": ""이 페르소나는 '실속형 미식가'로, 편리성과 새로운 맛을 중시하는 소비자입니다. HMR 선호도가 높아 간편한 식사를 선호하며, 건강식품에 대한 관심이 적지 않습니다. 덴마크 하이그릭요거트는 고단백, 건강식품으로서의 특성이 이 소비자에게 매력적입니다. 가격이 3,980원으로, 경쟁 제품의 가격대(873원 ~ 1,422원)와 비교했을 때 상대적으로 비싸지만, 브랜드 충성도가 높고 품질을 중시하는 경향이 있어 긍정적으로 받아들일 가능성이 큽니다. 따라서, 이 소비자는 제품의 품질과 건강적 이점을 고려하여 구매할 확률이 높습니다."", ""monthly_purchase_frequency"": 2}}",
덴마크 하이그릭요거트 400g|71,덴마크 하이그릭요거트 400g,71,,Expecting value: line 2 column 512 (char 512)
덴마크 하이그릭요거트 400g|72,덴마크 하이그릭요거트 400g,72,,Expecting value: line 2 column 512 (char 512)
덴마크 하이그릭요거트 400g|73,덴마크 하이그릭요거트 400g,73,,Expecting value: line 2 column 512 (char 512)
덴마크 하이그릭요거트 400g|74,덴마크 하이그릭요거트 400g,74,,Expecting value: line 2 column 512 (char 512)
덴마크 하이그릭요거트 400g|76,덴마크 하이그릭요거트 400g,76,,Expecting value: line 2 column 512 (char 512)
덴마크 하이그릭요거트 400g|77,덴마크 하이그릭요거트 400g,77,,Expecting value: line 2 column 512 (char 512)
덴마크 하이그릭요거트 400g|78,덴마크 하이그릭요거트 400g,78,,Expecting value: line 2 column 512 (char 512)
덴마크 하이그릭요거트 400g|79,덴마크 하이그릭요거트 400g,79,,Expecting value: line 2 column 512 (char 512)
덴마크 하이그릭요거트 400g|82,덴마크 하이그릭요거트 400g,82,"{""product_name"": ""덴마크 하이그릭요거트 400g"", ""persona_key"": 82, ""purchase_behavior_prediction"": {""purchase_probability_pct"": 75, ""reason"": ""이 페르소나는 '요리 편리성'을 중시하는 소비자로, 건강식품인 덴마크 하이그릭요거트는 고단백과 높은 만족도를 제공하여 그녀의 요구를 충족시킵니다. 또한, 유당불내증을 가진 소비자에게 적합한 제품으로, 그녀의 건강 지향성과도 잘 맞습니다. 가격은 3,980원으로, 경쟁 제품의 가격대(873원 ~ 1,422원)와 비교했을 때 상대적으로 높은 편이지만, 그녀는 가격에 민감하기보다는 효율성과 맛을 중시하는 실속형 미식가입니다. 따라서, 제품의 품질과 편리성에 대한 가치는 가격을 초과할 가능성이 높습니다."", ""monthly_purchase_frequency"": 3}}",
덴마크 하이그릭요거트 400g|81,덴마크 하이그릭요거트 400g,81,,Expecting value: line 2 column 512 (char 512)
덴마크 하이그릭요거트 400g|80,덴마크 하이그릭요거트 400g,80,,Expecting value: line 2 column 512 (char 512)
덴마크 하이그릭요거트 400g|83,덴마크 하이그릭요거트 400g,83,,Expecting value: line 2 column 512 (char 512)
덴마크 하이그릭요거트 400g|85,덴마크 하이그릭요거트 400g,85,,Expecting value: line 2 column 512 (char 512)
덴마크 하이그릭요거트 400g|88,덴마크 하이그릭요거트 400g,88,,Expecting value: line 2 column 512 (char 512)
덴마크 하이그릭요거트 400g|89,덴마크 하이그릭요거트 400g,89,,Expecting value: line 2 column 512 (char 512)
덴마크 하이그릭요거트 400g|86,덴마크 하이그릭요거트 400g,86,,Expecting value: line 2 column 512 (char 512)
덴마크 하이그릭요거트 400g|84,덴마크 하이그릭요거트 400g,84,,Expecting value: line 2 column 512 (char 512)
덴마크 하이그릭요거트 400g|90,덴마크 하이그릭요거트 400g,90,,Expecting value: line 2 column 512 (char 512)
덴마크 하이그릭요거트 400g|87,덴마크 하이그릭요거트 400g,87,,Expecting value: line 2 column 512 (char 512)
덴마크 하이그릭요거트 400g|91,덴마크 하이그릭요거트 400g,91,,Expecting value: line 2 column 512 (char 512)
덴마크 하이그릭요거트 400g|92,덴마크 하이그릭요거트 400g,92,,Expecting value: line 2 column 512 (char 512)
덴마크 하이그릭요거트 400g|93,덴마크 하이그릭요거트 400g,93,,Expecting value: line 2 column 512 (char 512)
덴마크 하이그릭요거트 400g|95,덴마크 하이그릭요거트 400g,95,,Expecting value: line 2 column 512 (char 512)
덴마크 하이그릭요거트 400g|97,덴마크 하이그릭요거트 400g,97,,Expecting value: line 2 column 512 (char 512)
덴마크 하이그릭요거트 400g|96,덴마크 하이그릭요거트 400g,96,,Expecting value: line 2 column 512 (char 512)
덴마크 하이그릭요거트 400g|94,덴마크 하이그릭요거트 400g,94,,Expecting value: line 2 column 512 (char 512)
덴마크 하이그릭요거트 400g|99,덴마크 하이그릭요거트 400g,99,,Expecting value: line 2 column 512 (char 512)
덴마크 하이그릭요거트 400g|100,덴마크 하이그릭요거트 400g,100,,Expecting value: line 2 column 512 (char 512)
덴마크 하이그릭요거트 400g|98,덴마크 하이그릭요거트 400g,98,,Expecting value: line 2 column 512 (char 512)
덴마크 하이그릭요거트 400g|102,덴마크 하이그릭요거트 400g,102,,Expecting value: line 2 column 512 (char 512)
덴마크 하이그릭요거트 400g|101,덴마크 하이그릭요거트 400g,101,,Expecting value: line 2 column 512 (char 512)
덴마크 하이그릭요거트 400g|104,덴마크 하이그릭요거트 400g,104,,Expecting value: line 2 column 512 (char 512)
덴마크 하이그릭요거트 400g|103,덴마크 하이그릭요거트 400g,103,,Expecting value: line 2 column 512 (char 512)
덴마크 하이그릭요거트 400g|106,덴마크 하이그릭요거트 400g,106,,Expecting value: line 2 column 512 (char 512)
덴마크 하이그릭요거트 400g|105,덴마크 하이그릭요거트 400g,105,,Expecting value: line 2 column 512 (char 512)
덴마크 하이그릭요거트 400g|107,덴마크 하이그릭요거트 400g,107,,Expecting value: line 2 column 512 (char 512)
덴마크 하이그릭요거트 400g|108,덴마크 하이그릭요거트 400g,108,,Expecting value: line 2 column 512 (char 512)
덴마크 하이그릭요거트 400g|109,덴마크 하이그릭요거트 400g,109,,Expecting value: line 2 column 512 (char 512)
덴마크 하이그릭요거트 400g|110,덴마크 하이그릭요거트 400g,110,,Expecting value: line 2 column 512 (char 512)
덴마크 하이그릭요거트 400g|112,덴마크 하이그릭요거트 400g,112,,Expecting value: line 2 column 512 (char 512)
덴마크 하이그릭요거트 400g|114,덴마크 하이그릭요거트 400g,114,"{""product_name"": ""덴마크 하이그릭요거트 400g"", ""persona_key"": 114, ""purchase_behavior_prediction"": {""purchase_probability_pct"": 85, ""reason"": ""이 페르소나는 HMR(가정간편식) 선호도가 매우 높고(0.8629), 건강식품에 대한 관심도 또한 상당히 높습니다(0.4452). 제품의 특징인 '고단백'과 '건강식품'은 그녀의 건강 지향적인 소비 성향과 잘 맞아떨어지며, 유당불내증을 가진 소비자에게 적합한 제품이라는 점도 긍정적입니다. 가격은 3,980원으로, 경쟁 제품의 가격대(873원 ~ 1,422원/100g)와 비교했을 때 상대적으로 합리적이며, 브랜드 충성도도 높아(0.5791) 동원 F&B의 제품을 선호할 가능성이 큽니다. 따라서, 이 소비자는 제품을 구매할 가능성이 매우 높습니다."", ""monthly_purchase_frequency"": 3}}",
덴마크 하이그릭요거트 400g|111,덴마크 하이그릭요거트 400g,111,,Expecting value: line 2 column 512 (char 512)
덴마크 하이그릭요거트 400g|115,덴마크 하이그릭요거트 400g,115,"{""product_name"": ""덴마크 하이그릭요거트 400g"", ""persona_key"": 115, ""purchase_behavior_prediction"": {""purchase_probability_pct"": 85, ""reason"": ""이 페르소나는 HMR(가정간편식) 선호도가 매우 높고(0.92), 건강식품에 대한 관심이 있으며(0.46), 요거트와 같은 고단백 제품에 긍정적인 반응을 보일 가능성이 큽니다. 또한, 40대 기혼 여성으로서 가족의 건강을 고려하여 건강한 간편식을 선호할 것입니다. 제품의 가격이 3,980원으로, 경쟁 제품의 가격대(873원 ~ 1,422원)보다 상대적으로 비싸지만, 브랜드 충성도(0.60)와 요리 편의성(0.68) 측면에서 긍정적으로 작용할 것입니다. 따라서, 이 소비자는 제품의 품질과 브랜드를 중시하여 구매할 가능성이 높습니다."", ""monthly_purchase_frequency"": 3}}",
덴마크 하이그릭요거트 400g|113,덴마크 하이그릭요거트 400g,113,,Expecting value: line 2 column 512 (char 512)
덴마크 하이그릭요거트 400g|116,덴마크 하이그릭요거트 400g,116,,Expecting value: line 2 column 512 (char 512)
덴마크 하이그릭요거트 400g|118,덴마크 하이그릭요거트 400g,118,,Expecting value: line 2 column 512 (char 512)
덴마크 하이그릭요거트 400g|119,덴마크 하이그릭요거트 400g,119,,Expecting value: line 2 column 512 (char 512)
덴마크 하이그릭요거트 400g|117,덴마크 하이그릭요거트 400g,117,,Expecting value: line 2 column 512 (char 512)
덴마크 하이그릭요거트 400g|120,덴마크 하이그릭요거트 400g,120,,Expecting value: line 2 column 512 (char 512)
덴마크 하이그릭요거트 400g|121,덴마크 하이그릭요거트 400g,121,,Expecting value: line 2 column 512 (char 512)
덴마크 하이그릭요거트 400g|123,덴마크 하이그릭요거트 400g,123,,Expecting value: line 2 column 512 (char 512)
덴마크 하이그릭요거트 400g|122,덴마크 하이그릭요거트 400g,122,,Expecting value: line 2 column 512 (char 512)
덴마크 하이그릭요거트 400g|125,덴마크 하이그릭요거트 400g,125,,Expecting value: line 2 column 512 (char 512)
덴마크 하이그릭요거트 400g|124,덴마크 하이그릭요거트 400g,124,,Expecting value: line 2 column 512 (char 512)
덴마크 하이그릭요거트 400g|126,덴마크 하이그릭요거트 400g,126,,Expecting value: line 2 column 512 (char 512)
덴마크 하이그릭요거트 400g|127,덴마크 하이그릭요거트 400g,127,,Expecting value: line 2 column 512 (char 512)
덴마크 하이그릭요거트 400g|128,덴마크 하이그릭요거트 400g,128,,Expecting value: line 2 column 512 (char 512)
덴마크 하이그릭요거트 400g|130,덴마크 하이그릭요거트 400g,130,,Expecting value: line 2 column 512 (char 512)
덴마크 하이그릭요거트 400g|129,덴마크 하이그릭요거트 400g,129,,Expecting value: line 2 column 512 (char 512)
덴마크 하이그릭요거트 400g|132,덴마크 하이그릭요거트 400g,132,,Expecting value: line 2 column 512 (char 512)
덴마크 하이그릭요거트 400g|131,덴마크 하이그릭요거트 400g,131,,Expecting value: line 2 column 512 (char 512)
덴마크 하이그릭요거트 400g|133,덴마크 하이그릭요거트 400g,133,,Expecting value: line 2 column 512 (char 512)
덴마크 하이그릭요거트 400g|134,덴마크 하이그릭요거트 400g,134,,Expecting value: line 2 column 512 (char 512)
덴마크 하이그릭요거트 400g|136,덴마크 하이그릭요거트 400g,136,"{""product_name"": ""덴마크 하이그릭요거트 400g"", ""persona_key"": 136, ""purchase_behavior_prediction"": {""purchase_probability_pct"": 75, ""reason"": ""이 소비자는 HMR(가정간편식) 선호도가 높고, 건강식품에 대한 관심이 있으며, 새로운 제품을 경험하고 공유하려는 경향이 강합니다. '덴마크 하이그릭요거트'는 고단백과 건강식품으로서의 특성을 가지고 있어 이 소비자의 건강 지향성과 잘 맞아떨어집니다. 또한, 가격이 3,980원으로 경쟁 제품의 가격대(873원 ~ 1,422원)보다 상대적으로 높은 편이지만, 브랜드 충성도가 높고 프리미엄 제품에 대한 수용도가 있어 긍정적으로 받아들일 가능성이 큽니다. 따라서, 이 소비자는 제품의 품질과 브랜드를 중시하여 구매할 가능성이 높습니다."", ""monthly_purchase_frequency"": 2}}",
덴마크 하이그릭요거트 400g|135,덴마크 하이그릭요거트 400g,135,,Expecting value: line 2 column 512 (char 512)
덴마크 하이그릭요거트 400g|137,덴마크 하이그릭요거트 400g,137,,Expecting value: line 2 column 512 (char 512)
덴마크 하이그릭요거트 400g|138,덴마크 하이그릭요거트 400g,138,,Expecting value: line 2 column 512 (char 512)
덴마크 하이그릭요거트 400g|139,덴마크 하이그릭요거트 400g,139,,Expecting value: line 2 column 512 (char 512)
덴마크 하이그릭요거트 400g|140,덴마크 하이그릭요거트 400g,140,,Expecting value: line 2 column 512 (char 512)
덴마크 하이그릭요거트 400g|141,덴마크 하이그릭요거트 400g,141,,Expecting value: line 2 column 512 (char 512)
덴마크 하이그릭요거트 400g|142,덴마크 하이그릭요거트 400g,142,,Expecting value: line 2 column 512 (char 512)
덴마크 하이그릭요거트 400g|143,덴마크 하이그릭요거트 400g,143,,Expecting value: line 2 column 512 (char 512)
덴마크 하이그릭요거트 400g|144,덴마크 하이그릭요거트 400g,144,,Expecting value: line 2 column 512 (char 512)
덴마크 하이그릭요거트 400g|146,덴마크 하이그릭요거트 400g,146,,Expecting value: line 2 column 512 (char 512)
덴마크 하이그릭요거트 400g|148,덴마크 하이그릭요거트 400g,148,,Expecting value: line 2 column 512 (char 512)
덴마크 하이그릭요거트 400g|147,덴마크 하이그릭요거트 400g,147,,Expecting value: line 2 column 512 (char 512)
덴마크 하이그릭요거트 400g|145,덴마크 하이그릭요거트 400g,145,,Expecting value: line 2 column 512 (char 512)
덴마크 하이그릭요거트 400g|154,덴마크 하이그릭요거트 400g,154,"{""product_name"": ""덴마크 하이그릭요거트 400g"", ""persona_key"": 154, ""purchase_behavior_prediction"": {""purchase_probability_pct"": 85, ""reason"": ""이 페르소나는 '요리 편리성'을 가장 중요하게 생각하는 소비자로, 덴마크 하이그릭요거트는 간편하게 섭취할 수 있는 건강식품으로서 매력적입니다. 제품의 고단백과 고소한 맛은 그녀의 건강 지향성과 맛에 대한 욕구를 충족시켜줄 수 있습니다. 또한, 가격이 3,980원으로 경쟁 제품의 가격 범위(873원 ~ 1,422원)보다 상대적으로 비쌀 수 있지만, 그녀는 가격에 민감하기보다는 효율성과 맛을 중시하는 소비자이므로 긍정적인 구매 결정을 내릴 가능성이 높습니다."", ""monthly_purchase_frequency"": 4}}",
덴마크 하이그릭요거트 400g|149,덴마크 하이그릭요거트 400g,149,,Expecting value: line 2 column 512 (char 512)
덴마크 하이그릭요거트 400g|150,덴마크 하이그릭요거트 400g,150,,Expecting value: line 2 column 512 (char 512)
덴마크 하이그릭요거트 400g|153,덴마크 하이그릭요거트 400g,153,,Expecting value: line 2 column 512 (char 512)
덴마크 하이그릭요거트 400g|151,덴마크 하이그릭요거트 400g,151,,Expecting value: line 2 column 512 (char 512)
덴마크 하이그릭요거트 400g|155,덴마크 하이그릭요거트 400g,155,,Expecting value: line 2 column 512 (char 512)
덴마크 하이그릭요거트 400g|152,덴마크 하이그릭요거트 400g,152,,Expecting value: line 2 column 512 (char 512)
덴마크 하이그릭요거트 400g|156,덴마크 하이그릭요거트 400g,156,,Expecting value: line 2 column 512 (char 512)
덴마크 하이그릭요거트 400g|158,덴마크 하이그릭요거트 400g,158,,Expecting value: line 2 column 512 (char 512)
덴마크 하이그릭요거트 400g|157,덴마크 하이그릭요거트 400g,157,,Expecting value: line 2 column 512 (char 512)
덴마크 하이그릭요거트 400g|160,덴마크 하이그릭요거트 400g,160,,Expecting value: line 2 column 512 (char 512)
덴마크 하이그릭요거트 400g|159,덴마크 하이그릭요거트 400g,159,,Expecting value: line 2 column 512 (char 512)
덴마크 하이그릭요거트 400g|161,덴마크 하이그릭요거트 400g,161,,Expecting value: line 2 column 512 (char 512)
덴마크 하이그릭요거트 400g|162,덴마크 하이그릭요거트 400g,162,,Expecting value: line 2 column 512 (char 512)
덴마크 하이그릭요거트 400g|163,덴마크 하이그릭요거트 400g,163,,Expecting value: line 2 column 512 (char 512)
덴마크 하이그릭요거트 400g|164,덴마크 하이그릭요거트 400g,164,,Expecting value: line 2 column 512 (char 512)
덴마크 하이그릭요거트 400g|165,덴마크 하이그릭요거트 400g,165,,Expecting value: line 2 column 512 (char 512)
덴마크 하이그릭요거트 400g|166,덴마크 하이그릭요거트 400g,166,,Expecting value: line 2 column 512 (char 512)
덴마크 하이그릭요거트 400g|167,덴마크 하이그릭요거트 400g,167,,Expecting value: line 2 column 512 (char 512)
덴마크 하이그릭요거트 400g|170,덴마크 하이그릭요거트 400g,170,,Expecting value: line 2 column 512 (char 512)
덴마크 하이그릭요거트 400g|168,덴마크 하이그릭요거트 400g,168,,Expecting value: line 2 column 512 (char 512)
덴마크 하이그릭요거트 400g|171,덴마크 하이그릭요거트 400g,171,,Expecting value: line 2 column 512 (char 512)
덴마크 하이그릭요거트 400g|173,덴마크 하이그릭요거트 400g,173,,Expecting value: line 2 column 512 (char 512)
덴마크 하이그릭요거트 400g|169,덴마크 하이그릭요거트 400g,169,,Expecting value: line 2 column 512 (char 512)
덴마크 하이그릭요거트 400g|172,덴마크 하이그릭요거트 400g,172,,Expecting value: line 2 column 512 (char 512)
덴마크 하이그릭요거트 400g|174,덴마크 하이그릭요거트 400g,174,,Expecting value: line 2 column 512 (char 512)
덴마크 하이그릭요거트 400g|179,덴마크 하이그릭요거트 400g,179,,Expecting value: line 2 column 512 (char 512)
덴마크 하이그릭요거트 400g|178,덴마크 하이그릭요거트 400g,178,,Expecting value: line 2 column 512 (char 512)
덴마크 하이그릭요거트 400g|177,덴마크 하이그릭요거트 400g,177,,Expecting value: line 2 column 512 (char 512)
덴마크 하이그릭요거트 400g|176,덴마크 하이그릭요거트 400g,176,,Expecting value: line 2 column 512 (char 512)
덴마크 하이그릭요거트 400g|175,덴마크 하이그릭요거트 400g,175,,Expecting value: line 2 column 512 (char 512)
덴마크 하이그릭요거트 400g|182,덴마크 하이그릭요거트 400g,182,,Expecting value: line 2 column 512 (char 512)
덴마크 하이그릭요거트 400g|184,덴마크 하이그릭요거트 400g,184,,Expecting value: line 2 column 512 (char 512)
덴마크 하이그릭요거트 400g|180,덴마크 하이그릭요거트 400g,180,,Expecting value: line 2 column 512 (char 512)
덴마크 하이그릭요거트 400g|181,덴마크 하이그릭요거트 400g,181,,Expecting value: line 2 column 512 (char 512)
덴마크 하이그릭요거트 400g|183,덴마크 하이그릭요거트 400g,183,,Expecting value: line 2 column 512 (char 512)
덴마크 하이그릭요거트 400g|185,덴마크 하이그릭요거트 400g,185,,Expecting value: line 2 column 512 (char 512)
덴마크 하이그릭요거트 400g|186,덴마크 하이그릭요거트 400g,186,,Expecting value: line 2 column 512 (char 512)
덴마크 하이그릭요거트 400g|188,덴마크 하이그릭요거트 400g,188,,Expecting value: line 2 column 512 (char 512)
덴마크 하이그릭요거트 400g|187,덴마크 하이그릭요거트 400g,187,,Expecting value: line 2 column 512 (char 512)
덴마크 하이그릭요거트 400g|191,덴마크 하이그릭요거트 400g,191,"{""product_name"": ""덴마크 하이그릭요거트 400g"", ""persona_key"": 191, ""purchase_behavior_prediction"": {""purchase_probability_pct"": 85, ""reason"": ""이 페르소나는 HMR(가정간편식) 선호도가 매우 높고, 건강 지향적인 소비 성향을 가지고 있습니다. 제품의 특징인 '고단백'과 '건강식품'은 그녀의 건강 지향적인 가치관과 잘 맞아떨어지며, '편리성'을 중시하는 성향 덕분에 HMR 제품에 대한 수요가 높습니다. 또한, 가격이 3,980원으로 경쟁 제품의 가격대(873원 ~ 1,422원)보다 상대적으로 비쌀 수 있지만, 그녀는 가격에 민감하기보다는 효율성과 맛을 중시하는 소비자이므로, 이 제품의 높은 만족도와 건강적 가치를 고려할 때 구매를 결정할 가능성이 높습니다."", ""monthly_purchase_frequency"": 2}}",
덴마크 하이그릭요거트 400g|189,덴마크 하이그릭요거트 400g,189,,Expecting value: line 2 column 512 (char 512)
덴마크 하이그릭요거트 400g|190,덴마크 하이그릭요거트 400g,190,,Expecting value: line 2 column 512 (char 512)
덴마크 하이그릭요거트 400g|193,덴마크 하이그릭요거트 400g,193,,Expecting value: line 2 column 512 (char 512)
덴마크 하이그릭요거트 400g|192,덴마크 하이그릭요거트 400g,192,,Expecting value: line 2 column 512 (char 512)
덴마크 하이그릭요거트 400g|194,덴마크 하이그릭요거트 400g,194,,Expecting value: line 2 column 512 (char 512)
덴마크 하이그릭요거트 400g|196,덴마크 하이그릭요거트 400g,196,,Expecting value: line 2 column 512 (char 512)
덴마크 하이그릭요거트 400g|195,덴마크 하이그릭요거트 400g,195,,Expecting value: line 2 column 512 (char 512)
덴마크 하이그릭요거트 400g|197,덴마크 하이그릭요거트 400g,197,,Expecting value: line 2 column 512 (char 512)
덴마크 하이그릭요거트 400g|198,덴마크 하이그릭요거트 400g,198,,Expecting value: line 2 column 512 (char 512)
덴마크 하이그릭요거트 400g|199,덴마크 하이그릭요거트 400g,199,,Expecting value: line 2 column 512 (char 512)
덴마크 하이그릭요거트 400g|201,덴마크 하이그릭요거트 400g,201,,Expecting value: line 2 column 512 (char 512)
덴마크 하이그릭요거트 400g|200,덴마크 하이그릭요거트 400g,200,,Expecting value: line 2 column 512 (char 512)
덴마크 하이그릭요거트 400g|202,덴마크 하이그릭요거트 400g,202,,Expecting value: line 2 column 512 (char 512)
덴마크 하이그릭요거트 400g|203,덴마크 하이그릭요거트 400g,203,,Expecting value: line 2 column 512 (char 512)
덴마크 하이그릭요거트 400g|204,덴마크 하이그릭요거트 400g,204,,Expecting value: line 2 column 512 (char 512)
덴마크 하이그릭요거트 400g|205,덴마크 하이그릭요거트 400g,205,,Expecting value: line 2 column 512 (char 512)
덴마크 하이그릭요거트 400g|209,덴마크 하이그릭요거트 400g,209,"{""product_name"": ""덴마크 하이그릭요거트 400g"", ""persona_key"": 209, ""purchase_behavior_prediction"": {""purchase_probability_pct"": 85, ""reason"": ""이 페르소나는 '실속형 미식가'로, HMR(가정간편식) 선호도가 매우 높습니다(0.8629). 이는 간편하면서도 맛있는 식품을 선호하는 경향을 나타냅니다. 제품의 특징 중 '고단백'과 '건강식품'이라는 요소는 건강을 중시하는 이 소비자에게 매력적이며, '고소한맛'과 '높은 만족도'는 새로운 맛을 시도하는 데 적극적인 태도를 반영합니다. 또한, 가격이 3,980원으로 경쟁 제품의 가격 범위(873원 ~ 1,422원)와 비교했을 때 상대적으로 높은 편이지만, 이 소비자는 가격에 민감하기보다는 효율성과 맛을 중시하므로 구매를 고려할 가능성이 높습니다."", ""monthly_purchase_frequency"": 4}}",
덴마크 하이그릭요거트 400g|206,덴마크 하이그릭요거트 400g,206,,Expecting value: line 2 column 512 (char 512)
덴마크 하이그릭요거트 400g|208,덴마크 하이그릭요거트 400g,208,,Expecting value: line 2 column 512 (char 512)
덴마크 하이그릭요거트 400g|207,덴마크 하이그릭요거트 400g,207,,Expecting value: line 2 column 512 (char 512)
덴마크 하이그릭요거트 400g|211,덴마크 하이그릭요거트 400g,211,"{""product_name"": ""덴마크 하이그릭요거트 400g"", ""persona_key"": 211, ""purchase_behavior_prediction"": {""purchase_probability_pct"": 85, ""reason"": ""이 소비자는 건강을 최우선으로 고려하는 프리미엄 소비자 그룹에 속하며, HMR(가정간편식) 선호도가 매우 높습니다. 제품의 특징인 '고단백'과 '건강식품'은 그녀의 건강 지향적인 소비 성향과 잘 맞아떨어지며, 유당불내증을 가진 소비자에게 적합한 제품입니다. 가격은 3,980원으로, 경쟁 제품의 가격대(873원 ~ 1,422원)와 비교했을 때 상대적으로 높은 편이지만, 그녀는 가격에 대한 민감도가 낮고 품질을 중시하기 때문에 긍정적으로 받아들일 가능성이 큽니다. 또한, 브랜드 충성도가 높아 동원 F&B와 같은 신뢰할 수 있는 브랜드의 제품을 선택할 가능성이 높습니다."", ""monthly_purchase_frequency"": 4}}",
덴마크 하이그릭요거트 400g|210,덴마크 하이그릭요거트 400g,210,,Expecting value: line 2 column 512 (char 512)
덴마크 하이그릭요거트 400g|212,덴마크 하이그릭요거트 400g,212,,Expecting value: line 2 column 512 (char 512)
덴마크 하이그릭요거트 400g|214,덴마크 하이그릭요거트 400g,214,,Expecting value: line 2 column 512 (char 512)
덴마크 하이그릭요거트 400g|213,덴마크 하이그릭요거트 400g,213,,Expecting value: line 2 column 512 (char 512)
덴마크 하이그릭요거트 400g|217,덴마크 하이그릭요거트 400g,217,,Expecting value: line 2 column 512 (char 512)
덴마크 하이그릭요거트 400g|215,덴마크 하이그릭요거트 400g,215,,Expecting value: line 2 column 512 (char 512)
덴마크 하이그릭요거트 400g|216,덴마크 하이그릭요거트 400g,216,,Expecting value: line 2 column 512 (char 512)
덴마크 하이그릭요거트 400g|218,덴마크 하이그릭요거트 400g,218,,Expecting value: line 2 column 512 (char 512)
덴마크 하이그릭요거트 400g|219,덴마크 하이그릭요거트 400g,219,,Expecting value: line 2 column 512 (char 512)
덴마크 하이그릭요거트 400g|221,덴마크 하이그릭요거트 400g,221,,Expecting value: line 2 column 512 (char 512)
덴마크 하이그릭요거트 400g|220,덴마크 하이그릭요거트 400g,220,,Expecting value: line 2 column 512 (char 512)
덴마크 하이그릭요거트 400g|222,덴마크 하이그릭요거트 400g,222,,Expecting value: line 2 column 512 (char 512)
덴마크 하이그릭요거트 400g|223,덴마크 하이그릭요거트 400g,223,,Expecting value: line 2 column 512 (char 512)
덴마크 하이그릭요거트 400g|224,덴마크 하이그릭요거트 400g,224,,Expecting value: line 2 column 512 (char 512)
덴마크 하이그릭요거트 400g|225,덴마크 하이그릭요거트 400g,225,,Expecting value: line 2 column 512 (char 512)
덴마크 하이그릭요거트 400g|227,덴마크 하이그릭요거트 400g,227,"{""product_name"": ""덴마크 하이그릭요거트 400g"", ""persona_key"": 227, ""purchase_behavior_prediction"": {""purchase_probability_pct"": 85, ""reason"": ""이 페르소나는 건강을 최우선으로 고려하는 소비자로, HMR(가정간편식) 선호도가 높습니다. '덴마크 하이그릭요거트'는 건강식품으로 고단백이며, 유당불내증 소비자에게 적합한 제품입니다. 또한, 가격이 3,980원으로 경쟁 제품의 가격 범위(873원 ~ 1,422원)와 비교했을 때 상대적으로 높은 편이지만, 건강과 편리성을 중시하는 이 소비자에게는 가격보다 제품의 품질과 건강적 가치가 더 중요합니다. 따라서 이 소비자는 이 제품을 구매할 가능성이 높습니다."", ""monthly_purchase_frequency"": 4}}",
덴마크 하이그릭요거트 400g|226,덴마크 하이그릭요거트 400g,226,,Expecting value: line 2 column 512 (char 512)
덴마크 하이그릭요거트 400g|228,덴마크 하이그릭요거트 400g,228,,Expecting value: line 2 column 512 (char 512)
덴마크 하이그릭요거트 400g|229,덴마크 하이그릭요거트 400g,229,,Expecting value: line 2 column 512 (char 512)
덴마크 하이그릭요거트 400g|230,덴마크 하이그릭요거트 400g,230,,Expecting value: line 2 column 512 (char 512)
덴마크 하이그릭요거트 400g|232,덴마크 하이그릭요거트 400g,232,,Expecting value: line 2 column 512 (char 512)
덴마크 하이그릭요거트 400g|231,덴마크 하이그릭요거트 400g,231,,Expecting value: line 2 column 512 (char 512)
덴마크 하이그릭요거트 400g|233,덴마크 하이그릭요거트 400g,233,,Expecting value: line 2 column 512 (char 512)
덴마크 하이그릭요거트 400g|238,덴마크 하이그릭요거트 400g,238,"{""product_name"": ""덴마크 하이그릭요거트 400g"", ""persona_key"": 238, ""purchase_behavior_prediction"": {""purchase_probability_pct"": 85, ""reason"": ""이 소비자는 브랜드 충성도가 매우 높고, 건강식품에 대한 관심이 있는 트렌드 주도형 소비자입니다. 덴마크 하이그릭요거트는 고단백과 건강식품으로서의 특성을 가지고 있어, 이 소비자의 건강 지향성과 잘 맞아떨어집니다. 또한, 부산 지역에서 판매 종사자로 일하는 이 소비자는 편리함과 품질을 중시하며, 제품의 높은 만족도와 브랜드 신뢰도가 구매를 유도할 것입니다. 경쟁 제품의 가격대가 100g당 873원에서 1,422원 사이인 점을 고려할 때, 400g에 3,980원의 가격은 적절하다고 판단될 수 있으며, 이는 가격 민감도가 낮은 소비자에게 긍정적으로 작용할 것입니다."", ""monthly_purchase_frequency"": 4}}",
덴마크 하이그릭요거트 400g|234,덴마크 하이그릭요거트 400g,234,,Expecting value: line 2 column 512 (char 512)
덴마크 하이그릭요거트 400g|236,덴마크 하이그릭요거트 400g,236,,Expecting value: line 2 column 512 (char 512)
덴마크 하이그릭요거트 400g|237,덴마크 하이그릭요거트 400g,237,,Expecting value: line 2 column 512 (char 512)
덴마크 하이그릭요거트 400g|235,덴마크 하이그릭요거트 400g,235,,Expecting value: line 2 column 512 (char 512)
덴마크 하이그릭요거트 400g|239,덴마크 하이그릭요거트 400g,239,,Expecting value: line 2 column 512 (char 512)
덴마크 하이그릭요거트 400g|241,덴마크 하이그릭요거트 400g,241,,Expecting value: line 2 column 512 (char 512)
덴마크 하이그릭요거트 400g|244,덴마크 하이그릭요거트 400g,244,,Expecting value: line 2 column 512 (char 512)
덴마크 하이그릭요거트 400g|240,덴마크 하이그릭요거트 400g,240,,Expecting value: line 2 column 512 (char 512)
덴마크 하이그릭요거트 400g|242,덴마크 하이그릭요거트 400g,242,,Expecting value: line 2 column 512 (char 512)
덴마크 하이그릭요거트 400g|243,덴마크 하이그릭요거트 400g,243,,Expecting value: line 2 column 512 (char 512)
덴마크 하이그릭요거트 400g|245,덴마크 하이그릭요거트 400g,245,,Expecting value: line 2 column 512 (char 512)
덴마크 하이그릭요거트 400g|246,덴마크 하이그릭요거트 400g,246,,Expecting value: line 2 column 512 (char 512)
덴마크 하이그릭요거트 400g|249,덴마크 하이그릭요거트 400g,249,"{""product_name"": ""덴마크 하이그릭요거트 400g"", ""persona_key"": 249, ""purchase_behavior_prediction"": {""purchase_probability_pct"": 75, ""reason"": ""이 페르소나는 HMR(가정식 대체식품)에 대한 높은 선호도를 가지고 있으며, 이는 건강식품인 덴마크 하이그릭요거트와 잘 맞아떨어집니다. 제품의 고단백과 건강식품 특성은 그녀의 건강 지향성과도 부합하며, 특히 유당불내증을 가진 소비자에게 적합한 제품입니다. 또한, 가격이 3,980원으로 경쟁 제품의 가격 범위(873원 ~ 1,422원)와 비교했을 때 상대적으로 합리적인 수준으로, 가격 민감도가 낮은 그녀에게 긍정적인 요소로 작용할 것입니다. 따라서, 이 페르소나는 새로운 제품을 경험하고 공유하려는 경향이 강하므로, 이 제품을 구매할 가능성이 높습니다."", ""monthly_purchase_frequency"": 2}}",
덴마크 하이그릭요거트 400g|247,덴마크 하이그릭요거트 400g,247,,Expecting value: line 2 column 512 (char 512)
덴마크 하이그릭요거트 400g|248,덴마크 하이그릭요거트 400g,248,,Expecting value: line 2 column 512 (char 512)
덴마크 하이그릭요거트 400g|250,덴마크 하이그릭요거트 400g,250,,Expecting value: line 2 column 512 (char 512)
덴마크 하이그릭요거트 400g|252,덴마크 하이그릭요거트 400g,252,,Expecting value: line 2 column 512 (char 512)
덴마크 하이그릭요거트 400g|251,덴마크 하이그릭요거트 400g,251,,Expecting value: line 2 column 512 (char 512)
덴마크 하이그릭요거트 400g|253,덴마크 하이그릭요거트 400g,253,,Expecting value: line 2 column 512 (char 512)
덴마크 하이그릭요거트 400g|258,덴마크 하이그릭요거트 400g,258,,Expecting value: line 2 column 512 (char 512)
덴마크 하이그릭요거트 400g|254,덴마크 하이그릭요거트 400g,254,,Expecting value: line 2 column 512 (char 512)
덴마크 하이그릭요거트 400g|255,덴마크 하이그릭요거트 400g,255,,Expecting value: line 2 column 512 (char 512)
덴마크 하이그릭요거트 400g|257,덴마크 하이그릭요거트 400g,257,,Expecting value: line 2 column 512 (char 512)
덴마크 하이그릭요거트 400g|256,덴마크 하이그릭요거트 400g,256,,Expecting value: line 2 column 512 (char 512)
덴마크 하이그릭요거트 400g|259,덴마크 하이그릭요거트 400g,259,,Expecting value: line 2 column 512 (char 512)
덴마크 하이그릭요거트 400g|261,덴마크 하이그릭요거트 400g,261,"{""product_name"": ""덴마크 하이그릭요거트 400g"", ""persona_key"": 261, ""purchase_behavior_prediction"": {""purchase_probability_pct"": 75, ""reason"": ""이 페르소나는 '실속형 미식가'로, HMR(가정간편식) 선호도가 매우 높습니다(0.799). 이는 편리함과 맛을 동시에 추구하는 경향을 나타내며, 덴마크 하이그릭요거트는 건강식품으로서 고단백과 높은 만족도를 제공하여 이 소비자에게 매력적입니다. 또한, 가격이 3,980원으로 경쟁 제품의 가격대(873원 ~ 1,422원)보다 상대적으로 높지만, 이 소비자는 가격에 민감하기보다는 효율성과 맛을 중시하므로, 가격에 대한 저항감이 낮을 것으로 예상됩니다. 따라서 이 제품은 그녀의 건강과 편리함을 동시에 충족시켜 줄 수 있어 구매 확률이 높습니다."", ""monthly_purchase_frequency"": 4}}",
덴마크 하이그릭요거트 400g|260,덴마크 하이그릭요거트 400g,260,,Expecting value: line 2 column 512 (char 512)
덴마크 하이그릭요거트 400g|262,덴마크 하이그릭요거트 400g,262,,Expecting value: line 2 column 512 (char 512)
덴마크 하이그릭요거트 400g|266,덴마크 하이그릭요거트 400g,266,,Expecting value: line 2 column 512 (char 512)
덴마크 하이그릭요거트 400g|264,덴마크 하이그릭요거트 400g,264,,Expecting value: line 2 column 512 (char 512)
덴마크 하이그릭요거트 400g|265,덴마크 하이그릭요거트 400g,265,,Expecting value: line 2 column 512 (char 512)
덴마크 하이그릭요거트 400g|263,덴마크 하이그릭요거트 400g,263,,Expecting value: line 2 column 512 (char 512)
덴마크 하이그릭요거트 400g|267,덴마크 하이그릭요거트 400g,267,,Expecting value: line 2 column 512 (char 512)
덴마크 하이그릭요거트 400g|268,덴마크 하이그릭요거트 400g,268,,Expecting value: line 2 column 512 (char 512)
덴마크 하이그릭요거트 400g|269,덴마크 하이그릭요거트 400g,269,,Expecting value: line 2 column 512 (char 512)
덴마크 하이그릭요거트 400g|270,덴마크 하이그릭요거트 400g,270,,Expecting value: line 2 column 512 (char 512)
덴마크 하이그릭요거트 400g|272,덴마크 하이그릭요거트 400g,272,,Expecting value: line 2 column 512 (char 512)
덴마크 하이그릭요거트 400g|276,덴마크 하이그릭요거트 400g,276,"{""product_name"": ""덴마크 하이그릭요거트 400g"", ""persona_key"": 276, ""purchase_behavior_prediction"": {""purchase_probability_pct"": 85, ""reason"": ""이 페르소나는 건강을 최우선으로 고려하는 소비자로, HMR(가정식 대체식) 선호도가 높습니다. 제품의 특징인 '고단백'과 '건강식품'은 그녀의 건강 지향성과 잘 맞아떨어지며, 유당불내증을 가진 소비자에게 적합한 제품입니다. 가격은 3,980원으로, 경쟁 제품의 가격대(873원 ~ 1,422원)와 비교했을 때 상대적으로 높은 편이지만, 그녀의 프리미엄 소비 성향과 건강을 중시하는 태도 때문에 가격에 대한 민감도가 낮습니다. 따라서 이 제품은 그녀에게 매력적이며, 구매 확률이 높습니다."", ""monthly_purchase_frequency"": 3}}",
덴마크 하이그릭요거트 400g|274,덴마크 하이그릭요거트 400g,274,"{""product_name"": ""덴마크 하이그릭요거트 400g"", ""persona_key"": 274, ""purchase_behavior_prediction"": {""purchase_probability_pct"": 75, ""reason"": ""이 페르소나는 '요리 편리성'을 가장 중요하게 여기는 소비자로, 건강식품과 고단백 제품을 선호합니다. 덴마크 하이그릭요거트는 이러한 특성을 충족하며, 특히 유당불내증이 있는 소비자에게 적합합니다. 가격이 3,980원으로, 경쟁 제품의 가격대(873원 ~ 1,422원)와 비교할 때 상대적으로 높은 편이지만, 이 소비자는 효율성과 맛을 중시하기 때문에 가격에 대한 민감도가 낮습니다. 따라서 이 제품은 그녀에게 매력적일 것입니다."", ""monthly_purchase_frequency"": 2}}",
덴마크 하이그릭요거트 400g|273,덴마크 하이그릭요거트 400g,273,,Expecting value: line 2 column 512 (char 512)
덴마크 하이그릭요거트 400g|275,덴마크 하이그릭요거트 400g,275,,Expecting value: line 2 column 512 (char 512)
덴마크 하이그릭요거트 400g|277,덴마크 하이그릭요거트 400g,277,,Expecting value: line 2 column 512 (char 512)
덴마크 하이그릭요거트 400g|278,덴마크 하이그릭요거트 400g,278,,Expecting value: line 2 column 512 (char 512)
덴마크 하이그릭요거트 400g|280,덴마크 하이그릭요거트 400g,280,,Expecting value: line 2 column 512 (char 512)
덴마크 하이그릭요거트 400g|279,덴마크 하이그릭요거트 400g,279,,Expecting value: line 2 column 512 (char 512)
덴마크 하이그릭요거트 400g|271,덴마크 하이그릭요거트 400g,271,,Expecting value: line 2 column 512 (char 512)
덴마크 하이그릭요거트 400g|282,덴마크 하이그릭요거트 400g,282,,Expecting value: line 2 column 512 (char 512)
덴마크 하이그릭요거트 400g|281,덴마크 하이그릭요거트 400g,281,,Expecting value: line 2 column 512 (char 512)
덴마크 하이그릭요거트 400g|285,덴마크 하이그릭요거트 400g,285,,Expecting value: line 2 column 512 (char 512)
덴마크 하이그릭요거트 400g|284,덴마크 하이그릭요거트 400g,284,,Expecting value: line 2 column 512 (char 512)
덴마크 하이그릭요거트 400g|283,덴마크 하이그릭요거트 400g,283,,Expecting value: line 2 column 512 (char 512)
덴마크 하이그릭요거트 400g|286,덴마크 하이그릭요거트 400g,286,,Expecting value: line 2 column 512 (char 512)
덴마크 하이그릭요거트 400g|289,덴마크 하이그릭요거트 400g,289,,Expecting value: line 2 column 512 (char 512)
덴마크 하이그릭요거트 400g|288,덴마크 하이그릭요거트 400g,288,,Expecting value: line 2 column 512 (char 512)
덴마크 하이그릭요거트 400g|287,덴마크 하이그릭요거트 400g,287,,Expecting value: line 2 column 512 (char 512)
덴마크 하이그릭요거트 400g|291,덴마크 하이그릭요거트 400g,291,,Expecting value: line 2 column 512 (char 512)
덴마크 하이그릭요거트 400g|292,덴마크 하이그릭요거트 400g,292,,Expecting value: line 2 column 512 (char 512)
덴마크 하이그릭요거트 400g|290,덴마크 하이그릭요거트 400g,290,,Expecting value: line 2 column 512 (char 512)
덴마크 하이그릭요거트 400g|294,덴마크 하이그릭요거트 400g,294,,Expecting value: line 2 column 512 (char 512)
덴마크 하이그릭요거트 400g|297,덴마크 하이그릭요거트 400g,297,,Expecting value: line 2 column 512 (char 512)
덴마크 하이그릭요거트 400g|295,덴마크 하이그릭요거트 400g,295,,Expecting value: line 2 column 512 (char 512)
덴마크 하이그릭요거트 400g|293,덴마크 하이그릭요거트 400g,293,,Expecting value: line 2 column 512 (char 512)
덴마크 하이그릭요거트 400g|296,덴마크 하이그릭요거트 400g,296,,Expecting value: line 2 column 512 (char 512)
덴마크 하이그릭요거트 400g|299,덴마크 하이그릭요거트 400g,299,,Expecting value: line 2 column 512 (char 512)
덴마크 하이그릭요거트 400g|301,덴마크 하이그릭요거트 400g,301,,Expecting value: line 2 column 512 (char 512)
덴마크 하이그릭요거트 400g|302,덴마크 하이그릭요거트 400g,302,,Expecting value: line 2 column 512 (char 512)
덴마크 하이그릭요거트 400g|298,덴마크 하이그릭요거트 400g,298,,Expecting value: line 2 column 512 (char 512)
덴마크 하이그릭요거트 400g|303,덴마크 하이그릭요거트 400g,303,,Expecting value: line 2 column 512 (char 512)
덴마크 하이그릭요거트 400g|300,덴마크 하이그릭요거트 400g,300,,Expecting value: line 2 column 512 (char 512)
덴마크 하이그릭요거트 400g|305,덴마크 하이그릭요거트 400g,305,,Expecting value: line 2 column 512 (char 512)
덴마크 하이그릭요거트 400g|304,덴마크 하이그릭요거트 400g,304,,Expecting value: line 2 column 512 (char 512)
덴마크 하이그릭요거트 400g|308,덴마크 하이그릭요거트 400g,308,"{""product_name"": ""덴마크 하이그릭요거트 400g"", ""persona_key"": 308, ""purchase_behavior_prediction"": {""purchase_probability_pct"": 75, ""reason"": ""이 페르소나는 '실속형 미식가'로, HMR(가정식 대체식품)에 대한 선호도가 매우 높습니다(0.799). 이는 편리성과 맛을 동시에 추구하는 소비 성향을 반영합니다. 제품의 특징인 '건강식품', '고단백', '고소한맛'은 이 소비자에게 매력적이며, 특히 유당불내증이 있는 소비자에게 적합합니다. 가격은 3,980원으로, 경쟁 제품의 가격대(873원 ~ 1,422원)와 비교했을 때 상대적으로 높은 편이지만, 이 소비자는 가격에 민감하기보다는 효율성과 맛을 중시하므로 긍정적으로 받아들일 가능성이 높습니다. 따라서, 이 소비자는 제품의 품질과 건강적 이점을 고려할 때 구매를 결정할 확률이 높습니다."", ""monthly_purchase_frequency"": 4}}",
덴마크 하이그릭요거트 400g|306,덴마크 하이그릭요거트 400g,306,,Expecting value: line 2 column 512 (char 512)
덴마크 하이그릭요거트 400g|309,덴마크 하이그릭요거트 400g,309,,Expecting value: line 2 column 512 (char 512)
덴마크 하이그릭요거트 400g|307,덴마크 하이그릭요거트 400g,307,,Expecting value: line 2 column 512 (char 512)
덴마크 하이그릭요거트 400g|311,덴마크 하이그릭요거트 400g,311,,Expecting value: line 2 column 512 (char 512)
덴마크 하이그릭요거트 400g|312,덴마크 하이그릭요거트 400g,312,,Expecting value: line 2 column 512 (char 512)
덴마크 하이그릭요거트 400g|313,덴마크 하이그릭요거트 400g,313,,Expecting value: line 2 column 512 (char 512)
덴마크 하이그릭요거트 400g|315,덴마크 하이그릭요거트 400g,315,,Expecting value: line 2 column 512 (char 512)
덴마크 하이그릭요거트 400g|314,덴마크 하이그릭요거트 400g,314,,Expecting value: line 2 column 512 (char 512)
덴마크 하이그릭요거트 400g|310,덴마크 하이그릭요거트 400g,310,,Expecting value: line 2 column 512 (char 512)
덴마크 하이그릭요거트 400g|316,덴마크 하이그릭요거트 400g,316,,Expecting value: line 2 column 512 (char 512)
덴마크 하이그릭요거트 400g|317,덴마크 하이그릭요거트 400g,317,,Expecting value: line 2 column 512 (char 512)
덴마크 하이그릭요거트 400g|318,덴마크 하이그릭요거트 400g,318,,Expecting value: line 2 column 512 (char 512)
덴마크 하이그릭요거트 400g|320,덴마크 하이그릭요거트 400g,320,,Expecting value: line 2 column 512 (char 512)
덴마크 하이그릭요거트 400g|321,덴마크 하이그릭요거트 400g,321,,Expecting value: line 2 column 512 (char 512)
덴마크 하이그릭요거트 400g|319,덴마크 하이그릭요거트 400g,319,,Expecting value: line 2 column 512 (char 512)
덴마크 하이그릭요거트 400g|322,덴마크 하이그릭요거트 400g,322,,Expecting value: line 2 column 512 (char 512)
덴마크 하이그릭요거트 400g|323,덴마크 하이그릭요거트 400g,323,,Expecting value: line 2 column 512 (char 512)
덴마크 하이그릭요거트 400g|324,덴마크 하이그릭요거트 400g,324,,Expecting value: line 2 column 512 (char 512)
덴마크 하이그릭요거트 400g|326,덴마크 하이그릭요거트 400g,326,,Expecting value: line 2 column 512 (char 512)
덴마크 하이그릭요거트 400g|327,덴마크 하이그릭요거트 400g,327,,Expecting value: line 2 column 512 (char 512)
덴마크 하이그릭요거트 400g|325,덴마크 하이그릭요거트 400g,325,,Expecting value: line 2 column 512 (char 512)
덴마크 하이그릭요거트 400g|329,덴마크 하이그릭요거트 400g,329,,Expecting value: line 2 column 512 (char 512)
덴마크 하이그릭요거트 400g|328,덴마크 하이그릭요거트 400g,328,,Expecting value: line 2 column 512 (char 512)
덴마크 하이그릭요거트 400g|330,덴마크 하이그릭요거트 400g,330,,Expecting value: line 2 column 512 (char 512)
덴마크 하이그릭요거트 400g|331,덴마크 하이그릭요거트 400g,331,,Expecting value: line 2 column 512 (char 512)
덴마크 하이그릭요거트 400g|333,덴마크 하이그릭요거트 400g,333,,Expecting value: line 2 column 512 (char 512)
덴마크 하이그릭요거트 400g|332,덴마크 하이그릭요거트 400g,332,,Expecting value: line 2 column 512 (char 512)
덴마크 하이그릭요거트 400g|336,덴마크 하이그릭요거트 400g,336,,Expecting value: line 2 column 512 (char 512)
덴마크 하이그릭요거트 400g|337,덴마크 하이그릭요거트 400g,337,,Expecting value: line 2 column 512 (char 512)
덴마크 하이그릭요거트 400g|339,덴마크 하이그릭요거트 400g,339,"{""product_name"": ""덴마크 하이그릭요거트 400g"", ""persona_key"": 339, ""purchase_behavior_prediction"": {""purchase_probability_pct"": 85, ""reason"": ""이 소비자는 건강을 최우선으로 고려하는 프리미엄 소비자 그룹에 속하며, HMR(가정간편식) 선호도가 높습니다. 제품의 특징인 '고단백'과 '건강식품'은 그의 건강 지향성과 잘 맞아떨어지며, 가격(3,980원)은 경쟁 제품의 가격대(873원 ~ 1,422원)와 비교했을 때 다소 높은 편이지만, 브랜드 충성도가 높고 프리미엄 제품에 대한 수용도가 높기 때문에 긍정적으로 받아들일 가능성이 큽니다. 따라서 이 소비자는 제품의 건강적 가치와 편리성을 고려하여 구매할 가능성이 높습니다."", ""monthly_purchase_frequency"": 2}}",
덴마크 하이그릭요거트 400g|334,덴마크 하이그릭요거트 400g,334,,Expecting value: line 2 column 512 (char 512)
덴마크 하이그릭요거트 400g|335,덴마크 하이그릭요거트 400g,335,,Expecting value: line 2 column 512 (char 512)
덴마크 하이그릭요거트 400g|341,덴마크 하이그릭요거트 400g,341,"{""product_name"": ""덴마크 하이그릭요거트 400g"", ""persona_key"": 341, ""purchase_behavior_prediction"": {""purchase_probability_pct"": 75, ""reason"": ""이 소비자는 HMR(가정간편식) 선호도가 높고, 건강식품에 대한 관심이 상대적으로 낮지만, 고단백 제품에 대한 수요가 있습니다. '덴마크 하이그릭요거트'는 건강식품으로서 고단백의 특성을 가지고 있어 이 소비자에게 매력적입니다. 또한, 가격이 3,980원으로 경쟁 제품의 가격대(873원 ~ 1,422원)보다 높은 편이지만, 브랜드 충성도가 높고 프리미엄 제품에 대한 수용성이 있어 긍정적으로 받아들일 가능성이 큽니다. 따라서 이 소비자는 제품의 품질과 브랜드를 중시하며, 광고와 프로모션이 진행되는 시기에 구매를 고려할 것입니다."", ""monthly_purchase_frequency"": 2}}",
덴마크 하이그릭요거트 400g|338,덴마크 하이그릭요거트 400g,338,,Expecting value: line 2 column 512 (char 512)
덴마크 하이그릭요거트 400g|345,덴마크 하이그릭요거트 400g,345,"{""product_name"": ""덴마크 하이그릭요거트 400g"", ""persona_key"": 345, ""purchase_behavior_prediction"": {""purchase_probability_pct"": 85, ""reason"": ""이 소비자는 HMR(가정간편식) 선호도가 매우 높고(0.902), 건강식품에 대한 관심도 또한 중간 이상(0.503)입니다. '덴마크 하이그릭요거트'는 고단백, 건강식품으로서 이 소비자의 건강 지향성과 잘 맞아떨어지며, 특히 유당불내증을 가진 소비자에게 적합한 제품입니다. 가격은 3,980원으로, 경쟁 제품의 가격대(873원 ~ 1,422원)와 비교했을 때 상대적으로 높은 편이지만, 이 소비자는 가격 민감도가 낮아(0.246) 가격에 대한 부담이 적습니다. 또한, 트렌드 주도형 소비자로서 새로운 제품을 경험하고 공유하려는 경향이 강해, 이 제품에 대한 호기심과 구매 의향이 높습니다."", ""monthly_purchase_frequency"": 3}}",
덴마크 하이그릭요거트 400g|342,덴마크 하이그릭요거트 400g,342,,Expecting value: line 2 column 512 (char 512)
덴마크 하이그릭요거트 400g|340,덴마크 하이그릭요거트 400g,340,,Expecting value: line 2 column 512 (char 512)
덴마크 하이그릭요거트 400g|344,덴마크 하이그릭요거트 400g,344,,Expecting value: line 2 column 512 (char 512)
덴마크 하이그릭요거트 400g|346,덴마크 하이그릭요거트 400g,346,,Expecting value: line 2 column 512 (char 512)
덴마크 하이그릭요거트 400g|348,덴마크 하이그릭요거트 400g,348,"{""product_name"": ""덴마크 하이그릭요거트 400g"", ""persona_key"": 348, ""purchase_behavior_prediction"": {""purchase_probability_pct"": 75, ""reason"": ""이 페르소나는 '실속형 미식가'로, 편리성과 맛을 중시하며 새로운 제품을 시도하는 데 적극적입니다. HMR(가정간편식) 선호도가 높아, 건강식품인 덴마크 하이그릭요거트는 그녀의 건강 지향성과 잘 맞아떨어집니다. 또한, 가격이 3,980원으로 경쟁 제품의 가격대(873원 ~ 1,422원)보다 상대적으로 높은 편이지만, 그녀는 가격에 민감하기보다는 효율성과 맛을 중시하므로 긍정적으로 받아들일 가능성이 큽니다. 따라서, 이 제품은 그녀에게 매력적일 것입니다."", ""monthly_purchase_frequency"": 4}}",
덴마크 하이그릭요거트 400g|343,덴마크 하이그릭요거트 400g,343,,Expecting value: line 2 column 512 (char 512)
덴마크 하이그릭요거트 400g|347,덴마크 하이그릭요거트 400g,347,,Expecting value: line 2 column 512 (char 512)
덴마크 하이그릭요거트 400g|351,덴마크 하이그릭요거트 400g,351,"{""product_name"": ""덴마크 하이그릭요거트 400g"", ""persona_key"": 351, ""purchase_behavior_prediction"": {""purchase_probability_pct"": 75, ""reason"": ""이 페르소나는 '실속형 미식가'로, 편리성과 맛을 동시에 추구하는 소비자입니다. HMR(가정간편식) 선호도가 높아, 간편하게 섭취할 수 있는 요거트 제품에 매력을 느낄 것입니다. 제품의 특징인 '고단백'과 '건강식품'은 건강을 중시하는 소비자에게 긍정적인 요소로 작용할 것입니다. 또한, 가격이 3,980원으로 경쟁 제품의 가격대(873원 ~ 1,422원)보다 상대적으로 높은 편이지만, 이 소비자는 가격에 민감하기보다는 효율성과 맛을 중시하므로, 제품의 품질과 만족도를 고려할 때 구매를 결정할 가능성이 높습니다. 따라서, 구매 확률은 75%로 예측됩니다."", ""monthly_purchase_frequency"": 2}}",
덴마크 하이그릭요거트 400g|350,덴마크 하이그릭요거트 400g,350,,Expecting value: line 2 column 512 (char 512)
덴마크 하이그릭요거트 400g|349,덴마크 하이그릭요거트 400g,349,,Expecting value: line 2 column 512 (char 512)
덴마크 하이그릭요거트 400g|353,덴마크 하이그릭요거트 400g,353,,Expecting value: line 2 column 512 (char 512)
덴마크 하이그릭요거트 400g|352,덴마크 하이그릭요거트 400g,352,,Expecting value: line 2 column 512 (char 512)
덴마크 하이그릭요거트 400g|355,덴마크 하이그릭요거트 400g,355,,Expecting value: line 2 column 512 (char 512)
덴마크 하이그릭요거트 400g|354,덴마크 하이그릭요거트 400g,354,,Expecting value: line 2 column 512 (char 512)
덴마크 하이그릭요거트 400g|356,덴마크 하이그릭요거트 400g,356,,Expecting value: line 2 column 512 (char 512)
덴마크 하이그릭요거트 400g|357,덴마크 하이그릭요거트 400g,357,,Expecting value: line 2 column 512 (char 512)
덴마크 하이그릭요거트 400g|359,덴마크 하이그릭요거트 400g,359,"{""product_name"": ""덴마크 하이그릭요거트 400g"", ""persona_key"": 359, ""purchase_behavior_prediction"": {""purchase_probability_pct"": 75, ""reason"": ""이 소비자는 요리 편리성을 중시하는 트렌드 주도형 소비자로, 간편하게 섭취할 수 있는 건강식품에 대한 높은 선호도를 가지고 있습니다. 덴마크 하이그릭요거트는 고단백, 건강식품으로서의 특성과 함께 맛의 만족도가 높아 이 소비자에게 매력적입니다. 또한, 가격이 3,980원으로 경쟁 제품의 가격대(873원 ~ 1,422원)보다 상대적으로 비쌀 수 있지만, 브랜드 충성도가 높고 프리미엄 제품에 대한 선호가 있어 구매를 고려할 가능성이 큽니다. 따라서, 이 소비자는 제품의 품질과 편리성을 중시하여 구매할 가능성이 높습니다."", ""monthly_purchase_frequency"": 2}}",
덴마크 하이그릭요거트 400g|358,덴마크 하이그릭요거트 400g,358,,Expecting value: line 2 column 512 (char 512)
덴마크 하이그릭요거트 400g|363,덴마크 하이그릭요거트 400g,363,"{""product_name"": ""덴마크 하이그릭요거트 400g"", ""persona_key"": 363, ""purchase_behavior_prediction"": {""purchase_probability_pct"": 75, ""reason"": ""페르소나는 '실속형 미식가'로, 편리함과 맛을 동시에 추구하는 소비자입니다. HMR 선호도가 높아 간편하게 섭취할 수 있는 제품에 대한 수요가 큽니다. 덴마크 하이그릭요거트는 건강식품으로 고단백이며, 유당불내증 소비자에게 적합하여 이 페르소나의 건강 지향성과 잘 맞습니다. 가격은 3,980원으로, 경쟁 제품의 가격대(873원 ~ 1,422원)와 비교했을 때 상대적으로 높은 편이지만, 품질과 편리함을 중시하는 소비자에게는 긍정적으로 작용할 것입니다. 따라서, 이 소비자는 제품의 맛과 효율성을 고려하여 구매할 가능성이 높습니다."", ""monthly_purchase_frequency"": 2}}",
덴마크 하이그릭요거트 400g|361,덴마크 하이그릭요거트 400g,361,,Expecting value: line 2 column 512 (char 512)
덴마크 하이그릭요거트 400g|360,덴마크 하이그릭요거트 400g,360,,Expecting value: line 2 column 512 (char 512)
덴마크 하이그릭요거트 400g|362,덴마크 하이그릭요거트 400g,362,,Expecting value: line 2 column 512 (char 512)
동원맛참 고소참기름 135g|2,동원맛참 고소참기름 135g,2,,Expecting value: line 2 column 512 (char 512)
동원맛참 고소참기름 135g|5,동원맛참 고소참기름 135g,5,,Expecting value: line 2 column 512 (char 512)
동원맛참 고소참기름 135g|4,동원맛참 고소참기름 135g,4,,Expecting value: line 2 column 512 (char 512)
동원맛참 고소참기름 135g|3,동원맛참 고소참기름 135g,3,,Expecting value: line 2 column 512 (char 512)
동원맛참 고소참기름 135g|1,동원맛참 고소참기름 135g,1,,Expecting value: line 2 column 512 (char 512)
동원맛참 고소참기름 135g|6,동원맛참 고소참기름 135g,6,,Expecting value: line 2 column 512 (char 512)
동원맛참 고소참기름 135g|7,동원맛참 고소참기름 135g,7,,Expecting value: line 2 column 512 (char 512)
동원맛참 고소참기름 135g|8,동원맛참 고소참기름 135g,8,,Expecting value: line 2 column 512 (char 512)
동원맛참 고소참기름 135g|10,동원맛참 고소참기름 135g,10,,Expecting value: line 2 column 512 (char 512)
동원맛참 고소참기름 135g|11,동원맛참 고소참기름 135g,11,,Expecting value: line 2 column 512 (char 512)
동원맛참 고소참기름 135g|9,동원맛참 고소참기름 135g,9,,Expecting value: line 2 column 512 (char 512)
동원맛참 고소참기름 135g|12,동원맛참 고소참기름 135g,12,,Expecting value: line 2 column 512 (char 512)
동원맛참 고소참기름 135g|13,동원맛참 고소참기름 135g,13,,Expecting value: line 2 column 512 (char 512)
동원맛참 고소참기름 135g|14,동원맛참 고소참기름 135g,14,,Expecting value: line 2 column 512 (char 512)
동원맛참 고소참기름 135g|16,동원맛참 고소참기름 135g,16,,Expecting value: line 2 column 512 (char 512)
동원맛참 고소참기름 135g|17,동원맛참 고소참기름 135g,17,,Expecting value: line 2 column 512 (char 512)
동원맛참 고소참기름 135g|15,동원맛참 고소참기름 135g,15,,Expecting value: line 2 column 512 (char 512)
동원맛참 고소참기름 135g|19,동원맛참 고소참기름 135g,19,,Expecting value: line 2 column 512 (char 512)
동원맛참 고소참기름 135g|18,동원맛참 고소참기름 135g,18,,Expecting value: line 2 column 512 (char 512)
동원맛참 고소참기름 135g|20,동원맛참 고소참기름 135g,20,,Expecting value: line 2 column 512 (char 512)
동원맛참 고소참기름 135g|22,동원맛참 고소참기름 135g,22,,Expecting value: line 2 column 512 (char 512)
동원맛참 고소참기름 135g|21,동원맛참 고소참기름 135g,21,,Expecting value: line 2 column 512 (char 512)
동원맛참 고소참기름 135g|24,동원맛참 고소참기름 135g,24,,Expecting value: line 2 column 512 (char 512)
동원맛참 고소참기름 135g|23,동원맛참 고소참기름 135g,23,,Expecting value: line 2 column 512 (char 512)
동원맛참 고소참기름 135g|25,동원맛참 고소참기름 135g,25,,Expecting value: line 2 column 512 (char 512)
동원맛참 고소참기름 135g|26,동원맛참 고소참기름 135g,26,,Expecting value: line 2 column 512 (char 512)
동원맛참 고소참기름 135g|28,동원맛참 고소참기름 135g,28,,Expecting value: line 2 column 512 (char 512)
동원맛참 고소참기름 135g|29,동원맛참 고소참기름 135g,29,,Expecting value: line 2 column 512 (char 512)
동원맛참 고소참기름 135g|27,동원맛참 고소참기름 135g,27,,Expecting value: line 2 column 512 (char 512)
동원맛참 고소참기름 135g|30,동원맛참 고소참기름 135g,30,,Expecting value: line 2 column 512 (char 512)
동원맛참 고소참기름 135g|31,동원맛참 고소참기름 135g,31,,Expecting value: line 2 column 512 (char 512)
동원맛참 고소참기름 135g|33,동원맛참 고소참기름 135g,33,,Expecting value: line 2 column 512 (char 512)
동원맛참 고소참기름 135g|32,동원맛참 고소참기름 135g,32,,Expecting value: line 2 column 512 (char 512)
동원맛참 고소참기름 135g|37,동원맛참 고소참기름 135g,37,"{""product_name"": ""동원맛참 고소참기름 135g"", ""persona_key"": 37, ""purchase_behavior_prediction"": {""purchase_probability_pct"": 85, ""reason"": ""이 페르소나는 건강을 최우선으로 고려하는 소비자로, HMR(가정간편식) 선호도가 매우 높습니다. 제품의 특징인 '고단백', '간편함', '고소한맛'은 그녀의 건강 지향성과 요리 편리성을 충족시켜 줍니다. 또한, 가격이 2,500원으로 경쟁 제품의 가격 범위(2,126원 ~ 2,644원) 내에 있어 가성비 측면에서도 긍정적입니다. 광고가 유명 연예인을 통해 진행될 예정이므로 브랜드 인지도와 신뢰도를 높여 구매를 유도할 것입니다."", ""monthly_purchase_frequency"": 3}}",
동원맛참 고소참기름 135g|34,동원맛참 고소참기름 135g,34,,Expecting value: line 2 column 512 (char 512)
동원맛참 고소참기름 135g|35,동원맛참 고소참기름 135g,35,,Expecting value: line 2 column 512 (char 512)
동원맛참 고소참기름 135g|36,동원맛참 고소참기름 135g,36,,Expecting value: line 2 column 512 (char 512)
동원맛참 고소참기름 135g|40,동원맛참 고소참기름 135g,40,,Expecting value: line 2 column 512 (char 512)
동원맛참 고소참기름 135g|39,동원맛참 고소참기름 135g,39,,Expecting value: line 2 column 512 (char 512)
동원맛참 고소참기름 135g|38,동원맛참 고소참기름 135g,38,,Expecting value: line 2 column 512 (char 512)
동원맛참 고소참기름 135g|41,동원맛참 고소참기름 135g,41,,Expecting value: line 2 column 512 (char 512)
동원맛참 고소참기름 135g|42,동원맛참 고소참기름 135g,42,,Expecting value: line 2 column 512 (char 512)
동원맛참 고소참기름 135g|43,동원맛참 고소참기름 135g,43,,Expecting value: line 2 column 512 (char 512)
동원맛참 고소참기름 135g|45,동원맛참 고소참기름 135g,45,,Expecting value: line 2 column 512 (char 512)
동원맛참 고소참기름 135g|44,동원맛참 고소참기름 135g,44,,Expecting value: line 2 column 512 (char 512)
동원맛참 고소참기름 135g|46,동원맛참 고소참기름 135g,46,,Expecting value: line 2 column 512 (char 512)
동원맛참 고소참기름 135g|47,동원맛참 고소참기름 135g,47,,Expecting value: line 2 column 512 (char 512)
동원맛참 고소참기름 135g|48,동원맛참 고소참기름 135g,48,,Expecting value: line 2 column 512 (char 512)
동원맛참 고소참기름 135g|49,동원맛참 고소참기름 135g,49,,Expecting value: line 2 column 512 (char 512)
동원맛참 고소참기름 135g|51,동원맛참 고소참기름 135g,51,,Expecting value: line 2 column 512 (char 512)
동원맛참 고소참기름 135g|52,동원맛참 고소참기름 135g,52,,Expecting value: line 2 column 512 (char 512)
동원맛참 고소참기름 135g|50,동원맛참 고소참기름 135g,50,,Expecting value: line 2 column 512 (char 512)
동원맛참 고소참기름 135g|55,동원맛참 고소참기름 135g,55,,Expecting value: line 2 column 512 (char 512)
동원맛참 고소참기름 135g|54,동원맛참 고소참기름 135g,54,,Expecting value: line 2 column 512 (char 512)
동원맛참 고소참기름 135g|53,동원맛참 고소참기름 135g,53,,Expecting value: line 2 column 512 (char 512)
동원맛참 고소참기름 135g|56,동원맛참 고소참기름 135g,56,,Expecting value: line 2 column 512 (char 512)
동원맛참 고소참기름 135g|57,동원맛참 고소참기름 135g,57,,Expecting value: line 2 column 512 (char 512)
동원맛참 고소참기름 135g|58,동원맛참 고소참기름 135g,58,,Expecting value: line 2 column 512 (char 512)
동원맛참 고소참기름 135g|59,동원맛참 고소참기름 135g,59,,Expecting value: line 2 column 512 (char 512)
동원맛참 고소참기름 135g|60,동원맛참 고소참기름 135g,60,,Expecting value: line 2 column 512 (char 512)
동원맛참 고소참기름 135g|61,동원맛참 고소참기름 135g,61,,Expecting value: line 2 column 512 (char 512)
동원맛참 고소참기름 135g|62,동원맛참 고소참기름 135g,62,,Expecting value: line 2 column 512 (char 512)
동원맛참 고소참기름 135g|63,동원맛참 고소참기름 135g,63,,Expecting value: line 2 column 512 (char 512)
동원맛참 고소참기름 135g|64,동원맛참 고소참기름 135g,64,,Expecting value: line 2 column 512 (char 512)
동원맛참 고소참기름 135g|66,동원맛참 고소참기름 135g,66,,Expecting value: line 2 column 512 (char 512)
동원맛참 고소참기름 135g|65,동원맛참 고소참기름 135g,65,,Expecting value: line 2 column 512 (char 512)
동원맛참 고소참기름 135g|67,동원맛참 고소참기름 135g,67,,Expecting value: line 2 column 512 (char 512)
동원맛참 고소참기름 135g|68,동원맛참 고소참기름 135g,68,,Expecting value: line 2 column 512 (char 512)
동원맛참 고소참기름 135g|69,동원맛참 고소참기름 135g,69,,Expecting value: line 2 column 512 (char 512)
동원맛참 고소참기름 135g|70,동원맛참 고소참기름 135g,70,,Expecting value: line 2 column 512 (char 512)
동원맛참 고소참기름 135g|71,동원맛참 고소참기름 135g,71,,Expecting value: line 2 column 512 (char 512)
동원맛참 고소참기름 135g|72,동원맛참 고소참기름 135g,72,,Expecting value: line 2 column 512 (char 512)
동원맛참 고소참기름 135g|73,동원맛참 고소참기름 135g,73,,Expecting value: line 2 column 512 (char 512)
동원맛참 고소참기름 135g|74,동원맛참 고소참기름 135g,74,,Expecting value: line 2 column 512 (char 512)
동원맛참 고소참기름 135g|75,동원맛참 고소참기름 135g,75,,Expecting value: line 2 column 512 (char 512)
동원맛참 고소참기름 135g|76,동원맛참 고소참기름 135g,76,,Expecting value: line 2 column 512 (char 512)
동원맛참 고소참기름 135g|77,동원맛참 고소참기름 135g,77,,Expecting value: line 2 column 512 (char 512)
동원맛참 고소참기름 135g|78,동원맛참 고소참기름 135g,78,,Expecting value: line 2 column 512 (char 512)
동원맛참 고소참기름 135g|79,동원맛참 고소참기름 135g,79,,Expecting value: line 2 column 512 (char 512)
동원맛참 고소참기름 135g|82,동원맛참 고소참기름 135g,82,"{""product_name"": ""동원맛참 고소참기름 135g"", ""persona_key"": 82, ""purchase_behavior_prediction"": {""purchase_probability_pct"": 85, ""reason"": ""이 페르소나는 '요리 편리성'을 가장 중요하게 여기는 소비자로, 간편한 조리와 고소한 맛을 제공하는 동원맛참 고소참기름이 매력적입니다. 또한, 가격이 2,500원으로 경쟁 제품의 가격 범위(2,126원 ~ 2,644원) 내에 있어 가성비가 좋다고 판단할 것입니다. 이 소비자는 새로운 맛을 시도하는 데 적극적이며, 브랜드 충성도도 높아 동원 F&B의 제품에 대한 신뢰가 구매를 촉진할 것입니다. 따라서, 이 소비자는 제품의 효율성과 맛을 동시에 추구하며, 구매 확률이 높습니다."", ""monthly_purchase_frequency"": 2}}",
동원맛참 고소참기름 135g|80,동원맛참 고소참기름 135g,80,,Expecting value: line 2 column 512 (char 512)
동원맛참 고소참기름 135g|81,동원맛참 고소참기름 135g,81,,Expecting value: line 2 column 512 (char 512)
동원맛참 고소참기름 135g|84,동원맛참 고소참기름 135g,84,,Expecting value: line 2 column 512 (char 512)
동원맛참 고소참기름 135g|83,동원맛참 고소참기름 135g,83,,Expecting value: line 2 column 512 (char 512)
동원맛참 고소참기름 135g|85,동원맛참 고소참기름 135g,85,,Expecting value: line 2 column 512 (char 512)
동원맛참 고소참기름 135g|86,동원맛참 고소참기름 135g,86,,Expecting value: line 2 column 512 (char 512)
동원맛참 고소참기름 135g|87,동원맛참 고소참기름 135g,87,,Expecting value: line 2 column 512 (char 512)
동원맛참 고소참기름 135g|88,동원맛참 고소참기름 135g,88,,Expecting value: line 2 column 512 (char 512)
동원맛참 고소참기름 135g|89,동원맛참 고소참기름 135g,89,,Expecting value: line 2 column 512 (char 512)
동원맛참 고소참기름 135g|90,동원맛참 고소참기름 135g,90,,Expecting value: line 2 column 512 (char 512)
동원맛참 고소참기름 135g|91,동원맛참 고소참기름 135g,91,,Expecting value: line 2 column 512 (char 512)
동원맛참 고소참기름 135g|92,동원맛참 고소참기름 135g,92,,Expecting value: line 2 column 512 (char 512)
동원맛참 고소참기름 135g|93,동원맛참 고소참기름 135g,93,,Expecting value: line 2 column 512 (char 512)
동원맛참 고소참기름 135g|94,동원맛참 고소참기름 135g,94,,Expecting value: line 2 column 512 (char 512)
동원맛참 고소참기름 135g|95,동원맛참 고소참기름 135g,95,,Expecting value: line 2 column 512 (char 512)
동원맛참 고소참기름 135g|97,동원맛참 고소참기름 135g,97,,Expecting value: line 2 column 512 (char 512)
동원맛참 고소참기름 135g|96,동원맛참 고소참기름 135g,96,,Expecting value: line 2 column 512 (char 512)
동원맛참 고소참기름 135g|98,동원맛참 고소참기름 135g,98,,Expecting value: line 2 column 512 (char 512)
동원맛참 고소참기름 135g|99,동원맛참 고소참기름 135g,99,,Expecting value: line 2 column 512 (char 512)
동원맛참 고소참기름 135g|100,동원맛참 고소참기름 135g,100,,Expecting value: line 2 column 512 (char 512)
동원맛참 고소참기름 135g|101,동원맛참 고소참기름 135g,101,,Expecting value: line 2 column 512 (char 512)
동원맛참 고소참기름 135g|102,동원맛참 고소참기름 135g,102,,Expecting value: line 2 column 512 (char 512)
동원맛참 고소참기름 135g|103,동원맛참 고소참기름 135g,103,,Expecting value: line 2 column 512 (char 512)
동원맛참 고소참기름 135g|104,동원맛참 고소참기름 135g,104,,Expecting value: line 2 column 512 (char 512)
동원맛참 고소참기름 135g|105,동원맛참 고소참기름 135g,105,,Expecting value: line 2 column 512 (char 512)
동원맛참 고소참기름 135g|107,동원맛참 고소참기름 135g,107,,Expecting value: line 2 column 512 (char 512)
동원맛참 고소참기름 135g|109,동원맛참 고소참기름 135g,109,,Expecting value: line 2 column 512 (char 512)
동원맛참 고소참기름 135g|108,동원맛참 고소참기름 135g,108,,Expecting value: line 2 column 512 (char 512)
동원맛참 고소참기름 135g|110,동원맛참 고소참기름 135g,110,,Expecting value: line 2 column 512 (char 512)
동원맛참 고소참기름 135g|111,동원맛참 고소참기름 135g,111,,Expecting value: line 2 column 512 (char 512)
동원맛참 고소참기름 135g|113,동원맛참 고소참기름 135g,113,"{""product_name"": ""동원맛참 고소참기름 135g"", ""persona_key"": 113, ""purchase_behavior_prediction"": {""purchase_probability_pct"": 85, ""reason"": ""이 페르소나는 건강을 최우선으로 고려하는 소비자로, HMR(가정간편식) 선호도가 높습니다. 제품의 '고단백', '간편함', '고소한맛'과 같은 특징은 그녀의 건강 지향적인 라이프스타일과 잘 맞아떨어집니다. 또한, 가격이 2,500원으로 경쟁 제품의 가격 범위(2,126원 ~ 2,644원) 내에 위치하고 있어 가성비 측면에서도 긍정적으로 평가될 것입니다. 따라서, 이 소비자는 제품의 건강성과 편리함을 고려할 때 높은 구매 확률을 보일 것입니다."", ""monthly_purchase_frequency"": 2}}",
동원맛참 고소참기름 135g|106,동원맛참 고소참기름 135g,106,,Expecting value: line 2 column 512 (char 512)
동원맛참 고소참기름 135g|112,동원맛참 고소참기름 135g,112,,Expecting value: line 2 column 512 (char 512)
동원맛참 고소참기름 135g|114,동원맛참 고소참기름 135g,114,,Expecting value: line 2 column 512 (char 512)
동원맛참 고소참기름 135g|115,동원맛참 고소참기름 135g,115,,Expecting value: line 2 column 512 (char 512)
동원맛참 고소참기름 135g|116,동원맛참 고소참기름 135g,116,,Expecting value: line 2 column 512 (char 512)
동원맛참 고소참기름 135g|117,동원맛참 고소참기름 135g,117,,Expecting value: line 2 column 512 (char 512)
동원맛참 고소참기름 135g|118,동원맛참 고소참기름 135g,118,,Expecting value: line 2 column 512 (char 512)
동원맛참 고소참기름 135g|121,동원맛참 고소참기름 135g,121,,Expecting value: line 2 column 512 (char 512)
동원맛참 고소참기름 135g|120,동원맛참 고소참기름 135g,120,,Expecting value: line 2 column 512 (char 512)
동원맛참 고소참기름 135g|119,동원맛참 고소참기름 135g,119,,Expecting value: line 2 column 512 (char 512)
동원맛참 고소참기름 135g|122,동원맛참 고소참기름 135g,122,,Expecting value: line 2 column 512 (char 512)
동원맛참 고소참기름 135g|123,동원맛참 고소참기름 135g,123,,Expecting value: line 2 column 512 (char 512)
동원맛참 고소참기름 135g|124,동원맛참 고소참기름 135g,124,,Expecting value: line 2 column 512 (char 512)
동원맛참 고소참기름 135g|126,동원맛참 고소참기름 135g,126,,Expecting value: line 2 column 512 (char 512)
동원맛참 고소참기름 135g|128,동원맛참 고소참기름 135g,128,,Expecting value: line 2 column 512 (char 512)
동원맛참 고소참기름 135g|125,동원맛참 고소참기름 135g,125,,Expecting value: line 2 column 512 (char 512)
동원맛참 고소참기름 135g|127,동원맛참 고소참기름 135g,127,,Expecting value: line 2 column 512 (char 512)
동원맛참 고소참기름 135g|129,동원맛참 고소참기름 135g,129,,Expecting value: line 2 column 512 (char 512)
동원맛참 고소참기름 135g|132,동원맛참 고소참기름 135g,132,,Expecting value: line 2 column 512 (char 512)
동원맛참 고소참기름 135g|130,동원맛참 고소참기름 135g,130,,Expecting value: line 2 column 512 (char 512)
동원맛참 고소참기름 135g|134,동원맛참 고소참기름 135g,134,,Expecting value: line 2 column 512 (char 512)
동원맛참 고소참기름 135g|131,동원맛참 고소참기름 135g,131,,Expecting value: line 2 column 512 (char 512)
동원맛참 고소참기름 135g|133,동원맛참 고소참기름 135g,133,,Expecting value: line 2 column 512 (char 512)
동원맛참 고소참기름 135g|135,동원맛참 고소참기름 135g,135,,Expecting value: line 2 column 512 (char 512)
동원맛참 고소참기름 135g|136,동원맛참 고소참기름 135g,136,,Expecting value: line 2 column 512 (char 512)
동원맛참 고소참기름 135g|137,동원맛참 고소참기름 135g,137,,Expecting value: line 2 column 512 (char 512)
동원맛참 고소참기름 135g|138,동원맛참 고소참기름 135g,138,,Expecting value: line 2 column 512 (char 512)
동원맛참 고소참기름 135g|139,동원맛참 고소참기름 135g,139,,Expecting value: line 2 column 512 (char 512)
동원맛참 고소참기름 135g|140,동원맛참 고소참기름 135g,140,,Expecting value: line 2 column 512 (char 512)
동원맛참 고소참기름 135g|141,동원맛참 고소참기름 135g,141,,Expecting value: line 2 column 512 (char 512)
동원맛참 고소참기름 135g|142,동원맛참 고소참기름 135g,142,,Expecting value: line 2 column 512 (char 512)
동원맛참 고소참기름 135g|143,동원맛참 고소참기름 135g,143,,Expecting value: line 2 column 512 (char 512)
동원맛참 고소참기름 135g|144,동원맛참 고소참기름 135g,144,,Expecting value: line 2 column 512 (char 512)
동원맛참 고소참기름 135g|145,동원맛참 고소참기름 135g,145,,Expecting value: line 2 column 512 (char 512)
동원맛참 고소참기름 135g|146,동원맛참 고소참기름 135g,146,,Expecting value: line 2 column 512 (char 512)
동원맛참 고소참기름 135g|148,동원맛참 고소참기름 135g,148,,Expecting value: line 2 column 512 (char 512)
동원맛참 고소참기름 135g|147,동원맛참 고소참기름 135g,147,,Expecting value: line 2 column 512 (char 512)
동원맛참 고소참기름 135g|150,동원맛참 고소참기름 135g,150,,Expecting value: line 2 column 512 (char 512)
동원맛참 고소참기름 135g|149,동원맛참 고소참기름 135g,149,,Expecting value: line 2 column 512 (char 512)
동원맛참 고소참기름 135g|151,동원맛참 고소참기름 135g,151,,Expecting value: line 2 column 512 (char 512)
동원맛참 고소참기름 135g|152,동원맛참 고소참기름 135g,152,,Expecting value: line 2 column 512 (char 512)
동원맛참 고소참기름 135g|154,동원맛참 고소참기름 135g,154,"{""product_name"": ""동원맛참 고소참기름 135g"", ""persona_key"": 154, ""purchase_behavior_prediction"": {""purchase_probability_pct"": 85, ""reason"": ""이 페르소나는 '요리 편리성'을 가장 중요하게 생각하는 소비자로, 간편함과 고소한 맛을 제공하는 동원맛참 고소참기름의 특성이 매우 매력적입니다. 또한, 가격이 2,500원으로 경쟁 제품의 가격 범위(2,126원 ~ 2,644원) 내에 있어 가성비 또한 우수하다고 판단할 수 있습니다. 이 소비자는 가격에 민감하지 않지만 효율성과 맛을 동시에 추구하기 때문에, 제품의 높은 만족도와 광고 효과가 긍정적으로 작용할 것입니다. 따라서, 이 소비자가 이 제품을 구매할 확률은 높습니다."", ""monthly_purchase_frequency"": 2}}",
동원맛참 고소참기름 135g|153,동원맛참 고소참기름 135g,153,,Expecting value: line 2 column 512 (char 512)
동원맛참 고소참기름 135g|157,동원맛참 고소참기름 135g,157,,Expecting value: line 2 column 512 (char 512)
동원맛참 고소참기름 135g|155,동원맛참 고소참기름 135g,155,,Expecting value: line 2 column 512 (char 512)
동원맛참 고소참기름 135g|158,동원맛참 고소참기름 135g,158,,Expecting value: line 2 column 512 (char 512)
동원맛참 고소참기름 135g|156,동원맛참 고소참기름 135g,156,,Expecting value: line 2 column 512 (char 512)
동원맛참 고소참기름 135g|160,동원맛참 고소참기름 135g,160,"{""product_name"": ""동원맛참 고소참기름 135g"", ""persona_key"": 160, ""purchase_behavior_prediction"": {""purchase_probability_pct"": 85, ""reason"": ""이 소비자는 건강 지향성이 매우 높은 소비자로, 건강과 편리성을 모두 만족시키는 제품에 기꺼이 지갑을 엽니다. 동원맛참 고소참기름은 고단백과 고소한 맛을 제공하며, 간편하게 사용할 수 있는 특성이 있어 이 소비자의 요구에 부합합니다. 또한, 가격이 2,500원으로 경쟁 제품의 가격 범위(2,126원 ~ 2,644원) 내에 위치하고 있어 가성비 또한 만족시킵니다. 이러한 요소들이 결합되어 이 소비자가 제품을 구매할 확률이 높습니다."", ""monthly_purchase_frequency"": 2}}",
동원맛참 고소참기름 135g|159,동원맛참 고소참기름 135g,159,,Expecting value: line 2 column 512 (char 512)
동원맛참 고소참기름 135g|162,동원맛참 고소참기름 135g,162,,Expecting value: line 2 column 512 (char 512)
동원맛참 고소참기름 135g|161,동원맛참 고소참기름 135g,161,,Expecting value: line 2 column 512 (char 512)
동원맛참 고소참기름 135g|165,동원맛참 고소참기름 135g,165,,Expecting value: line 2 column 512 (char 512)
동원맛참 고소참기름 135g|164,동원맛참 고소참기름 135g,164,,Expecting value: line 2 column 512 (char 512)
동원맛참 고소참기름 135g|163,동원맛참 고소참기름 135g,163,,Expecting value: line 2 column 512 (char 512)
동원맛참 고소참기름 135g|169,동원맛참 고소참기름 135g,169,,Expecting value: line 2 column 512 (char 512)
동원맛참 고소참기름 135g|166,동원맛참 고소참기름 135g,166,,Expecting value: line 2 column 512 (char 512)
동원맛참 고소참기름 135g|168,동원맛참 고소참기름 135g,168,,Expecting value: line 2 column 512 (char 512)
동원맛참 고소참기름 135g|167,동원맛참 고소참기름 135g,167,,Expecting value: line 2 column 512 (char 512)
동원맛참 고소참기름 135g|171,동원맛참 고소참기름 135g,171,,Expecting value: line 2 column 512 (char 512)
동원맛참 고소참기름 135g|170,동원맛참 고소참기름 135g,170,,Expecting value: line 2 column 512 (char 512)
동원맛참 고소참기름 135g|173,동원맛참 고소참기름 135g,173,,Expecting value: line 2 column 512 (char 512)
동원맛참 고소참기름 135g|176,동원맛참 고소참기름 135g,176,,Expecting value: line 2 column 512 (char 512)
동원맛참 고소참기름 135g|174,동원맛참 고소참기름 135g,174,,Expecting value: line 2 column 512 (char 512)
동원맛참 고소참기름 135g|175,동원맛참 고소참기름 135g,175,,Expecting value: line 2 column 512 (char 512)
동원맛참 고소참기름 135g|172,동원맛참 고소참기름 135g,172,,Expecting value: line 2 column 512 (char 512)
동원맛참 고소참기름 135g|178,동원맛참 고소참기름 135g,178,,Expecting value: line 2 column 512 (char 512)
동원맛참 고소참기름 135g|177,동원맛참 고소참기름 135g,177,,Expecting value: line 2 column 512 (char 512)
동원맛참 고소참기름 135g|179,동원맛참 고소참기름 135g,179,,Expecting value: line 2 column 512 (char 512)
동원맛참 고소참기름 135g|181,동원맛참 고소참기름 135g,181,,Expecting value: line 2 column 512 (char 512)
동원맛참 고소참기름 135g|182,동원맛참 고소참기름 135g,182,,Expecting value: line 2 column 512 (char 512)
동원맛참 고소참기름 135g|180,동원맛참 고소참기름 135g,180,,Expecting value: line 2 column 512 (char 512)
동원맛참 고소참기름 135g|184,동원맛참 고소참기름 135g,184,,Expecting value: line 2 column 512 (char 512)
동원맛참 고소참기름 135g|185,동원맛참 고소참기름 135g,185,,Expecting value: line 2 column 512 (char 512)
동원맛참 고소참기름 135g|183,동원맛참 고소참기름 135g,183,,Expecting value: line 2 column 512 (char 512)
동원맛참 고소참기름 135g|186,동원맛참 고소참기름 135g,186,,Expecting value: line 2 column 512 (char 512)
동원맛참 고소참기름 135g|187,동원맛참 고소참기름 135g,187,,Expecting value: line 2 column 512 (char 512)
동원맛참 고소참기름 135g|188,동원맛참 고소참기름 135g,188,,Expecting value: line 2 column 512 (char 512)
동원맛참 고소참기름 135g|189,동원맛참 고소참기름 135g,189,,Expecting value: line 2 column 512 (char 512)
동원맛참 고소참기름 135g|190,동원맛참 고소참기름 135g,190,,Expecting value: line 2 column 512 (char 512)
동원맛참 고소참기름 135g|191,동원맛참 고소참기름 135g,191,,Expecting value: line 2 column 512 (char 512)
동원맛참 고소참기름 135g|192,동원맛참 고소참기름 135g,192,,Expecting value: line 2 column 512 (char 512)
동원맛참 고소참기름 135g|193,동원맛참 고소참기름 135g,193,,Expecting value: line 2 column 512 (char 512)
동원맛참 고소참기름 135g|198,동원맛참 고소참기름 135g,198,,Expecting value: line 2 column 512 (char 512)
동원맛참 고소참기름 135g|195,동원맛참 고소참기름 135g,195,,Expecting value: line 2 column 512 (char 512)
동원맛참 고소참기름 135g|194,동원맛참 고소참기름 135g,194,,Expecting value: line 2 column 512 (char 512)
동원맛참 고소참기름 135g|196,동원맛참 고소참기름 135g,196,,Expecting value: line 2 column 512 (char 512)
동원맛참 고소참기름 135g|200,동원맛참 고소참기름 135g,200,,Expecting value: line 2 column 512 (char 512)
동원맛참 고소참기름 135g|199,동원맛참 고소참기름 135g,199,,Expecting value: line 2 column 512 (char 512)
동원맛참 고소참기름 135g|197,동원맛참 고소참기름 135g,197,,Expecting value: line 2 column 512 (char 512)
동원맛참 고소참기름 135g|201,동원맛참 고소참기름 135g,201,,Expecting value: line 2 column 512 (char 512)
동원맛참 고소참기름 135g|202,동원맛참 고소참기름 135g,202,,Expecting value: line 2 column 512 (char 512)
동원맛참 고소참기름 135g|203,동원맛참 고소참기름 135g,203,,Expecting value: line 2 column 512 (char 512)
동원맛참 고소참기름 135g|204,동원맛참 고소참기름 135g,204,,Expecting value: line 2 column 512 (char 512)
동원맛참 고소참기름 135g|205,동원맛참 고소참기름 135g,205,,Expecting value: line 2 column 512 (char 512)
동원맛참 고소참기름 135g|206,동원맛참 고소참기름 135g,206,,Expecting value: line 2 column 512 (char 512)
동원맛참 고소참기름 135g|209,동원맛참 고소참기름 135g,209,,Expecting value: line 2 column 512 (char 512)
동원맛참 고소참기름 135g|207,동원맛참 고소참기름 135g,207,,Expecting value: line 2 column 512 (char 512)
동원맛참 고소참기름 135g|211,동원맛참 고소참기름 135g,211,,Expecting value: line 2 column 512 (char 512)
동원맛참 고소참기름 135g|208,동원맛참 고소참기름 135g,208,,Expecting value: line 2 column 512 (char 512)
동원맛참 고소참기름 135g|213,동원맛참 고소참기름 135g,213,,Expecting value: line 2 column 512 (char 512)
동원맛참 고소참기름 135g|210,동원맛참 고소참기름 135g,210,,Expecting value: line 2 column 512 (char 512)
동원맛참 고소참기름 135g|215,동원맛참 고소참기름 135g,215,,Expecting value: line 2 column 512 (char 512)
동원맛참 고소참기름 135g|212,동원맛참 고소참기름 135g,212,,Expecting value: line 2 column 512 (char 512)
동원맛참 고소참기름 135g|214,동원맛참 고소참기름 135g,214,,Expecting value: line 2 column 512 (char 512)
동원맛참 고소참기름 135g|216,동원맛참 고소참기름 135g,216,,Expecting value: line 2 column 512 (char 512)
동원맛참 고소참기름 135g|220,동원맛참 고소참기름 135g,220,,Expecting value: line 2 column 512 (char 512)
동원맛참 고소참기름 135g|219,동원맛참 고소참기름 135g,219,,Expecting value: line 2 column 512 (char 512)
동원맛참 고소참기름 135g|218,동원맛참 고소참기름 135g,218,,Expecting value: line 2 column 512 (char 512)
동원맛참 고소참기름 135g|217,동원맛참 고소참기름 135g,217,,Expecting value: line 2 column 512 (char 512)
동원맛참 고소참기름 135g|221,동원맛참 고소참기름 135g,221,,Expecting value: line 2 column 512 (char 512)
동원맛참 고소참기름 135g|222,동원맛참 고소참기름 135g,222,,Expecting value: line 2 column 512 (char 512)
동원맛참 고소참기름 135g|223,동원맛참 고소참기름 135g,223,,Expecting value: line 2 column 512 (char 512)
동원맛참 고소참기름 135g|224,동원맛참 고소참기름 135g,224,,Expecting value: line 2 column 512 (char 512)
동원맛참 고소참기름 135g|225,동원맛참 고소참기름 135g,225,,Expecting value: line 2 column 512 (char 512)
동원맛참 고소참기름 135g|226,동원맛참 고소참기름 135g,226,,Expecting value: line 2 column 512 (char 512)
동원맛참 고소참기름 135g|227,동원맛참 고소참기름 135g,227,,Expecting value: line 2 column 512 (char 512)
동원맛참 고소참기름 135g|229,동원맛참 고소참기름 135g,229,,Expecting value: line 2 column 512 (char 512)
동원맛참 고소참기름 135g|228,동원맛참 고소참기름 135g,228,,Expecting value: line 2 column 512 (char 512)
동원맛참 고소참기름 135g|230,동원맛참 고소참기름 135g,230,,Expecting value: line 2 column 512 (char 512)
동원맛참 고소참기름 135g|231,동원맛참 고소참기름 135g,231,,Expecting value: line 2 column 512 (char 512)
동원맛참 고소참기름 135g|232,동원맛참 고소참기름 135g,232,,Expecting value: line 2 column 512 (char 512)
동원맛참 고소참기름 135g|233,동원맛참 고소참기름 135g,233,,Expecting value: line 2 column 512 (char 512)
동원맛참 고소참기름 135g|234,동원맛참 고소참기름 135g,234,,Expecting value: line 2 column 512 (char 512)
동원맛참 고소참기름 135g|235,동원맛참 고소참기름 135g,235,,Expecting value: line 2 column 512 (char 512)
동원맛참 고소참기름 135g|236,동원맛참 고소참기름 135g,236,,Expecting value: line 2 column 512 (char 512)
동원맛참 고소참기름 135g|239,동원맛참 고소참기름 135g,239,,Expecting value: line 2 column 512 (char 512)
동원맛참 고소참기름 135g|237,동원맛참 고소참기름 135g,237,,Expecting value: line 2 column 512 (char 512)
동원맛참 고소참기름 135g|238,동원맛참 고소참기름 135g,238,,Expecting value: line 2 column 512 (char 512)
동원맛참 고소참기름 135g|241,동원맛참 고소참기름 135g,241,,Expecting value: line 2 column 512 (char 512)
동원맛참 고소참기름 135g|242,동원맛참 고소참기름 135g,242,,Expecting value: line 2 column 512 (char 512)
동원맛참 고소참기름 135g|240,동원맛참 고소참기름 135g,240,,Expecting value: line 2 column 512 (char 512)
동원맛참 고소참기름 135g|245,동원맛참 고소참기름 135g,245,,Expecting value: line 2 column 512 (char 512)
동원맛참 고소참기름 135g|244,동원맛참 고소참기름 135g,244,,Expecting value: line 2 column 512 (char 512)
동원맛참 고소참기름 135g|243,동원맛참 고소참기름 135g,243,,Expecting value: line 2 column 512 (char 512)
동원맛참 고소참기름 135g|246,동원맛참 고소참기름 135g,246,,Expecting value: line 2 column 512 (char 512)
동원맛참 고소참기름 135g|248,동원맛참 고소참기름 135g,248,,Expecting value: line 2 column 512 (char 512)
동원맛참 고소참기름 135g|249,동원맛참 고소참기름 135g,249,,Expecting value: line 2 column 512 (char 512)
동원맛참 고소참기름 135g|247,동원맛참 고소참기름 135g,247,,Expecting value: line 2 column 512 (char 512)
동원맛참 고소참기름 135g|251,동원맛참 고소참기름 135g,251,,Expecting value: line 2 column 512 (char 512)
동원맛참 고소참기름 135g|250,동원맛참 고소참기름 135g,250,,Expecting value: line 2 column 512 (char 512)
동원맛참 고소참기름 135g|252,동원맛참 고소참기름 135g,252,,Expecting value: line 2 column 512 (char 512)
동원맛참 고소참기름 135g|254,동원맛참 고소참기름 135g,254,,Expecting value: line 2 column 512 (char 512)
동원맛참 고소참기름 135g|253,동원맛참 고소참기름 135g,253,,Expecting value: line 2 column 512 (char 512)
동원맛참 고소참기름 135g|255,동원맛참 고소참기름 135g,255,,Expecting value: line 2 column 512 (char 512)
동원맛참 고소참기름 135g|257,동원맛참 고소참기름 135g,257,,Expecting value: line 2 column 512 (char 512)
동원맛참 고소참기름 135g|256,동원맛참 고소참기름 135g,256,,Expecting value: line 2 column 512 (char 512)
동원맛참 고소참기름 135g|258,동원맛참 고소참기름 135g,258,,Expecting value: line 2 column 512 (char 512)
동원맛참 고소참기름 135g|259,동원맛참 고소참기름 135g,259,,Expecting value: line 2 column 512 (char 512)
동원맛참 고소참기름 135g|261,동원맛참 고소참기름 135g,261,,Expecting value: line 2 column 512 (char 512)
동원맛참 고소참기름 135g|260,동원맛참 고소참기름 135g,260,,Expecting value: line 2 column 512 (char 512)
동원맛참 고소참기름 135g|262,동원맛참 고소참기름 135g,262,,Expecting value: line 2 column 512 (char 512)
동원맛참 고소참기름 135g|263,동원맛참 고소참기름 135g,263,,Expecting value: line 2 column 512 (char 512)
동원맛참 고소참기름 135g|264,동원맛참 고소참기름 135g,264,,Expecting value: line 2 column 512 (char 512)
동원맛참 고소참기름 135g|265,동원맛참 고소참기름 135g,265,,Expecting value: line 2 column 512 (char 512)
동원맛참 고소참기름 135g|267,동원맛참 고소참기름 135g,267,,Expecting value: line 2 column 512 (char 512)
동원맛참 고소참기름 135g|266,동원맛참 고소참기름 135g,266,,Expecting value: line 2 column 512 (char 512)
동원맛참 고소참기름 135g|268,동원맛참 고소참기름 135g,268,,Expecting value: line 2 column 512 (char 512)
동원맛참 고소참기름 135g|269,동원맛참 고소참기름 135g,269,,Expecting value: line 2 column 512 (char 512)
동원맛참 고소참기름 135g|271,동원맛참 고소참기름 135g,271,,Expecting value: line 2 column 512 (char 512)
동원맛참 고소참기름 135g|270,동원맛참 고소참기름 135g,270,,Expecting value: line 2 column 512 (char 512)
동원맛참 고소참기름 135g|272,동원맛참 고소참기름 135g,272,,Expecting value: line 2 column 512 (char 512)
동원맛참 고소참기름 135g|273,동원맛참 고소참기름 135g,273,,Expecting value: line 2 column 512 (char 512)
동원맛참 고소참기름 135g|274,동원맛참 고소참기름 135g,274,,Expecting value: line 2 column 512 (char 512)
동원맛참 고소참기름 135g|276,동원맛참 고소참기름 135g,276,,Expecting value: line 2 column 512 (char 512)
동원맛참 고소참기름 135g|277,동원맛참 고소참기름 135g,277,,Expecting value: line 2 column 512 (char 512)
동원맛참 고소참기름 135g|275,동원맛참 고소참기름 135g,275,,Expecting value: line 2 column 512 (char 512)
동원맛참 고소참기름 135g|278,동원맛참 고소참기름 135g,278,,Expecting value: line 2 column 512 (char 512)
동원맛참 고소참기름 135g|279,동원맛참 고소참기름 135g,279,,Expecting value: line 2 column 512 (char 512)
동원맛참 고소참기름 135g|280,동원맛참 고소참기름 135g,280,,Expecting value: line 2 column 512 (char 512)
동원맛참 고소참기름 135g|282,동원맛참 고소참기름 135g,282,"{""product_name"": ""동원맛참 고소참기름 135g"", ""persona_key"": 282, ""purchase_behavior_prediction"": {""purchase_probability_pct"": 85, ""reason"": ""이 페르소나는 건강을 최우선으로 고려하는 소비자로, HMR 선호도가 높아 간편하고 건강한 제품에 대한 수요가 큽니다. '동원맛참 고소참기름'은 고단백, 고소한 맛과 간편함을 제공하며, 가격도 경쟁사 대비 합리적인 수준(2,500원)입니다. 또한, 이 제품은 1세대 가족을 대상으로 하여, 주부인 페르소나의 필요와 잘 맞아떨어집니다. 시장 경쟁 환경에서 가격이 2,126원에서 2,644원 사이인 점을 고려할 때, 이 제품의 가격은 매력적이며, 건강과 편리성을 동시에 만족시키는 제품으로서 구매를 유도할 가능성이 높습니다."", ""monthly_purchase_frequency"": 2}}",
동원맛참 고소참기름 135g|281,동원맛참 고소참기름 135g,281,,Expecting value: line 2 column 512 (char 512)
동원맛참 고소참기름 135g|287,동원맛참 고소참기름 135g,287,"{""product_name"": ""동원맛참 고소참기름 135g"", ""persona_key"": 287, ""purchase_behavior_prediction"": {""purchase_probability_pct"": 85, ""reason"": ""이 페르소나는 건강 지향성이 매우 높은 소비자로, 건강과 편리성을 중시하는 제품에 기꺼이 지갑을 엽니다. '동원맛참 고소참기름'은 고단백과 간편함을 제공하며, 가격 또한 경쟁 제품보다 합리적인 수준(2,500원)으로 설정되어 있어 긍정적인 요소로 작용합니다. 경쟁 제품의 가격 범위가 2,126원에서 2,644원 사이인 점을 고려할 때, 이 제품은 가격 대비 가성비가 뛰어나며, 건강 지향적인 소비자에게 매력적입니다. 또한, 광고와 프로모션이 예정되어 있어 브랜드 인지도와 신뢰도를 높일 수 있는 기회가 있습니다."", ""monthly_purchase_frequency"": 2}}",
동원맛참 고소참기름 135g|283,동원맛참 고소참기름 135g,283,,Expecting value: line 2 column 512 (char 512)
동원맛참 고소참기름 135g|285,동원맛참 고소참기름 135g,285,,Expecting value: line 2 column 512 (char 512)
동원맛참 고소참기름 135g|284,동원맛참 고소참기름 135g,284,,Expecting value: line 2 column 512 (char 512)
동원맛참 고소참기름 135g|286,동원맛참 고소참기름 135g,286,,Expecting value: line 2 column 512 (char 512)
동원맛참 고소참기름 135g|289,동원맛참 고소참기름 135g,289,,Expecting value: line 2 column 512 (char 512)
동원맛참 고소참기름 135g|292,동원맛참 고소참기름 135g,292,,Expecting value: line 2 column 512 (char 512)
동원맛참 고소참기름 135g|288,동원맛참 고소참기름 135g,288,,Expecting value: line 2 column 512 (char 512)
동원맛참 고소참기름 135g|291,동원맛참 고소참기름 135g,291,,Expecting value: line 2 column 512 (char 512)
동원맛참 고소참기름 135g|293,동원맛참 고소참기름 135g,293,,Expecting value: line 2 column 512 (char 512)
동원맛참 고소참기름 135g|290,동원맛참 고소참기름 135g,290,,Expecting value: line 2 column 512 (char 512)
동원맛참 고소참기름 135g|294,동원맛참 고소참기름 135g,294,,Expecting value: line 2 column 512 (char 512)
동원맛참 고소참기름 135g|295,동원맛참 고소참기름 135g,295,,Expecting value: line 2 column 512 (char 512)
동원맛참 고소참기름 135g|297,동원맛참 고소참기름 135g,297,,Expecting value: line 2 column 512 (char 512)
동원맛참 고소참기름 135g|298,동원맛참 고소참기름 135g,298,,Expecting value: line 2 column 512 (char 512)
동원맛참 고소참기름 135g|299,동원맛참 고소참기름 135g,299,,Expecting value: line 2 column 512 (char 512)
동원맛참 고소참기름 135g|296,동원맛참 고소참기름 135g,296,,Expecting value: line 2 column 512 (char 512)
동원맛참 고소참기름 135g|300,동원맛참 고소참기름 135g,300,,Expecting value: line 2 column 512 (char 512)
동원맛참 고소참기름 135g|301,동원맛참 고소참기름 135g,301,,Expecting value: line 2 column 512 (char 512)
동원맛참 고소참기름 135g|302,동원맛참 고소참기름 135g,302,,Expecting value: line 2 column 512 (char 512)
동원맛참 고소참기름 135g|303,동원맛참 고소참기름 135g,303,,Expecting value: line 2 column 512 (char 512)
동원맛참 고소참기름 135g|304,동원맛참 고소참기름 135g,304,,Expecting value: line 2 column 512 (char 512)
동원맛참 고소참기름 135g|306,동원맛참 고소참기름 135g,306,,Expecting value: line 2 column 512 (char 512)
동원맛참 고소참기름 135g|305,동원맛참 고소참기름 135g,305,,Expecting value: line 2 column 512 (char 512)
동원맛참 고소참기름 135g|307,동원맛참 고소참기름 135g,307,,Expecting value: line 2 column 512 (char 512)
동원맛참 고소참기름 135g|308,동원맛참 고소참기름 135g,308,,Expecting value: line 2 column 512 (char 512)
동원맛참 고소참기름 135g|309,동원맛참 고소참기름 135g,309,,Expecting value: line 2 column 512 (char 512)
동원맛참 고소참기름 135g|311,동원맛참 고소참기름 135g,311,,Expecting value: line 2 column 512 (char 512)
동원맛참 고소참기름 135g|310,동원맛참 고소참기름 135g,310,,Expecting value: line 2 column 512 (char 512)
동원맛참 고소참기름 135g|312,동원맛참 고소참기름 135g,312,,Expecting value: line 2 column 512 (char 512)
동원맛참 고소참기름 135g|313,동원맛참 고소참기름 135g,313,,Expecting value: line 2 column 512 (char 512)
동원맛참 고소참기름 135g|315,동원맛참 고소참기름 135g,315,,Expecting value: line 2 column 512 (char 512)
동원맛참 고소참기름 135g|314,동원맛참 고소참기름 135g,314,,Expecting value: line 2 column 512 (char 512)
동원맛참 고소참기름 135g|317,동원맛참 고소참기름 135g,317,,Expecting value: line 2 column 512 (char 512)
동원맛참 고소참기름 135g|316,동원맛참 고소참기름 135g,316,,Expecting value: line 2 column 512 (char 512)
동원맛참 고소참기름 135g|318,동원맛참 고소참기름 135g,318,,Expecting value: line 2 column 512 (char 512)
동원맛참 고소참기름 135g|319,동원맛참 고소참기름 135g,319,,Expecting value: line 2 column 512 (char 512)
동원맛참 고소참기름 135g|320,동원맛참 고소참기름 135g,320,,Expecting value: line 2 column 512 (char 512)
동원맛참 고소참기름 135g|324,동원맛참 고소참기름 135g,324,"{""product_name"": ""동원맛참 고소참기름 135g"", ""persona_key"": 324, ""purchase_behavior_prediction"": {""purchase_probability_pct"": 85, ""reason"": ""이 페르소나는 건강을 최우선으로 고려하는 소비자로, HMR(가정간편식) 선호도가 높습니다. 동원맛참 고소참기름은 고단백, 고소한 맛과 간편함을 제공하며, 가격도 경쟁 제품보다 합리적입니다. 또한, 부산광역시에 거주하며 2세대 가족으로서 가족의 건강을 중시하는 경향이 있어, 이 제품의 건강 지향적인 특성과 가격이 매력적으로 작용할 것입니다. 시장 경쟁 환경에서 가격이 2,126원에서 2,644원 사이인 점을 고려할 때, 이 제품의 가격(2,500원)은 경쟁력 있는 수준입니다. 따라서 이 소비자는 제품을 구매할 가능성이 높습니다."", ""monthly_purchase_frequency"": 2}}",
동원맛참 고소참기름 135g|321,동원맛참 고소참기름 135g,321,,Expecting value: line 2 column 512 (char 512)
동원맛참 고소참기름 135g|323,동원맛참 고소참기름 135g,323,,Expecting value: line 2 column 512 (char 512)
동원맛참 고소참기름 135g|322,동원맛참 고소참기름 135g,322,,Expecting value: line 2 column 512 (char 512)
동원맛참 고소참기름 135g|325,동원맛참 고소참기름 135g,325,,Expecting value: line 2 column 512 (char 512)
동원맛참 고소참기름 135g|331,동원맛참 고소참기름 135g,331,"{""product_name"": ""동원맛참 고소참기름 135g"", ""persona_key"": 331, ""purchase_behavior_prediction"": {""purchase_probability_pct"": 85, ""reason"": ""이 페르소나는 HMR(가정식 대체식품)에 대한 높은 선호도를 가지고 있으며, 이는 간편함과 고단백의 제품 특징과 잘 맞아떨어진다. 특히, 60대 이상의 기혼 여성으로서 2세대 가족을 이루고 있어 가족의 건강과 편리함을 중시하는 경향이 있다. 제품의 가격이 경쟁 제품보다 약간 높은 편이지만, 가성비와 높은 만족도가 강조된 점은 긍정적으로 작용할 것이다. 또한, 연예인 광고를 통한 마케팅은 이 소비자의 관심을 끌기에 충분하다."", ""monthly_purchase_frequency"": 3}}",
동원맛참 고소참기름 135g|327,동원맛참 고소참기름 135g,327,,Expecting value: line 2 column 512 (char 512)
동원맛참 고소참기름 135g|328,동원맛참 고소참기름 135g,328,,Expecting value: line 2 column 512 (char 512)
동원맛참 고소참기름 135g|326,동원맛참 고소참기름 135g,326,,Expecting value: line 2 column 512 (char 512)
동원맛참 고소참기름 135g|329,동원맛참 고소참기름 135g,329,,Expecting value: line 2 column 512 (char 512)
동원맛참 고소참기름 135g|330,동원맛참 고소참기름 135g,330,,Expecting value: line 2 column 512 (char 512)
동원맛참 고소참기름 135g|334,동원맛참 고소참기름 135g,334,"{""product_name"": ""동원맛참 고소참기름 135g"", ""persona_key"": 334, ""purchase_behavior_prediction"": {""purchase_probability_pct"": 85, ""reason"": ""이 소비자는 '건강 추구형 소비자'로, HMR(가정간편식) 선호도가 높아 간편하고 건강한 식품을 선호합니다. 동원맛참 고소참기름은 고단백, 고소한 맛, 간편함 등의 특징을 가지고 있어 이 소비자의 요구에 잘 부합합니다. 또한, 가격이 2,500원으로 경쟁 제품의 가격 범위(2,126원 ~ 2,644원) 내에 위치하고 있어 가성비 측면에서도 긍정적으로 평가될 것입니다. 따라서 이 소비자는 제품의 건강성과 편리함을 고려하여 구매할 가능성이 높습니다."", ""monthly_purchase_frequency"": 2}}",
동원맛참 고소참기름 135g|332,동원맛참 고소참기름 135g,332,,Expecting value: line 2 column 512 (char 512)
동원맛참 고소참기름 135g|333,동원맛참 고소참기름 135g,333,,Expecting value: line 2 column 512 (char 512)
동원맛참 고소참기름 135g|335,동원맛참 고소참기름 135g,335,,Expecting value: line 2 column 512 (char 512)
동원맛참 고소참기름 135g|336,동원맛참 고소참기름 135g,336,,Expecting value: line 2 column 512 (char 512)
동원맛참 고소참기름 135g|337,동원맛참 고소참기름 135g,337,,Expecting value: line 2 column 512 (char 512)
동원맛참 고소참기름 135g|338,동원맛참 고소참기름 135g,338,,Expecting value: line 2 column 512 (char 512)
동원맛참 고소참기름 135g|339,동원맛참 고소참기름 135g,339,,Expecting value: line 2 column 512 (char 512)
동원맛참 고소참기름 135g|340,동원맛참 고소참기름 135g,340,,Expecting value: line 2 column 512 (char 512)
동원맛참 고소참기름 135g|341,동원맛참 고소참기름 135g,341,,Expecting value: line 2 column 512 (char 512)
동원맛참 고소참기름 135g|343,동원맛참 고소참기름 135g,343,,Expecting value: line 2 column 512 (char 512)
동원맛참 고소참기름 135g|342,동원맛참 고소참기름 135g,342,,Expecting value: line 2 column 512 (char 512)
동원맛참 고소참기름 135g|344,동원맛참 고소참기름 135g,344,,Expecting value: line 2 column 512 (char 512)
동원맛참 고소참기름 135g|346,동원맛참 고소참기름 135g,346,,Expecting value: line 2 column 512 (char 512)
동원맛참 고소참기름 135g|345,동원맛참 고소참기름 135g,345,,Expecting value: line 2 column 512 (char 512)
동원맛참 고소참기름 135g|350,동원맛참 고소참기름 135g,350,"{""product_name"": ""동원맛참 고소참기름 135g"", ""persona_key"": 350, ""purchase_behavior_prediction"": {""purchase_probability_pct"": 85, ""reason"": ""이 페르소나는 '실속형 미식가'로, HMR(가정간편식) 선호도가 높아 간편하고 맛있는 제품을 선호합니다. 동원맛참 고소참기름은 간편함과 고소한 맛을 제공하며, 가격도 경쟁 제품에 비해 합리적입니다. 또한, 이 제품은 1인 가구를 겨냥한 제품으로, 1인 가구인 페르소나에게 적합합니다. 시장 경쟁 환경에서 가격이 2,126원에서 2,644원 사이인 점을 고려할 때, 이 제품의 가격(2,500원)은 중간 수준으로, 가격에 민감한 소비자에게도 매력적입니다. 따라서 이 소비자는 이 제품을 구매할 가능성이 높습니다."", ""monthly_purchase_frequency"": 2}}",
동원맛참 고소참기름 135g|347,동원맛참 고소참기름 135g,347,,Expecting value: line 2 column 512 (char 512)
동원맛참 고소참기름 135g|348,동원맛참 고소참기름 135g,348,,Expecting value: line 2 column 512 (char 512)
동원맛참 고소참기름 135g|349,동원맛참 고소참기름 135g,349,,Expecting value: line 2 column 512 (char 512)
동원맛참 고소참기름 135g|352,동원맛참 고소참기름 135g,352,,Expecting value: line 2 column 512 (char 512)
동원맛참 고소참기름 135g|351,동원맛참 고소참기름 135g,351,,Expecting value: line 2 column 512 (char 512)
동원맛참 고소참기름 135g|353,동원맛참 고소참기름 135g,353,,Expecting value: line 2 column 512 (char 512)
동원맛참 고소참기름 135g|354,동원맛참 고소참기름 135g,354,,Expecting value: line 2 column 512 (char 512)
동원맛참 고소참기름 135g|356,동원맛참 고소참기름 135g,356,,Expecting value: line 2 column 512 (char 512)
동원맛참 고소참기름 135g|355,동원맛참 고소참기름 135g,355,,Expecting value: line 2 column 512 (char 512)
동원맛참 고소참기름 135g|357,동원맛참 고소참기름 135g,357,,Expecting value: line 2 column 512 (char 512)
동원맛참 고소참기름 135g|358,동원맛참 고소참기름 135g,358,,Expecting value: line 2 column 512 (char 512)
동원맛참 고소참기름 135g|360,동원맛참 고소참기름 135g,360,,Expecting value: line 2 column 512 (char 512)
동원맛참 고소참기름 135g|362,동원맛참 고소참기름 135g,362,,Expecting value: line 2 column 512 (char 512)
동원맛참 고소참기름 135g|359,동원맛참 고소참기름 135g,359,,Expecting value: line 2 column 512 (char 512)
동원맛참 고소참기름 90g|1,동원맛참 고소참기름 90g,1,"{""product_name"": ""동원맛참 고소참기름 90g"", ""persona_key"": 1, ""purchase_behavior_prediction"": {""purchase_probability_pct"": 75, ""reason"": ""페르소나는 '실속형 미식가'로, 편리성과 맛을 중시하며 새로운 제품을 시도하는 데 적극적입니다. 'HMR 선호도'가 높아 간편한 조리 방법을 선호하는 이 소비자는 동원맛참 고소참기름의 '간편함'과 '고소한맛'에 매력을 느낄 것입니다. 또한, 가격이 2,000원으로 경쟁 제품의 가격대(2,126원 ~ 2,644원)보다 저렴하여 가성비를 중시하는 페르소나에게 긍정적인 요소로 작용합니다. 따라서, 이 제품은 페르소나의 건강 지향성과 요리 편리성을 충족시키며, 구매 확률이 높습니다."", ""monthly_purchase_frequency"": 2}}",
동원맛참 고소참기름 135g|361,동원맛참 고소참기름 135g,361,,Expecting value: line 2 column 512 (char 512)
동원맛참 고소참기름 135g|363,동원맛참 고소참기름 135g,363,,Expecting value: line 2 column 512 (char 512)
동원맛참 고소참기름 90g|4,동원맛참 고소참기름 90g,4,"{""product_name"": ""동원맛참 고소참기름 90g"", ""persona_key"": 4, ""purchase_behavior_prediction"": {""purchase_probability_pct"": 75, ""reason"": ""이 페르소나는 '실속형 미식가'로, 편리함과 맛을 중시하며 새로운 제품을 시도하는 데 적극적입니다. 'HMR 선호도'가 높아 간편한 조리 방법을 선호하며, 제품의 '간편함'과 '고단백' 특성이 매력적입니다. 가격은 2,000원으로 경쟁 제품의 가격대(2,126원 ~ 2,644원)보다 저렴하여 가성비가 뛰어나고, 이는 가격에 민감하지 않은 이 소비자에게 긍정적입니다. 또한, 1인 가구로서 소량 포장 제품에 대한 수요가 높아 구매 가능성이 높습니다."", ""monthly_purchase_frequency"": 2}}",
동원맛참 고소참기름 90g|2,동원맛참 고소참기름 90g,2,,Expecting value: line 2 column 512 (char 512)
동원맛참 고소참기름 90g|3,동원맛참 고소참기름 90g,3,,Expecting value: line 2 column 512 (char 512)
동원맛참 고소참기름 90g|5,동원맛참 고소참기름 90g,5,,Expecting value: line 2 column 512 (char 512)
동원맛참 고소참기름 90g|7,동원맛참 고소참기름 90g,7,,Expecting value: line 2 column 512 (char 512)
동원맛참 고소참기름 90g|10,동원맛참 고소참기름 90g,10,"{""product_name"": ""동원맛참 고소참기름 90g"", ""persona_key"": 10, ""purchase_behavior_prediction"": {""purchase_probability_pct"": 85, ""reason"": ""이 소비자는 건강을 최우선으로 고려하는 프리미엄 소비자 그룹에 속하며, HMR(가정간편식) 선호도가 매우 높습니다. 제품의 '고단백', '간편함', '가성비'와 같은 특징은 이 소비자의 요구에 부합합니다. 또한, 가격이 2,000원으로 경쟁 제품의 가격대(2,126원 ~ 2,644원)보다 저렴하여 가성비를 중시하는 소비자에게 매력적입니다. 따라서, 이 소비자는 제품의 건강성과 편리함을 고려할 때 높은 구매 확률을 보일 것입니다."", ""monthly_purchase_frequency"": 3}}",
동원맛참 고소참기름 90g|6,동원맛참 고소참기름 90g,6,,Expecting value: line 2 column 512 (char 512)
동원맛참 고소참기름 90g|8,동원맛참 고소참기름 90g,8,,Expecting value: line 2 column 512 (char 512)
동원맛참 고소참기름 90g|9,동원맛참 고소참기름 90g,9,,Expecting value: line 2 column 512 (char 512)
동원맛참 고소참기름 90g|11,동원맛참 고소참기름 90g,11,,Expecting value: line 2 column 512 (char 512)
동원맛참 고소참기름 90g|12,동원맛참 고소참기름 90g,12,,Expecting value: line 2 column 512 (char 512)
동원맛참 고소참기름 90g|15,동원맛참 고소참기름 90g,15,,Expecting value: line 2 column 512 (char 512)
동원맛참 고소참기름 90g|13,동원맛참 고소참기름 90g,13,,Expecting value: line 2 column 512 (char 512)
동원맛참 고소참기름 90g|14,동원맛참 고소참기름 90g,14,,Expecting value: line 2 column 512 (char 512)
동원맛참 고소참기름 90g|16,동원맛참 고소참기름 90g,16,,Expecting value: line 2 column 512 (char 512)
동원맛참 고소참기름 90g|20,동원맛참 고소참기름 90g,20,"{""product_name"": ""동원맛참 고소참기름 90g"", ""persona_key"": 20, ""purchase_behavior_prediction"": {""purchase_probability_pct"": 85, ""reason"": ""이 페르소나는 HMR(가정간편식) 선호도가 매우 높고, 건강을 최우선으로 고려하는 소비자입니다. 제품의 간편함과 고단백, 고소한 맛은 그녀의 요구에 잘 부합하며, 가격도 경쟁 제품보다 저렴한 2,000원으로 가성비가 뛰어납니다. 또한, 1인 가구를 타겟으로 하여 혼자서 간편하게 요리할 수 있는 점이 매력적입니다. 시장 경쟁 환경에서 동원 F&B의 가격이 100g당 2,126원 ~ 2,644원인 점을 고려할 때, 이 제품은 가격 경쟁력이 있어 더욱 매력적으로 다가올 것입니다. 따라서, 이 소비자는 제품을 구매할 가능성이 높습니다."", ""monthly_purchase_frequency"": 2}}",
동원맛참 고소참기름 90g|17,동원맛참 고소참기름 90g,17,,Expecting value: line 2 column 512 (char 512)
동원맛참 고소참기름 90g|18,동원맛참 고소참기름 90g,18,,Expecting value: line 2 column 512 (char 512)
동원맛참 고소참기름 90g|19,동원맛참 고소참기름 90g,19,,Expecting value: line 2 column 512 (char 512)
동원맛참 고소참기름 90g|21,동원맛참 고소참기름 90g,21,,Expecting value: line 2 column 512 (char 512)
동원맛참 고소참기름 90g|22,동원맛참 고소참기름 90g,22,,Expecting value: line 2 column 512 (char 512)
동원맛참 고소참기름 90g|23,동원맛참 고소참기름 90g,23,,Expecting value: line 2 column 512 (char 512)
동원맛참 고소참기름 90g|24,동원맛참 고소참기름 90g,24,,Expecting value: line 2 column 512 (char 512)
동원맛참 고소참기름 90g|25,동원맛참 고소참기름 90g,25,,Expecting value: line 2 column 512 (char 512)
동원맛참 고소참기름 90g|26,동원맛참 고소참기름 90g,26,,Expecting value: line 2 column 512 (char 512)
동원맛참 고소참기름 90g|27,동원맛참 고소참기름 90g,27,,Expecting value: line 2 column 512 (char 512)
동원맛참 고소참기름 90g|28,동원맛참 고소참기름 90g,28,,Expecting value: line 2 column 512 (char 512)
동원맛참 고소참기름 90g|29,동원맛참 고소참기름 90g,29,,Expecting value: line 2 column 512 (char 512)
동원맛참 고소참기름 90g|31,동원맛참 고소참기름 90g,31,,Expecting value: line 2 column 512 (char 512)
동원맛참 고소참기름 90g|32,동원맛참 고소참기름 90g,32,,Expecting value: line 2 column 512 (char 512)
동원맛참 고소참기름 90g|30,동원맛참 고소참기름 90g,30,,Expecting value: line 2 column 512 (char 512)
동원맛참 고소참기름 90g|33,동원맛참 고소참기름 90g,33,,Expecting value: line 2 column 512 (char 512)
동원맛참 고소참기름 90g|34,동원맛참 고소참기름 90g,34,,Expecting value: line 2 column 512 (char 512)
동원맛참 고소참기름 90g|35,동원맛참 고소참기름 90g,35,,Expecting value: line 2 column 512 (char 512)
동원맛참 고소참기름 90g|39,동원맛참 고소참기름 90g,39,"{""product_name"": ""동원맛참 고소참기름 90g"", ""persona_key"": 39, ""purchase_behavior_prediction"": {""purchase_probability_pct"": 85, ""reason"": ""이 페르소나는 HMR(가정간편식) 선호도가 매우 높고(0.96), 1인 가구로서 간편한 요리를 선호하는 경향이 강합니다. 제품의 '간편함'과 '고단백' 특성은 그녀의 라이프스타일에 잘 맞아떨어지며, 가격도 2,000원으로 경쟁 제품(2,126원 ~ 2,644원)보다 저렴하여 가성비가 뛰어납니다. 또한, 브랜드 충성도가 높고(0.54), 새로운 제품을 경험하고 공유하려는 성향이 있어, 동원 F&B의 연예인 광고는 그녀의 구매 결정에 긍정적인 영향을 미칠 것입니다. 이러한 요소들이 결합되어 높은 구매 확률을 예상하게 합니다."", ""monthly_purchase_frequency"": 2}}",
동원맛참 고소참기름 90g|36,동원맛참 고소참기름 90g,36,,Expecting value: line 2 column 512 (char 512)
동원맛참 고소참기름 90g|37,동원맛참 고소참기름 90g,37,,Expecting value: line 2 column 512 (char 512)
동원맛참 고소참기름 90g|38,동원맛참 고소참기름 90g,38,,Expecting value: line 2 column 512 (char 512)
동원맛참 고소참기름 90g|40,동원맛참 고소참기름 90g,40,,Expecting value: line 2 column 512 (char 512)
동원맛참 고소참기름 90g|42,동원맛참 고소참기름 90g,42,,Expecting value: line 2 column 512 (char 512)
동원맛참 고소참기름 90g|41,동원맛참 고소참기름 90g,41,,Expecting value: line 2 column 512 (char 512)
동원맛참 고소참기름 90g|44,동원맛참 고소참기름 90g,44,,Expecting value: line 2 column 512 (char 512)
동원맛참 고소참기름 90g|43,동원맛참 고소참기름 90g,43,,Expecting value: line 2 column 512 (char 512)
동원맛참 고소참기름 90g|45,동원맛참 고소참기름 90g,45,,Expecting value: line 2 column 512 (char 512)
동원맛참 고소참기름 90g|46,동원맛참 고소참기름 90g,46,,Expecting value: line 2 column 512 (char 512)
동원맛참 고소참기름 90g|47,동원맛참 고소참기름 90g,47,,Expecting value: line 2 column 512 (char 512)
동원맛참 고소참기름 90g|48,동원맛참 고소참기름 90g,48,,Expecting value: line 2 column 512 (char 512)
동원맛참 고소참기름 90g|49,동원맛참 고소참기름 90g,49,,Expecting value: line 2 column 512 (char 512)
동원맛참 고소참기름 90g|51,동원맛참 고소참기름 90g,51,,Expecting value: line 2 column 512 (char 512)
동원맛참 고소참기름 90g|52,동원맛참 고소참기름 90g,52,,Expecting value: line 2 column 512 (char 512)
동원맛참 고소참기름 90g|50,동원맛참 고소참기름 90g,50,,Expecting value: line 2 column 512 (char 512)
동원맛참 고소참기름 90g|53,동원맛참 고소참기름 90g,53,,Expecting value: line 2 column 512 (char 512)
동원맛참 고소참기름 90g|56,동원맛참 고소참기름 90g,56,"{""product_name"": ""동원맛참 고소참기름 90g"", ""persona_key"": 56, ""purchase_behavior_prediction"": {""purchase_probability_pct"": 85, ""reason"": ""이 페르소나는 HMR(가정간편식) 선호도가 매우 높고(0.902), 주부로서 요리의 편리함을 중시하며(0.515), 건강 지향적인 소비 성향을 가지고 있습니다. 제품의 '간편함'과 '고단백' 특성은 바쁜 일상 속에서 요리를 간편하게 해줄 수 있어 매력적입니다. 또한, 가격이 2,000원으로 경쟁 제품의 가격대(2,126원 ~ 2,644원)보다 저렴하여 가성비를 중시하는 소비자에게 긍정적인 요소로 작용합니다. 이 소비자는 새로운 제품을 경험하고 공유하려는 경향이 강하므로, 광고와 프로모션이 효과적으로 작용할 것으로 예상됩니다."", ""monthly_purchase_frequency"": 3}}",
동원맛참 고소참기름 90g|58,동원맛참 고소참기름 90g,58,"{""product_name"": ""동원맛참 고소참기름 90g"", ""persona_key"": 58, ""purchase_behavior_prediction"": {""purchase_probability_pct"": 85, ""reason"": ""이 페르소나는 HMR(가정간편식) 선호도가 매우 높고(0.9999), 간편함과 고단백을 중시하는 특성을 가지고 있습니다. 제품의 특징인 '간편함'과 '고단백'은 이 소비자에게 매우 매력적이며, 가격 또한 2,000원으로 경쟁 제품의 가격대(2,126원 ~ 2,644원)보다 저렴하여 가성비가 뛰어납니다. 또한, 광고가 연예인과 함께 진행되어 있어 트렌드 주도형 소비자로서 새로운 제품을 경험하고 공유하려는 욕구를 자극할 것입니다. 이러한 요소들이 결합되어 높은 구매 확률을 나타냅니다."", ""monthly_purchase_frequency"": 2}}",
동원맛참 고소참기름 90g|54,동원맛참 고소참기름 90g,54,,Expecting value: line 2 column 512 (char 512)
동원맛참 고소참기름 90g|55,동원맛참 고소참기름 90g,55,,Expecting value: line 2 column 512 (char 512)
동원맛참 고소참기름 90g|59,동원맛참 고소참기름 90g,59,,Expecting value: line 2 column 512 (char 512)
동원맛참 고소참기름 90g|57,동원맛참 고소참기름 90g,57,,Expecting value: line 2 column 512 (char 512)
동원맛참 고소참기름 90g|60,동원맛참 고소참기름 90g,60,,Expecting value: line 2 column 512 (char 512)
동원맛참 고소참기름 90g|61,동원맛참 고소참기름 90g,61,,Expecting value: line 2 column 512 (char 512)
동원맛참 고소참기름 90g|62,동원맛참 고소참기름 90g,62,,Expecting value: line 2 column 512 (char 512)
동원맛참 고소참기름 90g|63,동원맛참 고소참기름 90g,63,,Expecting value: line 2 column 512 (char 512)
동원맛참 고소참기름 90g|64,동원맛참 고소참기름 90g,64,,Expecting value: line 2 column 512 (char 512)
동원맛참 고소참기름 90g|65,동원맛참 고소참기름 90g,65,,Expecting value: line 2 column 512 (char 512)
동원맛참 고소참기름 90g|67,동원맛참 고소참기름 90g,67,,Expecting value: line 2 column 512 (char 512)
동원맛참 고소참기름 90g|66,동원맛참 고소참기름 90g,66,"{""product_name"": ""동원맛참 고소참기름 90g"", ""persona_key"": 66, ""purchase_behavior_prediction"": {""purchase_probability_pct"": 75, ""reason"": ""페르소나의 HMR 선호도가 높고, 간편함과 고단백의 제품 특징이 그의 요리 편리성 선호와 잘 맞아떨어집니다. 또한, 가격이 2,000원으로 경쟁 제품보다 저렴하여 가격 민감도가 낮은 이 소비자에게 매력적입니다. '실속형 미식가'로서 효율성과 맛을 동시에 추구하는 특성 덕분에 이 제품은 그의 구매 결정에 긍정적인 영향을 미칠 것입니다."", ""monthly_purchase_frequency"": 2}}",
동원맛참 고소참기름 90g|68,동원맛참 고소참기름 90g,68,,Expecting value: line 2 column 512 (char 512)
동원맛참 고소참기름 90g|69,동원맛참 고소참기름 90g,69,,Expecting value: line 2 column 512 (char 512)
동원맛참 고소참기름 90g|70,동원맛참 고소참기름 90g,70,,Expecting value: line 2 column 512 (char 512)
동원맛참 고소참기름 90g|72,동원맛참 고소참기름 90g,72,"{""product_name"": ""동원맛참 고소참기름 90g"", ""persona_key"": 72, ""purchase_behavior_prediction"": {""purchase_probability_pct"": 85, ""reason"": ""이 페르소나는 HMR(가정간편식) 선호도가 매우 높고(0.9216), 간편함과 고단백의 제품 특성이 잘 맞아떨어집니다. 또한, 1인 가구를 대상으로 하는 제품으로, 바쁜 일상 속에서 간편하게 요리를 할 수 있는 점이 매력적입니다. 가격이 2,000원으로 경쟁 제품보다 저렴한 편이며, 부산광역시에 거주하는 기혼 여성으로서 가성비를 중시하는 경향이 있습니다. 시장 경쟁 환경에서 경쟁 제품의 가격대가 2,126원에서 2,644원 사이인 점을 고려할 때, 가격 경쟁력이 높아 구매를 유도할 가능성이 큽니다. 따라서 이 소비자는 제품의 간편함과 가격, 그리고 브랜드 충성도(0.7239)를 바탕으로 구매할 확률이 높습니다."", ""monthly_purchase_frequency"": 3}}",
동원맛참 고소참기름 90g|73,동원맛참 고소참기름 90g,73,,Expecting value: line 2 column 512 (char 512)
동원맛참 고소참기름 90g|74,동원맛참 고소참기름 90g,74,,Expecting value: line 2 column 512 (char 512)
동원맛참 고소참기름 90g|71,동원맛참 고소참기름 90g,71,,Expecting value: line 2 column 512 (char 512)
동원맛참 고소참기름 90g|75,동원맛참 고소참기름 90g,75,,Expecting value: line 2 column 512 (char 512)
동원맛참 고소참기름 90g|76,동원맛참 고소참기름 90g,76,,Expecting value: line 2 column 512 (char 512)
동원맛참 고소참기름 90g|77,동원맛참 고소참기름 90g,77,,Expecting value: line 2 column 512 (char 512)
동원맛참 고소참기름 90g|79,동원맛참 고소참기름 90g,79,,Expecting value: line 2 column 512 (char 512)
동원맛참 고소참기름 90g|78,동원맛참 고소참기름 90g,78,,Expecting value: line 2 column 512 (char 512)
동원맛참 고소참기름 90g|81,동원맛참 고소참기름 90g,81,,Expecting value: line 2 column 512 (char 512)
동원맛참 고소참기름 90g|82,동원맛참 고소참기름 90g,82,,Expecting value: line 2 column 512 (char 512)
동원맛참 고소참기름 90g|80,동원맛참 고소참기름 90g,80,,Expecting value: line 2 column 512 (char 512)
동원맛참 고소참기름 90g|83,동원맛참 고소참기름 90g,83,,Expecting value: line 2 column 512 (char 512)
동원맛참 고소참기름 90g|84,동원맛참 고소참기름 90g,84,,Expecting value: line 2 column 512 (char 512)
동원맛참 고소참기름 90g|86,동원맛참 고소참기름 90g,86,,Expecting value: line 2 column 512 (char 512)
동원맛참 고소참기름 90g|85,동원맛참 고소참기름 90g,85,,Expecting value: line 2 column 512 (char 512)
동원맛참 고소참기름 90g|87,동원맛참 고소참기름 90g,87,,Expecting value: line 2 column 512 (char 512)
동원맛참 고소참기름 90g|88,동원맛참 고소참기름 90g,88,,Expecting value: line 2 column 512 (char 512)
동원맛참 고소참기름 90g|89,동원맛참 고소참기름 90g,89,,Expecting value: line 2 column 512 (char 512)
동원맛참 고소참기름 90g|91,동원맛참 고소참기름 90g,91,,Expecting value: line 2 column 512 (char 512)
동원맛참 고소참기름 90g|93,동원맛참 고소참기름 90g,93,,Expecting value: line 2 column 512 (char 512)
동원맛참 고소참기름 90g|90,동원맛참 고소참기름 90g,90,,Expecting value: line 2 column 512 (char 512)
동원맛참 고소참기름 90g|94,동원맛참 고소참기름 90g,94,,Expecting value: line 2 column 512 (char 512)
동원맛참 고소참기름 90g|92,동원맛참 고소참기름 90g,92,,Expecting value: line 2 column 512 (char 512)
동원맛참 고소참기름 90g|95,동원맛참 고소참기름 90g,95,,Expecting value: line 2 column 512 (char 512)
동원맛참 고소참기름 90g|96,동원맛참 고소참기름 90g,96,,Expecting value: line 2 column 512 (char 512)
동원맛참 고소참기름 90g|97,동원맛참 고소참기름 90g,97,,Expecting value: line 2 column 512 (char 512)
동원맛참 고소참기름 90g|98,동원맛참 고소참기름 90g,98,,Expecting value: line 2 column 512 (char 512)
동원맛참 고소참기름 90g|100,동원맛참 고소참기름 90g,100,,Expecting value: line 2 column 512 (char 512)
동원맛참 고소참기름 90g|99,동원맛참 고소참기름 90g,99,,Expecting value: line 2 column 512 (char 512)
동원맛참 고소참기름 90g|101,동원맛참 고소참기름 90g,101,,Expecting value: line 2 column 512 (char 512)
동원맛참 고소참기름 90g|104,동원맛참 고소참기름 90g,104,"{""product_name"": ""동원맛참 고소참기름 90g"", ""persona_key"": 104, ""purchase_behavior_prediction"": {""purchase_probability_pct"": 85, ""reason"": ""이 소비자는 건강을 최우선으로 고려하는 소비자로, HMR(가정간편식)에 대한 높은 선호도를 가지고 있습니다. 제품의 특징인 '간편함'과 '고단백'은 그녀의 요리 편리성 및 건강 지향성과 잘 맞아떨어집니다. 또한, 가격이 2,000원으로 경쟁 제품의 가격대(2,126원 ~ 2,644원)보다 저렴하여 가성비 측면에서도 매력적입니다. 따라서, 이 소비자는 제품의 건강과 편리성을 고려하여 구매할 가능성이 높습니다."", ""monthly_purchase_frequency"": 3}}",
동원맛참 고소참기름 90g|103,동원맛참 고소참기름 90g,103,,Expecting value: line 2 column 512 (char 512)
동원맛참 고소참기름 90g|102,동원맛참 고소참기름 90g,102,,Expecting value: line 2 column 512 (char 512)
동원맛참 고소참기름 90g|105,동원맛참 고소참기름 90g,105,,Expecting value: line 2 column 512 (char 512)
동원맛참 고소참기름 90g|106,동원맛참 고소참기름 90g,106,,Expecting value: line 2 column 512 (char 512)
동원맛참 고소참기름 90g|107,동원맛참 고소참기름 90g,107,,Expecting value: line 2 column 512 (char 512)
동원맛참 고소참기름 90g|108,동원맛참 고소참기름 90g,108,,Expecting value: line 2 column 512 (char 512)
동원맛참 고소참기름 90g|111,동원맛참 고소참기름 90g,111,"{""product_name"": ""동원맛참 고소참기름 90g"", ""persona_key"": 111, ""purchase_behavior_prediction"": {""purchase_probability_pct"": 85, ""reason"": ""이 소비자는 건강 지향성이 매우 높고, 건강과 편리성을 모두 중시하는 소비자입니다. 동원맛참 고소참기름은 고단백, 간편함, 고소한 맛 등의 특징을 가지고 있어 이 소비자의 요구를 충족시킵니다. 가격이 2,000원으로 경쟁 제품보다 저렴하며, 경쟁 제품의 가격대가 2,126원에서 2,644원 사이인 점도 긍정적입니다. 따라서 이 소비자는 가격에 크게 구애받지 않으면서도 건강을 최우선으로 고려하는 특성 덕분에 이 제품을 선택할 가능성이 높습니다."", ""monthly_purchase_frequency"": 2}}",
동원맛참 고소참기름 90g|110,동원맛참 고소참기름 90g,110,,Expecting value: line 2 column 512 (char 512)
동원맛참 고소참기름 90g|115,동원맛참 고소참기름 90g,115,"{""product_name"": ""동원맛참 고소참기름 90g"", ""persona_key"": 115, ""purchase_behavior_prediction"": {""purchase_probability_pct"": 85, ""reason"": ""이 페르소나는 HMR(가정간편식) 선호도가 매우 높고(0.9216), 간편함과 고단백을 중시하는 소비자입니다. 동원맛참 고소참기름은 간편하게 사용할 수 있는 제품으로, 1인 가구를 타겟으로 하여 고소한 맛과 가성비가 뛰어난 점이 매력적입니다. 또한, 가격이 2,000원으로 경쟁사 제품(2,126원 ~ 2,644원)보다 저렴하여 가격 민감도가 낮은 이 소비자에게 긍정적인 요소로 작용할 것입니다. 이 소비자는 새로운 제품을 경험하고 공유하려는 경향이 강하므로, 연예인 광고와 같은 마케팅 전략이 효과적일 것입니다."", ""monthly_purchase_frequency"": 3}}",
동원맛참 고소참기름 90g|109,동원맛참 고소참기름 90g,109,,Expecting value: line 2 column 512 (char 512)
동원맛참 고소참기름 90g|114,동원맛참 고소참기름 90g,114,,Expecting value: line 2 column 512 (char 512)
동원맛참 고소참기름 90g|113,동원맛참 고소참기름 90g,113,,Expecting value: line 2 column 512 (char 512)
동원맛참 고소참기름 90g|112,동원맛참 고소참기름 90g,112,,Expecting value: line 2 column 512 (char 512)
동원맛참 고소참기름 90g|117,동원맛참 고소참기름 90g,117,,Expecting value: line 2 column 512 (char 512)
동원맛참 고소참기름 90g|119,동원맛참 고소참기름 90g,119,,Expecting value: line 2 column 512 (char 512)
동원맛참 고소참기름 90g|116,동원맛참 고소참기름 90g,116,,Expecting value: line 2 column 512 (char 512)
동원맛참 고소참기름 90g|118,동원맛참 고소참기름 90g,118,,Expecting value: line 2 column 512 (char 512)
동원맛참 고소참기름 90g|121,동원맛참 고소참기름 90g,121,,Expecting value: line 2 column 512 (char 512)
동원맛참 고소참기름 90g|120,동원맛참 고소참기름 90g,120,,Expecting value: line 2 column 512 (char 512)
동원맛참 고소참기름 90g|124,동원맛참 고소참기름 90g,124,,Expecting value: line 2 column 512 (char 512)
동원맛참 고소참기름 90g|122,동원맛참 고소참기름 90g,122,,Expecting value: line 2 column 512 (char 512)
동원맛참 고소참기름 90g|125,동원맛참 고소참기름 90g,125,,Expecting value: line 2 column 512 (char 512)
동원맛참 고소참기름 90g|123,동원맛참 고소참기름 90g,123,,Expecting value: line 2 column 512 (char 512)
동원맛참 고소참기름 90g|126,동원맛참 고소참기름 90g,126,,Expecting value: line 2 column 512 (char 512)
동원맛참 고소참기름 90g|127,동원맛참 고소참기름 90g,127,,Expecting value: line 2 column 512 (char 512)
동원맛참 고소참기름 90g|132,동원맛참 고소참기름 90g,132,"{""product_name"": ""동원맛참 고소참기름 90g"", ""persona_key"": 132, ""purchase_behavior_prediction"": {""purchase_probability_pct"": 85, ""reason"": ""페르소나는 HMR(가정간편식) 선호도가 매우 높고(0.882), 이는 간편함과 빠른 조리를 중시하는 경향을 나타냅니다. 제품의 '간편함'과 '고소한맛'은 이 소비자에게 매력적이며, '가성비' 또한 긍정적인 요소로 작용합니다. 가격이 2,000원으로 경쟁 제품의 가격대(2,126원 ~ 2,644원)보다 저렴하여 가격 민감도가 낮은 페르소나에게 긍정적으로 작용할 것입니다. 또한, 트렌드 주도형 소비자로서 새로운 제품을 경험하고 공유하려는 성향이 강해, 광고와 프로모션이 효과적으로 작용할 것으로 예상됩니다."", ""monthly_purchase_frequency"": 3}}",
동원맛참 고소참기름 90g|128,동원맛참 고소참기름 90g,128,,Expecting value: line 2 column 512 (char 512)
동원맛참 고소참기름 90g|130,동원맛참 고소참기름 90g,130,,Expecting value: line 2 column 512 (char 512)
동원맛참 고소참기름 90g|129,동원맛참 고소참기름 90g,129,,Expecting value: line 2 column 512 (char 512)
동원맛참 고소참기름 90g|131,동원맛참 고소참기름 90g,131,,Expecting value: line 2 column 512 (char 512)
동원맛참 고소참기름 90g|133,동원맛참 고소참기름 90g,133,,Expecting value: line 2 column 512 (char 512)
동원맛참 고소참기름 90g|134,동원맛참 고소참기름 90g,134,,Expecting value: line 2 column 512 (char 512)
동원맛참 고소참기름 90g|135,동원맛참 고소참기름 90g,135,,Expecting value: line 2 column 512 (char 512)
동원맛참 고소참기름 90g|136,동원맛참 고소참기름 90g,136,,Expecting value: line 2 column 512 (char 512)
동원맛참 고소참기름 90g|137,동원맛참 고소참기름 90g,137,,Expecting value: line 2 column 512 (char 512)
동원맛참 고소참기름 90g|138,동원맛참 고소참기름 90g,138,,Expecting value: line 2 column 512 (char 512)
동원맛참 고소참기름 90g|139,동원맛참 고소참기름 90g,139,,Expecting value: line 2 column 512 (char 512)
동원맛참 고소참기름 90g|143,동원맛참 고소참기름 90g,143,"{""product_name"": ""동원맛참 고소참기름 90g"", ""persona_key"": 143, ""purchase_behavior_prediction"": {""purchase_probability_pct"": 85, ""reason"": ""이 소비자는 HMR(홈 밀 레디) 선호도가 매우 높고, 1인 가구로서 간편함과 고단백 식품을 선호합니다. 동원맛참 고소참기름은 간편하게 사용할 수 있으며, 고소한 맛과 가성비가 뛰어나기 때문에 이 소비자의 요구를 충족시킵니다. 또한, 가격이 2,000원으로 경쟁 제품의 가격대(2,126원 ~ 2,644원)보다 저렴하여 가격 민감도가 낮은 이 소비자에게 매력적입니다. 광고와 프로모션이 예정되어 있어 소비자의 관심을 끌 가능성도 높습니다."", ""monthly_purchase_frequency"": 2}}",
동원맛참 고소참기름 90g|141,동원맛참 고소참기름 90g,141,,Expecting value: line 2 column 512 (char 512)
동원맛참 고소참기름 90g|140,동원맛참 고소참기름 90g,140,,Expecting value: line 2 column 512 (char 512)
동원맛참 고소참기름 90g|144,동원맛참 고소참기름 90g,144,,Expecting value: line 2 column 512 (char 512)
동원맛참 고소참기름 90g|142,동원맛참 고소참기름 90g,142,,Expecting value: line 2 column 512 (char 512)
동원맛참 고소참기름 90g|145,동원맛참 고소참기름 90g,145,,Expecting value: line 2 column 512 (char 512)
동원맛참 고소참기름 90g|147,동원맛참 고소참기름 90g,147,,Expecting value: line 2 column 512 (char 512)
동원맛참 고소참기름 90g|148,동원맛참 고소참기름 90g,148,,Expecting value: line 2 column 512 (char 512)
동원맛참 고소참기름 90g|146,동원맛참 고소참기름 90g,146,,Expecting value: line 2 column 512 (char 512)
동원맛참 고소참기름 90g|150,동원맛참 고소참기름 90g,150,,Expecting value: line 2 column 512 (char 512)
동원맛참 고소참기름 90g|149,동원맛참 고소참기름 90g,149,,Expecting value: line 2 column 512 (char 512)
동원맛참 고소참기름 90g|154,동원맛참 고소참기름 90g,154,"{""product_name"": ""동원맛참 고소참기름 90g"", ""persona_key"": 154, ""purchase_behavior_prediction"": {""purchase_probability_pct"": 85, ""reason"": ""이 페르소나는 '요리 편리성'을 가장 중요하게 생각하는 소비자로, 간편함과 고소한 맛을 제공하는 동원맛참 고소참기름은 매우 매력적입니다. 또한, 가격이 2,000원으로 경쟁 제품의 가격대(2,126원 ~ 2,644원)보다 저렴하여 가성비를 중시하는 이 소비자에게 긍정적인 요소로 작용합니다. 이 소비자는 새로운 맛을 시도하는 데 적극적이므로, 제품의 광고와 프로모션이 효과적으로 작용할 가능성이 높습니다. 따라서, 이 소비자가 이 제품을 구매할 확률은 높습니다."", ""monthly_purchase_frequency"": 2}}",
동원맛참 고소참기름 90g|152,동원맛참 고소참기름 90g,152,,Expecting value: line 2 column 512 (char 512)
동원맛참 고소참기름 90g|153,동원맛참 고소참기름 90g,153,,Expecting value: line 2 column 512 (char 512)
동원맛참 고소참기름 90g|151,동원맛참 고소참기름 90g,151,,Expecting value: line 2 column 512 (char 512)
동원맛참 고소참기름 90g|155,동원맛참 고소참기름 90g,155,,Expecting value: line 2 column 512 (char 512)
동원맛참 고소참기름 90g|156,동원맛참 고소참기름 90g,156,,Expecting value: line 2 column 512 (char 512)
동원맛참 고소참기름 90g|157,동원맛참 고소참기름 90g,157,,Expecting value: line 2 column 512 (char 512)
동원맛참 고소참기름 90g|160,동원맛참 고소참기름 90g,160,"{""product_name"": ""동원맛참 고소참기름 90g"", ""persona_key"": 160, ""purchase_behavior_prediction"": {""purchase_probability_pct"": 85, ""reason"": ""이 페르소나는 '건강 지향성'이 가장 높은 소비자로, 건강과 편리성을 중시합니다. 동원맛참 고소참기름은 고단백과 간편함을 제공하며, 가격이 2,000원으로 경쟁 제품보다 저렴한 편입니다. 경쟁 제품의 가격대가 2,126원에서 2,644원 사이인 점을 고려할 때, 가격에 대한 민감도가 낮은 이 소비자는 가성비와 건강을 모두 충족하는 이 제품에 긍정적인 반응을 보일 것입니다. 또한, 광고와 프로모션이 예정되어 있어 소비자의 관심을 끌 가능성이 높습니다."", ""monthly_purchase_frequency"": 2}}",
동원맛참 고소참기름 90g|158,동원맛참 고소참기름 90g,158,,Expecting value: line 2 column 512 (char 512)
동원맛참 고소참기름 90g|161,동원맛참 고소참기름 90g,161,"{""product_name"": ""동원맛참 고소참기름 90g"", ""persona_key"": 161, ""purchase_behavior_prediction"": {""purchase_probability_pct"": 85, ""reason"": ""이 소비자는 건강을 최우선으로 고려하는 '건강 추구형 소비자'로, HMR(가정간편식) 선호도가 매우 높습니다. 제품의 간편함과 고단백, 고소한 맛은 그녀의 요리 편리성 요구를 충족시키며, 가격 또한 경쟁 제품보다 저렴한 2,000원으로 가성비가 뛰어납니다. 시장 경쟁 환경에서 동원 F&B의 가격은 경쟁사보다 낮은 편에 속해 있어 긍정적인 요소로 작용합니다. 따라서 이 소비자는 건강과 편리성을 모두 만족시키는 이 제품에 대해 높은 구매 확률을 보일 것입니다."", ""monthly_purchase_frequency"": 3}}",
동원맛참 고소참기름 90g|159,동원맛참 고소참기름 90g,159,,Expecting value: line 2 column 512 (char 512)
동원맛참 고소참기름 90g|163,동원맛참 고소참기름 90g,163,,Expecting value: line 2 column 512 (char 512)
동원맛참 고소참기름 90g|162,동원맛참 고소참기름 90g,162,,Expecting value: line 2 column 512 (char 512)
동원맛참 고소참기름 90g|164,동원맛참 고소참기름 90g,164,,Expecting value: line 2 column 512 (char 512)
동원맛참 고소참기름 90g|166,동원맛참 고소참기름 90g,166,,Expecting value: line 2 column 512 (char 512)
동원맛참 고소참기름 90g|165,동원맛참 고소참기름 90g,165,,Expecting value: line 2 column 512 (char 512)
동원맛참 고소참기름 90g|167,동원맛참 고소참기름 90g,167,,Expecting value: line 2 column 512 (char 512)
동원맛참 고소참기름 90g|171,동원맛참 고소참기름 90g,171,"{""product_name"": ""동원맛참 고소참기름 90g"", ""persona_key"": 171, ""purchase_behavior_prediction"": {""purchase_probability_pct"": 85, ""reason"": ""이 소비자는 HMR(가정간편식) 선호도가 높고, 간편함과 고단백, 가성비를 중시하는 특성을 가지고 있습니다. 동원맛참 고소참기름은 간편하게 사용할 수 있으며, 고소한 맛과 높은 만족도를 제공하여 이 소비자의 요구를 충족시킵니다. 또한, 가격이 2,000원으로 경쟁 제품의 가격대(2,126원 ~ 2,644원)보다 저렴하여 가성비를 중시하는 소비자에게 매력적입니다. 광고와 프로모션이 예정되어 있어 브랜드 인지도와 신뢰도를 높일 수 있는 요소도 구매 결정에 긍정적인 영향을 미칠 것입니다."", ""monthly_purchase_frequency"": 3}}",
동원맛참 고소참기름 90g|168,동원맛참 고소참기름 90g,168,,Expecting value: line 2 column 512 (char 512)
동원맛참 고소참기름 90g|170,동원맛참 고소참기름 90g,170,,Expecting value: line 2 column 512 (char 512)
동원맛참 고소참기름 90g|173,동원맛참 고소참기름 90g,173,"{""product_name"": ""동원맛참 고소참기름 90g"", ""persona_key"": 173, ""purchase_behavior_prediction"": {""purchase_probability_pct"": 75, ""reason"": ""이 페르소나는 HMR(가정간편식) 선호도가 높고, 1인 가구로서 간편함과 가성비를 중시하는 소비자입니다. 동원맛참 고소참기름은 간편하게 사용할 수 있는 제품으로, 고단백과 고소한 맛을 제공하여 이 소비자의 취향에 잘 맞습니다. 또한, 가격이 2,000원으로 경쟁 제품보다 저렴하여 가격 민감도가 낮은 이 소비자에게 긍정적인 요소로 작용합니다. 시장 경쟁 환경에서 동원 제품의 가격이 경쟁사보다 낮은 편에 속하므로, 가격 면에서도 매력적입니다. 따라서, 이 소비자는 제품을 구매할 가능성이 높습니다."", ""monthly_purchase_frequency"": 2}}",
동원맛참 고소참기름 90g|169,동원맛참 고소참기름 90g,169,,Expecting value: line 2 column 512 (char 512)
동원맛참 고소참기름 90g|172,동원맛참 고소참기름 90g,172,,Expecting value: line 2 column 512 (char 512)
동원맛참 고소참기름 90g|174,동원맛참 고소참기름 90g,174,,Expecting value: line 2 column 512 (char 512)
동원맛참 고소참기름 90g|175,동원맛참 고소참기름 90g,175,,Expecting value: line 2 column 512 (char 512)
동원맛참 고소참기름 90g|177,동원맛참 고소참기름 90g,177,,Expecting value: line 2 column 512 (char 512)
동원맛참 고소참기름 90g|176,동원맛참 고소참기름 90g,176,,Expecting value: line 2 column 512 (char 512)
동원맛참 고소참기름 90g|178,동원맛참 고소참기름 90g,178,,Expecting value: line 2 column 512 (char 512)
동원맛참 고소참기름 90g|179,동원맛참 고소참기름 90g,179,,Expecting value: line 2 column 512 (char 512)
동원맛참 고소참기름 90g|181,동원맛참 고소참기름 90g,181,,Expecting value: line 2 column 512 (char 512)
동원맛참 고소참기름 90g|182,동원맛참 고소참기름 90g,182,,Expecting value: line 2 column 512 (char 512)
동원맛참 고소참기름 90g|183,동원맛참 고소참기름 90g,183,,Expecting value: line 2 column 512 (char 512)
동원맛참 고소참기름 90g|180,동원맛참 고소참기름 90g,180,,Expecting value: line 2 column 512 (char 512)
동원맛참 고소참기름 90g|184,동원맛참 고소참기름 90g,184,,Expecting value: line 2 column 512 (char 512)
동원맛참 고소참기름 90g|189,동원맛참 고소참기름 90g,189,"{""product_name"": ""동원맛참 고소참기름 90g"", ""persona_key"": 189, ""purchase_behavior_prediction"": {""purchase_probability_pct"": 85, ""reason"": ""이 페르소나는 '실속형 미식가'로, 편리함과 새로운 맛을 중시하는 소비자입니다. HMR 선호도가 높아 간편한 조리 방식의 제품에 매력을 느끼며, 동원맛참 고소참기름은 '간편함'과 '고소한맛'을 제공하여 이 소비자의 요구를 충족합니다. 또한, 가격이 2,000원으로 경쟁 제품의 평균 가격(2,126원 ~ 2,644원)보다 저렴하여 가성비를 중시하는 이 페르소나에게 긍정적인 요소로 작용합니다. 따라서, 높은 구매 확률을 예상할 수 있습니다."", ""monthly_purchase_frequency"": 2}}",
동원맛참 고소참기름 90g|185,동원맛참 고소참기름 90g,185,,Expecting value: line 2 column 512 (char 512)
동원맛참 고소참기름 90g|186,동원맛참 고소참기름 90g,186,,Expecting value: line 2 column 512 (char 512)
동원맛참 고소참기름 90g|187,동원맛참 고소참기름 90g,187,,Expecting value: line 2 column 512 (char 512)
동원맛참 고소참기름 90g|188,동원맛참 고소참기름 90g,188,,Expecting value: line 2 column 512 (char 512)
동원맛참 고소참기름 90g|190,동원맛참 고소참기름 90g,190,,Expecting value: line 2 column 512 (char 512)
동원맛참 고소참기름 90g|191,동원맛참 고소참기름 90g,191,,Expecting value: line 2 column 512 (char 512)
동원맛참 고소참기름 90g|192,동원맛참 고소참기름 90g,192,,Expecting value: line 2 column 512 (char 512)
동원맛참 고소참기름 90g|196,동원맛참 고소참기름 90g,196,"{""product_name"": ""동원맛참 고소참기름 90g"", ""persona_key"": 196, ""purchase_behavior_prediction"": {""purchase_probability_pct"": 75, ""reason"": ""이 페르소나는 '실속형 미식가'로, 편리함과 맛을 중시하며 새로운 제품을 시도하는 데 적극적입니다. HMR 선호도가 높아 간편한 조리 방법과 고단백의 특성을 가진 동원맛참 고소참기름은 이 소비자에게 매력적입니다. 가격이 2,000원으로 경쟁 제품보다 저렴하여 가성비를 중시하는 이 소비자에게 긍정적인 요소로 작용합니다. 또한, 충청남도 지역에 거주하며 2세대 가족을 이루고 있어 가족과 함께 사용할 수 있는 제품에 대한 수요가 높습니다. 경쟁 제품의 가격대가 2,126원에서 2,644원 사이인 점도 가격 민감도가 낮은 이 소비자에게 긍정적인 영향을 미칠 것입니다."", ""monthly_purchase_frequency"": 2}}",
동원맛참 고소참기름 90g|193,동원맛참 고소참기름 90g,193,,Expecting value: line 2 column 512 (char 512)
동원맛참 고소참기름 90g|198,동원맛참 고소참기름 90g,198,"{""product_name"": ""동원맛참 고소참기름 90g"", ""persona_key"": 198, ""purchase_behavior_prediction"": {""purchase_probability_pct"": 75, ""reason"": ""페르소나는 '실속형 미식가'로, HMR(가정간편식)에 대한 선호도가 매우 높습니다(0.843). 이는 간편함과 효율성을 중시하는 소비 성향을 반영합니다. 동원맛참 고소참기름은 간편함, 고단백, 고소한 맛, 가성비 등 다양한 매력을 가지고 있어 이 소비자에게 매우 매력적입니다. 또한, 가격이 2,000원으로 경쟁 제품의 가격대(2,126원 ~ 2,644원)보다 저렴하여 가격에 민감하지 않은 페르소나에게 긍정적인 영향을 미칠 것입니다. 따라서, 이 소비자는 제품의 효율성과 맛을 동시에 추구하며, 구매할 가능성이 높습니다."", ""monthly_purchase_frequency"": 3}}",
동원맛참 고소참기름 90g|194,동원맛참 고소참기름 90g,194,,Expecting value: line 2 column 512 (char 512)
동원맛참 고소참기름 90g|195,동원맛참 고소참기름 90g,195,,Expecting value: line 2 column 512 (char 512)
동원맛참 고소참기름 90g|197,동원맛참 고소참기름 90g,197,,Expecting value: line 2 column 512 (char 512)
동원맛참 고소참기름 90g|200,동원맛참 고소참기름 90g,200,,Expecting value: line 2 column 512 (char 512)
동원맛참 고소참기름 90g|202,동원맛참 고소참기름 90g,202,,Expecting value: line 2 column 512 (char 512)
동원맛참 고소참기름 90g|204,동원맛참 고소참기름 90g,204,"{""product_name"": ""동원맛참 고소참기름 90g"", ""persona_key"": 204, ""purchase_behavior_prediction"": {""purchase_probability_pct"": 75, ""reason"": ""페르소나는 '실속형 미식가'로, 편리함과 맛을 중시하며 새로운 제품을 시도하는 데 적극적입니다. HMR 선호도가 높아 간편한 조리 방법을 선호하며, 제품의 '간편함'과 '고소한맛'이 매력적으로 작용할 것입니다. 또한, 가격이 2,000원으로 경쟁 제품의 가격대(2,126원 ~ 2,644원)보다 저렴하여 가성비가 뛰어난 점도 긍정적입니다. 따라서, 이 소비자는 제품을 구매할 가능성이 높습니다."", ""monthly_purchase_frequency"": 2}}",
동원맛참 고소참기름 90g|201,동원맛참 고소참기름 90g,201,,Expecting value: line 2 column 512 (char 512)
동원맛참 고소참기름 90g|199,동원맛참 고소참기름 90g,199,,Expecting value: line 2 column 512 (char 512)
동원맛참 고소참기름 90g|205,동원맛참 고소참기름 90g,205,"{""product_name"": ""동원맛참 고소참기름 90g"", ""persona_key"": 205, ""purchase_behavior_prediction"": {""purchase_probability_pct"": 75, ""reason"": ""페르소나는 '실속형 미식가'로, 편리함과 새로운 맛을 중시합니다. HMR 선호도가 높아 간편한 조리 방식의 제품에 매력을 느끼며, 동원맛참 고소참기름은 고단백, 고소한 맛, 가성비가 뛰어난 특징을 가지고 있어 이 소비자에게 적합합니다. 또한, 가격이 2,000원으로 경쟁 제품보다 저렴하여 가격 민감도가 높은 페르소나에게 긍정적인 요소로 작용합니다. 시장 경쟁 환경에서 동원 제품의 가격이 경쟁 제품보다 낮아 소비자는 가성비를 느끼며 구매할 가능성이 높습니다."", ""monthly_purchase_frequency"": 2}}",
동원맛참 고소참기름 90g|203,동원맛참 고소참기름 90g,203,,Expecting value: line 2 column 512 (char 512)
동원맛참 고소참기름 90g|208,동원맛참 고소참기름 90g,208,"{""product_name"": ""동원맛참 고소참기름 90g"", ""persona_key"": 208, ""purchase_behavior_prediction"": {""purchase_probability_pct"": 85, ""reason"": ""페르소나는 '실속형 미식가'로, HMR(가정간편식) 선호도가 매우 높습니다(0.82). 이는 간편함과 효율성을 중시하는 소비 성향을 반영합니다. 제품의 특징인 '간편함'과 '고소한맛'은 이 소비자에게 매력적이며, 가격 또한 2,000원으로 경쟁사 가격(2,126원 ~ 2,644원)보다 저렴하여 가성비를 중시하는 페르소나의 구매 결정에 긍정적인 영향을 미칠 것입니다. 또한, 광고가 연예인과 함께 진행되어 인지도가 높아질 것으로 예상됩니다."", ""monthly_purchase_frequency"": 3}}",
동원맛참 고소참기름 90g|206,동원맛참 고소참기름 90g,206,,Expecting value: line 2 column 512 (char 512)
동원맛참 고소참기름 90g|212,동원맛참 고소참기름 90g,212,"{""product_name"": ""동원맛참 고소참기름 90g"", ""persona_key"": 212, ""purchase_behavior_prediction"": {""purchase_probability_pct"": 85, ""reason"": ""이 페르소나는 건강 지향성이 매우 높고, 건강과 편리성을 모두 중시하는 소비자입니다. 제품의 고단백, 간편함, 그리고 가성비는 이 소비자의 요구를 충족시키며, 특히 건강을 최우선으로 고려하는 특성에 부합합니다. 또한, 시장 경쟁 환경에서 이 제품의 가격(2,000원)은 경쟁 제품의 가격대(2,126원 ~ 2,644원)보다 저렴하여 가격 민감도가 낮은 이 소비자에게 긍정적으로 작용할 것입니다. 따라서, 이 소비자는 제품의 건강적 가치와 가격 경쟁력을 고려할 때 높은 구매 확률을 보일 것입니다."", ""monthly_purchase_frequency"": 2}}",
동원맛참 고소참기름 90g|207,동원맛참 고소참기름 90g,207,,Expecting value: line 2 column 512 (char 512)
동원맛참 고소참기름 90g|209,동원맛참 고소참기름 90g,209,,Expecting value: line 2 column 512 (char 512)
동원맛참 고소참기름 90g|210,동원맛참 고소참기름 90g,210,,Expecting value: line 2 column 512 (char 512)
동원맛참 고소참기름 90g|214,동원맛참 고소참기름 90g,214,"{""product_name"": ""동원맛참 고소참기름 90g"", ""persona_key"": 214, ""purchase_behavior_prediction"": {""purchase_probability_pct"": 85, ""reason"": ""이 페르소나는 건강 지향성이 매우 높고, 건강과 편리성을 모두 고려하는 소비자입니다. '동원맛참 고소참기름'은 고단백, 간편함, 그리고 가성비가 뛰어난 제품으로, 이 소비자의 건강 지향성과 잘 맞아떨어집니다. 또한, 가격이 2,000원으로 경쟁 제품의 가격 범위(2,126원 ~ 2,644원)보다 저렴하여 가격 민감도가 낮은 이 소비자에게 긍정적인 요소로 작용할 것입니다. 따라서, 이 제품은 페르소나의 요구를 충족시키며, 구매 확률이 높다고 판단됩니다."", ""monthly_purchase_frequency"": 2}}",
동원맛참 고소참기름 90g|213,동원맛참 고소참기름 90g,213,"{""product_name"": ""동원맛참 고소참기름 90g"", ""persona_key"": 213, ""purchase_behavior_prediction"": {""purchase_probability_pct"": 85, ""reason"": ""이 페르소나는 '건강 추구형 소비자'로, HMR(가정간편식) 선호도가 높고, 건강과 편리성을 중시합니다. 제품의 간편함과 고단백 특성은 이 소비자의 요구에 부합하며, 가격 또한 경쟁 제품보다 저렴하여 가성비가 뛰어납니다. 또한, 광고가 연예인을 활용하여 진행되므로 브랜드 인지도와 신뢰도를 높일 수 있습니다. 시장 경쟁 환경에서 가격이 2,126원에서 2,644원 사이인 점을 고려할 때, 이 제품의 가격은 상대적으로 매력적입니다. 따라서 이 소비자는 제품을 구매할 가능성이 높습니다."", ""monthly_purchase_frequency"": 2}}",
동원맛참 고소참기름 90g|211,동원맛참 고소참기름 90g,211,,Expecting value: line 2 column 512 (char 512)
동원맛참 고소참기름 90g|218,동원맛참 고소참기름 90g,218,"{""product_name"": ""동원맛참 고소참기름 90g"", ""persona_key"": 218, ""purchase_behavior_prediction"": {""purchase_probability_pct"": 85, ""reason"": ""이 소비자는 건강을 최우선으로 고려하는 '건강 추구형 소비자'로, HMR(가정간편식) 선호도가 매우 높습니다. 제품의 특징인 '간편함'과 '고단백'은 그녀의 요리 편리성 및 건강 지향성과 잘 맞아떨어지며, 가격 또한 경쟁 제품보다 저렴한 2,000원으로 가성비가 뛰어납니다. 경쟁 제품의 가격 범위가 2,126원에서 2,644원인 점을 고려할 때, 가격에 대한 민감도가 낮은 그녀는 이 제품을 긍정적으로 평가할 것입니다. 따라서, 이 소비자는 이 제품을 구매할 가능성이 높습니다."", ""monthly_purchase_frequency"": 2}}",
동원맛참 고소참기름 90g|215,동원맛참 고소참기름 90g,215,"{""product_name"": ""동원맛참 고소참기름 90g"", ""persona_key"": 215, ""purchase_behavior_prediction"": {""purchase_probability_pct"": 85, ""reason"": ""이 소비자는 건강을 최우선으로 고려하는 프리미엄 소비자 그룹에 속하며, HMR(가정간편식) 선호도가 매우 높습니다. 제품의 간편함과 고단백 특성은 그녀의 요리 편리성을 충족시키고, 건강 지향적인 소비 성향과 잘 맞아떨어집니다. 또한, 가격이 2,000원으로 경쟁 제품(2,126원 ~ 2,644원)보다 저렴하여 가성비가 뛰어난 점도 긍정적입니다. 광고가 연예인을 활용하여 진행되므로 브랜드 인지도와 신뢰도가 높아질 가능성이 있으며, 이는 구매 결정에 긍정적인 영향을 미칠 것입니다."", ""monthly_purchase_frequency"": 3}}",
동원맛참 고소참기름 90g|217,동원맛참 고소참기름 90g,217,"{""product_name"": ""동원맛참 고소참기름 90g"", ""persona_key"": 217, ""purchase_behavior_prediction"": {""purchase_probability_pct"": 85, ""reason"": ""이 페르소나는 건강을 최우선으로 고려하는 소비자로, HMR(가정간편식) 선호도가 높습니다. 제품의 고단백, 간편함, 그리고 건강 지향적인 특성이 이 소비자의 요구에 잘 부합합니다. 또한, 가격이 2,000원으로 경쟁 제품의 가격 범위(2,126원 ~ 2,644원)보다 저렴하여 가성비가 뛰어난 선택으로 여겨질 것입니다. 이 소비자는 브랜드 충성도가 높고, 건강 지향적인 제품에 기꺼이 지출할 의향이 있으므로, 구매 확률이 높습니다."", ""monthly_purchase_frequency"": 3}}",
동원맛참 고소참기름 90g|216,동원맛참 고소참기름 90g,216,,Expecting value: line 2 column 512 (char 512)
동원맛참 고소참기름 90g|219,동원맛참 고소참기름 90g,219,,Expecting value: line 2 column 512 (char 512)
동원맛참 고소참기름 90g|220,동원맛참 고소참기름 90g,220,,Expecting value: line 2 column 512 (char 512)
동원맛참 고소참기름 90g|221,동원맛참 고소참기름 90g,221,,Expecting value: line 2 column 512 (char 512)
동원맛참 고소참기름 90g|222,동원맛참 고소참기름 90g,222,,Expecting value: line 2 column 512 (char 512)
동원맛참 고소참기름 90g|225,동원맛참 고소참기름 90g,225,"{""product_name"": ""동원맛참 고소참기름 90g"", ""persona_key"": 225, ""purchase_behavior_prediction"": {""purchase_probability_pct"": 85, ""reason"": ""이 소비자는 건강을 최우선으로 고려하는 '건강 추구형 소비자'로, HMR(가정간편식) 선호도가 높습니다. 제품의 간편함과 고단백, 고소한 맛은 그녀의 요리 편리성 및 건강 지향성에 부합합니다. 가격이 2,000원으로 경쟁 제품보다 저렴하며, 이는 가격 민감도가 낮은 그녀에게 긍정적인 요소입니다. 또한, 광고가 유명 연예인을 통해 진행되므로 브랜드 인지도와 신뢰도를 높여 구매를 유도할 것입니다. 경쟁 제품의 가격대가 2,126원에서 2,644원으로 형성되어 있어, 이 제품의 가성비가 더욱 매력적으로 다가옵니다."", ""monthly_purchase_frequency"": 2}}",
동원맛참 고소참기름 90g|223,동원맛참 고소참기름 90g,223,,Expecting value: line 2 column 512 (char 512)
동원맛참 고소참기름 90g|224,동원맛참 고소참기름 90g,224,,Expecting value: line 2 column 512 (char 512)
동원맛참 고소참기름 90g|227,동원맛참 고소참기름 90g,227,"{""product_name"": ""동원맛참 고소참기름 90g"", ""persona_key"": 227, ""purchase_behavior_prediction"": {""purchase_probability_pct"": 85, ""reason"": ""이 소비자는 건강을 최우선으로 고려하는 '건강 추구형 소비자'로, HMR(가정간편식) 선호도가 매우 높습니다. 제품의 특징인 '간편함'과 '고단백'은 그녀의 요리 편리성과 건강 지향성에 잘 부합합니다. 또한, 가격이 2,000원으로 경쟁 제품의 가격대(2,126원 ~ 2,644원)보다 저렴하여 가성비가 뛰어난 점도 긍정적입니다. 따라서, 이 소비자는 제품을 구매할 가능성이 높습니다."", ""monthly_purchase_frequency"": 2}}",
동원맛참 고소참기름 90g|226,동원맛참 고소참기름 90g,226,,Expecting value: line 2 column 512 (char 512)
동원맛참 고소참기름 90g|230,동원맛참 고소참기름 90g,230,"{""product_name"": ""동원맛참 고소참기름 90g"", ""persona_key"": 230, ""purchase_behavior_prediction"": {""purchase_probability_pct"": 75, ""reason"": ""이 페르소나는 HMR(가정간편식) 선호도가 매우 높아(0.902) 간편하고 빠르게 조리할 수 있는 제품에 대한 수요가 큽니다. '동원맛참 고소참기름'은 고단백과 간편함을 강조하며, 1인 가구를 타겟으로 하고 있어 이 소비자의 라이프스타일에 잘 맞습니다. 또한, 가격이 2,000원으로 경쟁사 가격대(2,126원 ~ 2,644원)보다 저렴하여 가성비를 중시하는 소비자에게 매력적입니다. 이 소비자는 브랜드 충성도도 높아(0.504) 동원 F&B와 같은 신뢰할 수 있는 브랜드의 제품을 선호할 가능성이 높습니다. 따라서, 이 모든 요소가 결합되어 구매 확률이 높다고 판단됩니다."", ""monthly_purchase_frequency"": 2}}",
동원맛참 고소참기름 90g|232,동원맛참 고소참기름 90g,232,"{""product_name"": ""동원맛참 고소참기름 90g"", ""persona_key"": 232, ""purchase_behavior_prediction"": {""purchase_probability_pct"": 85, ""reason"": ""이 페르소나는 HMR(가정식 대체식품)에 대한 선호도가 매우 높고(0.98), 이는 간편함과 고단백 식품을 선호하는 경향과 잘 맞아떨어집니다. 제품의 특징인 '간편함'과 '고소한 맛'은 이 소비자의 요리 편의성에 대한 요구를 충족시키며, 가격 또한 경쟁 제품보다 저렴한 2,000원으로 가성비가 뛰어납니다. 시장 경쟁 환경에서 동원 F&B의 가격이 경쟁 제품보다 낮은 편에 속하므로, 가격에 대한 민감도가 낮은 이 소비자에게 긍정적인 요소로 작용할 것입니다. 또한, 트렌드 주도형 소비자로서 새로운 제품을 경험하고 공유하려는 경향이 강해, 광고와 프로모션이 진행되는 시기에 구매할 가능성이 높습니다."", ""monthly_purchase_frequency"": 2}}",
동원맛참 고소참기름 90g|228,동원맛참 고소참기름 90g,228,,Expecting value: line 2 column 512 (char 512)
동원맛참 고소참기름 90g|229,동원맛참 고소참기름 90g,229,,Expecting value: line 2 column 512 (char 512)
동원맛참 고소참기름 90g|231,동원맛참 고소참기름 90g,231,,Expecting value: line 2 column 512 (char 512)
동원맛참 고소참기름 90g|234,동원맛참 고소참기름 90g,234,,Expecting value: line 2 column 512 (char 512)
동원맛참 고소참기름 90g|233,동원맛참 고소참기름 90g,233,,Expecting value: line 2 column 512 (char 512)
동원맛참 고소참기름 90g|235,동원맛참 고소참기름 90g,235,,Expecting value: line 2 column 512 (char 512)
동원맛참 고소참기름 90g|236,동원맛참 고소참기름 90g,236,,Expecting value: line 2 column 512 (char 512)
동원맛참 고소참기름 90g|237,동원맛참 고소참기름 90g,237,,Expecting value: line 2 column 512 (char 512)
동원맛참 고소참기름 90g|238,동원맛참 고소참기름 90g,238,,Expecting value: line 2 column 512 (char 512)
동원맛참 고소참기름 90g|239,동원맛참 고소참기름 90g,239,,Expecting value: line 2 column 512 (char 512)
동원맛참 고소참기름 90g|240,동원맛참 고소참기름 90g,240,,Expecting value: line 2 column 512 (char 512)
동원맛참 고소참기름 90g|242,동원맛참 고소참기름 90g,242,,Expecting value: line 2 column 512 (char 512)
동원맛참 고소참기름 90g|243,동원맛참 고소참기름 90g,243,,Expecting value: line 2 column 512 (char 512)
동원맛참 고소참기름 90g|241,동원맛참 고소참기름 90g,241,,Expecting value: line 2 column 512 (char 512)
동원맛참 고소참기름 90g|244,동원맛참 고소참기름 90g,244,,Expecting value: line 2 column 512 (char 512)
동원맛참 고소참기름 90g|245,동원맛참 고소참기름 90g,245,,Expecting value: line 2 column 512 (char 512)
동원맛참 고소참기름 90g|246,동원맛참 고소참기름 90g,246,,Expecting value: line 2 column 512 (char 512)
동원맛참 고소참기름 90g|247,동원맛참 고소참기름 90g,247,,Expecting value: line 2 column 512 (char 512)
동원맛참 고소참기름 90g|249,동원맛참 고소참기름 90g,249,,Expecting value: line 2 column 512 (char 512)
동원맛참 고소참기름 90g|251,동원맛참 고소참기름 90g,251,,Expecting value: line 2 column 512 (char 512)
동원맛참 고소참기름 90g|250,동원맛참 고소참기름 90g,250,,Expecting value: line 2 column 512 (char 512)
동원맛참 고소참기름 90g|248,동원맛참 고소참기름 90g,248,,Expecting value: line 2 column 512 (char 512)
동원맛참 고소참기름 90g|252,동원맛참 고소참기름 90g,252,,Expecting value: line 2 column 512 (char 512)
동원맛참 고소참기름 90g|253,동원맛참 고소참기름 90g,253,,Expecting value: line 2 column 512 (char 512)
동원맛참 고소참기름 90g|254,동원맛참 고소참기름 90g,254,,Expecting value: line 2 column 512 (char 512)
동원맛참 고소참기름 90g|255,동원맛참 고소참기름 90g,255,,Expecting value: line 2 column 512 (char 512)
동원맛참 고소참기름 90g|257,동원맛참 고소참기름 90g,257,,Expecting value: line 2 column 512 (char 512)
동원맛참 고소참기름 90g|256,동원맛참 고소참기름 90g,256,,Expecting value: line 2 column 512 (char 512)
동원맛참 고소참기름 90g|259,동원맛참 고소참기름 90g,259,,Expecting value: line 2 column 512 (char 512)
동원맛참 고소참기름 90g|258,동원맛참 고소참기름 90g,258,,Expecting value: line 2 column 512 (char 512)
동원맛참 고소참기름 90g|261,동원맛참 고소참기름 90g,261,"{""product_name"": ""동원맛참 고소참기름 90g"", ""persona_key"": 261, ""purchase_behavior_prediction"": {""purchase_probability_pct"": 85, ""reason"": ""이 페르소나는 '실속형 미식가'로, 편리함과 효율성을 중시하며 새로운 맛을 시도하는 데 적극적입니다. HMR 선호도가 높아 간편한 조리 방법을 선호하며, 제품의 '간편함'과 '고소한맛'이 큰 매력으로 작용할 것입니다. 가격 또한 2,000원으로 경쟁 제품의 가격대(2,126원 ~ 2,644원)보다 저렴하여 가성비를 중시하는 소비자에게 긍정적으로 작용할 것입니다. 따라서 이 소비자는 제품을 구매할 가능성이 높습니다."", ""monthly_purchase_frequency"": 2}}",
동원맛참 고소참기름 90g|260,동원맛참 고소참기름 90g,260,,Expecting value: line 2 column 512 (char 512)
동원맛참 고소참기름 90g|262,동원맛참 고소참기름 90g,262,,Expecting value: line 2 column 512 (char 512)
동원맛참 고소참기름 90g|263,동원맛참 고소참기름 90g,263,,Expecting value: line 2 column 512 (char 512)
동원맛참 고소참기름 90g|264,동원맛참 고소참기름 90g,264,,Expecting value: line 2 column 512 (char 512)
동원맛참 고소참기름 90g|267,동원맛참 고소참기름 90g,267,,Expecting value: line 2 column 512 (char 512)
동원맛참 고소참기름 90g|265,동원맛참 고소참기름 90g,265,,Expecting value: line 2 column 512 (char 512)
동원맛참 고소참기름 90g|266,동원맛참 고소참기름 90g,266,,Expecting value: line 2 column 512 (char 512)
동원맛참 고소참기름 90g|269,동원맛참 고소참기름 90g,269,,Expecting value: line 2 column 512 (char 512)
동원맛참 고소참기름 90g|268,동원맛참 고소참기름 90g,268,,Expecting value: line 2 column 512 (char 512)
동원맛참 고소참기름 90g|270,동원맛참 고소참기름 90g,270,,Expecting value: line 2 column 512 (char 512)
동원맛참 고소참기름 90g|271,동원맛참 고소참기름 90g,271,,Expecting value: line 2 column 512 (char 512)
동원맛참 고소참기름 90g|272,동원맛참 고소참기름 90g,272,,Expecting value: line 2 column 512 (char 512)
동원맛참 고소참기름 90g|273,동원맛참 고소참기름 90g,273,,Expecting value: line 2 column 512 (char 512)
동원맛참 고소참기름 90g|276,동원맛참 고소참기름 90g,276,,Expecting value: line 2 column 512 (char 512)
동원맛참 고소참기름 90g|275,동원맛참 고소참기름 90g,275,,Expecting value: line 2 column 512 (char 512)
동원맛참 고소참기름 90g|274,동원맛참 고소참기름 90g,274,,Expecting value: line 2 column 512 (char 512)
동원맛참 고소참기름 90g|277,동원맛참 고소참기름 90g,277,,Expecting value: line 2 column 512 (char 512)
동원맛참 고소참기름 90g|278,동원맛참 고소참기름 90g,278,"{""product_name"": ""동원맛참 고소참기름 90g"", ""persona_key"": 278, ""purchase_behavior_prediction"": {""purchase_probability_pct"": 85, ""reason"": ""이 소비자는 HMR(가정간편식)에 대한 선호도가 매우 높으며(0.882), 건강을 최우선으로 고려하는 소비자입니다. 제품의 '고단백', '간편함', '가성비'와 같은 특징은 이 소비자의 요구에 부합합니다. 또한, 가격이 2,000원으로 경쟁 제품의 가격대(2,126원 ~ 2,644원)보다 저렴하여 가격에 대한 민감도가 낮은 이 소비자에게 매력적입니다. 따라서, 이 제품은 건강과 편리함을 동시에 제공하며, 가격 경쟁력도 갖추고 있어 구매 확률이 높습니다."", ""monthly_purchase_frequency"": 3}}",
동원맛참 고소참기름 90g|282,동원맛참 고소참기름 90g,282,"{""product_name"": ""동원맛참 고소참기름 90g"", ""persona_key"": 282, ""purchase_behavior_prediction"": {""purchase_probability_pct"": 85, ""reason"": ""이 페르소나는 건강을 최우선으로 고려하는 소비자로, HMR(가정간편식) 선호도가 높습니다. 제품의 '고단백', '간편함', '고소한맛' 등의 특징은 그녀의 건강 지향성과 편리함을 모두 충족시킵니다. 또한, 가격이 2,000원으로 경쟁 제품(2,126원 ~ 2,644원)보다 저렴하여 가성비 측면에서도 매력적입니다. 이러한 요소들이 결합되어 이 소비자는 제품을 구매할 가능성이 높습니다."", ""monthly_purchase_frequency"": 3}}",
동원맛참 고소참기름 90g|279,동원맛참 고소참기름 90g,279,,Expecting value: line 2 column 512 (char 512)
동원맛참 고소참기름 90g|280,동원맛참 고소참기름 90g,280,,Expecting value: line 2 column 512 (char 512)
동원맛참 고소참기름 90g|281,동원맛참 고소참기름 90g,281,,Expecting value: line 2 column 512 (char 512)
동원맛참 고소참기름 90g|283,동원맛참 고소참기름 90g,283,,Expecting value: line 2 column 512 (char 512)
동원맛참 고소참기름 90g|284,동원맛참 고소참기름 90g,284,,Expecting value: line 2 column 512 (char 512)
동원맛참 고소참기름 90g|285,동원맛참 고소참기름 90g,285,,Expecting value: line 2 column 512 (char 512)
동원맛참 고소참기름 90g|286,동원맛참 고소참기름 90g,286,,Expecting value: line 2 column 512 (char 512)
동원맛참 고소참기름 90g|289,동원맛참 고소참기름 90g,289,"{""product_name"": ""동원맛참 고소참기름 90g"", ""persona_key"": 289, ""purchase_behavior_prediction"": {""purchase_probability_pct"": 85, ""reason"": ""이 페르소나는 건강을 최우선으로 고려하는 소비자로, HMR 선호도가 높아 간편하고 건강한 제품에 대한 수요가 큽니다. 동원맛참 고소참기름은 고단백과 고소한 맛을 제공하며, 1인 가구를 타겟으로 한 제품으로서 간편함과 가성비를 갖추고 있습니다. 또한, 경쟁 제품의 가격대가 2,126원에서 2,644원 사이인 점을 고려할 때, 2,000원의 가격은 매우 매력적입니다. 따라서 이 소비자는 가격에 대한 민감도가 낮고, 건강과 편리성을 중시하기 때문에 구매 확률이 높습니다."", ""monthly_purchase_frequency"": 2}}",
동원맛참 고소참기름 90g|288,동원맛참 고소참기름 90g,288,,Expecting value: line 2 column 512 (char 512)
동원맛참 고소참기름 90g|287,동원맛참 고소참기름 90g,287,,Expecting value: line 2 column 512 (char 512)
동원맛참 고소참기름 90g|290,동원맛참 고소참기름 90g,290,,Expecting value: line 2 column 512 (char 512)
동원맛참 고소참기름 90g|292,동원맛참 고소참기름 90g,292,"{""product_name"": ""동원맛참 고소참기름 90g"", ""persona_key"": 292, ""purchase_behavior_prediction"": {""purchase_probability_pct"": 85, ""reason"": ""이 페르소나는 HMR(가정간편식) 선호도가 높고, 1인 가구로서 간편한 요리를 선호하는 주부입니다. 제품의 '간편함'과 '고소한맛'은 그녀의 요리 스타일과 잘 맞아떨어지며, 가격 또한 경쟁 제품보다 저렴하여 가성비가 뛰어납니다. 또한, 브랜드 충성도가 높아 동원 F&B와 같은 신뢰할 수 있는 브랜드의 제품에 긍정적인 반응을 보일 것입니다. 시장 경쟁 환경에서 동원맛참 고소참기름의 가격이 경쟁 제품보다 낮은 편이기 때문에, 가격 민감도가 높은 이 페르소나에게 매력적으로 작용할 것입니다."", ""monthly_purchase_frequency"": 2}}",
동원맛참 고소참기름 90g|291,동원맛참 고소참기름 90g,291,,Expecting value: line 2 column 512 (char 512)
동원맛참 고소참기름 90g|293,동원맛참 고소참기름 90g,293,,Expecting value: line 2 column 512 (char 512)
동원맛참 고소참기름 90g|295,동원맛참 고소참기름 90g,295,,Expecting value: line 2 column 512 (char 512)
동원맛참 고소참기름 90g|294,동원맛참 고소참기름 90g,294,,Expecting value: line 2 column 512 (char 512)
동원맛참 고소참기름 90g|296,동원맛참 고소참기름 90g,296,,Expecting value: line 2 column 512 (char 512)
동원맛참 고소참기름 90g|297,동원맛참 고소참기름 90g,297,,Expecting value: line 2 column 512 (char 512)
동원맛참 고소참기름 90g|298,동원맛참 고소참기름 90g,298,,Expecting value: line 2 column 512 (char 512)
동원맛참 고소참기름 90g|299,동원맛참 고소참기름 90g,299,,Expecting value: line 2 column 512 (char 512)
동원맛참 고소참기름 90g|300,동원맛참 고소참기름 90g,300,,Expecting value: line 2 column 512 (char 512)
동원맛참 고소참기름 90g|302,동원맛참 고소참기름 90g,302,"{""product_name"": ""동원맛참 고소참기름 90g"", ""persona_key"": 302, ""purchase_behavior_prediction"": {""purchase_probability_pct"": 85, ""reason"": ""이 페르소나는 HMR(가정간편식) 선호도가 매우 높고(0.882), 간편함과 고단백, 가성비를 중시하는 제품 특징이 잘 맞아떨어집니다. 또한, 1인 가구를 대상으로 한 제품으로, 주부인 이 소비자는 요리의 편리함을 중시하며, 동원 F&B 브랜드에 대한 충성도도 높습니다. 시장 경쟁 환경에서 동원맛참 고소참기름의 가격(2,000원)은 경쟁사 제품의 가격대(2,126원 ~ 2,644원)보다 저렴하여 가격 민감도가 낮은 이 소비자에게 긍정적인 요소로 작용할 것입니다. 따라서, 이 소비자는 이 제품을 구매할 가능성이 높습니다."", ""monthly_purchase_frequency"": 2}}",
동원맛참 고소참기름 90g|301,동원맛참 고소참기름 90g,301,,Expecting value: line 2 column 512 (char 512)
동원맛참 고소참기름 90g|303,동원맛참 고소참기름 90g,303,,Expecting value: line 2 column 512 (char 512)
동원맛참 고소참기름 90g|304,동원맛참 고소참기름 90g,304,,Expecting value: line 2 column 512 (char 512)
동원맛참 고소참기름 90g|305,동원맛참 고소참기름 90g,305,,Expecting value: line 2 column 512 (char 512)
동원맛참 고소참기름 90g|306,동원맛참 고소참기름 90g,306,,Expecting value: line 2 column 512 (char 512)
동원맛참 고소참기름 90g|307,동원맛참 고소참기름 90g,307,,Expecting value: line 2 column 512 (char 512)
동원맛참 고소참기름 90g|308,동원맛참 고소참기름 90g,308,,Expecting value: line 2 column 512 (char 512)
동원맛참 고소참기름 90g|313,동원맛참 고소참기름 90g,313,"{""product_name"": ""동원맛참 고소참기름 90g"", ""persona_key"": 313, ""purchase_behavior_prediction"": {""purchase_probability_pct"": 85, ""reason"": ""이 소비자는 'HMR 선호도'가 높고, 건강을 최우선으로 고려하는 소비자입니다. 제품의 특징인 '간편함'과 '고단백'은 1인 가구인 그녀에게 매우 매력적입니다. 또한, 가격이 2,000원으로 경쟁 제품보다 저렴하여 가격 민감도가 낮은 그녀에게 긍정적인 요소로 작용합니다. 시장 경쟁 환경에서 동원 F&B의 가격이 경쟁 제품보다 낮은 편에 속하므로, 가성비를 중시하는 소비자에게 더욱 매력적입니다. 따라서, 이 소비자는 제품을 구매할 가능성이 높습니다."", ""monthly_purchase_frequency"": 2}}",
동원맛참 고소참기름 90g|309,동원맛참 고소참기름 90g,309,,Expecting value: line 2 column 512 (char 512)
동원맛참 고소참기름 90g|310,동원맛참 고소참기름 90g,310,,Expecting value: line 2 column 512 (char 512)
동원맛참 고소참기름 90g|311,동원맛참 고소참기름 90g,311,,Expecting value: line 2 column 512 (char 512)
동원맛참 고소참기름 90g|312,동원맛참 고소참기름 90g,312,,Expecting value: line 2 column 512 (char 512)
동원맛참 고소참기름 90g|314,동원맛참 고소참기름 90g,314,,Expecting value: line 2 column 512 (char 512)
동원맛참 고소참기름 90g|319,동원맛참 고소참기름 90g,319,"{""product_name"": ""동원맛참 고소참기름 90g"", ""persona_key"": 319, ""purchase_behavior_prediction"": {""purchase_probability_pct"": 85, ""reason"": ""이 페르소나는 '실속형 미식가'로, 편리함과 맛을 중시하며 새로운 제품을 시도하는 데 적극적입니다. HMR 선호도가 높아 간편한 조리법을 선호하며, 제품의 '간편함'과 '고소한맛'이 큰 매력으로 작용할 것입니다. 또한, 가격이 2,000원으로 경쟁 제품의 평균 가격(2,126원 ~ 2,644원)보다 저렴하여 가성비를 중시하는 이 소비자에게 긍정적인 요소로 작용합니다. 따라서, 이 소비자는 높은 구매 확률을 보일 것으로 예상됩니다."", ""monthly_purchase_frequency"": 2}}",
동원맛참 고소참기름 90g|315,동원맛참 고소참기름 90g,315,,Expecting value: line 2 column 512 (char 512)
동원맛참 고소참기름 90g|316,동원맛참 고소참기름 90g,316,,Expecting value: line 2 column 512 (char 512)
동원맛참 고소참기름 90g|318,동원맛참 고소참기름 90g,318,,Expecting value: line 2 column 512 (char 512)
동원맛참 고소참기름 90g|317,동원맛참 고소참기름 90g,317,,Expecting value: line 2 column 512 (char 512)
동원맛참 고소참기름 90g|323,동원맛참 고소참기름 90g,323,"{""product_name"": ""동원맛참 고소참기름 90g"", ""persona_key"": 323, ""purchase_behavior_prediction"": {""purchase_probability_pct"": 75, ""reason"": ""이 페르소나는 '실속형 미식가'로, 편리함과 맛을 중시하며 새로운 제품을 시도하는 데 적극적입니다. 'HMR 선호도'가 높아 간편한 조리 방법을 선호하며, 제품의 '간편함'과 '고소한맛'이 매력적입니다. 가격은 2,000원으로 경쟁 제품보다 저렴하여 가성비가 뛰어나고, 가격 민감도가 중간 수준이므로 긍정적인 반응을 보일 것입니다. 또한, 제주특별자치도에 거주하는 점에서 지역 특산물에 대한 관심이 높을 수 있습니다. 따라서 이 제품은 페르소나의 요구를 충족시킬 가능성이 높습니다."", ""monthly_purchase_frequency"": 2}}",
동원맛참 고소참기름 90g|320,동원맛참 고소참기름 90g,320,,Expecting value: line 2 column 512 (char 512)
동원맛참 고소참기름 90g|322,동원맛참 고소참기름 90g,322,,Expecting value: line 2 column 512 (char 512)
동원맛참 고소참기름 90g|324,동원맛참 고소참기름 90g,324,,Expecting value: line 2 column 512 (char 512)
동원맛참 고소참기름 90g|321,동원맛참 고소참기름 90g,321,,Expecting value: line 2 column 512 (char 512)
동원맛참 고소참기름 90g|325,동원맛참 고소참기름 90g,325,,Expecting value: line 2 column 512 (char 512)
동원맛참 고소참기름 90g|326,동원맛참 고소참기름 90g,326,,Expecting value: line 2 column 512 (char 512)
동원맛참 고소참기름 90g|327,동원맛참 고소참기름 90g,327,,Expecting value: line 2 column 512 (char 512)
동원맛참 고소참기름 90g|328,동원맛참 고소참기름 90g,328,,Expecting value: line 2 column 512 (char 512)
동원맛참 고소참기름 90g|330,동원맛참 고소참기름 90g,330,,Expecting value: line 2 column 512 (char 512)
동원맛참 고소참기름 90g|329,동원맛참 고소참기름 90g,329,,Expecting value: line 2 column 512 (char 512)
동원맛참 고소참기름 90g|331,동원맛참 고소참기름 90g,331,,Expecting value: line 2 column 512 (char 512)
동원맛참 고소참기름 90g|334,동원맛참 고소참기름 90g,334,,Expecting value: line 2 column 512 (char 512)
동원맛참 고소참기름 90g|332,동원맛참 고소참기름 90g,332,,Expecting value: line 2 column 512 (char 512)
동원맛참 고소참기름 90g|333,동원맛참 고소참기름 90g,333,,Expecting value: line 2 column 512 (char 512)
동원맛참 고소참기름 90g|335,동원맛참 고소참기름 90g,335,,Expecting value: line 2 column 512 (char 512)
동원맛참 고소참기름 90g|337,동원맛참 고소참기름 90g,337,,Expecting value: line 2 column 512 (char 512)
동원맛참 고소참기름 90g|336,동원맛참 고소참기름 90g,336,,Expecting value: line 2 column 512 (char 512)
동원맛참 고소참기름 90g|338,동원맛참 고소참기름 90g,338,,Expecting value: line 2 column 512 (char 512)
동원맛참 고소참기름 90g|339,동원맛참 고소참기름 90g,339,,Expecting value: line 2 column 512 (char 512)
동원맛참 고소참기름 90g|340,동원맛참 고소참기름 90g,340,,Expecting value: line 2 column 512 (char 512)
동원맛참 고소참기름 90g|341,동원맛참 고소참기름 90g,341,,Expecting value: line 2 column 512 (char 512)
동원맛참 고소참기름 90g|342,동원맛참 고소참기름 90g,342,,Expecting value: line 2 column 512 (char 512)
동원맛참 고소참기름 90g|344,동원맛참 고소참기름 90g,344,,Expecting value: line 2 column 512 (char 512)
동원맛참 고소참기름 90g|343,동원맛참 고소참기름 90g,343,,Expecting value: line 2 column 512 (char 512)
동원맛참 고소참기름 90g|345,동원맛참 고소참기름 90g,345,,Expecting value: line 2 column 512 (char 512)
동원맛참 고소참기름 90g|347,동원맛참 고소참기름 90g,347,,Expecting value: line 2 column 512 (char 512)
동원맛참 고소참기름 90g|346,동원맛참 고소참기름 90g,346,,Expecting value: line 2 column 512 (char 512)
동원맛참 고소참기름 90g|348,동원맛참 고소참기름 90g,348,,Expecting value: line 2 column 512 (char 512)
동원맛참 고소참기름 90g|349,동원맛참 고소참기름 90g,349,,Expecting value: line 2 column 512 (char 512)
동원맛참 고소참기름 90g|350,동원맛참 고소참기름 90g,350,,Expecting value: line 2 column 512 (char 512)
동원맛참 고소참기름 90g|351,동원맛참 고소참기름 90g,351,,Expecting value: line 2 column 512 (char 512)
동원맛참 고소참기름 90g|352,동원맛참 고소참기름 90g,352,,Expecting value: line 2 column 512 (char 512)
동원맛참 고소참기름 90g|353,동원맛참 고소참기름 90g,353,,Expecting value: line 2 column 512 (char 512)
동원맛참 고소참기름 90g|355,동원맛참 고소참기름 90g,355,,Expecting value: line 2 column 512 (char 512)
동원맛참 고소참기름 90g|354,동원맛참 고소참기름 90g,354,,Expecting value: line 2 column 512 (char 512)
동원맛참 고소참기름 90g|356,동원맛참 고소참기름 90g,356,,Expecting value: line 2 column 512 (char 512)
동원맛참 고소참기름 90g|357,동원맛참 고소참기름 90g,357,,Expecting value: line 2 column 512 (char 512)
동원맛참 고소참기름 90g|358,동원맛참 고소참기름 90g,358,,Expecting value: line 2 column 512 (char 512)
동원맛참 고소참기름 90g|359,동원맛참 고소참기름 90g,359,,Expecting value: line 2 column 512 (char 512)
동원맛참 고소참기름 90g|363,동원맛참 고소참기름 90g,363,"{""product_name"": ""동원맛참 고소참기름 90g"", ""persona_key"": 363, ""purchase_behavior_prediction"": {""purchase_probability_pct"": 75, ""reason"": ""이 페르소나는 '실속형 미식가'로, 편리함과 맛을 중시하며 새로운 제품을 시도하는 데 적극적입니다. HMR 선호도가 높아 간편한 조리 방법을 선호하며, 제품의 '간편함'과 '고소한맛'은 이 소비자에게 매우 매력적입니다. 또한, 가격이 2,000원으로 경쟁 제품보다 저렴하여 가격 민감도가 낮은 이 소비자에게 긍정적인 요소로 작용합니다. 시장 경쟁 환경에서 경쟁 제품의 가격대가 2,126원에서 2,644원 사이인 점도 이 제품의 가성비를 더욱 부각시킵니다. 따라서 이 소비자는 이 제품을 구매할 가능성이 높습니다."", ""monthly_purchase_frequency"": 2}}",
동원맛참 고소참기름 90g|360,동원맛참 고소참기름 90g,360,,Expecting value: line 2 column 512 (char 512)
동원맛참 고소참기름 90g|361,동원맛참 고소참기름 90g,361,,Expecting value: line 2 column 512 (char 512)
동원맛참 고소참기름 90g|362,동원맛참 고소참기름 90g,362,,Expecting value: line 2 column 512 (char 512)
동원맛참 매콤참기름 135g|1,동원맛참 매콤참기름 135g,1,,Expecting value: line 2 column 512 (char 512)
동원맛참 매콤참기름 135g|2,동원맛참 매콤참기름 135g,2,,Expecting value: line 2 column 512 (char 512)
동원맛참 매콤참기름 135g|3,동원맛참 매콤참기름 135g,3,,Expecting value: line 2 column 512 (char 512)
동원맛참 매콤참기름 135g|4,동원맛참 매콤참기름 135g,4,,Expecting value: line 2 column 512 (char 512)
동원맛참 매콤참기름 135g|5,동원맛참 매콤참기름 135g,5,,Expecting value: line 2 column 512 (char 512)
동원맛참 매콤참기름 135g|6,동원맛참 매콤참기름 135g,6,,Expecting value: line 2 column 512 (char 512)
동원맛참 매콤참기름 135g|7,동원맛참 매콤참기름 135g,7,,Expecting value: line 2 column 512 (char 512)
동원맛참 매콤참기름 135g|8,동원맛참 매콤참기름 135g,8,,Expecting value: line 2 column 512 (char 512)
동원맛참 매콤참기름 135g|11,동원맛참 매콤참기름 135g,11,,Expecting value: line 2 column 512 (char 512)
동원맛참 매콤참기름 135g|10,동원맛참 매콤참기름 135g,10,,Expecting value: line 2 column 512 (char 512)
동원맛참 매콤참기름 135g|9,동원맛참 매콤참기름 135g,9,,Expecting value: line 2 column 512 (char 512)
동원맛참 매콤참기름 135g|13,동원맛참 매콤참기름 135g,13,,Expecting value: line 2 column 512 (char 512)
동원맛참 매콤참기름 135g|12,동원맛참 매콤참기름 135g,12,,Expecting value: line 2 column 512 (char 512)
동원맛참 매콤참기름 135g|14,동원맛참 매콤참기름 135g,14,,Expecting value: line 2 column 512 (char 512)
동원맛참 매콤참기름 135g|15,동원맛참 매콤참기름 135g,15,,Expecting value: line 2 column 512 (char 512)
동원맛참 매콤참기름 135g|16,동원맛참 매콤참기름 135g,16,,Expecting value: line 2 column 512 (char 512)
동원맛참 매콤참기름 135g|17,동원맛참 매콤참기름 135g,17,,Expecting value: line 2 column 512 (char 512)
동원맛참 매콤참기름 135g|20,동원맛참 매콤참기름 135g,20,,Expecting value: line 2 column 512 (char 512)
동원맛참 매콤참기름 135g|19,동원맛참 매콤참기름 135g,19,,Expecting value: line 2 column 512 (char 512)
동원맛참 매콤참기름 135g|18,동원맛참 매콤참기름 135g,18,,Expecting value: line 2 column 512 (char 512)
동원맛참 매콤참기름 135g|21,동원맛참 매콤참기름 135g,21,,Expecting value: line 2 column 512 (char 512)
동원맛참 매콤참기름 135g|23,동원맛참 매콤참기름 135g,23,,Expecting value: line 2 column 512 (char 512)
동원맛참 매콤참기름 135g|22,동원맛참 매콤참기름 135g,22,,Expecting value: line 2 column 512 (char 512)
동원맛참 매콤참기름 135g|24,동원맛참 매콤참기름 135g,24,,Expecting value: line 2 column 512 (char 512)
동원맛참 매콤참기름 135g|25,동원맛참 매콤참기름 135g,25,,Expecting value: line 2 column 512 (char 512)
동원맛참 매콤참기름 135g|26,동원맛참 매콤참기름 135g,26,,Expecting value: line 2 column 512 (char 512)
동원맛참 매콤참기름 135g|27,동원맛참 매콤참기름 135g,27,,Expecting value: line 2 column 512 (char 512)
동원맛참 매콤참기름 135g|28,동원맛참 매콤참기름 135g,28,,Expecting value: line 2 column 512 (char 512)
동원맛참 매콤참기름 135g|29,동원맛참 매콤참기름 135g,29,,Expecting value: line 2 column 512 (char 512)
동원맛참 매콤참기름 135g|30,동원맛참 매콤참기름 135g,30,,Expecting value: line 2 column 512 (char 512)
동원맛참 매콤참기름 135g|31,동원맛참 매콤참기름 135g,31,,Expecting value: line 2 column 512 (char 512)
동원맛참 매콤참기름 135g|32,동원맛참 매콤참기름 135g,32,,Expecting value: line 2 column 512 (char 512)
동원맛참 매콤참기름 135g|33,동원맛참 매콤참기름 135g,33,,Expecting value: line 2 column 512 (char 512)
동원맛참 매콤참기름 135g|34,동원맛참 매콤참기름 135g,34,,Expecting value: line 2 column 512 (char 512)
동원맛참 매콤참기름 135g|35,동원맛참 매콤참기름 135g,35,,Expecting value: line 2 column 512 (char 512)
동원맛참 매콤참기름 135g|36,동원맛참 매콤참기름 135g,36,,Expecting value: line 2 column 512 (char 512)
동원맛참 매콤참기름 135g|38,동원맛참 매콤참기름 135g,38,,Expecting value: line 2 column 512 (char 512)
동원맛참 매콤참기름 135g|37,동원맛참 매콤참기름 135g,37,,Expecting value: line 2 column 512 (char 512)
동원맛참 매콤참기름 135g|39,동원맛참 매콤참기름 135g,39,,Expecting value: line 2 column 512 (char 512)
동원맛참 매콤참기름 135g|40,동원맛참 매콤참기름 135g,40,,Expecting value: line 2 column 512 (char 512)
동원맛참 매콤참기름 135g|41,동원맛참 매콤참기름 135g,41,,Expecting value: line 2 column 512 (char 512)
동원맛참 매콤참기름 135g|42,동원맛참 매콤참기름 135g,42,,Expecting value: line 2 column 512 (char 512)
동원맛참 매콤참기름 135g|43,동원맛참 매콤참기름 135g,43,,Expecting value: line 2 column 512 (char 512)
동원맛참 매콤참기름 135g|44,동원맛참 매콤참기름 135g,44,,Expecting value: line 2 column 512 (char 512)
동원맛참 매콤참기름 135g|45,동원맛참 매콤참기름 135g,45,,Expecting value: line 2 column 512 (char 512)
동원맛참 매콤참기름 135g|46,동원맛참 매콤참기름 135g,46,,Expecting value: line 2 column 512 (char 512)
동원맛참 매콤참기름 135g|47,동원맛참 매콤참기름 135g,47,,Expecting value: line 2 column 512 (char 512)
동원맛참 매콤참기름 135g|48,동원맛참 매콤참기름 135g,48,,Expecting value: line 2 column 512 (char 512)
동원맛참 매콤참기름 135g|49,동원맛참 매콤참기름 135g,49,,Expecting value: line 2 column 512 (char 512)
동원맛참 매콤참기름 135g|50,동원맛참 매콤참기름 135g,50,,Expecting value: line 2 column 512 (char 512)
동원맛참 매콤참기름 135g|51,동원맛참 매콤참기름 135g,51,,Expecting value: line 2 column 512 (char 512)
동원맛참 매콤참기름 135g|52,동원맛참 매콤참기름 135g,52,,Expecting value: line 2 column 512 (char 512)
동원맛참 매콤참기름 135g|53,동원맛참 매콤참기름 135g,53,,Expecting value: line 2 column 512 (char 512)
동원맛참 매콤참기름 135g|54,동원맛참 매콤참기름 135g,54,,Expecting value: line 2 column 512 (char 512)
동원맛참 매콤참기름 135g|55,동원맛참 매콤참기름 135g,55,,Expecting value: line 2 column 512 (char 512)
동원맛참 매콤참기름 135g|56,동원맛참 매콤참기름 135g,56,,Expecting value: line 2 column 512 (char 512)
동원맛참 매콤참기름 135g|57,동원맛참 매콤참기름 135g,57,,Expecting value: line 2 column 512 (char 512)
동원맛참 매콤참기름 135g|58,동원맛참 매콤참기름 135g,58,,Expecting value: line 2 column 512 (char 512)
동원맛참 매콤참기름 135g|59,동원맛참 매콤참기름 135g,59,,Expecting value: line 2 column 512 (char 512)
동원맛참 매콤참기름 135g|60,동원맛참 매콤참기름 135g,60,,Expecting value: line 2 column 512 (char 512)
동원맛참 매콤참기름 135g|61,동원맛참 매콤참기름 135g,61,,Expecting value: line 2 column 512 (char 512)
동원맛참 매콤참기름 135g|62,동원맛참 매콤참기름 135g,62,,Expecting value: line 2 column 512 (char 512)
동원맛참 매콤참기름 135g|63,동원맛참 매콤참기름 135g,63,,Expecting value: line 2 column 512 (char 512)
동원맛참 매콤참기름 135g|64,동원맛참 매콤참기름 135g,64,,Expecting value: line 2 column 512 (char 512)
동원맛참 매콤참기름 135g|65,동원맛참 매콤참기름 135g,65,,Expecting value: line 2 column 512 (char 512)
동원맛참 매콤참기름 135g|66,동원맛참 매콤참기름 135g,66,,Expecting value: line 2 column 512 (char 512)
동원맛참 매콤참기름 135g|67,동원맛참 매콤참기름 135g,67,,Expecting value: line 2 column 512 (char 512)
동원맛참 매콤참기름 135g|68,동원맛참 매콤참기름 135g,68,,Expecting value: line 2 column 512 (char 512)
동원맛참 매콤참기름 135g|69,동원맛참 매콤참기름 135g,69,,Expecting value: line 2 column 512 (char 512)
동원맛참 매콤참기름 135g|70,동원맛참 매콤참기름 135g,70,,Expecting value: line 2 column 512 (char 512)
동원맛참 매콤참기름 135g|71,동원맛참 매콤참기름 135g,71,,Expecting value: line 2 column 512 (char 512)
동원맛참 매콤참기름 135g|72,동원맛참 매콤참기름 135g,72,,Expecting value: line 2 column 512 (char 512)
동원맛참 매콤참기름 135g|73,동원맛참 매콤참기름 135g,73,,Expecting value: line 2 column 512 (char 512)
동원맛참 매콤참기름 135g|77,동원맛참 매콤참기름 135g,77,"{""product_name"": ""동원맛참 매콤참기름 135g"", ""persona_key"": 77, ""purchase_behavior_prediction"": {""purchase_probability_pct"": 85, ""reason"": ""이 소비자는 건강 추구형 소비자로, HMR(가정간편식) 선호도가 높아 간편하고 고단백인 제품에 매력을 느낍니다. 동원맛참 매콤참기름은 간편함과 매콤한 맛, 가성비가 뛰어나며, 가격이 2,500원으로 경쟁 제품의 가격 범위(2,126원 ~ 2,644원) 내에 있어 가격적으로도 적절합니다. 또한, 광고와 프로모션이 예정되어 있어 소비자의 관심을 끌 가능성이 높습니다. 따라서 이 소비자는 이 제품을 구매할 확률이 높습니다."", ""monthly_purchase_frequency"": 2}}",
동원맛참 매콤참기름 135g|74,동원맛참 매콤참기름 135g,74,,Expecting value: line 2 column 512 (char 512)
동원맛참 매콤참기름 135g|75,동원맛참 매콤참기름 135g,75,,Expecting value: line 2 column 512 (char 512)
동원맛참 매콤참기름 135g|76,동원맛참 매콤참기름 135g,76,,Expecting value: line 2 column 512 (char 512)
동원맛참 매콤참기름 135g|78,동원맛참 매콤참기름 135g,78,,Expecting value: line 2 column 512 (char 512)
동원맛참 매콤참기름 135g|79,동원맛참 매콤참기름 135g,79,,Expecting value: line 2 column 512 (char 512)
동원맛참 매콤참기름 135g|81,동원맛참 매콤참기름 135g,81,,Expecting value: line 2 column 512 (char 512)
동원맛참 매콤참기름 135g|82,동원맛참 매콤참기름 135g,82,,Expecting value: line 2 column 512 (char 512)
동원맛참 매콤참기름 135g|80,동원맛참 매콤참기름 135g,80,,Expecting value: line 2 column 512 (char 512)
동원맛참 매콤참기름 135g|83,동원맛참 매콤참기름 135g,83,,Expecting value: line 2 column 512 (char 512)
동원맛참 매콤참기름 135g|84,동원맛참 매콤참기름 135g,84,,Expecting value: line 2 column 512 (char 512)
동원맛참 매콤참기름 135g|85,동원맛참 매콤참기름 135g,85,,Expecting value: line 2 column 512 (char 512)
동원맛참 매콤참기름 135g|86,동원맛참 매콤참기름 135g,86,,Expecting value: line 2 column 512 (char 512)
동원맛참 매콤참기름 135g|87,동원맛참 매콤참기름 135g,87,,Expecting value: line 2 column 512 (char 512)
동원맛참 매콤참기름 135g|88,동원맛참 매콤참기름 135g,88,,Expecting value: line 2 column 512 (char 512)
동원맛참 매콤참기름 135g|90,동원맛참 매콤참기름 135g,90,,Expecting value: line 2 column 512 (char 512)
동원맛참 매콤참기름 135g|89,동원맛참 매콤참기름 135g,89,,Expecting value: line 2 column 512 (char 512)
동원맛참 매콤참기름 135g|91,동원맛참 매콤참기름 135g,91,,Expecting value: line 2 column 512 (char 512)
동원맛참 매콤참기름 135g|92,동원맛참 매콤참기름 135g,92,,Expecting value: line 2 column 512 (char 512)
동원맛참 매콤참기름 135g|93,동원맛참 매콤참기름 135g,93,,Expecting value: line 2 column 512 (char 512)
동원맛참 매콤참기름 135g|94,동원맛참 매콤참기름 135g,94,,Expecting value: line 2 column 512 (char 512)
동원맛참 매콤참기름 135g|95,동원맛참 매콤참기름 135g,95,,Expecting value: line 2 column 512 (char 512)
동원맛참 매콤참기름 135g|96,동원맛참 매콤참기름 135g,96,,Expecting value: line 2 column 512 (char 512)
동원맛참 매콤참기름 135g|97,동원맛참 매콤참기름 135g,97,,Expecting value: line 2 column 512 (char 512)
동원맛참 매콤참기름 135g|98,동원맛참 매콤참기름 135g,98,,Expecting value: line 2 column 512 (char 512)
동원맛참 매콤참기름 135g|99,동원맛참 매콤참기름 135g,99,,Expecting value: line 2 column 512 (char 512)
동원맛참 매콤참기름 135g|101,동원맛참 매콤참기름 135g,101,,Expecting value: line 2 column 512 (char 512)
동원맛참 매콤참기름 135g|100,동원맛참 매콤참기름 135g,100,,Expecting value: line 2 column 512 (char 512)
동원맛참 매콤참기름 135g|102,동원맛참 매콤참기름 135g,102,,Expecting value: line 2 column 512 (char 512)
동원맛참 매콤참기름 135g|103,동원맛참 매콤참기름 135g,103,,Expecting value: line 2 column 512 (char 512)
동원맛참 매콤참기름 135g|104,동원맛참 매콤참기름 135g,104,,Expecting value: line 2 column 512 (char 512)
동원맛참 매콤참기름 135g|105,동원맛참 매콤참기름 135g,105,,Expecting value: line 2 column 512 (char 512)
동원맛참 매콤참기름 135g|108,동원맛참 매콤참기름 135g,108,"{""product_name"": ""동원맛참 매콤참기름 135g"", ""persona_key"": 108, ""purchase_behavior_prediction"": {""purchase_probability_pct"": 85, ""reason"": ""이 소비자는 건강을 최우선으로 고려하는 '건강 추구형 소비자'로, HMR(가정간편식) 선호도가 높아 간편하면서도 건강한 제품에 대한 수요가 큽니다. 동원맛참 매콤참기름은 고단백, 간편함, 매콤한 맛 등의 특징을 가지고 있어 이 소비자의 요구를 충족시킵니다. 또한, 가격이 2,500원으로 경쟁 제품의 가격 범위(2,126원 ~ 2,644원) 내에 있어 가성비 측면에서도 긍정적입니다. 따라서 이 소비자는 제품의 건강성과 편리함을 고려하여 구매할 가능성이 높습니다."", ""monthly_purchase_frequency"": 2}}",
동원맛참 매콤참기름 135g|107,동원맛참 매콤참기름 135g,107,,Expecting value: line 2 column 512 (char 512)
동원맛참 매콤참기름 135g|106,동원맛참 매콤참기름 135g,106,,Expecting value: line 2 column 512 (char 512)
동원맛참 매콤참기름 135g|109,동원맛참 매콤참기름 135g,109,,Expecting value: line 2 column 512 (char 512)
동원맛참 매콤참기름 135g|110,동원맛참 매콤참기름 135g,110,"{""product_name"": ""동원맛참 매콤참기름 135g"", ""persona_key"": 110, ""purchase_behavior_prediction"": {""purchase_probability_pct"": 85, ""reason"": ""이 페르소나는 건강 지향성이 매우 높고, 건강과 편리성을 모두 중시하는 소비자입니다. 동원맛참 매콤참기름은 고단백, 간편함, 매콤한 맛 등 건강과 편리성을 모두 충족시키는 제품으로, 특히 2세대 가족을 대상으로 하여 가족의 건강을 고려하는 이 소비자에게 매력적입니다. 가격 또한 경쟁 제품보다 합리적인 수준(2,500원)으로, 가격 민감도가 낮은 이 소비자에게 긍정적으로 작용할 것입니다. 또한, 브랜드 충성도가 높아 동원 F&B와 같은 신뢰할 수 있는 브랜드의 제품을 선호할 가능성이 큽니다."", ""monthly_purchase_frequency"": 2}}",
동원맛참 매콤참기름 135g|111,동원맛참 매콤참기름 135g,111,,Expecting value: line 2 column 512 (char 512)
동원맛참 매콤참기름 135g|112,동원맛참 매콤참기름 135g,112,,Expecting value: line 2 column 512 (char 512)
동원맛참 매콤참기름 135g|113,동원맛참 매콤참기름 135g,113,,Expecting value: line 2 column 512 (char 512)
동원맛참 매콤참기름 135g|114,동원맛참 매콤참기름 135g,114,,Expecting value: line 2 column 512 (char 512)
동원맛참 매콤참기름 135g|115,동원맛참 매콤참기름 135g,115,,Expecting value: line 2 column 512 (char 512)
동원맛참 매콤참기름 135g|117,동원맛참 매콤참기름 135g,117,,Expecting value: line 2 column 512 (char 512)
동원맛참 매콤참기름 135g|116,동원맛참 매콤참기름 135g,116,,Expecting value: line 2 column 512 (char 512)
동원맛참 매콤참기름 135g|118,동원맛참 매콤참기름 135g,118,"{""product_name"": ""동원맛참 매콤참기름 135g"", ""persona_key"": 118, ""purchase_behavior_prediction"": {""purchase_probability_pct"": 85, ""reason"": ""이 페르소나는 HMR(가정간편식) 선호도가 매우 높고(0.882), 간편함과 고단백을 중시하는 경향이 있습니다. 제품의 특징인 '간편함'과 '매콤한 맛'은 바쁜 일상 속에서 빠르고 맛있게 식사를 해결하고자 하는 이 소비자에게 매우 매력적입니다. 또한, 가격이 2,500원으로 경쟁 제품의 가격 범위(2,126원 ~ 2,644원) 내에 있어 가성비 측면에서도 긍정적으로 작용할 것입니다. 이 소비자는 브랜드 충성도가 높고(0.591), 새로운 제품을 경험하고 공유하려는 경향이 강하므로, 광고와 프로모션이 효과적으로 작용할 가능성이 높습니다. 이러한 요소들이 결합되어 이 소비자가 이 제품을 구매할 확률이 높다고 판단됩니다."", ""monthly_purchase_frequency"": 2}}",
동원맛참 매콤참기름 135g|120,동원맛참 매콤참기름 135g,120,,Expecting value: line 2 column 512 (char 512)
동원맛참 매콤참기름 135g|123,동원맛참 매콤참기름 135g,123,"{""product_name"": ""동원맛참 매콤참기름 135g"", ""persona_key"": 123, ""purchase_behavior_prediction"": {""purchase_probability_pct"": 85, ""reason"": ""이 페르소나는 HMR(가정간편식) 선호도가 높고, 요리의 편리함을 중시하는 소비자입니다. 제품의 간편함과 고단백 특성은 바쁜 일상 속에서 간편하게 식사를 해결하고자 하는 그녀의 요구를 충족시킵니다. 또한, 매콤한 맛과 가성비가 뛰어난 점은 그녀의 입맛과 가격 민감도를 고려할 때 긍정적인 요소로 작용합니다. 시장 경쟁 환경에서 동원맛참 매콤참기름의 가격(2,500원)은 경쟁사 제품의 가격 범위(2,126원 ~ 2,644원) 내에 위치해 있어 가격 경쟁력도 갖추고 있습니다. 따라서, 이 소비자는 제품을 구매할 가능성이 높습니다."", ""monthly_purchase_frequency"": 2}}",
동원맛참 매콤참기름 135g|119,동원맛참 매콤참기름 135g,119,,Expecting value: line 2 column 512 (char 512)
동원맛참 매콤참기름 135g|121,동원맛참 매콤참기름 135g,121,,Expecting value: line 2 column 512 (char 512)
동원맛참 매콤참기름 135g|122,동원맛참 매콤참기름 135g,122,,Expecting value: line 2 column 512 (char 512)
동원맛참 매콤참기름 135g|124,동원맛참 매콤참기름 135g,124,,Expecting value: line 2 column 512 (char 512)
동원맛참 매콤참기름 135g|125,동원맛참 매콤참기름 135g,125,,Expecting value: line 2 column 512 (char 512)
동원맛참 매콤참기름 135g|127,동원맛참 매콤참기름 135g,127,,Expecting value: line 2 column 512 (char 512)
동원맛참 매콤참기름 135g|128,동원맛참 매콤참기름 135g,128,,Expecting value: line 2 column 512 (char 512)
동원맛참 매콤참기름 135g|129,동원맛참 매콤참기름 135g,129,,Expecting value: line 2 column 512 (char 512)
동원맛참 매콤참기름 135g|131,동원맛참 매콤참기름 135g,131,"{""product_name"": ""동원맛참 매콤참기름 135g"", ""persona_key"": 131, ""purchase_behavior_prediction"": {""purchase_probability_pct"": 85, ""reason"": ""페르소나는 HMR(가정간편식) 선호도가 매우 높고(0.843), 이는 간편함과 빠른 조리를 중시하는 주부로서의 특성과 잘 맞아떨어진다. 제품의 특징인 '간편함'과 '고단백'은 그녀의 요리 편의성과 건강 지향성을 충족시켜 줄 수 있다. 또한, 가격이 2,500원으로 경쟁 제품 가격 범위(2,126원 ~ 2,644원) 내에 위치하여 가성비가 뛰어난 점도 긍정적이다. 광고와 프로모션이 예정되어 있어 브랜드 인지도와 신뢰성을 높일 수 있는 기회가 있으며, 이는 그녀의 브랜드 충성도(0.539)와도 연결된다. 따라서, 이 제품은 그녀에게 매우 매력적일 것으로 예상된다."", ""monthly_purchase_frequency"": 2}}",
동원맛참 매콤참기름 135g|126,동원맛참 매콤참기름 135g,126,,Expecting value: line 2 column 512 (char 512)
동원맛참 매콤참기름 135g|130,동원맛참 매콤참기름 135g,130,,Expecting value: line 2 column 512 (char 512)
동원맛참 매콤참기름 135g|132,동원맛참 매콤참기름 135g,132,,Expecting value: line 2 column 512 (char 512)
동원맛참 매콤참기름 135g|133,동원맛참 매콤참기름 135g,133,,Expecting value: line 2 column 512 (char 512)
동원맛참 매콤참기름 135g|134,동원맛참 매콤참기름 135g,134,,Expecting value: line 2 column 512 (char 512)
동원맛참 매콤참기름 135g|136,동원맛참 매콤참기름 135g,136,,Expecting value: line 2 column 512 (char 512)
동원맛참 매콤참기름 135g|135,동원맛참 매콤참기름 135g,135,,Expecting value: line 2 column 512 (char 512)
동원맛참 매콤참기름 135g|137,동원맛참 매콤참기름 135g,137,,Expecting value: line 2 column 512 (char 512)
동원맛참 매콤참기름 135g|138,동원맛참 매콤참기름 135g,138,,Expecting value: line 2 column 512 (char 512)
동원맛참 매콤참기름 135g|139,동원맛참 매콤참기름 135g,139,,Expecting value: line 2 column 512 (char 512)
동원맛참 매콤참기름 135g|141,동원맛참 매콤참기름 135g,141,,Expecting value: line 2 column 512 (char 512)
동원맛참 매콤참기름 135g|143,동원맛참 매콤참기름 135g,143,,Expecting value: line 2 column 512 (char 512)
동원맛참 매콤참기름 135g|140,동원맛참 매콤참기름 135g,140,,Expecting value: line 2 column 512 (char 512)
동원맛참 매콤참기름 135g|142,동원맛참 매콤참기름 135g,142,,Expecting value: line 2 column 512 (char 512)
동원맛참 매콤참기름 135g|146,동원맛참 매콤참기름 135g,146,"{""product_name"": ""동원맛참 매콤참기름 135g"", ""persona_key"": 146, ""purchase_behavior_prediction"": {""purchase_probability_pct"": 75, ""reason"": ""이 소비자는 HMR(가정간편식)에 대한 선호도가 높고, 간편함과 고단백의 제품 특성을 중요시합니다. '동원맛참 매콤참기름'은 간편하게 사용할 수 있으며, 매콤한 맛과 가성비가 뛰어나기 때문에 이 소비자의 요구에 잘 부합합니다. 또한, 가격이 2,500원으로 경쟁사 가격 범위(2,126원 ~ 2,644원) 내에 있어 가격에 대한 민감도가 낮은 이 소비자에게 긍정적으로 작용할 것입니다. 따라서, 제품의 특성과 가격이 이 소비자의 구매 결정에 긍정적인 영향을 미칠 것으로 예상됩니다."", ""monthly_purchase_frequency"": 2}}",
동원맛참 매콤참기름 135g|144,동원맛참 매콤참기름 135g,144,,Expecting value: line 2 column 512 (char 512)
동원맛참 매콤참기름 135g|145,동원맛참 매콤참기름 135g,145,,Expecting value: line 2 column 512 (char 512)
동원맛참 매콤참기름 135g|148,동원맛참 매콤참기름 135g,148,,Expecting value: line 2 column 512 (char 512)
동원맛참 매콤참기름 135g|149,동원맛참 매콤참기름 135g,149,,Expecting value: line 2 column 512 (char 512)
동원맛참 매콤참기름 135g|147,동원맛참 매콤참기름 135g,147,,Expecting value: line 2 column 512 (char 512)
동원맛참 매콤참기름 135g|150,동원맛참 매콤참기름 135g,150,,Expecting value: line 2 column 512 (char 512)
동원맛참 매콤참기름 135g|153,동원맛참 매콤참기름 135g,153,"{""product_name"": ""동원맛참 매콤참기름 135g"", ""persona_key"": 153, ""purchase_behavior_prediction"": {""purchase_probability_pct"": 75, ""reason"": ""이 페르소나는 '실속형 미식가'로, HMR(가정간편식) 선호도가 높아 간편함과 맛을 동시에 중시합니다. 제품의 '간편함', '고단백', '매콤한맛'과 같은 특징은 이 소비자의 요구에 잘 부합하며, 가격도 경쟁 제품에 비해 적당하여 가성비를 중시하는 소비자에게 매력적입니다. 또한, 충청남도 지역에 거주하며 1세대 가족으로서 가족의 건강과 편리함을 고려할 때, 이 제품은 적합한 선택이 될 것입니다. 시장 경쟁 환경에서 경쟁 제품의 가격대가 2,126원에서 2,644원 사이인 점을 고려할 때, 2,500원의 가격은 합리적이며, 브랜드 충성도가 중간 수준인 이 소비자에게 긍정적인 영향을 미칠 것입니다."", ""monthly_purchase_frequency"": 2}}",
동원맛참 매콤참기름 135g|151,동원맛참 매콤참기름 135g,151,,Expecting value: line 2 column 512 (char 512)
동원맛참 매콤참기름 135g|154,동원맛참 매콤참기름 135g,154,,Expecting value: line 2 column 512 (char 512)
동원맛참 매콤참기름 135g|155,동원맛참 매콤참기름 135g,155,,Expecting value: line 2 column 512 (char 512)
동원맛참 매콤참기름 135g|156,동원맛참 매콤참기름 135g,156,,Expecting value: line 2 column 512 (char 512)
동원맛참 매콤참기름 135g|152,동원맛참 매콤참기름 135g,152,,Expecting value: line 2 column 512 (char 512)
동원맛참 매콤참기름 135g|157,동원맛참 매콤참기름 135g,157,,Expecting value: line 2 column 512 (char 512)
동원맛참 매콤참기름 135g|160,동원맛참 매콤참기름 135g,160,,Expecting value: line 2 column 512 (char 512)
동원맛참 매콤참기름 135g|158,동원맛참 매콤참기름 135g,158,,Expecting value: line 2 column 512 (char 512)
동원맛참 매콤참기름 135g|161,동원맛참 매콤참기름 135g,161,,Expecting value: line 2 column 512 (char 512)
동원맛참 매콤참기름 135g|159,동원맛참 매콤참기름 135g,159,,Expecting value: line 2 column 512 (char 512)
동원맛참 매콤참기름 135g|162,동원맛참 매콤참기름 135g,162,,Expecting value: line 2 column 512 (char 512)
동원맛참 매콤참기름 135g|164,동원맛참 매콤참기름 135g,164,,Expecting value: line 2 column 512 (char 512)
동원맛참 매콤참기름 135g|163,동원맛참 매콤참기름 135g,163,,Expecting value: line 2 column 512 (char 512)
동원맛참 매콤참기름 135g|165,동원맛참 매콤참기름 135g,165,,Expecting value: line 2 column 512 (char 512)
동원맛참 매콤참기름 135g|167,동원맛참 매콤참기름 135g,167,,Expecting value: line 2 column 512 (char 512)
동원맛참 매콤참기름 135g|166,동원맛참 매콤참기름 135g,166,,Expecting value: line 2 column 512 (char 512)
동원맛참 매콤참기름 135g|168,동원맛참 매콤참기름 135g,168,,Expecting value: line 2 column 512 (char 512)
동원맛참 매콤참기름 135g|171,동원맛참 매콤참기름 135g,171,,Expecting value: line 2 column 512 (char 512)
동원맛참 매콤참기름 135g|170,동원맛참 매콤참기름 135g,170,,Expecting value: line 2 column 512 (char 512)
동원맛참 매콤참기름 135g|169,동원맛참 매콤참기름 135g,169,,Expecting value: line 2 column 512 (char 512)
동원맛참 매콤참기름 135g|172,동원맛참 매콤참기름 135g,172,,Expecting value: line 2 column 512 (char 512)
동원맛참 매콤참기름 135g|176,동원맛참 매콤참기름 135g,176,"{""product_name"": ""동원맛참 매콤참기름 135g"", ""persona_key"": 176, ""purchase_behavior_prediction"": {""purchase_probability_pct"": 85, ""reason"": ""이 소비자는 HMR(가정간편식) 선호도가 매우 높고(0.8629), 간편한 요리를 선호하는 주부로서, 동원맛참 매콤참기름의 '간편함'과 '고단백' 특성이 매력적입니다. 또한, 가격이 2,500원으로 경쟁 제품의 가격 범위(2,126원 ~ 2,644원) 내에 있어 가성비가 좋다고 판단할 것입니다. 이 소비자는 브랜드 충성도도 높아(0.6351) 동원 F&B 브랜드에 대한 신뢰가 구매를 더욱 촉진할 것입니다. 광고와 프로모션이 예정되어 있어 소비자의 관심을 끌 가능성이 높고, 이는 구매 확률을 높이는 요소로 작용할 것입니다."", ""monthly_purchase_frequency"": 2}}",
동원맛참 매콤참기름 135g|173,동원맛참 매콤참기름 135g,173,,Expecting value: line 2 column 512 (char 512)
동원맛참 매콤참기름 135g|177,동원맛참 매콤참기름 135g,177,,Expecting value: line 2 column 512 (char 512)
동원맛참 매콤참기름 135g|174,동원맛참 매콤참기름 135g,174,,Expecting value: line 2 column 512 (char 512)
동원맛참 매콤참기름 135g|175,동원맛참 매콤참기름 135g,175,,Expecting value: line 2 column 512 (char 512)
동원맛참 매콤참기름 135g|180,동원맛참 매콤참기름 135g,180,,Expecting value: line 2 column 512 (char 512)
동원맛참 매콤참기름 135g|178,동원맛참 매콤참기름 135g,178,,Expecting value: line 2 column 512 (char 512)
동원맛참 매콤참기름 135g|179,동원맛참 매콤참기름 135g,179,,Expecting value: line 2 column 512 (char 512)
동원맛참 매콤참기름 135g|181,동원맛참 매콤참기름 135g,181,,Expecting value: line 2 column 512 (char 512)
동원맛참 매콤참기름 135g|182,동원맛참 매콤참기름 135g,182,,Expecting value: line 2 column 512 (char 512)
동원맛참 매콤참기름 135g|183,동원맛참 매콤참기름 135g,183,,Expecting value: line 2 column 512 (char 512)
동원맛참 매콤참기름 135g|184,동원맛참 매콤참기름 135g,184,,Expecting value: line 2 column 512 (char 512)
동원맛참 매콤참기름 135g|185,동원맛참 매콤참기름 135g,185,,Expecting value: line 2 column 512 (char 512)
동원맛참 매콤참기름 135g|186,동원맛참 매콤참기름 135g,186,,Expecting value: line 2 column 512 (char 512)
동원맛참 매콤참기름 135g|187,동원맛참 매콤참기름 135g,187,,Expecting value: line 2 column 512 (char 512)
동원맛참 매콤참기름 135g|189,동원맛참 매콤참기름 135g,189,,Expecting value: line 2 column 512 (char 512)
동원맛참 매콤참기름 135g|188,동원맛참 매콤참기름 135g,188,,Expecting value: line 2 column 512 (char 512)
동원맛참 매콤참기름 135g|190,동원맛참 매콤참기름 135g,190,,Expecting value: line 2 column 512 (char 512)
동원맛참 매콤참기름 135g|191,동원맛참 매콤참기름 135g,191,,Expecting value: line 2 column 512 (char 512)
동원맛참 매콤참기름 135g|194,동원맛참 매콤참기름 135g,194,,Expecting value: line 2 column 512 (char 512)
동원맛참 매콤참기름 135g|192,동원맛참 매콤참기름 135g,192,,Expecting value: line 2 column 512 (char 512)
동원맛참 매콤참기름 135g|193,동원맛참 매콤참기름 135g,193,,Expecting value: line 2 column 512 (char 512)
동원맛참 매콤참기름 135g|197,동원맛참 매콤참기름 135g,197,,Expecting value: line 2 column 512 (char 512)
동원맛참 매콤참기름 135g|195,동원맛참 매콤참기름 135g,195,,Expecting value: line 2 column 512 (char 512)
동원맛참 매콤참기름 135g|198,동원맛참 매콤참기름 135g,198,,Expecting value: line 2 column 512 (char 512)
동원맛참 매콤참기름 135g|201,동원맛참 매콤참기름 135g,201,"{""product_name"": ""동원맛참 매콤참기름 135g"", ""persona_key"": 201, ""purchase_behavior_prediction"": {""purchase_probability_pct"": 85, ""reason"": ""페르소나는 '실속형 미식가'로, HMR(가정간편식)에 대한 선호도가 매우 높습니다(0.96). 이는 간편함과 새로운 맛을 동시에 추구하는 소비 성향을 반영합니다. 제품의 특징인 '간편함'과 '매콤한 맛'은 이 소비자의 요구에 잘 부합하며, 가격(2,500원)은 경쟁 제품 가격 범위(2,126원 ~ 2,644원) 내에 있어 가성비 측면에서도 긍정적입니다. 또한, 2세대 가족을 대상으로 하는 제품이므로, 가족 구성원 모두가 즐길 수 있는 점도 구매를 촉진할 것입니다."", ""monthly_purchase_frequency"": 3}}",
동원맛참 매콤참기름 135g|196,동원맛참 매콤참기름 135g,196,,Expecting value: line 2 column 512 (char 512)
동원맛참 매콤참기름 135g|199,동원맛참 매콤참기름 135g,199,,Expecting value: line 2 column 512 (char 512)
동원맛참 매콤참기름 135g|200,동원맛참 매콤참기름 135g,200,,Expecting value: line 2 column 512 (char 512)
동원맛참 매콤참기름 135g|202,동원맛참 매콤참기름 135g,202,,Expecting value: line 2 column 512 (char 512)
동원맛참 매콤참기름 135g|206,동원맛참 매콤참기름 135g,206,,Expecting value: line 2 column 512 (char 512)
동원맛참 매콤참기름 135g|203,동원맛참 매콤참기름 135g,203,,Expecting value: line 2 column 512 (char 512)
동원맛참 매콤참기름 135g|204,동원맛참 매콤참기름 135g,204,,Expecting value: line 2 column 512 (char 512)
동원맛참 매콤참기름 135g|205,동원맛참 매콤참기름 135g,205,,Expecting value: line 2 column 512 (char 512)
동원맛참 매콤참기름 135g|208,동원맛참 매콤참기름 135g,208,,Expecting value: line 2 column 512 (char 512)
동원맛참 매콤참기름 135g|207,동원맛참 매콤참기름 135g,207,,Expecting value: line 2 column 512 (char 512)
동원맛참 매콤참기름 135g|209,동원맛참 매콤참기름 135g,209,,Expecting value: line 2 column 512 (char 512)
동원맛참 매콤참기름 135g|210,동원맛참 매콤참기름 135g,210,,Expecting value: line 2 column 512 (char 512)
동원맛참 매콤참기름 135g|211,동원맛참 매콤참기름 135g,211,,Expecting value: line 2 column 512 (char 512)
동원맛참 매콤참기름 135g|212,동원맛참 매콤참기름 135g,212,,Expecting value: line 2 column 512 (char 512)
동원맛참 매콤참기름 135g|214,동원맛참 매콤참기름 135g,214,,Expecting value: line 2 column 512 (char 512)
동원맛참 매콤참기름 135g|213,동원맛참 매콤참기름 135g,213,,Expecting value: line 2 column 512 (char 512)
동원맛참 매콤참기름 135g|215,동원맛참 매콤참기름 135g,215,,Expecting value: line 2 column 512 (char 512)
동원맛참 매콤참기름 135g|217,동원맛참 매콤참기름 135g,217,,Expecting value: line 2 column 512 (char 512)
동원맛참 매콤참기름 135g|216,동원맛참 매콤참기름 135g,216,,Expecting value: line 2 column 512 (char 512)
동원맛참 매콤참기름 135g|218,동원맛참 매콤참기름 135g,218,,Expecting value: line 2 column 512 (char 512)
동원맛참 매콤참기름 135g|219,동원맛참 매콤참기름 135g,219,,Expecting value: line 2 column 512 (char 512)
동원맛참 매콤참기름 135g|220,동원맛참 매콤참기름 135g,220,,Expecting value: line 2 column 512 (char 512)
동원맛참 매콤참기름 135g|224,동원맛참 매콤참기름 135g,224,,Expecting value: line 2 column 512 (char 512)
동원맛참 매콤참기름 135g|221,동원맛참 매콤참기름 135g,221,,Expecting value: line 2 column 512 (char 512)
동원맛참 매콤참기름 135g|222,동원맛참 매콤참기름 135g,222,,Expecting value: line 2 column 512 (char 512)
동원맛참 매콤참기름 135g|223,동원맛참 매콤참기름 135g,223,,Expecting value: line 2 column 512 (char 512)
동원맛참 매콤참기름 135g|225,동원맛참 매콤참기름 135g,225,,Expecting value: line 2 column 512 (char 512)
동원맛참 매콤참기름 135g|226,동원맛참 매콤참기름 135g,226,,Expecting value: line 2 column 512 (char 512)
동원맛참 매콤참기름 135g|227,동원맛참 매콤참기름 135g,227,,Expecting value: line 2 column 512 (char 512)
동원맛참 매콤참기름 135g|228,동원맛참 매콤참기름 135g,228,,Expecting value: line 2 column 512 (char 512)
동원맛참 매콤참기름 135g|229,동원맛참 매콤참기름 135g,229,,Expecting value: line 2 column 512 (char 512)
동원맛참 매콤참기름 135g|231,동원맛참 매콤참기름 135g,231,,Expecting value: line 2 column 512 (char 512)
동원맛참 매콤참기름 135g|230,동원맛참 매콤참기름 135g,230,,Expecting value: line 2 column 512 (char 512)
동원맛참 매콤참기름 135g|232,동원맛참 매콤참기름 135g,232,,Expecting value: line 2 column 512 (char 512)
동원맛참 매콤참기름 135g|233,동원맛참 매콤참기름 135g,233,,Expecting value: line 2 column 512 (char 512)
동원맛참 매콤참기름 135g|234,동원맛참 매콤참기름 135g,234,,Expecting value: line 2 column 512 (char 512)
동원맛참 매콤참기름 135g|235,동원맛참 매콤참기름 135g,235,,Expecting value: line 2 column 512 (char 512)
동원맛참 매콤참기름 135g|236,동원맛참 매콤참기름 135g,236,,Expecting value: line 2 column 512 (char 512)
동원맛참 매콤참기름 135g|237,동원맛참 매콤참기름 135g,237,,Expecting value: line 2 column 512 (char 512)
동원맛참 매콤참기름 135g|238,동원맛참 매콤참기름 135g,238,,Expecting value: line 2 column 512 (char 512)
동원맛참 매콤참기름 135g|239,동원맛참 매콤참기름 135g,239,,Expecting value: line 2 column 512 (char 512)
동원맛참 매콤참기름 135g|240,동원맛참 매콤참기름 135g,240,,Expecting value: line 2 column 512 (char 512)
동원맛참 매콤참기름 135g|241,동원맛참 매콤참기름 135g,241,,Expecting value: line 2 column 512 (char 512)
동원맛참 매콤참기름 135g|244,동원맛참 매콤참기름 135g,244,,Expecting value: line 2 column 512 (char 512)
동원맛참 매콤참기름 135g|243,동원맛참 매콤참기름 135g,243,,Expecting value: line 2 column 512 (char 512)
동원맛참 매콤참기름 135g|242,동원맛참 매콤참기름 135g,242,,Expecting value: line 2 column 512 (char 512)
동원맛참 매콤참기름 135g|245,동원맛참 매콤참기름 135g,245,,Expecting value: line 2 column 512 (char 512)
동원맛참 매콤참기름 135g|246,동원맛참 매콤참기름 135g,246,,Expecting value: line 2 column 512 (char 512)
동원맛참 매콤참기름 135g|247,동원맛참 매콤참기름 135g,247,,Expecting value: line 2 column 512 (char 512)
동원맛참 매콤참기름 135g|248,동원맛참 매콤참기름 135g,248,,Expecting value: line 2 column 512 (char 512)
동원맛참 매콤참기름 135g|249,동원맛참 매콤참기름 135g,249,,Expecting value: line 2 column 512 (char 512)
동원맛참 매콤참기름 135g|253,동원맛참 매콤참기름 135g,253,,Expecting value: line 2 column 512 (char 512)
동원맛참 매콤참기름 135g|250,동원맛참 매콤참기름 135g,250,,Expecting value: line 2 column 512 (char 512)
동원맛참 매콤참기름 135g|252,동원맛참 매콤참기름 135g,252,,Expecting value: line 2 column 512 (char 512)
동원맛참 매콤참기름 135g|251,동원맛참 매콤참기름 135g,251,,Expecting value: line 2 column 512 (char 512)
동원맛참 매콤참기름 135g|257,동원맛참 매콤참기름 135g,257,"{""product_name"": ""동원맛참 매콤참기름 135g"", ""persona_key"": 257, ""purchase_behavior_prediction"": {""purchase_probability_pct"": 85, ""reason"": ""이 소비자는 건강을 최우선으로 고려하는 '건강 추구형 소비자'로, HMR(가정간편식)에 대한 선호도가 매우 높습니다. 제품의 특징인 '간편함'과 '고단백'은 이 소비자의 요리 편리성 및 건강 지향성에 잘 부합합니다. 또한, 가격이 2,500원으로 경쟁 제품의 가격 범위(2,126원 ~ 2,644원) 내에 있어 가성비 측면에서도 긍정적입니다. 따라서, 이 소비자는 제품의 매력을 느끼고 구매할 가능성이 높습니다."", ""monthly_purchase_frequency"": 2}}",
동원맛참 매콤참기름 135g|255,동원맛참 매콤참기름 135g,255,,Expecting value: line 2 column 512 (char 512)
동원맛참 매콤참기름 135g|254,동원맛참 매콤참기름 135g,254,,Expecting value: line 2 column 512 (char 512)
동원맛참 매콤참기름 135g|256,동원맛참 매콤참기름 135g,256,,Expecting value: line 2 column 512 (char 512)
동원맛참 매콤참기름 135g|259,동원맛참 매콤참기름 135g,259,,Expecting value: line 2 column 512 (char 512)
동원맛참 매콤참기름 135g|258,동원맛참 매콤참기름 135g,258,,Expecting value: line 2 column 512 (char 512)
동원맛참 매콤참기름 135g|260,동원맛참 매콤참기름 135g,260,,Expecting value: line 2 column 512 (char 512)
동원맛참 매콤참기름 135g|262,동원맛참 매콤참기름 135g,262,,Expecting value: line 2 column 512 (char 512)
동원맛참 매콤참기름 135g|261,동원맛참 매콤참기름 135g,261,,Expecting value: line 2 column 512 (char 512)
동원맛참 매콤참기름 135g|264,동원맛참 매콤참기름 135g,264,,Expecting value: line 2 column 512 (char 512)
동원맛참 매콤참기름 135g|263,동원맛참 매콤참기름 135g,263,,Expecting value: line 2 column 512 (char 512)
동원맛참 매콤참기름 135g|265,동원맛참 매콤참기름 135g,265,,Expecting value: line 2 column 512 (char 512)
동원맛참 매콤참기름 135g|268,동원맛참 매콤참기름 135g,268,,Expecting value: line 2 column 512 (char 512)
동원맛참 매콤참기름 135g|266,동원맛참 매콤참기름 135g,266,,Expecting value: line 2 column 512 (char 512)
동원맛참 매콤참기름 135g|269,동원맛참 매콤참기름 135g,269,,Expecting value: line 2 column 512 (char 512)
동원맛참 매콤참기름 135g|267,동원맛참 매콤참기름 135g,267,,Expecting value: line 2 column 512 (char 512)
동원맛참 매콤참기름 135g|270,동원맛참 매콤참기름 135g,270,,Expecting value: line 2 column 512 (char 512)
동원맛참 매콤참기름 135g|275,동원맛참 매콤참기름 135g,275,"{""product_name"": ""동원맛참 매콤참기름 135g"", ""persona_key"": 275, ""purchase_behavior_prediction"": {""purchase_probability_pct"": 75, ""reason"": ""이 페르소나는 '실속형 미식가'로, 편리성과 새로운 맛을 중시합니다. HMR 선호도가 높아 간편한 조리 방법을 선호하며, 제품의 '간편함'과 '매콤한 맛'이 매력적입니다. 가격이 2,500원으로 경쟁 제품의 가격 범위(2,126원 ~ 2,644원) 내에 있어 가성비가 좋다고 판단할 것입니다. 또한, 브랜드 충성도가 높고, 건강 지향적인 소비 성향을 가지고 있어 고단백 제품인 이 참기름에 긍정적인 반응을 보일 것입니다. 따라서, 이 소비자는 이 제품을 구매할 가능성이 높습니다."", ""monthly_purchase_frequency"": 2}}",
동원맛참 매콤참기름 135g|271,동원맛참 매콤참기름 135g,271,,Expecting value: line 2 column 512 (char 512)
동원맛참 매콤참기름 135g|272,동원맛참 매콤참기름 135g,272,,Expecting value: line 2 column 512 (char 512)
동원맛참 매콤참기름 135g|273,동원맛참 매콤참기름 135g,273,,Expecting value: line 2 column 512 (char 512)
동원맛참 매콤참기름 135g|277,동원맛참 매콤참기름 135g,277,"{""product_name"": ""동원맛참 매콤참기름 135g"", ""persona_key"": 277, ""purchase_behavior_prediction"": {""purchase_probability_pct"": 85, ""reason"": ""이 소비자는 건강을 최우선으로 고려하는 '건강 추구형 소비자'로, HMR(가정간편식) 선호도가 매우 높습니다. 제품의 특징인 '간편함'과 '고단백'은 그녀의 요리 편리성 요구를 충족시키며, '매콤한 맛'은 다양한 요리에 활용할 수 있어 매력적입니다. 가격이 2,500원으로 경쟁 제품 가격 범위(2,126원 ~ 2,644원) 내에 있어 가성비 또한 우수하다고 판단할 것입니다. 따라서, 이 소비자는 건강과 편리함을 모두 만족시키는 이 제품에 대해 높은 구매 확률을 보일 것입니다."", ""monthly_purchase_frequency"": 3}}",
동원맛참 매콤참기름 135g|274,동원맛참 매콤참기름 135g,274,,Expecting value: line 2 column 512 (char 512)
동원맛참 매콤참기름 135g|276,동원맛참 매콤참기름 135g,276,,Expecting value: line 2 column 512 (char 512)
동원맛참 매콤참기름 135g|278,동원맛참 매콤참기름 135g,278,"{""product_name"": ""동원맛참 매콤참기름 135g"", ""persona_key"": 278, ""purchase_behavior_prediction"": {""purchase_probability_pct"": 85, ""reason"": ""이 페르소나는 건강을 최우선으로 고려하는 소비자로, HMR(가정간편식) 선호도가 매우 높습니다. 제품의 특징인 '간편함'과 '고단백'은 그녀의 요리 편리성을 충족시키며, '매콤한맛'은 맛에 대한 기대를 높입니다. 또한, 가격이 2,500원으로 경쟁 제품의 가격 범위(2,126원 ~ 2,644원) 내에 있어 가성비가 좋다고 느낄 것입니다. 건강과 편리성을 모두 만족시키는 제품에 기꺼이 지갑을 열기 때문에 구매 확률이 높습니다."", ""monthly_purchase_frequency"": 2}}",
동원맛참 매콤참기름 135g|279,동원맛참 매콤참기름 135g,279,,Expecting value: line 2 column 512 (char 512)
동원맛참 매콤참기름 135g|280,동원맛참 매콤참기름 135g,280,,Expecting value: line 2 column 512 (char 512)
동원맛참 매콤참기름 135g|281,동원맛참 매콤참기름 135g,281,,Expecting value: line 2 column 512 (char 512)
동원맛참 매콤참기름 135g|282,동원맛참 매콤참기름 135g,282,,Expecting value: line 2 column 512 (char 512)
동원맛참 매콤참기름 135g|284,동원맛참 매콤참기름 135g,284,,Expecting value: line 2 column 512 (char 512)
동원맛참 매콤참기름 135g|283,동원맛참 매콤참기름 135g,283,,Expecting value: line 2 column 512 (char 512)
동원맛참 매콤참기름 135g|289,동원맛참 매콤참기름 135g,289,,Expecting value: line 2 column 512 (char 512)
동원맛참 매콤참기름 135g|286,동원맛참 매콤참기름 135g,286,,Expecting value: line 2 column 512 (char 512)
동원맛참 매콤참기름 135g|287,동원맛참 매콤참기름 135g,287,,Expecting value: line 2 column 512 (char 512)
동원맛참 매콤참기름 135g|291,동원맛참 매콤참기름 135g,291,"{""product_name"": ""동원맛참 매콤참기름 135g"", ""persona_key"": 291, ""purchase_behavior_prediction"": {""purchase_probability_pct"": 75, ""reason"": ""이 페르소나는 HMR(가정간편식) 선호도가 매우 높고, 간편함과 고단백의 특징을 가진 제품에 매력을 느낍니다. 또한, 1세대 가족으로서 가성비와 높은 만족도를 중시하며, 매콤한 맛이 가족의 입맛에도 잘 맞을 것으로 예상됩니다. 시장 경쟁 환경에서 동원 F&B의 가격(2,500원)은 경쟁 제품의 가격 범위(2,126원 ~ 2,644원) 내에 위치하고 있어 가격적으로도 매력적입니다. 따라서 이 소비자는 제품을 구매할 가능성이 높습니다."", ""monthly_purchase_frequency"": 2}}",
동원맛참 매콤참기름 135g|288,동원맛참 매콤참기름 135g,288,,Expecting value: line 2 column 512 (char 512)
동원맛참 매콤참기름 135g|285,동원맛참 매콤참기름 135g,285,,Expecting value: line 2 column 512 (char 512)
동원맛참 매콤참기름 135g|290,동원맛참 매콤참기름 135g,290,,Expecting value: line 2 column 512 (char 512)
동원맛참 매콤참기름 135g|294,동원맛참 매콤참기름 135g,294,"{""product_name"": ""동원맛참 매콤참기름 135g"", ""persona_key"": 294, ""purchase_behavior_prediction"": {""purchase_probability_pct"": 85, ""reason"": ""이 페르소나는 HMR(가정간편식) 선호도가 매우 높고, 60대 이상의 기혼 여성으로서 간편함과 고단백 식품을 선호하는 경향이 있습니다. 제품의 특징인 '간편함'과 '고단백'은 그녀의 요리 편의성과 건강 지향성에 부합하며, 매콤한 맛은 새로운 경험을 추구하는 그녀의 소비 성향과 잘 맞아떨어집니다. 또한, 가격이 2,500원으로 경쟁 제품 가격 범위(2,126원 ~ 2,644원) 내에 있어 가성비가 좋다고 판단할 수 있습니다. 따라서, 이 제품은 그녀에게 매력적이며 구매 확률이 높습니다."", ""monthly_purchase_frequency"": 2}}",
동원맛참 매콤참기름 135g|292,동원맛참 매콤참기름 135g,292,,Expecting value: line 2 column 512 (char 512)
동원맛참 매콤참기름 135g|293,동원맛참 매콤참기름 135g,293,,Expecting value: line 2 column 512 (char 512)
동원맛참 매콤참기름 135g|295,동원맛참 매콤참기름 135g,295,,Expecting value: line 2 column 512 (char 512)
동원맛참 매콤참기름 135g|296,동원맛참 매콤참기름 135g,296,,Expecting value: line 2 column 512 (char 512)
동원맛참 매콤참기름 135g|298,동원맛참 매콤참기름 135g,298,,Expecting value: line 2 column 512 (char 512)
동원맛참 매콤참기름 135g|297,동원맛참 매콤참기름 135g,297,,Expecting value: line 2 column 512 (char 512)
동원맛참 매콤참기름 135g|299,동원맛참 매콤참기름 135g,299,,Expecting value: line 2 column 512 (char 512)
동원맛참 매콤참기름 135g|300,동원맛참 매콤참기름 135g,300,,Expecting value: line 2 column 512 (char 512)
동원맛참 매콤참기름 135g|302,동원맛참 매콤참기름 135g,302,,Expecting value: line 2 column 512 (char 512)
동원맛참 매콤참기름 135g|303,동원맛참 매콤참기름 135g,303,,Expecting value: line 2 column 512 (char 512)
동원맛참 매콤참기름 135g|301,동원맛참 매콤참기름 135g,301,,Expecting value: line 2 column 512 (char 512)
동원맛참 매콤참기름 135g|305,동원맛참 매콤참기름 135g,305,,Expecting value: line 2 column 512 (char 512)
동원맛참 매콤참기름 135g|306,동원맛참 매콤참기름 135g,306,,Expecting value: line 2 column 512 (char 512)
동원맛참 매콤참기름 135g|304,동원맛참 매콤참기름 135g,304,,Expecting value: line 2 column 512 (char 512)
동원맛참 매콤참기름 135g|307,동원맛참 매콤참기름 135g,307,,Expecting value: line 2 column 512 (char 512)
동원맛참 매콤참기름 135g|308,동원맛참 매콤참기름 135g,308,,Expecting value: line 2 column 512 (char 512)
동원맛참 매콤참기름 135g|310,동원맛참 매콤참기름 135g,310,,Expecting value: line 2 column 512 (char 512)
동원맛참 매콤참기름 135g|309,동원맛참 매콤참기름 135g,309,,Expecting value: line 2 column 512 (char 512)
동원맛참 매콤참기름 135g|311,동원맛참 매콤참기름 135g,311,,Expecting value: line 2 column 512 (char 512)
동원맛참 매콤참기름 135g|312,동원맛참 매콤참기름 135g,312,,Expecting value: line 2 column 512 (char 512)
동원맛참 매콤참기름 135g|313,동원맛참 매콤참기름 135g,313,,Expecting value: line 2 column 512 (char 512)
동원맛참 매콤참기름 135g|314,동원맛참 매콤참기름 135g,314,,Expecting value: line 2 column 512 (char 512)
동원맛참 매콤참기름 135g|316,동원맛참 매콤참기름 135g,316,,Expecting value: line 2 column 512 (char 512)
동원맛참 매콤참기름 135g|317,동원맛참 매콤참기름 135g,317,,Expecting value: line 2 column 512 (char 512)
동원맛참 매콤참기름 135g|315,동원맛참 매콤참기름 135g,315,,Expecting value: line 2 column 512 (char 512)
동원맛참 매콤참기름 135g|318,동원맛참 매콤참기름 135g,318,,Expecting value: line 2 column 512 (char 512)
동원맛참 매콤참기름 135g|322,동원맛참 매콤참기름 135g,322,,Expecting value: line 2 column 512 (char 512)
동원맛참 매콤참기름 135g|319,동원맛참 매콤참기름 135g,319,,Expecting value: line 2 column 512 (char 512)
동원맛참 매콤참기름 135g|320,동원맛참 매콤참기름 135g,320,,Expecting value: line 2 column 512 (char 512)
동원맛참 매콤참기름 135g|321,동원맛참 매콤참기름 135g,321,,Expecting value: line 2 column 512 (char 512)
동원맛참 매콤참기름 135g|323,동원맛참 매콤참기름 135g,323,,Expecting value: line 2 column 512 (char 512)
동원맛참 매콤참기름 135g|324,동원맛참 매콤참기름 135g,324,,Expecting value: line 2 column 512 (char 512)
동원맛참 매콤참기름 135g|327,동원맛참 매콤참기름 135g,327,"{""product_name"": ""동원맛참 매콤참기름 135g"", ""persona_key"": 327, ""purchase_behavior_prediction"": {""purchase_probability_pct"": 85, ""reason"": ""이 페르소나는 건강을 최우선으로 고려하는 소비자로, HMR(가정간편식) 선호도가 높습니다. 제품의 간편함과 고단백 특성은 그녀의 요리 편리성 요구를 충족시키며, 매콤한 맛은 다양한 요리에 활용할 수 있어 매력적입니다. 가격은 경쟁 제품보다 약간 높은 편이지만, 가성비와 높은 만족도를 고려할 때, 그녀는 이 제품에 대해 긍정적인 반응을 보일 것입니다. 또한, 시장의 경쟁 가격 범위가 2,126원에서 2,644원 사이인 점을 감안할 때, 이 제품의 가격(2,500원)은 경쟁력 있는 수준으로 평가됩니다. 따라서, 그녀는 이 제품을 구매할 가능성이 높습니다."", ""monthly_purchase_frequency"": 2}}",
동원맛참 매콤참기름 135g|326,동원맛참 매콤참기름 135g,326,,Expecting value: line 2 column 512 (char 512)
동원맛참 매콤참기름 135g|325,동원맛참 매콤참기름 135g,325,,Expecting value: line 2 column 512 (char 512)
동원맛참 매콤참기름 135g|328,동원맛참 매콤참기름 135g,328,,Expecting value: line 2 column 512 (char 512)
동원맛참 매콤참기름 135g|330,동원맛참 매콤참기름 135g,330,,Expecting value: line 2 column 512 (char 512)
동원맛참 매콤참기름 135g|329,동원맛참 매콤참기름 135g,329,,Expecting value: line 2 column 512 (char 512)
동원맛참 매콤참기름 135g|331,동원맛참 매콤참기름 135g,331,,Expecting value: line 2 column 512 (char 512)
동원맛참 매콤참기름 135g|333,동원맛참 매콤참기름 135g,333,,Expecting value: line 2 column 512 (char 512)
동원맛참 매콤참기름 135g|335,동원맛참 매콤참기름 135g,335,,Expecting value: line 2 column 512 (char 512)
동원맛참 매콤참기름 135g|332,동원맛참 매콤참기름 135g,332,,Expecting value: line 2 column 512 (char 512)
동원맛참 매콤참기름 135g|337,동원맛참 매콤참기름 135g,337,"{""product_name"": ""동원맛참 매콤참기름 135g"", ""persona_key"": 337, ""purchase_behavior_prediction"": {""purchase_probability_pct"": 85, ""reason"": ""이 페르소나는 '실속형 미식가'로, HMR(가정간편식)에 대한 선호도가 매우 높습니다(0.843). 제품의 간편함과 매콤한 맛은 1인 가구인 소비자에게 매력적이며, 가격도 경쟁사 대비 합리적인 수준(2,500원)입니다. 또한, 이 소비자는 새로운 맛을 시도하는 데 적극적이므로, 매콤한 맛의 참기름은 그의 호기심을 자극할 것입니다. 시장 경쟁 환경에서 가격이 2,126원에서 2,644원 사이인 점을 고려할 때, 이 제품은 가성비가 뛰어난 선택으로 인식될 것입니다."", ""monthly_purchase_frequency"": 2}}",
동원맛참 매콤참기름 135g|334,동원맛참 매콤참기름 135g,334,,Expecting value: line 2 column 512 (char 512)
동원맛참 매콤참기름 135g|336,동원맛참 매콤참기름 135g,336,,Expecting value: line 2 column 512 (char 512)
동원맛참 매콤참기름 135g|338,동원맛참 매콤참기름 135g,338,,Expecting value: line 2 column 512 (char 512)
동원맛참 매콤참기름 135g|339,동원맛참 매콤참기름 135g,339,,Expecting value: line 2 column 512 (char 512)
동원맛참 매콤참기름 135g|340,동원맛참 매콤참기름 135g,340,,Expecting value: line 2 column 512 (char 512)
동원맛참 매콤참기름 135g|341,동원맛참 매콤참기름 135g,341,,Expecting value: line 2 column 512 (char 512)
동원맛참 매콤참기름 135g|342,동원맛참 매콤참기름 135g,342,,Expecting value: line 2 column 512 (char 512)
동원맛참 매콤참기름 135g|343,동원맛참 매콤참기름 135g,343,,Expecting value: line 2 column 512 (char 512)
동원맛참 매콤참기름 135g|346,동원맛참 매콤참기름 135g,346,"{""product_name"": ""동원맛참 매콤참기름 135g"", ""persona_key"": 346, ""purchase_behavior_prediction"": {""purchase_probability_pct"": 85, ""reason"": ""이 페르소나는 '실속형 미식가'로, HMR(가정간편식)에 대한 선호도가 매우 높습니다(0.9216). 제품의 간편함과 고단백 특성은 바쁜 사무 종사자에게 매력적이며, 매콤한 맛은 새로운 맛을 시도하는 것을 좋아하는 소비자에게 적합합니다. 가격은 2,500원으로, 경쟁 제품의 가격 범위(2,126원 ~ 2,644원) 내에 있어 가성비가 좋다고 판단할 수 있습니다. 따라서 이 소비자는 효율성과 맛을 동시에 추구하며, 가격에 대한 민감도가 낮아 구매할 가능성이 높습니다."", ""monthly_purchase_frequency"": 2}}",
동원맛참 매콤참기름 135g|344,동원맛참 매콤참기름 135g,344,,Expecting value: line 2 column 512 (char 512)
동원맛참 매콤참기름 135g|345,동원맛참 매콤참기름 135g,345,,Expecting value: line 2 column 512 (char 512)
동원맛참 매콤참기름 135g|347,동원맛참 매콤참기름 135g,347,,Expecting value: line 2 column 512 (char 512)
동원맛참 매콤참기름 135g|348,동원맛참 매콤참기름 135g,348,,Expecting value: line 2 column 512 (char 512)
동원맛참 매콤참기름 135g|350,동원맛참 매콤참기름 135g,350,,Expecting value: line 2 column 512 (char 512)
동원맛참 매콤참기름 135g|349,동원맛참 매콤참기름 135g,349,,Expecting value: line 2 column 512 (char 512)
동원맛참 매콤참기름 135g|351,동원맛참 매콤참기름 135g,351,,Expecting value: line 2 column 512 (char 512)
동원맛참 매콤참기름 135g|352,동원맛참 매콤참기름 135g,352,,Expecting value: line 2 column 512 (char 512)
동원맛참 매콤참기름 135g|353,동원맛참 매콤참기름 135g,353,,Expecting value: line 2 column 512 (char 512)
동원맛참 매콤참기름 135g|355,동원맛참 매콤참기름 135g,355,,Expecting value: line 2 column 512 (char 512)
동원맛참 매콤참기름 135g|354,동원맛참 매콤참기름 135g,354,,Expecting value: line 2 column 512 (char 512)
동원맛참 매콤참기름 135g|356,동원맛참 매콤참기름 135g,356,,Expecting value: line 2 column 512 (char 512)
동원맛참 매콤참기름 135g|357,동원맛참 매콤참기름 135g,357,,Expecting value: line 2 column 512 (char 512)
동원맛참 매콤참기름 135g|358,동원맛참 매콤참기름 135g,358,,Expecting value: line 2 column 512 (char 512)
동원맛참 매콤참기름 135g|359,동원맛참 매콤참기름 135g,359,,Expecting value: line 2 column 512 (char 512)
동원맛참 매콤참기름 135g|360,동원맛참 매콤참기름 135g,360,,Expecting value: line 2 column 512 (char 512)
동원맛참 매콤참기름 135g|361,동원맛참 매콤참기름 135g,361,,Expecting value: line 2 column 512 (char 512)
동원맛참 매콤참기름 135g|363,동원맛참 매콤참기름 135g,363,,Expecting value: line 2 column 512 (char 512)
동원맛참 매콤참기름 135g|362,동원맛참 매콤참기름 135g,362,,Expecting value: line 2 column 512 (char 512)
동원맛참 매콤참기름 90g|2,동원맛참 매콤참기름 90g,2,,Expecting value: line 2 column 512 (char 512)
동원맛참 매콤참기름 90g|1,동원맛참 매콤참기름 90g,1,,Expecting value: line 2 column 512 (char 512)
동원맛참 매콤참기름 90g|5,동원맛참 매콤참기름 90g,5,"{""product_name"": ""동원맛참 매콤참기름 90g"", ""persona_key"": 5, ""purchase_behavior_prediction"": {""purchase_probability_pct"": 75, ""reason"": ""페르소나는 '실속형 미식가'로, 편리함과 맛을 중시하며 새로운 제품을 시도하는 데 적극적입니다. 'HMR 선호도'가 높아 간편한 조리 방식의 제품에 매력을 느낍니다. 동원맛참 매콤참기름은 간편함과 고단백, 매콤한 맛을 제공하여 이 소비자의 요구에 부합합니다. 가격 또한 2,000원으로 경쟁 제품보다 저렴하여 가성비를 중시하는 페르소나에게 긍정적인 요소로 작용합니다. 시장에서의 경쟁 가격이 2,126원에서 2,644원 사이인 점도 이 제품의 가격이 매력적으로 느껴지게 합니다. 따라서 이 소비자는 이 제품을 구매할 가능성이 높습니다."", ""monthly_purchase_frequency"": 2}}",
동원맛참 매콤참기름 90g|3,동원맛참 매콤참기름 90g,3,,Expecting value: line 2 column 512 (char 512)
동원맛참 매콤참기름 90g|4,동원맛참 매콤참기름 90g,4,,Expecting value: line 2 column 512 (char 512)
동원맛참 매콤참기름 90g|6,동원맛참 매콤참기름 90g,6,,Expecting value: line 2 column 512 (char 512)
동원맛참 매콤참기름 90g|7,동원맛참 매콤참기름 90g,7,,Expecting value: line 2 column 512 (char 512)
동원맛참 매콤참기름 90g|9,동원맛참 매콤참기름 90g,9,,Expecting value: line 2 column 512 (char 512)
동원맛참 매콤참기름 90g|8,동원맛참 매콤참기름 90g,8,,Expecting value: line 2 column 512 (char 512)
동원맛참 매콤참기름 90g|11,동원맛참 매콤참기름 90g,11,,Expecting value: line 2 column 512 (char 512)
동원맛참 매콤참기름 90g|10,동원맛참 매콤참기름 90g,10,,Expecting value: line 2 column 512 (char 512)
동원맛참 매콤참기름 90g|13,동원맛참 매콤참기름 90g,13,,Expecting value: line 2 column 512 (char 512)
동원맛참 매콤참기름 90g|12,동원맛참 매콤참기름 90g,12,,Expecting value: line 2 column 512 (char 512)
동원맛참 매콤참기름 90g|14,동원맛참 매콤참기름 90g,14,,Expecting value: line 2 column 512 (char 512)
동원맛참 매콤참기름 90g|15,동원맛참 매콤참기름 90g,15,,Expecting value: line 2 column 512 (char 512)
동원맛참 매콤참기름 90g|16,동원맛참 매콤참기름 90g,16,,Expecting value: line 2 column 512 (char 512)
동원맛참 매콤참기름 90g|17,동원맛참 매콤참기름 90g,17,,Expecting value: line 2 column 512 (char 512)
동원맛참 매콤참기름 90g|18,동원맛참 매콤참기름 90g,18,,Expecting value: line 2 column 512 (char 512)
동원맛참 매콤참기름 90g|19,동원맛참 매콤참기름 90g,19,,Expecting value: line 2 column 512 (char 512)
동원맛참 매콤참기름 90g|20,동원맛참 매콤참기름 90g,20,,Expecting value: line 2 column 512 (char 512)
동원맛참 매콤참기름 90g|21,동원맛참 매콤참기름 90g,21,,Expecting value: line 2 column 512 (char 512)
동원맛참 매콤참기름 90g|22,동원맛참 매콤참기름 90g,22,,Expecting value: line 2 column 512 (char 512)
동원맛참 매콤참기름 90g|26,동원맛참 매콤참기름 90g,26,"{""product_name"": ""동원맛참 매콤참기름 90g"", ""persona_key"": 26, ""purchase_behavior_prediction"": {""purchase_probability_pct"": 75, ""reason"": ""이 페르소나는 HMR(가정간편식) 선호도가 높고, 간편함과 고단백의 제품 특징이 매력적입니다. 특히, 1인 가구로서 간편한 식사를 선호하며, 매콤한 맛과 가성비가 뛰어난 제품에 긍정적인 반응을 보일 것입니다. 또한, 시장 경쟁 환경에서 동원 F&B의 가격이 경쟁사보다 저렴한 편이기 때문에 가격 민감도가 낮은 이 소비자에게 매력적으로 다가올 것입니다. 광고와 프로모션이 예정되어 있어 브랜드 충성도가 높은 이 소비자에게 추가적인 구매 유인이 될 것입니다."", ""monthly_purchase_frequency"": 2}}",
동원맛참 매콤참기름 90g|23,동원맛참 매콤참기름 90g,23,,Expecting value: line 2 column 512 (char 512)
동원맛참 매콤참기름 90g|25,동원맛참 매콤참기름 90g,25,,Expecting value: line 2 column 512 (char 512)
동원맛참 매콤참기름 90g|24,동원맛참 매콤참기름 90g,24,,Expecting value: line 2 column 512 (char 512)
동원맛참 매콤참기름 90g|27,동원맛참 매콤참기름 90g,27,,Expecting value: line 2 column 512 (char 512)
동원맛참 매콤참기름 90g|28,동원맛참 매콤참기름 90g,28,,Expecting value: line 2 column 512 (char 512)
동원맛참 매콤참기름 90g|29,동원맛참 매콤참기름 90g,29,,Expecting value: line 2 column 512 (char 512)
동원맛참 매콤참기름 90g|30,동원맛참 매콤참기름 90g,30,,Expecting value: line 2 column 512 (char 512)
동원맛참 매콤참기름 90g|32,동원맛참 매콤참기름 90g,32,,Expecting value: line 2 column 512 (char 512)
동원맛참 매콤참기름 90g|31,동원맛참 매콤참기름 90g,31,,Expecting value: line 2 column 512 (char 512)
동원맛참 매콤참기름 90g|33,동원맛참 매콤참기름 90g,33,,Expecting value: line 2 column 512 (char 512)
동원맛참 매콤참기름 90g|35,동원맛참 매콤참기름 90g,35,,Expecting value: line 2 column 512 (char 512)
동원맛참 매콤참기름 90g|34,동원맛참 매콤참기름 90g,34,,Expecting value: line 2 column 512 (char 512)
동원맛참 매콤참기름 90g|36,동원맛참 매콤참기름 90g,36,,Expecting value: line 2 column 512 (char 512)
동원맛참 매콤참기름 90g|37,동원맛참 매콤참기름 90g,37,,Expecting value: line 2 column 512 (char 512)
동원맛참 매콤참기름 90g|38,동원맛참 매콤참기름 90g,38,,Expecting value: line 2 column 512 (char 512)
동원맛참 매콤참기름 90g|39,동원맛참 매콤참기름 90g,39,,Expecting value: line 2 column 512 (char 512)
동원맛참 매콤참기름 90g|42,동원맛참 매콤참기름 90g,42,,Expecting value: line 2 column 512 (char 512)
동원맛참 매콤참기름 90g|40,동원맛참 매콤참기름 90g,40,,Expecting value: line 2 column 512 (char 512)
동원맛참 매콤참기름 90g|41,동원맛참 매콤참기름 90g,41,,Expecting value: line 2 column 512 (char 512)
동원맛참 매콤참기름 90g|43,동원맛참 매콤참기름 90g,43,,Expecting value: line 2 column 512 (char 512)
동원맛참 매콤참기름 90g|44,동원맛참 매콤참기름 90g,44,,Expecting value: line 2 column 512 (char 512)
동원맛참 매콤참기름 90g|45,동원맛참 매콤참기름 90g,45,,Expecting value: line 2 column 512 (char 512)
동원맛참 매콤참기름 90g|47,동원맛참 매콤참기름 90g,47,,Expecting value: line 2 column 512 (char 512)
동원맛참 매콤참기름 90g|48,동원맛참 매콤참기름 90g,48,,Expecting value: line 2 column 512 (char 512)
동원맛참 매콤참기름 90g|46,동원맛참 매콤참기름 90g,46,,Expecting value: line 2 column 512 (char 512)
동원맛참 매콤참기름 90g|51,동원맛참 매콤참기름 90g,51,"{""product_name"": ""동원맛참 매콤참기름 90g"", ""persona_key"": 51, ""purchase_behavior_prediction"": {""purchase_probability_pct"": 85, ""reason"": ""이 페르소나는 건강을 최우선으로 고려하는 소비자로, HMR(가정간편식) 선호도가 매우 높습니다. 제품의 특징인 '간편함'과 '고단백'은 바쁜 주부인 그녀에게 매력적이며, '매콤한맛' 또한 가족의 입맛을 고려할 때 긍정적인 요소입니다. 가격이 2,000원으로 가성비가 뛰어나며, 경쟁 제품의 가격대(2,126원 ~ 2,644원)보다 저렴하여 가격에 대한 민감도가 낮은 그녀에게는 더욱 매력적으로 다가올 것입니다. 따라서, 이 제품은 그녀의 건강과 편리성을 모두 충족시키며, 구매 확률이 높다고 판단됩니다."", ""monthly_purchase_frequency"": 2}}",
동원맛참 매콤참기름 90g|49,동원맛참 매콤참기름 90g,49,,Expecting value: line 2 column 512 (char 512)
동원맛참 매콤참기름 90g|50,동원맛참 매콤참기름 90g,50,,Expecting value: line 2 column 512 (char 512)
동원맛참 매콤참기름 90g|54,동원맛참 매콤참기름 90g,54,,Expecting value: line 2 column 512 (char 512)
동원맛참 매콤참기름 90g|52,동원맛참 매콤참기름 90g,52,,Expecting value: line 2 column 512 (char 512)
동원맛참 매콤참기름 90g|53,동원맛참 매콤참기름 90g,53,,Expecting value: line 2 column 512 (char 512)
동원맛참 매콤참기름 90g|55,동원맛참 매콤참기름 90g,55,,Expecting value: line 2 column 512 (char 512)
동원맛참 매콤참기름 90g|56,동원맛참 매콤참기름 90g,56,,Expecting value: line 2 column 512 (char 512)
동원맛참 매콤참기름 90g|57,동원맛참 매콤참기름 90g,57,,Expecting value: line 2 column 512 (char 512)
동원맛참 매콤참기름 90g|58,동원맛참 매콤참기름 90g,58,,Expecting value: line 2 column 512 (char 512)
동원맛참 매콤참기름 90g|59,동원맛참 매콤참기름 90g,59,,Expecting value: line 2 column 512 (char 512)
동원맛참 매콤참기름 90g|60,동원맛참 매콤참기름 90g,60,,Expecting value: line 2 column 512 (char 512)
동원맛참 매콤참기름 90g|61,동원맛참 매콤참기름 90g,61,,Expecting value: line 2 column 512 (char 512)
동원맛참 매콤참기름 90g|62,동원맛참 매콤참기름 90g,62,,Expecting value: line 2 column 512 (char 512)
동원맛참 매콤참기름 90g|63,동원맛참 매콤참기름 90g,63,,Expecting value: line 2 column 512 (char 512)
동원맛참 매콤참기름 90g|66,동원맛참 매콤참기름 90g,66,"{""product_name"": ""동원맛참 매콤참기름 90g"", ""persona_key"": 66, ""purchase_behavior_prediction"": {""purchase_probability_pct"": 75, ""reason"": ""이 페르소나는 '실속형 미식가'로, 편리함과 새로운 맛을 중시하는 소비자입니다. HMR 선호도가 높아 간편한 조리 방식의 제품에 긍정적인 반응을 보일 것입니다. 동원맛참 매콤참기름은 간편함과 고단백, 매콤한 맛을 제공하며, 가격도 2,000원으로 경쟁 제품보다 저렴한 편입니다. 시장 경쟁 환경에서 100g당 가격이 2,126원에서 2,644원인 점을 고려할 때, 가성비가 뛰어난 이 제품은 가격에 민감하지 않은 이 소비자에게 매력적입니다. 따라서, 이 소비자는 제품의 효율성과 맛을 동시에 추구하며, 구매 확률이 높을 것으로 예상됩니다."", ""monthly_purchase_frequency"": 2}}",
동원맛참 매콤참기름 90g|70,동원맛참 매콤참기름 90g,70,"{""product_name"": ""동원맛참 매콤참기름 90g"", ""persona_key"": 70, ""purchase_behavior_prediction"": {""purchase_probability_pct"": 85, ""reason"": ""이 소비자는 건강을 최우선으로 고려하는 '건강 추구형 소비자'로, HMR(가정간편식)에 대한 높은 선호도를 가지고 있습니다. 제품의 특징인 '간편함'과 '고단백'은 그녀의 요리 편리성 및 건강 지향성과 잘 맞아떨어지며, 매콤한 맛은 다양한 요리에 활용 가능성을 높입니다. 가격이 2,000원으로 경쟁 제품의 가격대(2,126원 ~ 2,644원)보다 저렴하여 가성비 또한 뛰어납니다. 이러한 요소들은 그녀의 구매 결정을 긍정적으로 이끌 것입니다."", ""monthly_purchase_frequency"": 2}}",
동원맛참 매콤참기름 90g|65,동원맛참 매콤참기름 90g,65,,Expecting value: line 2 column 512 (char 512)
동원맛참 매콤참기름 90g|64,동원맛참 매콤참기름 90g,64,,Expecting value: line 2 column 512 (char 512)
동원맛참 매콤참기름 90g|67,동원맛참 매콤참기름 90g,67,,Expecting value: line 2 column 512 (char 512)
동원맛참 매콤참기름 90g|68,동원맛참 매콤참기름 90g,68,,Expecting value: line 2 column 512 (char 512)
동원맛참 매콤참기름 90g|69,동원맛참 매콤참기름 90g,69,,Expecting value: line 2 column 512 (char 512)
동원맛참 매콤참기름 90g|73,동원맛참 매콤참기름 90g,73,,Expecting value: line 2 column 512 (char 512)
동원맛참 매콤참기름 90g|71,동원맛참 매콤참기름 90g,71,,Expecting value: line 2 column 512 (char 512)
동원맛참 매콤참기름 90g|72,동원맛참 매콤참기름 90g,72,,Expecting value: line 2 column 512 (char 512)
동원맛참 매콤참기름 90g|74,동원맛참 매콤참기름 90g,74,,Expecting value: line 2 column 512 (char 512)
동원맛참 매콤참기름 90g|75,동원맛참 매콤참기름 90g,75,,Expecting value: line 2 column 512 (char 512)
동원맛참 매콤참기름 90g|76,동원맛참 매콤참기름 90g,76,,Expecting value: line 2 column 512 (char 512)
동원맛참 매콤참기름 90g|78,동원맛참 매콤참기름 90g,78,,Expecting value: line 2 column 512 (char 512)
동원맛참 매콤참기름 90g|80,동원맛참 매콤참기름 90g,80,,Expecting value: line 2 column 512 (char 512)
동원맛참 매콤참기름 90g|82,동원맛참 매콤참기름 90g,82,,Expecting value: line 2 column 512 (char 512)
동원맛참 매콤참기름 90g|77,동원맛참 매콤참기름 90g,77,,Expecting value: line 2 column 512 (char 512)
동원맛참 매콤참기름 90g|81,동원맛참 매콤참기름 90g,81,,Expecting value: line 2 column 512 (char 512)
동원맛참 매콤참기름 90g|79,동원맛참 매콤참기름 90g,79,,Expecting value: line 2 column 512 (char 512)
동원맛참 매콤참기름 90g|83,동원맛참 매콤참기름 90g,83,,Expecting value: line 2 column 512 (char 512)
동원맛참 매콤참기름 90g|84,동원맛참 매콤참기름 90g,84,,Expecting value: line 2 column 512 (char 512)
동원맛참 매콤참기름 90g|88,동원맛참 매콤참기름 90g,88,,Expecting value: line 2 column 512 (char 512)
동원맛참 매콤참기름 90g|85,동원맛참 매콤참기름 90g,85,,Expecting value: line 2 column 512 (char 512)
동원맛참 매콤참기름 90g|86,동원맛참 매콤참기름 90g,86,,Expecting value: line 2 column 512 (char 512)
동원맛참 매콤참기름 90g|87,동원맛참 매콤참기름 90g,87,,Expecting value: line 2 column 512 (char 512)
동원맛참 매콤참기름 90g|90,동원맛참 매콤참기름 90g,90,,Expecting value: line 2 column 512 (char 512)
동원맛참 매콤참기름 90g|89,동원맛참 매콤참기름 90g,89,,Expecting value: line 2 column 512 (char 512)
동원맛참 매콤참기름 90g|91,동원맛참 매콤참기름 90g,91,,Expecting value: line 2 column 512 (char 512)
동원맛참 매콤참기름 90g|92,동원맛참 매콤참기름 90g,92,,Expecting value: line 2 column 512 (char 512)
동원맛참 매콤참기름 90g|94,동원맛참 매콤참기름 90g,94,,Expecting value: line 2 column 512 (char 512)
동원맛참 매콤참기름 90g|97,동원맛참 매콤참기름 90g,97,"{""product_name"": ""동원맛참 매콤참기름 90g"", ""persona_key"": 97, ""purchase_behavior_prediction"": {""purchase_probability_pct"": 85, ""reason"": ""이 페르소나는 '실속형 미식가'로, 편리함과 맛을 중시하며 새로운 제품을 시도하는 데 적극적입니다. 'HMR 선호도'가 높아 간편한 조리 방법과 고단백의 매콤한 맛이 매력적으로 다가올 것입니다. 제품의 가격이 2,000원으로 경쟁 제품의 가격 범위(2,126원 ~ 2,644원)보다 저렴하여 가성비가 뛰어난 점도 긍정적입니다. 또한, 1인 가구를 타겟으로 하여 2세대 가족의 소비 패턴과 잘 맞아떨어집니다. 따라서, 이 소비자는 제품을 구매할 가능성이 높습니다."", ""monthly_purchase_frequency"": 3}}",
동원맛참 매콤참기름 90g|95,동원맛참 매콤참기름 90g,95,,Expecting value: line 2 column 512 (char 512)
동원맛참 매콤참기름 90g|93,동원맛참 매콤참기름 90g,93,,Expecting value: line 2 column 512 (char 512)
동원맛참 매콤참기름 90g|96,동원맛참 매콤참기름 90g,96,,Expecting value: line 2 column 512 (char 512)
동원맛참 매콤참기름 90g|98,동원맛참 매콤참기름 90g,98,,Expecting value: line 2 column 512 (char 512)
동원맛참 매콤참기름 90g|99,동원맛참 매콤참기름 90g,99,,Expecting value: line 2 column 512 (char 512)
동원맛참 매콤참기름 90g|100,동원맛참 매콤참기름 90g,100,,Expecting value: line 2 column 512 (char 512)
동원맛참 매콤참기름 90g|101,동원맛참 매콤참기름 90g,101,,Expecting value: line 2 column 512 (char 512)
동원맛참 매콤참기름 90g|102,동원맛참 매콤참기름 90g,102,,Expecting value: line 2 column 512 (char 512)
동원맛참 매콤참기름 90g|103,동원맛참 매콤참기름 90g,103,,Expecting value: line 2 column 512 (char 512)
동원맛참 매콤참기름 90g|108,동원맛참 매콤참기름 90g,108,"{""product_name"": ""동원맛참 매콤참기름 90g"", ""persona_key"": 108, ""purchase_behavior_prediction"": {""purchase_probability_pct"": 75, ""reason"": ""이 소비자는 건강을 최우선으로 고려하는 프리미엄 소비자 그룹에 속하며, HMR(가정간편식) 선호도가 높습니다. 제품의 간편함과 고단백 특성은 바쁜 일상 속에서 건강한 식사를 추구하는 이 소비자에게 매력적입니다. 또한, 가격이 2,000원으로 경쟁 제품보다 저렴하여 가성비가 뛰어난 점도 긍정적입니다. 시장 경쟁 환경에서 경쟁 제품의 가격대가 2,126원에서 2,644원 사이인 점을 고려할 때, 이 제품은 가격적으로도 유리합니다. 따라서 이 소비자는 제품의 건강과 편리성을 고려하여 구매할 가능성이 높습니다."", ""monthly_purchase_frequency"": 2}}",
동원맛참 매콤참기름 90g|104,동원맛참 매콤참기름 90g,104,,Expecting value: line 2 column 512 (char 512)
동원맛참 매콤참기름 90g|109,동원맛참 매콤참기름 90g,109,"{""product_name"": ""동원맛참 매콤참기름 90g"", ""persona_key"": 109, ""purchase_behavior_prediction"": {""purchase_probability_pct"": 85, ""reason"": ""이 소비자는 건강을 최우선으로 고려하는 '건강 추구형 소비자'로, HMR(가정간편식)에 대한 선호도가 매우 높습니다. 제품의 특징인 '간편함'과 '고단백'은 이 소비자의 요구에 부합하며, 매콤한 맛 또한 다양한 요리에 활용할 수 있어 매력적입니다. 가격이 2,000원으로 경쟁 제품의 가격대(2,126원 ~ 2,644원)보다 저렴하여 가성비가 뛰어나고, 이는 가격 민감도가 낮은 이 소비자에게 긍정적인 요소로 작용합니다. 또한, 광고와 프로모션이 예정되어 있어 소비자의 관심을 끌 가능성이 높습니다."", ""monthly_purchase_frequency"": 3}}",
동원맛참 매콤참기름 90g|106,동원맛참 매콤참기름 90g,106,,Expecting value: line 2 column 512 (char 512)
동원맛참 매콤참기름 90g|105,동원맛참 매콤참기름 90g,105,,Expecting value: line 2 column 512 (char 512)
동원맛참 매콤참기름 90g|107,동원맛참 매콤참기름 90g,107,,Expecting value: line 2 column 512 (char 512)
동원맛참 매콤참기름 90g|113,동원맛참 매콤참기름 90g,113,"{""product_name"": ""동원맛참 매콤참기름 90g"", ""persona_key"": 113, ""purchase_behavior_prediction"": {""purchase_probability_pct"": 85, ""reason"": ""이 페르소나는 건강을 최우선으로 고려하는 소비자로, HMR(가정간편식)에 대한 높은 선호도를 가지고 있습니다. 제품의 '고단백'과 '간편함'은 이 소비자의 요구에 부합하며, 매콤한 맛은 40대 주부가 선호할 수 있는 요소입니다. 가격이 2,000원으로 경쟁 제품의 가격대(2,126원 ~ 2,644원)보다 저렴하여 가성비가 뛰어난 점도 긍정적입니다. 따라서 이 소비자는 제품의 건강성과 편리함, 가격적 장점을 고려하여 구매할 가능성이 높습니다."", ""monthly_purchase_frequency"": 3}}",
동원맛참 매콤참기름 90g|110,동원맛참 매콤참기름 90g,110,,Expecting value: line 2 column 512 (char 512)
동원맛참 매콤참기름 90g|111,동원맛참 매콤참기름 90g,111,,Expecting value: line 2 column 512 (char 512)
동원맛참 매콤참기름 90g|112,동원맛참 매콤참기름 90g,112,,Expecting value: line 2 column 512 (char 512)
동원맛참 매콤참기름 90g|114,동원맛참 매콤참기름 90g,114,,Expecting value: line 2 column 512 (char 512)
동원맛참 매콤참기름 90g|115,동원맛참 매콤참기름 90g,115,,Expecting value: line 2 column 512 (char 512)
동원맛참 매콤참기름 90g|118,동원맛참 매콤참기름 90g,118,"{""product_name"": ""동원맛참 매콤참기름 90g"", ""persona_key"": 118, ""purchase_behavior_prediction"": {""purchase_probability_pct"": 85, ""reason"": ""이 페르소나는 HMR(가정간편식) 선호도가 매우 높고(0.882), 간편함과 고단백을 중시하는 경향이 있습니다. 제품의 특징인 '간편함'과 '매콤한 맛'은 바쁜 일상 속에서 빠르게 요리를 하고자 하는 소비자의 니즈를 충족시킵니다. 또한, 가격이 2,000원으로 경쟁 제품(2,126원 ~ 2,644원)보다 저렴하여 가성비를 중시하는 소비자에게 매력적입니다. 이 소비자는 트렌드 주도형으로 새로운 제품을 경험하고 공유하는 것을 선호하므로, 연예인 광고와 같은 마케팅 전략이 긍정적인 영향을 미칠 것입니다."", ""monthly_purchase_frequency"": 3}}",
동원맛참 매콤참기름 90g|116,동원맛참 매콤참기름 90g,116,,Expecting value: line 2 column 512 (char 512)
동원맛참 매콤참기름 90g|119,동원맛참 매콤참기름 90g,119,,Expecting value: line 2 column 512 (char 512)
동원맛참 매콤참기름 90g|117,동원맛참 매콤참기름 90g,117,,Expecting value: line 2 column 512 (char 512)
동원맛참 매콤참기름 90g|120,동원맛참 매콤참기름 90g,120,,Expecting value: line 2 column 512 (char 512)
동원맛참 매콤참기름 90g|122,동원맛참 매콤참기름 90g,122,,Expecting value: line 2 column 512 (char 512)
동원맛참 매콤참기름 90g|123,동원맛참 매콤참기름 90g,123,,Expecting value: line 2 column 512 (char 512)
동원맛참 매콤참기름 90g|121,동원맛참 매콤참기름 90g,121,,Expecting value: line 2 column 512 (char 512)
동원맛참 매콤참기름 90g|124,동원맛참 매콤참기름 90g,124,,Expecting value: line 2 column 512 (char 512)
동원맛참 매콤참기름 90g|125,동원맛참 매콤참기름 90g,125,,Expecting value: line 2 column 512 (char 512)
동원맛참 매콤참기름 90g|129,동원맛참 매콤참기름 90g,129,,Expecting value: line 2 column 512 (char 512)
동원맛참 매콤참기름 90g|126,동원맛참 매콤참기름 90g,126,,Expecting value: line 2 column 512 (char 512)
동원맛참 매콤참기름 90g|127,동원맛참 매콤참기름 90g,127,,Expecting value: line 2 column 512 (char 512)
동원맛참 매콤참기름 90g|128,동원맛참 매콤참기름 90g,128,,Expecting value: line 2 column 512 (char 512)
동원맛참 매콤참기름 90g|130,동원맛참 매콤참기름 90g,130,,Expecting value: line 2 column 512 (char 512)
동원맛참 매콤참기름 90g|131,동원맛참 매콤참기름 90g,131,,Expecting value: line 2 column 512 (char 512)
동원맛참 매콤참기름 90g|132,동원맛참 매콤참기름 90g,132,,Expecting value: line 2 column 512 (char 512)
동원맛참 매콤참기름 90g|134,동원맛참 매콤참기름 90g,134,,Expecting value: line 2 column 512 (char 512)
동원맛참 매콤참기름 90g|133,동원맛참 매콤참기름 90g,133,,Expecting value: line 2 column 512 (char 512)
동원맛참 매콤참기름 90g|135,동원맛참 매콤참기름 90g,135,,Expecting value: line 2 column 512 (char 512)
동원맛참 매콤참기름 90g|136,동원맛참 매콤참기름 90g,136,,Expecting value: line 2 column 512 (char 512)
동원맛참 매콤참기름 90g|137,동원맛참 매콤참기름 90g,137,,Expecting value: line 2 column 512 (char 512)
동원맛참 매콤참기름 90g|138,동원맛참 매콤참기름 90g,138,,Expecting value: line 2 column 512 (char 512)
동원맛참 매콤참기름 90g|140,동원맛참 매콤참기름 90g,140,,Expecting value: line 2 column 512 (char 512)
동원맛참 매콤참기름 90g|139,동원맛참 매콤참기름 90g,139,,Expecting value: line 2 column 512 (char 512)
동원맛참 매콤참기름 90g|142,동원맛참 매콤참기름 90g,142,,Expecting value: line 2 column 512 (char 512)
동원맛참 매콤참기름 90g|141,동원맛참 매콤참기름 90g,141,,Expecting value: line 2 column 512 (char 512)
동원맛참 매콤참기름 90g|143,동원맛참 매콤참기름 90g,143,,Expecting value: line 2 column 512 (char 512)
동원맛참 매콤참기름 90g|144,동원맛참 매콤참기름 90g,144,,Expecting value: line 2 column 512 (char 512)
동원맛참 매콤참기름 90g|146,동원맛참 매콤참기름 90g,146,,Expecting value: line 2 column 512 (char 512)
동원맛참 매콤참기름 90g|145,동원맛참 매콤참기름 90g,145,,Expecting value: line 2 column 512 (char 512)
동원맛참 매콤참기름 90g|148,동원맛참 매콤참기름 90g,148,,Expecting value: line 2 column 512 (char 512)
동원맛참 매콤참기름 90g|147,동원맛참 매콤참기름 90g,147,,Expecting value: line 2 column 512 (char 512)
동원맛참 매콤참기름 90g|149,동원맛참 매콤참기름 90g,149,,Expecting value: line 2 column 512 (char 512)
동원맛참 매콤참기름 90g|153,동원맛참 매콤참기름 90g,153,"{""product_name"": ""동원맛참 매콤참기름 90g"", ""persona_key"": 153, ""purchase_behavior_prediction"": {""purchase_probability_pct"": 75, ""reason"": ""이 페르소나는 '실속형 미식가'로, 편리함과 맛을 동시에 중시하는 소비자입니다. HMR 선호도가 높아 간편한 조리 방법과 고단백의 매콤한 맛이 매력적으로 다가올 것입니다. 제품의 가격이 2,000원으로 경쟁 제품의 가격대(2,126원 ~ 2,644원)보다 저렴하여 가성비를 중시하는 이 소비자에게 긍정적인 요소로 작용할 것입니다. 또한, 1인 가구를 타겟으로 한 제품 특성이 이 소비자의 라이프스타일과 잘 맞아떨어집니다. 따라서, 이 소비자는 제품을 구매할 가능성이 높습니다."", ""monthly_purchase_frequency"": 2}}",
동원맛참 매콤참기름 90g|150,동원맛참 매콤참기름 90g,150,,Expecting value: line 2 column 512 (char 512)
동원맛참 매콤참기름 90g|152,동원맛참 매콤참기름 90g,152,,Expecting value: line 2 column 512 (char 512)
동원맛참 매콤참기름 90g|151,동원맛참 매콤참기름 90g,151,,Expecting value: line 2 column 512 (char 512)
동원맛참 매콤참기름 90g|154,동원맛참 매콤참기름 90g,154,,Expecting value: line 2 column 512 (char 512)
동원맛참 매콤참기름 90g|155,동원맛참 매콤참기름 90g,155,,Expecting value: line 2 column 512 (char 512)
동원맛참 매콤참기름 90g|157,동원맛참 매콤참기름 90g,157,,Expecting value: line 2 column 512 (char 512)
동원맛참 매콤참기름 90g|160,동원맛참 매콤참기름 90g,160,"{""product_name"": ""동원맛참 매콤참기름 90g"", ""persona_key"": 160, ""purchase_behavior_prediction"": {""purchase_probability_pct"": 85, ""reason"": ""이 소비자는 건강 지향성이 매우 높고, 건강과 편리성을 모두 고려하는 제품에 기꺼이 지갑을 엽니다. 동원맛참 매콤참기름은 고단백, 간편함, 매콤한 맛 등의 특징을 가지고 있어 이 소비자의 요구를 충족시킵니다. 또한, 가격이 2,000원으로 경쟁 제품보다 저렴하여 가격 민감도가 낮은 이 소비자에게 긍정적인 요소로 작용합니다. 시장 경쟁 환경에서 동원맛참의 가격이 경쟁 제품보다 낮아 가성비가 뛰어난 점도 구매를 유도할 것입니다."", ""monthly_purchase_frequency"": 2}}",
동원맛참 매콤참기름 90g|156,동원맛참 매콤참기름 90g,156,,Expecting value: line 2 column 512 (char 512)
동원맛참 매콤참기름 90g|158,동원맛참 매콤참기름 90g,158,,Expecting value: line 2 column 512 (char 512)
동원맛참 매콤참기름 90g|163,동원맛참 매콤참기름 90g,163,,Expecting value: line 2 column 512 (char 512)
동원맛참 매콤참기름 90g|159,동원맛참 매콤참기름 90g,159,,Expecting value: line 2 column 512 (char 512)
동원맛참 매콤참기름 90g|161,동원맛참 매콤참기름 90g,161,,Expecting value: line 2 column 512 (char 512)
동원맛참 매콤참기름 90g|162,동원맛참 매콤참기름 90g,162,,Expecting value: line 2 column 512 (char 512)
동원맛참 매콤참기름 90g|164,동원맛참 매콤참기름 90g,164,,Expecting value: line 2 column 512 (char 512)
동원맛참 매콤참기름 90g|165,동원맛참 매콤참기름 90g,165,,Expecting value: line 2 column 512 (char 512)
동원맛참 매콤참기름 90g|166,동원맛참 매콤참기름 90g,166,,Expecting value: line 2 column 512 (char 512)
동원맛참 매콤참기름 90g|167,동원맛참 매콤참기름 90g,167,,Expecting value: line 2 column 512 (char 512)
동원맛참 매콤참기름 90g|169,동원맛참 매콤참기름 90g,169,,Expecting value: line 2 column 512 (char 512)
동원맛참 매콤참기름 90g|173,동원맛참 매콤참기름 90g,173,"{""product_name"": ""동원맛참 매콤참기름 90g"", ""persona_key"": 173, ""purchase_behavior_prediction"": {""purchase_probability_pct"": 75, ""reason"": ""이 페르소나는 HMR(가정간편식) 선호도가 높고, 1인 가구로서 간편하고 고단백인 제품을 선호합니다. 동원맛참 매콤참기름은 간편함과 매콤한 맛을 제공하며, 가격이 2,000원으로 가성비가 뛰어나기 때문에 이 소비자에게 매력적입니다. 또한, 경쟁 제품의 가격대가 2,126원에서 2,644원 사이인 점을 고려할 때, 가격 경쟁력이 높아 긍정적인 구매 결정을 유도할 것입니다. 이 소비자는 새로운 제품을 경험하고 공유하는 것을 중시하기 때문에, 광고와 프로모션이 효과적으로 작용할 가능성이 높습니다."", ""monthly_purchase_frequency"": 2}}",
동원맛참 매콤참기름 90g|168,동원맛참 매콤참기름 90g,168,,Expecting value: line 2 column 512 (char 512)
동원맛참 매콤참기름 90g|170,동원맛참 매콤참기름 90g,170,,Expecting value: line 2 column 512 (char 512)
동원맛참 매콤참기름 90g|172,동원맛참 매콤참기름 90g,172,,Expecting value: line 2 column 512 (char 512)
동원맛참 매콤참기름 90g|171,동원맛참 매콤참기름 90g,171,,Expecting value: line 2 column 512 (char 512)
동원맛참 매콤참기름 90g|174,동원맛참 매콤참기름 90g,174,,Expecting value: line 2 column 512 (char 512)
동원맛참 매콤참기름 90g|175,동원맛참 매콤참기름 90g,175,,Expecting value: line 2 column 512 (char 512)
동원맛참 매콤참기름 90g|176,동원맛참 매콤참기름 90g,176,,Expecting value: line 2 column 512 (char 512)
동원맛참 매콤참기름 90g|178,동원맛참 매콤참기름 90g,178,,Expecting value: line 2 column 512 (char 512)
동원맛참 매콤참기름 90g|177,동원맛참 매콤참기름 90g,177,,Expecting value: line 2 column 512 (char 512)
동원맛참 매콤참기름 90g|179,동원맛참 매콤참기름 90g,179,,Expecting value: line 2 column 512 (char 512)
동원맛참 매콤참기름 90g|181,동원맛참 매콤참기름 90g,181,,Expecting value: line 2 column 512 (char 512)
동원맛참 매콤참기름 90g|180,동원맛참 매콤참기름 90g,180,,Expecting value: line 2 column 512 (char 512)
동원맛참 매콤참기름 90g|182,동원맛참 매콤참기름 90g,182,,Expecting value: line 2 column 512 (char 512)
동원맛참 매콤참기름 90g|185,동원맛참 매콤참기름 90g,185,,Expecting value: line 2 column 512 (char 512)
동원맛참 매콤참기름 90g|184,동원맛참 매콤참기름 90g,184,,Expecting value: line 2 column 512 (char 512)
동원맛참 매콤참기름 90g|183,동원맛참 매콤참기름 90g,183,,Expecting value: line 2 column 512 (char 512)
동원맛참 매콤참기름 90g|186,동원맛참 매콤참기름 90g,186,,Expecting value: line 2 column 512 (char 512)
동원맛참 매콤참기름 90g|187,동원맛참 매콤참기름 90g,187,,Expecting value: line 2 column 512 (char 512)
동원맛참 매콤참기름 90g|188,동원맛참 매콤참기름 90g,188,,Expecting value: line 2 column 512 (char 512)
동원맛참 매콤참기름 90g|189,동원맛참 매콤참기름 90g,189,,Expecting value: line 2 column 512 (char 512)
동원맛참 매콤참기름 90g|191,동원맛참 매콤참기름 90g,191,,Expecting value: line 2 column 512 (char 512)
동원맛참 매콤참기름 90g|190,동원맛참 매콤참기름 90g,190,,Expecting value: line 2 column 512 (char 512)
동원맛참 매콤참기름 90g|192,동원맛참 매콤참기름 90g,192,,Expecting value: line 2 column 512 (char 512)
동원맛참 매콤참기름 90g|193,동원맛참 매콤참기름 90g,193,,Expecting value: line 2 column 512 (char 512)
동원맛참 매콤참기름 90g|194,동원맛참 매콤참기름 90g,194,,Expecting value: line 2 column 512 (char 512)
동원맛참 매콤참기름 90g|196,동원맛참 매콤참기름 90g,196,,Expecting value: line 2 column 512 (char 512)
동원맛참 매콤참기름 90g|195,동원맛참 매콤참기름 90g,195,,Expecting value: line 2 column 512 (char 512)
동원맛참 매콤참기름 90g|197,동원맛참 매콤참기름 90g,197,,Expecting value: line 2 column 512 (char 512)
동원맛참 매콤참기름 90g|198,동원맛참 매콤참기름 90g,198,,Expecting value: line 2 column 512 (char 512)
동원맛참 매콤참기름 90g|199,동원맛참 매콤참기름 90g,199,,Expecting value: line 2 column 512 (char 512)
동원맛참 매콤참기름 90g|200,동원맛참 매콤참기름 90g,200,,Expecting value: line 2 column 512 (char 512)
동원맛참 매콤참기름 90g|201,동원맛참 매콤참기름 90g,201,,Expecting value: line 2 column 512 (char 512)
동원맛참 매콤참기름 90g|202,동원맛참 매콤참기름 90g,202,,Expecting value: line 2 column 512 (char 512)
동원맛참 매콤참기름 90g|204,동원맛참 매콤참기름 90g,204,,Expecting value: line 2 column 512 (char 512)
동원맛참 매콤참기름 90g|203,동원맛참 매콤참기름 90g,203,,Expecting value: line 2 column 512 (char 512)
동원맛참 매콤참기름 90g|206,동원맛참 매콤참기름 90g,206,,Expecting value: line 2 column 512 (char 512)
동원맛참 매콤참기름 90g|210,동원맛참 매콤참기름 90g,210,"{""product_name"": ""동원맛참 매콤참기름 90g"", ""persona_key"": 210, ""purchase_behavior_prediction"": {""purchase_probability_pct"": 75, ""reason"": ""이 페르소나는 '실속형 미식가'로, HMR(가정식 대체식품)에 대한 높은 선호도를 가지고 있습니다. 제품의 간편함과 매콤한 맛은 바쁜 일상 속에서 간편하게 요리를 즐기고자 하는 이 소비자에게 매력적입니다. 또한, 가격이 2,000원으로 경쟁사 제품보다 저렴하여 가성비를 중시하는 소비자에게 긍정적인 요소로 작용합니다. 시장 경쟁 환경에서 동원 F&B의 가격이 경쟁사보다 낮은 점도 구매를 유도할 수 있는 중요한 요소입니다. 따라서, 이 소비자는 제품의 효율성과 맛을 동시에 고려하여 구매할 가능성이 높습니다."", ""monthly_purchase_frequency"": 2}}",
동원맛참 매콤참기름 90g|205,동원맛참 매콤참기름 90g,205,,Expecting value: line 2 column 512 (char 512)
동원맛참 매콤참기름 90g|211,동원맛참 매콤참기름 90g,211,,Expecting value: line 2 column 512 (char 512)
동원맛참 매콤참기름 90g|209,동원맛참 매콤참기름 90g,209,,Expecting value: line 2 column 512 (char 512)
동원맛참 매콤참기름 90g|207,동원맛참 매콤참기름 90g,207,,Expecting value: line 2 column 512 (char 512)
동원맛참 매콤참기름 90g|208,동원맛참 매콤참기름 90g,208,,Expecting value: line 2 column 512 (char 512)
동원맛참 매콤참기름 90g|212,동원맛참 매콤참기름 90g,212,,Expecting value: line 2 column 512 (char 512)
동원맛참 매콤참기름 90g|214,동원맛참 매콤참기름 90g,214,,Expecting value: line 2 column 512 (char 512)
동원맛참 매콤참기름 90g|216,동원맛참 매콤참기름 90g,216,,Expecting value: line 2 column 512 (char 512)
동원맛참 매콤참기름 90g|215,동원맛참 매콤참기름 90g,215,,Expecting value: line 2 column 512 (char 512)
동원맛참 매콤참기름 90g|213,동원맛참 매콤참기름 90g,213,,Expecting value: line 2 column 512 (char 512)
동원맛참 매콤참기름 90g|217,동원맛참 매콤참기름 90g,217,,Expecting value: line 2 column 512 (char 512)
동원맛참 매콤참기름 90g|219,동원맛참 매콤참기름 90g,219,,Expecting value: line 2 column 512 (char 512)
동원맛참 매콤참기름 90g|218,동원맛참 매콤참기름 90g,218,,Expecting value: line 2 column 512 (char 512)
동원맛참 매콤참기름 90g|221,동원맛참 매콤참기름 90g,221,,Expecting value: line 2 column 512 (char 512)
동원맛참 매콤참기름 90g|220,동원맛참 매콤참기름 90g,220,,Expecting value: line 2 column 512 (char 512)
동원맛참 매콤참기름 90g|222,동원맛참 매콤참기름 90g,222,,Expecting value: line 2 column 512 (char 512)
동원맛참 매콤참기름 90g|223,동원맛참 매콤참기름 90g,223,,Expecting value: line 2 column 512 (char 512)
동원맛참 매콤참기름 90g|224,동원맛참 매콤참기름 90g,224,,Expecting value: line 2 column 512 (char 512)
동원맛참 매콤참기름 90g|225,동원맛참 매콤참기름 90g,225,,Expecting value: line 2 column 512 (char 512)
동원맛참 매콤참기름 90g|226,동원맛참 매콤참기름 90g,226,,Expecting value: line 2 column 512 (char 512)
동원맛참 매콤참기름 90g|228,동원맛참 매콤참기름 90g,228,,Expecting value: line 2 column 512 (char 512)
동원맛참 매콤참기름 90g|231,동원맛참 매콤참기름 90g,231,"{""product_name"": ""동원맛참 매콤참기름 90g"", ""persona_key"": 231, ""purchase_behavior_prediction"": {""purchase_probability_pct"": 75, ""reason"": ""이 페르소나는 HMR(가정간편식) 선호도가 매우 높고(0.86), 간편함과 고단백, 매콤한 맛을 중시하는 제품 특성이 잘 맞아떨어집니다. 또한, 가격이 2,000원으로 경쟁 제품(2,126원 ~ 2,644원)보다 저렴하여 가성비를 중시하는 경향이 있는 이 소비자에게 긍정적인 요소로 작용할 것입니다. 광고가 연예인을 활용하여 진행되므로, 브랜드 충성도가 중간 정도인 이 소비자에게도 긍정적인 영향을 미칠 것입니다. 따라서, 이 제품은 그녀의 구매 욕구를 자극할 가능성이 높습니다."", ""monthly_purchase_frequency"": 2}}",
동원맛참 매콤참기름 90g|227,동원맛참 매콤참기름 90g,227,,Expecting value: line 2 column 512 (char 512)
동원맛참 매콤참기름 90g|229,동원맛참 매콤참기름 90g,229,,Expecting value: line 2 column 512 (char 512)
동원맛참 매콤참기름 90g|230,동원맛참 매콤참기름 90g,230,,Expecting value: line 2 column 512 (char 512)
동원맛참 매콤참기름 90g|232,동원맛참 매콤참기름 90g,232,,Expecting value: line 2 column 512 (char 512)
동원맛참 매콤참기름 90g|233,동원맛참 매콤참기름 90g,233,,Expecting value: line 2 column 512 (char 512)
동원맛참 매콤참기름 90g|234,동원맛참 매콤참기름 90g,234,,Expecting value: line 2 column 512 (char 512)
동원맛참 매콤참기름 90g|235,동원맛참 매콤참기름 90g,235,,Expecting value: line 2 column 512 (char 512)
동원맛참 매콤참기름 90g|236,동원맛참 매콤참기름 90g,236,,Expecting value: line 2 column 512 (char 512)
동원맛참 매콤참기름 90g|237,동원맛참 매콤참기름 90g,237,,Expecting value: line 2 column 512 (char 512)
동원맛참 매콤참기름 90g|238,동원맛참 매콤참기름 90g,238,,Expecting value: line 2 column 512 (char 512)
동원맛참 매콤참기름 90g|239,동원맛참 매콤참기름 90g,239,,Expecting value: line 2 column 512 (char 512)
동원맛참 매콤참기름 90g|241,동원맛참 매콤참기름 90g,241,,Expecting value: line 2 column 512 (char 512)
동원맛참 매콤참기름 90g|240,동원맛참 매콤참기름 90g,240,,Expecting value: line 2 column 512 (char 512)
동원맛참 매콤참기름 90g|244,동원맛참 매콤참기름 90g,244,"{""product_name"": ""동원맛참 매콤참기름 90g"", ""persona_key"": 244, ""purchase_behavior_prediction"": {""purchase_probability_pct"": 75, ""reason"": ""이 페르소나는 HMR(가정간편식) 선호도가 높고, 건강 지향적인 소비 성향을 가지고 있습니다. 제품의 간편함과 고단백 특성은 바쁜 일상 속에서 요리를 간편하게 하고자 하는 이 소비자에게 매력적입니다. 또한, 매콤한 맛과 가성비는 2세대 가족을 둔 기혼 여성에게 긍정적인 요소로 작용할 것입니다. 시장 경쟁 환경에서 동원맛참 매콤참기름의 가격이 2,000원으로, 경쟁 제품의 가격대(2,126원 ~ 2,644원)보다 저렴하여 가격 민감도가 낮은 이 소비자에게 긍정적인 영향을 미칠 것입니다. 이러한 요소들이 결합되어 구매 확률이 높다고 판단됩니다."", ""monthly_purchase_frequency"": 2}}",
동원맛참 매콤참기름 90g|243,동원맛참 매콤참기름 90g,243,,Expecting value: line 2 column 512 (char 512)
동원맛참 매콤참기름 90g|242,동원맛참 매콤참기름 90g,242,,Expecting value: line 2 column 512 (char 512)
동원맛참 매콤참기름 90g|245,동원맛참 매콤참기름 90g,245,,Expecting value: line 2 column 512 (char 512)
동원맛참 매콤참기름 90g|248,동원맛참 매콤참기름 90g,248,,Expecting value: line 2 column 512 (char 512)
동원맛참 매콤참기름 90g|246,동원맛참 매콤참기름 90g,246,,Expecting value: line 2 column 512 (char 512)
동원맛참 매콤참기름 90g|249,동원맛참 매콤참기름 90g,249,,Expecting value: line 2 column 512 (char 512)
동원맛참 매콤참기름 90g|247,동원맛참 매콤참기름 90g,247,,Expecting value: line 2 column 512 (char 512)
동원맛참 매콤참기름 90g|250,동원맛참 매콤참기름 90g,250,,Expecting value: line 2 column 512 (char 512)
동원맛참 매콤참기름 90g|251,동원맛참 매콤참기름 90g,251,,Expecting value: line 2 column 512 (char 512)
동원맛참 매콤참기름 90g|252,동원맛참 매콤참기름 90g,252,,Expecting value: line 2 column 512 (char 512)
동원맛참 매콤참기름 90g|255,동원맛참 매콤참기름 90g,255,"{""product_name"": ""동원맛참 매콤참기름 90g"", ""persona_key"": 255, ""purchase_behavior_prediction"": {""purchase_probability_pct"": 85, ""reason"": ""이 페르소나는 HMR(가정간편식) 선호도가 매우 높고(0.804), 간편함과 고단백 제품을 선호하는 경향이 있습니다. 동원맛참 매콤참기름은 간편하게 사용할 수 있으며, 매콤한 맛과 높은 만족도를 제공하여 이 소비자의 취향에 잘 맞습니다. 또한, 가격이 2,000원으로 경쟁 제품의 가격대(2,126원 ~ 2,644원)보다 저렴하여 가성비를 중시하는 이 소비자에게 긍정적인 요소로 작용합니다. 전라남도 지역에 거주하며 1인 가구인 점도 제품의 타겟 소비자와 일치하여 구매 가능성이 높습니다."", ""monthly_purchase_frequency"": 2}}",
동원맛참 매콤참기름 90g|254,동원맛참 매콤참기름 90g,254,,Expecting value: line 2 column 512 (char 512)
동원맛참 매콤참기름 90g|253,동원맛참 매콤참기름 90g,253,,Expecting value: line 2 column 512 (char 512)
동원맛참 매콤참기름 90g|257,동원맛참 매콤참기름 90g,257,,Expecting value: line 2 column 512 (char 512)
동원맛참 매콤참기름 90g|256,동원맛참 매콤참기름 90g,256,,Expecting value: line 2 column 512 (char 512)
동원맛참 매콤참기름 90g|258,동원맛참 매콤참기름 90g,258,,Expecting value: line 2 column 512 (char 512)
동원맛참 매콤참기름 90g|259,동원맛참 매콤참기름 90g,259,,Expecting value: line 2 column 512 (char 512)
동원맛참 매콤참기름 90g|260,동원맛참 매콤참기름 90g,260,,Expecting value: line 2 column 512 (char 512)
동원맛참 매콤참기름 90g|261,동원맛참 매콤참기름 90g,261,,Expecting value: line 2 column 512 (char 512)
동원맛참 매콤참기름 90g|262,동원맛참 매콤참기름 90g,262,,Expecting value: line 2 column 512 (char 512)
동원맛참 매콤참기름 90g|263,동원맛참 매콤참기름 90g,263,,Expecting value: line 2 column 512 (char 512)
동원맛참 매콤참기름 90g|265,동원맛참 매콤참기름 90g,265,,Expecting value: line 2 column 512 (char 512)
동원맛참 매콤참기름 90g|264,동원맛참 매콤참기름 90g,264,,Expecting value: line 2 column 512 (char 512)
동원맛참 매콤참기름 90g|266,동원맛참 매콤참기름 90g,266,,Expecting value: line 2 column 512 (char 512)
동원맛참 매콤참기름 90g|267,동원맛참 매콤참기름 90g,267,,Expecting value: line 2 column 512 (char 512)
동원맛참 매콤참기름 90g|268,동원맛참 매콤참기름 90g,268,,Expecting value: line 2 column 512 (char 512)
동원맛참 매콤참기름 90g|269,동원맛참 매콤참기름 90g,269,,Expecting value: line 2 column 512 (char 512)
동원맛참 매콤참기름 90g|270,동원맛참 매콤참기름 90g,270,,Expecting value: line 2 column 512 (char 512)
동원맛참 매콤참기름 90g|272,동원맛참 매콤참기름 90g,272,,Expecting value: line 2 column 512 (char 512)
동원맛참 매콤참기름 90g|274,동원맛참 매콤참기름 90g,274,"{""product_name"": ""동원맛참 매콤참기름 90g"", ""persona_key"": 274, ""purchase_behavior_prediction"": {""purchase_probability_pct"": 85, ""reason"": ""이 페르소나는 '요리 편리성'을 가장 중요하게 생각하는 소비자로, 간편하고 고단백인 동원맛참 매콤참기름의 특성이 매우 매력적입니다. 특히 1인 가구를 대상으로 한 제품으로, 간편함과 가성비가 강조되어 있어 주부인 이 소비자에게 적합합니다. 또한, 경쟁 제품의 가격대가 2,126원에서 2,644원 사이인 점을 고려할 때, 2,000원의 가격은 매우 경쟁력 있으며, 가격에 대한 민감도가 낮은 편이기 때문에 긍정적인 반응을 보일 것입니다. 따라서 이 소비자는 제품의 효율성과 맛을 동시에 추구하며, 구매 확률이 높을 것으로 예상됩니다."", ""monthly_purchase_frequency"": 3}}",
동원맛참 매콤참기름 90g|273,동원맛참 매콤참기름 90g,273,,Expecting value: line 2 column 512 (char 512)
동원맛참 매콤참기름 90g|271,동원맛참 매콤참기름 90g,271,,Expecting value: line 2 column 512 (char 512)
동원맛참 매콤참기름 90g|275,동원맛참 매콤참기름 90g,275,,Expecting value: line 2 column 512 (char 512)
동원맛참 매콤참기름 90g|278,동원맛참 매콤참기름 90g,278,,Expecting value: line 2 column 512 (char 512)
동원맛참 매콤참기름 90g|276,동원맛참 매콤참기름 90g,276,,Expecting value: line 2 column 512 (char 512)
동원맛참 매콤참기름 90g|277,동원맛참 매콤참기름 90g,277,,Expecting value: line 2 column 512 (char 512)
동원맛참 매콤참기름 90g|279,동원맛참 매콤참기름 90g,279,,Expecting value: line 2 column 512 (char 512)
동원맛참 매콤참기름 90g|280,동원맛참 매콤참기름 90g,280,,Expecting value: line 2 column 512 (char 512)
동원맛참 매콤참기름 90g|283,동원맛참 매콤참기름 90g,283,,Expecting value: line 2 column 512 (char 512)
동원맛참 매콤참기름 90g|281,동원맛참 매콤참기름 90g,281,,Expecting value: line 2 column 512 (char 512)
동원맛참 매콤참기름 90g|282,동원맛참 매콤참기름 90g,282,,Expecting value: line 2 column 512 (char 512)
동원맛참 매콤참기름 90g|284,동원맛참 매콤참기름 90g,284,,Expecting value: line 2 column 512 (char 512)
동원맛참 매콤참기름 90g|285,동원맛참 매콤참기름 90g,285,,Expecting value: line 2 column 512 (char 512)
동원맛참 매콤참기름 90g|286,동원맛참 매콤참기름 90g,286,,Expecting value: line 2 column 512 (char 512)
동원맛참 매콤참기름 90g|287,동원맛참 매콤참기름 90g,287,,Expecting value: line 2 column 512 (char 512)
동원맛참 매콤참기름 90g|290,동원맛참 매콤참기름 90g,290,,Expecting value: line 2 column 512 (char 512)
동원맛참 매콤참기름 90g|288,동원맛참 매콤참기름 90g,288,,Expecting value: line 2 column 512 (char 512)
동원맛참 매콤참기름 90g|289,동원맛참 매콤참기름 90g,289,,Expecting value: line 2 column 512 (char 512)
동원맛참 매콤참기름 90g|291,동원맛참 매콤참기름 90g,291,,Expecting value: line 2 column 512 (char 512)
동원맛참 매콤참기름 90g|294,동원맛참 매콤참기름 90g,294,,Expecting value: line 2 column 512 (char 512)
동원맛참 매콤참기름 90g|293,동원맛참 매콤참기름 90g,293,,Expecting value: line 2 column 512 (char 512)
동원맛참 매콤참기름 90g|292,동원맛참 매콤참기름 90g,292,,Expecting value: line 2 column 512 (char 512)
동원맛참 매콤참기름 90g|295,동원맛참 매콤참기름 90g,295,,Expecting value: line 2 column 512 (char 512)
동원맛참 매콤참기름 90g|297,동원맛참 매콤참기름 90g,297,,Expecting value: line 2 column 512 (char 512)
동원맛참 매콤참기름 90g|296,동원맛참 매콤참기름 90g,296,,Expecting value: line 2 column 512 (char 512)
동원맛참 매콤참기름 90g|299,동원맛참 매콤참기름 90g,299,"{""product_name"": ""동원맛참 매콤참기름 90g"", ""persona_key"": 299, ""purchase_behavior_prediction"": {""purchase_probability_pct"": 85, ""reason"": ""이 페르소나는 HMR(가정간편식)에 대한 높은 선호도를 가지고 있으며, 이는 간편함과 고단백의 제품 특성과 잘 맞아떨어진다. 특히, 60대 이상의 기혼 여성으로서 1인 가구를 대상으로 하는 제품이므로, 간편하게 조리할 수 있는 매콤한 맛의 참기름은 매력적이다. 또한, 가격이 2,000원으로 경쟁 제품보다 저렴하여 가성비가 좋고, 광고를 통해 브랜드 인지도가 높아질 것으로 예상된다. 시장 경쟁 환경에서 유사 제품의 가격대가 2,126원에서 2,644원 사이인 점을 고려할 때, 이 제품은 가격적으로도 매력적이다."", ""monthly_purchase_frequency"": 2}}",
동원맛참 매콤참기름 90g|301,동원맛참 매콤참기름 90g,301,,Expecting value: line 2 column 512 (char 512)
동원맛참 매콤참기름 90g|300,동원맛참 매콤참기름 90g,300,,Expecting value: line 2 column 512 (char 512)
동원맛참 매콤참기름 90g|302,동원맛참 매콤참기름 90g,302,,Expecting value: line 2 column 512 (char 512)
동원맛참 매콤참기름 90g|303,동원맛참 매콤참기름 90g,303,,Expecting value: line 2 column 512 (char 512)
동원맛참 매콤참기름 90g|304,동원맛참 매콤참기름 90g,304,,Expecting value: line 2 column 512 (char 512)
동원맛참 매콤참기름 90g|306,동원맛참 매콤참기름 90g,306,"{""product_name"": ""동원맛참 매콤참기름 90g"", ""persona_key"": 306, ""purchase_behavior_prediction"": {""purchase_probability_pct"": 75, ""reason"": ""이 페르소나는 HMR(가정간편식) 선호도가 높고, 1인 가구로서 간편함과 고단백 식품을 선호합니다. '동원맛참 매콤참기름'은 간편하게 사용할 수 있으며, 매콤한 맛과 가성비가 뛰어나기 때문에 이 소비자에게 매력적입니다. 또한, 가격이 2,000원으로 경쟁 제품보다 저렴하여 가격 민감도가 높은 소비자에게 긍정적으로 작용할 것입니다. 시장 경쟁 환경에서 비슷한 제품의 가격이 2,126원에서 2,644원 사이인 점을 고려할 때, 이 제품은 가격적으로도 경쟁력이 있습니다. 따라서, 이 소비자는 제품의 편리함과 가격을 고려하여 구매할 가능성이 높습니다."", ""monthly_purchase_frequency"": 2}}",
동원맛참 매콤참기름 90g|305,동원맛참 매콤참기름 90g,305,,Expecting value: line 2 column 512 (char 512)
동원맛참 매콤참기름 90g|308,동원맛참 매콤참기름 90g,308,,Expecting value: line 2 column 512 (char 512)
동원맛참 매콤참기름 90g|309,동원맛참 매콤참기름 90g,309,,Expecting value: line 2 column 512 (char 512)
동원맛참 매콤참기름 90g|310,동원맛참 매콤참기름 90g,310,,Expecting value: line 2 column 512 (char 512)
동원맛참 매콤참기름 90g|311,동원맛참 매콤참기름 90g,311,,Expecting value: line 2 column 512 (char 512)
동원맛참 매콤참기름 90g|312,동원맛참 매콤참기름 90g,312,,Expecting value: line 2 column 512 (char 512)
동원맛참 매콤참기름 90g|314,동원맛참 매콤참기름 90g,314,,Expecting value: line 2 column 512 (char 512)
동원맛참 매콤참기름 90g|313,동원맛참 매콤참기름 90g,313,,Expecting value: line 2 column 512 (char 512)
동원맛참 매콤참기름 90g|318,동원맛참 매콤참기름 90g,318,"{""product_name"": ""동원맛참 매콤참기름 90g"", ""persona_key"": 318, ""purchase_behavior_prediction"": {""purchase_probability_pct"": 75, ""reason"": ""이 페르소나는 HMR(가정식 대체식품)에 대한 높은 선호도를 가지고 있으며(0.8237), 이는 간편함과 고단백 식품을 선호하는 경향과 잘 맞아떨어집니다. 제품의 특징인 '간편함'과 '매콤한 맛'은 1인 가구인 이 소비자에게 매우 매력적입니다. 또한, 가격이 2,000원으로 경쟁 제품(2,126원 ~ 2,644원)보다 저렴하여 가성비가 뛰어난 점도 긍정적입니다. 건강 지향성(0.4174)도 고려할 때, 고단백의 매콤한 참기름은 이 소비자의 건강 요구를 충족시킬 수 있습니다. 그러나, 브랜드 충성도(0.4910)가 중간 수준이므로, 브랜드에 대한 신뢰가 구매에 영향을 미칠 수 있습니다. 전반적으로, 이 소비자는 제품의 편리함과 가격을 고려할 때 구매할 가능성이 높습니다."", ""monthly_purchase_frequency"": 2}}",
동원맛참 매콤참기름 90g|315,동원맛참 매콤참기름 90g,315,,Expecting value: line 2 column 512 (char 512)
동원맛참 매콤참기름 90g|316,동원맛참 매콤참기름 90g,316,,Expecting value: line 2 column 512 (char 512)
동원맛참 매콤참기름 90g|317,동원맛참 매콤참기름 90g,317,,Expecting value: line 2 column 512 (char 512)
동원맛참 매콤참기름 90g|320,동원맛참 매콤참기름 90g,320,,Expecting value: line 2 column 512 (char 512)
동원맛참 매콤참기름 90g|319,동원맛참 매콤참기름 90g,319,,Expecting value: line 2 column 512 (char 512)
동원맛참 매콤참기름 90g|321,동원맛참 매콤참기름 90g,321,,Expecting value: line 2 column 512 (char 512)
동원맛참 매콤참기름 90g|322,동원맛참 매콤참기름 90g,322,,Expecting value: line 2 column 512 (char 512)
동원맛참 매콤참기름 90g|326,동원맛참 매콤참기름 90g,326,"{""product_name"": ""동원맛참 매콤참기름 90g"", ""persona_key"": 326, ""purchase_behavior_prediction"": {""purchase_probability_pct"": 85, ""reason"": ""이 소비자는 건강을 최우선으로 고려하는 '건강 추구형 소비자'로, HMR(가정간편식) 선호도가 높습니다. 제품의 특징인 간편함과 고단백, 매콤한 맛은 이 소비자의 요구에 잘 부합합니다. 또한, 가격이 2,000원으로 경쟁 제품보다 저렴하여 가성비가 뛰어나며, 이는 가격 민감도가 낮은 이 소비자에게 긍정적인 요소로 작용합니다. 시장 경쟁 환경에서 동원 F&B의 가격이 경쟁 제품보다 낮은 편에 속하므로, 이 소비자는 가격에 대한 부담 없이 제품을 구매할 가능성이 높습니다."", ""monthly_purchase_frequency"": 3}}",
동원맛참 매콤참기름 90g|323,동원맛참 매콤참기름 90g,323,,Expecting value: line 2 column 512 (char 512)
동원맛참 매콤참기름 90g|324,동원맛참 매콤참기름 90g,324,,Expecting value: line 2 column 512 (char 512)
동원맛참 매콤참기름 90g|325,동원맛참 매콤참기름 90g,325,,Expecting value: line 2 column 512 (char 512)
동원맛참 매콤참기름 90g|327,동원맛참 매콤참기름 90g,327,,Expecting value: line 2 column 512 (char 512)
동원맛참 매콤참기름 90g|328,동원맛참 매콤참기름 90g,328,,Expecting value: line 2 column 512 (char 512)
동원맛참 매콤참기름 90g|307,동원맛참 매콤참기름 90g,307,,Expecting value: line 2 column 512 (char 512)
동원맛참 매콤참기름 90g|298,동원맛참 매콤참기름 90g,298,,Expecting value: line 2 column 512 (char 512)
동원맛참 매콤참기름 90g|329,동원맛참 매콤참기름 90g,329,,Expecting value: line 2 column 512 (char 512)
동원맛참 매콤참기름 90g|330,동원맛참 매콤참기름 90g,330,,Expecting value: line 2 column 512 (char 512)
동원맛참 매콤참기름 90g|333,동원맛참 매콤참기름 90g,333,"{""product_name"": ""동원맛참 매콤참기름 90g"", ""persona_key"": 333, ""purchase_behavior_prediction"": {""purchase_probability_pct"": 75, ""reason"": ""이 페르소나는 '실속형 미식가'로, HMR(가정간편식) 선호도가 매우 높습니다(0.882). 이는 간편함과 효율성을 중시하는 소비 성향을 반영합니다. 동원맛참 매콤참기름은 간편함, 고단백, 매콤한 맛 등 다양한 매력을 가지고 있으며, 가격도 2,000원으로 가성비가 좋습니다. 경쟁 제품의 가격대가 2,126원에서 2,644원 사이인 점을 고려할 때, 이 제품은 가격적으로도 매력적입니다. 따라서 이 소비자는 제품의 간편함과 맛을 고려할 때 높은 구매 확률을 보일 것입니다."", ""monthly_purchase_frequency"": 2}}",
동원맛참 매콤참기름 90g|331,동원맛참 매콤참기름 90g,331,,Expecting value: line 2 column 512 (char 512)
동원맛참 매콤참기름 90g|332,동원맛참 매콤참기름 90g,332,,Expecting value: line 2 column 512 (char 512)
동원맛참 매콤참기름 90g|335,동원맛참 매콤참기름 90g,335,,Expecting value: line 2 column 512 (char 512)
동원맛참 매콤참기름 90g|334,동원맛참 매콤참기름 90g,334,,Expecting value: line 2 column 512 (char 512)
동원맛참 매콤참기름 90g|336,동원맛참 매콤참기름 90g,336,,Expecting value: line 2 column 512 (char 512)
동원맛참 매콤참기름 90g|337,동원맛참 매콤참기름 90g,337,,Expecting value: line 2 column 512 (char 512)
동원맛참 매콤참기름 90g|338,동원맛참 매콤참기름 90g,338,,Expecting value: line 2 column 512 (char 512)
동원맛참 매콤참기름 90g|339,동원맛참 매콤참기름 90g,339,,Expecting value: line 2 column 512 (char 512)
동원맛참 매콤참기름 90g|340,동원맛참 매콤참기름 90g,340,,Expecting value: line 2 column 512 (char 512)
동원맛참 매콤참기름 90g|342,동원맛참 매콤참기름 90g,342,,Expecting value: line 2 column 512 (char 512)
동원맛참 매콤참기름 90g|343,동원맛참 매콤참기름 90g,343,,Expecting value: line 2 column 512 (char 512)
동원맛참 매콤참기름 90g|341,동원맛참 매콤참기름 90g,341,,Expecting value: line 2 column 512 (char 512)
동원맛참 매콤참기름 90g|344,동원맛참 매콤참기름 90g,344,,Expecting value: line 2 column 512 (char 512)
동원맛참 매콤참기름 90g|345,동원맛참 매콤참기름 90g,345,,Expecting value: line 2 column 512 (char 512)
동원맛참 매콤참기름 90g|346,동원맛참 매콤참기름 90g,346,,Expecting value: line 2 column 512 (char 512)
동원맛참 매콤참기름 90g|347,동원맛참 매콤참기름 90g,347,,Expecting value: line 2 column 512 (char 512)
동원맛참 매콤참기름 90g|349,동원맛참 매콤참기름 90g,349,,Expecting value: line 2 column 512 (char 512)
동원맛참 매콤참기름 90g|348,동원맛참 매콤참기름 90g,348,,Expecting value: line 2 column 512 (char 512)
동원맛참 매콤참기름 90g|350,동원맛참 매콤참기름 90g,350,,Expecting value: line 2 column 512 (char 512)
동원맛참 매콤참기름 90g|351,동원맛참 매콤참기름 90g,351,,Expecting value: line 2 column 512 (char 512)
동원맛참 매콤참기름 90g|352,동원맛참 매콤참기름 90g,352,,Expecting value: line 2 column 512 (char 512)
동원맛참 매콤참기름 90g|353,동원맛참 매콤참기름 90g,353,,Expecting value: line 2 column 512 (char 512)
동원맛참 매콤참기름 90g|354,동원맛참 매콤참기름 90g,354,,Expecting value: line 2 column 512 (char 512)
동원맛참 매콤참기름 90g|355,동원맛참 매콤참기름 90g,355,,Expecting value: line 2 column 512 (char 512)
동원맛참 매콤참기름 90g|357,동원맛참 매콤참기름 90g,357,,Expecting value: line 2 column 512 (char 512)
동원맛참 매콤참기름 90g|356,동원맛참 매콤참기름 90g,356,,Expecting value: line 2 column 512 (char 512)
동원맛참 매콤참기름 90g|358,동원맛참 매콤참기름 90g,358,,Expecting value: line 2 column 512 (char 512)
동원맛참 매콤참기름 90g|360,동원맛참 매콤참기름 90g,360,,Expecting value: line 2 column 512 (char 512)
동원맛참 매콤참기름 90g|359,동원맛참 매콤참기름 90g,359,,Expecting value: line 2 column 512 (char 512)
동원맛참 매콤참기름 90g|361,동원맛참 매콤참기름 90g,361,,Expecting value: line 2 column 512 (char 512)
동원맛참 매콤참기름 90g|362,동원맛참 매콤참기름 90g,362,,Expecting value: line 2 column 512 (char 512)
동원맛참 매콤참기름 90g|363,동원맛참 매콤참기름 90g,363,,Expecting value: line 2 column 512 (char 512)
동원참치액 순 500g|1,동원참치액 순 500g,1,,Expecting value: line 2 column 512 (char 512)
동원참치액 순 500g|2,동원참치액 순 500g,2,,Expecting value: line 2 column 512 (char 512)
동원참치액 순 500g|5,동원참치액 순 500g,5,,Expecting value: line 2 column 512 (char 512)
동원참치액 순 500g|4,동원참치액 순 500g,4,,Expecting value: line 2 column 512 (char 512)
동원참치액 순 500g|3,동원참치액 순 500g,3,,Expecting value: line 2 column 512 (char 512)
동원참치액 순 500g|6,동원참치액 순 500g,6,,Expecting value: line 2 column 512 (char 512)
동원참치액 순 500g|10,동원참치액 순 500g,10,"{""product_name"": ""동원참치액 순 500g"", ""persona_key"": 10, ""purchase_behavior_prediction"": {""purchase_probability_pct"": 85, ""reason"": ""이 소비자는 '건강 추구형 소비자'로, 건강과 편리성을 중시하며 프리미엄 제품에 대한 수요가 높습니다. 'HMR 선호도'가 매우 높아, 간편하게 요리할 수 있는 조미료인 동원참치액에 매력을 느낄 것입니다. 제품의 특징인 '시원하고 깔끔한 감칠맛'과 '높은 만족도'는 이 소비자의 요리 편리성 요구를 충족시킬 수 있습니다. 또한, 가격이 5,980원으로 경쟁 제품의 가격 범위(1,366원 ~ 2,996원)보다 상대적으로 높은 편이지만, 프리미엄 지향성이 강한 소비자이므로 가격에 대한 민감도가 낮아 구매를 결정할 가능성이 큽니다."", ""monthly_purchase_frequency"": 2}}",
동원참치액 순 500g|8,동원참치액 순 500g,8,,Expecting value: line 2 column 512 (char 512)
동원참치액 순 500g|7,동원참치액 순 500g,7,,Expecting value: line 2 column 512 (char 512)
동원참치액 순 500g|9,동원참치액 순 500g,9,,Expecting value: line 2 column 512 (char 512)
동원참치액 순 500g|11,동원참치액 순 500g,11,,Expecting value: line 2 column 512 (char 512)
동원참치액 순 500g|12,동원참치액 순 500g,12,,Expecting value: line 2 column 512 (char 512)
동원참치액 순 500g|13,동원참치액 순 500g,13,,Expecting value: line 2 column 512 (char 512)
동원참치액 순 500g|14,동원참치액 순 500g,14,,Expecting value: line 2 column 512 (char 512)
동원참치액 순 500g|15,동원참치액 순 500g,15,,Expecting value: line 2 column 512 (char 512)
동원참치액 순 500g|16,동원참치액 순 500g,16,,Expecting value: line 2 column 512 (char 512)
동원참치액 순 500g|18,동원참치액 순 500g,18,,Expecting value: line 2 column 512 (char 512)
동원참치액 순 500g|17,동원참치액 순 500g,17,,Expecting value: line 2 column 512 (char 512)
동원참치액 순 500g|21,동원참치액 순 500g,21,"{""product_name"": ""동원참치액 순 500g"", ""persona_key"": 21, ""purchase_behavior_prediction"": {""purchase_probability_pct"": 85, ""reason"": ""이 소비자는 건강을 최우선으로 고려하는 프리미엄 소비자 그룹에 속하며, HMR(가정간편식) 선호도가 매우 높습니다. 동원참치액은 시원하고 깔끔한 감칠맛을 제공하며, 요리하는 1인 가구와 1세대 가족을 타겟으로 하고 있어 이 소비자의 요리 편리성과 건강 지향성을 충족시킬 수 있습니다. 가격은 5,980원으로, 경쟁 제품의 가격대(1,366원 ~ 2,996원)보다 높은 편이지만, 이 소비자는 가격에 크게 구애받지 않으며 건강과 편리성을 중시하기 때문에 긍정적으로 받아들일 것입니다. 또한, 광고와 프로모션이 2024년 9-12월에 진행될 예정이므로, 이 시기에 구매 확률이 더욱 높아질 것으로 예상됩니다."", ""monthly_purchase_frequency"": 2}}",
동원참치액 순 500g|20,동원참치액 순 500g,20,,Expecting value: line 2 column 512 (char 512)
동원참치액 순 500g|19,동원참치액 순 500g,19,,Expecting value: line 2 column 512 (char 512)
동원참치액 순 500g|23,동원참치액 순 500g,23,,Expecting value: line 2 column 512 (char 512)
동원참치액 순 500g|22,동원참치액 순 500g,22,,Expecting value: line 2 column 512 (char 512)
동원참치액 순 500g|24,동원참치액 순 500g,24,,Expecting value: line 2 column 512 (char 512)
동원참치액 순 500g|25,동원참치액 순 500g,25,,Expecting value: line 2 column 512 (char 512)
동원참치액 순 500g|26,동원참치액 순 500g,26,,Expecting value: line 2 column 512 (char 512)
동원참치액 순 500g|27,동원참치액 순 500g,27,,Expecting value: line 2 column 512 (char 512)
동원참치액 순 500g|28,동원참치액 순 500g,28,,Expecting value: line 2 column 512 (char 512)
동원참치액 순 500g|29,동원참치액 순 500g,29,,Expecting value: line 2 column 512 (char 512)
동원참치액 순 500g|30,동원참치액 순 500g,30,,Expecting value: line 2 column 512 (char 512)
동원참치액 순 500g|31,동원참치액 순 500g,31,,Expecting value: line 2 column 512 (char 512)
동원참치액 순 500g|32,동원참치액 순 500g,32,,Expecting value: line 2 column 512 (char 512)
동원참치액 순 500g|33,동원참치액 순 500g,33,,Expecting value: line 2 column 512 (char 512)
동원참치액 순 500g|34,동원참치액 순 500g,34,,Expecting value: line 2 column 512 (char 512)
동원참치액 순 500g|36,동원참치액 순 500g,36,,Expecting value: line 2 column 512 (char 512)
동원참치액 순 500g|35,동원참치액 순 500g,35,,Expecting value: line 2 column 512 (char 512)
동원참치액 순 500g|37,동원참치액 순 500g,37,,Expecting value: line 2 column 512 (char 512)
동원참치액 순 500g|38,동원참치액 순 500g,38,,Expecting value: line 2 column 512 (char 512)
동원참치액 순 500g|39,동원참치액 순 500g,39,,Expecting value: line 2 column 512 (char 512)
동원참치액 순 500g|40,동원참치액 순 500g,40,,Expecting value: line 2 column 512 (char 512)
동원참치액 순 500g|44,동원참치액 순 500g,44,"{""product_name"": ""동원참치액 순 500g"", ""persona_key"": 44, ""purchase_behavior_prediction"": {""purchase_probability_pct"": 75, ""reason"": ""페르소나의 HMR 선호도가 높고, 편리성을 중시하는 '실속형 미식가' 그룹에 속합니다. 동원참치액은 시원하고 깔끔한 감칠맛을 제공하며, 요리하는 1인 가구와 2세대 가족을 타겟으로 하여 이 소비자에게 적합합니다. 가격이 5,980원으로 경쟁사 제품의 가격대(1,366원 ~ 2,996원)보다 다소 높은 편이지만, 제품의 품질과 편리함을 고려할 때 가격에 대한 민감도가 낮은 이 소비자에게 매력적입니다. 또한, 광고와 프로모션이 예정되어 있어 인지도가 높아질 가능성이 큽니다."", ""monthly_purchase_frequency"": 2}}",
동원참치액 순 500g|41,동원참치액 순 500g,41,,Expecting value: line 2 column 512 (char 512)
동원참치액 순 500g|42,동원참치액 순 500g,42,,Expecting value: line 2 column 512 (char 512)
동원참치액 순 500g|43,동원참치액 순 500g,43,,Expecting value: line 2 column 512 (char 512)
동원참치액 순 500g|45,동원참치액 순 500g,45,,Expecting value: line 2 column 512 (char 512)
동원참치액 순 500g|47,동원참치액 순 500g,47,"{""product_name"": ""동원참치액 순 500g"", ""persona_key"": 47, ""purchase_behavior_prediction"": {""purchase_probability_pct"": 85, ""reason"": ""이 소비자는 건강을 최우선으로 고려하는 프리미엄 소비자 그룹에 속하며, HMR(가정간편식) 선호도가 높습니다. 동원참치액은 시원하고 깔끔한 감칠맛을 제공하며, 요리하는 1인 가구와 1세대 가족을 타겟으로 하여 편리함과 건강을 동시에 만족시킬 수 있는 제품입니다. 가격이 5,980원으로 경쟁 제품의 가격 범위(1,366원 ~ 2,996원)보다 높은 편이지만, 가격 민감도가 낮고 건강 지향적인 소비 성향을 가진 이 소비자는 제품의 품질과 건강적 이점을 중시하여 구매할 가능성이 높습니다. 또한, 광고와 프로모션이 예정되어 있어 소비자의 관심을 끌 수 있는 요소가 있습니다."", ""monthly_purchase_frequency"": 2}}",
동원참치액 순 500g|46,동원참치액 순 500g,46,,Expecting value: line 2 column 512 (char 512)
동원참치액 순 500g|48,동원참치액 순 500g,48,,Expecting value: line 2 column 512 (char 512)
동원참치액 순 500g|49,동원참치액 순 500g,49,,Expecting value: line 2 column 512 (char 512)
동원참치액 순 500g|50,동원참치액 순 500g,50,,Expecting value: line 2 column 512 (char 512)
동원참치액 순 500g|51,동원참치액 순 500g,51,,Expecting value: line 2 column 512 (char 512)
동원참치액 순 500g|52,동원참치액 순 500g,52,,Expecting value: line 2 column 512 (char 512)
동원참치액 순 500g|54,동원참치액 순 500g,54,,Expecting value: line 2 column 512 (char 512)
동원참치액 순 500g|53,동원참치액 순 500g,53,,Expecting value: line 2 column 512 (char 512)
동원참치액 순 500g|55,동원참치액 순 500g,55,,Expecting value: line 2 column 512 (char 512)
동원참치액 순 500g|56,동원참치액 순 500g,56,,Expecting value: line 2 column 512 (char 512)
동원참치액 순 500g|57,동원참치액 순 500g,57,,Expecting value: line 2 column 512 (char 512)
동원참치액 순 500g|61,동원참치액 순 500g,61,"{""product_name"": ""동원참치액 순 500g"", ""persona_key"": 61, ""purchase_behavior_prediction"": {""purchase_probability_pct"": 75, ""reason"": ""페르소나는 '실속형 미식가'로, 편리성과 맛을 동시에 중시하며 새로운 제품을 시도하는 데 적극적입니다. 'HMR 선호도'가 높아 조리 편의성을 중시하는 이 소비자는 동원참치액의 '시원하고 깔끔한 감칠맛'과 '높은 만족도'를 긍정적으로 평가할 것입니다. 또한, 가격이 5,980원으로 경쟁 제품의 가격 범위(1,366원 ~ 2,996원)보다 높은 편이지만, 가격에 대한 민감도가 상대적으로 낮아 효율성과 맛을 중시하는 페르소나에게는 수용 가능한 수준으로 보입니다. 따라서, 이 제품은 페르소나의 요구를 충족시킬 가능성이 높습니다."", ""monthly_purchase_frequency"": 2}}",
동원참치액 순 500g|58,동원참치액 순 500g,58,,Expecting value: line 2 column 512 (char 512)
동원참치액 순 500g|59,동원참치액 순 500g,59,,Expecting value: line 2 column 512 (char 512)
동원참치액 순 500g|60,동원참치액 순 500g,60,,Expecting value: line 2 column 512 (char 512)
동원참치액 순 500g|62,동원참치액 순 500g,62,,Expecting value: line 2 column 512 (char 512)
동원참치액 순 500g|64,동원참치액 순 500g,64,,Expecting value: line 2 column 512 (char 512)
동원참치액 순 500g|65,동원참치액 순 500g,65,,Expecting value: line 2 column 512 (char 512)
동원참치액 순 500g|63,동원참치액 순 500g,63,,Expecting value: line 2 column 512 (char 512)
동원참치액 순 500g|66,동원참치액 순 500g,66,,Expecting value: line 2 column 512 (char 512)
동원참치액 순 500g|68,동원참치액 순 500g,68,"{""product_name"": ""동원참치액 순 500g"", ""persona_key"": 68, ""purchase_behavior_prediction"": {""purchase_probability_pct"": 85, ""reason"": ""페르소나는 HMR(가정간편식) 선호도가 매우 높고(0.941), 이는 간편하고 빠른 요리를 선호하는 경향을 나타냅니다. 동원참치액은 시원하고 깔끔한 감칠맛을 제공하며, 요리하는 1인 가구와 2세대 가족을 타겟으로 하여 이 소비자에게 적합합니다. 또한, 가격이 5,980원으로 경쟁 제품의 가격 범위(1,366원 ~ 2,996원)보다 상대적으로 높은 편이지만, 페르소나의 프리미엄 지향성(0.552)과 브랜드 충성도(0.577)로 인해 가격에 대한 민감도가 낮아 긍정적으로 받아들일 가능성이 높습니다. 따라서, 이 소비자는 제품의 품질과 브랜드 가치를 중시하여 구매할 가능성이 높습니다."", ""monthly_purchase_frequency"": 2}}",
동원참치액 순 500g|67,동원참치액 순 500g,67,,Expecting value: line 2 column 512 (char 512)
동원참치액 순 500g|69,동원참치액 순 500g,69,,Expecting value: line 2 column 512 (char 512)
동원참치액 순 500g|70,동원참치액 순 500g,70,,Expecting value: line 2 column 512 (char 512)
동원참치액 순 500g|71,동원참치액 순 500g,71,,Expecting value: line 2 column 512 (char 512)
동원참치액 순 500g|72,동원참치액 순 500g,72,,Expecting value: line 2 column 512 (char 512)
동원참치액 순 500g|74,동원참치액 순 500g,74,,Expecting value: line 2 column 512 (char 512)
동원참치액 순 500g|73,동원참치액 순 500g,73,,Expecting value: line 2 column 512 (char 512)
동원참치액 순 500g|76,동원참치액 순 500g,76,"{""product_name"": ""동원참치액 순 500g"", ""persona_key"": 76, ""purchase_behavior_prediction"": {""purchase_probability_pct"": 85, ""reason"": ""이 페르소나는 건강을 최우선으로 고려하는 소비자로, HMR(가정간편식) 선호도가 매우 높습니다. 동원참치액은 시원하고 깔끔한 감칠맛을 제공하며, 요리하는 1인 가구를 타겟으로 하여 편리함과 건강을 동시에 만족시킬 수 있는 제품입니다. 가격이 5,980원으로 경쟁 제품에 비해 상대적으로 합리적이며, 가격 민감도가 중간 정도인 이 소비자는 품질과 건강을 고려하여 기꺼이 지출할 가능성이 높습니다. 또한, 광고와 프로모션이 SNS를 통해 진행되므로, 이 소비자가 제품에 대한 인지도를 높일 수 있는 기회가 많습니다."", ""monthly_purchase_frequency"": 2}}",
동원참치액 순 500g|75,동원참치액 순 500g,75,,Expecting value: line 2 column 512 (char 512)
동원참치액 순 500g|77,동원참치액 순 500g,77,,Expecting value: line 2 column 512 (char 512)
동원참치액 순 500g|78,동원참치액 순 500g,78,,Expecting value: line 2 column 512 (char 512)
동원참치액 순 500g|79,동원참치액 순 500g,79,,Expecting value: line 2 column 512 (char 512)
동원참치액 순 500g|80,동원참치액 순 500g,80,,Expecting value: line 2 column 512 (char 512)
동원참치액 순 500g|81,동원참치액 순 500g,81,,Expecting value: line 2 column 512 (char 512)
동원참치액 순 500g|82,동원참치액 순 500g,82,,Expecting value: line 2 column 512 (char 512)
동원참치액 순 500g|83,동원참치액 순 500g,83,,Expecting value: line 2 column 512 (char 512)
동원참치액 순 500g|85,동원참치액 순 500g,85,,Expecting value: line 2 column 512 (char 512)
동원참치액 순 500g|84,동원참치액 순 500g,84,,Expecting value: line 2 column 512 (char 512)
동원참치액 순 500g|86,동원참치액 순 500g,86,,Expecting value: line 2 column 512 (char 512)
동원참치액 순 500g|87,동원참치액 순 500g,87,,Expecting value: line 2 column 512 (char 512)
동원참치액 순 500g|88,동원참치액 순 500g,88,,Expecting value: line 2 column 512 (char 512)
동원참치액 순 500g|89,동원참치액 순 500g,89,,Expecting value: line 2 column 512 (char 512)
동원참치액 순 500g|91,동원참치액 순 500g,91,,Expecting value: line 2 column 512 (char 512)
동원참치액 순 500g|92,동원참치액 순 500g,92,,Expecting value: line 2 column 512 (char 512)
동원참치액 순 500g|94,동원참치액 순 500g,94,"{""product_name"": ""동원참치액 순 500g"", ""persona_key"": 94, ""purchase_behavior_prediction"": {""purchase_probability_pct"": 75, ""reason"": ""이 페르소나는 HMR(가정간편식) 선호도가 높고, 요리하는 1인 가구 및 2세대 가족을 대상으로 하는 제품에 적합합니다. '동원참치액 순'은 시원하고 깔끔한 감칠맛을 제공하며, 높은 만족도를 자랑합니다. 또한, 이 소비자는 편리성을 중시하면서도 새로운 맛을 시도하는 데 적극적이기 때문에, 이 제품의 특성이 매력적으로 다가올 것입니다. 가격은 5,980원으로, 경쟁 제품의 가격대(1,366원 ~ 2,996원)보다 상대적으로 높은 편이지만, 이 소비자는 가격에 민감하기보다는 효율성과 맛을 중시하므로 구매를 고려할 가능성이 높습니다."", ""monthly_purchase_frequency"": 2}}",
동원참치액 순 500g|90,동원참치액 순 500g,90,,Expecting value: line 2 column 512 (char 512)
동원참치액 순 500g|93,동원참치액 순 500g,93,,Expecting value: line 2 column 512 (char 512)
동원참치액 순 500g|95,동원참치액 순 500g,95,,Expecting value: line 2 column 512 (char 512)
동원참치액 순 500g|96,동원참치액 순 500g,96,,Expecting value: line 2 column 512 (char 512)
동원참치액 순 500g|97,동원참치액 순 500g,97,,Expecting value: line 2 column 512 (char 512)
동원참치액 순 500g|98,동원참치액 순 500g,98,,Expecting value: line 2 column 512 (char 512)
동원참치액 순 500g|99,동원참치액 순 500g,99,,Expecting value: line 2 column 512 (char 512)
동원참치액 순 500g|100,동원참치액 순 500g,100,,Expecting value: line 2 column 512 (char 512)
동원참치액 순 500g|105,동원참치액 순 500g,105,"{""product_name"": ""동원참치액 순 500g"", ""persona_key"": 105, ""purchase_behavior_prediction"": {""purchase_probability_pct"": 75, ""reason"": ""이 페르소나는 '건강 추구형 소비자'로, HMR(가정간편식) 선호도가 높고, 건강과 편리성을 중시합니다. 동원참치액은 시원하고 깔끔한 감칠맛을 제공하며, 요리하는 1인 가구와 2세대 가족을 타겟으로 하여 이 소비자의 요구에 부합합니다. 가격이 5,980원으로 경쟁 제품의 가격대(1,366원 ~ 2,996원)보다 다소 높은 편이지만, 프리미엄 제품에 대한 수용성이 높아 구매를 고려할 가능성이 큽니다. 또한, 광고/프로모션이 SNS 바이럴로 진행되므로, 소비자의 관심을 끌기에 적합합니다."", ""monthly_purchase_frequency"": 2}}",
동원참치액 순 500g|103,동원참치액 순 500g,103,,Expecting value: line 2 column 512 (char 512)
동원참치액 순 500g|102,동원참치액 순 500g,102,,Expecting value: line 2 column 512 (char 512)
동원참치액 순 500g|101,동원참치액 순 500g,101,,Expecting value: line 2 column 512 (char 512)
동원참치액 순 500g|104,동원참치액 순 500g,104,,Expecting value: line 2 column 512 (char 512)
동원참치액 순 500g|106,동원참치액 순 500g,106,,Expecting value: line 2 column 512 (char 512)
동원참치액 순 500g|107,동원참치액 순 500g,107,,Expecting value: line 2 column 512 (char 512)
동원참치액 순 500g|111,동원참치액 순 500g,111,"{""product_name"": ""동원참치액 순 500g"", ""persona_key"": 111, ""purchase_behavior_prediction"": {""purchase_probability_pct"": 85, ""reason"": ""이 페르소나는 건강 지향성이 매우 높은 소비자로, 건강과 편리성을 모두 만족시키는 제품에 기꺼이 지갑을 엽니다. 동원참치액은 시원하고 깔끔한 감칠맛을 제공하며, 조미료로서 요리의 편리함을 더해줍니다. 가격이 5,980원으로 경쟁 제품의 가격대(1,366원 ~ 2,996원)보다 상대적으로 높은 편이지만, 건강을 최우선으로 고려하는 이 소비자는 가격보다는 품질과 건강에 더 중점을 두기 때문에 구매할 가능성이 높습니다. 또한, 광고 및 프로모션이 SNS를 통해 진행될 예정이므로, 이 소비자가 제품에 대한 인지도를 높일 수 있는 기회가 될 것입니다."", ""monthly_purchase_frequency"": 2}}",
동원참치액 순 500g|108,동원참치액 순 500g,108,,Expecting value: line 2 column 512 (char 512)
동원참치액 순 500g|109,동원참치액 순 500g,109,,Expecting value: line 2 column 512 (char 512)
동원참치액 순 500g|110,동원참치액 순 500g,110,,Expecting value: line 2 column 512 (char 512)
동원참치액 순 500g|112,동원참치액 순 500g,112,,Expecting value: line 2 column 512 (char 512)
동원참치액 순 500g|113,동원참치액 순 500g,113,,Expecting value: line 2 column 512 (char 512)
동원참치액 순 500g|116,동원참치액 순 500g,116,,Expecting value: line 2 column 512 (char 512)
동원참치액 순 500g|118,동원참치액 순 500g,118,,Expecting value: line 2 column 512 (char 512)
동원참치액 순 500g|114,동원참치액 순 500g,114,,Expecting value: line 2 column 512 (char 512)
동원참치액 순 500g|117,동원참치액 순 500g,117,,Expecting value: line 2 column 512 (char 512)
동원참치액 순 500g|115,동원참치액 순 500g,115,,Expecting value: line 2 column 512 (char 512)
동원참치액 순 500g|119,동원참치액 순 500g,119,,Expecting value: line 2 column 512 (char 512)
동원참치액 순 500g|120,동원참치액 순 500g,120,,Expecting value: line 2 column 512 (char 512)
동원참치액 순 500g|122,동원참치액 순 500g,122,,Expecting value: line 2 column 512 (char 512)
동원참치액 순 500g|121,동원참치액 순 500g,121,,Expecting value: line 2 column 512 (char 512)
동원참치액 순 500g|123,동원참치액 순 500g,123,,Expecting value: line 2 column 512 (char 512)
동원참치액 순 500g|124,동원참치액 순 500g,124,,Expecting value: line 2 column 512 (char 512)
동원참치액 순 500g|125,동원참치액 순 500g,125,,Expecting value: line 2 column 512 (char 512)
동원참치액 순 500g|129,동원참치액 순 500g,129,"{""product_name"": ""동원참치액 순 500g"", ""persona_key"": 129, ""purchase_behavior_prediction"": {""purchase_probability_pct"": 75, ""reason"": ""이 페르소나는 HMR(가정간편식) 선호도가 높고, 트렌드 주도형 소비자로서 새로운 제품을 경험하고 공유하는 것을 중시합니다. 동원참치액은 요리하는 1인 가구와 2세대 가족을 타겟으로 하여, 시원하고 깔끔한 감칠맛과 높은 만족도를 제공하는 제품입니다. 또한, 가격이 5,980원으로 경쟁 제품의 가격 범위(1,366원 ~ 2,996원)보다 상대적으로 높은 편이지만, 페르소나의 프리미엄 지향성과 브랜드 충성도가 높아 가격에 대한 민감도가 낮습니다. 따라서, 이 소비자는 제품의 품질과 브랜드를 중시하여 구매할 가능성이 높습니다."", ""monthly_purchase_frequency"": 2}}",
동원참치액 순 500g|126,동원참치액 순 500g,126,,Expecting value: line 2 column 512 (char 512)
동원참치액 순 500g|127,동원참치액 순 500g,127,,Expecting value: line 2 column 512 (char 512)
동원참치액 순 500g|128,동원참치액 순 500g,128,,Expecting value: line 2 column 512 (char 512)
동원참치액 순 500g|130,동원참치액 순 500g,130,,Expecting value: line 2 column 512 (char 512)
동원참치액 순 500g|131,동원참치액 순 500g,131,,Expecting value: line 2 column 512 (char 512)
동원참치액 순 500g|132,동원참치액 순 500g,132,,Expecting value: line 2 column 512 (char 512)
동원참치액 순 500g|134,동원참치액 순 500g,134,,Expecting value: line 2 column 512 (char 512)
동원참치액 순 500g|133,동원참치액 순 500g,133,,Expecting value: line 2 column 512 (char 512)
동원참치액 순 500g|135,동원참치액 순 500g,135,,Expecting value: line 2 column 512 (char 512)
동원참치액 순 500g|136,동원참치액 순 500g,136,,Expecting value: line 2 column 512 (char 512)
동원참치액 순 500g|138,동원참치액 순 500g,138,,Expecting value: line 2 column 512 (char 512)
동원참치액 순 500g|137,동원참치액 순 500g,137,,Expecting value: line 2 column 512 (char 512)
동원참치액 순 500g|140,동원참치액 순 500g,140,,Expecting value: line 2 column 512 (char 512)
동원참치액 순 500g|139,동원참치액 순 500g,139,,Expecting value: line 2 column 512 (char 512)
동원참치액 순 500g|141,동원참치액 순 500g,141,,Expecting value: line 2 column 512 (char 512)
동원참치액 순 500g|143,동원참치액 순 500g,143,,Expecting value: line 2 column 512 (char 512)
동원참치액 순 500g|142,동원참치액 순 500g,142,,Expecting value: line 2 column 512 (char 512)
동원참치액 순 500g|145,동원참치액 순 500g,145,,Expecting value: line 2 column 512 (char 512)
동원참치액 순 500g|144,동원참치액 순 500g,144,,Expecting value: line 2 column 512 (char 512)
동원참치액 순 500g|147,동원참치액 순 500g,147,,Expecting value: line 2 column 512 (char 512)
동원참치액 순 500g|146,동원참치액 순 500g,146,,Expecting value: line 2 column 512 (char 512)
동원참치액 순 500g|150,동원참치액 순 500g,150,"{""product_name"": ""동원참치액 순 500g"", ""persona_key"": 150, ""purchase_behavior_prediction"": {""purchase_probability_pct"": 75, ""reason"": ""이 페르소나는 '실속형 미식가'로, HMR(가정간편식) 선호도가 높고 요리의 편리성을 중시합니다. 동원참치액은 시원하고 깔끔한 감칠맛을 제공하며, 1인 가구와 1세대 가족을 타겟으로 하여 이 소비자에게 적합한 제품입니다. 가격은 5,980원으로, 경쟁 제품의 가격대(1,366원 ~ 2,996원)보다 상대적으로 높은 편이지만, 이 소비자는 가격에 민감하기보다는 효율성과 맛을 중시하기 때문에 긍정적으로 받아들일 가능성이 높습니다. 또한, 광고/프로모션이 SNS 바이럴로 진행되어 소비자에게 노출될 기회가 많아 구매 확률을 높이는 요소로 작용할 것입니다."", ""monthly_purchase_frequency"": 2}}",
동원참치액 순 500g|148,동원참치액 순 500g,148,,Expecting value: line 2 column 512 (char 512)
동원참치액 순 500g|149,동원참치액 순 500g,149,,Expecting value: line 2 column 512 (char 512)
동원참치액 순 500g|151,동원참치액 순 500g,151,,Expecting value: line 2 column 512 (char 512)
동원참치액 순 500g|152,동원참치액 순 500g,152,,Expecting value: line 2 column 512 (char 512)
동원참치액 순 500g|153,동원참치액 순 500g,153,,Expecting value: line 2 column 512 (char 512)
동원참치액 순 500g|154,동원참치액 순 500g,154,,Expecting value: line 2 column 512 (char 512)
동원참치액 순 500g|155,동원참치액 순 500g,155,,Expecting value: line 2 column 512 (char 512)
동원참치액 순 500g|156,동원참치액 순 500g,156,,Expecting value: line 2 column 512 (char 512)
동원참치액 순 500g|159,동원참치액 순 500g,159,,Expecting value: line 2 column 512 (char 512)
동원참치액 순 500g|158,동원참치액 순 500g,158,,Expecting value: line 2 column 512 (char 512)
동원참치액 순 500g|162,동원참치액 순 500g,162,"{""product_name"": ""동원참치액 순 500g"", ""persona_key"": 162, ""purchase_behavior_prediction"": {""purchase_probability_pct"": 85, ""reason"": ""이 페르소나는 건강 지향성이 매우 높고, 가격이나 브랜드에 크게 구애받지 않으며 건강과 편리성을 모두 만족시키는 제품을 선호합니다. 동원참치액은 시원하고 깔끔한 감칠맛을 제공하며, 1인 가구와 1세대 가족을 대상으로 하여 요리에 편리함을 더해줍니다. 또한, 가격이 5,980원으로 경쟁 제품의 가격대(1,366원 ~ 2,996원)보다 다소 높은 편이지만, 건강을 중시하는 소비자에게는 프리미엄 제품으로 인식될 수 있습니다. 따라서 이 소비자는 제품의 건강적 가치와 편리함을 고려할 때 높은 구매 확률을 보일 것입니다."", ""monthly_purchase_frequency"": 2}}",
동원참치액 순 500g|157,동원참치액 순 500g,157,,Expecting value: line 2 column 512 (char 512)
동원참치액 순 500g|160,동원참치액 순 500g,160,,Expecting value: line 2 column 512 (char 512)
동원참치액 순 500g|161,동원참치액 순 500g,161,,Expecting value: line 2 column 512 (char 512)
동원참치액 순 500g|163,동원참치액 순 500g,163,,Expecting value: line 2 column 512 (char 512)
동원참치액 순 500g|165,동원참치액 순 500g,165,,Expecting value: line 2 column 512 (char 512)
동원참치액 순 500g|166,동원참치액 순 500g,166,,Expecting value: line 2 column 512 (char 512)
동원참치액 순 500g|164,동원참치액 순 500g,164,,Expecting value: line 2 column 512 (char 512)
동원참치액 순 500g|168,동원참치액 순 500g,168,,Expecting value: line 2 column 512 (char 512)
동원참치액 순 500g|167,동원참치액 순 500g,167,,Expecting value: line 2 column 512 (char 512)
동원참치액 순 500g|169,동원참치액 순 500g,169,,Expecting value: line 2 column 512 (char 512)
동원참치액 순 500g|170,동원참치액 순 500g,170,,Expecting value: line 2 column 512 (char 512)
동원참치액 순 500g|171,동원참치액 순 500g,171,,Expecting value: line 2 column 512 (char 512)
동원참치액 순 500g|172,동원참치액 순 500g,172,,Expecting value: line 2 column 512 (char 512)
동원참치액 순 500g|173,동원참치액 순 500g,173,,Expecting value: line 2 column 512 (char 512)
동원참치액 순 500g|174,동원참치액 순 500g,174,,Expecting value: line 2 column 512 (char 512)
동원참치액 순 500g|176,동원참치액 순 500g,176,"{""product_name"": ""동원참치액 순 500g"", ""persona_key"": 176, ""purchase_behavior_prediction"": {""purchase_probability_pct"": 85, ""reason"": ""이 페르소나는 HMR(가정식 대체식품) 선호도가 매우 높고, 요리하는 1인 가구 및 1세대 가족을 대상으로 하는 제품의 특성과 잘 맞아떨어집니다. 제품의 '시원하고 깔끔한 감칠맛'과 '높은 만족도'는 요리를 즐기는 주부에게 매력적이며, 특히 간편한 조리법을 선호하는 경향이 강한 이 소비자에게 긍정적인 요소로 작용할 것입니다. 또한, 가격이 5,980원으로 경쟁 제품의 가격대(1,366원 ~ 2,996원)보다 상대적으로 높은 편이지만, 브랜드 충성도가 높고 요리 편의성을 중시하는 소비자 특성 덕분에 가격에 대한 민감도가 낮아 구매 가능성이 높습니다."", ""monthly_purchase_frequency"": 2}}",
동원참치액 순 500g|175,동원참치액 순 500g,175,,Expecting value: line 2 column 512 (char 512)
동원참치액 순 500g|177,동원참치액 순 500g,177,,Expecting value: line 2 column 512 (char 512)
동원참치액 순 500g|178,동원참치액 순 500g,178,,Expecting value: line 2 column 512 (char 512)
동원참치액 순 500g|179,동원참치액 순 500g,179,,Expecting value: line 2 column 512 (char 512)
동원참치액 순 500g|181,동원참치액 순 500g,181,,Expecting value: line 2 column 512 (char 512)
동원참치액 순 500g|180,동원참치액 순 500g,180,,Expecting value: line 2 column 512 (char 512)
동원참치액 순 500g|184,동원참치액 순 500g,184,"{""product_name"": ""동원참치액 순 500g"", ""persona_key"": 184, ""purchase_behavior_prediction"": {""purchase_probability_pct"": 75, ""reason"": ""이 페르소나는 HMR(가정식 대체식품)에 대한 높은 선호도를 가지고 있으며, 이는 요리하는 1인 가구로서의 필요와 잘 맞아떨어집니다. 제품의 시원하고 깔끔한 감칠맛과 높은 만족도는 그녀의 요리 편의성을 높여줄 것으로 기대됩니다. 또한, 가격이 5,980원으로 경쟁 제품의 가격대(1,366원 ~ 2,996원)보다 상대적으로 높은 편이지만, 브랜드 충성도가 중간 이상인 점과 프리미엄 제품에 대한 수용성이 높아 긍정적으로 작용할 것입니다. 따라서, 이 소비자는 제품의 품질과 브랜드 가치를 중시하여 구매할 가능성이 높습니다."", ""monthly_purchase_frequency"": 2}}",
동원참치액 순 500g|182,동원참치액 순 500g,182,,Expecting value: line 2 column 512 (char 512)
동원참치액 순 500g|186,동원참치액 순 500g,186,,Expecting value: line 2 column 512 (char 512)
동원참치액 순 500g|183,동원참치액 순 500g,183,,Expecting value: line 2 column 512 (char 512)
동원참치액 순 500g|185,동원참치액 순 500g,185,,Expecting value: line 2 column 512 (char 512)
동원참치액 순 500g|187,동원참치액 순 500g,187,,Expecting value: line 2 column 512 (char 512)
동원참치액 순 500g|191,동원참치액 순 500g,191,,Expecting value: line 2 column 512 (char 512)
동원참치액 순 500g|189,동원참치액 순 500g,189,,Expecting value: line 2 column 512 (char 512)
동원참치액 순 500g|192,동원참치액 순 500g,192,"{""product_name"": ""동원참치액 순 500g"", ""persona_key"": 192, ""purchase_behavior_prediction"": {""purchase_probability_pct"": 75, ""reason"": ""이 페르소나는 '실속형 미식가'로, 편리성과 맛을 동시에 중시하는 소비자입니다. HMR 선호도가 높아, 조리의 간편함과 맛을 중요하게 생각합니다. 동원참치액은 시원하고 깔끔한 감칠맛을 제공하며, 요리하는 1인 가구와 2세대 가족을 타겟으로 하여 이 소비자에게 적합합니다. 또한, 가격이 5,980원으로 경쟁 제품의 가격 범위(1,366원 ~ 2,996원)보다 상대적으로 높은 편이지만, 가격에 대한 민감도가 낮고 효율성을 중시하는 이 페르소나에게는 긍정적으로 작용할 것입니다. 따라서, 이 제품의 구매 확률은 75%로 예측됩니다."", ""monthly_purchase_frequency"": 2}}",
동원참치액 순 500g|195,동원참치액 순 500g,195,"{""product_name"": ""동원참치액 순 500g"", ""persona_key"": 195, ""purchase_behavior_prediction"": {""purchase_probability_pct"": 75, ""reason"": ""이 페르소나는 '실속형 미식가'로, 다양한 맛을 추구하며 편리한 요리를 선호합니다. '동원참치액'은 시원하고 깔끔한 감칠맛을 제공하여 새로운 맛을 경험할 수 있는 기회를 제공합니다. 또한, 가격이 5,980원으로 경쟁 제품의 가격 범위(1,366원 ~ 2,996원)보다 상대적으로 높은 편이지만, 이 소비자는 가격보다 효율성과 맛을 중시하기 때문에 긍정적인 반응을 보일 것입니다. 특히, '다양성 추구' 속성이 강한 만큼, 새로운 조미료를 시도하는 데 적극적일 것입니다."", ""monthly_purchase_frequency"": 2}}",
동원참치액 순 500g|188,동원참치액 순 500g,188,,Expecting value: line 2 column 512 (char 512)
동원참치액 순 500g|190,동원참치액 순 500g,190,,Expecting value: line 2 column 512 (char 512)
동원참치액 순 500g|193,동원참치액 순 500g,193,,Expecting value: line 2 column 512 (char 512)
동원참치액 순 500g|194,동원참치액 순 500g,194,,Expecting value: line 2 column 512 (char 512)
동원참치액 순 500g|196,동원참치액 순 500g,196,,Expecting value: line 2 column 512 (char 512)
동원참치액 순 500g|200,동원참치액 순 500g,200,"{""product_name"": ""동원참치액 순 500g"", ""persona_key"": 200, ""purchase_behavior_prediction"": {""purchase_probability_pct"": 75, ""reason"": ""이 페르소나는 '실속형 미식가'로, HMR(가정간편식) 선호도가 매우 높습니다(0.843). 이는 편리함과 맛을 동시에 중시하는 소비자 특성을 반영합니다. 동원참치액은 시원하고 깔끔한 감칠맛을 제공하며, 요리하는 1인 가구와 2세대 가족을 타겟으로 하고 있어 이 소비자에게 매력적입니다. 가격은 5,980원으로, 경쟁 제품의 가격 범위(1,366원 ~ 2,996원)와 비교했을 때 상대적으로 높은 편이지만, HMR 선호도가 높은 소비자는 가격보다는 품질과 편리함을 중시하기 때문에 긍정적인 반응을 보일 것입니다. 또한, 광고/프로모션이 SNS 바이럴로 진행되어 소비자의 관심을 끌 가능성이 높습니다."", ""monthly_purchase_frequency"": 2}}",
동원참치액 순 500g|199,동원참치액 순 500g,199,,Expecting value: line 2 column 512 (char 512)
동원참치액 순 500g|197,동원참치액 순 500g,197,,Expecting value: line 2 column 512 (char 512)
동원참치액 순 500g|198,동원참치액 순 500g,198,,Expecting value: line 2 column 512 (char 512)
동원참치액 순 500g|203,동원참치액 순 500g,203,"{""product_name"": ""동원참치액 순 500g"", ""persona_key"": 203, ""purchase_behavior_prediction"": {""purchase_probability_pct"": 75, ""reason"": ""이 페르소나는 '실속형 미식가'로, 편리성과 새로운 맛을 중시하는 소비자입니다. HMR 선호도가 높아 조리 편의성을 중요시하며, 동원참치액의 시원하고 깔끔한 감칠맛은 요리에 적합하여 매력적입니다. 가격이 5,980원으로, 경쟁 제품의 가격대(1,366원 ~ 2,996원)보다 높은 편이지만, 이 소비자는 가격보다 효율성과 맛을 중시하므로 긍정적으로 받아들일 가능성이 큽니다. 따라서, 이 제품은 그녀의 요리 스타일과 잘 맞아 구매 확률이 높습니다."", ""monthly_purchase_frequency"": 2}}",
동원참치액 순 500g|201,동원참치액 순 500g,201,,Expecting value: line 2 column 512 (char 512)
동원참치액 순 500g|204,동원참치액 순 500g,204,,Expecting value: line 2 column 512 (char 512)
동원참치액 순 500g|207,동원참치액 순 500g,207,"{""product_name"": ""동원참치액 순 500g"", ""persona_key"": 207, ""purchase_behavior_prediction"": {""purchase_probability_pct"": 75, ""reason"": ""페르소나 '실속형 미식가'는 편리성과 맛을 중시하며, HMR(가정간편식) 선호도가 높습니다. 동원참치액은 시원하고 깔끔한 감칠맛을 제공하며, 요리하는 1인 가구와 2세대 가족을 대상으로 하여 이 소비자에게 적합합니다. 가격은 5,980원으로, 경쟁 제품의 가격 범위(1,366원 ~ 2,996원)에 비해 상대적으로 높은 편이지만, 이 소비자는 가격에 민감하기보다는 효율성과 맛을 중시하므로 구매를 고려할 가능성이 높습니다. 또한, 광고 및 프로모션이 예정되어 있어 소비자의 인지도를 높일 수 있는 기회가 있습니다."", ""monthly_purchase_frequency"": 2}}",
동원참치액 순 500g|205,동원참치액 순 500g,205,,Expecting value: line 2 column 512 (char 512)
동원참치액 순 500g|202,동원참치액 순 500g,202,,Expecting value: line 2 column 512 (char 512)
동원참치액 순 500g|206,동원참치액 순 500g,206,,Expecting value: line 2 column 512 (char 512)
동원참치액 순 500g|208,동원참치액 순 500g,208,,Expecting value: line 2 column 512 (char 512)
동원참치액 순 500g|211,동원참치액 순 500g,211,,Expecting value: line 2 column 512 (char 512)
동원참치액 순 500g|213,동원참치액 순 500g,213,"{""product_name"": ""동원참치액 순 500g"", ""persona_key"": 213, ""purchase_behavior_prediction"": {""purchase_probability_pct"": 75, ""reason"": ""이 페르소나는 HMR(가정간편식) 선호도가 매우 높고, 건강을 최우선으로 고려하는 소비자입니다. '동원참치액'은 시원하고 깔끔한 감칠맛을 제공하며, 요리하는 1인 가구와 2세대 가족을 대상으로 하여 편리함과 건강을 동시에 만족시킬 수 있는 제품입니다. 가격은 5,980원으로, 경쟁 제품의 가격대(1,366원 ~ 2,996원)와 비교했을 때 다소 높은 편이지만, 이 소비자는 브랜드 충성도가 높고 건강 지향적이기 때문에 프리미엄 제품에 대한 지출을 기꺼이 할 가능성이 높습니다. 따라서, 이 소비자는 제품의 품질과 건강성을 중시하여 구매할 확률이 높습니다."", ""monthly_purchase_frequency"": 2}}",
동원참치액 순 500g|210,동원참치액 순 500g,210,"{""product_name"": ""동원참치액 순 500g"", ""persona_key"": 210, ""purchase_behavior_prediction"": {""purchase_probability_pct"": 75, ""reason"": ""페르소나는 '실속형 미식가'로, 편리성과 새로운 맛을 중시하며 가격에 대한 민감도가 낮습니다. 'HMR 선호도'가 높아 조리 편의성을 중시하는 이 소비자는 동원참치액의 시원하고 깔끔한 감칠맛과 높은 만족도를 긍정적으로 평가할 것입니다. 또한, 제품의 가격이 경쟁 제품에 비해 합리적인 수준(5,980원)으로, 100g당 가격이 1,196원으로 계산되며, 이는 경쟁 제품의 가격 범위(1,366원 ~ 2,996원)보다 낮아 가격 경쟁력도 갖추고 있습니다. 이러한 요소들이 결합되어 구매 확률이 높다고 판단됩니다."", ""monthly_purchase_frequency"": 2}}",
동원참치액 순 500g|209,동원참치액 순 500g,209,,Expecting value: line 2 column 512 (char 512)
동원참치액 순 500g|214,동원참치액 순 500g,214,,Expecting value: line 2 column 512 (char 512)
동원참치액 순 500g|212,동원참치액 순 500g,212,,Expecting value: line 2 column 512 (char 512)
동원참치액 순 500g|215,동원참치액 순 500g,215,"{""product_name"": ""동원참치액 순 500g"", ""persona_key"": 215, ""purchase_behavior_prediction"": {""purchase_probability_pct"": 85, ""reason"": ""이 페르소나는 '건강 추구형 소비자'로, HMR(가정간편식) 선호도가 매우 높습니다. 이는 그들이 건강과 편리성을 중시하며, 가격이나 브랜드에 크게 구애받지 않고 지갑을 열 준비가 되어 있음을 나타냅니다. 동원참치액은 시원하고 깔끔한 감칠맛을 제공하며, 요리하는 1인 가구와 1세대 가족을 타겟으로 하고 있어 이 소비자에게 매력적입니다. 또한, 가격이 5,980원으로 경쟁 제품의 가격 범위(1,366원 ~ 2,996원)보다 상대적으로 비쌀 수 있지만, 건강과 편리성을 중시하는 이 소비자에게는 그 가치가 충분히 인정받을 가능성이 높습니다. 따라서, 이 소비자는 제품의 품질과 건강 지향성을 고려할 때 높은 구매 확률을 보일 것입니다."", ""monthly_purchase_frequency"": 2}}",
동원참치액 순 500g|218,동원참치액 순 500g,218,"{""product_name"": ""동원참치액 순 500g"", ""persona_key"": 218, ""purchase_behavior_prediction"": {""purchase_probability_pct"": 85, ""reason"": ""이 소비자는 건강 추구형 소비자로, HMR(가정 간편식) 선호도가 매우 높습니다. 동원참치액은 조미료로서 요리에 편리하게 사용될 수 있으며, '시원하고 깔끔한 감칠맛'과 '높은 만족도'는 건강과 편리성을 중시하는 이 소비자에게 매력적입니다. 또한, 가격이 5,980원으로 경쟁 제품의 가격대(1,366원 ~ 2,996원)보다 상대적으로 높은 편이지만, 이 소비자는 가격에 크게 구애받지 않고 건강을 우선시하기 때문에 구매 의사가 높습니다. 따라서, 이 소비자는 동원참치액을 자주 구매할 가능성이 높습니다."", ""monthly_purchase_frequency"": 2}}",
동원참치액 순 500g|216,동원참치액 순 500g,216,,Expecting value: line 2 column 512 (char 512)
동원참치액 순 500g|219,동원참치액 순 500g,219,,Expecting value: line 2 column 512 (char 512)
동원참치액 순 500g|222,동원참치액 순 500g,222,"{""product_name"": ""동원참치액 순 500g"", ""persona_key"": 222, ""purchase_behavior_prediction"": {""purchase_probability_pct"": 85, ""reason"": ""이 페르소나는 건강을 최우선으로 고려하는 소비자로, HMR(가정간편식) 선호도가 높습니다. 동원참치액은 시원하고 깔끔한 감칠맛을 제공하며, 요리하는 1인 가구와 2세대 가족을 타겟으로 하고 있어 이 소비자에게 매력적입니다. 가격은 5,980원으로, 경쟁 제품의 가격대(1,366원 ~ 2,996원)와 비교했을 때 다소 높은 편이지만, 프리미엄 제품에 대한 수용도가 높아 가격에 대한 민감도가 낮습니다. 또한, 광고와 프로모션이 예정되어 있어 소비자의 관심을 끌 가능성이 높습니다."", ""monthly_purchase_frequency"": 2}}",
동원참치액 순 500g|220,동원참치액 순 500g,220,,Expecting value: line 2 column 512 (char 512)
동원참치액 순 500g|217,동원참치액 순 500g,217,,Expecting value: line 2 column 512 (char 512)
동원참치액 순 500g|221,동원참치액 순 500g,221,,Expecting value: line 2 column 512 (char 512)
동원참치액 순 500g|223,동원참치액 순 500g,223,,Expecting value: line 2 column 512 (char 512)
동원참치액 순 500g|227,동원참치액 순 500g,227,,Expecting value: line 2 column 512 (char 512)
동원참치액 순 500g|226,동원참치액 순 500g,226,,Expecting value: line 2 column 512 (char 512)
동원참치액 순 500g|228,동원참치액 순 500g,228,,Expecting value: line 2 column 512 (char 512)
동원참치액 순 500g|225,동원참치액 순 500g,225,,Expecting value: line 2 column 512 (char 512)
동원참치액 순 500g|224,동원참치액 순 500g,224,,Expecting value: line 2 column 512 (char 512)
동원참치액 순 500g|229,동원참치액 순 500g,229,"{""product_name"": ""동원참치액 순 500g"", ""persona_key"": 229, ""purchase_behavior_prediction"": {""purchase_probability_pct"": 85, ""reason"": ""이 페르소나는 건강을 최우선으로 고려하는 소비자로, HMR(가정간편식) 선호도가 높습니다. 동원참치액은 시원하고 깔끔한 감칠맛을 제공하며, 요리하는 1인 가구와 2세대 가족을 타겟으로 하여 편리함과 건강을 동시에 만족시킬 수 있습니다. 또한, 가격이 5,980원으로 경쟁 제품의 가격 범위(1,366원 ~ 2,996원)보다 상대적으로 높은 편이지만, 프리미엄 제품에 대한 수용도가 높기 때문에 가격에 대한 민감도가 낮습니다. 따라서 이 소비자는 제품의 품질과 건강적 요소를 중시하여 구매할 가능성이 높습니다."", ""monthly_purchase_frequency"": 2}}",
동원참치액 순 500g|231,동원참치액 순 500g,231,,Expecting value: line 2 column 512 (char 512)
동원참치액 순 500g|232,동원참치액 순 500g,232,,Expecting value: line 2 column 512 (char 512)
동원참치액 순 500g|230,동원참치액 순 500g,230,,Expecting value: line 2 column 512 (char 512)
동원참치액 순 500g|234,동원참치액 순 500g,234,,Expecting value: line 2 column 512 (char 512)
동원참치액 순 500g|235,동원참치액 순 500g,235,,Expecting value: line 2 column 512 (char 512)
동원참치액 순 500g|233,동원참치액 순 500g,233,,Expecting value: line 2 column 512 (char 512)
동원참치액 순 500g|238,동원참치액 순 500g,238,,Expecting value: line 2 column 512 (char 512)
동원참치액 순 500g|236,동원참치액 순 500g,236,,Expecting value: line 2 column 512 (char 512)
동원참치액 순 500g|237,동원참치액 순 500g,237,,Expecting value: line 2 column 512 (char 512)
동원참치액 순 500g|239,동원참치액 순 500g,239,,Expecting value: line 2 column 512 (char 512)
동원참치액 순 500g|240,동원참치액 순 500g,240,,Expecting value: line 2 column 512 (char 512)
동원참치액 순 500g|241,동원참치액 순 500g,241,,Expecting value: line 2 column 512 (char 512)
동원참치액 순 500g|242,동원참치액 순 500g,242,,Expecting value: line 2 column 512 (char 512)
동원참치액 순 500g|245,동원참치액 순 500g,245,,Expecting value: line 2 column 512 (char 512)
동원참치액 순 500g|243,동원참치액 순 500g,243,,Expecting value: line 2 column 512 (char 512)
동원참치액 순 500g|244,동원참치액 순 500g,244,,Expecting value: line 2 column 512 (char 512)
동원참치액 순 500g|246,동원참치액 순 500g,246,,Expecting value: line 2 column 512 (char 512)
동원참치액 순 500g|247,동원참치액 순 500g,247,,Expecting value: line 2 column 512 (char 512)
동원참치액 순 500g|248,동원참치액 순 500g,248,,Expecting value: line 2 column 512 (char 512)
동원참치액 순 500g|250,동원참치액 순 500g,250,,Expecting value: line 2 column 512 (char 512)
동원참치액 순 500g|251,동원참치액 순 500g,251,,Expecting value: line 2 column 512 (char 512)
동원참치액 순 500g|249,동원참치액 순 500g,249,,Expecting value: line 2 column 512 (char 512)
동원참치액 순 500g|252,동원참치액 순 500g,252,,Expecting value: line 2 column 512 (char 512)
동원참치액 순 500g|253,동원참치액 순 500g,253,,Expecting value: line 2 column 512 (char 512)
동원참치액 순 500g|254,동원참치액 순 500g,254,,Expecting value: line 2 column 512 (char 512)
동원참치액 순 500g|259,동원참치액 순 500g,259,"{""product_name"": ""동원참치액 순 500g"", ""persona_key"": 259, ""purchase_behavior_prediction"": {""purchase_probability_pct"": 75, ""reason"": ""이 페르소나는 '실속형 미식가'로, 편리성과 맛을 중시하며 새로운 제품을 시도하는 데 적극적입니다. 'HMR 선호도'가 높아 조리 편의성을 중요시하며, 동원참치액은 시원하고 깔끔한 감칠맛을 제공하여 요리에 쉽게 활용할 수 있습니다. 또한, 가격이 5,980원으로 경쟁 제품의 가격대(1,366원 ~ 2,996원)보다 상대적으로 높은 편이지만, 이 소비자는 가격에 민감하기보다는 효율성과 맛을 중시하므로 긍정적으로 받아들일 가능성이 큽니다. 따라서 이 제품은 그의 요리 스타일과 잘 맞아떨어지며, 구매 확률이 높습니다."", ""monthly_purchase_frequency"": 2}}",
동원참치액 순 500g|258,동원참치액 순 500g,258,,Expecting value: line 2 column 512 (char 512)
동원참치액 순 500g|256,동원참치액 순 500g,256,,Expecting value: line 2 column 512 (char 512)
동원참치액 순 500g|255,동원참치액 순 500g,255,,Expecting value: line 2 column 512 (char 512)
동원참치액 순 500g|261,동원참치액 순 500g,261,"{""product_name"": ""동원참치액 순 500g"", ""persona_key"": 261, ""purchase_behavior_prediction"": {""purchase_probability_pct"": 75, ""reason"": ""이 페르소나는 '실속형 미식가'로, 편리성과 맛을 동시에 중시하며 HMR(가정간편식) 선호도가 높습니다. 동원참치액은 시원하고 깔끔한 감칠맛을 제공하며, 요리하는 1인 가구와 1세대 가족을 타겟으로 하고 있어 이 소비자에게 적합합니다. 가격은 5,980원으로, 경쟁 제품의 가격대(1,366원 ~ 2,996원)보다 다소 높은 편이지만, 이 소비자는 가격보다는 효율성과 맛을 중시하기 때문에 긍정적으로 받아들일 가능성이 높습니다. 또한, 광고/프로모션이 SNS를 통해 진행될 예정이므로, 소비자에게 노출될 기회가 많아 구매 확률이 높아질 것입니다."", ""monthly_purchase_frequency"": 2}}",
동원참치액 순 500g|257,동원참치액 순 500g,257,,Expecting value: line 2 column 512 (char 512)
동원참치액 순 500g|266,동원참치액 순 500g,266,"{""product_name"": ""동원참치액 순 500g"", ""persona_key"": 266, ""purchase_behavior_prediction"": {""purchase_probability_pct"": 75, ""reason"": ""이 페르소나는 '실속형 미식가'로, 편리성과 맛을 동시에 중시합니다. HMR 선호도가 높아 조리 편의성을 중요하게 생각하며, 동원참치액의 시원하고 깔끔한 감칠맛은 요리에 적합합니다. 가격은 5,980원으로, 경쟁 제품의 가격대(1,366원 ~ 2,996원)보다 상대적으로 높은 편이지만, 이 소비자는 가격보다는 효율성과 맛을 중시하므로 긍정적으로 받아들일 가능성이 높습니다. 또한, 1세대 가족으로서 요리하는 빈도가 높아 월평균 구매 빈도가 증가할 것으로 예상됩니다."", ""monthly_purchase_frequency"": 2}}",
동원참치액 순 500g|260,동원참치액 순 500g,260,,Expecting value: line 2 column 512 (char 512)
동원참치액 순 500g|263,동원참치액 순 500g,263,,Expecting value: line 2 column 512 (char 512)
동원참치액 순 500g|262,동원참치액 순 500g,262,,Expecting value: line 2 column 512 (char 512)
동원참치액 순 500g|265,동원참치액 순 500g,265,,Expecting value: line 2 column 512 (char 512)
동원참치액 순 500g|264,동원참치액 순 500g,264,,Expecting value: line 2 column 512 (char 512)
동원참치액 순 500g|268,동원참치액 순 500g,268,,Expecting value: line 2 column 512 (char 512)
동원참치액 순 500g|267,동원참치액 순 500g,267,,Expecting value: line 2 column 512 (char 512)
동원참치액 순 500g|269,동원참치액 순 500g,269,,Expecting value: line 2 column 512 (char 512)
동원참치액 순 500g|270,동원참치액 순 500g,270,,Expecting value: line 2 column 512 (char 512)
동원참치액 순 500g|274,동원참치액 순 500g,274,"{""product_name"": ""동원참치액 순 500g"", ""persona_key"": 274, ""purchase_behavior_prediction"": {""purchase_probability_pct"": 85, ""reason"": ""이 페르소나는 '요리 편리성'을 가장 중요하게 생각하는 소비자로, 1세대 가족으로서 간편하게 요리할 수 있는 제품을 선호합니다. 동원참치액은 시원하고 깔끔한 감칠맛을 제공하며, 높은 만족도를 자랑하여 요리의 편리함을 더해줄 것입니다. 또한, 가격이 5,980원으로 경쟁 제품의 가격 범위(1,366원 ~ 2,996원)보다 상대적으로 높은 편이지만, 이 소비자는 가격보다 효율성과 맛을 중시하기 때문에 긍정적으로 받아들일 가능성이 높습니다. 따라서, 이 제품은 페르소나에게 매력적일 것으로 예상됩니다."", ""monthly_purchase_frequency"": 2}}",
동원참치액 순 500g|271,동원참치액 순 500g,271,,Expecting value: line 2 column 512 (char 512)
동원참치액 순 500g|273,동원참치액 순 500g,273,"{""product_name"": ""동원참치액 순 500g"", ""persona_key"": 273, ""purchase_behavior_prediction"": {""purchase_probability_pct"": 75, ""reason"": ""페르소나는 '실속형 미식가'로, 편리성과 맛을 동시에 중시하는 소비자입니다. HMR 선호도가 높아 조리 편의성을 중요시하며, 동원참치액은 시원하고 깔끔한 감칠맛을 제공하여 요리에 적합합니다. 가격은 5,980원으로, 경쟁 제품의 가격대(1,366원 ~ 2,996원)보다 높은 편이지만, 페르소나의 가격 민감도가 낮고, 브랜드 충성도와 건강 지향성이 높아 품질을 중시할 가능성이 큽니다. 따라서 이 제품은 페르소나에게 매력적이며, 월 평균 구매 빈도는 2회로 예상됩니다."", ""monthly_purchase_frequency"": 2}}",
동원참치액 순 500g|272,동원참치액 순 500g,272,,Expecting value: line 2 column 512 (char 512)
동원참치액 순 500g|276,동원참치액 순 500g,276,"{""product_name"": ""동원참치액 순 500g"", ""persona_key"": 276, ""purchase_behavior_prediction"": {""purchase_probability_pct"": 85, ""reason"": ""이 페르소나는 건강을 최우선으로 고려하는 소비자로, HMR(가정간편식) 선호도가 매우 높습니다. 동원참치액은 시원하고 깔끔한 감칠맛과 높은 만족도를 제공하며, 요리하는 1인 가구와 1세대 가족을 타겟으로 하고 있어 이 소비자에게 적합합니다. 또한, 가격이 5,980원으로 경쟁 제품의 가격대(1,366원 ~ 2,996원)보다 상대적으로 높은 편이지만, 건강과 편리성을 중시하는 이 소비자는 가격에 크게 구애받지 않기 때문에 구매할 가능성이 높습니다. 광고와 프로모션이 SNS를 통해 진행될 예정이어서, 소비자의 구매 결정에 긍정적인 영향을 미칠 것입니다."", ""monthly_purchase_frequency"": 2}}",
동원참치액 순 500g|278,동원참치액 순 500g,278,"{""product_name"": ""동원참치액 순 500g"", ""persona_key"": 278, ""purchase_behavior_prediction"": {""purchase_probability_pct"": 85, ""reason"": ""이 페르소나는 '건강 추구형 소비자'로, 건강과 편리성을 중시하며 HMR(가정간편식) 선호도가 매우 높습니다. 동원참치액은 시원하고 깔끔한 감칠맛을 제공하며, 요리하는 1인 가구와 1세대 가족을 타겟으로 하여 이 소비자에게 적합합니다. 가격은 5,980원으로, 경쟁 제품의 가격대(1,366원 ~ 2,996원)보다 상대적으로 높은 편이지만, 건강과 편리성을 중시하는 이 소비자는 가격에 대한 민감도가 낮아 구매를 고려할 가능성이 높습니다. 또한, 광고 및 프로모션이 SNS를 통해 진행될 예정이므로, 소비자의 관심을 끌기에 유리할 것입니다."", ""monthly_purchase_frequency"": 2}}",
동원참치액 순 500g|280,동원참치액 순 500g,280,"{""product_name"": ""동원참치액 순 500g"", ""persona_key"": 280, ""purchase_behavior_prediction"": {""purchase_probability_pct"": 85, ""reason"": ""이 페르소나는 건강을 최우선으로 고려하는 소비자로, HMR(가정간편식) 선호도가 높습니다. '동원참치액 순'은 시원하고 깔끔한 감칠맛을 제공하며, 요리하는 1인 가구와 1세대 가족을 타겟으로 하고 있어 이 소비자의 요리 편리성과 건강 지향성을 충족시킵니다. 가격은 5,980원으로, 경쟁 제품의 가격 범위(1,366원 ~ 2,996원)와 비교했을 때 상대적으로 높은 편이지만, 이 소비자는 가격보다는 건강과 편리성을 중시하기 때문에 긍정적으로 받아들일 가능성이 높습니다. 또한, 광고와 프로모션이 SNS를 통해 진행되므로, 소비자의 관심을 끌 수 있는 요소가 많습니다."", ""monthly_purchase_frequency"": 2}}",
동원참치액 순 500g|275,동원참치액 순 500g,275,,Expecting value: line 2 column 512 (char 512)
동원참치액 순 500g|277,동원참치액 순 500g,277,,Expecting value: line 2 column 512 (char 512)
동원참치액 순 500g|279,동원참치액 순 500g,279,,Expecting value: line 2 column 512 (char 512)
동원참치액 순 500g|281,동원참치액 순 500g,281,,Expecting value: line 2 column 512 (char 512)
동원참치액 순 500g|284,동원참치액 순 500g,284,,Expecting value: line 2 column 512 (char 512)
동원참치액 순 500g|282,동원참치액 순 500g,282,,Expecting value: line 2 column 512 (char 512)
동원참치액 순 500g|283,동원참치액 순 500g,283,,Expecting value: line 2 column 512 (char 512)
동원참치액 순 500g|285,동원참치액 순 500g,285,,Expecting value: line 2 column 512 (char 512)
동원참치액 순 500g|286,동원참치액 순 500g,286,,Expecting value: line 2 column 512 (char 512)
동원참치액 순 500g|287,동원참치액 순 500g,287,,Expecting value: line 2 column 512 (char 512)
동원참치액 순 500g|288,동원참치액 순 500g,288,,Expecting value: line 2 column 512 (char 512)
동원참치액 순 500g|289,동원참치액 순 500g,289,,Expecting value: line 2 column 512 (char 512)
동원참치액 순 500g|290,동원참치액 순 500g,290,,Expecting value: line 2 column 512 (char 512)
동원참치액 순 500g|291,동원참치액 순 500g,291,,Expecting value: line 2 column 512 (char 512)
동원참치액 순 500g|293,동원참치액 순 500g,293,"{""product_name"": ""동원참치액 순 500g"", ""persona_key"": 293, ""purchase_behavior_prediction"": {""purchase_probability_pct"": 75, ""reason"": ""이 페르소나는 HMR(가정간편식) 선호도가 높고, 1세대 가족으로서 요리를 자주 하는 경향이 있습니다. 제품의 시원하고 깔끔한 감칠맛과 높은 만족도는 이 소비자에게 매력적이며, 특히 간편하게 요리를 할 수 있는 조미료를 선호합니다. 또한, 브랜드 충성도가 상대적으로 높은 편이기 때문에 동원 F&B의 제품에 대한 신뢰도도 구매 결정에 긍정적인 영향을 미칠 것입니다. 시장 경쟁 환경에서 동원참치액의 가격은 100g당 1,196원으로, 경쟁 제품의 가격 범위(1,366원 ~ 2,996원)보다 저렴하여 가격적인 면에서도 유리합니다. 이러한 요소들이 결합되어 이 소비자의 구매 확률을 높이고 있습니다."", ""monthly_purchase_frequency"": 2}}",
동원참치액 순 500g|292,동원참치액 순 500g,292,,Expecting value: line 2 column 512 (char 512)
동원참치액 순 500g|294,동원참치액 순 500g,294,,Expecting value: line 2 column 512 (char 512)
동원참치액 순 500g|295,동원참치액 순 500g,295,,Expecting value: line 2 column 512 (char 512)
동원참치액 순 500g|296,동원참치액 순 500g,296,,Expecting value: line 2 column 512 (char 512)
동원참치액 순 500g|298,동원참치액 순 500g,298,,Expecting value: line 2 column 512 (char 512)
동원참치액 순 500g|297,동원참치액 순 500g,297,,Expecting value: line 2 column 512 (char 512)
동원참치액 순 500g|300,동원참치액 순 500g,300,"{""product_name"": ""동원참치액 순 500g"", ""persona_key"": 300, ""purchase_behavior_prediction"": {""purchase_probability_pct"": 75, ""reason"": ""이 페르소나는 HMR(가정간편식) 선호도가 높고, 요리하는 1인 가구와 1세대 가족을 대상으로 하는 제품에 적합합니다. 제품의 특징인 '시원하고 깔끔한 감칠맛'과 '높은 만족도'는 이 소비자의 요리 편의성을 중시하는 성향과 잘 맞아떨어집니다. 또한, 브랜드 충성도가 높고, 가격에 대한 민감도가 중간 정도이므로, 가격이 5,980원으로 경쟁 제품에 비해 합리적이라는 점도 긍정적으로 작용합니다. 시장 경쟁 환경에서 동원참치액의 가격이 1,366원에서 2,996원 사이의 경쟁 제품들과 비교할 때, 가격이 적절하다고 판단되며, 이는 구매 결정에 긍정적인 영향을 미칠 것입니다."", ""monthly_purchase_frequency"": 2}}",
동원참치액 순 500g|299,동원참치액 순 500g,299,,Expecting value: line 2 column 512 (char 512)
동원참치액 순 500g|301,동원참치액 순 500g,301,"{""product_name"": ""동원참치액 순 500g"", ""persona_key"": 301, ""purchase_behavior_prediction"": {""purchase_probability_pct"": 85, ""reason"": ""이 페르소나는 HMR(가정간편식) 선호도가 높고, 요리하는 1인 가구 및 1세대 가족을 대상으로 하는 제품에 적합합니다. 제품의 특징인 '시원하고 깔끔한 감칠맛'과 '높은 만족도'는 이 소비자의 요리 편의성과 품질을 중시하는 성향에 잘 맞아떨어집니다. 또한, 브랜드 충성도가 높아 동원 F&B와 같은 신뢰할 수 있는 브랜드의 제품을 선호할 가능성이 큽니다. 시장 경쟁 환경에서 동원참치액의 가격은 5,980원으로, 경쟁 제품의 가격대(1,366원 ~ 2,996원)보다 다소 높은 편이지만, 이 소비자는 가격 민감도가 낮아 브랜드 가치와 품질을 중시하기 때문에 긍정적으로 받아들일 것입니다. 따라서, 이 소비자는 제품을 구매할 가능성이 매우 높습니다."", ""monthly_purchase_frequency"": 2}}",
동원참치액 순 500g|303,동원참치액 순 500g,303,,Expecting value: line 2 column 512 (char 512)
동원참치액 순 500g|304,동원참치액 순 500g,304,,Expecting value: line 2 column 512 (char 512)
동원참치액 순 500g|305,동원참치액 순 500g,305,,Expecting value: line 2 column 512 (char 512)
동원참치액 순 500g|306,동원참치액 순 500g,306,,Expecting value: line 2 column 512 (char 512)
동원참치액 순 500g|307,동원참치액 순 500g,307,,Expecting value: line 2 column 512 (char 512)
동원참치액 순 500g|302,동원참치액 순 500g,302,,Expecting value: line 2 column 512 (char 512)
동원참치액 순 500g|309,동원참치액 순 500g,309,"{""product_name"": ""동원참치액 순 500g"", ""persona_key"": 309, ""purchase_behavior_prediction"": {""purchase_probability_pct"": 75, ""reason"": ""이 페르소나는 '실속형 미식가'로, 편리성과 맛을 동시에 중시하는 소비자입니다. HMR 선호도가 높아 조리의 편리함을 중요하게 생각하며, 동원참치액의 시원하고 깔끔한 감칠맛은 이 소비자에게 매력적입니다. 또한, 1인 가구로서 요리의 간편함을 추구하기 때문에 액상 조미료는 매우 적합한 제품입니다. 가격은 5,980원으로, 경쟁 제품의 가격대(1,366원 ~ 2,996원)와 비교했을 때 다소 높은 편이지만, 이 소비자는 가격보다 효율성과 맛을 중시하므로 구매를 고려할 가능성이 높습니다."", ""monthly_purchase_frequency"": 2}}",
동원참치액 순 500g|308,동원참치액 순 500g,308,,Expecting value: line 2 column 512 (char 512)
동원참치액 순 500g|310,동원참치액 순 500g,310,,Expecting value: line 2 column 512 (char 512)
동원참치액 순 500g|311,동원참치액 순 500g,311,,Expecting value: line 2 column 512 (char 512)
동원참치액 순 500g|312,동원참치액 순 500g,312,,Expecting value: line 2 column 512 (char 512)
동원참치액 순 500g|313,동원참치액 순 500g,313,,Expecting value: line 2 column 512 (char 512)
동원참치액 순 500g|316,동원참치액 순 500g,316,"{""product_name"": ""동원참치액 순 500g"", ""persona_key"": 316, ""purchase_behavior_prediction"": {""purchase_probability_pct"": 75, ""reason"": ""이 페르소나는 HMR(가정식 대체식품)에 대한 높은 선호도를 가지고 있으며, 이는 1인 가구로서 요리의 편리함을 중시하는 경향과 맞물립니다. 동원참치액은 시원하고 깔끔한 감칠맛을 제공하여 요리에 쉽게 활용할 수 있는 제품으로, 특히 요리하는 1인 가구에게 매력적입니다. 또한, 브랜드 충성도가 높아 동원 F&B의 제품에 대한 신뢰가 구매를 촉진할 것입니다. 시장 경쟁 환경을 고려할 때, 동원참치액의 가격(5,980원)은 100g당 약 1,196원으로, 경쟁 제품의 가격 범위(1,366원 ~ 2,996원)보다 저렴하여 가격 면에서도 매력적입니다. 이러한 요소들이 결합되어 이 소비자가 동원참치액을 구매할 가능성이 높다고 판단됩니다."", ""monthly_purchase_frequency"": 2}}",
동원참치액 순 500g|314,동원참치액 순 500g,314,,Expecting value: line 2 column 512 (char 512)
동원참치액 순 500g|315,동원참치액 순 500g,315,,Expecting value: line 2 column 512 (char 512)
동원참치액 순 500g|317,동원참치액 순 500g,317,,Expecting value: line 2 column 512 (char 512)
동원참치액 순 500g|318,동원참치액 순 500g,318,,Expecting value: line 2 column 512 (char 512)
동원참치액 순 500g|319,동원참치액 순 500g,319,,Expecting value: line 2 column 512 (char 512)
동원참치액 순 500g|321,동원참치액 순 500g,321,,Expecting value: line 2 column 512 (char 512)
동원참치액 순 500g|320,동원참치액 순 500g,320,,Expecting value: line 2 column 512 (char 512)
동원참치액 순 500g|322,동원참치액 순 500g,322,,Expecting value: line 2 column 512 (char 512)
동원참치액 순 500g|326,동원참치액 순 500g,326,"{""product_name"": ""동원참치액 순 500g"", ""persona_key"": 326, ""purchase_behavior_prediction"": {""purchase_probability_pct"": 85, ""reason"": ""이 소비자는 건강을 최우선으로 고려하는 '건강 추구형 소비자'로, HMR(가정간편식)에 대한 선호도가 매우 높습니다. 동원참치액은 시원하고 깔끔한 감칠맛을 제공하며, 요리하는 1인 가구와 1세대 가족을 타겟으로 하고 있어 이 소비자의 요리 편리성을 충족시킬 수 있습니다. 가격은 5,980원으로, 경쟁 제품의 가격 범위(1,366원 ~ 2,996원)와 비교했을 때 상대적으로 높은 편이지만, 건강과 편리성을 중시하는 소비자의 특성상 가격에 대한 민감도가 낮아 긍정적으로 받아들일 가능성이 높습니다. 따라서 이 소비자는 제품의 건강적 가치와 편리함을 고려하여 구매할 가능성이 높습니다."", ""monthly_purchase_frequency"": 2}}",
동원참치액 순 500g|327,동원참치액 순 500g,327,"{""product_name"": ""동원참치액 순 500g"", ""persona_key"": 327, ""purchase_behavior_prediction"": {""purchase_probability_pct"": 85, ""reason"": ""이 소비자는 건강을 최우선으로 고려하는 '건강 추구형 소비자'로, HMR(가정간편식) 선호도가 높습니다. 동원참치액은 시원하고 깔끔한 감칠맛을 제공하며, 조미료로서 요리의 편리성을 높여줍니다. 또한, 가격이 5,980원으로 경쟁 제품의 가격대(1,366원 ~ 2,996원)보다 상대적으로 높은 편이지만, 건강과 편리성을 중시하는 이 소비자에게는 충분히 매력적입니다. 따라서, 이 소비자는 제품의 품질과 건강 지향성을 고려하여 구매할 가능성이 높습니다."", ""monthly_purchase_frequency"": 2}}",
동원참치액 순 500g|324,동원참치액 순 500g,324,,Expecting value: line 2 column 512 (char 512)
동원참치액 순 500g|323,동원참치액 순 500g,323,,Expecting value: line 2 column 512 (char 512)
동원참치액 순 500g|331,동원참치액 순 500g,331,"{""product_name"": ""동원참치액 순 500g"", ""persona_key"": 331, ""purchase_behavior_prediction"": {""purchase_probability_pct"": 85, ""reason"": ""이 페르소나는 HMR(가정간편식) 선호도가 매우 높고(0.9167), 요리하는 1인 가구와 1세대 가족을 타겟으로 하는 제품의 특징이 잘 맞아떨어집니다. 또한, 브랜드 충성도(0.7388)와 요리 편의성(0.7125)도 높아, 동원 F&B의 제품에 대한 긍정적인 인식을 가지고 있을 가능성이 큽니다. 가격이 5,980원으로 경쟁 제품의 가격대(1,366원 ~ 2,996원)보다 상대적으로 높은 편이지만, 이 소비자는 가격 민감도가 낮고(0.2950) 프리미엄 제품에 대한 수용도가 있어, 제품의 품질과 브랜드 가치를 중시할 것입니다. 따라서, 이 소비자는 동원참치액을 구매할 가능성이 높습니다."", ""monthly_purchase_frequency"": 2}}",
동원참치액 순 500g|329,동원참치액 순 500g,329,,Expecting value: line 2 column 512 (char 512)
동원참치액 순 500g|333,동원참치액 순 500g,333,"{""product_name"": ""동원참치액 순 500g"", ""persona_key"": 333, ""purchase_behavior_prediction"": {""purchase_probability_pct"": 85, ""reason"": ""페르소나는 '실속형 미식가'로, 편리성과 맛을 중시하는 소비자입니다. HMR 선호도가 높아 조리 편의성을 중요시하며, 동원참치액의 시원하고 깔끔한 감칠맛은 이러한 요구를 충족시킵니다. 가격은 5,980원으로, 경쟁 제품의 가격대(1,366원 ~ 2,996원)와 비교할 때 상대적으로 높은 편이지만, 페르소나는 가격에 민감하기보다는 효율성과 맛을 중시하므로 긍정적으로 받아들일 가능성이 큽니다. 또한, 1세대 가족으로서 요리를 자주 하는 소비자이기 때문에 이 제품의 매력을 느낄 것입니다."", ""monthly_purchase_frequency"": 2}}",
동원참치액 순 500g|332,동원참치액 순 500g,332,,Expecting value: line 2 column 512 (char 512)
동원참치액 순 500g|328,동원참치액 순 500g,328,,Expecting value: line 2 column 512 (char 512)
동원참치액 순 500g|330,동원참치액 순 500g,330,,Expecting value: line 2 column 512 (char 512)
동원참치액 순 500g|334,동원참치액 순 500g,334,"{""product_name"": ""동원참치액 순 500g"", ""persona_key"": 334, ""purchase_behavior_prediction"": {""purchase_probability_pct"": 85, ""reason"": ""이 소비자는 '건강 추구형 소비자'로, HMR(가정간편식) 선호도가 높아 건강과 편리성을 중시합니다. 동원참치액은 시원하고 깔끔한 감칠맛을 제공하며, 1인 가구와 1세대 가족을 타겟으로 하여 요리에 적합한 제품입니다. 가격이 5,980원으로, 경쟁 제품의 가격 범위(1,366원 ~ 2,996원)와 비교했을 때 상대적으로 높은 편이지만, 프리미엄 소비자이기 때문에 품질에 대한 기대가 높습니다. 따라서 이 소비자는 가격에 대한 민감도가 낮아, 제품의 품질과 건강 지향성을 고려하여 구매할 가능성이 높습니다."", ""monthly_purchase_frequency"": 2}}",
동원참치액 순 500g|337,동원참치액 순 500g,337,"{""product_name"": ""동원참치액 순 500g"", ""persona_key"": 337, ""purchase_behavior_prediction"": {""purchase_probability_pct"": 75, ""reason"": ""이 페르소나는 '실속형 미식가'로, HMR(가정간편식) 선호도가 높고 요리의 편리성을 중시합니다. 동원참치액은 시원하고 깔끔한 감칠맛을 제공하며, 1인 가구를 타겟으로 하여 요리의 간편함을 더해줍니다. 가격이 5,980원으로, 경쟁 제품의 가격대(1,366원 ~ 2,996원)보다 다소 높은 편이지만, 이 소비자는 가격보다 효율성과 맛을 중시하므로 긍정적으로 받아들일 가능성이 높습니다. 또한, 광고 및 프로모션이 SNS를 통해 진행될 예정이므로, 젊은 층인 이 소비자에게 효과적으로 다가갈 수 있을 것입니다."", ""monthly_purchase_frequency"": 2}}",
동원참치액 순 500g|325,동원참치액 순 500g,325,,Expecting value: line 2 column 512 (char 512)
동원참치액 순 500g|335,동원참치액 순 500g,335,,Expecting value: line 2 column 512 (char 512)
동원참치액 순 500g|336,동원참치액 순 500g,336,,Expecting value: line 2 column 512 (char 512)
동원참치액 순 500g|338,동원참치액 순 500g,338,,Expecting value: line 2 column 512 (char 512)
동원참치액 순 500g|339,동원참치액 순 500g,339,,Expecting value: line 2 column 512 (char 512)
동원참치액 순 500g|341,동원참치액 순 500g,341,,Expecting value: line 2 column 512 (char 512)
동원참치액 순 500g|340,동원참치액 순 500g,340,,Expecting value: line 2 column 512 (char 512)
동원참치액 순 500g|342,동원참치액 순 500g,342,,Expecting value: line 2 column 512 (char 512)
동원참치액 순 500g|343,동원참치액 순 500g,343,,Expecting value: line 2 column 512 (char 512)
동원참치액 순 500g|344,동원참치액 순 500g,344,,Expecting value: line 2 column 512 (char 512)
동원참치액 순 500g|345,동원참치액 순 500g,345,,Expecting value: line 2 column 512 (char 512)
동원참치액 순 500g|349,동원참치액 순 500g,349,"{""product_name"": ""동원참치액 순 500g"", ""persona_key"": 349, ""purchase_behavior_prediction"": {""purchase_probability_pct"": 75, ""reason"": ""이 페르소나는 '실속형 미식가'로, HMR(가정간편식) 선호도가 매우 높습니다(0.8629). 이는 간편한 조리와 맛을 동시에 중시하는 소비 성향을 나타냅니다. 제품의 특징인 '시원하고 깔끔한 감칠맛'과 '높은 만족도'는 이러한 소비자의 요구에 부합하며, 1인 가구를 타겟으로 한 점도 긍정적입니다. 가격이 5,980원으로, 경쟁 제품의 가격대(1,366원 ~ 2,996원)보다 상대적으로 높은 편이지만, 이 소비자는 가격보다 효율성과 맛을 중시하기 때문에 구매에 긍정적인 영향을 미칠 것입니다. 또한, 광고/프로모션이 SNS 바이럴로 진행되므로, 젊은 층인 이 소비자에게 효과적으로 다가갈 수 있습니다."", ""monthly_purchase_frequency"": 2}}",
동원참치액 순 500g|346,동원참치액 순 500g,346,,Expecting value: line 2 column 512 (char 512)
동원참치액 순 500g|347,동원참치액 순 500g,347,,Expecting value: line 2 column 512 (char 512)
동원참치액 순 500g|348,동원참치액 순 500g,348,,Expecting value: line 2 column 512 (char 512)
동원참치액 순 500g|350,동원참치액 순 500g,350,,Expecting value: line 2 column 512 (char 512)
동원참치액 순 500g|351,동원참치액 순 500g,351,,Expecting value: line 2 column 512 (char 512)
동원참치액 순 500g|352,동원참치액 순 500g,352,,Expecting value: line 2 column 512 (char 512)
동원참치액 순 500g|354,동원참치액 순 500g,354,,Expecting value: line 2 column 512 (char 512)
동원참치액 순 500g|353,동원참치액 순 500g,353,,Expecting value: line 2 column 512 (char 512)
동원참치액 순 500g|355,동원참치액 순 500g,355,,Expecting value: line 2 column 512 (char 512)
동원참치액 순 500g|356,동원참치액 순 500g,356,,Expecting value: line 2 column 512 (char 512)
동원참치액 순 500g|357,동원참치액 순 500g,357,,Expecting value: line 2 column 512 (char 512)
동원참치액 순 500g|359,동원참치액 순 500g,359,,Expecting value: line 2 column 512 (char 512)
동원참치액 순 500g|360,동원참치액 순 500g,360,,Expecting value: line 2 column 512 (char 512)
동원참치액 순 500g|358,동원참치액 순 500g,358,,Expecting value: line 2 column 512 (char 512)
동원참치액 순 500g|362,동원참치액 순 500g,362,"{""product_name"": ""동원참치액 순 500g"", ""persona_key"": 362, ""purchase_behavior_prediction"": {""purchase_probability_pct"": 85, ""reason"": ""페르소나는 '실속형 미식가'로, 편리성과 맛을 중시하며 HMR(가정간편식) 선호도가 매우 높습니다. 동원참치액은 시원하고 깔끔한 감칠맛을 제공하며, 요리하는 1인 가구와 2세대 가족을 타겟으로 하여 이 소비자에게 적합합니다. 가격은 5,980원으로, 경쟁 제품의 가격 범위(1,366원 ~ 2,996원)보다 높은 편이지만, 페르소나의 가격 민감도는 중간 수준(0.5019)으로, 품질과 편리함을 고려할 때 수용 가능할 것으로 보입니다. 또한, 광고와 프로모션이 예정되어 있어 소비자의 구매 유도 효과가 기대됩니다."", ""monthly_purchase_frequency"": 2}}",
동원참치액 순 500g|361,동원참치액 순 500g,361,,Expecting value: line 2 column 512 (char 512)
동원참치액 순 500g|363,동원참치액 순 500g,363,,Expecting value: line 2 column 512 (char 512)
동원참치액 순 900g|3,동원참치액 순 900g,3,,Expecting value: line 2 column 512 (char 512)
동원참치액 순 900g|2,동원참치액 순 900g,2,,Expecting value: line 2 column 512 (char 512)
동원참치액 순 900g|4,동원참치액 순 900g,4,,Expecting value: line 2 column 512 (char 512)
동원참치액 순 900g|1,동원참치액 순 900g,1,,Expecting value: line 2 column 512 (char 512)
동원참치액 순 900g|5,동원참치액 순 900g,5,,Expecting value: line 2 column 512 (char 512)
동원참치액 순 900g|6,동원참치액 순 900g,6,,Expecting value: line 2 column 512 (char 512)
동원참치액 순 900g|7,동원참치액 순 900g,7,,Expecting value: line 2 column 512 (char 512)
동원참치액 순 900g|8,동원참치액 순 900g,8,,Expecting value: line 2 column 512 (char 512)
동원참치액 순 900g|10,동원참치액 순 900g,10,,Expecting value: line 2 column 512 (char 512)
동원참치액 순 900g|9,동원참치액 순 900g,9,,Expecting value: line 2 column 512 (char 512)
동원참치액 순 900g|11,동원참치액 순 900g,11,,Expecting value: line 2 column 512 (char 512)
동원참치액 순 900g|12,동원참치액 순 900g,12,,Expecting value: line 2 column 512 (char 512)
동원참치액 순 900g|13,동원참치액 순 900g,13,,Expecting value: line 2 column 512 (char 512)
동원참치액 순 900g|14,동원참치액 순 900g,14,,Expecting value: line 2 column 512 (char 512)
동원참치액 순 900g|17,동원참치액 순 900g,17,"{""product_name"": ""동원참치액 순 900g"", ""persona_key"": 17, ""purchase_behavior_prediction"": {""purchase_probability_pct"": 85, ""reason"": ""페르소나는 '실속형 미식가'로, 편리성과 맛을 동시에 중시하는 소비자입니다. HMR 선호도가 높아 조리 편의성을 중요시하며, 동원참치액의 시원하고 깔끔한 감칠맛은 요리하는 2세대 가족에게 매력적입니다. 가격이 9,980원으로 경쟁 제품의 가격 범위(1,366원 ~ 2,996원)와 비교했을 때 상대적으로 높은 편이지만, 페르소나는 효율성과 맛을 중시하므로 가격에 대한 민감도가 낮습니다. 따라서 이 제품의 구매 확률은 85%로 예상됩니다."", ""monthly_purchase_frequency"": 2}}",
동원참치액 순 900g|16,동원참치액 순 900g,16,,Expecting value: line 2 column 512 (char 512)
동원참치액 순 900g|15,동원참치액 순 900g,15,,Expecting value: line 2 column 512 (char 512)
동원참치액 순 900g|18,동원참치액 순 900g,18,,Expecting value: line 2 column 512 (char 512)
동원참치액 순 900g|20,동원참치액 순 900g,20,"{""product_name"": ""동원참치액 순 900g"", ""persona_key"": 20, ""purchase_behavior_prediction"": {""purchase_probability_pct"": 85, ""reason"": ""이 페르소나는 건강을 최우선으로 고려하는 소비자로, HMR(가정간편식) 선호도가 매우 높습니다. 동원참치액은 시원하고 깔끔한 감칠맛을 제공하며, 요리하는 2세대 가족을 타겟으로 하여 편리함과 건강을 동시에 만족시킵니다. 또한, 가격이 9,980원으로 경쟁 제품에 비해 합리적인 수준이며, 시장 경쟁 환경에서 가격이 1,366원에서 2,996원 사이인 점을 고려할 때, 이 제품은 가격 대비 가치를 제공한다고 판단할 수 있습니다. 따라서 이 소비자는 제품의 건강성과 편리함을 중시하여 구매할 가능성이 높습니다."", ""monthly_purchase_frequency"": 2}}",
동원참치액 순 900g|19,동원참치액 순 900g,19,,Expecting value: line 2 column 512 (char 512)
동원참치액 순 900g|21,동원참치액 순 900g,21,,Expecting value: line 2 column 512 (char 512)
동원참치액 순 900g|22,동원참치액 순 900g,22,,Expecting value: line 2 column 512 (char 512)
동원참치액 순 900g|23,동원참치액 순 900g,23,,Expecting value: line 2 column 512 (char 512)
동원참치액 순 900g|26,동원참치액 순 900g,26,"{""product_name"": ""동원참치액 순 900g"", ""persona_key"": 26, ""purchase_behavior_prediction"": {""purchase_probability_pct"": 75, ""reason"": ""이 페르소나는 HMR(가정간편식) 선호도가 높고, 요리하는 2세대 가족을 타겟으로 한 제품에 매력을 느낄 가능성이 큽니다. 특히, '시원하고 깔끔한 감칠맛'과 '높은 만족도'는 이 소비자가 추구하는 요리의 편리함과 품질을 충족시킬 수 있습니다. 또한, 브랜드 충성도가 중간 이상으로, 동원 F&B의 제품에 대한 신뢰가 존재합니다. 가격은 900g에 9,980원으로, 경쟁 제품의 가격대(1,366원 ~ 2,996원)와 비교했을 때 상대적으로 합리적이며, 가격 민감도가 낮은 편이므로 구매를 결정하는 데 긍정적인 요소로 작용할 것입니다. 이러한 요소들이 결합되어 구매 확률을 높이고, 월평균 구매 빈도도 증가할 것으로 예상됩니다."", ""monthly_purchase_frequency"": 2}}",
동원참치액 순 900g|25,동원참치액 순 900g,25,,Expecting value: line 2 column 512 (char 512)
동원참치액 순 900g|27,동원참치액 순 900g,27,,Expecting value: line 2 column 512 (char 512)
동원참치액 순 900g|24,동원참치액 순 900g,24,,Expecting value: line 2 column 512 (char 512)
동원참치액 순 900g|28,동원참치액 순 900g,28,,Expecting value: line 2 column 512 (char 512)
동원참치액 순 900g|29,동원참치액 순 900g,29,,Expecting value: line 2 column 512 (char 512)
동원참치액 순 900g|30,동원참치액 순 900g,30,,Expecting value: line 2 column 512 (char 512)
동원참치액 순 900g|31,동원참치액 순 900g,31,,Expecting value: line 2 column 512 (char 512)
동원참치액 순 900g|33,동원참치액 순 900g,33,,Expecting value: line 2 column 512 (char 512)
동원참치액 순 900g|32,동원참치액 순 900g,32,,Expecting value: line 2 column 512 (char 512)
동원참치액 순 900g|37,동원참치액 순 900g,37,"{""product_name"": ""동원참치액 순 900g"", ""persona_key"": 37, ""purchase_behavior_prediction"": {""purchase_probability_pct"": 85, ""reason"": ""이 페르소나는 건강을 최우선으로 고려하는 프리미엄 소비자 그룹에 속하며, HMR(가정간편식) 선호도가 매우 높습니다. 동원참치액은 시원하고 깔끔한 감칠맛을 제공하며, 요리하는 2세대 가족을 타겟으로 하고 있어, 1인 가구인 이 소비자에게도 적합합니다. 가격이 9,980원으로, 경쟁 제품의 가격대(1,366원 ~ 2,996원)와 비교했을 때 상대적으로 높은 편이지만, 건강과 편리성을 중시하는 소비자에게는 충분히 수용 가능한 가격입니다. 따라서 이 소비자는 제품의 품질과 건강 지향성을 고려할 때 구매할 가능성이 높습니다."", ""monthly_purchase_frequency"": 2}}",
동원참치액 순 900g|34,동원참치액 순 900g,34,,Expecting value: line 2 column 512 (char 512)
동원참치액 순 900g|35,동원참치액 순 900g,35,,Expecting value: line 2 column 512 (char 512)
동원참치액 순 900g|36,동원참치액 순 900g,36,,Expecting value: line 2 column 512 (char 512)
동원참치액 순 900g|38,동원참치액 순 900g,38,,Expecting value: line 2 column 512 (char 512)
동원참치액 순 900g|42,동원참치액 순 900g,42,"{""product_name"": ""동원참치액 순 900g"", ""persona_key"": 42, ""purchase_behavior_prediction"": {""purchase_probability_pct"": 85, ""reason"": ""이 페르소나는 HMR(가정식 대체식품)에 대한 선호도가 매우 높고(0.902), 요리하는 2세대 가족을 타겟으로 한 제품의 특성과 잘 맞아떨어진다. 제품의 '시원하고 깔끔한 감칠맛'과 '높은 만족도'는 요리를 즐기는 소비자에게 매력적이며, 특히 1인 가구인 이 소비자는 간편하게 요리를 할 수 있는 제품을 선호할 가능성이 크다. 또한, 브랜드 충성도가 높아(0.742) 동원 F&B 브랜드에 대한 신뢰가 구매 결정에 긍정적인 영향을 미칠 것이다. 시장 경쟁 환경에서 동원참치액의 가격은 9,980원으로, 경쟁 제품의 가격 범위(1,366원 ~ 2,996원)와 비교할 때 상대적으로 높은 편이지만, 이 소비자는 가격 민감도가 낮은 편(0.434)이라 가격보다는 품질과 브랜드를 중시할 가능성이 높다."", ""monthly_purchase_frequency"": 2}}",
동원참치액 순 900g|39,동원참치액 순 900g,39,,Expecting value: line 2 column 512 (char 512)
동원참치액 순 900g|41,동원참치액 순 900g,41,,Expecting value: line 2 column 512 (char 512)
동원참치액 순 900g|44,동원참치액 순 900g,44,"{""product_name"": ""동원참치액 순 900g"", ""persona_key"": 44, ""purchase_behavior_prediction"": {""purchase_probability_pct"": 85, ""reason"": ""이 페르소나는 '실속형 미식가'로, 편리성과 맛을 동시에 중시하는 소비자입니다. HMR 선호도가 높아 조리 편의성을 중시하며, 동원참치액의 '시원하고 깔끔한 감칠맛'과 '높은 만족도'는 이 소비자에게 매력적입니다. 또한, 가격이 9,980원으로 경쟁 제품의 가격 범위(1,366원 ~ 2,996원)와 비교했을 때 상대적으로 합리적이며, 가격에 대한 민감도가 낮은 편입니다. 따라서 이 제품은 그녀의 요리 스타일과 잘 맞아떨어져 구매 확률이 높습니다."", ""monthly_purchase_frequency"": 2}}",
동원참치액 순 900g|40,동원참치액 순 900g,40,,Expecting value: line 2 column 512 (char 512)
동원참치액 순 900g|45,동원참치액 순 900g,45,"{""product_name"": ""동원참치액 순 900g"", ""persona_key"": 45, ""purchase_behavior_prediction"": {""purchase_probability_pct"": 85, ""reason"": ""이 페르소나는 '실속형 미식가'로, HMR(가정간편식) 선호도가 높아 편리한 조리 방법과 맛을 중시합니다. 동원참치액은 시원하고 깔끔한 감칠맛을 제공하며, 요리하는 2세대 가족을 타겟으로 하여 이 소비자에게 적합합니다. 가격은 900g에 9,980원으로, 100g당 약 1,109원으로 경쟁 제품보다 저렴한 편이며, 이는 가격에 민감하지 않은 이 소비자에게 긍정적인 요소로 작용합니다. 또한, 광고와 프로모션이 예정되어 있어 소비자의 인지도를 높일 수 있는 기회가 있습니다."", ""monthly_purchase_frequency"": 2}}",
동원참치액 순 900g|43,동원참치액 순 900g,43,,Expecting value: line 2 column 512 (char 512)
동원참치액 순 900g|50,동원참치액 순 900g,50,,Expecting value: line 2 column 512 (char 512)
동원참치액 순 900g|46,동원참치액 순 900g,46,,Expecting value: line 2 column 512 (char 512)
동원참치액 순 900g|48,동원참치액 순 900g,48,,Expecting value: line 2 column 512 (char 512)
동원참치액 순 900g|49,동원참치액 순 900g,49,,Expecting value: line 2 column 512 (char 512)
동원참치액 순 900g|51,동원참치액 순 900g,51,,Expecting value: line 2 column 512 (char 512)
동원참치액 순 900g|47,동원참치액 순 900g,47,,Expecting value: line 2 column 512 (char 512)
동원참치액 순 900g|52,동원참치액 순 900g,52,,Expecting value: line 2 column 512 (char 512)
동원참치액 순 900g|54,동원참치액 순 900g,54,,Expecting value: line 2 column 512 (char 512)
동원참치액 순 900g|53,동원참치액 순 900g,53,,Expecting value: line 2 column 512 (char 512)
동원참치액 순 900g|55,동원참치액 순 900g,55,,Expecting value: line 2 column 512 (char 512)
동원참치액 순 900g|56,동원참치액 순 900g,56,,Expecting value: line 2 column 512 (char 512)
동원참치액 순 900g|57,동원참치액 순 900g,57,,Expecting value: line 2 column 512 (char 512)
동원참치액 순 900g|58,동원참치액 순 900g,58,"{""product_name"": ""동원참치액 순 900g"", ""persona_key"": 58, ""purchase_behavior_prediction"": {""purchase_probability_pct"": 85, ""reason"": ""페르소나는 HMR(가정간편식) 선호도가 매우 높고, 요리하는 2세대 가족으로서 간편하고 맛있는 조미료를 찾고 있습니다. 동원참치액은 시원하고 깔끔한 감칠맛을 제공하며, 높은 만족도를 자랑합니다. 또한, 가격이 9,980원으로 경쟁 제품에 비해 적당한 수준이며, 경쟁 제품의 가격 범위가 1,366원에서 2,996원인 점을 고려할 때, 이 제품은 품질 대비 합리적인 가격으로 인식될 가능성이 높습니다. 따라서, 페르소나는 이 제품을 구매할 가능성이 높습니다."", ""monthly_purchase_frequency"": 2}}",
동원참치액 순 900g|59,동원참치액 순 900g,59,,Expecting value: line 2 column 512 (char 512)
동원참치액 순 900g|61,동원참치액 순 900g,61,,Expecting value: line 2 column 512 (char 512)
동원참치액 순 900g|62,동원참치액 순 900g,62,,Expecting value: line 2 column 512 (char 512)
동원참치액 순 900g|60,동원참치액 순 900g,60,,Expecting value: line 2 column 512 (char 512)
동원참치액 순 900g|63,동원참치액 순 900g,63,,Expecting value: line 2 column 512 (char 512)
동원참치액 순 900g|64,동원참치액 순 900g,64,,Expecting value: line 2 column 512 (char 512)
동원참치액 순 900g|67,동원참치액 순 900g,67,"{""product_name"": ""동원참치액 순 900g"", ""persona_key"": 67, ""purchase_behavior_prediction"": {""purchase_probability_pct"": 85, ""reason"": ""이 페르소나는 '건강 추구형 소비자'로, HMR(가정간편식) 선호도가 높고, 건강과 편리성을 중시합니다. 동원참치액은 시원하고 깔끔한 감칠맛을 제공하며, 요리하는 2세대 가족을 타겟으로 하여 편리하게 사용할 수 있는 제품입니다. 가격은 9,980원으로, 경쟁 제품의 가격대(1,366원 ~ 2,996원)와 비교했을 때 상대적으로 높은 편이지만, 이 소비자는 가격보다는 건강과 편리성을 우선시하기 때문에 긍정적으로 받아들일 것입니다. 또한, 브랜드 충성도가 높고, 건강 지향적인 제품에 기꺼이 투자할 의향이 있어 구매 확률이 높습니다."", ""monthly_purchase_frequency"": 2}}",
동원참치액 순 900g|68,동원참치액 순 900g,68,,Expecting value: line 2 column 512 (char 512)
동원참치액 순 900g|65,동원참치액 순 900g,65,,Expecting value: line 2 column 512 (char 512)
동원참치액 순 900g|66,동원참치액 순 900g,66,,Expecting value: line 2 column 512 (char 512)
동원참치액 순 900g|72,동원참치액 순 900g,72,,Expecting value: line 2 column 512 (char 512)
동원참치액 순 900g|69,동원참치액 순 900g,69,,Expecting value: line 2 column 512 (char 512)
동원참치액 순 900g|70,동원참치액 순 900g,70,,Expecting value: line 2 column 512 (char 512)
동원참치액 순 900g|71,동원참치액 순 900g,71,,Expecting value: line 2 column 512 (char 512)
동원참치액 순 900g|74,동원참치액 순 900g,74,"{""product_name"": ""동원참치액 순 900g"", ""persona_key"": 74, ""purchase_behavior_prediction"": {""purchase_probability_pct"": 75, ""reason"": ""이 페르소나는 '실속형 미식가'로, 다양한 맛을 추구하며 새로운 제품을 시도하는 데 적극적입니다. '동원참치액'은 시원하고 깔끔한 감칠맛을 제공하여 이 소비자의 미식적 욕구를 충족시킬 수 있습니다. 또한, 가격이 9,980원으로 경쟁 제품의 가격대(1,366원 ~ 2,996원)와 비교했을 때 상대적으로 합리적이며, 브랜드 충성도가 높아 동원 F&B 제품에 대한 신뢰가 있습니다. 따라서, 이 제품은 페르소나의 다양한 요리 시도에 적합하며, 구매 확률이 높습니다."", ""monthly_purchase_frequency"": 2}}",
동원참치액 순 900g|75,동원참치액 순 900g,75,,Expecting value: line 2 column 512 (char 512)
동원참치액 순 900g|73,동원참치액 순 900g,73,,Expecting value: line 2 column 512 (char 512)
동원참치액 순 900g|76,동원참치액 순 900g,76,,Expecting value: line 2 column 512 (char 512)
동원참치액 순 900g|78,동원참치액 순 900g,78,,Expecting value: line 2 column 512 (char 512)
동원참치액 순 900g|77,동원참치액 순 900g,77,,Expecting value: line 2 column 512 (char 512)
동원참치액 순 900g|79,동원참치액 순 900g,79,,Expecting value: line 2 column 512 (char 512)
동원참치액 순 900g|80,동원참치액 순 900g,80,,Expecting value: line 2 column 512 (char 512)
동원참치액 순 900g|81,동원참치액 순 900g,81,,Expecting value: line 2 column 512 (char 512)
동원참치액 순 900g|82,동원참치액 순 900g,82,,Expecting value: line 2 column 512 (char 512)
동원참치액 순 900g|83,동원참치액 순 900g,83,,Expecting value: line 2 column 512 (char 512)
동원참치액 순 900g|84,동원참치액 순 900g,84,,Expecting value: line 2 column 512 (char 512)
동원참치액 순 900g|87,동원참치액 순 900g,87,"{""product_name"": ""동원참치액 순 900g"", ""persona_key"": 87, ""purchase_behavior_prediction"": {""purchase_probability_pct"": 85, ""reason"": ""페르소나는 '실속형 미식가'로, 편리성과 맛을 동시에 중시하는 소비자입니다. HMR 선호도가 매우 높아(0.902) 조리 편의성을 중요시하며, 동원참치액은 시원하고 깔끔한 감칠맛을 제공하여 요리에 적합합니다. 가격은 9,980원으로, 경쟁 제품의 가격 범위(1,366원 ~ 2,996원)와 비교했을 때 상대적으로 합리적이며, 가격 민감도(0.681)도 높아 가격에 대한 부담이 적습니다. 따라서 이 제품은 페르소나의 요구를 충족시키며, 구매 확률이 높습니다."", ""monthly_purchase_frequency"": 2}}",
동원참치액 순 900g|88,동원참치액 순 900g,88,"{""product_name"": ""동원참치액 순 900g"", ""persona_key"": 88, ""purchase_behavior_prediction"": {""purchase_probability_pct"": 85, ""reason"": ""페르소나는 '실속형 미식가'로, 편리성과 맛을 중시하며 새로운 제품을 시도하는 것을 좋아합니다. 'HMR 선호도'가 높아 조리 편의성을 중시하는 이 소비자는 동원참치액의 시원하고 깔끔한 감칠맛과 높은 만족도를 긍정적으로 평가할 것입니다. 또한, 2세대 가족을 대상으로 하는 제품 특성은 가족 요리에 적합하여 더욱 매력적입니다. 가격은 900g에 9,980원으로, 경쟁 제품의 가격대(1,366원 ~ 2,996원)와 비교했을 때 상대적으로 합리적이며, 가격 민감도가 중간인 페르소나에게 긍정적인 영향을 미칠 것입니다. 따라서, 이 소비자는 제품을 구매할 가능성이 높습니다."", ""monthly_purchase_frequency"": 2}}",
동원참치액 순 900g|85,동원참치액 순 900g,85,,Expecting value: line 2 column 512 (char 512)
동원참치액 순 900g|90,동원참치액 순 900g,90,"{""product_name"": ""동원참치액 순 900g"", ""persona_key"": 90, ""purchase_behavior_prediction"": {""purchase_probability_pct"": 85, ""reason"": ""페르소나는 '실속형 미식가'로, 편리성과 맛을 동시에 중시합니다. HMR(가정간편식) 선호도가 높아 조리의 편리함을 중요하게 생각하며, 동원참치액의 시원하고 깔끔한 감칠맛은 그들의 미식적 욕구를 충족시킬 수 있습니다. 또한, 가격이 9,980원으로 경쟁 제품의 가격 범위(1,366원 ~ 2,996원)와 비교했을 때 상대적으로 합리적이며, 가격에 대한 민감도가 낮은 편이므로 구매에 긍정적인 영향을 미칠 것입니다. 이 모든 요소가 결합되어 높은 구매 확률을 나타냅니다."", ""monthly_purchase_frequency"": 2}}",
동원참치액 순 900g|91,동원참치액 순 900g,91,"{""product_name"": ""동원참치액 순 900g"", ""persona_key"": 91, ""purchase_behavior_prediction"": {""purchase_probability_pct"": 85, ""reason"": ""페르소나는 '실속형 미식가'로, 편리성과 맛을 중시하는 소비자입니다. HMR 선호도가 높아 조리 편의성을 중시하며, 동원참치액의 '시원하고 깔끔한 감칠맛'과 '높은 만족도'는 이러한 요구를 충족시킵니다. 가격이 9,980원으로, 경쟁 제품의 가격 범위(1,366원 ~ 2,996원)와 비교했을 때 상대적으로 높은 편이지만, 페르소나는 가격에 민감하기보다는 효율성과 맛을 중시하므로 긍정적으로 받아들일 가능성이 큽니다. 또한, 2세대 가족으로서 요리를 자주 하며, SNS 바이럴 광고가 효과적으로 작용할 것으로 예상됩니다."", ""monthly_purchase_frequency"": 2}}",
동원참치액 순 900g|86,동원참치액 순 900g,86,,Expecting value: line 2 column 512 (char 512)
동원참치액 순 900g|89,동원참치액 순 900g,89,,Expecting value: line 2 column 512 (char 512)
동원참치액 순 900g|95,동원참치액 순 900g,95,,Expecting value: line 2 column 512 (char 512)
동원참치액 순 900g|92,동원참치액 순 900g,92,,Expecting value: line 2 column 512 (char 512)
동원참치액 순 900g|94,동원참치액 순 900g,94,,Expecting value: line 2 column 512 (char 512)
동원참치액 순 900g|93,동원참치액 순 900g,93,,Expecting value: line 2 column 512 (char 512)
동원참치액 순 900g|99,동원참치액 순 900g,99,"{""product_name"": ""동원참치액 순 900g"", ""persona_key"": 99, ""purchase_behavior_prediction"": {""purchase_probability_pct"": 85, ""reason"": ""이 페르소나는 HMR(가정간편식) 선호도가 매우 높고, 건강을 최우선으로 고려하는 소비자입니다. 동원참치액은 시원하고 깔끔한 감칠맛을 제공하며, 2세대 가족을 대상으로 한 제품으로, 요리의 편리함과 건강을 동시에 만족시킬 수 있습니다. 또한, 가격이 9,980원으로 경쟁 제품의 가격 범위(1,366원 ~ 2,996원)보다 상대적으로 높은 편이지만, 프리미엄 제품을 선호하는 이 소비자는 가격에 대한 민감도가 낮아 구매를 고려할 가능성이 높습니다. 따라서, 이 소비자는 제품의 품질과 건강성을 중시하여 구매할 가능성이 큽니다."", ""monthly_purchase_frequency"": 2}}",
동원참치액 순 900g|96,동원참치액 순 900g,96,,Expecting value: line 2 column 512 (char 512)
동원참치액 순 900g|98,동원참치액 순 900g,98,,Expecting value: line 2 column 512 (char 512)
동원참치액 순 900g|97,동원참치액 순 900g,97,,Expecting value: line 2 column 512 (char 512)
동원참치액 순 900g|102,동원참치액 순 900g,102,"{""product_name"": ""동원참치액 순 900g"", ""persona_key"": 102, ""purchase_behavior_prediction"": {""purchase_probability_pct"": 85, ""reason"": ""이 소비자는 건강을 최우선으로 고려하는 프리미엄 소비자 그룹에 속하며, HMR(가정간편식) 선호도가 높습니다. 동원참치액은 시원하고 깔끔한 감칠맛을 제공하며, 요리하는 2세대 가족을 타겟으로 하여 편리함과 건강을 동시에 만족시킬 수 있는 제품입니다. 가격은 9,980원으로, 경쟁 제품의 가격대(1,366원 ~ 2,996원)와 비교했을 때 다소 높은 편이지만, 이 소비자는 가격보다 품질과 건강을 중시하므로 긍정적으로 받아들일 가능성이 높습니다. 또한, 광고와 프로모션이 예정되어 있어 소비자의 관심을 끌 수 있는 요소가 있습니다."", ""monthly_purchase_frequency"": 2}}",
동원참치액 순 900g|100,동원참치액 순 900g,100,,Expecting value: line 2 column 512 (char 512)
동원참치액 순 900g|105,동원참치액 순 900g,105,"{""product_name"": ""동원참치액 순 900g"", ""persona_key"": 105, ""purchase_behavior_prediction"": {""purchase_probability_pct"": 85, ""reason"": ""이 페르소나는 '건강 추구형 소비자'로, HMR(가정간편식) 선호도가 높아 건강과 편리성을 중시합니다. 동원참치액은 시원하고 깔끔한 감칠맛을 제공하며, 요리하는 2세대 가족을 타겟으로 하여 이 소비자의 요리 편의성을 높여줄 수 있습니다. 가격은 9,980원으로, 경쟁 제품의 가격대(1,366원 ~ 2,996원)보다 높은 편이지만, 프리미엄 제품을 선호하는 이 소비자에게는 수용 가능한 가격으로 보입니다. 따라서, 건강과 편리함을 동시에 제공하는 이 제품은 구매 확률이 높습니다."", ""monthly_purchase_frequency"": 2}}",
동원참치액 순 900g|104,동원참치액 순 900g,104,"{""product_name"": ""동원참치액 순 900g"", ""persona_key"": 104, ""purchase_behavior_prediction"": {""purchase_probability_pct"": 85, ""reason"": ""이 페르소나는 건강을 최우선으로 고려하는 소비자로, HMR(가정간편식) 선호도가 매우 높습니다. 동원참치액은 시원하고 깔끔한 감칠맛을 제공하며, 높은 만족도를 자랑합니다. 이는 요리하는 2세대 가족인 페르소나에게 매우 매력적입니다. 또한, 가격이 9,980원으로 경쟁 제품의 가격대(1,366원 ~ 2,996원)와 비교했을 때 합리적인 수준에 위치하고 있어, 가격에 대한 민감도가 낮은 이 소비자에게 긍정적으로 작용할 것입니다. 따라서, 이 소비자는 건강과 편리성을 모두 만족시키는 제품에 기꺼이 지갑을 열 가능성이 높습니다."", ""monthly_purchase_frequency"": 2}}",
동원참치액 순 900g|101,동원참치액 순 900g,101,,Expecting value: line 2 column 512 (char 512)
동원참치액 순 900g|106,동원참치액 순 900g,106,,Expecting value: line 2 column 512 (char 512)
동원참치액 순 900g|107,동원참치액 순 900g,107,"{""product_name"": ""동원참치액 순 900g"", ""persona_key"": 107, ""purchase_behavior_prediction"": {""purchase_probability_pct"": 85, ""reason"": ""이 페르소나는 건강을 최우선으로 고려하는 소비자로, HMR(가정간편식) 선호도가 매우 높습니다. 동원참치액은 시원하고 깔끔한 감칠맛을 제공하며, 요리하는 2세대 가족을 타겟으로 하고 있어 이 소비자의 요리 편리성과 건강 지향적인 특성과 잘 맞습니다. 또한, 가격이 9,980원으로 경쟁 제품의 가격 범위(1,366원 ~ 2,996원)와 비교했을 때 상대적으로 높은 편이지만, 프리미엄 소비자 그룹에 속하는 이 페르소나는 가격보다는 품질과 건강을 중시하기 때문에 긍정적으로 받아들일 가능성이 높습니다."", ""monthly_purchase_frequency"": 2}}",
동원참치액 순 900g|103,동원참치액 순 900g,103,,Expecting value: line 2 column 512 (char 512)
동원참치액 순 900g|111,동원참치액 순 900g,111,,Expecting value: line 2 column 512 (char 512)
동원참치액 순 900g|112,동원참치액 순 900g,112,,Expecting value: line 2 column 512 (char 512)
동원참치액 순 900g|108,동원참치액 순 900g,108,,Expecting value: line 2 column 512 (char 512)
동원참치액 순 900g|110,동원참치액 순 900g,110,,Expecting value: line 2 column 512 (char 512)
동원참치액 순 900g|109,동원참치액 순 900g,109,,Expecting value: line 2 column 512 (char 512)
동원참치액 순 900g|113,동원참치액 순 900g,113,,Expecting value: line 2 column 512 (char 512)
동원참치액 순 900g|118,동원참치액 순 900g,118,"{""product_name"": ""동원참치액 순 900g"", ""persona_key"": 118, ""purchase_behavior_prediction"": {""purchase_probability_pct"": 85, ""reason"": ""페르소나는 HMR(가정간편식) 선호도가 매우 높고(0.882), 이는 간편하고 빠른 요리를 선호하는 경향을 나타냅니다. 제품의 특징인 '시원하고 깔끔한 감칠맛'과 '높은 만족도'는 요리하는 2세대 가족에게 매력적이며, 특히 바쁜 일상 속에서 간편하게 사용할 수 있는 조미료는 큰 장점으로 작용합니다. 또한, 페르소나는 브랜드 충성도가 높고(0.591), 이는 동원 F&B와 같은 브랜드에 대한 신뢰를 바탕으로 구매를 결정할 가능성이 높습니다. 시장 경쟁 환경에서 동원참치액의 가격(9,980원)은 경쟁 제품의 가격대(1,366원 ~ 2,996원)보다 상대적으로 높은 편이지만, 품질과 브랜드 신뢰성을 고려할 때 가격에 대한 민감도(0.363)도 낮아 긍정적으로 작용할 것입니다. 이러한 요소들이 결합되어 구매 확률이 높다고 예측됩니다."", ""monthly_purchase_frequency"": 2}}",
동원참치액 순 900g|115,동원참치액 순 900g,115,,Expecting value: line 2 column 512 (char 512)
동원참치액 순 900g|114,동원참치액 순 900g,114,,Expecting value: line 2 column 512 (char 512)
동원참치액 순 900g|117,동원참치액 순 900g,117,,Expecting value: line 2 column 512 (char 512)
동원참치액 순 900g|116,동원참치액 순 900g,116,,Expecting value: line 2 column 512 (char 512)
동원참치액 순 900g|124,동원참치액 순 900g,124,,Expecting value: line 2 column 512 (char 512)
동원참치액 순 900g|119,동원참치액 순 900g,119,,Expecting value: line 2 column 512 (char 512)
동원참치액 순 900g|121,동원참치액 순 900g,121,,Expecting value: line 2 column 512 (char 512)
동원참치액 순 900g|120,동원참치액 순 900g,120,,Expecting value: line 2 column 512 (char 512)
동원참치액 순 900g|122,동원참치액 순 900g,122,,Expecting value: line 2 column 512 (char 512)
동원참치액 순 900g|123,동원참치액 순 900g,123,,Expecting value: line 2 column 512 (char 512)
동원참치액 순 900g|128,동원참치액 순 900g,128,"{""product_name"": ""동원참치액 순 900g"", ""persona_key"": 128, ""purchase_behavior_prediction"": {""purchase_probability_pct"": 85, ""reason"": ""페르소나는 HMR(가정간편식) 선호도가 매우 높고(0.941), 이는 요리의 편리함과 시간을 중시하는 경향을 나타냅니다. 동원참치액은 시원하고 깔끔한 감칠맛을 제공하며, 2세대 가족을 대상으로 한 제품으로, 페르소나의 가족 구성과 잘 맞아떨어집니다. 또한, 브랜드 충성도(0.609)와 요리 편리성(0.602)도 높아, 제품의 높은 만족도와 광고/프로모션이 긍정적인 영향을 미칠 것입니다. 경쟁 제품의 가격대가 100g당 1,366원에서 2,996원 사이인 점을 고려할 때, 동원참치액의 가격(9,980원, 900g 기준)은 경쟁 제품에 비해 합리적이며, 가격 민감도가 낮은 페르소나에게 긍정적으로 작용할 것입니다."", ""monthly_purchase_frequency"": 2}}",
동원참치액 순 900g|127,동원참치액 순 900g,127,"{""product_name"": ""동원참치액 순 900g"", ""persona_key"": 127, ""purchase_behavior_prediction"": {""purchase_probability_pct"": 85, ""reason"": ""이 페르소나는 HMR(가정간편식) 선호도가 매우 높고(0.9608), 요리하는 2세대 가족으로서 간편하고 맛있는 조미료를 찾고 있습니다. 제품의 특징인 '시원하고 깔끔한 감칠맛'과 '높은 만족도'는 이 소비자의 요리 편의성과 맛에 대한 요구를 충족시킬 수 있습니다. 또한, 브랜드 충성도가 높아(0.7172) 동원 F&B의 제품에 대한 신뢰도가 높습니다. 시장 경쟁 환경에서 동원참치액의 가격(9,980원)은 100g당 약 1,109원으로, 경쟁 제품의 가격 범위(1,366원 ~ 2,996원)보다 저렴하여 가격에 대한 민감도가 낮은 이 소비자에게 긍정적으로 작용할 것입니다. 따라서, 이 소비자는 제품을 구매할 가능성이 높습니다."", ""monthly_purchase_frequency"": 2}}",
동원참치액 순 900g|125,동원참치액 순 900g,125,,Expecting value: line 2 column 512 (char 512)
동원참치액 순 900g|126,동원참치액 순 900g,126,,Expecting value: line 2 column 512 (char 512)
동원참치액 순 900g|129,동원참치액 순 900g,129,,Expecting value: line 2 column 512 (char 512)
동원참치액 순 900g|130,동원참치액 순 900g,130,,Expecting value: line 2 column 512 (char 512)
동원참치액 순 900g|131,동원참치액 순 900g,131,,Expecting value: line 2 column 512 (char 512)
동원참치액 순 900g|132,동원참치액 순 900g,132,,Expecting value: line 2 column 512 (char 512)
동원참치액 순 900g|133,동원참치액 순 900g,133,,Expecting value: line 2 column 512 (char 512)
동원참치액 순 900g|137,동원참치액 순 900g,137,"{""product_name"": ""동원참치액 순 900g"", ""persona_key"": 137, ""purchase_behavior_prediction"": {""purchase_probability_pct"": 75, ""reason"": ""이 페르소나는 HMR(가정식 대체식품)에 대한 높은 선호도를 가지고 있으며, 이는 그가 요리하는 2세대 가족을 대상으로 하는 제품과 잘 맞아떨어집니다. 제품의 특징인 '시원하고 깔끔한 감칠맛'과 '높은 만족도'는 그가 추구하는 요리의 편리함과 맛을 충족시킬 수 있습니다. 또한, 시장 경쟁 환경에서 동원참치액의 가격이 100g당 1,110원으로 경쟁 제품보다 저렴한 편이기 때문에 가격에 대한 민감도가 낮은 이 소비자에게 긍정적인 요소로 작용할 것입니다. 따라서, 이 소비자는 제품을 구매할 가능성이 높습니다."", ""monthly_purchase_frequency"": 2}}",
동원참치액 순 900g|134,동원참치액 순 900g,134,,Expecting value: line 2 column 512 (char 512)
동원참치액 순 900g|138,동원참치액 순 900g,138,"{""product_name"": ""동원참치액 순 900g"", ""persona_key"": 138, ""purchase_behavior_prediction"": {""purchase_probability_pct"": 75, ""reason"": ""페르소나는 '실속형 미식가'로, 편리성과 맛을 동시에 중시하는 소비자입니다. HMR 선호도가 높아 조리의 편리함을 중시하며, 동원참치액은 시원하고 깔끔한 감칠맛을 제공하여 요리에 쉽게 활용할 수 있습니다. 가격은 9,980원으로, 경쟁 제품의 가격대(1,366원 ~ 2,996원)와 비교했을 때 상대적으로 높은 편이지만, 페르소나의 브랜드 충성도와 요리 편리성에 대한 선호가 이를 상쇄할 수 있습니다. 따라서, 이 소비자는 동원참치액을 구매할 가능성이 높습니다."", ""monthly_purchase_frequency"": 2}}",
동원참치액 순 900g|135,동원참치액 순 900g,135,,Expecting value: line 2 column 512 (char 512)
동원참치액 순 900g|136,동원참치액 순 900g,136,,Expecting value: line 2 column 512 (char 512)
동원참치액 순 900g|140,동원참치액 순 900g,140,"{""product_name"": ""동원참치액 순 900g"", ""persona_key"": 140, ""purchase_behavior_prediction"": {""purchase_probability_pct"": 75, ""reason"": ""이 페르소나는 '실속형 미식가'로, HMR(가정간편식) 선호도가 매우 높습니다(0.843). 이는 편리한 조리와 맛을 동시에 추구하는 경향을 나타냅니다. 동원참치액은 시원하고 깔끔한 감칠맛을 제공하며, 요리하는 2세대 가족을 타겟으로 하여 이 소비자의 요구에 부합합니다. 가격은 9,980원으로, 경쟁 제품의 가격대(1,366원 ~ 2,996원)와 비교했을 때 상대적으로 높은 편이지만, 이 소비자는 가격보다 효율성과 맛을 중시하므로 긍정적인 반응을 보일 것입니다. 또한, 광고와 프로모션이 예정되어 있어 소비자의 관심을 끌 가능성이 높습니다."", ""monthly_purchase_frequency"": 2}}",
동원참치액 순 900g|139,동원참치액 순 900g,139,,Expecting value: line 2 column 512 (char 512)
동원참치액 순 900g|141,동원참치액 순 900g,141,,Expecting value: line 2 column 512 (char 512)
동원참치액 순 900g|142,동원참치액 순 900g,142,,Expecting value: line 2 column 512 (char 512)
동원참치액 순 900g|143,동원참치액 순 900g,143,,Expecting value: line 2 column 512 (char 512)
동원참치액 순 900g|144,동원참치액 순 900g,144,,Expecting value: line 2 column 512 (char 512)
동원참치액 순 900g|146,동원참치액 순 900g,146,,Expecting value: line 2 column 512 (char 512)
동원참치액 순 900g|145,동원참치액 순 900g,145,,Expecting value: line 2 column 512 (char 512)
동원참치액 순 900g|148,동원참치액 순 900g,148,,Expecting value: line 2 column 512 (char 512)
동원참치액 순 900g|149,동원참치액 순 900g,149,,Expecting value: line 2 column 512 (char 512)
동원참치액 순 900g|147,동원참치액 순 900g,147,,Expecting value: line 2 column 512 (char 512)
동원참치액 순 900g|150,동원참치액 순 900g,150,,Expecting value: line 2 column 512 (char 512)
동원참치액 순 900g|153,동원참치액 순 900g,153,"{""product_name"": ""동원참치액 순 900g"", ""persona_key"": 153, ""purchase_behavior_prediction"": {""purchase_probability_pct"": 75, ""reason"": ""페르소나는 '실속형 미식가'로, 편리성과 맛을 중시하며 새로운 제품을 시도하는 데 적극적입니다. 'HMR 선호도'가 높아 조리 편의성을 중시하는 이 소비자는 동원참치액의 '시원하고 깔끔한 감칠맛'과 '높은 만족도'에 매력을 느낄 것입니다. 또한, 가격이 9,980원으로 경쟁 제품의 가격대(1,366원 ~ 2,996원)보다 상대적으로 높은 편이지만, 가격 민감도가 낮고 효율성과 맛을 중시하는 성향 덕분에 긍정적으로 받아들일 가능성이 큽니다. 따라서, 이 소비자는 제품을 구매할 확률이 높습니다."", ""monthly_purchase_frequency"": 2}}",
동원참치액 순 900g|151,동원참치액 순 900g,151,,Expecting value: line 2 column 512 (char 512)
동원참치액 순 900g|152,동원참치액 순 900g,152,,Expecting value: line 2 column 512 (char 512)
동원참치액 순 900g|155,동원참치액 순 900g,155,,Expecting value: line 2 column 512 (char 512)
동원참치액 순 900g|156,동원참치액 순 900g,156,,Expecting value: line 2 column 512 (char 512)
동원참치액 순 900g|154,동원참치액 순 900g,154,,Expecting value: line 2 column 512 (char 512)
동원참치액 순 900g|162,동원참치액 순 900g,162,"{""product_name"": ""동원참치액 순 900g"", ""persona_key"": 162, ""purchase_behavior_prediction"": {""purchase_probability_pct"": 85, ""reason"": ""이 페르소나는 건강 지향성이 매우 높고, 건강과 편리성을 모두 중시하는 소비자입니다. 동원참치액은 시원하고 깔끔한 감칠맛을 제공하며, 요리하는 2세대 가족을 타겟으로 하여 건강한 조미료로 적합합니다. 가격이 9,980원으로 경쟁 제품에 비해 상대적으로 저렴한 편이며, 시장에서의 경쟁 가격대(1,366원 ~ 2,996원)와 비교했을 때 가격에 대한 민감도가 낮은 이 소비자에게 매력적입니다. 또한, 광고와 프로모션이 예정되어 있어 소비자의 구매를 유도할 가능성이 높습니다."", ""monthly_purchase_frequency"": 2}}",
동원참치액 순 900g|160,동원참치액 순 900g,160,,Expecting value: line 2 column 512 (char 512)
동원참치액 순 900g|161,동원참치액 순 900g,161,"{""product_name"": ""동원참치액 순 900g"", ""persona_key"": 161, ""purchase_behavior_prediction"": {""purchase_probability_pct"": 85, ""reason"": ""이 페르소나는 건강을 최우선으로 고려하는 소비자로, HMR(가정간편식) 선호도가 매우 높습니다. '동원참치액 순'은 시원하고 깔끔한 감칠맛을 제공하며, 높은 만족도를 자랑합니다. 이러한 특성은 요리의 편리함을 중시하는 이 소비자에게 매력적입니다. 또한, 가격이 9,980원으로, 경쟁 제품의 가격대(1,366원 ~ 2,996원)와 비교했을 때 상대적으로 프리미엄 제품으로 인식될 수 있지만, 건강과 편리성을 중시하는 이 소비자는 가격에 대한 민감도가 낮아 구매를 결정할 가능성이 높습니다. 따라서, 이 제품은 페르소나의 요구를 충족시키며, 구매 확률이 높다고 판단됩니다."", ""monthly_purchase_frequency"": 2}}",
동원참치액 순 900g|157,동원참치액 순 900g,157,,Expecting value: line 2 column 512 (char 512)
동원참치액 순 900g|158,동원참치액 순 900g,158,,Expecting value: line 2 column 512 (char 512)
동원참치액 순 900g|163,동원참치액 순 900g,163,"{""product_name"": ""동원참치액 순 900g"", ""persona_key"": 163, ""purchase_behavior_prediction"": {""purchase_probability_pct"": 85, ""reason"": ""이 페르소나는 건강 추구형 소비자로, HMR(가정간편식) 선호도가 높아 요리의 편리함과 건강을 동시에 고려합니다. 동원참치액은 시원하고 깔끔한 감칠맛을 제공하며, 높은 만족도를 자랑하는 제품으로, 요리하는 2세대 가족을 타겟으로 하고 있습니다. 이 소비자는 가격에 대한 민감도가 낮고, 건강과 편리성을 중시하기 때문에 이 제품의 매력을 크게 느낄 것입니다. 또한, 경쟁 제품의 가격대가 100g당 1,366원에서 2,996원으로 다양하나, 동원참치액의 가격이 900g에 9,980원으로 상대적으로 합리적이어서 긍정적으로 받아들일 가능성이 높습니다."", ""monthly_purchase_frequency"": 2}}",
동원참치액 순 900g|164,동원참치액 순 900g,164,,Expecting value: line 2 column 512 (char 512)
동원참치액 순 900g|159,동원참치액 순 900g,159,,Expecting value: line 2 column 512 (char 512)
동원참치액 순 900g|166,동원참치액 순 900g,166,,Expecting value: line 2 column 512 (char 512)
동원참치액 순 900g|165,동원참치액 순 900g,165,,Expecting value: line 2 column 512 (char 512)
동원참치액 순 900g|170,동원참치액 순 900g,170,"{""product_name"": ""동원참치액 순 900g"", ""persona_key"": 170, ""purchase_behavior_prediction"": {""purchase_probability_pct"": 85, ""reason"": ""이 페르소나는 HMR(가정식 대체식품)에 대한 높은 선호도를 가지고 있으며, 이는 요리의 편리함과 시간을 절약하려는 욕구와 연결됩니다. 동원참치액은 시원하고 깔끔한 감칠맛을 제공하며, 요리하는 2세대 가족을 타겟으로 하고 있어 이 소비자의 요구에 잘 부합합니다. 또한, 브랜드 충성도가 높고, 가격에 대한 민감도가 상대적으로 낮아, 9,980원의 가격이 경쟁 제품의 가격 범위(1,366원 ~ 2,996원)와 비교했을 때 합리적으로 느껴질 것입니다. 따라서 이 소비자는 제품의 품질과 브랜드 신뢰성을 고려할 때 구매할 가능성이 높습니다."", ""monthly_purchase_frequency"": 2}}",
동원참치액 순 900g|167,동원참치액 순 900g,167,,Expecting value: line 2 column 512 (char 512)
동원참치액 순 900g|169,동원참치액 순 900g,169,,Expecting value: line 2 column 512 (char 512)
동원참치액 순 900g|168,동원참치액 순 900g,168,,Expecting value: line 2 column 512 (char 512)
동원참치액 순 900g|172,동원참치액 순 900g,172,"{""product_name"": ""동원참치액 순 900g"", ""persona_key"": 172, ""purchase_behavior_prediction"": {""purchase_probability_pct"": 85, ""reason"": ""이 페르소나는 HMR(가정간편식) 선호도가 매우 높고(0.902), 요리하는 2세대 가족을 대상으로 한 제품이므로, 간편하게 사용할 수 있는 조미료에 대한 수요가 큽니다. 또한, 브랜드 충성도가 높아(0.828) 동원 F&B의 제품에 대한 신뢰가 있으며, 시원하고 깔끔한 감칠맛과 높은 만족도를 제공하는 제품 특성이 매력적입니다. 시장 경쟁 환경에서 동원참치액의 가격은 9,980원으로, 경쟁 제품의 가격 범위(1,366원 ~ 2,996원)와 비교했을 때 상대적으로 높은 편이지만, 브랜드 충성도와 HMR 선호도가 높은 이 소비자에게는 가격이 크게 부담되지 않을 것입니다. 따라서, 이 소비자는 제품을 구매할 가능성이 높습니다."", ""monthly_purchase_frequency"": 2}}",
동원참치액 순 900g|171,동원참치액 순 900g,171,,Expecting value: line 2 column 512 (char 512)
동원참치액 순 900g|173,동원참치액 순 900g,173,,Expecting value: line 2 column 512 (char 512)
동원참치액 순 900g|174,동원참치액 순 900g,174,,Expecting value: line 2 column 512 (char 512)
동원참치액 순 900g|177,동원참치액 순 900g,177,,Expecting value: line 2 column 512 (char 512)
동원참치액 순 900g|175,동원참치액 순 900g,175,,Expecting value: line 2 column 512 (char 512)
동원참치액 순 900g|176,동원참치액 순 900g,176,,Expecting value: line 2 column 512 (char 512)
동원참치액 순 900g|178,동원참치액 순 900g,178,,Expecting value: line 2 column 512 (char 512)
동원참치액 순 900g|179,동원참치액 순 900g,179,,Expecting value: line 2 column 512 (char 512)
동원참치액 순 900g|180,동원참치액 순 900g,180,,Expecting value: line 2 column 512 (char 512)
동원참치액 순 900g|181,동원참치액 순 900g,181,,Expecting value: line 2 column 512 (char 512)
동원참치액 순 900g|183,동원참치액 순 900g,183,,Expecting value: line 2 column 512 (char 512)
동원참치액 순 900g|186,동원참치액 순 900g,186,"{""product_name"": ""동원참치액 순 900g"", ""persona_key"": 186, ""purchase_behavior_prediction"": {""purchase_probability_pct"": 75, ""reason"": ""이 페르소나는 HMR(가정식 대체식품)에 대한 높은 선호도를 가지고 있으며, 이는 그녀가 요리를 간편하게 하고 싶어하는 경향을 반영합니다. 제품의 '시원하고 깔끔한 감칠맛'과 '높은 만족도'는 그녀가 요리하는 2세대 가족을 대상으로 한 제품의 특성과 잘 맞아떨어집니다. 또한, 가격이 9,980원으로 경쟁 제품의 가격 범위(1,366원 ~ 2,996원)와 비교했을 때 상대적으로 합리적이며, 그녀의 가격 민감도가 낮은 편이기 때문에 긍정적으로 받아들일 가능성이 높습니다. 시장에서의 트렌드 주도형 소비자로서 새로운 제품을 경험하고 공유하려는 성향이 강한 만큼, SNS 바이럴 광고가 효과를 발휘할 것으로 예상됩니다."", ""monthly_purchase_frequency"": 2}}",
동원참치액 순 900g|185,동원참치액 순 900g,185,,Expecting value: line 2 column 512 (char 512)
동원참치액 순 900g|184,동원참치액 순 900g,184,,Expecting value: line 2 column 512 (char 512)
동원참치액 순 900g|182,동원참치액 순 900g,182,,Expecting value: line 2 column 512 (char 512)
동원참치액 순 900g|189,동원참치액 순 900g,189,"{""product_name"": ""동원참치액 순 900g"", ""persona_key"": 189, ""purchase_behavior_prediction"": {""purchase_probability_pct"": 85, ""reason"": ""페르소나는 '실속형 미식가'로, 편리성과 새로운 맛을 중시합니다. HMR 선호도가 높아 조리 편의성을 중시하며, 동원참치액은 시원하고 깔끔한 감칠맛을 제공하여 요리에 적합합니다. 가격에 대한 민감도가 낮아, 9,980원의 가격은 경쟁 제품의 가격 범위(1,366원 ~ 2,996원)와 비교했을 때 합리적으로 느껴질 수 있습니다. 따라서, 이 페르소나는 제품의 맛과 편리함을 고려할 때 높은 구매 확률을 보일 것입니다."", ""monthly_purchase_frequency"": 2}}",
동원참치액 순 900g|187,동원참치액 순 900g,187,,Expecting value: line 2 column 512 (char 512)
동원참치액 순 900g|188,동원참치액 순 900g,188,,Expecting value: line 2 column 512 (char 512)
동원참치액 순 900g|190,동원참치액 순 900g,190,,Expecting value: line 2 column 512 (char 512)
동원참치액 순 900g|193,동원참치액 순 900g,193,,Expecting value: line 2 column 512 (char 512)
동원참치액 순 900g|191,동원참치액 순 900g,191,,Expecting value: line 2 column 512 (char 512)
동원참치액 순 900g|192,동원참치액 순 900g,192,,Expecting value: line 2 column 512 (char 512)
동원참치액 순 900g|197,동원참치액 순 900g,197,"{""product_name"": ""동원참치액 순 900g"", ""persona_key"": 197, ""purchase_behavior_prediction"": {""purchase_probability_pct"": 85, ""reason"": ""이 페르소나는 '실속형 미식가'로, 다양한 맛을 추구하며 편리성을 중시하는 소비자입니다. '동원참치액'은 시원하고 깔끔한 감칠맛을 제공하여 새로운 맛을 시도하고자 하는 이 소비자의 욕구를 충족시킬 수 있습니다. 또한, 가격이 9,980원으로 경쟁 제품의 가격대(1,366원 ~ 2,996원)와 비교했을 때 상대적으로 합리적이며, 가격에 민감한 성향을 가진 페르소나에게 긍정적인 요소로 작용할 것입니다. 따라서, 이 제품은 페르소나의 다양한 요구를 충족시키며, 구매 확률이 높다고 판단됩니다."", ""monthly_purchase_frequency"": 2}}",
동원참치액 순 900g|194,동원참치액 순 900g,194,,Expecting value: line 2 column 512 (char 512)
동원참치액 순 900g|195,동원참치액 순 900g,195,,Expecting value: line 2 column 512 (char 512)
동원참치액 순 900g|196,동원참치액 순 900g,196,,Expecting value: line 2 column 512 (char 512)
동원참치액 순 900g|198,동원참치액 순 900g,198,,Expecting value: line 2 column 512 (char 512)
동원참치액 순 900g|202,동원참치액 순 900g,202,"{""product_name"": ""동원참치액 순 900g"", ""persona_key"": 202, ""purchase_behavior_prediction"": {""purchase_probability_pct"": 75, ""reason"": ""이 페르소나는 '실속형 미식가'로, HMR(가정식 대체식품)에 대한 선호도가 매우 높습니다(0.843). 이는 동원참치액이 요리의 편리함과 맛을 동시에 제공하기 때문에 매력적으로 작용할 것입니다. 제품의 특징인 '시원하고 깔끔한 감칠맛'과 '높은 만족도'는 이 소비자가 요리하는 2세대 가족으로서의 필요를 충족시켜줄 것입니다. 또한, 가격이 9,980원으로 경쟁사 가격대(1,366원 ~ 2,996원)보다 상대적으로 높은 편이지만, 이 소비자는 가격에 민감하기보다는 효율성과 맛을 중시하므로 긍정적인 반응을 보일 가능성이 높습니다."", ""monthly_purchase_frequency"": 2}}",
동원참치액 순 900g|199,동원참치액 순 900g,199,,Expecting value: line 2 column 512 (char 512)
동원참치액 순 900g|200,동원참치액 순 900g,200,,Expecting value: line 2 column 512 (char 512)
동원참치액 순 900g|201,동원참치액 순 900g,201,,Expecting value: line 2 column 512 (char 512)
동원참치액 순 900g|204,동원참치액 순 900g,204,"{""product_name"": ""동원참치액 순 900g"", ""persona_key"": 204, ""purchase_behavior_prediction"": {""purchase_probability_pct"": 75, ""reason"": ""페르소나는 '실속형 미식가'로, 편리성과 맛을 동시에 중시하며 새로운 제품을 시도하는 데 적극적입니다. HMR 선호도가 높아 조리의 편리함을 중시하는 이 소비자는 동원참치액의 '시원하고 깔끔한 감칠맛'과 '높은 만족도'를 긍정적으로 평가할 것입니다. 또한, 가격이 9,980원으로 경쟁 제품의 가격대(1,366원 ~ 2,996원)보다 상대적으로 높은 편이지만, 가격 민감도가 낮고 효율성을 중시하는 특성 덕분에 구매를 고려할 가능성이 큽니다. 따라서, 이 소비자는 동원참치액을 구매할 확률이 높습니다."", ""monthly_purchase_frequency"": 2}}",
동원참치액 순 900g|203,동원참치액 순 900g,203,,Expecting value: line 2 column 512 (char 512)
동원참치액 순 900g|205,동원참치액 순 900g,205,,Expecting value: line 2 column 512 (char 512)
동원참치액 순 900g|206,동원참치액 순 900g,206,,Expecting value: line 2 column 512 (char 512)
동원참치액 순 900g|207,동원참치액 순 900g,207,,Expecting value: line 2 column 512 (char 512)
동원참치액 순 900g|208,동원참치액 순 900g,208,,Expecting value: line 2 column 512 (char 512)
동원참치액 순 900g|209,동원참치액 순 900g,209,,Expecting value: line 2 column 512 (char 512)
동원참치액 순 900g|210,동원참치액 순 900g,210,,Expecting value: line 2 column 512 (char 512)
동원참치액 순 900g|212,동원참치액 순 900g,212,,Expecting value: line 2 column 512 (char 512)
동원참치액 순 900g|213,동원참치액 순 900g,213,,Expecting value: line 2 column 512 (char 512)
동원참치액 순 900g|211,동원참치액 순 900g,211,,Expecting value: line 2 column 512 (char 512)
동원참치액 순 900g|214,동원참치액 순 900g,214,,Expecting value: line 2 column 512 (char 512)
동원참치액 순 900g|216,동원참치액 순 900g,216,"{""product_name"": ""동원참치액 순 900g"", ""persona_key"": 216, ""purchase_behavior_prediction"": {""purchase_probability_pct"": 75, ""reason"": ""이 페르소나는 '건강 추구형 소비자'로, HMR(가정간편식) 선호도가 높고 건강과 편리성을 중시합니다. 동원참치액은 시원하고 깔끔한 감칠맛을 제공하며, 조미료로서 요리의 편리함을 더해줍니다. 또한, 가격이 9,980원으로 경쟁 제품의 가격대(1,366원 ~ 2,996원)보다 상대적으로 비쌀 수 있지만, 프리미엄 제품에 대한 수용도가 높아 가격에 대한 민감도가 낮습니다. 따라서 이 소비자는 제품의 품질과 건강성을 고려하여 구매할 가능성이 높습니다."", ""monthly_purchase_frequency"": 2}}",
동원참치액 순 900g|215,동원참치액 순 900g,215,,Expecting value: line 2 column 512 (char 512)
동원참치액 순 900g|220,동원참치액 순 900g,220,"{""product_name"": ""동원참치액 순 900g"", ""persona_key"": 220, ""purchase_behavior_prediction"": {""purchase_probability_pct"": 85, ""reason"": ""이 페르소나는 건강을 최우선으로 고려하는 소비자로, HMR(가정간편식) 선호도가 높습니다. 동원참치액은 시원하고 깔끔한 감칠맛을 제공하며, 2세대 가족을 대상으로 한 제품으로 요리의 편리함을 더해줍니다. 또한, 가격이 9,980원으로 경쟁 제품의 가격대(1,366원 ~ 2,996원)보다 상대적으로 비쌀 수 있지만, 건강과 편리성을 중시하는 이 소비자는 가격에 대한 민감도가 낮아 프리미엄 제품에 대한 수용도가 높습니다. 따라서, 이 제품은 그녀의 요리 스타일과 잘 맞아떨어지며, 광고와 프로모션이 진행되는 시기에 구매 확률이 더욱 높아질 것입니다."", ""monthly_purchase_frequency"": 2}}",
동원참치액 순 900g|217,동원참치액 순 900g,217,,Expecting value: line 2 column 512 (char 512)
동원참치액 순 900g|218,동원참치액 순 900g,218,,Expecting value: line 2 column 512 (char 512)
동원참치액 순 900g|219,동원참치액 순 900g,219,,Expecting value: line 2 column 512 (char 512)
동원참치액 순 900g|221,동원참치액 순 900g,221,,Expecting value: line 2 column 512 (char 512)
동원참치액 순 900g|225,동원참치액 순 900g,225,"{""product_name"": ""동원참치액 순 900g"", ""persona_key"": 225, ""purchase_behavior_prediction"": {""purchase_probability_pct"": 85, ""reason"": ""이 소비자는 건강을 최우선으로 고려하는 '건강 추구형 소비자'로, HMR(가정간편식) 선호도가 매우 높습니다. 동원참치액은 시원하고 깔끔한 감칠맛을 제공하며, 2세대 가족을 대상으로 한 제품으로 요리 편리성을 강조합니다. 또한, 가격이 9,980원으로 경쟁 제품에 비해 적당한 수준이며, 가격 민감도가 낮은 소비자이기 때문에 가격에 대한 부담이 적습니다. 건강과 편리성을 모두 만족시키는 제품에 기꺼이 지갑을 열 가능성이 높습니다. 따라서, 이 소비자가 동원참치액을 구매할 확률은 85%로 예측됩니다."", ""monthly_purchase_frequency"": 2}}",
동원참치액 순 900g|222,동원참치액 순 900g,222,,Expecting value: line 2 column 512 (char 512)
동원참치액 순 900g|227,동원참치액 순 900g,227,"{""product_name"": ""동원참치액 순 900g"", ""persona_key"": 227, ""purchase_behavior_prediction"": {""purchase_probability_pct"": 85, ""reason"": ""이 페르소나는 건강 추구형 소비자로, HMR(가정간편식) 선호도가 높아 요리의 편리함과 건강을 동시에 중시합니다. 동원참치액은 시원하고 깔끔한 감칠맛을 제공하며, 2세대 가족을 대상으로 하여 가족의 건강을 고려한 조미료로 적합합니다. 가격은 9,980원으로, 경쟁 제품의 가격대(1,366원 ~ 2,996원)와 비교했을 때 상대적으로 높은 편이지만, 이 소비자는 가격보다 건강과 편리성을 우선시하기 때문에 긍정적으로 받아들일 가능성이 큽니다. 또한, 브랜드 충성도가 높고 프리미엄 제품에 대한 수용도가 높아 구매 확률이 높습니다."", ""monthly_purchase_frequency"": 2}}",
동원참치액 순 900g|223,동원참치액 순 900g,223,,Expecting value: line 2 column 512 (char 512)
동원참치액 순 900g|228,동원참치액 순 900g,228,"{""product_name"": ""동원참치액 순 900g"", ""persona_key"": 228, ""purchase_behavior_prediction"": {""purchase_probability_pct"": 85, ""reason"": ""이 페르소나는 건강 추구형 소비자로, HMR(가정간편식) 선호도가 높습니다. 제품의 특징인 '시원하고 깔끔한 감칠맛'과 '높은 만족도'는 요리하는 2세대 가족에게 매력적이며, 특히 건강과 편리성을 중시하는 소비자에게 적합합니다. 가격이 9,980원으로 경쟁 제품의 가격 범위(1,366원 ~ 2,996원)보다 상대적으로 높은 편이지만, 이 소비자는 가격에 민감하지 않으며 프리미엄 제품에 대한 수용도가 높습니다. 따라서 이 제품은 그녀의 요리 스타일과 잘 맞아떨어져 구매 확률이 높습니다."", ""monthly_purchase_frequency"": 2}}",
동원참치액 순 900g|224,동원참치액 순 900g,224,,Expecting value: line 2 column 512 (char 512)
동원참치액 순 900g|226,동원참치액 순 900g,226,,Expecting value: line 2 column 512 (char 512)
동원참치액 순 900g|229,동원참치액 순 900g,229,,Expecting value: line 2 column 512 (char 512)
동원참치액 순 900g|230,동원참치액 순 900g,230,,Expecting value: line 2 column 512 (char 512)
동원참치액 순 900g|231,동원참치액 순 900g,231,,Expecting value: line 2 column 512 (char 512)
동원참치액 순 900g|233,동원참치액 순 900g,233,,Expecting value: line 2 column 512 (char 512)
동원참치액 순 900g|232,동원참치액 순 900g,232,,Expecting value: line 2 column 512 (char 512)
동원참치액 순 900g|234,동원참치액 순 900g,234,,Expecting value: line 2 column 512 (char 512)
동원참치액 순 900g|235,동원참치액 순 900g,235,,Expecting value: line 2 column 512 (char 512)
동원참치액 순 900g|236,동원참치액 순 900g,236,,Expecting value: line 2 column 512 (char 512)
동원참치액 순 900g|239,동원참치액 순 900g,239,,Expecting value: line 2 column 512 (char 512)
동원참치액 순 900g|238,동원참치액 순 900g,238,,Expecting value: line 2 column 512 (char 512)
동원참치액 순 900g|237,동원참치액 순 900g,237,,Expecting value: line 2 column 512 (char 512)
동원참치액 순 900g|240,동원참치액 순 900g,240,,Expecting value: line 2 column 512 (char 512)
동원참치액 순 900g|242,동원참치액 순 900g,242,"{""product_name"": ""동원참치액 순 900g"", ""persona_key"": 242, ""purchase_behavior_prediction"": {""purchase_probability_pct"": 85, ""reason"": ""페르소나는 HMR(가정간편식) 선호도가 매우 높고, 이는 요리하는 2세대 가족을 대상으로 하는 동원참치액의 특성과 잘 맞아떨어집니다. 제품의 '시원하고 깔끔한 감칠맛'과 '높은 만족도'는 주부인 페르소나에게 매력적으로 다가올 것입니다. 또한, 가격이 9,980원으로 경쟁 제품의 가격 범위(1,366원 ~ 2,996원)와 비교했을 때 상대적으로 합리적이며, 가격 민감도가 낮은 페르소나의 특성도 긍정적으로 작용할 것입니다. 이러한 요소들이 결합되어 페르소나가 이 제품을 구매할 확률이 높다고 판단됩니다."", ""monthly_purchase_frequency"": 2}}",
동원참치액 순 900g|241,동원참치액 순 900g,241,,Expecting value: line 2 column 512 (char 512)
동원참치액 순 900g|243,동원참치액 순 900g,243,,Expecting value: line 2 column 512 (char 512)
동원참치액 순 900g|244,동원참치액 순 900g,244,,Expecting value: line 2 column 512 (char 512)
동원참치액 순 900g|245,동원참치액 순 900g,245,,Expecting value: line 2 column 512 (char 512)
동원참치액 순 900g|248,동원참치액 순 900g,248,,Expecting value: line 2 column 512 (char 512)
동원참치액 순 900g|246,동원참치액 순 900g,246,,Expecting value: line 2 column 512 (char 512)
동원참치액 순 900g|247,동원참치액 순 900g,247,,Expecting value: line 2 column 512 (char 512)
동원참치액 순 900g|251,동원참치액 순 900g,251,"{""product_name"": ""동원참치액 순 900g"", ""persona_key"": 251, ""purchase_behavior_prediction"": {""purchase_probability_pct"": 75, ""reason"": ""이 페르소나는 '실속형 미식가'로, 편리성과 맛을 동시에 중시하는 소비자입니다. HMR 선호도가 높아 조리의 편리함을 중시하며, 동원참치액의 시원하고 깔끔한 감칠맛은 그의 요리 스타일과 잘 맞아떨어집니다. 또한, 가격에 대한 민감도가 낮고, 효율성과 맛을 추구하기 때문에 9,980원의 가격은 그에게 매력적으로 다가올 것입니다. 시장 경쟁 환경에서 100g당 가격이 1,366원에서 2,996원 사이인 점을 고려할 때, 동원참치액의 가격은 경쟁력 있는 수준입니다. 따라서 이 소비자는 제품을 구매할 가능성이 높습니다."", ""monthly_purchase_frequency"": 2}}",
동원참치액 순 900g|253,동원참치액 순 900g,253,"{""product_name"": ""동원참치액 순 900g"", ""persona_key"": 253, ""purchase_behavior_prediction"": {""purchase_probability_pct"": 75, ""reason"": ""이 페르소나는 '건강 추구형 소비자'로, 건강과 편리성을 중시하며 HMR(가정간편식) 선호도가 높습니다. 동원참치액은 시원하고 깔끔한 감칠맛을 제공하며, 요리하는 2세대 가족을 타겟으로 하여 간편하게 사용할 수 있는 조미료입니다. 가격이 9,980원으로 경쟁 제품의 가격 범위(1,366원 ~ 2,996원)보다 상대적으로 높은 편이지만, 건강과 편리성을 중시하는 이 소비자는 가격에 크게 구애받지 않고 프리미엄 제품에 지출할 의향이 있습니다. 따라서, 이 제품은 페르소나의 요구를 충족시킬 수 있어 구매 확률이 높습니다."", ""monthly_purchase_frequency"": 2}}",
동원참치액 순 900g|249,동원참치액 순 900g,249,,Expecting value: line 2 column 512 (char 512)
동원참치액 순 900g|250,동원참치액 순 900g,250,,Expecting value: line 2 column 512 (char 512)
동원참치액 순 900g|252,동원참치액 순 900g,252,,Expecting value: line 2 column 512 (char 512)
동원참치액 순 900g|254,동원참치액 순 900g,254,,Expecting value: line 2 column 512 (char 512)
동원참치액 순 900g|259,동원참치액 순 900g,259,"{""product_name"": ""동원참치액 순 900g"", ""persona_key"": 259, ""purchase_behavior_prediction"": {""purchase_probability_pct"": 75, ""reason"": ""이 페르소나는 '실속형 미식가'로, 편리성과 맛을 중시하며 새로운 제품을 시도하는 데 적극적입니다. HMR 선호도가 높아 조리 편의성을 중시하는 이 소비자는 동원참치액의 시원하고 깔끔한 감칠맛과 높은 만족도를 긍정적으로 평가할 것입니다. 또한, 가격이 9,980원으로 경쟁 제품의 가격대(1,366원 ~ 2,996원)와 비교했을 때 상대적으로 합리적이며, 브랜드 충성도가 높아 동원 F&B의 제품을 선호할 가능성이 큽니다. 이러한 요소들이 결합되어 구매 확률이 높다고 판단됩니다."", ""monthly_purchase_frequency"": 2}}",
동원참치액 순 900g|258,동원참치액 순 900g,258,"{""product_name"": ""동원참치액 순 900g"", ""persona_key"": 258, ""purchase_behavior_prediction"": {""purchase_probability_pct"": 75, ""reason"": ""이 페르소나는 HMR(가정간편식) 선호도가 높고, 요리하는 2세대 가족을 타겟으로 한 제품에 매력을 느낄 가능성이 큽니다. 특히, '시원하고 깔끔한 감칠맛'과 '높은 만족도'는 간편하게 요리를 즐기고자 하는 소비자의 요구를 충족시킬 수 있습니다. 또한, 브랜드 충성도가 높고 요리 편의성을 중시하는 경향이 있어, 동원 F&B의 제품이 그들의 기대를 충족할 것으로 보입니다. 시장 경쟁 환경에서 가격이 100g당 1,366원에서 2,996원으로 다양하게 형성되어 있는 점은 가격 민감도가 낮은 이 소비자에게 긍정적으로 작용할 것입니다. 따라서, 이 소비자는 동원참치액을 구매할 가능성이 높습니다."", ""monthly_purchase_frequency"": 2}}",
동원참치액 순 900g|256,동원참치액 순 900g,256,,Expecting value: line 2 column 512 (char 512)
동원참치액 순 900g|255,동원참치액 순 900g,255,,Expecting value: line 2 column 512 (char 512)
동원참치액 순 900g|257,동원참치액 순 900g,257,,Expecting value: line 2 column 512 (char 512)
동원참치액 순 900g|262,동원참치액 순 900g,262,"{""product_name"": ""동원참치액 순 900g"", ""persona_key"": 262, ""purchase_behavior_prediction"": {""purchase_probability_pct"": 75, ""reason"": ""이 페르소나는 '실속형 미식가'로, 편리성과 새로운 맛을 중시합니다. 'HMR 선호도'가 높아 조리 편의성을 중요시하며, 동원참치액의 시원하고 깔끔한 감칠맛은 이 소비자에게 매력적입니다. 또한, 가격이 9,980원으로 경쟁 제품의 가격 범위(1,366원 ~ 2,996원)보다 상대적으로 높은 편이지만, 이 소비자는 가격에 민감하기보다는 효율성과 맛을 추구하기 때문에 긍정적으로 받아들일 가능성이 높습니다. 따라서, 이 제품은 그녀의 요리 스타일과 잘 맞아떨어지며, 구매 확률이 높습니다."", ""monthly_purchase_frequency"": 2}}",
동원참치액 순 900g|260,동원참치액 순 900g,260,,Expecting value: line 2 column 512 (char 512)
동원참치액 순 900g|261,동원참치액 순 900g,261,,Expecting value: line 2 column 512 (char 512)
동원참치액 순 900g|264,동원참치액 순 900g,264,,Expecting value: line 2 column 512 (char 512)
동원참치액 순 900g|265,동원참치액 순 900g,265,,Expecting value: line 2 column 512 (char 512)
동원참치액 순 900g|263,동원참치액 순 900g,263,,Expecting value: line 2 column 512 (char 512)
동원참치액 순 900g|267,동원참치액 순 900g,267,"{""product_name"": ""동원참치액 순 900g"", ""persona_key"": 267, ""purchase_behavior_prediction"": {""purchase_probability_pct"": 75, ""reason"": ""이 페르소나는 '실속형 미식가'로, HMR(가정간편식) 선호도가 높아 편리한 조리법과 맛을 중시합니다. 동원참치액은 시원하고 깔끔한 감칠맛을 제공하며, 요리하는 2세대 가족을 타겟으로 하여 이 소비자의 요리 편의성을 충족시킵니다. 또한, 가격이 9,980원으로 경쟁 제품의 가격 범위(1,366원 ~ 2,996원)와 비교했을 때 상대적으로 합리적이며, 가격에 대한 민감도가 낮은 편이므로 긍정적인 반응을 보일 것입니다. 따라서, 이 소비자는 제품의 효율성과 맛을 모두 고려하여 구매할 가능성이 높습니다."", ""monthly_purchase_frequency"": 2}}",
동원참치액 순 900g|268,동원참치액 순 900g,268,"{""product_name"": ""동원참치액 순 900g"", ""persona_key"": 268, ""purchase_behavior_prediction"": {""purchase_probability_pct"": 75, ""reason"": ""이 페르소나는 '실속형 미식가'로, HMR(가정간편식) 선호도가 매우 높습니다(0.92). 이는 편리함과 맛을 동시에 중시하는 소비자 특성을 반영합니다. 동원참치액은 시원하고 깔끔한 감칠맛을 제공하며, 요리하는 2세대 가족을 타겟으로 하고 있어, 이 페르소나의 요리 편의성과 맛에 대한 요구를 충족시킬 수 있습니다. 또한, 가격이 9,980원으로 경쟁 제품의 가격대(1,366원 ~ 2,996원)보다 상대적으로 높지만, 이 소비자는 가격에 민감하기보다는 효율성과 맛을 중시하므로 긍정적으로 받아들일 가능성이 큽니다."", ""monthly_purchase_frequency"": 2}}",
동원참치액 순 900g|266,동원참치액 순 900g,266,,Expecting value: line 2 column 512 (char 512)
동원참치액 순 900g|271,동원참치액 순 900g,271,,Expecting value: line 2 column 512 (char 512)
동원참치액 순 900g|269,동원참치액 순 900g,269,,Expecting value: line 2 column 512 (char 512)
동원참치액 순 900g|270,동원참치액 순 900g,270,,Expecting value: line 2 column 512 (char 512)
동원참치액 순 900g|272,동원참치액 순 900g,272,,Expecting value: line 2 column 512 (char 512)
동원참치액 순 900g|273,동원참치액 순 900g,273,,Expecting value: line 2 column 512 (char 512)
동원참치액 순 900g|274,동원참치액 순 900g,274,,Expecting value: line 2 column 512 (char 512)
동원참치액 순 900g|278,동원참치액 순 900g,278,"{""product_name"": ""동원참치액 순 900g"", ""persona_key"": 278, ""purchase_behavior_prediction"": {""purchase_probability_pct"": 85, ""reason"": ""이 페르소나는 건강을 최우선으로 고려하는 소비자로, HMR(가정간편식) 선호도가 매우 높습니다. 동원참치액은 시원하고 깔끔한 감칠맛을 제공하며, 요리하는 2세대 가족을 타겟으로 하여 편리함과 건강을 동시에 만족시킬 수 있는 제품입니다. 가격이 9,980원으로, 경쟁 제품의 가격 범위(1,366원 ~ 2,996원)와 비교했을 때 상대적으로 높은 편이지만, 이 소비자는 가격보다 건강과 편리성을 중시하기 때문에 긍정적으로 받아들일 가능성이 큽니다. 또한, 브랜드 충성도가 높고, 건강 지향적인 성향이 강해 이 제품에 대한 구매 의사가 높습니다."", ""monthly_purchase_frequency"": 2}}",
동원참치액 순 900g|280,동원참치액 순 900g,280,"{""product_name"": ""동원참치액 순 900g"", ""persona_key"": 280, ""purchase_behavior_prediction"": {""purchase_probability_pct"": 85, ""reason"": ""이 페르소나는 건강을 최우선으로 고려하는 소비자로, HMR(가정간편식) 선호도가 높습니다. 동원참치액은 시원하고 깔끔한 감칠맛을 제공하며, 요리하는 2세대 가족을 타겟으로 하여 편리함과 건강을 동시에 만족시킬 수 있는 제품입니다. 또한, 가격이 9,980원으로 경쟁 제품의 가격대(1,366원 ~ 2,996원)보다 상대적으로 높은 편이지만, 가격 민감도가 낮은 이 페르소나는 품질과 건강을 중시하기 때문에 구매를 결정할 가능성이 높습니다. 따라서, 이 제품은 페르소나의 요구를 충족시키며, 광고와 프로모션이 진행되는 시기에 맞춰 구매 확률이 높아질 것입니다."", ""monthly_purchase_frequency"": 2}}",
동원참치액 순 900g|275,동원참치액 순 900g,275,,Expecting value: line 2 column 512 (char 512)
동원참치액 순 900g|277,동원참치액 순 900g,277,,Expecting value: line 2 column 512 (char 512)
동원참치액 순 900g|276,동원참치액 순 900g,276,,Expecting value: line 2 column 512 (char 512)
동원참치액 순 900g|281,동원참치액 순 900g,281,"{""product_name"": ""동원참치액 순 900g"", ""persona_key"": 281, ""purchase_behavior_prediction"": {""purchase_probability_pct"": 85, ""reason"": ""이 페르소나는 건강을 최우선으로 고려하는 소비자로, HMR(가정간편식) 선호도가 매우 높습니다. 동원참치액은 시원하고 깔끔한 감칠맛을 제공하며, 요리하는 2세대 가족을 타겟으로 하고 있어 이 소비자의 요리 편리성과 건강 지향성을 충족시킬 수 있습니다. 또한, 가격이 9,980원으로 경쟁 제품의 가격 범위(1,366원 ~ 2,996원)보다 상대적으로 높은 편이지만, 건강과 편리성을 중시하는 이 소비자는 가격에 대한 민감도가 낮아 프리미엄 제품에 지갑을 열 가능성이 높습니다."", ""monthly_purchase_frequency"": 2}}",
동원참치액 순 900g|279,동원참치액 순 900g,279,,Expecting value: line 2 column 512 (char 512)
동원참치액 순 900g|282,동원참치액 순 900g,282,,Expecting value: line 2 column 512 (char 512)
동원참치액 순 900g|283,동원참치액 순 900g,283,,Expecting value: line 2 column 512 (char 512)
동원참치액 순 900g|285,동원참치액 순 900g,285,,Expecting value: line 2 column 512 (char 512)
동원참치액 순 900g|284,동원참치액 순 900g,284,,Expecting value: line 2 column 512 (char 512)
동원참치액 순 900g|286,동원참치액 순 900g,286,,Expecting value: line 2 column 512 (char 512)
동원참치액 순 900g|287,동원참치액 순 900g,287,,Expecting value: line 2 column 512 (char 512)
동원참치액 순 900g|288,동원참치액 순 900g,288,,Expecting value: line 2 column 512 (char 512)
동원참치액 순 900g|293,동원참치액 순 900g,293,"{""product_name"": ""동원참치액 순 900g"", ""persona_key"": 293, ""purchase_behavior_prediction"": {""purchase_probability_pct"": 75, ""reason"": ""이 페르소나는 HMR(가정간편식) 선호도가 높고, 트렌드 주도형 소비자로서 새로운 제품을 경험하고 공유하는 것을 중시합니다. 동원참치액은 시원하고 깔끔한 감칠맛을 제공하며, 요리하는 2세대 가족을 타겟으로 하고 있어, 이 소비자의 요리 편의성과 만족도를 높일 수 있습니다. 또한, 가격이 9,980원으로 경쟁 제품의 가격 범위(1,366원 ~ 2,996원)보다 상대적으로 높은 편이지만, 프리미엄 제품에 대한 수용성이 있는 이 소비자는 품질을 중시할 가능성이 높습니다. 따라서, 이 제품은 그녀의 요리 스타일과 잘 맞아떨어지며, 구매 확률이 높습니다."", ""monthly_purchase_frequency"": 2}}",
동원참치액 순 900g|289,동원참치액 순 900g,289,,Expecting value: line 2 column 512 (char 512)
동원참치액 순 900g|292,동원참치액 순 900g,292,,Expecting value: line 2 column 512 (char 512)
동원참치액 순 900g|290,동원참치액 순 900g,290,,Expecting value: line 2 column 512 (char 512)
동원참치액 순 900g|291,동원참치액 순 900g,291,,Expecting value: line 2 column 512 (char 512)
동원참치액 순 900g|294,동원참치액 순 900g,294,,Expecting value: line 2 column 512 (char 512)
동원참치액 순 900g|296,동원참치액 순 900g,296,,Expecting value: line 2 column 512 (char 512)
동원참치액 순 900g|295,동원참치액 순 900g,295,,Expecting value: line 2 column 512 (char 512)
동원참치액 순 900g|298,동원참치액 순 900g,298,,Expecting value: line 2 column 512 (char 512)
동원참치액 순 900g|297,동원참치액 순 900g,297,,Expecting value: line 2 column 512 (char 512)
동원참치액 순 900g|299,동원참치액 순 900g,299,,Expecting value: line 2 column 512 (char 512)
동원참치액 순 900g|300,동원참치액 순 900g,300,,Expecting value: line 2 column 512 (char 512)
동원참치액 순 900g|301,동원참치액 순 900g,301,,Expecting value: line 2 column 512 (char 512)
동원참치액 순 900g|303,동원참치액 순 900g,303,,Expecting value: line 2 column 512 (char 512)
동원참치액 순 900g|302,동원참치액 순 900g,302,,Expecting value: line 2 column 512 (char 512)
동원참치액 순 900g|307,동원참치액 순 900g,307,"{""product_name"": ""동원참치액 순 900g"", ""persona_key"": 307, ""purchase_behavior_prediction"": {""purchase_probability_pct"": 75, ""reason"": ""이 페르소나는 '실속형 미식가'로, 편리성과 맛을 동시에 중시하며 새로운 제품을 시도하는 데 적극적입니다. HMR 선호도가 높아, 조리 편의성을 중시하는 경향이 있으며, 동원참치액의 시원하고 깔끔한 감칠맛은 그녀의 요리 스타일에 잘 맞습니다. 또한, 가격이 9,980원으로 경쟁 제품의 가격대(1,366원 ~ 2,996원)보다 상대적으로 높은 편이지만, 가격에 대한 민감도가 낮아 효율성과 맛을 중시하는 그녀에게는 긍정적인 요소로 작용할 것입니다. 따라서, 이 제품은 그녀의 요리 습관과 잘 맞아 구매할 가능성이 높습니다."", ""monthly_purchase_frequency"": 2}}",
동원참치액 순 900g|304,동원참치액 순 900g,304,,Expecting value: line 2 column 512 (char 512)
동원참치액 순 900g|305,동원참치액 순 900g,305,,Expecting value: line 2 column 512 (char 512)
동원참치액 순 900g|306,동원참치액 순 900g,306,,Expecting value: line 2 column 512 (char 512)
동원참치액 순 900g|310,동원참치액 순 900g,310,,Expecting value: line 2 column 512 (char 512)
동원참치액 순 900g|308,동원참치액 순 900g,308,,Expecting value: line 2 column 512 (char 512)
동원참치액 순 900g|309,동원참치액 순 900g,309,,Expecting value: line 2 column 512 (char 512)
동원참치액 순 900g|311,동원참치액 순 900g,311,,Expecting value: line 2 column 512 (char 512)
동원참치액 순 900g|312,동원참치액 순 900g,312,,Expecting value: line 2 column 512 (char 512)
동원참치액 순 900g|313,동원참치액 순 900g,313,,Expecting value: line 2 column 512 (char 512)
동원참치액 순 900g|314,동원참치액 순 900g,314,,Expecting value: line 2 column 512 (char 512)
동원참치액 순 900g|315,동원참치액 순 900g,315,,Expecting value: line 2 column 512 (char 512)
동원참치액 순 900g|316,동원참치액 순 900g,316,,Expecting value: line 2 column 512 (char 512)
동원참치액 순 900g|319,동원참치액 순 900g,319,"{""product_name"": ""동원참치액 순 900g"", ""persona_key"": 319, ""purchase_behavior_prediction"": {""purchase_probability_pct"": 85, ""reason"": ""이 페르소나는 '실속형 미식가'로, HMR(가정간편식) 선호도가 매우 높습니다(0.804). 이는 편리함과 맛을 동시에 중시하는 소비자 특성을 반영합니다. 동원참치액은 시원하고 깔끔한 감칠맛을 제공하며, 요리하는 2세대 가족을 타겟으로 하고 있어 이 페르소나의 요리 편의성과 맛에 대한 요구를 충족시킵니다. 또한, 가격이 9,980원으로 경쟁 제품의 가격 범위(1,366원 ~ 2,996원)와 비교할 때 적정 수준으로, 가격에 대한 민감도가 낮은 이 소비자에게 긍정적으로 작용할 것입니다. 따라서, 이 제품은 페르소나의 요리 편의성과 맛을 동시에 만족시킬 수 있어 높은 구매 확률을 보입니다."", ""monthly_purchase_frequency"": 2}}",
동원참치액 순 900g|317,동원참치액 순 900g,317,,Expecting value: line 2 column 512 (char 512)
동원참치액 순 900g|318,동원참치액 순 900g,318,,Expecting value: line 2 column 512 (char 512)
동원참치액 순 900g|320,동원참치액 순 900g,320,,Expecting value: line 2 column 512 (char 512)
동원참치액 순 900g|321,동원참치액 순 900g,321,,Expecting value: line 2 column 512 (char 512)
동원참치액 순 900g|322,동원참치액 순 900g,322,,Expecting value: line 2 column 512 (char 512)
동원참치액 순 900g|323,동원참치액 순 900g,323,,Expecting value: line 2 column 512 (char 512)
동원참치액 순 900g|325,동원참치액 순 900g,325,,Expecting value: line 2 column 512 (char 512)
동원참치액 순 900g|324,동원참치액 순 900g,324,,Expecting value: line 2 column 512 (char 512)
동원참치액 순 900g|326,동원참치액 순 900g,326,,Expecting value: line 2 column 512 (char 512)
동원참치액 순 900g|327,동원참치액 순 900g,327,,Expecting value: line 2 column 512 (char 512)
동원참치액 순 900g|332,동원참치액 순 900g,332,,Expecting value: line 2 column 512 (char 512)
동원참치액 순 900g|330,동원참치액 순 900g,330,,Expecting value: line 2 column 512 (char 512)
동원참치액 순 900g|328,동원참치액 순 900g,328,,Expecting value: line 2 column 512 (char 512)
동원참치액 순 900g|331,동원참치액 순 900g,331,,Expecting value: line 2 column 512 (char 512)
동원참치액 순 900g|329,동원참치액 순 900g,329,,Expecting value: line 2 column 512 (char 512)
동원참치액 순 900g|333,동원참치액 순 900g,333,,Expecting value: line 2 column 512 (char 512)
동원참치액 순 900g|334,동원참치액 순 900g,334,,Expecting value: line 2 column 512 (char 512)
동원참치액 순 900g|335,동원참치액 순 900g,335,,Expecting value: line 2 column 512 (char 512)
동원참치액 순 900g|338,동원참치액 순 900g,338,,Expecting value: line 2 column 512 (char 512)
동원참치액 순 900g|337,동원참치액 순 900g,337,,Expecting value: line 2 column 512 (char 512)
동원참치액 순 900g|336,동원참치액 순 900g,336,,Expecting value: line 2 column 512 (char 512)
동원참치액 순 900g|339,동원참치액 순 900g,339,,Expecting value: line 2 column 512 (char 512)
동원참치액 순 900g|340,동원참치액 순 900g,340,,Expecting value: line 2 column 512 (char 512)
동원참치액 순 900g|343,동원참치액 순 900g,343,,Expecting value: line 2 column 512 (char 512)
동원참치액 순 900g|342,동원참치액 순 900g,342,,Expecting value: line 2 column 512 (char 512)
동원참치액 순 900g|341,동원참치액 순 900g,341,,Expecting value: line 2 column 512 (char 512)
동원참치액 순 900g|344,동원참치액 순 900g,344,,Expecting value: line 2 column 512 (char 512)
동원참치액 순 900g|346,동원참치액 순 900g,346,"{""product_name"": ""동원참치액 순 900g"", ""persona_key"": 346, ""purchase_behavior_prediction"": {""purchase_probability_pct"": 85, ""reason"": ""이 페르소나는 '실속형 미식가'로, 편리성과 맛을 중시하며 새로운 제품을 시도하는 데 적극적입니다. 'HMR 선호도'가 높아 조리 편의성을 중요시하며, 동원참치액의 '시원하고 깔끔한 감칠맛'과 '높은 만족도'는 그녀의 요리 스타일에 잘 맞습니다. 또한, 가격이 9,980원으로 경쟁 제품의 가격 범위(1,366원 ~ 2,996원)와 비교했을 때 적당한 수준이며, 가격에 대한 민감도가 낮은 편이므로 긍정적으로 받아들일 것입니다. 이러한 요소들이 결합되어 구매 확률이 높다고 판단됩니다."", ""monthly_purchase_frequency"": 2}}",
동원참치액 순 900g|345,동원참치액 순 900g,345,,Expecting value: line 2 column 512 (char 512)
동원참치액 순 900g|349,동원참치액 순 900g,349,,Expecting value: line 2 column 512 (char 512)
동원참치액 순 900g|350,동원참치액 순 900g,350,"{""product_name"": ""동원참치액 순 900g"", ""persona_key"": 350, ""purchase_behavior_prediction"": {""purchase_probability_pct"": 85, ""reason"": ""이 페르소나는 '실속형 미식가'로, 편리성과 맛을 동시에 중시하는 소비자입니다. HMR 선호도가 높아 조리 편의성을 중요시하며, 동원참치액의 시원하고 깔끔한 감칠맛은 요리에 대한 만족도를 높일 수 있습니다. 가격이 9,980원으로, 경쟁 제품의 가격 범위(1,366원 ~ 2,996원)와 비교했을 때 상대적으로 높은 편이지만, 이 소비자는 가격보다는 효율성과 맛을 중시하므로 구매를 고려할 가능성이 높습니다. 또한, 광고와 SNS 바이럴 프로모션이 예정되어 있어 소비자의 관심을 끌 가능성이 높습니다."", ""monthly_purchase_frequency"": 2}}",
동원참치액 순 900g|351,동원참치액 순 900g,351,"{""product_name"": ""동원참치액 순 900g"", ""persona_key"": 351, ""purchase_behavior_prediction"": {""purchase_probability_pct"": 85, ""reason"": ""이 페르소나는 '실속형 미식가'로, 편리성과 맛을 중시하는 소비자입니다. HMR(가정간편식) 선호도가 높아, 동원참치액의 시원하고 깔끔한 감칠맛이 매력적으로 다가올 것입니다. 또한, 요리하는 2세대 가족을 타겟으로 하는 제품 특성이 이 소비자의 요리 편의성을 충족시켜 줄 것으로 예상됩니다. 가격은 900g에 9,980원으로, 경쟁 제품의 가격대(1,366원 ~ 2,996원)와 비교했을 때 상대적으로 합리적이며, 가격에 대한 민감도가 낮은 편이므로 긍정적으로 받아들일 것입니다. 이러한 요소들이 결합되어 높은 구매 확률을 보일 것으로 판단됩니다."", ""monthly_purchase_frequency"": 2}}",
동원참치액 순 900g|347,동원참치액 순 900g,347,,Expecting value: line 2 column 512 (char 512)
동원참치액 순 900g|348,동원참치액 순 900g,348,,Expecting value: line 2 column 512 (char 512)
동원참치액 순 900g|353,동원참치액 순 900g,353,"{""product_name"": ""동원참치액 순 900g"", ""persona_key"": 353, ""purchase_behavior_prediction"": {""purchase_probability_pct"": 85, ""reason"": ""이 페르소나는 '실속형 미식가'로, 편리성과 맛을 동시에 중시합니다. HMR 선호도가 높아 조리 편의성을 중요하게 생각하며, 동원참치액의 시원하고 깔끔한 감칠맛은 그녀의 요리 스타일에 잘 맞습니다. 가격에 대한 민감도가 낮고, 효율성을 중시하기 때문에 9,980원의 가격은 수용 가능하다고 판단됩니다. 또한, 경쟁 제품의 가격대가 1,366원에서 2,996원 사이로 다양하므로, 동원참치액의 가격은 적절하다고 여겨질 것입니다. 이러한 요소들이 결합되어 높은 구매 확률을 예상합니다."", ""monthly_purchase_frequency"": 2}}",
동원참치액 순 900g|352,동원참치액 순 900g,352,,Expecting value: line 2 column 512 (char 512)
동원참치액 순 900g|354,동원참치액 순 900g,354,,Expecting value: line 2 column 512 (char 512)
동원참치액 순 900g|355,동원참치액 순 900g,355,,Expecting value: line 2 column 512 (char 512)
동원참치액 순 900g|357,동원참치액 순 900g,357,,Expecting value: line 2 column 512 (char 512)
동원참치액 순 900g|358,동원참치액 순 900g,358,,Expecting value: line 2 column 512 (char 512)
동원참치액 순 900g|356,동원참치액 순 900g,356,,Expecting value: line 2 column 512 (char 512)
동원참치액 순 900g|359,동원참치액 순 900g,359,,Expecting value: line 2 column 512 (char 512)
동원참치액 순 900g|362,동원참치액 순 900g,362,"{""product_name"": ""동원참치액 순 900g"", ""persona_key"": 362, ""purchase_behavior_prediction"": {""purchase_probability_pct"": 85, ""reason"": ""이 페르소나는 '실속형 미식가'로, HMR(가정간편식) 선호도가 매우 높습니다(0.88). 이는 그녀가 편리함과 맛을 동시에 추구하는 소비자임을 나타냅니다. '동원참치액'은 조미소스 카테고리에서 시원하고 깔끔한 감칠맛을 제공하며, 요리하는 2세대 가족을 타겟으로 하고 있어 그녀의 요리 스타일과 잘 맞습니다. 가격은 9,980원으로, 경쟁 제품의 가격대(1,366원 ~ 2,996원)와 비교했을 때 상대적으로 높은 편이지만, 그녀의 가격 민감도(0.50)와 브랜드 충성도(0.30)를 고려할 때, 품질과 편리함을 중시하는 그녀는 이 제품을 구매할 가능성이 높습니다. 또한, 광고와 프로모션이 예정되어 있어 소비자의 관심을 끌 수 있는 요소가 추가됩니다."", ""monthly_purchase_frequency"": 2}}",
동원참치액 순 900g|360,동원참치액 순 900g,360,,Expecting value: line 2 column 512 (char 512)
동원참치액 순 900g|361,동원참치액 순 900g,361,,Expecting value: line 2 column 512 (char 512)
동원참치액 진 500g|1,동원참치액 진 500g,1,,Expecting value: line 2 column 512 (char 512)
동원참치액 진 500g|2,동원참치액 진 500g,2,,Expecting value: line 2 column 512 (char 512)
동원참치액 진 500g|4,동원참치액 진 500g,4,,Expecting value: line 2 column 512 (char 512)
동원참치액 진 500g|3,동원참치액 진 500g,3,,Expecting value: line 2 column 512 (char 512)
동원참치액 진 500g|5,동원참치액 진 500g,5,,Expecting value: line 2 column 512 (char 512)
동원참치액 진 500g|7,동원참치액 진 500g,7,"{""product_name"": ""동원참치액 진 500g"", ""persona_key"": 7, ""purchase_behavior_prediction"": {""purchase_probability_pct"": 75, ""reason"": ""이 페르소나는 '실속형 미식가'로, HMR(가정간편식)에 대한 선호도가 매우 높습니다(0.843). 이는 편리함과 맛을 동시에 중시하는 소비자 특성과 잘 맞아떨어집니다. 동원참치액 진은 진한 감칠맛과 높은 만족도를 제공하며, 1인 가구를 타겟으로 하여 요리의 편리성을 강조합니다. 가격은 5,980원으로, 경쟁 제품의 가격대(1,366원 ~ 2,996원)보다 다소 높은 편이지만, 이 소비자는 가격보다는 효율성과 맛을 중시하기 때문에 긍정적으로 받아들일 가능성이 높습니다. 또한, 광고와 프로모션이 SNS를 통해 진행될 예정이므로, 이 소비자가 제품을 접할 기회가 많아질 것입니다."", ""monthly_purchase_frequency"": 2}}",
동원참치액 진 500g|6,동원참치액 진 500g,6,,Expecting value: line 2 column 512 (char 512)
동원참치액 순 900g|363,동원참치액 순 900g,363,,Expecting value: line 2 column 512 (char 512)
동원참치액 진 500g|9,동원참치액 진 500g,9,,Expecting value: line 2 column 512 (char 512)
동원참치액 진 500g|8,동원참치액 진 500g,8,,Expecting value: line 2 column 512 (char 512)
동원참치액 진 500g|12,동원참치액 진 500g,12,"{""product_name"": ""동원참치액 진 500g"", ""persona_key"": 12, ""purchase_behavior_prediction"": {""purchase_probability_pct"": 75, ""reason"": ""이 페르소나는 HMR(가정간편식) 선호도가 높고, 1인 가구로서 요리의 편리함을 중시합니다. 동원참치액 진은 진한 감칠맛과 높은 만족도를 제공하여, 요리하는 1인 가구에게 매력적입니다. 또한, 가격이 5,980원으로 경쟁 제품의 가격 범위(1,366원 ~ 2,996원)보다 상대적으로 높은 편이지만, 브랜드 충성도가 0.625로 높아 브랜드에 대한 신뢰가 구매를 유도할 것입니다. 시장에서의 경쟁 상황을 고려할 때, 이 제품은 트렌드 주도형 소비자에게 적합한 선택으로 여겨질 가능성이 높습니다."", ""monthly_purchase_frequency"": 2}}",
동원참치액 진 500g|13,동원참치액 진 500g,13,"{""product_name"": ""동원참치액 진 500g"", ""persona_key"": 13, ""purchase_behavior_prediction"": {""purchase_probability_pct"": 85, ""reason"": ""이 페르소나는 HMR(가정간편식) 선호도가 매우 높고, 요리하는 1인 가구로서 간편하면서도 맛있는 조미료를 선호합니다. '동원참치액 진'은 진한 감칠맛과 높은 만족도를 제공하여 이 소비자의 요구를 충족시킬 수 있습니다. 또한, 브랜드 충성도가 높아 동원 F&B 제품에 대한 신뢰가 있으며, 가격이 5,980원으로 경쟁 제품의 가격 범위(1,366원 ~ 2,996원)보다 상대적으로 높은 편이지만, 가격 민감도가 낮아 품질에 대한 기대가 크기 때문에 구매를 고려할 가능성이 높습니다. 광고 및 프로모션이 SNS를 통해 진행될 예정이므로, 트렌드 주도형 소비자로서 새로운 제품을 경험하고 공유하려는 경향이 강한 이 소비자에게 긍정적인 영향을 미칠 것입니다."", ""monthly_purchase_frequency"": 2}}",
동원참치액 진 500g|11,동원참치액 진 500g,11,,Expecting value: line 2 column 512 (char 512)
동원참치액 진 500g|10,동원참치액 진 500g,10,,Expecting value: line 2 column 512 (char 512)
동원참치액 진 500g|18,동원참치액 진 500g,18,"{""product_name"": ""동원참치액 진 500g"", ""persona_key"": 18, ""purchase_behavior_prediction"": {""purchase_probability_pct"": 75, ""reason"": ""페르소나는 '실속형 미식가'로, 편리성과 맛을 동시에 중시하며 HMR(가정간편식) 선호도가 높습니다. 동원참치액 진은 진한 감칠맛과 높은 만족도를 제공하여 요리하는 1인 가구와 1세대 가족에게 매력적입니다. 가격은 5,980원으로, 경쟁 제품의 가격대(1,366원 ~ 2,996원)보다 다소 높은 편이지만, 페르소나의 가격 민감도가 낮아 효율성과 맛을 중시하는 소비 성향에 부합합니다. 따라서, 이 제품은 페르소나에게 긍정적인 구매 요소로 작용할 것입니다."", ""monthly_purchase_frequency"": 2}}",
동원참치액 진 500g|15,동원참치액 진 500g,15,,Expecting value: line 2 column 512 (char 512)
동원참치액 진 500g|16,동원참치액 진 500g,16,,Expecting value: line 2 column 512 (char 512)
동원참치액 진 500g|14,동원참치액 진 500g,14,,Expecting value: line 2 column 512 (char 512)
동원참치액 진 500g|20,동원참치액 진 500g,20,"{""product_name"": ""동원참치액 진 500g"", ""persona_key"": 20, ""purchase_behavior_prediction"": {""purchase_probability_pct"": 85, ""reason"": ""이 소비자는 건강을 최우선으로 고려하는 프리미엄 소비자 그룹에 속하며, HMR(가정간편식) 선호도가 높습니다. '동원참치액 진'은 진한 감칠맛과 높은 만족도를 제공하여 요리하는 1인 가구와 1세대 가족에게 적합합니다. 제품의 가격은 5,980원으로, 경쟁 제품의 가격대(1,366원 ~ 2,996원)보다 높은 편이지만, 이 소비자는 가격보다는 건강과 편리성을 중시하기 때문에 긍정적으로 받아들일 가능성이 높습니다. 또한, SNS 바이럴 광고가 예정되어 있어 제품 인지도를 높일 수 있는 기회가 있습니다."", ""monthly_purchase_frequency"": 2}}",
동원참치액 진 500g|17,동원참치액 진 500g,17,,Expecting value: line 2 column 512 (char 512)
동원참치액 진 500g|19,동원참치액 진 500g,19,,Expecting value: line 2 column 512 (char 512)
동원참치액 진 500g|26,동원참치액 진 500g,26,"{""product_name"": ""동원참치액 진 500g"", ""persona_key"": 26, ""purchase_behavior_prediction"": {""purchase_probability_pct"": 75, ""reason"": ""이 페르소나는 HMR(가정간편식) 선호도가 높고, 요리하는 1인 가구 및 1세대 가족을 대상으로 하는 제품에 적합합니다. 제품의 진한 감칠맛과 높은 만족도는 이 소비자의 요리 편의성을 중시하는 성향과 잘 맞아떨어집니다. 또한, 가격이 5,980원으로 경쟁 제품의 가격 범위(1,366원 ~ 2,996원)보다 상대적으로 높은 편이지만, 이 소비자는 가격 민감도가 낮고 프리미엄 제품에 대한 수용도가 높기 때문에 긍정적으로 받아들일 가능성이 큽니다. 따라서, 제품의 매력적인 특성과 소비자의 구매 동기가 잘 연결되어 있어 구매 확률이 높습니다."", ""monthly_purchase_frequency"": 2}}",
동원참치액 진 500g|21,동원참치액 진 500g,21,,Expecting value: line 2 column 512 (char 512)
동원참치액 진 500g|22,동원참치액 진 500g,22,,Expecting value: line 2 column 512 (char 512)
동원참치액 진 500g|23,동원참치액 진 500g,23,,Expecting value: line 2 column 512 (char 512)
동원참치액 진 500g|24,동원참치액 진 500g,24,,Expecting value: line 2 column 512 (char 512)
동원참치액 진 500g|25,동원참치액 진 500g,25,,Expecting value: line 2 column 512 (char 512)
동원참치액 진 500g|27,동원참치액 진 500g,27,,Expecting value: line 2 column 512 (char 512)
동원참치액 진 500g|28,동원참치액 진 500g,28,,Expecting value: line 2 column 512 (char 512)
동원참치액 진 500g|30,동원참치액 진 500g,30,,Expecting value: line 2 column 512 (char 512)
동원참치액 진 500g|29,동원참치액 진 500g,29,,Expecting value: line 2 column 512 (char 512)
동원참치액 진 500g|31,동원참치액 진 500g,31,,Expecting value: line 2 column 512 (char 512)
동원참치액 진 500g|32,동원참치액 진 500g,32,,Expecting value: line 2 column 512 (char 512)
동원참치액 진 500g|36,동원참치액 진 500g,36,"{""product_name"": ""동원참치액 진 500g"", ""persona_key"": 36, ""purchase_behavior_prediction"": {""purchase_probability_pct"": 85, ""reason"": ""이 소비자는 건강을 최우선으로 고려하는 프리미엄 소비자 그룹에 속하며, HMR(가정간편식) 선호도가 매우 높습니다. 동원참치액 진은 진한 감칠맛과 높은 만족도를 제공하여 요리하는 1인 가구에게 매력적입니다. 또한, 가격이 5,980원으로 경쟁 제품의 가격대(1,366원 ~ 2,996원)보다 다소 높은 편이지만, 이 소비자는 가격에 대한 민감도가 낮고 품질을 중시하기 때문에 긍정적으로 받아들일 가능성이 큽니다. 광고와 프로모션이 SNS를 통해 이루어질 예정이므로, 젊은 소비자층인 30대 여성에게 효과적으로 다가갈 수 있습니다."", ""monthly_purchase_frequency"": 2}}",
동원참치액 진 500g|33,동원참치액 진 500g,33,,Expecting value: line 2 column 512 (char 512)
동원참치액 진 500g|35,동원참치액 진 500g,35,,Expecting value: line 2 column 512 (char 512)
동원참치액 진 500g|34,동원참치액 진 500g,34,,Expecting value: line 2 column 512 (char 512)
동원참치액 진 500g|38,동원참치액 진 500g,38,,Expecting value: line 2 column 512 (char 512)
동원참치액 진 500g|39,동원참치액 진 500g,39,,Expecting value: line 2 column 512 (char 512)
동원참치액 진 500g|37,동원참치액 진 500g,37,,Expecting value: line 2 column 512 (char 512)
동원참치액 진 500g|40,동원참치액 진 500g,40,,Expecting value: line 2 column 512 (char 512)
동원참치액 진 500g|43,동원참치액 진 500g,43,"{""product_name"": ""동원참치액 진 500g"", ""persona_key"": 43, ""purchase_behavior_prediction"": {""purchase_probability_pct"": 85, ""reason"": ""이 페르소나는 '실속형 미식가'로, 편리성과 맛을 동시에 중시하는 소비자입니다. HMR 선호도가 높아 조리 편의성을 중요하게 생각하며, 동원참치액 진은 진한 감칠맛과 높은 만족도를 제공하여 요리하는 1인 가구와 2세대 가족에게 매력적입니다. 가격은 5,980원으로, 경쟁 제품의 가격대(1,366원 ~ 2,996원)보다 다소 높은 편이지만, 이 소비자는 가격보다 효율성과 맛을 중시하기 때문에 긍정적으로 받아들일 가능성이 높습니다. 따라서, 이 제품은 그녀의 요리 스타일과 잘 맞아떨어져 구매 확률이 높습니다."", ""monthly_purchase_frequency"": 2}}",
동원참치액 진 500g|41,동원참치액 진 500g,41,,Expecting value: line 2 column 512 (char 512)
동원참치액 진 500g|42,동원참치액 진 500g,42,,Expecting value: line 2 column 512 (char 512)
동원참치액 진 500g|47,동원참치액 진 500g,47,"{""product_name"": ""동원참치액 진 500g"", ""persona_key"": 47, ""purchase_behavior_prediction"": {""purchase_probability_pct"": 85, ""reason"": ""이 페르소나는 건강을 최우선으로 고려하는 소비자로, HMR(가정간편식) 선호도가 높습니다. 동원참치액 진은 진한 감칠맛과 높은 만족도를 제공하며, 요리하는 1인 가구와 2세대 가족을 타겟으로 하고 있어 이 소비자의 요리 편리성과 건강 지향적인 특성과 잘 맞아떨어집니다. 또한, 가격이 5,980원으로 경쟁 제품의 가격대(1,366원 ~ 2,996원)보다 다소 높은 편이지만, 이 소비자는 가격보다 품질과 건강을 중시하므로 긍정적으로 받아들일 가능성이 높습니다. 따라서, 이 소비자가 이 제품을 구매할 확률은 85%로 예측됩니다."", ""monthly_purchase_frequency"": 2}}",
동원참치액 진 500g|44,동원참치액 진 500g,44,,Expecting value: line 2 column 512 (char 512)
동원참치액 진 500g|45,동원참치액 진 500g,45,,Expecting value: line 2 column 512 (char 512)
동원참치액 진 500g|46,동원참치액 진 500g,46,,Expecting value: line 2 column 512 (char 512)
동원참치액 진 500g|48,동원참치액 진 500g,48,,Expecting value: line 2 column 512 (char 512)
동원참치액 진 500g|50,동원참치액 진 500g,50,,Expecting value: line 2 column 512 (char 512)
동원참치액 진 500g|49,동원참치액 진 500g,49,,Expecting value: line 2 column 512 (char 512)
동원참치액 진 500g|51,동원참치액 진 500g,51,,Expecting value: line 2 column 512 (char 512)
동원참치액 진 500g|52,동원참치액 진 500g,52,,Expecting value: line 2 column 512 (char 512)
동원참치액 진 500g|53,동원참치액 진 500g,53,,Expecting value: line 2 column 512 (char 512)
동원참치액 진 500g|54,동원참치액 진 500g,54,,Expecting value: line 2 column 512 (char 512)
동원참치액 진 500g|55,동원참치액 진 500g,55,,Expecting value: line 2 column 512 (char 512)
동원참치액 진 500g|56,동원참치액 진 500g,56,,Expecting value: line 2 column 512 (char 512)
동원참치액 진 500g|57,동원참치액 진 500g,57,,Expecting value: line 2 column 512 (char 512)
동원참치액 진 500g|58,동원참치액 진 500g,58,,Expecting value: line 2 column 512 (char 512)
동원참치액 진 500g|59,동원참치액 진 500g,59,,Expecting value: line 2 column 512 (char 512)
동원참치액 진 500g|60,동원참치액 진 500g,60,,Expecting value: line 2 column 512 (char 512)
동원참치액 진 500g|61,동원참치액 진 500g,61,,Expecting value: line 2 column 512 (char 512)
동원참치액 진 500g|62,동원참치액 진 500g,62,,Expecting value: line 2 column 512 (char 512)
동원참치액 진 500g|63,동원참치액 진 500g,63,,Expecting value: line 2 column 512 (char 512)
동원참치액 진 500g|64,동원참치액 진 500g,64,,Expecting value: line 2 column 512 (char 512)
동원참치액 진 500g|65,동원참치액 진 500g,65,,Expecting value: line 2 column 512 (char 512)
동원참치액 진 500g|67,동원참치액 진 500g,67,"{""product_name"": ""동원참치액 진 500g"", ""persona_key"": 67, ""purchase_behavior_prediction"": {""purchase_probability_pct"": 85, ""reason"": ""이 소비자는 건강을 최우선으로 고려하는 '건강 추구형 소비자'로, HMR(가정 간편식) 선호도가 높아 간편하게 요리할 수 있는 제품에 대한 수요가 큽니다. 동원참치액 진은 진한 감칠맛과 높은 만족도를 제공하며, 요리하는 1인 가구와 2세대 가족을 타겟으로 하고 있어 이 소비자의 필요와 잘 맞습니다. 또한, 가격이 5,980원으로 경쟁 제품의 가격 범위(1,366원 ~ 2,996원)보다 상대적으로 높은 편이지만, 가격 민감도가 낮은 소비자이므로 프리미엄 제품에 대한 지출을 꺼리지 않을 것입니다. 따라서 이 소비자는 제품의 건강성과 편리성을 고려하여 구매할 가능성이 높습니다."", ""monthly_purchase_frequency"": 2}}",
동원참치액 진 500g|69,동원참치액 진 500g,69,"{""product_name"": ""동원참치액 진 500g"", ""persona_key"": 69, ""purchase_behavior_prediction"": {""purchase_probability_pct"": 85, ""reason"": ""이 페르소나는 '실속형 미식가'로, 편리성과 맛을 중시하며 새로운 제품을 시도하는 데 적극적입니다. 'HMR 선호도'가 높아 조리의 편리함을 중시하는 이 소비자는 동원참치액의 진한 감칠맛과 높은 만족도를 긍정적으로 평가할 것입니다. 또한, 가격이 5,980원으로 경쟁 제품의 가격 범위(1,366원 ~ 2,996원)보다 상대적으로 높은 편이지만, 이 소비자는 가격에 민감하기보다는 효율성과 맛을 중시하므로 구매를 고려할 가능성이 높습니다. 따라서, 이 제품은 그녀의 요리 스타일과 잘 맞아떨어져 높은 구매 확률을 보입니다."", ""monthly_purchase_frequency"": 2}}",
동원참치액 진 500g|66,동원참치액 진 500g,66,,Expecting value: line 2 column 512 (char 512)
동원참치액 진 500g|68,동원참치액 진 500g,68,,Expecting value: line 2 column 512 (char 512)
동원참치액 진 500g|70,동원참치액 진 500g,70,,Expecting value: line 2 column 512 (char 512)
동원참치액 진 500g|71,동원참치액 진 500g,71,,Expecting value: line 2 column 512 (char 512)
동원참치액 진 500g|72,동원참치액 진 500g,72,,Expecting value: line 2 column 512 (char 512)
동원참치액 진 500g|73,동원참치액 진 500g,73,,Expecting value: line 2 column 512 (char 512)
동원참치액 진 500g|74,동원참치액 진 500g,74,,Expecting value: line 2 column 512 (char 512)
동원참치액 진 500g|78,동원참치액 진 500g,78,"{""product_name"": ""동원참치액 진 500g"", ""persona_key"": 78, ""purchase_behavior_prediction"": {""purchase_probability_pct"": 85, ""reason"": ""이 소비자는 건강 지향성이 매우 높고, 건강과 편리성을 중시하는 소비자입니다. 동원참치액 진은 진한 감칠맛과 높은 만족도를 제공하며, 요리하는 1인 가구를 타겟으로 하고 있어 이 소비자의 요리 편의성을 충족시킵니다. 가격이 5,980원으로, 경쟁 제품의 가격 범위(1,366원 ~ 2,996원)와 비교했을 때 상대적으로 높은 편이지만, 건강을 최우선으로 고려하는 이 소비자는 가격에 크게 구애받지 않으며, 프리미엄 제품에 기꺼이 지갑을 엽니다. 따라서 이 제품은 소비자의 건강 지향성과 요리 편의성을 모두 충족시켜 구매 확률이 높습니다."", ""monthly_purchase_frequency"": 2}}",
동원참치액 진 500g|79,동원참치액 진 500g,79,"{""product_name"": ""동원참치액 진 500g"", ""persona_key"": 79, ""purchase_behavior_prediction"": {""purchase_probability_pct"": 75, ""reason"": ""페르소나는 '트렌드 주도형 소비자'로, 새로운 제품을 경험하고 공유하는 것을 중시합니다. HMR 선호도가 높아 간편한 조리 방법을 선호하며, 동원참치액의 진한 감칠맛과 높은 만족도는 요리하는 1인 가구에게 매력적입니다. 가격은 5,980원으로, 경쟁 제품의 가격대(1,366원 ~ 2,996원)보다 높은 편이지만, 브랜드 충성도가 높고 품질을 중시하는 경향이 있어 가격에 대한 민감도가 낮습니다. 따라서 이 소비자는 제품의 품질과 브랜드를 고려할 때 구매할 가능성이 높습니다."", ""monthly_purchase_frequency"": 2}}",
동원참치액 진 500g|75,동원참치액 진 500g,75,,Expecting value: line 2 column 512 (char 512)
동원참치액 진 500g|76,동원참치액 진 500g,76,,Expecting value: line 2 column 512 (char 512)
동원참치액 진 500g|77,동원참치액 진 500g,77,,Expecting value: line 2 column 512 (char 512)
동원참치액 진 500g|83,동원참치액 진 500g,83,"{""product_name"": ""동원참치액 진 500g"", ""persona_key"": 83, ""purchase_behavior_prediction"": {""purchase_probability_pct"": 85, ""reason"": ""페르소나는 '실속형 미식가'로, HMR(가정간편식) 선호도가 매우 높습니다(0.96). 이는 동원참치액 진이 제공하는 진한 감칠맛과 높은 만족도가 이 소비자에게 매력적일 것임을 의미합니다. 또한, 이 제품은 요리하는 1인 가구와 2세대 가족을 타겟으로 하여, 편리성과 맛을 동시에 추구하는 페르소나의 특성과 잘 맞아떨어집니다. 가격은 5,980원으로, 경쟁 제품의 가격대(1,366원 ~ 2,996원)보다 높은 편이지만, 페르소나는 가격에 민감하기보다는 효율성과 맛을 중시하므로, 이 가격을 수용할 가능성이 높습니다. 따라서, 이 모든 요소를 종합적으로 고려했을 때, 구매 확률은 85%로 예측됩니다."", ""monthly_purchase_frequency"": 2}}",
동원참치액 진 500g|80,동원참치액 진 500g,80,,Expecting value: line 2 column 512 (char 512)
동원참치액 진 500g|81,동원참치액 진 500g,81,,Expecting value: line 2 column 512 (char 512)
동원참치액 진 500g|82,동원참치액 진 500g,82,,Expecting value: line 2 column 512 (char 512)
동원참치액 진 500g|85,동원참치액 진 500g,85,,Expecting value: line 2 column 512 (char 512)
동원참치액 진 500g|84,동원참치액 진 500g,84,,Expecting value: line 2 column 512 (char 512)
동원참치액 진 500g|86,동원참치액 진 500g,86,,Expecting value: line 2 column 512 (char 512)
동원참치액 진 500g|91,동원참치액 진 500g,91,"{""product_name"": ""동원참치액 진 500g"", ""persona_key"": 91, ""purchase_behavior_prediction"": {""purchase_probability_pct"": 85, ""reason"": ""이 페르소나는 '실속형 미식가'로, HMR(가정간편식) 선호도가 매우 높습니다(0.882). 이는 그들이 편리함과 맛을 동시에 중시한다는 것을 의미합니다. 동원참치액 진은 진한 감칠맛과 높은 만족도를 제공하며, 요리하는 1인 가구와 2세대 가족을 타겟으로 하고 있어 이 소비자에게 적합합니다. 또한, 가격이 5,980원으로 경쟁 제품의 가격 범위(1,366원 ~ 2,996원)보다 상대적으로 높은 편이지만, 이 소비자는 가격에 민감하기보다는 효율성과 맛을 중시하기 때문에 긍정적으로 받아들일 가능성이 높습니다. 따라서 이 제품은 그녀의 요리 편의성을 높이고, 새로운 맛을 시도할 수 있는 기회를 제공하여 구매 확률을 높입니다."", ""monthly_purchase_frequency"": 2}}",
동원참치액 진 500g|87,동원참치액 진 500g,87,,Expecting value: line 2 column 512 (char 512)
동원참치액 진 500g|89,동원참치액 진 500g,89,,Expecting value: line 2 column 512 (char 512)
동원참치액 진 500g|88,동원참치액 진 500g,88,,Expecting value: line 2 column 512 (char 512)
동원참치액 진 500g|90,동원참치액 진 500g,90,,Expecting value: line 2 column 512 (char 512)
동원참치액 진 500g|92,동원참치액 진 500g,92,,Expecting value: line 2 column 512 (char 512)
동원참치액 진 500g|97,동원참치액 진 500g,97,"{""product_name"": ""동원참치액 진 500g"", ""persona_key"": 97, ""purchase_behavior_prediction"": {""purchase_probability_pct"": 85, ""reason"": ""페르소나는 '실속형 미식가'로, 편리성과 맛을 중시하며 새로운 제품을 시도하는 데 적극적입니다. 'HMR 선호도'가 높아 조리 편의성을 중시하는 이 소비자는 동원참치액의 진한 감칠맛과 높은 만족도를 긍정적으로 평가할 것입니다. 또한, 가격이 5,980원으로 경쟁 제품의 가격 범위(1,366원 ~ 2,996원)보다 상대적으로 비쌀 수 있지만, 제품의 품질과 브랜드 충성도가 높아 구매를 결정할 가능성이 큽니다. 따라서 이 소비자는 제품의 효율성과 맛을 고려하여 구매할 확률이 높습니다."", ""monthly_purchase_frequency"": 2}}",
동원참치액 진 500g|94,동원참치액 진 500g,94,,Expecting value: line 2 column 512 (char 512)
동원참치액 진 500g|93,동원참치액 진 500g,93,,Expecting value: line 2 column 512 (char 512)
동원참치액 진 500g|95,동원참치액 진 500g,95,,Expecting value: line 2 column 512 (char 512)
동원참치액 진 500g|96,동원참치액 진 500g,96,,Expecting value: line 2 column 512 (char 512)
동원참치액 진 500g|103,동원참치액 진 500g,103,"{""product_name"": ""동원참치액 진 500g"", ""persona_key"": 103, ""purchase_behavior_prediction"": {""purchase_probability_pct"": 85, ""reason"": ""이 소비자는 건강을 최우선으로 고려하는 프리미엄 소비자 그룹에 속하며, HMR(가정간편식) 선호도가 매우 높습니다. 제품의 '진한 감칠맛'과 '높은 만족도'는 요리하는 2세대 가족에게 매력적이며, 특히 건강 지향적인 소비자에게 적합합니다. 가격이 5,980원으로 경쟁 제품의 가격대(1,366원 ~ 2,996원)보다 다소 높은 편이지만, 가격 민감도가 낮은 이 소비자는 품질과 건강을 중시하여 구매할 가능성이 높습니다. 또한, 광고와 프로모션이 SNS를 통해 진행되므로, 소비자에게 더 많은 노출이 이루어질 것으로 예상됩니다."", ""monthly_purchase_frequency"": 2}}",
동원참치액 진 500g|99,동원참치액 진 500g,99,,Expecting value: line 2 column 512 (char 512)
동원참치액 진 500g|100,동원참치액 진 500g,100,,Expecting value: line 2 column 512 (char 512)
동원참치액 진 500g|98,동원참치액 진 500g,98,,Expecting value: line 2 column 512 (char 512)
동원참치액 진 500g|101,동원참치액 진 500g,101,,Expecting value: line 2 column 512 (char 512)
동원참치액 진 500g|102,동원참치액 진 500g,102,,Expecting value: line 2 column 512 (char 512)
동원참치액 진 500g|104,동원참치액 진 500g,104,"{""product_name"": ""동원참치액 진 500g"", ""persona_key"": 104, ""purchase_behavior_prediction"": {""purchase_probability_pct"": 85, ""reason"": ""이 페르소나는 건강을 최우선으로 고려하는 소비자로, HMR(가정간편식) 선호도가 높습니다. 동원참치액 진은 진한 감칠맛과 높은 만족도를 제공하여 요리하는 1인 가구와 2세대 가족에게 적합합니다. 또한, 가격이 5,980원으로 경쟁 제품의 가격 범위(1,366원 ~ 2,996원)보다 높은 편이지만, 건강과 편리성을 중시하는 이 소비자는 가격에 대한 민감도가 낮아 프리미엄 제품에 기꺼이 지출할 가능성이 높습니다. 따라서, 제품의 특성과 소비자의 건강 지향성이 잘 맞아떨어져 구매 확률이 높다고 판단됩니다."", ""monthly_purchase_frequency"": 2}}",
동원참치액 진 500g|105,동원참치액 진 500g,105,,Expecting value: line 2 column 512 (char 512)
동원참치액 진 500g|110,동원참치액 진 500g,110,"{""product_name"": ""동원참치액 진 500g"", ""persona_key"": 110, ""purchase_behavior_prediction"": {""purchase_probability_pct"": 85, ""reason"": ""이 페르소나는 건강 지향성이 매우 높고, 가격에 대한 민감도가 낮은 프리미엄 소비자입니다. '동원참치액 진'은 진한 감칠맛과 높은 만족도를 제공하며, 건강과 편리성을 모두 고려하는 제품으로, 이 소비자의 요구에 잘 부합합니다. 또한, 경쟁 제품의 가격대가 1,366원에서 2,996원 사이로 형성되어 있어, 동원참치액의 가격인 5,980원이 상대적으로 비싸 보일 수 있지만, 건강을 중시하는 소비자에게는 품질과 건강을 고려할 때 충분히 매력적입니다. 따라서 이 소비자는 제품을 구매할 가능성이 높습니다."", ""monthly_purchase_frequency"": 2}}",
동원참치액 진 500g|106,동원참치액 진 500g,106,,Expecting value: line 2 column 512 (char 512)
동원참치액 진 500g|107,동원참치액 진 500g,107,,Expecting value: line 2 column 512 (char 512)
동원참치액 진 500g|108,동원참치액 진 500g,108,,Expecting value: line 2 column 512 (char 512)
동원참치액 진 500g|109,동원참치액 진 500g,109,,Expecting value: line 2 column 512 (char 512)
동원참치액 진 500g|113,동원참치액 진 500g,113,"{""product_name"": ""동원참치액 진 500g"", ""persona_key"": 113, ""purchase_behavior_prediction"": {""purchase_probability_pct"": 85, ""reason"": ""이 페르소나는 건강을 최우선으로 고려하는 소비자로, HMR(가정간편식) 선호도가 높습니다. 동원참치액 진은 진한 감칠맛과 높은 만족도를 제공하며, 요리하는 1인 가구와 2세대 가족을 타겟으로 하고 있어 이 소비자에게 적합합니다. 가격이 5,980원으로 경쟁 제품의 가격 범위(1,366원 ~ 2,996원)보다 높은 편이지만, 건강과 편리성을 중시하는 이 소비자는 가격에 대한 민감도가 낮아 프리미엄 제품에 지갑을 열 가능성이 높습니다. 또한, 광고 및 프로모션이 예정되어 있어 소비자의 관심을 끌 수 있는 요소가 있습니다."", ""monthly_purchase_frequency"": 2}}",
동원참치액 진 500g|111,동원참치액 진 500g,111,,Expecting value: line 2 column 512 (char 512)
동원참치액 진 500g|112,동원참치액 진 500g,112,,Expecting value: line 2 column 512 (char 512)
동원참치액 진 500g|114,동원참치액 진 500g,114,,Expecting value: line 2 column 512 (char 512)
동원참치액 진 500g|115,동원참치액 진 500g,115,,Expecting value: line 2 column 512 (char 512)
동원참치액 진 500g|116,동원참치액 진 500g,116,,Expecting value: line 2 column 512 (char 512)
동원참치액 진 500g|117,동원참치액 진 500g,117,,Expecting value: line 2 column 512 (char 512)
동원참치액 진 500g|118,동원참치액 진 500g,118,,Expecting value: line 2 column 512 (char 512)
동원참치액 진 500g|119,동원참치액 진 500g,119,,Expecting value: line 2 column 512 (char 512)
동원참치액 진 500g|120,동원참치액 진 500g,120,,Expecting value: line 2 column 512 (char 512)
동원참치액 진 500g|122,동원참치액 진 500g,122,,Expecting value: line 2 column 512 (char 512)
동원참치액 진 500g|121,동원참치액 진 500g,121,,Expecting value: line 2 column 512 (char 512)
동원참치액 진 500g|123,동원참치액 진 500g,123,,Expecting value: line 2 column 512 (char 512)
동원참치액 진 500g|126,동원참치액 진 500g,126,,Expecting value: line 2 column 512 (char 512)
동원참치액 진 500g|124,동원참치액 진 500g,124,,Expecting value: line 2 column 512 (char 512)
동원참치액 진 500g|125,동원참치액 진 500g,125,,Expecting value: line 2 column 512 (char 512)
동원참치액 진 500g|128,동원참치액 진 500g,128,,Expecting value: line 2 column 512 (char 512)
동원참치액 진 500g|127,동원참치액 진 500g,127,,Expecting value: line 2 column 512 (char 512)
동원참치액 진 500g|131,동원참치액 진 500g,131,,Expecting value: line 2 column 512 (char 512)
동원참치액 진 500g|130,동원참치액 진 500g,130,,Expecting value: line 2 column 512 (char 512)
동원참치액 진 500g|129,동원참치액 진 500g,129,,Expecting value: line 2 column 512 (char 512)
동원참치액 진 500g|132,동원참치액 진 500g,132,,Expecting value: line 2 column 512 (char 512)
동원참치액 진 500g|133,동원참치액 진 500g,133,,Expecting value: line 2 column 512 (char 512)
동원참치액 진 500g|136,동원참치액 진 500g,136,"{""product_name"": ""동원참치액 진 500g"", ""persona_key"": 136, ""purchase_behavior_prediction"": {""purchase_probability_pct"": 75, ""reason"": ""이 페르소나는 HMR(가정간편식) 선호도가 높고, 1세대 가족으로서 요리를 자주 하는 경향이 있습니다. 제품의 진한 감칠맛과 높은 만족도는 요리를 즐기는 이 소비자에게 매력적으로 다가올 것입니다. 또한, 브랜드 충성도가 높아 동원 F&B와 같은 신뢰할 수 있는 브랜드의 제품을 선호할 가능성이 큽니다. 시장 경쟁 환경에서 동원참치액의 가격(5,980원)은 100g당 약 1,196원으로, 경쟁 제품의 가격 범위(1,366원 ~ 2,996원)보다 저렴하여 가격적인 매력도 또한 높습니다. 이러한 요소들이 결합되어 구매 확률을 높이는 요인으로 작용할 것입니다."", ""monthly_purchase_frequency"": 2}}",
동원참치액 진 500g|134,동원참치액 진 500g,134,,Expecting value: line 2 column 512 (char 512)
동원참치액 진 500g|135,동원참치액 진 500g,135,,Expecting value: line 2 column 512 (char 512)
동원참치액 진 500g|137,동원참치액 진 500g,137,,Expecting value: line 2 column 512 (char 512)
동원참치액 진 500g|138,동원참치액 진 500g,138,,Expecting value: line 2 column 512 (char 512)
동원참치액 진 500g|140,동원참치액 진 500g,140,,Expecting value: line 2 column 512 (char 512)
동원참치액 진 500g|139,동원참치액 진 500g,139,,Expecting value: line 2 column 512 (char 512)
동원참치액 진 500g|141,동원참치액 진 500g,141,,Expecting value: line 2 column 512 (char 512)
동원참치액 진 500g|142,동원참치액 진 500g,142,,Expecting value: line 2 column 512 (char 512)
동원참치액 진 500g|143,동원참치액 진 500g,143,,Expecting value: line 2 column 512 (char 512)
동원참치액 진 500g|145,동원참치액 진 500g,145,,Expecting value: line 2 column 512 (char 512)
동원참치액 진 500g|146,동원참치액 진 500g,146,,Expecting value: line 2 column 512 (char 512)
동원참치액 진 500g|147,동원참치액 진 500g,147,,Expecting value: line 2 column 512 (char 512)
동원참치액 진 500g|144,동원참치액 진 500g,144,,Expecting value: line 2 column 512 (char 512)
동원참치액 진 500g|148,동원참치액 진 500g,148,,Expecting value: line 2 column 512 (char 512)
동원참치액 진 500g|149,동원참치액 진 500g,149,"{""product_name"": ""동원참치액 진 500g"", ""persona_key"": 149, ""purchase_behavior_prediction"": {""purchase_probability_pct"": 85, ""reason"": ""이 페르소나는 '실속형 미식가'로, 다양한 맛을 추구하며 새로운 제품을 시도하는 데 적극적입니다. '동원참치액 진'은 진한 감칠맛과 높은 만족도를 제공하며, 1세대 가족을 대상으로 하는 제품으로서 이 소비자의 요리 편의성을 충족시킬 수 있습니다. 또한, 가격이 5,980원으로 경쟁 제품의 가격대(1,366원 ~ 2,996원)보다 상대적으로 높은 편이지만, 이 소비자는 가격에 민감하기보다는 효율성과 맛을 중시하므로 긍정적인 반응을 보일 것입니다. 따라서 이 제품은 페르소나의 다양한 요구를 충족시킬 수 있어 높은 구매 확률을 예상합니다."", ""monthly_purchase_frequency"": 2}}",
동원참치액 진 500g|150,동원참치액 진 500g,150,"{""product_name"": ""동원참치액 진 500g"", ""persona_key"": 150, ""purchase_behavior_prediction"": {""purchase_probability_pct"": 85, ""reason"": ""이 페르소나는 '실속형 미식가'로, 편리성과 맛을 동시에 중시하는 소비자입니다. HMR 선호도가 높아 조리 편의성을 중요하게 생각하며, 동원참치액 진은 진한 감칠맛과 높은 만족도를 제공하여 이 소비자의 요구를 충족시킵니다. 가격이 5,980원으로, 경쟁 제품의 가격대(1,366원 ~ 2,996원)보다 상대적으로 높은 편이지만, 이 소비자는 가격에 민감하기보다는 효율성과 맛을 중시하므로 긍정적으로 받아들일 가능성이 큽니다. 또한, 1세대 가족으로서 요리를 자주 하며, SNS 바이럴 광고가 효과적으로 작용할 것으로 예상됩니다."", ""monthly_purchase_frequency"": 2}}",
동원참치액 진 500g|153,동원참치액 진 500g,153,"{""product_name"": ""동원참치액 진 500g"", ""persona_key"": 153, ""purchase_behavior_prediction"": {""purchase_probability_pct"": 75, ""reason"": ""이 페르소나는 '실속형 미식가'로, HMR(가정간편식)에 대한 높은 선호도를 보이고 있습니다. 이는 그들이 편리함과 맛을 동시에 중시하기 때문입니다. 동원참치액 진은 진한 감칠맛과 높은 만족도를 제공하며, 1세대 가족과 요리하는 1인 가구를 타겟으로 하고 있어 이 소비자의 요구에 잘 부합합니다. 가격은 5,980원으로, 경쟁 제품의 가격대(1,366원 ~ 2,996원)보다 다소 높은 편이지만, 이 소비자는 가격보다 품질과 효율성을 중시하기 때문에 긍정적으로 받아들일 가능성이 큽니다. 따라서, 이 소비자가 이 제품을 구매할 확률은 75%로 예측됩니다."", ""monthly_purchase_frequency"": 2}}",
동원참치액 진 500g|151,동원참치액 진 500g,151,,Expecting value: line 2 column 512 (char 512)
동원참치액 진 500g|154,동원참치액 진 500g,154,"{""product_name"": ""동원참치액 진 500g"", ""persona_key"": 154, ""purchase_behavior_prediction"": {""purchase_probability_pct"": 85, ""reason"": ""이 페르소나는 '요리 편리성'을 가장 중요하게 생각하는 소비자로, 조미료의 사용이 요리를 간편하게 만들어줄 것이라는 점에서 큰 매력을 느낄 것입니다. '동원참치액 진'은 진한 감칠맛과 높은 만족도를 제공하며, 1인 가구와 1세대 가족을 타겟으로 하여 이 소비자의 필요에 잘 부합합니다. 또한, 가격이 5,980원으로 경쟁 제품의 가격 범위(1,366원 ~ 2,996원)보다 상대적으로 높은 편이지만, 이 소비자는 가격보다 효율성과 맛을 중시하기 때문에 가격에 대한 민감도가 낮습니다. 따라서, 이 제품은 페르소나의 요리 편리성을 충족시키면서도 만족도를 높일 수 있는 좋은 선택이 될 것입니다."", ""monthly_purchase_frequency"": 2}}",
동원참치액 진 500g|152,동원참치액 진 500g,152,,Expecting value: line 2 column 512 (char 512)
동원참치액 진 500g|155,동원참치액 진 500g,155,,Expecting value: line 2 column 512 (char 512)
동원참치액 진 500g|156,동원참치액 진 500g,156,,Expecting value: line 2 column 512 (char 512)
동원참치액 진 500g|160,동원참치액 진 500g,160,,Expecting value: line 2 column 512 (char 512)
동원참치액 진 500g|157,동원참치액 진 500g,157,,Expecting value: line 2 column 512 (char 512)
동원참치액 진 500g|158,동원참치액 진 500g,158,,Expecting value: line 2 column 512 (char 512)
동원참치액 진 500g|159,동원참치액 진 500g,159,,Expecting value: line 2 column 512 (char 512)
동원참치액 진 500g|163,동원참치액 진 500g,163,"{""product_name"": ""동원참치액 진 500g"", ""persona_key"": 163, ""purchase_behavior_prediction"": {""purchase_probability_pct"": 85, ""reason"": ""이 페르소나는 '건강 추구형 소비자'로, HMR(가정간편식) 선호도가 높고 건강과 편리성을 중시합니다. 동원참치액 진은 진한 감칠맛과 높은 만족도를 제공하여 요리하는 1인 가구와 1세대 가족에게 적합합니다. 가격이 5,980원으로 경쟁 제품의 가격대(1,366원 ~ 2,996원)보다 상대적으로 높은 편이지만, 이 소비자는 가격에 크게 구애받지 않고 건강을 최우선으로 고려하기 때문에 프리미엄 제품에 대한 수용도가 높습니다. 또한, 광고와 프로모션이 2024년 9-12월에 진행되므로, 이 시기에 구매 확률이 더욱 높아질 것입니다."", ""monthly_purchase_frequency"": 2}}",
동원참치액 진 500g|162,동원참치액 진 500g,162,,Expecting value: line 2 column 512 (char 512)
동원참치액 진 500g|164,동원참치액 진 500g,164,,Expecting value: line 2 column 512 (char 512)
동원참치액 진 500g|161,동원참치액 진 500g,161,,Expecting value: line 2 column 512 (char 512)
동원참치액 진 500g|165,동원참치액 진 500g,165,,Expecting value: line 2 column 512 (char 512)
동원참치액 진 500g|166,동원참치액 진 500g,166,,Expecting value: line 2 column 512 (char 512)
동원참치액 진 500g|167,동원참치액 진 500g,167,,Expecting value: line 2 column 512 (char 512)
동원참치액 진 500g|168,동원참치액 진 500g,168,,Expecting value: line 2 column 512 (char 512)
동원참치액 진 500g|170,동원참치액 진 500g,170,,Expecting value: line 2 column 512 (char 512)
동원참치액 진 500g|169,동원참치액 진 500g,169,,Expecting value: line 2 column 512 (char 512)
동원참치액 진 500g|171,동원참치액 진 500g,171,,Expecting value: line 2 column 512 (char 512)
동원참치액 진 500g|172,동원참치액 진 500g,172,,Expecting value: line 2 column 512 (char 512)
동원참치액 진 500g|174,동원참치액 진 500g,174,,Expecting value: line 2 column 512 (char 512)
동원참치액 진 500g|178,동원참치액 진 500g,178,"{""product_name"": ""동원참치액 진 500g"", ""persona_key"": 178, ""purchase_behavior_prediction"": {""purchase_probability_pct"": 85, ""reason"": ""이 페르소나는 '실속형 미식가'로서 다양한 맛을 추구하며, 요리의 편리성을 중시합니다. '동원참치액 진'은 진한 감칠맛과 높은 만족도를 제공하여 이 소비자의 요구에 부합합니다. 또한, 1인 가구로서 요리를 자주 하는 이 소비자는 조미료의 다양성을 통해 새로운 요리 경험을 추구할 가능성이 높습니다. 가격은 5,980원으로, 경쟁 제품의 가격대(1,366원 ~ 2,996원)보다 상대적으로 높은 편이지만, 품질과 맛을 중시하는 이 소비자는 가격에 대한 민감도가 낮아 구매를 고려할 것입니다. 따라서, 이 제품은 페르소나의 다양한 요구를 충족시킬 수 있어 높은 구매 확률을 보입니다."", ""monthly_purchase_frequency"": 2}}",
동원참치액 진 500g|173,동원참치액 진 500g,173,,Expecting value: line 2 column 512 (char 512)
동원참치액 진 500g|175,동원참치액 진 500g,175,,Expecting value: line 2 column 512 (char 512)
동원참치액 진 500g|176,동원참치액 진 500g,176,,Expecting value: line 2 column 512 (char 512)
동원참치액 진 500g|177,동원참치액 진 500g,177,,Expecting value: line 2 column 512 (char 512)
동원참치액 진 500g|181,동원참치액 진 500g,181,,Expecting value: line 2 column 512 (char 512)
동원참치액 진 500g|179,동원참치액 진 500g,179,,Expecting value: line 2 column 512 (char 512)
동원참치액 진 500g|180,동원참치액 진 500g,180,,Expecting value: line 2 column 512 (char 512)
동원참치액 진 500g|185,동원참치액 진 500g,185,"{""product_name"": ""동원참치액 진 500g"", ""persona_key"": 185, ""purchase_behavior_prediction"": {""purchase_probability_pct"": 85, ""reason"": ""이 페르소나는 HMR(가정간편식) 선호도가 매우 높고, 요리하는 1인 가구로서 간편하면서도 맛있는 조미료를 찾고 있습니다. 동원참치액 진은 진한 감칠맛과 높은 만족도를 제공하여, 이 소비자의 요리 편의성과 맛에 대한 욕구를 충족시킬 수 있습니다. 또한, 부산광역시에 거주하는 50대 여성으로서, 브랜드 충성도가 높고 새로운 제품을 경험하고 공유하려는 경향이 있어, 동원 F&B의 제품이 그녀의 기대를 충족할 가능성이 큽니다. 시장 경쟁 환경에서 동원참치액의 가격은 5,980원으로, 경쟁 제품의 가격 범위(1,366원 ~ 2,996원)보다 상대적으로 높은 편이지만, 제품의 품질과 브랜드 신뢰도가 가격을 정당화할 수 있습니다. 따라서, 이 소비자는 제품의 가치를 충분히 인식하고 구매할 가능성이 높습니다."", ""monthly_purchase_frequency"": 2}}",
동원참치액 진 500g|182,동원참치액 진 500g,182,,Expecting value: line 2 column 512 (char 512)
동원참치액 진 500g|183,동원참치액 진 500g,183,,Expecting value: line 2 column 512 (char 512)
동원참치액 진 500g|184,동원참치액 진 500g,184,,Expecting value: line 2 column 512 (char 512)
동원참치액 진 500g|190,동원참치액 진 500g,190,"{""product_name"": ""동원참치액 진 500g"", ""persona_key"": 190, ""purchase_behavior_prediction"": {""purchase_probability_pct"": 75, ""reason"": ""페르소나는 '실속형 미식가'로, 편리성과 새로운 맛을 중시하는 소비자입니다. HMR 선호도가 높아 조리 편의성을 중요하게 생각하며, 동원참치액 진은 진한 감칠맛과 높은 만족도를 제공하여 요리하는 1인 가구와 2세대 가족에게 매력적입니다. 가격은 5,980원으로, 경쟁 제품의 가격대(1,366원 ~ 2,996원)보다 상대적으로 높은 편이지만, 페르소나의 가격 민감도가 낮고 품질을 중시하기 때문에 구매를 고려할 가능성이 높습니다. 또한, 광고/프로모션이 진행될 예정이므로 소비자의 구매 유도 효과가 있을 것으로 예상됩니다."", ""monthly_purchase_frequency"": 2}}",
동원참치액 진 500g|187,동원참치액 진 500g,187,,Expecting value: line 2 column 512 (char 512)
동원참치액 진 500g|186,동원참치액 진 500g,186,,Expecting value: line 2 column 512 (char 512)
동원참치액 진 500g|188,동원참치액 진 500g,188,,Expecting value: line 2 column 512 (char 512)
동원참치액 진 500g|189,동원참치액 진 500g,189,,Expecting value: line 2 column 512 (char 512)
동원참치액 진 500g|191,동원참치액 진 500g,191,,Expecting value: line 2 column 512 (char 512)
동원참치액 진 500g|192,동원참치액 진 500g,192,,Expecting value: line 2 column 512 (char 512)
동원참치액 진 500g|193,동원참치액 진 500g,193,,Expecting value: line 2 column 512 (char 512)
동원참치액 진 500g|194,동원참치액 진 500g,194,,Expecting value: line 2 column 512 (char 512)
동원참치액 진 500g|196,동원참치액 진 500g,196,,Expecting value: line 2 column 512 (char 512)
동원참치액 진 500g|195,동원참치액 진 500g,195,,Expecting value: line 2 column 512 (char 512)
동원참치액 진 500g|198,동원참치액 진 500g,198,,Expecting value: line 2 column 512 (char 512)
동원참치액 진 500g|199,동원참치액 진 500g,199,,Expecting value: line 2 column 512 (char 512)
동원참치액 진 500g|200,동원참치액 진 500g,200,,Expecting value: line 2 column 512 (char 512)
동원참치액 진 500g|203,동원참치액 진 500g,203,,Expecting value: line 2 column 512 (char 512)
동원참치액 진 500g|205,동원참치액 진 500g,205,"{""product_name"": ""동원참치액 진 500g"", ""persona_key"": 205, ""purchase_behavior_prediction"": {""purchase_probability_pct"": 75, ""reason"": ""이 페르소나는 '실속형 미식가'로, HMR(가정간편식) 선호도가 매우 높습니다(0.843). 이는 편리함과 맛을 동시에 중시하는 소비 성향을 반영합니다. 동원참치액 진은 진한 감칠맛과 높은 만족도를 제공하며, 요리하는 1인 가구와 2세대 가족을 타겟으로 하고 있어 이 소비자에게 적합합니다. 또한, 가격이 5,980원으로 경쟁 제품의 가격 범위(1,366원 ~ 2,996원)보다 상대적으로 비쌀 수 있지만, 이 소비자는 가격 민감도가 중간(0.541)으로, 품질과 편리함을 중시하기 때문에 구매를 고려할 가능성이 높습니다. 광고 및 프로모션이 SNS를 통해 이루어지므로, 이러한 채널을 통해 제품의 매력을 느낄 가능성이 큽니다."", ""monthly_purchase_frequency"": 2}}",
동원참치액 진 500g|197,동원참치액 진 500g,197,,Expecting value: line 2 column 512 (char 512)
동원참치액 진 500g|201,동원참치액 진 500g,201,,Expecting value: line 2 column 512 (char 512)
동원참치액 진 500g|208,동원참치액 진 500g,208,"{""product_name"": ""동원참치액 진 500g"", ""persona_key"": 208, ""purchase_behavior_prediction"": {""purchase_probability_pct"": 85, ""reason"": ""페르소나는 '실속형 미식가'로, 편리성과 맛을 중시하며 새로운 제품을 시도하는 데 적극적입니다. 'HMR 선호도'가 높아 조리 편리성을 중시하는 주부로서, 동원참치액의 '진한 감칠맛'과 '높은 만족도'는 그녀의 요리 경험을 향상시킬 수 있는 매력적인 요소입니다. 가격은 5,980원으로, 경쟁 제품의 가격대(1,366원 ~ 2,996원)보다 높지만, 그녀는 가격에 대한 민감도가 낮고 효율성과 맛을 중시하기 때문에 이 가격을 수용할 가능성이 높습니다. 또한, 광고 및 프로모션이 2024년 9-12월에 진행되므로, 이 시기에 구매를 유도할 수 있는 요소가 많습니다."", ""monthly_purchase_frequency"": 2}}",
동원참치액 진 500g|204,동원참치액 진 500g,204,,Expecting value: line 2 column 512 (char 512)
동원참치액 진 500g|202,동원참치액 진 500g,202,,Expecting value: line 2 column 512 (char 512)
동원참치액 진 500g|209,동원참치액 진 500g,209,,Expecting value: line 2 column 512 (char 512)
동원참치액 진 500g|212,동원참치액 진 500g,212,"{""product_name"": ""동원참치액 진 500g"", ""persona_key"": 212, ""purchase_behavior_prediction"": {""purchase_probability_pct"": 85, ""reason"": ""이 소비자는 건강 지향성이 매우 높은 소비자로, 제품의 진한 감칠맛과 높은 만족도가 요리하는 1인 가구와 2세대 가족에게 매력적입니다. 또한, 가격에 대한 민감도가 낮아 프리미엄 제품에 대한 수용도가 높습니다. 시장 경쟁 환경에서 동원참치액의 가격이 5,980원으로, 경쟁 제품의 가격대(1,366원 ~ 2,996원)보다 상대적으로 비쌀 수 있으나, 건강과 편리성을 중시하는 이 소비자에게는 충분히 수용 가능한 가격입니다. 따라서, 이 소비자는 제품을 구매할 가능성이 높습니다."", ""monthly_purchase_frequency"": 2}}",
동원참치액 진 500g|206,동원참치액 진 500g,206,,Expecting value: line 2 column 512 (char 512)
동원참치액 진 500g|207,동원참치액 진 500g,207,,Expecting value: line 2 column 512 (char 512)
동원참치액 진 500g|210,동원참치액 진 500g,210,"{""product_name"": ""동원참치액 진 500g"", ""persona_key"": 210, ""purchase_behavior_prediction"": {""purchase_probability_pct"": 75, ""reason"": ""페르소나는 '실속형 미식가'로, 편리성과 맛을 중시하며 새로운 제품을 시도하는 데 적극적입니다. HMR 선호도가 높아 조리 편의성을 중시하는 이 소비자는 동원참치액의 진한 감칠맛과 높은 만족도를 긍정적으로 평가할 것입니다. 또한, 가격이 5,980원으로 경쟁 제품의 가격 범위(1,366원 ~ 2,996원)보다 상대적으로 높은 편이지만, 가격에 민감하기보다는 효율성과 맛을 추구하는 경향이 있어 구매를 고려할 가능성이 높습니다. 따라서, 이 소비자는 동원참치액을 구매할 확률이 높습니다."", ""monthly_purchase_frequency"": 2}}",
동원참치액 진 500g|211,동원참치액 진 500g,211,,Expecting value: line 2 column 512 (char 512)
동원참치액 진 500g|216,동원참치액 진 500g,216,,Expecting value: line 2 column 512 (char 512)
동원참치액 진 500g|215,동원참치액 진 500g,215,,Expecting value: line 2 column 512 (char 512)
동원참치액 진 500g|217,동원참치액 진 500g,217,"{""product_name"": ""동원참치액 진 500g"", ""persona_key"": 217, ""purchase_behavior_prediction"": {""purchase_probability_pct"": 85, ""reason"": ""이 소비자는 건강을 최우선으로 고려하는 '건강 추구형 소비자'로, HMR(가정간편식) 선호도가 높습니다. 동원참치액 진은 진한 감칠맛과 높은 만족도를 제공하며, 요리하는 1인 가구와 2세대 가족을 타겟으로 하고 있습니다. 이 제품은 건강 지향적인 소비자에게 적합하며, 가격이 5,980원으로 경쟁 제품의 가격 범위(1,366원 ~ 2,996원)보다 상대적으로 높은 편이지만, 이 소비자는 가격보다 품질과 건강을 중시하기 때문에 긍정적으로 받아들일 것입니다. 또한, 브랜드 충성도가 높아 동원 F&B의 제품에 대한 신뢰가 구매를 더욱 촉진할 것입니다."", ""monthly_purchase_frequency"": 2}}",
동원참치액 진 500g|214,동원참치액 진 500g,214,,Expecting value: line 2 column 512 (char 512)
동원참치액 진 500g|213,동원참치액 진 500g,213,,Expecting value: line 2 column 512 (char 512)
동원참치액 진 500g|222,동원참치액 진 500g,222,"{""product_name"": ""동원참치액 진 500g"", ""persona_key"": 222, ""purchase_behavior_prediction"": {""purchase_probability_pct"": 85, ""reason"": ""이 페르소나는 건강을 최우선으로 고려하는 소비자로, HMR(가정간편식) 선호도가 매우 높습니다. 동원참치액 진은 진한 감칠맛과 높은 만족도를 제공하여 요리하는 1인 가구와 2세대 가족에게 적합한 제품입니다. 또한, 가격이 5,980원으로 경쟁 제품에 비해 합리적인 수준이며, 경쟁 제품의 가격 범위가 1,366원에서 2,996원인 점을 고려할 때, 이 제품은 프리미엄 소비자에게 매력적입니다. 광고와 프로모션이 2024년 9-12월에 진행될 예정이므로, 이 시기에 구매 확률이 더욱 높아질 것으로 예상됩니다."", ""monthly_purchase_frequency"": 2}}",
동원참치액 진 500g|223,동원참치액 진 500g,223,,Expecting value: line 2 column 512 (char 512)
동원참치액 진 500g|219,동원참치액 진 500g,219,,Expecting value: line 2 column 512 (char 512)
동원참치액 진 500g|221,동원참치액 진 500g,221,,Expecting value: line 2 column 512 (char 512)
동원참치액 진 500g|218,동원참치액 진 500g,218,,Expecting value: line 2 column 512 (char 512)
동원참치액 진 500g|220,동원참치액 진 500g,220,,Expecting value: line 2 column 512 (char 512)
동원참치액 진 500g|224,동원참치액 진 500g,224,,Expecting value: line 2 column 512 (char 512)
동원참치액 진 500g|227,동원참치액 진 500g,227,,Expecting value: line 2 column 512 (char 512)
동원참치액 진 500g|230,동원참치액 진 500g,230,"{""product_name"": ""동원참치액 진 500g"", ""persona_key"": 230, ""purchase_behavior_prediction"": {""purchase_probability_pct"": 85, ""reason"": ""페르소나는 HMR(가정식 대체 식사) 선호도가 매우 높고(0.902), 이는 간편하고 빠른 요리를 선호하는 경향을 나타냅니다. '동원참치액 진'은 진한 감칠맛과 높은 만족도를 제공하며, 요리하는 1인 가구와 1세대 가족을 타겟으로 하고 있어 페르소나의 요리 편의성 요구에 잘 부합합니다. 또한, 가격이 5,980원으로 경쟁 제품의 가격대(1,366원 ~ 2,996원)에 비해 상대적으로 높은 편이지만, 페르소나는 브랜드 충성도가 높고(0.504), 프리미엄 제품에 대한 수용성도 어느 정도 있어(0.331) 가격에 대한 민감도가 낮습니다. 따라서, 이 제품은 페르소나에게 매력적일 것으로 판단됩니다."", ""monthly_purchase_frequency"": 2}}",
동원참치액 진 500g|231,동원참치액 진 500g,231,"{""product_name"": ""동원참치액 진 500g"", ""persona_key"": 231, ""purchase_behavior_prediction"": {""purchase_probability_pct"": 75, ""reason"": ""이 페르소나는 HMR(가정식 대체식품)에 대한 선호도가 높고, 요리하는 1인 가구와 2세대 가족을 대상으로 하는 제품의 특징이 잘 맞아떨어집니다. 특히, '진한 감칠맛'과 '높은 만족도'는 요리를 즐기는 소비자에게 매력적이며, 이 소비자는 새로운 제품을 경험하고 공유하려는 경향이 강합니다. 또한, 가격이 5,980원으로 경쟁 제품의 가격 범위(1,366원 ~ 2,996원)보다 상대적으로 높은 편이지만, 가격 민감도가 낮아 HMR 제품에 대한 프리미엄을 지불할 의향이 있습니다. 따라서, 제품의 매력과 시장 경쟁 환경을 고려할 때, 구매 확률은 75%로 예측됩니다."", ""monthly_purchase_frequency"": 2}}",
동원참치액 진 500g|225,동원참치액 진 500g,225,,Expecting value: line 2 column 512 (char 512)
동원참치액 진 500g|226,동원참치액 진 500g,226,,Expecting value: line 2 column 512 (char 512)
동원참치액 진 500g|229,동원참치액 진 500g,229,,Expecting value: line 2 column 512 (char 512)
동원참치액 진 500g|228,동원참치액 진 500g,228,,Expecting value: line 2 column 512 (char 512)
동원참치액 진 500g|232,동원참치액 진 500g,232,,Expecting value: line 2 column 512 (char 512)
동원참치액 진 500g|233,동원참치액 진 500g,233,,Expecting value: line 2 column 512 (char 512)
동원참치액 진 500g|234,동원참치액 진 500g,234,,Expecting value: line 2 column 512 (char 512)
동원참치액 진 500g|235,동원참치액 진 500g,235,,Expecting value: line 2 column 512 (char 512)
동원참치액 진 500g|238,동원참치액 진 500g,238,,Expecting value: line 2 column 512 (char 512)
동원참치액 진 500g|236,동원참치액 진 500g,236,,Expecting value: line 2 column 512 (char 512)
동원참치액 진 500g|237,동원참치액 진 500g,237,,Expecting value: line 2 column 512 (char 512)
동원참치액 진 500g|241,동원참치액 진 500g,241,,Expecting value: line 2 column 512 (char 512)
동원참치액 진 500g|244,동원참치액 진 500g,244,"{""product_name"": ""동원참치액 진 500g"", ""persona_key"": 244, ""purchase_behavior_prediction"": {""purchase_probability_pct"": 75, ""reason"": ""이 페르소나는 HMR(가정간편식) 선호도가 높고, 요리하는 2세대 가족으로서 간편하면서도 맛있는 조미료를 찾고 있습니다. 동원참치액 진은 진한 감칠맛과 높은 만족도를 제공하여, 이 소비자의 요리 편의성과 맛에 대한 기대를 충족시킬 수 있습니다. 또한, 가격이 5,980원으로 경쟁 제품의 가격 범위(1,366원 ~ 2,996원)보다 상대적으로 높은 편이지만, 페르소나의 가격 민감도가 낮아 프리미엄 제품에 대한 수용도가 높습니다. 따라서, 이 소비자는 제품의 품질과 브랜드에 대한 충성도가 높아 구매할 가능성이 큽니다."", ""monthly_purchase_frequency"": 2}}",
동원참치액 진 500g|239,동원참치액 진 500g,239,,Expecting value: line 2 column 512 (char 512)
동원참치액 진 500g|242,동원참치액 진 500g,242,,Expecting value: line 2 column 512 (char 512)
동원참치액 진 500g|240,동원참치액 진 500g,240,,Expecting value: line 2 column 512 (char 512)
동원참치액 진 500g|246,동원참치액 진 500g,246,"{""product_name"": ""동원참치액 진 500g"", ""persona_key"": 246, ""purchase_behavior_prediction"": {""purchase_probability_pct"": 75, ""reason"": ""이 페르소나는 HMR(가정간편식) 선호도가 높고, 요리하는 2세대 가족으로서 조리의 편리함과 맛을 중시합니다. 동원참치액 진은 진한 감칠맛과 높은 만족도를 제공하며, 특히 1인 가구와 2세대 가족을 타겟으로 하고 있어 이 소비자에게 매력적입니다. 또한, 브랜드 충성도가 높아 동원 F&B의 제품을 신뢰하고 선호할 가능성이 큽니다. 시장 경쟁 환경에서 동원참치액의 가격은 5,980원으로, 경쟁 제품의 가격 범위(1,366원 ~ 2,996원)보다 상대적으로 높은 편이지만, 품질과 브랜드 인지도를 고려할 때 수용 가능하다고 판단할 것입니다."", ""monthly_purchase_frequency"": 2}}",
동원참치액 진 500g|243,동원참치액 진 500g,243,,Expecting value: line 2 column 512 (char 512)
동원참치액 진 500g|245,동원참치액 진 500g,245,,Expecting value: line 2 column 512 (char 512)
동원참치액 진 500g|247,동원참치액 진 500g,247,,Expecting value: line 2 column 512 (char 512)
동원참치액 진 500g|251,동원참치액 진 500g,251,,Expecting value: line 2 column 512 (char 512)
동원참치액 진 500g|248,동원참치액 진 500g,248,,Expecting value: line 2 column 512 (char 512)
동원참치액 진 500g|249,동원참치액 진 500g,249,,Expecting value: line 2 column 512 (char 512)
동원참치액 진 500g|250,동원참치액 진 500g,250,,Expecting value: line 2 column 512 (char 512)
동원참치액 진 500g|252,동원참치액 진 500g,252,,Expecting value: line 2 column 512 (char 512)
동원참치액 진 500g|254,동원참치액 진 500g,254,,Expecting value: line 2 column 512 (char 512)
동원참치액 진 500g|253,동원참치액 진 500g,253,,Expecting value: line 2 column 512 (char 512)
동원참치액 진 500g|255,동원참치액 진 500g,255,,Expecting value: line 2 column 512 (char 512)
동원참치액 진 500g|256,동원참치액 진 500g,256,,Expecting value: line 2 column 512 (char 512)
동원참치액 진 500g|257,동원참치액 진 500g,257,,Expecting value: line 2 column 512 (char 512)
동원참치액 진 500g|261,동원참치액 진 500g,261,,Expecting value: line 2 column 512 (char 512)
동원참치액 진 500g|258,동원참치액 진 500g,258,,Expecting value: line 2 column 512 (char 512)
동원참치액 진 500g|264,동원참치액 진 500g,264,,Expecting value: line 2 column 512 (char 512)
동원참치액 진 500g|263,동원참치액 진 500g,263,,Expecting value: line 2 column 512 (char 512)
동원참치액 진 500g|259,동원참치액 진 500g,259,,Expecting value: line 2 column 512 (char 512)
동원참치액 진 500g|260,동원참치액 진 500g,260,,Expecting value: line 2 column 512 (char 512)
동원참치액 진 500g|262,동원참치액 진 500g,262,,Expecting value: line 2 column 512 (char 512)
동원참치액 진 500g|265,동원참치액 진 500g,265,,Expecting value: line 2 column 512 (char 512)
동원참치액 진 500g|267,동원참치액 진 500g,267,,Expecting value: line 2 column 512 (char 512)
동원참치액 진 500g|266,동원참치액 진 500g,266,,Expecting value: line 2 column 512 (char 512)
동원참치액 진 500g|268,동원참치액 진 500g,268,,Expecting value: line 2 column 512 (char 512)
동원참치액 진 500g|269,동원참치액 진 500g,269,,Expecting value: line 2 column 512 (char 512)
동원참치액 진 500g|270,동원참치액 진 500g,270,,Expecting value: line 2 column 512 (char 512)
동원참치액 진 500g|271,동원참치액 진 500g,271,,Expecting value: line 2 column 512 (char 512)
동원참치액 진 500g|274,동원참치액 진 500g,274,,Expecting value: line 2 column 512 (char 512)
동원참치액 진 500g|273,동원참치액 진 500g,273,,Expecting value: line 2 column 512 (char 512)
동원참치액 진 500g|272,동원참치액 진 500g,272,,Expecting value: line 2 column 512 (char 512)
동원참치액 진 500g|275,동원참치액 진 500g,275,,Expecting value: line 2 column 512 (char 512)
동원참치액 진 500g|279,동원참치액 진 500g,279,"{""product_name"": ""동원참치액 진 500g"", ""persona_key"": 279, ""purchase_behavior_prediction"": {""purchase_probability_pct"": 85, ""reason"": ""이 페르소나는 '건강 추구형 소비자'로, HMR(가정식 대체식품) 선호도가 매우 높습니다. 제품의 진한 감칠맛과 높은 만족도는 요리하는 1인 가구와 1세대 가족에게 매력적이며, 특히 건강을 중시하는 소비자에게 적합합니다. 또한, 가격이 5,980원으로 경쟁 제품의 가격 범위(1,366원 ~ 2,996원)보다 상대적으로 높은 편이지만, 이 소비자는 가격보다는 건강과 편리성을 우선시하기 때문에 구매를 고려할 가능성이 큽니다. 따라서, 제품의 특성과 소비자의 건강 지향성이 잘 맞아떨어져 높은 구매 확률을 보입니다."", ""monthly_purchase_frequency"": 2}}",
동원참치액 진 500g|277,동원참치액 진 500g,277,"{""product_name"": ""동원참치액 진 500g"", ""persona_key"": 277, ""purchase_behavior_prediction"": {""purchase_probability_pct"": 85, ""reason"": ""이 페르소나는 '건강 추구형 소비자'로, 건강과 편리성을 최우선으로 고려합니다. 'HMR 선호도'가 높아 즉석식품이나 간편한 조리 방법을 선호하며, 이는 동원참치액의 진한 감칠맛과 높은 만족도가 잘 맞아떨어집니다. 또한, 가격이 5,980원으로 경쟁 제품의 가격 범위(1,366원 ~ 2,996원)에 비해 상대적으로 높은 편이지만, 건강과 품질을 중시하는 이 소비자는 가격에 크게 구애받지 않기 때문에 구매에 긍정적입니다. 따라서 이 제품은 그녀의 요리 편의성과 건강 지향성을 충족시킬 수 있어 높은 구매 확률을 보입니다."", ""monthly_purchase_frequency"": 2}}",
동원참치액 진 500g|276,동원참치액 진 500g,276,,Expecting value: line 2 column 512 (char 512)
동원참치액 진 500g|281,동원참치액 진 500g,281,,Expecting value: line 2 column 512 (char 512)
동원참치액 진 500g|278,동원참치액 진 500g,278,,Expecting value: line 2 column 512 (char 512)
동원참치액 진 500g|280,동원참치액 진 500g,280,,Expecting value: line 2 column 512 (char 512)
동원참치액 진 500g|284,동원참치액 진 500g,284,,Expecting value: line 2 column 512 (char 512)
동원참치액 진 500g|285,동원참치액 진 500g,285,,Expecting value: line 2 column 512 (char 512)
동원참치액 진 500g|282,동원참치액 진 500g,282,,Expecting value: line 2 column 512 (char 512)
동원참치액 진 500g|287,동원참치액 진 500g,287,,Expecting value: line 2 column 512 (char 512)
동원참치액 진 500g|283,동원참치액 진 500g,283,,Expecting value: line 2 column 512 (char 512)
동원참치액 진 500g|288,동원참치액 진 500g,288,,Expecting value: line 2 column 512 (char 512)
동원참치액 진 500g|289,동원참치액 진 500g,289,,Expecting value: line 2 column 512 (char 512)
동원참치액 진 500g|286,동원참치액 진 500g,286,,Expecting value: line 2 column 512 (char 512)
동원참치액 진 500g|290,동원참치액 진 500g,290,,Expecting value: line 2 column 512 (char 512)
동원참치액 진 500g|291,동원참치액 진 500g,291,,Expecting value: line 2 column 512 (char 512)
동원참치액 진 500g|292,동원참치액 진 500g,292,,Expecting value: line 2 column 512 (char 512)
동원참치액 진 500g|293,동원참치액 진 500g,293,,Expecting value: line 2 column 512 (char 512)
동원참치액 진 500g|295,동원참치액 진 500g,295,,Expecting value: line 2 column 512 (char 512)
동원참치액 진 500g|294,동원참치액 진 500g,294,,Expecting value: line 2 column 512 (char 512)
동원참치액 진 500g|296,동원참치액 진 500g,296,,Expecting value: line 2 column 512 (char 512)
동원참치액 진 500g|297,동원참치액 진 500g,297,,Expecting value: line 2 column 512 (char 512)
동원참치액 진 500g|298,동원참치액 진 500g,298,,Expecting value: line 2 column 512 (char 512)
동원참치액 진 500g|299,동원참치액 진 500g,299,,Expecting value: line 2 column 512 (char 512)
동원참치액 진 500g|300,동원참치액 진 500g,300,,Expecting value: line 2 column 512 (char 512)
동원참치액 진 500g|301,동원참치액 진 500g,301,,Expecting value: line 2 column 512 (char 512)
동원참치액 진 500g|302,동원참치액 진 500g,302,,Expecting value: line 2 column 512 (char 512)
동원참치액 진 500g|303,동원참치액 진 500g,303,,Expecting value: line 2 column 512 (char 512)
동원참치액 진 500g|307,동원참치액 진 500g,307,,Expecting value: line 2 column 512 (char 512)
동원참치액 진 500g|304,동원참치액 진 500g,304,,Expecting value: line 2 column 512 (char 512)
동원참치액 진 500g|305,동원참치액 진 500g,305,,Expecting value: line 2 column 512 (char 512)
동원참치액 진 500g|306,동원참치액 진 500g,306,,Expecting value: line 2 column 512 (char 512)
동원참치액 진 500g|308,동원참치액 진 500g,308,,Expecting value: line 2 column 512 (char 512)
동원참치액 진 500g|309,동원참치액 진 500g,309,,Expecting value: line 2 column 512 (char 512)
동원참치액 진 500g|311,동원참치액 진 500g,311,,Expecting value: line 2 column 512 (char 512)
동원참치액 진 500g|310,동원참치액 진 500g,310,,Expecting value: line 2 column 512 (char 512)
동원참치액 진 500g|314,동원참치액 진 500g,314,"{""product_name"": ""동원참치액 진 500g"", ""persona_key"": 314, ""purchase_behavior_prediction"": {""purchase_probability_pct"": 85, ""reason"": ""이 소비자는 건강을 최우선으로 고려하는 프리미엄 소비자 그룹에 속하며, HMR(가정간편식) 선호도가 높습니다. 동원참치액 진은 진한 감칠맛과 높은 만족도를 제공하여 요리하는 1인 가구에 적합합니다. 또한, 가격이 5,980원으로 경쟁 제품의 가격대(1,366원 ~ 2,996원)보다 상대적으로 높지만, 건강과 편리성을 중시하는 이 소비자는 가격에 대한 민감도가 낮아 구매할 가능성이 높습니다. 따라서, 이 제품은 소비자의 요구를 충족시키며, 광고와 프로모션이 진행되는 시점에 구매 확률이 더욱 높아질 것입니다."", ""monthly_purchase_frequency"": 2}}",
동원참치액 진 500g|313,동원참치액 진 500g,313,,Expecting value: line 2 column 512 (char 512)
동원참치액 진 500g|312,동원참치액 진 500g,312,,Expecting value: line 2 column 512 (char 512)
동원참치액 진 500g|315,동원참치액 진 500g,315,,Expecting value: line 2 column 512 (char 512)
동원참치액 진 500g|317,동원참치액 진 500g,317,,Expecting value: line 2 column 512 (char 512)
동원참치액 진 500g|316,동원참치액 진 500g,316,,Expecting value: line 2 column 512 (char 512)
동원참치액 진 500g|318,동원참치액 진 500g,318,,Expecting value: line 2 column 512 (char 512)
동원참치액 진 500g|319,동원참치액 진 500g,319,,Expecting value: line 2 column 512 (char 512)
동원참치액 진 500g|322,동원참치액 진 500g,322,,Expecting value: line 2 column 512 (char 512)
동원참치액 진 500g|320,동원참치액 진 500g,320,,Expecting value: line 2 column 512 (char 512)
동원참치액 진 500g|321,동원참치액 진 500g,321,,Expecting value: line 2 column 512 (char 512)
동원참치액 진 500g|323,동원참치액 진 500g,323,,Expecting value: line 2 column 512 (char 512)
동원참치액 진 500g|324,동원참치액 진 500g,324,,Expecting value: line 2 column 512 (char 512)
동원참치액 진 500g|325,동원참치액 진 500g,325,,Expecting value: line 2 column 512 (char 512)
동원참치액 진 500g|326,동원참치액 진 500g,326,,Expecting value: line 2 column 512 (char 512)
동원참치액 진 500g|327,동원참치액 진 500g,327,,Expecting value: line 2 column 512 (char 512)
동원참치액 진 500g|328,동원참치액 진 500g,328,,Expecting value: line 2 column 512 (char 512)
동원참치액 진 500g|329,동원참치액 진 500g,329,,Expecting value: line 2 column 512 (char 512)
동원참치액 진 500g|330,동원참치액 진 500g,330,,Expecting value: line 2 column 512 (char 512)
동원참치액 진 500g|331,동원참치액 진 500g,331,,Expecting value: line 2 column 512 (char 512)
동원참치액 진 500g|332,동원참치액 진 500g,332,,Expecting value: line 2 column 512 (char 512)
동원참치액 진 500g|336,동원참치액 진 500g,336,"{""product_name"": ""동원참치액 진 500g"", ""persona_key"": 336, ""purchase_behavior_prediction"": {""purchase_probability_pct"": 75, ""reason"": ""이 페르소나는 '실속형 미식가'로, 편리성과 새로운 맛을 중시합니다. HMR 선호도가 높아 조리 편의성을 중시하는 1인 가구로서, 동원참치액의 진한 감칠맛과 높은 만족도는 매력적으로 다가옵니다. 가격이 5,980원으로 경쟁 제품의 가격대(1,366원 ~ 2,996원)보다 상대적으로 높은 편이지만, 이 소비자는 가격에 민감하기보다는 효율성과 맛을 추구하기 때문에 긍정적인 구매 결정을 내릴 가능성이 높습니다. 또한, 광고와 프로모션이 SNS를 통해 진행될 예정이므로, 소비자에게 더 많은 노출이 이루어질 것입니다."", ""monthly_purchase_frequency"": 2}}",
동원참치액 진 500g|333,동원참치액 진 500g,333,,Expecting value: line 2 column 512 (char 512)
동원참치액 진 500g|334,동원참치액 진 500g,334,,Expecting value: line 2 column 512 (char 512)
동원참치액 진 500g|335,동원참치액 진 500g,335,,Expecting value: line 2 column 512 (char 512)
동원참치액 진 500g|338,동원참치액 진 500g,338,"{""product_name"": ""동원참치액 진 500g"", ""persona_key"": 338, ""purchase_behavior_prediction"": {""purchase_probability_pct"": 85, ""reason"": ""이 페르소나는 '실속형 미식가'로, HMR(가정간편식) 선호도가 매우 높습니다(0.82). 이는 그가 편리함과 맛을 동시에 중시한다는 것을 의미합니다. 동원참치액은 진한 감칠맛과 높은 만족도를 제공하며, 1인 가구를 타겟으로 하여 요리의 간편함을 더해줍니다. 가격은 5,980원으로, 경쟁 제품의 가격 범위(1,366원 ~ 2,996원)와 비교했을 때 상대적으로 높은 편이지만, 이 소비자는 가격에 민감하기보다는 효율성과 맛을 중시하기 때문에 긍정적으로 받아들일 가능성이 높습니다. 또한, 광고 및 프로모션이 2024년 9-12월에 진행될 예정이므로, 이 시기에 구매 확률이 더욱 높아질 것입니다."", ""monthly_purchase_frequency"": 2}}",
동원참치액 진 500g|342,동원참치액 진 500g,342,,Expecting value: line 2 column 512 (char 512)
동원참치액 진 500g|337,동원참치액 진 500g,337,,Expecting value: line 2 column 512 (char 512)
동원참치액 진 500g|340,동원참치액 진 500g,340,,Expecting value: line 2 column 512 (char 512)
동원참치액 진 500g|339,동원참치액 진 500g,339,,Expecting value: line 2 column 512 (char 512)
동원참치액 진 500g|341,동원참치액 진 500g,341,,Expecting value: line 2 column 512 (char 512)
동원참치액 진 500g|343,동원참치액 진 500g,343,,Expecting value: line 2 column 512 (char 512)
동원참치액 진 500g|344,동원참치액 진 500g,344,,Expecting value: line 2 column 512 (char 512)
동원참치액 진 500g|347,동원참치액 진 500g,347,"{""product_name"": ""동원참치액 진 500g"", ""persona_key"": 347, ""purchase_behavior_prediction"": {""purchase_probability_pct"": 75, ""reason"": ""이 페르소나는 '실속형 미식가'로, 편리성과 맛을 동시에 중시하며 새로운 제품을 시도하는 것을 선호합니다. 'HMR 선호도'가 높아 조리 편의성을 중시하는 이 소비자는 동원참치액의 진한 감칠맛과 높은 만족도를 긍정적으로 평가할 것입니다. 또한, 가격이 5,980원으로 경쟁사 제품의 가격대(1,366원 ~ 2,996원)보다 상대적으로 높은 편이지만, 가격에 대한 민감도가 낮고 효율성과 맛을 중시하기 때문에 구매를 고려할 가능성이 큽니다. 따라서, 이 제품은 페르소나의 요구를 충족시키며, 광고와 프로모션이 진행되는 9-12월 기간 동안 구매 확률이 높아질 것입니다."", ""monthly_purchase_frequency"": 2}}",
동원참치액 진 500g|345,동원참치액 진 500g,345,,Expecting value: line 2 column 512 (char 512)
동원참치액 진 500g|349,동원참치액 진 500g,349,,Expecting value: line 2 column 512 (char 512)
동원참치액 진 500g|346,동원참치액 진 500g,346,,Expecting value: line 2 column 512 (char 512)
동원참치액 진 500g|348,동원참치액 진 500g,348,,Expecting value: line 2 column 512 (char 512)
동원참치액 진 500g|351,동원참치액 진 500g,351,,Expecting value: line 2 column 512 (char 512)
동원참치액 진 500g|352,동원참치액 진 500g,352,"{""product_name"": ""동원참치액 진 500g"", ""persona_key"": 352, ""purchase_behavior_prediction"": {""purchase_probability_pct"": 75, ""reason"": ""페르소나의 HMR 선호도가 높고, 실속형 미식가로서 편리성과 맛을 동시에 중시하는 소비자입니다. 동원참치액 진은 진한 감칠맛과 높은 만족도를 제공하며, 1인 가구를 타겟으로 하여 요리의 편리함을 더해줍니다. 가격이 5,980원으로 경쟁 제품의 가격대(1,366원 ~ 2,996원)보다 다소 높은 편이지만, 페르소나의 가격 민감도가 낮고 효율성을 중시하는 특성 덕분에 긍정적으로 받아들일 가능성이 높습니다. 따라서 이 소비자는 제품의 품질과 편리함을 고려하여 구매할 확률이 높습니다."", ""monthly_purchase_frequency"": 2}}",
동원참치액 진 500g|354,동원참치액 진 500g,354,"{""product_name"": ""동원참치액 진 500g"", ""persona_key"": 354, ""purchase_behavior_prediction"": {""purchase_probability_pct"": 85, ""reason"": ""이 페르소나는 '실속형 미식가'로, HMR(가정간편식) 선호도가 매우 높습니다(0.843). 이는 그들이 편리함과 맛을 동시에 중시한다는 것을 나타냅니다. 동원참치액 진은 진한 감칠맛과 높은 만족도를 제공하며, 1인 가구를 타겟으로 한 제품이기 때문에 이 소비자에게 매우 매력적입니다. 또한, 가격이 5,980원으로 경쟁 제품의 가격대(1,366원 ~ 2,996원)보다 상대적으로 높지만, 이 소비자는 가격에 민감하기보다는 효율성과 맛을 중시하므로 긍정적인 반응을 보일 것입니다. 따라서, 이 소비자는 이 제품을 구매할 가능성이 높습니다."", ""monthly_purchase_frequency"": 2}}",
동원참치액 진 500g|350,동원참치액 진 500g,350,,Expecting value: line 2 column 512 (char 512)
동원참치액 진 500g|355,동원참치액 진 500g,355,,Expecting value: line 2 column 512 (char 512)
동원참치액 진 500g|353,동원참치액 진 500g,353,,Expecting value: line 2 column 512 (char 512)
동원참치액 진 500g|356,동원참치액 진 500g,356,,Expecting value: line 2 column 512 (char 512)
동원참치액 진 500g|357,동원참치액 진 500g,357,,Expecting value: line 2 column 512 (char 512)
동원참치액 진 500g|359,동원참치액 진 500g,359,,Expecting value: line 2 column 512 (char 512)
동원참치액 진 500g|362,동원참치액 진 500g,362,"{""product_name"": ""동원참치액 진 500g"", ""persona_key"": 362, ""purchase_behavior_prediction"": {""purchase_probability_pct"": 85, ""reason"": ""페르소나는 '실속형 미식가'로, HMR(가정간편식) 선호도가 매우 높습니다(0.88). 이는 편리함과 맛을 동시에 추구하는 소비 성향을 반영합니다. 동원참치액 진은 진한 감칠맛과 높은 만족도를 제공하며, 요리하는 1인 가구와 2세대 가족을 타겟으로 하고 있어 페르소나의 요리 편의성을 충족시킵니다. 가격은 5,980원으로, 경쟁 제품의 가격 범위(1,366원 ~ 2,996원)와 비교했을 때 상대적으로 합리적이며, 가격 민감도(0.50)도 고려할 때 긍정적인 반응을 이끌어낼 가능성이 높습니다. 이러한 요소들이 결합되어 높은 구매 확률을 예측하게 됩니다."", ""monthly_purchase_frequency"": 2}}",
동원참치액 진 500g|358,동원참치액 진 500g,358,,Expecting value: line 2 column 512 (char 512)
동원참치액 진 500g|360,동원참치액 진 500g,360,,Expecting value: line 2 column 512 (char 512)
동원참치액 진 500g|361,동원참치액 진 500g,361,,Expecting value: line 2 column 512 (char 512)
동원참치액 진 900g|1,동원참치액 진 900g,1,,Expecting value: line 2 column 512 (char 512)
동원참치액 진 500g|363,동원참치액 진 500g,363,,Expecting value: line 2 column 512 (char 512)
동원참치액 진 900g|3,동원참치액 진 900g,3,,Expecting value: line 2 column 512 (char 512)
동원참치액 진 900g|2,동원참치액 진 900g,2,,Expecting value: line 2 column 512 (char 512)
동원참치액 진 900g|4,동원참치액 진 900g,4,,Expecting value: line 2 column 512 (char 512)
동원참치액 진 900g|5,동원참치액 진 900g,5,,Expecting value: line 2 column 512 (char 512)
동원참치액 진 900g|7,동원참치액 진 900g,7,,Expecting value: line 2 column 512 (char 512)
동원참치액 진 900g|8,동원참치액 진 900g,8,,Expecting value: line 2 column 512 (char 512)
동원참치액 진 900g|10,동원참치액 진 900g,10,,Expecting value: line 2 column 512 (char 512)
동원참치액 진 900g|9,동원참치액 진 900g,9,,Expecting value: line 2 column 512 (char 512)
동원참치액 진 900g|6,동원참치액 진 900g,6,,Expecting value: line 2 column 512 (char 512)
동원참치액 진 900g|11,동원참치액 진 900g,11,,Expecting value: line 2 column 512 (char 512)
동원참치액 진 900g|12,동원참치액 진 900g,12,,Expecting value: line 2 column 512 (char 512)
동원참치액 진 900g|14,동원참치액 진 900g,14,,Expecting value: line 2 column 512 (char 512)
동원참치액 진 900g|13,동원참치액 진 900g,13,,Expecting value: line 2 column 512 (char 512)
동원참치액 진 900g|15,동원참치액 진 900g,15,,Expecting value: line 2 column 512 (char 512)
동원참치액 진 900g|16,동원참치액 진 900g,16,,Expecting value: line 2 column 512 (char 512)
동원참치액 진 900g|17,동원참치액 진 900g,17,,Expecting value: line 2 column 512 (char 512)
동원참치액 진 900g|18,동원참치액 진 900g,18,,Expecting value: line 2 column 512 (char 512)
동원참치액 진 900g|19,동원참치액 진 900g,19,,Expecting value: line 2 column 512 (char 512)
동원참치액 진 900g|20,동원참치액 진 900g,20,,Expecting value: line 2 column 512 (char 512)
동원참치액 진 900g|22,동원참치액 진 900g,22,,Expecting value: line 2 column 512 (char 512)
동원참치액 진 900g|21,동원참치액 진 900g,21,,Expecting value: line 2 column 512 (char 512)
동원참치액 진 900g|23,동원참치액 진 900g,23,,Expecting value: line 2 column 512 (char 512)
동원참치액 진 900g|24,동원참치액 진 900g,24,,Expecting value: line 2 column 512 (char 512)
동원참치액 진 900g|25,동원참치액 진 900g,25,,Expecting value: line 2 column 512 (char 512)
동원참치액 진 900g|26,동원참치액 진 900g,26,,Expecting value: line 2 column 512 (char 512)
동원참치액 진 900g|27,동원참치액 진 900g,27,,Expecting value: line 2 column 512 (char 512)
동원참치액 진 900g|28,동원참치액 진 900g,28,,Expecting value: line 2 column 512 (char 512)
동원참치액 진 900g|29,동원참치액 진 900g,29,,Expecting value: line 2 column 512 (char 512)
동원참치액 진 900g|30,동원참치액 진 900g,30,,Expecting value: line 2 column 512 (char 512)
동원참치액 진 900g|32,동원참치액 진 900g,32,,Expecting value: line 2 column 512 (char 512)
동원참치액 진 900g|31,동원참치액 진 900g,31,,Expecting value: line 2 column 512 (char 512)
동원참치액 진 900g|33,동원참치액 진 900g,33,,Expecting value: line 2 column 512 (char 512)
동원참치액 진 900g|34,동원참치액 진 900g,34,,Expecting value: line 2 column 512 (char 512)
동원참치액 진 900g|35,동원참치액 진 900g,35,,Expecting value: line 2 column 512 (char 512)
동원참치액 진 900g|36,동원참치액 진 900g,36,,Expecting value: line 2 column 512 (char 512)
동원참치액 진 900g|38,동원참치액 진 900g,38,,Expecting value: line 2 column 512 (char 512)
동원참치액 진 900g|37,동원참치액 진 900g,37,,Expecting value: line 2 column 512 (char 512)
동원참치액 진 900g|41,동원참치액 진 900g,41,"{""product_name"": ""동원참치액 진 900g"", ""persona_key"": 41, ""purchase_behavior_prediction"": {""purchase_probability_pct"": 85, ""reason"": ""이 페르소나는 HMR(가정식 대체식품)에 대한 높은 선호도를 보이며(0.902), 이는 요리하는 2세대 가족을 타겟으로 하는 동원참치액의 진한 감칠맛과 높은 만족도가 매력적으로 작용할 것입니다. 또한, 이 소비자는 트렌드 주도형으로 새로운 제품을 경험하고 공유하려는 경향이 강해, SNS 바이럴 광고가 긍정적인 영향을 미칠 것으로 예상됩니다. 가격은 9,980원으로, 경쟁 제품의 가격대(1,366원 ~ 2,996원)와 비교했을 때 상대적으로 높은 편이지만, 가격 민감도가 낮은(0.333) 이 소비자는 품질과 브랜드에 대한 신뢰를 중시할 가능성이 높습니다. 따라서, 제품의 프리미엄 이미지와 브랜드 충성도(0.519)가 구매 결정에 긍정적인 영향을 미칠 것입니다."", ""monthly_purchase_frequency"": 2}}",
동원참치액 진 900g|39,동원참치액 진 900g,39,,Expecting value: line 2 column 512 (char 512)
동원참치액 진 900g|40,동원참치액 진 900g,40,,Expecting value: line 2 column 512 (char 512)
동원참치액 진 900g|42,동원참치액 진 900g,42,,Expecting value: line 2 column 512 (char 512)
동원참치액 진 900g|43,동원참치액 진 900g,43,,Expecting value: line 2 column 512 (char 512)
동원참치액 진 900g|45,동원참치액 진 900g,45,,Expecting value: line 2 column 512 (char 512)
동원참치액 진 900g|46,동원참치액 진 900g,46,,Expecting value: line 2 column 512 (char 512)
동원참치액 진 900g|44,동원참치액 진 900g,44,,Expecting value: line 2 column 512 (char 512)
동원참치액 진 900g|47,동원참치액 진 900g,47,,Expecting value: line 2 column 512 (char 512)
동원참치액 진 900g|48,동원참치액 진 900g,48,,Expecting value: line 2 column 512 (char 512)
동원참치액 진 900g|49,동원참치액 진 900g,49,,Expecting value: line 2 column 512 (char 512)
동원참치액 진 900g|50,동원참치액 진 900g,50,,Expecting value: line 2 column 512 (char 512)
동원참치액 진 900g|51,동원참치액 진 900g,51,,Expecting value: line 2 column 512 (char 512)
동원참치액 진 900g|52,동원참치액 진 900g,52,,Expecting value: line 2 column 512 (char 512)
동원참치액 진 900g|55,동원참치액 진 900g,55,"{""product_name"": ""동원참치액 진 900g"", ""persona_key"": 55, ""purchase_behavior_prediction"": {""purchase_probability_pct"": 85, ""reason"": ""이 페르소나는 HMR(가정식 대체식품)에 대한 높은 선호도를 가지고 있으며, 이는 바쁜 일상 속에서 간편하게 요리를 할 수 있는 제품에 대한 수요를 반영합니다. 제품의 특징인 '진한 감칠맛'과 '높은 만족도'는 요리를 즐기는 2세대 가족에게 매력적이며, 특히 강원도 지역에 거주하는 기혼 여성으로서 가족을 위한 요리에 대한 관심이 높습니다. 또한, 시장 경쟁 환경에서 동원참치액의 가격이 100g당 1,110원으로, 경쟁 제품의 가격대(1,366원 ~ 2,996원)보다 저렴하여 가격 민감도가 낮은 이 페르소나에게 긍정적인 요소로 작용할 것입니다. 이러한 요소들이 결합되어 이 소비자의 구매 확률을 높이고 있습니다."", ""monthly_purchase_frequency"": 2}}",
동원참치액 진 900g|53,동원참치액 진 900g,53,,Expecting value: line 2 column 512 (char 512)
동원참치액 진 900g|54,동원참치액 진 900g,54,,Expecting value: line 2 column 512 (char 512)
동원참치액 진 900g|57,동원참치액 진 900g,57,,Expecting value: line 2 column 512 (char 512)
동원참치액 진 900g|58,동원참치액 진 900g,58,,Expecting value: line 2 column 512 (char 512)
동원참치액 진 900g|56,동원참치액 진 900g,56,,Expecting value: line 2 column 512 (char 512)
동원참치액 진 900g|59,동원참치액 진 900g,59,,Expecting value: line 2 column 512 (char 512)
동원참치액 진 900g|60,동원참치액 진 900g,60,,Expecting value: line 2 column 512 (char 512)
동원참치액 진 900g|61,동원참치액 진 900g,61,,Expecting value: line 2 column 512 (char 512)
동원참치액 진 900g|65,동원참치액 진 900g,65,,Expecting value: line 2 column 512 (char 512)
동원참치액 진 900g|63,동원참치액 진 900g,63,,Expecting value: line 2 column 512 (char 512)
동원참치액 진 900g|62,동원참치액 진 900g,62,,Expecting value: line 2 column 512 (char 512)
동원참치액 진 900g|64,동원참치액 진 900g,64,,Expecting value: line 2 column 512 (char 512)
동원참치액 진 900g|66,동원참치액 진 900g,66,,Expecting value: line 2 column 512 (char 512)
동원참치액 진 900g|67,동원참치액 진 900g,67,,Expecting value: line 2 column 512 (char 512)
동원참치액 진 900g|68,동원참치액 진 900g,68,,Expecting value: line 2 column 512 (char 512)
동원참치액 진 900g|69,동원참치액 진 900g,69,,Expecting value: line 2 column 512 (char 512)
동원참치액 진 900g|70,동원참치액 진 900g,70,,Expecting value: line 2 column 512 (char 512)
동원참치액 진 900g|72,동원참치액 진 900g,72,,Expecting value: line 2 column 512 (char 512)
동원참치액 진 900g|71,동원참치액 진 900g,71,,Expecting value: line 2 column 512 (char 512)
동원참치액 진 900g|73,동원참치액 진 900g,73,,Expecting value: line 2 column 512 (char 512)
동원참치액 진 900g|77,동원참치액 진 900g,77,,Expecting value: line 2 column 512 (char 512)
동원참치액 진 900g|75,동원참치액 진 900g,75,,Expecting value: line 2 column 512 (char 512)
동원참치액 진 900g|74,동원참치액 진 900g,74,,Expecting value: line 2 column 512 (char 512)
동원참치액 진 900g|76,동원참치액 진 900g,76,,Expecting value: line 2 column 512 (char 512)
동원참치액 진 900g|78,동원참치액 진 900g,78,,Expecting value: line 2 column 512 (char 512)
동원참치액 진 900g|82,동원참치액 진 900g,82,"{""product_name"": ""동원참치액 진 900g"", ""persona_key"": 82, ""purchase_behavior_prediction"": {""purchase_probability_pct"": 85, ""reason"": ""이 페르소나는 '요리 편리성'을 중시하는 실속형 미식가로, 조리 시간을 단축하고 맛을 높이는 제품에 높은 관심을 보입니다. 동원참치액 진은 진한 감칠맛과 높은 만족도를 제공하여 요리의 편리성을 극대화할 수 있습니다. 또한, 경쟁 제품의 가격대가 1,366원에서 2,996원 사이인 점을 고려할 때, 동원참치액의 가격(9,980원)은 900g 기준으로 약 1,109원으로, 경쟁 제품보다 가격적으로도 매력적입니다. 이 소비자는 가격에 민감하기보다는 효율성과 맛을 동시에 추구하기 때문에, 이 제품의 구매 확률이 높습니다."", ""monthly_purchase_frequency"": 2}}",
동원참치액 진 900g|79,동원참치액 진 900g,79,,Expecting value: line 2 column 512 (char 512)
동원참치액 진 900g|80,동원참치액 진 900g,80,,Expecting value: line 2 column 512 (char 512)
동원참치액 진 900g|81,동원참치액 진 900g,81,,Expecting value: line 2 column 512 (char 512)
동원참치액 진 900g|85,동원참치액 진 900g,85,"{""product_name"": ""동원참치액 진 900g"", ""persona_key"": 85, ""purchase_behavior_prediction"": {""purchase_probability_pct"": 75, ""reason"": ""이 페르소나는 '실속형 미식가'로, HMR(가정식 대체식품)에 대한 선호도가 높고, 요리의 편리성을 중시합니다. 동원참치액 진은 진한 감칠맛과 높은 만족도를 제공하여, 요리하는 2세대 가족에게 적합한 제품입니다. 또한, 가격이 9,980원으로 경쟁 제품의 가격 범위(1,366원 ~ 2,996원)와 비교했을 때, 상대적으로 합리적인 가격으로 인식될 가능성이 높습니다. 따라서 이 소비자는 제품의 품질과 편리함을 고려할 때 구매할 확률이 높습니다."", ""monthly_purchase_frequency"": 2}}",
동원참치액 진 900g|83,동원참치액 진 900g,83,,Expecting value: line 2 column 512 (char 512)
동원참치액 진 900g|84,동원참치액 진 900g,84,,Expecting value: line 2 column 512 (char 512)
동원참치액 진 900g|87,동원참치액 진 900g,87,,Expecting value: line 2 column 512 (char 512)
동원참치액 진 900g|86,동원참치액 진 900g,86,,Expecting value: line 2 column 512 (char 512)
동원참치액 진 900g|91,동원참치액 진 900g,91,"{""product_name"": ""동원참치액 진 900g"", ""persona_key"": 91, ""purchase_behavior_prediction"": {""purchase_probability_pct"": 85, ""reason"": ""페르소나는 '실속형 미식가'로, HMR(가정간편식) 선호도가 매우 높고(0.882), 요리의 편리성을 중시합니다. 동원참치액은 진한 감칠맛과 높은 만족도를 제공하며, 2세대 가족을 타겟으로 하여 가족 요리에 적합한 제품입니다. 가격은 9,980원으로, 경쟁 제품의 가격대(1,366원 ~ 2,996원)와 비교했을 때 상대적으로 합리적이며, 가격에 대한 민감도가 낮은 페르소나에게 긍정적으로 작용할 것입니다. 또한, 광고와 프로모션이 예정되어 있어 소비자의 관심을 끌 가능성이 높습니다."", ""monthly_purchase_frequency"": 2}}",
동원참치액 진 900g|88,동원참치액 진 900g,88,,Expecting value: line 2 column 512 (char 512)
동원참치액 진 900g|89,동원참치액 진 900g,89,,Expecting value: line 2 column 512 (char 512)
동원참치액 진 900g|90,동원참치액 진 900g,90,,Expecting value: line 2 column 512 (char 512)
동원참치액 진 900g|92,동원참치액 진 900g,92,,Expecting value: line 2 column 512 (char 512)
동원참치액 진 900g|93,동원참치액 진 900g,93,,Expecting value: line 2 column 512 (char 512)
동원참치액 진 900g|95,동원참치액 진 900g,95,,Expecting value: line 2 column 512 (char 512)
동원참치액 진 900g|94,동원참치액 진 900g,94,,Expecting value: line 2 column 512 (char 512)
동원참치액 진 900g|96,동원참치액 진 900g,96,,Expecting value: line 2 column 512 (char 512)
동원참치액 진 900g|101,동원참치액 진 900g,101,"{""product_name"": ""동원참치액 진 900g"", ""persona_key"": 101, ""purchase_behavior_prediction"": {""purchase_probability_pct"": 85, ""reason"": ""이 소비자는 건강 지향성이 매우 높은 소비자로, 건강과 편리성을 모두 만족시키는 제품에 기꺼이 지갑을 엽니다. 동원참치액 진은 진한 감칠맛과 높은 만족도를 제공하며, 요리하는 2세대 가족을 타겟으로 하고 있어 이 소비자의 요리 편의성과 건강을 동시에 충족시킬 수 있습니다. 가격은 9,980원으로, 경쟁 제품의 가격 범위(1,366원 ~ 2,996원)와 비교할 때 상대적으로 높은 편이지만, 건강 지향 소비자는 가격에 크게 구애받지 않기 때문에 긍정적으로 받아들일 가능성이 높습니다. 또한, SNS 바이럴 광고가 예정되어 있어 소비자의 관심을 끌 수 있는 요소가 있습니다."", ""monthly_purchase_frequency"": 2}}",
동원참치액 진 900g|97,동원참치액 진 900g,97,,Expecting value: line 2 column 512 (char 512)
동원참치액 진 900g|98,동원참치액 진 900g,98,,Expecting value: line 2 column 512 (char 512)
동원참치액 진 900g|99,동원참치액 진 900g,99,,Expecting value: line 2 column 512 (char 512)
동원참치액 진 900g|105,동원참치액 진 900g,105,,Expecting value: line 2 column 512 (char 512)
동원참치액 진 900g|100,동원참치액 진 900g,100,,Expecting value: line 2 column 512 (char 512)
동원참치액 진 900g|102,동원참치액 진 900g,102,,Expecting value: line 2 column 512 (char 512)
동원참치액 진 900g|103,동원참치액 진 900g,103,,Expecting value: line 2 column 512 (char 512)
동원참치액 진 900g|107,동원참치액 진 900g,107,"{""product_name"": ""동원참치액 진 900g"", ""persona_key"": 107, ""purchase_behavior_prediction"": {""purchase_probability_pct"": 85, ""reason"": ""이 소비자는 건강을 최우선으로 고려하는 '건강 추구형 소비자'로, HMR(가정간편식) 선호도가 매우 높습니다. 제품의 '진한 감칠맛'과 '높은 만족도'는 요리하는 2세대 가족에게 매력적이며, 특히 바쁜 일상 속에서 간편하게 요리를 할 수 있는 점이 큰 장점입니다. 또한, 가격이 9,980원으로 경쟁 제품의 가격 범위(1,366원 ~ 2,996원)와 비교했을 때 적당한 수준이며, 가격에 대한 민감도가 낮은 소비자이기 때문에 가격에 대한 부담이 적습니다. 이러한 요소들이 결합되어 구매 확률이 높다고 판단됩니다."", ""monthly_purchase_frequency"": 2}}",
동원참치액 진 900g|104,동원참치액 진 900g,104,,Expecting value: line 2 column 512 (char 512)
동원참치액 진 900g|106,동원참치액 진 900g,106,,Expecting value: line 2 column 512 (char 512)
동원참치액 진 900g|110,동원참치액 진 900g,110,"{""product_name"": ""동원참치액 진 900g"", ""persona_key"": 110, ""purchase_behavior_prediction"": {""purchase_probability_pct"": 85, ""reason"": ""이 페르소나는 '건강 추구형 소비자'로, 건강 지향성이 가장 높은 속성입니다. 동원참치액 진은 진한 감칠맛과 높은 만족도를 제공하며, 조미료 카테고리에서 건강한 요리를 추구하는 소비자에게 매력적입니다. 가격은 9,980원으로, 경쟁 제품의 가격 범위(1,366원 ~ 2,996원)와 비교할 때 상대적으로 높은 편이지만, 건강과 편리성을 중시하는 이 소비자는 가격에 대한 민감도가 낮아 프리미엄 제품에 지갑을 열 가능성이 높습니다. 또한, 광고 및 프로모션이 예정되어 있어 소비자의 관심을 끌 가능성이 큽니다."", ""monthly_purchase_frequency"": 2}}",
동원참치액 진 900g|108,동원참치액 진 900g,108,,Expecting value: line 2 column 512 (char 512)
동원참치액 진 900g|109,동원참치액 진 900g,109,,Expecting value: line 2 column 512 (char 512)
동원참치액 진 900g|112,동원참치액 진 900g,112,,Expecting value: line 2 column 512 (char 512)
동원참치액 진 900g|111,동원참치액 진 900g,111,,Expecting value: line 2 column 512 (char 512)
동원참치액 진 900g|116,동원참치액 진 900g,116,"{""product_name"": ""동원참치액 진 900g"", ""persona_key"": 116, ""purchase_behavior_prediction"": {""purchase_probability_pct"": 85, ""reason"": ""이 페르소나는 HMR(가정식 대체식품)에 대한 높은 선호도를 가지고 있으며, 이는 40대 기혼 여성으로서 요리하는 2세대 가족의 일원으로서의 역할과 잘 맞아떨어집니다. 제품의 '진한 감칠맛'과 '높은 만족도'는 요리의 편리함과 맛을 중시하는 그녀의 요구를 충족시킬 수 있습니다. 또한, 동원 F&B 브랜드에 대한 충성도가 높아 제품에 대한 신뢰감이 있으며, 가격이 9,980원으로 경쟁사 제품의 가격대(1,366원 ~ 2,996원)와 비교했을 때 적정하다고 느낄 가능성이 큽니다. 따라서, 이 소비자는 제품을 구매할 확률이 높습니다."", ""monthly_purchase_frequency"": 2}}",
동원참치액 진 900g|113,동원참치액 진 900g,113,,Expecting value: line 2 column 512 (char 512)
동원참치액 진 900g|114,동원참치액 진 900g,114,,Expecting value: line 2 column 512 (char 512)
동원참치액 진 900g|115,동원참치액 진 900g,115,,Expecting value: line 2 column 512 (char 512)
동원참치액 진 900g|117,동원참치액 진 900g,117,,Expecting value: line 2 column 512 (char 512)
동원참치액 진 900g|119,동원참치액 진 900g,119,,Expecting value: line 2 column 512 (char 512)
동원참치액 진 900g|118,동원참치액 진 900g,118,,Expecting value: line 2 column 512 (char 512)
동원참치액 진 900g|120,동원참치액 진 900g,120,,Expecting value: line 2 column 512 (char 512)
동원참치액 진 900g|121,동원참치액 진 900g,121,,Expecting value: line 2 column 512 (char 512)
동원참치액 진 900g|122,동원참치액 진 900g,122,,Expecting value: line 2 column 512 (char 512)
동원참치액 진 900g|123,동원참치액 진 900g,123,,Expecting value: line 2 column 512 (char 512)
동원참치액 진 900g|126,동원참치액 진 900g,126,,Expecting value: line 2 column 512 (char 512)
동원참치액 진 900g|124,동원참치액 진 900g,124,,Expecting value: line 2 column 512 (char 512)
동원참치액 진 900g|125,동원참치액 진 900g,125,,Expecting value: line 2 column 512 (char 512)
동원참치액 진 900g|127,동원참치액 진 900g,127,,Expecting value: line 2 column 512 (char 512)
동원참치액 진 900g|128,동원참치액 진 900g,128,,Expecting value: line 2 column 512 (char 512)
동원참치액 진 900g|130,동원참치액 진 900g,130,,Expecting value: line 2 column 512 (char 512)
동원참치액 진 900g|129,동원참치액 진 900g,129,,Expecting value: line 2 column 512 (char 512)
동원참치액 진 900g|132,동원참치액 진 900g,132,,Expecting value: line 2 column 512 (char 512)
동원참치액 진 900g|131,동원참치액 진 900g,131,,Expecting value: line 2 column 512 (char 512)
동원참치액 진 900g|135,동원참치액 진 900g,135,,Expecting value: line 2 column 512 (char 512)
동원참치액 진 900g|133,동원참치액 진 900g,133,,Expecting value: line 2 column 512 (char 512)
동원참치액 진 900g|134,동원참치액 진 900g,134,,Expecting value: line 2 column 512 (char 512)
동원참치액 진 900g|139,동원참치액 진 900g,139,"{""product_name"": ""동원참치액 진 900g"", ""persona_key"": 139, ""purchase_behavior_prediction"": {""purchase_probability_pct"": 75, ""reason"": ""이 페르소나는 '실속형 미식가'로, 다양한 맛을 추구하며 편리성을 중시하는 소비자입니다. '동원참치액 진'은 진한 감칠맛과 높은 만족도를 제공하여, 새로운 조미료를 시도하고자 하는 이 소비자의 욕구를 충족시킬 수 있습니다. 또한, 가격이 9,980원으로 100g당 약 1,109원으로 계산되며, 이는 경쟁 제품의 가격 범위(1,366원 ~ 2,996원)보다 저렴하여 가격 민감도가 높은 이 소비자에게 매력적입니다. 따라서, 이 제품은 페르소나의 다양한 맛을 추구하는 성향과 가격에 대한 민감성을 모두 만족시킬 수 있습니다."", ""monthly_purchase_frequency"": 2}}",
동원참치액 진 900g|136,동원참치액 진 900g,136,,Expecting value: line 2 column 512 (char 512)
동원참치액 진 900g|137,동원참치액 진 900g,137,,Expecting value: line 2 column 512 (char 512)
동원참치액 진 900g|138,동원참치액 진 900g,138,,Expecting value: line 2 column 512 (char 512)
동원참치액 진 900g|140,동원참치액 진 900g,140,,Expecting value: line 2 column 512 (char 512)
동원참치액 진 900g|141,동원참치액 진 900g,141,,Expecting value: line 2 column 512 (char 512)
동원참치액 진 900g|142,동원참치액 진 900g,142,,Expecting value: line 2 column 512 (char 512)
동원참치액 진 900g|143,동원참치액 진 900g,143,,Expecting value: line 2 column 512 (char 512)
동원참치액 진 900g|144,동원참치액 진 900g,144,,Expecting value: line 2 column 512 (char 512)
동원참치액 진 900g|145,동원참치액 진 900g,145,,Expecting value: line 2 column 512 (char 512)
동원참치액 진 900g|146,동원참치액 진 900g,146,,Expecting value: line 2 column 512 (char 512)
동원참치액 진 900g|148,동원참치액 진 900g,148,,Expecting value: line 2 column 512 (char 512)
동원참치액 진 900g|147,동원참치액 진 900g,147,,Expecting value: line 2 column 512 (char 512)
동원참치액 진 900g|151,동원참치액 진 900g,151,,Expecting value: line 2 column 512 (char 512)
동원참치액 진 900g|149,동원참치액 진 900g,149,,Expecting value: line 2 column 512 (char 512)
동원참치액 진 900g|150,동원참치액 진 900g,150,,Expecting value: line 2 column 512 (char 512)
동원참치액 진 900g|153,동원참치액 진 900g,153,"{""product_name"": ""동원참치액 진 900g"", ""persona_key"": 153, ""purchase_behavior_prediction"": {""purchase_probability_pct"": 75, ""reason"": ""페르소나는 '실속형 미식가'로, 편리성과 맛을 중시하며 새로운 제품을 시도하는 데 적극적입니다. HMR 선호도가 높아 조리 편의성을 중시하는 이 소비자는 동원참치액 진의 '진한 감칠맛'과 '높은 만족도'를 긍정적으로 평가할 것입니다. 가격은 9,980원으로, 경쟁 제품의 가격대(1,366원 ~ 2,996원)와 비교했을 때 상대적으로 높은 편이지만, 페르소나의 가격 민감도가 낮아 효율성과 맛을 중시하는 경향이 구매를 유도할 것입니다. 또한, 광고와 프로모션이 예정되어 있어 소비자의 관심을 끌 가능성이 높습니다."", ""monthly_purchase_frequency"": 2}}",
동원참치액 진 900g|155,동원참치액 진 900g,155,"{""product_name"": ""동원참치액 진 900g"", ""persona_key"": 155, ""purchase_behavior_prediction"": {""purchase_probability_pct"": 75, ""reason"": ""이 페르소나는 '실속형 미식가'로, 편리성과 새로운 맛을 중시합니다. HMR 선호도가 높아 조리 편의성을 중시하며, 동원참치액의 진한 감칠맛과 높은 만족도는 이 소비자에게 매력적입니다. 가격은 9,980원으로, 경쟁 제품의 가격대(1,366원 ~ 2,996원)와 비교했을 때 상대적으로 높은 편이지만, 이 소비자는 가격보다 효율성과 맛을 더 중시하므로 긍정적인 반응을 보일 것입니다. 또한, 광고와 프로모션이 예정되어 있어 소비자의 관심을 끌 가능성이 높습니다."", ""monthly_purchase_frequency"": 2}}",
동원참치액 진 900g|152,동원참치액 진 900g,152,,Expecting value: line 2 column 512 (char 512)
동원참치액 진 900g|154,동원참치액 진 900g,154,,Expecting value: line 2 column 512 (char 512)
동원참치액 진 900g|160,동원참치액 진 900g,160,"{""product_name"": ""동원참치액 진 900g"", ""persona_key"": 160, ""purchase_behavior_prediction"": {""purchase_probability_pct"": 85, ""reason"": ""이 소비자는 건강 지향성이 매우 높은 소비자로, 가격이나 브랜드에 크게 구애받지 않고 건강을 최우선으로 고려합니다. 동원참치액 진은 진한 감칠맛과 높은 만족도를 제공하여 요리하는 2세대 가족을 타겟으로 하고 있으며, 건강한 조미료를 찾는 소비자에게 매력적입니다. 또한, 가격이 9,980원으로 경쟁 제품의 가격대(1,366원 ~ 2,996원)와 비교했을 때 상대적으로 높은 편이지만, 건강과 편리성을 중시하는 이 소비자는 가격보다는 제품의 품질과 건강성을 더 중요하게 여길 가능성이 높습니다. 따라서 이 소비자는 동원참치액 진을 구매할 확률이 높습니다."", ""monthly_purchase_frequency"": 2}}",
동원참치액 진 900g|156,동원참치액 진 900g,156,,Expecting value: line 2 column 512 (char 512)
동원참치액 진 900g|157,동원참치액 진 900g,157,,Expecting value: line 2 column 512 (char 512)
동원참치액 진 900g|158,동원참치액 진 900g,158,,Expecting value: line 2 column 512 (char 512)
동원참치액 진 900g|159,동원참치액 진 900g,159,,Expecting value: line 2 column 512 (char 512)
동원참치액 진 900g|166,동원참치액 진 900g,166,"{""product_name"": ""동원참치액 진 900g"", ""persona_key"": 166, ""purchase_behavior_prediction"": {""purchase_probability_pct"": 85, ""reason"": ""이 페르소나는 HMR(가정간편식) 선호도가 매우 높고(0.902), 요리하는 2세대 가족을 타겟으로 한 동원참치액의 진한 감칠맛과 높은 만족도가 매력적으로 작용할 것입니다. 또한, 이 소비자는 브랜드 충성도가 높고(0.707), 요리의 편리함을 중시하는 경향이 있어, 동원 F&B의 제품이 그들의 요리 경험을 향상시킬 것으로 기대됩니다. 시장 경쟁 환경에서 동원참치액의 가격(9,980원)은 100g당 1,108원으로, 경쟁 제품의 가격 범위(1,366원 ~ 2,996원)보다 저렴하여 가격 경쟁력도 갖추고 있습니다. 따라서 이 소비자는 동원참치액을 구매할 가능성이 높습니다."", ""monthly_purchase_frequency"": 2}}",
동원참치액 진 900g|161,동원참치액 진 900g,161,,Expecting value: line 2 column 512 (char 512)
동원참치액 진 900g|163,동원참치액 진 900g,163,,Expecting value: line 2 column 512 (char 512)
동원참치액 진 900g|162,동원참치액 진 900g,162,,Expecting value: line 2 column 512 (char 512)
동원참치액 진 900g|164,동원참치액 진 900g,164,,Expecting value: line 2 column 512 (char 512)
동원참치액 진 900g|165,동원참치액 진 900g,165,,Expecting value: line 2 column 512 (char 512)
동원참치액 진 900g|168,동원참치액 진 900g,168,"{""product_name"": ""동원참치액 진 900g"", ""persona_key"": 168, ""purchase_behavior_prediction"": {""purchase_probability_pct"": 85, ""reason"": ""이 페르소나는 HMR(가정식 대체식품)에 대한 높은 선호도를 가지고 있으며(0.8628), 이는 요리의 편리함과 새로운 경험을 중시하는 트렌드 주도형 소비자입니다. 제품의 특징인 '진한 감칠맛'과 '높은 만족도'는 요리하는 2세대 가족을 타겟으로 하여, 요리를 자주 하는 주부에게 매력적입니다. 또한, 가격이 9,980원으로 경쟁 제품의 가격 범위(1,366원 ~ 2,996원)보다 상대적으로 높은 편이지만, 브랜드 충성도(0.6082)와 요리 편리성(0.6693)을 고려할 때, 이 소비자는 가격에 대한 민감도가 낮아 보입니다. 따라서, 이 제품은 그녀의 요리 스타일과 잘 맞아떨어져 높은 구매 확률을 보입니다."", ""monthly_purchase_frequency"": 2}}",
동원참치액 진 900g|169,동원참치액 진 900g,169,,Expecting value: line 2 column 512 (char 512)
동원참치액 진 900g|167,동원참치액 진 900g,167,,Expecting value: line 2 column 512 (char 512)
동원참치액 진 900g|172,동원참치액 진 900g,172,,Expecting value: line 2 column 512 (char 512)
동원참치액 진 900g|170,동원참치액 진 900g,170,,Expecting value: line 2 column 512 (char 512)
동원참치액 진 900g|171,동원참치액 진 900g,171,,Expecting value: line 2 column 512 (char 512)
동원참치액 진 900g|175,동원참치액 진 900g,175,,Expecting value: line 2 column 512 (char 512)
동원참치액 진 900g|176,동원참치액 진 900g,176,,Expecting value: line 2 column 512 (char 512)
동원참치액 진 900g|173,동원참치액 진 900g,173,,Expecting value: line 2 column 512 (char 512)
동원참치액 진 900g|174,동원참치액 진 900g,174,,Expecting value: line 2 column 512 (char 512)
동원참치액 진 900g|178,동원참치액 진 900g,178,"{""product_name"": ""동원참치액 진 900g"", ""persona_key"": 178, ""purchase_behavior_prediction"": {""purchase_probability_pct"": 75, ""reason"": ""이 페르소나는 '실속형 미식가'로, 다양한 맛을 추구하며 편리성을 중시하는 소비자입니다. '동원참치액 진'은 진한 감칠맛과 높은 만족도를 제공하여 이 소비자의 다양한 맛에 대한 욕구를 충족시킬 수 있습니다. 또한, 가격이 9,980원으로 경쟁 제품의 가격 범위(1,366원 ~ 2,996원)와 비교했을 때 상대적으로 합리적이며, 가격에 대한 민감도가 낮은 편이므로 긍정적으로 받아들일 것입니다. 따라서, 이 제품은 페르소나의 구매 동기와 잘 맞아떨어지며, 구매 확률이 높다고 예측됩니다."", ""monthly_purchase_frequency"": 2}}",
동원참치액 진 900g|179,동원참치액 진 900g,179,,Expecting value: line 2 column 512 (char 512)
동원참치액 진 900g|177,동원참치액 진 900g,177,,Expecting value: line 2 column 512 (char 512)
동원참치액 진 900g|180,동원참치액 진 900g,180,,Expecting value: line 2 column 512 (char 512)
동원참치액 진 900g|181,동원참치액 진 900g,181,,Expecting value: line 2 column 512 (char 512)
동원참치액 진 900g|182,동원참치액 진 900g,182,,Expecting value: line 2 column 512 (char 512)
동원참치액 진 900g|186,동원참치액 진 900g,186,,Expecting value: line 2 column 512 (char 512)
동원참치액 진 900g|183,동원참치액 진 900g,183,,Expecting value: line 2 column 512 (char 512)
동원참치액 진 900g|184,동원참치액 진 900g,184,,Expecting value: line 2 column 512 (char 512)
동원참치액 진 900g|185,동원참치액 진 900g,185,,Expecting value: line 2 column 512 (char 512)
동원참치액 진 900g|188,동원참치액 진 900g,188,,Expecting value: line 2 column 512 (char 512)
동원참치액 진 900g|187,동원참치액 진 900g,187,,Expecting value: line 2 column 512 (char 512)
동원참치액 진 900g|191,동원참치액 진 900g,191,,Expecting value: line 2 column 512 (char 512)
동원참치액 진 900g|190,동원참치액 진 900g,190,,Expecting value: line 2 column 512 (char 512)
동원참치액 진 900g|189,동원참치액 진 900g,189,,Expecting value: line 2 column 512 (char 512)
동원참치액 진 900g|192,동원참치액 진 900g,192,,Expecting value: line 2 column 512 (char 512)
동원참치액 진 900g|196,동원참치액 진 900g,196,"{""product_name"": ""동원참치액 진 900g"", ""persona_key"": 196, ""purchase_behavior_prediction"": {""purchase_probability_pct"": 85, ""reason"": ""페르소나는 '실속형 미식가'로, 편리성과 맛을 동시에 중시하는 소비자입니다. HMR 선호도가 높아 조리 편의성을 중요하게 생각하며, 동원참치액 진은 진한 감칠맛과 높은 만족도를 제공하여 이 소비자의 요구를 충족시킵니다. 또한, 가격이 9,980원으로 경쟁 제품의 가격대(1,366원 ~ 2,996원)와 비교했을 때 합리적이며, 가격에 대한 민감도가 낮은 편이기 때문에 긍정적으로 받아들일 것입니다. 따라서, 이 제품은 페르소나에게 매력적이며, 구매 확률이 높습니다."", ""monthly_purchase_frequency"": 2}}",
동원참치액 진 900g|193,동원참치액 진 900g,193,,Expecting value: line 2 column 512 (char 512)
동원참치액 진 900g|194,동원참치액 진 900g,194,,Expecting value: line 2 column 512 (char 512)
동원참치액 진 900g|197,동원참치액 진 900g,197,,Expecting value: line 2 column 512 (char 512)
동원참치액 진 900g|195,동원참치액 진 900g,195,,Expecting value: line 2 column 512 (char 512)
동원참치액 진 900g|198,동원참치액 진 900g,198,,Expecting value: line 2 column 512 (char 512)
동원참치액 진 900g|199,동원참치액 진 900g,199,,Expecting value: line 2 column 512 (char 512)
동원참치액 진 900g|200,동원참치액 진 900g,200,,Expecting value: line 2 column 512 (char 512)
동원참치액 진 900g|202,동원참치액 진 900g,202,,Expecting value: line 2 column 512 (char 512)
동원참치액 진 900g|201,동원참치액 진 900g,201,,Expecting value: line 2 column 512 (char 512)
동원참치액 진 900g|203,동원참치액 진 900g,203,,Expecting value: line 2 column 512 (char 512)
동원참치액 진 900g|204,동원참치액 진 900g,204,,Expecting value: line 2 column 512 (char 512)
동원참치액 진 900g|207,동원참치액 진 900g,207,,Expecting value: line 2 column 512 (char 512)
동원참치액 진 900g|206,동원참치액 진 900g,206,,Expecting value: line 2 column 512 (char 512)
동원참치액 진 900g|205,동원참치액 진 900g,205,,Expecting value: line 2 column 512 (char 512)
동원참치액 진 900g|208,동원참치액 진 900g,208,,Expecting value: line 2 column 512 (char 512)
동원참치액 진 900g|211,동원참치액 진 900g,211,,Expecting value: line 2 column 512 (char 512)
동원참치액 진 900g|210,동원참치액 진 900g,210,,Expecting value: line 2 column 512 (char 512)
동원참치액 진 900g|209,동원참치액 진 900g,209,,Expecting value: line 2 column 512 (char 512)
동원참치액 진 900g|213,동원참치액 진 900g,213,,Expecting value: line 2 column 512 (char 512)
동원참치액 진 900g|216,동원참치액 진 900g,216,,Expecting value: line 2 column 512 (char 512)
동원참치액 진 900g|215,동원참치액 진 900g,215,,Expecting value: line 2 column 512 (char 512)
동원참치액 진 900g|217,동원참치액 진 900g,217,,Expecting value: line 2 column 512 (char 512)
동원참치액 진 900g|212,동원참치액 진 900g,212,,Expecting value: line 2 column 512 (char 512)
동원참치액 진 900g|221,동원참치액 진 900g,221,"{""product_name"": ""동원참치액 진 900g"", ""persona_key"": 221, ""purchase_behavior_prediction"": {""purchase_probability_pct"": 85, ""reason"": ""이 페르소나는 '건강 추구형 소비자'로, HMR(가정간편식) 선호도가 높고 건강과 편리성을 중시합니다. 동원참치액 진은 진한 감칠맛과 높은 만족도를 제공하며, 요리하는 2세대 가족을 타겟으로 하고 있어 이 소비자에게 매력적입니다. 가격은 9,980원으로, 경쟁 제품의 가격대(1,366원 ~ 2,996원)와 비교했을 때 상대적으로 높은 편이지만, 건강과 편리성을 중시하는 이 소비자는 가격에 대한 민감도가 낮아 구매를 고려할 가능성이 높습니다. 또한, 광고/프로모션이 SNS를 통해 진행되므로, 소비자에게 긍정적인 인식을 줄 수 있습니다."", ""monthly_purchase_frequency"": 2}}",
동원참치액 진 900g|214,동원참치액 진 900g,214,,Expecting value: line 2 column 512 (char 512)
동원참치액 진 900g|220,동원참치액 진 900g,220,,Expecting value: line 2 column 512 (char 512)
동원참치액 진 900g|219,동원참치액 진 900g,219,,Expecting value: line 2 column 512 (char 512)
동원참치액 진 900g|222,동원참치액 진 900g,222,,Expecting value: line 2 column 512 (char 512)
동원참치액 진 900g|224,동원참치액 진 900g,224,,Expecting value: line 2 column 512 (char 512)
동원참치액 진 900g|225,동원참치액 진 900g,225,,Expecting value: line 2 column 512 (char 512)
동원참치액 진 900g|218,동원참치액 진 900g,218,,Expecting value: line 2 column 512 (char 512)
동원참치액 진 900g|226,동원참치액 진 900g,226,,Expecting value: line 2 column 512 (char 512)
동원참치액 진 900g|227,동원참치액 진 900g,227,,Expecting value: line 2 column 512 (char 512)
동원참치액 진 900g|223,동원참치액 진 900g,223,,Expecting value: line 2 column 512 (char 512)
동원참치액 진 900g|231,동원참치액 진 900g,231,,Expecting value: line 2 column 512 (char 512)
동원참치액 진 900g|228,동원참치액 진 900g,228,,Expecting value: line 2 column 512 (char 512)
동원참치액 진 900g|233,동원참치액 진 900g,233,,Expecting value: line 2 column 512 (char 512)
동원참치액 진 900g|230,동원참치액 진 900g,230,,Expecting value: line 2 column 512 (char 512)
동원참치액 진 900g|229,동원참치액 진 900g,229,,Expecting value: line 2 column 512 (char 512)
동원참치액 진 900g|232,동원참치액 진 900g,232,,Expecting value: line 2 column 512 (char 512)
동원참치액 진 900g|234,동원참치액 진 900g,234,,Expecting value: line 2 column 512 (char 512)
동원참치액 진 900g|238,동원참치액 진 900g,238,"{""product_name"": ""동원참치액 진 900g"", ""persona_key"": 238, ""purchase_behavior_prediction"": {""purchase_probability_pct"": 85, ""reason"": ""이 페르소나는 브랜드 충성도가 매우 높고, 요리하는 2세대 가족으로서 조미료에 대한 수요가 큽니다. '동원 F&B' 브랜드는 신뢰할 수 있는 품질을 제공하며, 제품의 '진한 감칠맛'과 '높은 만족도'는 요리에 대한 관심이 높은 이 소비자에게 매력적입니다. 또한, 부산광역시에 거주하는 기혼 여성으로서 가족을 위해 요리를 자주 하므로, 제품의 편리함과 맛을 중시할 것입니다. 시장 경쟁 환경에서 동원참치액의 가격은 100g당 약 1,109원으로, 경쟁사 가격대(1,366원 ~ 2,996원)보다 저렴하여 가격에 대한 민감도가 낮은 이 소비자에게 긍정적인 요소로 작용할 것입니다. 따라서, 이 모든 요소를 종합적으로 고려했을 때, 구매 확률은 85%로 예측됩니다."", ""monthly_purchase_frequency"": 2}}",
동원참치액 진 900g|237,동원참치액 진 900g,237,,Expecting value: line 2 column 512 (char 512)
동원참치액 진 900g|239,동원참치액 진 900g,239,,Expecting value: line 2 column 512 (char 512)
동원참치액 진 900g|235,동원참치액 진 900g,235,,Expecting value: line 2 column 512 (char 512)
동원참치액 진 900g|236,동원참치액 진 900g,236,,Expecting value: line 2 column 512 (char 512)
동원참치액 진 900g|241,동원참치액 진 900g,241,,Expecting value: line 2 column 512 (char 512)
동원참치액 진 900g|240,동원참치액 진 900g,240,,Expecting value: line 2 column 512 (char 512)
동원참치액 진 900g|242,동원참치액 진 900g,242,,Expecting value: line 2 column 512 (char 512)
동원참치액 진 900g|243,동원참치액 진 900g,243,,Expecting value: line 2 column 512 (char 512)
동원참치액 진 900g|245,동원참치액 진 900g,245,,Expecting value: line 2 column 512 (char 512)
동원참치액 진 900g|244,동원참치액 진 900g,244,,Expecting value: line 2 column 512 (char 512)
동원참치액 진 900g|248,동원참치액 진 900g,248,,Expecting value: line 2 column 512 (char 512)
동원참치액 진 900g|246,동원참치액 진 900g,246,,Expecting value: line 2 column 512 (char 512)
동원참치액 진 900g|247,동원참치액 진 900g,247,,Expecting value: line 2 column 512 (char 512)
동원참치액 진 900g|251,동원참치액 진 900g,251,"{""product_name"": ""동원참치액 진 900g"", ""persona_key"": 251, ""purchase_behavior_prediction"": {""purchase_probability_pct"": 75, ""reason"": ""이 페르소나는 '실속형 미식가'로, 편리성과 맛을 동시에 추구하는 소비자입니다. HMR 선호도가 높아 조리 편의성을 중시하며, 동원참치액의 진한 감칠맛과 높은 만족도는 이 소비자에게 매력적입니다. 가격에 대한 민감도가 낮고, 효율성을 중시하기 때문에 9,980원의 가격은 경쟁 제품의 가격 범위(1,366원 ~ 2,996원)와 비교했을 때 합리적으로 느껴질 수 있습니다. 또한, 광고와 프로모션이 SNS를 통해 진행되므로, 이 소비자는 제품에 대한 인지도가 높아질 가능성이 큽니다."", ""monthly_purchase_frequency"": 2}}",
동원참치액 진 900g|249,동원참치액 진 900g,249,,Expecting value: line 2 column 512 (char 512)
동원참치액 진 900g|250,동원참치액 진 900g,250,,Expecting value: line 2 column 512 (char 512)
동원참치액 진 900g|252,동원참치액 진 900g,252,,Expecting value: line 2 column 512 (char 512)
동원참치액 진 900g|253,동원참치액 진 900g,253,,Expecting value: line 2 column 512 (char 512)
동원참치액 진 900g|254,동원참치액 진 900g,254,,Expecting value: line 2 column 512 (char 512)
동원참치액 진 900g|255,동원참치액 진 900g,255,,Expecting value: line 2 column 512 (char 512)
동원참치액 진 900g|256,동원참치액 진 900g,256,,Expecting value: line 2 column 512 (char 512)
동원참치액 진 900g|258,동원참치액 진 900g,258,,Expecting value: line 2 column 512 (char 512)
동원참치액 진 900g|257,동원참치액 진 900g,257,,Expecting value: line 2 column 512 (char 512)
동원참치액 진 900g|262,동원참치액 진 900g,262,"{""product_name"": ""동원참치액 진 900g"", ""persona_key"": 262, ""purchase_behavior_prediction"": {""purchase_probability_pct"": 75, ""reason"": ""이 페르소나는 '실속형 미식가'로, HMR(가정간편식) 선호도가 높고, 요리하는 2세대 가족을 대상으로 하는 제품에 매력을 느낄 가능성이 큽니다. 제품의 '진한 감칠맛'과 '높은 만족도'는 이 소비자의 요리 편리성과 맛에 대한 요구를 충족시킬 수 있습니다. 또한, 가격이 9,980원으로 경쟁 제품의 가격 범위(1,366원 ~ 2,996원)와 비교했을 때 적정 수준으로, 가격에 대한 민감도가 중간인 이 페르소나에게는 긍정적으로 작용할 것입니다. 따라서, 이 제품은 그녀의 요리 스타일과 잘 맞아떨어져 구매 확률이 높습니다."", ""monthly_purchase_frequency"": 2}}",
동원참치액 진 900g|260,동원참치액 진 900g,260,,Expecting value: line 2 column 512 (char 512)
동원참치액 진 900g|259,동원참치액 진 900g,259,,Expecting value: line 2 column 512 (char 512)
동원참치액 진 900g|261,동원참치액 진 900g,261,,Expecting value: line 2 column 512 (char 512)
동원참치액 진 900g|264,동원참치액 진 900g,264,,Expecting value: line 2 column 512 (char 512)
동원참치액 진 900g|263,동원참치액 진 900g,263,,Expecting value: line 2 column 512 (char 512)
동원참치액 진 900g|266,동원참치액 진 900g,266,,Expecting value: line 2 column 512 (char 512)
동원참치액 진 900g|268,동원참치액 진 900g,268,,Expecting value: line 2 column 512 (char 512)
동원참치액 진 900g|267,동원참치액 진 900g,267,,Expecting value: line 2 column 512 (char 512)
동원참치액 진 900g|265,동원참치액 진 900g,265,,Expecting value: line 2 column 512 (char 512)
동원참치액 진 900g|269,동원참치액 진 900g,269,,Expecting value: line 2 column 512 (char 512)
동원참치액 진 900g|270,동원참치액 진 900g,270,,Expecting value: line 2 column 512 (char 512)
동원참치액 진 900g|271,동원참치액 진 900g,271,,Expecting value: line 2 column 512 (char 512)
동원참치액 진 900g|273,동원참치액 진 900g,273,,Expecting value: line 2 column 512 (char 512)
동원참치액 진 900g|272,동원참치액 진 900g,272,,Expecting value: line 2 column 512 (char 512)
동원참치액 진 900g|274,동원참치액 진 900g,274,,Expecting value: line 2 column 512 (char 512)
동원참치액 진 900g|275,동원참치액 진 900g,275,,Expecting value: line 2 column 512 (char 512)
동원참치액 진 900g|276,동원참치액 진 900g,276,,Expecting value: line 2 column 512 (char 512)
동원참치액 진 900g|278,동원참치액 진 900g,278,,Expecting value: line 2 column 512 (char 512)
동원참치액 진 900g|277,동원참치액 진 900g,277,,Expecting value: line 2 column 512 (char 512)
동원참치액 진 900g|279,동원참치액 진 900g,279,,Expecting value: line 2 column 512 (char 512)
동원참치액 진 900g|280,동원참치액 진 900g,280,,Expecting value: line 2 column 512 (char 512)
동원참치액 진 900g|282,동원참치액 진 900g,282,,Expecting value: line 2 column 512 (char 512)
동원참치액 진 900g|281,동원참치액 진 900g,281,,Expecting value: line 2 column 512 (char 512)
동원참치액 진 900g|283,동원참치액 진 900g,283,,Expecting value: line 2 column 512 (char 512)
동원참치액 진 900g|285,동원참치액 진 900g,285,,Expecting value: line 2 column 512 (char 512)
동원참치액 진 900g|286,동원참치액 진 900g,286,,Expecting value: line 2 column 512 (char 512)
동원참치액 진 900g|284,동원참치액 진 900g,284,,Expecting value: line 2 column 512 (char 512)
동원참치액 진 900g|289,동원참치액 진 900g,289,"{""product_name"": ""동원참치액 진 900g"", ""persona_key"": 289, ""purchase_behavior_prediction"": {""purchase_probability_pct"": 85, ""reason"": ""이 페르소나는 '건강 추구형 소비자'로, 건강과 편리성을 중시하며 HMR(가정간편식) 선호도가 높습니다. 동원참치액 진은 진한 감칠맛과 높은 만족도를 제공하여 요리하는 2세대 가족에게 적합한 제품입니다. 가격이 9,980원으로, 경쟁 제품의 가격 범위(1,366원 ~ 2,996원)와 비교했을 때 상대적으로 높은 편이지만, 건강과 편리성을 중시하는 이 소비자는 가격에 크게 구애받지 않고 품질을 우선시할 가능성이 높습니다. 따라서 이 제품은 그녀의 요리 편의성을 높여줄 것으로 기대되며, 구매 확률이 높습니다."", ""monthly_purchase_frequency"": 2}}",
동원참치액 진 900g|287,동원참치액 진 900g,287,,Expecting value: line 2 column 512 (char 512)
동원참치액 진 900g|288,동원참치액 진 900g,288,,Expecting value: line 2 column 512 (char 512)
동원참치액 진 900g|290,동원참치액 진 900g,290,,Expecting value: line 2 column 512 (char 512)
동원참치액 진 900g|292,동원참치액 진 900g,292,,Expecting value: line 2 column 512 (char 512)
동원참치액 진 900g|291,동원참치액 진 900g,291,,Expecting value: line 2 column 512 (char 512)
동원참치액 진 900g|295,동원참치액 진 900g,295,,Expecting value: line 2 column 512 (char 512)
동원참치액 진 900g|294,동원참치액 진 900g,294,,Expecting value: line 2 column 512 (char 512)
동원참치액 진 900g|293,동원참치액 진 900g,293,,Expecting value: line 2 column 512 (char 512)
동원참치액 진 900g|296,동원참치액 진 900g,296,,Expecting value: line 2 column 512 (char 512)
동원참치액 진 900g|299,동원참치액 진 900g,299,"{""product_name"": ""동원참치액 진 900g"", ""persona_key"": 299, ""purchase_behavior_prediction"": {""purchase_probability_pct"": 75, ""reason"": ""이 페르소나는 HMR(가정간편식) 선호도가 매우 높고, 요리하는 2세대 가족을 대상으로 하는 제품의 특성과 잘 맞아떨어집니다. 특히, '진한 감칠맛'과 '높은 만족도'는 요리를 즐기는 소비자에게 매력적이며, 브랜드 충성도도 상대적으로 높은 편이기 때문에 동원 F&B의 제품을 선택할 가능성이 큽니다. 또한, 경쟁 제품의 가격대가 100g당 1,366원에서 2,996원 사이로 형성되어 있어, 동원참치액의 가격인 9,980원(900g 기준, 1,109원/100g)은 경쟁력 있는 가격으로 인식될 수 있습니다. 따라서, 이 소비자는 가격에 대한 민감도가 낮고, 품질을 중시하는 경향이 있어 구매할 확률이 높습니다."", ""monthly_purchase_frequency"": 2}}",
동원참치액 진 900g|298,동원참치액 진 900g,298,,Expecting value: line 2 column 512 (char 512)
동원참치액 진 900g|297,동원참치액 진 900g,297,,Expecting value: line 2 column 512 (char 512)
동원참치액 진 900g|300,동원참치액 진 900g,300,,Expecting value: line 2 column 512 (char 512)
동원참치액 진 900g|301,동원참치액 진 900g,301,,Expecting value: line 2 column 512 (char 512)
동원참치액 진 900g|302,동원참치액 진 900g,302,,Expecting value: line 2 column 512 (char 512)
동원참치액 진 900g|303,동원참치액 진 900g,303,,Expecting value: line 2 column 512 (char 512)
동원참치액 진 900g|304,동원참치액 진 900g,304,,Expecting value: line 2 column 512 (char 512)
동원참치액 진 900g|305,동원참치액 진 900g,305,,Expecting value: line 2 column 512 (char 512)
동원참치액 진 900g|306,동원참치액 진 900g,306,,Expecting value: line 2 column 512 (char 512)
동원참치액 진 900g|307,동원참치액 진 900g,307,,Expecting value: line 2 column 512 (char 512)
동원참치액 진 900g|311,동원참치액 진 900g,311,"{""product_name"": ""동원참치액 진 900g"", ""persona_key"": 311, ""purchase_behavior_prediction"": {""purchase_probability_pct"": 75, ""reason"": ""이 페르소나는 '실속형 미식가'로, 편리성과 맛을 동시에 추구하며 HMR(가정간편식)에 대한 높은 선호도를 보입니다. 동원참치액 진은 진한 감칠맛과 높은 만족도를 제공하여, 요리하는 2세대 가족을 타겟으로 하고 있습니다. 60대 이상의 여성으로서 요리에 대한 편리함을 중시하는 이 소비자는, 제품의 조미료 특성과 브랜드 충성도 또한 고려하여 긍정적으로 반응할 가능성이 높습니다. 시장 경쟁 환경에서 동원참치액의 가격은 100g당 1,110원으로, 경쟁 제품 가격대(1,366원 ~ 2,996원)보다 저렴하여 가격 민감도가 낮은 이 소비자에게 매력적으로 작용할 것입니다."", ""monthly_purchase_frequency"": 2}}",
동원참치액 진 900g|310,동원참치액 진 900g,310,,Expecting value: line 2 column 512 (char 512)
동원참치액 진 900g|309,동원참치액 진 900g,309,,Expecting value: line 2 column 512 (char 512)
동원참치액 진 900g|308,동원참치액 진 900g,308,,Expecting value: line 2 column 512 (char 512)
동원참치액 진 900g|314,동원참치액 진 900g,314,"{""product_name"": ""동원참치액 진 900g"", ""persona_key"": 314, ""purchase_behavior_prediction"": {""purchase_probability_pct"": 85, ""reason"": ""이 페르소나는 건강을 최우선으로 고려하는 소비자로, HMR(가정간편식) 선호도가 매우 높습니다. '동원참치액 진'은 진한 감칠맛과 높은 만족도를 제공하며, 조미료 카테고리에서 요리의 편리함을 더해줍니다. 또한, 가격이 9,980원으로 경쟁 제품에 비해 합리적인 수준에 위치하고 있어, 가격 민감도가 낮은 이 소비자에게 긍정적인 요소로 작용합니다. 전라북도 지역에 거주하며, 1인 가구로서 간편한 조리법을 선호하는 점도 구매를 촉진할 것입니다. 따라서, 이 제품은 페르소나의 건강과 편리성을 모두 충족시키며, 구매 확률이 높습니다."", ""monthly_purchase_frequency"": 2}}",
동원참치액 진 900g|312,동원참치액 진 900g,312,,Expecting value: line 2 column 512 (char 512)
동원참치액 진 900g|313,동원참치액 진 900g,313,,Expecting value: line 2 column 512 (char 512)
동원참치액 진 900g|316,동원참치액 진 900g,316,,Expecting value: line 2 column 512 (char 512)
동원참치액 진 900g|317,동원참치액 진 900g,317,,Expecting value: line 2 column 512 (char 512)
동원참치액 진 900g|315,동원참치액 진 900g,315,,Expecting value: line 2 column 512 (char 512)
동원참치액 진 900g|319,동원참치액 진 900g,319,,Expecting value: line 2 column 512 (char 512)
동원참치액 진 900g|318,동원참치액 진 900g,318,,Expecting value: line 2 column 512 (char 512)
동원참치액 진 900g|320,동원참치액 진 900g,320,,Expecting value: line 2 column 512 (char 512)
동원참치액 진 900g|322,동원참치액 진 900g,322,,Expecting value: line 2 column 512 (char 512)
동원참치액 진 900g|321,동원참치액 진 900g,321,,Expecting value: line 2 column 512 (char 512)
동원참치액 진 900g|323,동원참치액 진 900g,323,,Expecting value: line 2 column 512 (char 512)
동원참치액 진 900g|324,동원참치액 진 900g,324,,Expecting value: line 2 column 512 (char 512)
동원참치액 진 900g|325,동원참치액 진 900g,325,,Expecting value: line 2 column 512 (char 512)
동원참치액 진 900g|326,동원참치액 진 900g,326,,Expecting value: line 2 column 512 (char 512)
동원참치액 진 900g|327,동원참치액 진 900g,327,,Expecting value: line 2 column 512 (char 512)
동원참치액 진 900g|328,동원참치액 진 900g,328,,Expecting value: line 2 column 512 (char 512)
동원참치액 진 900g|329,동원참치액 진 900g,329,,Expecting value: line 2 column 512 (char 512)
동원참치액 진 900g|330,동원참치액 진 900g,330,,Expecting value: line 2 column 512 (char 512)
동원참치액 진 900g|331,동원참치액 진 900g,331,,Expecting value: line 2 column 512 (char 512)
동원참치액 진 900g|332,동원참치액 진 900g,332,,Expecting value: line 2 column 512 (char 512)
동원참치액 진 900g|335,동원참치액 진 900g,335,,Expecting value: line 2 column 512 (char 512)
동원참치액 진 900g|334,동원참치액 진 900g,334,,Expecting value: line 2 column 512 (char 512)
동원참치액 진 900g|338,동원참치액 진 900g,338,,Expecting value: line 2 column 512 (char 512)
동원참치액 진 900g|337,동원참치액 진 900g,337,,Expecting value: line 2 column 512 (char 512)
동원참치액 진 900g|333,동원참치액 진 900g,333,,Expecting value: line 2 column 512 (char 512)
동원참치액 진 900g|336,동원참치액 진 900g,336,,Expecting value: line 2 column 512 (char 512)
동원참치액 진 900g|339,동원참치액 진 900g,339,,Expecting value: line 2 column 512 (char 512)
동원참치액 진 900g|340,동원참치액 진 900g,340,,Expecting value: line 2 column 512 (char 512)
동원참치액 진 900g|341,동원참치액 진 900g,341,,Expecting value: line 2 column 512 (char 512)
동원참치액 진 900g|343,동원참치액 진 900g,343,,Expecting value: line 2 column 512 (char 512)
동원참치액 진 900g|344,동원참치액 진 900g,344,,Expecting value: line 2 column 512 (char 512)
동원참치액 진 900g|342,동원참치액 진 900g,342,,Expecting value: line 2 column 512 (char 512)
동원참치액 진 900g|345,동원참치액 진 900g,345,,Expecting value: line 2 column 512 (char 512)
동원참치액 진 900g|346,동원참치액 진 900g,346,,Expecting value: line 2 column 512 (char 512)
동원참치액 진 900g|347,동원참치액 진 900g,347,,Expecting value: line 2 column 512 (char 512)
동원참치액 진 900g|348,동원참치액 진 900g,348,,Expecting value: line 2 column 512 (char 512)
동원참치액 진 900g|349,동원참치액 진 900g,349,,Expecting value: line 2 column 512 (char 512)
동원참치액 진 900g|350,동원참치액 진 900g,350,,Expecting value: line 2 column 512 (char 512)
동원참치액 진 900g|351,동원참치액 진 900g,351,,Expecting value: line 2 column 512 (char 512)
동원참치액 진 900g|352,동원참치액 진 900g,352,,Expecting value: line 2 column 512 (char 512)
동원참치액 진 900g|354,동원참치액 진 900g,354,,Expecting value: line 2 column 512 (char 512)
동원참치액 진 900g|353,동원참치액 진 900g,353,,Expecting value: line 2 column 512 (char 512)
동원참치액 진 900g|355,동원참치액 진 900g,355,,Expecting value: line 2 column 512 (char 512)
동원참치액 진 900g|356,동원참치액 진 900g,356,,Expecting value: line 2 column 512 (char 512)
동원참치액 진 900g|357,동원참치액 진 900g,357,,Expecting value: line 2 column 512 (char 512)
동원참치액 진 900g|358,동원참치액 진 900g,358,,Expecting value: line 2 column 512 (char 512)
동원참치액 진 900g|359,동원참치액 진 900g,359,,Expecting value: line 2 column 512 (char 512)
동원참치액 진 900g|360,동원참치액 진 900g,360,,Expecting value: line 2 column 512 (char 512)
동원참치액 진 900g|362,동원참치액 진 900g,362,,Expecting value: line 2 column 512 (char 512)
동원참치액 진 900g|361,동원참치액 진 900g,361,,Expecting value: line 2 column 512 (char 512)
동원참치액 진 900g|363,동원참치액 진 900g,363,,Expecting value: line 2 column 512 (char 512)
리챔 오믈레햄 200g|2,리챔 오믈레햄 200g,2,,Expecting value: line 2 column 512 (char 512)
리챔 오믈레햄 200g|1,리챔 오믈레햄 200g,1,,Expecting value: line 2 column 512 (char 512)
리챔 오믈레햄 200g|8,리챔 오믈레햄 200g,8,"{""product_name"": ""리챔 오믈레햄 200g"", ""persona_key"": 8, ""purchase_behavior_prediction"": {""purchase_probability_pct"": 75, ""reason"": ""이 페르소나는 '실속형 미식가'로, 편리함과 새로운 맛을 중시하는 소비자입니다. HMR 선호도가 높아 간편한 식사를 선호하며, 리챔 오믈레햄의 '간편함'과 '고소한 맛'은 그들의 요구에 잘 부합합니다. 가격에 대한 민감도가 낮고, 효율성과 맛을 동시에 추구하기 때문에, 5,080원의 가격은 적절하다고 판단할 것입니다. 또한, 1인 가구로서 간편한 식사를 찾는 경향이 강해 이 제품의 매력을 더욱 높입니다."", ""monthly_purchase_frequency"": 3}}",
리챔 오믈레햄 200g|3,리챔 오믈레햄 200g,3,,Expecting value: line 2 column 512 (char 512)
리챔 오믈레햄 200g|4,리챔 오믈레햄 200g,4,,Expecting value: line 2 column 512 (char 512)
리챔 오믈레햄 200g|5,리챔 오믈레햄 200g,5,,Expecting value: line 2 column 512 (char 512)
리챔 오믈레햄 200g|6,리챔 오믈레햄 200g,6,,Expecting value: line 2 column 512 (char 512)
리챔 오믈레햄 200g|7,리챔 오믈레햄 200g,7,,Expecting value: line 2 column 512 (char 512)
리챔 오믈레햄 200g|9,리챔 오믈레햄 200g,9,,Expecting value: line 2 column 512 (char 512)
리챔 오믈레햄 200g|10,리챔 오믈레햄 200g,10,,Expecting value: line 2 column 512 (char 512)
리챔 오믈레햄 200g|11,리챔 오믈레햄 200g,11,,Expecting value: line 2 column 512 (char 512)
리챔 오믈레햄 200g|14,리챔 오믈레햄 200g,14,,Expecting value: line 2 column 512 (char 512)
리챔 오믈레햄 200g|12,리챔 오믈레햄 200g,12,,Expecting value: line 2 column 512 (char 512)
리챔 오믈레햄 200g|13,리챔 오믈레햄 200g,13,,Expecting value: line 2 column 512 (char 512)
리챔 오믈레햄 200g|18,리챔 오믈레햄 200g,18,,Expecting value: line 2 column 512 (char 512)
리챔 오믈레햄 200g|19,리챔 오믈레햄 200g,19,,Expecting value: line 2 column 512 (char 512)
리챔 오믈레햄 200g|15,리챔 오믈레햄 200g,15,,Expecting value: line 2 column 512 (char 512)
리챔 오믈레햄 200g|17,리챔 오믈레햄 200g,17,,Expecting value: line 2 column 512 (char 512)
리챔 오믈레햄 200g|16,리챔 오믈레햄 200g,16,,Expecting value: line 2 column 512 (char 512)
리챔 오믈레햄 200g|21,리챔 오믈레햄 200g,21,"{""product_name"": ""리챔 오믈레햄 200g"", ""persona_key"": 21, ""purchase_behavior_prediction"": {""purchase_probability_pct"": 85, ""reason"": ""이 소비자는 건강을 최우선으로 고려하는 '건강 추구형 소비자'로, HMR(가정간편식)에 대한 선호도가 매우 높습니다. 제품의 간편함과 낮은 칼로리, 고소한 맛은 이 소비자의 건강 지향적이고 편리함을 중시하는 특성과 잘 맞아떨어집니다. 또한, 가격에 대한 민감도가 낮아 5,080원의 가격이 큰 부담이 되지 않으며, 프리미엄 제품에 대한 수용성이 높아 이 제품을 구매할 가능성이 큽니다. 시장 경쟁 환경에 대한 정보가 없지만, 이 소비자는 브랜드에 대한 충성도가 낮지 않으므로 동원 F&B의 제품에 대한 긍정적인 인식을 가질 것으로 예상됩니다."", ""monthly_purchase_frequency"": 3}}",
리챔 오믈레햄 200g|22,리챔 오믈레햄 200g,22,,Expecting value: line 2 column 512 (char 512)
리챔 오믈레햄 200g|20,리챔 오믈레햄 200g,20,,Expecting value: line 2 column 512 (char 512)
리챔 오믈레햄 200g|24,리챔 오믈레햄 200g,24,,Expecting value: line 2 column 512 (char 512)
리챔 오믈레햄 200g|23,리챔 오믈레햄 200g,23,,Expecting value: line 2 column 512 (char 512)
리챔 오믈레햄 200g|27,리챔 오믈레햄 200g,27,,Expecting value: line 2 column 512 (char 512)
리챔 오믈레햄 200g|29,리챔 오믈레햄 200g,29,,Expecting value: line 2 column 512 (char 512)
리챔 오믈레햄 200g|25,리챔 오믈레햄 200g,25,,Expecting value: line 2 column 512 (char 512)
리챔 오믈레햄 200g|28,리챔 오믈레햄 200g,28,,Expecting value: line 2 column 512 (char 512)
리챔 오믈레햄 200g|26,리챔 오믈레햄 200g,26,,Expecting value: line 2 column 512 (char 512)
리챔 오믈레햄 200g|30,리챔 오믈레햄 200g,30,,Expecting value: line 2 column 512 (char 512)
리챔 오믈레햄 200g|33,리챔 오믈레햄 200g,33,,Expecting value: line 2 column 512 (char 512)
리챔 오믈레햄 200g|31,리챔 오믈레햄 200g,31,,Expecting value: line 2 column 512 (char 512)
리챔 오믈레햄 200g|32,리챔 오믈레햄 200g,32,,Expecting value: line 2 column 512 (char 512)
리챔 오믈레햄 200g|34,리챔 오믈레햄 200g,34,,Expecting value: line 2 column 512 (char 512)
리챔 오믈레햄 200g|35,리챔 오믈레햄 200g,35,,Expecting value: line 2 column 512 (char 512)
리챔 오믈레햄 200g|36,리챔 오믈레햄 200g,36,,Expecting value: line 2 column 512 (char 512)
리챔 오믈레햄 200g|38,리챔 오믈레햄 200g,38,"{""product_name"": ""리챔 오믈레햄 200g"", ""persona_key"": 38, ""purchase_behavior_prediction"": {""purchase_probability_pct"": 85, ""reason"": ""이 소비자는 건강을 최우선으로 고려하는 '건강 추구형 소비자'로, HMR(가정간편식)에 대한 선호도가 매우 높습니다. 제품의 특징인 간편함과 낮은 칼로리는 1인 가구인 그녀에게 매우 매력적이며, 바쁜 일상 속에서 쉽게 조리할 수 있는 점이 큰 장점으로 작용합니다. 또한, 고소한 맛은 그녀의 미각을 만족시킬 수 있어 긍정적인 요소로 작용합니다. 가격이 5,080원으로 적당한 수준이며, 가격 민감도가 낮은 그녀는 품질과 건강을 중시하기 때문에 이 가격에 대해 긍정적으로 받아들일 것입니다. 따라서, 이 제품은 그녀의 구매 욕구를 충분히 자극할 것으로 예상됩니다."", ""monthly_purchase_frequency"": 2}}",
리챔 오믈레햄 200g|37,리챔 오믈레햄 200g,37,,Expecting value: line 2 column 512 (char 512)
리챔 오믈레햄 200g|41,리챔 오믈레햄 200g,41,"{""product_name"": ""리챔 오믈레햄 200g"", ""persona_key"": 41, ""purchase_behavior_prediction"": {""purchase_probability_pct"": 85, ""reason"": ""이 페르소나는 HMR(가정간편식)에 대한 선호도가 매우 높으며(0.902), 이는 간편함과 빠른 조리를 중시하는 경향을 반영합니다. 제품의 '간편함'과 '낮은 칼로리' 특성은 1인 가구인 그녀에게 매력적이며, 건강을 고려하는 소비 성향(0.456)과도 잘 맞아떨어집니다. 또한, 30대 여성으로서 새로운 제품을 경험하고 공유하려는 욕구가 강한 트렌드 주도형 소비자이기 때문에, 이 제품의 고소한 맛과 품질이 그녀의 기대를 충족시킬 가능성이 높습니다. 가격은 5,080원으로, 가격 민감도가 낮은 편(0.333)인 그녀에게는 적당한 수준으로 받아들여질 것입니다. 따라서 이 모든 요소를 종합적으로 고려했을 때, 구매 확률은 85%로 예측됩니다."", ""monthly_purchase_frequency"": 2}}",
리챔 오믈레햄 200g|43,리챔 오믈레햄 200g,43,,Expecting value: line 2 column 512 (char 512)
리챔 오믈레햄 200g|39,리챔 오믈레햄 200g,39,,Expecting value: line 2 column 512 (char 512)
리챔 오믈레햄 200g|40,리챔 오믈레햄 200g,40,,Expecting value: line 2 column 512 (char 512)
리챔 오믈레햄 200g|42,리챔 오믈레햄 200g,42,,Expecting value: line 2 column 512 (char 512)
리챔 오믈레햄 200g|44,리챔 오믈레햄 200g,44,,Expecting value: line 2 column 512 (char 512)
리챔 오믈레햄 200g|45,리챔 오믈레햄 200g,45,,Expecting value: line 2 column 512 (char 512)
리챔 오믈레햄 200g|47,리챔 오믈레햄 200g,47,,Expecting value: line 2 column 512 (char 512)
리챔 오믈레햄 200g|48,리챔 오믈레햄 200g,48,,Expecting value: line 2 column 512 (char 512)
리챔 오믈레햄 200g|46,리챔 오믈레햄 200g,46,,Expecting value: line 2 column 512 (char 512)
리챔 오믈레햄 200g|51,리챔 오믈레햄 200g,51,"{""product_name"": ""리챔 오믈레햄 200g"", ""persona_key"": 51, ""purchase_behavior_prediction"": {""purchase_probability_pct"": 85, ""reason"": ""이 소비자는 건강을 최우선으로 고려하는 프리미엄 소비자 그룹에 속하며, HMR(가정간편식) 선호도가 매우 높습니다. 제품의 간편함과 낮은 칼로리, 고소한 맛은 이 소비자의 요구에 잘 부합합니다. 또한, 2세대 가족으로서 간편한 식사 해결을 원할 가능성이 높아, 제품의 매력도가 증가합니다. 가격에 대한 민감도가 낮고, 건강과 편리성을 중시하기 때문에 가격이 5,080원인 이 제품을 구매할 가능성이 높습니다."", ""monthly_purchase_frequency"": 2}}",
리챔 오믈레햄 200g|49,리챔 오믈레햄 200g,49,,Expecting value: line 2 column 512 (char 512)
리챔 오믈레햄 200g|52,리챔 오믈레햄 200g,52,"{""product_name"": ""리챔 오믈레햄 200g"", ""persona_key"": 52, ""purchase_behavior_prediction"": {""purchase_probability_pct"": 85, ""reason"": ""이 소비자는 건강을 최우선으로 고려하는 프리미엄 소비자 그룹에 속하며, HMR(가정간편식)에 대한 높은 선호도를 가지고 있습니다. 제품의 간편함과 낮은 칼로리, 고소한 맛은 그녀의 건강 지향성과 요리 편리성을 충족시켜 줄 수 있습니다. 또한, 2세대 가족으로서 바쁜 일상 속에서 간편하게 식사를 해결할 수 있는 제품에 대한 수요가 높습니다. 가격에 대한 민감도가 낮아, 5,080원의 가격은 그녀에게 큰 부담이 되지 않으며, 브랜드 충성도도 높아 동원 F&B 브랜드에 대한 신뢰가 구매를 더욱 촉진할 것입니다."", ""monthly_purchase_frequency"": 3}}",
리챔 오믈레햄 200g|50,리챔 오믈레햄 200g,50,,Expecting value: line 2 column 512 (char 512)
리챔 오믈레햄 200g|55,리챔 오믈레햄 200g,55,,Expecting value: line 2 column 512 (char 512)
리챔 오믈레햄 200g|53,리챔 오믈레햄 200g,53,,Expecting value: line 2 column 512 (char 512)
리챔 오믈레햄 200g|54,리챔 오믈레햄 200g,54,,Expecting value: line 2 column 512 (char 512)
리챔 오믈레햄 200g|58,리챔 오믈레햄 200g,58,"{""product_name"": ""리챔 오믈레햄 200g"", ""persona_key"": 58, ""purchase_behavior_prediction"": {""purchase_probability_pct"": 85, ""reason"": ""이 페르소나는 HMR(가정간편식)에 대한 선호도가 매우 높으며(0.9999), 이는 간편함과 빠른 조리를 중시하는 경향을 반영합니다. 제품의 특징인 '간편함'과 '낮은 칼로리'는 그녀의 요리 편의성과 건강 지향성에 부합하여 긍정적인 요소로 작용합니다. 또한, 2세대 가족을 둔 기혼 여성으로서, 가족을 위한 간편한 식사 옵션을 찾고 있을 가능성이 높습니다. 가격은 5,080원으로, 가격 민감도가 중간(0.5289)인 그녀에게 적당한 수준으로 여겨질 수 있습니다. 따라서, 이 제품은 그녀의 구매 결정에 긍정적인 영향을 미칠 것입니다."", ""monthly_purchase_frequency"": 3}}",
리챔 오믈레햄 200g|56,리챔 오믈레햄 200g,56,,Expecting value: line 2 column 512 (char 512)
리챔 오믈레햄 200g|57,리챔 오믈레햄 200g,57,,Expecting value: line 2 column 512 (char 512)
리챔 오믈레햄 200g|61,리챔 오믈레햄 200g,61,,Expecting value: line 2 column 512 (char 512)
리챔 오믈레햄 200g|59,리챔 오믈레햄 200g,59,,Expecting value: line 2 column 512 (char 512)
리챔 오믈레햄 200g|62,리챔 오믈레햄 200g,62,,Expecting value: line 2 column 512 (char 512)
리챔 오믈레햄 200g|60,리챔 오믈레햄 200g,60,,Expecting value: line 2 column 512 (char 512)
리챔 오믈레햄 200g|63,리챔 오믈레햄 200g,63,,Expecting value: line 2 column 512 (char 512)
리챔 오믈레햄 200g|64,리챔 오믈레햄 200g,64,,Expecting value: line 2 column 512 (char 512)
리챔 오믈레햄 200g|66,리챔 오믈레햄 200g,66,,Expecting value: line 2 column 512 (char 512)
리챔 오믈레햄 200g|65,리챔 오믈레햄 200g,65,,Expecting value: line 2 column 512 (char 512)
리챔 오믈레햄 200g|67,리챔 오믈레햄 200g,67,,Expecting value: line 2 column 512 (char 512)
리챔 오믈레햄 200g|68,리챔 오믈레햄 200g,68,,Expecting value: line 2 column 512 (char 512)
리챔 오믈레햄 200g|70,리챔 오믈레햄 200g,70,,Expecting value: line 2 column 512 (char 512)
리챔 오믈레햄 200g|69,리챔 오믈레햄 200g,69,,Expecting value: line 2 column 512 (char 512)
리챔 오믈레햄 200g|71,리챔 오믈레햄 200g,71,,Expecting value: line 2 column 512 (char 512)
리챔 오믈레햄 200g|76,리챔 오믈레햄 200g,76,"{""product_name"": ""리챔 오믈레햄 200g"", ""persona_key"": 76, ""purchase_behavior_prediction"": {""purchase_probability_pct"": 85, ""reason"": ""이 페르소나는 '건강 추구형 소비자'로, HMR(가정간편식)에 대한 선호도가 매우 높습니다. 제품의 간편함과 낮은 칼로리, 고소한 맛은 이 소비자의 건강 지향성과 편리함을 중시하는 특성과 잘 맞아떨어집니다. 또한, 1인 가구로서 간편한 식사를 선호하는 경향이 강해, 리챔 오믈레햄은 이 소비자에게 매우 매력적인 선택이 될 것입니다. 가격은 5,080원으로, 가격 민감도가 중간 수준인 이 소비자는 건강과 편리함을 고려할 때 이 가격을 수용할 가능성이 높습니다."", ""monthly_purchase_frequency"": 3}}",
리챔 오믈레햄 200g|72,리챔 오믈레햄 200g,72,,Expecting value: line 2 column 512 (char 512)
리챔 오믈레햄 200g|73,리챔 오믈레햄 200g,73,,Expecting value: line 2 column 512 (char 512)
리챔 오믈레햄 200g|78,리챔 오믈레햄 200g,78,"{""product_name"": ""리챔 오믈레햄 200g"", ""persona_key"": 78, ""purchase_behavior_prediction"": {""purchase_probability_pct"": 85, ""reason"": ""이 페르소나는 건강 지향성이 매우 높은 소비자로, 제품의 낮은 칼로리와 간편함이 큰 매력으로 작용할 것입니다. 또한, 1인 가구로서 간편한 식사를 선호하는 경향이 있어 리챔 오믈레햄의 특징이 잘 맞아떨어집니다. 가격에 대한 민감도가 낮고, 건강과 편리성을 중시하는 경향이 강하기 때문에 이 제품을 선택할 가능성이 높습니다."", ""monthly_purchase_frequency"": 3}}",
리챔 오믈레햄 200g|75,리챔 오믈레햄 200g,75,,Expecting value: line 2 column 512 (char 512)
리챔 오믈레햄 200g|74,리챔 오믈레햄 200g,74,,Expecting value: line 2 column 512 (char 512)
리챔 오믈레햄 200g|80,리챔 오믈레햄 200g,80,,Expecting value: line 2 column 512 (char 512)
리챔 오믈레햄 200g|82,리챔 오믈레햄 200g,82,,Expecting value: line 2 column 512 (char 512)
리챔 오믈레햄 200g|81,리챔 오믈레햄 200g,81,,Expecting value: line 2 column 512 (char 512)
리챔 오믈레햄 200g|79,리챔 오믈레햄 200g,79,,Expecting value: line 2 column 512 (char 512)
리챔 오믈레햄 200g|83,리챔 오믈레햄 200g,83,,Expecting value: line 2 column 512 (char 512)
리챔 오믈레햄 200g|84,리챔 오믈레햄 200g,84,,Expecting value: line 2 column 512 (char 512)
리챔 오믈레햄 200g|77,리챔 오믈레햄 200g,77,,Expecting value: line 2 column 512 (char 512)
리챔 오믈레햄 200g|86,리챔 오믈레햄 200g,86,,Expecting value: line 2 column 512 (char 512)
리챔 오믈레햄 200g|85,리챔 오믈레햄 200g,85,,Expecting value: line 2 column 512 (char 512)
리챔 오믈레햄 200g|89,리챔 오믈레햄 200g,89,"{""product_name"": ""리챔 오믈레햄 200g"", ""persona_key"": 89, ""purchase_behavior_prediction"": {""purchase_probability_pct"": 85, ""reason"": ""페르소나는 '실속형 미식가'로, 편리함과 새로운 맛을 중시합니다. HMR(가정간편식) 선호도가 높아, 리챔 오믈레햄의 간편함과 고소한 맛이 매력적입니다. 또한, 2세대 가족으로서 간편한 식사를 선호하며, 가격에 대한 민감도가 중간 수준이므로 5,080원의 가격이 적절하다고 판단할 것입니다. 광고가 없는 제품이지만, 품질과 편리함이 강조된 점이 긍정적으로 작용할 것입니다."", ""monthly_purchase_frequency"": 2}}",
리챔 오믈레햄 200g|87,리챔 오믈레햄 200g,87,,Expecting value: line 2 column 512 (char 512)
리챔 오믈레햄 200g|88,리챔 오믈레햄 200g,88,,Expecting value: line 2 column 512 (char 512)
리챔 오믈레햄 200g|90,리챔 오믈레햄 200g,90,,Expecting value: line 2 column 512 (char 512)
리챔 오믈레햄 200g|91,리챔 오믈레햄 200g,91,,Expecting value: line 2 column 512 (char 512)
리챔 오믈레햄 200g|92,리챔 오믈레햄 200g,92,,Expecting value: line 2 column 512 (char 512)
리챔 오믈레햄 200g|93,리챔 오믈레햄 200g,93,,Expecting value: line 2 column 512 (char 512)
리챔 오믈레햄 200g|94,리챔 오믈레햄 200g,94,,Expecting value: line 2 column 512 (char 512)
리챔 오믈레햄 200g|95,리챔 오믈레햄 200g,95,,Expecting value: line 2 column 512 (char 512)
리챔 오믈레햄 200g|100,리챔 오믈레햄 200g,100,"{""product_name"": ""리챔 오믈레햄 200g"", ""persona_key"": 100, ""purchase_behavior_prediction"": {""purchase_probability_pct"": 85, ""reason"": ""이 페르소나는 건강을 최우선으로 고려하는 소비자로, HMR(가정간편식) 선호도가 높습니다. 제품의 간편함과 낮은 칼로리, 고소한 맛은 그녀의 건강 지향적인 라이프스타일에 잘 맞아떨어집니다. 또한, 2세대 가족으로서 간편한 식사 옵션을 선호할 가능성이 높아, 이 제품이 매력적으로 다가올 것입니다. 가격에 대한 민감도가 낮고 프리미엄 제품에 대한 선호도가 높기 때문에, 5,080원의 가격도 수용 가능하다고 판단됩니다."", ""monthly_purchase_frequency"": 3}}",
리챔 오믈레햄 200g|96,리챔 오믈레햄 200g,96,,Expecting value: line 2 column 512 (char 512)
리챔 오믈레햄 200g|101,리챔 오믈레햄 200g,101,"{""product_name"": ""리챔 오믈레햄 200g"", ""persona_key"": 101, ""purchase_behavior_prediction"": {""purchase_probability_pct"": 85, ""reason"": ""이 소비자는 건강 지향성이 매우 높고, 건강과 편리성을 모두 중시하는 프리미엄 소비자입니다. '리챔 오믈레햄'은 낮은 칼로리와 간편함을 제공하여 이 소비자의 요구에 잘 부합합니다. 또한, 2세대 가족으로서 간편한 식사 옵션을 선호하는 경향이 있어, 이 제품이 매력적으로 다가올 것입니다. 가격에 대한 민감도가 낮은 편이므로, 5,080원의 가격도 수용 가능하다고 판단됩니다."", ""monthly_purchase_frequency"": 2}}",
리챔 오믈레햄 200g|98,리챔 오믈레햄 200g,98,,Expecting value: line 2 column 512 (char 512)
리챔 오믈레햄 200g|97,리챔 오믈레햄 200g,97,,Expecting value: line 2 column 512 (char 512)
리챔 오믈레햄 200g|102,리챔 오믈레햄 200g,102,"{""product_name"": ""리챔 오믈레햄 200g"", ""persona_key"": 102, ""purchase_behavior_prediction"": {""purchase_probability_pct"": 85, ""reason"": ""이 소비자는 건강을 최우선으로 고려하는 프리미엄 소비자 그룹에 속하며, HMR(가정간편식) 선호도가 높습니다. 제품의 간편함과 낮은 칼로리, 고소한 맛은 그녀의 건강 지향성과 요리 편리성을 충족시켜 줄 수 있습니다. 또한, 2세대 가족으로서 바쁜 일상 속에서 간편하게 식사를 해결할 수 있는 제품에 대한 수요가 높습니다. 가격에 대한 민감도가 중간 정도이므로, 5,080원의 가격은 수용 가능한 범위에 있습니다. 광고가 없더라도 제품의 특성과 소비자의 필요가 잘 맞아떨어지기 때문에 구매 확률이 높습니다."", ""monthly_purchase_frequency"": 3}}",
리챔 오믈레햄 200g|104,리챔 오믈레햄 200g,104,,Expecting value: line 2 column 512 (char 512)
리챔 오믈레햄 200g|99,리챔 오믈레햄 200g,99,,Expecting value: line 2 column 512 (char 512)
리챔 오믈레햄 200g|103,리챔 오믈레햄 200g,103,,Expecting value: line 2 column 512 (char 512)
리챔 오믈레햄 200g|106,리챔 오믈레햄 200g,106,,Expecting value: line 2 column 512 (char 512)
리챔 오믈레햄 200g|105,리챔 오믈레햄 200g,105,,Expecting value: line 2 column 512 (char 512)
리챔 오믈레햄 200g|110,리챔 오믈레햄 200g,110,"{""product_name"": ""리챔 오믈레햄 200g"", ""persona_key"": 110, ""purchase_behavior_prediction"": {""purchase_probability_pct"": 85, ""reason"": ""이 페르소나는 건강 지향성이 매우 높고, 건강과 편리성을 모두 중시하는 소비자입니다. '리챔 오믈레햄'은 낮은 칼로리와 간편함을 제공하여 그녀의 건강 지향적인 요구를 충족시킵니다. 또한, 2세대 가족으로서 간편한 식사 옵션을 선호하는 점에서 이 제품은 매력적입니다. 가격에 대한 민감도가 낮아 5,080원의 가격도 수용 가능할 것으로 보입니다. 광고가 없더라도 제품의 특징이 그녀의 필요를 충족시키기 때문에 구매 가능성이 높습니다."", ""monthly_purchase_frequency"": 2}}",
리챔 오믈레햄 200g|107,리챔 오믈레햄 200g,107,,Expecting value: line 2 column 512 (char 512)
리챔 오믈레햄 200g|108,리챔 오믈레햄 200g,108,,Expecting value: line 2 column 512 (char 512)
리챔 오믈레햄 200g|109,리챔 오믈레햄 200g,109,,Expecting value: line 2 column 512 (char 512)
리챔 오믈레햄 200g|111,리챔 오믈레햄 200g,111,"{""product_name"": ""리챔 오믈레햄 200g"", ""persona_key"": 111, ""purchase_behavior_prediction"": {""purchase_probability_pct"": 85, ""reason"": ""이 페르소나는 '건강 추구형 소비자'로, 건강 지향성이 매우 높습니다(0.9487). '리챔 오믈레햄'은 낮은 칼로리와 간편함을 제공하여 이 소비자의 건강과 편리성을 모두 충족시킬 수 있습니다. 또한, 2세대 가족으로서 간편한 식사를 선호할 가능성이 높아, 이 제품의 매력도가 상승합니다. 가격은 5,080원으로, 가격 민감도가 낮은 이 소비자에게는 큰 부담이 되지 않으며, 프리미엄 제품에 대한 수용도가 높습니다. 따라서, 이 소비자가 이 제품을 구매할 확률은 85%로 예상됩니다."", ""monthly_purchase_frequency"": 2}}",
리챔 오믈레햄 200g|112,리챔 오믈레햄 200g,112,"{""product_name"": ""리챔 오믈레햄 200g"", ""persona_key"": 112, ""purchase_behavior_prediction"": {""purchase_probability_pct"": 85, ""reason"": ""이 소비자는 건강을 최우선으로 고려하는 '건강 추구형 소비자'로, HMR(가정간편식)에 대한 선호도가 매우 높습니다. 제품의 간편함과 낮은 칼로리는 그녀의 건강 지향적인 성향과 잘 맞아떨어지며, 2세대 가족을 둔 기혼 여성으로서 바쁜 일상 속에서 간편한 식사를 선호할 가능성이 큽니다. 또한, 브랜드 충성도가 높고 가격에 대한 민감도가 낮아, 동원 F&B의 리챔 오믈레햄이 제공하는 품질과 편리함에 대해 긍정적으로 평가할 것입니다. 시장 경쟁 환경에 대한 정보가 없지만, 현재의 소비 트렌드와 제품의 특성을 고려할 때, 이 소비자가 제품을 구매할 확률은 높다고 판단됩니다."", ""monthly_purchase_frequency"": 3}}",
리챔 오믈레햄 200g|113,리챔 오믈레햄 200g,113,,Expecting value: line 2 column 512 (char 512)
리챔 오믈레햄 200g|116,리챔 오믈레햄 200g,116,,Expecting value: line 2 column 512 (char 512)
리챔 오믈레햄 200g|114,리챔 오믈레햄 200g,114,,Expecting value: line 2 column 512 (char 512)
리챔 오믈레햄 200g|115,리챔 오믈레햄 200g,115,,Expecting value: line 2 column 512 (char 512)
리챔 오믈레햄 200g|117,리챔 오믈레햄 200g,117,,Expecting value: line 2 column 512 (char 512)
리챔 오믈레햄 200g|118,리챔 오믈레햄 200g,118,,Expecting value: line 2 column 512 (char 512)
리챔 오믈레햄 200g|119,리챔 오믈레햄 200g,119,,Expecting value: line 2 column 512 (char 512)
리챔 오믈레햄 200g|121,리챔 오믈레햄 200g,121,,Expecting value: line 2 column 512 (char 512)
리챔 오믈레햄 200g|122,리챔 오믈레햄 200g,122,,Expecting value: line 2 column 512 (char 512)
리챔 오믈레햄 200g|120,리챔 오믈레햄 200g,120,,Expecting value: line 2 column 512 (char 512)
리챔 오믈레햄 200g|123,리챔 오믈레햄 200g,123,,Expecting value: line 2 column 512 (char 512)
리챔 오믈레햄 200g|124,리챔 오믈레햄 200g,124,,Expecting value: line 2 column 512 (char 512)
리챔 오믈레햄 200g|125,리챔 오믈레햄 200g,125,,Expecting value: line 2 column 512 (char 512)
리챔 오믈레햄 200g|130,리챔 오믈레햄 200g,130,,Expecting value: line 2 column 512 (char 512)
리챔 오믈레햄 200g|127,리챔 오믈레햄 200g,127,,Expecting value: line 2 column 512 (char 512)
리챔 오믈레햄 200g|126,리챔 오믈레햄 200g,126,,Expecting value: line 2 column 512 (char 512)
리챔 오믈레햄 200g|128,리챔 오믈레햄 200g,128,,Expecting value: line 2 column 512 (char 512)
리챔 오믈레햄 200g|129,리챔 오믈레햄 200g,129,,Expecting value: line 2 column 512 (char 512)
리챔 오믈레햄 200g|131,리챔 오믈레햄 200g,131,,Expecting value: line 2 column 512 (char 512)
리챔 오믈레햄 200g|135,리챔 오믈레햄 200g,135,"{""product_name"": ""리챔 오믈레햄 200g"", ""persona_key"": 135, ""purchase_behavior_prediction"": {""purchase_probability_pct"": 85, ""reason"": ""이 페르소나는 건강을 최우선으로 고려하는 소비자로, HMR(가정간편식)에 대한 높은 선호도를 보이고 있습니다. 제품의 간편함과 낮은 칼로리, 고소한 맛은 그의 건강 지향적인 특성과 잘 맞아떨어집니다. 또한, 1인 가구로서 간편한 식사를 선호하는 점도 긍정적인 요소입니다. 가격에 대한 민감도가 낮아, 5,080원의 가격이 그에게 큰 부담이 되지 않을 것입니다. 따라서, 이 소비자는 이 제품을 구매할 가능성이 높습니다."", ""monthly_purchase_frequency"": 2}}",
리챔 오믈레햄 200g|137,리챔 오믈레햄 200g,137,,Expecting value: line 2 column 512 (char 512)
리챔 오믈레햄 200g|136,리챔 오믈레햄 200g,136,,Expecting value: line 2 column 512 (char 512)
리챔 오믈레햄 200g|134,리챔 오믈레햄 200g,134,,Expecting value: line 2 column 512 (char 512)
리챔 오믈레햄 200g|133,리챔 오믈레햄 200g,133,,Expecting value: line 2 column 512 (char 512)
리챔 오믈레햄 200g|138,리챔 오믈레햄 200g,138,"{""product_name"": ""리챔 오믈레햄 200g"", ""persona_key"": 138, ""purchase_behavior_prediction"": {""purchase_probability_pct"": 75, ""reason"": ""이 소비자는 '실속형 미식가'로서 편리함과 새로운 맛을 중시합니다. HMR 선호도가 높아 간편한 조리법과 맛있는 음식을 선호하며, 리챔 오믈레햄은 이러한 요구를 충족시킵니다. 제품의 특징인 간편함과 고소한 맛은 이 소비자에게 매력적이며, 가격이 5,080원으로 적당하여 가격 민감도가 낮은 이 소비자에게 긍정적으로 작용할 것입니다. 또한, 1인 가구로서 간편한 식사를 선호하는 점도 구매를 촉진할 것입니다."", ""monthly_purchase_frequency"": 3}}",
리챔 오믈레햄 200g|139,리챔 오믈레햄 200g,139,"{""product_name"": ""리챔 오믈레햄 200g"", ""persona_key"": 139, ""purchase_behavior_prediction"": {""purchase_probability_pct"": 75, ""reason"": ""이 페르소나는 '실속형 미식가'로서, 편리함과 다양한 맛을 추구하는 경향이 강합니다. '리챔 오믈레햄'은 간편하게 조리할 수 있으며, 고소한 맛이 특징으로, 새로운 맛을 시도하는 데 적극적인 소비자에게 매력적입니다. 또한, 1인 가구로서 간편한 식사를 선호하는 점도 긍정적입니다. 가격은 5,080원으로, 가격 민감도가 중간 수준인 이 페르소나에게 적절한 가격으로 인식될 가능성이 높습니다. 따라서, 이 제품은 페르소나의 다양한 요구를 충족시킬 수 있어 구매 확률이 높습니다."", ""monthly_purchase_frequency"": 2}}",
리챔 오믈레햄 200g|132,리챔 오믈레햄 200g,132,,Expecting value: line 2 column 512 (char 512)
리챔 오믈레햄 200g|140,리챔 오믈레햄 200g,140,,Expecting value: line 2 column 512 (char 512)
리챔 오믈레햄 200g|142,리챔 오믈레햄 200g,142,,Expecting value: line 2 column 512 (char 512)
리챔 오믈레햄 200g|143,리챔 오믈레햄 200g,143,"{""product_name"": ""리챔 오믈레햄 200g"", ""persona_key"": 143, ""purchase_behavior_prediction"": {""purchase_probability_pct"": 85, ""reason"": ""이 페르소나는 HMR(가정간편식)에 대한 높은 선호도를 가지고 있으며, 이는 50대 남성 군인이라는 직업적 특성과 1인 가구라는 생활 형태와 잘 맞아떨어집니다. 제품의 간편함과 낮은 칼로리는 바쁜 일상 속에서 건강을 고려하는 소비자에게 매력적입니다. 또한, 브랜드 충성도가 높고 프리미엄 제품에 대한 선호도도 있어 동원 F&B의 고급축산캔 제품은 긍정적인 반응을 이끌어낼 것입니다. 시장 경쟁 환경에 대한 정보가 없지만, 가격이 5,080원으로 적당하여 가격 민감도가 낮은 이 소비자에게는 큰 부담이 되지 않을 것으로 보입니다."", ""monthly_purchase_frequency"": 3}}",
리챔 오믈레햄 200g|144,리챔 오믈레햄 200g,144,,Expecting value: line 2 column 512 (char 512)
리챔 오믈레햄 200g|141,리챔 오믈레햄 200g,141,,Expecting value: line 2 column 512 (char 512)
리챔 오믈레햄 200g|145,리챔 오믈레햄 200g,145,,Expecting value: line 2 column 512 (char 512)
리챔 오믈레햄 200g|146,리챔 오믈레햄 200g,146,,Expecting value: line 2 column 512 (char 512)
리챔 오믈레햄 200g|147,리챔 오믈레햄 200g,147,,Expecting value: line 2 column 512 (char 512)
리챔 오믈레햄 200g|148,리챔 오믈레햄 200g,148,,Expecting value: line 2 column 512 (char 512)
리챔 오믈레햄 200g|150,리챔 오믈레햄 200g,150,,Expecting value: line 2 column 512 (char 512)
리챔 오믈레햄 200g|149,리챔 오믈레햄 200g,149,,Expecting value: line 2 column 512 (char 512)
리챔 오믈레햄 200g|151,리챔 오믈레햄 200g,151,,Expecting value: line 2 column 512 (char 512)
리챔 오믈레햄 200g|154,리챔 오믈레햄 200g,154,"{""product_name"": ""리챔 오믈레햄 200g"", ""persona_key"": 154, ""purchase_behavior_prediction"": {""purchase_probability_pct"": 85, ""reason"": ""이 페르소나는 '요리 편리성'을 가장 중요하게 생각하는 소비자로, 간편한 조리와 맛을 동시에 추구합니다. '리챔 오믈레햄'은 간편함과 낮은 칼로리, 고소한 맛을 제공하여 이 소비자의 요구에 잘 부합합니다. 또한, 1인 가구와 2030 2세대 가족을 타겟으로 하여, 이 소비자가 속한 1세대 가족 구조와도 잘 맞아떨어집니다. 가격은 5,080원으로, 가격 민감도가 중간 정도인 이 소비자에게 적절한 수준으로 보입니다. 따라서, 이 제품은 그녀의 구매 결정에 긍정적인 영향을 미칠 것입니다."", ""monthly_purchase_frequency"": 2}}",
리챔 오믈레햄 200g|152,리챔 오믈레햄 200g,152,,Expecting value: line 2 column 512 (char 512)
리챔 오믈레햄 200g|158,리챔 오믈레햄 200g,158,"{""product_name"": ""리챔 오믈레햄 200g"", ""persona_key"": 158, ""purchase_behavior_prediction"": {""purchase_probability_pct"": 85, ""reason"": ""이 소비자는 건강을 최우선으로 고려하는 '건강 추구형 소비자'로, HMR(가정간편식)에 대한 선호도가 매우 높습니다. 제품의 특징인 '간편함'과 '낮은 칼로리'는 그녀의 건강 지향적인 라이프스타일과 잘 맞아떨어지며, '고소한 맛'은 맛의 만족도를 높여줄 것입니다. 또한, 가격이 5,080원으로 적당하여 가격 민감도가 낮은 그녀에게는 부담이 적습니다. 따라서 이 제품은 그녀의 구매 결정에 긍정적인 영향을 미칠 것입니다."", ""monthly_purchase_frequency"": 4}}",
리챔 오믈레햄 200g|155,리챔 오믈레햄 200g,155,,Expecting value: line 2 column 512 (char 512)
리챔 오믈레햄 200g|153,리챔 오믈레햄 200g,153,,Expecting value: line 2 column 512 (char 512)
리챔 오믈레햄 200g|157,리챔 오믈레햄 200g,157,,Expecting value: line 2 column 512 (char 512)
리챔 오믈레햄 200g|156,리챔 오믈레햄 200g,156,,Expecting value: line 2 column 512 (char 512)
리챔 오믈레햄 200g|159,리챔 오믈레햄 200g,159,,Expecting value: line 2 column 512 (char 512)
리챔 오믈레햄 200g|162,리챔 오믈레햄 200g,162,,Expecting value: line 2 column 512 (char 512)
리챔 오믈레햄 200g|160,리챔 오믈레햄 200g,160,,Expecting value: line 2 column 512 (char 512)
리챔 오믈레햄 200g|164,리챔 오믈레햄 200g,164,"{""product_name"": ""리챔 오믈레햄 200g"", ""persona_key"": 164, ""purchase_behavior_prediction"": {""purchase_probability_pct"": 85, ""reason"": ""이 페르소나는 HMR(가정간편식)에 대한 높은 선호도를 가지고 있으며, 이는 0.843의 가중치로 나타납니다. 제품의 간편함과 낮은 칼로리는 50대 기혼 여성 소비자에게 매력적이며, 특히 1인 가구를 대상으로 한 제품이기 때문에 혼자서 간편하게 식사를 해결할 수 있는 점이 긍정적으로 작용합니다. 또한, 건강 지향적인 성향(0.622)도 있어 낮은 칼로리의 제품이 더욱 매력적으로 다가올 것입니다. 가격에 대한 민감도가 낮은 편(0.343)인 점도 구매를 촉진할 요소입니다. 시장 경쟁 환경에 대한 정보가 없지만, 제품의 브랜드 충성도(0.769)가 높아 동원 F&B 브랜드에 대한 신뢰가 구매 결정에 긍정적인 영향을 미칠 것입니다."", ""monthly_purchase_frequency"": 2}}",
리챔 오믈레햄 200g|161,리챔 오믈레햄 200g,161,,Expecting value: line 2 column 512 (char 512)
리챔 오믈레햄 200g|163,리챔 오믈레햄 200g,163,,Expecting value: line 2 column 512 (char 512)
리챔 오믈레햄 200g|166,리챔 오믈레햄 200g,166,"{""product_name"": ""리챔 오믈레햄 200g"", ""persona_key"": 166, ""purchase_behavior_prediction"": {""purchase_probability_pct"": 85, ""reason"": ""이 페르소나는 HMR(가정간편식)에 대한 높은 선호도를 가지고 있으며, 이는 90%에 달합니다. 제품의 간편함과 낮은 칼로리는 1인 가구인 그녀에게 매우 매력적입니다. 또한, 고소한 맛은 그녀의 취향에 부합할 가능성이 높습니다. 브랜드 충성도도 상당히 높아(70.7%) 동원 F&B와 같은 신뢰할 수 있는 브랜드의 제품을 선택할 가능성이 큽니다. 시장 경쟁 환경에 대한 정보는 없지만, 가격이 5,080원으로 적당한 수준이므로 가격 민감도가 낮은 그녀에게 긍정적으로 작용할 것입니다."", ""monthly_purchase_frequency"": 3}}",
리챔 오믈레햄 200g|165,리챔 오믈레햄 200g,165,,Expecting value: line 2 column 512 (char 512)
리챔 오믈레햄 200g|167,리챔 오믈레햄 200g,167,,Expecting value: line 2 column 512 (char 512)
리챔 오믈레햄 200g|168,리챔 오믈레햄 200g,168,,Expecting value: line 2 column 512 (char 512)
리챔 오믈레햄 200g|169,리챔 오믈레햄 200g,169,,Expecting value: line 2 column 512 (char 512)
리챔 오믈레햄 200g|170,리챔 오믈레햄 200g,170,,Expecting value: line 2 column 512 (char 512)
리챔 오믈레햄 200g|174,리챔 오믈레햄 200g,174,"{""product_name"": ""리챔 오믈레햄 200g"", ""persona_key"": 174, ""purchase_behavior_prediction"": {""purchase_probability_pct"": 75, ""reason"": ""이 페르소나는 HMR(가정식 대체식품)에 대한 높은 선호도를 가지고 있으며(0.725), 이는 간편함과 빠른 조리를 중시하는 경향을 나타냅니다. 제품의 특징인 '간편함'과 '낮은 칼로리'는 그녀의 요리 편의성과 건강 지향성에 부합합니다. 또한, 1인 가구 및 2030 2세대 가족을 타겟으로 하는 제품은 그녀의 가정 환경과 잘 맞아떨어집니다. 가격이 5,080원으로 적당한 수준이며, 가격 민감도가 낮은 편(0.248)인 점도 긍정적입니다. 따라서, 이 소비자는 이 제품을 구매할 가능성이 높습니다."", ""monthly_purchase_frequency"": 2}}",
리챔 오믈레햄 200g|171,리챔 오믈레햄 200g,171,,Expecting value: line 2 column 512 (char 512)
리챔 오믈레햄 200g|172,리챔 오믈레햄 200g,172,,Expecting value: line 2 column 512 (char 512)
리챔 오믈레햄 200g|175,리챔 오믈레햄 200g,175,,Expecting value: line 2 column 512 (char 512)
리챔 오믈레햄 200g|173,리챔 오믈레햄 200g,173,,Expecting value: line 2 column 512 (char 512)
리챔 오믈레햄 200g|176,리챔 오믈레햄 200g,176,,Expecting value: line 2 column 512 (char 512)
리챔 오믈레햄 200g|177,리챔 오믈레햄 200g,177,,Expecting value: line 2 column 512 (char 512)
리챔 오믈레햄 200g|182,리챔 오믈레햄 200g,182,"{""product_name"": ""리챔 오믈레햄 200g"", ""persona_key"": 182, ""purchase_behavior_prediction"": {""purchase_probability_pct"": 85, ""reason"": ""이 페르소나는 건강을 최우선으로 고려하는 소비자로, HMR(가정간편식)에 대한 높은 선호도를 보이고 있습니다. 제품의 간편함과 낮은 칼로리, 고소한 맛은 그녀의 건강 지향적인 라이프스타일과 잘 맞아떨어집니다. 또한, 1인 가구로서 간편한 식사를 선호하는 점도 긍정적입니다. 가격은 5,080원으로, 가격 민감도가 낮은 그녀에게는 큰 부담이 되지 않으며, 프리미엄 제품에 대한 수용성이 높아 구매를 유도할 것입니다."", ""monthly_purchase_frequency"": 4}}",
리챔 오믈레햄 200g|178,리챔 오믈레햄 200g,178,,Expecting value: line 2 column 512 (char 512)
리챔 오믈레햄 200g|179,리챔 오믈레햄 200g,179,,Expecting value: line 2 column 512 (char 512)
리챔 오믈레햄 200g|180,리챔 오믈레햄 200g,180,,Expecting value: line 2 column 512 (char 512)
리챔 오믈레햄 200g|181,리챔 오믈레햄 200g,181,,Expecting value: line 2 column 512 (char 512)
리챔 오믈레햄 200g|183,리챔 오믈레햄 200g,183,,Expecting value: line 2 column 512 (char 512)
리챔 오믈레햄 200g|185,리챔 오믈레햄 200g,185,,Expecting value: line 2 column 512 (char 512)
리챔 오믈레햄 200g|184,리챔 오믈레햄 200g,184,,Expecting value: line 2 column 512 (char 512)
리챔 오믈레햄 200g|186,리챔 오믈레햄 200g,186,,Expecting value: line 2 column 512 (char 512)
리챔 오믈레햄 200g|187,리챔 오믈레햄 200g,187,,Expecting value: line 2 column 512 (char 512)
리챔 오믈레햄 200g|188,리챔 오믈레햄 200g,188,,Expecting value: line 2 column 512 (char 512)
리챔 오믈레햄 200g|189,리챔 오믈레햄 200g,189,,Expecting value: line 2 column 512 (char 512)
리챔 오믈레햄 200g|191,리챔 오믈레햄 200g,191,"{""product_name"": ""리챔 오믈레햄 200g"", ""persona_key"": 191, ""purchase_behavior_prediction"": {""purchase_probability_pct"": 85, ""reason"": ""이 페르소나는 HMR(가정간편식)에 대한 선호도가 매우 높고, 편리함과 건강 지향성을 중시하는 소비자입니다. '리챔 오믈레햄'은 간편하게 조리할 수 있으며, 낮은 칼로리와 고소한 맛을 제공하여 이 소비자의 요구에 잘 부합합니다. 또한, 2세대 가족으로서 다양한 맛을 추구하는 경향이 있어, 이 제품의 매력적인 특성은 긍정적으로 작용할 것입니다. 가격에 대한 민감도는 낮은 편이지만, 가격이 5,080원으로 적당하다고 판단될 경우 구매 확률이 높아질 것입니다."", ""monthly_purchase_frequency"": 2}}",
리챔 오믈레햄 200g|190,리챔 오믈레햄 200g,190,,Expecting value: line 2 column 512 (char 512)
리챔 오믈레햄 200g|192,리챔 오믈레햄 200g,192,,Expecting value: line 2 column 512 (char 512)
리챔 오믈레햄 200g|196,리챔 오믈레햄 200g,196,"{""product_name"": ""리챔 오믈레햄 200g"", ""persona_key"": 196, ""purchase_behavior_prediction"": {""purchase_probability_pct"": 85, ""reason"": ""이 페르소나는 '실속형 미식가'로, 편리함과 새로운 맛을 중시합니다. HMR 선호도가 높아 간편한 조리 방식의 제품에 긍정적인 반응을 보일 것입니다. '리챔 오믈레햄'은 간편함과 낮은 칼로리, 고소한 맛을 제공하여 이 소비자의 요구에 부합합니다. 또한, 가격이 5,080원으로 상대적으로 합리적이며, 가격에 대한 민감도가 낮은 편이기 때문에 구매를 고려할 가능성이 높습니다. 시장 경쟁 환경에 대한 정보가 없지만, 제품의 특성과 페르소나의 특성을 고려할 때, 이 제품은 소비자에게 매력적으로 다가올 것입니다."", ""monthly_purchase_frequency"": 2}}",
리챔 오믈레햄 200g|193,리챔 오믈레햄 200g,193,,Expecting value: line 2 column 512 (char 512)
리챔 오믈레햄 200g|194,리챔 오믈레햄 200g,194,,Expecting value: line 2 column 512 (char 512)
리챔 오믈레햄 200g|195,리챔 오믈레햄 200g,195,,Expecting value: line 2 column 512 (char 512)
리챔 오믈레햄 200g|197,리챔 오믈레햄 200g,197,,Expecting value: line 2 column 512 (char 512)
리챔 오믈레햄 200g|198,리챔 오믈레햄 200g,198,,Expecting value: line 2 column 512 (char 512)
리챔 오믈레햄 200g|200,리챔 오믈레햄 200g,200,,Expecting value: line 2 column 512 (char 512)
리챔 오믈레햄 200g|202,리챔 오믈레햄 200g,202,,Expecting value: line 2 column 512 (char 512)
리챔 오믈레햄 200g|201,리챔 오믈레햄 200g,201,,Expecting value: line 2 column 512 (char 512)
리챔 오믈레햄 200g|199,리챔 오믈레햄 200g,199,,Expecting value: line 2 column 512 (char 512)
리챔 오믈레햄 200g|203,리챔 오믈레햄 200g,203,,Expecting value: line 2 column 512 (char 512)
리챔 오믈레햄 200g|204,리챔 오믈레햄 200g,204,,Expecting value: line 2 column 512 (char 512)
리챔 오믈레햄 200g|207,리챔 오믈레햄 200g,207,,Expecting value: line 2 column 512 (char 512)
리챔 오믈레햄 200g|206,리챔 오믈레햄 200g,206,,Expecting value: line 2 column 512 (char 512)
리챔 오믈레햄 200g|208,리챔 오믈레햄 200g,208,,Expecting value: line 2 column 512 (char 512)
리챔 오믈레햄 200g|205,리챔 오믈레햄 200g,205,,Expecting value: line 2 column 512 (char 512)
리챔 오믈레햄 200g|209,리챔 오믈레햄 200g,209,,Expecting value: line 2 column 512 (char 512)
리챔 오믈레햄 200g|210,리챔 오믈레햄 200g,210,,Expecting value: line 2 column 512 (char 512)
리챔 오믈레햄 200g|212,리챔 오믈레햄 200g,212,"{""product_name"": ""리챔 오믈레햄 200g"", ""persona_key"": 212, ""purchase_behavior_prediction"": {""purchase_probability_pct"": 85, ""reason"": ""이 페르소나는 '건강 추구형 소비자'로, 건강 지향성이 매우 높습니다. 제품의 특징 중 '낮은 칼로리'와 '간편함'은 이 소비자의 건강과 편리성을 동시에 만족시키므로 매우 매력적입니다. 또한, 2세대 가족으로서 간편한 식사 대체품을 찾는 경향이 있어, 리챔 오믈레햄은 적합한 선택이 될 것입니다. 가격이 5,080원으로 상대적으로 저렴한 편이며, 가격 민감도가 낮은 이 소비자는 제품의 품질과 건강을 우선시하기 때문에 구매를 결정할 가능성이 높습니다."", ""monthly_purchase_frequency"": 3}}",
리챔 오믈레햄 200g|213,리챔 오믈레햄 200g,213,"{""product_name"": ""리챔 오믈레햄 200g"", ""persona_key"": 213, ""purchase_behavior_prediction"": {""purchase_probability_pct"": 85, ""reason"": ""이 페르소나는 '건강 추구형 소비자'로, HMR(가정간편식)에 대한 높은 선호도를 보이고 있습니다. 제품의 간편함과 낮은 칼로리, 고소한 맛은 그녀의 건강 지향성과 요리 편리성을 충족시켜 줄 수 있는 요소입니다. 또한, 2세대 가족을 둔 주부로서 바쁜 일상 속에서 간편하게 조리할 수 있는 제품을 선호할 가능성이 높습니다. 가격이 5,080원으로 적당한 수준이며, 브랜드 충성도도 높아 동원 F&B와 같은 신뢰할 수 있는 브랜드의 제품을 선택할 가능성이 큽니다. 따라서, 이 소비자는 제품을 구매할 확률이 높습니다."", ""monthly_purchase_frequency"": 3}}",
리챔 오믈레햄 200g|214,리챔 오믈레햄 200g,214,"{""product_name"": ""리챔 오믈레햄 200g"", ""persona_key"": 214, ""purchase_behavior_prediction"": {""purchase_probability_pct"": 85, ""reason"": ""이 페르소나는 건강 지향성이 매우 높은 소비자로, 건강과 편리성을 중시합니다. '리챔 오믈레햄'은 낮은 칼로리와 간편함을 제공하여 그녀의 건강 지향적인 라이프스타일에 잘 맞습니다. 또한, 이 제품은 1인 가구와 2030 2세대 가족을 타겟으로 하고 있어 그녀의 가정 환경과도 부합합니다. 가격이 5,080원으로 적당하며, 브랜드 충성도가 높은 그녀는 동원 F&B의 제품에 대한 신뢰를 가지고 있을 가능성이 높습니다. 따라서, 이 모든 요소가 결합되어 그녀의 구매 확률을 높이고 있습니다."", ""monthly_purchase_frequency"": 2}}",
리챔 오믈레햄 200g|211,리챔 오믈레햄 200g,211,,Expecting value: line 2 column 512 (char 512)
리챔 오믈레햄 200g|215,리챔 오믈레햄 200g,215,,Expecting value: line 2 column 512 (char 512)
리챔 오믈레햄 200g|216,리챔 오믈레햄 200g,216,,Expecting value: line 2 column 512 (char 512)
리챔 오믈레햄 200g|217,리챔 오믈레햄 200g,217,,Expecting value: line 2 column 512 (char 512)
리챔 오믈레햄 200g|218,리챔 오믈레햄 200g,218,,Expecting value: line 2 column 512 (char 512)
리챔 오믈레햄 200g|219,리챔 오믈레햄 200g,219,,Expecting value: line 2 column 512 (char 512)
리챔 오믈레햄 200g|220,리챔 오믈레햄 200g,220,,Expecting value: line 2 column 512 (char 512)
리챔 오믈레햄 200g|221,리챔 오믈레햄 200g,221,,Expecting value: line 2 column 512 (char 512)
리챔 오믈레햄 200g|222,리챔 오믈레햄 200g,222,,Expecting value: line 2 column 512 (char 512)
리챔 오믈레햄 200g|223,리챔 오믈레햄 200g,223,,Expecting value: line 2 column 512 (char 512)
리챔 오믈레햄 200g|224,리챔 오믈레햄 200g,224,,Expecting value: line 2 column 512 (char 512)
리챔 오믈레햄 200g|227,리챔 오믈레햄 200g,227,"{""product_name"": ""리챔 오믈레햄 200g"", ""persona_key"": 227, ""purchase_behavior_prediction"": {""purchase_probability_pct"": 85, ""reason"": ""이 소비자는 건강을 최우선으로 고려하는 프리미엄 소비자 그룹에 속하며, HMR(가정간편식)에 대한 선호도가 매우 높습니다. 제품의 간편함과 낮은 칼로리, 고소한 맛은 이 소비자의 건강 지향성과 편리함을 동시에 충족시킬 수 있어 매력적입니다. 또한, 가격에 대한 민감도가 낮아 5,080원의 가격이 부담스럽지 않으며, 2세대 가족으로서 간편한 식사 대체품을 찾고 있는 점도 긍정적입니다. 따라서 이 소비자는 제품을 구매할 가능성이 높습니다."", ""monthly_purchase_frequency"": 3}}",
리챔 오믈레햄 200g|226,리챔 오믈레햄 200g,226,,Expecting value: line 2 column 512 (char 512)
리챔 오믈레햄 200g|225,리챔 오믈레햄 200g,225,,Expecting value: line 2 column 512 (char 512)
리챔 오믈레햄 200g|231,리챔 오믈레햄 200g,231,"{""product_name"": ""리챔 오믈레햄 200g"", ""persona_key"": 231, ""purchase_behavior_prediction"": {""purchase_probability_pct"": 85, ""reason"": ""이 페르소나는 HMR(가정식 대체식품)에 대한 높은 선호도를 가지고 있으며, 이는 50대 기혼 여성으로서 가정에서의 간편한 식사 준비를 중시하는 경향과 일치합니다. '리챔 오믈레햄'은 간편함과 낮은 칼로리, 고소한 맛을 제공하여 이 소비자의 요구를 충족시킬 수 있습니다. 또한, 이 제품은 2세대 가족을 대상으로 하여 가족 구성원 모두가 만족할 수 있는 특성을 지니고 있습니다. 시장 경쟁 환경에 대한 정보가 없지만, 가격이 5,080원으로 적당하여 가격 민감도가 낮은 이 소비자에게 긍정적으로 작용할 것입니다. 따라서 이 소비자는 제품을 구매할 가능성이 높습니다."", ""monthly_purchase_frequency"": 3}}",
리챔 오믈레햄 200g|232,리챔 오믈레햄 200g,232,"{""product_name"": ""리챔 오믈레햄 200g"", ""persona_key"": 232, ""purchase_behavior_prediction"": {""purchase_probability_pct"": 85, ""reason"": ""이 페르소나는 HMR(가정간편식)에 대한 높은 선호도를 가지고 있으며, 이는 50대 기혼 여성으로서 바쁜 일상 속에서 간편한 식사를 선호하는 경향과 일치합니다. 제품의 간편함과 낮은 칼로리, 고소한 맛은 그녀의 건강 지향성과 요리 편의성에 부합하여 매력적입니다. 또한, 2세대 가족 구성원으로서 가족의 건강을 고려한 선택을 할 가능성이 높습니다. 시장 경쟁 환경에 대한 정보가 부족하지만, 제품의 가격이 5,080원으로 적당한 수준이라면 가격 민감도가 낮은 그녀에게 긍정적인 요소로 작용할 것입니다."", ""monthly_purchase_frequency"": 2}}",
리챔 오믈레햄 200g|229,리챔 오믈레햄 200g,229,,Expecting value: line 2 column 512 (char 512)
리챔 오믈레햄 200g|230,리챔 오믈레햄 200g,230,,Expecting value: line 2 column 512 (char 512)
리챔 오믈레햄 200g|228,리챔 오믈레햄 200g,228,,Expecting value: line 2 column 512 (char 512)
리챔 오믈레햄 200g|233,리챔 오믈레햄 200g,233,,Expecting value: line 2 column 512 (char 512)
리챔 오믈레햄 200g|234,리챔 오믈레햄 200g,234,,Expecting value: line 2 column 512 (char 512)
리챔 오믈레햄 200g|236,리챔 오믈레햄 200g,236,,Expecting value: line 2 column 512 (char 512)
리챔 오믈레햄 200g|237,리챔 오믈레햄 200g,237,,Expecting value: line 2 column 512 (char 512)
리챔 오믈레햄 200g|235,리챔 오믈레햄 200g,235,,Expecting value: line 2 column 512 (char 512)
리챔 오믈레햄 200g|238,리챔 오믈레햄 200g,238,,Expecting value: line 2 column 512 (char 512)
리챔 오믈레햄 200g|239,리챔 오믈레햄 200g,239,,Expecting value: line 2 column 512 (char 512)
리챔 오믈레햄 200g|242,리챔 오믈레햄 200g,242,"{""product_name"": ""리챔 오믈레햄 200g"", ""persona_key"": 242, ""purchase_behavior_prediction"": {""purchase_probability_pct"": 85, ""reason"": ""이 페르소나는 HMR(가정식 대체식품)에 대한 선호도가 매우 높고(0.96), 이는 간편함과 빠른 조리를 중시하는 주부로서의 특성과 잘 맞아떨어집니다. 제품의 특징인 '간편함'과 '낮은 칼로리'는 그녀의 건강 지향성과 요리 편의성을 충족시키며, '고소한 맛'은 가족의 입맛을 고려할 때 긍정적인 요소로 작용합니다. 또한, 2세대 가족을 둔 주부로서, 간편하게 조리할 수 있는 제품에 대한 수요가 높아 구매 가능성이 큽니다. 가격(5,080원)은 다소 높은 편이지만, 그녀의 가격 민감도(0.296)는 낮은 편이므로 가격에 대한 부담이 적습니다. 따라서 이 모든 요소를 종합적으로 고려할 때, 구매 확률은 85%로 예측됩니다."", ""monthly_purchase_frequency"": 2}}",
리챔 오믈레햄 200g|244,리챔 오믈레햄 200g,244,"{""product_name"": ""리챔 오믈레햄 200g"", ""persona_key"": 244, ""purchase_behavior_prediction"": {""purchase_probability_pct"": 85, ""reason"": ""이 페르소나는 HMR(가정간편식)에 대한 높은 선호도를 가지고 있으며, 이는 0.843으로 나타납니다. 또한, 건강 지향성이 0.572로 나타나 낮은 칼로리와 고소한 맛을 가진 리챔 오믈레햄이 그녀의 건강과 편리함을 동시에 충족시킬 수 있습니다. 50대의 기혼 여성으로서 2세대 가족을 이루고 있는 그녀는 간편한 식사 옵션을 선호하며, 이는 제품의 간편함과 잘 맞아떨어집니다. 가격에 대한 민감도가 낮은 편이기 때문에 5,080원의 가격도 수용 가능할 것으로 보입니다. 따라서, 이 소비자는 제품의 특성과 자신의 필요를 잘 연결 지을 수 있어 높은 구매 확률을 보입니다."", ""monthly_purchase_frequency"": 2}}",
리챔 오믈레햄 200g|240,리챔 오믈레햄 200g,240,,Expecting value: line 2 column 512 (char 512)
리챔 오믈레햄 200g|243,리챔 오믈레햄 200g,243,,Expecting value: line 2 column 512 (char 512)
리챔 오믈레햄 200g|241,리챔 오믈레햄 200g,241,,Expecting value: line 2 column 512 (char 512)
리챔 오믈레햄 200g|245,리챔 오믈레햄 200g,245,,Expecting value: line 2 column 512 (char 512)
리챔 오믈레햄 200g|246,리챔 오믈레햄 200g,246,,Expecting value: line 2 column 512 (char 512)
리챔 오믈레햄 200g|248,리챔 오믈레햄 200g,248,,Expecting value: line 2 column 512 (char 512)
리챔 오믈레햄 200g|250,리챔 오믈레햄 200g,250,,Expecting value: line 2 column 512 (char 512)
리챔 오믈레햄 200g|247,리챔 오믈레햄 200g,247,,Expecting value: line 2 column 512 (char 512)
리챔 오믈레햄 200g|249,리챔 오믈레햄 200g,249,,Expecting value: line 2 column 512 (char 512)
리챔 오믈레햄 200g|253,리챔 오믈레햄 200g,253,"{""product_name"": ""리챔 오믈레햄 200g"", ""persona_key"": 253, ""purchase_behavior_prediction"": {""purchase_probability_pct"": 75, ""reason"": ""이 페르소나는 건강을 최우선으로 고려하는 소비자로, HMR(가정간편식)에 대한 높은 선호도를 보입니다. 제품의 특징인 간편함과 낮은 칼로리는 이 소비자의 건강 지향적인 성향과 잘 맞아떨어지며, 고소한 맛은 맛을 중시하는 소비자에게 매력적입니다. 가격이 5,080원으로, 가격 민감도가 낮은 이 소비자에게는 부담이 적고, 프리미엄 제품에 대한 수용도가 높아 긍정적인 구매 의사를 가질 것입니다. 또한, 광고가 없는 제품이지만, 브랜드 충성도가 높아 동원 F&B 브랜드에 대한 신뢰가 구매를 촉진할 것입니다."", ""monthly_purchase_frequency"": 2}}",
리챔 오믈레햄 200g|254,리챔 오믈레햄 200g,254,"{""product_name"": ""리챔 오믈레햄 200g"", ""persona_key"": 254, ""purchase_behavior_prediction"": {""purchase_probability_pct"": 75, ""reason"": ""이 페르소나는 '건강 추구형 소비자'로, HMR(가정간편식)에 대한 선호도가 높습니다. 제품의 간편함과 낮은 칼로리, 고소한 맛은 이 소비자의 건강 지향성과 편리함을 중시하는 특성과 잘 맞아떨어집니다. 또한, 가격에 대한 민감도가 중간 수준이므로, 5,080원의 가격이 부담스럽지 않다고 판단할 수 있습니다. 따라서 이 제품은 페르소나의 구매 동기를 충분히 충족시킬 수 있습니다."", ""monthly_purchase_frequency"": 2}}",
리챔 오믈레햄 200g|251,리챔 오믈레햄 200g,251,,Expecting value: line 2 column 512 (char 512)
리챔 오믈레햄 200g|252,리챔 오믈레햄 200g,252,,Expecting value: line 2 column 512 (char 512)
리챔 오믈레햄 200g|257,리챔 오믈레햄 200g,257,"{""product_name"": ""리챔 오믈레햄 200g"", ""persona_key"": 257, ""purchase_behavior_prediction"": {""purchase_probability_pct"": 85, ""reason"": ""이 소비자는 건강을 최우선으로 고려하는 '건강 추구형 소비자'로, HMR(가정간편식)에 대한 높은 선호도를 가지고 있습니다. 제품의 간편함과 낮은 칼로리는 그의 건강 지향적인 성향과 잘 맞아떨어지며, 1인 가구로서 간편한 식사를 선호하는 점도 긍정적인 요소입니다. 가격은 5,080원으로, 가격 민감도가 중간 정도인 이 소비자에게는 적절한 수준으로 보이며, 프리미엄 제품에 대한 수용성도 높습니다. 따라서, 이 소비자는 제품의 특성과 자신의 필요를 잘 연결지어 구매할 가능성이 높습니다."", ""monthly_purchase_frequency"": 2}}",
리챔 오믈레햄 200g|255,리챔 오믈레햄 200g,255,,Expecting value: line 2 column 512 (char 512)
리챔 오믈레햄 200g|256,리챔 오믈레햄 200g,256,,Expecting value: line 2 column 512 (char 512)
리챔 오믈레햄 200g|260,리챔 오믈레햄 200g,260,"{""product_name"": ""리챔 오믈레햄 200g"", ""persona_key"": 260, ""purchase_behavior_prediction"": {""purchase_probability_pct"": 75, ""reason"": ""이 페르소나는 HMR(가정식 대체식품)에 대한 높은 선호도를 보이고 있으며(0.804), 이는 간편함과 빠른 조리를 중시하는 경향을 나타냅니다. 제품의 특징인 '간편함'과 '낮은 칼로리'는 이 소비자의 라이프스타일에 잘 맞아떨어지며, 특히 60대 이상의 기혼 남성으로서 2세대 가족을 둔 소비자는 건강과 편리함을 동시에 추구할 가능성이 높습니다. 또한, 브랜드 충성도가 중간 이상(0.586)으로, 동원 F&B라는 브랜드에 대한 신뢰가 구매 결정에 긍정적인 영향을 미칠 것입니다. 시장 경쟁 환경에 대한 정보가 없지만, 제품의 가격(5,080원)은 비교적 합리적이며, 가격 민감도가 낮은 편(0.250)인 점도 긍정적입니다. 따라서 이 소비자는 제품을 구매할 가능성이 높습니다."", ""monthly_purchase_frequency"": 2}}",
리챔 오믈레햄 200g|258,리챔 오믈레햄 200g,258,,Expecting value: line 2 column 512 (char 512)
리챔 오믈레햄 200g|259,리챔 오믈레햄 200g,259,,Expecting value: line 2 column 512 (char 512)
리챔 오믈레햄 200g|262,리챔 오믈레햄 200g,262,,Expecting value: line 2 column 512 (char 512)
리챔 오믈레햄 200g|261,리챔 오믈레햄 200g,261,,Expecting value: line 2 column 512 (char 512)
리챔 오믈레햄 200g|263,리챔 오믈레햄 200g,263,,Expecting value: line 2 column 512 (char 512)
리챔 오믈레햄 200g|264,리챔 오믈레햄 200g,264,,Expecting value: line 2 column 512 (char 512)
리챔 오믈레햄 200g|265,리챔 오믈레햄 200g,265,,Expecting value: line 2 column 512 (char 512)
리챔 오믈레햄 200g|266,리챔 오믈레햄 200g,266,,Expecting value: line 2 column 512 (char 512)
리챔 오믈레햄 200g|270,리챔 오믈레햄 200g,270,,Expecting value: line 2 column 512 (char 512)
리챔 오믈레햄 200g|267,리챔 오믈레햄 200g,267,,Expecting value: line 2 column 512 (char 512)
리챔 오믈레햄 200g|269,리챔 오믈레햄 200g,269,,Expecting value: line 2 column 512 (char 512)
리챔 오믈레햄 200g|268,리챔 오믈레햄 200g,268,,Expecting value: line 2 column 512 (char 512)
리챔 오믈레햄 200g|271,리챔 오믈레햄 200g,271,,Expecting value: line 2 column 512 (char 512)
리챔 오믈레햄 200g|272,리챔 오믈레햄 200g,272,,Expecting value: line 2 column 512 (char 512)
리챔 오믈레햄 200g|276,리챔 오믈레햄 200g,276,,Expecting value: line 2 column 512 (char 512)
리챔 오믈레햄 200g|275,리챔 오믈레햄 200g,275,,Expecting value: line 2 column 512 (char 512)
리챔 오믈레햄 200g|274,리챔 오믈레햄 200g,274,,Expecting value: line 2 column 512 (char 512)
리챔 오믈레햄 200g|273,리챔 오믈레햄 200g,273,,Expecting value: line 2 column 512 (char 512)
리챔 오믈레햄 200g|279,리챔 오믈레햄 200g,279,"{""product_name"": ""리챔 오믈레햄 200g"", ""persona_key"": 279, ""purchase_behavior_prediction"": {""purchase_probability_pct"": 85, ""reason"": ""이 소비자는 건강을 최우선으로 고려하는 소비자로, HMR(가정간편식)에 대한 높은 선호도를 보이고 있습니다. 제품의 특징인 간편함과 낮은 칼로리는 그녀의 건강 지향적인 라이프스타일에 잘 맞아떨어지며, 고소한 맛 또한 매력적입니다. 또한, 1인 가구로서 간편한 식사를 선호하는 경향이 있어 이 제품이 적합합니다. 가격에 대한 민감도가 낮고, 브랜드 충성도가 높아 동원 F&B의 제품에 대한 신뢰도 또한 구매를 촉진할 것입니다."", ""monthly_purchase_frequency"": 3}}",
리챔 오믈레햄 200g|278,리챔 오믈레햄 200g,278,"{""product_name"": ""리챔 오믈레햄 200g"", ""persona_key"": 278, ""purchase_behavior_prediction"": {""purchase_probability_pct"": 85, ""reason"": ""이 소비자는 건강을 최우선으로 고려하는 '건강 추구형 소비자'로, HMR(가정간편식)에 대한 선호도가 매우 높습니다. 제품의 간편함과 낮은 칼로리, 고소한 맛은 그녀의 건강 지향적인 소비 성향과 잘 맞아떨어집니다. 또한, 1인 가구로서 간편한 식사를 선호하는 점도 긍정적인 요소입니다. 가격에 대한 민감도가 낮아, 5,080원의 가격도 수용 가능하다고 판단됩니다. 광고가 없는 제품이지만, 그녀의 브랜드 충성도와 건강 지향성 덕분에 제품에 대한 긍정적인 인식이 높습니다."", ""monthly_purchase_frequency"": 3}}",
리챔 오믈레햄 200g|281,리챔 오믈레햄 200g,281,"{""product_name"": ""리챔 오믈레햄 200g"", ""persona_key"": 281, ""purchase_behavior_prediction"": {""purchase_probability_pct"": 85, ""reason"": ""이 페르소나는 '건강 추구형 소비자'로, HMR(가정간편식)에 대한 높은 선호도를 보이고 있습니다. 제품의 특징인 간편함과 낮은 칼로리는 그녀의 건강 지향적인 소비 성향과 잘 맞아떨어지며, 고소한 맛 또한 그녀의 취향에 부합할 것입니다. 가격이 5,080원으로 적당한 수준이며, 가격 민감도가 중간 정도인 점을 고려할 때, 이 제품에 대한 구매 의사는 매우 높습니다. 또한, 광고나 프로모션이 없지만, 그녀는 브랜드나 가격에 크게 구애받지 않고 건강과 편리성을 중시하기 때문에, 제품의 매력을 충분히 느낄 것입니다."", ""monthly_purchase_frequency"": 2}}",
리챔 오믈레햄 200g|277,리챔 오믈레햄 200g,277,,Expecting value: line 2 column 512 (char 512)
리챔 오믈레햄 200g|286,리챔 오믈레햄 200g,286,"{""product_name"": ""리챔 오믈레햄 200g"", ""persona_key"": 286, ""purchase_behavior_prediction"": {""purchase_probability_pct"": 85, ""reason"": ""이 페르소나는 '건강 추구형 소비자'로, HMR(가정간편식)에 대한 높은 선호도를 가지고 있습니다. 제품의 특징인 간편함과 낮은 칼로리는 이 소비자의 건강 지향성과 편리함을 중시하는 성향에 잘 부합합니다. 또한, 가격에 대한 민감도가 낮아 프리미엄 제품에 대한 수용력이 높습니다. 따라서, 리챔 오믈레햄은 이 소비자에게 매력적인 선택이 될 것입니다."", ""monthly_purchase_frequency"": 3}}",
리챔 오믈레햄 200g|283,리챔 오믈레햄 200g,283,"{""product_name"": ""리챔 오믈레햄 200g"", ""persona_key"": 283, ""purchase_behavior_prediction"": {""purchase_probability_pct"": 85, ""reason"": ""이 페르소나는 '건강 추구형 소비자'로, HMR(가정간편식)에 대한 선호도가 매우 높습니다. 제품의 특징인 간편함과 낮은 칼로리는 이 소비자의 건강 지향성과 편리함을 중시하는 성향에 잘 맞아떨어집니다. 또한, 가격에 대한 민감도가 중간 수준이기 때문에 5,080원의 가격은 수용 가능한 범위에 있습니다. 따라서 이 소비자는 제품을 구매할 가능성이 높습니다."", ""monthly_purchase_frequency"": 3}}",
리챔 오믈레햄 200g|282,리챔 오믈레햄 200g,282,,Expecting value: line 2 column 512 (char 512)
리챔 오믈레햄 200g|280,리챔 오믈레햄 200g,280,,Expecting value: line 2 column 512 (char 512)
리챔 오믈레햄 200g|285,리챔 오믈레햄 200g,285,,Expecting value: line 2 column 512 (char 512)
리챔 오믈레햄 200g|287,리챔 오믈레햄 200g,287,"{""product_name"": ""리챔 오믈레햄 200g"", ""persona_key"": 287, ""purchase_behavior_prediction"": {""purchase_probability_pct"": 85, ""reason"": ""이 페르소나는 건강 지향성이 높고, 건강과 편리성을 모두 중시하는 소비자입니다. '리챔 오믈레햄'은 낮은 칼로리와 간편함을 제공하여 이 소비자의 요구에 잘 부합합니다. 또한, 가격에 대한 민감도가 낮아 프리미엄 제품에 대한 수용력이 높습니다. 따라서 이 제품은 건강을 중시하는 소비자에게 매력적이며, 구매 확률이 높습니다."", ""monthly_purchase_frequency"": 2}}",
리챔 오믈레햄 200g|284,리챔 오믈레햄 200g,284,,Expecting value: line 2 column 512 (char 512)
리챔 오믈레햄 200g|292,리챔 오믈레햄 200g,292,,Expecting value: line 2 column 512 (char 512)
리챔 오믈레햄 200g|288,리챔 오믈레햄 200g,288,,Expecting value: line 2 column 512 (char 512)
리챔 오믈레햄 200g|290,리챔 오믈레햄 200g,290,,Expecting value: line 2 column 512 (char 512)
리챔 오믈레햄 200g|291,리챔 오믈레햄 200g,291,,Expecting value: line 2 column 512 (char 512)
리챔 오믈레햄 200g|289,리챔 오믈레햄 200g,289,,Expecting value: line 2 column 512 (char 512)
리챔 오믈레햄 200g|294,리챔 오믈레햄 200g,294,"{""product_name"": ""리챔 오믈레햄 200g"", ""persona_key"": 294, ""purchase_behavior_prediction"": {""purchase_probability_pct"": 85, ""reason"": ""이 페르소나는 HMR(가정간편식)에 대한 높은 선호도를 가지고 있으며, 이는 0.92로 매우 강한 편입니다. 제품의 간편함과 낮은 칼로리, 고소한 맛은 그녀의 요리 편의성에 대한 요구를 충족시키고, 1인 가구를 타겟으로 한 제품 특성은 그녀의 가정 상황과 잘 맞아떨어집니다. 또한, 브랜드 충성도가 높아 동원 F&B와 같은 브랜드에 대한 신뢰가 구매를 더욱 촉진할 것입니다. 시장 경쟁 환경에 대한 정보가 부족하지만, 현재의 가격(5,080원)은 그녀의 가격 민감도(0.28)와 비교했을 때 적절한 수준으로 보이며, 이는 구매를 유도할 수 있는 요소입니다."", ""monthly_purchase_frequency"": 2}}",
리챔 오믈레햄 200g|293,리챔 오믈레햄 200g,293,,Expecting value: line 2 column 512 (char 512)
리챔 오믈레햄 200g|297,리챔 오믈레햄 200g,297,"{""product_name"": ""리챔 오믈레햄 200g"", ""persona_key"": 297, ""purchase_behavior_prediction"": {""purchase_probability_pct"": 75, ""reason"": ""이 페르소나는 HMR(가정간편식)에 대한 높은 선호도를 가지고 있으며, 이는 60대 이상의 주부로서 간편하고 빠른 조리를 선호하는 경향과 일치합니다. 제품의 특징인 '간편함'과 '낮은 칼로리'는 건강을 중시하는 소비자에게 매력적이며, 고소한 맛은 다양한 요리에 활용할 수 있는 장점이 있습니다. 또한, 이 소비자는 브랜드 충성도가 높아 동원 F&B와 같은 신뢰할 수 있는 브랜드의 제품을 선호할 가능성이 큽니다. 시장 경쟁 환경에 대한 정보가 부족하지만, 가격이 5,080원으로 적당한 수준이라면 가격 민감도가 낮은 이 소비자에게 긍정적으로 작용할 것입니다. 따라서, 이 소비자는 제품을 구매할 가능성이 높습니다."", ""monthly_purchase_frequency"": 2}}",
리챔 오믈레햄 200g|295,리챔 오믈레햄 200g,295,,Expecting value: line 2 column 512 (char 512)
리챔 오믈레햄 200g|298,리챔 오믈레햄 200g,298,,Expecting value: line 2 column 512 (char 512)
리챔 오믈레햄 200g|296,리챔 오믈레햄 200g,296,,Expecting value: line 2 column 512 (char 512)
리챔 오믈레햄 200g|300,리챔 오믈레햄 200g,300,,Expecting value: line 2 column 512 (char 512)
리챔 오믈레햄 200g|299,리챔 오믈레햄 200g,299,,Expecting value: line 2 column 512 (char 512)
리챔 오믈레햄 200g|301,리챔 오믈레햄 200g,301,,Expecting value: line 2 column 512 (char 512)
리챔 오믈레햄 200g|303,리챔 오믈레햄 200g,303,"{""product_name"": ""리챔 오믈레햄 200g"", ""persona_key"": 303, ""purchase_behavior_prediction"": {""purchase_probability_pct"": 85, ""reason"": ""이 페르소나는 HMR(가정간편식)에 대한 선호도가 매우 높으며(0.902), 이는 간편함과 시간 절약을 중시하는 경향을 반영합니다. 제품의 특징인 '간편함'과 '낮은 칼로리'는 60대 이상의 소비자에게 특히 매력적일 수 있으며, 건강을 고려하는 경향이 있는 이 소비자에게 긍정적인 요소로 작용합니다. 또한, '고소한 맛'은 다양한 요리에 활용할 수 있어 이 소비자의 다양한 식사 요구를 충족시킬 수 있습니다. 가격은 5,080원으로, 가격 민감도가 낮은 편인 이 소비자에게 적절한 수준으로 보입니다. 따라서, 이 제품은 이 소비자에게 매우 매력적이며, 구매 확률이 높다고 판단됩니다."", ""monthly_purchase_frequency"": 3}}",
리챔 오믈레햄 200g|306,리챔 오믈레햄 200g,306,,Expecting value: line 2 column 512 (char 512)
리챔 오믈레햄 200g|305,리챔 오믈레햄 200g,305,,Expecting value: line 2 column 512 (char 512)
리챔 오믈레햄 200g|304,리챔 오믈레햄 200g,304,,Expecting value: line 2 column 512 (char 512)
리챔 오믈레햄 200g|307,리챔 오믈레햄 200g,307,,Expecting value: line 2 column 512 (char 512)
리챔 오믈레햄 200g|312,리챔 오믈레햄 200g,312,"{""product_name"": ""리챔 오믈레햄 200g"", ""persona_key"": 312, ""purchase_behavior_prediction"": {""purchase_probability_pct"": 85, ""reason"": ""이 페르소나는 '건강 지향성'이 가장 높은 소비자로, 건강과 편리성을 최우선으로 고려합니다. '리챔 오믈레햄'은 낮은 칼로리와 간편함을 제공하여 이 소비자의 요구에 부합합니다. 또한, 1인 가구로서 간편한 식사를 선호하는 경향이 있어 제품의 매력을 더욱 높입니다. 가격이 5,080원으로 적당한 수준이며, 브랜드 충성도가 높지 않지만 건강을 고려한 제품에 대해서는 기꺼이 지출할 의향이 있습니다. 따라서 이 소비자는 이 제품을 구매할 가능성이 높습니다."", ""monthly_purchase_frequency"": 2}}",
리챔 오믈레햄 200g|308,리챔 오믈레햄 200g,308,,Expecting value: line 2 column 512 (char 512)
리챔 오믈레햄 200g|302,리챔 오믈레햄 200g,302,,Expecting value: line 2 column 512 (char 512)
리챔 오믈레햄 200g|309,리챔 오믈레햄 200g,309,,Expecting value: line 2 column 512 (char 512)
리챔 오믈레햄 200g|310,리챔 오믈레햄 200g,310,,Expecting value: line 2 column 512 (char 512)
리챔 오믈레햄 200g|311,리챔 오믈레햄 200g,311,,Expecting value: line 2 column 512 (char 512)
리챔 오믈레햄 200g|313,리챔 오믈레햄 200g,313,,Expecting value: line 2 column 512 (char 512)
리챔 오믈레햄 200g|315,리챔 오믈레햄 200g,315,,Expecting value: line 2 column 512 (char 512)
리챔 오믈레햄 200g|317,리챔 오믈레햄 200g,317,,Expecting value: line 2 column 512 (char 512)
리챔 오믈레햄 200g|314,리챔 오믈레햄 200g,314,,Expecting value: line 2 column 512 (char 512)
리챔 오믈레햄 200g|316,리챔 오믈레햄 200g,316,,Expecting value: line 2 column 512 (char 512)
리챔 오믈레햄 200g|318,리챔 오믈레햄 200g,318,,Expecting value: line 2 column 512 (char 512)
리챔 오믈레햄 200g|323,리챔 오믈레햄 200g,323,,Expecting value: line 2 column 512 (char 512)
리챔 오믈레햄 200g|319,리챔 오믈레햄 200g,319,,Expecting value: line 2 column 512 (char 512)
리챔 오믈레햄 200g|321,리챔 오믈레햄 200g,321,,Expecting value: line 2 column 512 (char 512)
리챔 오믈레햄 200g|320,리챔 오믈레햄 200g,320,,Expecting value: line 2 column 512 (char 512)
리챔 오믈레햄 200g|322,리챔 오믈레햄 200g,322,,Expecting value: line 2 column 512 (char 512)
리챔 오믈레햄 200g|325,리챔 오믈레햄 200g,325,"{""product_name"": ""리챔 오믈레햄 200g"", ""persona_key"": 325, ""purchase_behavior_prediction"": {""purchase_probability_pct"": 85, ""reason"": ""이 페르소나는 프리미엄 지향성이 매우 높고 건강을 최우선으로 고려하는 소비자입니다. 리챔 오믈레햄은 간편함과 낮은 칼로리, 고소한 맛을 제공하여 건강과 편리성을 동시에 만족시킵니다. 또한, 가격에 대한 민감도가 낮아 5,080원의 가격이 큰 부담이 되지 않을 것입니다. 이 소비자는 브랜드 충성도가 높아 동원 F&B와 같은 신뢰할 수 있는 브랜드의 제품에 기꺼이 지출할 가능성이 큽니다. 따라서, 이 제품은 그녀의 요구를 충족시키는 데 적합합니다."", ""monthly_purchase_frequency"": 3}}",
리챔 오믈레햄 200g|326,리챔 오믈레햄 200g,326,"{""product_name"": ""리챔 오믈레햄 200g"", ""persona_key"": 326, ""purchase_behavior_prediction"": {""purchase_probability_pct"": 85, ""reason"": ""이 페르소나는 건강을 최우선으로 고려하는 소비자로, HMR(가정간편식)에 대한 선호도가 매우 높습니다. 제품의 간편함과 낮은 칼로리, 고소한 맛은 그녀의 건강 지향적인 라이프스타일에 잘 맞아떨어집니다. 또한, 2세대 가족을 이루고 있는 주부로서, 간편한 조리 방식은 가족의 식사 준비에 큰 도움이 될 것입니다. 가격에 대한 민감도가 낮고, 브랜드 충성도가 있는 점도 긍정적입니다. 시장 경쟁 환경에 대한 정보가 없지만, 제품의 특성과 페르소나의 특성을 고려할 때, 이 제품은 그녀에게 매력적일 것입니다."", ""monthly_purchase_frequency"": 3}}",
리챔 오믈레햄 200g|324,리챔 오믈레햄 200g,324,,Expecting value: line 2 column 512 (char 512)
리챔 오믈레햄 200g|327,리챔 오믈레햄 200g,327,"{""product_name"": ""리챔 오믈레햄 200g"", ""persona_key"": 327, ""purchase_behavior_prediction"": {""purchase_probability_pct"": 85, ""reason"": ""이 소비자는 건강을 최우선으로 고려하는 '건강 추구형 소비자'로, HMR(가정간편식)에 대한 선호도가 높습니다. 제품의 간편함과 낮은 칼로리, 고소한 맛은 이 소비자의 건강 지향성과 편리함을 동시에 충족시킵니다. 또한, 가격에 대한 민감도가 낮아 프리미엄 제품에 대한 수용성이 높습니다. 따라서, 리챔 오믈레햄은 이 소비자에게 매우 매력적인 선택이 될 것입니다."", ""monthly_purchase_frequency"": 2}}",
리챔 오믈레햄 200g|329,리챔 오믈레햄 200g,329,"{""product_name"": ""리챔 오믈레햄 200g"", ""persona_key"": 329, ""purchase_behavior_prediction"": {""purchase_probability_pct"": 85, ""reason"": ""이 페르소나는 HMR(가정간편식)에 대한 높은 선호도를 보이고 있으며, 이는 간편함과 요리 편리성을 중시하는 특성과 잘 맞아떨어집니다. 제품의 특징인 '간편함'과 '낮은 칼로리'는 60대 이상의 소비자에게 건강과 편리함을 동시에 제공하여 매력적입니다. 또한, '고소한 맛'은 다양한 요리에 활용될 수 있어 이 소비자의 다양한 요리 욕구를 충족시킬 수 있습니다. 가격이 5,080원으로 적당한 수준이며, 가격 민감도가 낮은 편이기 때문에 가격에 대한 부담이 적습니다. 따라서 이 소비자는 제품을 구매할 가능성이 높습니다."", ""monthly_purchase_frequency"": 3}}",
리챔 오믈레햄 200g|331,리챔 오믈레햄 200g,331,"{""product_name"": ""리챔 오믈레햄 200g"", ""persona_key"": 331, ""purchase_behavior_prediction"": {""purchase_probability_pct"": 85, ""reason"": ""이 소비자는 HMR(가정간편식)에 대한 높은 선호도를 가지고 있으며, 이는 0.9167로 매우 높습니다. 제품의 간편함과 낮은 칼로리는 그녀의 요리 편의성 선호도(0.7125)와 잘 맞아떨어집니다. 또한, 2세대 가족으로서 간편하고 맛있는 식사를 선호할 가능성이 높습니다. 브랜드 충성도도 높아(0.7388) 동원 F&B와 같은 신뢰할 수 있는 브랜드의 제품을 선택할 가능성이 큽니다. 시장 경쟁 환경에 대한 정보가 없지만, 현재의 제품 가격(5,080원)은 그녀의 가격 민감도(0.2950)와 비교했을 때 상대적으로 수용 가능한 수준으로 보입니다. 따라서, 이 소비자는 리챔 오믈레햄을 구매할 가능성이 매우 높습니다."", ""monthly_purchase_frequency"": 3}}",
리챔 오믈레햄 200g|334,리챔 오믈레햄 200g,334,"{""product_name"": ""리챔 오믈레햄 200g"", ""persona_key"": 334, ""purchase_behavior_prediction"": {""purchase_probability_pct"": 85, ""reason"": ""이 소비자는 '건강 추구형 소비자'로, HMR(가정간편식)에 대한 선호도가 매우 높습니다(0.804). 제품의 간편함과 낮은 칼로리, 고소한 맛은 그의 건강 지향성과 편리함을 중시하는 특성과 잘 맞아떨어집니다. 또한, 가격에 대한 민감도가 낮아(0.335) 5,080원의 가격은 그에게 부담이 되지 않으며, 프리미엄 제품에 대한 수용도가 높기 때문에 이 제품을 구매할 가능성이 큽니다. 광고가 없다는 점은 그에게는 큰 영향을 미치지 않을 것으로 보입니다."", ""monthly_purchase_frequency"": 3}}",
리챔 오믈레햄 200g|332,리챔 오믈레햄 200g,332,,Expecting value: line 2 column 512 (char 512)
리챔 오믈레햄 200g|330,리챔 오믈레햄 200g,330,,Expecting value: line 2 column 512 (char 512)
리챔 오믈레햄 200g|328,리챔 오믈레햄 200g,328,,Expecting value: line 2 column 512 (char 512)
리챔 오믈레햄 200g|333,리챔 오믈레햄 200g,333,,Expecting value: line 2 column 512 (char 512)
리챔 오믈레햄 200g|335,리챔 오믈레햄 200g,335,,Expecting value: line 2 column 512 (char 512)
리챔 오믈레햄 200g|339,리챔 오믈레햄 200g,339,"{""product_name"": ""리챔 오믈레햄 200g"", ""persona_key"": 339, ""purchase_behavior_prediction"": {""purchase_probability_pct"": 85, ""reason"": ""이 페르소나는 건강을 최우선으로 고려하는 소비자로, HMR(가정간편식)에 대한 높은 선호도를 가지고 있습니다. '리챔 오믈레햄'은 간편함과 낮은 칼로리, 고소한 맛을 제공하여 이 소비자의 요구에 부합합니다. 또한, 1인 가구로서 간편한 식사를 선호하는 점도 긍정적 요인입니다. 가격이 5,080원으로 적당한 수준이며, 프리미엄 제품에 대한 수용성이 높아 가격에 대한 민감도는 낮습니다. 광고가 없는 점은 소비자에게 신뢰를 줄 수 있으며, 이러한 요소들이 결합되어 높은 구매 확률을 나타냅니다."", ""monthly_purchase_frequency"": 3}}",
리챔 오믈레햄 200g|340,리챔 오믈레햄 200g,340,"{""product_name"": ""리챔 오믈레햄 200g"", ""persona_key"": 340, ""purchase_behavior_prediction"": {""purchase_probability_pct"": 85, ""reason"": ""이 소비자는 '건강 추구형 소비자'로, HMR(가정간편식)에 대한 높은 선호도를 가지고 있습니다. 제품의 간편함과 낮은 칼로리는 그의 건강 지향적인 성향과 잘 맞아떨어지며, 고소한 맛은 프리미엄 지향성을 충족시킵니다. 또한, 1인 가구로서 간편한 식사를 선호하는 특성도 이 제품의 매력을 높입니다. 가격에 대한 민감도가 낮은 편이기 때문에, 5,080원의 가격은 그에게 큰 부담이 되지 않을 것입니다. 따라서 이 소비자는 이 제품을 구매할 가능성이 높습니다."", ""monthly_purchase_frequency"": 3}}",
리챔 오믈레햄 200g|336,리챔 오믈레햄 200g,336,,Expecting value: line 2 column 512 (char 512)
리챔 오믈레햄 200g|341,리챔 오믈레햄 200g,341,,Expecting value: line 2 column 512 (char 512)
리챔 오믈레햄 200g|337,리챔 오믈레햄 200g,337,,Expecting value: line 2 column 512 (char 512)
리챔 오믈레햄 200g|338,리챔 오믈레햄 200g,338,,Expecting value: line 2 column 512 (char 512)
리챔 오믈레햄 200g|344,리챔 오믈레햄 200g,344,,Expecting value: line 2 column 512 (char 512)
리챔 오믈레햄 200g|347,리챔 오믈레햄 200g,347,,Expecting value: line 2 column 512 (char 512)
리챔 오믈레햄 200g|343,리챔 오믈레햄 200g,343,,Expecting value: line 2 column 512 (char 512)
리챔 오믈레햄 200g|348,리챔 오믈레햄 200g,348,,Expecting value: line 2 column 512 (char 512)
리챔 오믈레햄 200g|342,리챔 오믈레햄 200g,342,,Expecting value: line 2 column 512 (char 512)
리챔 오믈레햄 200g|349,리챔 오믈레햄 200g,349,,Expecting value: line 2 column 512 (char 512)
리챔 오믈레햄 200g|346,리챔 오믈레햄 200g,346,,Expecting value: line 2 column 512 (char 512)
리챔 오믈레햄 200g|350,리챔 오믈레햄 200g,350,,Expecting value: line 2 column 512 (char 512)
리챔 오믈레햄 200g|345,리챔 오믈레햄 200g,345,,Expecting value: line 2 column 512 (char 512)
리챔 오믈레햄 200g|351,리챔 오믈레햄 200g,351,,Expecting value: line 2 column 512 (char 512)
리챔 오믈레햄 200g|352,리챔 오믈레햄 200g,352,,Expecting value: line 2 column 512 (char 512)
리챔 오믈레햄 200g|353,리챔 오믈레햄 200g,353,,Expecting value: line 2 column 512 (char 512)
리챔 오믈레햄 200g|355,리챔 오믈레햄 200g,355,,Expecting value: line 2 column 512 (char 512)
리챔 오믈레햄 200g|357,리챔 오믈레햄 200g,357,,Expecting value: line 2 column 512 (char 512)
리챔 오믈레햄 200g|356,리챔 오믈레햄 200g,356,,Expecting value: line 2 column 512 (char 512)
리챔 오믈레햄 200g|359,리챔 오믈레햄 200g,359,"{""product_name"": ""리챔 오믈레햄 200g"", ""persona_key"": 359, ""purchase_behavior_prediction"": {""purchase_probability_pct"": 85, ""reason"": ""이 페르소나는 '요리 편리성'이 가장 높은 가중치를 가진 속성으로, 간편한 요리를 선호하는 경향이 강합니다. '리챔 오믈레햄'은 간편함과 낮은 칼로리, 고소한 맛을 특징으로 하여, 1인 가구인 이 소비자에게 매우 매력적입니다. 또한, 이 소비자는 브랜드 충성도가 높고, 새로운 제품을 경험하고 공유하려는 경향이 있어, 동원 F&B의 제품에 대한 긍정적인 인식을 가질 가능성이 큽니다. 시장 경쟁 환경에 대한 정보가 부족하지만, 가격이 5,080원으로 적당한 수준이라면, 가격 민감도가 낮은 이 소비자에게는 큰 부담이 되지 않을 것입니다. 따라서, 이 모든 요소를 종합적으로 고려했을 때, 구매 확률은 85%로 예측됩니다."", ""monthly_purchase_frequency"": 3}}",
리챔 오믈레햄 200g|354,리챔 오믈레햄 200g,354,,Expecting value: line 2 column 512 (char 512)
리챔 오믈레햄 200g|362,리챔 오믈레햄 200g,362,"{""product_name"": ""리챔 오믈레햄 200g"", ""persona_key"": 362, ""purchase_behavior_prediction"": {""purchase_probability_pct"": 85, ""reason"": ""페르소나의 HMR 선호도가 매우 높아(0.88), 간편한 조리와 맛을 중시하는 소비자입니다. 제품의 '간편함'과 '고소한 맛'은 그녀의 요리 편리성 요구를 충족시키며, 2세대 가족을 위한 적합한 선택이 될 것입니다. 가격은 5,080원으로, 가격 민감도가 중간(0.50)인 그녀에게는 적당한 수준입니다. 따라서 이 제품은 그녀의 구매 결정에 긍정적인 영향을 미칠 것입니다."", ""monthly_purchase_frequency"": 3}}",
리챔 오믈레햄 200g|360,리챔 오믈레햄 200g,360,,Expecting value: line 2 column 512 (char 512)
리챔 오믈레햄 200g|361,리챔 오믈레햄 200g,361,,Expecting value: line 2 column 512 (char 512)
리챔 오믈레햄 200g|363,리챔 오믈레햄 200g,363,,Expecting value: line 2 column 512 (char 512)
리챔 오믈레햄 200g|358,리챔 오믈레햄 200g,358,,Expecting value: line 2 column 512 (char 512)
리챔 오믈레햄 340g|2,리챔 오믈레햄 340g,2,,Expecting value: line 2 column 512 (char 512)
리챔 오믈레햄 340g|1,리챔 오믈레햄 340g,1,,Expecting value: line 2 column 512 (char 512)
리챔 오믈레햄 340g|6,리챔 오믈레햄 340g,6,,Expecting value: line 2 column 512 (char 512)
리챔 오믈레햄 340g|3,리챔 오믈레햄 340g,3,,Expecting value: line 2 column 512 (char 512)
리챔 오믈레햄 340g|4,리챔 오믈레햄 340g,4,,Expecting value: line 2 column 512 (char 512)
리챔 오믈레햄 340g|9,리챔 오믈레햄 340g,9,"{""product_name"": ""리챔 오믈레햄 340g"", ""persona_key"": 9, ""purchase_behavior_prediction"": {""purchase_probability_pct"": 85, ""reason"": ""이 페르소나는 건강을 최우선으로 고려하는 소비자로, HMR(가정간편식)에 대한 선호도가 매우 높습니다. 제품의 간편함과 낮은 칼로리, 고소한 맛은 그의 건강 지향적인 성향과 잘 맞아떨어집니다. 또한, 30대 남성으로서 1인 가구에 속해 있어 간편한 식사를 선호할 가능성이 높습니다. 가격에 대한 민감도가 낮고, 브랜드 충성도도 어느 정도 있어 동원 F&B의 제품에 긍정적인 인식을 가지고 있을 것입니다. 이러한 요소들이 결합되어 이 제품에 대한 구매 확률을 높이고 있습니다."", ""monthly_purchase_frequency"": 3}}",
리챔 오믈레햄 340g|7,리챔 오믈레햄 340g,7,,Expecting value: line 2 column 512 (char 512)
리챔 오믈레햄 340g|5,리챔 오믈레햄 340g,5,,Expecting value: line 2 column 512 (char 512)
리챔 오믈레햄 340g|8,리챔 오믈레햄 340g,8,,Expecting value: line 2 column 512 (char 512)
리챔 오믈레햄 340g|15,리챔 오믈레햄 340g,15,"{""product_name"": ""리챔 오믈레햄 340g"", ""persona_key"": 15, ""purchase_behavior_prediction"": {""purchase_probability_pct"": 75, ""reason"": ""이 페르소나는 '실속형 미식가'로, 편리함과 새로운 맛을 중시합니다. HMR(가정간편식) 선호도가 높아 간편한 조리와 맛을 동시에 제공하는 제품에 매력을 느낍니다. '리챔 오믈레햄'은 간편함, 낮은 칼로리, 고소한 맛을 갖춘 제품으로, 이 소비자의 요구에 잘 부합합니다. 가격은 7,480원으로, 가격 민감도가 중간 수준인 이 소비자에게 적절한 가격대입니다. 광고가 없는 점은 구매 결정에 영향을 미칠 수 있지만, 제품의 특성과 페르소나의 선호도를 고려할 때 구매 확률은 높습니다."", ""monthly_purchase_frequency"": 2}}",
리챔 오믈레햄 340g|13,리챔 오믈레햄 340g,13,,Expecting value: line 2 column 512 (char 512)
리챔 오믈레햄 340g|12,리챔 오믈레햄 340g,12,,Expecting value: line 2 column 512 (char 512)
리챔 오믈레햄 340g|14,리챔 오믈레햄 340g,14,,Expecting value: line 2 column 512 (char 512)
리챔 오믈레햄 340g|10,리챔 오믈레햄 340g,10,,Expecting value: line 2 column 512 (char 512)
리챔 오믈레햄 340g|16,리챔 오믈레햄 340g,16,,Expecting value: line 2 column 512 (char 512)
리챔 오믈레햄 340g|17,리챔 오믈레햄 340g,17,,Expecting value: line 2 column 512 (char 512)
리챔 오믈레햄 340g|18,리챔 오믈레햄 340g,18,,Expecting value: line 2 column 512 (char 512)
리챔 오믈레햄 340g|11,리챔 오믈레햄 340g,11,,Expecting value: line 2 column 512 (char 512)
리챔 오믈레햄 340g|19,리챔 오믈레햄 340g,19,,Expecting value: line 2 column 512 (char 512)
리챔 오믈레햄 340g|22,리챔 오믈레햄 340g,22,"{""product_name"": ""리챔 오믈레햄 340g"", ""persona_key"": 22, ""purchase_behavior_prediction"": {""purchase_probability_pct"": 85, ""reason"": ""이 페르소나는 프리미엄 지향성이 매우 높고, 건강과 편리성을 중시하는 소비자입니다. '리챔 오믈레햄'은 간편함과 낮은 칼로리, 고소한 맛을 제공하여 이 소비자의 요구에 부합합니다. 또한, 가격에 대한 민감도가 낮아 7,480원의 가격이 큰 부담이 되지 않을 것입니다. 따라서 이 제품은 페르소나의 건강 추구형 소비 성향과 잘 맞아떨어지며, 구매 확률이 높습니다."", ""monthly_purchase_frequency"": 2}}",
리챔 오믈레햄 340g|25,리챔 오믈레햄 340g,25,"{""product_name"": ""리챔 오믈레햄 340g"", ""persona_key"": 25, ""purchase_behavior_prediction"": {""purchase_probability_pct"": 85, ""reason"": ""이 페르소나는 건강을 최우선으로 고려하는 소비자로, HMR(가정간편식)에 대한 높은 선호도를 보이고 있습니다. 제품의 특징인 간편함과 낮은 칼로리는 그녀의 건강 지향적인 라이프스타일에 잘 맞아떨어지며, 고소한 맛 또한 매력적입니다. 가격은 7,480원으로, 가격 민감도가 낮은 그녀에게는 큰 부담이 되지 않으며, 프리미엄 제품을 선호하는 경향이 있어 긍정적으로 작용할 것입니다. 광고가 없는 제품이지만, 그녀의 브랜드 충성도와 건강 지향성 덕분에 제품에 대한 신뢰를 가질 가능성이 높습니다."", ""monthly_purchase_frequency"": 3}}",
리챔 오믈레햄 340g|21,리챔 오믈레햄 340g,21,,Expecting value: line 2 column 512 (char 512)
리챔 오믈레햄 340g|23,리챔 오믈레햄 340g,23,,Expecting value: line 2 column 512 (char 512)
리챔 오믈레햄 340g|26,리챔 오믈레햄 340g,26,,Expecting value: line 2 column 512 (char 512)
리챔 오믈레햄 340g|20,리챔 오믈레햄 340g,20,,Expecting value: line 2 column 512 (char 512)
리챔 오믈레햄 340g|29,리챔 오믈레햄 340g,29,,Expecting value: line 2 column 512 (char 512)
리챔 오믈레햄 340g|30,리챔 오믈레햄 340g,30,,Expecting value: line 2 column 512 (char 512)
리챔 오믈레햄 340g|27,리챔 오믈레햄 340g,27,,Expecting value: line 2 column 512 (char 512)
리챔 오믈레햄 340g|31,리챔 오믈레햄 340g,31,,Expecting value: line 2 column 512 (char 512)
리챔 오믈레햄 340g|24,리챔 오믈레햄 340g,24,,Expecting value: line 2 column 512 (char 512)
리챔 오믈레햄 340g|28,리챔 오믈레햄 340g,28,,Expecting value: line 2 column 512 (char 512)
리챔 오믈레햄 340g|35,리챔 오믈레햄 340g,35,"{""product_name"": ""리챔 오믈레햄 340g"", ""persona_key"": 35, ""purchase_behavior_prediction"": {""purchase_probability_pct"": 75, ""reason"": ""이 페르소나는 '실속형 미식가'로, 편리함과 새로운 맛을 중시합니다. HMR(가정간편식) 선호도가 높아 간편한 조리와 맛을 동시에 제공하는 리챔 오믈레햄은 이 소비자에게 매력적입니다. 제품의 특징인 낮은 칼로리와 고소한 맛은 건강을 중시하는 경향과 잘 맞아떨어지며, 가격이 7,480원으로 적당하여 가격에 대한 민감성이 낮은 이 소비자에게 긍정적으로 작용할 것입니다. 또한, 광고가 없는 제품이지만, 편리함과 맛을 중시하는 소비자에게는 오히려 긍정적인 요소로 작용할 수 있습니다."", ""monthly_purchase_frequency"": 2}}",
리챔 오믈레햄 340g|33,리챔 오믈레햄 340g,33,,Expecting value: line 2 column 512 (char 512)
리챔 오믈레햄 340g|34,리챔 오믈레햄 340g,34,,Expecting value: line 2 column 512 (char 512)
리챔 오믈레햄 340g|38,리챔 오믈레햄 340g,38,"{""product_name"": ""리챔 오믈레햄 340g"", ""persona_key"": 38, ""purchase_behavior_prediction"": {""purchase_probability_pct"": 85, ""reason"": ""이 소비자는 건강을 최우선으로 고려하는 '건강 추구형 소비자'로, HMR(가정간편식)에 대한 선호도가 높습니다. 제품의 특징인 간편함과 낮은 칼로리는 그녀의 건강 지향적인 소비 성향과 잘 맞아떨어지며, 고소한 맛은 맛의 만족도를 높여줄 것입니다. 또한, 가격에 대한 민감도가 낮아 7,480원의 가격도 수용 가능할 것으로 보입니다. 광고가 없는 제품이지만, 그녀는 브랜드 충성도가 높고 건강과 편리성을 중시하기 때문에 이 제품을 선택할 가능성이 큽니다."", ""monthly_purchase_frequency"": 4}}",
리챔 오믈레햄 340g|37,리챔 오믈레햄 340g,37,,Expecting value: line 2 column 512 (char 512)
리챔 오믈레햄 340g|32,리챔 오믈레햄 340g,32,,Expecting value: line 2 column 512 (char 512)
리챔 오믈레햄 340g|36,리챔 오믈레햄 340g,36,,Expecting value: line 2 column 512 (char 512)
리챔 오믈레햄 340g|40,리챔 오믈레햄 340g,40,,Expecting value: line 2 column 512 (char 512)
리챔 오믈레햄 340g|41,리챔 오믈레햄 340g,41,,Expecting value: line 2 column 512 (char 512)
리챔 오믈레햄 340g|43,리챔 오믈레햄 340g,43,,Expecting value: line 2 column 512 (char 512)
리챔 오믈레햄 340g|39,리챔 오믈레햄 340g,39,,Expecting value: line 2 column 512 (char 512)
리챔 오믈레햄 340g|42,리챔 오믈레햄 340g,42,,Expecting value: line 2 column 512 (char 512)
리챔 오믈레햄 340g|45,리챔 오믈레햄 340g,45,,Expecting value: line 2 column 512 (char 512)
리챔 오믈레햄 340g|46,리챔 오믈레햄 340g,46,,Expecting value: line 2 column 512 (char 512)
리챔 오믈레햄 340g|44,리챔 오믈레햄 340g,44,,Expecting value: line 2 column 512 (char 512)
리챔 오믈레햄 340g|49,리챔 오믈레햄 340g,49,,Expecting value: line 2 column 512 (char 512)
리챔 오믈레햄 340g|47,리챔 오믈레햄 340g,47,,Expecting value: line 2 column 512 (char 512)
리챔 오믈레햄 340g|51,리챔 오믈레햄 340g,51,"{""product_name"": ""리챔 오믈레햄 340g"", ""persona_key"": 51, ""purchase_behavior_prediction"": {""purchase_probability_pct"": 85, ""reason"": ""이 페르소나는 '건강 추구형 소비자'로, HMR(가정간편식)에 대한 선호도가 매우 높습니다(0.843). 제품의 특징인 '간편함'과 '낮은 칼로리'는 그녀의 건강 지향성과 요리 편리성을 충족시킵니다. 또한, '고소한 맛'은 가족을 위한 식사 준비 시 긍정적인 요소로 작용할 것입니다. 가격은 7,480원으로, 그녀의 가격 민감도(0.321)와 비교했을 때 적당한 수준으로 여겨질 가능성이 높습니다. 따라서 이 제품은 그녀의 구매 결정에 긍정적인 영향을 미칠 것으로 예상됩니다."", ""monthly_purchase_frequency"": 2}}",
리챔 오믈레햄 340g|48,리챔 오믈레햄 340g,48,,Expecting value: line 2 column 512 (char 512)
리챔 오믈레햄 340g|54,리챔 오믈레햄 340g,54,"{""product_name"": ""리챔 오믈레햄 340g"", ""persona_key"": 54, ""purchase_behavior_prediction"": {""purchase_probability_pct"": 85, ""reason"": ""이 페르소나는 HMR(가정식 대체식품)에 대한 높은 선호도를 가지고 있으며(0.7649), 이는 간편함과 빠른 조리를 중시하는 경향을 나타냅니다. 제품의 특징인 '간편함'과 '낮은 칼로리'는 그녀의 건강 지향성과 요리 편의성 선호도(0.5115)와 잘 맞아떨어집니다. 또한, 30대 기혼 여성으로서 2세대 가족을 둔 그녀는 가족을 위한 건강하고 간편한 식사를 찾고 있을 가능성이 높습니다. 가격에 대한 민감도가 낮은 편(0.2725)인 점도 긍정적입니다. 시장 경쟁 환경에 대한 정보가 없지만, 동원 F&B 브랜드에 대한 충성도가 높아(0.6888) 제품에 대한 신뢰를 가지고 있을 것입니다. 이러한 요소들이 결합되어 이 제품에 대한 구매 확률을 높이고 있습니다."", ""monthly_purchase_frequency"": 2}}",
리챔 오믈레햄 340g|52,리챔 오믈레햄 340g,52,,Expecting value: line 2 column 512 (char 512)
리챔 오믈레햄 340g|50,리챔 오믈레햄 340g,50,,Expecting value: line 2 column 512 (char 512)
리챔 오믈레햄 340g|55,리챔 오믈레햄 340g,55,,Expecting value: line 2 column 512 (char 512)
리챔 오믈레햄 340g|56,리챔 오믈레햄 340g,56,,Expecting value: line 2 column 512 (char 512)
리챔 오믈레햄 340g|53,리챔 오믈레햄 340g,53,,Expecting value: line 2 column 512 (char 512)
리챔 오믈레햄 340g|57,리챔 오믈레햄 340g,57,,Expecting value: line 2 column 512 (char 512)
리챔 오믈레햄 340g|62,리챔 오믈레햄 340g,62,"{""product_name"": ""리챔 오믈레햄 340g"", ""persona_key"": 62, ""purchase_behavior_prediction"": {""purchase_probability_pct"": 75, ""reason"": ""이 소비자는 '실속형 미식가'로, 편리함과 새로운 맛을 중시합니다. HMR 선호도가 높아(0.7649), 간편한 조리와 고소한 맛을 제공하는 리챔 오믈레햄은 그의 요구에 잘 부합합니다. 가격이 7,480원으로, 가격 민감도가 중간(0.4162)인 소비자에게 적절한 수준이며, 1인 가구로서 간편한 식사를 선호하는 점도 긍정적입니다. 광고가 없지만, 제품의 특성과 소비자의 성향이 잘 맞아 구매 확률이 높습니다."", ""monthly_purchase_frequency"": 2}}",
리챔 오믈레햄 340g|59,리챔 오믈레햄 340g,59,,Expecting value: line 2 column 512 (char 512)
리챔 오믈레햄 340g|63,리챔 오믈레햄 340g,63,"{""product_name"": ""리챔 오믈레햄 340g"", ""persona_key"": 63, ""purchase_behavior_prediction"": {""purchase_probability_pct"": 85, ""reason"": ""이 소비자는 건강을 최우선으로 고려하는 프리미엄 소비자 그룹에 속하며, HMR(가정간편식)에 대한 높은 선호도를 가지고 있습니다. 제품의 특징인 '간편함'과 '낮은 칼로리'는 그의 건강 지향적인 라이프스타일과 잘 맞아떨어지며, 1인 가구로서 간편한 식사를 선호하는 경향이 있습니다. 가격은 7,480원으로, 가격 민감도가 중간 수준인 이 소비자에게는 수용 가능한 범위입니다. 따라서 이 제품은 그의 구매 결정에 긍정적인 영향을 미칠 것입니다."", ""monthly_purchase_frequency"": 3}}",
리챔 오믈레햄 340g|61,리챔 오믈레햄 340g,61,,Expecting value: line 2 column 512 (char 512)
리챔 오믈레햄 340g|60,리챔 오믈레햄 340g,60,,Expecting value: line 2 column 512 (char 512)
리챔 오믈레햄 340g|58,리챔 오믈레햄 340g,58,,Expecting value: line 2 column 512 (char 512)
리챔 오믈레햄 340g|65,리챔 오믈레햄 340g,65,,Expecting value: line 2 column 512 (char 512)
리챔 오믈레햄 340g|69,리챔 오믈레햄 340g,69,"{""product_name"": ""리챔 오믈레햄 340g"", ""persona_key"": 69, ""purchase_behavior_prediction"": {""purchase_probability_pct"": 75, ""reason"": ""이 페르소나는 '실속형 미식가'로, 편리함과 새로운 맛을 중시합니다. HMR 선호도가 높아 간편한 조리와 맛을 동시에 제공하는 제품에 매력을 느낍니다. '리챔 오믈레햄'은 간편함, 낮은 칼로리, 고소한 맛을 특징으로 하여 이 소비자의 요구에 부합합니다. 가격은 7,480원으로, 가격 민감도가 중간인 이 소비자에게 적절한 수준으로 보이며, 브랜드 충성도도 높아 동원 F&B의 제품에 대한 신뢰가 구매를 촉진할 것입니다."", ""monthly_purchase_frequency"": 2}}",
리챔 오믈레햄 340g|68,리챔 오믈레햄 340g,68,,Expecting value: line 2 column 512 (char 512)
리챔 오믈레햄 340g|70,리챔 오믈레햄 340g,70,"{""product_name"": ""리챔 오믈레햄 340g"", ""persona_key"": 70, ""purchase_behavior_prediction"": {""purchase_probability_pct"": 85, ""reason"": ""이 페르소나는 건강을 최우선으로 고려하는 소비자로, HMR(가정간편식)에 대한 선호도가 매우 높습니다. 제품의 특징인 간편함과 낮은 칼로리는 그녀의 건강 지향적인 라이프스타일과 잘 맞아떨어지며, 고소한 맛은 프리미엄 제품을 선호하는 그녀의 취향을 만족시킬 수 있습니다. 가격에 대한 민감도가 낮고, 건강과 편리성을 모두 중시하기 때문에 이 제품에 대한 구매 의향이 매우 높습니다."", ""monthly_purchase_frequency"": 2}}",
리챔 오믈레햄 340g|64,리챔 오믈레햄 340g,64,,Expecting value: line 2 column 512 (char 512)
리챔 오믈레햄 340g|66,리챔 오믈레햄 340g,66,,Expecting value: line 2 column 512 (char 512)
리챔 오믈레햄 340g|67,리챔 오믈레햄 340g,67,,Expecting value: line 2 column 512 (char 512)
리챔 오믈레햄 340g|71,리챔 오믈레햄 340g,71,,Expecting value: line 2 column 512 (char 512)
리챔 오믈레햄 340g|72,리챔 오믈레햄 340g,72,,Expecting value: line 2 column 512 (char 512)
리챔 오믈레햄 340g|73,리챔 오믈레햄 340g,73,,Expecting value: line 2 column 512 (char 512)
리챔 오믈레햄 340g|76,리챔 오믈레햄 340g,76,"{""product_name"": ""리챔 오믈레햄 340g"", ""persona_key"": 76, ""purchase_behavior_prediction"": {""purchase_probability_pct"": 85, ""reason"": ""이 페르소나는 건강을 최우선으로 고려하는 소비자로, HMR(가정간편식) 선호도가 매우 높습니다. 제품의 '간편함'과 '낮은 칼로리'는 그녀의 건강 지향성과 요리 편리성을 충족시켜 주며, '고소한 맛'은 맛에 대한 기대감을 높입니다. 또한, 가격에 대한 민감도가 중간 수준이기 때문에 7,480원의 가격이 부담스럽지 않게 느껴질 것입니다. 광고가 없지만, 제품의 특성과 그녀의 요구가 잘 맞아떨어져 구매 가능성이 높습니다."", ""monthly_purchase_frequency"": 3}}",
리챔 오믈레햄 340g|74,리챔 오믈레햄 340g,74,,Expecting value: line 2 column 512 (char 512)
리챔 오믈레햄 340g|75,리챔 오믈레햄 340g,75,,Expecting value: line 2 column 512 (char 512)
리챔 오믈레햄 340g|82,리챔 오믈레햄 340g,82,"{""product_name"": ""리챔 오믈레햄 340g"", ""persona_key"": 82, ""purchase_behavior_prediction"": {""purchase_probability_pct"": 75, ""reason"": ""이 페르소나는 '요리 편리성'을 가장 중요하게 여기는 소비자로, 간편한 조리와 맛을 동시에 추구합니다. '리챔 오믈레햄'은 간편함과 고소한 맛을 제공하여 이 소비자의 요구에 부합합니다. 또한, 2세대 가족을 둔 기혼 여성으로서, 빠르고 간편한 식사 준비가 중요한데, 이 제품은 그러한 필요를 충족시킵니다. 가격이 7,480원으로 적당한 수준이며, 가격에 대한 민감도가 낮은 편이므로 구매를 고려할 가능성이 높습니다. 따라서, 구매 확률은 75%로 예측됩니다."", ""monthly_purchase_frequency"": 2}}",
리챔 오믈레햄 340g|79,리챔 오믈레햄 340g,79,,Expecting value: line 2 column 512 (char 512)
리챔 오믈레햄 340g|80,리챔 오믈레햄 340g,80,,Expecting value: line 2 column 512 (char 512)
리챔 오믈레햄 340g|81,리챔 오믈레햄 340g,81,,Expecting value: line 2 column 512 (char 512)
리챔 오믈레햄 340g|78,리챔 오믈레햄 340g,78,,Expecting value: line 2 column 512 (char 512)
리챔 오믈레햄 340g|84,리챔 오믈레햄 340g,84,"{""product_name"": ""리챔 오믈레햄 340g"", ""persona_key"": 84, ""purchase_behavior_prediction"": {""purchase_probability_pct"": 75, ""reason"": ""이 페르소나는 '실속형 미식가'로, 편리함과 새로운 맛을 중시하는 소비자입니다. HMR 선호도가 높아 간편한 조리 방법과 맛있는 음식을 선호하며, 리챔 오믈레햄은 이러한 요구를 충족시킵니다. 제품의 특징인 간편함과 고소한 맛은 이 소비자에게 매력적이며, 가격에 대한 민감성도 있지만, 가격이 7,480원으로 적당하다고 판단할 가능성이 높습니다. 따라서, 이 제품은 페르소나의 구매 동기에 잘 부합합니다."", ""monthly_purchase_frequency"": 2}}",
리챔 오믈레햄 340g|77,리챔 오믈레햄 340g,77,,Expecting value: line 2 column 512 (char 512)
리챔 오믈레햄 340g|83,리챔 오믈레햄 340g,83,,Expecting value: line 2 column 512 (char 512)
리챔 오믈레햄 340g|88,리챔 오믈레햄 340g,88,"{""product_name"": ""리챔 오믈레햄 340g"", ""persona_key"": 88, ""purchase_behavior_prediction"": {""purchase_probability_pct"": 75, ""reason"": ""이 페르소나는 '실속형 미식가'로, HMR(가정간편식)에 대한 선호도가 매우 높습니다(0.82). 제품의 간편함과 낮은 칼로리, 고소한 맛은 그녀의 요리 편리성(0.58)과 건강 지향성(0.43)에도 잘 부합합니다. 또한, 2세대 가족을 둔 기혼 여성으로서, 간편한 식사 옵션을 선호할 가능성이 높습니다. 가격에 대한 민감도는 중간 수준(0.52)으로, 제품 가격이 7,480원인 점은 그녀에게 큰 부담이 되지 않을 것입니다. 따라서, 이 제품은 그녀의 구매 결정에 긍정적인 영향을 미칠 것입니다."", ""monthly_purchase_frequency"": 2}}",
리챔 오믈레햄 340g|85,리챔 오믈레햄 340g,85,,Expecting value: line 2 column 512 (char 512)
리챔 오믈레햄 340g|86,리챔 오믈레햄 340g,86,,Expecting value: line 2 column 512 (char 512)
리챔 오믈레햄 340g|87,리챔 오믈레햄 340g,87,,Expecting value: line 2 column 512 (char 512)
리챔 오믈레햄 340g|92,리챔 오믈레햄 340g,92,"{""product_name"": ""리챔 오믈레햄 340g"", ""persona_key"": 92, ""purchase_behavior_prediction"": {""purchase_probability_pct"": 75, ""reason"": ""이 페르소나는 '실속형 미식가'로, 편리함과 새로운 맛을 중시합니다. HMR 선호도가 높아 간편한 식사를 선호하며, 리챔 오믈레햄은 간편함과 고소한 맛을 제공하여 매력적입니다. 또한, 2세대 가족을 둔 기혼 여성으로서, 가족을 위한 건강하고 맛있는 옵션을 찾고 있습니다. 가격에 대한 민감도가 낮아, 7,480원의 가격이 부담스럽지 않게 느껴질 것입니다. 광고가 없는 제품이지만, 제품의 특성과 페르소나의 요구가 잘 맞아떨어져 구매 확률이 높습니다."", ""monthly_purchase_frequency"": 2}}",
리챔 오믈레햄 340g|89,리챔 오믈레햄 340g,89,,Expecting value: line 2 column 512 (char 512)
리챔 오믈레햄 340g|91,리챔 오믈레햄 340g,91,,Expecting value: line 2 column 512 (char 512)
리챔 오믈레햄 340g|94,리챔 오믈레햄 340g,94,,Expecting value: line 2 column 512 (char 512)
리챔 오믈레햄 340g|93,리챔 오믈레햄 340g,93,,Expecting value: line 2 column 512 (char 512)
리챔 오믈레햄 340g|95,리챔 오믈레햄 340g,95,,Expecting value: line 2 column 512 (char 512)
리챔 오믈레햄 340g|96,리챔 오믈레햄 340g,96,,Expecting value: line 2 column 512 (char 512)
리챔 오믈레햄 340g|101,리챔 오믈레햄 340g,101,"{""product_name"": ""리챔 오믈레햄 340g"", ""persona_key"": 101, ""purchase_behavior_prediction"": {""purchase_probability_pct"": 85, ""reason"": ""이 페르소나는 건강 지향성이 매우 높은 소비자로, 제품의 낮은 칼로리와 간편함이 큰 매력으로 작용합니다. 또한, 2세대 가족을 둔 기혼 여성으로서, 가족의 건강을 고려한 식품 선택에 적극적일 가능성이 높습니다. 가격에 대한 민감도가 낮고, 건강과 편리함을 중시하는 특성 덕분에 이 제품이 제공하는 고소한 맛과 간편한 조리 방식이 긍정적으로 작용할 것입니다. 시장 경쟁 환경에서 가격 정보가 제공되지 않았지만, 이 소비자는 가격보다 건강과 편리함을 우선시하므로 가격이 적절하다면 구매할 가능성이 높습니다."", ""monthly_purchase_frequency"": 2}}",
리챔 오믈레햄 340g|99,리챔 오믈레햄 340g,99,"{""product_name"": ""리챔 오믈레햄 340g"", ""persona_key"": 99, ""purchase_behavior_prediction"": {""purchase_probability_pct"": 85, ""reason"": ""이 페르소나는 건강 추구형 소비자로, HMR(가정간편식)에 대한 선호도가 매우 높습니다(0.843). 제품의 특징인 간편함과 낮은 칼로리는 그녀의 건강 지향성과 잘 맞아떨어지며, 고소한 맛 또한 프리미엄 지향성을 충족시킵니다. 가격에 대한 민감도가 낮고(0.389), 브랜드 충성도가 높기 때문에 동원 F&B의 제품에 대한 신뢰가 구매 결정에 긍정적인 영향을 미칠 것입니다. 또한, 광고나 프로모션이 없는 상황에서도 제품의 품질과 편리함이 그녀에게 매력적으로 다가올 것입니다."", ""monthly_purchase_frequency"": 2}}",
리챔 오믈레햄 340g|98,리챔 오믈레햄 340g,98,,Expecting value: line 2 column 512 (char 512)
리챔 오믈레햄 340g|97,리챔 오믈레햄 340g,97,,Expecting value: line 2 column 512 (char 512)
리챔 오믈레햄 340g|100,리챔 오믈레햄 340g,100,,Expecting value: line 2 column 512 (char 512)
리챔 오믈레햄 340g|102,리챔 오믈레햄 340g,102,,Expecting value: line 2 column 512 (char 512)
리챔 오믈레햄 340g|104,리챔 오믈레햄 340g,104,,Expecting value: line 2 column 512 (char 512)
리챔 오믈레햄 340g|103,리챔 오믈레햄 340g,103,,Expecting value: line 2 column 512 (char 512)
리챔 오믈레햄 340g|106,리챔 오믈레햄 340g,106,,Expecting value: line 2 column 512 (char 512)
리챔 오믈레햄 340g|109,리챔 오믈레햄 340g,109,"{""product_name"": ""리챔 오믈레햄 340g"", ""persona_key"": 109, ""purchase_behavior_prediction"": {""purchase_probability_pct"": 85, ""reason"": ""이 페르소나는 '건강 추구형 소비자'로, HMR(가정간편식)에 대한 높은 선호도를 가지고 있습니다. 제품의 특징인 간편함과 낮은 칼로리는 이 소비자의 건강 지향성과 편리함을 중시하는 성향에 잘 맞아떨어집니다. 또한, 2세대 가족을 둔 기혼 여성으로서, 가족의 건강을 고려한 식사 준비에 적합한 제품을 선호할 가능성이 높습니다. 가격은 7,480원으로, 가격 민감도가 중간 수준인 이 소비자에게는 부담스럽지 않은 가격대입니다. 따라서, 이 제품은 그녀의 구매 결정에 긍정적인 영향을 미칠 것입니다."", ""monthly_purchase_frequency"": 2}}",
리챔 오믈레햄 340g|107,리챔 오믈레햄 340g,107,,Expecting value: line 2 column 512 (char 512)
리챔 오믈레햄 340g|110,리챔 오믈레햄 340g,110,"{""product_name"": ""리챔 오믈레햄 340g"", ""persona_key"": 110, ""purchase_behavior_prediction"": {""purchase_probability_pct"": 85, ""reason"": ""이 페르소나는 건강 지향성이 매우 높은 소비자로, 제품의 낮은 칼로리와 간편함이 큰 매력으로 작용할 것입니다. 또한, 2세대 가족을 둔 기혼 여성으로서, 가족의 건강을 고려하여 영양가 있는 식품을 선호할 가능성이 높습니다. 제품이 고급 축산캔으로 분류되어 있어 프리미엄 소비자 그룹에 적합하며, 가격에 대한 민감도가 낮아 7,480원의 가격이 부담스럽지 않을 것입니다. 광고가 없는 점은 브랜드 충성도가 높은 소비자에게는 긍정적일 수 있습니다."", ""monthly_purchase_frequency"": 2}}",
리챔 오믈레햄 340g|105,리챔 오믈레햄 340g,105,,Expecting value: line 2 column 512 (char 512)
리챔 오믈레햄 340g|108,리챔 오믈레햄 340g,108,,Expecting value: line 2 column 512 (char 512)
리챔 오믈레햄 340g|111,리챔 오믈레햄 340g,111,,Expecting value: line 2 column 512 (char 512)
리챔 오믈레햄 340g|112,리챔 오믈레햄 340g,112,,Expecting value: line 2 column 512 (char 512)
리챔 오믈레햄 340g|115,리챔 오믈레햄 340g,115,"{""product_name"": ""리챔 오믈레햄 340g"", ""persona_key"": 115, ""purchase_behavior_prediction"": {""purchase_probability_pct"": 85, ""reason"": ""이 페르소나는 HMR(가정식 대체식품)에 대한 높은 선호도를 가지고 있으며(0.9216), 이는 간편함과 빠른 조리를 중시하는 경향을 반영합니다. 제품의 '간편함'과 '낮은 칼로리'는 그녀의 생활 스타일과 잘 맞아떨어지며, 특히 2세대 가족을 둔 기혼 여성으로서 가족의 건강을 고려한 선택이 가능합니다. 또한, 브랜드 충성도가 높고(0.6045), 다양한 제품을 시도하는 경향이 있어(0.7348) 새로운 제품을 경험하고 공유하려는 욕구가 강합니다. 가격에 대한 민감도가 낮아(0.2291) 7,480원의 가격은 그녀에게 큰 부담이 되지 않을 것입니다. 따라서 이 제품은 그녀의 구매 결정에 긍정적인 영향을 미칠 것입니다."", ""monthly_purchase_frequency"": 2}}",
리챔 오믈레햄 340g|113,리챔 오믈레햄 340g,113,,Expecting value: line 2 column 512 (char 512)
리챔 오믈레햄 340g|114,리챔 오믈레햄 340g,114,,Expecting value: line 2 column 512 (char 512)
리챔 오믈레햄 340g|118,리챔 오믈레햄 340g,118,"{""product_name"": ""리챔 오믈레햄 340g"", ""persona_key"": 118, ""purchase_behavior_prediction"": {""purchase_probability_pct"": 85, ""reason"": ""이 페르소나는 HMR(가정간편식)에 대한 높은 선호도를 가지고 있으며, 이는 0.88로 매우 강한 편입니다. 제품의 특징인 '간편함'과 '낮은 칼로리'는 바쁜 일상 속에서 간편하게 식사를 해결하고자 하는 소비자의 니즈에 잘 부합합니다. 또한, '고소한 맛'은 40대 여성 소비자에게 매력적일 수 있습니다. 이 소비자는 2세대 가족을 이루고 있어 가족의 건강과 편리함을 동시에 고려할 가능성이 높습니다. 가격은 7,480원으로, 가격 민감도가 낮은 편인 이 소비자에게는 적절한 수준으로 판단됩니다. 따라서, 이 제품은 그녀의 구매 결정에 긍정적인 영향을 미칠 것입니다."", ""monthly_purchase_frequency"": 2}}",
리챔 오믈레햄 340g|116,리챔 오믈레햄 340g,116,,Expecting value: line 2 column 512 (char 512)
리챔 오믈레햄 340g|122,리챔 오믈레햄 340g,122,"{""product_name"": ""리챔 오믈레햄 340g"", ""persona_key"": 122, ""purchase_behavior_prediction"": {""purchase_probability_pct"": 75, ""reason"": ""이 페르소나는 HMR(가정간편식)에 대한 높은 선호도를 가지고 있으며, 이는 40대 기혼 여성으로서 바쁜 일상 속에서 간편한 식사를 선호하는 경향과 잘 맞아떨어집니다. 제품의 특징인 '간편함'과 '낮은 칼로리'는 건강을 중시하는 소비자의 요구를 충족시키며, '고소한 맛'은 다양한 요리에 활용할 수 있는 매력을 제공합니다. 또한, 가격이 7,480원으로 적당하여 가격 민감도가 높은 소비자에게도 수용 가능성이 높습니다. 시장 경쟁 환경에 대한 정보가 부족하지만, 현재의 트렌드에 맞춘 제품으로 보아 경쟁 제품들에 비해 매력적인 요소가 많아 구매 확률이 높다고 판단됩니다."", ""monthly_purchase_frequency"": 3}}",
리챔 오믈레햄 340g|117,리챔 오믈레햄 340g,117,,Expecting value: line 2 column 512 (char 512)
리챔 오믈레햄 340g|121,리챔 오믈레햄 340g,121,,Expecting value: line 2 column 512 (char 512)
리챔 오믈레햄 340g|119,리챔 오믈레햄 340g,119,,Expecting value: line 2 column 512 (char 512)
리챔 오믈레햄 340g|120,리챔 오믈레햄 340g,120,,Expecting value: line 2 column 512 (char 512)
리챔 오믈레햄 340g|124,리챔 오믈레햄 340g,124,"{""product_name"": ""리챔 오믈레햄 340g"", ""persona_key"": 124, ""purchase_behavior_prediction"": {""purchase_probability_pct"": 75, ""reason"": ""이 페르소나는 HMR(가정간편식)에 대한 높은 선호도를 보이고 있으며(0.745), 이는 간편함과 시간 절약을 중시하는 경향을 나타냅니다. 제품의 특징인 '간편함'과 '낮은 칼로리'는 그녀의 건강 지향성(0.489)과 잘 맞아떨어지며, 특히 2세대 가족을 둔 기혼 여성으로서 가족의 건강을 고려한 선택을 할 가능성이 높습니다. 또한, 브랜드 충성도(0.569)와 다양한 제품을 시도하려는 경향(0.634)도 구매를 촉진할 수 있는 요소입니다. 가격에 대한 민감도가 낮은 편(0.244)인 점도 긍정적으로 작용할 것입니다. 시장 경쟁 환경이 주어지지 않았으나, 제품의 가격이 7,480원으로 적당한 수준이라면, 그녀는 이 제품을 구매할 가능성이 높습니다."", ""monthly_purchase_frequency"": 2}}",
리챔 오믈레햄 340g|123,리챔 오믈레햄 340g,123,,Expecting value: line 2 column 512 (char 512)
리챔 오믈레햄 340g|125,리챔 오믈레햄 340g,125,,Expecting value: line 2 column 512 (char 512)
리챔 오믈레햄 340g|126,리챔 오믈레햄 340g,126,,Expecting value: line 2 column 512 (char 512)
리챔 오믈레햄 340g|129,리챔 오믈레햄 340g,129,"{""product_name"": ""리챔 오믈레햄 340g"", ""persona_key"": 129, ""purchase_behavior_prediction"": {""purchase_probability_pct"": 85, ""reason"": ""이 페르소나는 HMR(가정간편식) 선호도가 매우 높고(0.82), 2세대 가족을 가진 40대 기혼 여성으로서 간편하고 건강한 식사를 선호합니다. 제품의 특징인 '간편함'과 '낮은 칼로리'는 그녀의 건강 지향성과 요리 편의성을 충족시켜 주며, '고소한 맛'은 가족의 입맛을 사로잡을 수 있습니다. 또한, 브랜드 충성도가 높아(0.71) 동원 F&B와 같은 브랜드에 대한 신뢰가 구매를 더욱 촉진할 것입니다. 시장 경쟁 환경에 대한 정보가 없지만, 이 제품의 가격(7,480원)은 그녀의 가격 민감도(0.35)에 비추어 볼 때 수용 가능한 수준으로 보입니다. 따라서, 이 페르소나는 제품을 구매할 확률이 높고, 월평균 3회 정도 구매할 것으로 예상됩니다."", ""monthly_purchase_frequency"": 3}}",
리챔 오믈레햄 340g|128,리챔 오믈레햄 340g,128,,Expecting value: line 2 column 512 (char 512)
리챔 오믈레햄 340g|127,리챔 오믈레햄 340g,127,,Expecting value: line 2 column 512 (char 512)
리챔 오믈레햄 340g|134,리챔 오믈레햄 340g,134,"{""product_name"": ""리챔 오믈레햄 340g"", ""persona_key"": 134, ""purchase_behavior_prediction"": {""purchase_probability_pct"": 75, ""reason"": ""이 소비자는 '실속형 미식가'로, 편리함과 새로운 맛을 중시합니다. HMR 선호도가 높아 간편한 식사 대체품에 대한 수요가 큽니다. 제품의 특징인 '간편함'과 '낮은 칼로리'는 그의 건강 지향성과 요리 편의성을 충족시킵니다. 가격은 7,480원으로, 가격 민감도가 중간 수준인 이 소비자에게 적절한 가격으로 인식될 가능성이 높습니다. 광고가 없지만, 제품의 품질과 브랜드 충성도가 높아 구매를 유도할 것입니다."", ""monthly_purchase_frequency"": 2}}",
리챔 오믈레햄 340g|130,리챔 오믈레햄 340g,130,,Expecting value: line 2 column 512 (char 512)
리챔 오믈레햄 340g|131,리챔 오믈레햄 340g,131,,Expecting value: line 2 column 512 (char 512)
리챔 오믈레햄 340g|90,리챔 오믈레햄 340g,90,,Expecting value: line 2 column 512 (char 512)
리챔 오믈레햄 340g|132,리챔 오믈레햄 340g,132,"{""product_name"": ""리챔 오믈레햄 340g"", ""persona_key"": 132, ""purchase_behavior_prediction"": {""purchase_probability_pct"": 85, ""reason"": ""페르소나는 HMR(가정간편식)에 대한 높은 선호도를 보이고 있으며, 이는 간편함과 빠른 조리를 중시하는 경향을 나타냅니다. 제품의 특징인 '간편함'과 '낮은 칼로리'는 그녀의 건강 지향성과 요리 편의성을 충족시켜 줄 수 있습니다. 또한, 2세대 가족을 둔 기혼 여성으로서, 가족을 위한 간편한 식사 옵션을 찾고 있을 가능성이 높습니다. 가격은 7,480원으로, 가격 민감도가 낮은 편인 그녀에게는 적당한 수준으로 보이며, 브랜드 충성도도 높아 동원 F&B의 제품에 대한 신뢰가 구매를 촉진할 것입니다. 시장 경쟁 환경에 대한 정보가 없지만, 제품의 고급스러운 이미지와 건강 지향적인 특성은 그녀에게 긍정적으로 작용할 것입니다."", ""monthly_purchase_frequency"": 2}}",
리챔 오믈레햄 340g|133,리챔 오믈레햄 340g,133,,Expecting value: line 2 column 512 (char 512)
리챔 오믈레햄 340g|136,리챔 오믈레햄 340g,136,,Expecting value: line 2 column 512 (char 512)
리챔 오믈레햄 340g|139,리챔 오믈레햄 340g,139,,Expecting value: line 2 column 512 (char 512)
리챔 오믈레햄 340g|137,리챔 오믈레햄 340g,137,,Expecting value: line 2 column 512 (char 512)
리챔 오믈레햄 340g|135,리챔 오믈레햄 340g,135,,Expecting value: line 2 column 512 (char 512)
리챔 오믈레햄 340g|138,리챔 오믈레햄 340g,138,,Expecting value: line 2 column 512 (char 512)
리챔 오믈레햄 340g|141,리챔 오믈레햄 340g,141,"{""product_name"": ""리챔 오믈레햄 340g"", ""persona_key"": 141, ""purchase_behavior_prediction"": {""purchase_probability_pct"": 85, ""reason"": ""이 소비자는 건강을 최우선으로 고려하는 프리미엄 소비자 그룹에 속하며, HMR(가정간편식)에 대한 선호도가 매우 높습니다. 제품의 간편함과 낮은 칼로리는 그의 건강 지향성과 잘 맞아떨어지며, 고소한 맛은 그의 미각을 만족시킬 수 있습니다. 또한, 1인 가구로서 간편한 식사를 선호하는 경향이 있어, 이 제품은 그의 라이프스타일에 적합합니다. 가격이 7,480원으로 다소 높은 편이지만, 가격 민감도가 낮은 소비자이므로 큰 부담이 되지 않을 것입니다. 따라서 이 소비자는 이 제품을 구매할 가능성이 높습니다."", ""monthly_purchase_frequency"": 2}}",
리챔 오믈레햄 340g|140,리챔 오믈레햄 340g,140,,Expecting value: line 2 column 512 (char 512)
리챔 오믈레햄 340g|142,리챔 오믈레햄 340g,142,"{""product_name"": ""리챔 오믈레햄 340g"", ""persona_key"": 142, ""purchase_behavior_prediction"": {""purchase_probability_pct"": 85, ""reason"": ""이 페르소나는 HMR(가정간편식)에 대한 높은 선호도를 가지고 있으며, 이는 0.92로 매우 높습니다. 제품의 간편함과 낮은 칼로리는 1인 가구인 이 소비자에게 매력적입니다. 또한, '트렌드 주도형 소비자'로서 새로운 제품을 경험하고 공유하려는 경향이 강해, 고급축산캔이라는 카테고리의 제품에 대한 호기심과 관심이 높을 것입니다. 가격은 7,480원으로, 가격 민감도가 낮은 편이기 때문에 이 가격대에 대한 저항이 적을 것으로 보입니다. 따라서, 이 소비자는 제품을 구매할 가능성이 매우 높습니다."", ""monthly_purchase_frequency"": 3}}",
리챔 오믈레햄 340g|144,리챔 오믈레햄 340g,144,"{""product_name"": ""리챔 오믈레햄 340g"", ""persona_key"": 144, ""purchase_behavior_prediction"": {""purchase_probability_pct"": 75, ""reason"": ""이 페르소나는 '실속형 미식가'로, 편리함과 맛을 중시하며 새로운 제품을 시도하는 데 적극적입니다. 'HMR 선호도'가 높아 간편한 조리 방법과 낮은 칼로리의 제품에 매력을 느낄 가능성이 큽니다. 리챔 오믈레햄은 간편하게 조리할 수 있으며, 고소한 맛과 건강 지향적인 특성이 이 소비자의 요구에 부합합니다. 가격이 7,480원으로 상대적으로 합리적이며, 가격에 대한 민감도가 낮은 편이기 때문에 긍정적인 구매 결정을 내릴 가능성이 높습니다."", ""monthly_purchase_frequency"": 2}}",
리챔 오믈레햄 340g|143,리챔 오믈레햄 340g,143,"{""product_name"": ""리챔 오믈레햄 340g"", ""persona_key"": 143, ""purchase_behavior_prediction"": {""purchase_probability_pct"": 75, ""reason"": ""이 페르소나는 HMR(가정간편식)에 대한 선호도가 매우 높고, 간편함과 고소한 맛을 중시하는 경향이 있습니다. 제품의 특징인 '간편함'과 '고소한 맛'은 이 소비자에게 매력적이며, 1인 가구로서 간편한 식사를 선호할 가능성이 큽니다. 또한, 50대 남성으로서 건강을 고려한 낮은 칼로리의 제품도 긍정적으로 받아들일 것입니다. 시장 경쟁 환경에 대한 정보가 부족하지만, 브랜드 충성도가 높고 프리미엄 제품에 대한 선호도도 있어, 가격이 7,480원으로 설정된 이 제품은 적절한 가격으로 판단될 가능성이 높습니다. 따라서 이 소비자는 제품을 구매할 확률이 높습니다."", ""monthly_purchase_frequency"": 2}}",
리챔 오믈레햄 340g|145,리챔 오믈레햄 340g,145,,Expecting value: line 2 column 512 (char 512)
리챔 오믈레햄 340g|146,리챔 오믈레햄 340g,146,,Expecting value: line 2 column 512 (char 512)
리챔 오믈레햄 340g|147,리챔 오믈레햄 340g,147,,Expecting value: line 2 column 512 (char 512)
리챔 오믈레햄 340g|149,리챔 오믈레햄 340g,149,,Expecting value: line 2 column 512 (char 512)
리챔 오믈레햄 340g|152,리챔 오믈레햄 340g,152,"{""product_name"": ""리챔 오믈레햄 340g"", ""persona_key"": 152, ""purchase_behavior_prediction"": {""purchase_probability_pct"": 75, ""reason"": ""이 페르소나는 '실속형 미식가'로, 편리함과 새로운 맛을 중시하는 소비자입니다. HMR(가정식 대체식품)에 대한 높은 선호도(0.804)로 인해, 간편하고 맛있는 제품인 리챔 오믈레햄은 매력적입니다. 제품의 특징인 간편함과 고소한 맛은 이 소비자의 요리 편리성 요구와 잘 맞아떨어지며, 가격(7,480원) 또한 적절한 수준으로 보입니다. 가격에 대한 민감도가 중간(0.424)인 점도 긍정적입니다. 따라서 이 소비자는 제품을 구매할 가능성이 높습니다."", ""monthly_purchase_frequency"": 2}}",
리챔 오믈레햄 340g|150,리챔 오믈레햄 340g,150,,Expecting value: line 2 column 512 (char 512)
리챔 오믈레햄 340g|154,리챔 오믈레햄 340g,154,"{""product_name"": ""리챔 오믈레햄 340g"", ""persona_key"": 154, ""purchase_behavior_prediction"": {""purchase_probability_pct"": 75, ""reason"": ""페르소나는 '요리 편리성'을 가장 중요하게 생각하는 소비자로, 간편한 조리와 맛을 동시에 추구합니다. '리챔 오믈레햄'은 간편함과 낮은 칼로리, 고소한 맛을 제공하여 이 소비자의 요구에 부합합니다. 또한, 이 소비자는 새로운 맛을 시도하는 데 적극적이므로, 제품의 매력적인 특성이 긍정적으로 작용할 것입니다. 가격은 7,480원으로, 가격 민감도가 중간 수준인 페르소나에게 적당한 가격으로 인식될 가능성이 높습니다. 따라서, 이 제품은 페르소나의 구매 결정에 긍정적인 영향을 미칠 것입니다."", ""monthly_purchase_frequency"": 2}}",
리챔 오믈레햄 340g|151,리챔 오믈레햄 340g,151,,Expecting value: line 2 column 512 (char 512)
리챔 오믈레햄 340g|153,리챔 오믈레햄 340g,153,,Expecting value: line 2 column 512 (char 512)
리챔 오믈레햄 340g|158,리챔 오믈레햄 340g,158,"{""product_name"": ""리챔 오믈레햄 340g"", ""persona_key"": 158, ""purchase_behavior_prediction"": {""purchase_probability_pct"": 85, ""reason"": ""이 페르소나는 'HMR 선호도'가 매우 높고, 건강 지향적인 소비자로서 간편하면서도 건강한 식사를 선호합니다. 리챔 오믈레햄은 간편함과 낮은 칼로리, 고소한 맛을 제공하여 이 소비자의 요구에 부합합니다. 또한, 가격에 대한 민감도가 낮아 7,480원의 가격이 부담스럽지 않으며, 브랜드 충성도가 높아 동원 F&B와 같은 브랜드에 대한 신뢰가 구매를 촉진할 것입니다. 시장 경쟁 환경에 대한 정보가 없지만, 이 제품의 특성과 페르소나의 특성을 고려할 때, 구매 확률은 높다고 판단됩니다."", ""monthly_purchase_frequency"": 2}}",
리챔 오믈레햄 340g|155,리챔 오믈레햄 340g,155,,Expecting value: line 2 column 512 (char 512)
리챔 오믈레햄 340g|156,리챔 오믈레햄 340g,156,,Expecting value: line 2 column 512 (char 512)
리챔 오믈레햄 340g|157,리챔 오믈레햄 340g,157,,Expecting value: line 2 column 512 (char 512)
리챔 오믈레햄 340g|160,리챔 오믈레햄 340g,160,"{""product_name"": ""리챔 오믈레햄 340g"", ""persona_key"": 160, ""purchase_behavior_prediction"": {""purchase_probability_pct"": 85, ""reason"": ""이 페르소나는 '건강 추구형 소비자'로, 건강 지향성이 매우 높습니다. 제품의 특징 중 '낮은 칼로리'와 '간편함'은 이 소비자의 주요 구매 동기와 잘 맞아떨어집니다. 또한, 50대 여성으로서 가족의 건강을 고려하는 경향이 강하며, 프리미엄 제품에 대한 수용도가 높습니다. 가격이 7,480원으로 다소 높은 편이지만, 가격 민감도가 낮아 건강과 편리성을 중시하는 이 소비자에게는 큰 문제가 되지 않을 것입니다. 따라서 이 제품은 그녀의 요구를 충족시키며, 구매 확률이 높다고 판단됩니다."", ""monthly_purchase_frequency"": 2}}",
리챔 오믈레햄 340g|161,리챔 오믈레햄 340g,161,"{""product_name"": ""리챔 오믈레햄 340g"", ""persona_key"": 161, ""purchase_behavior_prediction"": {""purchase_probability_pct"": 85, ""reason"": ""이 페르소나는 건강을 최우선으로 고려하는 소비자로, HMR(가정간편식)에 대한 선호도가 매우 높습니다. 제품의 특징인 간편함과 낮은 칼로리는 그녀의 건강 지향적인 성향과 잘 맞아떨어지며, 고소한 맛 또한 그녀가 선호하는 프리미엄 제품의 특성과 일치합니다. 가격이 7,480원으로 다소 높은 편이지만, 그녀는 가격에 크게 구애받지 않고 건강과 편리성을 중시하기 때문에 이 제품을 구매할 가능성이 높습니다. 또한, 시장 경쟁 환경에 대한 정보가 없지만, 그녀의 브랜드 충성도와 건강 지향성으로 인해 이 제품에 대한 긍정적인 반응을 보일 것입니다."", ""monthly_purchase_frequency"": 2}}",
리챔 오믈레햄 340g|162,리챔 오믈레햄 340g,162,"{""product_name"": ""리챔 오믈레햄 340g"", ""persona_key"": 162, ""purchase_behavior_prediction"": {""purchase_probability_pct"": 85, ""reason"": ""이 페르소나는 '건강 추구형 소비자'로, 건강 지향성이 매우 높고, 간편함과 낮은 칼로리를 중시합니다. 리챔 오믈레햄은 간편하게 조리할 수 있으며, 낮은 칼로리의 특징이 있어 이 소비자의 요구에 잘 부합합니다. 또한, 가격에 대한 민감도가 낮아 7,480원의 가격이 큰 부담이 되지 않을 것입니다. 따라서 이 제품은 건강과 편리성을 모두 만족시키는 요소를 갖추고 있어 구매 확률이 높습니다."", ""monthly_purchase_frequency"": 2}}",
리챔 오믈레햄 340g|159,리챔 오믈레햄 340g,159,,Expecting value: line 2 column 512 (char 512)
리챔 오믈레햄 340g|163,리챔 오믈레햄 340g,163,,Expecting value: line 2 column 512 (char 512)
리챔 오믈레햄 340g|164,리챔 오믈레햄 340g,164,,Expecting value: line 2 column 512 (char 512)
리챔 오믈레햄 340g|165,리챔 오믈레햄 340g,165,,Expecting value: line 2 column 512 (char 512)
리챔 오믈레햄 340g|166,리챔 오믈레햄 340g,166,,Expecting value: line 2 column 512 (char 512)
리챔 오믈레햄 340g|167,리챔 오믈레햄 340g,167,,Expecting value: line 2 column 512 (char 512)
리챔 오믈레햄 340g|168,리챔 오믈레햄 340g,168,,Expecting value: line 2 column 512 (char 512)
리챔 오믈레햄 340g|169,리챔 오믈레햄 340g,169,,Expecting value: line 2 column 512 (char 512)
리챔 오믈레햄 340g|170,리챔 오믈레햄 340g,170,,Expecting value: line 2 column 512 (char 512)
리챔 오믈레햄 340g|171,리챔 오믈레햄 340g,171,"{""product_name"": ""리챔 오믈레햄 340g"", ""persona_key"": 171, ""purchase_behavior_prediction"": {""purchase_probability_pct"": 75, ""reason"": ""이 페르소나는 HMR(가정간편식) 선호도가 높고, 간편함과 건강을 중시하는 경향이 있습니다. 제품의 특징인 '간편함'과 '낮은 칼로리'는 그녀의 요리 편의성과 건강 지향성에 잘 부합합니다. 또한, 브랜드 충성도가 중간 이상으로, 동원 F&B의 제품에 대한 신뢰가 있을 것으로 예상됩니다. 가격이 7,480원으로 다소 높은 편이지만, 가격 민감도가 낮은 편이기 때문에 구매를 고려할 가능성이 높습니다. 시장 경쟁 환경에 대한 정보가 부족하지만, HMR 시장의 성장 추세와 그녀의 트렌드 주도형 소비자 성향을 고려할 때, 새로운 제품을 경험하고 공유하려는 욕구가 강해 구매 확률이 높다고 판단됩니다."", ""monthly_purchase_frequency"": 2}}",
리챔 오믈레햄 340g|172,리챔 오믈레햄 340g,172,,Expecting value: line 2 column 512 (char 512)
리챔 오믈레햄 340g|173,리챔 오믈레햄 340g,173,,Expecting value: line 2 column 512 (char 512)
리챔 오믈레햄 340g|175,리챔 오믈레햄 340g,175,,Expecting value: line 2 column 512 (char 512)
리챔 오믈레햄 340g|176,리챔 오믈레햄 340g,176,,Expecting value: line 2 column 512 (char 512)
리챔 오믈레햄 340g|174,리챔 오믈레햄 340g,174,,Expecting value: line 2 column 512 (char 512)
리챔 오믈레햄 340g|178,리챔 오믈레햄 340g,178,,Expecting value: line 2 column 512 (char 512)
리챔 오믈레햄 340g|177,리챔 오믈레햄 340g,177,,Expecting value: line 2 column 512 (char 512)
리챔 오믈레햄 340g|180,리챔 오믈레햄 340g,180,"{""product_name"": ""리챔 오믈레햄 340g"", ""persona_key"": 180, ""purchase_behavior_prediction"": {""purchase_probability_pct"": 75, ""reason"": ""이 페르소나는 '실속형 미식가'로, 편리함과 새로운 맛을 중시합니다. HMR 선호도가 높아 간편한 식사를 선호하며, 리챔 오믈레햄은 간편함과 고소한 맛을 제공하여 매력적입니다. 가격에 대한 민감도가 낮고, 효율성과 맛을 동시에 추구하기 때문에, 7,480원의 가격도 수용 가능할 것입니다. 또한, 1인 가구로서 간편한 식사 대체품을 찾고 있어 구매 가능성이 높습니다."", ""monthly_purchase_frequency"": 2}}",
리챔 오믈레햄 340g|181,리챔 오믈레햄 340g,181,"{""product_name"": ""리챔 오믈레햄 340g"", ""persona_key"": 181, ""purchase_behavior_prediction"": {""purchase_probability_pct"": 85, ""reason"": ""이 페르소나는 건강을 최우선으로 고려하는 소비자로, HMR(가정간편식)에 대한 선호도가 매우 높습니다. 제품의 간편함과 낮은 칼로리, 고소한 맛은 그녀의 건강 지향적인 라이프스타일에 잘 맞아떨어집니다. 또한, 50대 주부로서 1인 가구를 이루고 있어 간편한 식사 대체품을 선호할 가능성이 큽니다. 가격에 대한 민감도가 낮아 프리미엄 제품에 대한 수용력이 높으며, 브랜드 충성도도 어느 정도 있어 동원 F&B와 같은 브랜드에 대한 신뢰를 가지고 있습니다. 이러한 요소들이 결합되어 이 제품에 대한 구매 확률이 높다고 판단됩니다."", ""monthly_purchase_frequency"": 2}}",
리챔 오믈레햄 340g|179,리챔 오믈레햄 340g,179,,Expecting value: line 2 column 512 (char 512)
리챔 오믈레햄 340g|185,리챔 오믈레햄 340g,185,,Expecting value: line 2 column 512 (char 512)
리챔 오믈레햄 340g|182,리챔 오믈레햄 340g,182,,Expecting value: line 2 column 512 (char 512)
리챔 오믈레햄 340g|184,리챔 오믈레햄 340g,184,,Expecting value: line 2 column 512 (char 512)
리챔 오믈레햄 340g|186,리챔 오믈레햄 340g,186,,Expecting value: line 2 column 512 (char 512)
리챔 오믈레햄 340g|183,리챔 오믈레햄 340g,183,,Expecting value: line 2 column 512 (char 512)
리챔 오믈레햄 340g|189,리챔 오믈레햄 340g,189,"{""product_name"": ""리챔 오믈레햄 340g"", ""persona_key"": 189, ""purchase_behavior_prediction"": {""purchase_probability_pct"": 75, ""reason"": ""이 페르소나는 '실속형 미식가'로, 편리함과 새로운 맛을 중시합니다. HMR 선호도가 높아 간편한 조리와 맛을 동시에 제공하는 리챔 오믈레햄은 그녀의 요구를 충족시킵니다. 또한, 건강 지향적인 소비 성향이 있어 낮은 칼로리와 고소한 맛이 매력적으로 작용할 것입니다. 가격에 대한 민감도가 낮아 7,480원의 가격도 수용 가능할 것으로 보입니다. 시장 경쟁 환경이 명시되어 있지 않지만, 제품의 특성과 페르소나의 특성이 잘 맞아떨어져 구매 확률이 높다고 판단됩니다."", ""monthly_purchase_frequency"": 2}}",
리챔 오믈레햄 340g|190,리챔 오믈레햄 340g,190,"{""product_name"": ""리챔 오믈레햄 340g"", ""persona_key"": 190, ""purchase_behavior_prediction"": {""purchase_probability_pct"": 75, ""reason"": ""이 페르소나는 '실속형 미식가'로, 편리함과 새로운 맛을 중시하는 소비자입니다. HMR 선호도가 높아 간편한 조리법과 맛있는 제품에 대한 수요가 강합니다. '리챔 오믈레햄'은 간편함, 낮은 칼로리, 고소한 맛을 제공하여 이 소비자의 요구에 부합합니다. 또한, 2세대 가족을 둔 주부로서 가족의 건강과 맛을 동시에 고려할 때, 이 제품은 매력적입니다. 가격이 7,480원으로 적당한 수준이며, 가격 민감도가 낮은 편이기 때문에 구매를 망설이지 않을 가능성이 높습니다. 광고가 없는 점은 다소 아쉬울 수 있지만, 제품의 특성과 페르소나의 특성이 잘 맞아떨어져 구매 확률이 높습니다."", ""monthly_purchase_frequency"": 2}}",
리챔 오믈레햄 340g|188,리챔 오믈레햄 340g,188,,Expecting value: line 2 column 512 (char 512)
리챔 오믈레햄 340g|191,리챔 오믈레햄 340g,191,,Expecting value: line 2 column 512 (char 512)
리챔 오믈레햄 340g|187,리챔 오믈레햄 340g,187,,Expecting value: line 2 column 512 (char 512)
리챔 오믈레햄 340g|148,리챔 오믈레햄 340g,148,,Expecting value: line 2 column 512 (char 512)
리챔 오믈레햄 340g|192,리챔 오믈레햄 340g,192,,Expecting value: line 2 column 512 (char 512)
리챔 오믈레햄 340g|194,리챔 오믈레햄 340g,194,,Expecting value: line 2 column 512 (char 512)
리챔 오믈레햄 340g|193,리챔 오믈레햄 340g,193,,Expecting value: line 2 column 512 (char 512)
리챔 오믈레햄 340g|196,리챔 오믈레햄 340g,196,,Expecting value: line 2 column 512 (char 512)
리챔 오믈레햄 340g|195,리챔 오믈레햄 340g,195,,Expecting value: line 2 column 512 (char 512)
리챔 오믈레햄 340g|198,리챔 오믈레햄 340g,198,,Expecting value: line 2 column 512 (char 512)
리챔 오믈레햄 340g|197,리챔 오믈레햄 340g,197,,Expecting value: line 2 column 512 (char 512)
리챔 오믈레햄 340g|200,리챔 오믈레햄 340g,200,,Expecting value: line 2 column 512 (char 512)
리챔 오믈레햄 340g|203,리챔 오믈레햄 340g,203,"{""product_name"": ""리챔 오믈레햄 340g"", ""persona_key"": 203, ""purchase_behavior_prediction"": {""purchase_probability_pct"": 75, ""reason"": ""이 페르소나는 '실속형 미식가'로, 편리함과 새로운 맛을 중시합니다. HMR 선호도가 높아 간편한 조리 방식의 제품에 긍정적인 반응을 보일 것입니다. '리챔 오믈레햄'은 간편함과 낮은 칼로리, 고소한 맛을 제공하여 이 소비자의 요구에 부합합니다. 가격은 7,480원으로, 가격 민감도가 낮은 편인 이 페르소나에게는 적절한 수준으로 판단됩니다. 따라서, 이 제품은 그녀의 구매 결정에 긍정적인 영향을 미칠 것입니다."", ""monthly_purchase_frequency"": 2}}",
리챔 오믈레햄 340g|202,리챔 오믈레햄 340g,202,,Expecting value: line 2 column 512 (char 512)
리챔 오믈레햄 340g|201,리챔 오믈레햄 340g,201,,Expecting value: line 2 column 512 (char 512)
리챔 오믈레햄 340g|199,리챔 오믈레햄 340g,199,,Expecting value: line 2 column 512 (char 512)
리챔 오믈레햄 340g|204,리챔 오믈레햄 340g,204,,Expecting value: line 2 column 512 (char 512)
리챔 오믈레햄 340g|205,리챔 오믈레햄 340g,205,,Expecting value: line 2 column 512 (char 512)
리챔 오믈레햄 340g|206,리챔 오믈레햄 340g,206,,Expecting value: line 2 column 512 (char 512)
리챔 오믈레햄 340g|207,리챔 오믈레햄 340g,207,,Expecting value: line 2 column 512 (char 512)
리챔 오믈레햄 340g|208,리챔 오믈레햄 340g,208,,Expecting value: line 2 column 512 (char 512)
리챔 오믈레햄 340g|209,리챔 오믈레햄 340g,209,,Expecting value: line 2 column 512 (char 512)
리챔 오믈레햄 340g|211,리챔 오믈레햄 340g,211,"{""product_name"": ""리챔 오믈레햄 340g"", ""persona_key"": 211, ""purchase_behavior_prediction"": {""purchase_probability_pct"": 85, ""reason"": ""이 소비자는 건강을 최우선으로 고려하는 프리미엄 소비자로, HMR(가정간편식)에 대한 선호도가 매우 높습니다. 제품의 특징인 '간편함'과 '낮은 칼로리'는 그녀의 건강 지향성과 요리 편리성을 충족시켜 주며, '고소한 맛' 또한 매력적입니다. 가격에 대한 민감도가 낮고, 브랜드 충성도가 높아 동원 F&B와 같은 브랜드의 제품에 긍정적인 반응을 보일 것입니다. 따라서 이 소비자는 제품을 구매할 가능성이 매우 높습니다."", ""monthly_purchase_frequency"": 3}}",
리챔 오믈레햄 340g|212,리챔 오믈레햄 340g,212,"{""product_name"": ""리챔 오믈레햄 340g"", ""persona_key"": 212, ""purchase_behavior_prediction"": {""purchase_probability_pct"": 85, ""reason"": ""이 소비자는 건강 지향성이 매우 높고, 건강과 편리성을 모두 고려하는 프리미엄 소비자입니다. '리챔 오믈레햄'은 낮은 칼로리와 간편함을 제공하여 그녀의 건강 지향적인 요구를 충족시킵니다. 또한, 2세대 가족을 둔 기혼 여성으로서 가족의 건강도 고려할 가능성이 높습니다. 가격에 대한 민감도가 낮아 프리미엄 제품에 대한 수용도가 높습니다. 광고가 없더라도 제품의 특성과 브랜드에 대한 신뢰가 구매를 유도할 것입니다."", ""monthly_purchase_frequency"": 2}}",
리챔 오믈레햄 340g|210,리챔 오믈레햄 340g,210,,Expecting value: line 2 column 512 (char 512)
리챔 오믈레햄 340g|216,리챔 오믈레햄 340g,216,"{""product_name"": ""리챔 오믈레햄 340g"", ""persona_key"": 216, ""purchase_behavior_prediction"": {""purchase_probability_pct"": 75, ""reason"": ""이 페르소나는 건강을 최우선으로 고려하는 프리미엄 소비자 그룹에 속하며, HMR(가정간편식)에 대한 선호도가 높습니다. 제품의 특징인 '간편함'과 '낮은 칼로리'는 이 소비자의 건강 지향성과 잘 맞아떨어지며, 특히 2세대 가족을 둔 기혼 여성으로서 간편한 식사 대체품을 찾고 있을 가능성이 높습니다. 가격에 대한 민감도가 낮아 7,480원의 가격도 수용 가능할 것으로 보입니다. 따라서 이 제품은 그녀의 구매 결정에 긍정적인 영향을 미칠 것입니다."", ""monthly_purchase_frequency"": 2}}",
리챔 오믈레햄 340g|213,리챔 오믈레햄 340g,213,,Expecting value: line 2 column 512 (char 512)
리챔 오믈레햄 340g|214,리챔 오믈레햄 340g,214,,Expecting value: line 2 column 512 (char 512)
리챔 오믈레햄 340g|219,리챔 오믈레햄 340g,219,"{""product_name"": ""리챔 오믈레햄 340g"", ""persona_key"": 219, ""purchase_behavior_prediction"": {""purchase_probability_pct"": 85, ""reason"": ""이 페르소나는 '건강 추구형 소비자'로, HMR(가정간편식)에 대한 선호도가 매우 높습니다(0.843). 제품의 특징인 간편함과 낮은 칼로리는 이 소비자의 건강 지향성과 편리함을 동시에 충족시켜 줄 수 있습니다. 또한, 가격에 대한 민감도가 낮아(0.237) 7,480원의 가격이 큰 부담이 되지 않을 것입니다. 따라서 이 제품은 이 소비자에게 매우 매력적입니다."", ""monthly_purchase_frequency"": 2}}",
리챔 오믈레햄 340g|215,리챔 오믈레햄 340g,215,,Expecting value: line 2 column 512 (char 512)
리챔 오믈레햄 340g|218,리챔 오믈레햄 340g,218,,Expecting value: line 2 column 512 (char 512)
리챔 오믈레햄 340g|221,리챔 오믈레햄 340g,221,"{""product_name"": ""리챔 오믈레햄 340g"", ""persona_key"": 221, ""purchase_behavior_prediction"": {""purchase_probability_pct"": 85, ""reason"": ""이 페르소나는 건강을 최우선으로 고려하는 소비자로, HMR(가정간편식)에 대한 높은 선호도를 보이고 있습니다. 제품의 특징인 간편함과 낮은 칼로리는 그녀의 건강 지향적인 소비 성향과 잘 맞아떨어지며, 고소한 맛은 가족과 함께하는 식사에 적합합니다. 또한, 가격에 대한 민감도가 낮아 프리미엄 제품에 대한 수용성이 높습니다. 시장 경쟁 환경에 대한 정보가 없지만, 건강과 편리성을 동시에 만족시키는 제품에 기꺼이 지갑을 열 가능성이 높습니다."", ""monthly_purchase_frequency"": 2}}",
리챔 오믈레햄 340g|220,리챔 오믈레햄 340g,220,"{""product_name"": ""리챔 오믈레햄 340g"", ""persona_key"": 220, ""purchase_behavior_prediction"": {""purchase_probability_pct"": 85, ""reason"": ""이 페르소나는 '건강 추구형 소비자'로, HMR(가정간편식)에 대한 높은 선호도를 보이고 있습니다. 제품의 특징인 간편함과 낮은 칼로리는 그녀의 건강 지향적인 소비 성향과 잘 맞아떨어지며, 고소한 맛 또한 가족과 함께하는 식사에 적합합니다. 가격에 대한 민감도가 낮고, 브랜드 충성도가 상대적으로 높아 동원 F&B의 제품에 대한 신뢰를 바탕으로 구매할 가능성이 큽니다. 또한, 광고나 프로모션이 없는 제품이지만, 그녀는 건강과 편리성을 중시하기 때문에 이러한 요소가 구매 결정에 긍정적으로 작용할 것입니다."", ""monthly_purchase_frequency"": 3}}",
리챔 오믈레햄 340g|217,리챔 오믈레햄 340g,217,,Expecting value: line 2 column 512 (char 512)
리챔 오믈레햄 340g|223,리챔 오믈레햄 340g,223,"{""product_name"": ""리챔 오믈레햄 340g"", ""persona_key"": 223, ""purchase_behavior_prediction"": {""purchase_probability_pct"": 85, ""reason"": ""이 페르소나는 '건강 추구형 소비자'로, HMR(가정간편식)에 대한 선호도가 높습니다. 제품의 특징인 '간편함'과 '낮은 칼로리'는 그녀의 건강 지향성과 요리 편리성을 충족시킵니다. 또한, 2세대 가족을 둔 기혼 여성으로서 가족의 건강을 고려한 제품 선택이 중요합니다. 가격이 7,480원으로 상대적으로 비싸지 않으며, 브랜드 충성도가 낮지 않기 때문에 동원 F&B의 제품에 긍정적인 인식을 가질 가능성이 높습니다. 광고가 없는 점은 다소 아쉬울 수 있지만, 제품의 특성과 그녀의 가치관이 잘 맞아떨어져 구매 확률이 높습니다."", ""monthly_purchase_frequency"": 2}}",
리챔 오믈레햄 340g|226,리챔 오믈레햄 340g,226,"{""product_name"": ""리챔 오믈레햄 340g"", ""persona_key"": 226, ""purchase_behavior_prediction"": {""purchase_probability_pct"": 85, ""reason"": ""이 페르소나는 '건강 추구형 소비자'로, HMR(가정식 대체식품)에 대한 선호도가 매우 높습니다. 제품의 간편함과 낮은 칼로리는 그녀의 건강 지향적인 성향과 잘 맞아떨어지며, 2세대 가족을 둔 기혼 여성으로서 바쁜 일상 속에서 간편하게 건강한 식사를 준비할 수 있는 점이 매력적입니다. 또한, 브랜드 충성도가 높고 가격에 대한 민감도가 중간 정도인 점도 긍정적입니다. 시장 경쟁 환경에 대한 정보가 없지만, 제품의 프리미엄 성격이 그녀의 소비 성향과 잘 맞아떨어져 구매 가능성이 높다고 판단됩니다."", ""monthly_purchase_frequency"": 3}}",
리챔 오믈레햄 340g|227,리챔 오믈레햄 340g,227,"{""product_name"": ""리챔 오믈레햄 340g"", ""persona_key"": 227, ""purchase_behavior_prediction"": {""purchase_probability_pct"": 85, ""reason"": ""이 페르소나는 건강을 최우선으로 고려하는 소비자로, HMR(가정간편식)에 대한 선호도가 매우 높습니다. 제품의 특징인 '간편함'과 '낮은 칼로리'는 그녀의 건강 지향적인 소비 성향과 잘 맞아떨어지며, 특히 바쁜 일상 속에서 간편하게 식사를 해결할 수 있는 점이 매력적입니다. 또한, 2세대 가족을 둔 기혼 여성으로서 가족의 건강도 고려하기 때문에, 고소한 맛과 같은 품질적인 요소도 긍정적으로 작용할 것입니다. 가격에 대한 민감도가 낮은 편이지만, 가격이 7,480원으로 적당하다고 판단되므로 구매를 주저하지 않을 것입니다."", ""monthly_purchase_frequency"": 2}}",
리챔 오믈레햄 340g|224,리챔 오믈레햄 340g,224,"{""product_name"": ""리챔 오믈레햄 340g"", ""persona_key"": 224, ""purchase_behavior_prediction"": {""purchase_probability_pct"": 85, ""reason"": ""이 페르소나는 '건강 추구형 소비자'로, HMR(가정간편식)에 대한 높은 선호도를 보이고 있습니다. 제품의 간편함과 낮은 칼로리, 고소한 맛은 그녀의 건강 지향성과 요리 편리성을 충족시켜 줄 수 있습니다. 또한, 2세대 가족을 구성하고 있는 만큼, 가족의 건강을 고려한 식품 선택이 중요합니다. 가격이 7,480원으로 다소 높은 편이지만, 건강과 편리성을 중시하는 그녀의 소비 성향에 비추어 볼 때, 가격에 대한 민감도는 상대적으로 낮습니다. 따라서 이 제품은 그녀에게 매우 매력적입니다."", ""monthly_purchase_frequency"": 3}}",
리챔 오믈레햄 340g|222,리챔 오믈레햄 340g,222,,Expecting value: line 2 column 512 (char 512)
리챔 오믈레햄 340g|228,리챔 오믈레햄 340g,228,"{""product_name"": ""리챔 오믈레햄 340g"", ""persona_key"": 228, ""purchase_behavior_prediction"": {""purchase_probability_pct"": 75, ""reason"": ""이 소비자는 'HMR 선호도'가 높고, 건강과 편리성을 중시하는 소비자입니다. 제품의 간편함과 낮은 칼로리, 고소한 맛은 이 소비자의 요구에 잘 부합합니다. 또한, 2세대 가족을 둔 기혼 여성으로서, 가족의 건강을 고려한 식품 선택에 적극적일 가능성이 높습니다. 가격에 대한 민감도가 낮아 프리미엄 제품에 대한 수용도가 높으며, 브랜드 충성도도 어느 정도 있어 동원 F&B와 같은 브랜드의 제품을 선택할 가능성이 큽니다. 시장 경쟁 환경이 복잡하지 않다면, 이 제품에 대한 긍정적인 인식이 구매로 이어질 것입니다."", ""monthly_purchase_frequency"": 2}}",
리챔 오믈레햄 340g|229,리챔 오믈레햄 340g,229,"{""product_name"": ""리챔 오믈레햄 340g"", ""persona_key"": 229, ""purchase_behavior_prediction"": {""purchase_probability_pct"": 85, ""reason"": ""이 소비자는 건강을 최우선으로 고려하는 프리미엄 소비자 그룹에 속하며, HMR(가정간편식)에 대한 선호도가 매우 높습니다. 제품의 특징인 '간편함', '낮은 칼로리', '고소한 맛'은 그녀의 건강 지향성과 요리 편리성을 충족시켜 줄 수 있습니다. 또한, 가격에 대한 민감도가 낮아 프리미엄 제품에 대한 지출을 꺼리지 않기 때문에, 이 제품이 그녀의 구매 리스트에 오를 가능성이 높습니다."", ""monthly_purchase_frequency"": 2}}",
리챔 오믈레햄 340g|225,리챔 오믈레햄 340g,225,,Expecting value: line 2 column 512 (char 512)
리챔 오믈레햄 340g|231,리챔 오믈레햄 340g,231,"{""product_name"": ""리챔 오믈레햄 340g"", ""persona_key"": 231, ""purchase_behavior_prediction"": {""purchase_probability_pct"": 75, ""reason"": ""이 페르소나는 HMR(가정간편식)에 대한 높은 선호도를 보이고 있으며, 이는 50대 기혼 여성으로서 가족을 위한 간편하고 건강한 식사를 중시하는 경향과 잘 맞아떨어집니다. 제품의 '간편함'과 '낮은 칼로리'는 그녀의 요리 편의성과 건강 지향성에 부합하며, '고소한 맛'은 가족 구성원 모두가 선호할 수 있는 요소입니다. 가격은 7,480원으로, 가격 민감도가 낮은 편인 이 소비자에게는 적절한 수준으로 판단됩니다. 또한, 광고가 없는 제품이지만, 그녀는 새로운 제품을 경험하고 공유하려는 경향이 강하므로, 제품에 대한 긍정적인 입소문이 구매를 유도할 수 있습니다."", ""monthly_purchase_frequency"": 2}}",
리챔 오믈레햄 340g|230,리챔 오믈레햄 340g,230,,Expecting value: line 2 column 512 (char 512)
리챔 오믈레햄 340g|232,리챔 오믈레햄 340g,232,,Expecting value: line 2 column 512 (char 512)
리챔 오믈레햄 340g|234,리챔 오믈레햄 340g,234,,Expecting value: line 2 column 512 (char 512)
리챔 오믈레햄 340g|235,리챔 오믈레햄 340g,235,,Expecting value: line 2 column 512 (char 512)
리챔 오믈레햄 340g|236,리챔 오믈레햄 340g,236,,Expecting value: line 2 column 512 (char 512)
리챔 오믈레햄 340g|233,리챔 오믈레햄 340g,233,,Expecting value: line 2 column 512 (char 512)
리챔 오믈레햄 340g|237,리챔 오믈레햄 340g,237,,Expecting value: line 2 column 512 (char 512)
리챔 오믈레햄 340g|238,리챔 오믈레햄 340g,238,,Expecting value: line 2 column 512 (char 512)
리챔 오믈레햄 340g|239,리챔 오믈레햄 340g,239,,Expecting value: line 2 column 512 (char 512)
리챔 오믈레햄 340g|240,리챔 오믈레햄 340g,240,,Expecting value: line 2 column 512 (char 512)
리챔 오믈레햄 340g|241,리챔 오믈레햄 340g,241,,Expecting value: line 2 column 512 (char 512)
리챔 오믈레햄 340g|242,리챔 오믈레햄 340g,242,,Expecting value: line 2 column 512 (char 512)
리챔 오믈레햄 340g|245,리챔 오믈레햄 340g,245,"{""product_name"": ""리챔 오믈레햄 340g"", ""persona_key"": 245, ""purchase_behavior_prediction"": {""purchase_probability_pct"": 85, ""reason"": ""이 페르소나는 HMR(가정간편식) 선호도가 매우 높고(0.96), 이는 간편함과 시간 절약을 중시하는 경향을 나타냅니다. 제품의 '간편함'과 '낮은 칼로리'는 그녀의 건강 지향성과 요리 편의성을 충족시켜 줄 수 있습니다. 또한, 50대 여성으로서 2세대 가족을 둔 기혼자이기 때문에 가족의 식사 준비에 대한 부담을 덜어줄 수 있는 제품에 긍정적인 반응을 보일 것입니다. 가격이 7,480원으로 다소 높은 편이지만, 그녀의 가격 민감도(0.39)가 낮아 가격에 대한 저항이 적습니다. 따라서, 이 제품은 그녀에게 매력적일 것입니다."", ""monthly_purchase_frequency"": 2}}",
리챔 오믈레햄 340g|244,리챔 오믈레햄 340g,244,,Expecting value: line 2 column 512 (char 512)
리챔 오믈레햄 340g|247,리챔 오믈레햄 340g,247,"{""product_name"": ""리챔 오믈레햄 340g"", ""persona_key"": 247, ""purchase_behavior_prediction"": {""purchase_probability_pct"": 85, ""reason"": ""이 페르소나는 HMR(가정간편식) 선호도가 매우 높고(0.98), 50대의 기혼 여성으로서 2세대 가족을 둔 서비스 종사자입니다. 제품의 간편함과 낮은 칼로리, 고소한 맛은 바쁜 일상 속에서 가족을 위해 빠르고 건강한 식사를 준비하려는 그녀의 요구에 부합합니다. 또한, 브랜드 충성도가 높아(0.77) 동원 F&B와 같은 신뢰할 수 있는 브랜드의 제품을 선호할 가능성이 큽니다. 시장 경쟁 환경에 대한 정보가 없지만, 그녀의 가격 민감도(0.50)가 중간 수준이므로 가격이 적절하다면 긍정적으로 작용할 것입니다. 따라서, 이 소비자는 리챔 오믈레햄을 구매할 확률이 높습니다."", ""monthly_purchase_frequency"": 2}}",
리챔 오믈레햄 340g|248,리챔 오믈레햄 340g,248,"{""product_name"": ""리챔 오믈레햄 340g"", ""persona_key"": 248, ""purchase_behavior_prediction"": {""purchase_probability_pct"": 75, ""reason"": ""이 페르소나는 HMR(가정간편식)에 대한 높은 선호도를 가지고 있으며(0.7346), 이는 간편함과 빠른 조리를 중시하는 경향을 나타냅니다. 제품의 특징인 '간편함'과 '낮은 칼로리'는 그녀의 건강 지향성과 요리 편의성을 충족시킬 수 있어 긍정적인 요소로 작용합니다. 또한, 50대의 전문가로서 새로운 제품을 경험하고 공유하려는 경향이 강한 트렌드 주도형 소비자이기 때문에, 리챔 오믈레햄과 같은 고급 축산 캔 제품에 대한 관심이 높을 것입니다. 가격은 7,480원으로, 그녀의 가격 민감도(0.3006)에 비추어 볼 때, 적당한 가격으로 여겨질 가능성이 높습니다. 따라서, 이 소비자는 이 제품을 구매할 확률이 높다고 판단됩니다."", ""monthly_purchase_frequency"": 2}}",
리챔 오믈레햄 340g|243,리챔 오믈레햄 340g,243,,Expecting value: line 2 column 512 (char 512)
리챔 오믈레햄 340g|246,리챔 오믈레햄 340g,246,,Expecting value: line 2 column 512 (char 512)
리챔 오믈레햄 340g|249,리챔 오믈레햄 340g,249,,Expecting value: line 2 column 512 (char 512)
리챔 오믈레햄 340g|250,리챔 오믈레햄 340g,250,,Expecting value: line 2 column 512 (char 512)
리챔 오믈레햄 340g|251,리챔 오믈레햄 340g,251,,Expecting value: line 2 column 512 (char 512)
리챔 오믈레햄 340g|253,리챔 오믈레햄 340g,253,,Expecting value: line 2 column 512 (char 512)
리챔 오믈레햄 340g|257,리챔 오믈레햄 340g,257,"{""product_name"": ""리챔 오믈레햄 340g"", ""persona_key"": 257, ""purchase_behavior_prediction"": {""purchase_probability_pct"": 75, ""reason"": ""이 소비자는 건강을 최우선으로 고려하는 '건강 추구형 소비자'로, HMR(가정간편식)에 대한 높은 선호도를 보입니다. 제품의 간편함과 낮은 칼로리, 고소한 맛은 이 소비자의 건강 지향성과 편리함을 동시에 충족시켜 줄 수 있습니다. 또한, 가격에 대한 민감도가 중간 수준이므로, 7,480원의 가격이 큰 부담이 되지 않을 것으로 판단됩니다. 따라서 이 소비자는 제품의 특성과 자신의 선호도가 잘 맞아떨어져 구매할 가능성이 높습니다."", ""monthly_purchase_frequency"": 2}}",
리챔 오믈레햄 340g|254,리챔 오믈레햄 340g,254,,Expecting value: line 2 column 512 (char 512)
리챔 오믈레햄 340g|255,리챔 오믈레햄 340g,255,,Expecting value: line 2 column 512 (char 512)
리챔 오믈레햄 340g|252,리챔 오믈레햄 340g,252,,Expecting value: line 2 column 512 (char 512)
리챔 오믈레햄 340g|256,리챔 오믈레햄 340g,256,,Expecting value: line 2 column 512 (char 512)
리챔 오믈레햄 340g|260,리챔 오믈레햄 340g,260,"{""product_name"": ""리챔 오믈레햄 340g"", ""persona_key"": 260, ""purchase_behavior_prediction"": {""purchase_probability_pct"": 75, ""reason"": ""이 페르소나는 HMR(가정식 대체식품)에 대한 높은 선호도를 가지고 있으며, 이는 60대 이상 남성으로서 간편하고 빠른 식사를 선호하는 경향과 일치합니다. '리챔 오믈레햄'은 간편함과 낮은 칼로리, 고소한 맛을 특징으로 하여 이 소비자의 요구를 충족시킬 수 있습니다. 또한, 2세대 가족을 둔 기혼 남성으로서 가족과 함께 즐길 수 있는 제품에 대한 관심이 높을 것으로 예상됩니다. 가격이 7,480원으로 적당한 수준이며, 가격 민감도가 낮은 편이기 때문에 구매에 긍정적인 영향을 미칠 것입니다. 시장 경쟁 환경에 대한 정보가 부족하지만, 이 제품의 특성과 페르소나의 특성이 잘 맞아떨어져 구매 확률이 높다고 판단됩니다."", ""monthly_purchase_frequency"": 2}}",
리챔 오믈레햄 340g|263,리챔 오믈레햄 340g,263,"{""product_name"": ""리챔 오믈레햄 340g"", ""persona_key"": 263, ""purchase_behavior_prediction"": {""purchase_probability_pct"": 75, ""reason"": ""이 페르소나는 '실속형 미식가'로, 편리함과 새로운 맛을 중시하는 소비자입니다. HMR(가정간편식) 선호도가 높아, 간편하게 조리할 수 있는 리챔 오믈레햄은 매우 매력적입니다. 제품의 특징인 '간편함', '낮은 칼로리', '고소한 맛'은 이 소비자의 요구에 부합하며, 특히 60대 이상의 주부로서 요리의 편리함을 중시하는 점에서 긍정적입니다. 가격에 대한 민감도가 중간 정도로, 7,480원의 가격은 적정하다고 느낄 가능성이 높습니다. 따라서, 이 소비자는 제품을 구매할 확률이 높습니다."", ""monthly_purchase_frequency"": 2}}",
리챔 오믈레햄 340g|259,리챔 오믈레햄 340g,259,,Expecting value: line 2 column 512 (char 512)
리챔 오믈레햄 340g|258,리챔 오믈레햄 340g,258,,Expecting value: line 2 column 512 (char 512)
리챔 오믈레햄 340g|261,리챔 오믈레햄 340g,261,,Expecting value: line 2 column 512 (char 512)
리챔 오믈레햄 340g|262,리챔 오믈레햄 340g,262,,Expecting value: line 2 column 512 (char 512)
리챔 오믈레햄 340g|264,리챔 오믈레햄 340g,264,,Expecting value: line 2 column 512 (char 512)
리챔 오믈레햄 340g|265,리챔 오믈레햄 340g,265,,Expecting value: line 2 column 512 (char 512)
리챔 오믈레햄 340g|267,리챔 오믈레햄 340g,267,,Expecting value: line 2 column 512 (char 512)
리챔 오믈레햄 340g|268,리챔 오믈레햄 340g,268,,Expecting value: line 2 column 512 (char 512)
리챔 오믈레햄 340g|266,리챔 오믈레햄 340g,266,,Expecting value: line 2 column 512 (char 512)
리챔 오믈레햄 340g|269,리챔 오믈레햄 340g,269,,Expecting value: line 2 column 512 (char 512)
리챔 오믈레햄 340g|273,리챔 오믈레햄 340g,273,"{""product_name"": ""리챔 오믈레햄 340g"", ""persona_key"": 273, ""purchase_behavior_prediction"": {""purchase_probability_pct"": 75, ""reason"": ""이 페르소나는 '실속형 미식가'로, 편리함과 새로운 맛을 중시합니다. HMR 선호도가 높아 간편한 조리 방법과 맛있는 제품에 대한 수요가 큽니다. '리챔 오믈레햄'은 간편함과 고소한 맛을 제공하며, 낮은 칼로리로 건강 지향적인 소비자에게도 매력적입니다. 가격이 7,480원으로 적당한 수준이며, 가격에 대한 민감도가 낮은 편이므로 긍정적으로 받아들일 가능성이 높습니다. 따라서 이 소비자는 이 제품을 구매할 확률이 높습니다."", ""monthly_purchase_frequency"": 2}}",
리챔 오믈레햄 340g|274,리챔 오믈레햄 340g,274,"{""product_name"": ""리챔 오믈레햄 340g"", ""persona_key"": 274, ""purchase_behavior_prediction"": {""purchase_probability_pct"": 75, ""reason"": ""이 페르소나는 '요리 편리성'을 가장 중요하게 생각하는 소비자로, 간편한 조리 방법과 맛을 동시에 추구합니다. '리챔 오믈레햄'은 간편함과 낮은 칼로리, 고소한 맛을 제공하여 이 소비자의 요구에 부합합니다. 또한, 이 소비자는 새로운 맛을 시도하는 데 적극적이므로, 제품의 매력적인 특징이 긍정적으로 작용할 것입니다. 가격은 7,480원으로, 가격 민감도가 낮은 편이지만 여전히 가격에 대한 고려가 필요합니다. 따라서, 제품의 편리함과 맛이 가격을 상쇄할 수 있을 것으로 보입니다."", ""monthly_purchase_frequency"": 2}}",
리챔 오믈레햄 340g|272,리챔 오믈레햄 340g,272,,Expecting value: line 2 column 512 (char 512)
리챔 오믈레햄 340g|271,리챔 오믈레햄 340g,271,,Expecting value: line 2 column 512 (char 512)
리챔 오믈레햄 340g|270,리챔 오믈레햄 340g,270,,Expecting value: line 2 column 512 (char 512)
리챔 오믈레햄 340g|279,리챔 오믈레햄 340g,279,"{""product_name"": ""리챔 오믈레햄 340g"", ""persona_key"": 279, ""purchase_behavior_prediction"": {""purchase_probability_pct"": 85, ""reason"": ""이 페르소나는 건강을 최우선으로 고려하는 소비자로, HMR(가정간편식)에 대한 선호도가 매우 높습니다. 제품의 특징인 '간편함', '낮은 칼로리', '고소한 맛'은 그녀의 건강 지향성과 편리함을 중시하는 성향에 잘 부합합니다. 또한, 가격에 대한 민감도가 낮아, 7,480원의 가격이 그녀에게 큰 부담이 되지 않을 것입니다. 따라서, 이 제품은 그녀의 구매 결정에 긍정적인 영향을 미칠 것입니다."", ""monthly_purchase_frequency"": 2}}",
리챔 오믈레햄 340g|275,리챔 오믈레햄 340g,275,,Expecting value: line 2 column 512 (char 512)
리챔 오믈레햄 340g|276,리챔 오믈레햄 340g,276,,Expecting value: line 2 column 512 (char 512)
리챔 오믈레햄 340g|277,리챔 오믈레햄 340g,277,,Expecting value: line 2 column 512 (char 512)
리챔 오믈레햄 340g|281,리챔 오믈레햄 340g,281,"{""product_name"": ""리챔 오믈레햄 340g"", ""persona_key"": 281, ""purchase_behavior_prediction"": {""purchase_probability_pct"": 85, ""reason"": ""이 페르소나는 건강을 최우선으로 고려하는 소비자로, HMR(가정간편식)에 대한 선호도가 매우 높습니다. 제품의 특징인 '간편함'과 '낮은 칼로리'는 그녀의 건강 지향적인 소비 성향과 잘 맞아떨어지며, 고소한 맛 또한 그녀가 선호하는 요소입니다. 가격이 7,480원으로 설정되어 있지만, 가격 민감도가 중간 정도인 그녀는 건강과 편리성을 중시하기 때문에 이 가격을 수용할 가능성이 높습니다. 또한, 광고가 없는 제품이지만, 그녀는 브랜드 충성도가 낮고 다양한 제품을 시도하는 경향이 있어, 새로운 제품에 대한 호기심이 구매를 유도할 수 있습니다."", ""monthly_purchase_frequency"": 2}}",
리챔 오믈레햄 340g|278,리챔 오믈레햄 340g,278,,Expecting value: line 2 column 512 (char 512)
리챔 오믈레햄 340g|280,리챔 오믈레햄 340g,280,,Expecting value: line 2 column 512 (char 512)
리챔 오믈레햄 340g|285,리챔 오믈레햄 340g,285,"{""product_name"": ""리챔 오믈레햄 340g"", ""persona_key"": 285, ""purchase_behavior_prediction"": {""purchase_probability_pct"": 75, ""reason"": ""이 페르소나는 '건강 추구형 소비자'로, HMR(가정간편식)에 대한 선호도가 높습니다. 제품의 간편함과 낮은 칼로리, 고소한 맛은 그녀의 건강 지향적인 소비 성향과 잘 맞아떨어집니다. 또한, 가격에 대한 민감도가 낮아 프리미엄 제품에 대한 수용력이 높습니다. 시장 경쟁 환경에 대한 정보가 부족하지만, 제품의 특성과 페르소나의 특성을 고려할 때, 이 제품은 그녀에게 매력적일 것입니다."", ""monthly_purchase_frequency"": 2}}",
리챔 오믈레햄 340g|284,리챔 오믈레햄 340g,284,"{""product_name"": ""리챔 오믈레햄 340g"", ""persona_key"": 284, ""purchase_behavior_prediction"": {""purchase_probability_pct"": 75, ""reason"": ""이 페르소나는 '건강 추구형 소비자'로, HMR(가정간편식)에 대한 높은 선호도를 가지고 있습니다. 제품의 특징인 '간편함'과 '낮은 칼로리'는 이 소비자의 건강 지향적인 성향과 잘 맞아떨어지며, 고소한 맛 또한 60대 이상의 소비자에게 매력적일 수 있습니다. 가격은 7,480원으로, 가격 민감도가 낮은 이 소비자에게는 큰 부담이 되지 않을 것으로 예상됩니다. 따라서, 이 제품은 건강과 편리함을 동시에 추구하는 이 소비자에게 긍정적인 요소로 작용할 것입니다."", ""monthly_purchase_frequency"": 2}}",
리챔 오믈레햄 340g|282,리챔 오믈레햄 340g,282,,Expecting value: line 2 column 512 (char 512)
리챔 오믈레햄 340g|287,리챔 오믈레햄 340g,287,"{""product_name"": ""리챔 오믈레햄 340g"", ""persona_key"": 287, ""purchase_behavior_prediction"": {""purchase_probability_pct"": 75, ""reason"": ""이 페르소나는 건강 지향성이 매우 높고, 제품의 낮은 칼로리와 간편함이 큰 매력으로 작용합니다. 또한, 60대 이상의 소비자로서 건강과 편리성을 중시하는 경향이 강해, 리챔 오믈레햄의 고소한 맛과 간편한 조리 방식이 긍정적으로 작용할 것입니다. 가격에 대한 민감도가 낮고, 브랜드 충성도가 중간 이상이기 때문에, 동원 F&B의 제품에 대한 신뢰도 또한 구매를 촉진할 수 있습니다. 현재 시장 경쟁 환경에 대한 정보가 없지만, 건강과 편리성을 중시하는 소비자에게 적합한 제품으로 판단됩니다."", ""monthly_purchase_frequency"": 2}}",
리챔 오믈레햄 340g|286,리챔 오믈레햄 340g,286,,Expecting value: line 2 column 512 (char 512)
리챔 오믈레햄 340g|289,리챔 오믈레햄 340g,289,"{""product_name"": ""리챔 오믈레햄 340g"", ""persona_key"": 289, ""purchase_behavior_prediction"": {""purchase_probability_pct"": 85, ""reason"": ""이 페르소나는 건강을 최우선으로 고려하는 소비자로, HMR(가정간편식) 선호도가 높습니다. '리챔 오믈레햄'은 간편함과 낮은 칼로리, 고소한 맛을 제공하여 이 소비자의 건강 지향적인 요구를 충족시킵니다. 또한, 60대 이상의 주부로서 요리의 편리함을 중시하며, 가격에 대한 민감도가 낮아 프리미엄 제품에 대한 수용성이 높습니다. 시장 경쟁 환경에서 가격 정보가 제공되지 않았지만, 이 소비자는 가격보다 건강과 편리함을 더 중요시하므로, 제품에 대한 긍정적인 반응이 예상됩니다."", ""monthly_purchase_frequency"": 2}}",
리챔 오믈레햄 340g|283,리챔 오믈레햄 340g,283,,Expecting value: line 2 column 512 (char 512)
리챔 오믈레햄 340g|288,리챔 오믈레햄 340g,288,,Expecting value: line 2 column 512 (char 512)
리챔 오믈레햄 340g|290,리챔 오믈레햄 340g,290,,Expecting value: line 2 column 512 (char 512)
리챔 오믈레햄 340g|291,리챔 오믈레햄 340g,291,,Expecting value: line 2 column 512 (char 512)
리챔 오믈레햄 340g|292,리챔 오믈레햄 340g,292,,Expecting value: line 2 column 512 (char 512)
리챔 오믈레햄 340g|294,리챔 오믈레햄 340g,294,,Expecting value: line 2 column 512 (char 512)
리챔 오믈레햄 340g|293,리챔 오믈레햄 340g,293,,Expecting value: line 2 column 512 (char 512)
리챔 오믈레햄 340g|295,리챔 오믈레햄 340g,295,,Expecting value: line 2 column 512 (char 512)
리챔 오믈레햄 340g|297,리챔 오믈레햄 340g,297,,Expecting value: line 2 column 512 (char 512)
리챔 오믈레햄 340g|296,리챔 오믈레햄 340g,296,,Expecting value: line 2 column 512 (char 512)
리챔 오믈레햄 340g|298,리챔 오믈레햄 340g,298,,Expecting value: line 2 column 512 (char 512)
리챔 오믈레햄 340g|299,리챔 오믈레햄 340g,299,,Expecting value: line 2 column 512 (char 512)
리챔 오믈레햄 340g|300,리챔 오믈레햄 340g,300,,Expecting value: line 2 column 512 (char 512)
리챔 오믈레햄 340g|301,리챔 오믈레햄 340g,301,,Expecting value: line 2 column 512 (char 512)
리챔 오믈레햄 340g|302,리챔 오믈레햄 340g,302,,Expecting value: line 2 column 512 (char 512)
리챔 오믈레햄 340g|303,리챔 오믈레햄 340g,303,,Expecting value: line 2 column 512 (char 512)
리챔 오믈레햄 340g|304,리챔 오믈레햄 340g,304,,Expecting value: line 2 column 512 (char 512)
리챔 오믈레햄 340g|308,리챔 오믈레햄 340g,308,"{""product_name"": ""리챔 오믈레햄 340g"", ""persona_key"": 308, ""purchase_behavior_prediction"": {""purchase_probability_pct"": 75, ""reason"": ""이 페르소나는 '실속형 미식가'로, 편리함과 새로운 맛을 중시합니다. HMR 선호도가 높아 간편하게 조리할 수 있는 제품에 대한 수요가 큽니다. '리챔 오믈레햄'은 간편함과 낮은 칼로리, 고소한 맛을 제공하여 이 소비자의 요구에 부합합니다. 가격은 7,480원으로, 가격 민감도가 중간 수준인 이 소비자에게 적절한 가격으로 인식될 가능성이 높습니다. 따라서 이 제품은 이 페르소나에게 매력적일 것입니다."", ""monthly_purchase_frequency"": 2}}",
리챔 오믈레햄 340g|305,리챔 오믈레햄 340g,305,,Expecting value: line 2 column 512 (char 512)
리챔 오믈레햄 340g|306,리챔 오믈레햄 340g,306,,Expecting value: line 2 column 512 (char 512)
리챔 오믈레햄 340g|307,리챔 오믈레햄 340g,307,,Expecting value: line 2 column 512 (char 512)
리챔 오믈레햄 340g|309,리챔 오믈레햄 340g,309,,Expecting value: line 2 column 512 (char 512)
리챔 오믈레햄 340g|313,리챔 오믈레햄 340g,313,"{""product_name"": ""리챔 오믈레햄 340g"", ""persona_key"": 313, ""purchase_behavior_prediction"": {""purchase_probability_pct"": 85, ""reason"": ""이 페르소나는 '건강 추구형 소비자'로, HMR(가정간편식)에 대한 선호도가 매우 높습니다. 제품의 간편함과 낮은 칼로리, 고소한 맛은 이 소비자의 건강 지향성과 요리 편리성을 충족시켜 줄 수 있습니다. 또한, 가격에 대한 민감도가 낮아 프리미엄 제품에 대한 수용력이 높기 때문에, 리챔 오믈레햄의 가격이 7,480원으로 설정되어 있어도 큰 저항 없이 구매할 가능성이 높습니다. 따라서, 이 소비자는 건강과 편리함을 동시에 추구하는 제품에 대해 긍정적인 반응을 보일 것입니다."", ""monthly_purchase_frequency"": 2}}",
리챔 오믈레햄 340g|310,리챔 오믈레햄 340g,310,,Expecting value: line 2 column 512 (char 512)
리챔 오믈레햄 340g|311,리챔 오믈레햄 340g,311,,Expecting value: line 2 column 512 (char 512)
리챔 오믈레햄 340g|312,리챔 오믈레햄 340g,312,,Expecting value: line 2 column 512 (char 512)
리챔 오믈레햄 340g|314,리챔 오믈레햄 340g,314,,Expecting value: line 2 column 512 (char 512)
리챔 오믈레햄 340g|318,리챔 오믈레햄 340g,318,"{""product_name"": ""리챔 오믈레햄 340g"", ""persona_key"": 318, ""purchase_behavior_prediction"": {""purchase_probability_pct"": 75, ""reason"": ""이 페르소나는 HMR(가정간편식)에 대한 높은 선호도를 보이며(0.8237), 이는 간편함과 빠른 조리를 중시하는 경향을 나타냅니다. 제품의 특징인 '간편함'과 '낮은 칼로리'는 1인 가구인 이 소비자에게 매우 매력적입니다. 또한, '고소한 맛'은 맛에 대한 기대감을 높여줍니다. 가격은 7,480원으로, 가격 민감도가 중간(0.5297)인 이 소비자에게 적당한 수준으로 보입니다. 따라서 이 제품은 그녀의 라이프스타일과 잘 맞아떨어져 구매할 가능성이 높습니다."", ""monthly_purchase_frequency"": 2}}",
리챔 오믈레햄 340g|316,리챔 오믈레햄 340g,316,,Expecting value: line 2 column 512 (char 512)
리챔 오믈레햄 340g|317,리챔 오믈레햄 340g,317,,Expecting value: line 2 column 512 (char 512)
리챔 오믈레햄 340g|315,리챔 오믈레햄 340g,315,,Expecting value: line 2 column 512 (char 512)
리챔 오믈레햄 340g|319,리챔 오믈레햄 340g,319,,Expecting value: line 2 column 512 (char 512)
리챔 오믈레햄 340g|323,리챔 오믈레햄 340g,323,"{""product_name"": ""리챔 오믈레햄 340g"", ""persona_key"": 323, ""purchase_behavior_prediction"": {""purchase_probability_pct"": 75, ""reason"": ""이 페르소나는 '실속형 미식가'로, 편리함과 새로운 맛을 중시하는 소비자입니다. HMR 선호도가 높아 간편한 식사를 선호하며, 리챔 오믈레햄은 간편함과 낮은 칼로리, 고소한 맛을 제공하여 매력적입니다. 또한, 2세대 가족으로서 가족 구성원과 함께 즐길 수 있는 제품이므로 긍정적인 요인이 됩니다. 가격에 대한 민감도가 중간 정도이지만, 제품의 효율성과 맛을 중시하기 때문에 가격이 적정하다고 느낀다면 구매를 고려할 것입니다."", ""monthly_purchase_frequency"": 2}}",
리챔 오믈레햄 340g|320,리챔 오믈레햄 340g,320,,Expecting value: line 2 column 512 (char 512)
리챔 오믈레햄 340g|321,리챔 오믈레햄 340g,321,,Expecting value: line 2 column 512 (char 512)
리챔 오믈레햄 340g|324,리챔 오믈레햄 340g,324,,Expecting value: line 2 column 512 (char 512)
리챔 오믈레햄 340g|327,리챔 오믈레햄 340g,327,"{""product_name"": ""리챔 오믈레햄 340g"", ""persona_key"": 327, ""purchase_behavior_prediction"": {""purchase_probability_pct"": 75, ""reason"": ""이 페르소나는 건강을 최우선으로 고려하는 소비자로, HMR(가정간편식)에 대한 선호도가 높습니다. 제품의 특징인 '간편함'과 '낮은 칼로리'는 그녀의 건강 지향적인 성향과 잘 맞아떨어지며, 특히 2세대 가족을 둔 기혼 여성으로서 간편한 조리 방법을 선호할 가능성이 큽니다. 가격이 7,480원으로 적당한 수준이며, 가격 민감도가 낮아 프리미엄 제품에 대한 지출을 꺼리지 않을 것입니다. 따라서, 이 제품은 그녀에게 매력적일 것으로 판단됩니다."", ""monthly_purchase_frequency"": 2}}",
리챔 오믈레햄 340g|322,리챔 오믈레햄 340g,322,,Expecting value: line 2 column 512 (char 512)
리챔 오믈레햄 340g|326,리챔 오믈레햄 340g,326,,Expecting value: line 2 column 512 (char 512)
리챔 오믈레햄 340g|325,리챔 오믈레햄 340g,325,,Expecting value: line 2 column 512 (char 512)
리챔 오믈레햄 340g|328,리챔 오믈레햄 340g,328,,Expecting value: line 2 column 512 (char 512)
리챔 오믈레햄 340g|329,리챔 오믈레햄 340g,329,,Expecting value: line 2 column 512 (char 512)
리챔 오믈레햄 340g|330,리챔 오믈레햄 340g,330,,Expecting value: line 2 column 512 (char 512)
리챔 오믈레햄 340g|331,리챔 오믈레햄 340g,331,,Expecting value: line 2 column 512 (char 512)
리챔 오믈레햄 340g|332,리챔 오믈레햄 340g,332,,Expecting value: line 2 column 512 (char 512)
리챔 오믈레햄 340g|333,리챔 오믈레햄 340g,333,,Expecting value: line 2 column 512 (char 512)
리챔 오믈레햄 340g|334,리챔 오믈레햄 340g,334,,Expecting value: line 2 column 512 (char 512)
리챔 오믈레햄 340g|335,리챔 오믈레햄 340g,335,,Expecting value: line 2 column 512 (char 512)
리챔 오믈레햄 340g|339,리챔 오믈레햄 340g,339,"{""product_name"": ""리챔 오믈레햄 340g"", ""persona_key"": 339, ""purchase_behavior_prediction"": {""purchase_probability_pct"": 85, ""reason"": ""이 페르소나는 '건강 추구형 소비자'로, HMR(가정간편식)에 대한 높은 선호도를 가지고 있습니다. 제품의 간편함과 낮은 칼로리, 고소한 맛은 이 소비자의 건강과 편리성을 중시하는 특성과 잘 맞아떨어집니다. 또한, 가격에 대한 민감도가 상대적으로 낮고 프리미엄 제품에 대한 수용도가 높기 때문에, 7,480원의 가격은 이 소비자에게 매력적으로 다가올 것입니다. 시장 경쟁 환경에 대한 정보가 없지만, 이 소비자는 브랜드 충성도가 높고 건강을 최우선으로 고려하기 때문에, 제품의 품질이 우수하다면 구매 확률이 높을 것입니다."", ""monthly_purchase_frequency"": 3}}",
리챔 오믈레햄 340g|336,리챔 오믈레햄 340g,336,,Expecting value: line 2 column 512 (char 512)
리챔 오믈레햄 340g|337,리챔 오믈레햄 340g,337,,Expecting value: line 2 column 512 (char 512)
리챔 오믈레햄 340g|340,리챔 오믈레햄 340g,340,,Expecting value: line 2 column 512 (char 512)
리챔 오믈레햄 340g|338,리챔 오믈레햄 340g,338,,Expecting value: line 2 column 512 (char 512)
리챔 오믈레햄 340g|342,리챔 오믈레햄 340g,342,,Expecting value: line 2 column 512 (char 512)
리챔 오믈레햄 340g|341,리챔 오믈레햄 340g,341,,Expecting value: line 2 column 512 (char 512)
리챔 오믈레햄 340g|346,리챔 오믈레햄 340g,346,"{""product_name"": ""리챔 오믈레햄 340g"", ""persona_key"": 346, ""purchase_behavior_prediction"": {""purchase_probability_pct"": 85, ""reason"": ""이 페르소나는 '실속형 미식가'로, HMR(가정간편식)에 대한 선호도가 매우 높습니다(0.9216). 제품의 간편함과 낮은 칼로리, 고소한 맛은 그녀의 요리 편리성을 중시하는 성향과 잘 맞아떨어집니다. 또한, 20대 여성으로서 바쁜 일상 속에서 간편하게 식사를 해결할 수 있는 제품에 대한 수요가 높습니다. 가격은 7,480원으로, 가격 민감도가 낮은 편이지만 여전히 합리적인 가격을 선호하는 경향이 있어, 이 가격대는 그녀에게 매력적일 것입니다. 따라서, 이 제품은 그녀의 구매 결정에 긍정적인 영향을 미칠 것입니다."", ""monthly_purchase_frequency"": 3}}",
리챔 오믈레햄 340g|345,리챔 오믈레햄 340g,345,,Expecting value: line 2 column 512 (char 512)
리챔 오믈레햄 340g|343,리챔 오믈레햄 340g,343,,Expecting value: line 2 column 512 (char 512)
리챔 오믈레햄 340g|344,리챔 오믈레햄 340g,344,,Expecting value: line 2 column 512 (char 512)
리챔 오믈레햄 340g|351,리챔 오믈레햄 340g,351,"{""product_name"": ""리챔 오믈레햄 340g"", ""persona_key"": 351, ""purchase_behavior_prediction"": {""purchase_probability_pct"": 85, ""reason"": ""이 페르소나는 '실속형 미식가'로, 편리함과 새로운 맛을 중시합니다. HMR 선호도가 높아 간편하게 조리할 수 있는 제품에 대한 선호가 강하며, 리챔 오믈레햄은 간편함, 낮은 칼로리, 고소한 맛을 제공하여 이 소비자에게 매력적입니다. 또한, 가격에 대한 민감도가 낮아 7,480원의 가격이 부담스럽지 않게 느껴질 것입니다. 현재 시장 경쟁 환경에 대한 정보가 없지만, 이 제품의 특성과 페르소나의 특성이 잘 맞아떨어져 구매 확률이 높다고 판단됩니다."", ""monthly_purchase_frequency"": 3}}",
리챔 오믈레햄 340g|348,리챔 오믈레햄 340g,348,,Expecting value: line 2 column 512 (char 512)
리챔 오믈레햄 340g|347,리챔 오믈레햄 340g,347,,Expecting value: line 2 column 512 (char 512)
리챔 오믈레햄 340g|349,리챔 오믈레햄 340g,349,,Expecting value: line 2 column 512 (char 512)
리챔 오믈레햄 340g|352,리챔 오믈레햄 340g,352,,Expecting value: line 2 column 512 (char 512)
리챔 오믈레햄 340g|350,리챔 오믈레햄 340g,350,,Expecting value: line 2 column 512 (char 512)
리챔 오믈레햄 340g|356,리챔 오믈레햄 340g,356,"{""product_name"": ""리챔 오믈레햄 340g"", ""persona_key"": 356, ""purchase_behavior_prediction"": {""purchase_probability_pct"": 85, ""reason"": ""이 페르소나는 'HMR 선호도'가 매우 높고, 건강과 편리성을 중시하는 소비자입니다. 제품의 간편함과 낮은 칼로리, 고소한 맛은 그녀의 건강 지향적이고 요리 편리성을 중시하는 특성과 잘 맞아떨어집니다. 또한, 가격에 대한 민감도가 중간 정도이므로 7,480원의 가격이 그녀에게 큰 부담이 되지 않을 것입니다. 시장 경쟁 환경에 대한 정보가 없지만, 건강과 편리함을 동시에 제공하는 제품에 대한 수요는 여전히 높기 때문에, 이 제품은 그녀의 구매 결정에 긍정적인 영향을 미칠 것입니다."", ""monthly_purchase_frequency"": 2}}",
리챔 오믈레햄 340g|353,리챔 오믈레햄 340g,353,,Expecting value: line 2 column 512 (char 512)
리챔 오믈레햄 340g|358,리챔 오믈레햄 340g,358,"{""product_name"": ""리챔 오믈레햄 340g"", ""persona_key"": 358, ""purchase_behavior_prediction"": {""purchase_probability_pct"": 85, ""reason"": ""이 소비자는 HMR(가정간편식)에 대한 선호도가 매우 높고(0.86), 간편함과 낮은 칼로리를 중시하는 경향이 있습니다. 제품의 특징인 '간편함'과 '낮은 칼로리'는 그녀의 라이프스타일에 잘 맞아떨어지며, 특히 1인 가구로서 요리의 편리함을 중요시하는 점에서 긍정적인 요소로 작용합니다. 또한, 브랜드 충성도가 높아(0.59) 동원 F&B와 같은 브랜드에 대한 신뢰가 구매를 더욱 촉진할 것입니다. 시장 경쟁 환경에 대한 정보가 없지만, 가격이 7,480원으로 적당한 수준이라면 가격 민감도가 낮은 그녀에게는 큰 부담이 되지 않을 것입니다. 따라서, 이 소비자는 이 제품을 구매할 가능성이 높습니다."", ""monthly_purchase_frequency"": 2}}",
리챔 오믈레햄 340g|354,리챔 오믈레햄 340g,354,,Expecting value: line 2 column 512 (char 512)
리챔 오믈레햄 340g|359,리챔 오믈레햄 340g,359,"{""product_name"": ""리챔 오믈레햄 340g"", ""persona_key"": 359, ""purchase_behavior_prediction"": {""purchase_probability_pct"": 75, ""reason"": ""이 페르소나는 '요리 편리성'에 높은 가중치를 두고 있으며, 이는 간편한 식사 준비를 선호하는 경향을 나타냅니다. '리챔 오믈레햄'은 간편함과 낮은 칼로리, 고소한 맛을 특징으로 하여 이 소비자에게 매력적입니다. 특히, 1인 가구로서 간편한 식사를 선호하는 점과, 트렌드 주도형 소비자로서 새로운 제품을 경험하고 공유하려는 성향이 구매를 촉진할 것입니다. 가격이 7,480원으로 비교적 합리적이며, 브랜드 충성도도 높아 구매 가능성이 큽니다."", ""monthly_purchase_frequency"": 2}}",
리챔 오믈레햄 340g|361,리챔 오믈레햄 340g,361,"{""product_name"": ""리챔 오믈레햄 340g"", ""persona_key"": 361, ""purchase_behavior_prediction"": {""purchase_probability_pct"": 85, ""reason"": ""이 페르소나는 HMR(가정간편식)에 대한 높은 선호도를 보이며(0.857), 이는 간편함과 빠른 조리를 중시하는 경향을 반영합니다. 제품의 특징인 '간편함'과 '낮은 칼로리'는 1인 가구인 이 소비자에게 매우 매력적입니다. 또한, 20대 학생으로서 가격에 대한 민감도도 적당히 높지만(0.646), 브랜드 충성도와 요리 편의성을 고려할 때, 가격이 7,480원인 이 제품은 합리적인 선택으로 여겨질 것입니다. 시장 경쟁 환경에 대한 정보가 부족하지만, 이 소비자는 새로운 제품을 경험하고 공유하려는 경향이 강하므로, 제품의 독특한 맛과 편리함이 긍정적인 영향을 미칠 것입니다."", ""monthly_purchase_frequency"": 3}}",
리챔 오믈레햄 340g|357,리챔 오믈레햄 340g,357,,Expecting value: line 2 column 512 (char 512)
리챔 오믈레햄 340g|355,리챔 오믈레햄 340g,355,,Expecting value: line 2 column 512 (char 512)
리챔 오믈레햄 340g|360,리챔 오믈레햄 340g,360,,Expecting value: line 2 column 512 (char 512)
리챔 오믈레햄 340g|362,리챔 오믈레햄 340g,362,,Expecting value: line 2 column 512 (char 512)
소화가 잘되는 우유로 만든 바닐라라떼 250mL|2,소화가 잘되는 우유로 만든 바닐라라떼 250mL,2,,Expecting value: line 2 column 512 (char 512)
리챔 오믈레햄 340g|363,리챔 오믈레햄 340g,363,,Expecting value: line 2 column 512 (char 512)
소화가 잘되는 우유로 만든 바닐라라떼 250mL|3,소화가 잘되는 우유로 만든 바닐라라떼 250mL,3,,Expecting value: line 2 column 512 (char 512)
소화가 잘되는 우유로 만든 바닐라라떼 250mL|5,소화가 잘되는 우유로 만든 바닐라라떼 250mL,5,,Expecting value: line 2 column 512 (char 512)
소화가 잘되는 우유로 만든 바닐라라떼 250mL|4,소화가 잘되는 우유로 만든 바닐라라떼 250mL,4,,Expecting value: line 2 column 512 (char 512)
소화가 잘되는 우유로 만든 바닐라라떼 250mL|1,소화가 잘되는 우유로 만든 바닐라라떼 250mL,1,,Expecting value: line 2 column 512 (char 512)
소화가 잘되는 우유로 만든 바닐라라떼 250mL|7,소화가 잘되는 우유로 만든 바닐라라떼 250mL,7,,Expecting value: line 2 column 512 (char 512)
소화가 잘되는 우유로 만든 바닐라라떼 250mL|10,소화가 잘되는 우유로 만든 바닐라라떼 250mL,10,"{""product_name"": ""소화가 잘되는 우유로 만든 바닐라라떼 250mL"", ""persona_key"": 10, ""purchase_behavior_prediction"": {""purchase_probability_pct"": 85, ""reason"": ""이 소비자는 건강을 최우선으로 고려하는 프리미엄 소비자로, HMR(가정간편식) 선호도가 매우 높습니다. 제품의 건강식품 특성과 간편함은 그의 라이프스타일에 잘 맞아떨어지며, 유당불내증을 가진 소비자에게 적합한 제품입니다. 가격이 1,400원으로 경쟁 제품의 가격대(865원 ~ 1,072원)보다 다소 높은 편이지만, 프리미엄 지향성이 강한 이 소비자는 가격에 크게 구애받지 않고 건강과 편리성을 중시하기 때문에 구매할 가능성이 높습니다."", ""monthly_purchase_frequency"": 4}}",
소화가 잘되는 우유로 만든 바닐라라떼 250mL|8,소화가 잘되는 우유로 만든 바닐라라떼 250mL,8,,Expecting value: line 2 column 512 (char 512)
소화가 잘되는 우유로 만든 바닐라라떼 250mL|6,소화가 잘되는 우유로 만든 바닐라라떼 250mL,6,,Expecting value: line 2 column 512 (char 512)
소화가 잘되는 우유로 만든 바닐라라떼 250mL|11,소화가 잘되는 우유로 만든 바닐라라떼 250mL,11,,Expecting value: line 2 column 512 (char 512)
소화가 잘되는 우유로 만든 바닐라라떼 250mL|13,소화가 잘되는 우유로 만든 바닐라라떼 250mL,13,"{""product_name"": ""소화가 잘되는 우유로 만든 바닐라라떼 250mL"", ""persona_key"": 13, ""purchase_behavior_prediction"": {""purchase_probability_pct"": 85, ""reason"": ""이 소비자는 HMR(가정간편식) 선호도가 매우 높고(0.902), 건강식품과 간편함을 중시하는 특성을 가지고 있습니다. 제품이 유당불내증 소비자를 타겟으로 하고 있으며, 건강과 편리함을 동시에 제공하는 바닐라라떼는 이 소비자의 요구에 잘 부합합니다. 또한, 가격이 1,400원으로 경쟁 제품의 가격대(865원 ~ 1,072원)보다 다소 높은 편이지만, 브랜드 충성도가 높아(0.881) 동원 F&B의 제품에 대한 신뢰가 구매를 촉진할 것입니다. 따라서 이 소비자는 새로운 제품을 경험하고 공유하려는 경향이 강한 트렌드 주도형 소비자로서, 이 제품에 대한 높은 구매 확률을 보일 것입니다."", ""monthly_purchase_frequency"": 4}}",
소화가 잘되는 우유로 만든 바닐라라떼 250mL|9,소화가 잘되는 우유로 만든 바닐라라떼 250mL,9,,Expecting value: line 2 column 512 (char 512)
소화가 잘되는 우유로 만든 바닐라라떼 250mL|12,소화가 잘되는 우유로 만든 바닐라라떼 250mL,12,,Expecting value: line 2 column 512 (char 512)
소화가 잘되는 우유로 만든 바닐라라떼 250mL|17,소화가 잘되는 우유로 만든 바닐라라떼 250mL,17,"{""product_name"": ""소화가 잘되는 우유로 만든 바닐라라떼 250mL"", ""persona_key"": 17, ""purchase_behavior_prediction"": {""purchase_probability_pct"": 75, ""reason"": ""이 페르소나는 HMR(가정간편식) 선호도가 높고, 건강식품과 간편함을 중시하는 소비자입니다. 제품의 특징인 '소화가 잘되는 우유로 만든 바닐라라떼'는 유당불내증을 가진 소비자에게 적합하며, 건강과 편리함을 동시에 제공하여 이 페르소나의 구매 동기에 부합합니다. 또한, 가격이 1,400원으로 경쟁 제품의 가격대(865원 ~ 1,072원)보다 다소 높은 편이지만, 이 페르소나는 가격에 민감하기보다는 효율성과 맛을 중시하기 때문에 긍정적인 반응을 보일 것입니다. 따라서, 구매 확률은 75%로 예측됩니다."", ""monthly_purchase_frequency"": 4}}",
소화가 잘되는 우유로 만든 바닐라라떼 250mL|15,소화가 잘되는 우유로 만든 바닐라라떼 250mL,15,,Expecting value: line 2 column 512 (char 512)
소화가 잘되는 우유로 만든 바닐라라떼 250mL|16,소화가 잘되는 우유로 만든 바닐라라떼 250mL,16,,Expecting value: line 2 column 512 (char 512)
소화가 잘되는 우유로 만든 바닐라라떼 250mL|14,소화가 잘되는 우유로 만든 바닐라라떼 250mL,14,,Expecting value: line 2 column 512 (char 512)
소화가 잘되는 우유로 만든 바닐라라떼 250mL|19,소화가 잘되는 우유로 만든 바닐라라떼 250mL,19,,Expecting value: line 2 column 512 (char 512)
소화가 잘되는 우유로 만든 바닐라라떼 250mL|18,소화가 잘되는 우유로 만든 바닐라라떼 250mL,18,,Expecting value: line 2 column 512 (char 512)
소화가 잘되는 우유로 만든 바닐라라떼 250mL|20,소화가 잘되는 우유로 만든 바닐라라떼 250mL,20,,Expecting value: line 2 column 512 (char 512)
소화가 잘되는 우유로 만든 바닐라라떼 250mL|21,소화가 잘되는 우유로 만든 바닐라라떼 250mL,21,,Expecting value: line 2 column 512 (char 512)
소화가 잘되는 우유로 만든 바닐라라떼 250mL|23,소화가 잘되는 우유로 만든 바닐라라떼 250mL,23,,Expecting value: line 2 column 512 (char 512)
소화가 잘되는 우유로 만든 바닐라라떼 250mL|22,소화가 잘되는 우유로 만든 바닐라라떼 250mL,22,,Expecting value: line 2 column 512 (char 512)
소화가 잘되는 우유로 만든 바닐라라떼 250mL|25,소화가 잘되는 우유로 만든 바닐라라떼 250mL,25,,Expecting value: line 2 column 512 (char 512)
소화가 잘되는 우유로 만든 바닐라라떼 250mL|27,소화가 잘되는 우유로 만든 바닐라라떼 250mL,27,,Expecting value: line 2 column 512 (char 512)
소화가 잘되는 우유로 만든 바닐라라떼 250mL|24,소화가 잘되는 우유로 만든 바닐라라떼 250mL,24,,Expecting value: line 2 column 512 (char 512)
소화가 잘되는 우유로 만든 바닐라라떼 250mL|29,소화가 잘되는 우유로 만든 바닐라라떼 250mL,29,,Expecting value: line 2 column 512 (char 512)
소화가 잘되는 우유로 만든 바닐라라떼 250mL|28,소화가 잘되는 우유로 만든 바닐라라떼 250mL,28,,Expecting value: line 2 column 512 (char 512)
소화가 잘되는 우유로 만든 바닐라라떼 250mL|26,소화가 잘되는 우유로 만든 바닐라라떼 250mL,26,,Expecting value: line 2 column 512 (char 512)
소화가 잘되는 우유로 만든 바닐라라떼 250mL|34,소화가 잘되는 우유로 만든 바닐라라떼 250mL,34,"{""product_name"": ""소화가 잘되는 우유로 만든 바닐라라떼 250mL"", ""persona_key"": 34, ""purchase_behavior_prediction"": {""purchase_probability_pct"": 75, ""reason"": ""이 페르소나는 '실속형 미식가'로, 편리함과 새로운 맛을 중시합니다. HMR 선호도가 높아 간편하게 소비할 수 있는 제품에 대한 수요가 큽니다. 제품의 건강식품 특성과 간편함은 그녀의 요구에 잘 부합하며, 유당불내증을 가진 소비자를 타겟으로 하여 그녀의 필요를 충족시킵니다. 가격은 1,400원으로, 경쟁 제품의 가격대(865원 ~ 1,072원)보다 다소 높은 편이지만, 그녀는 가격에 민감하지 않고 효율성과 맛을 중시하기 때문에 구매를 고려할 가능성이 높습니다."", ""monthly_purchase_frequency"": 4}}",
소화가 잘되는 우유로 만든 바닐라라떼 250mL|31,소화가 잘되는 우유로 만든 바닐라라떼 250mL,31,,Expecting value: line 2 column 512 (char 512)
소화가 잘되는 우유로 만든 바닐라라떼 250mL|30,소화가 잘되는 우유로 만든 바닐라라떼 250mL,30,,Expecting value: line 2 column 512 (char 512)
소화가 잘되는 우유로 만든 바닐라라떼 250mL|33,소화가 잘되는 우유로 만든 바닐라라떼 250mL,33,,Expecting value: line 2 column 512 (char 512)
소화가 잘되는 우유로 만든 바닐라라떼 250mL|32,소화가 잘되는 우유로 만든 바닐라라떼 250mL,32,,Expecting value: line 2 column 512 (char 512)
소화가 잘되는 우유로 만든 바닐라라떼 250mL|35,소화가 잘되는 우유로 만든 바닐라라떼 250mL,35,,Expecting value: line 2 column 512 (char 512)
소화가 잘되는 우유로 만든 바닐라라떼 250mL|36,소화가 잘되는 우유로 만든 바닐라라떼 250mL,36,,Expecting value: line 2 column 512 (char 512)
소화가 잘되는 우유로 만든 바닐라라떼 250mL|38,소화가 잘되는 우유로 만든 바닐라라떼 250mL,38,,Expecting value: line 2 column 512 (char 512)
소화가 잘되는 우유로 만든 바닐라라떼 250mL|40,소화가 잘되는 우유로 만든 바닐라라떼 250mL,40,,Expecting value: line 2 column 512 (char 512)
소화가 잘되는 우유로 만든 바닐라라떼 250mL|39,소화가 잘되는 우유로 만든 바닐라라떼 250mL,39,,Expecting value: line 2 column 512 (char 512)
소화가 잘되는 우유로 만든 바닐라라떼 250mL|37,소화가 잘되는 우유로 만든 바닐라라떼 250mL,37,,Expecting value: line 2 column 512 (char 512)
소화가 잘되는 우유로 만든 바닐라라떼 250mL|41,소화가 잘되는 우유로 만든 바닐라라떼 250mL,41,,Expecting value: line 2 column 512 (char 512)
소화가 잘되는 우유로 만든 바닐라라떼 250mL|42,소화가 잘되는 우유로 만든 바닐라라떼 250mL,42,,Expecting value: line 2 column 512 (char 512)
소화가 잘되는 우유로 만든 바닐라라떼 250mL|43,소화가 잘되는 우유로 만든 바닐라라떼 250mL,43,,Expecting value: line 2 column 512 (char 512)
소화가 잘되는 우유로 만든 바닐라라떼 250mL|45,소화가 잘되는 우유로 만든 바닐라라떼 250mL,45,,Expecting value: line 2 column 512 (char 512)
소화가 잘되는 우유로 만든 바닐라라떼 250mL|44,소화가 잘되는 우유로 만든 바닐라라떼 250mL,44,,Expecting value: line 2 column 512 (char 512)
소화가 잘되는 우유로 만든 바닐라라떼 250mL|46,소화가 잘되는 우유로 만든 바닐라라떼 250mL,46,,Expecting value: line 2 column 512 (char 512)
소화가 잘되는 우유로 만든 바닐라라떼 250mL|48,소화가 잘되는 우유로 만든 바닐라라떼 250mL,48,"{""product_name"": ""소화가 잘되는 우유로 만든 바닐라라떼 250mL"", ""persona_key"": 48, ""purchase_behavior_prediction"": {""purchase_probability_pct"": 85, ""reason"": ""이 페르소나는 건강을 최우선으로 고려하는 소비자로, HMR(가정간편식) 선호도가 높습니다. 제품의 건강식품 특성과 간편함은 이 소비자에게 매우 매력적입니다. 또한, 유당불내증을 타겟으로 한 제품 특성은 이 소비자의 필요를 충족시킵니다. 가격은 1,400원으로, 경쟁 제품의 가격대(865원 ~ 1,072원)보다 다소 높은 편이지만, 프리미엄 소비자 그룹으로서 가격에 대한 민감도가 낮아 구매를 결정할 가능성이 높습니다. 따라서, 이 소비자는 건강과 편리성을 모두 만족시키는 이 제품에 기꺼이 지갑을 열 것으로 예상됩니다."", ""monthly_purchase_frequency"": 4}}",
소화가 잘되는 우유로 만든 바닐라라떼 250mL|47,소화가 잘되는 우유로 만든 바닐라라떼 250mL,47,,Expecting value: line 2 column 512 (char 512)
소화가 잘되는 우유로 만든 바닐라라떼 250mL|49,소화가 잘되는 우유로 만든 바닐라라떼 250mL,49,,Expecting value: line 2 column 512 (char 512)
소화가 잘되는 우유로 만든 바닐라라떼 250mL|50,소화가 잘되는 우유로 만든 바닐라라떼 250mL,50,,Expecting value: line 2 column 512 (char 512)
소화가 잘되는 우유로 만든 바닐라라떼 250mL|52,소화가 잘되는 우유로 만든 바닐라라떼 250mL,52,,Expecting value: line 2 column 512 (char 512)
소화가 잘되는 우유로 만든 바닐라라떼 250mL|51,소화가 잘되는 우유로 만든 바닐라라떼 250mL,51,,Expecting value: line 2 column 512 (char 512)
소화가 잘되는 우유로 만든 바닐라라떼 250mL|53,소화가 잘되는 우유로 만든 바닐라라떼 250mL,53,,Expecting value: line 2 column 512 (char 512)
소화가 잘되는 우유로 만든 바닐라라떼 250mL|54,소화가 잘되는 우유로 만든 바닐라라떼 250mL,54,,Expecting value: line 2 column 512 (char 512)
소화가 잘되는 우유로 만든 바닐라라떼 250mL|57,소화가 잘되는 우유로 만든 바닐라라떼 250mL,57,"{""product_name"": ""소화가 잘되는 우유로 만든 바닐라라떼 250mL"", ""persona_key"": 57, ""purchase_behavior_prediction"": {""purchase_probability_pct"": 85, ""reason"": ""이 페르소나는 HMR(가정간편식) 선호도가 높고, 건강식품에 대한 관심이 있으며, 간편함과 단맛을 중시합니다. 제품은 유당불내증 소비자를 타겟으로 하여 건강식품으로서의 매력을 지니고 있으며, 간편하게 섭취할 수 있는 형태로 제공됩니다. 가격은 1,400원으로, 경쟁 제품의 가격대(865원 ~ 1,072원)보다 다소 높은 편이지만, 브랜드 충성도가 높고 프리미엄 제품에 대한 수용성이 있어 긍정적으로 받아들일 가능성이 큽니다. 또한, 이 소비자는 새로운 제품을 경험하고 공유하려는 경향이 강해, SNS 바이럴 광고가 효과적일 것으로 예상됩니다."", ""monthly_purchase_frequency"": 4}}",
소화가 잘되는 우유로 만든 바닐라라떼 250mL|56,소화가 잘되는 우유로 만든 바닐라라떼 250mL,56,,Expecting value: line 2 column 512 (char 512)
소화가 잘되는 우유로 만든 바닐라라떼 250mL|55,소화가 잘되는 우유로 만든 바닐라라떼 250mL,55,,Expecting value: line 2 column 512 (char 512)
소화가 잘되는 우유로 만든 바닐라라떼 250mL|58,소화가 잘되는 우유로 만든 바닐라라떼 250mL,58,,Expecting value: line 2 column 512 (char 512)
소화가 잘되는 우유로 만든 바닐라라떼 250mL|59,소화가 잘되는 우유로 만든 바닐라라떼 250mL,59,,Expecting value: line 2 column 512 (char 512)
소화가 잘되는 우유로 만든 바닐라라떼 250mL|60,소화가 잘되는 우유로 만든 바닐라라떼 250mL,60,,Expecting value: line 2 column 512 (char 512)
소화가 잘되는 우유로 만든 바닐라라떼 250mL|61,소화가 잘되는 우유로 만든 바닐라라떼 250mL,61,,Expecting value: line 2 column 512 (char 512)
소화가 잘되는 우유로 만든 바닐라라떼 250mL|62,소화가 잘되는 우유로 만든 바닐라라떼 250mL,62,,Expecting value: line 2 column 512 (char 512)
소화가 잘되는 우유로 만든 바닐라라떼 250mL|63,소화가 잘되는 우유로 만든 바닐라라떼 250mL,63,,Expecting value: line 2 column 512 (char 512)
소화가 잘되는 우유로 만든 바닐라라떼 250mL|64,소화가 잘되는 우유로 만든 바닐라라떼 250mL,64,,Expecting value: line 2 column 512 (char 512)
소화가 잘되는 우유로 만든 바닐라라떼 250mL|65,소화가 잘되는 우유로 만든 바닐라라떼 250mL,65,,Expecting value: line 2 column 512 (char 512)
소화가 잘되는 우유로 만든 바닐라라떼 250mL|66,소화가 잘되는 우유로 만든 바닐라라떼 250mL,66,,Expecting value: line 2 column 512 (char 512)
소화가 잘되는 우유로 만든 바닐라라떼 250mL|67,소화가 잘되는 우유로 만든 바닐라라떼 250mL,67,,Expecting value: line 2 column 512 (char 512)
소화가 잘되는 우유로 만든 바닐라라떼 250mL|69,소화가 잘되는 우유로 만든 바닐라라떼 250mL,69,,Expecting value: line 2 column 512 (char 512)
소화가 잘되는 우유로 만든 바닐라라떼 250mL|70,소화가 잘되는 우유로 만든 바닐라라떼 250mL,70,,Expecting value: line 2 column 512 (char 512)
소화가 잘되는 우유로 만든 바닐라라떼 250mL|68,소화가 잘되는 우유로 만든 바닐라라떼 250mL,68,,Expecting value: line 2 column 512 (char 512)
소화가 잘되는 우유로 만든 바닐라라떼 250mL|71,소화가 잘되는 우유로 만든 바닐라라떼 250mL,71,,Expecting value: line 2 column 512 (char 512)
소화가 잘되는 우유로 만든 바닐라라떼 250mL|72,소화가 잘되는 우유로 만든 바닐라라떼 250mL,72,,Expecting value: line 2 column 512 (char 512)
소화가 잘되는 우유로 만든 바닐라라떼 250mL|77,소화가 잘되는 우유로 만든 바닐라라떼 250mL,77,"{""product_name"": ""소화가 잘되는 우유로 만든 바닐라라떼 250mL"", ""persona_key"": 77, ""purchase_behavior_prediction"": {""purchase_probability_pct"": 85, ""reason"": ""이 소비자는 건강을 최우선으로 고려하는 프리미엄 소비자 그룹에 속하며, HMR(가정간편식) 선호도가 매우 높습니다. 제품의 '건강식품' 특성과 '간편함'은 그녀의 구매 동기에 부합하며, 유당불내증을 타겟으로 한 제품이기 때문에 더욱 매력적입니다. 가격이 1,400원으로 경쟁 제품의 가격대(865원 ~ 1,072원)보다 다소 높은 편이지만, 그녀의 가격 민감도가 낮고 프리미엄 제품에 대한 수요가 높기 때문에 긍정적으로 받아들일 것입니다. 따라서, 이 소비자는 제품을 구매할 가능성이 높습니다."", ""monthly_purchase_frequency"": 4}}",
소화가 잘되는 우유로 만든 바닐라라떼 250mL|73,소화가 잘되는 우유로 만든 바닐라라떼 250mL,73,,Expecting value: line 2 column 512 (char 512)
소화가 잘되는 우유로 만든 바닐라라떼 250mL|74,소화가 잘되는 우유로 만든 바닐라라떼 250mL,74,,Expecting value: line 2 column 512 (char 512)
소화가 잘되는 우유로 만든 바닐라라떼 250mL|76,소화가 잘되는 우유로 만든 바닐라라떼 250mL,76,,Expecting value: line 2 column 512 (char 512)
소화가 잘되는 우유로 만든 바닐라라떼 250mL|75,소화가 잘되는 우유로 만든 바닐라라떼 250mL,75,,Expecting value: line 2 column 512 (char 512)
소화가 잘되는 우유로 만든 바닐라라떼 250mL|78,소화가 잘되는 우유로 만든 바닐라라떼 250mL,78,,Expecting value: line 2 column 512 (char 512)
소화가 잘되는 우유로 만든 바닐라라떼 250mL|79,소화가 잘되는 우유로 만든 바닐라라떼 250mL,79,,Expecting value: line 2 column 512 (char 512)
소화가 잘되는 우유로 만든 바닐라라떼 250mL|80,소화가 잘되는 우유로 만든 바닐라라떼 250mL,80,,Expecting value: line 2 column 512 (char 512)
소화가 잘되는 우유로 만든 바닐라라떼 250mL|81,소화가 잘되는 우유로 만든 바닐라라떼 250mL,81,,Expecting value: line 2 column 512 (char 512)
소화가 잘되는 우유로 만든 바닐라라떼 250mL|82,소화가 잘되는 우유로 만든 바닐라라떼 250mL,82,,Expecting value: line 2 column 512 (char 512)
소화가 잘되는 우유로 만든 바닐라라떼 250mL|83,소화가 잘되는 우유로 만든 바닐라라떼 250mL,83,,Expecting value: line 2 column 512 (char 512)
소화가 잘되는 우유로 만든 바닐라라떼 250mL|84,소화가 잘되는 우유로 만든 바닐라라떼 250mL,84,,Expecting value: line 2 column 512 (char 512)
소화가 잘되는 우유로 만든 바닐라라떼 250mL|87,소화가 잘되는 우유로 만든 바닐라라떼 250mL,87,"{""product_name"": ""소화가 잘되는 우유로 만든 바닐라라떼 250mL"", ""persona_key"": 87, ""purchase_behavior_prediction"": {""purchase_probability_pct"": 85, ""reason"": ""페르소나는 '실속형 미식가'로, HMR(가정간편식) 선호도가 매우 높습니다(0.902). 이는 제품이 간편함과 건강식품으로서의 특성을 갖추고 있어 매우 매력적입니다. 또한, 유당불내증을 가진 소비자에게 적합한 제품으로, 건강과 편리함을 동시에 추구하는 페르소나의 요구에 부합합니다. 가격은 1,400원으로, 경쟁 제품의 가격대(865원 ~ 1,072원)보다 다소 높은 편이지만, 페르소나의 가격 민감도(0.681)와 브랜드 충성도(0.457)로 인해 구매를 결정할 가능성이 높습니다. 따라서, 이 제품은 페르소나에게 긍정적인 구매 요소로 작용할 것입니다."", ""monthly_purchase_frequency"": 4}}",
소화가 잘되는 우유로 만든 바닐라라떼 250mL|85,소화가 잘되는 우유로 만든 바닐라라떼 250mL,85,,Expecting value: line 2 column 512 (char 512)
소화가 잘되는 우유로 만든 바닐라라떼 250mL|91,소화가 잘되는 우유로 만든 바닐라라떼 250mL,91,"{""product_name"": ""소화가 잘되는 우유로 만든 바닐라라떼 250mL"", ""persona_key"": 91, ""purchase_behavior_prediction"": {""purchase_probability_pct"": 85, ""reason"": ""이 페르소나는 '실속형 미식가'로, 편리함과 건강을 중시하며 새로운 맛을 시도하는 데 적극적입니다. 'HMR 선호도'가 높아 간편한 식품을 선호하며, 제품의 건강식품 특성과 간편함이 매력적으로 작용할 것입니다. 또한, 가격이 1,400원으로 경쟁 제품의 가격 범위(865원 ~ 1,072원)보다 다소 높은 편이지만, 가격에 대한 민감도가 낮고 효율성과 맛을 중시하는 경향이 있어 긍정적인 반응을 보일 것입니다. 따라서 이 제품은 페르소나의 구매 동기에 잘 부합합니다."", ""monthly_purchase_frequency"": 4}}",
소화가 잘되는 우유로 만든 바닐라라떼 250mL|86,소화가 잘되는 우유로 만든 바닐라라떼 250mL,86,,Expecting value: line 2 column 512 (char 512)
소화가 잘되는 우유로 만든 바닐라라떼 250mL|89,소화가 잘되는 우유로 만든 바닐라라떼 250mL,89,,Expecting value: line 2 column 512 (char 512)
소화가 잘되는 우유로 만든 바닐라라떼 250mL|92,소화가 잘되는 우유로 만든 바닐라라떼 250mL,92,"{""product_name"": ""소화가 잘되는 우유로 만든 바닐라라떼 250mL"", ""persona_key"": 92, ""purchase_behavior_prediction"": {""purchase_probability_pct"": 75, ""reason"": ""이 페르소나는 '실속형 미식가'로, 편리함과 새로운 맛을 중시합니다. HMR 선호도가 높아 간편하게 소비할 수 있는 제품에 대한 수요가 큽니다. 제품의 건강식품 특성과 간편함은 이 소비자에게 매력적이며, 유당불내증을 타겟으로 한 점도 긍정적입니다. 가격은 1,400원으로, 경쟁 제품의 가격대(865원 ~ 1,072원)보다 높은 편이지만, 이 소비자는 가격보다 효율성과 맛을 중시하므로 구매를 고려할 가능성이 높습니다."", ""monthly_purchase_frequency"": 4}}",
소화가 잘되는 우유로 만든 바닐라라떼 250mL|88,소화가 잘되는 우유로 만든 바닐라라떼 250mL,88,,Expecting value: line 2 column 512 (char 512)
소화가 잘되는 우유로 만든 바닐라라떼 250mL|90,소화가 잘되는 우유로 만든 바닐라라떼 250mL,90,,Expecting value: line 2 column 512 (char 512)
소화가 잘되는 우유로 만든 바닐라라떼 250mL|94,소화가 잘되는 우유로 만든 바닐라라떼 250mL,94,"{""product_name"": ""소화가 잘되는 우유로 만든 바닐라라떼 250mL"", ""persona_key"": 94, ""purchase_behavior_prediction"": {""purchase_probability_pct"": 75, ""reason"": ""이 페르소나는 HMR(가정간편식) 선호도가 높고, 건강식품과 간편함을 중시하는 소비자입니다. 제품이 유당불내증을 고려하여 만들어졌고, 건강식품으로서의 특성이 매력적입니다. 또한, 가격이 1,400원으로 시장 경쟁 환경에서 상대적으로 합리적이며, 경쟁 제품의 가격대가 865원에서 1,072원 사이인 점을 고려할 때, 가격에 대한 민감도가 낮은 이 페르소나에게는 긍정적인 요소로 작용할 것입니다. 따라서 이 제품은 그녀의 구매 욕구를 자극할 가능성이 높습니다."", ""monthly_purchase_frequency"": 4}}",
소화가 잘되는 우유로 만든 바닐라라떼 250mL|95,소화가 잘되는 우유로 만든 바닐라라떼 250mL,95,"{""product_name"": ""소화가 잘되는 우유로 만든 바닐라라떼 250mL"", ""persona_key"": 95, ""purchase_behavior_prediction"": {""purchase_probability_pct"": 75, ""reason"": ""이 페르소나는 '요리 편리성'을 중시하는 소비자로, 간편하고 건강한 제품을 선호합니다. '소화가 잘되는 우유로 만든 바닐라라떼'는 건강식품으로서의 특성과 간편함을 제공하여 이 소비자에게 매력적입니다. 또한, 가격이 1,400원으로 경쟁 제품의 가격 범위(865원 ~ 1,072원)보다 높은 편이지만, 이 소비자는 가격에 민감하기보다는 효율성과 맛을 중시하므로, 가격이 구매에 큰 장애가 되지 않을 것입니다. 따라서, 이 제품은 페르소나의 요구를 충족시키며, 구매 확률이 높다고 판단됩니다."", ""monthly_purchase_frequency"": 4}}",
소화가 잘되는 우유로 만든 바닐라라떼 250mL|96,소화가 잘되는 우유로 만든 바닐라라떼 250mL,96,"{""product_name"": ""소화가 잘되는 우유로 만든 바닐라라떼 250mL"", ""persona_key"": 96, ""purchase_behavior_prediction"": {""purchase_probability_pct"": 75, ""reason"": ""이 페르소나는 '실속형 미식가'로, 편리함과 새로운 맛을 중시합니다. HMR(가정간편식) 선호도가 높아 간편하게 소비할 수 있는 제품에 대한 수요가 큽니다. 제품의 주요 특징인 건강식품, 간편함, 단맛, 고소한맛은 이 소비자의 요구에 잘 부합합니다. 또한, 가격이 1,400원으로 경쟁 제품의 가격 범위(865원 ~ 1,072원)보다 다소 높은 편이지만, 제품의 품질과 편리함을 고려할 때 수용 가능하다고 판단됩니다. 따라서, 이 소비자는 가격에 대한 민감도가 낮고, 효율성과 맛을 동시에 추구하기 때문에 구매할 가능성이 높습니다."", ""monthly_purchase_frequency"": 4}}",
소화가 잘되는 우유로 만든 바닐라라떼 250mL|93,소화가 잘되는 우유로 만든 바닐라라떼 250mL,93,,Expecting value: line 2 column 512 (char 512)
소화가 잘되는 우유로 만든 바닐라라떼 250mL|97,소화가 잘되는 우유로 만든 바닐라라떼 250mL,97,,Expecting value: line 2 column 512 (char 512)
소화가 잘되는 우유로 만든 바닐라라떼 250mL|101,소화가 잘되는 우유로 만든 바닐라라떼 250mL,101,"{""product_name"": ""소화가 잘되는 우유로 만든 바닐라라떼 250mL"", ""persona_key"": 101, ""purchase_behavior_prediction"": {""purchase_probability_pct"": 85, ""reason"": ""이 소비자는 건강 지향성이 매우 높고, 건강과 편리성을 모두 중시하는 소비자입니다. 제품의 주요 특징인 '건강식품'과 '간편함'은 이 소비자의 요구에 잘 부합합니다. 또한, 유당불내증을 타겟으로 한 제품이므로, 이 소비자가 유당불내증을 가지고 있을 경우 더욱 매력적으로 느낄 것입니다. 가격이 1,400원으로, 경쟁 제품의 가격대(865원 ~ 1,072원)보다 다소 높은 편이지만, 건강을 최우선으로 고려하는 소비자이기 때문에 가격에 대한 민감도가 낮아 구매를 결정할 가능성이 높습니다."", ""monthly_purchase_frequency"": 4}}",
소화가 잘되는 우유로 만든 바닐라라떼 250mL|100,소화가 잘되는 우유로 만든 바닐라라떼 250mL,100,"{""product_name"": ""소화가 잘되는 우유로 만든 바닐라라떼 250mL"", ""persona_key"": 100, ""purchase_behavior_prediction"": {""purchase_probability_pct"": 85, ""reason"": ""이 페르소나는 건강을 최우선으로 고려하는 소비자로, HMR(가정간편식) 선호도가 매우 높습니다. 제품이 건강식품으로 분류되며, 유당불내증을 타겟으로 하고 있어 이 소비자에게 적합합니다. 또한, 간편함과 고소한 맛은 바쁜 사무직 여성에게 매력적입니다. 가격은 1,400원으로, 경쟁 제품의 가격대(865원 ~ 1,072원)보다 다소 높은 편이지만, 프리미엄 제품을 선호하는 이 소비자의 특성상 가격에 대한 민감도가 낮아 긍정적으로 받아들일 가능성이 높습니다. 따라서, 이 소비자는 제품을 구매할 확률이 높습니다."", ""monthly_purchase_frequency"": 4}}",
소화가 잘되는 우유로 만든 바닐라라떼 250mL|98,소화가 잘되는 우유로 만든 바닐라라떼 250mL,98,,Expecting value: line 2 column 512 (char 512)
소화가 잘되는 우유로 만든 바닐라라떼 250mL|99,소화가 잘되는 우유로 만든 바닐라라떼 250mL,99,,Expecting value: line 2 column 512 (char 512)
소화가 잘되는 우유로 만든 바닐라라떼 250mL|105,소화가 잘되는 우유로 만든 바닐라라떼 250mL,105,"{""product_name"": ""소화가 잘되는 우유로 만든 바닐라라떼 250mL"", ""persona_key"": 105, ""purchase_behavior_prediction"": {""purchase_probability_pct"": 85, ""reason"": ""이 페르소나는 건강을 최우선으로 고려하는 소비자로, HMR(가정간편식) 선호도가 높습니다. 제품의 '소화가 잘되는 우유로 만든 바닐라라떼'는 건강식품으로서 유당불내증 소비자에게 적합하며, 간편함과 단맛, 고소한 맛을 제공하여 이 소비자의 요구를 충족시킵니다. 또한, 가격이 1,400원으로 경쟁 제품의 가격 범위(865원 ~ 1,072원)보다 다소 높은 편이지만, 프리미엄 소비자 그룹으로서 가격에 대한 민감도가 낮고, 건강과 편리성을 중시하기 때문에 긍정적으로 받아들일 가능성이 높습니다. 따라서 이 소비자는 제품을 구매할 확률이 높습니다."", ""monthly_purchase_frequency"": 4}}",
소화가 잘되는 우유로 만든 바닐라라떼 250mL|102,소화가 잘되는 우유로 만든 바닐라라떼 250mL,102,,Expecting value: line 2 column 512 (char 512)
소화가 잘되는 우유로 만든 바닐라라떼 250mL|104,소화가 잘되는 우유로 만든 바닐라라떼 250mL,104,,Expecting value: line 2 column 512 (char 512)
소화가 잘되는 우유로 만든 바닐라라떼 250mL|103,소화가 잘되는 우유로 만든 바닐라라떼 250mL,103,,Expecting value: line 2 column 512 (char 512)
소화가 잘되는 우유로 만든 바닐라라떼 250mL|108,소화가 잘되는 우유로 만든 바닐라라떼 250mL,108,"{""product_name"": ""소화가 잘되는 우유로 만든 바닐라라떼 250mL"", ""persona_key"": 108, ""purchase_behavior_prediction"": {""purchase_probability_pct"": 85, ""reason"": ""이 페르소나는 건강을 최우선으로 고려하는 소비자로, HMR(가정간편식) 선호도가 높습니다. 제품의 주요 특징인 '건강식품', '간편함', '단맛', '고소한맛'은 이 소비자의 요구를 충족시킵니다. 특히, 유당불내증이 있는 소비자에게 적합한 제품으로, 건강 지향적인 특성과 편리함이 결합되어 있어 매력적입니다. 또한, 시장 경쟁 환경에서 동원 F&B의 가격(1,400원)은 경쟁사 가격대(865원 ~ 1,072원)보다 다소 높은 편이지만, 프리미엄 소비자 그룹으로서 가격에 대한 민감도가 낮고, 품질을 중시하는 경향이 있어 긍정적으로 받아들일 가능성이 높습니다."", ""monthly_purchase_frequency"": 4}}",
소화가 잘되는 우유로 만든 바닐라라떼 250mL|107,소화가 잘되는 우유로 만든 바닐라라떼 250mL,107,,Expecting value: line 2 column 512 (char 512)
소화가 잘되는 우유로 만든 바닐라라떼 250mL|106,소화가 잘되는 우유로 만든 바닐라라떼 250mL,106,,Expecting value: line 2 column 512 (char 512)
소화가 잘되는 우유로 만든 바닐라라떼 250mL|109,소화가 잘되는 우유로 만든 바닐라라떼 250mL,109,,Expecting value: line 2 column 512 (char 512)
소화가 잘되는 우유로 만든 바닐라라떼 250mL|110,소화가 잘되는 우유로 만든 바닐라라떼 250mL,110,,Expecting value: line 2 column 512 (char 512)
소화가 잘되는 우유로 만든 바닐라라떼 250mL|111,소화가 잘되는 우유로 만든 바닐라라떼 250mL,111,,Expecting value: line 2 column 512 (char 512)
소화가 잘되는 우유로 만든 바닐라라떼 250mL|112,소화가 잘되는 우유로 만든 바닐라라떼 250mL,112,,Expecting value: line 2 column 512 (char 512)
소화가 잘되는 우유로 만든 바닐라라떼 250mL|113,소화가 잘되는 우유로 만든 바닐라라떼 250mL,113,,Expecting value: line 2 column 512 (char 512)
소화가 잘되는 우유로 만든 바닐라라떼 250mL|114,소화가 잘되는 우유로 만든 바닐라라떼 250mL,114,,Expecting value: line 2 column 512 (char 512)
소화가 잘되는 우유로 만든 바닐라라떼 250mL|116,소화가 잘되는 우유로 만든 바닐라라떼 250mL,116,"{""product_name"": ""소화가 잘되는 우유로 만든 바닐라라떼 250mL"", ""persona_key"": 116, ""purchase_behavior_prediction"": {""purchase_probability_pct"": 85, ""reason"": ""이 페르소나는 HMR(가정간편식) 선호도가 매우 높고(0.902), 건강식품과 간편함을 중시하는 경향이 있습니다. 제품은 유당불내증을 고려한 소화가 잘되는 우유로 만들어져 있어, 건강과 편리함을 동시에 충족시킵니다. 또한, 가격이 1,400원으로 경쟁 제품의 가격대(865원 ~ 1,072원)보다 다소 높은 편이지만, 브랜드 충성도(0.563)와 프리미엄 지향성(0.553) 덕분에 가격에 대한 민감도가 낮아 보입니다. 따라서 이 소비자는 제품의 품질과 브랜드 가치를 중시하여 구매할 가능성이 높습니다."", ""monthly_purchase_frequency"": 4}}",
소화가 잘되는 우유로 만든 바닐라라떼 250mL|115,소화가 잘되는 우유로 만든 바닐라라떼 250mL,115,,Expecting value: line 2 column 512 (char 512)
소화가 잘되는 우유로 만든 바닐라라떼 250mL|118,소화가 잘되는 우유로 만든 바닐라라떼 250mL,118,,Expecting value: line 2 column 512 (char 512)
소화가 잘되는 우유로 만든 바닐라라떼 250mL|117,소화가 잘되는 우유로 만든 바닐라라떼 250mL,117,,Expecting value: line 2 column 512 (char 512)
소화가 잘되는 우유로 만든 바닐라라떼 250mL|119,소화가 잘되는 우유로 만든 바닐라라떼 250mL,119,,Expecting value: line 2 column 512 (char 512)
소화가 잘되는 우유로 만든 바닐라라떼 250mL|120,소화가 잘되는 우유로 만든 바닐라라떼 250mL,120,,Expecting value: line 2 column 512 (char 512)
소화가 잘되는 우유로 만든 바닐라라떼 250mL|121,소화가 잘되는 우유로 만든 바닐라라떼 250mL,121,,Expecting value: line 2 column 512 (char 512)
소화가 잘되는 우유로 만든 바닐라라떼 250mL|122,소화가 잘되는 우유로 만든 바닐라라떼 250mL,122,,Expecting value: line 2 column 512 (char 512)
소화가 잘되는 우유로 만든 바닐라라떼 250mL|123,소화가 잘되는 우유로 만든 바닐라라떼 250mL,123,,Expecting value: line 2 column 512 (char 512)
소화가 잘되는 우유로 만든 바닐라라떼 250mL|124,소화가 잘되는 우유로 만든 바닐라라떼 250mL,124,,Expecting value: line 2 column 512 (char 512)
소화가 잘되는 우유로 만든 바닐라라떼 250mL|125,소화가 잘되는 우유로 만든 바닐라라떼 250mL,125,,Expecting value: line 2 column 512 (char 512)
소화가 잘되는 우유로 만든 바닐라라떼 250mL|127,소화가 잘되는 우유로 만든 바닐라라떼 250mL,127,,Expecting value: line 2 column 512 (char 512)
소화가 잘되는 우유로 만든 바닐라라떼 250mL|128,소화가 잘되는 우유로 만든 바닐라라떼 250mL,128,,Expecting value: line 2 column 512 (char 512)
소화가 잘되는 우유로 만든 바닐라라떼 250mL|126,소화가 잘되는 우유로 만든 바닐라라떼 250mL,126,,Expecting value: line 2 column 512 (char 512)
소화가 잘되는 우유로 만든 바닐라라떼 250mL|129,소화가 잘되는 우유로 만든 바닐라라떼 250mL,129,,Expecting value: line 2 column 512 (char 512)
소화가 잘되는 우유로 만든 바닐라라떼 250mL|131,소화가 잘되는 우유로 만든 바닐라라떼 250mL,131,,Expecting value: line 2 column 512 (char 512)
소화가 잘되는 우유로 만든 바닐라라떼 250mL|130,소화가 잘되는 우유로 만든 바닐라라떼 250mL,130,,Expecting value: line 2 column 512 (char 512)
소화가 잘되는 우유로 만든 바닐라라떼 250mL|132,소화가 잘되는 우유로 만든 바닐라라떼 250mL,132,,Expecting value: line 2 column 512 (char 512)
소화가 잘되는 우유로 만든 바닐라라떼 250mL|133,소화가 잘되는 우유로 만든 바닐라라떼 250mL,133,,Expecting value: line 2 column 512 (char 512)
소화가 잘되는 우유로 만든 바닐라라떼 250mL|134,소화가 잘되는 우유로 만든 바닐라라떼 250mL,134,,Expecting value: line 2 column 512 (char 512)
소화가 잘되는 우유로 만든 바닐라라떼 250mL|135,소화가 잘되는 우유로 만든 바닐라라떼 250mL,135,,Expecting value: line 2 column 512 (char 512)
소화가 잘되는 우유로 만든 바닐라라떼 250mL|136,소화가 잘되는 우유로 만든 바닐라라떼 250mL,136,,Expecting value: line 2 column 512 (char 512)
소화가 잘되는 우유로 만든 바닐라라떼 250mL|140,소화가 잘되는 우유로 만든 바닐라라떼 250mL,140,"{""product_name"": ""소화가 잘되는 우유로 만든 바닐라라떼 250mL"", ""persona_key"": 140, ""purchase_behavior_prediction"": {""purchase_probability_pct"": 75, ""reason"": ""이 페르소나는 '실속형 미식가'로, 편리성과 새로운 맛을 중시합니다. HMR 선호도가 높아 간편한 식사를 선호하며, 제품의 건강식품 특성과 간편함이 매력적입니다. 가격은 1,400원으로 경쟁 제품의 가격대(865원 ~ 1,072원)보다 다소 높은 편이지만, 가격에 대한 민감도가 낮고 효율성과 맛을 동시에 추구하는 경향이 있어 긍정적으로 받아들일 가능성이 높습니다. 또한, 유당불내증을 가진 소비자에게 적합한 제품으로, 건강을 중시하는 경향이 있는 이 페르소나에게 더욱 매력적입니다."", ""monthly_purchase_frequency"": 4}}",
소화가 잘되는 우유로 만든 바닐라라떼 250mL|138,소화가 잘되는 우유로 만든 바닐라라떼 250mL,138,,Expecting value: line 2 column 512 (char 512)
소화가 잘되는 우유로 만든 바닐라라떼 250mL|137,소화가 잘되는 우유로 만든 바닐라라떼 250mL,137,,Expecting value: line 2 column 512 (char 512)
소화가 잘되는 우유로 만든 바닐라라떼 250mL|139,소화가 잘되는 우유로 만든 바닐라라떼 250mL,139,,Expecting value: line 2 column 512 (char 512)
소화가 잘되는 우유로 만든 바닐라라떼 250mL|141,소화가 잘되는 우유로 만든 바닐라라떼 250mL,141,,Expecting value: line 2 column 512 (char 512)
소화가 잘되는 우유로 만든 바닐라라떼 250mL|142,소화가 잘되는 우유로 만든 바닐라라떼 250mL,142,,Expecting value: line 2 column 512 (char 512)
소화가 잘되는 우유로 만든 바닐라라떼 250mL|145,소화가 잘되는 우유로 만든 바닐라라떼 250mL,145,,Expecting value: line 2 column 512 (char 512)
소화가 잘되는 우유로 만든 바닐라라떼 250mL|144,소화가 잘되는 우유로 만든 바닐라라떼 250mL,144,,Expecting value: line 2 column 512 (char 512)
소화가 잘되는 우유로 만든 바닐라라떼 250mL|146,소화가 잘되는 우유로 만든 바닐라라떼 250mL,146,,Expecting value: line 2 column 512 (char 512)
소화가 잘되는 우유로 만든 바닐라라떼 250mL|143,소화가 잘되는 우유로 만든 바닐라라떼 250mL,143,,Expecting value: line 2 column 512 (char 512)
소화가 잘되는 우유로 만든 바닐라라떼 250mL|147,소화가 잘되는 우유로 만든 바닐라라떼 250mL,147,,Expecting value: line 2 column 512 (char 512)
소화가 잘되는 우유로 만든 바닐라라떼 250mL|149,소화가 잘되는 우유로 만든 바닐라라떼 250mL,149,,Expecting value: line 2 column 512 (char 512)
소화가 잘되는 우유로 만든 바닐라라떼 250mL|150,소화가 잘되는 우유로 만든 바닐라라떼 250mL,150,,Expecting value: line 2 column 512 (char 512)
소화가 잘되는 우유로 만든 바닐라라떼 250mL|151,소화가 잘되는 우유로 만든 바닐라라떼 250mL,151,,Expecting value: line 2 column 512 (char 512)
소화가 잘되는 우유로 만든 바닐라라떼 250mL|148,소화가 잘되는 우유로 만든 바닐라라떼 250mL,148,,Expecting value: line 2 column 512 (char 512)
소화가 잘되는 우유로 만든 바닐라라떼 250mL|154,소화가 잘되는 우유로 만든 바닐라라떼 250mL,154,"{""product_name"": ""소화가 잘되는 우유로 만든 바닐라라떼 250mL"", ""persona_key"": 154, ""purchase_behavior_prediction"": {""purchase_probability_pct"": 85, ""reason"": ""이 페르소나는 '요리 편리성'을 가장 중요하게 여기며, 건강식품과 간편함을 중시합니다. 제품은 유당불내증 소비자를 타겟으로 하여 소화가 잘되는 우유로 만들어졌고, 간편하게 즐길 수 있는 바닐라라떼입니다. 또한, 가격이 1,400원으로 경쟁 제품의 가격대(865원 ~ 1,072원)보다 다소 높은 편이지만, 효율성과 맛을 동시에 추구하는 이 페르소나에게는 가격이 크게 부담되지 않을 것입니다. 따라서, 이 제품은 페르소나의 요구를 충족시키며, 높은 구매 확률을 보일 것으로 예상됩니다."", ""monthly_purchase_frequency"": 4}}",
소화가 잘되는 우유로 만든 바닐라라떼 250mL|152,소화가 잘되는 우유로 만든 바닐라라떼 250mL,152,,Expecting value: line 2 column 512 (char 512)
소화가 잘되는 우유로 만든 바닐라라떼 250mL|157,소화가 잘되는 우유로 만든 바닐라라떼 250mL,157,,Expecting value: line 2 column 512 (char 512)
소화가 잘되는 우유로 만든 바닐라라떼 250mL|155,소화가 잘되는 우유로 만든 바닐라라떼 250mL,155,,Expecting value: line 2 column 512 (char 512)
소화가 잘되는 우유로 만든 바닐라라떼 250mL|153,소화가 잘되는 우유로 만든 바닐라라떼 250mL,153,,Expecting value: line 2 column 512 (char 512)
소화가 잘되는 우유로 만든 바닐라라떼 250mL|156,소화가 잘되는 우유로 만든 바닐라라떼 250mL,156,,Expecting value: line 2 column 512 (char 512)
소화가 잘되는 우유로 만든 바닐라라떼 250mL|160,소화가 잘되는 우유로 만든 바닐라라떼 250mL,160,"{""product_name"": ""소화가 잘되는 우유로 만든 바닐라라떼 250mL"", ""persona_key"": 160, ""purchase_behavior_prediction"": {""purchase_probability_pct"": 85, ""reason"": ""이 페르소나는 건강 지향성이 매우 높고, 건강과 편리성을 모두 중시하는 소비자입니다. 제품이 건강식품으로 분류되며, 유당불내증을 고려한 특성이 있어 이 소비자에게 매우 매력적입니다. 또한, 가격이 1,400원으로 경쟁 제품의 가격 범위(865원 ~ 1,072원)보다 높은 편이지만, 건강과 편리함을 중시하는 이 소비자는 프리미엄 제품에 기꺼이 지출할 의향이 있습니다. 따라서, 이 제품은 페르소나의 요구를 충족시키며, 구매 확률이 높습니다."", ""monthly_purchase_frequency"": 4}}",
소화가 잘되는 우유로 만든 바닐라라떼 250mL|159,소화가 잘되는 우유로 만든 바닐라라떼 250mL,159,,Expecting value: line 2 column 512 (char 512)
소화가 잘되는 우유로 만든 바닐라라떼 250mL|158,소화가 잘되는 우유로 만든 바닐라라떼 250mL,158,,Expecting value: line 2 column 512 (char 512)
소화가 잘되는 우유로 만든 바닐라라떼 250mL|162,소화가 잘되는 우유로 만든 바닐라라떼 250mL,162,,Expecting value: line 2 column 512 (char 512)
소화가 잘되는 우유로 만든 바닐라라떼 250mL|161,소화가 잘되는 우유로 만든 바닐라라떼 250mL,161,,Expecting value: line 2 column 512 (char 512)
소화가 잘되는 우유로 만든 바닐라라떼 250mL|163,소화가 잘되는 우유로 만든 바닐라라떼 250mL,163,,Expecting value: line 2 column 512 (char 512)
소화가 잘되는 우유로 만든 바닐라라떼 250mL|164,소화가 잘되는 우유로 만든 바닐라라떼 250mL,164,,Expecting value: line 2 column 512 (char 512)
소화가 잘되는 우유로 만든 바닐라라떼 250mL|165,소화가 잘되는 우유로 만든 바닐라라떼 250mL,165,,Expecting value: line 2 column 512 (char 512)
소화가 잘되는 우유로 만든 바닐라라떼 250mL|166,소화가 잘되는 우유로 만든 바닐라라떼 250mL,166,,Expecting value: line 2 column 512 (char 512)
소화가 잘되는 우유로 만든 바닐라라떼 250mL|168,소화가 잘되는 우유로 만든 바닐라라떼 250mL,168,,Expecting value: line 2 column 512 (char 512)
소화가 잘되는 우유로 만든 바닐라라떼 250mL|167,소화가 잘되는 우유로 만든 바닐라라떼 250mL,167,,Expecting value: line 2 column 512 (char 512)
소화가 잘되는 우유로 만든 바닐라라떼 250mL|171,소화가 잘되는 우유로 만든 바닐라라떼 250mL,171,,Expecting value: line 2 column 512 (char 512)
소화가 잘되는 우유로 만든 바닐라라떼 250mL|170,소화가 잘되는 우유로 만든 바닐라라떼 250mL,170,,Expecting value: line 2 column 512 (char 512)
소화가 잘되는 우유로 만든 바닐라라떼 250mL|169,소화가 잘되는 우유로 만든 바닐라라떼 250mL,169,,Expecting value: line 2 column 512 (char 512)
소화가 잘되는 우유로 만든 바닐라라떼 250mL|173,소화가 잘되는 우유로 만든 바닐라라떼 250mL,173,,Expecting value: line 2 column 512 (char 512)
소화가 잘되는 우유로 만든 바닐라라떼 250mL|174,소화가 잘되는 우유로 만든 바닐라라떼 250mL,174,,Expecting value: line 2 column 512 (char 512)
소화가 잘되는 우유로 만든 바닐라라떼 250mL|172,소화가 잘되는 우유로 만든 바닐라라떼 250mL,172,,Expecting value: line 2 column 512 (char 512)
소화가 잘되는 우유로 만든 바닐라라떼 250mL|175,소화가 잘되는 우유로 만든 바닐라라떼 250mL,175,,Expecting value: line 2 column 512 (char 512)
소화가 잘되는 우유로 만든 바닐라라떼 250mL|176,소화가 잘되는 우유로 만든 바닐라라떼 250mL,176,,Expecting value: line 2 column 512 (char 512)
소화가 잘되는 우유로 만든 바닐라라떼 250mL|177,소화가 잘되는 우유로 만든 바닐라라떼 250mL,177,,Expecting value: line 2 column 512 (char 512)
소화가 잘되는 우유로 만든 바닐라라떼 250mL|178,소화가 잘되는 우유로 만든 바닐라라떼 250mL,178,,Expecting value: line 2 column 512 (char 512)
소화가 잘되는 우유로 만든 바닐라라떼 250mL|180,소화가 잘되는 우유로 만든 바닐라라떼 250mL,180,,Expecting value: line 2 column 512 (char 512)
소화가 잘되는 우유로 만든 바닐라라떼 250mL|179,소화가 잘되는 우유로 만든 바닐라라떼 250mL,179,,Expecting value: line 2 column 512 (char 512)
소화가 잘되는 우유로 만든 바닐라라떼 250mL|181,소화가 잘되는 우유로 만든 바닐라라떼 250mL,181,,Expecting value: line 2 column 512 (char 512)
소화가 잘되는 우유로 만든 바닐라라떼 250mL|182,소화가 잘되는 우유로 만든 바닐라라떼 250mL,182,,Expecting value: line 2 column 512 (char 512)
소화가 잘되는 우유로 만든 바닐라라떼 250mL|184,소화가 잘되는 우유로 만든 바닐라라떼 250mL,184,,Expecting value: line 2 column 512 (char 512)
소화가 잘되는 우유로 만든 바닐라라떼 250mL|186,소화가 잘되는 우유로 만든 바닐라라떼 250mL,186,,Expecting value: line 2 column 512 (char 512)
소화가 잘되는 우유로 만든 바닐라라떼 250mL|183,소화가 잘되는 우유로 만든 바닐라라떼 250mL,183,,Expecting value: line 2 column 512 (char 512)
소화가 잘되는 우유로 만든 바닐라라떼 250mL|185,소화가 잘되는 우유로 만든 바닐라라떼 250mL,185,,Expecting value: line 2 column 512 (char 512)
소화가 잘되는 우유로 만든 바닐라라떼 250mL|188,소화가 잘되는 우유로 만든 바닐라라떼 250mL,188,,Expecting value: line 2 column 512 (char 512)
소화가 잘되는 우유로 만든 바닐라라떼 250mL|187,소화가 잘되는 우유로 만든 바닐라라떼 250mL,187,,Expecting value: line 2 column 512 (char 512)
소화가 잘되는 우유로 만든 바닐라라떼 250mL|190,소화가 잘되는 우유로 만든 바닐라라떼 250mL,190,,Expecting value: line 2 column 512 (char 512)
소화가 잘되는 우유로 만든 바닐라라떼 250mL|189,소화가 잘되는 우유로 만든 바닐라라떼 250mL,189,,Expecting value: line 2 column 512 (char 512)
소화가 잘되는 우유로 만든 바닐라라떼 250mL|191,소화가 잘되는 우유로 만든 바닐라라떼 250mL,191,,Expecting value: line 2 column 512 (char 512)
소화가 잘되는 우유로 만든 바닐라라떼 250mL|192,소화가 잘되는 우유로 만든 바닐라라떼 250mL,192,,Expecting value: line 2 column 512 (char 512)
소화가 잘되는 우유로 만든 바닐라라떼 250mL|194,소화가 잘되는 우유로 만든 바닐라라떼 250mL,194,,Expecting value: line 2 column 512 (char 512)
소화가 잘되는 우유로 만든 바닐라라떼 250mL|193,소화가 잘되는 우유로 만든 바닐라라떼 250mL,193,,Expecting value: line 2 column 512 (char 512)
소화가 잘되는 우유로 만든 바닐라라떼 250mL|196,소화가 잘되는 우유로 만든 바닐라라떼 250mL,196,,Expecting value: line 2 column 512 (char 512)
소화가 잘되는 우유로 만든 바닐라라떼 250mL|197,소화가 잘되는 우유로 만든 바닐라라떼 250mL,197,,Expecting value: line 2 column 512 (char 512)
소화가 잘되는 우유로 만든 바닐라라떼 250mL|195,소화가 잘되는 우유로 만든 바닐라라떼 250mL,195,,Expecting value: line 2 column 512 (char 512)
소화가 잘되는 우유로 만든 바닐라라떼 250mL|198,소화가 잘되는 우유로 만든 바닐라라떼 250mL,198,,Expecting value: line 2 column 512 (char 512)
소화가 잘되는 우유로 만든 바닐라라떼 250mL|203,소화가 잘되는 우유로 만든 바닐라라떼 250mL,203,"{""product_name"": ""소화가 잘되는 우유로 만든 바닐라라떼 250mL"", ""persona_key"": 203, ""purchase_behavior_prediction"": {""purchase_probability_pct"": 75, ""reason"": ""이 페르소나는 '실속형 미식가'로, 편리함과 새로운 맛을 중시합니다. HMR 선호도가 높아 간편하게 소비할 수 있는 제품에 긍정적인 반응을 보일 것입니다. 제품의 특징인 건강식품, 간편함, 단맛, 고소한맛은 이 소비자의 취향에 잘 맞아 매력적입니다. 또한, 가격이 1,400원으로 경쟁 제품의 가격대(865원 ~ 1,072원)보다 다소 높은 편이지만, 가격에 대한 민감도가 낮고 효율성과 맛을 중시하는 경향이 있어 구매를 고려할 가능성이 높습니다."", ""monthly_purchase_frequency"": 4}}",
소화가 잘되는 우유로 만든 바닐라라떼 250mL|200,소화가 잘되는 우유로 만든 바닐라라떼 250mL,200,"{""product_name"": ""소화가 잘되는 우유로 만든 바닐라라떼 250mL"", ""persona_key"": 200, ""purchase_behavior_prediction"": {""purchase_probability_pct"": 85, ""reason"": ""이 페르소나는 '실속형 미식가'로, 편리성과 맛을 동시에 중시합니다. HMR(가정간편식) 선호도가 높아 간편한 제품에 대한 수요가 크며, 건강식품으로서의 특성과 유당불내증을 고려한 제품의 특성이 매력적입니다. 또한, 가격이 1,400원으로 경쟁 제품의 가격대(865원 ~ 1,072원)보다 다소 높은 편이지만, 품질과 간편함을 중시하는 이 소비자는 가격에 대한 민감도가 낮아 구매를 결정할 가능성이 높습니다. 따라서, 이 제품은 페르소나의 요구를 충족시키며, 광고와 프로모션이 진행되는 시점에 구매가 촉진될 것으로 예상됩니다."", ""monthly_purchase_frequency"": 4}}",
소화가 잘되는 우유로 만든 바닐라라떼 250mL|202,소화가 잘되는 우유로 만든 바닐라라떼 250mL,202,,Expecting value: line 2 column 512 (char 512)
소화가 잘되는 우유로 만든 바닐라라떼 250mL|201,소화가 잘되는 우유로 만든 바닐라라떼 250mL,201,,Expecting value: line 2 column 512 (char 512)
소화가 잘되는 우유로 만든 바닐라라떼 250mL|199,소화가 잘되는 우유로 만든 바닐라라떼 250mL,199,,Expecting value: line 2 column 512 (char 512)
소화가 잘되는 우유로 만든 바닐라라떼 250mL|206,소화가 잘되는 우유로 만든 바닐라라떼 250mL,206,,Expecting value: line 2 column 512 (char 512)
소화가 잘되는 우유로 만든 바닐라라떼 250mL|207,소화가 잘되는 우유로 만든 바닐라라떼 250mL,207,,Expecting value: line 2 column 512 (char 512)
소화가 잘되는 우유로 만든 바닐라라떼 250mL|208,소화가 잘되는 우유로 만든 바닐라라떼 250mL,208,,Expecting value: line 2 column 512 (char 512)
소화가 잘되는 우유로 만든 바닐라라떼 250mL|204,소화가 잘되는 우유로 만든 바닐라라떼 250mL,204,,Expecting value: line 2 column 512 (char 512)
소화가 잘되는 우유로 만든 바닐라라떼 250mL|205,소화가 잘되는 우유로 만든 바닐라라떼 250mL,205,,Expecting value: line 2 column 512 (char 512)
소화가 잘되는 우유로 만든 바닐라라떼 250mL|209,소화가 잘되는 우유로 만든 바닐라라떼 250mL,209,,Expecting value: line 2 column 512 (char 512)
소화가 잘되는 우유로 만든 바닐라라떼 250mL|210,소화가 잘되는 우유로 만든 바닐라라떼 250mL,210,,Expecting value: line 2 column 512 (char 512)
소화가 잘되는 우유로 만든 바닐라라떼 250mL|212,소화가 잘되는 우유로 만든 바닐라라떼 250mL,212,,Expecting value: line 2 column 512 (char 512)
소화가 잘되는 우유로 만든 바닐라라떼 250mL|213,소화가 잘되는 우유로 만든 바닐라라떼 250mL,213,,Expecting value: line 2 column 512 (char 512)
소화가 잘되는 우유로 만든 바닐라라떼 250mL|216,소화가 잘되는 우유로 만든 바닐라라떼 250mL,216,"{""product_name"": ""소화가 잘되는 우유로 만든 바닐라라떼 250mL"", ""persona_key"": 216, ""purchase_behavior_prediction"": {""purchase_probability_pct"": 85, ""reason"": ""이 소비자는 건강을 최우선으로 고려하는 프리미엄 소비자 그룹에 속하며, HMR(가정간편식) 선호도가 높습니다. 제품의 주요 특징인 '건강식품', '간편함', 그리고 '단맛'은 이 소비자의 건강 지향성과 편리함을 중시하는 구매 동기와 잘 맞아떨어집니다. 또한, 유당불내증을 타겟으로 한 제품이므로, 해당 소비자는 우유 제품에 대한 거부감이 없을 것입니다. 가격은 1,400원으로, 경쟁 제품의 가격대(865원 ~ 1,072원)보다 다소 높은 편이지만, 이 소비자는 가격에 대한 민감도가 낮고 프리미엄 제품에 대한 선호가 강하므로, 가격이 구매 결정에 큰 영향을 미치지 않을 것입니다. 따라서 이 소비자는 이 제품을 구매할 가능성이 높습니다."", ""monthly_purchase_frequency"": 4}}",
소화가 잘되는 우유로 만든 바닐라라떼 250mL|211,소화가 잘되는 우유로 만든 바닐라라떼 250mL,211,,Expecting value: line 2 column 512 (char 512)
소화가 잘되는 우유로 만든 바닐라라떼 250mL|215,소화가 잘되는 우유로 만든 바닐라라떼 250mL,215,,Expecting value: line 2 column 512 (char 512)
소화가 잘되는 우유로 만든 바닐라라떼 250mL|214,소화가 잘되는 우유로 만든 바닐라라떼 250mL,214,,Expecting value: line 2 column 512 (char 512)
소화가 잘되는 우유로 만든 바닐라라떼 250mL|217,소화가 잘되는 우유로 만든 바닐라라떼 250mL,217,,Expecting value: line 2 column 512 (char 512)
소화가 잘되는 우유로 만든 바닐라라떼 250mL|218,소화가 잘되는 우유로 만든 바닐라라떼 250mL,218,,Expecting value: line 2 column 512 (char 512)
소화가 잘되는 우유로 만든 바닐라라떼 250mL|219,소화가 잘되는 우유로 만든 바닐라라떼 250mL,219,"{""product_name"": ""소화가 잘되는 우유로 만든 바닐라라떼 250mL"", ""persona_key"": 219, ""purchase_behavior_prediction"": {""purchase_probability_pct"": 85, ""reason"": ""이 페르소나는 '건강 추구형 소비자'로, HMR(가정간편식) 선호도가 매우 높습니다(0.843). 제품의 주요 특징인 '건강식품', '간편함'은 이 소비자의 구매 동기와 잘 맞아떨어집니다. 특히, 유당불내증을 고려한 제품으로, 건강과 편리함을 동시에 제공하여 이 소비자가 선호할 가능성이 큽니다. 가격은 1,400원으로, 경쟁 제품의 가격대(865원 ~ 1,072원)보다 다소 높은 편이지만, 이 페르소나는 가격보다 건강과 편리성을 우선시하기 때문에 큰 저항이 없을 것입니다. 따라서 이 제품에 대한 구매 확률은 85%로 예측됩니다."", ""monthly_purchase_frequency"": 4}}",
소화가 잘되는 우유로 만든 바닐라라떼 250mL|221,소화가 잘되는 우유로 만든 바닐라라떼 250mL,221,"{""product_name"": ""소화가 잘되는 우유로 만든 바닐라라떼 250mL"", ""persona_key"": 221, ""purchase_behavior_prediction"": {""purchase_probability_pct"": 85, ""reason"": ""이 페르소나는 '건강 추구형 소비자'로, 건강과 편리성을 중시하며 HMR(가정간편식) 제품에 대한 선호도가 높습니다. 제품의 주요 특징인 '건강식품', '간편함', '단맛', '고소한맛'은 이 소비자의 건강 지향성과 편리함을 충족시켜줄 수 있습니다. 특히, 유당불내증을 가진 소비자에게 적합한 제품으로, 건강을 최우선으로 고려하는 이 페르소나에게 매력적입니다. 가격은 1,400원으로, 경쟁 제품의 가격대(865원 ~ 1,072원)보다 다소 높은 편이지만, 가격 민감도가 낮은 이 소비자는 품질과 건강을 고려하여 기꺼이 지출할 가능성이 높습니다."", ""monthly_purchase_frequency"": 4}}",
소화가 잘되는 우유로 만든 바닐라라떼 250mL|222,소화가 잘되는 우유로 만든 바닐라라떼 250mL,222,,Expecting value: line 2 column 512 (char 512)
소화가 잘되는 우유로 만든 바닐라라떼 250mL|220,소화가 잘되는 우유로 만든 바닐라라떼 250mL,220,,Expecting value: line 2 column 512 (char 512)
소화가 잘되는 우유로 만든 바닐라라떼 250mL|223,소화가 잘되는 우유로 만든 바닐라라떼 250mL,223,"{""product_name"": ""소화가 잘되는 우유로 만든 바닐라라떼 250mL"", ""persona_key"": 223, ""purchase_behavior_prediction"": {""purchase_probability_pct"": 85, ""reason"": ""이 페르소나는 '건강 추구형 소비자'로, HMR(가정간편식) 선호도가 높고 건강과 편리성을 중시합니다. 제품은 유당불내증 소비자를 타겟으로 하여 건강식품으로서의 특성을 가지고 있으며, 간편하게 소비할 수 있는 형태로 제공됩니다. 가격이 1,400원으로 경쟁 제품의 가격대(865원 ~ 1,072원)보다 다소 높은 편이지만, 이 소비자는 가격보다는 건강과 편리함을 우선시하기 때문에 긍정적인 반응을 보일 것입니다. 또한, 브랜드 충성도가 높고 건강 지향적인 소비 성향이 강해, 제품에 대한 신뢰도가 높습니다."", ""monthly_purchase_frequency"": 4}}",
소화가 잘되는 우유로 만든 바닐라라떼 250mL|225,소화가 잘되는 우유로 만든 바닐라라떼 250mL,225,"{""product_name"": ""소화가 잘되는 우유로 만든 바닐라라떼 250mL"", ""persona_key"": 225, ""purchase_behavior_prediction"": {""purchase_probability_pct"": 85, ""reason"": ""이 페르소나는 건강을 최우선으로 고려하는 소비자로, HMR(가정간편식) 선호도가 매우 높습니다. 제품의 '소화가 잘되는 우유로 만든 바닐라라떼'는 유당불내증을 가진 소비자에게 적합하며, 건강식품으로서의 특성과 간편함이 이 소비자의 요구를 충족시킵니다. 또한, 가격이 1,400원으로 시장 경쟁 환경에서 상대적으로 합리적인 수준이며, 경쟁 제품의 가격대가 865원에서 1,072원 사이인 점을 고려할 때, 가격에 대한 민감도가 낮은 이 소비자는 품질과 건강을 중시하여 구매할 가능성이 높습니다."", ""monthly_purchase_frequency"": 4}}",
소화가 잘되는 우유로 만든 바닐라라떼 250mL|228,소화가 잘되는 우유로 만든 바닐라라떼 250mL,228,,Expecting value: line 2 column 512 (char 512)
소화가 잘되는 우유로 만든 바닐라라떼 250mL|224,소화가 잘되는 우유로 만든 바닐라라떼 250mL,224,,Expecting value: line 2 column 512 (char 512)
소화가 잘되는 우유로 만든 바닐라라떼 250mL|229,소화가 잘되는 우유로 만든 바닐라라떼 250mL,229,,Expecting value: line 2 column 512 (char 512)
소화가 잘되는 우유로 만든 바닐라라떼 250mL|226,소화가 잘되는 우유로 만든 바닐라라떼 250mL,226,,Expecting value: line 2 column 512 (char 512)
소화가 잘되는 우유로 만든 바닐라라떼 250mL|230,소화가 잘되는 우유로 만든 바닐라라떼 250mL,230,,Expecting value: line 2 column 512 (char 512)
소화가 잘되는 우유로 만든 바닐라라떼 250mL|227,소화가 잘되는 우유로 만든 바닐라라떼 250mL,227,,Expecting value: line 2 column 512 (char 512)
소화가 잘되는 우유로 만든 바닐라라떼 250mL|233,소화가 잘되는 우유로 만든 바닐라라떼 250mL,233,,Expecting value: line 2 column 512 (char 512)
소화가 잘되는 우유로 만든 바닐라라떼 250mL|232,소화가 잘되는 우유로 만든 바닐라라떼 250mL,232,,Expecting value: line 2 column 512 (char 512)
소화가 잘되는 우유로 만든 바닐라라떼 250mL|235,소화가 잘되는 우유로 만든 바닐라라떼 250mL,235,,Expecting value: line 2 column 512 (char 512)
소화가 잘되는 우유로 만든 바닐라라떼 250mL|234,소화가 잘되는 우유로 만든 바닐라라떼 250mL,234,,Expecting value: line 2 column 512 (char 512)
소화가 잘되는 우유로 만든 바닐라라떼 250mL|231,소화가 잘되는 우유로 만든 바닐라라떼 250mL,231,,Expecting value: line 2 column 512 (char 512)
소화가 잘되는 우유로 만든 바닐라라떼 250mL|236,소화가 잘되는 우유로 만든 바닐라라떼 250mL,236,,Expecting value: line 2 column 512 (char 512)
소화가 잘되는 우유로 만든 바닐라라떼 250mL|238,소화가 잘되는 우유로 만든 바닐라라떼 250mL,238,,Expecting value: line 2 column 512 (char 512)
소화가 잘되는 우유로 만든 바닐라라떼 250mL|239,소화가 잘되는 우유로 만든 바닐라라떼 250mL,239,,Expecting value: line 2 column 512 (char 512)
소화가 잘되는 우유로 만든 바닐라라떼 250mL|237,소화가 잘되는 우유로 만든 바닐라라떼 250mL,237,,Expecting value: line 2 column 512 (char 512)
소화가 잘되는 우유로 만든 바닐라라떼 250mL|240,소화가 잘되는 우유로 만든 바닐라라떼 250mL,240,,Expecting value: line 2 column 512 (char 512)
소화가 잘되는 우유로 만든 바닐라라떼 250mL|241,소화가 잘되는 우유로 만든 바닐라라떼 250mL,241,,Expecting value: line 2 column 512 (char 512)
소화가 잘되는 우유로 만든 바닐라라떼 250mL|243,소화가 잘되는 우유로 만든 바닐라라떼 250mL,243,,Expecting value: line 2 column 512 (char 512)
소화가 잘되는 우유로 만든 바닐라라떼 250mL|244,소화가 잘되는 우유로 만든 바닐라라떼 250mL,244,,Expecting value: line 2 column 512 (char 512)
소화가 잘되는 우유로 만든 바닐라라떼 250mL|242,소화가 잘되는 우유로 만든 바닐라라떼 250mL,242,,Expecting value: line 2 column 512 (char 512)
소화가 잘되는 우유로 만든 바닐라라떼 250mL|245,소화가 잘되는 우유로 만든 바닐라라떼 250mL,245,,Expecting value: line 2 column 512 (char 512)
소화가 잘되는 우유로 만든 바닐라라떼 250mL|247,소화가 잘되는 우유로 만든 바닐라라떼 250mL,247,,Expecting value: line 2 column 512 (char 512)
소화가 잘되는 우유로 만든 바닐라라떼 250mL|246,소화가 잘되는 우유로 만든 바닐라라떼 250mL,246,,Expecting value: line 2 column 512 (char 512)
소화가 잘되는 우유로 만든 바닐라라떼 250mL|248,소화가 잘되는 우유로 만든 바닐라라떼 250mL,248,,Expecting value: line 2 column 512 (char 512)
소화가 잘되는 우유로 만든 바닐라라떼 250mL|249,소화가 잘되는 우유로 만든 바닐라라떼 250mL,249,"{""product_name"": ""소화가 잘되는 우유로 만든 바닐라라떼 250mL"", ""persona_key"": 249, ""purchase_behavior_prediction"": {""purchase_probability_pct"": 75, ""reason"": ""이 페르소나는 HMR(가정간편식) 선호도가 높고, 건강식품에 대한 관심이 있으며, 간편함을 중시하는 경향이 강합니다. 제품은 유당불내증을 고려하여 만들어졌고, 간편하게 소비할 수 있는 형태로 제공되므로 이 소비자에게 매력적입니다. 또한, 가격이 1,400원으로 경쟁 제품의 가격대(865원 ~ 1,072원)보다 다소 높은 편이지만, 브랜드 충성도가 높고 새로운 제품을 경험하고 공유하려는 성향이 있어 구매를 유도할 수 있습니다. 따라서, 이 소비자는 제품의 건강성과 간편함을 고려하여 구매할 가능성이 높습니다."", ""monthly_purchase_frequency"": 4}}",
소화가 잘되는 우유로 만든 바닐라라떼 250mL|250,소화가 잘되는 우유로 만든 바닐라라떼 250mL,250,,Expecting value: line 2 column 512 (char 512)
소화가 잘되는 우유로 만든 바닐라라떼 250mL|255,소화가 잘되는 우유로 만든 바닐라라떼 250mL,255,,Expecting value: line 2 column 512 (char 512)
소화가 잘되는 우유로 만든 바닐라라떼 250mL|251,소화가 잘되는 우유로 만든 바닐라라떼 250mL,251,,Expecting value: line 2 column 512 (char 512)
소화가 잘되는 우유로 만든 바닐라라떼 250mL|252,소화가 잘되는 우유로 만든 바닐라라떼 250mL,252,,Expecting value: line 2 column 512 (char 512)
소화가 잘되는 우유로 만든 바닐라라떼 250mL|253,소화가 잘되는 우유로 만든 바닐라라떼 250mL,253,,Expecting value: line 2 column 512 (char 512)
소화가 잘되는 우유로 만든 바닐라라떼 250mL|256,소화가 잘되는 우유로 만든 바닐라라떼 250mL,256,,Expecting value: line 2 column 512 (char 512)
소화가 잘되는 우유로 만든 바닐라라떼 250mL|258,소화가 잘되는 우유로 만든 바닐라라떼 250mL,258,,Expecting value: line 2 column 512 (char 512)
소화가 잘되는 우유로 만든 바닐라라떼 250mL|254,소화가 잘되는 우유로 만든 바닐라라떼 250mL,254,,Expecting value: line 2 column 512 (char 512)
소화가 잘되는 우유로 만든 바닐라라떼 250mL|260,소화가 잘되는 우유로 만든 바닐라라떼 250mL,260,,Expecting value: line 2 column 512 (char 512)
소화가 잘되는 우유로 만든 바닐라라떼 250mL|264,소화가 잘되는 우유로 만든 바닐라라떼 250mL,264,"{""product_name"": ""소화가 잘되는 우유로 만든 바닐라라떼 250mL"", ""persona_key"": 264, ""purchase_behavior_prediction"": {""purchase_probability_pct"": 75, ""reason"": ""이 페르소나는 '실속형 미식가'로, 편리함과 맛을 중시하며 새로운 제품을 시도하는 데 적극적입니다. HMR(가정간편식) 선호도가 높아, 간편하게 소비할 수 있는 바닐라라떼는 매력적입니다. 또한, 건강 지향성이 높고 유당불내증을 고려한 제품으로, 건강식품으로서의 특성이 긍정적으로 작용할 것입니다. 가격은 1,400원으로, 경쟁 제품의 가격대(865원 ~ 1,072원)보다 다소 높은 편이지만, 가격에 대한 민감도가 낮은 편이므로 구매를 고려할 가능성이 큽니다. 이러한 요소들이 결합되어 구매 확률을 75%로 예측합니다."", ""monthly_purchase_frequency"": 4}}",
소화가 잘되는 우유로 만든 바닐라라떼 250mL|257,소화가 잘되는 우유로 만든 바닐라라떼 250mL,257,,Expecting value: line 2 column 512 (char 512)
소화가 잘되는 우유로 만든 바닐라라떼 250mL|262,소화가 잘되는 우유로 만든 바닐라라떼 250mL,262,,Expecting value: line 2 column 512 (char 512)
소화가 잘되는 우유로 만든 바닐라라떼 250mL|259,소화가 잘되는 우유로 만든 바닐라라떼 250mL,259,,Expecting value: line 2 column 512 (char 512)
소화가 잘되는 우유로 만든 바닐라라떼 250mL|261,소화가 잘되는 우유로 만든 바닐라라떼 250mL,261,,Expecting value: line 2 column 512 (char 512)
소화가 잘되는 우유로 만든 바닐라라떼 250mL|263,소화가 잘되는 우유로 만든 바닐라라떼 250mL,263,,Expecting value: line 2 column 512 (char 512)
소화가 잘되는 우유로 만든 바닐라라떼 250mL|267,소화가 잘되는 우유로 만든 바닐라라떼 250mL,267,,Expecting value: line 2 column 512 (char 512)
소화가 잘되는 우유로 만든 바닐라라떼 250mL|265,소화가 잘되는 우유로 만든 바닐라라떼 250mL,265,,Expecting value: line 2 column 512 (char 512)
소화가 잘되는 우유로 만든 바닐라라떼 250mL|266,소화가 잘되는 우유로 만든 바닐라라떼 250mL,266,,Expecting value: line 2 column 512 (char 512)
소화가 잘되는 우유로 만든 바닐라라떼 250mL|268,소화가 잘되는 우유로 만든 바닐라라떼 250mL,268,,Expecting value: line 2 column 512 (char 512)
소화가 잘되는 우유로 만든 바닐라라떼 250mL|269,소화가 잘되는 우유로 만든 바닐라라떼 250mL,269,,Expecting value: line 2 column 512 (char 512)
소화가 잘되는 우유로 만든 바닐라라떼 250mL|272,소화가 잘되는 우유로 만든 바닐라라떼 250mL,272,,Expecting value: line 2 column 512 (char 512)
소화가 잘되는 우유로 만든 바닐라라떼 250mL|274,소화가 잘되는 우유로 만든 바닐라라떼 250mL,274,,Expecting value: line 2 column 512 (char 512)
소화가 잘되는 우유로 만든 바닐라라떼 250mL|270,소화가 잘되는 우유로 만든 바닐라라떼 250mL,270,,Expecting value: line 2 column 512 (char 512)
소화가 잘되는 우유로 만든 바닐라라떼 250mL|276,소화가 잘되는 우유로 만든 바닐라라떼 250mL,276,,Expecting value: line 2 column 512 (char 512)
소화가 잘되는 우유로 만든 바닐라라떼 250mL|271,소화가 잘되는 우유로 만든 바닐라라떼 250mL,271,,Expecting value: line 2 column 512 (char 512)
소화가 잘되는 우유로 만든 바닐라라떼 250mL|273,소화가 잘되는 우유로 만든 바닐라라떼 250mL,273,,Expecting value: line 2 column 512 (char 512)
소화가 잘되는 우유로 만든 바닐라라떼 250mL|280,소화가 잘되는 우유로 만든 바닐라라떼 250mL,280,,Expecting value: line 2 column 512 (char 512)
소화가 잘되는 우유로 만든 바닐라라떼 250mL|275,소화가 잘되는 우유로 만든 바닐라라떼 250mL,275,,Expecting value: line 2 column 512 (char 512)
소화가 잘되는 우유로 만든 바닐라라떼 250mL|277,소화가 잘되는 우유로 만든 바닐라라떼 250mL,277,,Expecting value: line 2 column 512 (char 512)
소화가 잘되는 우유로 만든 바닐라라떼 250mL|278,소화가 잘되는 우유로 만든 바닐라라떼 250mL,278,,Expecting value: line 2 column 512 (char 512)
소화가 잘되는 우유로 만든 바닐라라떼 250mL|279,소화가 잘되는 우유로 만든 바닐라라떼 250mL,279,,Expecting value: line 2 column 512 (char 512)
소화가 잘되는 우유로 만든 바닐라라떼 250mL|286,소화가 잘되는 우유로 만든 바닐라라떼 250mL,286,,Expecting value: line 2 column 512 (char 512)
소화가 잘되는 우유로 만든 바닐라라떼 250mL|281,소화가 잘되는 우유로 만든 바닐라라떼 250mL,281,,Expecting value: line 2 column 512 (char 512)
소화가 잘되는 우유로 만든 바닐라라떼 250mL|282,소화가 잘되는 우유로 만든 바닐라라떼 250mL,282,,Expecting value: line 2 column 512 (char 512)
소화가 잘되는 우유로 만든 바닐라라떼 250mL|284,소화가 잘되는 우유로 만든 바닐라라떼 250mL,284,,Expecting value: line 2 column 512 (char 512)
소화가 잘되는 우유로 만든 바닐라라떼 250mL|283,소화가 잘되는 우유로 만든 바닐라라떼 250mL,283,,Expecting value: line 2 column 512 (char 512)
소화가 잘되는 우유로 만든 바닐라라떼 250mL|285,소화가 잘되는 우유로 만든 바닐라라떼 250mL,285,,Expecting value: line 2 column 512 (char 512)
소화가 잘되는 우유로 만든 바닐라라떼 250mL|287,소화가 잘되는 우유로 만든 바닐라라떼 250mL,287,,Expecting value: line 2 column 512 (char 512)
소화가 잘되는 우유로 만든 바닐라라떼 250mL|288,소화가 잘되는 우유로 만든 바닐라라떼 250mL,288,,Expecting value: line 2 column 512 (char 512)
소화가 잘되는 우유로 만든 바닐라라떼 250mL|292,소화가 잘되는 우유로 만든 바닐라라떼 250mL,292,,Expecting value: line 2 column 512 (char 512)
소화가 잘되는 우유로 만든 바닐라라떼 250mL|289,소화가 잘되는 우유로 만든 바닐라라떼 250mL,289,,Expecting value: line 2 column 512 (char 512)
소화가 잘되는 우유로 만든 바닐라라떼 250mL|290,소화가 잘되는 우유로 만든 바닐라라떼 250mL,290,,Expecting value: line 2 column 512 (char 512)
소화가 잘되는 우유로 만든 바닐라라떼 250mL|291,소화가 잘되는 우유로 만든 바닐라라떼 250mL,291,,Expecting value: line 2 column 512 (char 512)
소화가 잘되는 우유로 만든 바닐라라떼 250mL|294,소화가 잘되는 우유로 만든 바닐라라떼 250mL,294,,Expecting value: line 2 column 512 (char 512)
소화가 잘되는 우유로 만든 바닐라라떼 250mL|295,소화가 잘되는 우유로 만든 바닐라라떼 250mL,295,,Expecting value: line 2 column 512 (char 512)
소화가 잘되는 우유로 만든 바닐라라떼 250mL|297,소화가 잘되는 우유로 만든 바닐라라떼 250mL,297,,Expecting value: line 2 column 512 (char 512)
소화가 잘되는 우유로 만든 바닐라라떼 250mL|293,소화가 잘되는 우유로 만든 바닐라라떼 250mL,293,,Expecting value: line 2 column 512 (char 512)
소화가 잘되는 우유로 만든 바닐라라떼 250mL|296,소화가 잘되는 우유로 만든 바닐라라떼 250mL,296,,Expecting value: line 2 column 512 (char 512)
소화가 잘되는 우유로 만든 바닐라라떼 250mL|302,소화가 잘되는 우유로 만든 바닐라라떼 250mL,302,,Expecting value: line 2 column 512 (char 512)
소화가 잘되는 우유로 만든 바닐라라떼 250mL|299,소화가 잘되는 우유로 만든 바닐라라떼 250mL,299,,Expecting value: line 2 column 512 (char 512)
소화가 잘되는 우유로 만든 바닐라라떼 250mL|298,소화가 잘되는 우유로 만든 바닐라라떼 250mL,298,,Expecting value: line 2 column 512 (char 512)
소화가 잘되는 우유로 만든 바닐라라떼 250mL|300,소화가 잘되는 우유로 만든 바닐라라떼 250mL,300,,Expecting value: line 2 column 512 (char 512)
소화가 잘되는 우유로 만든 바닐라라떼 250mL|301,소화가 잘되는 우유로 만든 바닐라라떼 250mL,301,,Expecting value: line 2 column 512 (char 512)
소화가 잘되는 우유로 만든 바닐라라떼 250mL|303,소화가 잘되는 우유로 만든 바닐라라떼 250mL,303,,Expecting value: line 2 column 512 (char 512)
소화가 잘되는 우유로 만든 바닐라라떼 250mL|306,소화가 잘되는 우유로 만든 바닐라라떼 250mL,306,,Expecting value: line 2 column 512 (char 512)
소화가 잘되는 우유로 만든 바닐라라떼 250mL|304,소화가 잘되는 우유로 만든 바닐라라떼 250mL,304,,Expecting value: line 2 column 512 (char 512)
소화가 잘되는 우유로 만든 바닐라라떼 250mL|310,소화가 잘되는 우유로 만든 바닐라라떼 250mL,310,,Expecting value: line 2 column 512 (char 512)
소화가 잘되는 우유로 만든 바닐라라떼 250mL|305,소화가 잘되는 우유로 만든 바닐라라떼 250mL,305,,Expecting value: line 2 column 512 (char 512)
소화가 잘되는 우유로 만든 바닐라라떼 250mL|308,소화가 잘되는 우유로 만든 바닐라라떼 250mL,308,,Expecting value: line 2 column 512 (char 512)
소화가 잘되는 우유로 만든 바닐라라떼 250mL|307,소화가 잘되는 우유로 만든 바닐라라떼 250mL,307,,Expecting value: line 2 column 512 (char 512)
소화가 잘되는 우유로 만든 바닐라라떼 250mL|309,소화가 잘되는 우유로 만든 바닐라라떼 250mL,309,,Expecting value: line 2 column 512 (char 512)
소화가 잘되는 우유로 만든 바닐라라떼 250mL|311,소화가 잘되는 우유로 만든 바닐라라떼 250mL,311,,Expecting value: line 2 column 512 (char 512)
소화가 잘되는 우유로 만든 바닐라라떼 250mL|312,소화가 잘되는 우유로 만든 바닐라라떼 250mL,312,,Expecting value: line 2 column 512 (char 512)
소화가 잘되는 우유로 만든 바닐라라떼 250mL|315,소화가 잘되는 우유로 만든 바닐라라떼 250mL,315,,Expecting value: line 2 column 512 (char 512)
소화가 잘되는 우유로 만든 바닐라라떼 250mL|313,소화가 잘되는 우유로 만든 바닐라라떼 250mL,313,,Expecting value: line 2 column 512 (char 512)
소화가 잘되는 우유로 만든 바닐라라떼 250mL|318,소화가 잘되는 우유로 만든 바닐라라떼 250mL,318,,Expecting value: line 2 column 512 (char 512)
소화가 잘되는 우유로 만든 바닐라라떼 250mL|314,소화가 잘되는 우유로 만든 바닐라라떼 250mL,314,,Expecting value: line 2 column 512 (char 512)
소화가 잘되는 우유로 만든 바닐라라떼 250mL|317,소화가 잘되는 우유로 만든 바닐라라떼 250mL,317,,Expecting value: line 2 column 512 (char 512)
소화가 잘되는 우유로 만든 바닐라라떼 250mL|319,소화가 잘되는 우유로 만든 바닐라라떼 250mL,319,"{""product_name"": ""소화가 잘되는 우유로 만든 바닐라라떼 250mL"", ""persona_key"": 319, ""purchase_behavior_prediction"": {""purchase_probability_pct"": 85, ""reason"": ""이 페르소나는 '실속형 미식가'로, 편리성과 새로운 맛을 중시합니다. HMR 선호도가 높아 간편한 식품을 선호하며, 건강 지향적인 제품에 대한 관심도 큽니다. 제품의 특징인 건강식품, 간편함, 단맛, 고소한맛은 이 소비자에게 매력적입니다. 가격은 1,400원으로, 경쟁 제품의 가격대(865원 ~ 1,072원)보다 다소 높은 편이지만, 이 소비자는 가격에 민감하기보다는 효율성과 맛을 중시하기 때문에 긍정적으로 받아들일 가능성이 높습니다. 따라서 이 제품은 페르소나의 구매 동기에 잘 부합하여 높은 구매 확률을 보입니다."", ""monthly_purchase_frequency"": 4}}",
소화가 잘되는 우유로 만든 바닐라라떼 250mL|316,소화가 잘되는 우유로 만든 바닐라라떼 250mL,316,,Expecting value: line 2 column 512 (char 512)
소화가 잘되는 우유로 만든 바닐라라떼 250mL|321,소화가 잘되는 우유로 만든 바닐라라떼 250mL,321,"{""product_name"": ""소화가 잘되는 우유로 만든 바닐라라떼 250mL"", ""persona_key"": 321, ""purchase_behavior_prediction"": {""purchase_probability_pct"": 75, ""reason"": ""이 페르소나는 '실속형 미식가'로서 편리함과 건강을 중시하며, HMR(가정간편식) 선호도가 높습니다. 제품의 건강식품 특성과 간편함은 이 소비자에게 매우 매력적입니다. 특히, 유당불내증을 가진 소비자에게 적합한 제품으로, 건강 지향적인 성향이 강한 이 페르소나에게 긍정적인 요소로 작용합니다. 또한, 가격이 1,400원으로 경쟁 제품의 가격대(865원 ~ 1,072원)보다 다소 높은 편이지만, 이 소비자는 가격에 민감하기보다는 효율성과 맛을 중시하므로 구매를 고려할 가능성이 높습니다."", ""monthly_purchase_frequency"": 4}}",
소화가 잘되는 우유로 만든 바닐라라떼 250mL|322,소화가 잘되는 우유로 만든 바닐라라떼 250mL,322,"{""product_name"": ""소화가 잘되는 우유로 만든 바닐라라떼 250mL"", ""persona_key"": 322, ""purchase_behavior_prediction"": {""purchase_probability_pct"": 75, ""reason"": ""이 페르소나는 '실속형 미식가'로, 편리성과 맛을 동시에 중시하며 새로운 제품을 시도하는 데 적극적입니다. 'HMR 선호도'가 높아 간편한 식품을 선호하며, 제품의 건강식품 특성과 유당불내증을 고려한 점이 긍정적입니다. 가격은 1,400원으로, 경쟁 제품의 가격대(865원 ~ 1,072원)보다 다소 높은 편이지만, 품질과 편리함을 중시하는 이 소비자에게는 수용 가능한 가격으로 보입니다. 따라서 구매 확률은 75%로 예측됩니다."", ""monthly_purchase_frequency"": 4}}",
소화가 잘되는 우유로 만든 바닐라라떼 250mL|323,소화가 잘되는 우유로 만든 바닐라라떼 250mL,323,"{""product_name"": ""소화가 잘되는 우유로 만든 바닐라라떼 250mL"", ""persona_key"": 323, ""purchase_behavior_prediction"": {""purchase_probability_pct"": 75, ""reason"": ""이 페르소나는 '실속형 미식가'로, 편리함과 새로운 맛을 중시하는 소비자입니다. HMR(가정간편식) 선호도가 높아, 간편하게 즐길 수 있는 바닐라라떼는 매력적입니다. 제품의 건강식품 특성과 유당불내증을 고려한 점도 긍정적입니다. 가격은 1,400원으로, 경쟁 제품의 가격대(865원 ~ 1,072원)보다 다소 높은 편이지만, 페르소나의 가격 민감도가 중간 수준이므로 수용 가능성이 있습니다. 따라서, 이 소비자는 제품의 효율성과 맛을 고려하여 구매할 가능성이 높습니다."", ""monthly_purchase_frequency"": 4}}",
소화가 잘되는 우유로 만든 바닐라라떼 250mL|320,소화가 잘되는 우유로 만든 바닐라라떼 250mL,320,,Expecting value: line 2 column 512 (char 512)
소화가 잘되는 우유로 만든 바닐라라떼 250mL|324,소화가 잘되는 우유로 만든 바닐라라떼 250mL,324,,Expecting value: line 2 column 512 (char 512)
소화가 잘되는 우유로 만든 바닐라라떼 250mL|325,소화가 잘되는 우유로 만든 바닐라라떼 250mL,325,,Expecting value: line 2 column 512 (char 512)
소화가 잘되는 우유로 만든 바닐라라떼 250mL|326,소화가 잘되는 우유로 만든 바닐라라떼 250mL,326,,Expecting value: line 2 column 512 (char 512)
소화가 잘되는 우유로 만든 바닐라라떼 250mL|327,소화가 잘되는 우유로 만든 바닐라라떼 250mL,327,,Expecting value: line 2 column 512 (char 512)
소화가 잘되는 우유로 만든 바닐라라떼 250mL|329,소화가 잘되는 우유로 만든 바닐라라떼 250mL,329,,Expecting value: line 2 column 512 (char 512)
소화가 잘되는 우유로 만든 바닐라라떼 250mL|328,소화가 잘되는 우유로 만든 바닐라라떼 250mL,328,,Expecting value: line 2 column 512 (char 512)
소화가 잘되는 우유로 만든 바닐라라떼 250mL|331,소화가 잘되는 우유로 만든 바닐라라떼 250mL,331,,Expecting value: line 2 column 512 (char 512)
소화가 잘되는 우유로 만든 바닐라라떼 250mL|330,소화가 잘되는 우유로 만든 바닐라라떼 250mL,330,,Expecting value: line 2 column 512 (char 512)
소화가 잘되는 우유로 만든 바닐라라떼 250mL|332,소화가 잘되는 우유로 만든 바닐라라떼 250mL,332,,Expecting value: line 2 column 512 (char 512)
소화가 잘되는 우유로 만든 바닐라라떼 250mL|334,소화가 잘되는 우유로 만든 바닐라라떼 250mL,334,"{""product_name"": ""소화가 잘되는 우유로 만든 바닐라라떼 250mL"", ""persona_key"": 334, ""purchase_behavior_prediction"": {""purchase_probability_pct"": 85, ""reason"": ""이 페르소나는 '건강 추구형 소비자'로, HMR(가정간편식) 선호도가 높고 건강과 편리성을 중시합니다. 제품은 유당불내증을 고려한 건강식품으로, 간편하게 소비할 수 있는 형태이며, 단맛과 고소한 맛이 특징입니다. 가격은 1,400원으로, 경쟁 제품의 가격대(865원 ~ 1,072원)보다 다소 높은 편이지만, 프리미엄 소비자이기 때문에 가격에 대한 민감도가 낮습니다. 따라서 이 제품의 건강과 편리함이 페르소나의 요구를 충족시켜 구매 확률이 높습니다."", ""monthly_purchase_frequency"": 4}}",
소화가 잘되는 우유로 만든 바닐라라떼 250mL|333,소화가 잘되는 우유로 만든 바닐라라떼 250mL,333,,Expecting value: line 2 column 512 (char 512)
소화가 잘되는 우유로 만든 바닐라라떼 250mL|337,소화가 잘되는 우유로 만든 바닐라라떼 250mL,337,"{""product_name"": ""소화가 잘되는 우유로 만든 바닐라라떼 250mL"", ""persona_key"": 337, ""purchase_behavior_prediction"": {""purchase_probability_pct"": 75, ""reason"": ""이 페르소나는 HMR(가정간편식) 선호도가 매우 높고, 편리함과 새로운 맛을 추구하는 '실속형 미식가'입니다. 제품은 건강식품으로 유당불내증 소비자에게 적합하며, 간편하게 섭취할 수 있는 특성을 가지고 있습니다. 가격이 1,400원으로, 경쟁 제품의 가격대(865원 ~ 1,072원)보다 다소 높은 편이지만, 이 소비자는 가격에 민감하기보다는 효율성과 맛을 중시하므로 긍정적인 반응을 보일 것입니다. 따라서, 제품의 매력적인 특성과 페르소나의 구매 동기가 잘 맞아떨어져 구매 확률이 높다고 판단됩니다."", ""monthly_purchase_frequency"": 4}}",
소화가 잘되는 우유로 만든 바닐라라떼 250mL|335,소화가 잘되는 우유로 만든 바닐라라떼 250mL,335,,Expecting value: line 2 column 512 (char 512)
소화가 잘되는 우유로 만든 바닐라라떼 250mL|336,소화가 잘되는 우유로 만든 바닐라라떼 250mL,336,,Expecting value: line 2 column 512 (char 512)
소화가 잘되는 우유로 만든 바닐라라떼 250mL|338,소화가 잘되는 우유로 만든 바닐라라떼 250mL,338,,Expecting value: line 2 column 512 (char 512)
소화가 잘되는 우유로 만든 바닐라라떼 250mL|341,소화가 잘되는 우유로 만든 바닐라라떼 250mL,341,"{""product_name"": ""소화가 잘되는 우유로 만든 바닐라라떼 250mL"", ""persona_key"": 341, ""purchase_behavior_prediction"": {""purchase_probability_pct"": 75, ""reason"": ""이 소비자는 HMR(가정간편식) 선호도가 높고, 건강식품에 대한 관심이 있으며, 간편한 제품을 선호하는 경향이 있습니다. 제품은 유당불내증 소비자를 타겟으로 하여 건강식품으로서의 매력을 가지고 있으며, 간편하게 소비할 수 있는 특성을 지니고 있습니다. 또한, 가격이 1,400원으로 경쟁 제품의 가격대(865원 ~ 1,072원)보다 다소 높은 편이지만, 브랜드 충성도가 높고 프리미엄 제품에 대한 수용성이 있어 긍정적인 반응을 이끌어낼 가능성이 큽니다. 따라서, 이 소비자는 제품의 건강성과 간편함을 고려할 때 구매할 확률이 높습니다."", ""monthly_purchase_frequency"": 4}}",
소화가 잘되는 우유로 만든 바닐라라떼 250mL|340,소화가 잘되는 우유로 만든 바닐라라떼 250mL,340,,Expecting value: line 2 column 512 (char 512)
소화가 잘되는 우유로 만든 바닐라라떼 250mL|339,소화가 잘되는 우유로 만든 바닐라라떼 250mL,339,,Expecting value: line 2 column 512 (char 512)
소화가 잘되는 우유로 만든 바닐라라떼 250mL|346,소화가 잘되는 우유로 만든 바닐라라떼 250mL,346,"{""product_name"": ""소화가 잘되는 우유로 만든 바닐라라떼 250mL"", ""persona_key"": 346, ""purchase_behavior_prediction"": {""purchase_probability_pct"": 85, ""reason"": ""이 페르소나는 HMR(가정간편식) 선호도가 매우 높고, 건강식품과 간편함을 중시하는 소비자입니다. 제품의 특징인 '소화가 잘되는 우유로 만든 바닐라라떼'는 유당불내증을 가진 소비자에게 적합하며, 건강과 편리함을 동시에 제공하므로 매력적입니다. 또한, 가격이 1,400원으로 경쟁사 제품의 가격대(865원 ~ 1,072원)보다 다소 높은 편이지만, 이 소비자는 가격보다는 효율성과 맛을 중시하는 경향이 있어 긍정적으로 받아들일 가능성이 높습니다. 따라서, 이 제품은 페르소나의 구매 동기와 잘 맞아떨어져 높은 구매 확률을 보입니다."", ""monthly_purchase_frequency"": 4}}",
소화가 잘되는 우유로 만든 바닐라라떼 250mL|342,소화가 잘되는 우유로 만든 바닐라라떼 250mL,342,,Expecting value: line 2 column 512 (char 512)
소화가 잘되는 우유로 만든 바닐라라떼 250mL|343,소화가 잘되는 우유로 만든 바닐라라떼 250mL,343,,Expecting value: line 2 column 512 (char 512)
소화가 잘되는 우유로 만든 바닐라라떼 250mL|344,소화가 잘되는 우유로 만든 바닐라라떼 250mL,344,,Expecting value: line 2 column 512 (char 512)
소화가 잘되는 우유로 만든 바닐라라떼 250mL|345,소화가 잘되는 우유로 만든 바닐라라떼 250mL,345,,Expecting value: line 2 column 512 (char 512)
소화가 잘되는 우유로 만든 바닐라라떼 250mL|348,소화가 잘되는 우유로 만든 바닐라라떼 250mL,348,,Expecting value: line 2 column 512 (char 512)
소화가 잘되는 우유로 만든 바닐라라떼 250mL|347,소화가 잘되는 우유로 만든 바닐라라떼 250mL,347,,Expecting value: line 2 column 512 (char 512)
소화가 잘되는 우유로 만든 바닐라라떼 250mL|349,소화가 잘되는 우유로 만든 바닐라라떼 250mL,349,,Expecting value: line 2 column 512 (char 512)
소화가 잘되는 우유로 만든 바닐라라떼 250mL|350,소화가 잘되는 우유로 만든 바닐라라떼 250mL,350,,Expecting value: line 2 column 512 (char 512)
소화가 잘되는 우유로 만든 바닐라라떼 250mL|351,소화가 잘되는 우유로 만든 바닐라라떼 250mL,351,,Expecting value: line 2 column 512 (char 512)
소화가 잘되는 우유로 만든 바닐라라떼 250mL|352,소화가 잘되는 우유로 만든 바닐라라떼 250mL,352,,Expecting value: line 2 column 512 (char 512)
소화가 잘되는 우유로 만든 바닐라라떼 250mL|356,소화가 잘되는 우유로 만든 바닐라라떼 250mL,356,"{""product_name"": ""소화가 잘되는 우유로 만든 바닐라라떼 250mL"", ""persona_key"": 356, ""purchase_behavior_prediction"": {""purchase_probability_pct"": 85, ""reason"": ""이 페르소나는 '건강 추구형 소비자'로, HMR(가정간편식) 선호도가 매우 높습니다(0.82). 제품의 주요 특징인 건강식품, 간편함, 단맛, 고소한 맛은 이 소비자의 건강과 편리성을 중시하는 구매 동기와 잘 맞아떨어집니다. 또한, 유당불내증을 타겟으로 한 제품이므로, 이 소비자가 유당불내증을 가지고 있을 경우 더욱 매력적일 것입니다. 가격은 1,400원으로, 경쟁 제품의 가격대(865원 ~ 1,072원)보다 다소 높은 편이지만, 프리미엄 소비자 그룹에 속하는 만큼 가격에 대한 민감도가 낮고, 건강과 편리성을 중시하기 때문에 구매를 고려할 가능성이 높습니다."", ""monthly_purchase_frequency"": 4}}",
소화가 잘되는 우유로 만든 바닐라라떼 250mL|353,소화가 잘되는 우유로 만든 바닐라라떼 250mL,353,,Expecting value: line 2 column 512 (char 512)
소화가 잘되는 우유로 만든 바닐라라떼 250mL|357,소화가 잘되는 우유로 만든 바닐라라떼 250mL,357,,Expecting value: line 2 column 512 (char 512)
소화가 잘되는 우유로 만든 바닐라라떼 250mL|355,소화가 잘되는 우유로 만든 바닐라라떼 250mL,355,,Expecting value: line 2 column 512 (char 512)
소화가 잘되는 우유로 만든 바닐라라떼 250mL|359,소화가 잘되는 우유로 만든 바닐라라떼 250mL,359,"{""product_name"": ""소화가 잘되는 우유로 만든 바닐라라떼 250mL"", ""persona_key"": 359, ""purchase_behavior_prediction"": {""purchase_probability_pct"": 75, ""reason"": ""이 페르소나는 '요리 편리성'이 가장 높은 속성으로, 간편하고 빠르게 소비할 수 있는 제품을 선호합니다. '소화가 잘되는 우유로 만든 바닐라라떼'는 건강식품으로서의 특성과 간편함을 강조하고 있어 이 소비자에게 매력적입니다. 또한, 유당불내증을 가진 소비자에게 적합한 제품으로, 이 페르소나의 건강 지향성에도 부합합니다. 시장 경쟁 환경에서 이 제품의 가격이 1,400원으로, 경쟁 제품의 가격 범위(865원 ~ 1,072원)보다 다소 높은 편이지만, 브랜드 충성도가 높은 이 소비자는 가격에 대한 민감도가 낮아 구매를 고려할 가능성이 높습니다. 따라서, 이 모든 요소를 종합적으로 고려할 때, 구매 확률은 75%로 예측됩니다."", ""monthly_purchase_frequency"": 4}}",
소화가 잘되는 우유로 만든 바닐라라떼 250mL|361,소화가 잘되는 우유로 만든 바닐라라떼 250mL,361,"{""product_name"": ""소화가 잘되는 우유로 만든 바닐라라떼 250mL"", ""persona_key"": 361, ""purchase_behavior_prediction"": {""purchase_probability_pct"": 75, ""reason"": ""이 페르소나는 HMR(가정간편식) 선호도가 높고, 간편함과 건강을 중시하는 경향이 강합니다. 제품의 특징인 '건강식품', '간편함', '단맛'은 이 소비자에게 매력적이며, 유당불내증을 타겟으로 한 제품이기 때문에 개인적인 필요를 충족시킬 수 있습니다. 또한, 가격이 1,400원으로 경쟁사 가격대(865원 ~ 1,072원)보다 다소 높은 편이지만, 브랜드 충성도가 높고 프리미엄 제품에 대한 수용성이 있어 구매를 고려할 가능성이 큽니다. 따라서, 이 소비자는 제품의 품질과 브랜드 가치를 중시하여 구매할 확률이 높습니다."", ""monthly_purchase_frequency"": 4}}",
소화가 잘되는 우유로 만든 바닐라라떼 250mL|354,소화가 잘되는 우유로 만든 바닐라라떼 250mL,354,,Expecting value: line 2 column 512 (char 512)
소화가 잘되는 우유로 만든 바닐라라떼 250mL|360,소화가 잘되는 우유로 만든 바닐라라떼 250mL,360,,Expecting value: line 2 column 512 (char 512)
소화가 잘되는 우유로 만든 바닐라라떼 250mL|358,소화가 잘되는 우유로 만든 바닐라라떼 250mL,358,,Expecting value: line 2 column 512 (char 512)
소화가 잘되는 우유로 만든 바닐라라떼 250mL|363,소화가 잘되는 우유로 만든 바닐라라떼 250mL,363,,Expecting value: line 2 column 512 (char 512)
소화가 잘되는 우유로 만든 바닐라라떼 250mL|362,소화가 잘되는 우유로 만든 바닐라라떼 250mL,362,,Expecting value: line 2 column 512 (char 512)
소화가 잘되는 우유로 만든 카페라떼 250mL|1,소화가 잘되는 우유로 만든 카페라떼 250mL,1,,Expecting value: line 2 column 512 (char 512)
소화가 잘되는 우유로 만든 카페라떼 250mL|2,소화가 잘되는 우유로 만든 카페라떼 250mL,2,,Expecting value: line 2 column 512 (char 512)
소화가 잘되는 우유로 만든 카페라떼 250mL|3,소화가 잘되는 우유로 만든 카페라떼 250mL,3,,Expecting value: line 2 column 512 (char 512)
소화가 잘되는 우유로 만든 카페라떼 250mL|4,소화가 잘되는 우유로 만든 카페라떼 250mL,4,,Expecting value: line 2 column 512 (char 512)
소화가 잘되는 우유로 만든 카페라떼 250mL|7,소화가 잘되는 우유로 만든 카페라떼 250mL,7,,Expecting value: line 2 column 512 (char 512)
소화가 잘되는 우유로 만든 카페라떼 250mL|5,소화가 잘되는 우유로 만든 카페라떼 250mL,5,,Expecting value: line 2 column 512 (char 512)
소화가 잘되는 우유로 만든 카페라떼 250mL|6,소화가 잘되는 우유로 만든 카페라떼 250mL,6,,Expecting value: line 2 column 512 (char 512)
소화가 잘되는 우유로 만든 카페라떼 250mL|8,소화가 잘되는 우유로 만든 카페라떼 250mL,8,,Expecting value: line 2 column 512 (char 512)
소화가 잘되는 우유로 만든 카페라떼 250mL|12,소화가 잘되는 우유로 만든 카페라떼 250mL,12,"{""product_name"": ""소화가 잘되는 우유로 만든 카페라떼 250mL"", ""persona_key"": 12, ""purchase_behavior_prediction"": {""purchase_probability_pct"": 75, ""reason"": ""이 소비자는 HMR(가정간편식) 선호도가 높고, 건강식품에 대한 관심이 있으며, 간편함과 고소한 맛을 중시합니다. 제품은 유당불내증을 고려하여 설계되었고, 1인 가구로서 간편한 식사 대체를 선호하는 이 소비자에게 적합합니다. 또한, 가격이 경쟁 제품보다 다소 높은 편이지만, 브랜드 충성도가 높고 새로운 제품을 경험하고 공유하려는 경향이 있어 긍정적인 반응을 보일 것입니다. 시장 경쟁 환경에서 가격이 100g당 865원에서 1,072원 사이인 점을 고려할 때, 제품 가격이 250mL 기준으로 1,400원이므로 적정 가격으로 인식될 가능성이 높습니다."", ""monthly_purchase_frequency"": 4}}",
소화가 잘되는 우유로 만든 카페라떼 250mL|9,소화가 잘되는 우유로 만든 카페라떼 250mL,9,,Expecting value: line 2 column 512 (char 512)
소화가 잘되는 우유로 만든 카페라떼 250mL|11,소화가 잘되는 우유로 만든 카페라떼 250mL,11,,Expecting value: line 2 column 512 (char 512)
소화가 잘되는 우유로 만든 카페라떼 250mL|13,소화가 잘되는 우유로 만든 카페라떼 250mL,13,,Expecting value: line 2 column 512 (char 512)
소화가 잘되는 우유로 만든 카페라떼 250mL|16,소화가 잘되는 우유로 만든 카페라떼 250mL,16,"{""product_name"": ""소화가 잘되는 우유로 만든 카페라떼 250mL"", ""persona_key"": 16, ""purchase_behavior_prediction"": {""purchase_probability_pct"": 85, ""reason"": ""이 페르소나는 '실속형 미식가'로, 편리함과 새로운 맛을 중시하는 소비자입니다. HMR 선호도가 높아 간편한 식사 대체품을 선호하며, 제품의 건강식품 특성과 고소한 맛이 매력적으로 작용할 것입니다. 가격은 1,400원으로, 경쟁 제품의 가격대(865원 ~ 1,072원)보다 다소 높은 편이지만, 이 소비자는 가격에 민감하기보다는 효율성과 맛을 중시하므로 긍정적인 구매 결정을 내릴 가능성이 높습니다. 또한, 광고와 프로모션이 예정되어 있어 소비자의 관심을 끌 수 있는 요소가 추가되어 구매 확률을 높이는 데 기여할 것입니다."", ""monthly_purchase_frequency"": 4}}",
소화가 잘되는 우유로 만든 카페라떼 250mL|14,소화가 잘되는 우유로 만든 카페라떼 250mL,14,,Expecting value: line 2 column 512 (char 512)
소화가 잘되는 우유로 만든 카페라떼 250mL|10,소화가 잘되는 우유로 만든 카페라떼 250mL,10,,Expecting value: line 2 column 512 (char 512)
소화가 잘되는 우유로 만든 카페라떼 250mL|18,소화가 잘되는 우유로 만든 카페라떼 250mL,18,,Expecting value: line 2 column 512 (char 512)
소화가 잘되는 우유로 만든 카페라떼 250mL|17,소화가 잘되는 우유로 만든 카페라떼 250mL,17,,Expecting value: line 2 column 512 (char 512)
소화가 잘되는 우유로 만든 카페라떼 250mL|15,소화가 잘되는 우유로 만든 카페라떼 250mL,15,,Expecting value: line 2 column 512 (char 512)
소화가 잘되는 우유로 만든 카페라떼 250mL|20,소화가 잘되는 우유로 만든 카페라떼 250mL,20,,Expecting value: line 2 column 512 (char 512)
소화가 잘되는 우유로 만든 카페라떼 250mL|19,소화가 잘되는 우유로 만든 카페라떼 250mL,19,,Expecting value: line 2 column 512 (char 512)
소화가 잘되는 우유로 만든 카페라떼 250mL|21,소화가 잘되는 우유로 만든 카페라떼 250mL,21,,Expecting value: line 2 column 512 (char 512)
소화가 잘되는 우유로 만든 카페라떼 250mL|24,소화가 잘되는 우유로 만든 카페라떼 250mL,24,"{""product_name"": ""소화가 잘되는 우유로 만든 카페라떼 250mL"", ""persona_key"": 24, ""purchase_behavior_prediction"": {""purchase_probability_pct"": 85, ""reason"": ""이 소비자는 건강을 최우선으로 고려하는 '건강 추구형 소비자'로, HMR(가정간편식)에 대한 선호도가 매우 높습니다. 제품이 유당불내증을 고려한 건강식품으로, 간편함과 고소한 맛을 제공하므로 이 소비자의 요구를 충족시킵니다. 또한, 가격이 1,400원으로 경쟁 제품의 가격 범위(865원 ~ 1,072원)보다 다소 높은 편이지만, 건강과 편리성을 중시하는 소비자 특성상 가격에 대한 민감도가 낮아 구매를 결정할 가능성이 높습니다. 따라서 이 소비자는 제품의 건강적 가치와 편리함을 고려하여 구매할 확률이 높습니다."", ""monthly_purchase_frequency"": 4}}",
소화가 잘되는 우유로 만든 카페라떼 250mL|22,소화가 잘되는 우유로 만든 카페라떼 250mL,22,,Expecting value: line 2 column 512 (char 512)
소화가 잘되는 우유로 만든 카페라떼 250mL|23,소화가 잘되는 우유로 만든 카페라떼 250mL,23,,Expecting value: line 2 column 512 (char 512)
소화가 잘되는 우유로 만든 카페라떼 250mL|26,소화가 잘되는 우유로 만든 카페라떼 250mL,26,,Expecting value: line 2 column 512 (char 512)
소화가 잘되는 우유로 만든 카페라떼 250mL|25,소화가 잘되는 우유로 만든 카페라떼 250mL,25,,Expecting value: line 2 column 512 (char 512)
소화가 잘되는 우유로 만든 카페라떼 250mL|28,소화가 잘되는 우유로 만든 카페라떼 250mL,28,"{""product_name"": ""소화가 잘되는 우유로 만든 카페라떼 250mL"", ""persona_key"": 28, ""purchase_behavior_prediction"": {""purchase_probability_pct"": 85, ""reason"": ""이 소비자는 HMR(가정간편식)에 대한 선호도가 매우 높고(0.92), 건강식품에 대한 관심도 또한 적당히 높습니다(0.51). 제품이 건강식품으로 분류되며, 유당불내증을 타겟으로 하고 있어 소비자의 필요를 충족시킵니다. 가격이 1,400원으로 경쟁 제품의 가격대(865원 ~ 1,072원)보다 다소 높은 편이지만, 브랜드 충성도가 높고(0.72), 프리미엄 제품에 대한 수용성도 있어 긍정적으로 받아들일 가능성이 큽니다. 또한, 소비자는 새로운 제품을 경험하고 공유하려는 경향이 강하므로, SNS 바이럴 광고가 효과적일 것입니다."", ""monthly_purchase_frequency"": 4}}",
소화가 잘되는 우유로 만든 카페라떼 250mL|29,소화가 잘되는 우유로 만든 카페라떼 250mL,29,"{""product_name"": ""소화가 잘되는 우유로 만든 카페라떼 250mL"", ""persona_key"": 29, ""purchase_behavior_prediction"": {""purchase_probability_pct"": 85, ""reason"": ""이 페르소나는 HMR(가정간편식) 선호도가 매우 높고(0.882), 건강식품에 대한 관심도(0.554) 또한 상당합니다. 제품의 주요 특징인 '소화가 잘되는 우유'는 유당불내증을 가진 소비자에게 적합하며, 간편함과 고소한 맛은 바쁜 사무 종사자에게 매력적입니다. 가격이 1,400원으로 경쟁 제품의 가격대(865원 ~ 1,072원)보다 다소 높은 편이지만, 브랜드 충성도(0.607)와 요리 편의성(0.625) 또한 높아 이 소비자는 품질을 중시할 가능성이 큽니다. 따라서, 이 제품은 그녀의 라이프스타일에 잘 맞아 높은 구매 확률을 보입니다."", ""monthly_purchase_frequency"": 4}}",
소화가 잘되는 우유로 만든 카페라떼 250mL|27,소화가 잘되는 우유로 만든 카페라떼 250mL,27,,Expecting value: line 2 column 512 (char 512)
소화가 잘되는 우유로 만든 카페라떼 250mL|32,소화가 잘되는 우유로 만든 카페라떼 250mL,32,"{""product_name"": ""소화가 잘되는 우유로 만든 카페라떼 250mL"", ""persona_key"": 32, ""purchase_behavior_prediction"": {""purchase_probability_pct"": 85, ""reason"": ""이 페르소나는 HMR(가정식 대체식품)에 대한 높은 선호도를 가지고 있으며, 건강식품과 간편함을 중시하는 특성이 있습니다. 제품은 유당불내증 소비자를 타겟으로 하여 소화가 잘되는 우유로 만들어졌고, 이는 이 소비자의 건강 지향성과 잘 맞아떨어집니다. 또한, 가격이 1,400원으로 시장 경쟁 환경에서 상대적으로 비쌀 수 있지만, 경쟁 제품의 가격대가 865원에서 1,072원임을 고려할 때, 이 제품의 가격은 여전히 수용 가능한 범위 내에 있습니다. 따라서 이 소비자는 제품의 효율성과 맛을 중시하여 구매할 가능성이 높습니다."", ""monthly_purchase_frequency"": 4}}",
소화가 잘되는 우유로 만든 카페라떼 250mL|33,소화가 잘되는 우유로 만든 카페라떼 250mL,33,"{""product_name"": ""소화가 잘되는 우유로 만든 카페라떼 250mL"", ""persona_key"": 33, ""purchase_behavior_prediction"": {""purchase_probability_pct"": 85, ""reason"": ""이 소비자는 HMR(가정간편식) 선호도가 매우 높고, 1인 가구로서 간편함과 효율성을 중시합니다. 제품의 특징인 '건강식품', '간편함', '고소한맛'은 그녀의 요구에 부합하며, 특히 유당불내증을 고려한 제품이므로 건강을 중시하는 소비자에게 매력적입니다. 또한, 가격이 1,400원으로 경쟁 제품의 가격 범위(865원 ~ 1,072원)보다 다소 높은 편이지만, 그녀는 가격에 민감하기보다는 품질과 편리함을 중시하는 경향이 있어 구매를 결정할 가능성이 높습니다."", ""monthly_purchase_frequency"": 4}}",
소화가 잘되는 우유로 만든 카페라떼 250mL|31,소화가 잘되는 우유로 만든 카페라떼 250mL,31,,Expecting value: line 2 column 512 (char 512)
소화가 잘되는 우유로 만든 카페라떼 250mL|34,소화가 잘되는 우유로 만든 카페라떼 250mL,34,,Expecting value: line 2 column 512 (char 512)
소화가 잘되는 우유로 만든 카페라떼 250mL|30,소화가 잘되는 우유로 만든 카페라떼 250mL,30,,Expecting value: line 2 column 512 (char 512)
소화가 잘되는 우유로 만든 카페라떼 250mL|36,소화가 잘되는 우유로 만든 카페라떼 250mL,36,,Expecting value: line 2 column 512 (char 512)
소화가 잘되는 우유로 만든 카페라떼 250mL|35,소화가 잘되는 우유로 만든 카페라떼 250mL,35,,Expecting value: line 2 column 512 (char 512)
소화가 잘되는 우유로 만든 카페라떼 250mL|41,소화가 잘되는 우유로 만든 카페라떼 250mL,41,"{""product_name"": ""소화가 잘되는 우유로 만든 카페라떼 250mL"", ""persona_key"": 41, ""purchase_behavior_prediction"": {""purchase_probability_pct"": 85, ""reason"": ""이 페르소나는 HMR(가정식 대체식품)에 대한 높은 선호도를 가지고 있으며, 이는 건강과 간편함을 중시하는 경향과 잘 맞아떨어집니다. 제품의 특징인 '건강식품', '간편함', '고소한맛'은 이 소비자의 요구를 충족시키며, 특히 유당불내증을 가진 소비자에게 적합한 제품입니다. 또한, 시장 경쟁 환경에서 동원 F&B의 가격(1,400원)은 경쟁사 가격대(865원 ~ 1,072원)보다 다소 높은 편이지만, 브랜드 충성도가 높은 이 소비자는 품질과 브랜드 가치를 중시하여 가격에 대한 민감도가 낮습니다. 따라서 이 제품은 그녀에게 매력적이며, 구매 확률이 높습니다."", ""monthly_purchase_frequency"": 4}}",
소화가 잘되는 우유로 만든 카페라떼 250mL|39,소화가 잘되는 우유로 만든 카페라떼 250mL,39,,Expecting value: line 2 column 512 (char 512)
소화가 잘되는 우유로 만든 카페라떼 250mL|38,소화가 잘되는 우유로 만든 카페라떼 250mL,38,,Expecting value: line 2 column 512 (char 512)
소화가 잘되는 우유로 만든 카페라떼 250mL|40,소화가 잘되는 우유로 만든 카페라떼 250mL,40,,Expecting value: line 2 column 512 (char 512)
소화가 잘되는 우유로 만든 카페라떼 250mL|43,소화가 잘되는 우유로 만든 카페라떼 250mL,43,"{""product_name"": ""소화가 잘되는 우유로 만든 카페라떼 250mL"", ""persona_key"": 43, ""purchase_behavior_prediction"": {""purchase_probability_pct"": 75, ""reason"": ""이 페르소나는 '실속형 미식가'로, 편리함과 새로운 맛을 중시합니다. HMR(가정간편식) 선호도가 높아 간편하게 소비할 수 있는 제품에 대한 수요가 큽니다. 제품의 건강식품 특성과 유당불내증을 고려한 점은 이 소비자에게 긍정적입니다. 가격은 1,400원으로, 경쟁 제품의 가격대(865원 ~ 1,072원)보다 다소 높은 편이지만, 품질과 편리함을 중시하는 이 페르소나에게는 수용 가능한 수준입니다. 따라서 구매 확률은 75%로 예측됩니다."", ""monthly_purchase_frequency"": 4}}",
소화가 잘되는 우유로 만든 카페라떼 250mL|42,소화가 잘되는 우유로 만든 카페라떼 250mL,42,"{""product_name"": ""소화가 잘되는 우유로 만든 카페라떼 250mL"", ""persona_key"": 42, ""purchase_behavior_prediction"": {""purchase_probability_pct"": 85, ""reason"": ""이 페르소나는 HMR(가정간편식) 선호도가 매우 높고(0.902), 간편함과 건강을 중시하는 경향이 있습니다. 제품이 건강식품으로 분류되며, 유당불내증 소비자를 타겟으로 하고 있어 이 페르소나의 필요와 잘 맞습니다. 가격이 1,400원으로, 경쟁 제품의 가격대(865원 ~ 1,072원)보다 다소 높은 편이지만, 브랜드 충성도(0.743)가 높아 동원 F&B 브랜드에 대한 신뢰가 구매를 유도할 것입니다. 또한, 트렌드 주도형 소비자로서 새로운 제품을 경험하고 공유하려는 성향이 강해, 제품에 대한 긍정적인 반응이 예상됩니다."", ""monthly_purchase_frequency"": 4}}",
소화가 잘되는 우유로 만든 카페라떼 250mL|37,소화가 잘되는 우유로 만든 카페라떼 250mL,37,,Expecting value: line 2 column 512 (char 512)
소화가 잘되는 우유로 만든 카페라떼 250mL|44,소화가 잘되는 우유로 만든 카페라떼 250mL,44,"{""product_name"": ""소화가 잘되는 우유로 만든 카페라떼 250mL"", ""persona_key"": 44, ""purchase_behavior_prediction"": {""purchase_probability_pct"": 85, ""reason"": ""이 페르소나는 HMR(가정간편식) 선호도가 높고, 건강 지향적인 소비 성향을 가지고 있습니다. 제품이 건강식품으로 분류되며, 유당불내증을 타겟으로 하고 있어, 이 소비자에게 매우 매력적입니다. 또한, 간편함과 고소한 맛을 강조한 제품 특성은 바쁜 일상 속에서 편리함을 추구하는 이 소비자의 요구를 충족시킵니다. 가격이 1,400원으로, 경쟁 제품의 가격대(865원 ~ 1,072원)보다 다소 높은 편이지만, 품질과 편리함을 중시하는 소비 성향으로 인해 긍정적으로 받아들여질 가능성이 높습니다."", ""monthly_purchase_frequency"": 4}}",
소화가 잘되는 우유로 만든 카페라떼 250mL|45,소화가 잘되는 우유로 만든 카페라떼 250mL,45,"{""product_name"": ""소화가 잘되는 우유로 만든 카페라떼 250mL"", ""persona_key"": 45, ""purchase_behavior_prediction"": {""purchase_probability_pct"": 75, ""reason"": ""이 페르소나는 HMR(가정간편식) 선호도가 높고, 건강식품과 간편함을 중시하는 소비자입니다. 제품의 특징인 '소화가 잘되는 우유로 만든 카페라떼'는 유당불내증을 가진 소비자에게 적합하며, 건강과 편리함을 동시에 충족시킵니다. 또한, 가격이 1,400원으로 경쟁 제품의 가격 범위(865원 ~ 1,072원)보다 다소 높은 편이지만, 이 페르소나는 가격에 민감하기보다는 효율성과 맛을 중시하는 경향이 있어 긍정적으로 받아들일 가능성이 높습니다. 따라서, 이 제품은 그녀의 구매 결정에 긍정적인 영향을 미칠 것입니다."", ""monthly_purchase_frequency"": 4}}",
소화가 잘되는 우유로 만든 카페라떼 250mL|47,소화가 잘되는 우유로 만든 카페라떼 250mL,47,"{""product_name"": ""소화가 잘되는 우유로 만든 카페라떼 250mL"", ""persona_key"": 47, ""purchase_behavior_prediction"": {""purchase_probability_pct"": 85, ""reason"": ""이 페르소나는 '건강 추구형 소비자'로, 건강과 편리성을 중시하며 HMR(가정간편식) 제품에 대한 선호도가 높습니다. 제품은 유당불내증을 고려한 건강식품으로, 간편하게 소비할 수 있는 특성을 가지고 있어 이 소비자에게 매력적입니다. 또한, 가격이 1,400원으로 경쟁 제품의 가격대(865원 ~ 1,072원)보다 다소 높은 편이지만, 가격 민감도가 낮고 프리미엄 제품에 대한 수용도가 높기 때문에 긍정적으로 받아들일 가능성이 큽니다. 따라서, 이 소비자는 건강과 편리함을 동시에 충족시키는 이 제품을 구매할 확률이 높습니다."", ""monthly_purchase_frequency"": 4}}",
소화가 잘되는 우유로 만든 카페라떼 250mL|49,소화가 잘되는 우유로 만든 카페라떼 250mL,49,"{""product_name"": ""소화가 잘되는 우유로 만든 카페라떼 250mL"", ""persona_key"": 49, ""purchase_behavior_prediction"": {""purchase_probability_pct"": 85, ""reason"": ""이 페르소나는 건강 지향성이 매우 높고, 건강과 편리성을 모두 중시하는 소비자입니다. 제품은 유당불내증을 고려한 건강식품으로, 간편하게 섭취할 수 있는 특성을 가지고 있어 이 소비자의 요구를 충족시킵니다. 가격은 1,400원으로, 경쟁 제품의 가격대(865원 ~ 1,072원)보다 다소 높은 편이지만, 건강을 최우선으로 고려하는 이 소비자는 프리미엄 제품에 기꺼이 지출할 의향이 있습니다. 따라서, 이 제품은 페르소나의 구매 결정에 긍정적인 영향을 미칠 것입니다."", ""monthly_purchase_frequency"": 4}}",
소화가 잘되는 우유로 만든 카페라떼 250mL|48,소화가 잘되는 우유로 만든 카페라떼 250mL,48,,Expecting value: line 2 column 512 (char 512)
소화가 잘되는 우유로 만든 카페라떼 250mL|46,소화가 잘되는 우유로 만든 카페라떼 250mL,46,,Expecting value: line 2 column 512 (char 512)
소화가 잘되는 우유로 만든 카페라떼 250mL|50,소화가 잘되는 우유로 만든 카페라떼 250mL,50,,Expecting value: line 2 column 512 (char 512)
소화가 잘되는 우유로 만든 카페라떼 250mL|52,소화가 잘되는 우유로 만든 카페라떼 250mL,52,,Expecting value: line 2 column 512 (char 512)
소화가 잘되는 우유로 만든 카페라떼 250mL|51,소화가 잘되는 우유로 만든 카페라떼 250mL,51,,Expecting value: line 2 column 512 (char 512)
소화가 잘되는 우유로 만든 카페라떼 250mL|55,소화가 잘되는 우유로 만든 카페라떼 250mL,55,,Expecting value: line 2 column 512 (char 512)
소화가 잘되는 우유로 만든 카페라떼 250mL|56,소화가 잘되는 우유로 만든 카페라떼 250mL,56,,Expecting value: line 2 column 512 (char 512)
소화가 잘되는 우유로 만든 카페라떼 250mL|53,소화가 잘되는 우유로 만든 카페라떼 250mL,53,,Expecting value: line 2 column 512 (char 512)
소화가 잘되는 우유로 만든 카페라떼 250mL|54,소화가 잘되는 우유로 만든 카페라떼 250mL,54,,Expecting value: line 2 column 512 (char 512)
소화가 잘되는 우유로 만든 카페라떼 250mL|58,소화가 잘되는 우유로 만든 카페라떼 250mL,58,,Expecting value: line 2 column 512 (char 512)
소화가 잘되는 우유로 만든 카페라떼 250mL|57,소화가 잘되는 우유로 만든 카페라떼 250mL,57,,Expecting value: line 2 column 512 (char 512)
소화가 잘되는 우유로 만든 카페라떼 250mL|61,소화가 잘되는 우유로 만든 카페라떼 250mL,61,"{""product_name"": ""소화가 잘되는 우유로 만든 카페라떼 250mL"", ""persona_key"": 61, ""purchase_behavior_prediction"": {""purchase_probability_pct"": 75, ""reason"": ""이 페르소나는 '실속형 미식가'로, 편리함과 새로운 맛을 중시하는 소비자입니다. HMR 선호도가 높아 간편하게 즐길 수 있는 제품에 대한 수요가 큽니다. 제품의 건강식품 특성과 유당불내증을 고려한 타겟팅은 이 소비자에게 긍정적으로 작용할 것입니다. 가격은 1,400원으로, 경쟁 제품의 가격대(865원 ~ 1,072원)보다 다소 높은 편이지만, 품질과 편리함을 중시하는 이 소비자는 가격에 대한 민감도가 상대적으로 낮습니다. 따라서, 이 제품은 그의 구매 결정에 긍정적인 영향을 미칠 것입니다."", ""monthly_purchase_frequency"": 4}}",
소화가 잘되는 우유로 만든 카페라떼 250mL|59,소화가 잘되는 우유로 만든 카페라떼 250mL,59,,Expecting value: line 2 column 512 (char 512)
소화가 잘되는 우유로 만든 카페라떼 250mL|65,소화가 잘되는 우유로 만든 카페라떼 250mL,65,"{""product_name"": ""소화가 잘되는 우유로 만든 카페라떼 250mL"", ""persona_key"": 65, ""purchase_behavior_prediction"": {""purchase_probability_pct"": 75, ""reason"": ""이 페르소나는 '실속형 미식가'로, 편리함과 맛을 중시하며 새로운 제품을 시도하는 데 적극적입니다. HMR 선호도가 매우 높아(0.8579) 간편하게 소비할 수 있는 제품에 대한 수요가 큽니다. 제품의 특징인 건강식품, 간편함, 고소한 맛은 이 소비자의 요구와 잘 맞아떨어집니다. 또한, 가격이 1,400원으로 경쟁 제품의 가격 범위(865원 ~ 1,072원)보다 다소 높은 편이지만, 이 소비자는 가격에 민감하기보다는 효율성과 맛을 중시하므로 긍정적인 반응을 보일 것입니다. 따라서, 이 제품의 구매 확률은 75%로 예측됩니다."", ""monthly_purchase_frequency"": 4}}",
소화가 잘되는 우유로 만든 카페라떼 250mL|62,소화가 잘되는 우유로 만든 카페라떼 250mL,62,,Expecting value: line 2 column 512 (char 512)
소화가 잘되는 우유로 만든 카페라떼 250mL|63,소화가 잘되는 우유로 만든 카페라떼 250mL,63,,Expecting value: line 2 column 512 (char 512)
소화가 잘되는 우유로 만든 카페라떼 250mL|60,소화가 잘되는 우유로 만든 카페라떼 250mL,60,,Expecting value: line 2 column 512 (char 512)
소화가 잘되는 우유로 만든 카페라떼 250mL|64,소화가 잘되는 우유로 만든 카페라떼 250mL,64,,Expecting value: line 2 column 512 (char 512)
소화가 잘되는 우유로 만든 카페라떼 250mL|66,소화가 잘되는 우유로 만든 카페라떼 250mL,66,,Expecting value: line 2 column 512 (char 512)
소화가 잘되는 우유로 만든 카페라떼 250mL|68,소화가 잘되는 우유로 만든 카페라떼 250mL,68,,Expecting value: line 2 column 512 (char 512)
소화가 잘되는 우유로 만든 카페라떼 250mL|69,소화가 잘되는 우유로 만든 카페라떼 250mL,69,,Expecting value: line 2 column 512 (char 512)
소화가 잘되는 우유로 만든 카페라떼 250mL|70,소화가 잘되는 우유로 만든 카페라떼 250mL,70,,Expecting value: line 2 column 512 (char 512)
소화가 잘되는 우유로 만든 카페라떼 250mL|71,소화가 잘되는 우유로 만든 카페라떼 250mL,71,,Expecting value: line 2 column 512 (char 512)
소화가 잘되는 우유로 만든 카페라떼 250mL|67,소화가 잘되는 우유로 만든 카페라떼 250mL,67,,Expecting value: line 2 column 512 (char 512)
소화가 잘되는 우유로 만든 카페라떼 250mL|72,소화가 잘되는 우유로 만든 카페라떼 250mL,72,,Expecting value: line 2 column 512 (char 512)
소화가 잘되는 우유로 만든 카페라떼 250mL|73,소화가 잘되는 우유로 만든 카페라떼 250mL,73,,Expecting value: line 2 column 512 (char 512)
소화가 잘되는 우유로 만든 카페라떼 250mL|74,소화가 잘되는 우유로 만든 카페라떼 250mL,74,,Expecting value: line 2 column 512 (char 512)
소화가 잘되는 우유로 만든 카페라떼 250mL|76,소화가 잘되는 우유로 만든 카페라떼 250mL,76,,Expecting value: line 2 column 512 (char 512)
소화가 잘되는 우유로 만든 카페라떼 250mL|75,소화가 잘되는 우유로 만든 카페라떼 250mL,75,,Expecting value: line 2 column 512 (char 512)
소화가 잘되는 우유로 만든 카페라떼 250mL|77,소화가 잘되는 우유로 만든 카페라떼 250mL,77,,Expecting value: line 2 column 512 (char 512)
소화가 잘되는 우유로 만든 카페라떼 250mL|81,소화가 잘되는 우유로 만든 카페라떼 250mL,81,"{""product_name"": ""소화가 잘되는 우유로 만든 카페라떼 250mL"", ""persona_key"": 81, ""purchase_behavior_prediction"": {""purchase_probability_pct"": 85, ""reason"": ""이 페르소나는 '실속형 미식가'로, 편리함과 새로운 맛을 중시합니다. HMR 선호도가 매우 높아(0.9167) 간편한 식사 대체품에 대한 수요가 큽니다. 제품의 건강식품 특성과 유당불내증 소비자 타겟팅은 이 페르소나에게 긍정적인 요소로 작용합니다. 가격은 1,400원으로, 경쟁 제품의 가격대(865원 ~ 1,072원)와 비교했을 때 다소 높은 편이지만, 제품의 간편함과 맛이 가격을 상쇄할 만큼 매력적입니다. 따라서 이 소비자는 가격에 대한 민감도가 낮고, 효율성과 맛을 동시에 추구하기 때문에 높은 구매 확률을 보입니다."", ""monthly_purchase_frequency"": 4}}",
소화가 잘되는 우유로 만든 카페라떼 250mL|82,소화가 잘되는 우유로 만든 카페라떼 250mL,82,"{""product_name"": ""소화가 잘되는 우유로 만든 카페라떼 250mL"", ""persona_key"": 82, ""purchase_behavior_prediction"": {""purchase_probability_pct"": 85, ""reason"": ""이 페르소나는 '요리 편리성'이 가장 높은 가중치를 가지며, 간편하고 건강한 제품을 선호하는 경향이 있습니다. '소화가 잘되는 우유로 만든 카페라떼'는 건강식품으로서의 특성과 간편함을 제공하여 이 소비자의 니즈에 잘 부합합니다. 또한, 가격이 1,400원으로 경쟁 제품 가격대(865원 ~ 1,072원)보다 다소 높은 편이지만, 이 소비자는 가격에 민감하기보다는 효율성과 맛을 중시하는 경향이 있어 긍정적으로 받아들일 가능성이 높습니다. 따라서, 이 제품은 페르소나에게 매력적이며 구매 확률이 높다고 판단됩니다."", ""monthly_purchase_frequency"": 4}}",
소화가 잘되는 우유로 만든 카페라떼 250mL|80,소화가 잘되는 우유로 만든 카페라떼 250mL,80,,Expecting value: line 2 column 512 (char 512)
소화가 잘되는 우유로 만든 카페라떼 250mL|79,소화가 잘되는 우유로 만든 카페라떼 250mL,79,,Expecting value: line 2 column 512 (char 512)
소화가 잘되는 우유로 만든 카페라떼 250mL|78,소화가 잘되는 우유로 만든 카페라떼 250mL,78,,Expecting value: line 2 column 512 (char 512)
소화가 잘되는 우유로 만든 카페라떼 250mL|83,소화가 잘되는 우유로 만든 카페라떼 250mL,83,,Expecting value: line 2 column 512 (char 512)
소화가 잘되는 우유로 만든 카페라떼 250mL|84,소화가 잘되는 우유로 만든 카페라떼 250mL,84,,Expecting value: line 2 column 512 (char 512)
소화가 잘되는 우유로 만든 카페라떼 250mL|86,소화가 잘되는 우유로 만든 카페라떼 250mL,86,,Expecting value: line 2 column 512 (char 512)
소화가 잘되는 우유로 만든 카페라떼 250mL|85,소화가 잘되는 우유로 만든 카페라떼 250mL,85,,Expecting value: line 2 column 512 (char 512)
소화가 잘되는 우유로 만든 카페라떼 250mL|87,소화가 잘되는 우유로 만든 카페라떼 250mL,87,,Expecting value: line 2 column 512 (char 512)
소화가 잘되는 우유로 만든 카페라떼 250mL|89,소화가 잘되는 우유로 만든 카페라떼 250mL,89,,Expecting value: line 2 column 512 (char 512)
소화가 잘되는 우유로 만든 카페라떼 250mL|88,소화가 잘되는 우유로 만든 카페라떼 250mL,88,,Expecting value: line 2 column 512 (char 512)
소화가 잘되는 우유로 만든 카페라떼 250mL|90,소화가 잘되는 우유로 만든 카페라떼 250mL,90,,Expecting value: line 2 column 512 (char 512)
소화가 잘되는 우유로 만든 카페라떼 250mL|91,소화가 잘되는 우유로 만든 카페라떼 250mL,91,,Expecting value: line 2 column 512 (char 512)
소화가 잘되는 우유로 만든 카페라떼 250mL|95,소화가 잘되는 우유로 만든 카페라떼 250mL,95,"{""product_name"": ""소화가 잘되는 우유로 만든 카페라떼 250mL"", ""persona_key"": 95, ""purchase_behavior_prediction"": {""purchase_probability_pct"": 75, ""reason"": ""이 소비자는 '요리 편리성'을 가장 중요하게 생각하는 실속형 미식가로, 간편하고 건강한 제품을 선호합니다. '소화가 잘되는 우유로 만든 카페라떼'는 건강식품으로서의 특성과 간편함이 강조되어 있어 이 소비자에게 매력적입니다. 또한, 가격이 1,400원으로 경쟁 제품의 가격 범위(865원 ~ 1,072원)보다 다소 높은 편이지만, 이 소비자는 가격보다 효율성과 맛을 중시하기 때문에 긍정적으로 받아들일 가능성이 높습니다. 따라서, 이 제품은 소비자의 구매 결정에 긍정적인 영향을 미칠 것입니다."", ""monthly_purchase_frequency"": 4}}",
소화가 잘되는 우유로 만든 카페라떼 250mL|92,소화가 잘되는 우유로 만든 카페라떼 250mL,92,,Expecting value: line 2 column 512 (char 512)
소화가 잘되는 우유로 만든 카페라떼 250mL|94,소화가 잘되는 우유로 만든 카페라떼 250mL,94,,Expecting value: line 2 column 512 (char 512)
소화가 잘되는 우유로 만든 카페라떼 250mL|93,소화가 잘되는 우유로 만든 카페라떼 250mL,93,,Expecting value: line 2 column 512 (char 512)
소화가 잘되는 우유로 만든 카페라떼 250mL|98,소화가 잘되는 우유로 만든 카페라떼 250mL,98,"{""product_name"": ""소화가 잘되는 우유로 만든 카페라떼 250mL"", ""persona_key"": 98, ""purchase_behavior_prediction"": {""purchase_probability_pct"": 75, ""reason"": ""이 페르소나는 '실속형 미식가'로서 편리성과 맛을 동시에 중시합니다. HMR(가정간편식) 선호도가 높아 간편한 제품에 대한 수요가 크며, 제품의 건강식품 특성과 간편함은 이 소비자에게 매력적입니다. 가격은 1,400원으로, 경쟁 제품의 가격대(865원 ~ 1,072원)보다 다소 높은 편이지만, 이 소비자는 가격에 민감하기보다는 효율성과 맛을 중시하기 때문에 구매를 고려할 가능성이 높습니다. 또한, 브랜드 충성도가 어느 정도 있어 동원 F&B 브랜드에 대한 신뢰가 구매를 촉진할 수 있습니다."", ""monthly_purchase_frequency"": 4}}",
소화가 잘되는 우유로 만든 카페라떼 250mL|97,소화가 잘되는 우유로 만든 카페라떼 250mL,97,,Expecting value: line 2 column 512 (char 512)
소화가 잘되는 우유로 만든 카페라떼 250mL|101,소화가 잘되는 우유로 만든 카페라떼 250mL,101,"{""product_name"": ""소화가 잘되는 우유로 만든 카페라떼 250mL"", ""persona_key"": 101, ""purchase_behavior_prediction"": {""purchase_probability_pct"": 85, ""reason"": ""이 소비자는 건강 지향성이 매우 높은 '건강 추구형 소비자'로, 건강과 편리성을 최우선으로 고려합니다. 제품의 '건강식품' 특성과 '간편함'은 이 소비자의 요구를 충족시키며, 유당불내증을 타겟으로 한 점도 긍정적입니다. 가격이 1,400원으로 시장의 경쟁 제품 가격대(865원 ~ 1,072원)보다 다소 높은 편이지만, 건강과 편리함을 중시하는 소비자에게는 프리미엄으로 받아들여질 가능성이 높습니다. 따라서, 이 소비자는 제품을 구매할 확률이 높습니다."", ""monthly_purchase_frequency"": 4}}",
소화가 잘되는 우유로 만든 카페라떼 250mL|96,소화가 잘되는 우유로 만든 카페라떼 250mL,96,,Expecting value: line 2 column 512 (char 512)
소화가 잘되는 우유로 만든 카페라떼 250mL|99,소화가 잘되는 우유로 만든 카페라떼 250mL,99,,Expecting value: line 2 column 512 (char 512)
소화가 잘되는 우유로 만든 카페라떼 250mL|104,소화가 잘되는 우유로 만든 카페라떼 250mL,104,"{""product_name"": ""소화가 잘되는 우유로 만든 카페라떼 250mL"", ""persona_key"": 104, ""purchase_behavior_prediction"": {""purchase_probability_pct"": 85, ""reason"": ""이 페르소나는 건강을 최우선으로 고려하는 소비자로, HMR(가정간편식) 선호도가 매우 높습니다. 제품의 주요 특징인 '건강식품', '간편함', '고소한맛'은 이 소비자의 요구에 잘 부합합니다. 특히, 유당불내증을 고려한 제품으로, 건강 지향적인 소비자에게 매력적입니다. 가격은 1,400원으로, 경쟁 제품의 가격대(865원 ~ 1,072원)보다 다소 높은 편이지만, 건강과 편리성을 중시하는 이 소비자는 가격에 대한 민감도가 낮아 구매를 고려할 가능성이 높습니다. 따라서, 이 제품은 페르소나의 구매 동기에 긍정적으로 작용할 것입니다."", ""monthly_purchase_frequency"": 4}}",
소화가 잘되는 우유로 만든 카페라떼 250mL|102,소화가 잘되는 우유로 만든 카페라떼 250mL,102,,Expecting value: line 2 column 512 (char 512)
소화가 잘되는 우유로 만든 카페라떼 250mL|100,소화가 잘되는 우유로 만든 카페라떼 250mL,100,,Expecting value: line 2 column 512 (char 512)
소화가 잘되는 우유로 만든 카페라떼 250mL|103,소화가 잘되는 우유로 만든 카페라떼 250mL,103,,Expecting value: line 2 column 512 (char 512)
소화가 잘되는 우유로 만든 카페라떼 250mL|105,소화가 잘되는 우유로 만든 카페라떼 250mL,105,,Expecting value: line 2 column 512 (char 512)
소화가 잘되는 우유로 만든 카페라떼 250mL|108,소화가 잘되는 우유로 만든 카페라떼 250mL,108,,Expecting value: line 2 column 512 (char 512)
소화가 잘되는 우유로 만든 카페라떼 250mL|107,소화가 잘되는 우유로 만든 카페라떼 250mL,107,,Expecting value: line 2 column 512 (char 512)
소화가 잘되는 우유로 만든 카페라떼 250mL|106,소화가 잘되는 우유로 만든 카페라떼 250mL,106,,Expecting value: line 2 column 512 (char 512)
소화가 잘되는 우유로 만든 카페라떼 250mL|110,소화가 잘되는 우유로 만든 카페라떼 250mL,110,,Expecting value: line 2 column 512 (char 512)
소화가 잘되는 우유로 만든 카페라떼 250mL|109,소화가 잘되는 우유로 만든 카페라떼 250mL,109,,Expecting value: line 2 column 512 (char 512)
소화가 잘되는 우유로 만든 카페라떼 250mL|111,소화가 잘되는 우유로 만든 카페라떼 250mL,111,,Expecting value: line 2 column 512 (char 512)
소화가 잘되는 우유로 만든 카페라떼 250mL|113,소화가 잘되는 우유로 만든 카페라떼 250mL,113,,Expecting value: line 2 column 512 (char 512)
소화가 잘되는 우유로 만든 카페라떼 250mL|112,소화가 잘되는 우유로 만든 카페라떼 250mL,112,,Expecting value: line 2 column 512 (char 512)
소화가 잘되는 우유로 만든 카페라떼 250mL|115,소화가 잘되는 우유로 만든 카페라떼 250mL,115,,Expecting value: line 2 column 512 (char 512)
소화가 잘되는 우유로 만든 카페라떼 250mL|118,소화가 잘되는 우유로 만든 카페라떼 250mL,118,"{""product_name"": ""소화가 잘되는 우유로 만든 카페라떼 250mL"", ""persona_key"": 118, ""purchase_behavior_prediction"": {""purchase_probability_pct"": 85, ""reason"": ""이 페르소나는 HMR(가정식 대체식품)에 대한 높은 선호도를 가지고 있으며, 이는 제품의 간편함과 건강식품으로서의 특성과 잘 맞아떨어진다. 특히, 유당불내증을 가진 소비자에게 적합한 제품으로, 건강과 편리함을 중시하는 이 소비자의 특성과 일치한다. 또한, 가격이 경쟁 제품보다 다소 높은 편이지만, 1,400원의 가격은 여전히 경쟁력 있는 범위 내에 있으며, 페르소나의 가격 민감도가 낮은 점도 긍정적으로 작용한다. 따라서, 이 소비자는 새로운 제품을 경험하고 공유하는 경향이 강하므로, 제품에 대한 긍정적인 반응을 보일 가능성이 높다."", ""monthly_purchase_frequency"": 4}}",
소화가 잘되는 우유로 만든 카페라떼 250mL|114,소화가 잘되는 우유로 만든 카페라떼 250mL,114,,Expecting value: line 2 column 512 (char 512)
소화가 잘되는 우유로 만든 카페라떼 250mL|116,소화가 잘되는 우유로 만든 카페라떼 250mL,116,,Expecting value: line 2 column 512 (char 512)
소화가 잘되는 우유로 만든 카페라떼 250mL|117,소화가 잘되는 우유로 만든 카페라떼 250mL,117,,Expecting value: line 2 column 512 (char 512)
소화가 잘되는 우유로 만든 카페라떼 250mL|119,소화가 잘되는 우유로 만든 카페라떼 250mL,119,,Expecting value: line 2 column 512 (char 512)
소화가 잘되는 우유로 만든 카페라떼 250mL|121,소화가 잘되는 우유로 만든 카페라떼 250mL,121,"{""product_name"": ""소화가 잘되는 우유로 만든 카페라떼 250mL"", ""persona_key"": 121, ""purchase_behavior_prediction"": {""purchase_probability_pct"": 85, ""reason"": ""이 페르소나는 HMR(가정간편식) 선호도가 매우 높고(0.8776), 건강식품과 간편함을 중시하는 소비자입니다. 제품의 특징인 '소화가 잘되는 우유로 만든 카페라떼'는 유당불내증을 가진 소비자에게 적합하며, 간편하게 즐길 수 있는 점에서 큰 매력을 느낄 것입니다. 또한, 가격이 1,400원으로 경쟁 제품의 가격대(865원 ~ 1,072원)보다 다소 높은 편이지만, 브랜드 충성도(0.5224)가 높아 동원 F&B 브랜드에 대한 신뢰가 구매를 촉진할 것으로 보입니다. 따라서 이 소비자는 제품의 건강적 가치와 편리함을 고려하여 구매할 가능성이 높습니다."", ""monthly_purchase_frequency"": 4}}",
소화가 잘되는 우유로 만든 카페라떼 250mL|122,소화가 잘되는 우유로 만든 카페라떼 250mL,122,,Expecting value: line 2 column 512 (char 512)
소화가 잘되는 우유로 만든 카페라떼 250mL|123,소화가 잘되는 우유로 만든 카페라떼 250mL,123,,Expecting value: line 2 column 512 (char 512)
소화가 잘되는 우유로 만든 카페라떼 250mL|124,소화가 잘되는 우유로 만든 카페라떼 250mL,124,,Expecting value: line 2 column 512 (char 512)
소화가 잘되는 우유로 만든 카페라떼 250mL|125,소화가 잘되는 우유로 만든 카페라떼 250mL,125,"{""product_name"": ""소화가 잘되는 우유로 만든 카페라떼 250mL"", ""persona_key"": 125, ""purchase_behavior_prediction"": {""purchase_probability_pct"": 85, ""reason"": ""이 페르소나는 HMR(가정간편식) 선호도가 매우 높고(0.882), 건강식품에 대한 관심이 있으며(0.423), 간편함을 중시하는 경향이 강합니다. 제품은 유당불내증 소비자를 타겟으로 하여 소화가 잘되는 우유로 만든 카페라떼로, 건강과 간편함을 동시에 충족시킵니다. 또한, 가격이 1,400원으로 경쟁사 가격대(865원 ~ 1,072원)보다 다소 높은 편이지만, 이 소비자는 가격 민감도가 낮아(0.294) 프리미엄 제품에 대한 수용도가 높습니다. 따라서, 이 소비자는 제품의 건강성과 편리함에 매력을 느끼고, 구매할 가능성이 높습니다."", ""monthly_purchase_frequency"": 4}}",
소화가 잘되는 우유로 만든 카페라떼 250mL|120,소화가 잘되는 우유로 만든 카페라떼 250mL,120,,Expecting value: line 2 column 512 (char 512)
소화가 잘되는 우유로 만든 카페라떼 250mL|129,소화가 잘되는 우유로 만든 카페라떼 250mL,129,"{""product_name"": ""소화가 잘되는 우유로 만든 카페라떼 250mL"", ""persona_key"": 129, ""purchase_behavior_prediction"": {""purchase_probability_pct"": 85, ""reason"": ""이 페르소나는 HMR(가정간편식) 선호도가 높고, 건강식품에 대한 관심이 있으며, 간편함을 중시하는 경향이 있습니다. 제품은 유당불내증 소비자를 타겟으로 하여 건강식품으로서의 매력을 지니고 있으며, 간편하게 즐길 수 있는 카페라떼 형태로 제공됩니다. 가격이 1,400원으로 경쟁 제품의 가격대(865원 ~ 1,072원)보다 다소 높은 편이지만, 프리미엄 제품을 선호하는 경향이 있어 가격에 대한 민감도가 낮습니다. 따라서 이 소비자는 제품의 품질과 편리함을 고려할 때 구매할 가능성이 높습니다."", ""monthly_purchase_frequency"": 4}}",
소화가 잘되는 우유로 만든 카페라떼 250mL|126,소화가 잘되는 우유로 만든 카페라떼 250mL,126,,Expecting value: line 2 column 512 (char 512)
소화가 잘되는 우유로 만든 카페라떼 250mL|127,소화가 잘되는 우유로 만든 카페라떼 250mL,127,,Expecting value: line 2 column 512 (char 512)
소화가 잘되는 우유로 만든 카페라떼 250mL|130,소화가 잘되는 우유로 만든 카페라떼 250mL,130,,Expecting value: line 2 column 512 (char 512)
소화가 잘되는 우유로 만든 카페라떼 250mL|128,소화가 잘되는 우유로 만든 카페라떼 250mL,128,,Expecting value: line 2 column 512 (char 512)
소화가 잘되는 우유로 만든 카페라떼 250mL|131,소화가 잘되는 우유로 만든 카페라떼 250mL,131,,Expecting value: line 2 column 512 (char 512)
소화가 잘되는 우유로 만든 카페라떼 250mL|132,소화가 잘되는 우유로 만든 카페라떼 250mL,132,,Expecting value: line 2 column 512 (char 512)
소화가 잘되는 우유로 만든 카페라떼 250mL|133,소화가 잘되는 우유로 만든 카페라떼 250mL,133,,Expecting value: line 2 column 512 (char 512)
소화가 잘되는 우유로 만든 카페라떼 250mL|134,소화가 잘되는 우유로 만든 카페라떼 250mL,134,,Expecting value: line 2 column 512 (char 512)
소화가 잘되는 우유로 만든 카페라떼 250mL|136,소화가 잘되는 우유로 만든 카페라떼 250mL,136,,Expecting value: line 2 column 512 (char 512)
소화가 잘되는 우유로 만든 카페라떼 250mL|135,소화가 잘되는 우유로 만든 카페라떼 250mL,135,,Expecting value: line 2 column 512 (char 512)
소화가 잘되는 우유로 만든 카페라떼 250mL|137,소화가 잘되는 우유로 만든 카페라떼 250mL,137,,Expecting value: line 2 column 512 (char 512)
소화가 잘되는 우유로 만든 카페라떼 250mL|138,소화가 잘되는 우유로 만든 카페라떼 250mL,138,,Expecting value: line 2 column 512 (char 512)
소화가 잘되는 우유로 만든 카페라떼 250mL|140,소화가 잘되는 우유로 만든 카페라떼 250mL,140,"{""product_name"": ""소화가 잘되는 우유로 만든 카페라떼 250mL"", ""persona_key"": 140, ""purchase_behavior_prediction"": {""purchase_probability_pct"": 75, ""reason"": ""이 페르소나는 '실속형 미식가'로, HMR(가정간편식)에 대한 높은 선호도를 가지고 있습니다. 제품의 주요 특징인 건강식품, 간편함, 고소한 맛은 이 소비자의 요구에 잘 부합합니다. 특히, 유당불내증을 가진 소비자에게 적합한 제품으로, 건강과 편리함을 동시에 추구하는 이 페르소나에게 매력적입니다. 또한, 시장 경쟁 환경에서 동원 F&B의 가격이 1,400원으로, 경쟁사 가격대(865원 ~ 1,072원)보다 다소 높은 편이지만, 품질과 편리함을 중시하는 소비자에게는 긍정적으로 작용할 수 있습니다. 따라서, 이 제품은 페르소나의 구매 결정에 긍정적인 영향을 미칠 것입니다."", ""monthly_purchase_frequency"": 4}}",
소화가 잘되는 우유로 만든 카페라떼 250mL|139,소화가 잘되는 우유로 만든 카페라떼 250mL,139,,Expecting value: line 2 column 512 (char 512)
소화가 잘되는 우유로 만든 카페라떼 250mL|141,소화가 잘되는 우유로 만든 카페라떼 250mL,141,,Expecting value: line 2 column 512 (char 512)
소화가 잘되는 우유로 만든 카페라떼 250mL|143,소화가 잘되는 우유로 만든 카페라떼 250mL,143,,Expecting value: line 2 column 512 (char 512)
소화가 잘되는 우유로 만든 카페라떼 250mL|146,소화가 잘되는 우유로 만든 카페라떼 250mL,146,"{""product_name"": ""소화가 잘되는 우유로 만든 카페라떼 250mL"", ""persona_key"": 146, ""purchase_behavior_prediction"": {""purchase_probability_pct"": 75, ""reason"": ""이 소비자는 HMR(가정간편식)에 대한 높은 선호도를 가지고 있으며(0.7845), 건강식품에 대한 관심도(0.4057) 또한 높습니다. 제품이 유당불내증을 타겟으로 하고 있어, 해당 소비자에게 적합하며, 간편함과 고소한 맛의 특징이 그의 생활 스타일에 잘 맞습니다. 가격이 1,400원으로, 경쟁사 제품의 가격대(865원 ~ 1,072원)보다 다소 높은 편이지만, 브랜드 충성도(0.4896)와 프리미엄 지향성(0.4352)도 고려할 때, 소비자는 이 제품의 가치를 인정할 가능성이 높습니다. 따라서, 이 소비자는 제품을 구매할 확률이 75%로 예측됩니다."", ""monthly_purchase_frequency"": 4}}",
소화가 잘되는 우유로 만든 카페라떼 250mL|142,소화가 잘되는 우유로 만든 카페라떼 250mL,142,,Expecting value: line 2 column 512 (char 512)
소화가 잘되는 우유로 만든 카페라떼 250mL|144,소화가 잘되는 우유로 만든 카페라떼 250mL,144,,Expecting value: line 2 column 512 (char 512)
소화가 잘되는 우유로 만든 카페라떼 250mL|145,소화가 잘되는 우유로 만든 카페라떼 250mL,145,,Expecting value: line 2 column 512 (char 512)
소화가 잘되는 우유로 만든 카페라떼 250mL|147,소화가 잘되는 우유로 만든 카페라떼 250mL,147,,Expecting value: line 2 column 512 (char 512)
소화가 잘되는 우유로 만든 카페라떼 250mL|148,소화가 잘되는 우유로 만든 카페라떼 250mL,148,,Expecting value: line 2 column 512 (char 512)
소화가 잘되는 우유로 만든 카페라떼 250mL|149,소화가 잘되는 우유로 만든 카페라떼 250mL,149,,Expecting value: line 2 column 512 (char 512)
소화가 잘되는 우유로 만든 카페라떼 250mL|151,소화가 잘되는 우유로 만든 카페라떼 250mL,151,,Expecting value: line 2 column 512 (char 512)
소화가 잘되는 우유로 만든 카페라떼 250mL|153,소화가 잘되는 우유로 만든 카페라떼 250mL,153,"{""product_name"": ""소화가 잘되는 우유로 만든 카페라떼 250mL"", ""persona_key"": 153, ""purchase_behavior_prediction"": {""purchase_probability_pct"": 75, ""reason"": ""이 페르소나는 '실속형 미식가'로, 편리함과 맛을 중시하며 새로운 제품을 시도하는 데 적극적입니다. HMR 선호도가 높아 간편한 식사 대체품에 대한 수요가 크며, 제품의 건강식품 특성과 간편함은 그녀의 요구에 잘 부합합니다. 가격은 1,400원으로, 경쟁 제품의 가격대(865원 ~ 1,072원)보다 다소 높은 편이지만, 그녀는 가격에 민감하기보다는 효율성과 맛을 중시하기 때문에 긍정적으로 받아들일 가능성이 높습니다. 따라서, 이 제품은 그녀의 구매 결정에 긍정적인 영향을 미칠 것입니다."", ""monthly_purchase_frequency"": 4}}",
소화가 잘되는 우유로 만든 카페라떼 250mL|152,소화가 잘되는 우유로 만든 카페라떼 250mL,152,,Expecting value: line 2 column 512 (char 512)
소화가 잘되는 우유로 만든 카페라떼 250mL|154,소화가 잘되는 우유로 만든 카페라떼 250mL,154,"{""product_name"": ""소화가 잘되는 우유로 만든 카페라떼 250mL"", ""persona_key"": 154, ""purchase_behavior_prediction"": {""purchase_probability_pct"": 85, ""reason"": ""이 페르소나는 '요리 편리성'을 가장 중요하게 생각하는 소비자로, 간편한 식사 대체품이나 음료를 선호합니다. 제품의 '간편함'과 '건강식품'이라는 특징은 그녀의 요구에 잘 부합하며, 특히 유당불내증이 있는 소비자에게 적합한 제품입니다. 가격이 1,400원으로 시장 경쟁 환경에서 상대적으로 높은 편이지만, 그녀는 가격에 민감하기보다는 효율성과 맛을 중시하므로, 제품의 매력을 느낄 가능성이 높습니다. 또한, 광고와 프로모션이 SNS를 통해 진행될 예정이므로, 그녀가 이 제품을 접할 기회가 많아질 것입니다."", ""monthly_purchase_frequency"": 4}}",
소화가 잘되는 우유로 만든 카페라떼 250mL|150,소화가 잘되는 우유로 만든 카페라떼 250mL,150,,Expecting value: line 2 column 512 (char 512)
소화가 잘되는 우유로 만든 카페라떼 250mL|155,소화가 잘되는 우유로 만든 카페라떼 250mL,155,,Expecting value: line 2 column 512 (char 512)
소화가 잘되는 우유로 만든 카페라떼 250mL|156,소화가 잘되는 우유로 만든 카페라떼 250mL,156,,Expecting value: line 2 column 512 (char 512)
소화가 잘되는 우유로 만든 카페라떼 250mL|159,소화가 잘되는 우유로 만든 카페라떼 250mL,159,"{""product_name"": ""소화가 잘되는 우유로 만든 카페라떼 250mL"", ""persona_key"": 159, ""purchase_behavior_prediction"": {""purchase_probability_pct"": 85, ""reason"": ""이 페르소나는 건강을 최우선으로 고려하는 소비자로, HMR(가정간편식) 선호도가 높고 건강 지향적인 제품에 대한 수요가 큽니다. 제품의 주요 특징인 '건강식품', '간편함', '고소한맛'은 이 소비자의 요구에 잘 부합합니다. 특히, 유당불내증을 고려한 제품으로, 이 소비자가 필요로 하는 특성을 충족시키고 있습니다. 가격은 1,400원으로, 경쟁 제품의 가격대(865원 ~ 1,072원)보다 다소 높은 편이지만, 건강과 편리성을 중시하는 소비자 특성상 프리미엄 가격을 수용할 가능성이 높습니다. 따라서, 이 제품은 페르소나에게 매력적이며, 구매 확률이 높다고 판단됩니다."", ""monthly_purchase_frequency"": 4}}",
소화가 잘되는 우유로 만든 카페라떼 250mL|158,소화가 잘되는 우유로 만든 카페라떼 250mL,158,,Expecting value: line 2 column 512 (char 512)
소화가 잘되는 우유로 만든 카페라떼 250mL|157,소화가 잘되는 우유로 만든 카페라떼 250mL,157,,Expecting value: line 2 column 512 (char 512)
소화가 잘되는 우유로 만든 카페라떼 250mL|164,소화가 잘되는 우유로 만든 카페라떼 250mL,164,,Expecting value: line 2 column 512 (char 512)
소화가 잘되는 우유로 만든 카페라떼 250mL|162,소화가 잘되는 우유로 만든 카페라떼 250mL,162,"{""product_name"": ""소화가 잘되는 우유로 만든 카페라떼 250mL"", ""persona_key"": 162, ""purchase_behavior_prediction"": {""purchase_probability_pct"": 85, ""reason"": ""이 페르소나는 건강 지향성이 매우 높고, 건강을 최우선으로 고려하는 소비자입니다. 제품의 주요 특징인 '건강식품'과 '간편함'은 이 소비자의 요구에 잘 부합합니다. 또한, 유당불내증을 고려한 제품으로, 이 소비자가 필요로 하는 특성을 충족시킵니다. 가격은 1,400원으로, 경쟁 제품의 가격대(865원 ~ 1,072원)보다 다소 높은 편이지만, 프리미엄 소비자 그룹으로서 가격에 대한 민감도가 낮아, 품질과 건강을 중시하는 이 소비자에게는 수용 가능한 가격으로 판단됩니다. 따라서, 이 제품은 이 소비자에게 매력적이며, 구매 확률이 높습니다."", ""monthly_purchase_frequency"": 4}}",
소화가 잘되는 우유로 만든 카페라떼 250mL|165,소화가 잘되는 우유로 만든 카페라떼 250mL,165,,Expecting value: line 2 column 512 (char 512)
소화가 잘되는 우유로 만든 카페라떼 250mL|161,소화가 잘되는 우유로 만든 카페라떼 250mL,161,,Expecting value: line 2 column 512 (char 512)
소화가 잘되는 우유로 만든 카페라떼 250mL|160,소화가 잘되는 우유로 만든 카페라떼 250mL,160,,Expecting value: line 2 column 512 (char 512)
소화가 잘되는 우유로 만든 카페라떼 250mL|163,소화가 잘되는 우유로 만든 카페라떼 250mL,163,,Expecting value: line 2 column 512 (char 512)
소화가 잘되는 우유로 만든 카페라떼 250mL|167,소화가 잘되는 우유로 만든 카페라떼 250mL,167,,Expecting value: line 2 column 512 (char 512)
소화가 잘되는 우유로 만든 카페라떼 250mL|168,소화가 잘되는 우유로 만든 카페라떼 250mL,168,,Expecting value: line 2 column 512 (char 512)
소화가 잘되는 우유로 만든 카페라떼 250mL|166,소화가 잘되는 우유로 만든 카페라떼 250mL,166,,Expecting value: line 2 column 512 (char 512)
소화가 잘되는 우유로 만든 카페라떼 250mL|173,소화가 잘되는 우유로 만든 카페라떼 250mL,173,,Expecting value: line 2 column 512 (char 512)
소화가 잘되는 우유로 만든 카페라떼 250mL|170,소화가 잘되는 우유로 만든 카페라떼 250mL,170,,Expecting value: line 2 column 512 (char 512)
소화가 잘되는 우유로 만든 카페라떼 250mL|169,소화가 잘되는 우유로 만든 카페라떼 250mL,169,,Expecting value: line 2 column 512 (char 512)
소화가 잘되는 우유로 만든 카페라떼 250mL|172,소화가 잘되는 우유로 만든 카페라떼 250mL,172,,Expecting value: line 2 column 512 (char 512)
소화가 잘되는 우유로 만든 카페라떼 250mL|171,소화가 잘되는 우유로 만든 카페라떼 250mL,171,,Expecting value: line 2 column 512 (char 512)
소화가 잘되는 우유로 만든 카페라떼 250mL|176,소화가 잘되는 우유로 만든 카페라떼 250mL,176,"{""product_name"": ""소화가 잘되는 우유로 만든 카페라떼 250mL"", ""persona_key"": 176, ""purchase_behavior_prediction"": {""purchase_probability_pct"": 85, ""reason"": ""이 페르소나는 HMR(가정간편식) 선호도가 매우 높고(0.8629), 건강식품에 대한 관심이 적은 편이지만(0.2625) 간편함(0.8121)을 중시하는 주부입니다. 제품의 특징인 '소화가 잘되는 우유로 만든 카페라떼'는 유당불내증을 가진 소비자에게 적합하며, 간편하게 즐길 수 있는 점에서 큰 매력을 느낄 것입니다. 또한, 가격이 1,400원으로 경쟁 제품의 가격대(865원 ~ 1,072원)보다 다소 높은 편이지만, 브랜드 충성도가 높고(0.6351) 프리미엄 제품에 대한 수용력도 있는 만큼, 가격에 대한 민감도가 낮아 긍정적으로 받아들일 가능성이 큽니다. 따라서, 이 소비자는 제품을 구매할 확률이 높다고 판단됩니다."", ""monthly_purchase_frequency"": 4}}",
소화가 잘되는 우유로 만든 카페라떼 250mL|175,소화가 잘되는 우유로 만든 카페라떼 250mL,175,,Expecting value: line 2 column 512 (char 512)
소화가 잘되는 우유로 만든 카페라떼 250mL|177,소화가 잘되는 우유로 만든 카페라떼 250mL,177,,Expecting value: line 2 column 512 (char 512)
소화가 잘되는 우유로 만든 카페라떼 250mL|174,소화가 잘되는 우유로 만든 카페라떼 250mL,174,,Expecting value: line 2 column 512 (char 512)
소화가 잘되는 우유로 만든 카페라떼 250mL|178,소화가 잘되는 우유로 만든 카페라떼 250mL,178,,Expecting value: line 2 column 512 (char 512)
소화가 잘되는 우유로 만든 카페라떼 250mL|179,소화가 잘되는 우유로 만든 카페라떼 250mL,179,,Expecting value: line 2 column 512 (char 512)
소화가 잘되는 우유로 만든 카페라떼 250mL|180,소화가 잘되는 우유로 만든 카페라떼 250mL,180,,Expecting value: line 2 column 512 (char 512)
소화가 잘되는 우유로 만든 카페라떼 250mL|183,소화가 잘되는 우유로 만든 카페라떼 250mL,183,,Expecting value: line 2 column 512 (char 512)
소화가 잘되는 우유로 만든 카페라떼 250mL|182,소화가 잘되는 우유로 만든 카페라떼 250mL,182,,Expecting value: line 2 column 512 (char 512)
소화가 잘되는 우유로 만든 카페라떼 250mL|188,소화가 잘되는 우유로 만든 카페라떼 250mL,188,"{""product_name"": ""소화가 잘되는 우유로 만든 카페라떼 250mL"", ""persona_key"": 188, ""purchase_behavior_prediction"": {""purchase_probability_pct"": 75, ""reason"": ""이 페르소나는 '다양성 추구' 속성이 강하며, 새로운 제품을 경험하고 공유하려는 경향이 있습니다. 제품의 특징인 '간편함'과 '고소한 맛'은 바쁜 일상 속에서 쉽게 소비할 수 있는 장점이 있어 매력적입니다. 또한, 유당불내증을 가진 소비자에게 적합한 제품으로, 건강식품으로서의 가치도 높이 평가될 것입니다. 시장 경쟁 환경에서 이 제품의 가격(1,400원)은 경쟁 제품의 가격대(865원 ~ 1,072원)보다 높은 편이지만, 브랜드 충성도가 높은 소비자에게는 품질과 브랜드 가치가 가격을 상쇄할 수 있습니다. 따라서 이 페르소나는 제품을 구매할 가능성이 높습니다."", ""monthly_purchase_frequency"": 4}}",
소화가 잘되는 우유로 만든 카페라떼 250mL|181,소화가 잘되는 우유로 만든 카페라떼 250mL,181,,Expecting value: line 2 column 512 (char 512)
소화가 잘되는 우유로 만든 카페라떼 250mL|185,소화가 잘되는 우유로 만든 카페라떼 250mL,185,,Expecting value: line 2 column 512 (char 512)
소화가 잘되는 우유로 만든 카페라떼 250mL|184,소화가 잘되는 우유로 만든 카페라떼 250mL,184,,Expecting value: line 2 column 512 (char 512)
소화가 잘되는 우유로 만든 카페라떼 250mL|187,소화가 잘되는 우유로 만든 카페라떼 250mL,187,,Expecting value: line 2 column 512 (char 512)
소화가 잘되는 우유로 만든 카페라떼 250mL|186,소화가 잘되는 우유로 만든 카페라떼 250mL,186,,Expecting value: line 2 column 512 (char 512)
소화가 잘되는 우유로 만든 카페라떼 250mL|192,소화가 잘되는 우유로 만든 카페라떼 250mL,192,"{""product_name"": ""소화가 잘되는 우유로 만든 카페라떼 250mL"", ""persona_key"": 192, ""purchase_behavior_prediction"": {""purchase_probability_pct"": 75, ""reason"": ""이 페르소나는 HMR(가정간편식) 선호도가 매우 높고(0.82), 편리함을 중시하는 실속형 미식가입니다. 제품의 특징인 '간편함'과 '건강식품'은 이 소비자의 요구에 잘 부합하며, 유당불내증을 가진 소비자에게 적합한 제품입니다. 가격이 1,400원으로, 경쟁 제품의 가격대(865원 ~ 1,072원)보다 다소 높은 편이지만, 이 소비자는 가격에 대한 민감도가 낮아(0.36) 효율성과 맛을 중시하기 때문에 구매할 가능성이 높습니다. 또한, 광고와 프로모션이 SNS를 통해 진행될 예정이므로, 소비자에게 노출될 기회가 많아 구매 확률을 더욱 높일 것입니다."", ""monthly_purchase_frequency"": 4}}",
소화가 잘되는 우유로 만든 카페라떼 250mL|190,소화가 잘되는 우유로 만든 카페라떼 250mL,190,,Expecting value: line 2 column 512 (char 512)
소화가 잘되는 우유로 만든 카페라떼 250mL|193,소화가 잘되는 우유로 만든 카페라떼 250mL,193,,Expecting value: line 2 column 512 (char 512)
소화가 잘되는 우유로 만든 카페라떼 250mL|191,소화가 잘되는 우유로 만든 카페라떼 250mL,191,,Expecting value: line 2 column 512 (char 512)
소화가 잘되는 우유로 만든 카페라떼 250mL|189,소화가 잘되는 우유로 만든 카페라떼 250mL,189,,Expecting value: line 2 column 512 (char 512)
소화가 잘되는 우유로 만든 카페라떼 250mL|194,소화가 잘되는 우유로 만든 카페라떼 250mL,194,,Expecting value: line 2 column 512 (char 512)
소화가 잘되는 우유로 만든 카페라떼 250mL|196,소화가 잘되는 우유로 만든 카페라떼 250mL,196,,Expecting value: line 2 column 512 (char 512)
소화가 잘되는 우유로 만든 카페라떼 250mL|198,소화가 잘되는 우유로 만든 카페라떼 250mL,198,,Expecting value: line 2 column 512 (char 512)
소화가 잘되는 우유로 만든 카페라떼 250mL|197,소화가 잘되는 우유로 만든 카페라떼 250mL,197,,Expecting value: line 2 column 512 (char 512)
소화가 잘되는 우유로 만든 카페라떼 250mL|199,소화가 잘되는 우유로 만든 카페라떼 250mL,199,,Expecting value: line 2 column 512 (char 512)
소화가 잘되는 우유로 만든 카페라떼 250mL|195,소화가 잘되는 우유로 만든 카페라떼 250mL,195,,Expecting value: line 2 column 512 (char 512)
소화가 잘되는 우유로 만든 카페라떼 250mL|200,소화가 잘되는 우유로 만든 카페라떼 250mL,200,,Expecting value: line 2 column 512 (char 512)
소화가 잘되는 우유로 만든 카페라떼 250mL|201,소화가 잘되는 우유로 만든 카페라떼 250mL,201,,Expecting value: line 2 column 512 (char 512)
소화가 잘되는 우유로 만든 카페라떼 250mL|202,소화가 잘되는 우유로 만든 카페라떼 250mL,202,,Expecting value: line 2 column 512 (char 512)
소화가 잘되는 우유로 만든 카페라떼 250mL|203,소화가 잘되는 우유로 만든 카페라떼 250mL,203,,Expecting value: line 2 column 512 (char 512)
소화가 잘되는 우유로 만든 카페라떼 250mL|205,소화가 잘되는 우유로 만든 카페라떼 250mL,205,,Expecting value: line 2 column 512 (char 512)
소화가 잘되는 우유로 만든 카페라떼 250mL|204,소화가 잘되는 우유로 만든 카페라떼 250mL,204,,Expecting value: line 2 column 512 (char 512)
소화가 잘되는 우유로 만든 카페라떼 250mL|209,소화가 잘되는 우유로 만든 카페라떼 250mL,209,"{""product_name"": ""소화가 잘되는 우유로 만든 카페라떼 250mL"", ""persona_key"": 209, ""purchase_behavior_prediction"": {""purchase_probability_pct"": 75, ""reason"": ""이 페르소나는 '실속형 미식가'로, 편리함과 건강을 중시하며 새로운 맛을 시도하는 데 적극적입니다. HMR 선호도가 높아 간편한 식사 대체품을 선호하며, 제품의 건강식품 특성과 간편함이 매력적입니다. 가격은 1,400원으로, 경쟁 제품의 가격대(865원 ~ 1,072원)보다 다소 높은 편이지만, 품질과 편리함을 중시하는 이 페르소나에게는 수용 가능한 수준입니다. 따라서, 이 제품에 대한 구매 확률은 75%로 예측됩니다."", ""monthly_purchase_frequency"": 4}}",
소화가 잘되는 우유로 만든 카페라떼 250mL|207,소화가 잘되는 우유로 만든 카페라떼 250mL,207,,Expecting value: line 2 column 512 (char 512)
소화가 잘되는 우유로 만든 카페라떼 250mL|206,소화가 잘되는 우유로 만든 카페라떼 250mL,206,,Expecting value: line 2 column 512 (char 512)
소화가 잘되는 우유로 만든 카페라떼 250mL|208,소화가 잘되는 우유로 만든 카페라떼 250mL,208,,Expecting value: line 2 column 512 (char 512)
소화가 잘되는 우유로 만든 카페라떼 250mL|211,소화가 잘되는 우유로 만든 카페라떼 250mL,211,,Expecting value: line 2 column 512 (char 512)
소화가 잘되는 우유로 만든 카페라떼 250mL|210,소화가 잘되는 우유로 만든 카페라떼 250mL,210,,Expecting value: line 2 column 512 (char 512)
소화가 잘되는 우유로 만든 카페라떼 250mL|214,소화가 잘되는 우유로 만든 카페라떼 250mL,214,,Expecting value: line 2 column 512 (char 512)
소화가 잘되는 우유로 만든 카페라떼 250mL|216,소화가 잘되는 우유로 만든 카페라떼 250mL,216,"{""product_name"": ""소화가 잘되는 우유로 만든 카페라떼 250mL"", ""persona_key"": 216, ""purchase_behavior_prediction"": {""purchase_probability_pct"": 85, ""reason"": ""이 소비자는 건강을 최우선으로 고려하는 프리미엄 소비자 그룹에 속하며, HMR(가정간편식) 선호도가 높습니다. 제품은 유당불내증을 고려한 건강식품으로, 간편함과 고소한 맛을 제공하여 소비자의 요구에 부합합니다. 가격은 1,400원으로, 경쟁 제품의 가격대(865원 ~ 1,072원)보다 높은 편이지만, 소비자는 가격에 대한 민감도가 낮고 건강과 편리성을 중시하기 때문에 긍정적으로 받아들일 가능성이 높습니다. 따라서, 이 소비자는 해당 제품을 구매할 확률이 높습니다."", ""monthly_purchase_frequency"": 4}}",
소화가 잘되는 우유로 만든 카페라떼 250mL|213,소화가 잘되는 우유로 만든 카페라떼 250mL,213,,Expecting value: line 2 column 512 (char 512)
소화가 잘되는 우유로 만든 카페라떼 250mL|212,소화가 잘되는 우유로 만든 카페라떼 250mL,212,,Expecting value: line 2 column 512 (char 512)
소화가 잘되는 우유로 만든 카페라떼 250mL|215,소화가 잘되는 우유로 만든 카페라떼 250mL,215,,Expecting value: line 2 column 512 (char 512)
소화가 잘되는 우유로 만든 카페라떼 250mL|218,소화가 잘되는 우유로 만든 카페라떼 250mL,218,,Expecting value: line 2 column 512 (char 512)
소화가 잘되는 우유로 만든 카페라떼 250mL|217,소화가 잘되는 우유로 만든 카페라떼 250mL,217,,Expecting value: line 2 column 512 (char 512)
소화가 잘되는 우유로 만든 카페라떼 250mL|219,소화가 잘되는 우유로 만든 카페라떼 250mL,219,,Expecting value: line 2 column 512 (char 512)
소화가 잘되는 우유로 만든 카페라떼 250mL|222,소화가 잘되는 우유로 만든 카페라떼 250mL,222,,Expecting value: line 2 column 512 (char 512)
소화가 잘되는 우유로 만든 카페라떼 250mL|220,소화가 잘되는 우유로 만든 카페라떼 250mL,220,,Expecting value: line 2 column 512 (char 512)
소화가 잘되는 우유로 만든 카페라떼 250mL|221,소화가 잘되는 우유로 만든 카페라떼 250mL,221,,Expecting value: line 2 column 512 (char 512)
소화가 잘되는 우유로 만든 카페라떼 250mL|225,소화가 잘되는 우유로 만든 카페라떼 250mL,225,"{""product_name"": ""소화가 잘되는 우유로 만든 카페라떼 250mL"", ""persona_key"": 225, ""purchase_behavior_prediction"": {""purchase_probability_pct"": 85, ""reason"": ""이 소비자는 건강을 최우선으로 고려하는 '건강 추구형 소비자'로, HMR(가정간편식) 선호도가 매우 높습니다. 제품의 주요 특징인 '건강식품', '간편함', '고소한맛'은 이 소비자의 요구에 잘 부합합니다. 특히 유당불내증을 가진 소비자에게 적합한 제품으로, 건강과 편리성을 동시에 만족시킬 수 있어 구매 가능성이 높습니다. 또한, 시장 경쟁 환경에서 이 제품의 가격(1,400원)은 경쟁 제품의 가격 범위(865원 ~ 1,072원)보다 다소 높은 편이지만, 가격 민감도가 낮은 이 소비자는 품질과 건강을 중시하여 가격을 수용할 가능성이 큽니다."", ""monthly_purchase_frequency"": 4}}",
소화가 잘되는 우유로 만든 카페라떼 250mL|228,소화가 잘되는 우유로 만든 카페라떼 250mL,228,,Expecting value: line 2 column 512 (char 512)
소화가 잘되는 우유로 만든 카페라떼 250mL|224,소화가 잘되는 우유로 만든 카페라떼 250mL,224,,Expecting value: line 2 column 512 (char 512)
소화가 잘되는 우유로 만든 카페라떼 250mL|226,소화가 잘되는 우유로 만든 카페라떼 250mL,226,,Expecting value: line 2 column 512 (char 512)
소화가 잘되는 우유로 만든 카페라떼 250mL|223,소화가 잘되는 우유로 만든 카페라떼 250mL,223,,Expecting value: line 2 column 512 (char 512)
소화가 잘되는 우유로 만든 카페라떼 250mL|227,소화가 잘되는 우유로 만든 카페라떼 250mL,227,,Expecting value: line 2 column 512 (char 512)
소화가 잘되는 우유로 만든 카페라떼 250mL|234,소화가 잘되는 우유로 만든 카페라떼 250mL,234,"{""product_name"": ""소화가 잘되는 우유로 만든 카페라떼 250mL"", ""persona_key"": 234, ""purchase_behavior_prediction"": {""purchase_probability_pct"": 85, ""reason"": ""페르소나의 '다양성 추구' 속성이 매우 높아(0.9609), 새로운 제품을 경험하고 공유하려는 경향이 강합니다. '소화가 잘되는 우유로 만든 카페라떼'는 건강식품으로서의 특성과 간편함이 매력적이며, 특히 유당불내증 소비자에게 적합한 제품입니다. 가격이 1,400원으로 시장 경쟁 환경에서 상대적으로 높은 편이지만, 경쟁 제품의 가격대가 865원에서 1,072원인 점을 고려할 때, 이 제품의 프리미엄 이미지는 페르소나의 브랜드 충성도(0.8589)와 결합되어 긍정적으로 작용할 것입니다. 따라서, 이 소비자는 제품의 품질과 브랜드 가치를 중시하여 구매할 가능성이 높습니다."", ""monthly_purchase_frequency"": 3}}",
소화가 잘되는 우유로 만든 카페라떼 250mL|229,소화가 잘되는 우유로 만든 카페라떼 250mL,229,,Expecting value: line 2 column 512 (char 512)
소화가 잘되는 우유로 만든 카페라떼 250mL|230,소화가 잘되는 우유로 만든 카페라떼 250mL,230,,Expecting value: line 2 column 512 (char 512)
소화가 잘되는 우유로 만든 카페라떼 250mL|236,소화가 잘되는 우유로 만든 카페라떼 250mL,236,"{""product_name"": ""소화가 잘되는 우유로 만든 카페라떼 250mL"", ""persona_key"": 236, ""purchase_behavior_prediction"": {""purchase_probability_pct"": 85, ""reason"": ""이 페르소나는 HMR(가정간편식) 선호도가 매우 높고, 건강식품에 대한 관심이 있으며, 간편함을 중시하는 경향이 있습니다. 제품이 유당불내증 소비자를 타겟으로 하고 있어, 이 소비자에게 적합한 선택이 될 것입니다. 또한, 가격이 경쟁 제품에 비해 다소 높은 편이지만, 브랜드 충성도가 높고 프리미엄 제품에 대한 수용성이 있어 긍정적으로 작용할 것입니다. 따라서, 이 소비자는 새로운 제품을 경험하고 공유하려는 경향이 강하므로, 구매할 가능성이 높습니다."", ""monthly_purchase_frequency"": 4}}",
소화가 잘되는 우유로 만든 카페라떼 250mL|231,소화가 잘되는 우유로 만든 카페라떼 250mL,231,,Expecting value: line 2 column 512 (char 512)
소화가 잘되는 우유로 만든 카페라떼 250mL|232,소화가 잘되는 우유로 만든 카페라떼 250mL,232,,Expecting value: line 2 column 512 (char 512)
소화가 잘되는 우유로 만든 카페라떼 250mL|238,소화가 잘되는 우유로 만든 카페라떼 250mL,238,"{""product_name"": ""소화가 잘되는 우유로 만든 카페라떼 250mL"", ""persona_key"": 238, ""purchase_behavior_prediction"": {""purchase_probability_pct"": 75, ""reason"": ""이 페르소나는 브랜드 충성도가 높고, 건강과 간편함을 중시하는 소비자입니다. '소화가 잘되는 우유로 만든 카페라떼'는 유당불내증을 가진 소비자에게 적합하며, 건강식품으로서의 매력을 가지고 있습니다. 또한, 간편하게 즐길 수 있는 제품 특성은 이 소비자의 요리 편의성 선호도와 잘 맞아떨어집니다. 시장 경쟁 환경에서 가격이 1,400원으로 설정되어 있으며, 경쟁 제품의 가격대가 865원에서 1,072원인 점을 고려할 때, 가격이 다소 높은 편이지만 브랜드 충성도가 높은 소비자는 이를 수용할 가능성이 높습니다. 따라서, 이 소비자는 제품을 구매할 확률이 높고, 월 평균 3회 정도 구매할 것으로 예상됩니다."", ""monthly_purchase_frequency"": 3}}",
소화가 잘되는 우유로 만든 카페라떼 250mL|233,소화가 잘되는 우유로 만든 카페라떼 250mL,233,,Expecting value: line 2 column 512 (char 512)
소화가 잘되는 우유로 만든 카페라떼 250mL|237,소화가 잘되는 우유로 만든 카페라떼 250mL,237,"{""product_name"": ""소화가 잘되는 우유로 만든 카페라떼 250mL"", ""persona_key"": 237, ""purchase_behavior_prediction"": {""purchase_probability_pct"": 75, ""reason"": ""이 페르소나는 '요리 편리성'이 가장 높은 속성으로, 간편한 제품을 선호합니다. '소화가 잘되는 우유로 만든 카페라떼'는 건강식품으로서의 특성과 간편함을 제공하여 이 소비자에게 매력적입니다. 또한, 유당불내증을 가진 소비자에게 적합한 제품으로, 건강 지향적인 특성을 갖추고 있습니다. 시장 경쟁 환경에서 경쟁 제품의 가격대가 865원에서 1,072원 사이인 점을 고려할 때, 1,400원의 가격은 다소 높은 편이지만, 브랜드 충성도가 높은 이 소비자는 품질과 편리함을 중시하여 구매할 가능성이 높습니다."", ""monthly_purchase_frequency"": 3}}",
소화가 잘되는 우유로 만든 카페라떼 250mL|242,소화가 잘되는 우유로 만든 카페라떼 250mL,242,"{""product_name"": ""소화가 잘되는 우유로 만든 카페라떼 250mL"", ""persona_key"": 242, ""purchase_behavior_prediction"": {""purchase_probability_pct"": 85, ""reason"": ""이 페르소나는 HMR(가정간편식) 선호도가 매우 높고(0.96), 건강 지향적이며(0.55), 요리의 편리함을 중시합니다(0.52). 제품은 유당불내증을 가진 소비자를 타겟으로 하여 건강식품으로서의 매력을 가지고 있으며, 간편하게 소비할 수 있는 특성을 갖추고 있습니다. 가격이 1,400원으로, 경쟁 제품의 가격대(865원 ~ 1,072원)보다 다소 높은 편이지만, 이 소비자는 가격 민감도가 낮아(0.30) 프리미엄 제품에 대한 수용력이 있습니다. 따라서, 제품의 건강성과 간편함이 이 소비자의 구매 결정에 긍정적인 영향을 미칠 것으로 예상됩니다."", ""monthly_purchase_frequency"": 4}}",
소화가 잘되는 우유로 만든 카페라떼 250mL|235,소화가 잘되는 우유로 만든 카페라떼 250mL,235,,Expecting value: line 2 column 512 (char 512)
소화가 잘되는 우유로 만든 카페라떼 250mL|239,소화가 잘되는 우유로 만든 카페라떼 250mL,239,,Expecting value: line 2 column 512 (char 512)
소화가 잘되는 우유로 만든 카페라떼 250mL|244,소화가 잘되는 우유로 만든 카페라떼 250mL,244,"{""product_name"": ""소화가 잘되는 우유로 만든 카페라떼 250mL"", ""persona_key"": 244, ""purchase_behavior_prediction"": {""purchase_probability_pct"": 75, ""reason"": ""이 페르소나는 HMR(가정간편식) 선호도가 매우 높고(0.843), 건강 지향적이며(0.572), 간편함을 중시하는 경향이 강합니다. 제품의 특징인 '건강식품', '간편함', '고소한맛'은 이 소비자의 요구에 부합하며, 특히 유당불내증을 타겟으로 한 제품이므로 더욱 매력적입니다. 또한, 가격이 1,400원으로 경쟁 제품의 가격대(865원 ~ 1,072원)보다 다소 높은 편이지만, 이 소비자는 가격 민감도가 낮아(0.236) 가격에 대한 저항이 적습니다. 따라서, 이 소비자는 제품을 구매할 가능성이 높습니다."", ""monthly_purchase_frequency"": 4}}",
소화가 잘되는 우유로 만든 카페라떼 250mL|240,소화가 잘되는 우유로 만든 카페라떼 250mL,240,,Expecting value: line 2 column 512 (char 512)
소화가 잘되는 우유로 만든 카페라떼 250mL|241,소화가 잘되는 우유로 만든 카페라떼 250mL,241,,Expecting value: line 2 column 512 (char 512)
소화가 잘되는 우유로 만든 카페라떼 250mL|243,소화가 잘되는 우유로 만든 카페라떼 250mL,243,,Expecting value: line 2 column 512 (char 512)
소화가 잘되는 우유로 만든 카페라떼 250mL|245,소화가 잘되는 우유로 만든 카페라떼 250mL,245,,Expecting value: line 2 column 512 (char 512)
소화가 잘되는 우유로 만든 카페라떼 250mL|250,소화가 잘되는 우유로 만든 카페라떼 250mL,250,,Expecting value: line 2 column 512 (char 512)
소화가 잘되는 우유로 만든 카페라떼 250mL|247,소화가 잘되는 우유로 만든 카페라떼 250mL,247,,Expecting value: line 2 column 512 (char 512)
소화가 잘되는 우유로 만든 카페라떼 250mL|248,소화가 잘되는 우유로 만든 카페라떼 250mL,248,,Expecting value: line 2 column 512 (char 512)
소화가 잘되는 우유로 만든 카페라떼 250mL|252,소화가 잘되는 우유로 만든 카페라떼 250mL,252,"{""product_name"": ""소화가 잘되는 우유로 만든 카페라떼 250mL"", ""persona_key"": 252, ""purchase_behavior_prediction"": {""purchase_probability_pct"": 85, ""reason"": ""이 소비자는 HMR(가정간편식) 선호도가 매우 높고, 편리함과 새로운 맛을 중시하는 실속형 미식가입니다. 제품의 특징인 '건강식품', '간편함', '고소한맛'은 그의 선호도와 잘 맞아떨어지며, 특히 유당불내증을 고려한 제품이기 때문에 더욱 매력적입니다. 가격은 1,400원으로, 경쟁 제품의 가격대(865원 ~ 1,072원)보다 다소 높은 편이지만, 소비자는 가격에 민감하기보다는 효율성과 맛을 중시하므로 구매를 결정할 가능성이 높습니다."", ""monthly_purchase_frequency"": 4}}",
소화가 잘되는 우유로 만든 카페라떼 250mL|246,소화가 잘되는 우유로 만든 카페라떼 250mL,246,,Expecting value: line 2 column 512 (char 512)
소화가 잘되는 우유로 만든 카페라떼 250mL|249,소화가 잘되는 우유로 만든 카페라떼 250mL,249,,Expecting value: line 2 column 512 (char 512)
소화가 잘되는 우유로 만든 카페라떼 250mL|251,소화가 잘되는 우유로 만든 카페라떼 250mL,251,,Expecting value: line 2 column 512 (char 512)
소화가 잘되는 우유로 만든 카페라떼 250mL|253,소화가 잘되는 우유로 만든 카페라떼 250mL,253,"{""product_name"": ""소화가 잘되는 우유로 만든 카페라떼 250mL"", ""persona_key"": 253, ""purchase_behavior_prediction"": {""purchase_probability_pct"": 85, ""reason"": ""이 페르소나는 건강을 최우선으로 고려하는 소비자로, HMR(가정간편식) 선호도가 높습니다. 제품이 유당불내증을 고려하여 만들어졌고, 건강식품으로 분류되어 있어 이 소비자의 건강 지향성과 잘 맞아떨어집니다. 또한, 간편함과 고소한 맛은 60대 이상 남성 소비자에게 매력적입니다. 시장 경쟁 환경에서 이 제품의 가격(1,400원)은 경쟁 제품의 가격대(865원 ~ 1,072원)보다 높은 편이지만, 건강과 편리성을 중시하는 이 소비자는 가격에 대한 민감도가 낮아 구매를 고려할 가능성이 높습니다."", ""monthly_purchase_frequency"": 4}}",
소화가 잘되는 우유로 만든 카페라떼 250mL|256,소화가 잘되는 우유로 만든 카페라떼 250mL,256,,Expecting value: line 2 column 512 (char 512)
소화가 잘되는 우유로 만든 카페라떼 250mL|257,소화가 잘되는 우유로 만든 카페라떼 250mL,257,"{""product_name"": ""소화가 잘되는 우유로 만든 카페라떼 250mL"", ""persona_key"": 257, ""purchase_behavior_prediction"": {""purchase_probability_pct"": 85, ""reason"": ""이 소비자는 건강을 최우선으로 고려하는 '건강 추구형 소비자'로, HMR(가정간편식) 선호도가 매우 높습니다. 제품의 주요 특징인 '건강식품', '간편함', '고소한맛'은 그의 건강 지향성과 편리함을 중시하는 성향에 잘 부합합니다. 또한, 유당불내증을 가진 소비자에게 적합한 제품으로, 개인의 건강 문제를 해결할 수 있는 점이 긍정적입니다. 가격은 1,400원으로, 경쟁 제품의 가격대(865원 ~ 1,072원)보다 다소 높은 편이지만, 프리미엄 소비자 그룹에 속하는 만큼 가격에 대한 민감도가 낮아 구매를 결정할 가능성이 높습니다. 따라서, 이 소비자는 제품의 건강성과 편리함을 고려하여 구매할 확률이 높습니다."", ""monthly_purchase_frequency"": 4}}",
소화가 잘되는 우유로 만든 카페라떼 250mL|258,소화가 잘되는 우유로 만든 카페라떼 250mL,258,"{""product_name"": ""소화가 잘되는 우유로 만든 카페라떼 250mL"", ""persona_key"": 258, ""purchase_behavior_prediction"": {""purchase_probability_pct"": 75, ""reason"": ""이 페르소나는 HMR(가정간편식) 선호도가 높고, 60대 이상의 남성으로서 간편함과 건강을 중시하는 경향이 있습니다. 제품은 유당불내증 소비자를 타겟으로 하여 건강식품으로서의 매력을 지니고 있으며, 간편하게 소비할 수 있는 형태로 제공됩니다. 또한, 가격이 1,400원으로 경쟁 제품의 가격대(865원 ~ 1,072원)보다 다소 높은 편이지만, 브랜드 충성도가 높고 프리미엄 제품에 대한 수용성이 있어 긍정적으로 받아들일 가능성이 큽니다. 따라서, 이 소비자는 제품의 간편함과 건강적 이점을 고려할 때 구매할 확률이 높습니다."", ""monthly_purchase_frequency"": 4}}",
소화가 잘되는 우유로 만든 카페라떼 250mL|260,소화가 잘되는 우유로 만든 카페라떼 250mL,260,,Expecting value: line 2 column 512 (char 512)
소화가 잘되는 우유로 만든 카페라떼 250mL|255,소화가 잘되는 우유로 만든 카페라떼 250mL,255,,Expecting value: line 2 column 512 (char 512)
소화가 잘되는 우유로 만든 카페라떼 250mL|254,소화가 잘되는 우유로 만든 카페라떼 250mL,254,,Expecting value: line 2 column 512 (char 512)
소화가 잘되는 우유로 만든 카페라떼 250mL|259,소화가 잘되는 우유로 만든 카페라떼 250mL,259,,Expecting value: line 2 column 512 (char 512)
소화가 잘되는 우유로 만든 카페라떼 250mL|265,소화가 잘되는 우유로 만든 카페라떼 250mL,265,"{""product_name"": ""소화가 잘되는 우유로 만든 카페라떼 250mL"", ""persona_key"": 265, ""purchase_behavior_prediction"": {""purchase_probability_pct"": 85, ""reason"": ""이 페르소나는 '실속형 미식가'로, 편리성과 건강을 중시하며 새로운 맛을 시도하는 데 적극적입니다. HMR 선호도가 높아 간편한 식품을 선호하며, 제품의 건강식품 특성과 간편함은 이 소비자에게 매력적입니다. 가격은 1,400원으로, 경쟁 제품의 가격대(865원 ~ 1,072원)보다 다소 높은 편이지만, 이 소비자는 가격보다 효율성과 맛을 중시하므로 긍정적인 반응을 보일 것입니다. 따라서 이 제품에 대한 구매 확률은 높게 예측됩니다."", ""monthly_purchase_frequency"": 4}}",
소화가 잘되는 우유로 만든 카페라떼 250mL|262,소화가 잘되는 우유로 만든 카페라떼 250mL,262,,Expecting value: line 2 column 512 (char 512)
소화가 잘되는 우유로 만든 카페라떼 250mL|261,소화가 잘되는 우유로 만든 카페라떼 250mL,261,,Expecting value: line 2 column 512 (char 512)
소화가 잘되는 우유로 만든 카페라떼 250mL|263,소화가 잘되는 우유로 만든 카페라떼 250mL,263,,Expecting value: line 2 column 512 (char 512)
소화가 잘되는 우유로 만든 카페라떼 250mL|266,소화가 잘되는 우유로 만든 카페라떼 250mL,266,,Expecting value: line 2 column 512 (char 512)
소화가 잘되는 우유로 만든 카페라떼 250mL|268,소화가 잘되는 우유로 만든 카페라떼 250mL,268,"{""product_name"": ""소화가 잘되는 우유로 만든 카페라떼 250mL"", ""persona_key"": 268, ""purchase_behavior_prediction"": {""purchase_probability_pct"": 85, ""reason"": ""이 페르소나는 HMR(가정간편식) 선호도가 매우 높고, 건강식품과 간편함을 중시하는 소비자입니다. 제품의 특징인 '소화가 잘되는 우유로 만든 카페라떼'는 유당불내증을 가진 소비자에게 적합하며, 건강과 편리함을 동시에 제공하므로 매우 매력적입니다. 또한, 시장 경쟁 환경에서 경쟁 제품의 가격대가 865원에서 1,072원 사이인 점을 고려할 때, 1,400원의 가격은 다소 높은 편이지만, 제품의 품질과 건강적 이점을 고려하면 수용 가능하다고 판단할 것입니다. 따라서, 이 소비자는 제품을 구매할 가능성이 높습니다."", ""monthly_purchase_frequency"": 4}}",
소화가 잘되는 우유로 만든 카페라떼 250mL|264,소화가 잘되는 우유로 만든 카페라떼 250mL,264,,Expecting value: line 2 column 512 (char 512)
소화가 잘되는 우유로 만든 카페라떼 250mL|267,소화가 잘되는 우유로 만든 카페라떼 250mL,267,,Expecting value: line 2 column 512 (char 512)
소화가 잘되는 우유로 만든 카페라떼 250mL|269,소화가 잘되는 우유로 만든 카페라떼 250mL,269,,Expecting value: line 2 column 512 (char 512)
소화가 잘되는 우유로 만든 카페라떼 250mL|271,소화가 잘되는 우유로 만든 카페라떼 250mL,271,"{""product_name"": ""소화가 잘되는 우유로 만든 카페라떼 250mL"", ""persona_key"": 271, ""purchase_behavior_prediction"": {""purchase_probability_pct"": 85, ""reason"": ""이 페르소나는 HMR(가정식 대체식품)에 대한 높은 선호도를 가지고 있으며, 이는 제품의 간편함과 건강식품으로서의 특성과 잘 맞아떨어집니다. 특히, 유당불내증을 가진 소비자에게 적합한 제품으로, 건강을 중시하는 경향이 있는 이 페르소나에게 매력적입니다. 또한, 가격이 경쟁 제품보다 약간 높은 편이지만, 가격에 대한 민감도가 낮고 효율성과 맛을 동시에 추구하는 특성을 고려할 때, 이 제품은 긍정적인 반응을 이끌어낼 가능성이 높습니다. 따라서, 이 소비자는 제품을 구매할 확률이 높고, 월평균 4회 정도 구매할 것으로 예상됩니다."", ""monthly_purchase_frequency"": 4}}",
소화가 잘되는 우유로 만든 카페라떼 250mL|270,소화가 잘되는 우유로 만든 카페라떼 250mL,270,,Expecting value: line 2 column 512 (char 512)
소화가 잘되는 우유로 만든 카페라떼 250mL|272,소화가 잘되는 우유로 만든 카페라떼 250mL,272,,Expecting value: line 2 column 512 (char 512)
소화가 잘되는 우유로 만든 카페라떼 250mL|274,소화가 잘되는 우유로 만든 카페라떼 250mL,274,"{""product_name"": ""소화가 잘되는 우유로 만든 카페라떼 250mL"", ""persona_key"": 274, ""purchase_behavior_prediction"": {""purchase_probability_pct"": 75, ""reason"": ""이 페르소나는 '요리 편리성'을 가장 중요하게 생각하는 소비자로, 건강식품과 간편함을 강조하는 제품에 매력을 느낄 가능성이 높습니다. '소화가 잘되는 우유로 만든 카페라떼'는 유당불내증을 가진 소비자를 타겟으로 하여, 건강과 편리함을 동시에 제공하므로 이 페르소나의 요구에 잘 부합합니다. 또한, 가격이 1,400원으로 시장 경쟁 환경에서 상대적으로 비싸지 않으며, 경쟁 제품의 가격대가 865원에서 1,072원 사이인 점을 고려할 때, 가격에 대한 민감도가 낮은 이 소비자는 제품의 품질과 편리함을 우선시할 가능성이 큽니다. 따라서, 이 제품은 페르소나에게 긍정적인 구매 결정 요인으로 작용할 것입니다."", ""monthly_purchase_frequency"": 4}}",
소화가 잘되는 우유로 만든 카페라떼 250mL|273,소화가 잘되는 우유로 만든 카페라떼 250mL,273,,Expecting value: line 2 column 512 (char 512)
소화가 잘되는 우유로 만든 카페라떼 250mL|277,소화가 잘되는 우유로 만든 카페라떼 250mL,277,"{""product_name"": ""소화가 잘되는 우유로 만든 카페라떼 250mL"", ""persona_key"": 277, ""purchase_behavior_prediction"": {""purchase_probability_pct"": 85, ""reason"": ""이 소비자는 건강을 최우선으로 고려하는 '건강 추구형 소비자'로, HMR(가정간편식) 선호도가 매우 높습니다. 제품의 주요 특징인 '건강식품'과 '간편함'은 이 소비자의 요구에 잘 부합합니다. 특히, 유당불내증을 가진 소비자에게 적합한 제품으로, 건강과 편리성을 동시에 만족시킬 수 있습니다. 가격이 1,400원으로 시장 경쟁 환경에서 상대적으로 높은 편이지만, 이 소비자는 가격보다 건강과 편리성을 더 중시하므로 긍정적으로 받아들일 것입니다. 또한, 광고와 프로모션이 SNS를 통해 진행될 예정이어서, 소비자의 관심을 끌 가능성이 높습니다."", ""monthly_purchase_frequency"": 4}}",
소화가 잘되는 우유로 만든 카페라떼 250mL|275,소화가 잘되는 우유로 만든 카페라떼 250mL,275,,Expecting value: line 2 column 512 (char 512)
소화가 잘되는 우유로 만든 카페라떼 250mL|279,소화가 잘되는 우유로 만든 카페라떼 250mL,279,"{""product_name"": ""소화가 잘되는 우유로 만든 카페라떼 250mL"", ""persona_key"": 279, ""purchase_behavior_prediction"": {""purchase_probability_pct"": 85, ""reason"": ""이 소비자는 건강을 최우선으로 고려하는 '건강 추구형 소비자'로, HMR(가정 간편식) 선호도가 매우 높습니다. 제품의 주요 특징인 '건강식품', '간편함', '고소한맛'은 이 소비자의 요구에 잘 부합합니다. 특히 유당불내증을 가진 소비자에게 적합한 제품으로, 건강과 편리성을 모두 만족시키는 점에서 긍정적입니다. 가격이 1,400원으로 시장 경쟁 환경에서 상대적으로 높은 편이지만, 이 소비자는 가격보다 건강과 편리성을 중시하기 때문에 구매를 고려할 가능성이 큽니다. 또한, 경쟁 제품의 가격대가 865원에서 1,072원 사이인 점을 감안할 때, 이 제품의 가격이 다소 비싸게 느껴질 수 있지만, 브랜드 충성도가 높은 소비자이기 때문에 브랜드에 대한 신뢰와 제품의 품질을 고려하여 구매할 확률이 높습니다."", ""monthly_purchase_frequency"": 4}}",
소화가 잘되는 우유로 만든 카페라떼 250mL|276,소화가 잘되는 우유로 만든 카페라떼 250mL,276,,Expecting value: line 2 column 512 (char 512)
소화가 잘되는 우유로 만든 카페라떼 250mL|278,소화가 잘되는 우유로 만든 카페라떼 250mL,278,,Expecting value: line 2 column 512 (char 512)
소화가 잘되는 우유로 만든 카페라떼 250mL|280,소화가 잘되는 우유로 만든 카페라떼 250mL,280,,Expecting value: line 2 column 512 (char 512)
소화가 잘되는 우유로 만든 카페라떼 250mL|283,소화가 잘되는 우유로 만든 카페라떼 250mL,283,,Expecting value: line 2 column 512 (char 512)
소화가 잘되는 우유로 만든 카페라떼 250mL|281,소화가 잘되는 우유로 만든 카페라떼 250mL,281,,Expecting value: line 2 column 512 (char 512)
소화가 잘되는 우유로 만든 카페라떼 250mL|282,소화가 잘되는 우유로 만든 카페라떼 250mL,282,,Expecting value: line 2 column 512 (char 512)
소화가 잘되는 우유로 만든 카페라떼 250mL|286,소화가 잘되는 우유로 만든 카페라떼 250mL,286,,Expecting value: line 2 column 512 (char 512)
소화가 잘되는 우유로 만든 카페라떼 250mL|285,소화가 잘되는 우유로 만든 카페라떼 250mL,285,,Expecting value: line 2 column 512 (char 512)
소화가 잘되는 우유로 만든 카페라떼 250mL|284,소화가 잘되는 우유로 만든 카페라떼 250mL,284,,Expecting value: line 2 column 512 (char 512)
소화가 잘되는 우유로 만든 카페라떼 250mL|291,소화가 잘되는 우유로 만든 카페라떼 250mL,291,,Expecting value: line 2 column 512 (char 512)
소화가 잘되는 우유로 만든 카페라떼 250mL|287,소화가 잘되는 우유로 만든 카페라떼 250mL,287,,Expecting value: line 2 column 512 (char 512)
소화가 잘되는 우유로 만든 카페라떼 250mL|289,소화가 잘되는 우유로 만든 카페라떼 250mL,289,,Expecting value: line 2 column 512 (char 512)
소화가 잘되는 우유로 만든 카페라떼 250mL|290,소화가 잘되는 우유로 만든 카페라떼 250mL,290,,Expecting value: line 2 column 512 (char 512)
소화가 잘되는 우유로 만든 카페라떼 250mL|292,소화가 잘되는 우유로 만든 카페라떼 250mL,292,"{""product_name"": ""소화가 잘되는 우유로 만든 카페라떼 250mL"", ""persona_key"": 292, ""purchase_behavior_prediction"": {""purchase_probability_pct"": 85, ""reason"": ""이 페르소나는 HMR(가정간편식) 선호도가 높고, 건강식품에 대한 관심이 상대적으로 낮지만, 간편함과 고소한 맛을 중시하는 경향이 있습니다. 제품은 유당불내증을 고려하여 설계되었으며, 간편하게 소비할 수 있는 카페라떼로서 이 소비자에게 매력적입니다. 또한, 가격이 경쟁 제품보다 다소 높은 편이지만, 브랜드 충성도가 높아 동원 F&B의 제품을 선호할 가능성이 큽니다. 시장 경쟁 환경에서 가격이 100g당 865원에서 1,072원 사이인 점을 고려할 때, 이 제품의 가격은 250mL 기준으로 약 1,400원이므로 적정 가격으로 판단될 수 있습니다. 따라서, 이 소비자는 제품의 품질과 브랜드 신뢰성을 고려하여 구매할 가능성이 높습니다."", ""monthly_purchase_frequency"": 4}}",
소화가 잘되는 우유로 만든 카페라떼 250mL|288,소화가 잘되는 우유로 만든 카페라떼 250mL,288,,Expecting value: line 2 column 512 (char 512)
소화가 잘되는 우유로 만든 카페라떼 250mL|294,소화가 잘되는 우유로 만든 카페라떼 250mL,294,"{""product_name"": ""소화가 잘되는 우유로 만든 카페라떼 250mL"", ""persona_key"": 294, ""purchase_behavior_prediction"": {""purchase_probability_pct"": 85, ""reason"": ""이 페르소나는 HMR(가정간편식) 선호도가 매우 높고(0.9216), 건강식품에 대한 관심도 또한 상당히 높습니다(0.4665). 제품은 유당불내증을 고려하여 만들어졌으며, 간편함과 고소한 맛을 강조하고 있어 이 소비자에게 매력적입니다. 또한, 가격이 1,400원으로 경쟁 제품의 가격 범위(865원 ~ 1,072원)보다 다소 높은 편이지만, 이 소비자는 가격 민감도가 낮아(0.2846) 브랜드 충성도도 높기 때문에 구매를 결정할 가능성이 큽니다. 이 소비자는 새로운 제품을 경험하고 공유하는 것을 중시하므로, SNS 바이럴 광고가 효과적일 것으로 예상됩니다."", ""monthly_purchase_frequency"": 4}}",
소화가 잘되는 우유로 만든 카페라떼 250mL|293,소화가 잘되는 우유로 만든 카페라떼 250mL,293,,Expecting value: line 2 column 512 (char 512)
소화가 잘되는 우유로 만든 카페라떼 250mL|295,소화가 잘되는 우유로 만든 카페라떼 250mL,295,,Expecting value: line 2 column 512 (char 512)
소화가 잘되는 우유로 만든 카페라떼 250mL|297,소화가 잘되는 우유로 만든 카페라떼 250mL,297,,Expecting value: line 2 column 512 (char 512)
소화가 잘되는 우유로 만든 카페라떼 250mL|296,소화가 잘되는 우유로 만든 카페라떼 250mL,296,,Expecting value: line 2 column 512 (char 512)
소화가 잘되는 우유로 만든 카페라떼 250mL|300,소화가 잘되는 우유로 만든 카페라떼 250mL,300,"{""product_name"": ""소화가 잘되는 우유로 만든 카페라떼 250mL"", ""persona_key"": 300, ""purchase_behavior_prediction"": {""purchase_probability_pct"": 75, ""reason"": ""이 페르소나는 HMR(가정간편식) 선호도가 높고, 건강식품에 대한 관심이 있으며, 간편함을 중시하는 주부입니다. 제품이 유당불내증을 고려하여 만들어졌고, 건강식품으로서의 특성을 갖추고 있어 이 소비자에게 매력적입니다. 또한, 가격이 경쟁 제품보다 약간 높은 편이지만, 품질과 편리함을 중시하는 소비자 특성상 긍정적으로 받아들일 가능성이 높습니다. 시장 경쟁 환경에서 비슷한 제품의 가격대가 865원에서 1,072원 사이인 점을 고려할 때, 가격이 1,400원으로 다소 높은 편이지만, 브랜드 충성도가 높고 간편함을 중시하는 소비자의 특성으로 인해 구매 확률이 높게 예측됩니다."", ""monthly_purchase_frequency"": 4}}",
소화가 잘되는 우유로 만든 카페라떼 250mL|298,소화가 잘되는 우유로 만든 카페라떼 250mL,298,,Expecting value: line 2 column 512 (char 512)
소화가 잘되는 우유로 만든 카페라떼 250mL|299,소화가 잘되는 우유로 만든 카페라떼 250mL,299,,Expecting value: line 2 column 512 (char 512)
소화가 잘되는 우유로 만든 카페라떼 250mL|304,소화가 잘되는 우유로 만든 카페라떼 250mL,304,"{""product_name"": ""소화가 잘되는 우유로 만든 카페라떼 250mL"", ""persona_key"": 304, ""purchase_behavior_prediction"": {""purchase_probability_pct"": 85, ""reason"": ""이 소비자는 HMR(가정식 대체식품)에 대한 높은 선호도를 가지고 있으며, 이는 제품의 간편함과 건강식품으로서의 특성이 잘 맞아떨어진다. 특히, 유당불내증을 가진 소비자에게 적합한 제품으로, 건강과 편리함을 중시하는 이 페르소나의 특성과 잘 연결된다. 또한, 가격이 경쟁 제품보다 약간 높은 편이지만, 소비자는 브랜드 충성도가 높고 품질을 중시하기 때문에 가격에 대한 민감도가 상대적으로 낮다. 따라서, 이 제품은 소비자의 기대를 충족시킬 가능성이 높다."", ""monthly_purchase_frequency"": 4}}",
소화가 잘되는 우유로 만든 카페라떼 250mL|301,소화가 잘되는 우유로 만든 카페라떼 250mL,301,,Expecting value: line 2 column 512 (char 512)
소화가 잘되는 우유로 만든 카페라떼 250mL|302,소화가 잘되는 우유로 만든 카페라떼 250mL,302,,Expecting value: line 2 column 512 (char 512)
소화가 잘되는 우유로 만든 카페라떼 250mL|303,소화가 잘되는 우유로 만든 카페라떼 250mL,303,,Expecting value: line 2 column 512 (char 512)
소화가 잘되는 우유로 만든 카페라떼 250mL|305,소화가 잘되는 우유로 만든 카페라떼 250mL,305,,Expecting value: line 2 column 512 (char 512)
소화가 잘되는 우유로 만든 카페라떼 250mL|306,소화가 잘되는 우유로 만든 카페라떼 250mL,306,,Expecting value: line 2 column 512 (char 512)
소화가 잘되는 우유로 만든 카페라떼 250mL|307,소화가 잘되는 우유로 만든 카페라떼 250mL,307,,Expecting value: line 2 column 512 (char 512)
소화가 잘되는 우유로 만든 카페라떼 250mL|308,소화가 잘되는 우유로 만든 카페라떼 250mL,308,,Expecting value: line 2 column 512 (char 512)
소화가 잘되는 우유로 만든 카페라떼 250mL|309,소화가 잘되는 우유로 만든 카페라떼 250mL,309,,Expecting value: line 2 column 512 (char 512)
소화가 잘되는 우유로 만든 카페라떼 250mL|310,소화가 잘되는 우유로 만든 카페라떼 250mL,310,,Expecting value: line 2 column 512 (char 512)
소화가 잘되는 우유로 만든 카페라떼 250mL|313,소화가 잘되는 우유로 만든 카페라떼 250mL,313,,Expecting value: line 2 column 512 (char 512)
소화가 잘되는 우유로 만든 카페라떼 250mL|311,소화가 잘되는 우유로 만든 카페라떼 250mL,311,,Expecting value: line 2 column 512 (char 512)
소화가 잘되는 우유로 만든 카페라떼 250mL|312,소화가 잘되는 우유로 만든 카페라떼 250mL,312,,Expecting value: line 2 column 512 (char 512)
소화가 잘되는 우유로 만든 카페라떼 250mL|315,소화가 잘되는 우유로 만든 카페라떼 250mL,315,"{""product_name"": ""소화가 잘되는 우유로 만든 카페라떼 250mL"", ""persona_key"": 315, ""purchase_behavior_prediction"": {""purchase_probability_pct"": 75, ""reason"": ""이 페르소나는 HMR(가정간편식) 선호도가 매우 높고(0.8629), 건강식품에 대한 관심도 또한 높습니다(0.5297). 제품의 특성인 '소화가 잘되는 우유로 만든 카페라떼'는 유당불내증을 가진 소비자에게 적합하며, 간편함과 고소한 맛이 이 소비자의 요구를 충족시킵니다. 또한, 가격이 1,400원으로 경쟁 제품의 가격대(865원 ~ 1,072원)보다 다소 높은 편이지만, 브랜드 충성도가 높고 프리미엄 제품에 대한 선호도도 있어 가격에 대한 민감도는 낮습니다(0.4131). 따라서, 이 소비자는 제품의 품질과 브랜드 가치를 고려할 때 구매할 가능성이 높습니다."", ""monthly_purchase_frequency"": 4}}",
소화가 잘되는 우유로 만든 카페라떼 250mL|314,소화가 잘되는 우유로 만든 카페라떼 250mL,314,,Expecting value: line 2 column 512 (char 512)
소화가 잘되는 우유로 만든 카페라떼 250mL|316,소화가 잘되는 우유로 만든 카페라떼 250mL,316,,Expecting value: line 2 column 512 (char 512)
소화가 잘되는 우유로 만든 카페라떼 250mL|322,소화가 잘되는 우유로 만든 카페라떼 250mL,322,"{""product_name"": ""소화가 잘되는 우유로 만든 카페라떼 250mL"", ""persona_key"": 322, ""purchase_behavior_prediction"": {""purchase_probability_pct"": 85, ""reason"": ""이 페르소나는 '실속형 미식가'로, 편리함과 건강을 중시하며 새로운 맛을 시도하는 데 적극적입니다. HMR 선호도가 높아 간편하게 소비할 수 있는 제품에 대한 수요가 큽니다. 제품의 주요 특징인 '건강식품', '간편함', '고소한맛'은 이 소비자의 요구에 잘 부합합니다. 또한, 가격이 1,400원으로 경쟁 제품의 가격대(865원 ~ 1,072원)보다 다소 높은 편이지만, 제품의 품질과 편리함을 고려할 때 가격에 대한 민감도가 낮은 이 소비자에게는 긍정적으로 작용할 것입니다. 따라서, 이 소비자는 이 제품을 구매할 가능성이 높습니다."", ""monthly_purchase_frequency"": 4}}",
소화가 잘되는 우유로 만든 카페라떼 250mL|318,소화가 잘되는 우유로 만든 카페라떼 250mL,318,,Expecting value: line 2 column 512 (char 512)
소화가 잘되는 우유로 만든 카페라떼 250mL|317,소화가 잘되는 우유로 만든 카페라떼 250mL,317,,Expecting value: line 2 column 512 (char 512)
소화가 잘되는 우유로 만든 카페라떼 250mL|320,소화가 잘되는 우유로 만든 카페라떼 250mL,320,,Expecting value: line 2 column 512 (char 512)
소화가 잘되는 우유로 만든 카페라떼 250mL|319,소화가 잘되는 우유로 만든 카페라떼 250mL,319,,Expecting value: line 2 column 512 (char 512)
소화가 잘되는 우유로 만든 카페라떼 250mL|321,소화가 잘되는 우유로 만든 카페라떼 250mL,321,,Expecting value: line 2 column 512 (char 512)
소화가 잘되는 우유로 만든 카페라떼 250mL|323,소화가 잘되는 우유로 만든 카페라떼 250mL,323,,Expecting value: line 2 column 512 (char 512)
소화가 잘되는 우유로 만든 카페라떼 250mL|327,소화가 잘되는 우유로 만든 카페라떼 250mL,327,,Expecting value: line 2 column 512 (char 512)
소화가 잘되는 우유로 만든 카페라떼 250mL|325,소화가 잘되는 우유로 만든 카페라떼 250mL,325,,Expecting value: line 2 column 512 (char 512)
소화가 잘되는 우유로 만든 카페라떼 250mL|326,소화가 잘되는 우유로 만든 카페라떼 250mL,326,,Expecting value: line 2 column 512 (char 512)
소화가 잘되는 우유로 만든 카페라떼 250mL|324,소화가 잘되는 우유로 만든 카페라떼 250mL,324,,Expecting value: line 2 column 512 (char 512)
소화가 잘되는 우유로 만든 카페라떼 250mL|329,소화가 잘되는 우유로 만든 카페라떼 250mL,329,,Expecting value: line 2 column 512 (char 512)
소화가 잘되는 우유로 만든 카페라떼 250mL|328,소화가 잘되는 우유로 만든 카페라떼 250mL,328,,Expecting value: line 2 column 512 (char 512)
소화가 잘되는 우유로 만든 카페라떼 250mL|330,소화가 잘되는 우유로 만든 카페라떼 250mL,330,,Expecting value: line 2 column 512 (char 512)
소화가 잘되는 우유로 만든 카페라떼 250mL|331,소화가 잘되는 우유로 만든 카페라떼 250mL,331,,Expecting value: line 2 column 512 (char 512)
소화가 잘되는 우유로 만든 카페라떼 250mL|333,소화가 잘되는 우유로 만든 카페라떼 250mL,333,,Expecting value: line 2 column 512 (char 512)
소화가 잘되는 우유로 만든 카페라떼 250mL|332,소화가 잘되는 우유로 만든 카페라떼 250mL,332,,Expecting value: line 2 column 512 (char 512)
소화가 잘되는 우유로 만든 카페라떼 250mL|339,소화가 잘되는 우유로 만든 카페라떼 250mL,339,,Expecting value: line 2 column 512 (char 512)
소화가 잘되는 우유로 만든 카페라떼 250mL|334,소화가 잘되는 우유로 만든 카페라떼 250mL,334,,Expecting value: line 2 column 512 (char 512)
소화가 잘되는 우유로 만든 카페라떼 250mL|335,소화가 잘되는 우유로 만든 카페라떼 250mL,335,,Expecting value: line 2 column 512 (char 512)
소화가 잘되는 우유로 만든 카페라떼 250mL|336,소화가 잘되는 우유로 만든 카페라떼 250mL,336,,Expecting value: line 2 column 512 (char 512)
소화가 잘되는 우유로 만든 카페라떼 250mL|337,소화가 잘되는 우유로 만든 카페라떼 250mL,337,,Expecting value: line 2 column 512 (char 512)
소화가 잘되는 우유로 만든 카페라떼 250mL|338,소화가 잘되는 우유로 만든 카페라떼 250mL,338,,Expecting value: line 2 column 512 (char 512)
소화가 잘되는 우유로 만든 카페라떼 250mL|342,소화가 잘되는 우유로 만든 카페라떼 250mL,342,,Expecting value: line 2 column 512 (char 512)
소화가 잘되는 우유로 만든 카페라떼 250mL|340,소화가 잘되는 우유로 만든 카페라떼 250mL,340,,Expecting value: line 2 column 512 (char 512)
소화가 잘되는 우유로 만든 카페라떼 250mL|343,소화가 잘되는 우유로 만든 카페라떼 250mL,343,,Expecting value: line 2 column 512 (char 512)
소화가 잘되는 우유로 만든 카페라떼 250mL|345,소화가 잘되는 우유로 만든 카페라떼 250mL,345,,Expecting value: line 2 column 512 (char 512)
소화가 잘되는 우유로 만든 카페라떼 250mL|346,소화가 잘되는 우유로 만든 카페라떼 250mL,346,,Expecting value: line 2 column 512 (char 512)
소화가 잘되는 우유로 만든 카페라떼 250mL|344,소화가 잘되는 우유로 만든 카페라떼 250mL,344,,Expecting value: line 2 column 512 (char 512)
소화가 잘되는 우유로 만든 카페라떼 250mL|347,소화가 잘되는 우유로 만든 카페라떼 250mL,347,,Expecting value: line 2 column 512 (char 512)
소화가 잘되는 우유로 만든 카페라떼 250mL|348,소화가 잘되는 우유로 만든 카페라떼 250mL,348,,Expecting value: line 2 column 512 (char 512)
소화가 잘되는 우유로 만든 카페라떼 250mL|349,소화가 잘되는 우유로 만든 카페라떼 250mL,349,,Expecting value: line 2 column 512 (char 512)
소화가 잘되는 우유로 만든 카페라떼 250mL|353,소화가 잘되는 우유로 만든 카페라떼 250mL,353,"{""product_name"": ""소화가 잘되는 우유로 만든 카페라떼 250mL"", ""persona_key"": 353, ""purchase_behavior_prediction"": {""purchase_probability_pct"": 85, ""reason"": ""이 페르소나는 '실속형 미식가'로, 편리함과 건강을 중시하며 새로운 맛을 시도하는 데 적극적입니다. HMR 선호도가 매우 높아(0.897) 간편한 식품에 대한 수요가 큽니다. 제품의 건강식품 특성과 간편함은 이 소비자에게 매력적이며, 유당불내증을 고려한 제품 특성도 긍정적입니다. 가격은 1,400원으로, 경쟁 제품의 가격대(865원 ~ 1,072원)보다 다소 높은 편이지만, 가격 민감도가 낮아(0.240) 효율성과 맛을 중시하는 이 소비자에게는 큰 장애가 되지 않을 것입니다. 따라서, 이 제품은 이 소비자에게 매우 매력적이며, 구매 확률이 높습니다."", ""monthly_purchase_frequency"": 4}}",
소화가 잘되는 우유로 만든 카페라떼 250mL|350,소화가 잘되는 우유로 만든 카페라떼 250mL,350,,Expecting value: line 2 column 512 (char 512)
소화가 잘되는 우유로 만든 카페라떼 250mL|351,소화가 잘되는 우유로 만든 카페라떼 250mL,351,,Expecting value: line 2 column 512 (char 512)
소화가 잘되는 우유로 만든 카페라떼 250mL|352,소화가 잘되는 우유로 만든 카페라떼 250mL,352,,Expecting value: line 2 column 512 (char 512)
소화가 잘되는 우유로 만든 카페라떼 250mL|341,소화가 잘되는 우유로 만든 카페라떼 250mL,341,,Expecting value: line 2 column 512 (char 512)
소화가 잘되는 우유로 만든 카페라떼 250mL|357,소화가 잘되는 우유로 만든 카페라떼 250mL,357,,Expecting value: line 2 column 512 (char 512)
소화가 잘되는 우유로 만든 카페라떼 250mL|356,소화가 잘되는 우유로 만든 카페라떼 250mL,356,,Expecting value: line 2 column 512 (char 512)
소화가 잘되는 우유로 만든 카페라떼 250mL|354,소화가 잘되는 우유로 만든 카페라떼 250mL,354,,Expecting value: line 2 column 512 (char 512)
소화가 잘되는 우유로 만든 카페라떼 250mL|355,소화가 잘되는 우유로 만든 카페라떼 250mL,355,,Expecting value: line 2 column 512 (char 512)
소화가 잘되는 우유로 만든 카페라떼 250mL|359,소화가 잘되는 우유로 만든 카페라떼 250mL,359,,Expecting value: line 2 column 512 (char 512)
소화가 잘되는 우유로 만든 카페라떼 250mL|358,소화가 잘되는 우유로 만든 카페라떼 250mL,358,,Expecting value: line 2 column 512 (char 512)
소화가 잘되는 우유로 만든 카페라떼 250mL|360,소화가 잘되는 우유로 만든 카페라떼 250mL,360,,Expecting value: line 2 column 512 (char 512)
소화가 잘되는 우유로 만든 카페라떼 250mL|362,소화가 잘되는 우유로 만든 카페라떼 250mL,362,,Expecting value: line 2 column 512 (char 512)
프리미엄 동원참치액 500g|1,프리미엄 동원참치액 500g,1,,Expecting value: line 2 column 512 (char 512)
프리미엄 동원참치액 500g|2,프리미엄 동원참치액 500g,2,,Expecting value: line 2 column 512 (char 512)
소화가 잘되는 우유로 만든 카페라떼 250mL|363,소화가 잘되는 우유로 만든 카페라떼 250mL,363,,Expecting value: line 2 column 512 (char 512)
소화가 잘되는 우유로 만든 카페라떼 250mL|361,소화가 잘되는 우유로 만든 카페라떼 250mL,361,,Expecting value: line 2 column 512 (char 512)
프리미엄 동원참치액 500g|4,프리미엄 동원참치액 500g,4,,Expecting value: line 2 column 512 (char 512)
프리미엄 동원참치액 500g|5,프리미엄 동원참치액 500g,5,,Expecting value: line 2 column 512 (char 512)
프리미엄 동원참치액 500g|8,프리미엄 동원참치액 500g,8,"{""product_name"": ""프리미엄 동원참치액 500g"", ""persona_key"": 8, ""purchase_behavior_prediction"": {""purchase_probability_pct"": 75, ""reason"": ""이 페르소나는 '실속형 미식가'로, 편리성과 맛을 동시에 중시합니다. HMR(가정간편식) 선호도가 높아 조리의 편리함을 중요하게 생각하며, 프리미엄 제품에 대한 수용성도 가지고 있습니다. 제품의 '프리미엄', '감칠맛', '높은 만족도'와 같은 특징은 이 소비자에게 매력적이며, 1인 가구로서 소량으로도 다양한 요리를 시도할 수 있는 점이 긍정적입니다. 또한, 경쟁 제품의 가격대가 1,366원에서 2,996원 사이로 다양하여, 동원참치액의 가격(11,480원/500g, 즉 2,296원/100g)은 중간 정도로, 가격에 대한 민감도가 낮은 이 페르소나에게 수용 가능할 것으로 보입니다."", ""monthly_purchase_frequency"": 2}}",
프리미엄 동원참치액 500g|6,프리미엄 동원참치액 500g,6,,Expecting value: line 2 column 512 (char 512)
프리미엄 동원참치액 500g|7,프리미엄 동원참치액 500g,7,,Expecting value: line 2 column 512 (char 512)
프리미엄 동원참치액 500g|3,프리미엄 동원참치액 500g,3,,Expecting value: line 2 column 512 (char 512)
프리미엄 동원참치액 500g|9,프리미엄 동원참치액 500g,9,,Expecting value: line 2 column 512 (char 512)
프리미엄 동원참치액 500g|11,프리미엄 동원참치액 500g,11,,Expecting value: line 2 column 512 (char 512)
프리미엄 동원참치액 500g|10,프리미엄 동원참치액 500g,10,,Expecting value: line 2 column 512 (char 512)
프리미엄 동원참치액 500g|12,프리미엄 동원참치액 500g,12,,Expecting value: line 2 column 512 (char 512)
프리미엄 동원참치액 500g|14,프리미엄 동원참치액 500g,14,,Expecting value: line 2 column 512 (char 512)
프리미엄 동원참치액 500g|15,프리미엄 동원참치액 500g,15,,Expecting value: line 2 column 512 (char 512)
프리미엄 동원참치액 500g|16,프리미엄 동원참치액 500g,16,,Expecting value: line 2 column 512 (char 512)
프리미엄 동원참치액 500g|18,프리미엄 동원참치액 500g,18,,Expecting value: line 2 column 512 (char 512)
프리미엄 동원참치액 500g|17,프리미엄 동원참치액 500g,17,,Expecting value: line 2 column 512 (char 512)
프리미엄 동원참치액 500g|19,프리미엄 동원참치액 500g,19,,Expecting value: line 2 column 512 (char 512)
프리미엄 동원참치액 500g|13,프리미엄 동원참치액 500g,13,,Expecting value: line 2 column 512 (char 512)
프리미엄 동원참치액 500g|20,프리미엄 동원참치액 500g,20,,Expecting value: line 2 column 512 (char 512)
프리미엄 동원참치액 500g|23,프리미엄 동원참치액 500g,23,"{""product_name"": ""프리미엄 동원참치액 500g"", ""persona_key"": 23, ""purchase_behavior_prediction"": {""purchase_probability_pct"": 85, ""reason"": ""이 페르소나는 '프리미엄 지향성'이 높은 소비자로, 건강과 편리성을 중시하며 가격에 대한 민감도가 낮습니다. '프리미엄 동원참치액'은 프리미엄 제품으로서 감칠맛과 높은 만족도를 제공하며, 1세대 가족과 요리하는 1인 가구를 타겟으로 하고 있어 이 소비자의 요구에 부합합니다. 또한, 시장 경쟁 환경에서 가격이 100g당 1,366원에서 2,996원 사이인 점을 감안할 때, 동원참치액의 가격(11,480원, 500g 기준)은 경쟁 제품에 비해 합리적이며, 프리미엄 소비자에게는 매력적으로 다가올 것입니다. 따라서 이 소비자는 제품을 구매할 가능성이 높습니다."", ""monthly_purchase_frequency"": 2}}",
프리미엄 동원참치액 500g|22,프리미엄 동원참치액 500g,22,,Expecting value: line 2 column 512 (char 512)
프리미엄 동원참치액 500g|21,프리미엄 동원참치액 500g,21,,Expecting value: line 2 column 512 (char 512)
프리미엄 동원참치액 500g|24,프리미엄 동원참치액 500g,24,,Expecting value: line 2 column 512 (char 512)
프리미엄 동원참치액 500g|25,프리미엄 동원참치액 500g,25,,Expecting value: line 2 column 512 (char 512)
프리미엄 동원참치액 500g|27,프리미엄 동원참치액 500g,27,,Expecting value: line 2 column 512 (char 512)
프리미엄 동원참치액 500g|26,프리미엄 동원참치액 500g,26,,Expecting value: line 2 column 512 (char 512)
프리미엄 동원참치액 500g|28,프리미엄 동원참치액 500g,28,,Expecting value: line 2 column 512 (char 512)
프리미엄 동원참치액 500g|29,프리미엄 동원참치액 500g,29,,Expecting value: line 2 column 512 (char 512)
프리미엄 동원참치액 500g|31,프리미엄 동원참치액 500g,31,,Expecting value: line 2 column 512 (char 512)
프리미엄 동원참치액 500g|30,프리미엄 동원참치액 500g,30,,Expecting value: line 2 column 512 (char 512)
프리미엄 동원참치액 500g|33,프리미엄 동원참치액 500g,33,,Expecting value: line 2 column 512 (char 512)
프리미엄 동원참치액 500g|35,프리미엄 동원참치액 500g,35,"{""product_name"": ""프리미엄 동원참치액 500g"", ""persona_key"": 35, ""purchase_behavior_prediction"": {""purchase_probability_pct"": 75, ""reason"": ""이 페르소나는 '실속형 미식가'로, 편리성과 맛을 중시하며 새로운 제품을 시도하는 데 적극적입니다. HMR(가정식 대체식품)에 대한 높은 선호도(0.76)는 이 제품이 제공하는 감칠맛과 높은 만족도와 잘 맞아떨어집니다. 또한, 1인 가구로서 요리의 편리함을 중시하기 때문에 액상 조미료인 프리미엄 동원참치액은 요리에 쉽게 활용할 수 있어 매력적입니다. 가격은 500g에 11,480원으로, 100g당 약 2,296원이므로 경쟁 제품의 가격 범위(1,366원 ~ 2,996원) 내에 위치합니다. 이는 가격에 대한 민감도가 중간 정도인 이 페르소나에게 긍정적인 요소로 작용할 것입니다. 따라서, 이 제품은 페르소나의 요구를 충족시키며, 구매 확률이 높다고 판단됩니다."", ""monthly_purchase_frequency"": 2}}",
프리미엄 동원참치액 500g|34,프리미엄 동원참치액 500g,34,,Expecting value: line 2 column 512 (char 512)
프리미엄 동원참치액 500g|36,프리미엄 동원참치액 500g,36,,Expecting value: line 2 column 512 (char 512)
프리미엄 동원참치액 500g|32,프리미엄 동원참치액 500g,32,,Expecting value: line 2 column 512 (char 512)
프리미엄 동원참치액 500g|40,프리미엄 동원참치액 500g,40,,Expecting value: line 2 column 512 (char 512)
프리미엄 동원참치액 500g|39,프리미엄 동원참치액 500g,39,,Expecting value: line 2 column 512 (char 512)
프리미엄 동원참치액 500g|37,프리미엄 동원참치액 500g,37,,Expecting value: line 2 column 512 (char 512)
프리미엄 동원참치액 500g|41,프리미엄 동원참치액 500g,41,,Expecting value: line 2 column 512 (char 512)
프리미엄 동원참치액 500g|42,프리미엄 동원참치액 500g,42,,Expecting value: line 2 column 512 (char 512)
프리미엄 동원참치액 500g|38,프리미엄 동원참치액 500g,38,,Expecting value: line 2 column 512 (char 512)
프리미엄 동원참치액 500g|43,프리미엄 동원참치액 500g,43,,Expecting value: line 2 column 512 (char 512)
프리미엄 동원참치액 500g|44,프리미엄 동원참치액 500g,44,,Expecting value: line 2 column 512 (char 512)
프리미엄 동원참치액 500g|46,프리미엄 동원참치액 500g,46,,Expecting value: line 2 column 512 (char 512)
프리미엄 동원참치액 500g|45,프리미엄 동원참치액 500g,45,,Expecting value: line 2 column 512 (char 512)
프리미엄 동원참치액 500g|47,프리미엄 동원참치액 500g,47,,Expecting value: line 2 column 512 (char 512)
프리미엄 동원참치액 500g|49,프리미엄 동원참치액 500g,49,"{""product_name"": ""프리미엄 동원참치액 500g"", ""persona_key"": 49, ""purchase_behavior_prediction"": {""purchase_probability_pct"": 85, ""reason"": ""이 페르소나는 건강 지향성이 매우 높고, 프리미엄 제품에 대한 선호도가 강한 소비자입니다. '프리미엄 동원참치액'은 건강한 조미료로서 감칠맛과 높은 만족도를 제공하며, 요리하는 1인 가구와 2세대 가족을 대상으로 하고 있어 이 소비자의 필요와 잘 맞습니다. 또한, 시장 경쟁 환경에서 가격이 100g당 1,366원에서 2,996원 사이인 점을 고려할 때, 동원참치액의 가격(11,480원/500g)은 경쟁 제품에 비해 합리적이며, 건강과 편리성을 중시하는 이 소비자에게 매력적으로 다가올 것입니다. 따라서 이 소비자는 제품을 구매할 가능성이 높습니다."", ""monthly_purchase_frequency"": 2}}",
프리미엄 동원참치액 500g|48,프리미엄 동원참치액 500g,48,,Expecting value: line 2 column 512 (char 512)
프리미엄 동원참치액 500g|50,프리미엄 동원참치액 500g,50,,Expecting value: line 2 column 512 (char 512)
프리미엄 동원참치액 500g|52,프리미엄 동원참치액 500g,52,,Expecting value: line 2 column 512 (char 512)
프리미엄 동원참치액 500g|53,프리미엄 동원참치액 500g,53,,Expecting value: line 2 column 512 (char 512)
프리미엄 동원참치액 500g|51,프리미엄 동원참치액 500g,51,,Expecting value: line 2 column 512 (char 512)
프리미엄 동원참치액 500g|55,프리미엄 동원참치액 500g,55,,Expecting value: line 2 column 512 (char 512)
프리미엄 동원참치액 500g|54,프리미엄 동원참치액 500g,54,,Expecting value: line 2 column 512 (char 512)
프리미엄 동원참치액 500g|57,프리미엄 동원참치액 500g,57,"{""product_name"": ""프리미엄 동원참치액 500g"", ""persona_key"": 57, ""purchase_behavior_prediction"": {""purchase_probability_pct"": 75, ""reason"": ""이 페르소나는 HMR(가정식 대체식품)에 대한 높은 선호도를 가지고 있으며, 이는 그들이 요리의 편리함과 품질을 중시한다는 것을 나타냅니다. '프리미엄 동원참치액'은 감칠맛과 높은 만족도를 제공하며, 1인 가구와 2세대 가족을 타겟으로 하여 이 소비자의 요리 스타일에 잘 맞습니다. 또한, 가격이 11,480원으로 경쟁 제품의 가격 범위(1,366원 ~ 2,996원)와 비교했을 때 상대적으로 높은 편이지만, 프리미엄 제품을 선호하는 경향이 있는 이 소비자에게는 품질이 가격을 정당화할 수 있습니다. 따라서, 이 소비자는 제품의 품질과 브랜드에 대한 충성도가 높아 구매할 가능성이 큽니다."", ""monthly_purchase_frequency"": 2}}",
프리미엄 동원참치액 500g|56,프리미엄 동원참치액 500g,56,,Expecting value: line 2 column 512 (char 512)
프리미엄 동원참치액 500g|59,프리미엄 동원참치액 500g,59,,Expecting value: line 2 column 512 (char 512)
프리미엄 동원참치액 500g|58,프리미엄 동원참치액 500g,58,,Expecting value: line 2 column 512 (char 512)
프리미엄 동원참치액 500g|62,프리미엄 동원참치액 500g,62,,Expecting value: line 2 column 512 (char 512)
프리미엄 동원참치액 500g|60,프리미엄 동원참치액 500g,60,,Expecting value: line 2 column 512 (char 512)
프리미엄 동원참치액 500g|61,프리미엄 동원참치액 500g,61,,Expecting value: line 2 column 512 (char 512)
프리미엄 동원참치액 500g|63,프리미엄 동원참치액 500g,63,,Expecting value: line 2 column 512 (char 512)
프리미엄 동원참치액 500g|64,프리미엄 동원참치액 500g,64,"{""product_name"": ""프리미엄 동원참치액 500g"", ""persona_key"": 64, ""purchase_behavior_prediction"": {""purchase_probability_pct"": 85, ""reason"": ""이 소비자는 HMR(가정간편식) 선호도가 높고, 요리하는 1인 가구로서 간편하면서도 품질 높은 조미료를 선호합니다. '프리미엄 동원참치액'은 감칠맛과 높은 만족도를 제공하며, 1인 가구의 요리에 적합한 제품입니다. 또한, 가격이 11,480원으로 경쟁 제품의 가격 범위(1,366원 ~ 2,996원)와 비교했을 때 상대적으로 높은 편이지만, 이 소비자는 가격 민감도가 낮고 프리미엄 제품에 대한 선호도가 있어 긍정적으로 받아들일 가능성이 큽니다. 따라서, 이 소비자는 새로운 제품을 경험하고 공유하려는 경향이 강한 '트렌드 주도형 소비자'로서, 이 제품을 구매할 확률이 높습니다."", ""monthly_purchase_frequency"": 2}}",
프리미엄 동원참치액 500g|65,프리미엄 동원참치액 500g,65,,Expecting value: line 2 column 512 (char 512)
프리미엄 동원참치액 500g|67,프리미엄 동원참치액 500g,67,,Expecting value: line 2 column 512 (char 512)
프리미엄 동원참치액 500g|68,프리미엄 동원참치액 500g,68,,Expecting value: line 2 column 512 (char 512)
프리미엄 동원참치액 500g|66,프리미엄 동원참치액 500g,66,,Expecting value: line 2 column 512 (char 512)
프리미엄 동원참치액 500g|69,프리미엄 동원참치액 500g,69,,Expecting value: line 2 column 512 (char 512)
프리미엄 동원참치액 500g|70,프리미엄 동원참치액 500g,70,,Expecting value: line 2 column 512 (char 512)
프리미엄 동원참치액 500g|75,프리미엄 동원참치액 500g,75,"{""product_name"": ""프리미엄 동원참치액 500g"", ""persona_key"": 75, ""purchase_behavior_prediction"": {""purchase_probability_pct"": 75, ""reason"": ""이 페르소나는 '실속형 미식가'로, 편리함과 맛을 동시에 중시합니다. HMR 선호도가 높아 조리 편의성을 중요하게 생각하며, 프리미엄 제품에 대한 수용성도 어느 정도 있습니다. '프리미엄 동원참치액'은 감칠맛과 높은 만족도를 강조하고 있어, 요리하는 1인 가구인 이 소비자에게 매력적입니다. 또한, 가격이 11,480원으로 경쟁 제품의 가격 범위(1,366원 ~ 2,996원)와 비교했을 때 상대적으로 높은 편이지만, 가격 민감도가 낮은 편이므로 구매를 고려할 가능성이 높습니다. 따라서, 이 소비자는 제품의 품질과 편리함을 중시하여 구매할 가능성이 큽니다."", ""monthly_purchase_frequency"": 2}}",
프리미엄 동원참치액 500g|72,프리미엄 동원참치액 500g,72,,Expecting value: line 2 column 512 (char 512)
프리미엄 동원참치액 500g|73,프리미엄 동원참치액 500g,73,,Expecting value: line 2 column 512 (char 512)
프리미엄 동원참치액 500g|74,프리미엄 동원참치액 500g,74,,Expecting value: line 2 column 512 (char 512)
프리미엄 동원참치액 500g|76,프리미엄 동원참치액 500g,76,,Expecting value: line 2 column 512 (char 512)
프리미엄 동원참치액 500g|71,프리미엄 동원참치액 500g,71,,Expecting value: line 2 column 512 (char 512)
프리미엄 동원참치액 500g|82,프리미엄 동원참치액 500g,82,"{""product_name"": ""프리미엄 동원참치액 500g"", ""persona_key"": 82, ""purchase_behavior_prediction"": {""purchase_probability_pct"": 75, ""reason"": ""이 페르소나는 '요리 편리성'을 중시하는 실속형 미식가로, 효율성과 맛을 동시에 추구합니다. '프리미엄 동원참치액'은 감칠맛과 높은 만족도를 제공하며, 1인 가구와 2세대 가족을 타겟으로 하여 요리의 편리성을 높여줍니다. 가격은 11,480원으로, 경쟁 제품의 가격 범위(1,366원 ~ 2,996원)와 비교했을 때 상대적으로 높은 편이지만, 이 소비자는 가격에 민감하기보다는 품질과 편리성을 중시하므로 긍정적인 반응을 보일 것입니다. 또한, 광고와 프로모션이 예정되어 있어 소비자의 관심을 끌 가능성이 높습니다."", ""monthly_purchase_frequency"": 2}}",
프리미엄 동원참치액 500g|78,프리미엄 동원참치액 500g,78,,Expecting value: line 2 column 512 (char 512)
프리미엄 동원참치액 500g|79,프리미엄 동원참치액 500g,79,,Expecting value: line 2 column 512 (char 512)
프리미엄 동원참치액 500g|77,프리미엄 동원참치액 500g,77,,Expecting value: line 2 column 512 (char 512)
프리미엄 동원참치액 500g|80,프리미엄 동원참치액 500g,80,,Expecting value: line 2 column 512 (char 512)
프리미엄 동원참치액 500g|81,프리미엄 동원참치액 500g,81,,Expecting value: line 2 column 512 (char 512)
프리미엄 동원참치액 500g|84,프리미엄 동원참치액 500g,84,,Expecting value: line 2 column 512 (char 512)
프리미엄 동원참치액 500g|85,프리미엄 동원참치액 500g,85,,Expecting value: line 2 column 512 (char 512)
프리미엄 동원참치액 500g|86,프리미엄 동원참치액 500g,86,,Expecting value: line 2 column 512 (char 512)
프리미엄 동원참치액 500g|83,프리미엄 동원참치액 500g,83,,Expecting value: line 2 column 512 (char 512)
프리미엄 동원참치액 500g|87,프리미엄 동원참치액 500g,87,,Expecting value: line 2 column 512 (char 512)
프리미엄 동원참치액 500g|88,프리미엄 동원참치액 500g,88,,Expecting value: line 2 column 512 (char 512)
프리미엄 동원참치액 500g|91,프리미엄 동원참치액 500g,91,,Expecting value: line 2 column 512 (char 512)
프리미엄 동원참치액 500g|89,프리미엄 동원참치액 500g,89,,Expecting value: line 2 column 512 (char 512)
프리미엄 동원참치액 500g|90,프리미엄 동원참치액 500g,90,,Expecting value: line 2 column 512 (char 512)
프리미엄 동원참치액 500g|93,프리미엄 동원참치액 500g,93,,Expecting value: line 2 column 512 (char 512)
프리미엄 동원참치액 500g|92,프리미엄 동원참치액 500g,92,,Expecting value: line 2 column 512 (char 512)
프리미엄 동원참치액 500g|94,프리미엄 동원참치액 500g,94,,Expecting value: line 2 column 512 (char 512)
프리미엄 동원참치액 500g|96,프리미엄 동원참치액 500g,96,,Expecting value: line 2 column 512 (char 512)
프리미엄 동원참치액 500g|97,프리미엄 동원참치액 500g,97,,Expecting value: line 2 column 512 (char 512)
프리미엄 동원참치액 500g|98,프리미엄 동원참치액 500g,98,,Expecting value: line 2 column 512 (char 512)
프리미엄 동원참치액 500g|95,프리미엄 동원참치액 500g,95,,Expecting value: line 2 column 512 (char 512)
프리미엄 동원참치액 500g|102,프리미엄 동원참치액 500g,102,"{""product_name"": ""프리미엄 동원참치액 500g"", ""persona_key"": 102, ""purchase_behavior_prediction"": {""purchase_probability_pct"": 85, ""reason"": ""이 페르소나는 HMR(가정간편식) 선호도가 높고, 건강과 편리성을 중시하는 소비자입니다. '프리미엄 동원참치액'은 프리미엄 제품으로 감칠맛과 높은 만족도를 제공하며, 요리하는 1인 가구와 2세대 가족을 타겟으로 하고 있어 이 소비자의 요구에 잘 부합합니다. 또한, 가격이 11,480원으로 경쟁 제품의 가격대(1,366원 ~ 2,996원)보다 높은 편이지만, 건강과 편리함을 중시하는 이 소비자는 가격에 대한 민감도가 낮아 구매할 가능성이 높습니다. 따라서, 이 제품은 페르소나의 건강 추구형 소비자 특성과 잘 맞아떨어져 구매 확률이 높다고 판단됩니다."", ""monthly_purchase_frequency"": 2}}",
프리미엄 동원참치액 500g|99,프리미엄 동원참치액 500g,99,,Expecting value: line 2 column 512 (char 512)
프리미엄 동원참치액 500g|101,프리미엄 동원참치액 500g,101,,Expecting value: line 2 column 512 (char 512)
프리미엄 동원참치액 500g|100,프리미엄 동원참치액 500g,100,,Expecting value: line 2 column 512 (char 512)
프리미엄 동원참치액 500g|103,프리미엄 동원참치액 500g,103,"{""product_name"": ""프리미엄 동원참치액 500g"", ""persona_key"": 103, ""purchase_behavior_prediction"": {""purchase_probability_pct"": 85, ""reason"": ""이 소비자는 건강을 최우선으로 고려하는 프리미엄 소비자 그룹에 속하며, HMR(가정간편식) 선호도가 매우 높습니다. 제품의 '프리미엄'과 '감칠맛' 같은 특징은 그녀의 요리 편리성 및 건강 지향성에 잘 부합합니다. 또한, 가격에 대한 민감도가 낮아 11,480원의 가격이 그녀에게 큰 부담이 되지 않을 것입니다. 경쟁 제품의 가격 범위가 1,366원에서 2,996원으로 다양하지만, 그녀는 품질과 건강을 중시하기 때문에 가격보다는 제품의 가치에 더 중점을 두고 구매할 가능성이 높습니다."", ""monthly_purchase_frequency"": 2}}",
프리미엄 동원참치액 500g|108,프리미엄 동원참치액 500g,108,"{""product_name"": ""프리미엄 동원참치액 500g"", ""persona_key"": 108, ""purchase_behavior_prediction"": {""purchase_probability_pct"": 85, ""reason"": ""이 페르소나는 건강을 최우선으로 고려하는 소비자로, HMR(가정간편식) 선호도가 높습니다. 제품의 '프리미엄'과 '감칠맛' 같은 특징은 그녀의 건강 지향성과 편리성을 동시에 만족시킬 수 있어 매력적입니다. 또한, 가격이 11,480원으로 경쟁 제품의 가격대(1,366원 ~ 2,996원)보다 높은 편이지만, 그녀는 가격에 크게 구애받지 않으며 프리미엄 제품에 대한 수용도가 높습니다. 따라서 이 제품은 그녀의 구매 결정에 긍정적인 영향을 미칠 것입니다."", ""monthly_purchase_frequency"": 2}}",
프리미엄 동원참치액 500g|105,프리미엄 동원참치액 500g,105,,Expecting value: line 2 column 512 (char 512)
프리미엄 동원참치액 500g|104,프리미엄 동원참치액 500g,104,,Expecting value: line 2 column 512 (char 512)
프리미엄 동원참치액 500g|106,프리미엄 동원참치액 500g,106,,Expecting value: line 2 column 512 (char 512)
프리미엄 동원참치액 500g|109,프리미엄 동원참치액 500g,109,,Expecting value: line 2 column 512 (char 512)
프리미엄 동원참치액 500g|107,프리미엄 동원참치액 500g,107,,Expecting value: line 2 column 512 (char 512)
프리미엄 동원참치액 500g|110,프리미엄 동원참치액 500g,110,,Expecting value: line 2 column 512 (char 512)
프리미엄 동원참치액 500g|111,프리미엄 동원참치액 500g,111,,Expecting value: line 2 column 512 (char 512)
프리미엄 동원참치액 500g|112,프리미엄 동원참치액 500g,112,,Expecting value: line 2 column 512 (char 512)
프리미엄 동원참치액 500g|113,프리미엄 동원참치액 500g,113,,Expecting value: line 2 column 512 (char 512)
프리미엄 동원참치액 500g|114,프리미엄 동원참치액 500g,114,,Expecting value: line 2 column 512 (char 512)
프리미엄 동원참치액 500g|115,프리미엄 동원참치액 500g,115,,Expecting value: line 2 column 512 (char 512)
프리미엄 동원참치액 500g|116,프리미엄 동원참치액 500g,116,,Expecting value: line 2 column 512 (char 512)
프리미엄 동원참치액 500g|119,프리미엄 동원참치액 500g,119,,Expecting value: line 2 column 512 (char 512)
프리미엄 동원참치액 500g|118,프리미엄 동원참치액 500g,118,,Expecting value: line 2 column 512 (char 512)
프리미엄 동원참치액 500g|117,프리미엄 동원참치액 500g,117,,Expecting value: line 2 column 512 (char 512)
프리미엄 동원참치액 500g|120,프리미엄 동원참치액 500g,120,,Expecting value: line 2 column 512 (char 512)
프리미엄 동원참치액 500g|122,프리미엄 동원참치액 500g,122,,Expecting value: line 2 column 512 (char 512)
프리미엄 동원참치액 500g|121,프리미엄 동원참치액 500g,121,,Expecting value: line 2 column 512 (char 512)
프리미엄 동원참치액 500g|123,프리미엄 동원참치액 500g,123,,Expecting value: line 2 column 512 (char 512)
프리미엄 동원참치액 500g|124,프리미엄 동원참치액 500g,124,,Expecting value: line 2 column 512 (char 512)
프리미엄 동원참치액 500g|125,프리미엄 동원참치액 500g,125,,Expecting value: line 2 column 512 (char 512)
프리미엄 동원참치액 500g|130,프리미엄 동원참치액 500g,130,"{""product_name"": ""프리미엄 동원참치액 500g"", ""persona_key"": 130, ""purchase_behavior_prediction"": {""purchase_probability_pct"": 85, ""reason"": ""이 페르소나는 브랜드 충성도가 매우 높고, 트렌드 주도형 소비자로서 새로운 제품에 대한 호기심이 강합니다. '프리미엄 동원참치액'은 감칠맛과 높은 만족도를 강조하며, 요리하는 1인 가구와 2세대 가족을 대상으로 하고 있어 그녀의 요리 스타일과 잘 맞습니다. 또한, 가격이 11,480원으로 시장 경쟁 환경에서 100g당 1,366원 ~ 2,996원 사이의 가격대에 비해 적당한 수준이므로, 가격에 대한 민감도가 낮은 그녀에게 긍정적으로 작용할 것입니다. 따라서, 이 제품은 그녀의 구매 결정에 긍정적인 영향을 미칠 것으로 예상됩니다."", ""monthly_purchase_frequency"": 2}}",
프리미엄 동원참치액 500g|126,프리미엄 동원참치액 500g,126,,Expecting value: line 2 column 512 (char 512)
프리미엄 동원참치액 500g|127,프리미엄 동원참치액 500g,127,,Expecting value: line 2 column 512 (char 512)
프리미엄 동원참치액 500g|128,프리미엄 동원참치액 500g,128,,Expecting value: line 2 column 512 (char 512)
프리미엄 동원참치액 500g|129,프리미엄 동원참치액 500g,129,,Expecting value: line 2 column 512 (char 512)
프리미엄 동원참치액 500g|131,프리미엄 동원참치액 500g,131,,Expecting value: line 2 column 512 (char 512)
프리미엄 동원참치액 500g|132,프리미엄 동원참치액 500g,132,,Expecting value: line 2 column 512 (char 512)
프리미엄 동원참치액 500g|133,프리미엄 동원참치액 500g,133,,Expecting value: line 2 column 512 (char 512)
프리미엄 동원참치액 500g|135,프리미엄 동원참치액 500g,135,,Expecting value: line 2 column 512 (char 512)
프리미엄 동원참치액 500g|134,프리미엄 동원참치액 500g,134,,Expecting value: line 2 column 512 (char 512)
프리미엄 동원참치액 500g|136,프리미엄 동원참치액 500g,136,,Expecting value: line 2 column 512 (char 512)
프리미엄 동원참치액 500g|137,프리미엄 동원참치액 500g,137,,Expecting value: line 2 column 512 (char 512)
프리미엄 동원참치액 500g|138,프리미엄 동원참치액 500g,138,,Expecting value: line 2 column 512 (char 512)
프리미엄 동원참치액 500g|139,프리미엄 동원참치액 500g,139,,Expecting value: line 2 column 512 (char 512)
프리미엄 동원참치액 500g|140,프리미엄 동원참치액 500g,140,,Expecting value: line 2 column 512 (char 512)
프리미엄 동원참치액 500g|141,프리미엄 동원참치액 500g,141,,Expecting value: line 2 column 512 (char 512)
프리미엄 동원참치액 500g|142,프리미엄 동원참치액 500g,142,,Expecting value: line 2 column 512 (char 512)
프리미엄 동원참치액 500g|143,프리미엄 동원참치액 500g,143,,Expecting value: line 2 column 512 (char 512)
프리미엄 동원참치액 500g|144,프리미엄 동원참치액 500g,144,,Expecting value: line 2 column 512 (char 512)
프리미엄 동원참치액 500g|145,프리미엄 동원참치액 500g,145,,Expecting value: line 2 column 512 (char 512)
프리미엄 동원참치액 500g|146,프리미엄 동원참치액 500g,146,,Expecting value: line 2 column 512 (char 512)
프리미엄 동원참치액 500g|147,프리미엄 동원참치액 500g,147,,Expecting value: line 2 column 512 (char 512)
프리미엄 동원참치액 500g|148,프리미엄 동원참치액 500g,148,,Expecting value: line 2 column 512 (char 512)
프리미엄 동원참치액 500g|149,프리미엄 동원참치액 500g,149,,Expecting value: line 2 column 512 (char 512)
프리미엄 동원참치액 500g|151,프리미엄 동원참치액 500g,151,,Expecting value: line 2 column 512 (char 512)
프리미엄 동원참치액 500g|150,프리미엄 동원참치액 500g,150,,Expecting value: line 2 column 512 (char 512)
프리미엄 동원참치액 500g|153,프리미엄 동원참치액 500g,153,,Expecting value: line 2 column 512 (char 512)
프리미엄 동원참치액 500g|155,프리미엄 동원참치액 500g,155,,Expecting value: line 2 column 512 (char 512)
프리미엄 동원참치액 500g|154,프리미엄 동원참치액 500g,154,,Expecting value: line 2 column 512 (char 512)
프리미엄 동원참치액 500g|152,프리미엄 동원참치액 500g,152,,Expecting value: line 2 column 512 (char 512)
프리미엄 동원참치액 500g|156,프리미엄 동원참치액 500g,156,,Expecting value: line 2 column 512 (char 512)
프리미엄 동원참치액 500g|157,프리미엄 동원참치액 500g,157,,Expecting value: line 2 column 512 (char 512)
프리미엄 동원참치액 500g|159,프리미엄 동원참치액 500g,159,,Expecting value: line 2 column 512 (char 512)
프리미엄 동원참치액 500g|160,프리미엄 동원참치액 500g,160,,Expecting value: line 2 column 512 (char 512)
프리미엄 동원참치액 500g|158,프리미엄 동원참치액 500g,158,,Expecting value: line 2 column 512 (char 512)
프리미엄 동원참치액 500g|164,프리미엄 동원참치액 500g,164,,Expecting value: line 2 column 512 (char 512)
프리미엄 동원참치액 500g|161,프리미엄 동원참치액 500g,161,,Expecting value: line 2 column 512 (char 512)
프리미엄 동원참치액 500g|165,프리미엄 동원참치액 500g,165,,Expecting value: line 2 column 512 (char 512)
프리미엄 동원참치액 500g|163,프리미엄 동원참치액 500g,163,,Expecting value: line 2 column 512 (char 512)
프리미엄 동원참치액 500g|162,프리미엄 동원참치액 500g,162,,Expecting value: line 2 column 512 (char 512)
프리미엄 동원참치액 500g|166,프리미엄 동원참치액 500g,166,,Expecting value: line 2 column 512 (char 512)
프리미엄 동원참치액 500g|168,프리미엄 동원참치액 500g,168,"{""product_name"": ""프리미엄 동원참치액 500g"", ""persona_key"": 168, ""purchase_behavior_prediction"": {""purchase_probability_pct"": 85, ""reason"": ""이 페르소나는 HMR(가정간편식) 선호도가 매우 높고(0.86), 요리하는 1인 가구와 1세대 가족을 대상으로 하는 프리미엄 동원참치액은 그녀의 요리 편의성을 높여줄 수 있는 제품입니다. 또한, 브랜드 충성도가 높고(0.61), 프리미엄 제품에 대한 선호도가 낮은 편이지만, 감칠맛과 높은 만족도를 강조한 제품 특징이 그녀의 관심을 끌 것으로 예상됩니다. 시장 경쟁 환경에서 동원참치액의 가격은 100g당 2,296원으로, 경쟁 제품의 가격 범위(1,366원 ~ 2,996원) 내에 있어 가격에 대한 민감도가 낮은 그녀에게 적절한 선택이 될 것입니다. 따라서, 이 모든 요소가 결합되어 높은 구매 확률을 나타냅니다."", ""monthly_purchase_frequency"": 2}}",
프리미엄 동원참치액 500g|167,프리미엄 동원참치액 500g,167,,Expecting value: line 2 column 512 (char 512)
프리미엄 동원참치액 500g|170,프리미엄 동원참치액 500g,170,,Expecting value: line 2 column 512 (char 512)
프리미엄 동원참치액 500g|169,프리미엄 동원참치액 500g,169,,Expecting value: line 2 column 512 (char 512)
프리미엄 동원참치액 500g|171,프리미엄 동원참치액 500g,171,,Expecting value: line 2 column 512 (char 512)
프리미엄 동원참치액 500g|172,프리미엄 동원참치액 500g,172,,Expecting value: line 2 column 512 (char 512)
프리미엄 동원참치액 500g|173,프리미엄 동원참치액 500g,173,,Expecting value: line 2 column 512 (char 512)
프리미엄 동원참치액 500g|174,프리미엄 동원참치액 500g,174,,Expecting value: line 2 column 512 (char 512)
프리미엄 동원참치액 500g|176,프리미엄 동원참치액 500g,176,,Expecting value: line 2 column 512 (char 512)
프리미엄 동원참치액 500g|175,프리미엄 동원참치액 500g,175,,Expecting value: line 2 column 512 (char 512)
프리미엄 동원참치액 500g|177,프리미엄 동원참치액 500g,177,,Expecting value: line 2 column 512 (char 512)
프리미엄 동원참치액 500g|178,프리미엄 동원참치액 500g,178,,Expecting value: line 2 column 512 (char 512)
프리미엄 동원참치액 500g|179,프리미엄 동원참치액 500g,179,,Expecting value: line 2 column 512 (char 512)
프리미엄 동원참치액 500g|180,프리미엄 동원참치액 500g,180,,Expecting value: line 2 column 512 (char 512)
프리미엄 동원참치액 500g|183,프리미엄 동원참치액 500g,183,,Expecting value: line 2 column 512 (char 512)
프리미엄 동원참치액 500g|181,프리미엄 동원참치액 500g,181,,Expecting value: line 2 column 512 (char 512)
프리미엄 동원참치액 500g|184,프리미엄 동원참치액 500g,184,,Expecting value: line 2 column 512 (char 512)
프리미엄 동원참치액 500g|185,프리미엄 동원참치액 500g,185,,Expecting value: line 2 column 512 (char 512)
프리미엄 동원참치액 500g|182,프리미엄 동원참치액 500g,182,,Expecting value: line 2 column 512 (char 512)
프리미엄 동원참치액 500g|186,프리미엄 동원참치액 500g,186,,Expecting value: line 2 column 512 (char 512)
프리미엄 동원참치액 500g|187,프리미엄 동원참치액 500g,187,,Expecting value: line 2 column 512 (char 512)
프리미엄 동원참치액 500g|188,프리미엄 동원참치액 500g,188,,Expecting value: line 2 column 512 (char 512)
프리미엄 동원참치액 500g|190,프리미엄 동원참치액 500g,190,,Expecting value: line 2 column 512 (char 512)
프리미엄 동원참치액 500g|192,프리미엄 동원참치액 500g,192,,Expecting value: line 2 column 512 (char 512)
프리미엄 동원참치액 500g|189,프리미엄 동원참치액 500g,189,,Expecting value: line 2 column 512 (char 512)
프리미엄 동원참치액 500g|191,프리미엄 동원참치액 500g,191,,Expecting value: line 2 column 512 (char 512)
프리미엄 동원참치액 500g|195,프리미엄 동원참치액 500g,195,,Expecting value: line 2 column 512 (char 512)
프리미엄 동원참치액 500g|196,프리미엄 동원참치액 500g,196,,Expecting value: line 2 column 512 (char 512)
프리미엄 동원참치액 500g|193,프리미엄 동원참치액 500g,193,,Expecting value: line 2 column 512 (char 512)
프리미엄 동원참치액 500g|194,프리미엄 동원참치액 500g,194,,Expecting value: line 2 column 512 (char 512)
프리미엄 동원참치액 500g|197,프리미엄 동원참치액 500g,197,,Expecting value: line 2 column 512 (char 512)
프리미엄 동원참치액 500g|198,프리미엄 동원참치액 500g,198,,Expecting value: line 2 column 512 (char 512)
프리미엄 동원참치액 500g|199,프리미엄 동원참치액 500g,199,,Expecting value: line 2 column 512 (char 512)
프리미엄 동원참치액 500g|201,프리미엄 동원참치액 500g,201,,Expecting value: line 2 column 512 (char 512)
프리미엄 동원참치액 500g|200,프리미엄 동원참치액 500g,200,,Expecting value: line 2 column 512 (char 512)
프리미엄 동원참치액 500g|203,프리미엄 동원참치액 500g,203,,Expecting value: line 2 column 512 (char 512)
프리미엄 동원참치액 500g|206,프리미엄 동원참치액 500g,206,,Expecting value: line 2 column 512 (char 512)
프리미엄 동원참치액 500g|207,프리미엄 동원참치액 500g,207,,Expecting value: line 2 column 512 (char 512)
프리미엄 동원참치액 500g|204,프리미엄 동원참치액 500g,204,,Expecting value: line 2 column 512 (char 512)
프리미엄 동원참치액 500g|202,프리미엄 동원참치액 500g,202,,Expecting value: line 2 column 512 (char 512)
프리미엄 동원참치액 500g|208,프리미엄 동원참치액 500g,208,,Expecting value: line 2 column 512 (char 512)
프리미엄 동원참치액 500g|205,프리미엄 동원참치액 500g,205,,Expecting value: line 2 column 512 (char 512)
프리미엄 동원참치액 500g|212,프리미엄 동원참치액 500g,212,"{""product_name"": ""프리미엄 동원참치액 500g"", ""persona_key"": 212, ""purchase_behavior_prediction"": {""purchase_probability_pct"": 85, ""reason"": ""이 페르소나는 건강 지향성이 매우 높고, 가격이나 브랜드에 크게 구애받지 않으며 건강을 최우선으로 고려하는 소비자입니다. '프리미엄 동원참치액'은 프리미엄 제품으로 감칠맛과 높은 만족도를 제공하며, 건강한 조미료를 찾는 소비자에게 매력적입니다. 또한, 시장 경쟁 환경에서 가격이 1,366원에서 2,996원 사이인 점을 고려할 때, 해당 제품의 가격(11,480원/500g)은 100g당 약 2,296원으로 경쟁 제품과 비슷한 수준입니다. 이는 가격 민감도가 낮은 이 페르소나에게 긍정적으로 작용할 것입니다. 따라서, 이 소비자는 건강과 편리성을 모두 만족시키는 제품에 기꺼이 지갑을 열 가능성이 높습니다."", ""monthly_purchase_frequency"": 2}}",
프리미엄 동원참치액 500g|211,프리미엄 동원참치액 500g,211,,Expecting value: line 2 column 512 (char 512)
프리미엄 동원참치액 500g|214,프리미엄 동원참치액 500g,214,,Expecting value: line 2 column 512 (char 512)
프리미엄 동원참치액 500g|209,프리미엄 동원참치액 500g,209,,Expecting value: line 2 column 512 (char 512)
프리미엄 동원참치액 500g|210,프리미엄 동원참치액 500g,210,,Expecting value: line 2 column 512 (char 512)
프리미엄 동원참치액 500g|216,프리미엄 동원참치액 500g,216,,Expecting value: line 2 column 512 (char 512)
프리미엄 동원참치액 500g|213,프리미엄 동원참치액 500g,213,,Expecting value: line 2 column 512 (char 512)
프리미엄 동원참치액 500g|218,프리미엄 동원참치액 500g,218,"{""product_name"": ""프리미엄 동원참치액 500g"", ""persona_key"": 218, ""purchase_behavior_prediction"": {""purchase_probability_pct"": 85, ""reason"": ""이 소비자는 건강을 최우선으로 고려하는 프리미엄 소비자 그룹에 속하며, HMR(가정간편식) 선호도가 매우 높습니다. 제품의 '프리미엄'과 '감칠맛' 같은 특징은 그녀의 요리 편리성을 충족시키고, 건강 지향적인 소비 성향과 잘 맞아떨어집니다. 가격은 11,480원으로 500g 기준으로 약 2,296원에 해당하며, 이는 경쟁 제품의 가격 범위(1,366원 ~ 2,996원) 내에 위치하여 적정한 수준입니다. 따라서 가격에 대한 민감도가 낮은 그녀는 이 제품을 구매할 가능성이 높습니다."", ""monthly_purchase_frequency"": 2}}",
프리미엄 동원참치액 500g|217,프리미엄 동원참치액 500g,217,,Expecting value: line 2 column 512 (char 512)
프리미엄 동원참치액 500g|219,프리미엄 동원참치액 500g,219,,Expecting value: line 2 column 512 (char 512)
프리미엄 동원참치액 500g|220,프리미엄 동원참치액 500g,220,,Expecting value: line 2 column 512 (char 512)
프리미엄 동원참치액 500g|222,프리미엄 동원참치액 500g,222,,Expecting value: line 2 column 512 (char 512)
프리미엄 동원참치액 500g|215,프리미엄 동원참치액 500g,215,,Expecting value: line 2 column 512 (char 512)
프리미엄 동원참치액 500g|223,프리미엄 동원참치액 500g,223,,Expecting value: line 2 column 512 (char 512)
프리미엄 동원참치액 500g|225,프리미엄 동원참치액 500g,225,"{""product_name"": ""프리미엄 동원참치액 500g"", ""persona_key"": 225, ""purchase_behavior_prediction"": {""purchase_probability_pct"": 85, ""reason"": ""이 페르소나는 건강을 최우선으로 고려하는 소비자로, HMR(가정간편식) 선호도가 매우 높습니다. 제품의 '프리미엄'과 '감칠맛' 같은 특징은 그녀의 건강 지향성과 요리 편리성을 충족시키며, 가격에 대한 민감도가 낮아 가격이 11,480원인 점도 큰 문제가 되지 않습니다. 또한, 시장 경쟁 환경에서 동원 F&B의 가격이 경쟁 제품보다 상대적으로 합리적이기 때문에, 그녀는 이 제품을 선택할 가능성이 높습니다."", ""monthly_purchase_frequency"": 2}}",
프리미엄 동원참치액 500g|221,프리미엄 동원참치액 500g,221,,Expecting value: line 2 column 512 (char 512)
프리미엄 동원참치액 500g|226,프리미엄 동원참치액 500g,226,,Expecting value: line 2 column 512 (char 512)
프리미엄 동원참치액 500g|228,프리미엄 동원참치액 500g,228,,Expecting value: line 2 column 512 (char 512)
프리미엄 동원참치액 500g|227,프리미엄 동원참치액 500g,227,,Expecting value: line 2 column 512 (char 512)
프리미엄 동원참치액 500g|224,프리미엄 동원참치액 500g,224,,Expecting value: line 2 column 512 (char 512)
프리미엄 동원참치액 500g|230,프리미엄 동원참치액 500g,230,,Expecting value: line 2 column 512 (char 512)
프리미엄 동원참치액 500g|232,프리미엄 동원참치액 500g,232,,Expecting value: line 2 column 512 (char 512)
프리미엄 동원참치액 500g|233,프리미엄 동원참치액 500g,233,,Expecting value: line 2 column 512 (char 512)
프리미엄 동원참치액 500g|229,프리미엄 동원참치액 500g,229,,Expecting value: line 2 column 512 (char 512)
프리미엄 동원참치액 500g|236,프리미엄 동원참치액 500g,236,,Expecting value: line 2 column 512 (char 512)
프리미엄 동원참치액 500g|235,프리미엄 동원참치액 500g,235,,Expecting value: line 2 column 512 (char 512)
프리미엄 동원참치액 500g|237,프리미엄 동원참치액 500g,237,,Expecting value: line 2 column 512 (char 512)
프리미엄 동원참치액 500g|231,프리미엄 동원참치액 500g,231,,Expecting value: line 2 column 512 (char 512)
프리미엄 동원참치액 500g|238,프리미엄 동원참치액 500g,238,,Expecting value: line 2 column 512 (char 512)
프리미엄 동원참치액 500g|239,프리미엄 동원참치액 500g,239,,Expecting value: line 2 column 512 (char 512)
프리미엄 동원참치액 500g|240,프리미엄 동원참치액 500g,240,,Expecting value: line 2 column 512 (char 512)
프리미엄 동원참치액 500g|241,프리미엄 동원참치액 500g,241,,Expecting value: line 2 column 512 (char 512)
프리미엄 동원참치액 500g|234,프리미엄 동원참치액 500g,234,,Expecting value: line 2 column 512 (char 512)
프리미엄 동원참치액 500g|243,프리미엄 동원참치액 500g,243,,Expecting value: line 2 column 512 (char 512)
프리미엄 동원참치액 500g|242,프리미엄 동원참치액 500g,242,,Expecting value: line 2 column 512 (char 512)
프리미엄 동원참치액 500g|247,프리미엄 동원참치액 500g,247,,Expecting value: line 2 column 512 (char 512)
프리미엄 동원참치액 500g|246,프리미엄 동원참치액 500g,246,,Expecting value: line 2 column 512 (char 512)
프리미엄 동원참치액 500g|249,프리미엄 동원참치액 500g,249,,Expecting value: line 2 column 512 (char 512)
프리미엄 동원참치액 500g|251,프리미엄 동원참치액 500g,251,"{""product_name"": ""프리미엄 동원참치액 500g"", ""persona_key"": 251, ""purchase_behavior_prediction"": {""purchase_probability_pct"": 75, ""reason"": ""이 페르소나는 '실속형 미식가'로, 편리성과 맛을 중시하며 새로운 제품을 시도하는 데 적극적입니다. HMR 선호도가 높아 조리 편의성을 중요시하며, 프리미엄 동원참치액은 감칠맛과 높은 만족도를 제공하여 그의 요구에 부합합니다. 가격에 대한 민감도가 낮아, 경쟁 제품의 가격대(1,366원 ~ 2,996원)와 비교했을 때, 11,480원의 가격이 여전히 합리적이라고 판단할 가능성이 높습니다. 따라서 이 소비자는 이 제품을 구매할 확률이 높습니다."", ""monthly_purchase_frequency"": 2}}",
프리미엄 동원참치액 500g|252,프리미엄 동원참치액 500g,252,"{""product_name"": ""프리미엄 동원참치액 500g"", ""persona_key"": 252, ""purchase_behavior_prediction"": {""purchase_probability_pct"": 85, ""reason"": ""이 페르소나는 '실속형 미식가'로, 편리성을 중시하면서도 새로운 맛을 시도하는 데 적극적입니다. HMR 선호도가 매우 높아(0.96) 조리 편의성을 중시하며, 제품의 프리미엄 특성과 감칠맛이 매력적으로 작용할 것입니다. 가격에 대한 민감도는 중간 수준(0.62)으로, 경쟁 제품의 가격대(1,366원 ~ 2,996원)와 비교했을 때 동원참치액의 가격(11,480원/500g, 즉 2,296원/100g)은 합리적이라고 느낄 가능성이 높습니다. 따라서 이 소비자는 제품의 품질과 편리함을 고려할 때 구매를 결정할 가능성이 높습니다."", ""monthly_purchase_frequency"": 2}}",
프리미엄 동원참치액 500g|244,프리미엄 동원참치액 500g,244,,Expecting value: line 2 column 512 (char 512)
프리미엄 동원참치액 500g|245,프리미엄 동원참치액 500g,245,,Expecting value: line 2 column 512 (char 512)
프리미엄 동원참치액 500g|248,프리미엄 동원참치액 500g,248,,Expecting value: line 2 column 512 (char 512)
프리미엄 동원참치액 500g|253,프리미엄 동원참치액 500g,253,,Expecting value: line 2 column 512 (char 512)
프리미엄 동원참치액 500g|254,프리미엄 동원참치액 500g,254,,Expecting value: line 2 column 512 (char 512)
프리미엄 동원참치액 500g|255,프리미엄 동원참치액 500g,255,,Expecting value: line 2 column 512 (char 512)
프리미엄 동원참치액 500g|250,프리미엄 동원참치액 500g,250,,Expecting value: line 2 column 512 (char 512)
프리미엄 동원참치액 500g|256,프리미엄 동원참치액 500g,256,,Expecting value: line 2 column 512 (char 512)
프리미엄 동원참치액 500g|257,프리미엄 동원참치액 500g,257,,Expecting value: line 2 column 512 (char 512)
프리미엄 동원참치액 500g|258,프리미엄 동원참치액 500g,258,,Expecting value: line 2 column 512 (char 512)
프리미엄 동원참치액 500g|259,프리미엄 동원참치액 500g,259,,Expecting value: line 2 column 512 (char 512)
프리미엄 동원참치액 500g|262,프리미엄 동원참치액 500g,262,,Expecting value: line 2 column 512 (char 512)
프리미엄 동원참치액 500g|263,프리미엄 동원참치액 500g,263,,Expecting value: line 2 column 512 (char 512)
프리미엄 동원참치액 500g|260,프리미엄 동원참치액 500g,260,,Expecting value: line 2 column 512 (char 512)
프리미엄 동원참치액 500g|261,프리미엄 동원참치액 500g,261,,Expecting value: line 2 column 512 (char 512)
프리미엄 동원참치액 500g|266,프리미엄 동원참치액 500g,266,,Expecting value: line 2 column 512 (char 512)
프리미엄 동원참치액 500g|267,프리미엄 동원참치액 500g,267,"{""product_name"": ""프리미엄 동원참치액 500g"", ""persona_key"": 267, ""purchase_behavior_prediction"": {""purchase_probability_pct"": 75, ""reason"": ""이 페르소나는 '실속형 미식가'로, 편리성과 새로운 맛을 중시합니다. HMR 선호도가 높아 조리 편의성을 중요하게 생각하며, 프리미엄 제품에 대한 긍정적인 태도를 가지고 있습니다. '프리미엄 동원참치액'은 감칠맛과 높은 만족도를 제공하여 이 소비자에게 매력적입니다. 또한, 가격이 11,480원으로 경쟁 제품의 가격 범위(1,366원 ~ 2,996원)와 비교했을 때 상대적으로 높은 편이지만, 이 소비자는 가격에 민감하기보다는 효율성과 맛을 중시하므로 구매를 고려할 가능성이 높습니다. 따라서, 이 소비자는 제품의 품질과 편리함을 고려하여 구매할 확률이 높습니다."", ""monthly_purchase_frequency"": 2}}",
프리미엄 동원참치액 500g|264,프리미엄 동원참치액 500g,264,,Expecting value: line 2 column 512 (char 512)
프리미엄 동원참치액 500g|265,프리미엄 동원참치액 500g,265,,Expecting value: line 2 column 512 (char 512)
프리미엄 동원참치액 500g|269,프리미엄 동원참치액 500g,269,,Expecting value: line 2 column 512 (char 512)
프리미엄 동원참치액 500g|270,프리미엄 동원참치액 500g,270,,Expecting value: line 2 column 512 (char 512)
프리미엄 동원참치액 500g|271,프리미엄 동원참치액 500g,271,,Expecting value: line 2 column 512 (char 512)
프리미엄 동원참치액 500g|272,프리미엄 동원참치액 500g,272,,Expecting value: line 2 column 512 (char 512)
프리미엄 동원참치액 500g|274,프리미엄 동원참치액 500g,274,"{""product_name"": ""프리미엄 동원참치액 500g"", ""persona_key"": 274, ""purchase_behavior_prediction"": {""purchase_probability_pct"": 75, ""reason"": ""이 페르소나는 '요리 편리성'을 가장 중요하게 생각하는 소비자로, 1세대 가족으로서 간편하게 요리를 할 수 있는 제품을 선호합니다. '프리미엄 동원참치액'은 감칠맛과 높은 만족도를 제공하여 요리의 편리성을 높여줄 수 있습니다. 또한, 가격이 11,480원으로 경쟁 제품의 가격 범위(1,366원 ~ 2,996원)와 비교했을 때 상대적으로 높은 편이지만, 이 소비자는 효율성과 맛을 중시하기 때문에 가격에 대한 민감도가 낮습니다. 따라서 이 제품은 그녀에게 매력적일 것입니다."", ""monthly_purchase_frequency"": 2}}",
프리미엄 동원참치액 500g|273,프리미엄 동원참치액 500g,273,,Expecting value: line 2 column 512 (char 512)
프리미엄 동원참치액 500g|268,프리미엄 동원참치액 500g,268,,Expecting value: line 2 column 512 (char 512)
프리미엄 동원참치액 500g|275,프리미엄 동원참치액 500g,275,,Expecting value: line 2 column 512 (char 512)
프리미엄 동원참치액 500g|279,프리미엄 동원참치액 500g,279,"{""product_name"": ""프리미엄 동원참치액 500g"", ""persona_key"": 279, ""purchase_behavior_prediction"": {""purchase_probability_pct"": 85, ""reason"": ""이 페르소나는 건강을 최우선으로 고려하는 소비자로, HMR(가정간편식) 선호도가 매우 높습니다. '프리미엄 동원참치액'은 감칠맛과 높은 만족도를 제공하며, 조미료 카테고리에서 건강 지향적인 소비자에게 적합한 제품입니다. 또한, 가격이 11,480원으로 경쟁 제품에 비해 상대적으로 합리적이며, 가격 민감도가 낮은 이 페르소나에게는 매력적입니다. 광고와 프로모션이 SNS를 통해 진행될 예정이므로, 젊은 세대와의 연결이 강화될 수 있습니다. 이러한 요소들이 결합되어 구매 확률이 높다고 판단됩니다."", ""monthly_purchase_frequency"": 2}}",
프리미엄 동원참치액 500g|276,프리미엄 동원참치액 500g,276,,Expecting value: line 2 column 512 (char 512)
프리미엄 동원참치액 500g|278,프리미엄 동원참치액 500g,278,,Expecting value: line 2 column 512 (char 512)
프리미엄 동원참치액 500g|283,프리미엄 동원참치액 500g,283,"{""product_name"": ""프리미엄 동원참치액 500g"", ""persona_key"": 283, ""purchase_behavior_prediction"": {""purchase_probability_pct"": 85, ""reason"": ""이 페르소나는 건강을 최우선으로 고려하는 소비자로, HMR(가정간편식) 선호도가 매우 높습니다. '프리미엄 동원참치액'은 감칠맛과 높은 만족도를 제공하며, 요리하는 1인 가구와 1세대 가족을 타겟으로 하고 있어 이 소비자에게 적합합니다. 또한, 가격이 경쟁 제품에 비해 상대적으로 합리적인 수준(11,480원, 500g 기준)으로, 가격 민감도가 중간 수준인 이 소비자에게 긍정적으로 작용할 것입니다. 건강과 편리성을 중시하는 이 소비자는 프리미엄 제품에 대한 지출을 아끼지 않으므로, 이 제품에 대한 구매 의향이 높습니다."", ""monthly_purchase_frequency"": 2}}",
프리미엄 동원참치액 500g|281,프리미엄 동원참치액 500g,281,,Expecting value: line 2 column 512 (char 512)
프리미엄 동원참치액 500g|282,프리미엄 동원참치액 500g,282,,Expecting value: line 2 column 512 (char 512)
프리미엄 동원참치액 500g|284,프리미엄 동원참치액 500g,284,,Expecting value: line 2 column 512 (char 512)
프리미엄 동원참치액 500g|286,프리미엄 동원참치액 500g,286,,Expecting value: line 2 column 512 (char 512)
프리미엄 동원참치액 500g|285,프리미엄 동원참치액 500g,285,,Expecting value: line 2 column 512 (char 512)
프리미엄 동원참치액 500g|277,프리미엄 동원참치액 500g,277,,Expecting value: line 2 column 512 (char 512)
프리미엄 동원참치액 500g|287,프리미엄 동원참치액 500g,287,,Expecting value: line 2 column 512 (char 512)
프리미엄 동원참치액 500g|290,프리미엄 동원참치액 500g,290,"{""product_name"": ""프리미엄 동원참치액 500g"", ""persona_key"": 290, ""purchase_behavior_prediction"": {""purchase_probability_pct"": 85, ""reason"": ""이 페르소나는 '다양성 추구' 속성이 가장 강하게 나타나며, 새로운 제품을 경험하고 공유하려는 경향이 있습니다. '프리미엄 동원참치액'은 고급스러운 품질과 감칠맛을 강조하고 있어, 다양한 요리에 활용할 수 있는 매력을 제공합니다. 또한, 1세대 가족으로서 요리를 자주 하는 소비자에게 적합한 제품입니다. 가격은 500g에 11,480원으로, 경쟁 제품의 가격대(1,366원 ~ 2,996원)와 비교했을 때 상대적으로 높은 편이지만, 프리미엄 제품을 선호하는 경향이 있는 이 페르소나에게는 수용 가능한 가격으로 여겨질 것입니다. 따라서, 이 소비자는 제품의 품질과 다양성을 중시하여 구매할 가능성이 높습니다."", ""monthly_purchase_frequency"": 2}}",
프리미엄 동원참치액 500g|288,프리미엄 동원참치액 500g,288,,Expecting value: line 2 column 512 (char 512)
프리미엄 동원참치액 500g|280,프리미엄 동원참치액 500g,280,,Expecting value: line 2 column 512 (char 512)
프리미엄 동원참치액 500g|289,프리미엄 동원참치액 500g,289,,Expecting value: line 2 column 512 (char 512)
프리미엄 동원참치액 500g|291,프리미엄 동원참치액 500g,291,,Expecting value: line 2 column 512 (char 512)
프리미엄 동원참치액 500g|292,프리미엄 동원참치액 500g,292,,Expecting value: line 2 column 512 (char 512)
프리미엄 동원참치액 500g|294,프리미엄 동원참치액 500g,294,,Expecting value: line 2 column 512 (char 512)
프리미엄 동원참치액 500g|295,프리미엄 동원참치액 500g,295,,Expecting value: line 2 column 512 (char 512)
프리미엄 동원참치액 500g|296,프리미엄 동원참치액 500g,296,,Expecting value: line 2 column 512 (char 512)
프리미엄 동원참치액 500g|297,프리미엄 동원참치액 500g,297,,Expecting value: line 2 column 512 (char 512)
프리미엄 동원참치액 500g|298,프리미엄 동원참치액 500g,298,,Expecting value: line 2 column 512 (char 512)
프리미엄 동원참치액 500g|300,프리미엄 동원참치액 500g,300,,Expecting value: line 2 column 512 (char 512)
프리미엄 동원참치액 500g|293,프리미엄 동원참치액 500g,293,,Expecting value: line 2 column 512 (char 512)
프리미엄 동원참치액 500g|301,프리미엄 동원참치액 500g,301,,Expecting value: line 2 column 512 (char 512)
프리미엄 동원참치액 500g|302,프리미엄 동원참치액 500g,302,,Expecting value: line 2 column 512 (char 512)
프리미엄 동원참치액 500g|299,프리미엄 동원참치액 500g,299,,Expecting value: line 2 column 512 (char 512)
프리미엄 동원참치액 500g|304,프리미엄 동원참치액 500g,304,,Expecting value: line 2 column 512 (char 512)
프리미엄 동원참치액 500g|303,프리미엄 동원참치액 500g,303,,Expecting value: line 2 column 512 (char 512)
프리미엄 동원참치액 500g|305,프리미엄 동원참치액 500g,305,,Expecting value: line 2 column 512 (char 512)
프리미엄 동원참치액 500g|306,프리미엄 동원참치액 500g,306,,Expecting value: line 2 column 512 (char 512)
프리미엄 동원참치액 500g|308,프리미엄 동원참치액 500g,308,"{""product_name"": ""프리미엄 동원참치액 500g"", ""persona_key"": 308, ""purchase_behavior_prediction"": {""purchase_probability_pct"": 75, ""reason"": ""이 페르소나는 '실속형 미식가'로, 편리성과 맛을 동시에 추구하는 소비자입니다. HMR(가정간편식) 선호도가 높아, 조리 편의성을 중시하는 1인 가구로서 프리미엄 동원참치액의 감칠맛과 높은 만족도는 매력적입니다. 가격에 대한 민감도가 중간 수준이지만, 제품의 품질과 편리함이 가격을 상쇄할 만큼 충분히 매력적입니다. 또한, 시장 경쟁 환경에서 동원참치액의 가격이 경쟁사보다 합리적이므로, 이 소비자는 긍정적인 구매 결정을 내릴 가능성이 높습니다."", ""monthly_purchase_frequency"": 2}}",
프리미엄 동원참치액 500g|307,프리미엄 동원참치액 500g,307,,Expecting value: line 2 column 512 (char 512)
프리미엄 동원참치액 500g|309,프리미엄 동원참치액 500g,309,,Expecting value: line 2 column 512 (char 512)
프리미엄 동원참치액 500g|310,프리미엄 동원참치액 500g,310,,Expecting value: line 2 column 512 (char 512)
프리미엄 동원참치액 500g|311,프리미엄 동원참치액 500g,311,,Expecting value: line 2 column 512 (char 512)
프리미엄 동원참치액 500g|312,프리미엄 동원참치액 500g,312,,Expecting value: line 2 column 512 (char 512)
프리미엄 동원참치액 500g|313,프리미엄 동원참치액 500g,313,,Expecting value: line 2 column 512 (char 512)
프리미엄 동원참치액 500g|314,프리미엄 동원참치액 500g,314,,Expecting value: line 2 column 512 (char 512)
프리미엄 동원참치액 500g|315,프리미엄 동원참치액 500g,315,,Expecting value: line 2 column 512 (char 512)
프리미엄 동원참치액 500g|316,프리미엄 동원참치액 500g,316,,Expecting value: line 2 column 512 (char 512)
프리미엄 동원참치액 500g|317,프리미엄 동원참치액 500g,317,,Expecting value: line 2 column 512 (char 512)
프리미엄 동원참치액 500g|319,프리미엄 동원참치액 500g,319,,Expecting value: line 2 column 512 (char 512)
프리미엄 동원참치액 500g|318,프리미엄 동원참치액 500g,318,,Expecting value: line 2 column 512 (char 512)
프리미엄 동원참치액 500g|320,프리미엄 동원참치액 500g,320,,Expecting value: line 2 column 512 (char 512)
프리미엄 동원참치액 500g|321,프리미엄 동원참치액 500g,321,,Expecting value: line 2 column 512 (char 512)
프리미엄 동원참치액 500g|322,프리미엄 동원참치액 500g,322,,Expecting value: line 2 column 512 (char 512)
프리미엄 동원참치액 500g|323,프리미엄 동원참치액 500g,323,,Expecting value: line 2 column 512 (char 512)
프리미엄 동원참치액 500g|324,프리미엄 동원참치액 500g,324,,Expecting value: line 2 column 512 (char 512)
프리미엄 동원참치액 500g|325,프리미엄 동원참치액 500g,325,,Expecting value: line 2 column 512 (char 512)
프리미엄 동원참치액 500g|329,프리미엄 동원참치액 500g,329,,Expecting value: line 2 column 512 (char 512)
프리미엄 동원참치액 500g|327,프리미엄 동원참치액 500g,327,,Expecting value: line 2 column 512 (char 512)
프리미엄 동원참치액 500g|330,프리미엄 동원참치액 500g,330,,Expecting value: line 2 column 512 (char 512)
프리미엄 동원참치액 500g|326,프리미엄 동원참치액 500g,326,,Expecting value: line 2 column 512 (char 512)
프리미엄 동원참치액 500g|328,프리미엄 동원참치액 500g,328,,Expecting value: line 2 column 512 (char 512)
프리미엄 동원참치액 500g|332,프리미엄 동원참치액 500g,332,"{""product_name"": ""프리미엄 동원참치액 500g"", ""persona_key"": 332, ""purchase_behavior_prediction"": {""purchase_probability_pct"": 85, ""reason"": ""이 페르소나는 HMR(가정간편식) 선호도가 매우 높아(0.82) 요리의 편리함을 중시합니다. 제품의 프리미엄 특성과 감칠맛, 높은 만족도는 그녀의 기대에 부합하며, 특히 요리하는 1인 가구와 2세대 가족을 대상으로 한 점이 긍정적입니다. 가격은 500g에 11,480원으로, 100g당 2,296원이므로 시장 경쟁 환경에서의 가격대(1,366원 ~ 2,996원)와 비교했을 때 적당한 수준입니다. 그녀는 가격에 대한 민감도가 낮아(0.32) 프리미엄 제품에 대한 지출을 감수할 가능성이 높습니다. 또한, 트렌드 주도형 소비자로서 새로운 제품을 경험하고 공유하려는 경향이 강해, 이 제품이 그녀의 관심을 끌 가능성이 큽니다."", ""monthly_purchase_frequency"": 2}}",
프리미엄 동원참치액 500g|333,프리미엄 동원참치액 500g,333,,Expecting value: line 2 column 512 (char 512)
프리미엄 동원참치액 500g|334,프리미엄 동원참치액 500g,334,,Expecting value: line 2 column 512 (char 512)
프리미엄 동원참치액 500g|331,프리미엄 동원참치액 500g,331,,Expecting value: line 2 column 512 (char 512)
프리미엄 동원참치액 500g|337,프리미엄 동원참치액 500g,337,"{""product_name"": ""프리미엄 동원참치액 500g"", ""persona_key"": 337, ""purchase_behavior_prediction"": {""purchase_probability_pct"": 75, ""reason"": ""이 페르소나는 '실속형 미식가'로, 편리성과 새로운 맛을 중시하는 소비자입니다. HMR 선호도가 높아 조리 편의성을 중시하며, 프리미엄 제품에 대한 관심도 있지만 가격에 대한 민감성은 상대적으로 낮습니다. '프리미엄 동원참치액'은 감칠맛과 높은 만족도를 제공하며, 1인 가구를 타겟으로 하여 요리의 편리함을 더해줍니다. 경쟁 제품의 가격 범위가 100g당 1,366원에서 2,996원으로 다양하지만, 이 제품의 가격이 500g에 11,480원으로 상대적으로 합리적이기 때문에 긍정적으로 받아들여질 것입니다. 따라서 이 소비자는 이 제품을 구매할 가능성이 높습니다."", ""monthly_purchase_frequency"": 2}}",
프리미엄 동원참치액 500g|338,프리미엄 동원참치액 500g,338,,Expecting value: line 2 column 512 (char 512)
프리미엄 동원참치액 500g|335,프리미엄 동원참치액 500g,335,,Expecting value: line 2 column 512 (char 512)
프리미엄 동원참치액 500g|340,프리미엄 동원참치액 500g,340,,Expecting value: line 2 column 512 (char 512)
프리미엄 동원참치액 500g|342,프리미엄 동원참치액 500g,342,"{""product_name"": ""프리미엄 동원참치액 500g"", ""persona_key"": 342, ""purchase_behavior_prediction"": {""purchase_probability_pct"": 75, ""reason"": ""이 페르소나는 HMR(가정간편식) 선호도가 높고, 1인 가구로서 요리의 편리함을 중시합니다. 프리미엄 동원참치액은 감칠맛과 높은 만족도를 제공하여 요리에 대한 관심이 많은 이 소비자에게 매력적입니다. 또한, 부산 지역에 거주하며, 브랜드 충성도가 상대적으로 높아 동원 F&B의 제품에 대한 신뢰도가 높습니다. 시장 경쟁 환경에서 가격이 100g당 1,366원에서 2,996원 사이로 형성되어 있어, 동원참치액의 가격(11,480원, 500g 기준)은 경쟁 제품에 비해 상대적으로 합리적입니다. 따라서 이 소비자는 가격에 대한 민감도가 낮고, 프리미엄 제품을 선호하는 경향이 있어 구매 확률이 높습니다."", ""monthly_purchase_frequency"": 2}}",
프리미엄 동원참치액 500g|336,프리미엄 동원참치액 500g,336,,Expecting value: line 2 column 512 (char 512)
프리미엄 동원참치액 500g|339,프리미엄 동원참치액 500g,339,,Expecting value: line 2 column 512 (char 512)
프리미엄 동원참치액 500g|343,프리미엄 동원참치액 500g,343,,Expecting value: line 2 column 512 (char 512)
프리미엄 동원참치액 500g|341,프리미엄 동원참치액 500g,341,,Expecting value: line 2 column 512 (char 512)
프리미엄 동원참치액 500g|344,프리미엄 동원참치액 500g,344,,Expecting value: line 2 column 512 (char 512)
프리미엄 동원참치액 500g|345,프리미엄 동원참치액 500g,345,,Expecting value: line 2 column 512 (char 512)
프리미엄 동원참치액 500g|348,프리미엄 동원참치액 500g,348,"{""product_name"": ""프리미엄 동원참치액 500g"", ""persona_key"": 348, ""purchase_behavior_prediction"": {""purchase_probability_pct"": 75, ""reason"": ""이 페르소나는 '실속형 미식가'로, 편리성과 새로운 맛을 중시하는 소비자입니다. HMR 선호도가 높아 간편한 조리 방법을 선호하며, 프리미엄 제품에 대한 긍정적인 태도를 가지고 있습니다. '프리미엄 동원참치액'은 감칠맛과 높은 만족도를 제공하며, 1인 가구를 타겟으로 하여 이 소비자의 요리 편의성을 충족시킵니다. 또한, 가격이 11,480원으로 경쟁 제품의 가격대(1,366원 ~ 2,996원)보다 상대적으로 높은 편이지만, 이 소비자는 가격에 민감하기보다는 효율성과 맛을 중시하므로 긍정적으로 받아들일 가능성이 높습니다. 따라서, 이 제품은 그녀의 요리 스타일과 잘 맞아떨어지며, 구매 확률이 높습니다."", ""monthly_purchase_frequency"": 2}}",
프리미엄 동원참치액 500g|346,프리미엄 동원참치액 500g,346,,Expecting value: line 2 column 512 (char 512)
프리미엄 동원참치액 500g|347,프리미엄 동원참치액 500g,347,,Expecting value: line 2 column 512 (char 512)
프리미엄 동원참치액 500g|349,프리미엄 동원참치액 500g,349,,Expecting value: line 2 column 512 (char 512)
프리미엄 동원참치액 500g|350,프리미엄 동원참치액 500g,350,,Expecting value: line 2 column 512 (char 512)
프리미엄 동원참치액 500g|352,프리미엄 동원참치액 500g,352,,Expecting value: line 2 column 512 (char 512)
프리미엄 동원참치액 500g|353,프리미엄 동원참치액 500g,353,,Expecting value: line 2 column 512 (char 512)
프리미엄 동원참치액 500g|354,프리미엄 동원참치액 500g,354,,Expecting value: line 2 column 512 (char 512)
프리미엄 동원참치액 500g|351,프리미엄 동원참치액 500g,351,,Expecting value: line 2 column 512 (char 512)
프리미엄 동원참치액 500g|356,프리미엄 동원참치액 500g,356,,Expecting value: line 2 column 512 (char 512)
프리미엄 동원참치액 500g|355,프리미엄 동원참치액 500g,355,,Expecting value: line 2 column 512 (char 512)
프리미엄 동원참치액 500g|358,프리미엄 동원참치액 500g,358,,Expecting value: line 2 column 512 (char 512)
프리미엄 동원참치액 500g|360,프리미엄 동원참치액 500g,360,,Expecting value: line 2 column 512 (char 512)
프리미엄 동원참치액 500g|362,프리미엄 동원참치액 500g,362,,Expecting value: line 2 column 512 (char 512)
프리미엄 동원참치액 500g|361,프리미엄 동원참치액 500g,361,,Expecting value: line 2 column 512 (char 512)
프리미엄 동원참치액 500g|357,프리미엄 동원참치액 500g,357,,Expecting value: line 2 column 512 (char 512)
프리미엄 동원참치액 500g|363,프리미엄 동원참치액 500g,363,,Expecting value: line 2 column 512 (char 512)
프리미엄 동원참치액 500g|359,프리미엄 동원참치액 500g,359,,Expecting value: line 2 column 512 (char 512)
프리미엄 동원참치액 900g|1,프리미엄 동원참치액 900g,1,,Expecting value: line 2 column 512 (char 512)
프리미엄 동원참치액 900g|2,프리미엄 동원참치액 900g,2,,Expecting value: line 2 column 512 (char 512)
프리미엄 동원참치액 900g|3,프리미엄 동원참치액 900g,3,,Expecting value: line 2 column 512 (char 512)
프리미엄 동원참치액 900g|4,프리미엄 동원참치액 900g,4,,Expecting value: line 2 column 512 (char 512)
프리미엄 동원참치액 900g|5,프리미엄 동원참치액 900g,5,,Expecting value: line 2 column 512 (char 512)
프리미엄 동원참치액 900g|6,프리미엄 동원참치액 900g,6,,Expecting value: line 2 column 512 (char 512)
프리미엄 동원참치액 900g|9,프리미엄 동원참치액 900g,9,"{""product_name"": ""프리미엄 동원참치액 900g"", ""persona_key"": 9, ""purchase_behavior_prediction"": {""purchase_probability_pct"": 85, ""reason"": ""이 소비자는 건강을 최우선으로 고려하는 프리미엄 소비자 그룹에 속하며, HMR(가정간편식) 선호도가 매우 높습니다. 제품의 프리미엄 특성과 감칠맛, 높은 만족도는 이 소비자의 요리 편리성과 건강 지향적인 성향에 잘 부합합니다. 또한, 가격 민감도가 낮아 17,980원의 가격이 큰 부담이 되지 않으며, 경쟁 제품의 가격대와 비교했을 때 적절한 수준으로 판단됩니다. 따라서 이 소비자는 해당 제품을 구매할 가능성이 높습니다."", ""monthly_purchase_frequency"": 2}}",
프리미엄 동원참치액 900g|8,프리미엄 동원참치액 900g,8,,Expecting value: line 2 column 512 (char 512)
프리미엄 동원참치액 900g|10,프리미엄 동원참치액 900g,10,,Expecting value: line 2 column 512 (char 512)
프리미엄 동원참치액 900g|11,프리미엄 동원참치액 900g,11,,Expecting value: line 2 column 512 (char 512)
프리미엄 동원참치액 900g|7,프리미엄 동원참치액 900g,7,,Expecting value: line 2 column 512 (char 512)
프리미엄 동원참치액 900g|12,프리미엄 동원참치액 900g,12,,Expecting value: line 2 column 512 (char 512)
프리미엄 동원참치액 900g|14,프리미엄 동원참치액 900g,14,,Expecting value: line 2 column 512 (char 512)
프리미엄 동원참치액 900g|15,프리미엄 동원참치액 900g,15,,Expecting value: line 2 column 512 (char 512)
프리미엄 동원참치액 900g|16,프리미엄 동원참치액 900g,16,,Expecting value: line 2 column 512 (char 512)
프리미엄 동원참치액 900g|17,프리미엄 동원참치액 900g,17,,Expecting value: line 2 column 512 (char 512)
프리미엄 동원참치액 900g|18,프리미엄 동원참치액 900g,18,,Expecting value: line 2 column 512 (char 512)
프리미엄 동원참치액 900g|13,프리미엄 동원참치액 900g,13,,Expecting value: line 2 column 512 (char 512)
프리미엄 동원참치액 900g|19,프리미엄 동원참치액 900g,19,,Expecting value: line 2 column 512 (char 512)
프리미엄 동원참치액 900g|20,프리미엄 동원참치액 900g,20,,Expecting value: line 2 column 512 (char 512)
프리미엄 동원참치액 900g|21,프리미엄 동원참치액 900g,21,,Expecting value: line 2 column 512 (char 512)
프리미엄 동원참치액 900g|22,프리미엄 동원참치액 900g,22,,Expecting value: line 2 column 512 (char 512)
프리미엄 동원참치액 900g|23,프리미엄 동원참치액 900g,23,,Expecting value: line 2 column 512 (char 512)
프리미엄 동원참치액 900g|24,프리미엄 동원참치액 900g,24,,Expecting value: line 2 column 512 (char 512)
프리미엄 동원참치액 900g|26,프리미엄 동원참치액 900g,26,,Expecting value: line 2 column 512 (char 512)
프리미엄 동원참치액 900g|25,프리미엄 동원참치액 900g,25,,Expecting value: line 2 column 512 (char 512)
프리미엄 동원참치액 900g|27,프리미엄 동원참치액 900g,27,,Expecting value: line 2 column 512 (char 512)
프리미엄 동원참치액 900g|28,프리미엄 동원참치액 900g,28,,Expecting value: line 2 column 512 (char 512)
프리미엄 동원참치액 900g|30,프리미엄 동원참치액 900g,30,,Expecting value: line 2 column 512 (char 512)
프리미엄 동원참치액 900g|29,프리미엄 동원참치액 900g,29,,Expecting value: line 2 column 512 (char 512)
프리미엄 동원참치액 900g|32,프리미엄 동원참치액 900g,32,,Expecting value: line 2 column 512 (char 512)
프리미엄 동원참치액 900g|34,프리미엄 동원참치액 900g,34,"{""product_name"": ""프리미엄 동원참치액 900g"", ""persona_key"": 34, ""purchase_behavior_prediction"": {""purchase_probability_pct"": 75, ""reason"": ""이 페르소나는 '실속형 미식가'로, 편리성과 맛을 중시하며 새로운 제품을 시도하는 데 적극적입니다. HMR 선호도가 높아 조리 편의성을 중시하며, 프리미엄 제품에 대한 수용성도 있습니다. '프리미엄 동원참치액'은 감칠맛과 높은 만족도를 제공하며, 1인 가구인 이 소비자에게 적합한 조미료입니다. 가격은 17,980원으로, 경쟁 제품의 가격대(1,366원 ~ 2,996원)와 비교했을 때 상대적으로 높은 편이지만, 가격에 대한 민감도가 낮아 효율성과 맛을 중시하는 이 소비자에게는 긍정적으로 작용할 것입니다. 따라서, 이 소비자는 이 제품을 구매할 가능성이 높습니다."", ""monthly_purchase_frequency"": 2}}",
프리미엄 동원참치액 900g|31,프리미엄 동원참치액 900g,31,,Expecting value: line 2 column 512 (char 512)
프리미엄 동원참치액 900g|35,프리미엄 동원참치액 900g,35,,Expecting value: line 2 column 512 (char 512)
프리미엄 동원참치액 900g|36,프리미엄 동원참치액 900g,36,,Expecting value: line 2 column 512 (char 512)
프리미엄 동원참치액 900g|33,프리미엄 동원참치액 900g,33,,Expecting value: line 2 column 512 (char 512)
프리미엄 동원참치액 900g|37,프리미엄 동원참치액 900g,37,,Expecting value: line 2 column 512 (char 512)
프리미엄 동원참치액 900g|38,프리미엄 동원참치액 900g,38,,Expecting value: line 2 column 512 (char 512)
프리미엄 동원참치액 900g|39,프리미엄 동원참치액 900g,39,,Expecting value: line 2 column 512 (char 512)
프리미엄 동원참치액 900g|42,프리미엄 동원참치액 900g,42,"{""product_name"": ""프리미엄 동원참치액 900g"", ""persona_key"": 42, ""purchase_behavior_prediction"": {""purchase_probability_pct"": 85, ""reason"": ""이 소비자는 HMR(가정식 대체식품)에 대한 높은 선호도를 가지고 있으며(0.902), 이는 간편한 요리를 선호하는 경향과 맞물려 있습니다. 제품의 프리미엄 특성과 감칠맛은 요리를 즐기는 2세대 가족을 타겟으로 하여, 이 소비자가 원하는 품질과 만족도를 충족시킬 수 있습니다. 또한, 대전광역시에 거주하는 30대 미혼 여성으로서, 브랜드 충성도(0.743)가 높아 동원 F&B 브랜드에 대한 신뢰가 구매를 더욱 촉진할 것입니다. 시장 경쟁 환경에서 가격이 100g당 1,366원에서 2,996원 사이로 형성되어 있는 점을 고려할 때, 제품 가격(17,980원, 약 1,998원/100g)은 경쟁력 있는 가격대에 위치하고 있어 긍정적인 요소로 작용할 것입니다."", ""monthly_purchase_frequency"": 2}}",
프리미엄 동원참치액 900g|40,프리미엄 동원참치액 900g,40,,Expecting value: line 2 column 512 (char 512)
프리미엄 동원참치액 900g|41,프리미엄 동원참치액 900g,41,,Expecting value: line 2 column 512 (char 512)
프리미엄 동원참치액 900g|43,프리미엄 동원참치액 900g,43,,Expecting value: line 2 column 512 (char 512)
프리미엄 동원참치액 900g|44,프리미엄 동원참치액 900g,44,,Expecting value: line 2 column 512 (char 512)
프리미엄 동원참치액 900g|46,프리미엄 동원참치액 900g,46,,Expecting value: line 2 column 512 (char 512)
프리미엄 동원참치액 900g|47,프리미엄 동원참치액 900g,47,,Expecting value: line 2 column 512 (char 512)
프리미엄 동원참치액 900g|49,프리미엄 동원참치액 900g,49,,Expecting value: line 2 column 512 (char 512)
프리미엄 동원참치액 900g|48,프리미엄 동원참치액 900g,48,,Expecting value: line 2 column 512 (char 512)
프리미엄 동원참치액 900g|50,프리미엄 동원참치액 900g,50,,Expecting value: line 2 column 512 (char 512)
프리미엄 동원참치액 900g|45,프리미엄 동원참치액 900g,45,,Expecting value: line 2 column 512 (char 512)
프리미엄 동원참치액 900g|51,프리미엄 동원참치액 900g,51,,Expecting value: line 2 column 512 (char 512)
프리미엄 동원참치액 900g|52,프리미엄 동원참치액 900g,52,,Expecting value: line 2 column 512 (char 512)
프리미엄 동원참치액 900g|53,프리미엄 동원참치액 900g,53,,Expecting value: line 2 column 512 (char 512)
프리미엄 동원참치액 900g|56,프리미엄 동원참치액 900g,56,,Expecting value: line 2 column 512 (char 512)
프리미엄 동원참치액 900g|55,프리미엄 동원참치액 900g,55,,Expecting value: line 2 column 512 (char 512)
프리미엄 동원참치액 900g|57,프리미엄 동원참치액 900g,57,,Expecting value: line 2 column 512 (char 512)
프리미엄 동원참치액 900g|54,프리미엄 동원참치액 900g,54,,Expecting value: line 2 column 512 (char 512)
프리미엄 동원참치액 900g|58,프리미엄 동원참치액 900g,58,,Expecting value: line 2 column 512 (char 512)
프리미엄 동원참치액 900g|59,프리미엄 동원참치액 900g,59,,Expecting value: line 2 column 512 (char 512)
프리미엄 동원참치액 900g|60,프리미엄 동원참치액 900g,60,,Expecting value: line 2 column 512 (char 512)
프리미엄 동원참치액 900g|61,프리미엄 동원참치액 900g,61,,Expecting value: line 2 column 512 (char 512)
프리미엄 동원참치액 900g|63,프리미엄 동원참치액 900g,63,,Expecting value: line 2 column 512 (char 512)
프리미엄 동원참치액 900g|64,프리미엄 동원참치액 900g,64,,Expecting value: line 2 column 512 (char 512)
프리미엄 동원참치액 900g|62,프리미엄 동원참치액 900g,62,,Expecting value: line 2 column 512 (char 512)
프리미엄 동원참치액 900g|65,프리미엄 동원참치액 900g,65,,Expecting value: line 2 column 512 (char 512)
프리미엄 동원참치액 900g|66,프리미엄 동원참치액 900g,66,"{""product_name"": ""프리미엄 동원참치액 900g"", ""persona_key"": 66, ""purchase_behavior_prediction"": {""purchase_probability_pct"": 75, ""reason"": ""페르소나는 '실속형 미식가'로, 편리성과 맛을 동시에 중시하는 소비자입니다. HMR 선호도가 높아 조리 편의성을 중요시하며, 프리미엄 제품에 대한 수용성도 가지고 있습니다. 동원 F&B의 프리미엄 동원참치액은 감칠맛과 높은 만족도를 강조하며, 2세대 가족을 타겟으로 하여 요리에 적합합니다. 가격은 17,980원으로, 경쟁 제품의 가격대(1,366원 ~ 2,996원)와 비교했을 때 상대적으로 높은 편이지만, 페르소나의 가격 민감도가 낮아 효율성과 맛을 중시하는 특성 덕분에 구매 가능성이 높습니다. 또한, 광고 및 프로모션이 9-12월에 진행되어 소비자의 구매를 유도할 수 있는 시점입니다."", ""monthly_purchase_frequency"": 2}}",
프리미엄 동원참치액 900g|67,프리미엄 동원참치액 900g,67,,Expecting value: line 2 column 512 (char 512)
프리미엄 동원참치액 900g|68,프리미엄 동원참치액 900g,68,"{""product_name"": ""프리미엄 동원참치액 900g"", ""persona_key"": 68, ""purchase_behavior_prediction"": {""purchase_probability_pct"": 85, ""reason"": ""이 페르소나는 HMR(가정간편식) 선호도가 매우 높고(0.94), 프리미엄 제품에 대한 관심도 또한 상당히 높습니다(0.55). '프리미엄 동원참치액'은 프리미엄 제품으로서 감칠맛과 높은 만족도를 제공하며, 2세대 가족을 대상으로 하여 요리하는 소비자에게 적합합니다. 시장 경쟁 환경에서 가격이 100g당 1,366원에서 2,996원 사이로 형성되어 있는 점을 고려할 때, 이 제품의 가격(17,980원, 900g 기준)은 약 1,998원으로 경쟁력 있는 가격입니다. 따라서 이 소비자는 품질과 편리함을 중시하며, 가격에 대한 민감도가 상대적으로 낮아 이 제품을 구매할 가능성이 높습니다."", ""monthly_purchase_frequency"": 2}}",
프리미엄 동원참치액 900g|70,프리미엄 동원참치액 900g,70,,Expecting value: line 2 column 512 (char 512)
프리미엄 동원참치액 900g|71,프리미엄 동원참치액 900g,71,,Expecting value: line 2 column 512 (char 512)
프리미엄 동원참치액 900g|72,프리미엄 동원참치액 900g,72,,Expecting value: line 2 column 512 (char 512)
프리미엄 동원참치액 900g|74,프리미엄 동원참치액 900g,74,"{""product_name"": ""프리미엄 동원참치액 900g"", ""persona_key"": 74, ""purchase_behavior_prediction"": {""purchase_probability_pct"": 75, ""reason"": ""이 페르소나는 '다양성 추구' 속성이 매우 강한 소비자로, 새로운 맛과 제품을 시도하는 데 적극적입니다. '프리미엄 동원참치액'은 감칠맛과 높은 만족도를 강조하고 있어, 다양한 요리에 활용할 수 있는 점에서 매력적입니다. 또한, 1인 가구로서 요리의 편리성을 중시하는 경향이 있어, 액상 조미료는 요리 시간을 단축시켜 줄 수 있습니다. 가격은 900g에 17,980원으로, 경쟁 제품의 가격대(1,366원 ~ 2,996원)와 비교했을 때 적정 수준으로 보이며, 가격에 대한 민감도가 낮은 편이므로 구매에 긍정적인 영향을 미칠 것입니다."", ""monthly_purchase_frequency"": 2}}",
프리미엄 동원참치액 900g|69,프리미엄 동원참치액 900g,69,,Expecting value: line 2 column 512 (char 512)
프리미엄 동원참치액 900g|73,프리미엄 동원참치액 900g,73,,Expecting value: line 2 column 512 (char 512)
프리미엄 동원참치액 900g|75,프리미엄 동원참치액 900g,75,,Expecting value: line 2 column 512 (char 512)
프리미엄 동원참치액 900g|77,프리미엄 동원참치액 900g,77,,Expecting value: line 2 column 512 (char 512)
프리미엄 동원참치액 900g|76,프리미엄 동원참치액 900g,76,,Expecting value: line 2 column 512 (char 512)
프리미엄 동원참치액 900g|78,프리미엄 동원참치액 900g,78,,Expecting value: line 2 column 512 (char 512)
프리미엄 동원참치액 900g|79,프리미엄 동원참치액 900g,79,,Expecting value: line 2 column 512 (char 512)
프리미엄 동원참치액 900g|80,프리미엄 동원참치액 900g,80,,Expecting value: line 2 column 512 (char 512)
프리미엄 동원참치액 900g|82,프리미엄 동원참치액 900g,82,"{""product_name"": ""프리미엄 동원참치액 900g"", ""persona_key"": 82, ""purchase_behavior_prediction"": {""purchase_probability_pct"": 75, ""reason"": ""이 페르소나는 '요리 편리성'을 가장 중요하게 생각하는 소비자로, 2세대 가족을 둔 기혼 여성입니다. 제품의 '프리미엄'과 '감칠맛'은 요리의 질을 높여주며, '높은 만족도'는 재구매를 유도할 수 있습니다. 또한, 가격이 17,980원으로 경쟁 제품의 가격 범위(1,366원 ~ 2,996원)와 비교했을 때 상대적으로 높은 편이지만, 이 소비자는 가격에 민감하기보다는 효율성과 맛을 중시하기 때문에 긍정적으로 받아들일 가능성이 높습니다. 따라서, 이 제품은 그녀의 요리 편리성을 충족시키며, 새로운 맛을 시도하는 데도 적합하므로 구매 확률이 높습니다."", ""monthly_purchase_frequency"": 2}}",
프리미엄 동원참치액 900g|81,프리미엄 동원참치액 900g,81,,Expecting value: line 2 column 512 (char 512)
프리미엄 동원참치액 900g|85,프리미엄 동원참치액 900g,85,,Expecting value: line 2 column 512 (char 512)
프리미엄 동원참치액 900g|84,프리미엄 동원참치액 900g,84,,Expecting value: line 2 column 512 (char 512)
프리미엄 동원참치액 900g|83,프리미엄 동원참치액 900g,83,,Expecting value: line 2 column 512 (char 512)
프리미엄 동원참치액 900g|86,프리미엄 동원참치액 900g,86,,Expecting value: line 2 column 512 (char 512)
프리미엄 동원참치액 900g|87,프리미엄 동원참치액 900g,87,,Expecting value: line 2 column 512 (char 512)
프리미엄 동원참치액 900g|88,프리미엄 동원참치액 900g,88,,Expecting value: line 2 column 512 (char 512)
프리미엄 동원참치액 900g|91,프리미엄 동원참치액 900g,91,,Expecting value: line 2 column 512 (char 512)
프리미엄 동원참치액 900g|90,프리미엄 동원참치액 900g,90,,Expecting value: line 2 column 512 (char 512)
프리미엄 동원참치액 900g|89,프리미엄 동원참치액 900g,89,,Expecting value: line 2 column 512 (char 512)
프리미엄 동원참치액 900g|92,프리미엄 동원참치액 900g,92,,Expecting value: line 2 column 512 (char 512)
프리미엄 동원참치액 900g|93,프리미엄 동원참치액 900g,93,,Expecting value: line 2 column 512 (char 512)
프리미엄 동원참치액 900g|94,프리미엄 동원참치액 900g,94,,Expecting value: line 2 column 512 (char 512)
프리미엄 동원참치액 900g|95,프리미엄 동원참치액 900g,95,,Expecting value: line 2 column 512 (char 512)
프리미엄 동원참치액 900g|96,프리미엄 동원참치액 900g,96,,Expecting value: line 2 column 512 (char 512)
프리미엄 동원참치액 900g|97,프리미엄 동원참치액 900g,97,,Expecting value: line 2 column 512 (char 512)
프리미엄 동원참치액 900g|98,프리미엄 동원참치액 900g,98,,Expecting value: line 2 column 512 (char 512)
프리미엄 동원참치액 900g|99,프리미엄 동원참치액 900g,99,,Expecting value: line 2 column 512 (char 512)
프리미엄 동원참치액 900g|100,프리미엄 동원참치액 900g,100,,Expecting value: line 2 column 512 (char 512)
프리미엄 동원참치액 900g|101,프리미엄 동원참치액 900g,101,,Expecting value: line 2 column 512 (char 512)
프리미엄 동원참치액 900g|102,프리미엄 동원참치액 900g,102,,Expecting value: line 2 column 512 (char 512)
프리미엄 동원참치액 900g|103,프리미엄 동원참치액 900g,103,,Expecting value: line 2 column 512 (char 512)
프리미엄 동원참치액 900g|105,프리미엄 동원참치액 900g,105,,Expecting value: line 2 column 512 (char 512)
프리미엄 동원참치액 900g|104,프리미엄 동원참치액 900g,104,,Expecting value: line 2 column 512 (char 512)
프리미엄 동원참치액 900g|106,프리미엄 동원참치액 900g,106,,Expecting value: line 2 column 512 (char 512)
프리미엄 동원참치액 900g|107,프리미엄 동원참치액 900g,107,,Expecting value: line 2 column 512 (char 512)
프리미엄 동원참치액 900g|108,프리미엄 동원참치액 900g,108,,Expecting value: line 2 column 512 (char 512)
프리미엄 동원참치액 900g|109,프리미엄 동원참치액 900g,109,,Expecting value: line 2 column 512 (char 512)
프리미엄 동원참치액 900g|110,프리미엄 동원참치액 900g,110,,Expecting value: line 2 column 512 (char 512)
프리미엄 동원참치액 900g|111,프리미엄 동원참치액 900g,111,,Expecting value: line 2 column 512 (char 512)
프리미엄 동원참치액 900g|112,프리미엄 동원참치액 900g,112,,Expecting value: line 2 column 512 (char 512)
프리미엄 동원참치액 900g|115,프리미엄 동원참치액 900g,115,,Expecting value: line 2 column 512 (char 512)
프리미엄 동원참치액 900g|114,프리미엄 동원참치액 900g,114,,Expecting value: line 2 column 512 (char 512)
프리미엄 동원참치액 900g|117,프리미엄 동원참치액 900g,117,,Expecting value: line 2 column 512 (char 512)
프리미엄 동원참치액 900g|116,프리미엄 동원참치액 900g,116,,Expecting value: line 2 column 512 (char 512)
프리미엄 동원참치액 900g|113,프리미엄 동원참치액 900g,113,,Expecting value: line 2 column 512 (char 512)
프리미엄 동원참치액 900g|118,프리미엄 동원참치액 900g,118,,Expecting value: line 2 column 512 (char 512)
프리미엄 동원참치액 900g|120,프리미엄 동원참치액 900g,120,"{""product_name"": ""프리미엄 동원참치액 900g"", ""persona_key"": 120, ""purchase_behavior_prediction"": {""purchase_probability_pct"": 85, ""reason"": ""이 페르소나는 HMR(가정식 대체식품)에 대한 높은 선호도를 가지고 있으며, 이는 0.843의 높은 점수로 나타납니다. 또한, '트렌드 주도형 소비자'로서 새로운 제품을 경험하고 공유하려는 경향이 강합니다. 제품의 프리미엄 특성과 감칠맛, 높은 만족도는 이 소비자의 요리하는 2세대 가족이라는 특성과 잘 맞아떨어집니다. 가격은 900g에 17,980원으로, 100g당 약 1,998원이므로 경쟁 제품의 가격 범위(1,366원 ~ 2,996원) 내에 위치하여 적정 가격으로 인식될 가능성이 높습니다. 이러한 요소들이 결합되어 이 소비자가 제품을 구매할 확률이 높다고 판단됩니다."", ""monthly_purchase_frequency"": 2}}",
프리미엄 동원참치액 900g|119,프리미엄 동원참치액 900g,119,,Expecting value: line 2 column 512 (char 512)
프리미엄 동원참치액 900g|121,프리미엄 동원참치액 900g,121,,Expecting value: line 2 column 512 (char 512)
프리미엄 동원참치액 900g|122,프리미엄 동원참치액 900g,122,,Expecting value: line 2 column 512 (char 512)
프리미엄 동원참치액 900g|124,프리미엄 동원참치액 900g,124,,Expecting value: line 2 column 512 (char 512)
프리미엄 동원참치액 900g|123,프리미엄 동원참치액 900g,123,,Expecting value: line 2 column 512 (char 512)
프리미엄 동원참치액 900g|126,프리미엄 동원참치액 900g,126,,Expecting value: line 2 column 512 (char 512)
프리미엄 동원참치액 900g|128,프리미엄 동원참치액 900g,128,,Expecting value: line 2 column 512 (char 512)
프리미엄 동원참치액 900g|125,프리미엄 동원참치액 900g,125,,Expecting value: line 2 column 512 (char 512)
프리미엄 동원참치액 900g|127,프리미엄 동원참치액 900g,127,,Expecting value: line 2 column 512 (char 512)
프리미엄 동원참치액 900g|129,프리미엄 동원참치액 900g,129,,Expecting value: line 2 column 512 (char 512)
프리미엄 동원참치액 900g|130,프리미엄 동원참치액 900g,130,"{""product_name"": ""프리미엄 동원참치액 900g"", ""persona_key"": 130, ""purchase_behavior_prediction"": {""purchase_probability_pct"": 85, ""reason"": ""이 페르소나는 브랜드 충성도가 매우 높고, 2세대 가족을 위한 요리를 중시하는 트렌드 주도형 소비자입니다. '프리미엄 동원참치액'은 감칠맛과 높은 만족도를 제공하며, 2세대 가족의 요리에 적합한 제품입니다. 또한, 가격이 17,980원으로 경쟁 제품의 가격 범위(1,366원 ~ 2,996원)와 비교했을 때 상대적으로 높은 편이지만, 프리미엄 제품을 선호하는 경향이 있어 긍정적으로 받아들일 가능성이 큽니다. 광고와 프로모션이 SNS를 통해 진행될 예정이므로, 새로운 제품을 경험하고 공유하려는 이 소비자의 특성과 잘 맞아떨어집니다."", ""monthly_purchase_frequency"": 2}}",
프리미엄 동원참치액 900g|133,프리미엄 동원참치액 900g,133,"{""product_name"": ""프리미엄 동원참치액 900g"", ""persona_key"": 133, ""purchase_behavior_prediction"": {""purchase_probability_pct"": 85, ""reason"": ""이 페르소나는 HMR(가정간편식) 선호도가 매우 높고(0.96), 프리미엄 제품에 대한 선호도도 상당히 높습니다(0.65). '프리미엄 동원참치액'은 감칠맛과 높은 만족도를 강조하며, 주부로서 요리하는 2세대 가족을 타겟으로 하고 있어 이 소비자의 요리 편의성과 품질에 대한 기대를 충족시킬 수 있습니다. 또한, 브랜드 충성도가 높아(0.78) 동원 F&B 브랜드에 대한 신뢰가 구매를 더욱 촉진할 것입니다. 시장 경쟁 환경에서 가격이 100g당 1,366원에서 2,996원으로 다양하게 형성되어 있지만, 이 제품의 가격(17,980원, 900g 기준)은 상대적으로 합리적이며, 품질을 중시하는 소비자에게 매력적으로 다가올 것입니다."", ""monthly_purchase_frequency"": 2}}",
프리미엄 동원참치액 900g|132,프리미엄 동원참치액 900g,132,,Expecting value: line 2 column 512 (char 512)
프리미엄 동원참치액 900g|131,프리미엄 동원참치액 900g,131,,Expecting value: line 2 column 512 (char 512)
프리미엄 동원참치액 900g|135,프리미엄 동원참치액 900g,135,,Expecting value: line 2 column 512 (char 512)
프리미엄 동원참치액 900g|134,프리미엄 동원참치액 900g,134,,Expecting value: line 2 column 512 (char 512)
프리미엄 동원참치액 900g|136,프리미엄 동원참치액 900g,136,,Expecting value: line 2 column 512 (char 512)
프리미엄 동원참치액 900g|137,프리미엄 동원참치액 900g,137,,Expecting value: line 2 column 512 (char 512)
프리미엄 동원참치액 900g|138,프리미엄 동원참치액 900g,138,,Expecting value: line 2 column 512 (char 512)
프리미엄 동원참치액 900g|139,프리미엄 동원참치액 900g,139,,Expecting value: line 2 column 512 (char 512)
프리미엄 동원참치액 900g|141,프리미엄 동원참치액 900g,141,,Expecting value: line 2 column 512 (char 512)
프리미엄 동원참치액 900g|140,프리미엄 동원참치액 900g,140,,Expecting value: line 2 column 512 (char 512)
프리미엄 동원참치액 900g|142,프리미엄 동원참치액 900g,142,,Expecting value: line 2 column 512 (char 512)
프리미엄 동원참치액 900g|143,프리미엄 동원참치액 900g,143,,Expecting value: line 2 column 512 (char 512)
프리미엄 동원참치액 900g|144,프리미엄 동원참치액 900g,144,,Expecting value: line 2 column 512 (char 512)
프리미엄 동원참치액 900g|145,프리미엄 동원참치액 900g,145,,Expecting value: line 2 column 512 (char 512)
프리미엄 동원참치액 900g|147,프리미엄 동원참치액 900g,147,,Expecting value: line 2 column 512 (char 512)
프리미엄 동원참치액 900g|146,프리미엄 동원참치액 900g,146,,Expecting value: line 2 column 512 (char 512)
프리미엄 동원참치액 900g|148,프리미엄 동원참치액 900g,148,,Expecting value: line 2 column 512 (char 512)
프리미엄 동원참치액 900g|150,프리미엄 동원참치액 900g,150,,Expecting value: line 2 column 512 (char 512)
프리미엄 동원참치액 900g|149,프리미엄 동원참치액 900g,149,,Expecting value: line 2 column 512 (char 512)
프리미엄 동원참치액 900g|153,프리미엄 동원참치액 900g,153,,Expecting value: line 2 column 512 (char 512)
프리미엄 동원참치액 900g|151,프리미엄 동원참치액 900g,151,,Expecting value: line 2 column 512 (char 512)
프리미엄 동원참치액 900g|154,프리미엄 동원참치액 900g,154,"{""product_name"": ""프리미엄 동원참치액 900g"", ""persona_key"": 154, ""purchase_behavior_prediction"": {""purchase_probability_pct"": 75, ""reason"": ""이 페르소나는 '요리 편리성'을 가장 중요하게 생각하는 소비자로, 프리미엄 동원참치액은 감칠맛과 높은 만족도를 제공하여 요리의 편리성을 높여줄 수 있습니다. 또한, 이 제품은 2세대 가족을 타겟으로 하여 가족의 다양한 입맛을 만족시킬 수 있는 점이 긍정적입니다. 시장 경쟁 환경에서 동원참치액의 가격은 17,980원으로, 100g당 가격이 약 1,998원입니다. 이는 경쟁 제품의 가격 범위(1,366원 ~ 2,996원) 내에 위치해 있어 가격 경쟁력도 갖추고 있습니다. 따라서 이 소비자는 가격에 민감하지 않으면서도 효율성과 맛을 동시에 추구하기 때문에 구매 확률이 높습니다."", ""monthly_purchase_frequency"": 2}}",
프리미엄 동원참치액 900g|152,프리미엄 동원참치액 900g,152,,Expecting value: line 2 column 512 (char 512)
프리미엄 동원참치액 900g|155,프리미엄 동원참치액 900g,155,,Expecting value: line 2 column 512 (char 512)
프리미엄 동원참치액 900g|159,프리미엄 동원참치액 900g,159,"{""product_name"": ""프리미엄 동원참치액 900g"", ""persona_key"": 159, ""purchase_behavior_prediction"": {""purchase_probability_pct"": 85, ""reason"": ""이 페르소나는 건강을 최우선으로 고려하는 소비자로, HMR(가정간편식) 선호도가 높습니다. '프리미엄 동원참치액'은 프리미엄 제품으로서 감칠맛과 높은 만족도를 제공하며, 요리하는 2세대 가족을 타겟으로 하고 있어 그녀의 요리 편리성과 건강 지향적인 성향에 잘 맞습니다. 또한, 가격이 경쟁 제품에 비해 적당한 수준으로, 가격 민감도가 낮은 그녀에게 긍정적으로 작용할 것입니다. 시장 경쟁 환경에서 가격이 1,366원에서 2,996원 사이인 점을 고려할 때, 이 제품의 가격은 100g당 약 1,998원으로 중간 수준에 해당하여, 그녀의 구매 결정에 긍정적인 영향을 줄 것입니다."", ""monthly_purchase_frequency"": 2}}",
프리미엄 동원참치액 900g|156,프리미엄 동원참치액 900g,156,,Expecting value: line 2 column 512 (char 512)
프리미엄 동원참치액 900g|157,프리미엄 동원참치액 900g,157,,Expecting value: line 2 column 512 (char 512)
프리미엄 동원참치액 900g|158,프리미엄 동원참치액 900g,158,,Expecting value: line 2 column 512 (char 512)
프리미엄 동원참치액 900g|161,프리미엄 동원참치액 900g,161,,Expecting value: line 2 column 512 (char 512)
프리미엄 동원참치액 900g|162,프리미엄 동원참치액 900g,162,,Expecting value: line 2 column 512 (char 512)
프리미엄 동원참치액 900g|160,프리미엄 동원참치액 900g,160,,Expecting value: line 2 column 512 (char 512)
프리미엄 동원참치액 900g|164,프리미엄 동원참치액 900g,164,,Expecting value: line 2 column 512 (char 512)
프리미엄 동원참치액 900g|165,프리미엄 동원참치액 900g,165,,Expecting value: line 2 column 512 (char 512)
프리미엄 동원참치액 900g|163,프리미엄 동원참치액 900g,163,,Expecting value: line 2 column 512 (char 512)
프리미엄 동원참치액 900g|167,프리미엄 동원참치액 900g,167,,Expecting value: line 2 column 512 (char 512)
프리미엄 동원참치액 900g|168,프리미엄 동원참치액 900g,168,,Expecting value: line 2 column 512 (char 512)
프리미엄 동원참치액 900g|171,프리미엄 동원참치액 900g,171,,Expecting value: line 2 column 512 (char 512)
프리미엄 동원참치액 900g|166,프리미엄 동원참치액 900g,166,,Expecting value: line 2 column 512 (char 512)
프리미엄 동원참치액 900g|169,프리미엄 동원참치액 900g,169,,Expecting value: line 2 column 512 (char 512)
프리미엄 동원참치액 900g|170,프리미엄 동원참치액 900g,170,,Expecting value: line 2 column 512 (char 512)
프리미엄 동원참치액 900g|174,프리미엄 동원참치액 900g,174,"{""product_name"": ""프리미엄 동원참치액 900g"", ""persona_key"": 174, ""purchase_behavior_prediction"": {""purchase_probability_pct"": 75, ""reason"": ""이 페르소나는 HMR(가정식 대체식품)에 대한 높은 선호도를 가지고 있으며, 이는 요리하는 2세대 가족을 타겟으로 하는 '프리미엄 동원참치액'의 특징과 잘 맞아떨어집니다. 제품의 프리미엄 특성과 감칠맛, 높은 만족도는 그녀의 요리 편의성과 품질을 중시하는 성향에 부합합니다. 또한, 시장 경쟁 환경에서 동원참치액의 가격은 100g당 1,998원으로, 경쟁 제품의 가격 범위(1,366원 ~ 2,996원) 내에 있어 가격에 대한 민감도가 낮은 그녀에게 매력적으로 다가올 것입니다. 따라서, 이 소비자는 제품을 구매할 가능성이 높습니다."", ""monthly_purchase_frequency"": 2}}",
프리미엄 동원참치액 900g|177,프리미엄 동원참치액 900g,177,"{""product_name"": ""프리미엄 동원참치액 900g"", ""persona_key"": 177, ""purchase_behavior_prediction"": {""purchase_probability_pct"": 85, ""reason"": ""이 페르소나는 '요리 편리성'을 가장 중요하게 생각하는 소비자로, 프리미엄 동원참치액의 감칠맛과 높은 만족도는 요리의 편리함을 더해줄 것입니다. 또한, 이 소비자는 새로운 맛과 제품을 시도하는 데 적극적이며, 가격에 대한 민감도가 낮아 프리미엄 제품에 대한 수용성이 높습니다. 시장 경쟁 환경에서 동원참치액의 가격이 100g당 1,998원으로, 경쟁 제품의 가격 범위(1,366원 ~ 2,996원) 내에 위치해 있어 가격적으로도 매력적입니다. 따라서 이 소비자는 제품의 품질과 편리성을 고려할 때 구매할 가능성이 높습니다."", ""monthly_purchase_frequency"": 2}}",
프리미엄 동원참치액 900g|172,프리미엄 동원참치액 900g,172,,Expecting value: line 2 column 512 (char 512)
프리미엄 동원참치액 900g|176,프리미엄 동원참치액 900g,176,,Expecting value: line 2 column 512 (char 512)
프리미엄 동원참치액 900g|173,프리미엄 동원참치액 900g,173,,Expecting value: line 2 column 512 (char 512)
프리미엄 동원참치액 900g|179,프리미엄 동원참치액 900g,179,"{""product_name"": ""프리미엄 동원참치액 900g"", ""persona_key"": 179, ""purchase_behavior_prediction"": {""purchase_probability_pct"": 75, ""reason"": ""이 페르소나는 '실속형 미식가'로, 편리성과 새로운 맛을 중시합니다. HMR 선호도가 높아 조리 편의성을 중요하게 생각하며, 프리미엄 제품에 대한 수용성도 가지고 있습니다. '프리미엄 동원참치액'은 감칠맛과 높은 만족도를 제공하며, 요리하는 2세대 가족을 타겟으로 하여 이 소비자에게 매력적입니다. 가격은 900g 기준으로 약 1,998원에 해당하며, 경쟁 제품의 가격 범위(1,366원 ~ 2,996원) 내에 있어 가격에 대한 민감도가 낮은 이 소비자에게 적절한 선택으로 보입니다. 따라서, 이 소비자는 제품의 품질과 편리함을 고려하여 구매할 가능성이 높습니다."", ""monthly_purchase_frequency"": 2}}",
프리미엄 동원참치액 900g|175,프리미엄 동원참치액 900g,175,,Expecting value: line 2 column 512 (char 512)
프리미엄 동원참치액 900g|181,프리미엄 동원참치액 900g,181,,Expecting value: line 2 column 512 (char 512)
프리미엄 동원참치액 900g|182,프리미엄 동원참치액 900g,182,,Expecting value: line 2 column 512 (char 512)
프리미엄 동원참치액 900g|178,프리미엄 동원참치액 900g,178,,Expecting value: line 2 column 512 (char 512)
프리미엄 동원참치액 900g|183,프리미엄 동원참치액 900g,183,,Expecting value: line 2 column 512 (char 512)
프리미엄 동원참치액 900g|184,프리미엄 동원참치액 900g,184,,Expecting value: line 2 column 512 (char 512)
프리미엄 동원참치액 900g|180,프리미엄 동원참치액 900g,180,,Expecting value: line 2 column 512 (char 512)
프리미엄 동원참치액 900g|186,프리미엄 동원참치액 900g,186,,Expecting value: line 2 column 512 (char 512)
프리미엄 동원참치액 900g|187,프리미엄 동원참치액 900g,187,,Expecting value: line 2 column 512 (char 512)
프리미엄 동원참치액 900g|188,프리미엄 동원참치액 900g,188,,Expecting value: line 2 column 512 (char 512)
프리미엄 동원참치액 900g|189,프리미엄 동원참치액 900g,189,,Expecting value: line 2 column 512 (char 512)
프리미엄 동원참치액 900g|190,프리미엄 동원참치액 900g,190,,Expecting value: line 2 column 512 (char 512)
프리미엄 동원참치액 900g|191,프리미엄 동원참치액 900g,191,,Expecting value: line 2 column 512 (char 512)
프리미엄 동원참치액 900g|185,프리미엄 동원참치액 900g,185,,Expecting value: line 2 column 512 (char 512)
프리미엄 동원참치액 900g|192,프리미엄 동원참치액 900g,192,"{""product_name"": ""프리미엄 동원참치액 900g"", ""persona_key"": 192, ""purchase_behavior_prediction"": {""purchase_probability_pct"": 75, ""reason"": ""이 페르소나는 '실속형 미식가'로, HMR(가정식 대체식품)에 대한 높은 선호도를 가지고 있습니다. 이는 편리성과 맛을 동시에 중시하는 소비 성향을 반영합니다. 제품의 프리미엄 특성과 감칠맛은 이 소비자에게 매력적이며, 2세대 가족을 대상으로 하는 점도 가족 요리를 중시하는 이 페르소나와 잘 맞아떨어집니다. 가격은 900g에 17,980원으로, 100g당 약 1,998원이므로 경쟁 제품 가격 범위(1,366원 ~ 2,996원) 내에 위치해 있어 가격에 대한 민감도가 낮은 이 소비자에게 긍정적으로 작용할 것입니다. 따라서, 이 소비자는 제품의 품질과 편리함을 고려할 때 구매할 가능성이 높습니다."", ""monthly_purchase_frequency"": 2}}",
프리미엄 동원참치액 900g|194,프리미엄 동원참치액 900g,194,,Expecting value: line 2 column 512 (char 512)
프리미엄 동원참치액 900g|196,프리미엄 동원참치액 900g,196,,Expecting value: line 2 column 512 (char 512)
프리미엄 동원참치액 900g|197,프리미엄 동원참치액 900g,197,,Expecting value: line 2 column 512 (char 512)
프리미엄 동원참치액 900g|199,프리미엄 동원참치액 900g,199,,Expecting value: line 2 column 512 (char 512)
프리미엄 동원참치액 900g|193,프리미엄 동원참치액 900g,193,,Expecting value: line 2 column 512 (char 512)
프리미엄 동원참치액 900g|195,프리미엄 동원참치액 900g,195,,Expecting value: line 2 column 512 (char 512)
프리미엄 동원참치액 900g|198,프리미엄 동원참치액 900g,198,,Expecting value: line 2 column 512 (char 512)
프리미엄 동원참치액 900g|201,프리미엄 동원참치액 900g,201,,Expecting value: line 2 column 512 (char 512)
프리미엄 동원참치액 900g|204,프리미엄 동원참치액 900g,204,"{""product_name"": ""프리미엄 동원참치액 900g"", ""persona_key"": 204, ""purchase_behavior_prediction"": {""purchase_probability_pct"": 75, ""reason"": ""페르소나는 '실속형 미식가'로, 편리성과 맛을 동시에 중시합니다. HMR(가정식 대체식품)에 대한 높은 선호도(0.740)로 인해, 프리미엄 동원참치액의 감칠맛과 높은 만족도는 매우 매력적입니다. 또한, 2세대 가족을 대상으로 한 제품으로, 요리를 자주 하는 소비자에게 적합합니다. 가격에 대한 민감도가 낮아(0.138), 경쟁 제품의 가격 범위(1,366원 ~ 2,996원)와 비교했을 때, 17,980원의 가격이 상대적으로 합리적이라고 느낄 가능성이 높습니다. 따라서, 이 소비자는 제품을 구매할 확률이 높습니다."", ""monthly_purchase_frequency"": 2}}",
프리미엄 동원참치액 900g|205,프리미엄 동원참치액 900g,205,,Expecting value: line 2 column 512 (char 512)
프리미엄 동원참치액 900g|202,프리미엄 동원참치액 900g,202,,Expecting value: line 2 column 512 (char 512)
프리미엄 동원참치액 900g|207,프리미엄 동원참치액 900g,207,"{""product_name"": ""프리미엄 동원참치액 900g"", ""persona_key"": 207, ""purchase_behavior_prediction"": {""purchase_probability_pct"": 75, ""reason"": ""이 페르소나는 '실속형 미식가'로서, 편리성을 중시하면서도 새로운 맛을 시도하는 데 적극적입니다. HMR 선호도가 높아 조리의 편리함과 맛을 동시에 추구하는 경향이 있으며, '프리미엄 동원참치액'은 이러한 요구를 충족시킵니다. 제품의 프리미엄 특성과 감칠맛은 이 소비자에게 매력적이며, 가격이 경쟁사 대비 적정 수준에 위치해 있어 가격 민감도가 낮은 이 소비자에게 긍정적인 요소로 작용합니다. 또한, 제주특별자치도 지역에서의 구매 가능성과 SNS 바이럴 광고는 이 소비자의 구매를 유도할 수 있는 요소입니다."", ""monthly_purchase_frequency"": 2}}",
프리미엄 동원참치액 900g|200,프리미엄 동원참치액 900g,200,,Expecting value: line 2 column 512 (char 512)
프리미엄 동원참치액 900g|203,프리미엄 동원참치액 900g,203,,Expecting value: line 2 column 512 (char 512)
프리미엄 동원참치액 900g|210,프리미엄 동원참치액 900g,210,"{""product_name"": ""프리미엄 동원참치액 900g"", ""persona_key"": 210, ""purchase_behavior_prediction"": {""purchase_probability_pct"": 75, ""reason"": ""이 페르소나는 '실속형 미식가'로, 편리성과 새로운 맛을 중시합니다. HMR 선호도가 높아 조리 시간을 줄이고자 하는 경향이 있으며, 프리미엄 제품에 대한 수용성도 가지고 있습니다. 제품의 '프리미엄'과 '감칠맛' 특징은 이 소비자의 기대에 부합하며, 가격이 경쟁 제품에 비해 적정 수준으로 보입니다. 시장 경쟁 환경에서 100g당 가격이 1,366원에서 2,996원 사이인 점을 고려할 때, 동원참치액의 가격은 1,998원에 해당하므로 적정한 가격으로 인식될 것입니다. 따라서 이 소비자는 제품을 구매할 가능성이 높습니다."", ""monthly_purchase_frequency"": 2}}",
프리미엄 동원참치액 900g|212,프리미엄 동원참치액 900g,212,"{""product_name"": ""프리미엄 동원참치액 900g"", ""persona_key"": 212, ""purchase_behavior_prediction"": {""purchase_probability_pct"": 85, ""reason"": ""이 페르소나는 건강 지향성이 매우 높은 소비자로, 건강과 편리성을 모두 고려하여 제품을 선택합니다. '프리미엄 동원참치액'은 프리미엄 제품으로 감칠맛과 높은 만족도를 제공하며, 건강을 중시하는 소비자에게 매력적입니다. 또한, 경쟁 제품의 가격대가 100g당 1,366원에서 2,996원으로 다양하게 형성되어 있어, 이 제품의 가격(17,980원/900g, 즉 1,998원/100g)은 상대적으로 합리적입니다. 따라서 이 소비자는 가격에 대한 민감도가 낮고, 건강을 우선시하기 때문에 구매 확률이 높습니다."", ""monthly_purchase_frequency"": 2}}",
프리미엄 동원참치액 900g|208,프리미엄 동원참치액 900g,208,,Expecting value: line 2 column 512 (char 512)
프리미엄 동원참치액 900g|211,프리미엄 동원참치액 900g,211,,Expecting value: line 2 column 512 (char 512)
프리미엄 동원참치액 900g|206,프리미엄 동원참치액 900g,206,,Expecting value: line 2 column 512 (char 512)
프리미엄 동원참치액 900g|214,프리미엄 동원참치액 900g,214,,Expecting value: line 2 column 512 (char 512)
프리미엄 동원참치액 900g|215,프리미엄 동원참치액 900g,215,,Expecting value: line 2 column 512 (char 512)
프리미엄 동원참치액 900g|213,프리미엄 동원참치액 900g,213,"{""product_name"": ""프리미엄 동원참치액 900g"", ""persona_key"": 213, ""purchase_behavior_prediction"": {""purchase_probability_pct"": 85, ""reason"": ""이 페르소나는 '건강 추구형 소비자'로, HMR(가정간편식)에 대한 선호도가 매우 높습니다(0.804). 이는 프리미엄 동원참치액이 제공하는 감칠맛과 높은 만족도가 이 소비자에게 매력적으로 작용할 가능성이 큽니다. 또한, 이 소비자는 건강과 편리성을 중시하며, 가격에 대한 민감도가 중간 수준(0.569)으로, 프리미엄 제품에 대한 지출을 꺼리지 않을 것입니다. 시장 경쟁 환경에서 동원참치액의 가격(17,980원, 100g당 약 1,998원)은 경쟁 제품의 가격 범위(1,366원 ~ 2,996원) 내에 위치하고 있어, 가격적으로도 경쟁력이 있습니다. 따라서 이 소비자는 제품의 품질과 건강 지향성을 고려할 때, 구매할 가능성이 높습니다."", ""monthly_purchase_frequency"": 2}}",
프리미엄 동원참치액 900g|209,프리미엄 동원참치액 900g,209,,Expecting value: line 2 column 512 (char 512)
프리미엄 동원참치액 900g|218,프리미엄 동원참치액 900g,218,,Expecting value: line 2 column 512 (char 512)
프리미엄 동원참치액 900g|221,프리미엄 동원참치액 900g,221,,Expecting value: line 2 column 512 (char 512)
프리미엄 동원참치액 900g|216,프리미엄 동원참치액 900g,216,,Expecting value: line 2 column 512 (char 512)
프리미엄 동원참치액 900g|217,프리미엄 동원참치액 900g,217,,Expecting value: line 2 column 512 (char 512)
프리미엄 동원참치액 900g|219,프리미엄 동원참치액 900g,219,,Expecting value: line 2 column 512 (char 512)
프리미엄 동원참치액 900g|220,프리미엄 동원참치액 900g,220,,Expecting value: line 2 column 512 (char 512)
프리미엄 동원참치액 900g|225,프리미엄 동원참치액 900g,225,"{""product_name"": ""프리미엄 동원참치액 900g"", ""persona_key"": 225, ""purchase_behavior_prediction"": {""purchase_probability_pct"": 85, ""reason"": ""이 소비자는 건강을 최우선으로 고려하는 프리미엄 소비자 그룹에 속하며, HMR(가정간편식) 선호도가 매우 높습니다. 제품의 '프리미엄' 특성과 '감칠맛', '높은 만족도'는 이 소비자의 요리 편리성과 건강 지향성을 충족시킬 수 있습니다. 또한, 가격에 대한 민감도가 낮아 17,980원의 가격이 경쟁 제품의 가격 범위(1,366원 ~ 2,996원)와 비교했을 때 상대적으로 수용 가능하다고 판단할 수 있습니다. 따라서 이 소비자는 제품의 품질과 건강적 이점을 고려하여 구매할 가능성이 높습니다."", ""monthly_purchase_frequency"": 2}}",
프리미엄 동원참치액 900g|223,프리미엄 동원참치액 900g,223,,Expecting value: line 2 column 512 (char 512)
프리미엄 동원참치액 900g|224,프리미엄 동원참치액 900g,224,,Expecting value: line 2 column 512 (char 512)
프리미엄 동원참치액 900g|228,프리미엄 동원참치액 900g,228,"{""product_name"": ""프리미엄 동원참치액 900g"", ""persona_key"": 228, ""purchase_behavior_prediction"": {""purchase_probability_pct"": 85, ""reason"": ""이 소비자는 건강을 최우선으로 고려하는 프리미엄 소비자 그룹에 속하며, HMR(가정간편식) 선호도가 높습니다. 제품의 '프리미엄'과 '감칠맛' 특징은 그녀의 요리하는 2세대 가족을 위한 조미료로서 매력적입니다. 가격은 900g에 17,980원으로, 경쟁 제품의 가격 범위(1,366원 ~ 2,996원)와 비교했을 때 상대적으로 높은 편이지만, 가격 민감도가 낮은 소비자이므로 프리미엄 제품에 대한 지출을 기꺼이 할 것입니다. 따라서, 이 제품은 그녀의 건강과 편리성을 모두 충족시킬 수 있어 구매 확률이 높습니다."", ""monthly_purchase_frequency"": 2}}",
프리미엄 동원참치액 900g|222,프리미엄 동원참치액 900g,222,,Expecting value: line 2 column 512 (char 512)
프리미엄 동원참치액 900g|227,프리미엄 동원참치액 900g,227,,Expecting value: line 2 column 512 (char 512)
프리미엄 동원참치액 900g|233,프리미엄 동원참치액 900g,233,"{""product_name"": ""프리미엄 동원참치액 900g"", ""persona_key"": 233, ""purchase_behavior_prediction"": {""purchase_probability_pct"": 75, ""reason"": ""이 페르소나는 '다양성 추구' 속성이 강한 트렌드 주도형 소비자로, 새로운 제품을 경험하고 공유하는 것을 선호합니다. '프리미엄 동원참치액'은 프리미엄 제품으로서 감칠맛과 높은 만족도를 제공하며, 요리하는 2세대 가족을 타겟으로 하고 있어 이 소비자의 요리 경험을 풍부하게 할 수 있습니다. 또한, 가격이 17,980원으로 경쟁 제품의 가격 범위(1,366원 ~ 2,996원)와 비교했을 때 상대적으로 높은 편이지만, 이 소비자는 브랜드 충성도가 높고 프리미엄 제품에 대한 수용도가 있어 가격에 대한 민감도가 낮습니다. 따라서, 제품의 품질과 브랜드 가치가 가격을 상쇄할 수 있을 것으로 보입니다."", ""monthly_purchase_frequency"": 2}}",
프리미엄 동원참치액 900g|226,프리미엄 동원참치액 900g,226,,Expecting value: line 2 column 512 (char 512)
프리미엄 동원참치액 900g|232,프리미엄 동원참치액 900g,232,,Expecting value: line 2 column 512 (char 512)
프리미엄 동원참치액 900g|229,프리미엄 동원참치액 900g,229,,Expecting value: line 2 column 512 (char 512)
프리미엄 동원참치액 900g|230,프리미엄 동원참치액 900g,230,,Expecting value: line 2 column 512 (char 512)
프리미엄 동원참치액 900g|231,프리미엄 동원참치액 900g,231,,Expecting value: line 2 column 512 (char 512)
프리미엄 동원참치액 900g|237,프리미엄 동원참치액 900g,237,,Expecting value: line 2 column 512 (char 512)
프리미엄 동원참치액 900g|238,프리미엄 동원참치액 900g,238,,Expecting value: line 2 column 512 (char 512)
프리미엄 동원참치액 900g|235,프리미엄 동원참치액 900g,235,,Expecting value: line 2 column 512 (char 512)
프리미엄 동원참치액 900g|236,프리미엄 동원참치액 900g,236,,Expecting value: line 2 column 512 (char 512)
프리미엄 동원참치액 900g|234,프리미엄 동원참치액 900g,234,,Expecting value: line 2 column 512 (char 512)
프리미엄 동원참치액 900g|241,프리미엄 동원참치액 900g,241,,Expecting value: line 2 column 512 (char 512)
프리미엄 동원참치액 900g|239,프리미엄 동원참치액 900g,239,,Expecting value: line 2 column 512 (char 512)
프리미엄 동원참치액 900g|243,프리미엄 동원참치액 900g,243,,Expecting value: line 2 column 512 (char 512)
프리미엄 동원참치액 900g|240,프리미엄 동원참치액 900g,240,,Expecting value: line 2 column 512 (char 512)
프리미엄 동원참치액 900g|245,프리미엄 동원참치액 900g,245,,Expecting value: line 2 column 512 (char 512)
프리미엄 동원참치액 900g|246,프리미엄 동원참치액 900g,246,,Expecting value: line 2 column 512 (char 512)
프리미엄 동원참치액 900g|242,프리미엄 동원참치액 900g,242,,Expecting value: line 2 column 512 (char 512)
프리미엄 동원참치액 900g|247,프리미엄 동원참치액 900g,247,,Expecting value: line 2 column 512 (char 512)
프리미엄 동원참치액 900g|244,프리미엄 동원참치액 900g,244,,Expecting value: line 2 column 512 (char 512)
프리미엄 동원참치액 900g|248,프리미엄 동원참치액 900g,248,,Expecting value: line 2 column 512 (char 512)
프리미엄 동원참치액 900g|249,프리미엄 동원참치액 900g,249,,Expecting value: line 2 column 512 (char 512)
프리미엄 동원참치액 900g|250,프리미엄 동원참치액 900g,250,,Expecting value: line 2 column 512 (char 512)
프리미엄 동원참치액 900g|253,프리미엄 동원참치액 900g,253,,Expecting value: line 2 column 512 (char 512)
프리미엄 동원참치액 900g|255,프리미엄 동원참치액 900g,255,,Expecting value: line 2 column 512 (char 512)
프리미엄 동원참치액 900g|256,프리미엄 동원참치액 900g,256,,Expecting value: line 2 column 512 (char 512)
프리미엄 동원참치액 900g|251,프리미엄 동원참치액 900g,251,,Expecting value: line 2 column 512 (char 512)
프리미엄 동원참치액 900g|252,프리미엄 동원참치액 900g,252,,Expecting value: line 2 column 512 (char 512)
프리미엄 동원참치액 900g|254,프리미엄 동원참치액 900g,254,,Expecting value: line 2 column 512 (char 512)
프리미엄 동원참치액 900g|257,프리미엄 동원참치액 900g,257,,Expecting value: line 2 column 512 (char 512)
프리미엄 동원참치액 900g|262,프리미엄 동원참치액 900g,262,"{""product_name"": ""프리미엄 동원참치액 900g"", ""persona_key"": 262, ""purchase_behavior_prediction"": {""purchase_probability_pct"": 75, ""reason"": ""이 페르소나는 '실속형 미식가'로, 편리성과 맛을 동시에 중시합니다. HMR 선호도가 높아 조리 편의성을 중요하게 생각하며, 프리미엄 제품에 대한 수용성도 어느 정도 있습니다. 제품의 '프리미엄'과 '감칠맛' 특징은 이 소비자에게 매력적이며, 가격이 경쟁 제품에 비해 적당한 수준(1,996원/100g)으로 보입니다. 또한, 가격에 대한 민감도가 중간 정도이므로, 가격이 적정하다고 느끼면 구매할 가능성이 높습니다. 시장 경쟁 환경에서 가격이 1,366원에서 2,996원 사이인 점을 고려할 때, 이 제품의 가격은 중간 정도로 경쟁력이 있습니다."", ""monthly_purchase_frequency"": 2}}",
프리미엄 동원참치액 900g|260,프리미엄 동원참치액 900g,260,,Expecting value: line 2 column 512 (char 512)
프리미엄 동원참치액 900g|261,프리미엄 동원참치액 900g,261,"{""product_name"": ""프리미엄 동원참치액 900g"", ""persona_key"": 261, ""purchase_behavior_prediction"": {""purchase_probability_pct"": 75, ""reason"": ""이 페르소나는 '실속형 미식가'로, HMR(가정간편식) 선호도가 높고 요리하는 2세대 가족을 대상으로 한 제품에 매력을 느낄 가능성이 큽니다. 제품의 프리미엄 특성과 감칠맛은 그녀의 요리 편리성을 중시하는 성향과 잘 맞아떨어지며, 가격에 대한 민감도는 중간 정도로, 경쟁 제품의 가격 범위와 비교했을 때 적절하다고 판단할 것입니다. 또한, 서울에 거주하는 주부로서 새로운 맛을 시도하는 데 적극적이기 때문에, 이 제품의 높은 만족도와 광고/프로모션이 긍정적인 영향을 미칠 것입니다."", ""monthly_purchase_frequency"": 2}}",
프리미엄 동원참치액 900g|259,프리미엄 동원참치액 900g,259,,Expecting value: line 2 column 512 (char 512)
프리미엄 동원참치액 900g|258,프리미엄 동원참치액 900g,258,,Expecting value: line 2 column 512 (char 512)
프리미엄 동원참치액 900g|265,프리미엄 동원참치액 900g,265,,Expecting value: line 2 column 512 (char 512)
프리미엄 동원참치액 900g|266,프리미엄 동원참치액 900g,266,,Expecting value: line 2 column 512 (char 512)
프리미엄 동원참치액 900g|263,프리미엄 동원참치액 900g,263,,Expecting value: line 2 column 512 (char 512)
프리미엄 동원참치액 900g|264,프리미엄 동원참치액 900g,264,,Expecting value: line 2 column 512 (char 512)
프리미엄 동원참치액 900g|268,프리미엄 동원참치액 900g,268,,Expecting value: line 2 column 512 (char 512)
프리미엄 동원참치액 900g|270,프리미엄 동원참치액 900g,270,,Expecting value: line 2 column 512 (char 512)
프리미엄 동원참치액 900g|271,프리미엄 동원참치액 900g,271,,Expecting value: line 2 column 512 (char 512)
프리미엄 동원참치액 900g|272,프리미엄 동원참치액 900g,272,,Expecting value: line 2 column 512 (char 512)
프리미엄 동원참치액 900g|273,프리미엄 동원참치액 900g,273,,Expecting value: line 2 column 512 (char 512)
프리미엄 동원참치액 900g|269,프리미엄 동원참치액 900g,269,,Expecting value: line 2 column 512 (char 512)
프리미엄 동원참치액 900g|267,프리미엄 동원참치액 900g,267,,Expecting value: line 2 column 512 (char 512)
프리미엄 동원참치액 900g|275,프리미엄 동원참치액 900g,275,,Expecting value: line 2 column 512 (char 512)
프리미엄 동원참치액 900g|278,프리미엄 동원참치액 900g,278,"{""product_name"": ""프리미엄 동원참치액 900g"", ""persona_key"": 278, ""purchase_behavior_prediction"": {""purchase_probability_pct"": 85, ""reason"": ""이 페르소나는 '건강 추구형 소비자'로, HMR(가정간편식) 선호도가 매우 높습니다. 이는 편리한 요리를 선호하며, 건강을 최우선으로 고려하는 경향이 강합니다. '프리미엄 동원참치액'은 프리미엄 제품으로 감칠맛과 높은 만족도를 제공하여, 이 소비자의 기대에 부합합니다. 또한, 가격에 대한 민감도가 낮아(0.218) 가격이 17,980원인 점도 큰 장애가 되지 않을 것입니다. 시장 경쟁 환경에서 경쟁 제품의 가격 범위가 1,366원에서 2,996원 사이임을 고려할 때, 이 제품은 프리미엄 제품군에 속하므로 가격 대비 가치를 충분히 제공할 것으로 예상됩니다. 따라서 이 소비자는 제품의 품질과 건강 지향성을 고려하여 구매할 가능성이 높습니다."", ""monthly_purchase_frequency"": 2}}",
프리미엄 동원참치액 900g|277,프리미엄 동원참치액 900g,277,,Expecting value: line 2 column 512 (char 512)
프리미엄 동원참치액 900g|276,프리미엄 동원참치액 900g,276,,Expecting value: line 2 column 512 (char 512)
프리미엄 동원참치액 900g|274,프리미엄 동원참치액 900g,274,,Expecting value: line 2 column 512 (char 512)
프리미엄 동원참치액 900g|281,프리미엄 동원참치액 900g,281,,Expecting value: line 2 column 512 (char 512)
프리미엄 동원참치액 900g|280,프리미엄 동원참치액 900g,280,,Expecting value: line 2 column 512 (char 512)
프리미엄 동원참치액 900g|279,프리미엄 동원참치액 900g,279,,Expecting value: line 2 column 512 (char 512)
프리미엄 동원참치액 900g|284,프리미엄 동원참치액 900g,284,,Expecting value: line 2 column 512 (char 512)
프리미엄 동원참치액 900g|283,프리미엄 동원참치액 900g,283,,Expecting value: line 2 column 512 (char 512)
프리미엄 동원참치액 900g|286,프리미엄 동원참치액 900g,286,,Expecting value: line 2 column 512 (char 512)
프리미엄 동원참치액 900g|287,프리미엄 동원참치액 900g,287,,Expecting value: line 2 column 512 (char 512)
프리미엄 동원참치액 900g|282,프리미엄 동원참치액 900g,282,,Expecting value: line 2 column 512 (char 512)
프리미엄 동원참치액 900g|285,프리미엄 동원참치액 900g,285,,Expecting value: line 2 column 512 (char 512)
프리미엄 동원참치액 900g|292,프리미엄 동원참치액 900g,292,"{""product_name"": ""프리미엄 동원참치액 900g"", ""persona_key"": 292, ""purchase_behavior_prediction"": {""purchase_probability_pct"": 75, ""reason"": ""이 페르소나는 HMR(가정식 대체식품)에 대한 높은 선호도를 가지고 있으며, 이는 0.7796의 가중치로 나타납니다. 제품의 프리미엄 특성과 감칠맛, 높은 만족도는 요리를 즐기는 60대 이상의 주부에게 매력적입니다. 또한, 대구광역시에 거주하며 기혼인 이 소비자는 가족을 위해 요리를 자주 하므로, 조미료의 품질과 브랜드에 대한 충성도가 높습니다. 시장 경쟁 환경에서 동원 F&B의 가격이 1,366원에서 2,996원 사이의 경쟁 제품 가격에 비해 적절하다고 판단되며, 이는 가격 민감도가 높은 소비자에게 긍정적인 요소로 작용할 것입니다. 따라서, 이 소비자는 제품을 구매할 가능성이 높습니다."", ""monthly_purchase_frequency"": 2}}",
프리미엄 동원참치액 900g|290,프리미엄 동원참치액 900g,290,,Expecting value: line 2 column 512 (char 512)
프리미엄 동원참치액 900g|291,프리미엄 동원참치액 900g,291,,Expecting value: line 2 column 512 (char 512)
프리미엄 동원참치액 900g|288,프리미엄 동원참치액 900g,288,,Expecting value: line 2 column 512 (char 512)
프리미엄 동원참치액 900g|293,프리미엄 동원참치액 900g,293,,Expecting value: line 2 column 512 (char 512)
프리미엄 동원참치액 900g|294,프리미엄 동원참치액 900g,294,,Expecting value: line 2 column 512 (char 512)
프리미엄 동원참치액 900g|289,프리미엄 동원참치액 900g,289,,Expecting value: line 2 column 512 (char 512)
프리미엄 동원참치액 900g|295,프리미엄 동원참치액 900g,295,,Expecting value: line 2 column 512 (char 512)
프리미엄 동원참치액 900g|300,프리미엄 동원참치액 900g,300,"{""product_name"": ""프리미엄 동원참치액 900g"", ""persona_key"": 300, ""purchase_behavior_prediction"": {""purchase_probability_pct"": 75, ""reason"": ""이 페르소나는 HMR(가정간편식) 선호도가 높고, 요리하는 2세대 가족을 대상으로 한 제품에 적합합니다. 또한, 프리미엄 제품에 대한 관심이 있으며, 높은 만족도를 추구하는 경향이 있습니다. 가격은 900g 기준으로 17,980원으로, 경쟁 제품의 가격 범위(1,366원 ~ 2,996원)와 비교했을 때 상대적으로 높은 편이지만, 브랜드 충성도가 높고 요리 편의성을 중시하는 소비자이기 때문에 가격에 대한 민감도가 낮습니다. 따라서, 이 제품은 그녀의 요리 스타일과 잘 맞아떨어지며, 구매 확률이 높습니다."", ""monthly_purchase_frequency"": 2}}",
프리미엄 동원참치액 900g|298,프리미엄 동원참치액 900g,298,,Expecting value: line 2 column 512 (char 512)
프리미엄 동원참치액 900g|299,프리미엄 동원참치액 900g,299,,Expecting value: line 2 column 512 (char 512)
프리미엄 동원참치액 900g|301,프리미엄 동원참치액 900g,301,,Expecting value: line 2 column 512 (char 512)
프리미엄 동원참치액 900g|296,프리미엄 동원참치액 900g,296,,Expecting value: line 2 column 512 (char 512)
프리미엄 동원참치액 900g|302,프리미엄 동원참치액 900g,302,,Expecting value: line 2 column 512 (char 512)
프리미엄 동원참치액 900g|297,프리미엄 동원참치액 900g,297,,Expecting value: line 2 column 512 (char 512)
프리미엄 동원참치액 900g|303,프리미엄 동원참치액 900g,303,,Expecting value: line 2 column 512 (char 512)
프리미엄 동원참치액 900g|304,프리미엄 동원참치액 900g,304,,Expecting value: line 2 column 512 (char 512)
프리미엄 동원참치액 900g|305,프리미엄 동원참치액 900g,305,,Expecting value: line 2 column 512 (char 512)
프리미엄 동원참치액 900g|306,프리미엄 동원참치액 900g,306,"{""product_name"": ""프리미엄 동원참치액 900g"", ""persona_key"": 306, ""purchase_behavior_prediction"": {""purchase_probability_pct"": 75, ""reason"": ""이 페르소나는 '실속형 미식가'로, HMR(가정식 대체식품)에 대한 높은 선호도를 가지고 있습니다. 이는 편리함과 새로운 맛을 동시에 추구하는 경향을 반영합니다. 제품의 프리미엄 특성과 감칠맛, 높은 만족도는 이 소비자에게 매력적이며, 특히 요리하는 2세대 가족을 타겟으로 한 제품이므로, 요리를 즐기는 주부인 이 페르소나에게 적합합니다. 가격은 900g에 17,980원으로, 100g당 약 1,998원이므로 경쟁 제품의 가격 범위(1,366원 ~ 2,996원) 내에 위치해 있어 가격적으로도 수용 가능성이 높습니다. 따라서, 이 소비자는 제품의 품질과 편리함을 고려할 때 구매할 가능성이 높습니다."", ""monthly_purchase_frequency"": 2}}",
프리미엄 동원참치액 900g|308,프리미엄 동원참치액 900g,308,,Expecting value: line 2 column 512 (char 512)
프리미엄 동원참치액 900g|310,프리미엄 동원참치액 900g,310,,Expecting value: line 2 column 512 (char 512)
프리미엄 동원참치액 900g|312,프리미엄 동원참치액 900g,312,"{""product_name"": ""프리미엄 동원참치액 900g"", ""persona_key"": 312, ""purchase_behavior_prediction"": {""purchase_probability_pct"": 85, ""reason"": ""이 페르소나는 건강 지향성이 매우 높은 소비자로, 건강과 편리성을 중시하며 프리미엄 제품에 대한 수요가 높습니다. '프리미엄 동원참치액'은 감칠맛과 높은 만족도를 제공하며, 조미료 카테고리에서 건강한 요리를 추구하는 소비자에게 매력적입니다. 가격은 900g 기준으로 17,980원으로, 경쟁 제품의 가격 범위(1,366원 ~ 2,996원)와 비교했을 때 상대적으로 높은 편이나, 건강을 최우선으로 고려하는 이 소비자에게는 가격보다 품질이 더 중요할 것입니다. 따라서 이 제품은 그녀의 구매 결정에 긍정적인 영향을 미칠 것입니다."", ""monthly_purchase_frequency"": 2}}",
프리미엄 동원참치액 900g|307,프리미엄 동원참치액 900g,307,,Expecting value: line 2 column 512 (char 512)
프리미엄 동원참치액 900g|309,프리미엄 동원참치액 900g,309,,Expecting value: line 2 column 512 (char 512)
프리미엄 동원참치액 900g|314,프리미엄 동원참치액 900g,314,,Expecting value: line 2 column 512 (char 512)
프리미엄 동원참치액 900g|315,프리미엄 동원참치액 900g,315,,Expecting value: line 2 column 512 (char 512)
프리미엄 동원참치액 900g|311,프리미엄 동원참치액 900g,311,,Expecting value: line 2 column 512 (char 512)
프리미엄 동원참치액 900g|313,프리미엄 동원참치액 900g,313,,Expecting value: line 2 column 512 (char 512)
프리미엄 동원참치액 900g|316,프리미엄 동원참치액 900g,316,,Expecting value: line 2 column 512 (char 512)
프리미엄 동원참치액 900g|318,프리미엄 동원참치액 900g,318,,Expecting value: line 2 column 512 (char 512)
프리미엄 동원참치액 900g|317,프리미엄 동원참치액 900g,317,,Expecting value: line 2 column 512 (char 512)
프리미엄 동원참치액 900g|321,프리미엄 동원참치액 900g,321,,Expecting value: line 2 column 512 (char 512)
프리미엄 동원참치액 900g|322,프리미엄 동원참치액 900g,322,,Expecting value: line 2 column 512 (char 512)
프리미엄 동원참치액 900g|319,프리미엄 동원참치액 900g,319,,Expecting value: line 2 column 512 (char 512)
프리미엄 동원참치액 900g|320,프리미엄 동원참치액 900g,320,,Expecting value: line 2 column 512 (char 512)
프리미엄 동원참치액 900g|324,프리미엄 동원참치액 900g,324,"{""product_name"": ""프리미엄 동원참치액 900g"", ""persona_key"": 324, ""purchase_behavior_prediction"": {""purchase_probability_pct"": 85, ""reason"": ""이 소비자는 '건강 추구형 소비자'로, 건강과 편리성을 최우선으로 고려합니다. HMR 선호도가 높아 조리 편의성을 중시하며, 프리미엄 제품에 대한 수용도가 높습니다. 제품의 '프리미엄', '감칠맛', '높은 만족도'와 같은 특징은 이 소비자의 요구에 부합하며, 부산광역시에 거주하는 2세대 가족으로서 요리에 대한 관심이 높습니다. 경쟁 제품의 가격대가 100g당 1,366원에서 2,996원으로 다양하지만, 이 소비자는 가격에 크게 구애받지 않고 건강을 우선시하기 때문에, 동원 F&B의 프리미엄 참치액은 매력적으로 다가올 것입니다."", ""monthly_purchase_frequency"": 2}}",
프리미엄 동원참치액 900g|323,프리미엄 동원참치액 900g,323,,Expecting value: line 2 column 512 (char 512)
프리미엄 동원참치액 900g|325,프리미엄 동원참치액 900g,325,,Expecting value: line 2 column 512 (char 512)
프리미엄 동원참치액 900g|328,프리미엄 동원참치액 900g,328,,Expecting value: line 2 column 512 (char 512)
프리미엄 동원참치액 900g|327,프리미엄 동원참치액 900g,327,,Expecting value: line 2 column 512 (char 512)
프리미엄 동원참치액 900g|329,프리미엄 동원참치액 900g,329,,Expecting value: line 2 column 512 (char 512)
프리미엄 동원참치액 900g|330,프리미엄 동원참치액 900g,330,,Expecting value: line 2 column 512 (char 512)
프리미엄 동원참치액 900g|326,프리미엄 동원참치액 900g,326,,Expecting value: line 2 column 512 (char 512)
프리미엄 동원참치액 900g|331,프리미엄 동원참치액 900g,331,,Expecting value: line 2 column 512 (char 512)
프리미엄 동원참치액 900g|332,프리미엄 동원참치액 900g,332,,Expecting value: line 2 column 512 (char 512)
프리미엄 동원참치액 900g|333,프리미엄 동원참치액 900g,333,,Expecting value: line 2 column 512 (char 512)
프리미엄 동원참치액 900g|335,프리미엄 동원참치액 900g,335,"{""product_name"": ""프리미엄 동원참치액 900g"", ""persona_key"": 335, ""purchase_behavior_prediction"": {""purchase_probability_pct"": 75, ""reason"": ""페르소나는 '실속형 미식가'로, 편리성과 새로운 맛을 중시하는 소비자입니다. HMR 선호도가 높아 조리 편의성을 중요시하며, 프리미엄 제품에 대한 수용성도 어느 정도 있습니다. 동원 F&B의 프리미엄 동원참치액은 감칠맛과 높은 만족도를 제공하여 이 소비자에게 매력적입니다. 가격은 900g에 17,980원으로, 100g당 약 1,998원으로 경쟁 제품의 가격 범위(1,366원 ~ 2,996원) 내에 위치해 있어 가격 경쟁력도 갖추고 있습니다. 따라서 이 소비자는 제품의 품질과 편리함을 고려할 때 구매할 가능성이 높습니다."", ""monthly_purchase_frequency"": 2}}",
프리미엄 동원참치액 900g|334,프리미엄 동원참치액 900g,334,,Expecting value: line 2 column 512 (char 512)
프리미엄 동원참치액 900g|336,프리미엄 동원참치액 900g,336,,Expecting value: line 2 column 512 (char 512)
프리미엄 동원참치액 900g|337,프리미엄 동원참치액 900g,337,,Expecting value: line 2 column 512 (char 512)
프리미엄 동원참치액 900g|340,프리미엄 동원참치액 900g,340,,Expecting value: line 2 column 512 (char 512)
프리미엄 동원참치액 900g|338,프리미엄 동원참치액 900g,338,,Expecting value: line 2 column 512 (char 512)
프리미엄 동원참치액 900g|339,프리미엄 동원참치액 900g,339,,Expecting value: line 2 column 512 (char 512)
프리미엄 동원참치액 900g|341,프리미엄 동원참치액 900g,341,,Expecting value: line 2 column 512 (char 512)
프리미엄 동원참치액 900g|342,프리미엄 동원참치액 900g,342,,Expecting value: line 2 column 512 (char 512)
프리미엄 동원참치액 900g|343,프리미엄 동원참치액 900g,343,,Expecting value: line 2 column 512 (char 512)
프리미엄 동원참치액 900g|345,프리미엄 동원참치액 900g,345,,Expecting value: line 2 column 512 (char 512)
프리미엄 동원참치액 900g|344,프리미엄 동원참치액 900g,344,,Expecting value: line 2 column 512 (char 512)
프리미엄 동원참치액 900g|346,프리미엄 동원참치액 900g,346,,Expecting value: line 2 column 512 (char 512)
프리미엄 동원참치액 900g|348,프리미엄 동원참치액 900g,348,,Expecting value: line 2 column 512 (char 512)
프리미엄 동원참치액 900g|347,프리미엄 동원참치액 900g,347,,Expecting value: line 2 column 512 (char 512)
프리미엄 동원참치액 900g|350,프리미엄 동원참치액 900g,350,,Expecting value: line 2 column 512 (char 512)
프리미엄 동원참치액 900g|349,프리미엄 동원참치액 900g,349,,Expecting value: line 2 column 512 (char 512)
프리미엄 동원참치액 900g|351,프리미엄 동원참치액 900g,351,,Expecting value: line 2 column 512 (char 512)
프리미엄 동원참치액 900g|353,프리미엄 동원참치액 900g,353,"{""product_name"": ""프리미엄 동원참치액 900g"", ""persona_key"": 353, ""purchase_behavior_prediction"": {""purchase_probability_pct"": 75, ""reason"": ""이 페르소나는 '실속형 미식가'로, 편리성과 맛을 중시하는 소비자입니다. HMR 선호도가 높아 조리 편의성을 중시하며, 프리미엄 제품에 대한 관심도 있지만 가격에 대한 민감도는 낮습니다. '프리미엄 동원참치액'은 감칠맛과 높은 만족도를 제공하며, 요리하는 2세대 가족을 타겟으로 하고 있어 이 소비자에게 매력적입니다. 또한, 시장 경쟁 환경에서 가격이 100g당 1,366원에서 2,996원 사이로 형성되어 있어, 이 제품의 가격이 상대적으로 합리적이기 때문에 긍정적인 구매 결정을 이끌어낼 가능성이 높습니다."", ""monthly_purchase_frequency"": 2}}",
프리미엄 동원참치액 900g|352,프리미엄 동원참치액 900g,352,,Expecting value: line 2 column 512 (char 512)
프리미엄 동원참치액 900g|354,프리미엄 동원참치액 900g,354,,Expecting value: line 2 column 512 (char 512)
프리미엄 동원참치액 900g|355,프리미엄 동원참치액 900g,355,,Expecting value: line 2 column 512 (char 512)
프리미엄 동원참치액 900g|356,프리미엄 동원참치액 900g,356,,Expecting value: line 2 column 512 (char 512)
프리미엄 동원참치액 900g|358,프리미엄 동원참치액 900g,358,,Expecting value: line 2 column 512 (char 512)
프리미엄 동원참치액 900g|357,프리미엄 동원참치액 900g,357,,Expecting value: line 2 column 512 (char 512)
프리미엄 동원참치액 900g|359,프리미엄 동원참치액 900g,359,,Expecting value: line 2 column 512 (char 512)
프리미엄 동원참치액 900g|362,프리미엄 동원참치액 900g,362,"{""product_name"": ""프리미엄 동원참치액 900g"", ""persona_key"": 362, ""purchase_behavior_prediction"": {""purchase_probability_pct"": 85, ""reason"": ""페르소나는 '실속형 미식가'로, HMR(가정식 대체식품)에 대한 높은 선호도를 가지고 있습니다. 이는 편리함과 맛을 동시에 중시하는 소비자 특성과 잘 맞아떨어집니다. 제품의 '프리미엄' 특성과 '감칠맛'은 요리를 즐기는 2세대 가족에게 매력적이며, 높은 만족도를 제공할 것으로 예상됩니다. 또한, 가격이 17,980원으로 경쟁 제품의 가격 범위(1,366원 ~ 2,996원)와 비교했을 때 상대적으로 높은 편이지만, 페르소나의 가격 민감도가 중간 수준이므로 품질과 편리함을 고려할 때 구매를 결정할 가능성이 높습니다."", ""monthly_purchase_frequency"": 2}}",
프리미엄 동원참치액 900g|361,프리미엄 동원참치액 900g,361,,Expecting value: line 2 column 512 (char 512)
프리미엄 동원참치액 900g|360,프리미엄 동원참치액 900g,360,,Expecting value: line 2 column 512 (char 512)
프리미엄 동원참치액 900g|363,프리미엄 동원참치액 900g,363,,Expecting value: line 2 column 512 (char 512)
