Question,Answer,Q&A,categories,pre-score,weight,score
SQ2,1,SQ2. 식품 주구입자  1) 집에서 먹는 식품의 대부분을 내가 직접 구입한다,,,,
SQ2,2,SQ2. 식품 주구입자  2) 집에서 먹는 식품의 대부분을 구입하는 가구원이 따로 있다,,,,
A1,1,A1. 가공식품 구입 주기  1) 매일 1회 이상,,,,
A1,2,A1. 가공식품 구입 주기  2) 주 4~6회,,,,
A1,3,A1. 가공식품 구입 주기  3) 주 2~3회,,,,
A1,4,A1. 가공식품 구입 주기  4) 주 1회,,,,
A1,5,A1. 가공식품 구입 주기  5) 2주일에 1회,,,,
A1,6,A1. 가공식품 구입 주기  6) 1달에 1회,,,,
A1,7,A1. 가공식품 구입 주기  7) 그보다 드물게,,,,
A1,8,A1. 가공식품 구입 주기  8) 구입하지 않음,,,,
A2_1,1,A2 .가공식품 구입 시 고려 기준_1순위  1) 가격,['price_sensitivity'],9,1,9
A2_1,2,A2 .가공식품 구입 시 고려 기준_1순위  2) 맛,,,,
A2_1,3,A2 .가공식품 구입 시 고려 기준_1순위  3) 안전성,['health_orientation'],9,1,9
A2_1,4,A2 .가공식품 구입 시 고려 기준_1순위  4) 품질,['premium_orientation'],9,1,9
A2_1,5,A2 .가공식품 구입 시 고려 기준_1순위  5) 영양(건강),['health_orientation'],9,1,9
A2_1,6,"A2 .가공식품 구입 시 고려 기준_1순위  6) 신선도 (제조일자, 소비(유통)기한 포함)",['health_orientation'],9,1,9
A2_1,7,A2 .가공식품 구입 시 고려 기준_1순위  7) 구입의 편리성,['cooking_convenience'],9,1,9
A2_1,8,A2 .가공식품 구입 시 고려 기준_1순위  8) 조리의 편리성,['cooking_convenience'],9,1,9
A2_2,1,A2 .가공식품 구입 시 고려 기준_2순위  1) 가격,['price_sensitivity'],9,0.7,6.3
A2_2,2,A2 .가공식품 구입 시 고려 기준_2순위  2) 맛,,,,
A2_2,3,A2 .가공식품 구입 시 고려 기준_2순위  3) 안전성,['health_orientation'],9,0.7,6.3
A2_2,4,A2 .가공식품 구입 시 고려 기준_2순위  4) 품질,['premium_orientation'],9,0.7,6.3
A2_2,5,A2 .가공식품 구입 시 고려 기준_2순위  5) 영양(건강),['health_orientation'],9,0.7,6.3
A2_2,6,"A2 .가공식품 구입 시 고려 기준_2순위  6) 신선도 (제조일자, 소비(유통)기한 포함)",['health_orientation'],9,0.7,6.3
A2_2,7,A2 .가공식품 구입 시 고려 기준_2순위  7) 구입의 편리성,['cooking_convenience'],9,0.7,6.3
A2_2,8,A2 .가공식품 구입 시 고려 기준_2순위  8) 조리의 편리성,['cooking_convenience'],9,0.7,6.3
A5_1,1,A5-1. 지출액 규모 큰 가공식품 만족도(가격)  1) 매우 불만족 한다,['price_sensitivity'],1,1,1
A5_1,2,A5-1. 지출액 규모 큰 가공식품 만족도(가격)  2) 불만족하는 편이다,['price_sensitivity'],3,1,3
A5_1,3,A5-1. 지출액 규모 큰 가공식품 만족도(가격)  3) 보통이다,['price_sensitivity'],5,1,5
A5_1,4,A5-1. 지출액 규모 큰 가공식품 만족도(가격)  4) 만족하는 편이다,['price_sensitivity'],7,1,7
A5_1,5,A5-1. 지출액 규모 큰 가공식품 만족도(가격)  5) 매우 만족한다,['price_sensitivity'],9,1,9
A5_2,1,A5-2. 지출액 규모 큰 가공식품 만족도(품질)  1) 매우 불만족 한다,"['price_sensitivity', 'premium_orientation']",1,1,1
A5_2,2,A5-2. 지출액 규모 큰 가공식품 만족도(품질)  2) 불만족하는 편이다,"['price_sensitivity', 'premium_orientation']",3,1,3
A5_2,3,A5-2. 지출액 규모 큰 가공식품 만족도(품질)  3) 보통이다,"['price_sensitivity', 'premium_orientation']",5,1,5
A5_2,4,A5-2. 지출액 규모 큰 가공식품 만족도(품질)  4) 만족하는 편이다,"['price_sensitivity', 'premium_orientation']",7,1,7
A5_2,5,A5-2. 지출액 규모 큰 가공식품 만족도(품질)  5) 매우 만족한다,"['price_sensitivity', 'premium_orientation']",9,1,9
A5_3,1,A5-3. 지출액 규모 큰 가공식품 만족도(맛)  1) 매우 불만족 한다,['price_sensitivity'],1,1,1
A5_3,2,A5-3. 지출액 규모 큰 가공식품 만족도(맛)  2) 불만족하는 편이다,['price_sensitivity'],3,1,3
A5_3,3,A5-3. 지출액 규모 큰 가공식품 만족도(맛)  3) 보통이다,['price_sensitivity'],5,1,5
A5_3,4,A5-3. 지출액 규모 큰 가공식품 만족도(맛)  4) 만족하는 편이다,['price_sensitivity'],7,1,7
A5_3,5,A5-3. 지출액 규모 큰 가공식품 만족도(맛)  5) 매우 만족한다,['price_sensitivity'],9,1,9
A5_4,1,A5-4. 지출액 규모 큰 가공식품 만족도(안전성)  1) 매우 불만족 한다,"['price_sensitivity', 'health_orientation']",1,1,1
A5_4,2,A5-4. 지출액 규모 큰 가공식품 만족도(안전성)  2) 불만족하는 편이다,"['price_sensitivity', 'health_orientation']",3,1,3
A5_4,3,A5-4. 지출액 규모 큰 가공식품 만족도(안전성)  3) 보통이다,"['price_sensitivity', 'health_orientation']",5,1,5
A5_4,4,A5-4. 지출액 규모 큰 가공식품 만족도(안전성)  4) 만족하는 편이다,"['price_sensitivity', 'health_orientation']",7,1,7
A5_4,5,A5-4. 지출액 규모 큰 가공식품 만족도(안전성)  5) 매우 만족한다,"['price_sensitivity', 'health_orientation']",9,1,9
A5_5,1,A5-5. 지출액 규모 큰 가공식품 만족도(영양)  1) 매우 불만족 한다,"['price_sensitivity', 'health_orientation']",1,1,1
A5_5,2,A5-5. 지출액 규모 큰 가공식품 만족도(영양)  2) 불만족하는 편이다,"['price_sensitivity', 'health_orientation']",3,1,3
A5_5,3,A5-5. 지출액 규모 큰 가공식품 만족도(영양)  3) 보통이다,"['price_sensitivity', 'health_orientation']",5,1,5
A5_5,4,A5-5. 지출액 규모 큰 가공식품 만족도(영양)  4) 만족하는 편이다,"['price_sensitivity', 'health_orientation']",7,1,7
A5_5,5,A5-5. 지출액 규모 큰 가공식품 만족도(영양)  5) 매우 만족한다,"['price_sensitivity', 'health_orientation']",9,1,9
A5_6,1,A5-6. 지출액 규모 큰 가공식품 만족도(편리성)  1) 매우 불만족 한다,"['price_sensitivity', 'cooking_convenience']",1,1,1
A5_6,2,A5-6. 지출액 규모 큰 가공식품 만족도(편리성)  2) 불만족하는 편이다,"['price_sensitivity', 'cooking_convenience']",3,1,3
A5_6,3,A5-6. 지출액 규모 큰 가공식품 만족도(편리성)  3) 보통이다,"['price_sensitivity', 'cooking_convenience']",5,1,5
A5_6,4,A5-6. 지출액 규모 큰 가공식품 만족도(편리성)  4) 만족하는 편이다,"['price_sensitivity', 'cooking_convenience']",7,1,7
A5_6,5,A5-6. 지출액 규모 큰 가공식품 만족도(편리성)  5) 매우 만족한다,"['price_sensitivity', 'cooking_convenience']",9,1,9
A5_7,1,A5-7. 지출액 규모 큰 가공식품 만족도(다양성)  1) 매우 불만족 한다,"['price_sensitivity', 'variety_seeking']",1,1,1
A5_7,2,A5-7. 지출액 규모 큰 가공식품 만족도(다양성)  2) 불만족하는 편이다,"['price_sensitivity', 'variety_seeking']",3,1,3
A5_7,3,A5-7. 지출액 규모 큰 가공식품 만족도(다양성)  3) 보통이다,"['price_sensitivity', 'variety_seeking']",5,1,5
A5_7,4,A5-7. 지출액 규모 큰 가공식품 만족도(다양성)  4) 만족하는 편이다,"['price_sensitivity', 'variety_seeking']",7,1,7
A5_7,5,A5-7. 지출액 규모 큰 가공식품 만족도(다양성)  5) 매우 만족한다,"['price_sensitivity', 'variety_seeking']",9,1,9
A5_8,1,A5-8. 지출액 규모 큰 가공식품 만족도(전반적 만족도)  1) 매우 불만족 한다,['price_sensitivity'],1,1,1
A5_8,2,A5-8. 지출액 규모 큰 가공식품 만족도(전반적 만족도)  2) 불만족하는 편이다,['price_sensitivity'],3,1,3
A5_8,3,A5-8. 지출액 규모 큰 가공식품 만족도(전반적 만족도)  3) 보통이다,['price_sensitivity'],5,1,5
A5_8,4,A5-8. 지출액 규모 큰 가공식품 만족도(전반적 만족도)  4) 만족하는 편이다,['price_sensitivity'],7,1,7
A5_8,5,A5-8. 지출액 규모 큰 가공식품 만족도(전반적 만족도)  5) 매우 만족한다,['price_sensitivity'],9,1,9
BA2_1,1,"BA2. 가공식품 품목별 구입 시 우선 확인하는 사항(육류가공품, 알가공품)_1순위  1) 가격",['price_sensitivity'],9,1,9
BA2_1,2,"BA2. 가공식품 품목별 구입 시 우선 확인하는 사항(육류가공품, 알가공품)_1순위  2) 용량",,,,
BA2_1,3,"BA2. 가공식품 품목별 구입 시 우선 확인하는 사항(육류가공품, 알가공품)_1순위  3) 브랜드/상표/제조사","['premium_orientation', 'brand_loyalty']",9,1,9
BA2_1,4,"BA2. 가공식품 품목별 구입 시 우선 확인하는 사항(육류가공품, 알가공품)_1순위  4) 제조일자/유통기한",,,,
BA2_1,5,"BA2. 가공식품 품목별 구입 시 우선 확인하는 사항(육류가공품, 알가공품)_1순위  5) 품질인증 표시",['premium_orientation'],9,1,9
BA2_1,6,"BA2. 가공식품 품목별 구입 시 우선 확인하는 사항(육류가공품, 알가공품)_1순위  6) 원산지",,,,
BA2_1,7,"BA2. 가공식품 품목별 구입 시 우선 확인하는 사항(육류가공품, 알가공품)_1순위  7) 영양성분",['health_orientation'],9,1,9
BA2_1,8,"BA2. 가공식품 품목별 구입 시 우선 확인하는 사항(육류가공품, 알가공품)_1순위  8) 식품첨가물",,,,
BA2_1,9,"BA2. 가공식품 품목별 구입 시 우선 확인하는 사항(육류가공품, 알가공품)_1순위  9) 원재료/성분 함량",['health_orientation'],9,1,9
BA2_1,10,"BA2. 가공식품 품목별 구입 시 우선 확인하는 사항(육류가공품, 알가공품)_1순위 10) 포장 디자인",['premium_orientation'],9,1,9
BA2_1,11,"BA2. 가공식품 품목별 구입 시 우선 확인하는 사항(육류가공품, 알가공품)_1순위 11) 포장 재활용 여부",,,,
BA2_1,12,"BA2. 가공식품 품목별 구입 시 우선 확인하는 사항(육류가공품, 알가공품)_1순위 12) 기능성 표시/식품의 효능",['health_orientation'],9,1,9
BA2_1,13,"BA2. 가공식품 품목별 구입 시 우선 확인하는 사항(육류가공품, 알가공품)_1순위 13) 섭취 주의사항(알레르기 유발 등)",['health_orientation'],9,1,9
BA2_1,14,"BA2. 가공식품 품목별 구입 시 우선 확인하는 사항(육류가공품, 알가공품)_1순위 14) 보관방법",,,,
BA2_1,15,"BA2. 가공식품 품목별 구입 시 우선 확인하는 사항(육류가공품, 알가공품)_1순위 15) 알코올 도수",,,,
BA2_1,51,"BA2. 가공식품 품목별 구입 시 우선 확인하는 사항(육류가공품, 알가공품)_1순위 51) 맛",,,,
BA2_1,95,"BA2. 가공식품 품목별 구입 시 우선 확인하는 사항(육류가공품, 알가공품)_1순위 95) 구입하지 않음",,,,
BA2_2,1,"BA2. 가공식품 품목별 구입 시 우선 확인하는 사항(육류가공품, 알가공품)_2순위  1) 가격",['price_sensitivity'],9,0.7,6.3
BA2_2,2,"BA2. 가공식품 품목별 구입 시 우선 확인하는 사항(육류가공품, 알가공품)_2순위  2) 용량",,,,
BA2_2,3,"BA2. 가공식품 품목별 구입 시 우선 확인하는 사항(육류가공품, 알가공품)_2순위  3) 브랜드/상표/제조사","['premium_orientation', 'brand_loyalty']",9,0.7,6.3
BA2_2,4,"BA2. 가공식품 품목별 구입 시 우선 확인하는 사항(육류가공품, 알가공품)_2순위  4) 제조일자/유통기한",,,,
BA2_2,5,"BA2. 가공식품 품목별 구입 시 우선 확인하는 사항(육류가공품, 알가공품)_2순위  5) 품질인증 표시",['premium_orientation'],9,0.7,6.3
BA2_2,6,"BA2. 가공식품 품목별 구입 시 우선 확인하는 사항(육류가공품, 알가공품)_2순위  6) 원산지",,,,
BA2_2,7,"BA2. 가공식품 품목별 구입 시 우선 확인하는 사항(육류가공품, 알가공품)_2순위  7) 영양성분",['health_orientation'],9,0.7,6.3
BA2_2,8,"BA2. 가공식품 품목별 구입 시 우선 확인하는 사항(육류가공품, 알가공품)_2순위  8) 식품첨가물",,,,
BA2_2,9,"BA2. 가공식품 품목별 구입 시 우선 확인하는 사항(육류가공품, 알가공품)_2순위  9) 원재료/성분 함량",['health_orientation'],9,0.7,6.3
BA2_2,10,"BA2. 가공식품 품목별 구입 시 우선 확인하는 사항(육류가공품, 알가공품)_2순위 10) 포장 디자인",['premium_orientation'],9,0.7,6.3
BA2_2,11,"BA2. 가공식품 품목별 구입 시 우선 확인하는 사항(육류가공품, 알가공품)_2순위 11) 포장 재활용 여부",,,,
BA2_2,12,"BA2. 가공식품 품목별 구입 시 우선 확인하는 사항(육류가공품, 알가공품)_2순위 12) 기능성 표시/식품의 효능",['health_orientation'],9,0.7,6.3
BA2_2,13,"BA2. 가공식품 품목별 구입 시 우선 확인하는 사항(육류가공품, 알가공품)_2순위 13) 섭취 주의사항(알레르기 유발 등)",['health_orientation'],9,0.7,6.3
BA2_2,14,"BA2. 가공식품 품목별 구입 시 우선 확인하는 사항(육류가공품, 알가공품)_2순위 14) 보관방법",,,,
BA2_2,15,"BA2. 가공식품 품목별 구입 시 우선 확인하는 사항(육류가공품, 알가공품)_2순위 15) 알코올 도수",,,,
BA2_2,51,"BA2. 가공식품 품목별 구입 시 우선 확인하는 사항(육류가공품, 알가공품)_2순위 51) 맛",,,,
BA2_2,95,"BA2. 가공식품 품목별 구입 시 우선 확인하는 사항(육류가공품, 알가공품)_2순위 95) 구입하지 않음",,,,
BA2_3,1,"BA2. 가공식품 품목별 구입 시 우선 확인하는 사항(육류가공품, 알가공품)_3순위  1) 가격",['price_sensitivity'],9,0.5,4.5
BA2_3,2,"BA2. 가공식품 품목별 구입 시 우선 확인하는 사항(육류가공품, 알가공품)_3순위  2) 용량",,,,
BA2_3,3,"BA2. 가공식품 품목별 구입 시 우선 확인하는 사항(육류가공품, 알가공품)_3순위  3) 브랜드/상표/제조사","['premium_orientation', 'brand_loyalty']",9,0.5,4.5
BA2_3,4,"BA2. 가공식품 품목별 구입 시 우선 확인하는 사항(육류가공품, 알가공품)_3순위  4) 제조일자/유통기한",,,,
BA2_3,5,"BA2. 가공식품 품목별 구입 시 우선 확인하는 사항(육류가공품, 알가공품)_3순위  5) 품질인증 표시",['premium_orientation'],9,0.5,4.5
BA2_3,6,"BA2. 가공식품 품목별 구입 시 우선 확인하는 사항(육류가공품, 알가공품)_3순위  6) 원산지",,,,
BA2_3,7,"BA2. 가공식품 품목별 구입 시 우선 확인하는 사항(육류가공품, 알가공품)_3순위  7) 영양성분",['health_orientation'],9,0.5,4.5
BA2_3,8,"BA2. 가공식품 품목별 구입 시 우선 확인하는 사항(육류가공품, 알가공품)_3순위  8) 식품첨가물",,,,
BA2_3,9,"BA2. 가공식품 품목별 구입 시 우선 확인하는 사항(육류가공품, 알가공품)_3순위  9) 원재료/성분 함량",['health_orientation'],9,0.5,4.5
BA2_3,10,"BA2. 가공식품 품목별 구입 시 우선 확인하는 사항(육류가공품, 알가공품)_3순위 10) 포장 디자인",['premium_orientation'],9,0.5,4.5
BA2_3,11,"BA2. 가공식품 품목별 구입 시 우선 확인하는 사항(육류가공품, 알가공품)_3순위 11) 포장 재활용 여부",,,,
BA2_3,12,"BA2. 가공식품 품목별 구입 시 우선 확인하는 사항(육류가공품, 알가공품)_3순위 12) 기능성 표시/식품의 효능",['health_orientation'],9,0.5,4.5
BA2_3,13,"BA2. 가공식품 품목별 구입 시 우선 확인하는 사항(육류가공품, 알가공품)_3순위 13) 섭취 주의사항(알레르기 유발 등)",['health_orientation'],9,0.5,4.5
BA2_3,14,"BA2. 가공식품 품목별 구입 시 우선 확인하는 사항(육류가공품, 알가공품)_3순위 14) 보관방법",,,,
BA2_3,15,"BA2. 가공식품 품목별 구입 시 우선 확인하는 사항(육류가공품, 알가공품)_3순위 15) 알코올 도수",,,,
BA2_3,51,"BA2. 가공식품 품목별 구입 시 우선 확인하는 사항(육류가공품, 알가공품)_3순위 51) 맛",,,,
BA2_3,95,"BA2. 가공식품 품목별 구입 시 우선 확인하는 사항(육류가공품, 알가공품)_3순위 95) 구입하지 않음",,,,
BB2_1,1,"BB2. 가공식품 품목별 구입 시 우선 확인하는 사항(조미수산가공품, 염건수산가공품)_1순위  1) 가격",['price_sensitivity'],9,1,9
BB2_1,2,"BB2. 가공식품 품목별 구입 시 우선 확인하는 사항(조미수산가공품, 염건수산가공품)_1순위  2) 용량",,,,
BB2_1,3,"BB2. 가공식품 품목별 구입 시 우선 확인하는 사항(조미수산가공품, 염건수산가공품)_1순위  3) 브랜드/상표/제조사","['premium_orientation', 'brand_loyalty']",9,1,9
BB2_1,4,"BB2. 가공식품 품목별 구입 시 우선 확인하는 사항(조미수산가공품, 염건수산가공품)_1순위  4) 제조일자/유통기한",,,,
BB2_1,5,"BB2. 가공식품 품목별 구입 시 우선 확인하는 사항(조미수산가공품, 염건수산가공품)_1순위  5) 품질인증 표시",['premium_orientation'],9,1,9
BB2_1,6,"BB2. 가공식품 품목별 구입 시 우선 확인하는 사항(조미수산가공품, 염건수산가공품)_1순위  6) 원산지",,,,
BB2_1,7,"BB2. 가공식품 품목별 구입 시 우선 확인하는 사항(조미수산가공품, 염건수산가공품)_1순위  7) 영양성분",['health_orientation'],9,1,9
BB2_1,8,"BB2. 가공식품 품목별 구입 시 우선 확인하는 사항(조미수산가공품, 염건수산가공품)_1순위  8) 식품첨가물",,,,
BB2_1,9,"BB2. 가공식품 품목별 구입 시 우선 확인하는 사항(조미수산가공품, 염건수산가공품)_1순위  9) 원재료/성분 함량",['health_orientation'],9,1,9
BB2_1,10,"BB2. 가공식품 품목별 구입 시 우선 확인하는 사항(조미수산가공품, 염건수산가공품)_1순위 10) 포장 디자인",['premium_orientation'],9,1,9
BB2_1,11,"BB2. 가공식품 품목별 구입 시 우선 확인하는 사항(조미수산가공품, 염건수산가공품)_1순위 11) 포장 재활용 여부",,,,
BB2_1,12,"BB2. 가공식품 품목별 구입 시 우선 확인하는 사항(조미수산가공품, 염건수산가공품)_1순위 12) 기능성 표시/식품의 효능",['health_orientation'],9,1,9
BB2_1,13,"BB2. 가공식품 품목별 구입 시 우선 확인하는 사항(조미수산가공품, 염건수산가공품)_1순위 13) 섭취 주의사항(알레르기 유발 등)",['health_orientation'],9,1,9
BB2_1,14,"BB2. 가공식품 품목별 구입 시 우선 확인하는 사항(조미수산가공품, 염건수산가공품)_1순위 14) 보관방법",,,,
BB2_1,15,"BB2. 가공식품 품목별 구입 시 우선 확인하는 사항(조미수산가공품, 염건수산가공품)_1순위 15) 알코올 도수",,,,
BB2_1,51,"BB2. 가공식품 품목별 구입 시 우선 확인하는 사항(조미수산가공품, 염건수산가공품)_1순위 51) 맛",,,,
BB2_1,95,"BB2. 가공식품 품목별 구입 시 우선 확인하는 사항(조미수산가공품, 염건수산가공품)_1순위 95) 구입하지 않음",,,,
BB2_2,1,"BB2. 가공식품 품목별 구입 시 우선 확인하는 사항(조미수산가공품, 염건수산가공품)_2순위  1) 가격",['price_sensitivity'],9,0.7,6.3
BB2_2,2,"BB2. 가공식품 품목별 구입 시 우선 확인하는 사항(조미수산가공품, 염건수산가공품)_2순위  2) 용량",,,,
BB2_2,3,"BB2. 가공식품 품목별 구입 시 우선 확인하는 사항(조미수산가공품, 염건수산가공품)_2순위  3) 브랜드/상표/제조사","['premium_orientation', 'brand_loyalty']",9,0.7,6.3
BB2_2,4,"BB2. 가공식품 품목별 구입 시 우선 확인하는 사항(조미수산가공품, 염건수산가공품)_2순위  4) 제조일자/유통기한",,,,
BB2_2,5,"BB2. 가공식품 품목별 구입 시 우선 확인하는 사항(조미수산가공품, 염건수산가공품)_2순위  5) 품질인증 표시",['premium_orientation'],9,0.7,6.3
BB2_2,6,"BB2. 가공식품 품목별 구입 시 우선 확인하는 사항(조미수산가공품, 염건수산가공품)_2순위  6) 원산지",,,,
BB2_2,7,"BB2. 가공식품 품목별 구입 시 우선 확인하는 사항(조미수산가공품, 염건수산가공품)_2순위  7) 영양성분",['health_orientation'],9,0.7,6.3
BB2_2,8,"BB2. 가공식품 품목별 구입 시 우선 확인하는 사항(조미수산가공품, 염건수산가공품)_2순위  8) 식품첨가물",,,,
BB2_2,9,"BB2. 가공식품 품목별 구입 시 우선 확인하는 사항(조미수산가공품, 염건수산가공품)_2순위  9) 원재료/성분 함량",['health_orientation'],9,0.7,6.3
BB2_2,10,"BB2. 가공식품 품목별 구입 시 우선 확인하는 사항(조미수산가공품, 염건수산가공품)_2순위 10) 포장 디자인",['premium_orientation'],9,0.7,6.3
BB2_2,11,"BB2. 가공식품 품목별 구입 시 우선 확인하는 사항(조미수산가공품, 염건수산가공품)_2순위 11) 포장 재활용 여부",,,,
BB2_2,12,"BB2. 가공식품 품목별 구입 시 우선 확인하는 사항(조미수산가공품, 염건수산가공품)_2순위 12) 기능성 표시/식품의 효능",['health_orientation'],9,0.7,6.3
BB2_2,13,"BB2. 가공식품 품목별 구입 시 우선 확인하는 사항(조미수산가공품, 염건수산가공품)_2순위 13) 섭취 주의사항(알레르기 유발 등)",['health_orientation'],9,0.7,6.3
BB2_2,14,"BB2. 가공식품 품목별 구입 시 우선 확인하는 사항(조미수산가공품, 염건수산가공품)_2순위 14) 보관방법",,,,
BB2_2,15,"BB2. 가공식품 품목별 구입 시 우선 확인하는 사항(조미수산가공품, 염건수산가공품)_2순위 15) 알코올 도수",,,,
BB2_2,51,"BB2. 가공식품 품목별 구입 시 우선 확인하는 사항(조미수산가공품, 염건수산가공품)_2순위 51) 맛",,,,
BB2_2,95,"BB2. 가공식품 품목별 구입 시 우선 확인하는 사항(조미수산가공품, 염건수산가공품)_2순위 95) 구입하지 않음",,,,
BB2_3,1,"BB2. 가공식품 품목별 구입 시 우선 확인하는 사항(조미수산가공품, 염건수산가공품)_3순위  1) 가격",['price_sensitivity'],9,0.5,4.5
BB2_3,2,"BB2. 가공식품 품목별 구입 시 우선 확인하는 사항(조미수산가공품, 염건수산가공품)_3순위  2) 용량",,,,
BB2_3,3,"BB2. 가공식품 품목별 구입 시 우선 확인하는 사항(조미수산가공품, 염건수산가공품)_3순위  3) 브랜드/상표/제조사","['premium_orientation', 'brand_loyalty']",9,0.5,4.5
BB2_3,4,"BB2. 가공식품 품목별 구입 시 우선 확인하는 사항(조미수산가공품, 염건수산가공품)_3순위  4) 제조일자/유통기한",,,,
BB2_3,5,"BB2. 가공식품 품목별 구입 시 우선 확인하는 사항(조미수산가공품, 염건수산가공품)_3순위  5) 품질인증 표시",['premium_orientation'],9,0.5,4.5
BB2_3,6,"BB2. 가공식품 품목별 구입 시 우선 확인하는 사항(조미수산가공품, 염건수산가공품)_3순위  6) 원산지",,,,
BB2_3,7,"BB2. 가공식품 품목별 구입 시 우선 확인하는 사항(조미수산가공품, 염건수산가공품)_3순위  7) 영양성분",['health_orientation'],9,0.5,4.5
BB2_3,8,"BB2. 가공식품 품목별 구입 시 우선 확인하는 사항(조미수산가공품, 염건수산가공품)_3순위  8) 식품첨가물",,,,
BB2_3,9,"BB2. 가공식품 품목별 구입 시 우선 확인하는 사항(조미수산가공품, 염건수산가공품)_3순위  9) 원재료/성분 함량",['health_orientation'],9,0.5,4.5
BB2_3,10,"BB2. 가공식품 품목별 구입 시 우선 확인하는 사항(조미수산가공품, 염건수산가공품)_3순위 10) 포장 디자인",['premium_orientation'],9,0.5,4.5
BB2_3,11,"BB2. 가공식품 품목별 구입 시 우선 확인하는 사항(조미수산가공품, 염건수산가공품)_3순위 11) 포장 재활용 여부",,,,
BB2_3,12,"BB2. 가공식품 품목별 구입 시 우선 확인하는 사항(조미수산가공품, 염건수산가공품)_3순위 12) 기능성 표시/식품의 효능",['health_orientation'],9,0.5,4.5
BB2_3,13,"BB2. 가공식품 품목별 구입 시 우선 확인하는 사항(조미수산가공품, 염건수산가공품)_3순위 13) 섭취 주의사항(알레르기 유발 등)",['health_orientation'],9,0.5,4.5
BB2_3,14,"BB2. 가공식품 품목별 구입 시 우선 확인하는 사항(조미수산가공품, 염건수산가공품)_3순위 14) 보관방법",,,,
BB2_3,15,"BB2. 가공식품 품목별 구입 시 우선 확인하는 사항(조미수산가공품, 염건수산가공품)_3순위 15) 알코올 도수",,,,
BB2_3,51,"BB2. 가공식품 품목별 구입 시 우선 확인하는 사항(조미수산가공품, 염건수산가공품)_3순위 51) 맛",,,,
BB2_3,95,"BB2. 가공식품 품목별 구입 시 우선 확인하는 사항(조미수산가공품, 염건수산가공품)_3순위 95) 구입하지 않음",,,,
BC2_1,1,BC2. 가공식품 품목별 구입 시 우선 확인하는 사항(김치 및 절임류)_1순위  1) 가격,['price_sensitivity'],9,1,9
BC2_1,2,BC2. 가공식품 품목별 구입 시 우선 확인하는 사항(김치 및 절임류)_1순위  2) 용량,,,,
BC2_1,3,BC2. 가공식품 품목별 구입 시 우선 확인하는 사항(김치 및 절임류)_1순위  3) 브랜드/상표/제조사,"['premium_orientation', 'brand_loyalty']",9,1,9
BC2_1,4,BC2. 가공식품 품목별 구입 시 우선 확인하는 사항(김치 및 절임류)_1순위  4) 제조일자/유통기한,,,,
BC2_1,5,BC2. 가공식품 품목별 구입 시 우선 확인하는 사항(김치 및 절임류)_1순위  5) 품질인증 표시,['premium_orientation'],9,1,9
BC2_1,6,BC2. 가공식품 품목별 구입 시 우선 확인하는 사항(김치 및 절임류)_1순위  6) 원산지,,,,
BC2_1,7,BC2. 가공식품 품목별 구입 시 우선 확인하는 사항(김치 및 절임류)_1순위  7) 영양성분,['health_orientation'],9,1,9
BC2_1,8,BC2. 가공식품 품목별 구입 시 우선 확인하는 사항(김치 및 절임류)_1순위  8) 식품첨가물,,,,
BC2_1,9,BC2. 가공식품 품목별 구입 시 우선 확인하는 사항(김치 및 절임류)_1순위  9) 원재료/성분 함량,['health_orientation'],9,1,9
BC2_1,10,BC2. 가공식품 품목별 구입 시 우선 확인하는 사항(김치 및 절임류)_1순위 10) 포장 디자인,['premium_orientation'],9,1,9
BC2_1,11,BC2. 가공식품 품목별 구입 시 우선 확인하는 사항(김치 및 절임류)_1순위 11) 포장 재활용 여부,,,,
BC2_1,12,BC2. 가공식품 품목별 구입 시 우선 확인하는 사항(김치 및 절임류)_1순위 12) 기능성 표시/식품의 효능,['health_orientation'],9,1,9
BC2_1,13,BC2. 가공식품 품목별 구입 시 우선 확인하는 사항(김치 및 절임류)_1순위 13) 섭취 주의사항(알레르기 유발 등),['health_orientation'],9,1,9
BC2_1,14,BC2. 가공식품 품목별 구입 시 우선 확인하는 사항(김치 및 절임류)_1순위 14) 보관방법,,,,
BC2_1,15,BC2. 가공식품 품목별 구입 시 우선 확인하는 사항(김치 및 절임류)_1순위 15) 알코올 도수,,,,
BC2_1,51,BC2. 가공식품 품목별 구입 시 우선 확인하는 사항(김치 및 절임류)_1순위 51) 맛,,,,
BC2_1,95,BC2. 가공식품 품목별 구입 시 우선 확인하는 사항(김치 및 절임류)_1순위 95) 구입하지 않음,,,,
BC2_2,1,BC2. 가공식품 품목별 구입 시 우선 확인하는 사항(김치 및 절임류)_2순위  1) 가격,['price_sensitivity'],9,0.7,6.3
BC2_2,2,BC2. 가공식품 품목별 구입 시 우선 확인하는 사항(김치 및 절임류)_2순위  2) 용량,,,,
BC2_2,3,BC2. 가공식품 품목별 구입 시 우선 확인하는 사항(김치 및 절임류)_2순위  3) 브랜드/상표/제조사,"['premium_orientation', 'brand_loyalty']",9,0.7,6.3
BC2_2,4,BC2. 가공식품 품목별 구입 시 우선 확인하는 사항(김치 및 절임류)_2순위  4) 제조일자/유통기한,,,,
BC2_2,5,BC2. 가공식품 품목별 구입 시 우선 확인하는 사항(김치 및 절임류)_2순위  5) 품질인증 표시,['premium_orientation'],9,0.7,6.3
BC2_2,6,BC2. 가공식품 품목별 구입 시 우선 확인하는 사항(김치 및 절임류)_2순위  6) 원산지,,,,
BC2_2,7,BC2. 가공식품 품목별 구입 시 우선 확인하는 사항(김치 및 절임류)_2순위  7) 영양성분,['health_orientation'],9,0.7,6.3
BC2_2,8,BC2. 가공식품 품목별 구입 시 우선 확인하는 사항(김치 및 절임류)_2순위  8) 식품첨가물,,,,
BC2_2,9,BC2. 가공식품 품목별 구입 시 우선 확인하는 사항(김치 및 절임류)_2순위  9) 원재료/성분 함량,['health_orientation'],9,0.7,6.3
BC2_2,10,BC2. 가공식품 품목별 구입 시 우선 확인하는 사항(김치 및 절임류)_2순위 10) 포장 디자인,['premium_orientation'],9,0.7,6.3
BC2_2,11,BC2. 가공식품 품목별 구입 시 우선 확인하는 사항(김치 및 절임류)_2순위 11) 포장 재활용 여부,,,,
BC2_2,12,BC2. 가공식품 품목별 구입 시 우선 확인하는 사항(김치 및 절임류)_2순위 12) 기능성 표시/식품의 효능,['health_orientation'],9,0.7,6.3
BC2_2,13,BC2. 가공식품 품목별 구입 시 우선 확인하는 사항(김치 및 절임류)_2순위 13) 섭취 주의사항(알레르기 유발 등),['health_orientation'],9,0.7,6.3
BC2_2,14,BC2. 가공식품 품목별 구입 시 우선 확인하는 사항(김치 및 절임류)_2순위 14) 보관방법,,,,
BC2_2,15,BC2. 가공식품 품목별 구입 시 우선 확인하는 사항(김치 및 절임류)_2순위 15) 알코올 도수,,,,
BC2_2,51,BC2. 가공식품 품목별 구입 시 우선 확인하는 사항(김치 및 절임류)_2순위 51) 맛,,,,
BC2_2,95,BC2. 가공식품 품목별 구입 시 우선 확인하는 사항(김치 및 절임류)_2순위 95) 구입하지 않음,,,,
BC2_3,1,BC2. 가공식품 품목별 구입 시 우선 확인하는 사항(김치 및 절임류)_3순위  1) 가격,['price_sensitivity'],9,0.5,4.5
BC2_3,2,BC2. 가공식품 품목별 구입 시 우선 확인하는 사항(김치 및 절임류)_3순위  2) 용량,,,,
BC2_3,3,BC2. 가공식품 품목별 구입 시 우선 확인하는 사항(김치 및 절임류)_3순위  3) 브랜드/상표/제조사,"['premium_orientation', 'brand_loyalty']",9,0.5,4.5
BC2_3,4,BC2. 가공식품 품목별 구입 시 우선 확인하는 사항(김치 및 절임류)_3순위  4) 제조일자/유통기한,,,,
BC2_3,5,BC2. 가공식품 품목별 구입 시 우선 확인하는 사항(김치 및 절임류)_3순위  5) 품질인증 표시,['premium_orientation'],9,0.5,4.5
BC2_3,6,BC2. 가공식품 품목별 구입 시 우선 확인하는 사항(김치 및 절임류)_3순위  6) 원산지,,,,
BC2_3,7,BC2. 가공식품 품목별 구입 시 우선 확인하는 사항(김치 및 절임류)_3순위  7) 영양성분,['health_orientation'],9,0.5,4.5
BC2_3,8,BC2. 가공식품 품목별 구입 시 우선 확인하는 사항(김치 및 절임류)_3순위  8) 식품첨가물,,,,
BC2_3,9,BC2. 가공식품 품목별 구입 시 우선 확인하는 사항(김치 및 절임류)_3순위  9) 원재료/성분 함량,['health_orientation'],9,0.5,4.5
BC2_3,10,BC2. 가공식품 품목별 구입 시 우선 확인하는 사항(김치 및 절임류)_3순위 10) 포장 디자인,['premium_orientation'],9,0.5,4.5
BC2_3,11,BC2. 가공식품 품목별 구입 시 우선 확인하는 사항(김치 및 절임류)_3순위 11) 포장 재활용 여부,,,,
BC2_3,12,BC2. 가공식품 품목별 구입 시 우선 확인하는 사항(김치 및 절임류)_3순위 12) 기능성 표시/식품의 효능,['health_orientation'],9,0.5,4.5
BC2_3,13,BC2. 가공식품 품목별 구입 시 우선 확인하는 사항(김치 및 절임류)_3순위 13) 섭취 주의사항(알레르기 유발 등),['health_orientation'],9,0.5,4.5
BC2_3,14,BC2. 가공식품 품목별 구입 시 우선 확인하는 사항(김치 및 절임류)_3순위 14) 보관방법,,,,
BC2_3,15,BC2. 가공식품 품목별 구입 시 우선 확인하는 사항(김치 및 절임류)_3순위 15) 알코올 도수,,,,
BC2_3,51,BC2. 가공식품 품목별 구입 시 우선 확인하는 사항(김치 및 절임류)_3순위 51) 맛,,,,
BC2_3,95,BC2. 가공식품 품목별 구입 시 우선 확인하는 사항(김치 및 절임류)_3순위 95) 구입하지 않음,,,,
BC3_1,1,BC3. 가공식품 품목별 구입 시 우선 확인하는 사항(과일채소가공품)_1순위  1) 가격,['price_sensitivity'],9,1,9
BC3_1,2,BC3. 가공식품 품목별 구입 시 우선 확인하는 사항(과일채소가공품)_1순위  2) 용량,,,,
BC3_1,3,BC3. 가공식품 품목별 구입 시 우선 확인하는 사항(과일채소가공품)_1순위  3) 브랜드/상표/제조사,"['premium_orientation', 'brand_loyalty']",9,1,9
BC3_1,4,BC3. 가공식품 품목별 구입 시 우선 확인하는 사항(과일채소가공품)_1순위  4) 제조일자/유통기한,,,,
BC3_1,5,BC3. 가공식품 품목별 구입 시 우선 확인하는 사항(과일채소가공품)_1순위  5) 품질인증 표시,['premium_orientation'],9,1,9
BC3_1,6,BC3. 가공식품 품목별 구입 시 우선 확인하는 사항(과일채소가공품)_1순위  6) 원산지,,,,
BC3_1,7,BC3. 가공식품 품목별 구입 시 우선 확인하는 사항(과일채소가공품)_1순위  7) 영양성분,['health_orientation'],9,1,9
BC3_1,8,BC3. 가공식품 품목별 구입 시 우선 확인하는 사항(과일채소가공품)_1순위  8) 식품첨가물,,,,
BC3_1,9,BC3. 가공식품 품목별 구입 시 우선 확인하는 사항(과일채소가공품)_1순위  9) 원재료/성분 함량,['health_orientation'],9,1,9
BC3_1,10,BC3. 가공식품 품목별 구입 시 우선 확인하는 사항(과일채소가공품)_1순위 10) 포장 디자인,['premium_orientation'],9,1,9
BC3_1,11,BC3. 가공식품 품목별 구입 시 우선 확인하는 사항(과일채소가공품)_1순위 11) 포장 재활용 여부,,,,
BC3_1,12,BC3. 가공식품 품목별 구입 시 우선 확인하는 사항(과일채소가공품)_1순위 12) 기능성 표시/식품의 효능,['health_orientation'],9,1,9
BC3_1,13,BC3. 가공식품 품목별 구입 시 우선 확인하는 사항(과일채소가공품)_1순위 13) 섭취 주의사항(알레르기 유발 등),['health_orientation'],9,1,9
BC3_1,14,BC3. 가공식품 품목별 구입 시 우선 확인하는 사항(과일채소가공품)_1순위 14) 보관방법,,,,
BC3_1,15,BC3. 가공식품 품목별 구입 시 우선 확인하는 사항(과일채소가공품)_1순위 15) 알코올 도수,,,,
BC3_1,51,BC3. 가공식품 품목별 구입 시 우선 확인하는 사항(과일채소가공품)_1순위 51) 맛,,,,
BC3_1,95,BC3. 가공식품 품목별 구입 시 우선 확인하는 사항(과일채소가공품)_1순위 95) 구입하지 않음,,,,
BC3_2,1,BC3. 가공식품 품목별 구입 시 우선 확인하는 사항(과일채소가공품)_2순위  1) 가격,['price_sensitivity'],9,0.7,6.3
BC3_2,2,BC3. 가공식품 품목별 구입 시 우선 확인하는 사항(과일채소가공품)_2순위  2) 용량,,,,
BC3_2,3,BC3. 가공식품 품목별 구입 시 우선 확인하는 사항(과일채소가공품)_2순위  3) 브랜드/상표/제조사,"['premium_orientation', 'brand_loyalty']",9,0.7,6.3
BC3_2,4,BC3. 가공식품 품목별 구입 시 우선 확인하는 사항(과일채소가공품)_2순위  4) 제조일자/유통기한,,,,
BC3_2,5,BC3. 가공식품 품목별 구입 시 우선 확인하는 사항(과일채소가공품)_2순위  5) 품질인증 표시,['premium_orientation'],9,0.7,6.3
BC3_2,6,BC3. 가공식품 품목별 구입 시 우선 확인하는 사항(과일채소가공품)_2순위  6) 원산지,,,,
BC3_2,7,BC3. 가공식품 품목별 구입 시 우선 확인하는 사항(과일채소가공품)_2순위  7) 영양성분,['health_orientation'],9,0.7,6.3
BC3_2,8,BC3. 가공식품 품목별 구입 시 우선 확인하는 사항(과일채소가공품)_2순위  8) 식품첨가물,,,,
BC3_2,9,BC3. 가공식품 품목별 구입 시 우선 확인하는 사항(과일채소가공품)_2순위  9) 원재료/성분 함량,['health_orientation'],9,0.7,6.3
BC3_2,10,BC3. 가공식품 품목별 구입 시 우선 확인하는 사항(과일채소가공품)_2순위 10) 포장 디자인,['premium_orientation'],9,0.7,6.3
BC3_2,11,BC3. 가공식품 품목별 구입 시 우선 확인하는 사항(과일채소가공품)_2순위 11) 포장 재활용 여부,,,,
BC3_2,12,BC3. 가공식품 품목별 구입 시 우선 확인하는 사항(과일채소가공품)_2순위 12) 기능성 표시/식품의 효능,['health_orientation'],9,0.7,6.3
BC3_2,13,BC3. 가공식품 품목별 구입 시 우선 확인하는 사항(과일채소가공품)_2순위 13) 섭취 주의사항(알레르기 유발 등),['health_orientation'],9,0.7,6.3
BC3_2,14,BC3. 가공식품 품목별 구입 시 우선 확인하는 사항(과일채소가공품)_2순위 14) 보관방법,,,,
BC3_2,15,BC3. 가공식품 품목별 구입 시 우선 확인하는 사항(과일채소가공품)_2순위 15) 알코올 도수,,,,
BC3_2,51,BC3. 가공식품 품목별 구입 시 우선 확인하는 사항(과일채소가공품)_2순위 51) 맛,,,,
BC3_2,95,BC3. 가공식품 품목별 구입 시 우선 확인하는 사항(과일채소가공품)_2순위 95) 구입하지 않음,,,,
BC3_3,1,BC3. 가공식품 품목별 구입 시 우선 확인하는 사항(과일채소가공품)_3순위  1) 가격,['price_sensitivity'],9,0.5,4.5
BC3_3,2,BC3. 가공식품 품목별 구입 시 우선 확인하는 사항(과일채소가공품)_3순위  2) 용량,,,,
BC3_3,3,BC3. 가공식품 품목별 구입 시 우선 확인하는 사항(과일채소가공품)_3순위  3) 브랜드/상표/제조사,"['premium_orientation', 'brand_loyalty']",9,0.5,4.5
BC3_3,4,BC3. 가공식품 품목별 구입 시 우선 확인하는 사항(과일채소가공품)_3순위  4) 제조일자/유통기한,,,,
BC3_3,5,BC3. 가공식품 품목별 구입 시 우선 확인하는 사항(과일채소가공품)_3순위  5) 품질인증 표시,['premium_orientation'],9,0.5,4.5
BC3_3,6,BC3. 가공식품 품목별 구입 시 우선 확인하는 사항(과일채소가공품)_3순위  6) 원산지,,,,
BC3_3,7,BC3. 가공식품 품목별 구입 시 우선 확인하는 사항(과일채소가공품)_3순위  7) 영양성분,['health_orientation'],9,0.5,4.5
BC3_3,8,BC3. 가공식품 품목별 구입 시 우선 확인하는 사항(과일채소가공품)_3순위  8) 식품첨가물,,,,
BC3_3,9,BC3. 가공식품 품목별 구입 시 우선 확인하는 사항(과일채소가공품)_3순위  9) 원재료/성분 함량,['health_orientation'],9,0.5,4.5
BC3_3,10,BC3. 가공식품 품목별 구입 시 우선 확인하는 사항(과일채소가공품)_3순위 10) 포장 디자인,['premium_orientation'],9,0.5,4.5
BC3_3,11,BC3. 가공식품 품목별 구입 시 우선 확인하는 사항(과일채소가공품)_3순위 11) 포장 재활용 여부,,,,
BC3_3,12,BC3. 가공식품 품목별 구입 시 우선 확인하는 사항(과일채소가공품)_3순위 12) 기능성 표시/식품의 효능,['health_orientation'],9,0.5,4.5
BC3_3,13,BC3. 가공식품 품목별 구입 시 우선 확인하는 사항(과일채소가공품)_3순위 13) 섭취 주의사항(알레르기 유발 등),['health_orientation'],9,0.5,4.5
BC3_3,14,BC3. 가공식품 품목별 구입 시 우선 확인하는 사항(과일채소가공품)_3순위 14) 보관방법,,,,
BC3_3,15,BC3. 가공식품 품목별 구입 시 우선 확인하는 사항(과일채소가공품)_3순위 15) 알코올 도수,,,,
BC3_3,51,BC3. 가공식품 품목별 구입 시 우선 확인하는 사항(과일채소가공품)_3순위 51) 맛,,,,
BC3_3,95,BC3. 가공식품 품목별 구입 시 우선 확인하는 사항(과일채소가공품)_3순위 95) 구입하지 않음,,,,
BD2_1,1,BD2. 가공식품 품목별 구입 시 우선 확인하는 사항(장류)_1순위  1) 가격,['price_sensitivity'],9,1,9
BD2_1,2,BD2. 가공식품 품목별 구입 시 우선 확인하는 사항(장류)_1순위  2) 용량,,,,
BD2_1,3,BD2. 가공식품 품목별 구입 시 우선 확인하는 사항(장류)_1순위  3) 브랜드/상표/제조사,"['premium_orientation', 'brand_loyalty']",9,1,9
BD2_1,4,BD2. 가공식품 품목별 구입 시 우선 확인하는 사항(장류)_1순위  4) 제조일자/유통기한,,,,
BD2_1,5,BD2. 가공식품 품목별 구입 시 우선 확인하는 사항(장류)_1순위  5) 품질인증 표시,['premium_orientation'],9,1,9
BD2_1,6,BD2. 가공식품 품목별 구입 시 우선 확인하는 사항(장류)_1순위  6) 원산지,,,,
BD2_1,7,BD2. 가공식품 품목별 구입 시 우선 확인하는 사항(장류)_1순위  7) 영양성분,['health_orientation'],9,1,9
BD2_1,8,BD2. 가공식품 품목별 구입 시 우선 확인하는 사항(장류)_1순위  8) 식품첨가물,,,,
BD2_1,9,BD2. 가공식품 품목별 구입 시 우선 확인하는 사항(장류)_1순위  9) 원재료/성분 함량,['health_orientation'],9,1,9
BD2_1,10,BD2. 가공식품 품목별 구입 시 우선 확인하는 사항(장류)_1순위 10) 포장 디자인,['premium_orientation'],9,1,9
BD2_1,11,BD2. 가공식품 품목별 구입 시 우선 확인하는 사항(장류)_1순위 11) 포장 재활용 여부,,,,
BD2_1,12,BD2. 가공식품 품목별 구입 시 우선 확인하는 사항(장류)_1순위 12) 기능성 표시/식품의 효능,['health_orientation'],9,1,9
BD2_1,13,BD2. 가공식품 품목별 구입 시 우선 확인하는 사항(장류)_1순위 13) 섭취 주의사항(알레르기 유발 등),['health_orientation'],9,1,9
BD2_1,14,BD2. 가공식품 품목별 구입 시 우선 확인하는 사항(장류)_1순위 14) 보관방법,,,,
BD2_1,15,BD2. 가공식품 품목별 구입 시 우선 확인하는 사항(장류)_1순위 15) 알코올 도수,,,,
BD2_1,51,BD2. 가공식품 품목별 구입 시 우선 확인하는 사항(장류)_1순위 51) 맛,,,,
BD2_1,95,BD2. 가공식품 품목별 구입 시 우선 확인하는 사항(장류)_1순위 95) 구입하지 않음,,,,
BD2_2,1,BD2. 가공식품 품목별 구입 시 우선 확인하는 사항(장류)_2순위  1) 가격,['price_sensitivity'],9,0.7,6.3
BD2_2,2,BD2. 가공식품 품목별 구입 시 우선 확인하는 사항(장류)_2순위  2) 용량,,,,
BD2_2,3,BD2. 가공식품 품목별 구입 시 우선 확인하는 사항(장류)_2순위  3) 브랜드/상표/제조사,"['premium_orientation', 'brand_loyalty']",9,0.7,6.3
BD2_2,4,BD2. 가공식품 품목별 구입 시 우선 확인하는 사항(장류)_2순위  4) 제조일자/유통기한,,,,
BD2_2,5,BD2. 가공식품 품목별 구입 시 우선 확인하는 사항(장류)_2순위  5) 품질인증 표시,['premium_orientation'],9,0.7,6.3
BD2_2,6,BD2. 가공식품 품목별 구입 시 우선 확인하는 사항(장류)_2순위  6) 원산지,,,,
BD2_2,7,BD2. 가공식품 품목별 구입 시 우선 확인하는 사항(장류)_2순위  7) 영양성분,['health_orientation'],9,0.7,6.3
BD2_2,8,BD2. 가공식품 품목별 구입 시 우선 확인하는 사항(장류)_2순위  8) 식품첨가물,,,,
BD2_2,9,BD2. 가공식품 품목별 구입 시 우선 확인하는 사항(장류)_2순위  9) 원재료/성분 함량,['health_orientation'],9,0.7,6.3
BD2_2,10,BD2. 가공식품 품목별 구입 시 우선 확인하는 사항(장류)_2순위 10) 포장 디자인,['premium_orientation'],9,0.7,6.3
BD2_2,11,BD2. 가공식품 품목별 구입 시 우선 확인하는 사항(장류)_2순위 11) 포장 재활용 여부,,,,
BD2_2,12,BD2. 가공식품 품목별 구입 시 우선 확인하는 사항(장류)_2순위 12) 기능성 표시/식품의 효능,['health_orientation'],9,0.7,6.3
BD2_2,13,BD2. 가공식품 품목별 구입 시 우선 확인하는 사항(장류)_2순위 13) 섭취 주의사항(알레르기 유발 등),['health_orientation'],9,0.7,6.3
BD2_2,14,BD2. 가공식품 품목별 구입 시 우선 확인하는 사항(장류)_2순위 14) 보관방법,,,,
BD2_2,15,BD2. 가공식품 품목별 구입 시 우선 확인하는 사항(장류)_2순위 15) 알코올 도수,,,,
BD2_2,51,BD2. 가공식품 품목별 구입 시 우선 확인하는 사항(장류)_2순위 51) 맛,,,,
BD2_2,95,BD2. 가공식품 품목별 구입 시 우선 확인하는 사항(장류)_2순위 95) 구입하지 않음,,,,
BD2_3,1,BD2. 가공식품 품목별 구입 시 우선 확인하는 사항(장류)_3순위  1) 가격,['price_sensitivity'],9,0.5,4.5
BD2_3,2,BD2. 가공식품 품목별 구입 시 우선 확인하는 사항(장류)_3순위  2) 용량,,,,
BD2_3,3,BD2. 가공식품 품목별 구입 시 우선 확인하는 사항(장류)_3순위  3) 브랜드/상표/제조사,"['premium_orientation', 'brand_loyalty']",9,0.5,4.5
BD2_3,4,BD2. 가공식품 품목별 구입 시 우선 확인하는 사항(장류)_3순위  4) 제조일자/유통기한,,,,
BD2_3,5,BD2. 가공식품 품목별 구입 시 우선 확인하는 사항(장류)_3순위  5) 품질인증 표시,['premium_orientation'],9,0.5,4.5
BD2_3,6,BD2. 가공식품 품목별 구입 시 우선 확인하는 사항(장류)_3순위  6) 원산지,,,,
BD2_3,7,BD2. 가공식품 품목별 구입 시 우선 확인하는 사항(장류)_3순위  7) 영양성분,['health_orientation'],9,0.5,4.5
BD2_3,8,BD2. 가공식품 품목별 구입 시 우선 확인하는 사항(장류)_3순위  8) 식품첨가물,,,,
BD2_3,9,BD2. 가공식품 품목별 구입 시 우선 확인하는 사항(장류)_3순위  9) 원재료/성분 함량,['health_orientation'],9,0.5,4.5
BD2_3,10,BD2. 가공식품 품목별 구입 시 우선 확인하는 사항(장류)_3순위 10) 포장 디자인,['premium_orientation'],9,0.5,4.5
BD2_3,11,BD2. 가공식품 품목별 구입 시 우선 확인하는 사항(장류)_3순위 11) 포장 재활용 여부,,,,
BD2_3,12,BD2. 가공식품 품목별 구입 시 우선 확인하는 사항(장류)_3순위 12) 기능성 표시/식품의 효능,['health_orientation'],9,0.5,4.5
BD2_3,13,BD2. 가공식품 품목별 구입 시 우선 확인하는 사항(장류)_3순위 13) 섭취 주의사항(알레르기 유발 등),['health_orientation'],9,0.5,4.5
BD2_3,14,BD2. 가공식품 품목별 구입 시 우선 확인하는 사항(장류)_3순위 14) 보관방법,,,,
BD2_3,15,BD2. 가공식품 품목별 구입 시 우선 확인하는 사항(장류)_3순위 15) 알코올 도수,,,,
BD2_3,51,BD2. 가공식품 품목별 구입 시 우선 확인하는 사항(장류)_3순위 51) 맛,,,,
BD2_3,95,BD2. 가공식품 품목별 구입 시 우선 확인하는 사항(장류)_3순위 95) 구입하지 않음,,,,
BD3_1,1,BD3. 가공식품 품목별 구입 시 우선 확인하는 사항(조미식품)_1순위  1) 가격,['price_sensitivity'],9,1,9
BD3_1,2,BD3. 가공식품 품목별 구입 시 우선 확인하는 사항(조미식품)_1순위  2) 용량,,,,
BD3_1,3,BD3. 가공식품 품목별 구입 시 우선 확인하는 사항(조미식품)_1순위  3) 브랜드/상표/제조사,"['premium_orientation', 'brand_loyalty']",9,1,9
BD3_1,4,BD3. 가공식품 품목별 구입 시 우선 확인하는 사항(조미식품)_1순위  4) 제조일자/유통기한,,,,
BD3_1,5,BD3. 가공식품 품목별 구입 시 우선 확인하는 사항(조미식품)_1순위  5) 품질인증 표시,['premium_orientation'],9,1,9
BD3_1,6,BD3. 가공식품 품목별 구입 시 우선 확인하는 사항(조미식품)_1순위  6) 원산지,,,,
BD3_1,7,BD3. 가공식품 품목별 구입 시 우선 확인하는 사항(조미식품)_1순위  7) 영양성분,['health_orientation'],9,1,9
BD3_1,8,BD3. 가공식품 품목별 구입 시 우선 확인하는 사항(조미식품)_1순위  8) 식품첨가물,,,,
BD3_1,9,BD3. 가공식품 품목별 구입 시 우선 확인하는 사항(조미식품)_1순위  9) 원재료/성분 함량,['health_orientation'],9,1,9
BD3_1,10,BD3. 가공식품 품목별 구입 시 우선 확인하는 사항(조미식품)_1순위 10) 포장 디자인,['premium_orientation'],9,1,9
BD3_1,11,BD3. 가공식품 품목별 구입 시 우선 확인하는 사항(조미식품)_1순위 11) 포장 재활용 여부,,,,
BD3_1,12,BD3. 가공식품 품목별 구입 시 우선 확인하는 사항(조미식품)_1순위 12) 기능성 표시/식품의 효능,['health_orientation'],9,1,9
BD3_1,13,BD3. 가공식품 품목별 구입 시 우선 확인하는 사항(조미식품)_1순위 13) 섭취 주의사항(알레르기 유발 등),['health_orientation'],9,1,9
BD3_1,14,BD3. 가공식품 품목별 구입 시 우선 확인하는 사항(조미식품)_1순위 14) 보관방법,,,,
BD3_1,15,BD3. 가공식품 품목별 구입 시 우선 확인하는 사항(조미식품)_1순위 15) 알코올 도수,,,,
BD3_1,51,BD3. 가공식품 품목별 구입 시 우선 확인하는 사항(조미식품)_1순위 51) 맛,,,,
BD3_1,95,BD3. 가공식품 품목별 구입 시 우선 확인하는 사항(조미식품)_1순위 95) 구입하지 않음,,,,
BD3_2,1,BD3. 가공식품 품목별 구입 시 우선 확인하는 사항(조미식품)_2순위  1) 가격,['price_sensitivity'],9,0.7,6.3
BD3_2,2,BD3. 가공식품 품목별 구입 시 우선 확인하는 사항(조미식품)_2순위  2) 용량,,,,
BD3_2,3,BD3. 가공식품 품목별 구입 시 우선 확인하는 사항(조미식품)_2순위  3) 브랜드/상표/제조사,"['premium_orientation', 'brand_loyalty']",9,0.7,6.3
BD3_2,4,BD3. 가공식품 품목별 구입 시 우선 확인하는 사항(조미식품)_2순위  4) 제조일자/유통기한,,,,
BD3_2,5,BD3. 가공식품 품목별 구입 시 우선 확인하는 사항(조미식품)_2순위  5) 품질인증 표시,['premium_orientation'],9,0.7,6.3
BD3_2,6,BD3. 가공식품 품목별 구입 시 우선 확인하는 사항(조미식품)_2순위  6) 원산지,,,,
BD3_2,7,BD3. 가공식품 품목별 구입 시 우선 확인하는 사항(조미식품)_2순위  7) 영양성분,['health_orientation'],9,0.7,6.3
BD3_2,8,BD3. 가공식품 품목별 구입 시 우선 확인하는 사항(조미식품)_2순위  8) 식품첨가물,,,,
BD3_2,9,BD3. 가공식품 품목별 구입 시 우선 확인하는 사항(조미식품)_2순위  9) 원재료/성분 함량,['health_orientation'],9,0.7,6.3
BD3_2,10,BD3. 가공식품 품목별 구입 시 우선 확인하는 사항(조미식품)_2순위 10) 포장 디자인,['premium_orientation'],9,0.7,6.3
BD3_2,11,BD3. 가공식품 품목별 구입 시 우선 확인하는 사항(조미식품)_2순위 11) 포장 재활용 여부,,,,
BD3_2,12,BD3. 가공식품 품목별 구입 시 우선 확인하는 사항(조미식품)_2순위 12) 기능성 표시/식품의 효능,['health_orientation'],9,0.7,6.3
BD3_2,13,BD3. 가공식품 품목별 구입 시 우선 확인하는 사항(조미식품)_2순위 13) 섭취 주의사항(알레르기 유발 등),['health_orientation'],9,0.7,6.3
BD3_2,14,BD3. 가공식품 품목별 구입 시 우선 확인하는 사항(조미식품)_2순위 14) 보관방법,,,,
BD3_2,15,BD3. 가공식품 품목별 구입 시 우선 확인하는 사항(조미식품)_2순위 15) 알코올 도수,,,,
BD3_2,51,BD3. 가공식품 품목별 구입 시 우선 확인하는 사항(조미식품)_2순위 51) 맛,,,,
BD3_2,95,BD3. 가공식품 품목별 구입 시 우선 확인하는 사항(조미식품)_2순위 95) 구입하지 않음,,,,
BD3_3,1,BD3. 가공식품 품목별 구입 시 우선 확인하는 사항(조미식품)_3순위  1) 가격,['price_sensitivity'],9,0.5,4.5
BD3_3,2,BD3. 가공식품 품목별 구입 시 우선 확인하는 사항(조미식품)_3순위  2) 용량,,,,
BD3_3,3,BD3. 가공식품 품목별 구입 시 우선 확인하는 사항(조미식품)_3순위  3) 브랜드/상표/제조사,"['premium_orientation', 'brand_loyalty']",9,0.5,4.5
BD3_3,4,BD3. 가공식품 품목별 구입 시 우선 확인하는 사항(조미식품)_3순위  4) 제조일자/유통기한,,,,
BD3_3,5,BD3. 가공식품 품목별 구입 시 우선 확인하는 사항(조미식품)_3순위  5) 품질인증 표시,['premium_orientation'],9,0.5,4.5
BD3_3,6,BD3. 가공식품 품목별 구입 시 우선 확인하는 사항(조미식품)_3순위  6) 원산지,,,,
BD3_3,7,BD3. 가공식품 품목별 구입 시 우선 확인하는 사항(조미식품)_3순위  7) 영양성분,['health_orientation'],9,0.5,4.5
BD3_3,8,BD3. 가공식품 품목별 구입 시 우선 확인하는 사항(조미식품)_3순위  8) 식품첨가물,,,,
BD3_3,9,BD3. 가공식품 품목별 구입 시 우선 확인하는 사항(조미식품)_3순위  9) 원재료/성분 함량,['health_orientation'],9,0.5,4.5
BD3_3,10,BD3. 가공식품 품목별 구입 시 우선 확인하는 사항(조미식품)_3순위 10) 포장 디자인,['premium_orientation'],9,0.5,4.5
BD3_3,11,BD3. 가공식품 품목별 구입 시 우선 확인하는 사항(조미식품)_3순위 11) 포장 재활용 여부,,,,
BD3_3,12,BD3. 가공식품 품목별 구입 시 우선 확인하는 사항(조미식품)_3순위 12) 기능성 표시/식품의 효능,['health_orientation'],9,0.5,4.5
BD3_3,13,BD3. 가공식품 품목별 구입 시 우선 확인하는 사항(조미식품)_3순위 13) 섭취 주의사항(알레르기 유발 등),['health_orientation'],9,0.5,4.5
BD3_3,14,BD3. 가공식품 품목별 구입 시 우선 확인하는 사항(조미식품)_3순위 14) 보관방법,,,,
BD3_3,15,BD3. 가공식품 품목별 구입 시 우선 확인하는 사항(조미식품)_3순위 15) 알코올 도수,,,,
BD3_3,51,BD3. 가공식품 품목별 구입 시 우선 확인하는 사항(조미식품)_3순위 51) 맛,,,,
BD3_3,95,BD3. 가공식품 품목별 구입 시 우선 확인하는 사항(조미식품)_3순위 95) 구입하지 않음,,,,
BE2_1,1,BE2. 가공식품 품목별 구입 시 우선 확인하는 사항(유지류)_1순위  1) 가격,['price_sensitivity'],9,1,9
BE2_1,2,BE2. 가공식품 품목별 구입 시 우선 확인하는 사항(유지류)_1순위  2) 용량,,,,
BE2_1,3,BE2. 가공식품 품목별 구입 시 우선 확인하는 사항(유지류)_1순위  3) 브랜드/상표/제조사,"['premium_orientation', 'brand_loyalty']",9,1,9
BE2_1,4,BE2. 가공식품 품목별 구입 시 우선 확인하는 사항(유지류)_1순위  4) 제조일자/유통기한,,,,
BE2_1,5,BE2. 가공식품 품목별 구입 시 우선 확인하는 사항(유지류)_1순위  5) 품질인증 표시,['premium_orientation'],9,1,9
BE2_1,6,BE2. 가공식품 품목별 구입 시 우선 확인하는 사항(유지류)_1순위  6) 원산지,,,,
BE2_1,7,BE2. 가공식품 품목별 구입 시 우선 확인하는 사항(유지류)_1순위  7) 영양성분,['health_orientation'],9,1,9
BE2_1,8,BE2. 가공식품 품목별 구입 시 우선 확인하는 사항(유지류)_1순위  8) 식품첨가물,,,,
BE2_1,9,BE2. 가공식품 품목별 구입 시 우선 확인하는 사항(유지류)_1순위  9) 원재료/성분 함량,['health_orientation'],9,1,9
BE2_1,10,BE2. 가공식품 품목별 구입 시 우선 확인하는 사항(유지류)_1순위 10) 포장 디자인,['premium_orientation'],9,1,9
BE2_1,11,BE2. 가공식품 품목별 구입 시 우선 확인하는 사항(유지류)_1순위 11) 포장 재활용 여부,,,,
BE2_1,12,BE2. 가공식품 품목별 구입 시 우선 확인하는 사항(유지류)_1순위 12) 기능성 표시/식품의 효능,['health_orientation'],9,1,9
BE2_1,13,BE2. 가공식품 품목별 구입 시 우선 확인하는 사항(유지류)_1순위 13) 섭취 주의사항(알레르기 유발 등),['health_orientation'],9,1,9
BE2_1,14,BE2. 가공식품 품목별 구입 시 우선 확인하는 사항(유지류)_1순위 14) 보관방법,,,,
BE2_1,15,BE2. 가공식품 품목별 구입 시 우선 확인하는 사항(유지류)_1순위 15) 알코올 도수,,,,
BE2_1,51,BE2. 가공식품 품목별 구입 시 우선 확인하는 사항(유지류)_1순위 51) 맛,,,,
BE2_1,95,BE2. 가공식품 품목별 구입 시 우선 확인하는 사항(유지류)_1순위 95) 구입하지 않음,,,,
BE2_2,1,BE2. 가공식품 품목별 구입 시 우선 확인하는 사항(유지류)_2순위  1) 가격,['price_sensitivity'],9,0.7,6.3
BE2_2,2,BE2. 가공식품 품목별 구입 시 우선 확인하는 사항(유지류)_2순위  2) 용량,,,,
BE2_2,3,BE2. 가공식품 품목별 구입 시 우선 확인하는 사항(유지류)_2순위  3) 브랜드/상표/제조사,"['premium_orientation', 'brand_loyalty']",9,0.7,6.3
BE2_2,4,BE2. 가공식품 품목별 구입 시 우선 확인하는 사항(유지류)_2순위  4) 제조일자/유통기한,,,,
BE2_2,5,BE2. 가공식품 품목별 구입 시 우선 확인하는 사항(유지류)_2순위  5) 품질인증 표시,['premium_orientation'],9,0.7,6.3
BE2_2,6,BE2. 가공식품 품목별 구입 시 우선 확인하는 사항(유지류)_2순위  6) 원산지,,,,
BE2_2,7,BE2. 가공식품 품목별 구입 시 우선 확인하는 사항(유지류)_2순위  7) 영양성분,['health_orientation'],9,0.7,6.3
BE2_2,8,BE2. 가공식품 품목별 구입 시 우선 확인하는 사항(유지류)_2순위  8) 식품첨가물,,,,
BE2_2,9,BE2. 가공식품 품목별 구입 시 우선 확인하는 사항(유지류)_2순위  9) 원재료/성분 함량,['health_orientation'],9,0.7,6.3
BE2_2,10,BE2. 가공식품 품목별 구입 시 우선 확인하는 사항(유지류)_2순위 10) 포장 디자인,['premium_orientation'],9,0.7,6.3
BE2_2,11,BE2. 가공식품 품목별 구입 시 우선 확인하는 사항(유지류)_2순위 11) 포장 재활용 여부,,,,
BE2_2,12,BE2. 가공식품 품목별 구입 시 우선 확인하는 사항(유지류)_2순위 12) 기능성 표시/식품의 효능,['health_orientation'],9,0.7,6.3
BE2_2,13,BE2. 가공식품 품목별 구입 시 우선 확인하는 사항(유지류)_2순위 13) 섭취 주의사항(알레르기 유발 등),['health_orientation'],9,0.7,6.3
BE2_2,14,BE2. 가공식품 품목별 구입 시 우선 확인하는 사항(유지류)_2순위 14) 보관방법,,,,
BE2_2,15,BE2. 가공식품 품목별 구입 시 우선 확인하는 사항(유지류)_2순위 15) 알코올 도수,,,,
BE2_2,51,BE2. 가공식품 품목별 구입 시 우선 확인하는 사항(유지류)_2순위 51) 맛,,,,
BE2_2,95,BE2. 가공식품 품목별 구입 시 우선 확인하는 사항(유지류)_2순위 95) 구입하지 않음,,,,
BE2_3,1,BE2. 가공식품 품목별 구입 시 우선 확인하는 사항(유지류)_3순위  1) 가격,['price_sensitivity'],9,0.5,4.5
BE2_3,2,BE2. 가공식품 품목별 구입 시 우선 확인하는 사항(유지류)_3순위  2) 용량,,,,
BE2_3,3,BE2. 가공식품 품목별 구입 시 우선 확인하는 사항(유지류)_3순위  3) 브랜드/상표/제조사,"['premium_orientation', 'brand_loyalty']",9,0.5,4.5
BE2_3,4,BE2. 가공식품 품목별 구입 시 우선 확인하는 사항(유지류)_3순위  4) 제조일자/유통기한,,,,
BE2_3,5,BE2. 가공식품 품목별 구입 시 우선 확인하는 사항(유지류)_3순위  5) 품질인증 표시,['premium_orientation'],9,0.5,4.5
BE2_3,6,BE2. 가공식품 품목별 구입 시 우선 확인하는 사항(유지류)_3순위  6) 원산지,,,,
BE2_3,7,BE2. 가공식품 품목별 구입 시 우선 확인하는 사항(유지류)_3순위  7) 영양성분,['health_orientation'],9,0.5,4.5
BE2_3,8,BE2. 가공식품 품목별 구입 시 우선 확인하는 사항(유지류)_3순위  8) 식품첨가물,,,,
BE2_3,9,BE2. 가공식품 품목별 구입 시 우선 확인하는 사항(유지류)_3순위  9) 원재료/성분 함량,['health_orientation'],9,0.5,4.5
BE2_3,10,BE2. 가공식품 품목별 구입 시 우선 확인하는 사항(유지류)_3순위 10) 포장 디자인,['premium_orientation'],9,0.5,4.5
BE2_3,11,BE2. 가공식품 품목별 구입 시 우선 확인하는 사항(유지류)_3순위 11) 포장 재활용 여부,,,,
BE2_3,12,BE2. 가공식품 품목별 구입 시 우선 확인하는 사항(유지류)_3순위 12) 기능성 표시/식품의 효능,['health_orientation'],9,0.5,4.5
BE2_3,13,BE2. 가공식품 품목별 구입 시 우선 확인하는 사항(유지류)_3순위 13) 섭취 주의사항(알레르기 유발 등),['health_orientation'],9,0.5,4.5
BE2_3,14,BE2. 가공식품 품목별 구입 시 우선 확인하는 사항(유지류)_3순위 14) 보관방법,,,,
BE2_3,15,BE2. 가공식품 품목별 구입 시 우선 확인하는 사항(유지류)_3순위 15) 알코올 도수,,,,
BE2_3,51,BE2. 가공식품 품목별 구입 시 우선 확인하는 사항(유지류)_3순위 51) 맛,,,,
BE2_3,95,BE2. 가공식품 품목별 구입 시 우선 확인하는 사항(유지류)_3순위 95) 구입하지 않음,,,,
BE3_1,1,BE3. 가공식품 품목별 구입 시 우선 확인하는 사항(유가공품)_1순위  1) 가격,['price_sensitivity'],9,1,9
BE3_1,2,BE3. 가공식품 품목별 구입 시 우선 확인하는 사항(유가공품)_1순위  2) 용량,,,,
BE3_1,3,BE3. 가공식품 품목별 구입 시 우선 확인하는 사항(유가공품)_1순위  3) 브랜드/상표/제조사,"['premium_orientation', 'brand_loyalty']",9,1,9
BE3_1,4,BE3. 가공식품 품목별 구입 시 우선 확인하는 사항(유가공품)_1순위  4) 제조일자/유통기한,,,,
BE3_1,5,BE3. 가공식품 품목별 구입 시 우선 확인하는 사항(유가공품)_1순위  5) 품질인증 표시,['premium_orientation'],9,1,9
BE3_1,6,BE3. 가공식품 품목별 구입 시 우선 확인하는 사항(유가공품)_1순위  6) 원산지,,,,
BE3_1,7,BE3. 가공식품 품목별 구입 시 우선 확인하는 사항(유가공품)_1순위  7) 영양성분,['health_orientation'],9,1,9
BE3_1,8,BE3. 가공식품 품목별 구입 시 우선 확인하는 사항(유가공품)_1순위  8) 식품첨가물,,,,
BE3_1,9,BE3. 가공식품 품목별 구입 시 우선 확인하는 사항(유가공품)_1순위  9) 원재료/성분 함량,['health_orientation'],9,1,9
BE3_1,10,BE3. 가공식품 품목별 구입 시 우선 확인하는 사항(유가공품)_1순위 10) 포장 디자인,['premium_orientation'],9,1,9
BE3_1,11,BE3. 가공식품 품목별 구입 시 우선 확인하는 사항(유가공품)_1순위 11) 포장 재활용 여부,,,,
BE3_1,12,BE3. 가공식품 품목별 구입 시 우선 확인하는 사항(유가공품)_1순위 12) 기능성 표시/식품의 효능,['health_orientation'],9,1,9
BE3_1,13,BE3. 가공식품 품목별 구입 시 우선 확인하는 사항(유가공품)_1순위 13) 섭취 주의사항(알레르기 유발 등),['health_orientation'],9,1,9
BE3_1,14,BE3. 가공식품 품목별 구입 시 우선 확인하는 사항(유가공품)_1순위 14) 보관방법,,,,
BE3_1,15,BE3. 가공식품 품목별 구입 시 우선 확인하는 사항(유가공품)_1순위 15) 알코올 도수,,,,
BE3_1,51,BE3. 가공식품 품목별 구입 시 우선 확인하는 사항(유가공품)_1순위 51) 맛,,,,
BE3_1,95,BE3. 가공식품 품목별 구입 시 우선 확인하는 사항(유가공품)_1순위 95) 구입하지 않음,,,,
BE3_2,1,BE3. 가공식품 품목별 구입 시 우선 확인하는 사항(유가공품)_2순위  1) 가격,['price_sensitivity'],9,0.7,6.3
BE3_2,2,BE3. 가공식품 품목별 구입 시 우선 확인하는 사항(유가공품)_2순위  2) 용량,,,,
BE3_2,3,BE3. 가공식품 품목별 구입 시 우선 확인하는 사항(유가공품)_2순위  3) 브랜드/상표/제조사,"['premium_orientation', 'brand_loyalty']",9,0.7,6.3
BE3_2,4,BE3. 가공식품 품목별 구입 시 우선 확인하는 사항(유가공품)_2순위  4) 제조일자/유통기한,,,,
BE3_2,5,BE3. 가공식품 품목별 구입 시 우선 확인하는 사항(유가공품)_2순위  5) 품질인증 표시,['premium_orientation'],9,0.7,6.3
BE3_2,6,BE3. 가공식품 품목별 구입 시 우선 확인하는 사항(유가공품)_2순위  6) 원산지,,,,
BE3_2,7,BE3. 가공식품 품목별 구입 시 우선 확인하는 사항(유가공품)_2순위  7) 영양성분,['health_orientation'],9,0.7,6.3
BE3_2,8,BE3. 가공식품 품목별 구입 시 우선 확인하는 사항(유가공품)_2순위  8) 식품첨가물,,,,
BE3_2,9,BE3. 가공식품 품목별 구입 시 우선 확인하는 사항(유가공품)_2순위  9) 원재료/성분 함량,['health_orientation'],9,0.7,6.3
BE3_2,10,BE3. 가공식품 품목별 구입 시 우선 확인하는 사항(유가공품)_2순위 10) 포장 디자인,['premium_orientation'],9,0.7,6.3
BE3_2,11,BE3. 가공식품 품목별 구입 시 우선 확인하는 사항(유가공품)_2순위 11) 포장 재활용 여부,,,,
BE3_2,12,BE3. 가공식품 품목별 구입 시 우선 확인하는 사항(유가공품)_2순위 12) 기능성 표시/식품의 효능,['health_orientation'],9,0.7,6.3
BE3_2,13,BE3. 가공식품 품목별 구입 시 우선 확인하는 사항(유가공품)_2순위 13) 섭취 주의사항(알레르기 유발 등),['health_orientation'],9,0.7,6.3
BE3_2,14,BE3. 가공식품 품목별 구입 시 우선 확인하는 사항(유가공품)_2순위 14) 보관방법,,,,
BE3_2,15,BE3. 가공식품 품목별 구입 시 우선 확인하는 사항(유가공품)_2순위 15) 알코올 도수,,,,
BE3_2,51,BE3. 가공식품 품목별 구입 시 우선 확인하는 사항(유가공품)_2순위 51) 맛,,,,
BE3_2,95,BE3. 가공식품 품목별 구입 시 우선 확인하는 사항(유가공품)_2순위 95) 구입하지 않음,,,,
BE3_3,1,BE3. 가공식품 품목별 구입 시 우선 확인하는 사항(유가공품)_3순위  1) 가격,['price_sensitivity'],9,0.5,4.5
BE3_3,2,BE3. 가공식품 품목별 구입 시 우선 확인하는 사항(유가공품)_3순위  2) 용량,,,,
BE3_3,3,BE3. 가공식품 품목별 구입 시 우선 확인하는 사항(유가공품)_3순위  3) 브랜드/상표/제조사,"['premium_orientation', 'brand_loyalty']",9,0.5,4.5
BE3_3,4,BE3. 가공식품 품목별 구입 시 우선 확인하는 사항(유가공품)_3순위  4) 제조일자/유통기한,,,,
BE3_3,5,BE3. 가공식품 품목별 구입 시 우선 확인하는 사항(유가공품)_3순위  5) 품질인증 표시,['premium_orientation'],9,0.5,4.5
BE3_3,6,BE3. 가공식품 품목별 구입 시 우선 확인하는 사항(유가공품)_3순위  6) 원산지,,,,
BE3_3,7,BE3. 가공식품 품목별 구입 시 우선 확인하는 사항(유가공품)_3순위  7) 영양성분,['health_orientation'],9,0.5,4.5
BE3_3,8,BE3. 가공식품 품목별 구입 시 우선 확인하는 사항(유가공품)_3순위  8) 식품첨가물,,,,
BE3_3,9,BE3. 가공식품 품목별 구입 시 우선 확인하는 사항(유가공품)_3순위  9) 원재료/성분 함량,['health_orientation'],9,0.5,4.5
BE3_3,10,BE3. 가공식품 품목별 구입 시 우선 확인하는 사항(유가공품)_3순위 10) 포장 디자인,['premium_orientation'],9,0.5,4.5
BE3_3,11,BE3. 가공식품 품목별 구입 시 우선 확인하는 사항(유가공품)_3순위 11) 포장 재활용 여부,,,,
BE3_3,12,BE3. 가공식품 품목별 구입 시 우선 확인하는 사항(유가공품)_3순위 12) 기능성 표시/식품의 효능,['health_orientation'],9,0.5,4.5
BE3_3,13,BE3. 가공식품 품목별 구입 시 우선 확인하는 사항(유가공품)_3순위 13) 섭취 주의사항(알레르기 유발 등),['health_orientation'],9,0.5,4.5
BE3_3,14,BE3. 가공식품 품목별 구입 시 우선 확인하는 사항(유가공품)_3순위 14) 보관방법,,,,
BE3_3,15,BE3. 가공식품 품목별 구입 시 우선 확인하는 사항(유가공품)_3순위 15) 알코올 도수,,,,
BE3_3,51,BE3. 가공식품 품목별 구입 시 우선 확인하는 사항(유가공품)_3순위 51) 맛,,,,
BE3_3,95,BE3. 가공식품 품목별 구입 시 우선 확인하는 사항(유가공품)_3순위 95) 구입하지 않음,,,,
BF2_1,1,BF2. 가공식품 품목별 구입 시 우선 확인하는 사항(빵 및 떡류)_1순위  1) 가격,['price_sensitivity'],9,1,9
BF2_1,2,BF2. 가공식품 품목별 구입 시 우선 확인하는 사항(빵 및 떡류)_1순위  2) 용량,,,,
BF2_1,3,BF2. 가공식품 품목별 구입 시 우선 확인하는 사항(빵 및 떡류)_1순위  3) 브랜드/상표/제조사,"['premium_orientation', 'brand_loyalty']",9,1,9
BF2_1,4,BF2. 가공식품 품목별 구입 시 우선 확인하는 사항(빵 및 떡류)_1순위  4) 제조일자/유통기한,,,,
BF2_1,5,BF2. 가공식품 품목별 구입 시 우선 확인하는 사항(빵 및 떡류)_1순위  5) 품질인증 표시,['premium_orientation'],9,1,9
BF2_1,6,BF2. 가공식품 품목별 구입 시 우선 확인하는 사항(빵 및 떡류)_1순위  6) 원산지,,,,
BF2_1,7,BF2. 가공식품 품목별 구입 시 우선 확인하는 사항(빵 및 떡류)_1순위  7) 영양성분,['health_orientation'],9,1,9
BF2_1,8,BF2. 가공식품 품목별 구입 시 우선 확인하는 사항(빵 및 떡류)_1순위  8) 식품첨가물,,,,
BF2_1,9,BF2. 가공식품 품목별 구입 시 우선 확인하는 사항(빵 및 떡류)_1순위  9) 원재료/성분 함량,['health_orientation'],9,1,9
BF2_1,10,BF2. 가공식품 품목별 구입 시 우선 확인하는 사항(빵 및 떡류)_1순위 10) 포장 디자인,['premium_orientation'],9,1,9
BF2_1,11,BF2. 가공식품 품목별 구입 시 우선 확인하는 사항(빵 및 떡류)_1순위 11) 포장 재활용 여부,,,,
BF2_1,12,BF2. 가공식품 품목별 구입 시 우선 확인하는 사항(빵 및 떡류)_1순위 12) 기능성 표시/식품의 효능,['health_orientation'],9,1,9
BF2_1,13,BF2. 가공식품 품목별 구입 시 우선 확인하는 사항(빵 및 떡류)_1순위 13) 섭취 주의사항(알레르기 유발 등),['health_orientation'],9,1,9
BF2_1,14,BF2. 가공식품 품목별 구입 시 우선 확인하는 사항(빵 및 떡류)_1순위 14) 보관방법,,,,
BF2_1,15,BF2. 가공식품 품목별 구입 시 우선 확인하는 사항(빵 및 떡류)_1순위 15) 알코올 도수,,,,
BF2_1,51,BF2. 가공식품 품목별 구입 시 우선 확인하는 사항(빵 및 떡류)_1순위 51) 맛,,,,
BF2_1,95,BF2. 가공식품 품목별 구입 시 우선 확인하는 사항(빵 및 떡류)_1순위 95) 구입하지 않음,,,,
BF2_2,1,BF2. 가공식품 품목별 구입 시 우선 확인하는 사항(빵 및 떡류)_2순위  1) 가격,['price_sensitivity'],9,0.7,6.3
BF2_2,2,BF2. 가공식품 품목별 구입 시 우선 확인하는 사항(빵 및 떡류)_2순위  2) 용량,,,,
BF2_2,3,BF2. 가공식품 품목별 구입 시 우선 확인하는 사항(빵 및 떡류)_2순위  3) 브랜드/상표/제조사,"['premium_orientation', 'brand_loyalty']",9,0.7,6.3
BF2_2,4,BF2. 가공식품 품목별 구입 시 우선 확인하는 사항(빵 및 떡류)_2순위  4) 제조일자/유통기한,,,,
BF2_2,5,BF2. 가공식품 품목별 구입 시 우선 확인하는 사항(빵 및 떡류)_2순위  5) 품질인증 표시,['premium_orientation'],9,0.7,6.3
BF2_2,6,BF2. 가공식품 품목별 구입 시 우선 확인하는 사항(빵 및 떡류)_2순위  6) 원산지,,,,
BF2_2,7,BF2. 가공식품 품목별 구입 시 우선 확인하는 사항(빵 및 떡류)_2순위  7) 영양성분,['health_orientation'],9,0.7,6.3
BF2_2,8,BF2. 가공식품 품목별 구입 시 우선 확인하는 사항(빵 및 떡류)_2순위  8) 식품첨가물,,,,
BF2_2,9,BF2. 가공식품 품목별 구입 시 우선 확인하는 사항(빵 및 떡류)_2순위  9) 원재료/성분 함량,['health_orientation'],9,0.7,6.3
BF2_2,10,BF2. 가공식품 품목별 구입 시 우선 확인하는 사항(빵 및 떡류)_2순위 10) 포장 디자인,['premium_orientation'],9,0.7,6.3
BF2_2,11,BF2. 가공식품 품목별 구입 시 우선 확인하는 사항(빵 및 떡류)_2순위 11) 포장 재활용 여부,,,,
BF2_2,12,BF2. 가공식품 품목별 구입 시 우선 확인하는 사항(빵 및 떡류)_2순위 12) 기능성 표시/식품의 효능,['health_orientation'],9,0.7,6.3
BF2_2,13,BF2. 가공식품 품목별 구입 시 우선 확인하는 사항(빵 및 떡류)_2순위 13) 섭취 주의사항(알레르기 유발 등),['health_orientation'],9,0.7,6.3
BF2_2,14,BF2. 가공식품 품목별 구입 시 우선 확인하는 사항(빵 및 떡류)_2순위 14) 보관방법,,,,
BF2_2,15,BF2. 가공식품 품목별 구입 시 우선 확인하는 사항(빵 및 떡류)_2순위 15) 알코올 도수,,,,
BF2_2,51,BF2. 가공식품 품목별 구입 시 우선 확인하는 사항(빵 및 떡류)_2순위 51) 맛,,,,
BF2_2,95,BF2. 가공식품 품목별 구입 시 우선 확인하는 사항(빵 및 떡류)_2순위 95) 구입하지 않음,,,,
BF2_3,1,BF2. 가공식품 품목별 구입 시 우선 확인하는 사항(빵 및 떡류)_3순위  1) 가격,['price_sensitivity'],9,0.5,4.5
BF2_3,2,BF2. 가공식품 품목별 구입 시 우선 확인하는 사항(빵 및 떡류)_3순위  2) 용량,,,,
BF2_3,3,BF2. 가공식품 품목별 구입 시 우선 확인하는 사항(빵 및 떡류)_3순위  3) 브랜드/상표/제조사,"['premium_orientation', 'brand_loyalty']",9,0.5,4.5
BF2_3,4,BF2. 가공식품 품목별 구입 시 우선 확인하는 사항(빵 및 떡류)_3순위  4) 제조일자/유통기한,,,,
BF2_3,5,BF2. 가공식품 품목별 구입 시 우선 확인하는 사항(빵 및 떡류)_3순위  5) 품질인증 표시,['premium_orientation'],9,0.5,4.5
BF2_3,6,BF2. 가공식품 품목별 구입 시 우선 확인하는 사항(빵 및 떡류)_3순위  6) 원산지,,,,
BF2_3,7,BF2. 가공식품 품목별 구입 시 우선 확인하는 사항(빵 및 떡류)_3순위  7) 영양성분,['health_orientation'],9,0.5,4.5
BF2_3,8,BF2. 가공식품 품목별 구입 시 우선 확인하는 사항(빵 및 떡류)_3순위  8) 식품첨가물,,,,
BF2_3,9,BF2. 가공식품 품목별 구입 시 우선 확인하는 사항(빵 및 떡류)_3순위  9) 원재료/성분 함량,['health_orientation'],9,0.5,4.5
BF2_3,10,BF2. 가공식품 품목별 구입 시 우선 확인하는 사항(빵 및 떡류)_3순위 10) 포장 디자인,['premium_orientation'],9,0.5,4.5
BF2_3,11,BF2. 가공식품 품목별 구입 시 우선 확인하는 사항(빵 및 떡류)_3순위 11) 포장 재활용 여부,,,,
BF2_3,12,BF2. 가공식품 품목별 구입 시 우선 확인하는 사항(빵 및 떡류)_3순위 12) 기능성 표시/식품의 효능,['health_orientation'],9,0.5,4.5
BF2_3,13,BF2. 가공식품 품목별 구입 시 우선 확인하는 사항(빵 및 떡류)_3순위 13) 섭취 주의사항(알레르기 유발 등),['health_orientation'],9,0.5,4.5
BF2_3,14,BF2. 가공식품 품목별 구입 시 우선 확인하는 사항(빵 및 떡류)_3순위 14) 보관방법,,,,
BF2_3,15,BF2. 가공식품 품목별 구입 시 우선 확인하는 사항(빵 및 떡류)_3순위 15) 알코올 도수,,,,
BF2_3,51,BF2. 가공식품 품목별 구입 시 우선 확인하는 사항(빵 및 떡류)_3순위 51) 맛,,,,
BF2_3,95,BF2. 가공식품 품목별 구입 시 우선 확인하는 사항(빵 및 떡류)_3순위 95) 구입하지 않음,,,,
BF3_1,1,BF3. 가공식품 품목별 구입 시 우선 확인하는 사항(과자류)_1순위  1) 가격,['price_sensitivity'],9,1,9
BF3_1,2,BF3. 가공식품 품목별 구입 시 우선 확인하는 사항(과자류)_1순위  2) 용량,,,,
BF3_1,3,BF3. 가공식품 품목별 구입 시 우선 확인하는 사항(과자류)_1순위  3) 브랜드/상표/제조사,"['premium_orientation', 'brand_loyalty']",9,1,9
BF3_1,4,BF3. 가공식품 품목별 구입 시 우선 확인하는 사항(과자류)_1순위  4) 제조일자/유통기한,,,,
BF3_1,5,BF3. 가공식품 품목별 구입 시 우선 확인하는 사항(과자류)_1순위  5) 품질인증 표시,['premium_orientation'],9,1,9
BF3_1,6,BF3. 가공식품 품목별 구입 시 우선 확인하는 사항(과자류)_1순위  6) 원산지,,,,
BF3_1,7,BF3. 가공식품 품목별 구입 시 우선 확인하는 사항(과자류)_1순위  7) 영양성분,['health_orientation'],9,1,9
BF3_1,8,BF3. 가공식품 품목별 구입 시 우선 확인하는 사항(과자류)_1순위  8) 식품첨가물,,,,
BF3_1,9,BF3. 가공식품 품목별 구입 시 우선 확인하는 사항(과자류)_1순위  9) 원재료/성분 함량,['health_orientation'],9,1,9
BF3_1,10,BF3. 가공식품 품목별 구입 시 우선 확인하는 사항(과자류)_1순위 10) 포장 디자인,['premium_orientation'],9,1,9
BF3_1,11,BF3. 가공식품 품목별 구입 시 우선 확인하는 사항(과자류)_1순위 11) 포장 재활용 여부,,,,
BF3_1,12,BF3. 가공식품 품목별 구입 시 우선 확인하는 사항(과자류)_1순위 12) 기능성 표시/식품의 효능,['health_orientation'],9,1,9
BF3_1,13,BF3. 가공식품 품목별 구입 시 우선 확인하는 사항(과자류)_1순위 13) 섭취 주의사항(알레르기 유발 등),['health_orientation'],9,1,9
BF3_1,14,BF3. 가공식품 품목별 구입 시 우선 확인하는 사항(과자류)_1순위 14) 보관방법,,,,
BF3_1,15,BF3. 가공식품 품목별 구입 시 우선 확인하는 사항(과자류)_1순위 15) 알코올 도수,,,,
BF3_1,51,BF3. 가공식품 품목별 구입 시 우선 확인하는 사항(과자류)_1순위 51) 맛,,,,
BF3_1,95,BF3. 가공식품 품목별 구입 시 우선 확인하는 사항(과자류)_1순위 95) 구입하지 않음,,,,
BF3_2,1,BF3. 가공식품 품목별 구입 시 우선 확인하는 사항(과자류)_2순위  1) 가격,['price_sensitivity'],9,0.7,6.3
BF3_2,2,BF3. 가공식품 품목별 구입 시 우선 확인하는 사항(과자류)_2순위  2) 용량,,,,
BF3_2,3,BF3. 가공식품 품목별 구입 시 우선 확인하는 사항(과자류)_2순위  3) 브랜드/상표/제조사,"['premium_orientation', 'brand_loyalty']",9,0.7,6.3
BF3_2,4,BF3. 가공식품 품목별 구입 시 우선 확인하는 사항(과자류)_2순위  4) 제조일자/유통기한,,,,
BF3_2,5,BF3. 가공식품 품목별 구입 시 우선 확인하는 사항(과자류)_2순위  5) 품질인증 표시,['premium_orientation'],9,0.7,6.3
BF3_2,6,BF3. 가공식품 품목별 구입 시 우선 확인하는 사항(과자류)_2순위  6) 원산지,,,,
BF3_2,7,BF3. 가공식품 품목별 구입 시 우선 확인하는 사항(과자류)_2순위  7) 영양성분,['health_orientation'],9,0.7,6.3
BF3_2,8,BF3. 가공식품 품목별 구입 시 우선 확인하는 사항(과자류)_2순위  8) 식품첨가물,,,,
BF3_2,9,BF3. 가공식품 품목별 구입 시 우선 확인하는 사항(과자류)_2순위  9) 원재료/성분 함량,['health_orientation'],9,0.7,6.3
BF3_2,10,BF3. 가공식품 품목별 구입 시 우선 확인하는 사항(과자류)_2순위 10) 포장 디자인,['premium_orientation'],9,0.7,6.3
BF3_2,11,BF3. 가공식품 품목별 구입 시 우선 확인하는 사항(과자류)_2순위 11) 포장 재활용 여부,,,,
BF3_2,12,BF3. 가공식품 품목별 구입 시 우선 확인하는 사항(과자류)_2순위 12) 기능성 표시/식품의 효능,['health_orientation'],9,0.7,6.3
BF3_2,13,BF3. 가공식품 품목별 구입 시 우선 확인하는 사항(과자류)_2순위 13) 섭취 주의사항(알레르기 유발 등),['health_orientation'],9,0.7,6.3
BF3_2,14,BF3. 가공식품 품목별 구입 시 우선 확인하는 사항(과자류)_2순위 14) 보관방법,,,,
BF3_2,15,BF3. 가공식품 품목별 구입 시 우선 확인하는 사항(과자류)_2순위 15) 알코올 도수,,,,
BF3_2,51,BF3. 가공식품 품목별 구입 시 우선 확인하는 사항(과자류)_2순위 51) 맛,,,,
BF3_2,95,BF3. 가공식품 품목별 구입 시 우선 확인하는 사항(과자류)_2순위 95) 구입하지 않음,,,,
BF3_3,1,BF3. 가공식품 품목별 구입 시 우선 확인하는 사항(과자류)_3순위  1) 가격,['price_sensitivity'],9,0.5,4.5
BF3_3,2,BF3. 가공식품 품목별 구입 시 우선 확인하는 사항(과자류)_3순위  2) 용량,,,,
BF3_3,3,BF3. 가공식품 품목별 구입 시 우선 확인하는 사항(과자류)_3순위  3) 브랜드/상표/제조사,"['premium_orientation', 'brand_loyalty']",9,0.5,4.5
BF3_3,4,BF3. 가공식품 품목별 구입 시 우선 확인하는 사항(과자류)_3순위  4) 제조일자/유통기한,,,,
BF3_3,5,BF3. 가공식품 품목별 구입 시 우선 확인하는 사항(과자류)_3순위  5) 품질인증 표시,['premium_orientation'],9,0.5,4.5
BF3_3,6,BF3. 가공식품 품목별 구입 시 우선 확인하는 사항(과자류)_3순위  6) 원산지,,,,
BF3_3,7,BF3. 가공식품 품목별 구입 시 우선 확인하는 사항(과자류)_3순위  7) 영양성분,['health_orientation'],9,0.5,4.5
BF3_3,8,BF3. 가공식품 품목별 구입 시 우선 확인하는 사항(과자류)_3순위  8) 식품첨가물,,,,
BF3_3,9,BF3. 가공식품 품목별 구입 시 우선 확인하는 사항(과자류)_3순위  9) 원재료/성분 함량,['health_orientation'],9,0.5,4.5
BF3_3,10,BF3. 가공식품 품목별 구입 시 우선 확인하는 사항(과자류)_3순위 10) 포장 디자인,['premium_orientation'],9,0.5,4.5
BF3_3,11,BF3. 가공식품 품목별 구입 시 우선 확인하는 사항(과자류)_3순위 11) 포장 재활용 여부,,,,
BF3_3,12,BF3. 가공식품 품목별 구입 시 우선 확인하는 사항(과자류)_3순위 12) 기능성 표시/식품의 효능,['health_orientation'],9,0.5,4.5
BF3_3,13,BF3. 가공식품 품목별 구입 시 우선 확인하는 사항(과자류)_3순위 13) 섭취 주의사항(알레르기 유발 등),['health_orientation'],9,0.5,4.5
BF3_3,14,BF3. 가공식품 품목별 구입 시 우선 확인하는 사항(과자류)_3순위 14) 보관방법,,,,
BF3_3,15,BF3. 가공식품 품목별 구입 시 우선 확인하는 사항(과자류)_3순위 15) 알코올 도수,,,,
BF3_3,51,BF3. 가공식품 품목별 구입 시 우선 확인하는 사항(과자류)_3순위 51) 맛,,,,
BF3_3,95,BF3. 가공식품 품목별 구입 시 우선 확인하는 사항(과자류)_3순위 95) 구입하지 않음,,,,
BG2_1,1,BG2. 가공식품 품목별 구입 시 우선 확인하는 사항(면류)_1순위  1) 가격,['price_sensitivity'],9,1,9
BG2_1,2,BG2. 가공식품 품목별 구입 시 우선 확인하는 사항(면류)_1순위  2) 용량,,,,
BG2_1,3,BG2. 가공식품 품목별 구입 시 우선 확인하는 사항(면류)_1순위  3) 브랜드/상표/제조사,"['premium_orientation', 'brand_loyalty']",9,1,9
BG2_1,4,BG2. 가공식품 품목별 구입 시 우선 확인하는 사항(면류)_1순위  4) 제조일자/유통기한,,,,
BG2_1,5,BG2. 가공식품 품목별 구입 시 우선 확인하는 사항(면류)_1순위  5) 품질인증 표시,['premium_orientation'],9,1,9
BG2_1,6,BG2. 가공식품 품목별 구입 시 우선 확인하는 사항(면류)_1순위  6) 원산지,,,,
BG2_1,7,BG2. 가공식품 품목별 구입 시 우선 확인하는 사항(면류)_1순위  7) 영양성분,['health_orientation'],9,1,9
BG2_1,8,BG2. 가공식품 품목별 구입 시 우선 확인하는 사항(면류)_1순위  8) 식품첨가물,,,,
BG2_1,9,BG2. 가공식품 품목별 구입 시 우선 확인하는 사항(면류)_1순위  9) 원재료/성분 함량,['health_orientation'],9,1,9
BG2_1,10,BG2. 가공식품 품목별 구입 시 우선 확인하는 사항(면류)_1순위 10) 포장 디자인,['premium_orientation'],9,1,9
BG2_1,11,BG2. 가공식품 품목별 구입 시 우선 확인하는 사항(면류)_1순위 11) 포장 재활용 여부,,,,
BG2_1,12,BG2. 가공식품 품목별 구입 시 우선 확인하는 사항(면류)_1순위 12) 기능성 표시/식품의 효능,['health_orientation'],9,1,9
BG2_1,13,BG2. 가공식품 품목별 구입 시 우선 확인하는 사항(면류)_1순위 13) 섭취 주의사항(알레르기 유발 등),['health_orientation'],9,1,9
BG2_1,14,BG2. 가공식품 품목별 구입 시 우선 확인하는 사항(면류)_1순위 14) 보관방법,,,,
BG2_1,15,BG2. 가공식품 품목별 구입 시 우선 확인하는 사항(면류)_1순위 15) 알코올 도수,,,,
BG2_1,51,BG2. 가공식품 품목별 구입 시 우선 확인하는 사항(면류)_1순위 51) 맛,,,,
BG2_1,95,BG2. 가공식품 품목별 구입 시 우선 확인하는 사항(면류)_1순위 95) 구입하지 않음,,,,
BG2_2,1,BG2. 가공식품 품목별 구입 시 우선 확인하는 사항(면류)_2순위  1) 가격,['price_sensitivity'],9,0.7,6.3
BG2_2,2,BG2. 가공식품 품목별 구입 시 우선 확인하는 사항(면류)_2순위  2) 용량,,,,
BG2_2,3,BG2. 가공식품 품목별 구입 시 우선 확인하는 사항(면류)_2순위  3) 브랜드/상표/제조사,"['premium_orientation', 'brand_loyalty']",9,0.7,6.3
BG2_2,4,BG2. 가공식품 품목별 구입 시 우선 확인하는 사항(면류)_2순위  4) 제조일자/유통기한,,,,
BG2_2,5,BG2. 가공식품 품목별 구입 시 우선 확인하는 사항(면류)_2순위  5) 품질인증 표시,['premium_orientation'],9,0.7,6.3
BG2_2,6,BG2. 가공식품 품목별 구입 시 우선 확인하는 사항(면류)_2순위  6) 원산지,,,,
BG2_2,7,BG2. 가공식품 품목별 구입 시 우선 확인하는 사항(면류)_2순위  7) 영양성분,['health_orientation'],9,0.7,6.3
BG2_2,8,BG2. 가공식품 품목별 구입 시 우선 확인하는 사항(면류)_2순위  8) 식품첨가물,,,,
BG2_2,9,BG2. 가공식품 품목별 구입 시 우선 확인하는 사항(면류)_2순위  9) 원재료/성분 함량,['health_orientation'],9,0.7,6.3
BG2_2,10,BG2. 가공식품 품목별 구입 시 우선 확인하는 사항(면류)_2순위 10) 포장 디자인,['premium_orientation'],9,0.7,6.3
BG2_2,11,BG2. 가공식품 품목별 구입 시 우선 확인하는 사항(면류)_2순위 11) 포장 재활용 여부,,,,
BG2_2,12,BG2. 가공식품 품목별 구입 시 우선 확인하는 사항(면류)_2순위 12) 기능성 표시/식품의 효능,['health_orientation'],9,0.7,6.3
BG2_2,13,BG2. 가공식품 품목별 구입 시 우선 확인하는 사항(면류)_2순위 13) 섭취 주의사항(알레르기 유발 등),['health_orientation'],9,0.7,6.3
BG2_2,14,BG2. 가공식품 품목별 구입 시 우선 확인하는 사항(면류)_2순위 14) 보관방법,,,,
BG2_2,15,BG2. 가공식품 품목별 구입 시 우선 확인하는 사항(면류)_2순위 15) 알코올 도수,,,,
BG2_2,51,BG2. 가공식품 품목별 구입 시 우선 확인하는 사항(면류)_2순위 51) 맛,,,,
BG2_2,95,BG2. 가공식품 품목별 구입 시 우선 확인하는 사항(면류)_2순위 95) 구입하지 않음,,,,
BG2_3,1,BG2. 가공식품 품목별 구입 시 우선 확인하는 사항(면류)_3순위  1) 가격,['price_sensitivity'],9,0.5,4.5
BG2_3,2,BG2. 가공식품 품목별 구입 시 우선 확인하는 사항(면류)_3순위  2) 용량,,,,
BG2_3,3,BG2. 가공식품 품목별 구입 시 우선 확인하는 사항(면류)_3순위  3) 브랜드/상표/제조사,"['premium_orientation', 'brand_loyalty']",9,0.5,4.5
BG2_3,4,BG2. 가공식품 품목별 구입 시 우선 확인하는 사항(면류)_3순위  4) 제조일자/유통기한,,,,
BG2_3,5,BG2. 가공식품 품목별 구입 시 우선 확인하는 사항(면류)_3순위  5) 품질인증 표시,['premium_orientation'],9,0.5,4.5
BG2_3,6,BG2. 가공식품 품목별 구입 시 우선 확인하는 사항(면류)_3순위  6) 원산지,,,,
BG2_3,7,BG2. 가공식품 품목별 구입 시 우선 확인하는 사항(면류)_3순위  7) 영양성분,['health_orientation'],9,0.5,4.5
BG2_3,8,BG2. 가공식품 품목별 구입 시 우선 확인하는 사항(면류)_3순위  8) 식품첨가물,,,,
BG2_3,9,BG2. 가공식품 품목별 구입 시 우선 확인하는 사항(면류)_3순위  9) 원재료/성분 함량,['health_orientation'],9,0.5,4.5
BG2_3,10,BG2. 가공식품 품목별 구입 시 우선 확인하는 사항(면류)_3순위 10) 포장 디자인,['premium_orientation'],9,0.5,4.5
BG2_3,11,BG2. 가공식품 품목별 구입 시 우선 확인하는 사항(면류)_3순위 11) 포장 재활용 여부,,,,
BG2_3,12,BG2. 가공식품 품목별 구입 시 우선 확인하는 사항(면류)_3순위 12) 기능성 표시/식품의 효능,['health_orientation'],9,0.5,4.5
BG2_3,13,BG2. 가공식품 품목별 구입 시 우선 확인하는 사항(면류)_3순위 13) 섭취 주의사항(알레르기 유발 등),['health_orientation'],9,0.5,4.5
BG2_3,14,BG2. 가공식품 품목별 구입 시 우선 확인하는 사항(면류)_3순위 14) 보관방법,,,,
BG2_3,15,BG2. 가공식품 품목별 구입 시 우선 확인하는 사항(면류)_3순위 15) 알코올 도수,,,,
BG2_3,51,BG2. 가공식품 품목별 구입 시 우선 확인하는 사항(면류)_3순위 51) 맛,,,,
BG2_3,95,BG2. 가공식품 품목별 구입 시 우선 확인하는 사항(면류)_3순위 95) 구입하지 않음,,,,
BG3_1,1,BG3. 가공식품 품목별 구입 시 우선 확인하는 사항(연식품)_1순위  1) 가격,['price_sensitivity'],9,1,9
BG3_1,2,BG3. 가공식품 품목별 구입 시 우선 확인하는 사항(연식품)_1순위  2) 용량,,,,
BG3_1,3,BG3. 가공식품 품목별 구입 시 우선 확인하는 사항(연식품)_1순위  3) 브랜드/상표/제조사,"['premium_orientation', 'brand_loyalty']",9,1,9
BG3_1,4,BG3. 가공식품 품목별 구입 시 우선 확인하는 사항(연식품)_1순위  4) 제조일자/유통기한,,,,
BG3_1,5,BG3. 가공식품 품목별 구입 시 우선 확인하는 사항(연식품)_1순위  5) 품질인증 표시,['premium_orientation'],9,1,9
BG3_1,6,BG3. 가공식품 품목별 구입 시 우선 확인하는 사항(연식품)_1순위  6) 원산지,,,,
BG3_1,7,BG3. 가공식품 품목별 구입 시 우선 확인하는 사항(연식품)_1순위  7) 영양성분,['health_orientation'],9,1,9
BG3_1,8,BG3. 가공식품 품목별 구입 시 우선 확인하는 사항(연식품)_1순위  8) 식품첨가물,,,,
BG3_1,9,BG3. 가공식품 품목별 구입 시 우선 확인하는 사항(연식품)_1순위  9) 원재료/성분 함량,['health_orientation'],9,1,9
BG3_1,10,BG3. 가공식품 품목별 구입 시 우선 확인하는 사항(연식품)_1순위 10) 포장 디자인,['premium_orientation'],9,1,9
BG3_1,11,BG3. 가공식품 품목별 구입 시 우선 확인하는 사항(연식품)_1순위 11) 포장 재활용 여부,,,,
BG3_1,12,BG3. 가공식품 품목별 구입 시 우선 확인하는 사항(연식품)_1순위 12) 기능성 표시/식품의 효능,['health_orientation'],9,1,9
BG3_1,13,BG3. 가공식품 품목별 구입 시 우선 확인하는 사항(연식품)_1순위 13) 섭취 주의사항(알레르기 유발 등),['health_orientation'],9,1,9
BG3_1,14,BG3. 가공식품 품목별 구입 시 우선 확인하는 사항(연식품)_1순위 14) 보관방법,,,,
BG3_1,15,BG3. 가공식품 품목별 구입 시 우선 확인하는 사항(연식품)_1순위 15) 알코올 도수,,,,
BG3_1,51,BG3. 가공식품 품목별 구입 시 우선 확인하는 사항(연식품)_1순위 51) 맛,,,,
BG3_1,95,BG3. 가공식품 품목별 구입 시 우선 확인하는 사항(연식품)_1순위 95) 구입하지 않음,,,,
BG3_2,1,BG3. 가공식품 품목별 구입 시 우선 확인하는 사항(연식품)_2순위  1) 가격,['price_sensitivity'],9,0.7,6.3
BG3_2,2,BG3. 가공식품 품목별 구입 시 우선 확인하는 사항(연식품)_2순위  2) 용량,,,,
BG3_2,3,BG3. 가공식품 품목별 구입 시 우선 확인하는 사항(연식품)_2순위  3) 브랜드/상표/제조사,"['premium_orientation', 'brand_loyalty']",9,0.7,6.3
BG3_2,4,BG3. 가공식품 품목별 구입 시 우선 확인하는 사항(연식품)_2순위  4) 제조일자/유통기한,,,,
BG3_2,5,BG3. 가공식품 품목별 구입 시 우선 확인하는 사항(연식품)_2순위  5) 품질인증 표시,['premium_orientation'],9,0.7,6.3
BG3_2,6,BG3. 가공식품 품목별 구입 시 우선 확인하는 사항(연식품)_2순위  6) 원산지,,,,
BG3_2,7,BG3. 가공식품 품목별 구입 시 우선 확인하는 사항(연식품)_2순위  7) 영양성분,['health_orientation'],9,0.7,6.3
BG3_2,8,BG3. 가공식품 품목별 구입 시 우선 확인하는 사항(연식품)_2순위  8) 식품첨가물,,,,
BG3_2,9,BG3. 가공식품 품목별 구입 시 우선 확인하는 사항(연식품)_2순위  9) 원재료/성분 함량,['health_orientation'],9,0.7,6.3
BG3_2,10,BG3. 가공식품 품목별 구입 시 우선 확인하는 사항(연식품)_2순위 10) 포장 디자인,['premium_orientation'],9,0.7,6.3
BG3_2,11,BG3. 가공식품 품목별 구입 시 우선 확인하는 사항(연식품)_2순위 11) 포장 재활용 여부,,,,
BG3_2,12,BG3. 가공식품 품목별 구입 시 우선 확인하는 사항(연식품)_2순위 12) 기능성 표시/식품의 효능,['health_orientation'],9,0.7,6.3
BG3_2,13,BG3. 가공식품 품목별 구입 시 우선 확인하는 사항(연식품)_2순위 13) 섭취 주의사항(알레르기 유발 등),['health_orientation'],9,0.7,6.3
BG3_2,14,BG3. 가공식품 품목별 구입 시 우선 확인하는 사항(연식품)_2순위 14) 보관방법,,,,
BG3_2,15,BG3. 가공식품 품목별 구입 시 우선 확인하는 사항(연식품)_2순위 15) 알코올 도수,,,,
BG3_2,51,BG3. 가공식품 품목별 구입 시 우선 확인하는 사항(연식품)_2순위 51) 맛,,,,
BG3_2,95,BG3. 가공식품 품목별 구입 시 우선 확인하는 사항(연식품)_2순위 95) 구입하지 않음,,,,
BG3_3,1,BG3. 가공식품 품목별 구입 시 우선 확인하는 사항(연식품)_3순위  1) 가격,['price_sensitivity'],9,0.5,4.5
BG3_3,2,BG3. 가공식품 품목별 구입 시 우선 확인하는 사항(연식품)_3순위  2) 용량,,,,
BG3_3,3,BG3. 가공식품 품목별 구입 시 우선 확인하는 사항(연식품)_3순위  3) 브랜드/상표/제조사,"['premium_orientation', 'brand_loyalty']",9,0.5,4.5
BG3_3,4,BG3. 가공식품 품목별 구입 시 우선 확인하는 사항(연식품)_3순위  4) 제조일자/유통기한,,,,
BG3_3,5,BG3. 가공식품 품목별 구입 시 우선 확인하는 사항(연식품)_3순위  5) 품질인증 표시,['premium_orientation'],9,0.5,4.5
BG3_3,6,BG3. 가공식품 품목별 구입 시 우선 확인하는 사항(연식품)_3순위  6) 원산지,,,,
BG3_3,7,BG3. 가공식품 품목별 구입 시 우선 확인하는 사항(연식품)_3순위  7) 영양성분,['health_orientation'],9,0.5,4.5
BG3_3,8,BG3. 가공식품 품목별 구입 시 우선 확인하는 사항(연식품)_3순위  8) 식품첨가물,,,,
BG3_3,9,BG3. 가공식품 품목별 구입 시 우선 확인하는 사항(연식품)_3순위  9) 원재료/성분 함량,['health_orientation'],9,0.5,4.5
BG3_3,10,BG3. 가공식품 품목별 구입 시 우선 확인하는 사항(연식품)_3순위 10) 포장 디자인,['premium_orientation'],9,0.5,4.5
BG3_3,11,BG3. 가공식품 품목별 구입 시 우선 확인하는 사항(연식품)_3순위 11) 포장 재활용 여부,,,,
BG3_3,12,BG3. 가공식품 품목별 구입 시 우선 확인하는 사항(연식품)_3순위 12) 기능성 표시/식품의 효능,['health_orientation'],9,0.5,4.5
BG3_3,13,BG3. 가공식품 품목별 구입 시 우선 확인하는 사항(연식품)_3순위 13) 섭취 주의사항(알레르기 유발 등),['health_orientation'],9,0.5,4.5
BG3_3,14,BG3. 가공식품 품목별 구입 시 우선 확인하는 사항(연식품)_3순위 14) 보관방법,,,,
BG3_3,15,BG3. 가공식품 품목별 구입 시 우선 확인하는 사항(연식품)_3순위 15) 알코올 도수,,,,
BG3_3,51,BG3. 가공식품 품목별 구입 시 우선 확인하는 사항(연식품)_3순위 51) 맛,,,,
BG3_3,95,BG3. 가공식품 품목별 구입 시 우선 확인하는 사항(연식품)_3순위 95) 구입하지 않음,,,,
BG4_1,1,BG4. 가공식품 품목별 구입 시 우선 확인하는 사항(곡물가공품)_1순위  1) 가격,['price_sensitivity'],9,1,9
BG4_1,2,BG4. 가공식품 품목별 구입 시 우선 확인하는 사항(곡물가공품)_1순위  2) 용량,,,,
BG4_1,3,BG4. 가공식품 품목별 구입 시 우선 확인하는 사항(곡물가공품)_1순위  3) 브랜드/상표/제조사,"['premium_orientation', 'brand_loyalty']",9,1,9
BG4_1,4,BG4. 가공식품 품목별 구입 시 우선 확인하는 사항(곡물가공품)_1순위  4) 제조일자/유통기한,,,,
BG4_1,5,BG4. 가공식품 품목별 구입 시 우선 확인하는 사항(곡물가공품)_1순위  5) 품질인증 표시,['premium_orientation'],9,1,9
BG4_1,6,BG4. 가공식품 품목별 구입 시 우선 확인하는 사항(곡물가공품)_1순위  6) 원산지,,,,
BG4_1,7,BG4. 가공식품 품목별 구입 시 우선 확인하는 사항(곡물가공품)_1순위  7) 영양성분,['health_orientation'],9,1,9
BG4_1,8,BG4. 가공식품 품목별 구입 시 우선 확인하는 사항(곡물가공품)_1순위  8) 식품첨가물,,,,
BG4_1,9,BG4. 가공식품 품목별 구입 시 우선 확인하는 사항(곡물가공품)_1순위  9) 원재료/성분 함량,['health_orientation'],9,1,9
BG4_1,10,BG4. 가공식품 품목별 구입 시 우선 확인하는 사항(곡물가공품)_1순위 10) 포장 디자인,['premium_orientation'],9,1,9
BG4_1,11,BG4. 가공식품 품목별 구입 시 우선 확인하는 사항(곡물가공품)_1순위 11) 포장 재활용 여부,,,,
BG4_1,12,BG4. 가공식품 품목별 구입 시 우선 확인하는 사항(곡물가공품)_1순위 12) 기능성 표시/식품의 효능,['health_orientation'],9,1,9
BG4_1,13,BG4. 가공식품 품목별 구입 시 우선 확인하는 사항(곡물가공품)_1순위 13) 섭취 주의사항(알레르기 유발 등),['health_orientation'],9,1,9
BG4_1,14,BG4. 가공식품 품목별 구입 시 우선 확인하는 사항(곡물가공품)_1순위 14) 보관방법,,,,
BG4_1,15,BG4. 가공식품 품목별 구입 시 우선 확인하는 사항(곡물가공품)_1순위 15) 알코올 도수,,,,
BG4_1,51,BG4. 가공식품 품목별 구입 시 우선 확인하는 사항(곡물가공품)_1순위 51) 맛,,,,
BG4_1,95,BG4. 가공식품 품목별 구입 시 우선 확인하는 사항(곡물가공품)_1순위 95) 구입하지 않음,,,,
BG4_2,1,BG4. 가공식품 품목별 구입 시 우선 확인하는 사항(곡물가공품)_2순위  1) 가격,['price_sensitivity'],9,0.7,6.3
BG4_2,2,BG4. 가공식품 품목별 구입 시 우선 확인하는 사항(곡물가공품)_2순위  2) 용량,,,,
BG4_2,3,BG4. 가공식품 품목별 구입 시 우선 확인하는 사항(곡물가공품)_2순위  3) 브랜드/상표/제조사,"['premium_orientation', 'brand_loyalty']",9,0.7,6.3
BG4_2,4,BG4. 가공식품 품목별 구입 시 우선 확인하는 사항(곡물가공품)_2순위  4) 제조일자/유통기한,,,,
BG4_2,5,BG4. 가공식품 품목별 구입 시 우선 확인하는 사항(곡물가공품)_2순위  5) 품질인증 표시,['premium_orientation'],9,0.7,6.3
BG4_2,6,BG4. 가공식품 품목별 구입 시 우선 확인하는 사항(곡물가공품)_2순위  6) 원산지,,,,
BG4_2,7,BG4. 가공식품 품목별 구입 시 우선 확인하는 사항(곡물가공품)_2순위  7) 영양성분,['health_orientation'],9,0.7,6.3
BG4_2,8,BG4. 가공식품 품목별 구입 시 우선 확인하는 사항(곡물가공품)_2순위  8) 식품첨가물,,,,
BG4_2,9,BG4. 가공식품 품목별 구입 시 우선 확인하는 사항(곡물가공품)_2순위  9) 원재료/성분 함량,['health_orientation'],9,0.7,6.3
BG4_2,10,BG4. 가공식품 품목별 구입 시 우선 확인하는 사항(곡물가공품)_2순위 10) 포장 디자인,['premium_orientation'],9,0.7,6.3
BG4_2,11,BG4. 가공식품 품목별 구입 시 우선 확인하는 사항(곡물가공품)_2순위 11) 포장 재활용 여부,,,,
BG4_2,12,BG4. 가공식품 품목별 구입 시 우선 확인하는 사항(곡물가공품)_2순위 12) 기능성 표시/식품의 효능,['health_orientation'],9,0.7,6.3
BG4_2,13,BG4. 가공식품 품목별 구입 시 우선 확인하는 사항(곡물가공품)_2순위 13) 섭취 주의사항(알레르기 유발 등),['health_orientation'],9,0.7,6.3
BG4_2,14,BG4. 가공식품 품목별 구입 시 우선 확인하는 사항(곡물가공품)_2순위 14) 보관방법,,,,
BG4_2,15,BG4. 가공식품 품목별 구입 시 우선 확인하는 사항(곡물가공품)_2순위 15) 알코올 도수,,,,
BG4_2,51,BG4. 가공식품 품목별 구입 시 우선 확인하는 사항(곡물가공품)_2순위 51) 맛,,,,
BG4_2,95,BG4. 가공식품 품목별 구입 시 우선 확인하는 사항(곡물가공품)_2순위 95) 구입하지 않음,,,,
BG4_3,1,BG4. 가공식품 품목별 구입 시 우선 확인하는 사항(곡물가공품)_3순위  1) 가격,['price_sensitivity'],9,0.5,4.5
BG4_3,2,BG4. 가공식품 품목별 구입 시 우선 확인하는 사항(곡물가공품)_3순위  2) 용량,,,,
BG4_3,3,BG4. 가공식품 품목별 구입 시 우선 확인하는 사항(곡물가공품)_3순위  3) 브랜드/상표/제조사,"['premium_orientation', 'brand_loyalty']",9,0.5,4.5
BG4_3,4,BG4. 가공식품 품목별 구입 시 우선 확인하는 사항(곡물가공품)_3순위  4) 제조일자/유통기한,,,,
BG4_3,5,BG4. 가공식품 품목별 구입 시 우선 확인하는 사항(곡물가공품)_3순위  5) 품질인증 표시,['premium_orientation'],9,0.5,4.5
BG4_3,6,BG4. 가공식품 품목별 구입 시 우선 확인하는 사항(곡물가공품)_3순위  6) 원산지,,,,
BG4_3,7,BG4. 가공식품 품목별 구입 시 우선 확인하는 사항(곡물가공품)_3순위  7) 영양성분,['health_orientation'],9,0.5,4.5
BG4_3,8,BG4. 가공식품 품목별 구입 시 우선 확인하는 사항(곡물가공품)_3순위  8) 식품첨가물,,,,
BG4_3,9,BG4. 가공식품 품목별 구입 시 우선 확인하는 사항(곡물가공품)_3순위  9) 원재료/성분 함량,['health_orientation'],9,0.5,4.5
BG4_3,10,BG4. 가공식품 품목별 구입 시 우선 확인하는 사항(곡물가공품)_3순위 10) 포장 디자인,['premium_orientation'],9,0.5,4.5
BG4_3,11,BG4. 가공식품 품목별 구입 시 우선 확인하는 사항(곡물가공품)_3순위 11) 포장 재활용 여부,,,,
BG4_3,12,BG4. 가공식품 품목별 구입 시 우선 확인하는 사항(곡물가공품)_3순위 12) 기능성 표시/식품의 효능,['health_orientation'],9,0.5,4.5
BG4_3,13,BG4. 가공식품 품목별 구입 시 우선 확인하는 사항(곡물가공품)_3순위 13) 섭취 주의사항(알레르기 유발 등),['health_orientation'],9,0.5,4.5
BG4_3,14,BG4. 가공식품 품목별 구입 시 우선 확인하는 사항(곡물가공품)_3순위 14) 보관방법,,,,
BG4_3,15,BG4. 가공식품 품목별 구입 시 우선 확인하는 사항(곡물가공품)_3순위 15) 알코올 도수,,,,
BG4_3,51,BG4. 가공식품 품목별 구입 시 우선 확인하는 사항(곡물가공품)_3순위 51) 맛,,,,
BG4_3,95,BG4. 가공식품 품목별 구입 시 우선 확인하는 사항(곡물가공품)_3순위 95) 구입하지 않음,,,,
BH2_1,1,BH2. 가공식품 품목별 구입 시 우선 확인하는 사항(커피 및 차)_1순위  1) 가격,['price_sensitivity'],9,1,9
BH2_1,2,BH2. 가공식품 품목별 구입 시 우선 확인하는 사항(커피 및 차)_1순위  2) 용량,,,,
BH2_1,3,BH2. 가공식품 품목별 구입 시 우선 확인하는 사항(커피 및 차)_1순위  3) 브랜드/상표/제조사,"['premium_orientation', 'brand_loyalty']",9,1,9
BH2_1,4,BH2. 가공식품 품목별 구입 시 우선 확인하는 사항(커피 및 차)_1순위  4) 제조일자/유통기한,,,,
BH2_1,5,BH2. 가공식품 품목별 구입 시 우선 확인하는 사항(커피 및 차)_1순위  5) 품질인증 표시,['premium_orientation'],9,1,9
BH2_1,6,BH2. 가공식품 품목별 구입 시 우선 확인하는 사항(커피 및 차)_1순위  6) 원산지,,,,
BH2_1,7,BH2. 가공식품 품목별 구입 시 우선 확인하는 사항(커피 및 차)_1순위  7) 영양성분,['health_orientation'],9,1,9
BH2_1,8,BH2. 가공식품 품목별 구입 시 우선 확인하는 사항(커피 및 차)_1순위  8) 식품첨가물,,,,
BH2_1,9,BH2. 가공식품 품목별 구입 시 우선 확인하는 사항(커피 및 차)_1순위  9) 원재료/성분 함량,['health_orientation'],9,1,9
BH2_1,10,BH2. 가공식품 품목별 구입 시 우선 확인하는 사항(커피 및 차)_1순위 10) 포장 디자인,['premium_orientation'],9,1,9
BH2_1,11,BH2. 가공식품 품목별 구입 시 우선 확인하는 사항(커피 및 차)_1순위 11) 포장 재활용 여부,,,,
BH2_1,12,BH2. 가공식품 품목별 구입 시 우선 확인하는 사항(커피 및 차)_1순위 12) 기능성 표시/식품의 효능,['health_orientation'],9,1,9
BH2_1,13,BH2. 가공식품 품목별 구입 시 우선 확인하는 사항(커피 및 차)_1순위 13) 섭취 주의사항(알레르기 유발 등),['health_orientation'],9,1,9
BH2_1,14,BH2. 가공식품 품목별 구입 시 우선 확인하는 사항(커피 및 차)_1순위 14) 보관방법,,,,
BH2_1,15,BH2. 가공식품 품목별 구입 시 우선 확인하는 사항(커피 및 차)_1순위 15) 알코올 도수,,,,
BH2_1,51,BH2. 가공식품 품목별 구입 시 우선 확인하는 사항(커피 및 차)_1순위 51) 맛,,,,
BH2_1,95,BH2. 가공식품 품목별 구입 시 우선 확인하는 사항(커피 및 차)_1순위 95) 구입하지 않음,,,,
BH2_2,1,BH2. 가공식품 품목별 구입 시 우선 확인하는 사항(커피 및 차)_2순위  1) 가격,['price_sensitivity'],9,0.7,6.3
BH2_2,2,BH2. 가공식품 품목별 구입 시 우선 확인하는 사항(커피 및 차)_2순위  2) 용량,,,,
BH2_2,3,BH2. 가공식품 품목별 구입 시 우선 확인하는 사항(커피 및 차)_2순위  3) 브랜드/상표/제조사,"['premium_orientation', 'brand_loyalty']",9,0.7,6.3
BH2_2,4,BH2. 가공식품 품목별 구입 시 우선 확인하는 사항(커피 및 차)_2순위  4) 제조일자/유통기한,,,,
BH2_2,5,BH2. 가공식품 품목별 구입 시 우선 확인하는 사항(커피 및 차)_2순위  5) 품질인증 표시,['premium_orientation'],9,0.7,6.3
BH2_2,6,BH2. 가공식품 품목별 구입 시 우선 확인하는 사항(커피 및 차)_2순위  6) 원산지,,,,
BH2_2,7,BH2. 가공식품 품목별 구입 시 우선 확인하는 사항(커피 및 차)_2순위  7) 영양성분,['health_orientation'],9,0.7,6.3
BH2_2,8,BH2. 가공식품 품목별 구입 시 우선 확인하는 사항(커피 및 차)_2순위  8) 식품첨가물,,,,
BH2_2,9,BH2. 가공식품 품목별 구입 시 우선 확인하는 사항(커피 및 차)_2순위  9) 원재료/성분 함량,['health_orientation'],9,0.7,6.3
BH2_2,10,BH2. 가공식품 품목별 구입 시 우선 확인하는 사항(커피 및 차)_2순위 10) 포장 디자인,['premium_orientation'],9,0.7,6.3
BH2_2,11,BH2. 가공식품 품목별 구입 시 우선 확인하는 사항(커피 및 차)_2순위 11) 포장 재활용 여부,,,,
BH2_2,12,BH2. 가공식품 품목별 구입 시 우선 확인하는 사항(커피 및 차)_2순위 12) 기능성 표시/식품의 효능,['health_orientation'],9,0.7,6.3
BH2_2,13,BH2. 가공식품 품목별 구입 시 우선 확인하는 사항(커피 및 차)_2순위 13) 섭취 주의사항(알레르기 유발 등),['health_orientation'],9,0.7,6.3
BH2_2,14,BH2. 가공식품 품목별 구입 시 우선 확인하는 사항(커피 및 차)_2순위 14) 보관방법,,,,
BH2_2,15,BH2. 가공식품 품목별 구입 시 우선 확인하는 사항(커피 및 차)_2순위 15) 알코올 도수,,,,
BH2_2,51,BH2. 가공식품 품목별 구입 시 우선 확인하는 사항(커피 및 차)_2순위 51) 맛,,,,
BH2_2,95,BH2. 가공식품 품목별 구입 시 우선 확인하는 사항(커피 및 차)_2순위 95) 구입하지 않음,,,,
BH2_3,1,BH2. 가공식품 품목별 구입 시 우선 확인하는 사항(커피 및 차)_3순위  1) 가격,['price_sensitivity'],9,0.5,4.5
BH2_3,2,BH2. 가공식품 품목별 구입 시 우선 확인하는 사항(커피 및 차)_3순위  2) 용량,,,,
BH2_3,3,BH2. 가공식품 품목별 구입 시 우선 확인하는 사항(커피 및 차)_3순위  3) 브랜드/상표/제조사,"['premium_orientation', 'brand_loyalty']",9,0.5,4.5
BH2_3,4,BH2. 가공식품 품목별 구입 시 우선 확인하는 사항(커피 및 차)_3순위  4) 제조일자/유통기한,,,,
BH2_3,5,BH2. 가공식품 품목별 구입 시 우선 확인하는 사항(커피 및 차)_3순위  5) 품질인증 표시,['premium_orientation'],9,0.5,4.5
BH2_3,6,BH2. 가공식품 품목별 구입 시 우선 확인하는 사항(커피 및 차)_3순위  6) 원산지,,,,
BH2_3,7,BH2. 가공식품 품목별 구입 시 우선 확인하는 사항(커피 및 차)_3순위  7) 영양성분,['health_orientation'],9,0.5,4.5
BH2_3,8,BH2. 가공식품 품목별 구입 시 우선 확인하는 사항(커피 및 차)_3순위  8) 식품첨가물,,,,
BH2_3,9,BH2. 가공식품 품목별 구입 시 우선 확인하는 사항(커피 및 차)_3순위  9) 원재료/성분 함량,['health_orientation'],9,0.5,4.5
BH2_3,10,BH2. 가공식품 품목별 구입 시 우선 확인하는 사항(커피 및 차)_3순위 10) 포장 디자인,['premium_orientation'],9,0.5,4.5
BH2_3,11,BH2. 가공식품 품목별 구입 시 우선 확인하는 사항(커피 및 차)_3순위 11) 포장 재활용 여부,,,,
BH2_3,12,BH2. 가공식품 품목별 구입 시 우선 확인하는 사항(커피 및 차)_3순위 12) 기능성 표시/식품의 효능,['health_orientation'],9,0.5,4.5
BH2_3,13,BH2. 가공식품 품목별 구입 시 우선 확인하는 사항(커피 및 차)_3순위 13) 섭취 주의사항(알레르기 유발 등),['health_orientation'],9,0.5,4.5
BH2_3,14,BH2. 가공식품 품목별 구입 시 우선 확인하는 사항(커피 및 차)_3순위 14) 보관방법,,,,
BH2_3,15,BH2. 가공식품 품목별 구입 시 우선 확인하는 사항(커피 및 차)_3순위 15) 알코올 도수,,,,
BH2_3,51,BH2. 가공식품 품목별 구입 시 우선 확인하는 사항(커피 및 차)_3순위 51) 맛,,,,
BH2_3,95,BH2. 가공식품 품목별 구입 시 우선 확인하는 사항(커피 및 차)_3순위 95) 구입하지 않음,,,,
BH3_1,1,BH3. 가공식품 품목별 구입 시 우선 확인하는 사항(음료류)_1순위  1) 가격,['price_sensitivity'],9,1,9
BH3_1,2,BH3. 가공식품 품목별 구입 시 우선 확인하는 사항(음료류)_1순위  2) 용량,,,,
BH3_1,3,BH3. 가공식품 품목별 구입 시 우선 확인하는 사항(음료류)_1순위  3) 브랜드/상표/제조사,"['premium_orientation', 'brand_loyalty']",9,1,9
BH3_1,4,BH3. 가공식품 품목별 구입 시 우선 확인하는 사항(음료류)_1순위  4) 제조일자/유통기한,,,,
BH3_1,5,BH3. 가공식품 품목별 구입 시 우선 확인하는 사항(음료류)_1순위  5) 품질인증 표시,['premium_orientation'],9,1,9
BH3_1,6,BH3. 가공식품 품목별 구입 시 우선 확인하는 사항(음료류)_1순위  6) 원산지,,,,
BH3_1,7,BH3. 가공식품 품목별 구입 시 우선 확인하는 사항(음료류)_1순위  7) 영양성분,['health_orientation'],9,1,9
BH3_1,8,BH3. 가공식품 품목별 구입 시 우선 확인하는 사항(음료류)_1순위  8) 식품첨가물,,,,
BH3_1,9,BH3. 가공식품 품목별 구입 시 우선 확인하는 사항(음료류)_1순위  9) 원재료/성분 함량,['health_orientation'],9,1,9
BH3_1,10,BH3. 가공식품 품목별 구입 시 우선 확인하는 사항(음료류)_1순위 10) 포장 디자인,['premium_orientation'],9,1,9
BH3_1,11,BH3. 가공식품 품목별 구입 시 우선 확인하는 사항(음료류)_1순위 11) 포장 재활용 여부,,,,
BH3_1,12,BH3. 가공식품 품목별 구입 시 우선 확인하는 사항(음료류)_1순위 12) 기능성 표시/식품의 효능,['health_orientation'],9,1,9
BH3_1,13,BH3. 가공식품 품목별 구입 시 우선 확인하는 사항(음료류)_1순위 13) 섭취 주의사항(알레르기 유발 등),['health_orientation'],9,1,9
BH3_1,14,BH3. 가공식품 품목별 구입 시 우선 확인하는 사항(음료류)_1순위 14) 보관방법,,,,
BH3_1,15,BH3. 가공식품 품목별 구입 시 우선 확인하는 사항(음료류)_1순위 15) 알코올 도수,,,,
BH3_1,51,BH3. 가공식품 품목별 구입 시 우선 확인하는 사항(음료류)_1순위 51) 맛,,,,
BH3_1,95,BH3. 가공식품 품목별 구입 시 우선 확인하는 사항(음료류)_1순위 95) 구입하지 않음,,,,
BH3_2,1,BH3. 가공식품 품목별 구입 시 우선 확인하는 사항(음료류)_2순위  1) 가격,['price_sensitivity'],9,0.7,6.3
BH3_2,2,BH3. 가공식품 품목별 구입 시 우선 확인하는 사항(음료류)_2순위  2) 용량,,,,
BH3_2,3,BH3. 가공식품 품목별 구입 시 우선 확인하는 사항(음료류)_2순위  3) 브랜드/상표/제조사,"['premium_orientation', 'brand_loyalty']",9,0.7,6.3
BH3_2,4,BH3. 가공식품 품목별 구입 시 우선 확인하는 사항(음료류)_2순위  4) 제조일자/유통기한,,,,
BH3_2,5,BH3. 가공식품 품목별 구입 시 우선 확인하는 사항(음료류)_2순위  5) 품질인증 표시,['premium_orientation'],9,0.7,6.3
BH3_2,6,BH3. 가공식품 품목별 구입 시 우선 확인하는 사항(음료류)_2순위  6) 원산지,,,,
BH3_2,7,BH3. 가공식품 품목별 구입 시 우선 확인하는 사항(음료류)_2순위  7) 영양성분,['health_orientation'],9,0.7,6.3
BH3_2,8,BH3. 가공식품 품목별 구입 시 우선 확인하는 사항(음료류)_2순위  8) 식품첨가물,,,,
BH3_2,9,BH3. 가공식품 품목별 구입 시 우선 확인하는 사항(음료류)_2순위  9) 원재료/성분 함량,['health_orientation'],9,0.7,6.3
BH3_2,10,BH3. 가공식품 품목별 구입 시 우선 확인하는 사항(음료류)_2순위 10) 포장 디자인,['premium_orientation'],9,0.7,6.3
BH3_2,11,BH3. 가공식품 품목별 구입 시 우선 확인하는 사항(음료류)_2순위 11) 포장 재활용 여부,,,,
BH3_2,12,BH3. 가공식품 품목별 구입 시 우선 확인하는 사항(음료류)_2순위 12) 기능성 표시/식품의 효능,['health_orientation'],9,0.7,6.3
BH3_2,13,BH3. 가공식품 품목별 구입 시 우선 확인하는 사항(음료류)_2순위 13) 섭취 주의사항(알레르기 유발 등),['health_orientation'],9,0.7,6.3
BH3_2,14,BH3. 가공식품 품목별 구입 시 우선 확인하는 사항(음료류)_2순위 14) 보관방법,,,,
BH3_2,15,BH3. 가공식품 품목별 구입 시 우선 확인하는 사항(음료류)_2순위 15) 알코올 도수,,,,
BH3_2,51,BH3. 가공식품 품목별 구입 시 우선 확인하는 사항(음료류)_2순위 51) 맛,,,,
BH3_2,95,BH3. 가공식품 품목별 구입 시 우선 확인하는 사항(음료류)_2순위 95) 구입하지 않음,,,,
BH3_3,1,BH3. 가공식품 품목별 구입 시 우선 확인하는 사항(음료류)_3순위  1) 가격,['price_sensitivity'],9,0.5,4.5
BH3_3,2,BH3. 가공식품 품목별 구입 시 우선 확인하는 사항(음료류)_3순위  2) 용량,,,,
BH3_3,3,BH3. 가공식품 품목별 구입 시 우선 확인하는 사항(음료류)_3순위  3) 브랜드/상표/제조사,"['premium_orientation', 'brand_loyalty']",9,0.5,4.5
BH3_3,4,BH3. 가공식품 품목별 구입 시 우선 확인하는 사항(음료류)_3순위  4) 제조일자/유통기한,,,,
BH3_3,5,BH3. 가공식품 품목별 구입 시 우선 확인하는 사항(음료류)_3순위  5) 품질인증 표시,['premium_orientation'],9,0.5,4.5
BH3_3,6,BH3. 가공식품 품목별 구입 시 우선 확인하는 사항(음료류)_3순위  6) 원산지,,,,
BH3_3,7,BH3. 가공식품 품목별 구입 시 우선 확인하는 사항(음료류)_3순위  7) 영양성분,['health_orientation'],9,0.5,4.5
BH3_3,8,BH3. 가공식품 품목별 구입 시 우선 확인하는 사항(음료류)_3순위  8) 식품첨가물,,,,
BH3_3,9,BH3. 가공식품 품목별 구입 시 우선 확인하는 사항(음료류)_3순위  9) 원재료/성분 함량,['health_orientation'],9,0.5,4.5
BH3_3,10,BH3. 가공식품 품목별 구입 시 우선 확인하는 사항(음료류)_3순위 10) 포장 디자인,['premium_orientation'],9,0.5,4.5
BH3_3,11,BH3. 가공식품 품목별 구입 시 우선 확인하는 사항(음료류)_3순위 11) 포장 재활용 여부,,,,
BH3_3,12,BH3. 가공식품 품목별 구입 시 우선 확인하는 사항(음료류)_3순위 12) 기능성 표시/식품의 효능,['health_orientation'],9,0.5,4.5
BH3_3,13,BH3. 가공식품 품목별 구입 시 우선 확인하는 사항(음료류)_3순위 13) 섭취 주의사항(알레르기 유발 등),['health_orientation'],9,0.5,4.5
BH3_3,14,BH3. 가공식품 품목별 구입 시 우선 확인하는 사항(음료류)_3순위 14) 보관방법,,,,
BH3_3,15,BH3. 가공식품 품목별 구입 시 우선 확인하는 사항(음료류)_3순위 15) 알코올 도수,,,,
BH3_3,51,BH3. 가공식품 품목별 구입 시 우선 확인하는 사항(음료류)_3순위 51) 맛,,,,
BH3_3,95,BH3. 가공식품 품목별 구입 시 우선 확인하는 사항(음료류)_3순위 95) 구입하지 않음,,,,
BI2_1,1,BI2. 가공식품 품목별 구입 시 우선 확인하는 사항(주류)_1순위  1) 가격,['price_sensitivity'],9,1,9
BI2_1,2,BI2. 가공식품 품목별 구입 시 우선 확인하는 사항(주류)_1순위  2) 용량,,,,
BI2_1,3,BI2. 가공식품 품목별 구입 시 우선 확인하는 사항(주류)_1순위  3) 브랜드/상표/제조사,"['premium_orientation', 'brand_loyalty']",9,1,9
BI2_1,4,BI2. 가공식품 품목별 구입 시 우선 확인하는 사항(주류)_1순위  4) 제조일자/유통기한,,,,
BI2_1,5,BI2. 가공식품 품목별 구입 시 우선 확인하는 사항(주류)_1순위  5) 품질인증 표시,['premium_orientation'],9,1,9
BI2_1,6,BI2. 가공식품 품목별 구입 시 우선 확인하는 사항(주류)_1순위  6) 원산지,,,,
BI2_1,7,BI2. 가공식품 품목별 구입 시 우선 확인하는 사항(주류)_1순위  7) 영양성분,['health_orientation'],9,1,9
BI2_1,8,BI2. 가공식품 품목별 구입 시 우선 확인하는 사항(주류)_1순위  8) 식품첨가물,,,,
BI2_1,9,BI2. 가공식품 품목별 구입 시 우선 확인하는 사항(주류)_1순위  9) 원재료/성분 함량,['health_orientation'],9,1,9
BI2_1,10,BI2. 가공식품 품목별 구입 시 우선 확인하는 사항(주류)_1순위 10) 포장 디자인,['premium_orientation'],9,1,9
BI2_1,11,BI2. 가공식품 품목별 구입 시 우선 확인하는 사항(주류)_1순위 11) 포장 재활용 여부,,,,
BI2_1,12,BI2. 가공식품 품목별 구입 시 우선 확인하는 사항(주류)_1순위 12) 기능성 표시/식품의 효능,['health_orientation'],9,1,9
BI2_1,13,BI2. 가공식품 품목별 구입 시 우선 확인하는 사항(주류)_1순위 13) 섭취 주의사항(알레르기 유발 등),['health_orientation'],9,1,9
BI2_1,14,BI2. 가공식품 품목별 구입 시 우선 확인하는 사항(주류)_1순위 14) 보관방법,,,,
BI2_1,15,BI2. 가공식품 품목별 구입 시 우선 확인하는 사항(주류)_1순위 15) 알코올 도수,,,,
BI2_1,51,BI2. 가공식품 품목별 구입 시 우선 확인하는 사항(주류)_1순위 51) 맛,,,,
BI2_1,95,BI2. 가공식품 품목별 구입 시 우선 확인하는 사항(주류)_1순위 95) 구입하지 않음,,,,
BI2_2,1,BI2. 가공식품 품목별 구입 시 우선 확인하는 사항(주류)_2순위  1) 가격,['price_sensitivity'],9,0.7,6.3
BI2_2,2,BI2. 가공식품 품목별 구입 시 우선 확인하는 사항(주류)_2순위  2) 용량,,,,
BI2_2,3,BI2. 가공식품 품목별 구입 시 우선 확인하는 사항(주류)_2순위  3) 브랜드/상표/제조사,"['premium_orientation', 'brand_loyalty']",9,0.7,6.3
BI2_2,4,BI2. 가공식품 품목별 구입 시 우선 확인하는 사항(주류)_2순위  4) 제조일자/유통기한,,,,
BI2_2,5,BI2. 가공식품 품목별 구입 시 우선 확인하는 사항(주류)_2순위  5) 품질인증 표시,['premium_orientation'],9,0.7,6.3
BI2_2,6,BI2. 가공식품 품목별 구입 시 우선 확인하는 사항(주류)_2순위  6) 원산지,,,,
BI2_2,7,BI2. 가공식품 품목별 구입 시 우선 확인하는 사항(주류)_2순위  7) 영양성분,['health_orientation'],9,0.7,6.3
BI2_2,8,BI2. 가공식품 품목별 구입 시 우선 확인하는 사항(주류)_2순위  8) 식품첨가물,,,,
BI2_2,9,BI2. 가공식품 품목별 구입 시 우선 확인하는 사항(주류)_2순위  9) 원재료/성분 함량,['health_orientation'],9,0.7,6.3
BI2_2,10,BI2. 가공식품 품목별 구입 시 우선 확인하는 사항(주류)_2순위 10) 포장 디자인,['premium_orientation'],9,0.7,6.3
BI2_2,11,BI2. 가공식품 품목별 구입 시 우선 확인하는 사항(주류)_2순위 11) 포장 재활용 여부,,,,
BI2_2,12,BI2. 가공식품 품목별 구입 시 우선 확인하는 사항(주류)_2순위 12) 기능성 표시/식품의 효능,['health_orientation'],9,0.7,6.3
BI2_2,13,BI2. 가공식품 품목별 구입 시 우선 확인하는 사항(주류)_2순위 13) 섭취 주의사항(알레르기 유발 등),['health_orientation'],9,0.7,6.3
BI2_2,14,BI2. 가공식품 품목별 구입 시 우선 확인하는 사항(주류)_2순위 14) 보관방법,,,,
BI2_2,15,BI2. 가공식품 품목별 구입 시 우선 확인하는 사항(주류)_2순위 15) 알코올 도수,,,,
BI2_2,51,BI2. 가공식품 품목별 구입 시 우선 확인하는 사항(주류)_2순위 51) 맛,,,,
BI2_2,95,BI2. 가공식품 품목별 구입 시 우선 확인하는 사항(주류)_2순위 95) 구입하지 않음,,,,
BI2_3,1,BI2. 가공식품 품목별 구입 시 우선 확인하는 사항(주류)_3순위  1) 가격,['price_sensitivity'],9,0.5,4.5
BI2_3,2,BI2. 가공식품 품목별 구입 시 우선 확인하는 사항(주류)_3순위  2) 용량,,,,
BI2_3,3,BI2. 가공식품 품목별 구입 시 우선 확인하는 사항(주류)_3순위  3) 브랜드/상표/제조사,"['premium_orientation', 'brand_loyalty']",9,0.5,4.5
BI2_3,4,BI2. 가공식품 품목별 구입 시 우선 확인하는 사항(주류)_3순위  4) 제조일자/유통기한,,,,
BI2_3,5,BI2. 가공식품 품목별 구입 시 우선 확인하는 사항(주류)_3순위  5) 품질인증 표시,['premium_orientation'],9,0.5,4.5
BI2_3,6,BI2. 가공식품 품목별 구입 시 우선 확인하는 사항(주류)_3순위  6) 원산지,,,,
BI2_3,7,BI2. 가공식품 품목별 구입 시 우선 확인하는 사항(주류)_3순위  7) 영양성분,['health_orientation'],9,0.5,4.5
BI2_3,8,BI2. 가공식품 품목별 구입 시 우선 확인하는 사항(주류)_3순위  8) 식품첨가물,,,,
BI2_3,9,BI2. 가공식품 품목별 구입 시 우선 확인하는 사항(주류)_3순위  9) 원재료/성분 함량,['health_orientation'],9,0.5,4.5
BI2_3,10,BI2. 가공식품 품목별 구입 시 우선 확인하는 사항(주류)_3순위 10) 포장 디자인,['premium_orientation'],9,0.5,4.5
BI2_3,11,BI2. 가공식품 품목별 구입 시 우선 확인하는 사항(주류)_3순위 11) 포장 재활용 여부,,,,
BI2_3,12,BI2. 가공식품 품목별 구입 시 우선 확인하는 사항(주류)_3순위 12) 기능성 표시/식품의 효능,['health_orientation'],9,0.5,4.5
BI2_3,13,BI2. 가공식품 품목별 구입 시 우선 확인하는 사항(주류)_3순위 13) 섭취 주의사항(알레르기 유발 등),['health_orientation'],9,0.5,4.5
BI2_3,14,BI2. 가공식품 품목별 구입 시 우선 확인하는 사항(주류)_3순위 14) 보관방법,,,,
BI2_3,15,BI2. 가공식품 품목별 구입 시 우선 확인하는 사항(주류)_3순위 15) 알코올 도수,,,,
BI2_3,51,BI2. 가공식품 품목별 구입 시 우선 확인하는 사항(주류)_3순위 51) 맛,,,,
BI2_3,95,BI2. 가공식품 품목별 구입 시 우선 확인하는 사항(주류)_3순위 95) 구입하지 않음,,,,
C2_1,1,C2. 간편식(HMR) 품목별 구입 시 우선 확인하는 사항_1순위  1) 가격,"['price_sensitivity', 'cooking_convenience', 'hmr_preference']",9,1,9
C2_1,2,C2. 간편식(HMR) 품목별 구입 시 우선 확인하는 사항_1순위  2) 용량,"['cooking_convenience', 'hmr_preference']",9,1,9
C2_1,3,C2. 간편식(HMR) 품목별 구입 시 우선 확인하는 사항_1순위  3) 브랜드/상표/제조사,"['premium_orientation', 'cooking_convenience', 'brand_loyalty', 'hmr_preference']",9,1,9
C2_1,4,C2. 간편식(HMR) 품목별 구입 시 우선 확인하는 사항_1순위  4) 제조일자/유통기한,"['cooking_convenience', 'hmr_preference']",9,1,9
C2_1,5,C2. 간편식(HMR) 품목별 구입 시 우선 확인하는 사항_1순위  5) 품질인증 표시,"['premium_orientation', 'cooking_convenience', 'hmr_preference']",9,1,9
C2_1,6,C2. 간편식(HMR) 품목별 구입 시 우선 확인하는 사항_1순위  6) 원산지,"['cooking_convenience', 'hmr_preference']",9,1,9
C2_1,7,C2. 간편식(HMR) 품목별 구입 시 우선 확인하는 사항_1순위  7) 영양성분,"['health_orientation', 'cooking_convenience', 'hmr_preference']",9,1,9
C2_1,8,C2. 간편식(HMR) 품목별 구입 시 우선 확인하는 사항_1순위  8) 식품첨가물,"['cooking_convenience', 'hmr_preference']",9,1,9
C2_1,9,C2. 간편식(HMR) 품목별 구입 시 우선 확인하는 사항_1순위  9) 원재료/성분 함량,"['health_orientation', 'cooking_convenience', 'hmr_preference']",9,1,9
C2_1,10,C2. 간편식(HMR) 품목별 구입 시 우선 확인하는 사항_1순위 10) 포장 디자인,"['premium_orientation', 'cooking_convenience', 'hmr_preference']",9,1,9
C2_1,11,C2. 간편식(HMR) 품목별 구입 시 우선 확인하는 사항_1순위 11) 포장 재활용 여부,"['cooking_convenience', 'hmr_preference']",9,1,9
C2_1,12,C2. 간편식(HMR) 품목별 구입 시 우선 확인하는 사항_1순위 12) 기능성 표시/식품의 효능,"['health_orientation', 'cooking_convenience', 'hmr_preference']",9,1,9
C2_1,13,C2. 간편식(HMR) 품목별 구입 시 우선 확인하는 사항_1순위 13) 섭취 주의사항(알레르기 유발 등),"['health_orientation', 'cooking_convenience', 'hmr_preference']",9,1,9
C2_1,14,C2. 간편식(HMR) 품목별 구입 시 우선 확인하는 사항_1순위 14) 보관방법,"['cooking_convenience', 'hmr_preference']",9,1,9
C2_1,15,C2. 간편식(HMR) 품목별 구입 시 우선 확인하는 사항_1순위 15) 알코올 도수,"['cooking_convenience', 'hmr_preference']",9,1,9
C2_1,51,C2. 간편식(HMR) 품목별 구입 시 우선 확인하는 사항_1순위 51) 맛,"['cooking_convenience', 'hmr_preference']",9,1,9
C2_1,95,C2. 간편식(HMR) 품목별 구입 시 우선 확인하는 사항_1순위 95) 구입하지 않음,"['cooking_convenience', 'hmr_preference']",0,1,0
C2_2,1,C2. 간편식(HMR) 품목별 구입 시 우선 확인하는 사항_2순위  1) 가격,"['price_sensitivity', 'cooking_convenience', 'hmr_preference']",9,0.7,6.3
C2_2,2,C2. 간편식(HMR) 품목별 구입 시 우선 확인하는 사항_2순위  2) 용량,"['cooking_convenience', 'hmr_preference']",9,0.7,6.3
C2_2,3,C2. 간편식(HMR) 품목별 구입 시 우선 확인하는 사항_2순위  3) 브랜드/상표/제조사,"['premium_orientation', 'cooking_convenience', 'brand_loyalty', 'hmr_preference']",9,0.7,6.3
C2_2,4,C2. 간편식(HMR) 품목별 구입 시 우선 확인하는 사항_2순위  4) 제조일자/유통기한,"['cooking_convenience', 'hmr_preference']",9,0.7,6.3
C2_2,5,C2. 간편식(HMR) 품목별 구입 시 우선 확인하는 사항_2순위  5) 품질인증 표시,"['premium_orientation', 'cooking_convenience', 'hmr_preference']",9,0.7,6.3
C2_2,6,C2. 간편식(HMR) 품목별 구입 시 우선 확인하는 사항_2순위  6) 원산지,"['cooking_convenience', 'hmr_preference']",9,0.7,6.3
C2_2,7,C2. 간편식(HMR) 품목별 구입 시 우선 확인하는 사항_2순위  7) 영양성분,"['health_orientation', 'cooking_convenience', 'hmr_preference']",9,0.7,6.3
C2_2,8,C2. 간편식(HMR) 품목별 구입 시 우선 확인하는 사항_2순위  8) 식품첨가물,"['cooking_convenience', 'hmr_preference']",9,0.7,6.3
C2_2,9,C2. 간편식(HMR) 품목별 구입 시 우선 확인하는 사항_2순위  9) 원재료/성분 함량,"['health_orientation', 'cooking_convenience', 'hmr_preference']",9,0.7,6.3
C2_2,10,C2. 간편식(HMR) 품목별 구입 시 우선 확인하는 사항_2순위 10) 포장 디자인,"['premium_orientation', 'cooking_convenience', 'hmr_preference']",9,0.7,6.3
C2_2,11,C2. 간편식(HMR) 품목별 구입 시 우선 확인하는 사항_2순위 11) 포장 재활용 여부,"['cooking_convenience', 'hmr_preference']",9,0.7,6.3
C2_2,12,C2. 간편식(HMR) 품목별 구입 시 우선 확인하는 사항_2순위 12) 기능성 표시/식품의 효능,"['health_orientation', 'cooking_convenience', 'hmr_preference']",9,0.7,6.3
C2_2,13,C2. 간편식(HMR) 품목별 구입 시 우선 확인하는 사항_2순위 13) 섭취 주의사항(알레르기 유발 등),"['health_orientation', 'cooking_convenience', 'hmr_preference']",9,0.7,6.3
C2_2,14,C2. 간편식(HMR) 품목별 구입 시 우선 확인하는 사항_2순위 14) 보관방법,"['cooking_convenience', 'hmr_preference']",9,0.7,6.3
C2_2,15,C2. 간편식(HMR) 품목별 구입 시 우선 확인하는 사항_2순위 15) 알코올 도수,"['cooking_convenience', 'hmr_preference']",9,0.7,6.3
C2_2,51,C2. 간편식(HMR) 품목별 구입 시 우선 확인하는 사항_2순위 51) 맛,"['cooking_convenience', 'hmr_preference']",9,0.7,6.3
C2_2,95,C2. 간편식(HMR) 품목별 구입 시 우선 확인하는 사항_2순위 95) 구입하지 않음,"['cooking_convenience', 'hmr_preference']",0,0.7,0
C2_3,1,C2. 간편식(HMR) 품목별 구입 시 우선 확인하는 사항_3순위  1) 가격,"['price_sensitivity', 'cooking_convenience', 'hmr_preference']",9,0.5,4.5
C2_3,2,C2. 간편식(HMR) 품목별 구입 시 우선 확인하는 사항_3순위  2) 용량,"['cooking_convenience', 'hmr_preference']",9,0.5,4.5
C2_3,3,C2. 간편식(HMR) 품목별 구입 시 우선 확인하는 사항_3순위  3) 브랜드/상표/제조사,"['premium_orientation', 'cooking_convenience', 'brand_loyalty', 'hmr_preference']",9,0.5,4.5
C2_3,4,C2. 간편식(HMR) 품목별 구입 시 우선 확인하는 사항_3순위  4) 제조일자/유통기한,"['cooking_convenience', 'hmr_preference']",9,0.5,4.5
C2_3,5,C2. 간편식(HMR) 품목별 구입 시 우선 확인하는 사항_3순위  5) 품질인증 표시,"['premium_orientation', 'cooking_convenience', 'hmr_preference']",9,0.5,4.5
C2_3,6,C2. 간편식(HMR) 품목별 구입 시 우선 확인하는 사항_3순위  6) 원산지,"['cooking_convenience', 'hmr_preference']",9,0.5,4.5
C2_3,7,C2. 간편식(HMR) 품목별 구입 시 우선 확인하는 사항_3순위  7) 영양성분,"['health_orientation', 'cooking_convenience', 'hmr_preference']",9,0.5,4.5
C2_3,8,C2. 간편식(HMR) 품목별 구입 시 우선 확인하는 사항_3순위  8) 식품첨가물,"['cooking_convenience', 'hmr_preference']",9,0.5,4.5
C2_3,9,C2. 간편식(HMR) 품목별 구입 시 우선 확인하는 사항_3순위  9) 원재료/성분 함량,"['health_orientation', 'cooking_convenience', 'hmr_preference']",9,0.5,4.5
C2_3,10,C2. 간편식(HMR) 품목별 구입 시 우선 확인하는 사항_3순위 10) 포장 디자인,"['premium_orientation', 'cooking_convenience', 'hmr_preference']",9,0.5,4.5
C2_3,11,C2. 간편식(HMR) 품목별 구입 시 우선 확인하는 사항_3순위 11) 포장 재활용 여부,"['cooking_convenience', 'hmr_preference']",9,0.5,4.5
C2_3,12,C2. 간편식(HMR) 품목별 구입 시 우선 확인하는 사항_3순위 12) 기능성 표시/식품의 효능,"['health_orientation', 'cooking_convenience', 'hmr_preference']",9,0.5,4.5
C2_3,13,C2. 간편식(HMR) 품목별 구입 시 우선 확인하는 사항_3순위 13) 섭취 주의사항(알레르기 유발 등),"['health_orientation', 'cooking_convenience', 'hmr_preference']",9,0.5,4.5
C2_3,14,C2. 간편식(HMR) 품목별 구입 시 우선 확인하는 사항_3순위 14) 보관방법,"['cooking_convenience', 'hmr_preference']",9,0.5,4.5
C2_3,15,C2. 간편식(HMR) 품목별 구입 시 우선 확인하는 사항_3순위 15) 알코올 도수,"['cooking_convenience', 'hmr_preference']",9,0.5,4.5
C2_3,51,C2. 간편식(HMR) 품목별 구입 시 우선 확인하는 사항_3순위 51) 맛,"['cooking_convenience', 'hmr_preference']",9,0.5,4.5
C2_3,95,C2. 간편식(HMR) 품목별 구입 시 우선 확인하는 사항_3순위 95) 구입하지 않음,"['cooking_convenience', 'hmr_preference']",0,0.5,0
C3_1,1,C3. 간편식(HMR) 구입 이유_1순위  1) 재료를 사서 조리하는 것보다 비용이 적게 들어서,"['price_sensitivity', 'cooking_convenience', 'hmr_preference']",9,1,9
C3_1,2,C3. 간편식(HMR) 구입 이유_1순위  2) 간편식이 맛있어서,"['cooking_convenience', 'hmr_preference']",9,1,9
C3_1,3,C3. 간편식(HMR) 구입 이유_1순위  3) 직접 조리할 줄 몰라서,"['cooking_convenience', 'hmr_preference']",9,1,9
C3_1,4,C3. 간편식(HMR) 구입 이유_1순위  4) 직접 조리할 시간이 없어서,"['cooking_convenience', 'hmr_preference']",9,1,9
C3_1,5,C3. 간편식(HMR) 구입 이유_1순위  5) 조리하기 번거롭고 귀찮아서,"['cooking_convenience', 'hmr_preference']",9,1,9
C3_1,6,C3. 간편식(HMR) 구입 이유_1순위  6) 간편식으로 다양한 음식을 맛 볼 수 있어서,"['cooking_convenience', 'hmr_preference', 'variety_seeking']",9,1,9
C3_1,7,C3. 간편식(HMR) 구입 이유_1순위  7) 직접 조리보다 음식물 쓰레기 등 낭비를 줄일 수 있어서,"['cooking_convenience', 'hmr_preference']",9,1,9
C3_1,8,C3. 간편식(HMR) 구입 이유_1순위  8) 보관성/휴대성이 좋아서,"['cooking_convenience', 'hmr_preference']",9,1,9
C3_1,9,C3. 간편식(HMR) 구입 이유_1순위  9) 균형 잡힌 영양소를 섭취할 수 있어서,"['health_orientation', 'cooking_convenience', 'hmr_preference']",9,1,9
C3_1,91,C3. 간편식(HMR) 구입 이유_1순위 91) 구입하지 않음,"['cooking_convenience', 'hmr_preference']",0,1,0
C3_2,1,C3. 간편식(HMR) 구입 이유_2순위  1) 재료를 사서 조리하는 것보다 비용이 적게 들어서,"['price_sensitivity', 'cooking_convenience', 'hmr_preference']",9,0.7,6.3
C3_2,2,C3. 간편식(HMR) 구입 이유_2순위  2) 간편식이 맛있어서,"['cooking_convenience', 'hmr_preference']",9,0.7,6.3
C3_2,3,C3. 간편식(HMR) 구입 이유_2순위  3) 직접 조리할 줄 몰라서,"['cooking_convenience', 'hmr_preference']",9,0.7,6.3
C3_2,4,C3. 간편식(HMR) 구입 이유_2순위  4) 직접 조리할 시간이 없어서,"['cooking_convenience', 'hmr_preference']",9,0.7,6.3
C3_2,5,C3. 간편식(HMR) 구입 이유_2순위  5) 조리하기 번거롭고 귀찮아서,"['cooking_convenience', 'hmr_preference']",9,0.7,6.3
C3_2,6,C3. 간편식(HMR) 구입 이유_2순위  6) 간편식으로 다양한 음식을 맛 볼 수 있어서,"['cooking_convenience', 'hmr_preference', 'variety_seeking']",9,0.7,6.3
C3_2,7,C3. 간편식(HMR) 구입 이유_2순위  7) 직접 조리보다 음식물 쓰레기 등 낭비를 줄일 수 있어서,"['cooking_convenience', 'hmr_preference']",9,0.7,6.3
C3_2,8,C3. 간편식(HMR) 구입 이유_2순위  8) 보관성/휴대성이 좋아서,"['cooking_convenience', 'hmr_preference']",9,0.7,6.3
C3_2,9,C3. 간편식(HMR) 구입 이유_2순위  9) 균형 잡힌 영양소를 섭취할 수 있어서,"['health_orientation', 'cooking_convenience', 'hmr_preference']",9,0.7,6.3
C3_2,91,C3. 간편식(HMR) 구입 이유_2순위 91) 구입하지 않음,"['cooking_convenience', 'hmr_preference']",0,0.7,0
C4_1,1,C4-1. 간편식(HMR) 구입 주기(즉석 조리 식품)  1) 매일 1회 이상,,9,1,
C4_1,2,C4-1. 간편식(HMR) 구입 주기(즉석 조리 식품)  2) 주 4~6회,,9,1,
C4_1,3,C4-1. 간편식(HMR) 구입 주기(즉석 조리 식품)  3) 주 2~3회,,9,1,
C4_1,4,C4-1. 간편식(HMR) 구입 주기(즉석 조리 식품)  4) 주 1회,,9,1,
C4_1,5,C4-1. 간편식(HMR) 구입 주기(즉석 조리 식품)  5) 2주일에 1회,,9,1,
C4_1,6,C4-1. 간편식(HMR) 구입 주기(즉석 조리 식품)  6) 1달에 1회,,9,1,
C4_1,7,C4-1. 간편식(HMR) 구입 주기(즉석 조리 식품)  7) 그보다 드물게,,9,1,
C4_1,8,C4-1. 간편식(HMR) 구입 주기(즉석 조리 식품)  8) 구입하지 않음,,9,1,
C4_1,1,C4-2. 간편식(HMR) 구입 주기(즉석 섭취 식품)  1) 매일 1회 이상,,9,1,
C4_1,2,C4-2. 간편식(HMR) 구입 주기(즉석 섭취 식품)  2) 주 4~6회,,9,1,
C4_1,3,C4-2. 간편식(HMR) 구입 주기(즉석 섭취 식품)  3) 주 2~3회,,9,1,
C4_1,4,C4-2. 간편식(HMR) 구입 주기(즉석 섭취 식품)  4) 주 1회,,9,1,
C4_1,5,C4-2. 간편식(HMR) 구입 주기(즉석 섭취 식품)  5) 2주일에 1회,,9,1,
C4_1,6,C4-2. 간편식(HMR) 구입 주기(즉석 섭취 식품)  6) 1달에 1회,,9,1,
C4_1,7,C4-2. 간편식(HMR) 구입 주기(즉석 섭취 식품)  7) 그보다 드물게,,9,1,
C4_1,8,C4-2. 간편식(HMR) 구입 주기(즉석 섭취 식품)  8) 구입하지 않음,,9,1,
C4_1,1,C4-3. 간편식(HMR) 구입 주기(신선 편의 식품)  1) 매일 1회 이상,,9,1,
C4_1,2,C4-3. 간편식(HMR) 구입 주기(신선 편의 식품)  2) 주 4~6회,,9,1,
C4_1,3,C4-3. 간편식(HMR) 구입 주기(신선 편의 식품)  3) 주 2~3회,,9,1,
C4_1,4,C4-3. 간편식(HMR) 구입 주기(신선 편의 식품)  4) 주 1회,,9,1,
C4_1,5,C4-3. 간편식(HMR) 구입 주기(신선 편의 식품)  5) 2주일에 1회,,9,1,
C4_1,6,C4-3. 간편식(HMR) 구입 주기(신선 편의 식품)  6) 1달에 1회,,9,1,
C4_1,7,C4-3. 간편식(HMR) 구입 주기(신선 편의 식품)  7) 그보다 드물게,,9,1,
C4_1,8,C4-3. 간편식(HMR) 구입 주기(신선 편의 식품)  8) 구입하지 않음,,9,1,
C4_1,1,C4-4. 간편식(HMR) 구입 주기(간편조리세트)  1) 매일 1회 이상,,9,1,
C4_1,2,C4-4. 간편식(HMR) 구입 주기(간편조리세트)  2) 주 4~6회,,9,1,
C4_1,3,C4-4. 간편식(HMR) 구입 주기(간편조리세트)  3) 주 2~3회,,9,1,
C4_4,4,C4-4. 간편식(HMR) 구입 주기(간편조리세트)  4) 주 1회,,9,1,
C4_4,5,C4-4. 간편식(HMR) 구입 주기(간편조리세트)  5) 2주일에 1회,,9,1,
C4_4,6,C4-4. 간편식(HMR) 구입 주기(간편조리세트)  6) 1달에 1회,,9,1,
C4_4,7,C4-4. 간편식(HMR) 구입 주기(간편조리세트)  7) 그보다 드물게,,9,1,
C4_4,8,C4-4. 간편식(HMR) 구입 주기(간편조리세트)  8) 구입하지 않음,,9,1,
C9_1,1,C9-1. 간편식(HMR) 만족도(가격)  1) 매우 불만족 한다,"['price_sensitivity', 'cooking_convenience', 'hmr_preference']",1,1,1
C9_1,2,C9-1. 간편식(HMR) 만족도(가격)  2) 불만족하는 편이다,"['price_sensitivity', 'cooking_convenience', 'hmr_preference']",3,1,3
C9_1,3,C9-1. 간편식(HMR) 만족도(가격)  3) 보통이다,"['price_sensitivity', 'cooking_convenience', 'hmr_preference']",5,1,5
C9_1,4,C9-1. 간편식(HMR) 만족도(가격)  4) 만족하는 편이다,"['price_sensitivity', 'cooking_convenience', 'hmr_preference']",7,1,7
C9_1,5,C9-1. 간편식(HMR) 만족도(가격)  5) 매우 만족한다,"['price_sensitivity', 'cooking_convenience', 'hmr_preference']",9,1,9
C9_2,1,C9-2. 간편식(HMR) 만족도(맛)  1) 매우 불만족 한다,"['cooking_convenience', 'hmr_preference']",1,1,1
C9_2,2,C9-2. 간편식(HMR) 만족도(맛)  2) 불만족하는 편이다,"['cooking_convenience', 'hmr_preference']",3,1,3
C9_2,3,C9-2. 간편식(HMR) 만족도(맛)  3) 보통이다,"['cooking_convenience', 'hmr_preference']",5,1,5
C9_2,4,C9-2. 간편식(HMR) 만족도(맛)  4) 만족하는 편이다,"['cooking_convenience', 'hmr_preference']",7,1,7
C9_2,5,C9-2. 간편식(HMR) 만족도(맛)  5) 매우 만족한다,"['cooking_convenience', 'hmr_preference']",9,1,9
C9_3,1,C9-3. 간편식(HMR) 만족도(안전성)  1) 매우 불만족 한다,"['health_orientation', 'cooking_convenience', 'hmr_preference']",1,1,1
C9_3,2,C9-3. 간편식(HMR) 만족도(안전성)  2) 불만족하는 편이다,"['health_orientation', 'cooking_convenience', 'hmr_preference']",3,1,3
C9_3,3,C9-3. 간편식(HMR) 만족도(안전성)  3) 보통이다,"['health_orientation', 'cooking_convenience', 'hmr_preference']",5,1,5
C9_3,4,C9-3. 간편식(HMR) 만족도(안전성)  4) 만족하는 편이다,"['health_orientation', 'cooking_convenience', 'hmr_preference']",7,1,7
C9_3,5,C9-3. 간편식(HMR) 만족도(안전성)  5) 매우 만족한다,"['health_orientation', 'cooking_convenience', 'hmr_preference']",9,1,9
C9_4,1,C9-4. 간편식(HMR) 만족도(영양)  1) 매우 불만족 한다,"['health_orientation', 'cooking_convenience', 'hmr_preference']",1,1,1
C9_4,2,C9-4. 간편식(HMR) 만족도(영양)  2) 불만족하는 편이다,"['health_orientation', 'cooking_convenience', 'hmr_preference']",3,1,3
C9_4,3,C9-4. 간편식(HMR) 만족도(영양)  3) 보통이다,"['health_orientation', 'cooking_convenience', 'hmr_preference']",5,1,5
C9_4,4,C9-4. 간편식(HMR) 만족도(영양)  4) 만족하는 편이다,"['health_orientation', 'cooking_convenience', 'hmr_preference']",7,1,7
C9_4,5,C9-4. 간편식(HMR) 만족도(영양)  5) 매우 만족한다,"['health_orientation', 'cooking_convenience', 'hmr_preference']",9,1,9
C9_5,1,C9-5. 간편식(HMR) 만족도(편리성)  1) 매우 불만족 한다,"['cooking_convenience', 'hmr_preference']",1,1,1
C9_5,2,C9-5. 간편식(HMR) 만족도(편리성)  2) 불만족하는 편이다,"['cooking_convenience', 'hmr_preference']",3,1,3
C9_5,3,C9-5. 간편식(HMR) 만족도(편리성)  3) 보통이다,"['cooking_convenience', 'hmr_preference']",5,1,5
C9_5,4,C9-5. 간편식(HMR) 만족도(편리성)  4) 만족하는 편이다,"['cooking_convenience', 'hmr_preference']",7,1,7
C9_5,5,C9-5. 간편식(HMR) 만족도(편리성)  5) 매우 만족한다,"['cooking_convenience', 'hmr_preference']",9,1,9
C9_6,1,C9-6. 간편식(HMR) 만족도(다양성)  1) 매우 불만족 한다,"['cooking_convenience', 'hmr_preference', 'variety_seeking']",1,1,1
C9_6,2,C9-6. 간편식(HMR) 만족도(다양성)  2) 불만족하는 편이다,"['cooking_convenience', 'hmr_preference', 'variety_seeking']",3,1,3
C9_6,3,C9-6. 간편식(HMR) 만족도(다양성)  3) 보통이다,"['cooking_convenience', 'hmr_preference', 'variety_seeking']",5,1,5
C9_6,4,C9-6. 간편식(HMR) 만족도(다양성)  4) 만족하는 편이다,"['cooking_convenience', 'hmr_preference', 'variety_seeking']",7,1,7
C9_6,5,C9-6. 간편식(HMR) 만족도(다양성)  5) 매우 만족한다,"['cooking_convenience', 'hmr_preference', 'variety_seeking']",9,1,9
C9_7,1,C9-7. 간편식(HMR) 만족도(전반적 만족도)  1) 매우 불만족 한다,"['cooking_convenience', 'hmr_preference']",1,1,1
C9_7,2,C9-7. 간편식(HMR) 만족도(전반적 만족도)  2) 불만족하는 편이다,"['cooking_convenience', 'hmr_preference']",3,1,3
C9_7,3,C9-7. 간편식(HMR) 만족도(전반적 만족도)  3) 보통이다,"['cooking_convenience', 'hmr_preference']",5,1,5
C9_7,4,C9-7. 간편식(HMR) 만족도(전반적 만족도)  4) 만족하는 편이다,"['cooking_convenience', 'hmr_preference']",7,1,7
C9_7,5,C9-7. 간편식(HMR) 만족도(전반적 만족도)  5) 매우 만족한다,"['cooking_convenience', 'hmr_preference']",9,1,9
C11,1,C11. 향후 1년 간편식 구입 변화 예상  1) 매우 감소할 것이다,"['cooking_convenience', 'hmr_preference', 'variety_seeking']",1,1,1
C11,2,C11. 향후 1년 간편식 구입 변화 예상  2) 약간 감소할 것이다,"['cooking_convenience', 'hmr_preference', 'variety_seeking']",3,1,3
C11,3,C11. 향후 1년 간편식 구입 변화 예상  3) 현 수준을 유지할 것이다,"['cooking_convenience', 'hmr_preference', 'variety_seeking']",5,1,5
C11,4,C11. 향후 1년 간편식 구입 변화 예상  4) 약간 증가할 것이다,"['cooking_convenience', 'hmr_preference', 'variety_seeking']",7,1,7
C11,5,C11. 향후 1년 간편식 구입 변화 예상  5) 매우 증가할 것이다,"['cooking_convenience', 'hmr_preference', 'variety_seeking']",9,1,9
D3_1,1,D3. 건강기능식품 품목별 구입 시 우선 확인하는 사항_1순위  1) 가격,"['price_sensitivity', 'health_orientation']",9,1,9
D3_1,2,D3. 건강기능식품 품목별 구입 시 우선 확인하는 사항_1순위  2) 용량,['health_orientation'],9,1,9
D3_1,3,D3. 건강기능식품 품목별 구입 시 우선 확인하는 사항_1순위  3) 브랜드/상표/제조사,"['health_orientation', 'premium_orientation', 'brand_loyalty']",9,1,9
D3_1,4,D3. 건강기능식품 품목별 구입 시 우선 확인하는 사항_1순위  4) 제조일자/유통기한,['health_orientation'],9,1,9
D3_1,5,D3. 건강기능식품 품목별 구입 시 우선 확인하는 사항_1순위  5) 품질인증 표시,"['health_orientation', 'premium_orientation']",9,1,9
D3_1,6,D3. 건강기능식품 품목별 구입 시 우선 확인하는 사항_1순위  6) 원산지,['health_orientation'],9,1,9
D3_1,7,D3. 건강기능식품 품목별 구입 시 우선 확인하는 사항_1순위  7) 영양성분,['health_orientation'],9,1,9
D3_1,8,D3. 건강기능식품 품목별 구입 시 우선 확인하는 사항_1순위  8) 식품첨가물,['health_orientation'],9,1,9
D3_1,9,D3. 건강기능식품 품목별 구입 시 우선 확인하는 사항_1순위  9) 원재료/성분 함량,['health_orientation'],9,1,9
D3_1,10,D3. 건강기능식품 품목별 구입 시 우선 확인하는 사항_1순위 10) 포장 디자인,"['health_orientation', 'premium_orientation']",9,1,9
D3_1,11,D3. 건강기능식품 품목별 구입 시 우선 확인하는 사항_1순위 11) 포장 재활용 여부,['health_orientation'],9,1,9
D3_1,12,D3. 건강기능식품 품목별 구입 시 우선 확인하는 사항_1순위 12) 기능성 표시/식품의 효능,['health_orientation'],9,1,9
D3_1,13,D3. 건강기능식품 품목별 구입 시 우선 확인하는 사항_1순위 13) 섭취 주의사항(알레르기 유발 등),['health_orientation'],9,1,9
D3_1,14,D3. 건강기능식품 품목별 구입 시 우선 확인하는 사항_1순위 14) 보관방법,['health_orientation'],9,1,9
D3_1,15,"D3. 건강기능식품 품목별 구입 시 우선 확인하는 사항_1순위 15) 구매후기(리뷰), 평점 등",['health_orientation'],9,1,9
D3_2,1,D3. 건강기능식품 품목별 구입 시 우선 확인하는 사항_2순위  1) 가격,"['price_sensitivity', 'health_orientation']",9,0.7,6.3
D3_2,2,D3. 건강기능식품 품목별 구입 시 우선 확인하는 사항_2순위  2) 용량,['health_orientation'],9,0.7,6.3
D3_2,3,D3. 건강기능식품 품목별 구입 시 우선 확인하는 사항_2순위  3) 브랜드/상표/제조사,"['health_orientation', 'premium_orientation', 'brand_loyalty']",9,0.7,6.3
D3_2,4,D3. 건강기능식품 품목별 구입 시 우선 확인하는 사항_2순위  4) 제조일자/유통기한,['health_orientation'],9,0.7,6.3
D3_2,5,D3. 건강기능식품 품목별 구입 시 우선 확인하는 사항_2순위  5) 품질인증 표시,"['health_orientation', 'premium_orientation']",9,0.7,6.3
D3_2,6,D3. 건강기능식품 품목별 구입 시 우선 확인하는 사항_2순위  6) 원산지,['health_orientation'],9,0.7,6.3
D3_2,7,D3. 건강기능식품 품목별 구입 시 우선 확인하는 사항_2순위  7) 영양성분,['health_orientation'],9,0.7,6.3
D3_2,8,D3. 건강기능식품 품목별 구입 시 우선 확인하는 사항_2순위  8) 식품첨가물,['health_orientation'],9,0.7,6.3
D3_2,9,D3. 건강기능식품 품목별 구입 시 우선 확인하는 사항_2순위  9) 원재료/성분 함량,['health_orientation'],9,0.7,6.3
D3_2,10,D3. 건강기능식품 품목별 구입 시 우선 확인하는 사항_2순위 10) 포장 디자인,"['health_orientation', 'premium_orientation']",9,0.7,6.3
D3_2,11,D3. 건강기능식품 품목별 구입 시 우선 확인하는 사항_2순위 11) 포장 재활용 여부,['health_orientation'],9,0.7,6.3
D3_2,12,D3. 건강기능식품 품목별 구입 시 우선 확인하는 사항_2순위 12) 기능성 표시/식품의 효능,['health_orientation'],9,0.7,6.3
D3_2,13,D3. 건강기능식품 품목별 구입 시 우선 확인하는 사항_2순위 13) 섭취 주의사항(알레르기 유발 등),['health_orientation'],9,0.7,6.3
D3_2,14,D3. 건강기능식품 품목별 구입 시 우선 확인하는 사항_2순위 14) 보관방법,['health_orientation'],9,0.7,6.3
D3_2,15,"D3. 건강기능식품 품목별 구입 시 우선 확인하는 사항_2순위 15) 구매후기(리뷰), 평점 등",['health_orientation'],9,0.7,6.3
D3_3,1,D3. 건강기능식품 품목별 구입 시 우선 확인하는 사항_3순위  1) 가격,"['price_sensitivity', 'health_orientation']",9,0.5,4.5
D3_3,2,D3. 건강기능식품 품목별 구입 시 우선 확인하는 사항_3순위  2) 용량,['health_orientation'],9,0.5,4.5
D3_3,3,D3. 건강기능식품 품목별 구입 시 우선 확인하는 사항_3순위  3) 브랜드/상표/제조사,"['health_orientation', 'premium_orientation', 'brand_loyalty']",9,0.5,4.5
D3_3,4,D3. 건강기능식품 품목별 구입 시 우선 확인하는 사항_3순위  4) 제조일자/유통기한,['health_orientation'],9,0.5,4.5
D3_3,5,D3. 건강기능식품 품목별 구입 시 우선 확인하는 사항_3순위  5) 품질인증 표시,"['health_orientation', 'premium_orientation']",9,0.5,4.5
D3_3,6,D3. 건강기능식품 품목별 구입 시 우선 확인하는 사항_3순위  6) 원산지,['health_orientation'],9,0.5,4.5
D3_3,7,D3. 건강기능식품 품목별 구입 시 우선 확인하는 사항_3순위  7) 영양성분,['health_orientation'],9,0.5,4.5
D3_3,8,D3. 건강기능식품 품목별 구입 시 우선 확인하는 사항_3순위  8) 식품첨가물,['health_orientation'],9,0.5,4.5
D3_3,9,D3. 건강기능식품 품목별 구입 시 우선 확인하는 사항_3순위  9) 원재료/성분 함량,['health_orientation'],9,0.5,4.5
D3_3,10,D3. 건강기능식품 품목별 구입 시 우선 확인하는 사항_3순위 10) 포장 디자인,"['health_orientation', 'premium_orientation']",9,0.5,4.5
D3_3,11,D3. 건강기능식품 품목별 구입 시 우선 확인하는 사항_3순위 11) 포장 재활용 여부,['health_orientation'],9,0.5,4.5
D3_3,12,D3. 건강기능식품 품목별 구입 시 우선 확인하는 사항_3순위 12) 기능성 표시/식품의 효능,['health_orientation'],9,0.5,4.5
D3_3,13,D3. 건강기능식품 품목별 구입 시 우선 확인하는 사항_3순위 13) 섭취 주의사항(알레르기 유발 등),['health_orientation'],9,0.5,4.5
D3_3,14,D3. 건강기능식품 품목별 구입 시 우선 확인하는 사항_3순위 14) 보관방법,['health_orientation'],9,0.5,4.5
D3_3,15,"D3. 건강기능식품 품목별 구입 시 우선 확인하는 사항_3순위 15) 구매후기(리뷰), 평점 등",['health_orientation'],9,0.5,4.5
D10_1,1,D10-1. 건강기능식품 만족도(가격)  1) 매우 불만족 한다,"['price_sensitivity', 'health_orientation']",1,1,1
D10_1,2,D10-1. 건강기능식품 만족도(가격)  2) 불만족하는 편이다,"['price_sensitivity', 'health_orientation']",3,1,3
D10_1,3,D10-1. 건강기능식품 만족도(가격)  3) 보통이다,"['price_sensitivity', 'health_orientation']",5,1,5
D10_1,4,D10-1. 건강기능식품 만족도(가격)  4) 만족하는 편이다,"['price_sensitivity', 'health_orientation']",7,1,7
D10_1,5,D10-1. 건강기능식품 만족도(가격)  5) 매우 만족한다,"['price_sensitivity', 'health_orientation']",9,1,9
D10_2,1,D10-2. 건강기능식품 만족도(맛)  1) 매우 불만족 한다,['health_orientation'],1,1,1
D10_2,2,D10-2. 건강기능식품 만족도(맛)  2) 불만족하는 편이다,['health_orientation'],3,1,3
D10_2,3,D10-2. 건강기능식품 만족도(맛)  3) 보통이다,['health_orientation'],5,1,5
D10_2,4,D10-2. 건강기능식품 만족도(맛)  4) 만족하는 편이다,['health_orientation'],7,1,7
D10_2,5,D10-2. 건강기능식품 만족도(맛)  5) 매우 만족한다,['health_orientation'],9,1,9
D10_3,1,D10-3. 건강기능식품 만족도(안전성)  1) 매우 불만족 한다,['health_orientation'],1,1,1
D10_3,2,D10-3. 건강기능식품 만족도(안전성)  2) 불만족하는 편이다,['health_orientation'],3,1,3
D10_3,3,D10-3. 건강기능식품 만족도(안전성)  3) 보통이다,['health_orientation'],5,1,5
D10_3,4,D10-3. 건강기능식품 만족도(안전성)  4) 만족하는 편이다,['health_orientation'],7,1,7
D10_3,5,D10-3. 건강기능식품 만족도(안전성)  5) 매우 만족한다,['health_orientation'],9,1,9
D10_4,1,D10-4. 건강기능식품 만족도(영양)  1) 매우 불만족 한다,['health_orientation'],1,1,1
D10_4,2,D10-4. 건강기능식품 만족도(영양)  2) 불만족하는 편이다,['health_orientation'],3,1,3
D10_4,3,D10-4. 건강기능식품 만족도(영양)  3) 보통이다,['health_orientation'],5,1,5
D10_4,4,D10-4. 건강기능식품 만족도(영양)  4) 만족하는 편이다,['health_orientation'],7,1,7
D10_4,5,D10-4. 건강기능식품 만족도(영양)  5) 매우 만족한다,['health_orientation'],9,1,9
D10_5,1,D10-5. 건강기능식품 만족도(편리성)  1) 매우 불만족 한다,"['health_orientation', 'cooking_convenience']",1,1,1
D10_5,2,D10-5. 건강기능식품 만족도(편리성)  2) 불만족하는 편이다,"['health_orientation', 'cooking_convenience']",3,1,3
D10_5,3,D10-5. 건강기능식품 만족도(편리성)  3) 보통이다,"['health_orientation', 'cooking_convenience']",5,1,5
D10_5,4,D10-5. 건강기능식품 만족도(편리성)  4) 만족하는 편이다,"['health_orientation', 'cooking_convenience']",7,1,7
D10_5,5,D10-5. 건강기능식품 만족도(편리성)  5) 매우 만족한다,"['health_orientation', 'cooking_convenience']",9,1,9
D10_6,1,D10-6. 건강기능식품 만족도(다양성)  1) 매우 불만족 한다,"['health_orientation', 'variety_seeking']",1,1,1
D10_6,2,D10-6. 건강기능식품 만족도(다양성)  2) 불만족하는 편이다,"['health_orientation', 'variety_seeking']",3,1,3
D10_6,3,D10-6. 건강기능식품 만족도(다양성)  3) 보통이다,"['health_orientation', 'variety_seeking']",5,1,5
D10_6,4,D10-6. 건강기능식품 만족도(다양성)  4) 만족하는 편이다,"['health_orientation', 'variety_seeking']",7,1,7
D10_6,5,D10-6. 건강기능식품 만족도(다양성)  5) 매우 만족한다,"['health_orientation', 'variety_seeking']",9,1,9
D10_7,1,D10-7. 건강기능식품 만족도(전반적 만족도)  1) 매우 불만족 한다,['health_orientation'],1,1,1
D10_7,2,D10-7. 건강기능식품 만족도(전반적 만족도)  2) 불만족하는 편이다,['health_orientation'],3,1,3
D10_7,3,D10-7. 건강기능식품 만족도(전반적 만족도)  3) 보통이다,['health_orientation'],5,1,5
D10_7,4,D10-7. 건강기능식품 만족도(전반적 만족도)  4) 만족하는 편이다,['health_orientation'],7,1,7
D10_7,5,D10-7. 건강기능식품 만족도(전반적 만족도)  5) 매우 만족한다,['health_orientation'],9,1,9
D11,1,D11. 향후 1년 건강기능식품 구입 변화 예상  1) 매우 감소할 것이다,"['health_orientation', 'variety_seeking']",1,1,1
D11,2,D11. 향후 1년 건강기능식품 구입 변화 예상  2) 약간 감소할 것이다,"['health_orientation', 'variety_seeking']",3,1,3
D11,3,D11. 향후 1년 건강기능식품 구입 변화 예상  3) 현 수준을 유지할 것이다,"['health_orientation', 'variety_seeking']",5,1,5
D11,4,D11. 향후 1년 건강기능식품 구입 변화 예상  4) 약간 증가할 것이다,"['health_orientation', 'variety_seeking']",7,1,7
D11,5,D11. 향후 1년 건강기능식품 구입 변화 예상  5) 매우 증가할 것이다,"['health_orientation', 'variety_seeking']",9,1,9
D12,1,D12. 건강을 유지하기 위해 섭취하는 식품 여부  1) 예,['health_orientation'],9,1,9
D12,2,D12. 건강을 유지하기 위해 섭취하는 식품 여부  2) 아니오,['health_orientation'],9,1,9
D12_1,1,"D12-1. 건강을 유지하기 위해 섭취하는 식품  1) 건강즙/엑기스(과일즙, 과채즙, 가시오가피즙 등)",['health_orientation'],9,1,9
D12_1,2,"D12-1. 건강을 유지하기 위해 섭취하는 식품  2) 건강환/분말(양배추환, 울금환, 청국장환, 선식 등)",['health_orientation'],9,1,9
D12_1,3,"D12-1. 건강을 유지하기 위해 섭취하는 식품  3) 동물성원료건강식품(녹용, 동충하초, 흑염소즙 등)",['health_orientation'],9,1,9
D12_1,4,"D12-1. 건강을 유지하기 위해 섭취하는 식품  4) 슈퍼곡물(햄프씨드, 아마씨드, 병아리콩, 퀴노아 등)",['health_orientation'],9,1,9
D12_1,5,"D12-1. 건강을 유지하기 위해 섭취하는 식품  5) 기타원료(벌꿀, 로얄젤리, 효모, 효소, 화분 등)",['health_orientation'],9,1,9
D13,1,D13. 일반식품 기능성 표시제도 인지도  1) 모른다,,,,
D13,2,D13. 일반식품 기능성 표시제도 인지도  2) 들어본적 있다,,,,
D13,3,D13. 일반식품 기능성 표시제도 인지도  3) 알고 있다,,,,
D14,1,D14. 일반식품 기능성 표시 제품 구입 의향  1) 전혀 그렇지 않다,,,,
D14,2,D14. 일반식품 기능성 표시 제품 구입 의향  2) 그렇지 않은 편이다,,,,
D14,3,D14. 일반식품 기능성 표시 제품 구입 의향  3) 보통이다/그저 그렇다,,,,
D14,4,D14. 일반식품 기능성 표시 제품 구입 의향  4) 그런 편이다,,,,
D14,5,D14. 일반식품 기능성 표시 제품 구입 의향  5) 매우 그렇다,,,,
E1,1,E1. 유기가공식품 인지 여부  1) 알고 있다,,,,
E1,2,E1. 유기가공식품 인지 여부  2) 들어본 적은 있다,,,,
E1,3,E1. 유기가공식품 인지 여부  3) 모른다,,,,
E2,1,E2. 유기가공식품을 구입해본 경험  1) 있음,,,,
E2,2,E2. 유기가공식품을 구입해본 경험  2) 없음,,,,
E3,1,E3. 유기가공식품 구입 시 인증 품질에 대한 신뢰도  1) 신뢰하지 않는다,['premium_orientation'],9,1,9
E3,2,E3. 유기가공식품 구입 시 인증 품질에 대한 신뢰도  2) 신뢰하지 않는 편이다,['premium_orientation'],9,1,9
E3,3,E3. 유기가공식품 구입 시 인증 품질에 대한 신뢰도  3) 보통이다,['premium_orientation'],9,1,9
E3,4,E3. 유기가공식품 구입 시 인증 품질에 대한 신뢰도  4) 신뢰하는 편이다,['premium_orientation'],9,1,9
E3,5,E3. 유기가공식품 구입 시 인증 품질에 대한 신뢰도  5) 신뢰하고 있다,['premium_orientation'],9,1,9
E5_1,1,E5. 유기가공식품을 구입하는 이유_1순위  1) 맛이 더 좋아서,,,,
E5_1,2,E5. 유기가공식품을 구입하는 이유_1순위  2) 원료의 품질이 더 좋을 것 같아서,['premium_orientation'],9,1,9
E5_1,3,E5. 유기가공식품을 구입하는 이유_1순위  3) 영양이 더 풍부할 것 같아서,['health_orientation'],9,1,9
E5_1,4,E5. 유기가공식품을 구입하는 이유_1순위  4) 더 안전하다고 생각해서,,,,
E5_1,5,E5. 유기가공식품을 구입하는 이유_1순위  5) 환경보전·보호를 위해서,,,,
E5_2,1,E5. 유기가공식품을 구입하는 이유_2순위  1) 맛이 더 좋아서,,,,
E5_2,2,E5. 유기가공식품을 구입하는 이유_2순위  2) 원료의 품질이 더 좋을 것 같아서,['premium_orientation'],9,0.7,6.3
E5_2,3,E5. 유기가공식품을 구입하는 이유_2순위  3) 영양이 더 풍부할 것 같아서,['health_orientation'],9,0.7,6.3
E5_2,4,E5. 유기가공식품을 구입하는 이유_2순위  4) 더 안전하다고 생각해서,,,,
E5_2,5,E5. 유기가공식품을 구입하는 이유_2순위  5) 환경보전·보호를 위해서,,,,
E6_1,1,E6. 유기가공식품 품목별 구입 시 우선 확인하는 사항_1순위  1) 가격,['price_sensitivity'],9,1,9
E6_1,2,E6. 유기가공식품 품목별 구입 시 우선 확인하는 사항_1순위  2) 용량,,,,
E6_1,3,E6. 유기가공식품 품목별 구입 시 우선 확인하는 사항_1순위  3) 브랜드/상표/제조사,"['premium_orientation', 'brand_loyalty']",9,1,9
E6_1,4,E6. 유기가공식품 품목별 구입 시 우선 확인하는 사항_1순위  4) 제조일자/유통기한,,,,
E6_1,5,E6. 유기가공식품 품목별 구입 시 우선 확인하는 사항_1순위  5) 품질인증 표시,['premium_orientation'],9,1,9
E6_1,6,E6. 유기가공식품 품목별 구입 시 우선 확인하는 사항_1순위  6) 원산지,,,,
E6_1,7,E6. 유기가공식품 품목별 구입 시 우선 확인하는 사항_1순위  7) 영양성분,['health_orientation'],9,1,9
E6_1,8,E6. 유기가공식품 품목별 구입 시 우선 확인하는 사항_1순위  8) 식품첨가물,,,,
E6_1,9,E6. 유기가공식품 품목별 구입 시 우선 확인하는 사항_1순위  9) 원재료/성분 함량,['health_orientation'],9,1,9
E6_1,10,E6. 유기가공식품 품목별 구입 시 우선 확인하는 사항_1순위 10) 포장 디자인,['premium_orientation'],9,1,9
E6_1,11,E6. 유기가공식품 품목별 구입 시 우선 확인하는 사항_1순위 11) 포장 재활용 여부,,,,
E6_1,12,E6. 유기가공식품 품목별 구입 시 우선 확인하는 사항_1순위 12) 기능성 표시/식품의 효능,['health_orientation'],9,1,9
E6_1,13,E6. 유기가공식품 품목별 구입 시 우선 확인하는 사항_1순위 13) 섭취 주의사항(알레르기 유발 등),['health_orientation'],9,1,9
E6_1,14,E6. 유기가공식품 품목별 구입 시 우선 확인하는 사항_1순위 14) 보관방법,,,,
E6_2,1,E6. 유기가공식품 품목별 구입 시 우선 확인하는 사항_2순위  1) 가격,['price_sensitivity'],9,0.7,6.3
E6_2,2,E6. 유기가공식품 품목별 구입 시 우선 확인하는 사항_2순위  2) 용량,,,,
E6_2,3,E6. 유기가공식품 품목별 구입 시 우선 확인하는 사항_2순위  3) 브랜드/상표/제조사,"['premium_orientation', 'brand_loyalty']",9,0.7,6.3
E6_2,4,E6. 유기가공식품 품목별 구입 시 우선 확인하는 사항_2순위  4) 제조일자/유통기한,,,,
E6_2,5,E6. 유기가공식품 품목별 구입 시 우선 확인하는 사항_2순위  5) 품질인증 표시,['premium_orientation'],9,0.7,6.3
E6_2,6,E6. 유기가공식품 품목별 구입 시 우선 확인하는 사항_2순위  6) 원산지,,,,
E6_2,7,E6. 유기가공식품 품목별 구입 시 우선 확인하는 사항_2순위  7) 영양성분,['health_orientation'],9,0.7,6.3
E6_2,8,E6. 유기가공식품 품목별 구입 시 우선 확인하는 사항_2순위  8) 식품첨가물,,,,
E6_2,9,E6. 유기가공식품 품목별 구입 시 우선 확인하는 사항_2순위  9) 원재료/성분 함량,['health_orientation'],9,0.7,6.3
E6_2,10,E6. 유기가공식품 품목별 구입 시 우선 확인하는 사항_2순위 10) 포장 디자인,['premium_orientation'],9,0.7,6.3
E6_2,11,E6. 유기가공식품 품목별 구입 시 우선 확인하는 사항_2순위 11) 포장 재활용 여부,,,,
E6_2,12,E6. 유기가공식품 품목별 구입 시 우선 확인하는 사항_2순위 12) 기능성 표시/식품의 효능,['health_orientation'],9,0.7,6.3
E6_2,13,E6. 유기가공식품 품목별 구입 시 우선 확인하는 사항_2순위 13) 섭취 주의사항(알레르기 유발 등),['health_orientation'],9,0.7,6.3
E6_2,14,E6. 유기가공식품 품목별 구입 시 우선 확인하는 사항_2순위 14) 보관방법,,,,
E6_3,1,E6. 유기가공식품 품목별 구입 시 우선 확인하는 사항_3순위  1) 가격,['price_sensitivity'],9,0.5,4.5
E6_3,2,E6. 유기가공식품 품목별 구입 시 우선 확인하는 사항_3순위  2) 용량,,,,
E6_3,3,E6. 유기가공식품 품목별 구입 시 우선 확인하는 사항_3순위  3) 브랜드/상표/제조사,"['premium_orientation', 'brand_loyalty']",9,0.5,4.5
E6_3,4,E6. 유기가공식품 품목별 구입 시 우선 확인하는 사항_3순위  4) 제조일자/유통기한,,,,
E6_3,5,E6. 유기가공식품 품목별 구입 시 우선 확인하는 사항_3순위  5) 품질인증 표시,['premium_orientation'],9,0.5,4.5
E6_3,6,E6. 유기가공식품 품목별 구입 시 우선 확인하는 사항_3순위  6) 원산지,,,,
E6_3,7,E6. 유기가공식품 품목별 구입 시 우선 확인하는 사항_3순위  7) 영양성분,['health_orientation'],9,0.5,4.5
E6_3,8,E6. 유기가공식품 품목별 구입 시 우선 확인하는 사항_3순위  8) 식품첨가물,,,,
E6_3,9,E6. 유기가공식품 품목별 구입 시 우선 확인하는 사항_3순위  9) 원재료/성분 함량,['health_orientation'],9,0.5,4.5
E6_3,10,E6. 유기가공식품 품목별 구입 시 우선 확인하는 사항_3순위 10) 포장 디자인,['premium_orientation'],9,0.5,4.5
E6_3,11,E6. 유기가공식품 품목별 구입 시 우선 확인하는 사항_3순위 11) 포장 재활용 여부,,,,
E6_3,12,E6. 유기가공식품 품목별 구입 시 우선 확인하는 사항_3순위 12) 기능성 표시/식품의 효능,['health_orientation'],9,0.5,4.5
E6_3,13,E6. 유기가공식품 품목별 구입 시 우선 확인하는 사항_3순위 13) 섭취 주의사항(알레르기 유발 등),['health_orientation'],9,0.5,4.5
E6_3,14,E6. 유기가공식품 품목별 구입 시 우선 확인하는 사항_3순위 14) 보관방법,,,,
E8_1,1,E8-1. 유기가공식품 만족도(가격)  1) 매우 불만족 한다,['price_sensitivity'],1,1,1
E8_1,2,E8-1. 유기가공식품 만족도(가격)  2) 불만족하는 편이다,['price_sensitivity'],3,1,3
E8_1,3,E8-1. 유기가공식품 만족도(가격)  3) 보통이다,['price_sensitivity'],5,1,5
E8_1,4,E8-1. 유기가공식품 만족도(가격)  4) 만족하는 편이다,['price_sensitivity'],7,1,7
E8_1,5,E8-1. 유기가공식품 만족도(가격)  5) 매우 만족한다,['price_sensitivity'],9,1,9
E8_2,1,E8-2. 유기가공식품 만족도(맛)  1) 매우 불만족 한다,,,,
E8_2,2,E8-2. 유기가공식품 만족도(맛)  2) 불만족하는 편이다,,,,
E8_2,3,E8-2. 유기가공식품 만족도(맛)  3) 보통이다,,,,
E8_2,4,E8-2. 유기가공식품 만족도(맛)  4) 만족하는 편이다,,,,
E8_2,5,E8-2. 유기가공식품 만족도(맛)  5) 매우 만족한다,,,,
E8_3,1,E8-3. 유기가공식품 만족도(안전성)  1) 매우 불만족 한다,['health_orientation'],1,1,1
E8_3,2,E8-3. 유기가공식품 만족도(안전성)  2) 불만족하는 편이다,['health_orientation'],3,1,3
E8_3,3,E8-3. 유기가공식품 만족도(안전성)  3) 보통이다,['health_orientation'],5,1,5
E8_3,4,E8-3. 유기가공식품 만족도(안전성)  4) 만족하는 편이다,['health_orientation'],7,1,7
E8_3,5,E8-3. 유기가공식품 만족도(안전성)  5) 매우 만족한다,['health_orientation'],9,1,9
E8_4,1,E8-4. 유기가공식품 만족도(영양)  1) 매우 불만족 한다,['health_orientation'],1,1,1
E8_4,2,E8-4. 유기가공식품 만족도(영양)  2) 불만족하는 편이다,['health_orientation'],3,1,3
E8_4,3,E8-4. 유기가공식품 만족도(영양)  3) 보통이다,['health_orientation'],5,1,5
E8_4,4,E8-4. 유기가공식품 만족도(영양)  4) 만족하는 편이다,['health_orientation'],7,1,7
E8_4,5,E8-4. 유기가공식품 만족도(영양)  5) 매우 만족한다,['health_orientation'],9,1,9
E8_5,1,E8-5. 유기가공식품 만족도(편리성)  1) 매우 불만족 한다,['cooking_convenience'],1,1,1
E8_5,2,E8-5. 유기가공식품 만족도(편리성)  2) 불만족하는 편이다,['cooking_convenience'],3,1,3
E8_5,3,E8-5. 유기가공식품 만족도(편리성)  3) 보통이다,['cooking_convenience'],5,1,5
E8_5,4,E8-5. 유기가공식품 만족도(편리성)  4) 만족하는 편이다,['cooking_convenience'],7,1,7
E8_5,5,E8-5. 유기가공식품 만족도(편리성)  5) 매우 만족한다,['cooking_convenience'],9,1,9
E8_6,1,E8-6. 유기가공식품 만족도(다양성)  1) 매우 불만족 한다,['variety_seeking'],1,1,1
E8_6,2,E8-6. 유기가공식품 만족도(다양성)  2) 불만족하는 편이다,['variety_seeking'],3,1,3
E8_6,3,E8-6. 유기가공식품 만족도(다양성)  3) 보통이다,['variety_seeking'],5,1,5
E8_6,4,E8-6. 유기가공식품 만족도(다양성)  4) 만족하는 편이다,['variety_seeking'],7,1,7
E8_6,5,E8-6. 유기가공식품 만족도(다양성)  5) 매우 만족한다,['variety_seeking'],9,1,9
E8_7,1,E8-7. 유기가공식품 만족도(전반적 만족도)  1) 매우 불만족 한다,,,,
E8_7,2,E8-7. 유기가공식품 만족도(전반적 만족도)  2) 불만족하는 편이다,,,,
E8_7,3,E8-7. 유기가공식품 만족도(전반적 만족도)  3) 보통이다,,,,
E8_7,4,E8-7. 유기가공식품 만족도(전반적 만족도)  4) 만족하는 편이다,,,,
E8_7,5,E8-7. 유기가공식품 만족도(전반적 만족도)  5) 매우 만족한다,,,,
E9,1,E9> 향후 1년 유기가공식품 구입 변화 예상  1) 매우 감소할 것이다,['variety_seeking'],1,1,1
E9,2,E9> 향후 1년 유기가공식품 구입 변화 예상  2) 약간 감소할 것이다,['variety_seeking'],3,1,3
E9,3,E9> 향후 1년 유기가공식품 구입 변화 예상  3) 현 수준을 유지할 것이다,['variety_seeking'],5,1,5
E9,4,E9> 향후 1년 유기가공식품 구입 변화 예상  4) 약간 증가할 것이다,['variety_seeking'],7,1,7
E9,5,E9> 향후 1년 유기가공식품 구입 변화 예상  5) 매우 증가할 것이다,['variety_seeking'],9,1,9
F1_1,1,F1-1. 라이프 스타일 문항별 자가 평가-1) 아침식사는 밥보다 빵이나 과일 등으로 간단하게 먹는 편이다  1) 전혀 그렇지 않다,['cooking_convenience'],1,1,1
F1_1,2,F1-1. 라이프 스타일 문항별 자가 평가-1) 아침식사는 밥보다 빵이나 과일 등으로 간단하게 먹는 편이다  2) 그렇지 않은 편이다,['cooking_convenience'],3,1,3
F1_1,3,F1-1. 라이프 스타일 문항별 자가 평가-1) 아침식사는 밥보다 빵이나 과일 등으로 간단하게 먹는 편이다  3) 보통이다/그저 그렇다,['cooking_convenience'],5,1,5
F1_1,4,F1-1. 라이프 스타일 문항별 자가 평가-1) 아침식사는 밥보다 빵이나 과일 등으로 간단하게 먹는 편이다  4) 그런 편이다,['cooking_convenience'],7,1,7
F1_1,5,F1-1. 라이프 스타일 문항별 자가 평가-1) 아침식사는 밥보다 빵이나 과일 등으로 간단하게 먹는 편이다  5) 매우 그렇다,['cooking_convenience'],9,1,9
F1_2,1,F1-2. 라이프 스타일 문항별 자가 평가-2) 가정 간편식-HMR)을 종종 이용 한다  1) 전혀 그렇지 않다,"['cooking_convenience', 'hmr_preference']",1,1,1
F1_2,2,F1-2. 라이프 스타일 문항별 자가 평가-2) 가정 간편식-HMR)을 종종 이용 한다  2) 그렇지 않은 편이다,"['cooking_convenience', 'hmr_preference']",3,1,3
F1_2,3,F1-2. 라이프 스타일 문항별 자가 평가-2) 가정 간편식-HMR)을 종종 이용 한다  3) 보통이다/그저 그렇다,"['cooking_convenience', 'hmr_preference']",5,1,5
F1_2,4,F1-2. 라이프 스타일 문항별 자가 평가-2) 가정 간편식-HMR)을 종종 이용 한다  4) 그런 편이다,"['cooking_convenience', 'hmr_preference']",7,1,7
F1_2,5,F1-2. 라이프 스타일 문항별 자가 평가-2) 가정 간편식-HMR)을 종종 이용 한다  5) 매우 그렇다,"['cooking_convenience', 'hmr_preference']",9,1,9
F1_3,1,"F1-3. 라이프 스타일 문항별 자가 평가-3) 식품 구입 시 소포장 제품, 전처리 농산물(절단, 세척 등)을 구입하는 편이다  1) 전혀 그렇지 않다",,,,
F1_3,2,"F1-3. 라이프 스타일 문항별 자가 평가-3) 식품 구입 시 소포장 제품, 전처리 농산물(절단, 세척 등)을 구입하는 편이다  2) 그렇지 않은 편이다",,,,
F1_3,3,"F1-3. 라이프 스타일 문항별 자가 평가-3) 식품 구입 시 소포장 제품, 전처리 농산물(절단, 세척 등)을 구입하는 편이다  3) 보통이다/그저 그렇다",,,,
F1_3,4,"F1-3. 라이프 스타일 문항별 자가 평가-3) 식품 구입 시 소포장 제품, 전처리 농산물(절단, 세척 등)을 구입하는 편이다  4) 그런 편이다",,,,
F1_3,5,"F1-3. 라이프 스타일 문항별 자가 평가-3) 식품 구입 시 소포장 제품, 전처리 농산물(절단, 세척 등)을 구입하는 편이다  5) 매우 그렇다",,,,
F1_4,1,F1-4. 라이프 스타일 문항별 자가 평가-4) 다양한 맛을 원해 식단을 자주 바꾸는 편이다  1) 전혀 그렇지 않다,['variety_seeking'],1,1,1
F1_4,2,F1-4. 라이프 스타일 문항별 자가 평가-4) 다양한 맛을 원해 식단을 자주 바꾸는 편이다  2) 그렇지 않은 편이다,['variety_seeking'],3,1,3
F1_4,3,F1-4. 라이프 스타일 문항별 자가 평가-4) 다양한 맛을 원해 식단을 자주 바꾸는 편이다  3) 보통이다/그저 그렇다,['variety_seeking'],5,1,5
F1_4,4,F1-4. 라이프 스타일 문항별 자가 평가-4) 다양한 맛을 원해 식단을 자주 바꾸는 편이다  4) 그런 편이다,['variety_seeking'],7,1,7
F1_4,5,F1-4. 라이프 스타일 문항별 자가 평가-4) 다양한 맛을 원해 식단을 자주 바꾸는 편이다  5) 매우 그렇다,['variety_seeking'],9,1,9
F1_5,1,F1-5. 라이프 스타일 문항별 자가 평가-5) 음식을 선택할 때 가격보다 맛을 중시한다  1) 전혀 그렇지 않다,"['price_sensitivity', 'variety_seeking']",9,1,9
F1_5,2,F1-5. 라이프 스타일 문항별 자가 평가-5) 음식을 선택할 때 가격보다 맛을 중시한다  2) 그렇지 않은 편이다,"['price_sensitivity', 'variety_seeking']",7,1,7
F1_5,3,F1-5. 라이프 스타일 문항별 자가 평가-5) 음식을 선택할 때 가격보다 맛을 중시한다  3) 보통이다/그저 그렇다,"['price_sensitivity', 'variety_seeking']",5,1,5
F1_5,4,F1-5. 라이프 스타일 문항별 자가 평가-5) 음식을 선택할 때 가격보다 맛을 중시한다  4) 그런 편이다,"['price_sensitivity', 'variety_seeking']",3,1,3
F1_5,5,F1-5. 라이프 스타일 문항별 자가 평가-5) 음식을 선택할 때 가격보다 맛을 중시한다  5) 매우 그렇다,"['price_sensitivity', 'variety_seeking']",1,1,1
F1_6,1,F1-6. 라이프 스타일 문항별 자가 평가-6) 새로운 음식을 먹어 보는 것을 좋아한다  1) 전혀 그렇지 않다,['variety_seeking'],1,1,1
F1_6,2,F1-6. 라이프 스타일 문항별 자가 평가-6) 새로운 음식을 먹어 보는 것을 좋아한다  2) 그렇지 않은 편이다,['variety_seeking'],3,1,3
F1_6,3,F1-6. 라이프 스타일 문항별 자가 평가-6) 새로운 음식을 먹어 보는 것을 좋아한다  3) 보통이다/그저 그렇다,['variety_seeking'],5,1,5
F1_6,4,F1-6. 라이프 스타일 문항별 자가 평가-6) 새로운 음식을 먹어 보는 것을 좋아한다  4) 그런 편이다,['variety_seeking'],7,1,7
F1_6,5,F1-6. 라이프 스타일 문항별 자가 평가-6) 새로운 음식을 먹어 보는 것을 좋아한다  5) 매우 그렇다,['variety_seeking'],9,1,9
F1_7,1,F1-7. 라이프 스타일 문항별 자가 평가-7) 음식을 먹을 때 칼로리 및 영양성분을 고려하는 편이다  1) 전혀 그렇지 않다,['health_orientation'],1,1,1
F1_7,2,F1-7. 라이프 스타일 문항별 자가 평가-7) 음식을 먹을 때 칼로리 및 영양성분을 고려하는 편이다  2) 그렇지 않은 편이다,['health_orientation'],3,1,3
F1_7,3,F1-7. 라이프 스타일 문항별 자가 평가-7) 음식을 먹을 때 칼로리 및 영양성분을 고려하는 편이다  3) 보통이다/그저 그렇다,['health_orientation'],5,1,5
F1_7,4,F1-7. 라이프 스타일 문항별 자가 평가-7) 음식을 먹을 때 칼로리 및 영양성분을 고려하는 편이다  4) 그런 편이다,['health_orientation'],7,1,7
F1_7,5,F1-7. 라이프 스타일 문항별 자가 평가-7) 음식을 먹을 때 칼로리 및 영양성분을 고려하는 편이다  5) 매우 그렇다,['health_orientation'],9,1,9
F1_8,1,F1-8. 라이프 스타일 문항별 자가 평가-8) 건강에 나쁜 것은 가급적 안먹으려고 한다  1) 전혀 그렇지 않다,['health_orientation'],1,1,1
F1_8,2,F1-8. 라이프 스타일 문항별 자가 평가-8) 건강에 나쁜 것은 가급적 안먹으려고 한다  2) 그렇지 않은 편이다,['health_orientation'],3,1,3
F1_8,3,F1-8. 라이프 스타일 문항별 자가 평가-8) 건강에 나쁜 것은 가급적 안먹으려고 한다  3) 보통이다/그저 그렇다,['health_orientation'],5,1,5
F1_8,4,F1-8. 라이프 스타일 문항별 자가 평가-8) 건강에 나쁜 것은 가급적 안먹으려고 한다  4) 그런 편이다,['health_orientation'],7,1,7
F1_8,5,F1-8. 라이프 스타일 문항별 자가 평가-8) 건강에 나쁜 것은 가급적 안먹으려고 한다  5) 매우 그렇다,['health_orientation'],9,1,9
F1_9,1,F1-9. 라이프 스타일 문항별 자가 평가-9) 규칙적으로 식사하는 편이다  1) 전혀 그렇지 않다,,,,
F1_9,2,F1-9. 라이프 스타일 문항별 자가 평가-9) 규칙적으로 식사하는 편이다  2) 그렇지 않은 편이다,,,,
F1_9,3,F1-9. 라이프 스타일 문항별 자가 평가-9) 규칙적으로 식사하는 편이다  3) 보통이다/그저 그렇다,,,,
F1_9,4,F1-9. 라이프 스타일 문항별 자가 평가-9) 규칙적으로 식사하는 편이다  4) 그런 편이다,,,,
F1_9,5,F1-9. 라이프 스타일 문항별 자가 평가-9) 규칙적으로 식사하는 편이다  5) 매우 그렇다,,,,
F1_10,1,F1-10. 라이프 스타일 문항별 자가 평가-10) 동일제품의 여러 회사 가격을 비교해서 구입하는 편이다  1) 전혀 그렇지 않다,['price_sensitivity'],1,1,1
F1_10,2,F1-10. 라이프 스타일 문항별 자가 평가-10) 동일제품의 여러 회사 가격을 비교해서 구입하는 편이다  2) 그렇지 않은 편이다,['price_sensitivity'],3,1,3
F1_10,3,F1-10. 라이프 스타일 문항별 자가 평가-10) 동일제품의 여러 회사 가격을 비교해서 구입하는 편이다  3) 보통이다/그저 그렇다,['price_sensitivity'],5,1,5
F1_10,4,F1-10. 라이프 스타일 문항별 자가 평가-10) 동일제품의 여러 회사 가격을 비교해서 구입하는 편이다  4) 그런 편이다,['price_sensitivity'],7,1,7
F1_10,5,F1-10. 라이프 스타일 문항별 자가 평가-10) 동일제품의 여러 회사 가격을 비교해서 구입하는 편이다  5) 매우 그렇다,['price_sensitivity'],9,1,9
F1_11,1,F1-11. 라이프 스타일 문항별 자가 평가-11) 식품을 구입할 때 가격대비 품질 수준을 체크하는 편이다  1) 전혀 그렇지 않다,"['price_sensitivity', 'premium_orientation']",1,1,1
F1_11,2,F1-11. 라이프 스타일 문항별 자가 평가-11) 식품을 구입할 때 가격대비 품질 수준을 체크하는 편이다  2) 그렇지 않은 편이다,"['price_sensitivity', 'premium_orientation']",3,1,3
F1_11,3,F1-11. 라이프 스타일 문항별 자가 평가-11) 식품을 구입할 때 가격대비 품질 수준을 체크하는 편이다  3) 보통이다/그저 그렇다,"['price_sensitivity', 'premium_orientation']",5,1,5
F1_11,4,F1-11. 라이프 스타일 문항별 자가 평가-11) 식품을 구입할 때 가격대비 품질 수준을 체크하는 편이다  4) 그런 편이다,"['price_sensitivity', 'premium_orientation']",7,1,7
F1_11,5,F1-11. 라이프 스타일 문항별 자가 평가-11) 식품을 구입할 때 가격대비 품질 수준을 체크하는 편이다  5) 매우 그렇다,"['price_sensitivity', 'premium_orientation']",9,1,9
F1_12,1,F1-12. 라이프 스타일 문항별 자가 평가-12) 식품 구입 시 사전에 구입할 목록을 작성하는 편이다  1) 전혀 그렇지 않다,,,,
F1_12,2,F1-12. 라이프 스타일 문항별 자가 평가-12) 식품 구입 시 사전에 구입할 목록을 작성하는 편이다  2) 그렇지 않은 편이다,,,,
F1_12,3,F1-12. 라이프 스타일 문항별 자가 평가-12) 식품 구입 시 사전에 구입할 목록을 작성하는 편이다  3) 보통이다/그저 그렇다,,,,
F1_12,4,F1-12. 라이프 스타일 문항별 자가 평가-12) 식품 구입 시 사전에 구입할 목록을 작성하는 편이다  4) 그런 편이다,,,,
F1_12,5,F1-12. 라이프 스타일 문항별 자가 평가-12) 식품 구입 시 사전에 구입할 목록을 작성하는 편이다  5) 매우 그렇다,,,,
F1_13,1,F1-13. 라이프 스타일 문항별 자가 평가-13) 식품 선택 시 가격이나 맛보다는 안전성을 우선 고려한다  1) 전혀 그렇지 않다,"['price_sensitivity', 'health_orientation', 'variety_seeking']",1,1,1
F1_13,2,F1-13. 라이프 스타일 문항별 자가 평가-13) 식품 선택 시 가격이나 맛보다는 안전성을 우선 고려한다  2) 그렇지 않은 편이다,"['price_sensitivity', 'health_orientation', 'variety_seeking']",3,1,3
F1_13,3,F1-13. 라이프 스타일 문항별 자가 평가-13) 식품 선택 시 가격이나 맛보다는 안전성을 우선 고려한다  3) 보통이다/그저 그렇다,"['price_sensitivity', 'health_orientation', 'variety_seeking']",5,1,5
F1_13,4,F1-13. 라이프 스타일 문항별 자가 평가-13) 식품 선택 시 가격이나 맛보다는 안전성을 우선 고려한다  4) 그런 편이다,"['price_sensitivity', 'health_orientation', 'variety_seeking']",7,1,7
F1_13,5,F1-13. 라이프 스타일 문항별 자가 평가-13) 식품 선택 시 가격이나 맛보다는 안전성을 우선 고려한다  5) 매우 그렇다,"['price_sensitivity', 'health_orientation', 'variety_seeking']",9,1,9
F1_14,1,F1-14. 라이프 스타일 문항별 자가 평가-14) 상한 것이 의심되는 등 위해가능성이 있는 식품은 아까워도 섭취하지 않는다  1) 전혀 그렇지 않다,,,,
F1_14,2,F1-14. 라이프 스타일 문항별 자가 평가-14) 상한 것이 의심되는 등 위해가능성이 있는 식품은 아까워도 섭취하지 않는다  2) 그렇지 않은 편이다,,,,
F1_14,3,F1-14. 라이프 스타일 문항별 자가 평가-14) 상한 것이 의심되는 등 위해가능성이 있는 식품은 아까워도 섭취하지 않는다  3) 보통이다/그저 그렇다,,,,
F1_14,4,F1-14. 라이프 스타일 문항별 자가 평가-14) 상한 것이 의심되는 등 위해가능성이 있는 식품은 아까워도 섭취하지 않는다  4) 그런 편이다,,,,
F1_14,5,F1-14. 라이프 스타일 문항별 자가 평가-14) 상한 것이 의심되는 등 위해가능성이 있는 식품은 아까워도 섭취하지 않는다  5) 매우 그렇다,,,,
F1_15,1,F1-15. 라이프 스타일 문항별 자가 평가-15) 식품 구입 시 안전성이 인증된 식품(HACCP 등)을 구입하는 편이다  1) 전혀 그렇지 않다,['health_orientation'],1,1,1
F1_15,2,F1-15. 라이프 스타일 문항별 자가 평가-15) 식품 구입 시 안전성이 인증된 식품(HACCP 등)을 구입하는 편이다  2) 그렇지 않은 편이다,['health_orientation'],3,1,3
F1_15,3,F1-15. 라이프 스타일 문항별 자가 평가-15) 식품 구입 시 안전성이 인증된 식품(HACCP 등)을 구입하는 편이다  3) 보통이다/그저 그렇다,['health_orientation'],5,1,5
F1_15,4,F1-15. 라이프 스타일 문항별 자가 평가-15) 식품 구입 시 안전성이 인증된 식품(HACCP 등)을 구입하는 편이다  4) 그런 편이다,['health_orientation'],7,1,7
F1_15,5,F1-15. 라이프 스타일 문항별 자가 평가-15) 식품 구입 시 안전성이 인증된 식품(HACCP 등)을 구입하는 편이다  5) 매우 그렇다,['health_orientation'],9,1,9
F2_1,1,F2-1. 식품 이슈별 자가 평가-1) 인공식품첨가물이 들어있는 가공식품은 먹지 않는다  1) 전혀 그렇지 않다,,,,
F2_1,2,F2-1. 식품 이슈별 자가 평가-1) 인공식품첨가물이 들어있는 가공식품은 먹지 않는다  2) 그렇지 않은 편이다,,,,
F2_1,3,F2-1. 식품 이슈별 자가 평가-1) 인공식품첨가물이 들어있는 가공식품은 먹지 않는다  3) 보통이다/그저 그렇다,,,,
F2_1,4,F2-1. 식품 이슈별 자가 평가-1) 인공식품첨가물이 들어있는 가공식품은 먹지 않는다  4) 그런 편이다,,,,
F2_1,5,F2-1. 식품 이슈별 자가 평가-1) 인공식품첨가물이 들어있는 가공식품은 먹지 않는다  5) 매우 그렇다,,,,
F2_2,1,F2-2. 식품 이슈별 자가 평가-2) MSG가 첨가된 식품은 가급적 먹지 않는다  1) 전혀 그렇지 않다,,,,
F2_2,2,F2-2. 식품 이슈별 자가 평가-2) MSG가 첨가된 식품은 가급적 먹지 않는다  2) 그렇지 않은 편이다,,,,
F2_2,3,F2-2. 식품 이슈별 자가 평가-2) MSG가 첨가된 식품은 가급적 먹지 않는다  3) 보통이다/그저 그렇다,,,,
F2_2,4,F2-2. 식품 이슈별 자가 평가-2) MSG가 첨가된 식품은 가급적 먹지 않는다  4) 그런 편이다,,,,
F2_2,5,F2-2. 식품 이슈별 자가 평가-2) MSG가 첨가된 식품은 가급적 먹지 않는다  5) 매우 그렇다,,,,
F2_3,1,F2-3. 식품 이슈별 자가 평가-3) 트랜스지방이 포함된 가공식품은 먹지 않는다  1) 전혀 그렇지 않다,,,,
F2_3,2,F2-3. 식품 이슈별 자가 평가-3) 트랜스지방이 포함된 가공식품은 먹지 않는다  2) 그렇지 않은 편이다,,,,
F2_3,3,F2-3. 식품 이슈별 자가 평가-3) 트랜스지방이 포함된 가공식품은 먹지 않는다  3) 보통이다/그저 그렇다,,,,
F2_3,4,F2-3. 식품 이슈별 자가 평가-3) 트랜스지방이 포함된 가공식품은 먹지 않는다  4) 그런 편이다,,,,
F2_3,5,F2-3. 식품 이슈별 자가 평가-3) 트랜스지방이 포함된 가공식품은 먹지 않는다  5) 매우 그렇다,,,,
F2_4,1,F2-4. 식품 이슈별 자가 평가-4) 기름에 튀긴 가공식품은 먹지 않는다  1) 전혀 그렇지 않다,,,,
F2_4,2,F2-4. 식품 이슈별 자가 평가-4) 기름에 튀긴 가공식품은 먹지 않는다  2) 그렇지 않은 편이다,,,,
F2_4,3,F2-4. 식품 이슈별 자가 평가-4) 기름에 튀긴 가공식품은 먹지 않는다  3) 보통이다/그저 그렇다,,,,
F2_4,4,F2-4. 식품 이슈별 자가 평가-4) 기름에 튀긴 가공식품은 먹지 않는다  4) 그런 편이다,,,,
F2_4,5,F2-4. 식품 이슈별 자가 평가-4) 기름에 튀긴 가공식품은 먹지 않는다  5) 매우 그렇다,,,,
F2_5,1,F2-5. 식품 이슈별 자가 평가-5) GMO 원료가 들어있는 가공식품을 먹지 않겠다  1) 전혀 그렇지 않다,,,,
F2_5,2,F2-5. 식품 이슈별 자가 평가-5) GMO 원료가 들어있는 가공식품을 먹지 않겠다  2) 그렇지 않은 편이다,,,,
F2_5,3,F2-5. 식품 이슈별 자가 평가-5) GMO 원료가 들어있는 가공식품을 먹지 않겠다  3) 보통이다/그저 그렇다,,,,
F2_5,4,F2-5. 식품 이슈별 자가 평가-5) GMO 원료가 들어있는 가공식품을 먹지 않겠다  4) 그런 편이다,,,,
F2_5,5,F2-5. 식품 이슈별 자가 평가-5) GMO 원료가 들어있는 가공식품을 먹지 않겠다  5) 매우 그렇다,,,,
F2_6,1,F2-6. 식품 이슈별 자가 평가-6) 국내산 원료로 만든 제품을 선호한다  1) 전혀 그렇지 않다,['brand_loyalty'],1,1,1
F2_6,2,F2-6. 식품 이슈별 자가 평가-6) 국내산 원료로 만든 제품을 선호한다  2) 그렇지 않은 편이다,['brand_loyalty'],3,1,3
F2_6,3,F2-6. 식품 이슈별 자가 평가-6) 국내산 원료로 만든 제품을 선호한다  3) 보통이다/그저 그렇다,['brand_loyalty'],5,1,5
F2_6,4,F2-6. 식품 이슈별 자가 평가-6) 국내산 원료로 만든 제품을 선호한다  4) 그런 편이다,['brand_loyalty'],7,1,7
F2_6,5,F2-6. 식품 이슈별 자가 평가-6) 국내산 원료로 만든 제품을 선호한다  5) 매우 그렇다,['brand_loyalty'],9,1,9
F2_7,1,F2-7. 식품 이슈별 자가 평가-7) 전통식품을 선호한다  1) 전혀 그렇지 않다,,1,1,
F2_7,2,F2-7. 식품 이슈별 자가 평가-7) 전통식품을 선호한다  2) 그렇지 않은 편이다,,3,1,
F2_7,3,F2-7. 식품 이슈별 자가 평가-7) 전통식품을 선호한다  3) 보통이다/그저 그렇다,,5,1,
F2_7,4,F2-7. 식품 이슈별 자가 평가-7) 전통식품을 선호한다  4) 그런 편이다,,7,1,
F2_7,5,F2-7. 식품 이슈별 자가 평가-7) 전통식품을 선호한다  5) 매우 그렇다,,9,1,
F2_8,1,F2-8. 식품 이슈별 자가 평가-8) 국내 회사에서 제조된 국내 브랜드를 선호한다  1) 전혀 그렇지 않다,"['premium_orientation', 'brand_loyalty']",1,1,1
F2_8,2,F2-8. 식품 이슈별 자가 평가-8) 국내 회사에서 제조된 국내 브랜드를 선호한다  2) 그렇지 않은 편이다,"['premium_orientation', 'brand_loyalty']",3,1,3
F2_8,3,F2-8. 식품 이슈별 자가 평가-8) 국내 회사에서 제조된 국내 브랜드를 선호한다  3) 보통이다/그저 그렇다,"['premium_orientation', 'brand_loyalty']",5,1,5
F2_8,4,F2-8. 식품 이슈별 자가 평가-8) 국내 회사에서 제조된 국내 브랜드를 선호한다  4) 그런 편이다,"['premium_orientation', 'brand_loyalty']",7,1,7
F2_8,5,F2-8. 식품 이슈별 자가 평가-8) 국내 회사에서 제조된 국내 브랜드를 선호한다  5) 매우 그렇다,"['premium_orientation', 'brand_loyalty']",9,1,9
F2_9,1,F2-9. 식품 이슈별 자가 평가-9) 유기가공인증제품을 선호한다  1) 전혀 그렇지 않다,"['premium_orientation', 'brand_loyalty']",1,1,1
F2_9,2,F2-9. 식품 이슈별 자가 평가-9) 유기가공인증제품을 선호한다  2) 그렇지 않은 편이다,"['premium_orientation', 'brand_loyalty']",3,1,3
F2_9,3,F2-9. 식품 이슈별 자가 평가-9) 유기가공인증제품을 선호한다  3) 보통이다/그저 그렇다,"['premium_orientation', 'brand_loyalty']",5,1,5
F2_9,4,F2-9. 식품 이슈별 자가 평가-9) 유기가공인증제품을 선호한다  4) 그런 편이다,"['premium_orientation', 'brand_loyalty']",7,1,7
F2_9,5,F2-9. 식품 이슈별 자가 평가-9) 유기가공인증제품을 선호한다  5) 매우 그렇다,"['premium_orientation', 'brand_loyalty']",9,1,9
F2_10,1,F2-10. 식품 이슈별 자가 평가-10) 식품회사 중 사회적으로 좋은 일을 많이 하는 착한기업 제품을 선호한다  1) 전혀 그렇지 않다,['brand_loyalty'],1,1,1
F2_10,2,F2-10. 식품 이슈별 자가 평가-10) 식품회사 중 사회적으로 좋은 일을 많이 하는 착한기업 제품을 선호한다  2) 그렇지 않은 편이다,['brand_loyalty'],3,1,3
F2_10,3,F2-10. 식품 이슈별 자가 평가-10) 식품회사 중 사회적으로 좋은 일을 많이 하는 착한기업 제품을 선호한다  3) 보통이다/그저 그렇다,['brand_loyalty'],5,1,5
F2_10,4,F2-10. 식품 이슈별 자가 평가-10) 식품회사 중 사회적으로 좋은 일을 많이 하는 착한기업 제품을 선호한다  4) 그런 편이다,['brand_loyalty'],7,1,7
F2_10,5,F2-10. 식품 이슈별 자가 평가-10) 식품회사 중 사회적으로 좋은 일을 많이 하는 착한기업 제품을 선호한다  5) 매우 그렇다,['brand_loyalty'],9,1,9
F2_11,1,F2-11. 식품 이슈별 자가 평가-11) 나트륨 함량이 적은 제품을 선택한다  1) 전혀 그렇지 않다,"['health_orientation', 'variety_seeking']",1,1,1
F2_11,2,F2-11. 식품 이슈별 자가 평가-11) 나트륨 함량이 적은 제품을 선택한다  2) 그렇지 않은 편이다,"['health_orientation', 'variety_seeking']",3,1,3
F2_11,3,F2-11. 식품 이슈별 자가 평가-11) 나트륨 함량이 적은 제품을 선택한다  3) 보통이다/그저 그렇다,"['health_orientation', 'variety_seeking']",5,1,5
F2_11,4,F2-11. 식품 이슈별 자가 평가-11) 나트륨 함량이 적은 제품을 선택한다  4) 그런 편이다,"['health_orientation', 'variety_seeking']",7,1,7
F2_11,5,F2-11. 식품 이슈별 자가 평가-11) 나트륨 함량이 적은 제품을 선택한다  5) 매우 그렇다,"['health_orientation', 'variety_seeking']",9,1,9
F2_12,1,F2-12. 식품 이슈별 자가 평가-12) 당 함량이 적은 제품을 선택한다  1) 전혀 그렇지 않다,"['health_orientation', 'variety_seeking']",1,1,1
F2_12,2,F2-12. 식품 이슈별 자가 평가-12) 당 함량이 적은 제품을 선택한다  2) 그렇지 않은 편이다,"['health_orientation', 'variety_seeking']",3,1,3
F2_12,3,F2-12. 식품 이슈별 자가 평가-12) 당 함량이 적은 제품을 선택한다  3) 보통이다/그저 그렇다,"['health_orientation', 'variety_seeking']",5,1,5
F2_12,4,F2-12. 식품 이슈별 자가 평가-12) 당 함량이 적은 제품을 선택한다  4) 그런 편이다,"['health_orientation', 'variety_seeking']",7,1,7
F2_12,5,F2-12. 식품 이슈별 자가 평가-12) 당 함량이 적은 제품을 선택한다  5) 매우 그렇다,"['health_orientation', 'variety_seeking']",9,1,9
F2_13,1,F2-13. 식품 이슈별 자가 평가-13) 칼로리가 낮은 제품을 선택한다  1) 전혀 그렇지 않다,"['health_orientation', 'variety_seeking']",1,1,1
F2_13,2,F2-13. 식품 이슈별 자가 평가-13) 칼로리가 낮은 제품을 선택한다  2) 그렇지 않은 편이다,"['health_orientation', 'variety_seeking']",3,1,3
F2_13,3,F2-13. 식품 이슈별 자가 평가-13) 칼로리가 낮은 제품을 선택한다  3) 보통이다/그저 그렇다,"['health_orientation', 'variety_seeking']",5,1,5
F2_13,4,F2-13. 식품 이슈별 자가 평가-13) 칼로리가 낮은 제품을 선택한다  4) 그런 편이다,"['health_orientation', 'variety_seeking']",7,1,7
F2_13,5,F2-13. 식품 이슈별 자가 평가-13) 칼로리가 낮은 제품을 선택한다  5) 매우 그렇다,"['health_orientation', 'variety_seeking']",9,1,9
F2_14,1,"F2-14. 식품 이슈별 자가 평가-14) 지방 함량이 적은 제품(저지방, 무지방 제품)을 선택한다  1) 전혀 그렇지 않다","['health_orientation', 'variety_seeking']",1,1,1
F2_14,2,"F2-14. 식품 이슈별 자가 평가-14) 지방 함량이 적은 제품(저지방, 무지방 제품)을 선택한다  2) 그렇지 않은 편이다","['health_orientation', 'variety_seeking']",3,1,3
F2_14,3,"F2-14. 식품 이슈별 자가 평가-14) 지방 함량이 적은 제품(저지방, 무지방 제품)을 선택한다  3) 보통이다/그저 그렇다","['health_orientation', 'variety_seeking']",5,1,5
F2_14,4,"F2-14. 식품 이슈별 자가 평가-14) 지방 함량이 적은 제품(저지방, 무지방 제품)을 선택한다  4) 그런 편이다","['health_orientation', 'variety_seeking']",7,1,7
F2_14,5,"F2-14. 식품 이슈별 자가 평가-14) 지방 함량이 적은 제품(저지방, 무지방 제품)을 선택한다  5) 매우 그렇다","['health_orientation', 'variety_seeking']",9,1,9
F2_15,1,"F2-15. 식품 이슈별 자가 평가-15) 탄수화물 위주의 식단(쌀, 밀가루 음식 등)을 피한다  1) 전혀 그렇지 않다",,,,
F2_15,2,"F2-15. 식품 이슈별 자가 평가-15) 탄수화물 위주의 식단(쌀, 밀가루 음식 등)을 피한다  2) 그렇지 않은 편이다",,,,
F2_15,3,"F2-15. 식품 이슈별 자가 평가-15) 탄수화물 위주의 식단(쌀, 밀가루 음식 등)을 피한다  3) 보통이다/그저 그렇다",,,,
F2_15,4,"F2-15. 식품 이슈별 자가 평가-15) 탄수화물 위주의 식단(쌀, 밀가루 음식 등)을 피한다  4) 그런 편이다",,,,
F2_15,5,"F2-15. 식품 이슈별 자가 평가-15) 탄수화물 위주의 식단(쌀, 밀가루 음식 등)을 피한다  5) 매우 그렇다",,,,
F3_1,1,F3-1. 가공식품 가격에 대한 인식-1) 나는 식품 가격의 오르고 내림에 민감하다  1) 전혀 그렇지 않다,['price_sensitivity'],1,1,1
F3_1,2,F3-1. 가공식품 가격에 대한 인식-1) 나는 식품 가격의 오르고 내림에 민감하다  2) 그렇지 않은 편이다,['price_sensitivity'],3,1,3
F3_1,3,F3-1. 가공식품 가격에 대한 인식-1) 나는 식품 가격의 오르고 내림에 민감하다  3) 보통이다/그저 그렇다,['price_sensitivity'],5,1,5
F3_1,4,F3-1. 가공식품 가격에 대한 인식-1) 나는 식품 가격의 오르고 내림에 민감하다  4) 그런 편이다,['price_sensitivity'],7,1,7
F3_1,5,F3-1. 가공식품 가격에 대한 인식-1) 나는 식품 가격의 오르고 내림에 민감하다  5) 매우 그렇다,['price_sensitivity'],9,1,9
F3_2,1,F3-2. 가공식품 가격에 대한 인식-2) 나는 가공식품 가격의 오르고 내림에 민감하다  1) 전혀 그렇지 않다,['price_sensitivity'],1,1,1
F3_2,2,F3-2. 가공식품 가격에 대한 인식-2) 나는 가공식품 가격의 오르고 내림에 민감하다  2) 그렇지 않은 편이다,['price_sensitivity'],3,1,3
F3_2,3,F3-2. 가공식품 가격에 대한 인식-2) 나는 가공식품 가격의 오르고 내림에 민감하다  3) 보통이다/그저 그렇다,['price_sensitivity'],5,1,5
F3_2,4,F3-2. 가공식품 가격에 대한 인식-2) 나는 가공식품 가격의 오르고 내림에 민감하다  4) 그런 편이다,['price_sensitivity'],7,1,7
F3_2,5,F3-2. 가공식품 가격에 대한 인식-2) 나는 가공식품 가격의 오르고 내림에 민감하다  5) 매우 그렇다,['price_sensitivity'],9,1,9
F3_3,1,F3-3. 가공식품 가격에 대한 인식-3) 전년에 비해 올해 가공식품 가격이 많이 상승했다  1) 전혀 그렇지 않다,,1,1,
F3_3,2,F3-3. 가공식품 가격에 대한 인식-3) 전년에 비해 올해 가공식품 가격이 많이 상승했다  2) 그렇지 않은 편이다,,3,1,
F3_3,3,F3-3. 가공식품 가격에 대한 인식-3) 전년에 비해 올해 가공식품 가격이 많이 상승했다  3) 보통이다/그저 그렇다,,5,1,
F3_3,4,F3-3. 가공식품 가격에 대한 인식-3) 전년에 비해 올해 가공식품 가격이 많이 상승했다  4) 그런 편이다,,7,1,
F3_3,5,F3-3. 가공식품 가격에 대한 인식-3) 전년에 비해 올해 가공식품 가격이 많이 상승했다  5) 매우 그렇다,,9,1,
F3_4,1,F3-4. 가공식품 가격에 대한 인식-4) 지난달에 비해 이번달 가공식품 가격이 많이 상승했다  1) 전혀 그렇지 않다,,1,1,
F3_4,2,F3-4. 가공식품 가격에 대한 인식-4) 지난달에 비해 이번달 가공식품 가격이 많이 상승했다  2) 그렇지 않은 편이다,,3,1,
F3_4,3,F3-4. 가공식품 가격에 대한 인식-4) 지난달에 비해 이번달 가공식품 가격이 많이 상승했다  3) 보통이다/그저 그렇다,,5,1,
F3_4,4,F3-4. 가공식품 가격에 대한 인식-4) 지난달에 비해 이번달 가공식품 가격이 많이 상승했다  4) 그런 편이다,,7,1,
F3_4,5,F3-4. 가공식품 가격에 대한 인식-4) 지난달에 비해 이번달 가공식품 가격이 많이 상승했다  5) 매우 그렇다,,9,1,
F7_1,1,F8-1. 식품소비 트렌드별 동조성(육류가공품)  1) 건강(영양)에 좋은 제품을 구입 하겠다,['health_orientation'],9,1,9
F7_1,2,F8-1. 식품소비 트렌드별 동조성(육류가공품)  2) 원료의 품질과 안전성이 확보된 제품을 구입 하겠다,"['health_orientation', 'premium_orientation']",9,1,9
F7_1,3,F8-1. 식품소비 트렌드별 동조성(육류가공품)  3) 다양하고 새로운 맛을 낸 제품을 구입 하겠다,['variety_seeking'],9,1,9
F7_1,4,"F8-1. 식품소비 트렌드별 동조성(육류가공품)  4) 소포장, 사용 및 취식·조리간편화된 제품을 구입 하겠다",['cooking_convenience'],9,1,9
F7_1,5,F8-1. 식품소비 트렌드별 동조성(육류가공품)  5) 제품의 업그레이드·신제품 개발과 관계없이 가격만 저렴하면 구입 하겠다,"['price_sensitivity', 'variety_seeking']",9,1,9
F7_2,1,F8-2. 식품소비 트렌드별 동조성(알가공품)  1) 건강(영양)에 좋은 제품을 구입 하겠다,['health_orientation'],9,1,9
F7_2,2,F8-2. 식품소비 트렌드별 동조성(알가공품)  2) 원료의 품질과 안전성이 확보된 제품을 구입 하겠다,"['health_orientation', 'premium_orientation']",9,1,9
F7_2,3,F8-2. 식품소비 트렌드별 동조성(알가공품)  3) 다양하고 새로운 맛을 낸 제품을 구입 하겠다,['variety_seeking'],9,1,9
F7_2,4,"F8-2. 식품소비 트렌드별 동조성(알가공품)  4) 소포장, 사용 및 취식·조리간편화된 제품을 구입 하겠다",['cooking_convenience'],9,1,9
F7_2,5,F8-2. 식품소비 트렌드별 동조성(알가공품)  5) 제품의 업그레이드·신제품 개발과 관계없이 가격만 저렴하면 구입 하겠다,"['price_sensitivity', 'variety_seeking']",9,1,9
F7_3,1,F8-3. 식품소비 트렌드별 동조성(조미수산가공품)  1) 건강(영양)에 좋은 제품을 구입 하겠다,['health_orientation'],9,1,9
F7_3,2,F8-3. 식품소비 트렌드별 동조성(조미수산가공품)  2) 원료의 품질과 안전성이 확보된 제품을 구입 하겠다,"['health_orientation', 'premium_orientation']",9,1,9
F7_3,3,F8-3. 식품소비 트렌드별 동조성(조미수산가공품)  3) 다양하고 새로운 맛을 낸 제품을 구입 하겠다,['variety_seeking'],9,1,9
F7_3,4,"F8-3. 식품소비 트렌드별 동조성(조미수산가공품)  4) 소포장, 사용 및 취식·조리간편화된 제품을 구입 하겠다",['cooking_convenience'],9,1,9
F7_3,5,F8-3. 식품소비 트렌드별 동조성(조미수산가공품)  5) 제품의 업그레이드·신제품 개발과 관계없이 가격만 저렴하면 구입 하겠다,"['price_sensitivity', 'variety_seeking']",9,1,9
F7_4,1,F8-4. 식품소비 트렌드별 동조성(염건수산가공품)  1) 건강(영양)에 좋은 제품을 구입 하겠다,['health_orientation'],9,1,9
F7_4,2,F8-4. 식품소비 트렌드별 동조성(염건수산가공품)  2) 원료의 품질과 안전성이 확보된 제품을 구입 하겠다,"['health_orientation', 'premium_orientation']",9,1,9
F7_4,3,F8-4. 식품소비 트렌드별 동조성(염건수산가공품)  3) 다양하고 새로운 맛을 낸 제품을 구입 하겠다,['variety_seeking'],9,1,9
F7_4,4,"F8-4. 식품소비 트렌드별 동조성(염건수산가공품)  4) 소포장, 사용 및 취식·조리간편화된 제품을 구입 하겠다",['cooking_convenience'],9,1,9
F7_4,5,F8-4. 식품소비 트렌드별 동조성(염건수산가공품)  5) 제품의 업그레이드·신제품 개발과 관계없이 가격만 저렴하면 구입 하겠다,"['price_sensitivity', 'variety_seeking']",9,1,9
F7_5,1,F8-5. 식품소비 트렌드별 동조성(김치 및 절임류)  1) 건강(영양)에 좋은 제품을 구입 하겠다,['health_orientation'],9,1,9
F7_5,2,F8-5. 식품소비 트렌드별 동조성(김치 및 절임류)  2) 원료의 품질과 안전성이 확보된 제품을 구입 하겠다,"['health_orientation', 'premium_orientation']",9,1,9
F7_5,3,F8-5. 식품소비 트렌드별 동조성(김치 및 절임류)  3) 다양하고 새로운 맛을 낸 제품을 구입 하겠다,['variety_seeking'],9,1,9
F7_5,4,"F8-5. 식품소비 트렌드별 동조성(김치 및 절임류)  4) 소포장, 사용 및 취식·조리간편화된 제품을 구입 하겠다",['cooking_convenience'],9,1,9
F7_5,5,F8-5. 식품소비 트렌드별 동조성(김치 및 절임류)  5) 제품의 업그레이드·신제품 개발과 관계없이 가격만 저렴하면 구입 하겠다,"['price_sensitivity', 'variety_seeking']",9,1,9
F7_6,1,F8-6. 식품소비 트렌드별 동조성(과일채소가공품)  1) 건강(영양)에 좋은 제품을 구입 하겠다,['health_orientation'],9,1,9
F7_6,2,F8-6. 식품소비 트렌드별 동조성(과일채소가공품)  2) 원료의 품질과 안전성이 확보된 제품을 구입 하겠다,"['health_orientation', 'premium_orientation']",9,1,9
F7_6,3,F8-6. 식품소비 트렌드별 동조성(과일채소가공품)  3) 다양하고 새로운 맛을 낸 제품을 구입 하겠다,['variety_seeking'],9,1,9
F7_6,4,"F8-6. 식품소비 트렌드별 동조성(과일채소가공품)  4) 소포장, 사용 및 취식·조리간편화된 제품을 구입 하겠다",['cooking_convenience'],9,1,9
F7_6,5,F8-6. 식품소비 트렌드별 동조성(과일채소가공품)  5) 제품의 업그레이드·신제품 개발과 관계없이 가격만 저렴하면 구입 하겠다,"['price_sensitivity', 'variety_seeking']",9,1,9
F7_7,1,F8-7. 식품소비 트렌드별 동조성(장류)  1) 건강(영양)에 좋은 제품을 구입 하겠다,['health_orientation'],9,1,9
F7_7,2,F8-7. 식품소비 트렌드별 동조성(장류)  2) 원료의 품질과 안전성이 확보된 제품을 구입 하겠다,"['health_orientation', 'premium_orientation']",9,1,9
F7_7,3,F8-7. 식품소비 트렌드별 동조성(장류)  3) 다양하고 새로운 맛을 낸 제품을 구입 하겠다,['variety_seeking'],9,1,9
F7_7,4,"F8-7. 식품소비 트렌드별 동조성(장류)  4) 소포장, 사용 및 취식·조리간편화된 제품을 구입 하겠다",['cooking_convenience'],9,1,9
F7_7,5,F8-7. 식품소비 트렌드별 동조성(장류)  5) 제품의 업그레이드·신제품 개발과 관계없이 가격만 저렴하면 구입 하겠다,"['price_sensitivity', 'variety_seeking']",9,1,9
F7_8,1,F8-8. 식품소비 트렌드별 동조성(조미식품)  1) 건강(영양)에 좋은 제품을 구입 하겠다,['health_orientation'],9,1,9
F7_8,2,F8-8. 식품소비 트렌드별 동조성(조미식품)  2) 원료의 품질과 안전성이 확보된 제품을 구입 하겠다,"['health_orientation', 'premium_orientation']",9,1,9
F7_8,3,F8-8. 식품소비 트렌드별 동조성(조미식품)  3) 다양하고 새로운 맛을 낸 제품을 구입 하겠다,['variety_seeking'],9,1,9
F7_8,4,"F8-8. 식품소비 트렌드별 동조성(조미식품)  4) 소포장, 사용 및 취식·조리간편화된 제품을 구입 하겠다",['cooking_convenience'],9,1,9
F7_8,5,F8-8. 식품소비 트렌드별 동조성(조미식품)  5) 제품의 업그레이드·신제품 개발과 관계없이 가격만 저렴하면 구입 하겠다,"['price_sensitivity', 'variety_seeking']",9,1,9
F7_9,1,F8-9. 식품소비 트렌드별 동조성(유지류)  1) 건강(영양)에 좋은 제품을 구입 하겠다,['health_orientation'],9,1,9
F7_9,2,F8-9. 식품소비 트렌드별 동조성(유지류)  2) 원료의 품질과 안전성이 확보된 제품을 구입 하겠다,"['health_orientation', 'premium_orientation']",9,1,9
F7_9,3,F8-9. 식품소비 트렌드별 동조성(유지류)  3) 다양하고 새로운 맛을 낸 제품을 구입 하겠다,['variety_seeking'],9,1,9
F7_9,4,"F8-9. 식품소비 트렌드별 동조성(유지류)  4) 소포장, 사용 및 취식·조리간편화된 제품을 구입 하겠다",['cooking_convenience'],9,1,9
F7_9,5,F8-9. 식품소비 트렌드별 동조성(유지류)  5) 제품의 업그레이드·신제품 개발과 관계없이 가격만 저렴하면 구입 하겠다,"['price_sensitivity', 'variety_seeking']",9,1,9
F7_10,1,F8-10. 식품소비 트렌드별 동조성(유가공품)  1) 건강(영양)에 좋은 제품을 구입 하겠다,['health_orientation'],9,1,9
F7_10,2,F8-10. 식품소비 트렌드별 동조성(유가공품)  2) 원료의 품질과 안전성이 확보된 제품을 구입 하겠다,"['health_orientation', 'premium_orientation']",9,1,9
F7_10,3,F8-10. 식품소비 트렌드별 동조성(유가공품)  3) 다양하고 새로운 맛을 낸 제품을 구입 하겠다,['variety_seeking'],9,1,9
F7_10,4,"F8-10. 식품소비 트렌드별 동조성(유가공품)  4) 소포장, 사용 및 취식·조리간편화된 제품을 구입 하겠다",['cooking_convenience'],9,1,9
F7_10,5,F8-10. 식품소비 트렌드별 동조성(유가공품)  5) 제품의 업그레이드·신제품 개발과 관계없이 가격만 저렴하면 구입 하겠다,"['price_sensitivity', 'variety_seeking']",9,1,9
F7_11,1,F8-11. 식품소비 트렌드별 동조성(빵 및 떡류)  1) 건강(영양)에 좋은 제품을 구입 하겠다,['health_orientation'],9,1,9
F7_11,2,F8-11. 식품소비 트렌드별 동조성(빵 및 떡류)  2) 원료의 품질과 안전성이 확보된 제품을 구입 하겠다,"['health_orientation', 'premium_orientation']",9,1,9
F7_11,3,F8-11. 식품소비 트렌드별 동조성(빵 및 떡류)  3) 다양하고 새로운 맛을 낸 제품을 구입 하겠다,['variety_seeking'],9,1,9
F7_11,4,"F8-11. 식품소비 트렌드별 동조성(빵 및 떡류)  4) 소포장, 사용 및 취식·조리간편화된 제품을 구입 하겠다",['cooking_convenience'],9,1,9
F7_11,5,F8-11. 식품소비 트렌드별 동조성(빵 및 떡류)  5) 제품의 업그레이드·신제품 개발과 관계없이 가격만 저렴하면 구입 하겠다,"['price_sensitivity', 'variety_seeking']",9,1,9
F7_12,1,F8-12. 식품소비 트렌드별 동조성(과자류)  1) 건강(영양)에 좋은 제품을 구입 하겠다,['health_orientation'],9,1,9
F7_12,2,F8-12. 식품소비 트렌드별 동조성(과자류)  2) 원료의 품질과 안전성이 확보된 제품을 구입 하겠다,"['health_orientation', 'premium_orientation']",9,1,9
F7_12,3,F8-12. 식품소비 트렌드별 동조성(과자류)  3) 다양하고 새로운 맛을 낸 제품을 구입 하겠다,['variety_seeking'],9,1,9
F7_12,4,"F8-12. 식품소비 트렌드별 동조성(과자류)  4) 소포장, 사용 및 취식·조리간편화된 제품을 구입 하겠다",['cooking_convenience'],9,1,9
F7_12,5,F8-12. 식품소비 트렌드별 동조성(과자류)  5) 제품의 업그레이드·신제품 개발과 관계없이 가격만 저렴하면 구입 하겠다,"['price_sensitivity', 'variety_seeking']",9,1,9
F7_13,1,F8-13. 식품소비 트렌드별 동조성(면류)  1) 건강(영양)에 좋은 제품을 구입 하겠다,['health_orientation'],9,1,9
F7_13,2,F8-13. 식품소비 트렌드별 동조성(면류)  2) 원료의 품질과 안전성이 확보된 제품을 구입 하겠다,"['health_orientation', 'premium_orientation']",9,1,9
F7_13,3,F8-13. 식품소비 트렌드별 동조성(면류)  3) 다양하고 새로운 맛을 낸 제품을 구입 하겠다,['variety_seeking'],9,1,9
F7_13,4,"F8-13. 식품소비 트렌드별 동조성(면류)  4) 소포장, 사용 및 취식·조리간편화된 제품을 구입 하겠다",['cooking_convenience'],9,1,9
F7_13,5,F8-13. 식품소비 트렌드별 동조성(면류)  5) 제품의 업그레이드·신제품 개발과 관계없이 가격만 저렴하면 구입 하겠다,"['price_sensitivity', 'variety_seeking']",9,1,9
F7_14,1,F8-14. 식품소비 트렌드별 동조성(연식품)  1) 건강(영양)에 좋은 제품을 구입 하겠다,['health_orientation'],9,1,9
F7_14,2,F8-14. 식품소비 트렌드별 동조성(연식품)  2) 원료의 품질과 안전성이 확보된 제품을 구입 하겠다,"['health_orientation', 'premium_orientation']",9,1,9
F7_14,3,F8-14. 식품소비 트렌드별 동조성(연식품)  3) 다양하고 새로운 맛을 낸 제품을 구입 하겠다,['variety_seeking'],9,1,9
F7_14,4,"F8-14. 식품소비 트렌드별 동조성(연식품)  4) 소포장, 사용 및 취식·조리간편화된 제품을 구입 하겠다",['cooking_convenience'],9,1,9
F7_14,5,F8-14. 식품소비 트렌드별 동조성(연식품)  5) 제품의 업그레이드·신제품 개발과 관계없이 가격만 저렴하면 구입 하겠다,"['price_sensitivity', 'variety_seeking']",9,1,9
F7_15,1,F8-15. 식품소비 트렌드별 동조성(곡물가공품)  1) 건강(영양)에 좋은 제품을 구입 하겠다,['health_orientation'],9,1,9
F7_15,2,F8-15. 식품소비 트렌드별 동조성(곡물가공품)  2) 원료의 품질과 안전성이 확보된 제품을 구입 하겠다,"['health_orientation', 'premium_orientation']",9,1,9
F7_15,3,F8-15. 식품소비 트렌드별 동조성(곡물가공품)  3) 다양하고 새로운 맛을 낸 제품을 구입 하겠다,['variety_seeking'],9,1,9
F7_15,4,"F8-15. 식품소비 트렌드별 동조성(곡물가공품)  4) 소포장, 사용 및 취식·조리간편화된 제품을 구입 하겠다",['cooking_convenience'],9,1,9
F7_15,5,F8-15. 식품소비 트렌드별 동조성(곡물가공품)  5) 제품의 업그레이드·신제품 개발과 관계없이 가격만 저렴하면 구입 하겠다,"['price_sensitivity', 'variety_seeking']",9,1,9
F7_16,1,F8-16. 식품소비 트렌드별 동조성(커피 및 차)  1) 건강(영양)에 좋은 제품을 구입 하겠다,['health_orientation'],9,1,9
F7_16,2,F8-16. 식품소비 트렌드별 동조성(커피 및 차)  2) 원료의 품질과 안전성이 확보된 제품을 구입 하겠다,"['health_orientation', 'premium_orientation']",9,1,9
F7_16,3,F8-16. 식품소비 트렌드별 동조성(커피 및 차)  3) 다양하고 새로운 맛을 낸 제품을 구입 하겠다,['variety_seeking'],9,1,9
F7_16,4,"F8-16. 식품소비 트렌드별 동조성(커피 및 차)  4) 소포장, 사용 및 취식·조리간편화된 제품을 구입 하겠다",['cooking_convenience'],9,1,9
F7_16,5,F8-16. 식품소비 트렌드별 동조성(커피 및 차)  5) 제품의 업그레이드·신제품 개발과 관계없이 가격만 저렴하면 구입 하겠다,"['price_sensitivity', 'variety_seeking']",9,1,9
F7_17,1,F8-17. 식품소비 트렌드별 동조성(음료류)  1) 건강(영양)에 좋은 제품을 구입 하겠다,['health_orientation'],9,1,9
F7_17,2,F8-17. 식품소비 트렌드별 동조성(음료류)  2) 원료의 품질과 안전성이 확보된 제품을 구입 하겠다,"['health_orientation', 'premium_orientation']",9,1,9
F7_17,3,F8-17. 식품소비 트렌드별 동조성(음료류)  3) 다양하고 새로운 맛을 낸 제품을 구입 하겠다,['variety_seeking'],9,1,9
F7_17,4,"F8-17. 식품소비 트렌드별 동조성(음료류)  4) 소포장, 사용 및 취식·조리간편화된 제품을 구입 하겠다",['cooking_convenience'],9,1,9
F7_17,5,F8-17. 식품소비 트렌드별 동조성(음료류)  5) 제품의 업그레이드·신제품 개발과 관계없이 가격만 저렴하면 구입 하겠다,"['price_sensitivity', 'variety_seeking']",9,1,9
F7_18,1,F8-18. 식품소비 트렌드별 동조성(주류)  1) 건강(영양)에 좋은 제품을 구입 하겠다,['health_orientation'],9,1,9
F7_18,2,F8-18. 식품소비 트렌드별 동조성(주류)  2) 원료의 품질과 안전성이 확보된 제품을 구입 하겠다,"['health_orientation', 'premium_orientation']",9,1,9
F7_18,3,F8-18. 식품소비 트렌드별 동조성(주류)  3) 다양하고 새로운 맛을 낸 제품을 구입 하겠다,['variety_seeking'],9,1,9
F7_18,4,"F8-18. 식품소비 트렌드별 동조성(주류)  4) 소포장, 사용 및 취식·조리간편화된 제품을 구입 하겠다",['cooking_convenience'],9,1,9
F7_18,5,F8-18. 식품소비 트렌드별 동조성(주류)  5) 제품의 업그레이드·신제품 개발과 관계없이 가격만 저렴하면 구입 하겠다,"['price_sensitivity', 'variety_seeking']",9,1,9
F7_19,1,F8-19. 식품소비 트렌드별 동조성(간편식)  1) 건강(영양)에 좋은 제품을 구입 하겠다,"['health_orientation', 'cooking_convenience', 'hmr_preference']",9,1,9
F7_19,2,F8-19. 식품소비 트렌드별 동조성(간편식)  2) 원료의 품질과 안전성이 확보된 제품을 구입 하겠다,"['health_orientation', 'premium_orientation', 'cooking_convenience', 'hmr_preference']",9,1,9
F7_19,3,F8-19. 식품소비 트렌드별 동조성(간편식)  3) 다양하고 새로운 맛을 낸 제품을 구입 하겠다,"['cooking_convenience', 'hmr_preference', 'variety_seeking']",9,1,9
F7_19,4,"F8-19. 식품소비 트렌드별 동조성(간편식)  4) 소포장, 사용 및 취식·조리간편화된 제품을 구입 하겠다","['cooking_convenience', 'hmr_preference']",9,1,9
F7_19,5,F8-19. 식품소비 트렌드별 동조성(간편식)  5) 제품의 업그레이드·신제품 개발과 관계없이 가격만 저렴하면 구입 하겠다,"['price_sensitivity', 'cooking_convenience', 'hmr_preference', 'variety_seeking']",9,1,9
F7_20,1,F8-20. 식품소비 트렌드별 동조성(건강기능식품)  1) 건강(영양)에 좋은 제품을 구입 하겠다,['health_orientation'],9,1,9
F7_20,2,F8-20. 식품소비 트렌드별 동조성(건강기능식품)  2) 원료의 품질과 안전성이 확보된 제품을 구입 하겠다,"['health_orientation', 'premium_orientation']",9,1,9
F7_20,3,F8-20. 식품소비 트렌드별 동조성(건강기능식품)  3) 다양하고 새로운 맛을 낸 제품을 구입 하겠다,"['health_orientation', 'variety_seeking']",9,1,9
F7_20,4,"F8-20. 식품소비 트렌드별 동조성(건강기능식품)  4) 소포장, 사용 및 취식·조리간편화된 제품을 구입 하겠다","['health_orientation', 'cooking_convenience']",9,1,9
F7_20,5,F8-20. 식품소비 트렌드별 동조성(건강기능식품)  5) 제품의 업그레이드·신제품 개발과 관계없이 가격만 저렴하면 구입 하겠다,"['price_sensitivity', 'health_orientation', 'variety_seeking']",9,1,9
DQ1,1,"DQ1. 가구 구성 형태  1) 1세대가족(예: 부부, 형제·자매만으로 구성)",,,,
DQ1,2,DQ1. 가구 구성 형태  2) 2세대가족(예: 부부+자녀로 구성),,,,
DQ1,3,DQ1. 가구 구성 형태  3) 3세대가족(예: 부모+부부+자녀로 구성),,,,
DQ1,4,DQ1. 가구 구성 형태  4) 4세대가족(예: 조부모+부모+부부+자녀로 구성),,,,
DQ1,5,DQ1. 가구 구성 형태  5) 1인 가구,,,,
DQ1,81,DQ1. 가구 구성 형태 81) 2인 가구,,,,
DQ3,1,DQ3. 현재 결혼 여부  1) 기혼,,,,
DQ3,2,DQ3. 현재 결혼 여부  2) 미혼(사별/이혼 포함),,,,
DQ3_1,1,DQ3-1. 현재 맞벌이 여부  1) 맞벌이 함,,,,
DQ3_1,2,DQ3-1. 현재 맞벌이 여부  2) 맞벌이 하지 않음,,,,
DQ4,1,DQ4. 월평균 가구 소득(세전)  1) 100만원 미만,,,,
DQ4,2,DQ4. 월평균 가구 소득(세전)  2) 100-200만원 미만,,,,
DQ4,3,DQ4. 월평균 가구 소득(세전)  3) 200-300만원 미만,,,,
DQ4,4,DQ4. 월평균 가구 소득(세전)  4) 300-400만원 미만,,,,
DQ4,5,DQ4. 월평균 가구 소득(세전)  5) 400-500만원 미만,,,,
DQ4,6,DQ4. 월평균 가구 소득(세전)  6) 500-600만원 미만,,,,
DQ4,7,DQ4. 월평균 가구 소득(세전)  7) 600-700만원 미만,,,,
DQ4,8,DQ4. 월평균 가구 소득(세전)  8) 700-800만원 미만,,,,
DQ4,9,DQ4. 월평균 가구 소득(세전)  9) 800-900만원 미만,,,,
DQ4,10,"DQ4. 월평균 가구 소득(세전) 10) 900-1,000만원 미만",,,,
DQ4,11,"DQ4. 월평균 가구 소득(세전) 11) 1,000만원 이상",,,,
DQ6,1,DQ6. 현재 주거 형태  1) 아파트,,,,
DQ6,2,DQ6. 현재 주거 형태  2) 단독주택,,,,
DQ6,3,DQ6. 현재 주거 형태  3) 연립/다세대 주택,,,,
DQ6,4,DQ6. 현재 주거 형태  4) 오피스텔,,,,
DQ6,21,DQ6. 현재 주거 형태 21) 상가주택,,,,
DQ6,91,DQ6. 현재 주거 형태 91) 교회,,,,
DQ7,1,DQ7. 가구의 차량 보유 여부 및 보유 대수  1) 없음,,,,
DQ7,2,DQ7. 가구의 차량 보유 여부 및 보유 대수  2) 1대 보유,,,,
DQ7,3,DQ7. 가구의 차량 보유 여부 및 보유 대수  3) 2대 보유,,,,
DQ7,4,DQ7. 가구의 차량 보유 여부 및 보유 대수  4) 3대 보유,,,,
DQ7,5,DQ7. 가구의 차량 보유 여부 및 보유 대수  5) 4대 이상 보유,,,,
DQ8,1,DQ8. 가구의 식품 구입 및 조달 시 차량 이용 여부  1) 전혀 이용하지 않는다,,,,
DQ8,2,DQ8. 가구의 식품 구입 및 조달 시 차량 이용 여부  2) 이용하지 않는 편이다,,,,
DQ8,3,DQ8. 가구의 식품 구입 및 조달 시 차량 이용 여부  3) 이용할 때도 있고 이용하지 않을 때도 있다,,,,
DQ8,4,DQ8. 가구의 식품 구입 및 조달 시 차량 이용 여부  4) 이용하는 편이다,,,,
DQ8,5,DQ8. 가구의 식품 구입 및 조달 시 차량 이용 여부  5) 항상 이용한다,,,,
DQ9,1,DQ9. 가구의 건강 관심도  1) 매우 적다,['health_orientation'],1,1,1
DQ9,2,DQ9. 가구의 건강 관심도  2) 적은 편이다,['health_orientation'],3,1,3
DQ9,3,DQ9. 가구의 건강 관심도  3) 보통이다,['health_orientation'],5,1,5
DQ9,4,DQ9. 가구의 건강 관심도  4) 많은 편이다,['health_orientation'],7,1,7
DQ9,5,DQ9. 가구의 건강 관심도  5) 매우 많다,['health_orientation'],9,1,9
DQ9_1,1,DQ9-1. 건강을 위한 시간/비용 투자  1) 전혀 그렇지 않다,"['price_sensitivity', 'health_orientation']",1,1,1
DQ9_1,2,DQ9-1. 건강을 위한 시간/비용 투자  2) 그렇지 않은 편이다,"['price_sensitivity', 'health_orientation']",3,1,3
DQ9_1,3,DQ9-1. 건강을 위한 시간/비용 투자  3) 보통이다,"['price_sensitivity', 'health_orientation']",5,1,5
DQ9_1,4,DQ9-1. 건강을 위한 시간/비용 투자  4) 그런 편이다,"['price_sensitivity', 'health_orientation']",7,1,7
DQ9_1,5,DQ9-1. 건강을 위한 시간/비용 투자  5) 매우 그렇다,"['price_sensitivity', 'health_orientation']",9,1,9
HQ1,1,HQ1. 가구주 성별  1) 남자,,,,
HQ1,2,HQ1. 가구주 성별  2) 여자,,,,
HQ2,1,HQ2. 가구주 연령  1) 20대,,,,
HQ2,2,HQ2. 가구주 연령  2) 30대,,,,
HQ2,3,HQ2. 가구주 연령  3) 40대,,,,
HQ2,4,HQ2. 가구주 연령  4) 50대,,,,
HQ2,5,HQ2. 가구주 연령  5) 60대 이상,,,,
HQ3,1,HQ3. 가구주 최종 학력  1) 중졸 이하,,,,
HQ3,2,HQ3. 가구주 최종 학력  2) 고졸(대학 재학 포함),,,,
HQ3,3,HQ3. 가구주 최종 학력  3) 대학교 졸업(전문대졸/대학원생 포함),,,,
HQ3,4,HQ3. 가구주 최종 학력  4) 대학원 졸업 이상,,,,
HQ4,1,HQ4. 가구주 직업  1) 관리자,,,,
HQ4,2,HQ4. 가구주 직업  2) 전문가 및 관련 종사자,,,,
HQ4,3,HQ4. 가구주 직업  3) 사무 종사자,,,,
HQ4,4,HQ4. 가구주 직업  4) 서비스 종사자,,,,
HQ4,5,HQ4. 가구주 직업  5) 판매 종사자,,,,
HQ4,6,HQ4. 가구주 직업  6) 농림어업 숙련 종사자,,,,
HQ4,7,HQ4. 가구주 직업  7) 기능원 및 관련 기능 종사자,,,,
HQ4,8,HQ4. 가구주 직업  8) 장치·기계 조작 및 조립 종사자,,,,
HQ4,9,HQ4. 가구주 직업  9) 단순노무 종사자,,,,
HQ4,10,HQ4. 가구주 직업 10) 군인,,,,
HQ4,11,HQ4. 가구주 직업 11) 학생,,,,
HQ4,12,HQ4. 가구주 직업 12) 주부,,,,
HQ4,13,HQ4. 가구주 직업 13) 취업 준비 중,,,,
HQ4,21,HQ4. 가구주 직업 21) 무직,,,,
HQ4,22,HQ4. 가구주 직업 22) 자영업,,,,
SQ2a,1,SQ2. 가구 내 식품 주구입자 여부  1) 예,,,,
SQ2a,2,SQ2. 가구 내 식품 주구입자 여부  2) 아니요,,,,
SQ3,1,SQ3. 성별  1) 남자,,,,
SQ3,2,SQ3. 성별  2) 여자,,,,
SQ4,1,SQ4. 응답자 직업  1) 관리자,,,,
SQ4,2,SQ4. 응답자 직업  2) 전문가 및 관련 종사자,,,,
SQ4,3,SQ4. 응답자 직업  3) 사무 종사자,,,,
SQ4,4,SQ4. 응답자 직업  4) 서비스 종사자,,,,
SQ4,5,SQ4. 응답자 직업  5) 판매 종사자,,,,
SQ4,6,SQ4. 응답자 직업  6) 농림어업 숙련 종사자,,,,
SQ4,7,SQ4. 응답자 직업  7) 기능원 및 관련 기능 종사자,,,,
SQ4,8,SQ4. 응답자 직업  8) 장치·기계 조작 및 조립 종사자,,,,
SQ4,9,SQ4. 응답자 직업  9) 단순노무 종사자,,,,
SQ4,10,SQ4. 응답자 직업 10) 군인,,,,
SQ4,11,SQ4. 응답자 직업 11) 학생,,,,
SQ4,12,SQ4. 응답자 직업 12) 주부,,,,
SQ4,13,SQ4. 응답자 직업 13) 취업 준비 중,,,,
SQ4,21,SQ4. 응답자 직업 21) 무직,,,,
SQ4,22,SQ4. 응답자 직업 22) 자영업,,,,
SQ5,1,SQ5. 응답자 최종 학력  1) 중졸 이하,,,,
SQ5,2,SQ5. 응답자 최종 학력  2) 고졸(대학 재학 포함),,,,
SQ5,3,SQ5. 응답자 최종 학력  3) 대학교 졸업(전문대졸/대학원생 포함),,,,
SQ5,4,SQ5. 응답자 최종 학력  4) 대학원 졸업 이상,,,,
SQ6,1,SQ6. 작년 가공식품 소비자태도조사 응답 여부  1) 예,,,,
SQ6,2,SQ6. 작년 가공식품 소비자태도조사 응답 여부  2) 아니요,,,,
SQ7,1,SQ7. 내년 가공식품 소비자태도조사 응답 의향 여부  1) 예,,,,
SQ7,2,SQ7. 내년 가공식품 소비자태도조사 응답 의향 여부  2) 아니요,,,,
SQ8,1,SQ8. 지역  1) 서울특별시,,,1,
SQ8,2,SQ8. 지역  2) 부산광역시,,,,
SQ8,3,SQ8. 지역  3) 인천광역시,,,,
SQ8,4,SQ8. 지역  4) 대구광역시,,,,
SQ8,5,SQ8. 지역  5) 대전광역시,,,,
SQ8,6,SQ8. 지역  6) 광주광역시,,,,
SQ8,7,SQ8. 지역  7) 울산광역시,,,,
SQ8,8,SQ8. 지역  8) 경기도,,,,
SQ8,9,SQ8. 지역  9) 경상북도,,,,
SQ8,10,SQ8. 지역 10) 경상남도,,,,
SQ8,11,SQ8. 지역 11) 전라북도,,,,
SQ8,12,SQ8. 지역 12) 전라남도,,,,
SQ8,13,SQ8. 지역 13) 충청북도,,,,
SQ8,14,SQ8. 지역 14) 충청남도,,,,
SQ8,15,SQ8. 지역 15) 강원도,,,,
SQ8,16,SQ8. 지역 16) 제주특별자치도,,,1,
SQ8,17,SQ8. 지역 17) 세종특별자치시,,,1,
