id,SQ3,HQ2,SQ4,SQ5,SQ8,DQ1,DQ3,DQ3_1,DQ4,'brand_loyalty','cooking_convenience','health_orientation','hmr_preference','premium_orientation','price_sensitivity','variety_seeking',cluster,'brand_loyalty'_scaled,'cooking_convenience'_scaled,'health_orientation'_scaled,'hmr_preference'_scaled,'premium_orientation'_scaled,'price_sensitivity'_scaled,'variety_seeking'_scaled
4I209035,남자,30대,사무 종사자,대학교 졸업(전문대졸/대학원생 포함),경상북도,1세대가족,기혼,맞벌이 함,500-600만원 미만,0.0755984880302394,0.1269856739109248,0.100733564985434,0.1191166321601104,0.068723891658806,0.1118827160493827,0.235905637744902,0,0.2089552238805972,0.4295377677564823,0.5343511450381682,0.6983349657198823,0.2866449511400651,0.2290871225269002,0.5260869565217389
4A016018,남자,30대,사무 종사자,대학교 졸업(전문대졸/대학원생 포함),서울특별시,1세대가족,기혼,맞벌이 함,600-700만원 미만,0.0503989920201596,0.1823409024461553,0.1180021761257941,0.1478260869565217,0.0830076809055383,0.160108024691358,0.2039184326269492,1,0.1194029850746271,0.6429913566328446,0.6684841875681571,0.9020568070519096,0.3557003257328992,0.402637972926067,0.4217391304347824
4Q110003,남자,30대,사무 종사자,대학교 졸업(전문대졸/대학원생 포함),세종특별자치시,1세대가족,기혼,맞벌이 함,400-500만원 미만,0.2568248635027299,0.2408147354059058,0.045101962023095,0.1478260869565217,0.0871176391321924,0.1836419753086419,0.1732640277222444,3,0.8529850746268658,0.8684704998121004,0.1022355507088333,0.9020568070519096,0.3755700325732902,0.4873307879208605,0.3217391304347824
4N178061,남자,30대,사무 종사자,대학교 졸업(전문대졸/대학원생 포함),충청남도,1인 가구,미혼(사별/이혼 포함),맞벌이 하지 않음,200-300만원 미만,0.123897522049559,0.1652860344995614,0.0566143694500017,0.1305728088336784,0.0801778736019404,0.0887345679012345,0.1839264294282287,0,0.3805970149253733,0.5772266065388949,0.191657579062159,0.7796278158667972,0.3420195439739416,0.1457827143352999,0.3565217391304347
3N176040,남자,30대,사무 종사자,대학교 졸업(전문대졸/대학원생 포함),충청남도,1인 가구,미혼(사별/이혼 포함),맞벌이 하지 않음,200-300만원 미만,0.1035279294414111,0.1808790566221615,0.0664069355234986,0.1305728088336784,0.0635359116022099,0.089699074074074,0.1519392243102759,0,0.3082089552238805,0.637354378053363,0.267720828789531,0.7796278158667972,0.2615635179153096,0.1492537313432833,0.2521739130434782
1O001117,남자,30대,서비스 종사자,대학교 졸업(전문대졸/대학원생 포함),강원도,1인 가구,미혼(사별/이혼 포함),맞벌이 하지 않음,400-500만원 미만,0.0703485930281394,0.1297144527823799,0.098276648766277,0.1423050379572118,0.0692629025737771,0.1585648148148148,0.2136478741836599,0,0.1902985074626866,0.4400601277715145,0.5152671755725187,0.8628795298726734,0.2892508143322478,0.3970843457132939,0.4534782608695652
4B037016,남자,30대,전문가 및 관련 종사자,대학원 졸업 이상,부산광역시,1인 가구,미혼(사별/이혼 포함),맞벌이 하지 않음,300-400만원 미만,0.1024779504409911,0.147256602670305,0.0841669299076901,0.1395445134575569,0.0778870772133135,0.1551890432098765,0.2465680394508863,0,0.3044776119402984,0.5077038707252911,0.4056706652126499,0.8432908912830556,0.3309446254071662,0.384935786185352,0.5608695652173911
3H123002,남자,30대,사무 종사자,대학교 졸업(전문대졸/대학원생 포함),경기도,1인 가구,미혼(사별/이혼 포함),맞벌이 하지 않음,300-400만원 미만,0.1035279294414111,0.148036253776435,0.0537011687901442,0.1195307108350586,0.0803800026950545,0.0813078703703703,0.1909902705584433,0,0.3082089552238805,0.5107102593010145,0.169029443838604,0.7012732615083248,0.3429967426710098,0.1190558833738282,0.3795652173913043
4A024006,남자,30대,판매 종사자,고졸(대학 재학 포함),서울특별시,1인 가구,미혼(사별/이혼 포함),맞벌이 하지 않음,200-300만원 미만,0.1679966400671986,0.14920573043563,0.1025236039451054,0.1423050379572118,0.1145398194313434,0.150366512345679,0.1336798613887778,1,0.5373134328358209,0.5152198421645996,0.548255179934569,0.8628795298726734,0.5081433224755699,0.3675807011454355,0.1926086956521738
4K187042,남자,30대,서비스 종사자,대학교 졸업(전문대졸/대학원생 포함),전라북도,1인 가구,미혼(사별/이혼 포함),맞벌이 하지 않음,200-300만원 미만,0.1041579168416631,0.1189942500730922,0.1086658944929978,0.1423050379572118,0.1499797870906885,0.1876929012345679,0.1852592296414767,1,0.3104477611940298,0.3987222848553172,0.5959651035986915,0.8628795298726734,0.6794788273615633,0.5019090593543907,0.3608695652173911
3O150020,남자,30대,사무 종사자,대학교 졸업(전문대졸/대학원생 포함),강원도,1인 가구,미혼(사별/이혼 포함),맞벌이 하지 않음,400-500만원 미만,0.1759764804703905,0.1621674300750414,0.0885542802990418,0.1423050379572118,0.1191887885729686,0.1618441358024691,0.2239104358256697,3,0.5656716417910446,0.5652010522360014,0.4397491821155946,0.8628795298726734,0.5306188925081435,0.4088858035404371,0.4869565217391302
1K000799,남자,30대,사무 종사자,대학교 졸업(전문대졸/대학원생 포함),전라북도,1인 가구,미혼(사별/이혼 포함),맞벌이 하지 않음,200-300만원 미만,0.1927761444771104,0.1297144527823799,0.062756659997894,0.1257418909592822,0.0751920226384584,0.1219135802469136,0.2776222844195655,3,0.6253731343283582,0.4400601277715145,0.239367502726281,0.7453476983349653,0.3179153094462543,0.2651856994099271,0.6621739130434781
3G103032,남자,30대,기능원 및 관련 기능 종사자,고졸(대학 재학 포함),울산광역시,1인 가구,미혼(사별/이혼 포함),맞벌이 하지 않음,300-400만원 미만,0.2648047039059218,0.1875060910242666,0.0964866098066055,0.1478260869565217,0.1437811615685217,0.1457368827160493,0.2483006797281088,3,0.8813432835820895,0.6629086809470122,0.5013631406761172,0.9020568070519096,0.6495114006514657,0.3509198195071151,0.5665217391304348
3K188035,남자,30대,서비스 종사자,대학교 졸업(전문대졸/대학원생 포함),전라북도,2세대가족,기혼,맞벌이 하지 않음,500-600만원 미만,0.1650566988660226,0.2427638631712309,0.1090519813274367,0.1533471359558316,0.1190540358442258,0.1536458333333333,0.2319072371051579,3,0.5268656716417909,0.8759864712514092,0.5989640130861504,0.941234084231146,0.5299674267100978,0.3793821589725787,0.5130434782608694
4A021043,여자,30대,사무 종사자,대학교 졸업(전문대졸/대학원생 포함),서울특별시,1세대가족,기혼,맞벌이 함,700-800만원 미만,0.1371272574548509,0.1842900302114803,0.0368537432873539,0.1308488612836439,0.0557876296995014,0.1788194444444444,0.235905637744902,0,0.4276119402985076,0.6505073280721531,0.038167938931298,0.7815866797257591,0.2241042345276876,0.4699757028809438,0.5260869565217389
4A018016,여자,30대,사무 종사자,대학교 졸업(전문대졸/대학원생 포함),서울특별시,1세대가족,기혼,맞벌이 함,700-800만원 미만,0.0688786224275514,0.1501802943182925,0.0771120704783966,0.1395445134575569,0.0505996496429052,0.1003086419753086,0.3078768492602959,0,0.1850746268656716,0.5189778278842537,0.350872410032715,0.8432908912830556,0.1990228013029316,0.1874349184311001,0.7608695652173911
4D054021,여자,30대,주부,대학교 졸업(전문대졸/대학원생 포함),대구광역시,1세대가족,기혼,맞벌이 하지 않음,300-400만원 미만,0.116757664846703,0.1725952636195302,0.0732161033308764,0.134023464458247,0.0603692224767551,0.1753472222222222,0.1119552179128348,0,0.3552238805970148,0.6054114994363019,0.3206106870229009,0.8041136141038193,0.2462540716612379,0.4574800416522039,0.1217391304347824
1F000206,여자,30대,사무 종사자,대학교 졸업(전문대졸/대학원생 포함),광주광역시,1세대가족,기혼,맞벌이 함,400-500만원 미만,0.1549769004619907,0.1521294220836176,0.0840616334982977,0.1312629399585921,0.0571351569869289,0.1230709876543209,0.1323470611755298,0,0.4910447761194028,0.5264937993235627,0.4048527808069794,0.7845249755142015,0.2306188925081433,0.2693509198195067,0.1882608695652174
3M166030,여자,30대,사무 종사자,고졸(대학 재학 포함),충청북도,1세대가족,기혼,맞벌이 함,500-600만원 미만,0.1511969760604788,0.1677224442062177,0.0589308904566354,0.136783988957902,0.0754615280959439,0.0868055555555555,0.1519392243102759,0,0.4776119402985077,0.5866215708380308,0.2096510359869139,0.8237022526934379,0.3192182410423455,0.1388406803193333,0.2521739130434782
4H117006,여자,30대,사무 종사자,대학교 졸업(전문대졸/대학원생 포함),경기도,1세대가족,기혼,맞벌이 함,600-700만원 미만,0.0881982360352792,0.1189942500730922,0.10185672668562,0.1423050379572118,0.0940574046624444,0.1372492283950617,0.2252432360389177,1,0.2537313432835819,0.3987222848553172,0.5430752453653218,0.8628795298726734,0.4091205211726387,0.320374869836862,0.4913043478260865
3J230012,여자,30대,전문가 및 관련 종사자,대학교 졸업(전문대졸/대학원생 포함),경상남도,1세대가족,미혼(사별/이혼 포함),맞벌이 하지 않음,400-500만원 미만,0.0692986140277194,0.1589513692622551,0.1080341160366431,0.134023464458247,0.0889368009702196,0.1261574074074074,0.1150206584033053,1,0.1865671641791045,0.5527996993611421,0.5910577971646671,0.8041136141038193,0.3843648208469056,0.2804581742450537,0.1317391304347825
4C065004,여자,30대,주부,대학교 졸업(전문대졸/대학원생 포함),인천광역시,1세대가족,기혼,맞벌이 하지 않음,400-500만원 미만,0.242755144897102,0.1141214306597797,0.1231617001860236,0.1285024154589372,0.1953240803126263,0.1304976851851852,0.1026256164200986,1,0.8029850746268656,0.3799323562570461,0.7085605234460193,0.7649363369245838,0.8986970684039088,0.2960777507809788,0.0913043478260869
4H122018,여자,30대,사무 종사자,대학교 졸업(전문대졸/대학원생 포함),경기도,1세대가족,기혼,맞벌이 함,700-800만원 미만,0.2133557328853423,0.1071045707046097,0.1104910322558,0.1167701863354037,0.1573238108071688,0.1020447530864197,0.118619218979075,1,0.6985074626865673,0.3528748590755356,0.6101417666303157,0.681684622918707,0.714983713355049,0.1936827490454701,0.143478260869565
1C000370,여자,30대,사무 종사자,대학교 졸업(전문대졸/대학원생 포함),인천광역시,1세대가족,기혼,맞벌이 함,700-800만원 미만,0.1001679966400672,0.1170451223077672,0.1249868379488259,0.1423050379572118,0.0550464896914162,0.1022376543209876,0.1599360255897641,1,0.2962686567164181,0.3912063134160088,0.7227371864776442,0.8628795298726734,0.2205211726384366,0.1943769524470667,0.2782608695652173
4H117015,여자,30대,사무 종사자,대학교 졸업(전문대졸/대학원생 포함),경기도,1세대가족,기혼,맞벌이 함,600-700만원 미만,0.0720285594288114,0.1316635805477049,0.1295847811589625,0.1478260869565217,0.1025468265732381,0.1457368827160493,0.2305744368919099,1,0.196268656716418,0.4475760992108231,0.7584514721919304,0.9020568070519096,0.4501628664495117,0.3509198195071151,0.5086956521739129
1I000641,여자,30대,사무 종사자,대학교 졸업(전문대졸/대학원생 포함),경상북도,1세대가족,기혼,맞벌이 함,700-800만원 미만,0.1507769844603108,0.1199688139557548,0.0831139658137657,0.1257418909592822,0.0921708664600458,0.1324266975308642,0.2239104358256697,3,0.4761194029850747,0.4024802705749719,0.3974918211559432,0.7453476983349653,0.4000000000000003,0.3030197847969454,0.4869565217391302
4O149002,여자,30대,사무 종사자,대학교 졸업(전문대졸/대학원생 포함),강원도,1세대가족,기혼,맞벌이 함,500-600만원 미만,0.248635027299454,0.1647987525582302,0.0968375978379137,0.1505866114561766,0.1360328796658132,0.158179012345679,0.2825536452085832,3,0.8238805970149254,0.5753476136790681,0.5040894220283532,0.9216454456415274,0.6120521172638438,0.3956959389101004,0.6782608695652173
3A020003,여자,30대,판매 종사자,대학교 졸업(전문대졸/대학원생 포함),서울특별시,1세대가족,기혼,맞벌이 함,600-700만원 미만,0.2194456110877782,0.1462820387876425,0.097153487066091,0.1505866114561766,0.129227866864304,0.1572145061728395,0.2776222844195655,3,0.7201492537313432,0.5039458850056369,0.5065430752453652,0.9216454456415274,0.5791530944625409,0.3922249219021172,0.6621739130434781
3A009002,여자,30대,사무 종사자,대학교 졸업(전문대졸/대학원생 포함),서울특별시,1세대가족,기혼,맞벌이 함,600-700만원 미만,0.1877362452750945,0.1777604521976415,0.1032957776139833,0.1450655624568668,0.1028837083950949,0.1311728395061728,0.2425696388111422,3,0.6074626865671644,0.6253288237504695,0.5542529989094871,0.8824681684622918,0.4517915309446253,0.298507462686567,0.5478260869565217
4B036024,여자,30대,주부,대학교 졸업(전문대졸/대학원생 포함),부산광역시,1세대가족,기혼,맞벌이 하지 않음,300-400만원 미만,0.2322553548929021,0.1826332716109541,0.0731108069214839,0.1395445134575569,0.0805821317881687,0.1490162037037037,0.296281487405038,3,0.7656716417910449,0.644118752348741,0.3197928026172298,0.8432908912830556,0.3439739413680785,0.3627212773342588,0.7230434782608695
4B032045,여자,30대,사무 종사자,대학원 졸업 이상,부산광역시,1인 가구,미혼(사별/이혼 포함),맞벌이 하지 않음,200-300만원 미만,0.1518269634607308,0.1628496247929051,0.0774630585097048,0.1423050379572118,0.075663657189058,0.1442901234567901,0.1812608290017326,0,0.4798507462686569,0.5678316422397591,0.353598691384951,0.8628795298726734,0.3201954397394137,0.3457132939951404,0.3478260869565215
1N000487,여자,30대,사무 종사자,대학교 졸업(전문대졸/대학원생 포함),충청남도,1인 가구,미혼(사별/이혼 포함),맞벌이 하지 않음,300-400만원 미만,0.0881982360352792,0.2183997661046681,0.0820610017198413,0.1505866114561766,0.0512060369222476,0.111207561728395,0.1963214714114354,0,0.2537313432835819,0.7820368282600523,0.3893129770992364,0.9216454456415274,0.2019543973941368,0.2266574106213117,0.3969565217391303
3G099005,여자,30대,사무 종사자,대학교 졸업(전문대졸/대학원생 포함),울산광역시,1인 가구,미혼(사별/이혼 포함),맞벌이 하지 않음,200-300만원 미만,0.1280974380512389,0.1462820387876425,0.0625460671791092,0.1533471359558316,0.0559223824282441,0.1022376543209876,0.2785552445688391,0,0.3955223880597014,0.5039458850056369,0.2377317339149403,0.941234084231146,0.2247557003257329,0.1943769524470667,0.6652173913043476
4E097041,여자,30대,사무 종사자,대학교 졸업(전문대졸/대학원생 포함),대전광역시,1인 가구,미혼(사별/이혼 포함),맞벌이 하지 않음,200-300만원 미만,0.1427971440571188,0.1545658317902738,0.0657049594608823,0.1278122843340234,0.0952028028567578,0.1060956790123456,0.1612688258030121,0,0.4477611940298506,0.535888763622698,0.2622682660850595,0.7600391772771787,0.4146579804560262,0.208261020479,0.2826086956521738
1D000896,여자,30대,서비스 종사자,대학교 졸업(전문대졸/대학원생 포함),대구광역시,1인 가구,미혼(사별/이혼 포함),맞벌이 하지 않음,200-300만원 미만,0.0482990340193196,0.1594386512035864,0.0474886806359903,0.1278122843340234,0.0471634550599649,0.1558641975308642,0.1905904304944689,0,0.1119402985074628,0.5546786922209697,0.1207742639040351,0.7600391772771787,0.1824104234527688,0.3873654980909405,0.3782608695652173
4K185012,여자,30대,사무 종사자,대학교 졸업(전문대졸/대학원생 포함),전라북도,1인 가구,미혼(사별/이혼 포함),맞벌이 하지 않음,200-300만원 미만,0.1671566568668626,0.1306890166650424,0.1243901582956021,0.1505866114561766,0.1405470960786956,0.1372492283950617,0.1799280287884846,1,0.5343283582089552,0.4438181134911688,0.7181025081788439,0.9216454456415274,0.6338762214983715,0.320374869836862,0.3434782608695651
4K187018,여자,30대,사무 종사자,대학교 졸업(전문대졸/대학원생 포함),전라북도,1인 가구,미혼(사별/이혼 포함),맞벌이 하지 않음,300-400만원 미만,0.1434271314573708,0.143358347139655,0.1004527745603875,0.136783988957902,0.1643983290661635,0.1680169753086419,0.194588831134213,1,0.4499999999999999,0.4926719278466742,0.5321701199563798,0.8237022526934379,0.7491856677524428,0.4311003123915303,0.3913043478260869
1C000387,여자,30대,사무 종사자,대학교 졸업(전문대졸/대학원생 포함),인천광역시,1인 가구,미혼(사별/이혼 포함),맞벌이 하지 않음,400-500만원 미만,0.0986980260394792,0.1082740473638047,0.1235477870204626,0.1312629399585921,0.0495216278129632,0.1070601851851851,0.1386112221777955,1,0.2910447761194031,0.3573844419391207,0.7115594329334789,0.7845249755142015,0.1938110749185671,0.2117320374869833,0.2086956521739129
3A020001,여자,30대,사무 종사자,대학교 졸업(전문대졸/대학원생 포함),서울특별시,1인 가구,미혼(사별/이혼 포함),맞벌이 하지 않음,300-400만원 미만,0.1698866022679546,0.1563200467790663,0.0796040855006844,0.1561076604554865,0.1111710012127745,0.1744791666666666,0.2678928428628548,3,0.5440298507462686,0.5426531379180757,0.3702290076335878,0.9608227228207636,0.49185667752443,0.4543561263450187,0.6304347826086953
1C001051,여자,30대,사무 종사자,고졸(대학 재학 포함),인천광역시,1인 가구,미혼(사별/이혼 포함),맞벌이 하지 않음,300-400만원 미만,0.2057958840823183,0.1716206997368677,0.1079288196272507,0.136783988957902,0.1231639940708799,0.1311728395061728,0.2425696388111422,3,0.6716417910447761,0.6016535137166477,0.5902399127589968,0.8237022526934379,0.5498371335504887,0.298507462686567,0.5478260869565217
4O156038,여자,30대,사무 종사자,대학교 졸업(전문대졸/대학원생 포함),강원도,1인 가구,미혼(사별/이혼 포함),맞벌이 하지 않음,200-300만원 미만,0.1627467450650987,0.1572946106617289,0.0906602084868906,0.1478260869565217,0.112855410322059,0.1408179012345679,0.2692256430761029,3,0.5186567164179107,0.5464111236377303,0.4561068702290079,0.9020568070519096,0.5000000000000001,0.3332176327664005,0.6347826086956521
3E088006,여자,30대,서비스 종사자,대학교 졸업(전문대졸/대학원생 포함),대전광역시,1인 가구,미혼(사별/이혼 포함),맞벌이 하지 않음,300-400만원 미만,0.2257454850902982,0.1725952636195302,0.0533501807588361,0.1478260869565217,0.0948659210349009,0.1689814814814814,0.2602958816473411,3,0.742537313432836,0.6054114994363019,0.1663031624863687,0.9020568070519096,0.4130293159609121,0.4345713293995137,0.6056521739130434
4K186060,여자,30대,주부,대학교 졸업(전문대졸/대학원생 포함),전라북도,2세대가족,기혼,맞벌이 하지 않음,400-500만원 미만,0.1108777824443511,0.1998830523340805,0.0789021094380681,0.1423050379572118,0.0954723083142433,0.1929012345679012,0.2558976409436225,0,0.3343283582089553,0.7106350995866215,0.3647764449291164,0.8628795298726734,0.4159609120521173,0.5206525511975006,0.5913043478260867
1K000441,여자,30대,서비스 종사자,대학교 졸업(전문대졸/대학원생 포함),전라북도,2세대가족,기혼,맞벌이 함,400-500만원 미만,0.0608987820243595,0.1072994834811422,0.0926959390684777,0.1257418909592822,0.090958091901361,0.1758294753086419,0.2119152339064374,0,0.1567164179104479,0.3536264562194665,0.4719193020719736,0.7453476983349653,0.39413680781759,0.4592155501561954,0.4478260869565216
1M000033,여자,30대,단순노무 종사자,고졸(대학 재학 포함),충청북도,2세대가족,기혼,맞벌이 함,500-600만원 미만,0.120537589248215,0.1745443913848552,0.0827980765855884,0.136783988957902,0.0486457350761352,0.1359953703703703,0.2585632413701186,0,0.3686567164179105,0.6129274708756103,0.3950381679389312,0.8237022526934379,0.1895765472312703,0.3158625477264835,0.5999999999999999
3L202024,여자,30대,주부,고졸(대학 재학 포함),전라남도,2세대가족,기혼,맞벌이 하지 않음,200-300만원 미만,0.1610667786644267,0.1111977390117922,0.0667930223579376,0.134023464458247,0.0559223824282441,0.2971643518518518,0.3252032520325203,0,0.5126865671641793,0.3686583990980834,0.2707197382769905,0.8041136141038193,0.2247557003257329,0.8958694897604994,0.8173913043478258
1F000304,여자,30대,사무 종사자,대학교 졸업(전문대졸/대학원생 포함),광주광역시,2세대가족,기혼,맞벌이 함,500-600만원 미만,0.0745485090298194,0.1131468667771172,0.1256888140114422,0.134023464458247,0.1147419485244576,0.0974151234567901,0.119952019192323,1,0.2052238805970151,0.3761743705373919,0.7281897491821157,0.8041136141038193,0.5091205211726386,0.1770218674071501,0.1478260869565215
4H131058,여자,30대,판매 종사자,대학교 졸업(전문대졸/대학원생 포함),경기도,2세대가족,기혼,맞벌이 함,500-600만원 미만,0.2028559428811423,0.1189942500730922,0.1148783826471517,0.1395445134575569,0.1754480528230696,0.1677276234567901,0.1230174596827935,1,0.6611940298507462,0.3987222848553172,0.6442202835332604,0.8432908912830556,0.8026058631921823,0.4300590072891355,0.1578260869565216
1H001757,여자,30대,주부,고졸(대학 재학 포함),경기도,2세대가족,기혼,맞벌이 하지 않음,400-500만원 미만,0.0793784124317513,0.1263034791930611,0.1494156049278719,0.144375431331953,0.1250505322732785,0.1099537037037037,0.1292816206850593,1,0.2223880597014924,0.4269071777527245,0.9124863685932384,0.8775710088148868,0.5589576547231272,0.2221450885109336,0.1782608695652174
1D001043,여자,30대,사무 종사자,대학교 졸업(전문대졸/대학원생 포함),대구광역시,2세대가족,기혼,맞벌이 함,500-600만원 미만,0.1931961360772784,0.1189942500730922,0.096030325365905,0.1395445134575569,0.1363023851232987,0.1165123456790123,0.1239504198320671,1,0.626865671641791,0.3987222848553172,0.4978189749182115,0.8432908912830556,0.6133550488599349,0.2457480041652201,0.160869565217391
1H002165,여자,30대,주부,대학교 졸업(전문대졸/대학원생 포함),경기도,2세대가족,기혼,맞벌이 하지 않음,400-500만원 미만,0.116967660646787,0.1219179417210798,0.1211961672106981,0.1395445134575569,0.1709338364101873,0.1375385802469136,0.1026256164200986,1,0.3559701492537312,0.4099962420142803,0.6932933478735006,0.8432908912830556,0.780781758957655,0.3214161749392571,0.0913043478260869
1C000074,여자,30대,사무 종사자,대학교 졸업(전문대졸/대학원생 포함),인천광역시,2세대가족,기혼,맞벌이 함,600-700만원 미만,0.1818563628727425,0.1238670694864048,0.1290232003088695,0.1395445134575569,0.1732246327988142,0.1648341049382716,0.1052912168465947,1,0.5865671641791045,0.4175122134535888,0.7540894220283536,0.8432908912830556,0.7918566775244303,0.4196459562651856,0.1
3B042003,여자,30대,주부,대학교 졸업(전문대졸/대학원생 포함),부산광역시,2세대가족,기혼,맞벌이 하지 않음,300-400만원 미만,0.1973960520789584,0.1696715719715427,0.0794285914850303,0.1395445134575569,0.0921708664600458,0.1734182098765432,0.2439024390243902,3,0.6417910447761195,0.5941375422773392,0.3688658669574697,0.8432908912830556,0.4000000000000003,0.4505380076362372,0.5521739130434781
4I214039,여자,30대,사무 종사자,대학교 졸업(전문대졸/대학원생 포함),경상북도,2세대가족,기혼,맞벌이 함,600-700만원 미만,0.2106257874842503,0.1482311665529675,0.0796040855006844,0.1285024154589372,0.1250505322732785,0.1239390432098765,0.1510062641610022,3,0.6888059701492538,0.5114618564449454,0.3702290076335878,0.7649363369245838,0.5589576547231272,0.2724748351266919,0.2491304347826085
4O156076,여자,30대,기능원 및 관련 기능 종사자,고졸(대학 재학 포함),강원도,2세대가족,기혼,맞벌이 함,400-500만원 미만,0.1522469550608987,0.1387778968911412,0.0889052683303499,0.1395445134575569,0.1119121412208597,0.1572145061728395,0.2852192456350793,3,0.4813432835820894,0.4750093949642991,0.4424754634678298,0.8432908912830556,0.4954397394136809,0.3922249219021172,0.6869565217391302
4O156064,여자,30대,주부,대학교 졸업(전문대졸/대학원생 포함),강원도,2세대가족,기혼,맞벌이 하지 않음,400-500만원 미만,0.1619067618647627,0.14920573043563,0.0896072443929662,0.1478260869565217,0.1181781431073979,0.1494984567901234,0.2785552445688391,3,0.5156716417910449,0.5152198421645996,0.4479280261723012,0.9020568070519096,0.5257328990228014,0.3644567858382503,0.6652173913043476
3P242050,여자,30대,사무 종사자,대학교 졸업(전문대졸/대학원생 포함),제주특별자치도,2세대가족,기혼,맞벌이 함,400-500만원 미만,0.1705165896682066,0.147256602670305,0.0810080376259169,0.1229813664596273,0.1001886538202398,0.1596257716049382,0.2332400373184059,3,0.546268656716418,0.5077038707252911,0.3811341330425298,0.7257590597453475,0.4387622149837134,0.4009024644220753,0.5173913043478258
4A025028,여자,30대,서비스 종사자,대학교 졸업(전문대졸/대학원생 포함),서울특별시,2세대가족,기혼,맞벌이 함,500-600만원 미만,0.2221755564888702,0.2310690965792808,0.0640202169106033,0.1616287094547964,0.0829403045411669,0.195216049382716,0.2212448353991736,3,0.7298507462686568,0.830890642615558,0.2491821155943293,1.0,0.3553745928338763,0.5289829920166605,0.4782608695652171
4O149031,여자,30대,주부,고졸(대학 재학 포함),강원도,2세대가족,기혼,맞벌이 하지 않음,300-400만원 미만,0.1892062158756824,0.1514472273657538,0.09452107683128,0.1533471359558316,0.1354264923864708,0.1647376543209876,0.2638944422231107,3,0.6126865671641789,0.5238632093198045,0.4860959651035985,0.941234084231146,0.6091205211726386,0.4192988545643871,0.6173913043478257
4I206003,남자,40대,판매 종사자,대학교 졸업(전문대졸/대학원생 포함),경상북도,1세대가족,미혼(사별/이혼 포함),맞벌이 하지 않음,300-400만원 미만,0.1581268374632507,0.2106032550433681,0.0554912077498157,0.1423050379572118,0.0598302115617841,0.1700424382716049,0.194588831134213,0,0.5022388059701494,0.7519729425028184,0.1829334787350055,0.8628795298726734,0.2436482084690556,0.4383894481082955,0.3913043478260869
3M170018,남자,40대,서비스 종사자,대학교 졸업(전문대졸/대학원생 포함),충청북도,1인 가구,미혼(사별/이혼 포함),맞벌이 하지 않음,300-400만원 미만,0.118647627047459,0.1189942500730922,0.0809378400196553,0.1395445134575569,0.0892736827920765,0.2192322530864197,0.2252432360389177,0,0.3619402985074627,0.3987222848553172,0.3805888767720829,0.8432908912830556,0.3859934853420197,0.6154113155154457,0.4913043478260865
1H002257,남자,40대,판매 종사자,대학교 졸업(전문대졸/대학원생 포함),경기도,1인 가구,미혼(사별/이혼 포함),맞벌이 하지 않음,300-400만원 미만,0.1379672406551869,0.1787350160803041,0.0715313607805974,0.1285024154589372,0.0880609082333917,0.1638695987654321,0.1439424230307877,0,0.4305970149253733,0.6290868094701241,0.3075245365321704,0.7649363369245838,0.3801302931596094,0.4161749392572023,0.2260869565217391
4H133004,남자,40대,사무 종사자,대학교 졸업(전문대졸/대학원생 포함),경기도,1인 가구,미혼(사별/이혼 포함),맞벌이 하지 않음,200-300만원 미만,0.0724485510289794,0.1219179417210798,0.1175458916850935,0.1395445134575569,0.0946637919417868,0.218653549382716,0.2039184326269492,1,0.1977611940298509,0.4099962420142803,0.6649400218102506,0.8432908912830556,0.4120521172638439,0.6133287053106556,0.4217391304347824
3G101055,남자,40대,서비스 종사자,대학교 졸업(전문대졸/대학원생 포함),울산광역시,1인 가구,미혼(사별/이혼 포함),맞벌이 하지 않음,400-500만원 미만,0.2133557328853423,0.2349673521099308,0.0801656663507774,0.1423050379572118,0.0922382428244172,0.1224922839506172,0.2159136345461815,3,0.6985074626865673,0.845922585494175,0.3745910577971647,0.8628795298726734,0.4003257328990232,0.2672683096147167,0.4608695652173912
1H001100,남자,40대,사무 종사자,대학교 졸업(전문대졸/대학원생 포함),경기도,2세대가족,기혼,맞벌이 함,500-600만원 미만,0.119487610247795,0.1253289153103986,0.0755677231406409,0.1416149068322981,0.0821317881687104,0.1936728395061728,0.1892576302812208,0,0.3649253731343284,0.4231491920330704,0.3388767720828792,0.8579823702252692,0.3514657980456029,0.5234293648038874,0.3739130434782607
4I207040,남자,40대,전문가 및 관련 종사자,대학교 졸업(전문대졸/대학원생 포함),경상북도,2세대가족,기혼,맞벌이 함,500-600만원 미만,0.0755984880302394,0.1422863268687262,0.1069109543364571,0.1159420289855072,0.0778197008489421,0.1089891975308642,0.2292416366786618,0,0.2089552238805972,0.4885381435550543,0.5823336968375137,0.6758080313418215,0.3306188925081433,0.2186740715029503,0.5043478260869562
1E000233,남자,40대,사무 종사자,대학교 졸업(전문대졸/대학원생 포함),대전광역시,2세대가족,기혼,맞벌이 함,600-700만원 미만,0.1551868962620747,0.1496930123769613,0.1115790951528552,0.1305728088336784,0.0908907155369896,0.1278935185185185,0.2185792349726776,1,0.4917910447761193,0.5170988350244269,0.6185932388222459,0.7796278158667972,0.393811074918567,0.2867060048594236,0.4695652173913042
3O150008,남자,40대,기능원 및 관련 기능 종사자,고졸(대학 재학 포함),강원도,2세대가족,기혼,맞벌이 하지 않음,400-500만원 미만,0.1793364132717345,0.1531039859662801,0.0988382296163701,0.1533471359558316,0.1236356286214795,0.173900462962963,0.2638944422231107,3,0.5776119402985074,0.5302517850432169,0.5196292257360962,0.941234084231146,0.5521172638436481,0.4522735161402291,0.6173913043478257
4A021001,여자,40대,사무 종사자,대학교 졸업(전문대졸/대학원생 포함),서울특별시,1세대가족,기혼,맞벌이 함,600-700만원 미만,0.1511969760604788,0.204755871747393,0.0632129444385946,0.1395445134575569,0.0603018461123837,0.175636574074074,0.2172464347594295,0,0.4776119402985077,0.7294250281848926,0.2429116684841875,0.8432908912830556,0.245928338762215,0.4585213467545986,0.4652173913043476
1H001995,여자,40대,서비스 종사자,고졸(대학 재학 포함),경기도,1세대가족,기혼,맞벌이 함,"1,000만원 이상",0.0699286014279714,0.1228925056037423,0.1422905478923168,0.1423050379572118,0.1211427031397385,0.1046489197530864,0.1239504198320671,1,0.1888059701492538,0.4137542277339346,0.8571428571428565,0.8628795298726734,0.5400651465798044,0.2030544949670252,0.160869565217391
4A006014,여자,40대,판매 종사자,고졸(대학 재학 포함),서울특별시,1세대가족,기혼,맞벌이 함,600-700만원 미만,0.1877362452750945,0.1579768053795926,0.0880628970552104,0.1423050379572118,0.1047028702331222,0.1116898148148148,0.1869918699186992,3,0.6074626865671644,0.549041713641488,0.4359323882224646,0.8628795298726734,0.4605863192182413,0.2283929191253036,0.3665217391304347
2B000036,여자,40대,사무 종사자,대학교 졸업(전문대졸/대학원생 포함),부산광역시,1세대가족,기혼,맞벌이 함,600-700만원 미만,0.2204955900881982,0.1599259331449176,0.0761995015969955,0.1505866114561766,0.1401428378924673,0.1505594135802469,0.1852592296414767,3,0.7238805970149254,0.5565576850807965,0.3437840785169029,0.9216454456415274,0.6319218241042346,0.3682749045470321,0.3608695652173911
3B043015,여자,40대,주부,대학교 졸업(전문대졸/대학원생 포함),부산광역시,1세대가족,기혼,맞벌이 하지 않음,300-400만원 미만,0.2102057958840823,0.1482311665529675,0.0966270050191288,0.134023464458247,0.1201994340385392,0.1705246913580247,0.195921631347461,3,0.687313432835821,0.5114618564449454,0.5024536532170119,0.8041136141038193,0.5355048859934852,0.4401249566122873,0.3956521739130433
4D048001,여자,40대,취업 준비 중,중졸 이하,대구광역시,1인 가구,미혼(사별/이혼 포함),맞벌이 하지 않음,200-300만원 미만,0.1738765224695506,0.1009648182438359,0.0383629918219788,0.1167701863354037,0.0586848133674706,0.087770061728395,0.3172064507530321,0,0.5582089552238807,0.3291995490417138,0.0498909487459103,0.681684622918707,0.2381107491856676,0.1423116973273166,0.7913043478260868
4P243008,여자,40대,전문가 및 관련 종사자,대학교 졸업(전문대졸/대학원생 포함),제주특별자치도,1인 가구,미혼(사별/이혼 포함),맞벌이 하지 않음,100-200만원 미만,0.1677866442671146,0.1482311665529675,0.0510687585553332,0.1119392684610075,0.0659614607195795,0.1005979938271604,0.2332400373184059,0,0.5365671641791044,0.5114618564449454,0.1485823336968373,0.647404505386875,0.2732899022801304,0.1884762235334949,0.5173913043478258
1A001224,여자,40대,사무 종사자,대학교 졸업(전문대졸/대학원생 포함),서울특별시,1인 가구,미혼(사별/이혼 포함),맞벌이 하지 않음,300-400만원 미만,0.1077278454430911,0.1540785498489426,0.1153346670878523,0.1423050379572118,0.08846516641962,0.1936728395061728,0.2239104358256697,1,0.3231343283582089,0.534009770762871,0.6477644492911669,0.8628795298726734,0.3820846905537463,0.5234293648038874,0.4869565217391302
4A010015,여자,40대,판매 종사자,고졸(대학 재학 포함),서울특별시,1인 가구,미혼(사별/이혼 포함),맞벌이 하지 않음,200-300만원 미만,0.1860562788744225,0.119286619237891,0.1013653434417886,0.134023464458247,0.135830750572699,0.1060956790123456,0.1869918699186992,1,0.601492537313433,0.3998496805712137,0.5392584514721919,0.8041136141038193,0.6110749185667751,0.208261020479,0.3665217391304347
1H001417,여자,40대,서비스 종사자,대학교 졸업(전문대졸/대학원생 포함),경기도,1인 가구,미혼(사별/이혼 포함),맞벌이 하지 않음,400-500만원 미만,0.0608987820243595,0.1126595848357859,0.1393422484293285,0.1333333333333333,0.1088128284597763,0.1022376543209876,0.1039584166333466,1,0.1567164179104479,0.3742953776775646,0.8342420937840782,0.7992164544564151,0.4804560260586322,0.1943769524470667,0.0956521739130432
1N000578,여자,40대,서비스 종사자,대학교 졸업(전문대졸/대학원생 포함),충청남도,1인 가구,미혼(사별/이혼 포함),맞벌이 하지 않음,200-300만원 미만,0.1973960520789584,0.174057109443524,0.0397669439472114,0.1222912353347135,0.0633337825090958,0.1593364197530864,0.23723843795815,3,0.6417910447761195,0.6110484780157834,0.0607960741548531,0.7208619000979426,0.2605863192182414,0.3998611593196806,0.5304347826086953
1F000464,여자,40대,사무 종사자,대학교 졸업(전문대졸/대학원생 포함),광주광역시,1인 가구,미혼(사별/이혼 포함),맞벌이 하지 않음,200-300만원 미만,0.1589668206635867,0.1300068219471786,0.0848689059703064,0.134023464458247,0.0931141355612451,0.1271219135802469,0.1785952285752365,3,0.505223880597015,0.4411875234874107,0.4111232279171211,0.8041136141038193,0.4045602605863195,0.283929191253037,0.3391304347826084
4H140064,여자,40대,주부,대학교 졸업(전문대졸/대학원생 포함),경기도,2세대가족,기혼,맞벌이 하지 않음,500-600만원 미만,0.113397732045359,0.2006627034402105,0.0446807763855252,0.1498964803312629,0.0528904460315321,0.1533564814814814,0.2452352392376383,0,0.343283582089552,0.713641488162345,0.0989640130861504,0.9167482859941232,0.210097719869707,0.3783408538701835,0.5565217391304347
4D054006,여자,40대,사무 종사자,대학교 졸업(전문대졸/대학원생 포함),대구광역시,2세대가족,기혼,맞벌이 함,"1,000만원 이상",0.1343973120537589,0.2442257089952246,0.0376610157593626,0.1388543823326432,0.0574720388087858,0.1642554012345679,0.1412768226042916,0,0.4179104477611941,0.8816234498308905,0.0444383860414397,0.8383937316356512,0.2322475570032573,0.4175633460603956,0.217391304347826
1A001172,여자,40대,사무 종사자,대학교 졸업(전문대졸/대학원생 포함),서울특별시,2세대가족,기혼,맞벌이 함,500-600만원 미만,0.0993280134397312,0.2001754214988792,0.0662665403109754,0.1561076604554865,0.0375960113192292,0.1848958333333333,0.2425696388111422,0,0.2932835820895524,0.7117624953025177,0.2666303162486371,0.9608227228207636,0.1361563517915312,0.4918431100312389,0.5478260869565217
3P239004,여자,40대,전문가 및 관련 종사자,고졸(대학 재학 포함),제주특별자치도,2세대가족,기혼,맞벌이 함,100-200만원 미만,0.120327593448131,0.1501802943182925,0.0691797409708328,0.1174603174603174,0.0639401697884382,0.2237654320987654,0.2718912435025989,0,0.367910447761194,0.5189778278842537,0.2892584514721915,0.6865817825661112,0.2635179153094465,0.6317250954529674,0.6434782608695649
1D000244,여자,40대,사무 종사자,대학교 졸업(전문대졸/대학원생 포함),대구광역시,2세대가족,기혼,맞벌이 함,400-500만원 미만,0.0755984880302394,0.168599551700614,0.1008388613948264,0.1187025534851621,0.0717558280555181,0.1128472222222222,0.2385712381713981,0,0.2089552238805972,0.5900037579857197,0.5351690294438385,0.6953966699314392,0.3013029315960914,0.2325581395348835,0.5347826086956521
1C001122,여자,40대,판매 종사자,대학교 졸업(전문대졸/대학원생 포함),인천광역시,2세대가족,기혼,맞벌이 함,500-600만원 미만,0.0961780764384712,0.1326381444303674,0.0968375978379137,0.1395445134575569,0.0540358442258455,0.1208526234567901,0.3438624550179928,0,0.282089552238806,0.4513340849304773,0.5040894220283532,0.8432908912830556,0.2156351791530945,0.2613675807011453,0.8782608695652172
3G100028,여자,40대,주부,대학교 졸업(전문대졸/대학원생 포함),울산광역시,2세대가족,기혼,맞벌이 하지 않음,300-400만원 미만,0.1455270894582108,0.1686970080888802,0.0529289951212663,0.1478260869565217,0.0628621479584961,0.2375578703703704,0.2385712381713981,0,0.4574626865671642,0.5903795565576849,0.1630316248636857,0.9020568070519096,0.2583061889250815,0.6813606386671294,0.5347826086956521
1E000235,여자,40대,판매 종사자,고졸(대학 재학 포함),대전광역시,2세대가족,기혼,맞벌이 함,600-700만원 미만,0.0957580848383032,0.1657733164408927,0.0871503281738092,0.136783988957902,0.061245115213583,0.1926118827160493,0.2239104358256697,0,0.2805970149253731,0.5791055993987222,0.4288440567066517,0.8237022526934379,0.2504885993485342,0.5196112460951055,0.4869565217391302
1B000773,여자,40대,판매 종사자,고졸(대학 재학 포함),부산광역시,2세대가족,기혼,맞벌이 함,400-500만원 미만,0.0783284334313313,0.1535912679076113,0.079112702256853,0.1416149068322981,0.0666352243632933,0.1915509259259259,0.2092496334799413,0,0.2186567164179104,0.5321307779030438,0.366412213740458,0.8579823702252692,0.2765472312703584,0.515793127386324,0.4391304347826084
3E093003,여자,40대,사무 종사자,대학교 졸업(전문대졸/대학원생 포함),대전광역시,2세대가족,기혼,맞벌이 함,600-700만원 미만,0.1024779504409911,0.1082740473638047,0.0676002948299463,0.1395445134575569,0.085635359116022,0.144483024691358,0.2185792349726776,0,0.3044776119402984,0.3573844419391207,0.2769901853871322,0.8432908912830556,0.3684039087947882,0.346407497396737,0.4695652173913042
4A006030,여자,40대,서비스 종사자,대학교 졸업(전문대졸/대학원생 포함),서울특별시,2세대가족,기혼,맞벌이 함,500-600만원 미만,0.124947501049979,0.1628496247929051,0.107683128005335,0.1450655624568668,0.0760005390109149,0.122974537037037,0.2269758763161402,0,0.3843283582089553,0.5678316422397591,0.5883315158124318,0.8824681684622918,0.3218241042345277,0.2690038181187085,0.4969565217391303
1M000129,여자,40대,사무 종사자,대학교 졸업(전문대졸/대학원생 포함),충청북도,2세대가족,기혼,맞벌이 함,500-600만원 미만,0.0902981940361192,0.1852645940941429,0.0480151626829525,0.1312629399585921,0.0375960113192292,0.142554012345679,0.2239104358256697,0,0.2611940298507462,0.6542653137918076,0.1248636859323884,0.7845249755142015,0.1361563517915312,0.3394654633807704,0.4869565217391302
1M000008,여자,40대,서비스 종사자,대학교 졸업(전문대졸/대학원생 포함),충청북도,2세대가족,기혼,맞벌이 함,500-600만원 미만,0.1530869382612348,0.2037813078647305,0.0773577621003123,0.134023464458247,0.055181242420159,0.1901041666666666,0.2079168332666933,0,0.4843283582089554,0.7256670424652385,0.3527808069792799,0.8041136141038193,0.2211726384364824,0.5105866018743488,0.434782608695652
1M000121,여자,40대,서비스 종사자,대학교 졸업(전문대졸/대학원생 포함),충청북도,2세대가족,기혼,맞벌이 함,500-600만원 미만,0.0982780344393112,0.1618750609102426,0.0746200554561089,0.136783988957902,0.060167093383641,0.1842206790123456,0.2336398773823804,0,0.2895522388059702,0.5640736565201049,0.3315158124318428,0.8237022526934379,0.2452768729641697,0.4894133981256504,0.518695652173913
1H001180,여자,40대,사무 종사자,대학교 졸업(전문대졸/대학원생 포함),경기도,2세대가족,기혼,맞벌이 함,600-700만원 미만,0.0684586308273834,0.2232725855179807,0.0613527078726615,0.1312629399585921,0.0439293895701387,0.1548996913580247,0.1825936292149806,0,0.1835820895522388,0.8008267568583238,0.2284623773173391,0.7845249755142015,0.1667752442996742,0.3838944810829572,0.3521739130434779
4M164009,여자,40대,단순노무 종사자,대학교 졸업(전문대졸/대학원생 포함),충청북도,2세대가족,기혼,맞벌이 함,400-500만원 미만,0.0835783284334313,0.1881882857421304,0.0454880488575339,0.1312629399585921,0.025468265732381,0.1470871913580247,0.2092496334799413,0,0.237313432835821,0.6655392709507704,0.1052344601962921,0.7845249755142015,0.0775244299674267,0.3557792433182922,0.4391304347826084
1H002087,여자,40대,사무 종사자,대학교 졸업(전문대졸/대학원생 포함),경기도,2세대가족,기혼,맞벌이 함,600-700만원 미만,0.1056278874422511,0.1925738232141117,0.0653188726264434,0.144375431331953,0.0436598841126532,0.1807484567901234,0.2479008396641343,0,0.3156716417910447,0.6824502066892146,0.2592693565976008,0.8775710088148868,0.1654723127035831,0.4769177368969105,0.5652173913043476
4C066024,여자,40대,사무 종사자,고졸(대학 재학 포함),인천광역시,2세대가족,기혼,맞벌이 함,600-700만원 미만,0.1024779504409911,0.1797095799629666,0.0368537432873539,0.134023464458247,0.0355747203880878,0.1681134259259259,0.2385712381713981,0,0.3044776119402984,0.6328447951897783,0.038167938931298,0.8041136141038193,0.126384364820847,0.4314474140923289,0.5347826086956521
3J235032,여자,40대,판매 종사자,대학교 졸업(전문대졸/대학원생 포함),경상남도,2세대가족,기혼,맞벌이 함,500-600만원 미만,0.1963460730785384,0.1170451223077672,0.102418307535713,0.1395445134575569,0.1763913219242689,0.1565393518518518,0.1856590697054511,1,0.6380597014925374,0.3912063134160088,0.5474372955288984,0.8432908912830556,0.8071661237785015,0.3897952099965287,0.362173913043478
4J233020,여자,40대,사무 종사자,대학교 졸업(전문대졸/대학원생 포함),경상남도,2세대가족,기혼,맞벌이 함,700-800만원 미만,0.1686266274674506,0.1131468667771172,0.1123512688217331,0.134023464458247,0.1585365853658536,0.1404320987654321,0.1452752232440357,1,0.5395522388059701,0.3761743705373919,0.6245910577971643,0.8041136141038193,0.7208469055374592,0.3318292259632072,0.2304347826086955
4H115044,여자,40대,사무 종사자,대학교 졸업(전문대졸/대학원생 포함),경기도,2세대가족,기혼,맞벌이 함,"1,000만원 이상",0.0629987400251994,0.1297144527823799,0.1470639851181074,0.1450655624568668,0.110901495755289,0.1104359567901234,0.1839264294282287,1,0.1641791044776118,0.4400601277715145,0.8942202835332602,0.8824681684622918,0.4905537459283389,0.2238805970149251,0.3565217391304347
4D054012,여자,40대,판매 종사자,대학교 졸업(전문대졸/대학원생 포함),대구광역시,2세대가족,기혼,맞벌이 함,500-600만원 미만,0.1276774464510709,0.1506675762596238,0.0984872415850619,0.1278122843340234,0.1016035574720388,0.1787229938271605,0.1092896174863388,1,0.3940298507462685,0.520856820744081,0.5169029443838602,0.7600391772771787,0.4456026058631925,0.4696286011801457,0.1130434782608695
4A007007,여자,40대,판매 종사자,대학교 졸업(전문대졸/대학원생 포함),서울특별시,2세대가족,기혼,맞벌이 함,800-900만원 미만,0.126207475850483,0.1618750609102426,0.1262503948615352,0.1478260869565217,0.1098908502897183,0.109278549382716,0.1292816206850593,1,0.3888059701492539,0.5640736565201049,0.7325517993456923,0.9020568070519096,0.4856677524429968,0.2197153766053451,0.1782608695652174
1C000400,여자,40대,판매 종사자,대학교 졸업(전문대졸/대학원생 포함),인천광역시,2세대가족,기혼,맞벌이 함,600-700만원 미만,0.0793784124317513,0.1024266640678296,0.1011547506230037,0.1312629399585921,0.0691281498450343,0.0887345679012345,0.1603358656537385,1,0.2223880597014924,0.334836527621195,0.5376226826608503,0.7845249755142015,0.2885993485342021,0.1457827143352999,0.2795652173913042
1D001051,여자,40대,주부,고졸(대학 재학 포함),대구광역시,2세대가족,기혼,맞벌이 하지 않음,300-400만원 미만,0.0734985300293994,0.1038885098918234,0.0726545224807834,0.1084886128364389,0.0864438754884786,0.1375385802469136,0.1092896174863388,1,0.201492537313433,0.3404735062006764,0.3162486368593241,0.622918707149853,0.372312703583062,0.3214161749392571,0.1130434782608695
4H133023,여자,40대,사무 종사자,대학교 졸업(전문대졸/대학원생 포함),경기도,2세대가족,기혼,맞벌이 함,700-800만원 미만,0.1665266694666106,0.1609004970275801,0.1143519006001895,0.1229813664596273,0.1204689394960248,0.1203703703703703,0.1546048247367719,1,0.5320895522388059,0.5603156708004507,0.6401308615049073,0.7257590597453475,0.5368078175895769,0.2596320721971534,0.260869565217391
4A004012,여자,40대,서비스 종사자,대학교 졸업(전문대졸/대학원생 포함),서울특별시,2세대가족,기혼,맞벌이 함,500-600만원 미만,0.0825283494330113,0.1940356690381054,0.1133340353093959,0.1450655624568668,0.0998517719983829,0.1167052469135802,0.1749966679994669,1,0.2335820895522388,0.6880871852686957,0.632224645583424,0.8824681684622918,0.4371335504885993,0.2464422075668168,0.327391304347826
4I219015,여자,40대,사무 종사자,대학교 졸업(전문대졸/대학원생 포함),경상북도,2세대가족,기혼,맞벌이 함,800-900만원 미만,0.0755984880302394,0.1315661241594386,0.1067003615176722,0.1131815044858523,0.0929793828325023,0.1089891975308642,0.2239104358256697,1,0.2089552238805972,0.4472003006388574,0.5806979280261721,0.6562193927522038,0.4039087947882737,0.2186740715029503,0.4869565217391302
3D058008,여자,40대,서비스 종사자,고졸(대학 재학 포함),대구광역시,2세대가족,기혼,맞벌이 함,500-600만원 미만,0.0902981940361192,0.1024266640678296,0.0932224211154399,0.136783988957902,0.1012666756501819,0.1519097222222222,0.1376782620285219,1,0.2611940298507462,0.334836527621195,0.4760087241003268,0.8237022526934379,0.4439739413680784,0.3731343283582088,0.2056521739130433
4H122036,여자,40대,사무 종사자,대학교 졸업(전문대졸/대학원생 포함),경기도,2세대가족,기혼,맞벌이 함,500-600만원 미만,0.2118857622847543,0.1121723028944547,0.1293039907339159,0.1257418909592822,0.1350222342002425,0.1221064814814814,0.1132880181260829,1,0.6932835820895524,0.3724163848177376,0.7562704471101414,0.7453476983349653,0.6071661237785017,0.2658799028115234,0.1260869565217391
1H001717,여자,40대,서비스 종사자,고졸(대학 재학 포함),경기도,2세대가족,기혼,맞벌이 함,800-900만원 미만,0.0608987820243595,0.1126595848357859,0.1540837457442701,0.1360938578329882,0.1299016305080177,0.0996334876543209,0.117286418765827,1,0.1567164179104479,0.3742953776775646,0.9487459105779716,0.8188050930460328,0.5824104234527686,0.1850052065255115,0.1391304347826087
1L000351,여자,40대,서비스 종사자,대학교 졸업(전문대졸/대학원생 포함),전라남도,2세대가족,기혼,맞벌이 함,400-500만원 미만,0.1721965560688786,0.1686970080888802,0.1158611491348145,0.1478260869565217,0.0702735480393478,0.1714891975308642,0.1732640277222444,1,0.5522388059701493,0.5903795565576849,0.6518538713195203,0.9020568070519096,0.2941368078175899,0.4435959736202706,0.3217391304347824
1O000021,여자,40대,주부,대학교 졸업(전문대졸/대학원생 포함),강원도,2세대가족,기혼,맞벌이 하지 않음,400-500만원 미만,0.1312473750524989,0.1189942500730922,0.1376575058790495,0.1395445134575569,0.087589273682792,0.0993441358024691,0.1292816206850593,1,0.4067164179104477,0.3987222848553172,0.821155943293348,0.8432908912830556,0.3778501628664495,0.1839639014231168,0.1782608695652174
4O152038,여자,40대,판매 종사자,대학교 졸업(전문대졸/대학원생 포함),강원도,2세대가족,기혼,맞벌이 함,500-600만원 미만,0.1797564048719025,0.1326381444303674,0.089256256361658,0.1423050379572118,0.1090823339172618,0.1507523148148148,0.2692256430761029,3,0.5791044776119403,0.4513340849304773,0.4452017448200651,0.8628795298726734,0.4817589576547234,0.3689691079486288,0.6347826086956521
1H001661,여자,40대,서비스 종사자,대학교 졸업(전문대졸/대학원생 포함),경기도,2세대가족,기혼,맞벌이 함,500-600만원 미만,0.1868962620747585,0.1911119773901179,0.0909059001088063,0.1505866114561766,0.08651125185285,0.1118827160493827,0.2998800479808077,3,0.6044776119402987,0.676813228109733,0.4580152671755728,0.9216454456415274,0.3726384364820849,0.2290871225269002,0.734782608695652
3M170006,여자,40대,판매 종사자,고졸(대학 재학 포함),충청북도,2세대가족,기혼,맞벌이 함,400-500만원 미만,0.1753464930701386,0.1667478803235552,0.0919939630058615,0.1478260869565217,0.1238377577145937,0.1645447530864197,0.1812608290017326,3,0.5634328358208958,0.5828635851183764,0.466466739367503,0.9020568070519096,0.5530944625407168,0.4186046511627904,0.3478260869565215
1M000020,여자,40대,단순노무 종사자,대학교 졸업(전문대졸/대학원생 포함),충청북도,2세대가족,기혼,맞벌이 함,400-500만원 미만,0.2032759344813103,0.1238670694864048,0.0791478010599838,0.136783988957902,0.1090149575528904,0.1163194444444444,0.2185792349726776,3,0.662686567164179,0.4175122134535888,0.3666848418756813,0.8237022526934379,0.4814332247557004,0.2450538007636235,0.4695652173913042
4Q111036,여자,40대,사무 종사자,대학교 졸업(전문대졸/대학원생 포함),세종특별자치시,2세대가족,기혼,맞벌이 함,400-500만원 미만,0.1833263334733305,0.1930611051554429,0.0425748481976764,0.1450655624568668,0.0722948389704891,0.1492091049382716,0.1936558709849394,3,0.5917910447761194,0.6843291995490415,0.082606324972737,0.8824681684622918,0.3039087947882737,0.3634154807358555,0.3882608695652174
1H001533,여자,40대,서비스 종사자,대학교 졸업(전문대졸/대학원생 포함),경기도,2세대가족,기혼,맞벌이 함,700-800만원 미만,0.2028559428811423,0.1599259331449176,0.1107016250745849,0.1229813664596273,0.1274087050262767,0.162037037037037,0.1999200319872051,3,0.6611940298507462,0.5565576850807965,0.6117775354416572,0.7257590597453475,0.5703583061889249,0.4095800069420338,0.4086956521739129
3I221032,여자,40대,주부,대학교 졸업(전문대졸/대학원생 포함),경상북도,2세대가족,기혼,맞벌이 하지 않음,400-500만원 미만,0.2192356152876942,0.14140921937433,0.0855708820329226,0.1395445134575569,0.102007815658267,0.1968557098765432,0.2109822737571638,3,0.7194029850746269,0.4851559564073657,0.4165757906215917,0.8432908912830556,0.4475570032573289,0.5348837209302324,0.4447826086956521
1D000178,여자,40대,사무 종사자,대학교 졸업(전문대졸/대학원생 포함),대구광역시,2세대가족,기혼,맞벌이 함,500-600만원 미만,0.1637967240655187,0.1136341487184485,0.0687936541363939,0.144375431331953,0.1113731303058887,0.1635802469135802,0.2279088364654138,3,0.5223880597014928,0.3780533633972192,0.2862595419847327,0.8775710088148868,0.4928338762214988,0.4151336341548071,0.4999999999999998
1H001876,여자,40대,사무 종사자,대학교 졸업(전문대졸/대학원생 포함),경기도,2세대가족,기혼,맞벌이 함,600-700만원 미만,0.1585468290634187,0.1443329110223175,0.08286827419185,0.136783988957902,0.08455733728608,0.2006172839506173,0.2572304411568706,3,0.5037313432835822,0.4964299135663284,0.3955834242093781,0.8237022526934379,0.3631921824104236,0.5484206872613675,0.5956521739130434
4D054003,여자,40대,사무 종사자,대학교 졸업(전문대졸/대학원생 포함),대구광역시,2세대가족,기혼,맞벌이 함,800-900만원 미만,0.1585468290634187,0.2164506383393431,0.0750412410936787,0.136783988957902,0.0883304136908772,0.1833526234567901,0.1705984272957483,3,0.5037313432835822,0.7745208568207439,0.3347873500545258,0.8237022526934379,0.3814332247557005,0.4862894828184656,0.3130434782608693
3P242025,여자,40대,전문가 및 관련 종사자,대학교 졸업(전문대졸/대학원생 포함),제주특별자치도,2세대가족,기혼,맞벌이 함,500-600만원 미만,0.1770264594708105,0.1248416333690673,0.094907163665719,0.1257418909592822,0.1005929120064681,0.1160300925925926,0.2692256430761029,3,0.5694029850746267,0.421270199173243,0.489094874591058,0.7453476983349653,0.4407166123778503,0.2440124956612287,0.6347826086956521
4H118044,여자,40대,사무 종사자,대학교 졸업(전문대졸/대학원생 포함),경기도,2세대가족,기혼,맞벌이 함,600-700만원 미만,0.1478370432591348,0.1446252801871163,0.086448352111193,0.1450655624568668,0.1015361811076674,0.1300154320987654,0.2265760362521658,3,0.4656716417910448,0.4975573092822249,0.4233914940021812,0.8824681684622918,0.4452768729641696,0.2943422422769869,0.4956521739130434
4H124010,여자,40대,사무 종사자,대학교 졸업(전문대졸/대학원생 포함),경기도,2세대가족,기혼,맞벌이 함,600-700만원 미만,0.1406971860562788,0.1686970080888802,0.0953985469095504,0.1285024154589372,0.0883304136908772,0.1198881172839506,0.2545648407303745,3,0.4402985074626864,0.5903795565576849,0.4929116684841878,0.7649363369245838,0.3814332247557005,0.2578965636931619,0.5869565217391303
1H001275,여자,40대,사무 종사자,대학교 졸업(전문대졸/대학원생 포함),경기도,2세대가족,기혼,맞벌이 함,800-900만원 미만,0.2186056278874422,0.2115778189260306,0.080060369941385,0.1561076604554865,0.0762026681040291,0.1333912037037037,0.234572837531654,3,0.7171641791044776,0.7557309282224727,0.3737731733914942,0.9608227228207636,0.3228013029315965,0.3064908018049287,0.5217391304347825
4H119030,여자,40대,관리자,대학교 졸업(전문대졸/대학원생 포함),경기도,2세대가족,기혼,맞벌이 함,600-700만원 미만,0.1881562368752624,0.1716206997368677,0.0976799691130532,0.1533471359558316,0.0873197682253065,0.1345486111111111,0.2522990803678528,3,0.6089552238805969,0.6016535137166477,0.5106324972737184,0.941234084231146,0.3765472312703584,0.3106560222145087,0.5795652173913041
3B039032,여자,40대,사무 종사자,고졸(대학 재학 포함),부산광역시,2세대가족,기혼,맞벌이 함,400-500만원 미만,0.2158756824863502,0.1589513692622551,0.0918184689902074,0.136783988957902,0.1391321924268966,0.1455439814814814,0.1839264294282287,3,0.707462686567164,0.5527996993611421,0.4651035986913849,0.8237022526934379,0.6270358306188925,0.3502256161055186,0.3565217391304347
3J235024,여자,40대,판매 종사자,대학교 졸업(전문대졸/대학원생 포함),경상남도,2세대가족,기혼,맞벌이 함,500-600만원 미만,0.2981940361192776,0.1170451223077672,0.0611070162507458,0.1395445134575569,0.106454655706778,0.1415895061728395,0.3718512594962015,3,1.0,0.3912063134160088,0.2265539803707741,0.8432908912830556,0.4690553745928339,0.3359944463727871,0.969565217391304
2B000006,여자,40대,주부,대학교 졸업(전문대졸/대학원생 포함),부산광역시,2세대가족,기혼,맞벌이 하지 않음,400-500만원 미만,0.1686266274674506,0.1696715719715427,0.0880277982520796,0.1395445134575569,0.1265328122894488,0.1556712962962963,0.1666000266560042,3,0.5395522388059701,0.5941375422773392,0.4356597600872412,0.8432908912830556,0.5661237785016286,0.3866712946893439,0.2999999999999997
1H002411,여자,40대,서비스 종사자,고졸(대학 재학 포함),경기도,2세대가족,기혼,맞벌이 함,500-600만원 미만,0.1816463670726585,0.1533963551310788,0.0931171247060475,0.1450655624568668,0.1462067106858914,0.1488233024691358,0.2536318805811009,3,0.585820895522388,0.531379180759113,0.4751908396946564,0.8824681684622918,0.6612377850162869,0.3620270739326622,0.5839130434782608
1O000409,여자,40대,주부,대학교 졸업(전문대졸/대학원생 포함),강원도,2세대가족,기혼,맞벌이 하지 않음,500-600만원 미만,0.2368752624947501,0.1745443913848552,0.0920641606121231,0.1561076604554865,0.1439159142972645,0.158179012345679,0.2305744368919099,3,0.7820895522388062,0.6129274708756103,0.4670119956379497,0.9608227228207636,0.6501628664495116,0.3956959389101004,0.5086956521739129
3F247009,남자,50대,사무 종사자,대학교 졸업(전문대졸/대학원생 포함),광주광역시,1세대가족,기혼,맞벌이 함,700-800만원 미만,0.0800083998320033,0.1189942500730922,0.0714611631743357,0.1285024154589372,0.0647486861608947,0.150366512345679,0.2518992403038784,0,0.2246268656716417,0.3987222848553172,0.3069792802617229,0.7649363369245838,0.26742671009772,0.3675807011454355,0.578260869565217
3L203035,남자,50대,기능원 및 관련 기능 종사자,고졸(대학 재학 포함),전라남도,1세대가족,기혼,맞벌이 함,400-500만원 미만,0.1791264174716505,0.1404346554916674,0.1179670773226633,0.1478260869565217,0.0886672955127341,0.1310763888888889,0.1332800213248034,1,0.576865671641791,0.4813979706877111,0.6682115594329336,0.9020568070519096,0.3830618892508145,0.2981603609857688,0.1913043478260869
1K000692,남자,50대,서비스 종사자,고졸(대학 재학 포함),전라북도,1세대가족,기혼,맞벌이 하지 않음,500-600만원 미만,0.2169256614867702,0.1267907611343923,0.0532799831525745,0.1285024154589372,0.0965503301441854,0.1012731481481481,0.273224043715847,3,0.7111940298507462,0.4287861706125515,0.1657579062159218,0.7649363369245838,0.4211726384364824,0.1909059354390834,0.6478260869565217
3I213021,남자,50대,장치·기계 조작 및 조립 종사자,고졸(대학 재학 포함),경상북도,1세대가족,기혼,맞벌이 함,400-500만원 미만,0.1688366232675346,0.1336127083130299,0.0814292232634867,0.1505866114561766,0.0902843282576472,0.1394675925925926,0.2199120351859256,3,0.5402985074626866,0.4550920706501315,0.3844056706652127,0.9216454456415274,0.3908794788273619,0.3283582089552238,0.4739130434782606
4N177070,남자,50대,서비스 종사자,대학교 졸업(전문대졸/대학원생 포함),충청남도,1인 가구,미혼(사별/이혼 포함),맞벌이 하지 않음,400-500만원 미만,0.1348173036539269,0.1443329110223175,0.0629321540135481,0.1312629399585921,0.0717558280555181,0.1509452160493827,0.1932560309209649,0,0.419402985074627,0.4964299135663284,0.240730643402399,0.7845249755142015,0.3013029315960914,0.3696633113502255,0.3869565217391302
1I000273,남자,50대,기능원 및 관련 기능 종사자,중졸 이하,경상북도,1인 가구,미혼(사별/이혼 포함),맞벌이 하지 않음,200-300만원 미만,0.0600587988240235,0.0955072605009258,0.0408199080411358,0.1187025534851621,0.0206171674976418,0.1900077160493827,0.3318672530987605,0,0.1537313432835822,0.3081548290116497,0.0689749182115598,0.6953966699314392,0.0540716612377853,0.5102395001735507,0.8391304347826085
4I218014,남자,50대,서비스 종사자,고졸(대학 재학 포함),경상북도,1인 가구,미혼(사별/이혼 포함),맞벌이 하지 않음,300-400만원 미만,0.0608987820243595,0.1501802943182925,0.0813590256572251,0.1395445134575569,0.0657593316264654,0.1784336419753086,0.2199120351859256,0,0.1567164179104479,0.5189778278842537,0.3838604143947658,0.8432908912830556,0.2723127035830621,0.4685872960777505,0.4739130434782606
1B000942,남자,50대,사무 종사자,대학교 졸업(전문대졸/대학원생 포함),부산광역시,1인 가구,미혼(사별/이혼 포함),맞벌이 하지 않음,300-400만원 미만,0.1379672406551869,0.147256602670305,0.1076129303990734,0.1450655624568668,0.1088128284597763,0.1591435185185185,0.1825936292149806,1,0.4305970149253733,0.5077038707252911,0.5877862595419849,0.8824681684622918,0.4804560260586322,0.3991669559180838,0.3521739130434779
1O000932,남자,50대,사무 종사자,대학교 졸업(전문대졸/대학원생 포함),강원도,1인 가구,미혼(사별/이혼 포함),맞벌이 하지 않음,300-400만원 미만,0.1509869802603948,0.1660656856056914,0.0938191007686638,0.1505866114561766,0.1057135156986929,0.1591435185185185,0.2598960415833666,3,0.4768656716417912,0.5802329951146183,0.4806434023991279,0.9216454456415274,0.4654723127035834,0.3991669559180838,0.6043478260869563
1O000787,남자,50대,군인,대학교 졸업(전문대졸/대학원생 포함),강원도,1인 가구,미혼(사별/이혼 포함),맞벌이 하지 않음,400-500만원 미만,0.1774464510709786,0.1621674300750414,0.0878523042364255,0.1450655624568668,0.1278803395768764,0.1676311728395061,0.23723843795815,3,0.5708955223880599,0.5652010522360014,0.4342966194111231,0.8824681684622918,0.5726384364820848,0.429711905588337,0.5304347826086953
4I207025,남자,50대,전문가 및 관련 종사자,고졸(대학 재학 포함),경상북도,2세대가족,미혼(사별/이혼 포함),맞벌이 하지 않음,500-600만원 미만,0.0755984880302394,0.1510574018126888,0.1005931697729107,0.1159420289855072,0.062660018865382,0.1128472222222222,0.2332400373184059,0,0.2089552238805972,0.5223600150319428,0.5332606324972735,0.6758080313418215,0.2573289902280133,0.2325581395348835,0.5173913043478258
3M165028,남자,50대,사무 종사자,대학교 졸업(전문대졸/대학원생 포함),충청북도,2세대가족,기혼,맞벌이 함,600-700만원 미만,0.0661486770264594,0.2003703342754117,0.0456284440700572,0.1526570048309178,0.0225710820644118,0.1982060185185185,0.234572837531654,0,0.1753731343283581,0.7125140924464485,0.1063249727371867,0.9363369245837408,0.0635179153094466,0.539743144741409,0.5217391304347825
1F000607,남자,50대,판매 종사자,고졸(대학 재학 포함),광주광역시,2세대가족,기혼,맞벌이 하지 않음,300-400만원 미만,0.1545569088618227,0.1053503557158171,0.0841669299076901,0.1312629399585921,0.0994475138121546,0.1593364197530864,0.2558976409436225,3,0.48955223880597,0.3461104847801576,0.4056706652126499,0.7845249755142015,0.4351791530944624,0.3998611593196806,0.5913043478260867
1A000768,남자,50대,학생,고졸(대학 재학 포함),서울특별시,2세대가족,미혼(사별/이혼 포함),맞벌이 하지 않음,300-400만원 미만,0.1505669886602268,0.1719130689016665,0.0894317503773121,0.1505866114561766,0.0828729281767955,0.1881751543209876,0.194588831134213,3,0.4753731343283583,0.602780909432544,0.4465648854961832,0.9216454456415274,0.3550488599348534,0.5036445678583822,0.3913043478260869
3B039028,남자,50대,서비스 종사자,고졸(대학 재학 포함),부산광역시,2세대가족,기혼,맞벌이 하지 않음,300-400만원 미만,0.2393952120957581,0.1345872721956924,0.0988382296163701,0.1423050379572118,0.1431747742891793,0.1451581790123456,0.1923230707716913,3,0.7910447761194032,0.4588500563697856,0.5196292257360962,0.8628795298726734,0.6465798045602605,0.3488372093023252,0.3839130434782607
1I000257,여자,50대,서비스 종사자,대학교 졸업(전문대졸/대학원생 포함),경상북도,1세대가족,기혼,맞벌이 함,500-600만원 미만,0.1587568248635027,0.0980411265958483,0.0513495489803797,0.1195307108350586,0.0522840587521897,0.1128472222222222,0.3535918965747034,0,0.5044776119402986,0.3179255918827506,0.1507633587786258,0.7012732615083248,0.2071661237785018,0.2325581395348835,0.9099999999999996
4L202015,여자,50대,판매 종사자,고졸(대학 재학 포함),전라남도,1세대가족,기혼,맞벌이 함,400-500만원 미만,0.1530869382612348,0.1755189552675178,0.0631076480292022,0.1257418909592822,0.0656245788977226,0.1489197530864197,0.2319072371051579,0,0.4843283582089554,0.616685456595265,0.2420937840785171,0.7453476983349653,0.2716612377850163,0.3623741756334603,0.5130434782608694
4E097055,여자,50대,서비스 종사자,고졸(대학 재학 포함),대전광역시,1세대가족,기혼,맞벌이 함,500-600만원 미만,0.1469970600587988,0.174057109443524,0.0588255940472429,0.1305728088336784,0.0774828190270853,0.0848765432098765,0.157270425163268,0,0.4626865671641791,0.6110484780157834,0.2088331515812427,0.7796278158667972,0.3289902280130297,0.1318986463033667,0.2695652173913042
4C066032,여자,50대,주부,대학교 졸업(전문대졸/대학원생 포함),인천광역시,1세대가족,기혼,맞벌이 하지 않음,400-500만원 미만,0.1364972700545989,0.1806841438456291,0.0361517672247376,0.134023464458247,0.0451421641288236,0.1661844135802469,0.23723843795815,0,0.4253731343283584,0.6366027809094327,0.0327153762268266,0.8041136141038193,0.172638436482085,0.4245053800763623,0.5304347826086953
4N177052,여자,50대,사무 종사자,고졸(대학 재학 포함),충청남도,1세대가족,기혼,맞벌이 함,500-600만원 미만,0.1579168416631667,0.1706461358542052,0.0637394264855568,0.1257418909592822,0.090082199164533,0.1384066358024691,0.1719312275089964,0,0.5014925373134329,0.5978955279969934,0.2470010905125408,0.7453476983349653,0.3899022801302931,0.3245400902464419,0.317391304347826
4N182012,여자,50대,사무 종사자,대학교 졸업(전문대졸/대학원생 포함),충청남도,1세대가족,기혼,맞벌이 함,600-700만원 미만,0.0503989920201596,0.2731702563103012,0.0769716752658734,0.1412008281573498,0.0161703274491308,0.2134452160493827,0.1252832200453152,0,0.1194029850746271,0.9932356257046224,0.3497818974918211,0.8550440744368261,0.0325732899022803,0.5945852134675458,0.1652173913043478
4E095036,여자,50대,사무 종사자,대학교 졸업(전문대졸/대학원생 포함),대전광역시,1세대가족,기혼,맞벌이 함,400-500만원 미만,0.1056278874422511,0.1823409024461553,0.0760591063844722,0.1312629399585921,0.0615146206710685,0.148341049382716,0.235905637744902,0,0.3156716417910447,0.6429913566328446,0.3426935659760083,0.7845249755142015,0.2517915309446253,0.3602915654286703,0.5260869565217389
3Q109048,여자,50대,주부,고졸(대학 재학 포함),세종특별자치시,1세대가족,기혼,맞벌이 하지 않음,500-600만원 미만,0.0915581688366232,0.1784426469155053,0.0909409989119371,0.1395445134575569,0.0533620805821317,0.175636574074074,0.2252432360389177,0,0.2656716417910447,0.6279594137542276,0.4582878953107963,0.8432908912830556,0.2123778501628664,0.4585213467545986,0.4913043478260865
3I221012,여자,50대,서비스 종사자,고졸(대학 재학 포함),경상북도,1세대가족,기혼,맞벌이 함,100-200만원 미만,0.1446871062578748,0.14530747490498,0.0891860587553964,0.136783988957902,0.0762700444684004,0.1647376543209876,0.218979075036652,0,0.4544776119402984,0.5001878992859826,0.4446564885496182,0.8237022526934379,0.3231270358306188,0.4192988545643871,0.4708695652173912
4I213007,여자,50대,주부,고졸(대학 재학 포함),경상북도,1세대가족,기혼,맞벌이 하지 않음,200-300만원 미만,0.1686266274674506,0.1170451223077672,0.1142817029939279,0.136783988957902,0.0615146206710685,0.1621334876543209,0.1532720245235239,1,0.5395522388059701,0.3912063134160088,0.6395856052344602,0.8237022526934379,0.2517915309446253,0.4099271086428319,0.2565217391304346
1C000675,여자,50대,주부,대학교 졸업(전문대졸/대학원생 포함),인천광역시,1세대가족,기혼,맞벌이 하지 않음,400-500만원 미만,0.1098278034439311,0.1077867654224734,0.121020673195044,0.1195307108350586,0.1247136504514216,0.1167052469135802,0.1106224176995868,1,0.3305970149253732,0.3555054490792934,0.6919302071973825,0.7012732615083248,0.5573289902280131,0.2464422075668168,0.1173913043478259
1H001997,여자,50대,서비스 종사자,고졸(대학 재학 포함),경기도,1세대가족,기혼,맞벌이 함,"900-1,000만원 미만",0.0963880722385552,0.1246467205925348,0.1419395598610087,0.1360938578329882,0.11144050667026,0.1099537037037037,0.1266160202585632,1,0.2828358208955224,0.4205186020293122,0.8544165757906215,0.8188050930460328,0.4931596091205212,0.2221450885109336,0.1695652173913041
4O158018,여자,50대,서비스 종사자,고졸(대학 재학 포함),강원도,1세대가족,기혼,맞벌이 함,400-500만원 미만,0.0867282654346913,0.1277653250170548,0.1315854129374188,0.1423050379572118,0.127273952297534,0.1629050925925926,0.1839264294282287,1,0.2485074626865673,0.4325441563322056,0.7739912758996728,0.8628795298726734,0.5697068403908796,0.4127039222492189,0.3565217391304347
4K185031,여자,50대,서비스 종사자,고졸(대학 재학 포함),전라북도,1세대가족,기혼,맞벌이 함,400-500만원 미만,0.0692986140277194,0.1277653250170548,0.1498718893685725,0.1423050379572118,0.1398733324349818,0.1485339506172839,0.2132480341196854,1,0.1865671641791045,0.4325441563322056,0.9160305343511448,0.8628795298726734,0.6306188925081435,0.360985768830267,0.452173913043478
1J000748,여자,50대,주부,고졸(대학 재학 포함),경상남도,1세대가족,기혼,맞벌이 하지 않음,200-300만원 미만,0.0650986980260394,0.1248416333690673,0.1180372749289249,0.1285024154589372,0.1057808920630642,0.1232638888888889,0.1119552179128348,1,0.171641791044776,0.421270199173243,0.6687568157033805,0.7649363369245838,0.4657980456026058,0.2700451232211037,0.1217391304347824
4A002008,여자,50대,기능원 및 관련 기능 종사자,고졸(대학 재학 포함),서울특별시,1세대가족,기혼,맞벌이 함,300-400만원 미만,0.2330953380932381,0.1609004970275801,0.1120353795935558,0.1395445134575569,0.118919283115483,0.1437114197530864,0.2172464347594295,3,0.7686567164179104,0.5603156708004507,0.6221374045801524,0.8432908912830556,0.529315960912052,0.3436306837903504,0.4652173913043476
3J238024,여자,50대,서비스 종사자,고졸(대학 재학 포함),경상남도,1세대가족,기혼,맞벌이 함,700-800만원 미만,0.2173456530869382,0.1618750609102426,0.0792530974693763,0.1257418909592822,0.1000539010914971,0.1460262345679012,0.1999200319872051,3,0.7126865671641791,0.5640736565201049,0.3675027262813524,0.7453476983349653,0.4381107491856681,0.3519611246095104,0.4086956521739129
3G103040,여자,50대,서비스 종사자,고졸(대학 재학 포함),울산광역시,1세대가족,기혼,맞벌이 함,500-600만원 미만,0.2158756824863502,0.2300945326966182,0.0743743638341932,0.1478260869565217,0.0900148228001617,0.1469907407407407,0.218979075036652,3,0.707462686567164,0.8271326568959034,0.3296074154852779,0.9020568070519096,0.3895765472312707,0.3554321416174937,0.4708695652173912
3G100056,여자,50대,사무 종사자,대학교 졸업(전문대졸/대학원생 포함),울산광역시,1세대가족,기혼,맞벌이 함,400-500만원 미만,0.2139857202855943,0.2037813078647305,0.070653890702327,0.1450655624568668,0.0760679153752863,0.1645447530864197,0.2336398773823804,3,0.7007462686567165,0.7256670424652385,0.3007088331515811,0.8824681684622918,0.3221498371335506,0.4186046511627904,0.518695652173913
3B027032,여자,50대,주부,고졸(대학 재학 포함),부산광역시,1세대가족,기혼,맞벌이 하지 않음,300-400만원 미만,0.1879462410751785,0.1891628496247929,0.065389070232705,0.1423050379572118,0.0645465570677806,0.1473765432098765,0.2585632413701186,3,0.6082089552238807,0.6692972566704246,0.2598146128680478,0.8628795298726734,0.2664495114006517,0.356820548420687,0.5999999999999999
4J226003,여자,50대,기능원 및 관련 기능 종사자,고졸(대학 재학 포함),경상남도,1세대가족,기혼,맞벌이 함,600-700만원 미만,0.1717765644687106,0.1901374135074554,0.1034712716296374,0.1533471359558316,0.1195256703948254,0.1470871913580247,0.2932160469145675,3,0.5507462686567165,0.6730552423900787,0.5556161395856052,0.941234084231146,0.5322475570032571,0.3557792433182922,0.7130434782608693
4Q110012,여자,50대,전문가 및 관련 종사자,대학교 졸업(전문대졸/대학원생 포함),세종특별자치시,1세대가족,기혼,맞벌이 함,500-600만원 미만,0.2139857202855943,0.1862391579768054,0.0750412410936787,0.1478260869565217,0.0868481336747069,0.1693672839506173,0.2025856324137012,3,0.7007462686567165,0.6580232995114619,0.3347873500545258,0.9020568070519096,0.374267100977199,0.4359597362027073,0.417391304347826
4E095003,여자,50대,사무 종사자,대학교 졸업(전문대졸/대학원생 포함),대전광역시,1세대가족,기혼,맞벌이 함,500-600만원 미만,0.1566568668626627,0.1560276776142676,0.0902390228493208,0.1257418909592822,0.108947581188519,0.1699459876543209,0.2052512328401972,3,0.4970149253731342,0.5415257422021796,0.4528353326063248,0.7453476983349653,0.4811074918566775,0.4380423464074969,0.4260869565217389
3B030004,여자,50대,판매 종사자,고졸(대학 재학 포함),부산광역시,1세대가족,기혼,맞벌이 하지 않음,100-200만원 미만,0.249895002099958,0.1755189552675178,0.0787266154224141,0.1478260869565217,0.1069936666217491,0.1875964506172839,0.2265760362521658,3,0.8283582089552239,0.616685456595265,0.3634133042529991,0.9020568070519096,0.4716612377850167,0.5015619576535921,0.4956521739130434
3K193008,여자,50대,판매 종사자,고졸(대학 재학 포함),전라북도,1세대가족,기혼,맞벌이 함,600-700만원 미만,0.1908861822763544,0.1345872721956924,0.0569653574813098,0.1229813664596273,0.0733728608004312,0.1097608024691358,0.275889644142343,3,0.6186567164179103,0.4588500563697856,0.1943838604143943,0.7257590597453475,0.3091205211726388,0.221450885109337,0.6565217391304344
3K194004,여자,50대,서비스 종사자,대학교 졸업(전문대졸/대학원생 포함),전라북도,1세대가족,기혼,맞벌이 함,400-500만원 미만,0.1749265014699706,0.1628496247929051,0.0620546839352778,0.1229813664596273,0.0832771863630238,0.1172839506172839,0.2052512328401972,3,0.5619402985074629,0.5678316422397591,0.2339149400218104,0.7257590597453475,0.3570032573289903,0.2485248177716068,0.4260869565217389
3L205004,여자,50대,주부,고졸(대학 재학 포함),전라남도,1세대가족,기혼,맞벌이 하지 않음,300-400만원 미만,0.1984460310793784,0.2115778189260306,0.0670738127829841,0.136783988957902,0.0667026007276647,0.1263503086419753,0.2132480341196854,3,0.6455223880597015,0.7557309282224727,0.2729007633587789,0.8237022526934379,0.2768729641693813,0.2811523776466503,0.452173913043478
4Q111018,여자,50대,주부,고졸(대학 재학 포함),세종특별자치시,1세대가족,기혼,맞벌이 하지 않음,400-500만원 미만,0.1955060898782024,0.2261962771659682,0.0657400582640132,0.1423050379572118,0.0869828864034496,0.1922260802469136,0.2056510729041717,3,0.6350746268656716,0.8121007140172866,0.2625408942202838,0.8628795298726734,0.3749185667752444,0.5182228392919125,0.4273913043478261
3K188010,여자,50대,서비스 종사자,대학교 졸업(전문대졸/대학원생 포함),전라북도,1인 가구,미혼(사별/이혼 포함),맞벌이 하지 않음,200-300만원 미만,0.0636287274254514,0.2749244712990937,0.1004527745603875,0.1588681849551414,0.0910254682657323,0.1888503086419753,0.1879248300679728,0,0.1664179104477611,1.0,0.5321701199563798,0.9804113614103814,0.3944625407166123,0.5060742797639707,0.3695652173913043
4P241027,여자,50대,사무 종사자,대학교 졸업(전문대졸/대학원생 포함),제주특별자치도,1인 가구,미혼(사별/이혼 포함),맞벌이 하지 않음,200-300만원 미만,0.0503989920201596,0.114608712601111,0.0732161033308764,0.1195307108350586,0.0878587791402775,0.1192129629629629,0.3158736505397841,0,0.1194029850746271,0.3818113491168734,0.3206106870229009,0.7012732615083248,0.3791530944625406,0.2554668517875734,0.7869565217391303
4I207050,여자,50대,사무 종사자,고졸(대학 재학 포함),경상북도,1인 가구,미혼(사별/이혼 포함),맞벌이 하지 않음,200-300만원 미만,0.0755984880302394,0.1120748465061884,0.0947667684531957,0.1104209799861973,0.0613124915779544,0.1041666666666666,0.2065840330534453,0,0.2089552238805972,0.372040586245772,0.4880043620501634,0.6366307541625852,0.2508143322475571,0.2013189864630334,0.4304347826086956
4F084019,여자,50대,판매 종사자,고졸(대학 재학 포함),광주광역시,1인 가구,미혼(사별/이혼 포함),맞벌이 하지 않음,100-200만원 미만,0.1312473750524989,0.1219179417210798,0.0672493067986381,0.1285024154589372,0.0966850828729281,0.1531635802469136,0.2105824336931894,0,0.4067164179104477,0.4099962420142803,0.2742639040348961,0.7649363369245838,0.4218241042345276,0.3776466504685872,0.4434782608695652
4A007016,여자,50대,주부,대학교 졸업(전문대졸/대학원생 포함),서울특별시,1인 가구,기혼,맞벌이 하지 않음,"900-1,000만원 미만",0.118647627047459,0.1540785498489426,0.1300059667965322,0.1395445134575569,0.1014014283789246,0.1036844135802469,0.1012928162068506,1,0.3619402985074627,0.534009770762871,0.7617230098146128,0.8432908912830556,0.4446254071661238,0.1995834779590418,0.0869565217391304
1O001352,여자,50대,사무 종사자,고졸(대학 재학 포함),강원도,1인 가구,미혼(사별/이혼 포함),맞벌이 하지 않음,300-400만원 미만,0.1014279714405711,0.1404346554916674,0.1366747393913867,0.1450655624568668,0.1213448322328527,0.1498842592592592,0.1763294682127149,1,0.3007462686567163,0.4813979706877111,0.8135223555070881,0.8824681684622918,0.5410423452768731,0.3658451926414436,0.3317391304347824
4K185025,여자,50대,서비스 종사자,중졸 이하,전라북도,1인 가구,기혼,맞벌이 하지 않음,100-200만원 미만,0.1289374212515749,0.1355618360783549,0.1130883436874802,0.134023464458247,0.0962808246866999,0.1518132716049383,0.1612688258030121,1,0.398507462686567,0.46260804208944,0.630316248636859,0.8041136141038193,0.4198697068403912,0.3727872266574106,0.2826086956521738
4D046048,여자,50대,판매 종사자,대학교 졸업(전문대졸/대학원생 포함),대구광역시,1인 가구,미혼(사별/이혼 포함),맞벌이 하지 않음,300-400만원 미만,0.1614867702645947,0.1136341487184485,0.0673897020111614,0.144375431331953,0.111979517585231,0.1726466049382716,0.2252432360389177,3,0.5141791044776122,0.3780533633972192,0.2753544165757908,0.8775710088148868,0.4957654723127034,0.4477611940298507,0.4913043478260865
4B034032,여자,50대,판매 종사자,고졸(대학 재학 포함),부산광역시,1인 가구,미혼(사별/이혼 포함),맞벌이 하지 않음,300-400만원 미만,0.1705165896682066,0.1555403956729363,0.0812186304447018,0.1416149068322981,0.0924403719175313,0.1529706790123456,0.1919232307077169,3,0.546268656716418,0.5396467493423522,0.3827699018538713,0.8579823702252692,0.4013029315960914,0.3769524470669902,0.3826086956521738
4B043022,여자,50대,단순노무 종사자,고졸(대학 재학 포함),부산광역시,1인 가구,미혼(사별/이혼 포함),맞벌이 하지 않음,100-200만원 미만,0.1686266274674506,0.1706461358542052,0.0796391843038152,0.134023464458247,0.1063872793424066,0.1359953703703703,0.1999200319872051,3,0.5395522388059701,0.5978955279969934,0.3705016357688113,0.8041136141038193,0.4687296416938111,0.3158625477264835,0.4086956521739129
3G100014,여자,50대,서비스 종사자,대학교 졸업(전문대졸/대학원생 포함),울산광역시,1인 가구,미혼(사별/이혼 포함),맞벌이 하지 않음,300-400만원 미만,0.1988660226795464,0.1160705584251047,0.0495946088238391,0.1423050379572118,0.0638054170596954,0.1977237654320987,0.3425296548047448,3,0.6470149253731344,0.3874483276963545,0.1371319520174485,0.8628795298726734,0.2628664495114008,0.5380076362374172,0.8739130434782607
4D048002,여자,50대,주부,고졸(대학 재학 포함),대구광역시,1인 가구,미혼(사별/이혼 포함),맞벌이 하지 않음,200-300만원 미만,0.1984460310793784,0.1097358931877984,0.045839036888842,0.1388543823326432,0.0724295916992319,0.0983796296296296,0.3345328535252566,3,0.6455223880597015,0.3630214205186018,0.1079607415485274,0.8383937316356512,0.3045602605863196,0.1804928844151334,0.8478260869565215
4O145040,여자,50대,서비스 종사자,대학교 졸업(전문대졸/대학원생 포함),강원도,2세대가족,기혼,맞벌이 함,600-700만원 미만,0.0902981940361192,0.1029139460091609,0.1068407567301955,0.1278122843340234,0.0862417463953645,0.0935570987654321,0.2642942822870852,0,0.2611940298507462,0.3367155204810222,0.5817884405670666,0.7600391772771787,0.3713355048859938,0.1631377993752169,0.618695652173913
1K000395,여자,50대,주부,고졸(대학 재학 포함),전라북도,2세대가족,기혼,맞벌이 하지 않음,400-500만원 미만,0.1379672406551869,0.1852645940941429,0.0632831420448562,0.1395445134575569,0.0675784934644926,0.1712962962962963,0.2638944422231107,0,0.4305970149253733,0.6542653137918076,0.2434569247546344,0.8432908912830556,0.2811074918566776,0.442901770218674,0.6173913043478257
3G106079,여자,50대,서비스 종사자,대학교 졸업(전문대졸/대학원생 포함),울산광역시,2세대가족,기혼,맞벌이 함,600-700만원 미만,0.115077698446031,0.1521294220836176,0.1032606788108525,0.1616287094547964,0.0758657862821722,0.1200810185185185,0.2852192456350793,0,0.3492537313432834,0.5264937993235627,0.5539803707742637,1.0,0.3211726384364824,0.2585907670947587,0.6869565217391302
4E090013,여자,50대,서비스 종사자,대학교 졸업(전문대졸/대학원생 포함),대전광역시,2세대가족,기혼,맞벌이 함,500-600만원 미만,0.0974380512389752,0.1940356690381054,0.0386086834438945,0.136783988957902,0.0339576876431747,0.1493055555555555,0.2025856324137012,0,0.2865671641791045,0.6880871852686957,0.0517993456924753,0.8237022526934379,0.1185667752442997,0.3637625824366537,0.417391304347826
4P241035,여자,50대,서비스 종사자,대학교 졸업(전문대졸/대학원생 포함),제주특별자치도,2세대가족,미혼(사별/이혼 포함),맞벌이 하지 않음,200-300만원 미만,0.0293994120117597,0.1141214306597797,0.1115439963497244,0.1257418909592822,0.0774828190270853,0.1141010802469135,0.234572837531654,0,0.044776119402985,0.3799323562570461,0.6183206106870225,0.7453476983349653,0.3289902280130297,0.2370704616452617,0.5217391304347825
4H118066,여자,50대,관리자,대학교 졸업(전문대졸/대학원생 포함),경기도,2세대가족,기혼,맞벌이 함,600-700만원 미만,0.122427551448971,0.1394600916090049,0.0794636902881611,0.136783988957902,0.1076000539010914,0.1435185185185185,0.2439024390243902,0,0.3753731343283583,0.477639984968057,0.3691384950926932,0.8237022526934379,0.4745928338762213,0.3429364803887537,0.5521739130434781
1A000020,여자,50대,사무 종사자,고졸(대학 재학 포함),서울특별시,2세대가족,기혼,맞벌이 함,700-800만원 미만,0.1123477530449391,0.1345872721956924,0.0825523849636727,0.1395445134575569,0.0652876970758657,0.1247106481481481,0.3332000533120085,0,0.3395522388059703,0.4588500563697856,0.3931297709923664,0.8432908912830556,0.2700325732899022,0.2752516487330785,0.843478260869565
4N178029,여자,50대,판매 종사자,대학교 졸업(전문대졸/대학원생 포함),충청남도,2세대가족,기혼,맞벌이 함,500-600만원 미만,0.1091978160436791,0.1652860344995614,0.0548594292934611,0.1305728088336784,0.0592912006468131,0.0925925925925926,0.1936558709849394,0,0.3283582089552239,0.5772266065388949,0.1780261723009818,0.7796278158667972,0.2410423452768733,0.1596667823672336,0.3882608695652174
1I000290,여자,50대,기능원 및 관련 기능 종사자,고졸(대학 재학 포함),경상북도,2세대가족,기혼,맞벌이 함,400-500만원 미만,0.0865182696346073,0.094825065783062,0.0333438629742725,0.1080745341614906,0.0277590621210079,0.1787229938271605,0.3265360522457683,0,0.2477611940298509,0.3055242390078915,0.0109051254089419,0.6199804113614098,0.0885993485342021,0.4696286011801457,0.8217391304347823
1K000403,여자,50대,서비스 종사자,대학교 졸업(전문대졸/대학원생 포함),전라북도,2세대가족,기혼,맞벌이 함,500-600만원 미만,0.1346073078538429,0.1677224442062177,0.0657400582640132,0.1395445134575569,0.0766743026546287,0.1592399691358024,0.2505664400906304,0,0.4186567164179104,0.5866215708380308,0.2625408942202838,0.8432908912830556,0.3250814332247558,0.399514057618882,0.5739130434782607
3M171036,여자,50대,주부,고졸(대학 재학 포함),충청북도,2세대가족,기혼,맞벌이 하지 않음,700-800만원 미만,0.0873582528349433,0.1189942500730922,0.0878874030395563,0.1423050379572118,0.0778870772133135,0.1780478395061728,0.2385712381713981,0,0.2507462686567166,0.3987222848553172,0.4345692475463467,0.8628795298726734,0.3309446254071662,0.4671988892745572,0.5347826086956521
1E000385,여자,50대,서비스 종사자,고졸(대학 재학 포함),대전광역시,2세대가족,기혼,맞벌이 하지 않음,700-800만원 미만,0.0608987820243595,0.1082740473638047,0.0743392650310624,0.1395445134575569,0.081525400889368,0.171778549382716,0.2052512328401972,0,0.1567164179104479,0.3573844419391207,0.3293347873500544,0.8432908912830556,0.3485342019543977,0.4446372787226654,0.4260869565217389
1H001266,여자,50대,서비스 종사자,대학교 졸업(전문대졸/대학원생 포함),경기도,2세대가족,기혼,맞벌이 함,"900-1,000만원 미만",0.0930281394372112,0.1920865412727804,0.0843424239233442,0.1561076604554865,0.105915644791807,0.1812307098765432,0.2225776356124217,0,0.2708955223880596,0.6805712138293873,0.4070338058887678,0.9608227228207636,0.4664495114006516,0.4786532454009022,0.4826086956521738
3E093004,여자,50대,사무 종사자,고졸(대학 재학 포함),대전광역시,2세대가족,기혼,맞벌이 함,700-800만원 미만,0.1138177236455271,0.1102231751291297,0.0746902530623705,0.1395445134575569,0.1088128284597763,0.1676311728395061,0.2016526722644276,0,0.3447761194029852,0.3649004133784291,0.3320610687022897,0.8432908912830556,0.4804560260586322,0.429711905588337,0.4143478260869565
4I218018,여자,50대,서비스 종사자,대학교 졸업(전문대졸/대학원생 포함),경상북도,2세대가족,기혼,맞벌이 함,300-400만원 미만,0.0787484250314993,0.1797095799629666,0.0767259836439577,0.1312629399585921,0.0433230022907963,0.1257716049382716,0.2625616420098627,0,0.2201492537313432,0.6328447951897783,0.3478735005452563,0.7845249755142015,0.163843648208469,0.2790697674418604,0.6130434782608694
3N176025,여자,50대,판매 종사자,고졸(대학 재학 포함),충청남도,2세대가족,기혼,맞벌이 함,500-600만원 미만,0.1119277614447711,0.1545658317902738,0.0690042469551788,0.1250517598343685,0.069599784395634,0.0868055555555555,0.1869918699186992,0,0.3380597014925374,0.535888763622698,0.2878953107960743,0.740450538687561,0.2908794788273618,0.1388406803193333,0.3665217391304347
4A023036,여자,50대,주부,대학교 졸업(전문대졸/대학원생 포함),서울특별시,2세대가족,기혼,맞벌이 하지 않음,400-500만원 미만,0.0997480050398992,0.1326381444303674,0.0681969744831701,0.1395445134575569,0.0557876296995014,0.1986882716049383,0.2949486871917899,0,0.2947761194029852,0.4513340849304773,0.2816248636859325,0.8432908912830556,0.2241042345276876,0.5414786532454009,0.7186956521739127
4H124034,여자,50대,장치·기계 조작 및 조립 종사자,고졸(대학 재학 포함),경기도,2세대가족,기혼,맞벌이 함,700-800만원 미만,0.0986980260394792,0.14530747490498,0.0935383103436172,0.1395445134575569,0.0687912680231774,0.1302083333333333,0.2878848460615754,0,0.2910447761194031,0.5001878992859826,0.4784623773173387,0.8432908912830556,0.286970684039088,0.2950364456785835,0.6956521739130433
3P244036,여자,50대,서비스 종사자,고졸(대학 재학 포함),제주특별자치도,2세대가족,미혼(사별/이혼 포함),맞벌이 하지 않음,200-300만원 미만,0.1518269634607308,0.1672351622648864,0.0697062230177951,0.1167701863354037,0.0785608408570273,0.1318479938271604,0.1519392243102759,0,0.4798507462686569,0.5847425779782035,0.2933478735005455,0.681684622918707,0.3342019543973942,0.3009371745921551,0.2521739130434782
1A001162,여자,50대,주부,대학교 졸업(전문대졸/대학원생 포함),서울특별시,2세대가족,기혼,맞벌이 하지 않음,500-600만원 미만,0.0818983620327593,0.1940356690381054,0.0348531115088975,0.136783988957902,0.0450074114000808,0.1408179012345679,0.2056510729041717,0,0.2313432835820895,0.6880871852686957,0.022628135223555,0.8237022526934379,0.1719869706840392,0.3332176327664005,0.4273913043478261
3B044030,여자,50대,사무 종사자,고졸(대학 재학 포함),부산광역시,2세대가족,기혼,맞벌이 함,600-700만원 미만,0.0594288114237715,0.1647987525582302,0.1086307956898669,0.1423050379572118,0.0706104298612046,0.1224922839506172,0.2145808343329335,0,0.1514925373134329,0.5753476136790681,0.5956924754634674,0.8628795298726734,0.2957654723127035,0.2672683096147167,0.4565217391304347
4P243002,여자,50대,전문가 및 관련 종사자,대학교 졸업(전문대졸/대학원생 포함),제주특별자치도,2세대가족,기혼,맞벌이 하지 않음,300-400만원 미만,0.1658966820663586,0.1287398888997173,0.0401881295847811,0.1285024154589372,0.0665678479989219,0.1181520061728395,0.2665600426496068,0,0.5298507462686567,0.4363021420518599,0.0640676117775353,0.7649363369245838,0.2762214983713355,0.251648733078792,0.626086956521739
1H000489,여자,50대,서비스 종사자,고졸(대학 재학 포함),경기도,2세대가족,미혼(사별/이혼 포함),맞벌이 하지 않음,400-500만원 미만,0.1732465350692986,0.1326381444303674,0.1205994875574743,0.1423050379572118,0.1742352782643848,0.1515239197530864,0.1052912168465947,1,0.5559701492537314,0.4513340849304773,0.6886586695747003,0.8628795298726734,0.796742671009772,0.3717459215550155,0.1
1H001424,여자,50대,서비스 종사자,고졸(대학 재학 포함),경기도,2세대가족,기혼,맞벌이 함,"1,000만원 이상",0.0335993280134397,0.1110028262352597,0.1344986135972763,0.1222912353347135,0.1073305484436059,0.1003086419753086,0.0986272157803545,1,0.0597014925373135,0.3679068019541525,0.7966194111232279,0.7208619000979426,0.4732899022801303,0.1874349184311001,0.0782608695652173
1D000708,여자,50대,주부,고졸(대학 재학 포함),대구광역시,2세대가족,기혼,맞벌이 하지 않음,300-400만원 미만,0.1543469130617387,0.1326381444303674,0.096030325365905,0.134023464458247,0.1056461393343215,0.2064043209876543,0.1785952285752365,1,0.4888059701492536,0.4513340849304773,0.4978189749182115,0.8041136141038193,0.4651465798045605,0.5692467893092674,0.3391304347826084
1C000715,여자,50대,판매 종사자,대학교 졸업(전문대졸/대학원생 포함),인천광역시,2세대가족,기혼,맞벌이 함,600-700만원 미만,0.1453170936581268,0.1180196861904297,0.1351654908567618,0.1285024154589372,0.1313839105241881,0.1780478395061728,0.1212848194055711,1,0.4567164179104477,0.394964299135663,0.8017993456924757,0.7649363369245838,0.5895765472312706,0.4671988892745572,0.1521739130434783
1A000555,여자,50대,판매 종사자,고졸(대학 재학 포함),서울특별시,2세대가족,기혼,맞벌이 함,500-600만원 미만,0.1117177656446871,0.1531039859662801,0.1054368046049629,0.1505866114561766,0.1086106993666621,0.2044753086419753,0.2243102758896441,1,0.337313432835821,0.5302517850432169,0.5708833151581238,0.9216454456415274,0.4794788273615635,0.5623047552933008,0.4882608695652172
1N000003,여자,50대,판매 종사자,대학교 졸업(전문대졸/대학원생 포함),충청남도,2세대가족,기혼,맞벌이 함,500-600만원 미만,0.1700965980680386,0.0880031186044245,0.0874311185988557,0.1108350586611456,0.1410187306292952,0.0925925925925926,0.158603225376516,1,0.5447761194029851,0.2792183389703119,0.4310250817884402,0.6395690499510283,0.6361563517915311,0.1596667823672336,0.2739130434782606
3B033009,여자,50대,사무 종사자,대학교 졸업(전문대졸/대학원생 포함),부산광역시,2세대가족,기혼,맞벌이 함,700-800만원 미만,0.2204955900881982,0.1072994834811422,0.1255133199957881,0.1285024154589372,0.0707451825899474,0.1411072530864197,0.1226176196188191,1,0.7238805970149254,0.3536264562194665,0.7268266085059976,0.7649363369245838,0.2964169381107494,0.3342589378687952,0.1565217391304346
4A007019,여자,50대,판매 종사자,대학교 졸업(전문대졸/대학원생 포함),서울특별시,2세대가족,기혼,맞벌이 함,"1,000만원 이상",0.0902981940361192,0.1816587077282916,0.1159664455442069,0.1450655624568668,0.0683870098369492,0.1160300925925926,0.1212848194055711,1,0.2611940298507462,0.6403607666290868,0.6526717557251906,0.8824681684622918,0.2850162866449515,0.2440124956612287,0.1521739130434783
3J231016,여자,50대,서비스 종사자,고졸(대학 재학 포함),경상남도,2세대가족,기혼,맞벌이 함,500-600만원 미만,0.1335573288534229,0.1570022414969301,0.1122459724123407,0.1395445134575569,0.1015361811076674,0.1141010802469135,0.2039184326269492,1,0.4149253731343283,0.5452837279218338,0.623773173391494,0.8432908912830556,0.4452768729641696,0.2370704616452617,0.4217391304347824
3D049018,여자,50대,서비스 종사자,고졸(대학 재학 포함),대구광역시,2세대가족,기혼,맞벌이 하지 않음,200-300만원 미만,0.113397732045359,0.1352694669135562,0.1141062089782738,0.1280883367839889,0.0894758118851906,0.1215277777777777,0.2185792349726776,1,0.343283582089552,0.4614806463735439,0.6382224645583423,0.7619980411361407,0.3869706840390879,0.2637972926067334,0.4695652173913042
4H131005,여자,50대,판매 종사자,고졸(대학 재학 포함),경기도,2세대가족,기혼,맞벌이 함,700-800만원 미만,0.1826963460730785,0.1521294220836176,0.1231266013828928,0.1423050379572118,0.0889368009702196,0.1224922839506172,0.1466080234572837,1,0.5895522388059702,0.5264937993235627,0.7082878953107958,0.8628795298726734,0.3843648208469056,0.2672683096147167,0.2347826086956519
1H000565,여자,50대,주부,대학교 졸업(전문대졸/대학원생 포함),경기도,2세대가족,기혼,맞벌이 하지 않음,500-600만원 미만,0.1436371272574548,0.1764935191501803,0.1035765680390298,0.1395445134575569,0.1443201724834927,0.1604938271604938,0.1132880181260829,1,0.4507462686567164,0.6204434423149192,0.5564340239912755,0.8432908912830556,0.652117263843648,0.4040263797292605,0.1260869565217391
3J230036,여자,50대,서비스 종사자,고졸(대학 재학 포함),경상남도,2세대가족,기혼,맞벌이 함,500-600만원 미만,0.0650986980260394,0.1725952636195302,0.1004878733635183,0.1312629399585921,0.0675784934644926,0.1003086419753086,0.1363454618152739,1,0.171641791044776,0.6054114994363019,0.5324427480916032,0.7845249755142015,0.2811074918566776,0.1874349184311001,0.201304347826087
1I000677,여자,50대,서비스 종사자,고졸(대학 재학 포함),경상북도,2세대가족,미혼(사별/이혼 포함),맞벌이 하지 않음,400-500만원 미만,0.114657706845863,0.1326381444303674,0.103927556070338,0.136783988957902,0.08260342271931,0.1632908950617284,0.1456750633080101,1,0.3477611940298506,0.4513340849304773,0.5591603053435117,0.8237022526934379,0.3537459283387623,0.4140923290524122,0.2317391304347825
1F000274,여자,50대,서비스 종사자,고졸(대학 재학 포함),광주광역시,2세대가족,기혼,맞벌이 함,600-700만원 미만,0.0692986140277194,0.1189942500730922,0.1319364009687269,0.1423050379572118,0.0727664735210888,0.091628086419753,0.119952019192323,1,0.1865671641791045,0.3987222848553172,0.776717557251908,0.8628795298726734,0.3061889250814336,0.1561957653592499,0.1478260869565215
4D054018,여자,50대,사무 종사자,대학교 졸업(전문대졸/대학원생 포함),대구광역시,2세대가족,기혼,맞벌이 함,600-700만원 미만,0.1459470810583788,0.143358347139655,0.0939945947843178,0.1395445134575569,0.11339442123703,0.1890432098765432,0.15593762495002,1,0.4589552238805971,0.4926719278466742,0.4820065430752452,0.8432908912830556,0.5026058631921825,0.5067684831655673,0.2652173913043478
1H002249,여자,50대,전문가 및 관련 종사자,대학교 졸업(전문대졸/대학원생 포함),경기도,2세대가족,기혼,맞벌이 함,700-800만원 미만,0.1585468290634187,0.1375109638436799,0.1006984661823031,0.134023464458247,0.1212100795041099,0.1486304012345679,0.194588831134213,1,0.5037313432835822,0.4701240135287484,0.5340785169029441,0.8041136141038193,0.5403908794788274,0.3613328705310654,0.3913043478260869
1N000074,여자,50대,서비스 종사자,대학교 졸업(전문대졸/대학원생 포함),충청남도,2세대가족,기혼,맞벌이 함,600-700만원 미만,0.1616967660646787,0.0925835688529383,0.076866378856481,0.1076604554865424,0.1172348740061986,0.0694444444444444,0.1492736238837798,1,0.5149253731343285,0.2968808718526869,0.3489640130861507,0.6170421155729674,0.5211726384364822,0.0763623741756333,0.2434782608695651
1C000097,여자,50대,사무 종사자,대학교 졸업(전문대졸/대학원생 포함),인천광역시,2세대가족,기혼,맞벌이 함,600-700만원 미만,0.2196556068878622,0.1319559497125036,0.1227756133515847,0.1423050379572118,0.1671607600053901,0.1452546296296296,0.1146208183393309,1,0.7208955223880598,0.4487034949267192,0.7055616139585605,0.8628795298726734,0.762540716612378,0.3491843110031237,0.1304347826086955
1F000249,여자,50대,사무 종사자,대학교 졸업(전문대졸/대학원생 포함),광주광역시,2세대가족,기혼,맞벌이 함,400-500만원 미만,0.1587568248635027,0.1267907611343923,0.0683724684988242,0.1478260869565217,0.0780892063064277,0.1036844135802469,0.235905637744902,3,0.5044776119402986,0.4287861706125515,0.2829880043620504,0.9020568070519096,0.3319218241042349,0.1995834779590418,0.5260869565217389
3G101025,여자,50대,서비스 종사자,고졸(대학 재학 포함),울산광역시,2세대가족,기혼,맞벌이 함,400-500만원 미만,0.1577068458630827,0.1842900302114803,0.0914674809588993,0.1423050379572118,0.1118447648564883,0.1215277777777777,0.197254431560709,3,0.5007462686567165,0.6505073280721531,0.4623773173391496,0.8628795298726734,0.4951140065146581,0.2637972926067334,0.3999999999999997
3G106070,여자,50대,서비스 종사자,대학교 졸업(전문대졸/대학원생 포함),울산광역시,2세대가족,기혼,맞벌이 함,600-700만원 미만,0.1381772364552708,0.1570022414969301,0.1042785441016461,0.1588681849551414,0.0910254682657323,0.1220100308641975,0.2598960415833666,3,0.4313432835820893,0.5452837279218338,0.561886586695747,0.9804113614103814,0.3944625407166123,0.2655328011107253,0.6043478260869563
4A246015,여자,50대,서비스 종사자,대학교 졸업(전문대졸/대학원생 포함),서울특별시,2세대가족,기혼,맞벌이 함,500-600만원 미만,0.249685006299874,0.114608712601111,0.0694605313958794,0.1333333333333333,0.1104298612046894,0.1244212962962963,0.3358656537385046,3,0.8276119402985076,0.3818113491168734,0.2914394765539806,0.7992164544564151,0.4882736156351795,0.2742103436306837,0.852173913043478
1B000530,여자,50대,판매 종사자,고졸(대학 재학 포함),부산광역시,2세대가족,기혼,맞벌이 함,500-600만원 미만,0.2585048299034019,0.1238670694864048,0.0744445614404548,0.1395445134575569,0.0996496429052688,0.1533564814814814,0.3691856590697054,3,0.8589552238805971,0.4175122134535888,0.3301526717557249,0.8432908912830556,0.4361563517915311,0.3783408538701835,0.9608695652173908
4D045022,여자,50대,서비스 종사자,고졸(대학 재학 포함),대구광역시,2세대가족,미혼(사별/이혼 포함),맞벌이 하지 않음,500-600만원 미만,0.1358672826543469,0.1339050774778286,0.0948018672563265,0.1174603174603174,0.1022099447513812,0.1613618827160494,0.2389710782353725,3,0.423134328358209,0.4562194663660275,0.4882769901853869,0.6865817825661112,0.4485342019543977,0.4071502950364456,0.536086956521739
4G102036,여자,50대,서비스 종사자,대학교 졸업(전문대졸/대학원생 포함),울산광역시,2세대가족,미혼(사별/이혼 포함),맞벌이 하지 않음,400-500만원 미만,0.1742965140697186,0.1589513692622551,0.0894317503773121,0.1588681849551414,0.1021425683870098,0.1273148148148148,0.2385712381713981,3,0.5597014925373136,0.5527996993611421,0.4465648854961832,0.9804113614103814,0.4482084690553748,0.2846233946546337,0.5347826086956521
1N000541,여자,50대,사무 종사자,대학교 졸업(전문대졸/대학원생 포함),충청남도,2세대가족,기혼,맞벌이 함,600-700만원 미만,0.2070558588828223,0.2098236039372381,0.0820610017198413,0.1218771566597653,0.087050262767821,0.1736111111111111,0.2479008396641343,3,0.6761194029850747,0.748966553927095,0.3893129770992364,0.7179236043095001,0.3752442996742672,0.4512322110378339,0.5652173913043476
3B030028,여자,50대,판매 종사자,고졸(대학 재학 포함),부산광역시,2세대가족,기혼,맞벌이 함,300-400만원 미만,0.2652246955060899,0.1959847968034304,0.0788319118318065,0.1395445134575569,0.1032879665813232,0.1575038580246913,0.2585632413701186,3,0.8828358208955226,0.6956031567080042,0.3642311886586696,0.8432908912830556,0.4537459283387622,0.3932662270045121,0.5999999999999999
3B044018,여자,50대,주부,대학교 졸업(전문대졸/대학원생 포함),부산광역시,2세대가족,기혼,맞벌이 하지 않음,500-600만원 미만,0.1845863082738345,0.1589513692622551,0.1048401249517391,0.1423050379572118,0.1345505996496429,0.1198881172839506,0.1999200319872051,3,0.5962686567164179,0.5527996993611421,0.5662486368593236,0.8628795298726734,0.6048859934853422,0.2578965636931619,0.4086956521739129
1A001855,여자,50대,주부,대학교 졸업(전문대졸/대학원생 포함),서울특별시,2세대가족,기혼,맞벌이 하지 않음,600-700만원 미만,0.1530869382612348,0.1022317512912971,0.0724088308588677,0.1195307108350586,0.1218838431478237,0.105420524691358,0.2079168332666933,3,0.4843283582089554,0.334084930477264,0.3143402399127592,0.7012732615083248,0.5436482084690555,0.2058313085734119,0.434782608695652
1C000304,여자,50대,서비스 종사자,고졸(대학 재학 포함),인천광역시,2세대가족,기혼,맞벌이 함,600-700만원 미만,0.1889962200755985,0.1238670694864048,0.0704081990804113,0.134023464458247,0.0710820644118043,0.1596257716049382,0.3198720511795282,3,0.6119402985074629,0.4175122134535888,0.2988004362050161,0.8041136141038193,0.2980456026058634,0.4009024644220753,0.7999999999999998
1H001250,여자,50대,주부,대학교 졸업(전문대졸/대학원생 포함),경기도,2세대가족,기혼,맞벌이 하지 않음,500-600만원 미만,0.1091978160436791,0.1501802943182925,0.102979888385806,0.1561076604554865,0.1221533486053092,0.1304976851851852,0.2572304411568706,3,0.3283582089552239,0.5189778278842537,0.5517993456924752,0.9608227228207636,0.5449511400651466,0.2960777507809788,0.5956521739130434
4A025032,여자,50대,사무 종사자,대학교 졸업(전문대졸/대학원생 포함),서울특별시,2세대가족,기혼,맞벌이 함,"900-1,000만원 미만",0.2015959680806384,0.208654127278043,0.0831139658137657,0.1588681849551414,0.0898126937070475,0.154320987654321,0.274556843929095,3,0.656716417910448,0.7444569710635096,0.3974918211559432,0.9804113614103814,0.388599348534202,0.3818118708781672,0.652173913043478
3B044054,여자,50대,서비스 종사자,고졸(대학 재학 포함),부산광역시,2세대가족,기혼,맞벌이 함,600-700만원 미만,0.1581268374632507,0.1462820387876425,0.1056473974237478,0.1395445134575569,0.1213448322328527,0.1138117283950617,0.2239104358256697,3,0.5022388059701494,0.5039458850056369,0.5725190839694654,0.8432908912830556,0.5410423452768731,0.2360291565428669,0.4869565217391302
4O149017,여자,50대,판매 종사자,고졸(대학 재학 포함),강원도,2세대가족,기혼,맞벌이 함,500-600만원 미만,0.1423771524569508,0.1599259331449176,0.1005931697729107,0.1561076604554865,0.1204689394960248,0.1567322530864197,0.2678928428628548,3,0.4462686567164177,0.5565576850807965,0.5332606324972735,0.9608227228207636,0.5368078175895769,0.3904894133981254,0.6304347826086953
3G104056,여자,50대,사무 종사자,대학교 졸업(전문대졸/대학원생 포함),울산광역시,2세대가족,기혼,맞벌이 함,500-600만원 미만,0.2158756824863502,0.147256602670305,0.0834649538450739,0.1395445134575569,0.0995822665408974,0.1518132716049383,0.2505664400906304,3,0.707462686567164,0.5077038707252911,0.4002181025081792,0.8432908912830556,0.4358306188925082,0.3727872266574106,0.5739130434782607
4A025040,여자,50대,서비스 종사자,고졸(대학 재학 포함),서울특별시,2세대가족,기혼,맞벌이 함,700-800만원 미만,0.2335153296934061,0.1959847968034304,0.0870801305675476,0.1588681849551414,0.0943269101199299,0.1871141975308642,0.2865520458483273,3,0.7701492537313434,0.6956031567080042,0.4282988004362049,0.9804113614103814,0.4104234527687299,0.4998264491496007,0.6913043478260866
3L197077,여자,50대,전문가 및 관련 종사자,고졸(대학 재학 포함),전라남도,2세대가족,미혼(사별/이혼 포함),맞벌이 하지 않음,600-700만원 미만,0.1721965560688786,0.1101257187408634,0.0645116001544347,0.124223602484472,0.0952028028567578,0.1317515432098765,0.2412368385978942,3,0.5522388059701493,0.3645246148064635,0.2529989094874591,0.7345739471106756,0.4146579804560262,0.300590072891357,0.5434782608695652
1H000086,여자,50대,서비스 종사자,고졸(대학 재학 포함),경기도,2세대가족,기혼,맞벌이 함,600-700만원 미만,0.1860562788744225,0.1818536205048241,0.0673195044048998,0.1278122843340234,0.0855006063872793,0.1567322530864197,0.2283086765293882,3,0.601492537313433,0.6411123637730176,0.2748091603053438,0.7600391772771787,0.3677524429967428,0.3904894133981254,0.5013043478260867
1Q000006,여자,50대,사무 종사자,대학교 졸업(전문대졸/대학원생 포함),세종특별자치시,2세대가족,기혼,맞벌이 함,600-700만원 미만,0.1782864342713146,0.1638241886755677,0.0766206872345653,0.134023464458247,0.064613933432152,0.1389853395061728,0.1932560309209649,3,0.5738805970149257,0.5715896279594138,0.3470556161395858,0.8041136141038193,0.2667752442996746,0.3266227004512321,0.3869565217391302
1N000422,남자,60대 이상,판매 종사자,고졸(대학 재학 포함),충청남도,1세대가족,기혼,맞벌이 함,300-400만원 미만,0.0972280554388912,0.179904492739499,0.0925906426590853,0.1167701863354037,0.0583479315456137,0.1363811728395061,0.1679328268692523,0,0.2858208955223881,0.6335963923337088,0.4711014176663031,0.681684622918707,0.2364820846905536,0.3172509545296769,0.3043478260869564
4N182054,남자,60대 이상,판매 종사자,대학교 졸업(전문대졸/대학원생 포함),충청남도,1세대가족,기혼,맞벌이 하지 않음,300-400만원 미만,0.0251994960100798,0.2222980216353182,0.067845986451862,0.1561076604554865,0.0195391456676997,0.2211612654320988,0.2136478741836599,0,0.0298507462686569,0.7970687711386696,0.2788985823336972,0.9608227228207636,0.0488599348534202,0.6223533495314126,0.4534782608695652
1N000027,남자,60대 이상,기능원 및 관련 기능 종사자,고졸(대학 재학 포함),충청남도,1세대가족,기혼,맞벌이 함,500-600만원 미만,0.0671986560268794,0.0838124939089757,0.0838861394826436,0.0993788819875776,0.0770111844764856,0.0964506172839506,0.1252832200453152,1,0.1791044776119402,0.2630590003757985,0.4034896401308614,0.5582761998041134,0.3267100977198698,0.1735508503991668,0.1652173913043478
4C071024,남자,60대 이상,기능원 및 관련 기능 종사자,고졸(대학 재학 포함),인천광역시,1세대가족,기혼,맞벌이 함,500-600만원 미만,0.1841663166736665,0.1072994834811422,0.1034712716296374,0.1285024154589372,0.0894084355208192,0.1630015432098765,0.1332800213248034,1,0.5947761194029851,0.3536264562194665,0.5556161395856052,0.7649363369245838,0.3866449511400651,0.4130510239500171,0.1913043478260869
3L203025,남자,60대 이상,장치·기계 조작 및 조립 종사자,고졸(대학 재학 포함),전라남도,1세대가족,기혼,맞벌이 하지 않음,200-300만원 미만,0.1675766484670306,0.1582691745443914,0.1046997297392159,0.134023464458247,0.0598302115617841,0.1939621913580247,0.1932560309209649,3,0.535820895522388,0.5501691093573845,0.5651581243184298,0.8041136141038193,0.2436482084690556,0.5244706699062824,0.3869565217391302
3M165008,남자,60대 이상,기능원 및 관련 기능 종사자,고졸(대학 재학 포함),충청북도,1인 가구,미혼(사별/이혼 포함),맞벌이 하지 않음,200-300만원 미만,0.1308273834523309,0.1652860344995614,0.0665473307360219,0.1305728088336784,0.0868481336747069,0.0974151234567901,0.1426096228175396,0,0.4052238805970148,0.5772266065388949,0.2688113413304255,0.7796278158667972,0.374267100977199,0.1770218674071501,0.2217391304347824
4A022037,남자,60대 이상,단순노무 종사자,고졸(대학 재학 포함),서울특별시,1인 가구,미혼(사별/이혼 포함),맞벌이 하지 않음,200-300만원 미만,0.0608987820243595,0.1209433778384173,0.1232318977922853,0.1423050379572118,0.0801778736019404,0.1660879629629629,0.1812608290017326,1,0.1567164179104479,0.4062382562946261,0.709105779716467,0.8628795298726734,0.3420195439739416,0.4241582783755637,0.3478260869565215
4E097020,남자,60대 이상,장치·기계 조작 및 조립 종사자,중졸 이하,대전광역시,1인 가구,미혼(사별/이혼 포함),맞벌이 하지 않음,200-300만원 미만,0.1973960520789584,0.1789299288568366,0.062195079147801,0.1278122843340234,0.1036922247675515,0.1003086419753086,0.1812608290017326,3,0.6417910447761195,0.6298384066140549,0.2350054525627043,0.7600391772771787,0.4557003257328991,0.1874349184311001,0.3478260869565215
1B000113,남자,60대 이상,사무 종사자,대학교 졸업(전문대졸/대학원생 포함),부산광역시,2세대가족,기혼,맞벌이 함,600-700만원 미만,0.1301973960520789,0.1686970080888802,0.0504720789021094,0.1229813664596273,0.0873197682253065,0.1431327160493827,0.1599360255897641,0,0.4029850746268655,0.5903795565576849,0.1439476553980371,0.7257590597453475,0.3765472312703584,0.3415480735855605,0.2782608695652173
3F085048,남자,60대 이상,전문가 및 관련 종사자,고졸(대학 재학 포함),광주광역시,2세대가족,기혼,맞벌이 함,500-600만원 미만,0.1818563628727425,0.1326381444303674,0.0620546839352778,0.134023464458247,0.0976283519741274,0.1178626543209876,0.2239104358256697,3,0.5865671641791045,0.4513340849304773,0.2339149400218104,0.8041136141038193,0.4263843648208469,0.2506074279763968,0.4869565217391302
4A021045,여자,60대 이상,주부,고졸(대학 재학 포함),서울특별시,1세대가족,기혼,맞벌이 하지 않음,300-400만원 미만,0.0705585888282234,0.1889679368482604,0.038713979853287,0.1333333333333333,0.0283654494003503,0.1550925925925926,0.2149806743969079,0,0.191044776119403,0.6685456595264938,0.0526172300981464,0.7992164544564151,0.0915309446254073,0.3845886844845538,0.4578260869565216
4E090005,여자,60대 이상,서비스 종사자,대학교 졸업(전문대졸/대학원생 포함),대전광역시,1세대가족,기혼,맞벌이 함,500-600만원 미만,0.120537589248215,0.1423837832569925,0.074971043487417,0.1285024154589372,0.0654898261689799,0.1772762345679012,0.2682926829268293,0,0.3686567164179105,0.4889139421270199,0.3342420937840781,0.7649363369245838,0.2710097719869709,0.4644220756681705,0.6317391304347826
3L197049,여자,60대 이상,주부,고졸(대학 재학 포함),전라남도,1세대가족,기혼,맞벌이 하지 않음,200-300만원 미만,0.0734985300293994,0.1084689601403372,0.0515952406022954,0.1273982056590752,0.0485109823473925,0.1736111111111111,0.2545648407303745,0,0.201492537313433,0.3581360390830516,0.1526717557251907,0.7571008814887363,0.1889250814332249,0.4512322110378339,0.5869565217391303
1O000220,여자,60대 이상,판매 종사자,고졸(대학 재학 포함),강원도,1세대가족,기혼,맞벌이 함,300-400만원 미만,0.0741285174296514,0.1477438846116363,0.1051209153767856,0.1140096618357487,0.044872658671338,0.1446759259259259,0.1639344262295082,0,0.2037313432835822,0.5095828635851184,0.568429661941112,0.6620959843290886,0.1713355048859934,0.3471017007983338,0.2913043478260869
1H001646,여자,60대 이상,주부,고졸(대학 재학 포함),경기도,1세대가족,기혼,맞벌이 하지 않음,300-400만원 미만,0.1308273834523309,0.1560276776142676,0.091327085746376,0.1423050379572118,0.0742487535372591,0.1128472222222222,0.2678928428628548,0,0.4052238805970148,0.5415257422021796,0.461286804798255,0.8628795298726734,0.3133550488599351,0.2325581395348835,0.6304347826086953
4J234043,여자,60대 이상,주부,중졸 이하,경상남도,1세대가족,기혼,맞벌이 하지 않음,100만원 미만,0.117597648047039,0.1559302212260014,0.0741637710154083,0.1159420289855072,0.0667026007276647,0.1549961419753086,0.1839264294282287,0,0.3582089552238805,0.5411499436302143,0.3279716466739364,0.6758080313418215,0.2768729641693813,0.3842415827837554,0.3565217391304347
1B000116,여자,60대 이상,주부,고졸(대학 재학 포함),부산광역시,1세대가족,기혼,맞벌이 하지 않음,200-300만원 미만,0.0856782864342713,0.1404346554916674,0.0795689866975536,0.1312629399585921,0.0817275299824821,0.1022376543209876,0.2012528322004531,0,0.2447761194029852,0.4813979706877111,0.3699563794983644,0.7845249755142015,0.3495114006514659,0.1943769524470667,0.4130434782608693
4A011006,여자,60대 이상,단순노무 종사자,중졸 이하,서울특별시,1세대가족,기혼,맞벌이 함,300-400만원 미만,0.0825283494330113,0.1618750609102426,0.0969077954441753,0.1505866114561766,0.073170731707317,0.1876929012345679,0.2039184326269492,0,0.2335820895522388,0.5640736565201049,0.5046346782988003,0.9216454456415274,0.3081433224755701,0.5019090593543907,0.4217391304347824
4A018015,여자,60대 이상,서비스 종사자,대학교 졸업(전문대졸/대학원생 포함),서울특별시,1세대가족,기혼,맞벌이 함,600-700만원 미만,0.0911381772364552,0.1131468667771172,0.0659155522796672,0.136783988957902,0.0527556933027893,0.0954861111111111,0.3278688524590164,0,0.2641791044776119,0.3761743705373919,0.2639040348964011,0.8237022526934379,0.2094462540716612,0.1700798333911835,0.826086956521739
4C073004,여자,60대 이상,주부,고졸(대학 재학 포함),인천광역시,1세대가족,기혼,맞벌이 하지 않음,200-300만원 미만,0.0839983200335993,0.1133417795536497,0.0778491453441437,0.0997929606625258,0.069599784395634,0.1420717592592592,0.2039184326269492,0,0.2388059701492538,0.3769259676813227,0.3565976008724097,0.5612144955925558,0.2908794788273618,0.3377299548767786,0.4217391304347824
3M165016,여자,60대 이상,서비스 종사자,중졸 이하,충청북도,1세대가족,기혼,맞벌이 함,500-600만원 미만,0.0818983620327593,0.1675275314296852,0.0626864623916324,0.1305728088336784,0.0453442932219377,0.0954861111111111,0.1679328268692523,0,0.2313432835820895,0.5858699736940999,0.2388222464558342,0.7796278158667972,0.1736156351791532,0.1700798333911835,0.3043478260869564
1B000114,여자,60대 이상,주부,대학교 졸업(전문대졸/대학원생 포함),부산광역시,1세대가족,기혼,맞벌이 하지 않음,200-300만원 미만,0.1392272154556909,0.1618750609102426,0.0803411603664315,0.1312629399585921,0.0630642770516102,0.1266396604938272,0.2443022790883647,0,0.4350746268656718,0.5640736565201049,0.3759541984732826,0.7845249755142015,0.2592833876221498,0.2821936827490455,0.5534782608695652
4I219024,여자,60대 이상,서비스 종사자,고졸(대학 재학 포함),경상북도,1세대가족,기혼,맞벌이 함,500-600만원 미만,0.0755984880302394,0.1315661241594386,0.0908357025025446,0.1104209799861973,0.0673763643713785,0.1060956790123456,0.2185792349726776,0,0.2089552238805972,0.4472003006388574,0.4574700109051251,0.6366307541625852,0.2801302931596094,0.208261020479,0.4695652173913042
4N183038,여자,60대 이상,주부,중졸 이하,충청남도,1세대가족,기혼,맞벌이 하지 않음,100-200만원 미만,0.0692986140277194,0.2227853035766494,0.0824119897511495,0.1278122843340234,0.0451421641288236,0.1463155864197531,0.1470078635212581,0,0.1865671641791045,0.7989477639984965,0.3920392584514725,0.7600391772771787,0.172638436482085,0.3530024297119055,0.2360869565217389
3L204003,여자,60대 이상,농림어업 숙련 종사자,고졸(대학 재학 포함),전라남도,1세대가족,기혼,맞벌이 함,400-500만원 미만,0.1125577488450231,0.1206510086736185,0.0798848759257309,0.122567287784679,0.0767416790190001,0.1244212962962963,0.2452352392376383,0,0.3402985074626867,0.4051108605787296,0.3724100327153762,0.7228207639569044,0.3254071661237787,0.2742103436306837,0.5565217391304347
4A022010,여자,60대 이상,주부,고졸(대학 재학 포함),서울특별시,1세대가족,기혼,맞벌이 하지 않음,300-400만원 미만,0.0692986140277194,0.1277653250170548,0.1442209820645116,0.1450655624568668,0.1199973049454251,0.1264467592592592,0.1812608290017326,1,0.1865671641791045,0.4325441563322056,0.8721374045801527,0.8824681684622918,0.534527687296417,0.2814994793474484,0.3478260869565215
4O159016,여자,60대 이상,주부,고졸(대학 재학 포함),강원도,1세대가족,기혼,맞벌이 하지 않음,200-300만원 미만,0.0472490550188996,0.1297144527823799,0.1301463620090555,0.1450655624568668,0.0962134483223285,0.1682098765432099,0.1652672264427562,1,0.1082089552238807,0.4400601277715145,0.7628135223555073,0.8824681684622918,0.4195439739413683,0.4317945157931273,0.2956521739130433
4A005042,여자,60대 이상,사무 종사자,고졸(대학 재학 포함),서울특별시,1세대가족,기혼,맞벌이 함,"1,000만원 이상",0.126207475850483,0.1628496247929051,0.1186690533852795,0.1450655624568668,0.0937205228405875,0.1089891975308642,0.157270425163268,1,0.3888059701492539,0.5678316422397591,0.6736641221374042,0.8824681684622918,0.4074918566775247,0.2186740715029503,0.2695652173913042
1B000450,여자,60대 이상,판매 종사자,고졸(대학 재학 포함),부산광역시,1세대가족,기혼,맞벌이 함,500-600만원 미만,0.1883662326753465,0.1228925056037423,0.1297953739777473,0.1450655624568668,0.0633337825090958,0.1560570987654321,0.119952019192323,1,0.6097014925373136,0.4137542277339346,0.7600872410032711,0.8824681684622918,0.2605863192182414,0.3880597014925373,0.1478260869565215
4A007022,여자,60대 이상,판매 종사자,대학교 졸업(전문대졸/대학원생 포함),서울특별시,1세대가족,기혼,맞벌이 함,"1,000만원 이상",0.0902981940361192,0.1628496247929051,0.1242848618862096,0.1423050379572118,0.0835466918205093,0.1147762345679012,0.1239504198320671,1,0.2611940298507462,0.5678316422397591,0.7172846237731729,0.8628795298726734,0.3583061889250815,0.2395001735508502,0.160869565217391
4H117030,여자,60대 이상,주부,고졸(대학 재학 포함),경기도,1세대가족,기혼,맞벌이 하지 않음,200-300만원 미만,0.0377992440151197,0.1297144527823799,0.1229862061703695,0.1450655624568668,0.0889368009702196,0.1638695987654321,0.1719312275089964,1,0.074626865671642,0.4400601277715145,0.7071973827699012,0.8824681684622918,0.3843648208469056,0.4161749392572023,0.317391304347826
4K187012,여자,60대 이상,주부,고졸(대학 재학 포함),전라북도,1세대가족,기혼,맞벌이 하지 않음,300-400만원 미만,0.1089878202435951,0.1274729558522561,0.1359025657225088,0.1418909592822636,0.152742218029915,0.1728395061728395,0.1652672264427562,1,0.3276119402985075,0.4314167606163096,0.8075245365321697,0.8599412340842311,0.6928338762214981,0.4484553974314472,0.2956521739130433
1O001209,여자,60대 이상,주부,중졸 이하,강원도,1세대가족,기혼,맞벌이 하지 않음,200-300만원 미만,0.0514489710205795,0.1189942500730922,0.1141062089782738,0.1423050379572118,0.0798409917800835,0.1726466049382716,0.1905904304944689,1,0.1231343283582088,0.3987222848553172,0.6382224645583423,0.8628795298726734,0.3403908794788275,0.4477611940298507,0.3782608695652173
1D000693,여자,60대 이상,주부,중졸 이하,대구광역시,1세대가족,기혼,맞벌이 하지 않음,200-300만원 미만,0.1875262494750105,0.1053503557158171,0.117265101260047,0.1257418909592822,0.1221533486053092,0.1349344135802469,0.1132880181260829,1,0.606716417910448,0.3461104847801576,0.6627589967284622,0.7453476983349653,0.5449511400651466,0.3120444290177021,0.1260869565217391
4J233012,여자,60대 이상,판매 종사자,고졸(대학 재학 포함),경상남도,1세대가족,기혼,맞벌이 함,200-300만원 미만,0.2078958420831583,0.1375109638436799,0.0997156996946404,0.1312629399585921,0.1165611103624848,0.1304976851851852,0.158603225376516,1,0.6791044776119404,0.4701240135287484,0.5264449291166851,0.7845249755142015,0.5179153094462542,0.2960777507809788,0.2739130434782606
3L203060,여자,60대 이상,서비스 종사자,고졸(대학 재학 포함),전라남도,1세대가족,기혼,맞벌이 함,200-300만원 미만,0.1427971440571188,0.1324432316538349,0.0933628163279632,0.1250517598343685,0.0862417463953645,0.128858024691358,0.1176862588298014,1,0.4477611940298506,0.4505824877865464,0.4770992366412215,0.740450538687561,0.3713355048859938,0.2901770218674069,0.1404347826086956
4H133025,여자,60대 이상,기능원 및 관련 기능 종사자,고졸(대학 재학 포함),경기도,1세대가족,기혼,맞벌이 하지 않음,300-400만원 미만,0.1570768584628307,0.1725952636195302,0.1213014636200905,0.1174603174603174,0.1144050667026007,0.111207561728395,0.1359456217512994,1,0.4985074626865671,0.6054114994363019,0.6941112322791709,0.6865817825661112,0.5074918566775246,0.2266574106213117,0.1999999999999997
4O145020,여자,60대 이상,서비스 종사자,중졸 이하,강원도,1세대가족,기혼,맞벌이 함,400-500만원 미만,0.1020579588408231,0.1072994834811422,0.1009441578042188,0.1285024154589372,0.0947311683061581,0.1484375,0.2292416366786618,1,0.3029850746268655,0.3536264562194665,0.5359869138495088,0.7649363369245838,0.4123778501628664,0.3606386671294689,0.5043478260869562
1J000749,여자,60대 이상,주부,중졸 이하,경상남도,1세대가족,기혼,맞벌이 하지 않음,100-200만원 미만,0.0703485930281394,0.147256602670305,0.1068407567301955,0.1229813664596273,0.1014014283789246,0.1644483024691358,0.1066240170598427,1,0.1902985074626866,0.5077038707252911,0.5817884405670666,0.7257590597453475,0.4446254071661238,0.4182575494619922,0.1043478260869564
4A246035,여자,60대 이상,서비스 종사자,고졸(대학 재학 포함),서울특별시,1세대가족,기혼,맞벌이 함,400-500만원 미만,0.245485090298194,0.1238670694864048,0.0771822680846583,0.1395445134575569,0.1225576067915375,0.1335841049382716,0.3638544582167133,3,0.8126865671641791,0.4175122134535888,0.3514176663031627,0.8432908912830556,0.5469055374592835,0.3071850052065255,0.9434782608695648
1J000158,여자,60대 이상,서비스 종사자,고졸(대학 재학 포함),경상남도,1세대가족,기혼,맞벌이 함,200-300만원 미만,0.1875262494750105,0.1845823993762791,0.0822364957354954,0.136783988957902,0.1038269774962943,0.1057098765432098,0.1905904304944689,3,0.606716417910448,0.6516347237880495,0.3906761177753544,0.8237022526934379,0.456351791530945,0.2068726136758067,0.3782608695652173
1D000854,여자,60대 이상,주부,중졸 이하,대구광역시,1세대가족,기혼,맞벌이 하지 않음,100-200만원 미만,0.2162956740865182,0.1457947568463113,0.0428205398195921,0.1305728088336784,0.0830750572699097,0.2398726851851851,0.2509662801546048,3,0.708955223880597,0.5020668921458099,0.084514721919302,0.7796278158667972,0.3560260586319221,0.6896910794862889,0.5752173913043477
1F000454,여자,60대 이상,서비스 종사자,고졸(대학 재학 포함),광주광역시,1세대가족,기혼,맞벌이 함,400-500만원 미만,0.1398572028559428,0.0941428710651983,0.0724088308588677,0.1167701863354037,0.1158199703543996,0.1471836419753086,0.194588831134213,3,0.4373134328358207,0.3028936490041337,0.3143402399127592,0.681684622918707,0.5143322475570031,0.3561263450190903,0.3913043478260869
3M167077,여자,60대 이상,판매 종사자,고졸(대학 재학 포함),충청북도,1세대가족,기혼,맞벌이 함,500-600만원 미만,0.2095758084838303,0.1794172107981678,0.0919939630058615,0.1505866114561766,0.091497102816332,0.1273148148148148,0.2389710782353725,3,0.6850746268656718,0.631717399473882,0.466466739367503,0.9216454456415274,0.3967426710097722,0.2846233946546337,0.536086956521739
1B000987,여자,60대 이상,서비스 종사자,고졸(대학 재학 포함),부산광역시,1세대가족,기혼,맞벌이 함,300-400만원 미만,0.24842503149937,0.1745443913848552,0.0865536485205854,0.136783988957902,0.1318555450747877,0.144386574074074,0.2212448353991736,3,0.8231343283582091,0.6129274708756103,0.4242093784078516,0.8237022526934379,0.5918566775244299,0.3460603956959385,0.4782608695652171
4N184004,여자,60대 이상,농림어업 숙련 종사자,고졸(대학 재학 포함),충청남도,1세대가족,기혼,맞벌이 함,300-400만원 미만,0.1950860982780344,0.1657733164408927,0.0407146116317433,0.1312629399585921,0.0868481336747069,0.228395061728395,0.1745968279354924,3,0.6335820895522388,0.5791055993987222,0.0681570338058886,0.7845249755142015,0.374267100977199,0.6483859770912873,0.3260869565217388
4O156024,여자,60대 이상,주부,고졸(대학 재학 포함),강원도,1세대가족,기혼,맞벌이 하지 않음,200-300만원 미만,0.1854262914741705,0.1533963551310788,0.0875013162051174,0.1505866114561766,0.1021425683870098,0.1575038580246913,0.2838864454218313,3,0.5992537313432837,0.531379180759113,0.4315703380588879,0.9216454456415274,0.4482084690553748,0.3932662270045121,0.6826086956521739
1Q000196,여자,60대 이상,주부,고졸(대학 재학 포함),세종특별자치시,1세대가족,기혼,맞벌이 하지 않음,400-500만원 미만,0.1469970600587988,0.1686970080888802,0.0778491453441437,0.1533471359558316,0.0832098099986524,0.2195216049382716,0.2412368385978942,3,0.4626865671641791,0.5903795565576849,0.3565976008724097,0.941234084231146,0.3566775244299675,0.6164526206178409,0.5434782608695652
4A245003,여자,60대 이상,서비스 종사자,고졸(대학 재학 포함),서울특별시,1세대가족,기혼,맞벌이 함,400-500만원 미만,0.1826963460730785,0.1258161972517298,0.0893966515741813,0.1423050379572118,0.1036248484031801,0.136670524691358,0.2905504464880714,3,0.5895522388059702,0.4250281848928972,0.4462922573609596,0.8628795298726734,0.4553745928338763,0.3182922596320719,0.7043478260869562
1Q000192,여자,60대 이상,주부,고졸(대학 재학 포함),세종특별자치시,1세대가족,기혼,맞벌이 하지 않음,300-400만원 미만,0.2095758084838303,0.2076795633953805,0.0673195044048998,0.1312629399585921,0.0780218299420563,0.1902006172839506,0.2185792349726776,3,0.6850746268656718,0.7406989853438554,0.2748091603053438,0.7845249755142015,0.3315960912052119,0.5109337035751473,0.4695652173913042
1C001055,여자,60대 이상,주부,고졸(대학 재학 포함),인천광역시,1세대가족,기혼,맞벌이 하지 않음,300-400만원 미만,0.1973960520789584,0.1657733164408927,0.0967323014285213,0.134023464458247,0.1007950410995822,0.1157407407407407,0.2039184326269492,3,0.6417910447761195,0.5791055993987222,0.5032715376226828,0.8041136141038193,0.4416938110749186,0.2429711905588335,0.4217391304347824
4A003038,여자,60대 이상,주부,고졸(대학 재학 포함),서울특별시,1세대가족,기혼,맞벌이 하지 않음,300-400만원 미만,0.1703065938681226,0.1533963551310788,0.0942753852093643,0.1450655624568668,0.1239051340789651,0.1359953703703703,0.2612288417966147,3,0.5455223880597015,0.531379180759113,0.4841875681570336,0.8824681684622918,0.5534201954397397,0.3158625477264835,0.608695652173913
4H118055,여자,60대 이상,서비스 종사자,고졸(대학 재학 포함),경기도,1세대가족,기혼,맞벌이 함,500-600만원 미만,0.1547669046619067,0.1628496247929051,0.0873258221894633,0.1478260869565217,0.078156582670799,0.1547067901234568,0.273224043715847,3,0.4902985074626865,0.5678316422397591,0.4302071973827698,0.9020568070519096,0.3322475570032573,0.3832002776813606,0.6478260869565217
4C071032,여자,60대 이상,기능원 및 관련 기능 종사자,고졸(대학 재학 포함),인천광역시,1세대가족,기혼,맞벌이 하지 않음,300-400만원 미만,0.1845863082738345,0.143358347139655,0.0862728580955389,0.1450655624568668,0.0830076809055383,0.2353395061728395,0.2585632413701186,3,0.5962686567164179,0.4926719278466742,0.4220283533260632,0.8824681684622918,0.3557003257328992,0.6733772995487676,0.5999999999999999
4G102012,여자,60대 이상,서비스 종사자,고졸(대학 재학 포함),울산광역시,1세대가족,기혼,맞벌이 함,500-600만원 미만,0.1742965140697186,0.1560276776142676,0.0882383910708645,0.1450655624568668,0.0889368009702196,0.1205632716049382,0.2602958816473411,3,0.5597014925373136,0.5415257422021796,0.4372955288985826,0.8824681684622918,0.3843648208469056,0.2603262755987501,0.6056521739130434
4P241008,여자,60대 이상,주부,중졸 이하,제주특별자치도,1인 가구,미혼(사별/이혼 포함),맞벌이 하지 않음,100만원 미만,0.0346493070138597,0.1089562420816684,0.0727598188901758,0.1308488612836439,0.0362484840318016,0.2179783950617284,0.1719312275089964,0,0.0634328358208956,0.3600150319428785,0.3170665212649944,0.7815866797257591,0.1296416938110751,0.6108989934050675,0.317391304347826
4I207005,여자,60대 이상,판매 종사자,고졸(대학 재학 포함),경상북도,1인 가구,미혼(사별/이혼 포함),맞벌이 하지 않음,100-200만원 미만,0.0755984880302394,0.1383880713380762,0.1032957776139833,0.1159420289855072,0.0579436733593855,0.1128472222222222,0.2012528322004531,0,0.2089552238805972,0.4735062006764375,0.5542529989094871,0.6758080313418215,0.2345276872964171,0.2325581395348835,0.4130434782608693
4O147007,여자,60대 이상,판매 종사자,고졸(대학 재학 포함),강원도,1인 가구,미혼(사별/이혼 포함),맞벌이 하지 않음,200-300만원 미만,0.0503989920201596,0.1594386512035864,0.0921343582183847,0.1333333333333333,0.0652876970758657,0.1909722222222222,0.2149806743969079,0,0.1194029850746271,0.5546786922209697,0.4675572519083967,0.7992164544564151,0.2700325732899022,0.513710517181534,0.4578260869565216
4L201031,여자,60대 이상,주부,중졸 이하,전라남도,1인 가구,미혼(사별/이혼 포함),맞벌이 하지 않음,100-200만원 미만,0.1360772784544309,0.1586590000974564,0.0764451932189112,0.1363699102829537,0.0800431208731976,0.1945408950617284,0.1892576302812208,0,0.4238805970149255,0.5516723036452462,0.3456924754634679,0.8207639569049947,0.3413680781758957,0.5265532801110724,0.3739130434782607
4L199021,여자,60대 이상,단순노무 종사자,중졸 이하,전라남도,1인 가구,미혼(사별/이혼 포함),맞벌이 하지 않음,100-200만원 미만,0.0432591348173036,0.14998538154176,0.0726545224807834,0.1278122843340234,0.0556528769707586,0.1693672839506173,0.2105824336931894,0,0.0940298507462686,0.5182262307403229,0.3162486368593241,0.7600391772771787,0.2234527687296418,0.4359597362027073,0.4434782608695652
4L205015,여자,60대 이상,농림어업 숙련 종사자,중졸 이하,전라남도,1인 가구,미혼(사별/이혼 포함),맞벌이 하지 않음,100-200만원 미만,0.1499370012599748,0.1696715719715427,0.0516303394054262,0.134023464458247,0.070677806225576,0.1419753086419753,0.2256430761028922,0,0.473134328358209,0.5941375422773392,0.1529443838604141,0.8041136141038193,0.2960912052117264,0.3373828531759805,0.4926086956521739
4I219009,여자,60대 이상,서비스 종사자,고졸(대학 재학 포함),경상북도,1인 가구,미혼(사별/이혼 포함),맞벌이 하지 않음,100-200만원 미만,0.0944981100377992,0.1081765909755384,0.1116141939559861,0.1076604554865424,0.0869155100390782,0.1109182098765432,0.1999200319872051,1,0.2761194029850746,0.3570086433671551,0.61886586695747,0.6170421155729674,0.3745928338762214,0.2256161055189169,0.4086956521739129
4A006032,여자,60대 이상,서비스 종사자,고졸(대학 재학 포함),서울특별시,1인 가구,미혼(사별/이혼 포함),맞벌이 하지 않음,200-300만원 미만,0.1385972280554389,0.1482311665529675,0.1057526938331403,0.134023464458247,0.089543188249562,0.1060956790123456,0.2069838731174197,1,0.4328358208955225,0.5114618564449454,0.5733369683751366,0.8041136141038193,0.3872964169381109,0.208261020479,0.4317391304347825
4K185019,여자,60대 이상,서비스 종사자,고졸(대학 재학 포함),전라북도,1인 가구,기혼,맞벌이 하지 않음,200-300만원 미만,0.0839983200335993,0.1248416333690673,0.134744305219192,0.1450655624568668,0.130305888694246,0.1413966049382716,0.1905904304944689,1,0.2388059701492538,0.421270199173243,0.7985278080697928,0.8824681684622918,0.5843648208469056,0.3353002429711905,0.3782608695652173
1O000605,여자,60대 이상,단순노무 종사자,중졸 이하,강원도,1인 가구,미혼(사별/이혼 포함),맞벌이 하지 않음,200-300만원 미만,0.2217555648887022,0.1543709190137413,0.1001368853322101,0.1423050379572118,0.1631855545074787,0.1630015432098765,0.2309742769558843,3,0.728358208955224,0.5351371664787672,0.5297164667393672,0.8628795298726734,0.7433224755700325,0.4130510239500171,0.5099999999999998
1B001005,여자,60대 이상,서비스 종사자,고졸(대학 재학 포함),부산광역시,1인 가구,미혼(사별/이혼 포함),맞벌이 하지 않음,100-200만원 미만,0.2267954640907181,0.1345872721956924,0.0779544417535362,0.136783988957902,0.1383910524188114,0.1498842592592592,0.2159136345461815,3,0.7462686567164177,0.4588500563697856,0.3574154852780809,0.8237022526934379,0.6234527687296415,0.3658451926414436,0.4608695652173912
3N181021,여자,60대 이상,농림어업 숙련 종사자,고졸(대학 재학 포함),충청남도,1인 가구,미혼(사별/이혼 포함),맞벌이 하지 않음,200-300만원 미만,0.2280554388912221,0.2149887925153494,0.0643361061387806,0.1360938578329882,0.0718232044198895,0.214795524691358,0.2083166733306677,3,0.7507462686567162,0.7688838782412626,0.2516357688113411,0.8188050930460328,0.3016286644951144,0.5994446372787223,0.4360869565217389
1B000122,여자,60대 이상,단순노무 종사자,중졸 이하,부산광역시,1인 가구,미혼(사별/이혼 포함),맞벌이 하지 않음,100-200만원 미만,0.1549769004619907,0.1287398888997173,0.0856761784423151,0.136783988957902,0.0753267753672011,0.1954089506172839,0.2496334799413568,3,0.4910447761194028,0.4363021420518599,0.4173936750272629,0.8237022526934379,0.3185667752442996,0.5296771954182572,0.5708695652173912
4J228055,여자,60대 이상,주부,중졸 이하,경상남도,2세대가족,미혼(사별/이혼 포함),맞벌이 하지 않음,400-500만원 미만,0.0468290634187316,0.1355618360783549,0.0908708013056754,0.134023464458247,0.0709473116830615,0.0935570987654321,0.2203118752499,0,0.1067164179104478,0.46260804208944,0.4577426390403485,0.8041136141038193,0.2973941368078175,0.1631377993752169,0.4752173913043476
3L199035,여자,60대 이상,사무 종사자,대학교 졸업(전문대졸/대학원생 포함),전라남도,2세대가족,미혼(사별/이혼 포함),맞벌이 하지 않음,600-700만원 미만,0.1293574128517429,0.1336127083130299,0.0791828998631146,0.1478260869565217,0.0785608408570273,0.1661844135802469,0.2545648407303745,0,0.3999999999999999,0.4550920706501315,0.3669574700109048,0.9020568070519096,0.3342019543973942,0.4245053800763623,0.5869565217391303
4I207015,여자,60대 이상,판매 종사자,고졸(대학 재학 포함),경상북도,2세대가족,미혼(사별/이혼 포함),맞벌이 하지 않음,400-500만원 미만,0.0755984880302394,0.1364389435727512,0.1017865290793584,0.1104209799861973,0.0734402371648025,0.1176697530864197,0.2239104358256697,0,0.2089552238805972,0.4659902292371289,0.5425299890948747,0.6366307541625852,0.3094462540716612,0.2499132245748001,0.4869565217391302
1G000019,여자,60대 이상,주부,대학교 졸업(전문대졸/대학원생 포함),울산광역시,2세대가족,기혼,맞벌이 하지 않음,600-700만원 미만,0.0797984040319193,0.2145015105740181,0.0968726966410445,0.1312629399585921,0.0386066567847998,0.1080246913580247,0.2403038784486205,0,0.2238805970149253,0.7670048853814353,0.5043620501635768,0.7845249755142015,0.1410423452768729,0.215203054494967,0.5404347826086954
3P239040,여자,60대 이상,서비스 종사자,고졸(대학 재학 포함),제주특별자치도,2세대가족,기혼,맞벌이 함,400-500만원 미만,0.0968080638387232,0.1862391579768054,0.0667930223579376,0.1312629399585921,0.0513407896509904,0.2018711419753086,0.2736238837798214,0,0.2843283582089553,0.6580232995114619,0.2707197382769905,0.7845249755142015,0.2026058631921826,0.5529330093717456,0.6491304347826085
1B000427,여자,60대 이상,판매 종사자,고졸(대학 재학 포함),부산광역시,2세대가족,미혼(사별/이혼 포함),맞벌이 하지 않음,300-400만원 미만,0.2015959680806384,0.1053503557158171,0.1249868379488259,0.1257418909592822,0.0619862552216682,0.138695987654321,0.1119552179128348,1,0.656716417910448,0.3461104847801576,0.7227371864776442,0.7453476983349653,0.2540716612377852,0.3255813953488372,0.1217391304347824
3B033011,여자,60대 이상,주부,대학교 졸업(전문대졸/대학원생 포함),부산광역시,2세대가족,기혼,맞벌이 하지 않음,500-600만원 미만,0.2162956740865182,0.1092486112464672,0.1249868379488259,0.1285024154589372,0.1906751111710012,0.1490162037037037,0.1146208183393309,1,0.708955223880597,0.3611424276587749,0.7227371864776442,0.7649363369245838,0.8762214983713357,0.3627212773342588,0.1304347826086955
1E000275,여자,60대 이상,주부,대학교 졸업(전문대졸/대학원생 포함),대전광역시,2세대가족,기혼,맞벌이 하지 않음,800-900만원 미만,0.1098278034439311,0.1455023876815125,0.114632691025236,0.132919254658385,0.1061851502492925,0.1237461419753086,0.2065840330534453,1,0.3305970149253732,0.5009394964299134,0.6423118865866957,0.7962781586679719,0.4677524429967427,0.2717806317250952,0.4304347826086956
3J230006,여자,60대 이상,기능원 및 관련 기능 종사자,고졸(대학 재학 포함),경상남도,2세대가족,기혼,맞벌이 함,500-600만원 미만,0.0692986140277194,0.147256602670305,0.1143168017970587,0.1229813664596273,0.0828729281767955,0.1350308641975308,0.1092896174863388,1,0.1865671641791045,0.5077038707252911,0.6398582333696838,0.7257590597453475,0.3550488599348534,0.3123915307185002,0.1130434782608695
4K185022,여자,60대 이상,서비스 종사자,고졸(대학 재학 포함),전라북도,2세대가족,기혼,맞벌이 함,400-500만원 미만,0.1877362452750945,0.1248416333690673,0.1042785441016461,0.1285024154589372,0.1311817814310739,0.1648341049382716,0.2283086765293882,3,0.6074626865671644,0.421270199173243,0.561886586695747,0.7649363369245838,0.5885993485342018,0.4196459562651856,0.5013043478260867
4E095024,여자,60대 이상,사무 종사자,대학교 졸업(전문대졸/대학원생 포함),대전광역시,2세대가족,기혼,맞벌이 함,500-600만원 미만,0.1467870642587148,0.1865315271416041,0.0863781545049313,0.1423050379572118,0.0787629699501415,0.1655092592592592,0.2585632413701186,3,0.4619402985074627,0.6591506952273579,0.4228462377317335,0.8628795298726734,0.3351791530944629,0.4220756681707737,0.5999999999999999
1A000681,여자,60대 이상,서비스 종사자,대학교 졸업(전문대졸/대학원생 포함),서울특별시,2세대가족,기혼,맞벌이 함,800-900만원 미만,0.1499370012599748,0.1599259331449176,0.1056824962268786,0.1285024154589372,0.0963482010510712,0.1917438271604938,0.2229774756763961,3,0.473134328358209,0.5565576850807965,0.5727917121046888,0.7649363369245838,0.4201954397394136,0.5164873307879206,0.4839130434782607
1H001331,여자,60대 이상,서비스 종사자,대학교 졸업(전문대졸/대학원생 포함),경기도,2세대가족,기혼,맞벌이 함,"900-1,000만원 미만",0.2246955060898782,0.2003703342754117,0.0797093819100768,0.1498964803312629,0.0941921573911871,0.1302083333333333,0.2798880447820872,3,0.7388059701492539,0.7125140924464485,0.3710468920392581,0.9167482859941232,0.409771986970684,0.2950364456785835,0.6695652173913043
4E089007,여자,60대 이상,주부,고졸(대학 재학 포함),대전광역시,2세대가족,기혼,맞벌이 하지 않음,500-600만원 미만,0.120747585048299,0.1238670694864048,0.0870801305675476,0.136783988957902,0.1049723756906077,0.1358989197530864,0.2772224443555911,3,0.3694029850746269,0.4175122134535888,0.4282988004362049,0.8237022526934379,0.4618892508143324,0.3155154460256854,0.6608695652173913
3M170009,남자,20대,사무 종사자,대학교 졸업(전문대졸/대학원생 포함),충청북도,1세대가족,미혼(사별/이혼 포함),맞벌이 하지 않음,500-600만원 미만,0.1322973540529189,0.2145015105740181,0.0715313607805974,0.1450655624568668,0.0751920226384584,0.1384066358024691,0.1666000266560042,0,0.4104477611940298,0.7670048853814353,0.3075245365321704,0.8824681684622918,0.3179153094462543,0.3245400902464419,0.2999999999999997
4F084009,남자,20대,서비스 종사자,고졸(대학 재학 포함),광주광역시,1세대가족,미혼(사별/이혼 포함),맞벌이 하지 않음,100-200만원 미만,0.1917261654766904,0.1043757918331546,0.0871503281738092,0.134023464458247,0.151125185285002,0.1413001543209876,0.1506064240970278,1,0.6216417910447761,0.3423524990605034,0.4288440567066517,0.8041136141038193,0.6850162866449513,0.334953141270392,0.2478260869565215
4J234073,남자,20대,사무 종사자,대학교 졸업(전문대졸/대학원생 포함),경상남도,1인 가구,미혼(사별/이혼 포함),맞벌이 하지 않음,200-300만원 미만,0.1381772364552708,0.1387778968911412,0.0544031448527605,0.1312629399585921,0.0834119390917666,0.1184413580246913,0.1999200319872051,0,0.4313432835820893,0.4750093949642991,0.1744820065430754,0.7845249755142015,0.3576547231270361,0.2526900381811868,0.4086956521739129
4I217012,남자,20대,사무 종사자,대학교 졸업(전문대졸/대학원생 포함),경상북도,1인 가구,미혼(사별/이혼 포함),맞벌이 하지 않음,200-300만원 미만,0.1520369592608147,0.1501802943182925,0.068021480467516,0.1395445134575569,0.0609082333917261,0.1582754629629629,0.2692256430761029,0,0.4805970149253729,0.5189778278842537,0.2802617230098144,0.8432908912830556,0.2488599348534202,0.3960430406108987,0.6347826086956521
4B032055,남자,20대,서비스 종사자,고졸(대학 재학 포함),부산광역시,1인 가구,미혼(사별/이혼 포함),맞벌이 하지 않음,300-400만원 미만,0.0984880302393952,0.1631419939577039,0.0654943666420975,0.1395445134575569,0.0606387279342406,0.1403356481481481,0.2349726775956284,0,0.2902985074626867,0.5689590379556556,0.2606324972737189,0.8432908912830556,0.247557003257329,0.3314821242624087,0.5230434782608694
4A024004,남자,20대,취업 준비 중,대학교 졸업(전문대졸/대학원생 포함),서울특별시,1인 가구,미혼(사별/이혼 포함),맞벌이 하지 않음,100-200만원 미만,0.1285174296514069,0.1589513692622551,0.0790776034537222,0.136783988957902,0.0924403719175313,0.189332561728395,0.1759296281487405,0,0.3970149253731341,0.5527996993611421,0.3661395856052344,0.8237022526934379,0.4013029315960914,0.5078097882679622,0.3304347826086955
4F080075,남자,20대,학생,고졸(대학 재학 포함),광주광역시,1인 가구,미혼(사별/이혼 포함),맞벌이 하지 않음,100만원 미만,0.2011759764804704,0.0985284085371796,0.0903092204555824,0.1257418909592822,0.1615685217625657,0.1649305555555555,0.1306144208983073,1,0.6552238805970151,0.319804584742578,0.4533805888767718,0.7453476983349653,0.7355048859934856,0.4199930579659837,0.1826086956521737
4B032030,남자,20대,기능원 및 관련 기능 종사자,고졸(대학 재학 포함),부산광역시,1인 가구,미혼(사별/이혼 포함),맞벌이 하지 않음,300-400만원 미만,0.1602267954640907,0.0946301530065295,0.0793232950756379,0.1202208419599723,0.1544940035035709,0.1408179012345679,0.1346128215380514,1,0.5097014925373136,0.3047726418639607,0.3680479825517994,0.706170421155729,0.7013029315960913,0.3332176327664005,0.1956521739130433
4I206015,남자,20대,사무 종사자,대학교 졸업(전문대졸/대학원생 포함),경상북도,1인 가구,미혼(사별/이혼 포함),맞벌이 하지 않음,400-500만원 미만,0.2141957160856782,0.1501802943182925,0.0617036959039696,0.1202208419599723,0.1241746395364506,0.1331983024691358,0.1612688258030121,3,0.7014925373134326,0.5189778278842537,0.2311886586695744,0.706170421155729,0.5547231270358308,0.305796598403332,0.2826086956521738
3B027012,남자,20대,기능원 및 관련 기능 종사자,대학교 졸업(전문대졸/대학원생 포함),부산광역시,1인 가구,미혼(사별/이혼 포함),맞벌이 하지 않음,200-300만원 미만,0.1627467450650987,0.143358347139655,0.0901337264399284,0.136783988957902,0.0805147554237973,0.1389853395061728,0.1999200319872051,3,0.5186567164179107,0.4926719278466742,0.4520174482006545,0.8237022526934379,0.3436482084690556,0.3266227004512321,0.4086956521739129
4D046025,남자,20대,사무 종사자,대학교 졸업(전문대졸/대학원생 포함),대구광역시,1인 가구,미혼(사별/이혼 포함),맞벌이 하지 않음,300-400만원 미만,0.1784964300713985,0.1121723028944547,0.0470323961952897,0.1423050379572118,0.081525400889368,0.1617476851851851,0.2972144475543116,3,0.5746268656716418,0.3724163848177376,0.1172300981461286,0.8628795298726734,0.3485342019543977,0.4085387018396386,0.7260869565217389
3B043025,남자,20대,학생,고졸(대학 재학 포함),부산광역시,1인 가구,미혼(사별/이혼 포함),맞벌이 하지 않음,100-200만원 미만,0.2215455690886182,0.1219179417210798,0.074409462637324,0.1312629399585921,0.1121816466783452,0.1677276234567901,0.2145808343329335,3,0.7276119402985075,0.4099962420142803,0.3298800436205013,0.7845249755142015,0.4967426710097721,0.4300590072891355,0.4565217391304347
4J226024,남자,20대,판매 종사자,고졸(대학 재학 포함),경상남도,2세대가족,기혼,맞벌이 하지 않음,200-300만원 미만,0.2368752624947501,0.1911119773901179,0.0968024990347829,0.1478260869565217,0.0954049319498719,0.1167052469135802,0.2585632413701186,3,0.7820895522388062,0.676813228109733,0.5038167938931299,0.9020568070519096,0.4156351791530944,0.2464422075668168,0.5999999999999999
1A000912,여자,20대,사무 종사자,대학교 졸업(전문대졸/대학원생 포함),서울특별시,1세대가족,기혼,맞벌이 함,600-700만원 미만,0.0629987400251994,0.2164506383393431,0.1055421010143554,0.1505866114561766,0.0426492386470826,0.1311728395061728,0.2692256430761029,0,0.1641791044776118,0.7745208568207439,0.5717011995637951,0.9216454456415274,0.1605863192182414,0.298507462686567,0.6347826086956521
4N178014,여자,20대,서비스 종사자,대학교 졸업(전문대졸/대학원생 포함),충청남도,1세대가족,기혼,맞벌이 함,500-600만원 미만,0.1469970600587988,0.1613877789689114,0.0663016391141062,0.1250517598343685,0.0801778736019404,0.0925925925925926,0.1772624283619885,0,0.4626865671641791,0.562194663660278,0.2669029443838607,0.740450538687561,0.3420195439739416,0.1596667823672336,0.334782608695652
3I214090,여자,20대,사무 종사자,대학교 졸업(전문대졸/대학원생 포함),경상북도,1인 가구,미혼(사별/이혼 포함),맞벌이 하지 않음,300-400만원 미만,0.1406971860562788,0.1496930123769613,0.0897125408023586,0.1305728088336784,0.0923056191887885,0.1599151234567901,0.1812608290017326,0,0.4402985074626864,0.5170988350244269,0.4487459105779716,0.7796278158667972,0.4006514657980456,0.4019437695244705,0.3478260869565215
1D000895,여자,20대,판매 종사자,고졸(대학 재학 포함),대구광역시,1인 가구,미혼(사별/이혼 포함),맞벌이 하지 않음,200-300만원 미만,0.0755984880302394,0.1735698275021927,0.0542627496402372,0.1423050379572118,0.0390782913353995,0.2559799382716049,0.2918832467013195,0,0.2089552238805972,0.609169485155956,0.1733914940021808,0.8628795298726734,0.1433224755700327,0.747657063519611,0.708695652173913
4I250005,여자,20대,사무 종사자,대학교 졸업(전문대졸/대학원생 포함),경상북도,1인 가구,미혼(사별/이혼 포함),맞벌이 하지 않음,200-300만원 미만,0.0772784544309113,0.1043757918331546,0.0698466182303183,0.1285024154589372,0.0456811750437946,0.1519097222222222,0.1599360255897641,0,0.2149253731343282,0.3423524990605034,0.2944383860414394,0.7649363369245838,0.1752442996742673,0.3731343283582088,0.2782608695652173
1D000187,여자,20대,사무 종사자,대학교 졸업(전문대졸/대학원생 포함),대구광역시,1인 가구,미혼(사별/이혼 포함),맞벌이 하지 않음,200-300만원 미만,0.122427551448971,0.1906246954487866,0.0485416447299147,0.1388543823326432,0.0406279477159412,0.1032021604938271,0.2319072371051579,0,0.3753731343283583,0.6749342352499057,0.1289531079607418,0.8383937316356512,0.1508143322475571,0.1978479694550501,0.5130434782608694
4E094025,여자,20대,사무 종사자,대학교 졸업(전문대졸/대학원생 포함),대전광역시,1인 가구,미혼(사별/이혼 포함),맞벌이 하지 않음,200-300만원 미만,0.0860982780344393,0.1574895234382614,0.0577726299533185,0.1250517598343685,0.0634011588734671,0.1186342592592592,0.2079168332666933,0,0.246268656716418,0.5471627207816611,0.2006543075245361,0.740450538687561,0.2609120521172638,0.2533842415827835,0.434782608695652
4N183020,여자,20대,사무 종사자,대학교 졸업(전문대졸/대학원생 포함),충청남도,1인 가구,미혼(사별/이혼 포함),맞벌이 하지 않음,300-400만원 미만,0.125157496850063,0.2471494006432121,0.086623846126847,0.147135955831608,0.0625926425010106,0.115065586419753,0.1363454618152739,0,0.3850746268656718,0.8928974069898532,0.4247546346782984,0.8971596474045053,0.2570032573289904,0.240541478653245,0.201304347826087
4I250026,여자,20대,기능원 및 관련 기능 종사자,대학교 졸업(전문대졸/대학원생 포함),경상북도,1인 가구,미혼(사별/이혼 포함),맞벌이 하지 않음,200-300만원 미만,0.1348173036539269,0.1803917746808303,0.0414165876943596,0.1395445134575569,0.0580784260881282,0.1517168209876543,0.1772624283619885,0,0.419402985074627,0.6354753851935362,0.07360959651036,0.8432908912830556,0.2351791530944625,0.3724401249566121,0.334782608695652
1N000093,여자,20대,서비스 종사자,대학교 졸업(전문대졸/대학원생 포함),충청남도,1인 가구,미혼(사별/이혼 포함),맞벌이 하지 않음,200-300만원 미만,0.1847963040739185,0.0941428710651983,0.0995402056789863,0.1167701863354037,0.1423662579167228,0.0790895061728395,0.0892976142876182,1,0.5970149253731344,0.3028936490041337,0.525081788440567,0.681684622918707,0.6426710097719872,0.1110725442554667,0.0478260869565214
4I250047,여자,20대,사무 종사자,대학교 졸업(전문대졸/대학원생 포함),경상북도,1인 가구,미혼(사별/이혼 포함),맞벌이 하지 않음,200-300만원 미만,0.1106677866442671,0.1102231751291297,0.0740584746060159,0.136783988957902,0.1051071284193504,0.163966049382716,0.1439424230307877,1,0.3335820895522389,0.3649004133784291,0.3271537622682661,0.8237022526934379,0.4625407166123778,0.4165220409580004,0.2260869565217391
4B032025,여자,20대,사무 종사자,대학원 졸업 이상,부산광역시,1인 가구,미혼(사별/이혼 포함),맞벌이 하지 않음,200-300만원 미만,0.1847963040739185,0.1141214306597797,0.0771471692815275,0.1229813664596273,0.1090149575528904,0.1399498456790123,0.2452352392376383,3,0.5970149253731344,0.3799323562570461,0.3511450381679391,0.7257590597453475,0.4814332247557004,0.3300937174592153,0.5565217391304347
3B039004,여자,20대,사무 종사자,대학교 졸업(전문대졸/대학원생 포함),부산광역시,1인 가구,미혼(사별/이혼 포함),맞벌이 하지 않음,200-300만원 미만,0.1822763544729105,0.2106032550433681,0.0778491453441437,0.1423050379572118,0.1045681175043794,0.1479552469135802,0.2105824336931894,3,0.5880597014925373,0.7519729425028184,0.3565976008724097,0.8628795298726734,0.4599348534201955,0.358903158625477,0.4434782608695652
4P243010,여자,20대,전문가 및 관련 종사자,대학원 졸업 이상,제주특별자치도,1인 가구,미혼(사별/이혼 포함),맞벌이 하지 않음,200-300만원 미만,0.2026459470810583,0.202806743982068,0.0439086027166473,0.1146997929606625,0.0636706643309527,0.0989583333333333,0.1639344262295082,3,0.6604477611940297,0.7219090567455841,0.0929661941112321,0.6669931439764935,0.2622149837133554,0.1825754946199234,0.2913043478260869
3B043005,여자,20대,전문가 및 관련 종사자,고졸(대학 재학 포함),부산광역시,1인 가구,미혼(사별/이혼 포함),맞벌이 하지 않음,200-300만원 미만,0.246955060898782,0.1852645940941429,0.0899582324242743,0.1395445134575569,0.124242015900822,0.1673418209876543,0.2265760362521658,3,0.817910447761194,0.6542653137918076,0.4506543075245364,0.8432908912830556,0.5550488599348538,0.4286706004859422,0.4956521739130434
3E088036,여자,20대,학생,고졸(대학 재학 포함),대전광역시,1인 가구,미혼(사별/이혼 포함),맞벌이 하지 않음,100만원 미만,0.2026459470810583,0.2182048533281357,0.0445754799761328,0.1416149068322981,0.0746530117234874,0.2278163580246913,0.2065840330534453,3,0.6604477611940297,0.7812852311161218,0.09814612868048,0.8579823702252692,0.315309446254072,0.6463033668864974,0.4304347826086956
3D062030,여자,20대,주부,대학교 졸업(전문대졸/대학원생 포함),대구광역시,2세대가족,기혼,맞벌이 하지 않음,200-300만원 미만,0.1005879882402352,0.1423837832569925,0.0928012354778702,0.1450655624568668,0.0625926425010106,0.1876929012345679,0.1439424230307877,0,0.2977611940298509,0.4889139421270199,0.4727371864776447,0.8824681684622918,0.2570032573289904,0.5019090593543907,0.2260869565217391
1D001060,여자,20대,주부,고졸(대학 재학 포함),대구광역시,2세대가족,기혼,맞벌이 하지 않음,200-300만원 미만,0.1077278454430911,0.1764935191501803,0.0497701028394931,0.1146997929606625,0.0630642770516102,0.1551890432098765,0.1745968279354924,0,0.3231343283582089,0.6204434423149192,0.1384950926935657,0.6669931439764935,0.2592833876221498,0.384935786185352,0.3260869565217388
