id,SQ3,HQ2,SQ4,SQ5,SQ8,DQ1,DQ3,DQ3_1,DQ4,'brand_loyalty','cooking_convenience','health_orientation','hmr_preference','premium_orientation','price_sensitivity','variety_seeking',cluster_kmeans,cluster_gmm,cluster_hc,cluster_dbscan
4B043022,여자,50대,단순노무 종사자,고졸(대학 재학 포함),부산광역시,1인 가구,미혼(사별/이혼 포함),맞벌이 하지 않음,100-200만원 미만,0.1686266274674506,0.1706461358542052,0.0796391843038152,0.134023464458247,0.1063872793424066,0.1359953703703703,0.1999200319872051,1,1,1,0
3G103032,남자,30대,기능원 및 관련 기능 종사자,고졸(대학 재학 포함),울산광역시,1인 가구,미혼(사별/이혼 포함),맞벌이 하지 않음,300-400만원 미만,0.2648047039059218,0.1875060910242666,0.0964866098066055,0.1478260869565217,0.1437811615685217,0.1457368827160493,0.2483006797281088,1,1,2,0
3G103036,남자,30대,판매 종사자,대학교 졸업(전문대졸/대학원생 포함),울산광역시,2세대가족,기혼,맞벌이 함,600-700만원 미만,0.2629147417051659,0.1920865412727804,0.0951528552876347,0.1505866114561766,0.1366392669451556,0.1411072530864197,0.23723843795815,1,1,2,0
3B043005,여자,20대,전문가 및 관련 종사자,고졸(대학 재학 포함),부산광역시,1인 가구,미혼(사별/이혼 포함),맞벌이 하지 않음,200-300만원 미만,0.246955060898782,0.1852645940941429,0.0899582324242743,0.1395445134575569,0.124242015900822,0.1673418209876543,0.2265760362521658,1,1,2,0
3G103040,여자,50대,서비스 종사자,고졸(대학 재학 포함),울산광역시,1세대가족,기혼,맞벌이 함,500-600만원 미만,0.2158756824863502,0.2300945326966182,0.0743743638341932,0.1478260869565217,0.0900148228001617,0.1469907407407407,0.218979075036652,1,1,2,0
3B043015,여자,40대,주부,대학교 졸업(전문대졸/대학원생 포함),부산광역시,1세대가족,기혼,맞벌이 하지 않음,300-400만원 미만,0.2102057958840823,0.1482311665529675,0.0966270050191288,0.134023464458247,0.1201994340385392,0.1705246913580247,0.195921631347461,1,0,0,0
1A000848,여자,60대 이상,서비스 종사자,대학교 졸업(전문대졸/대학원생 포함),서울특별시,2세대가족,기혼,맞벌이 함,"1,000만원 이상",0.1539269214615707,0.2466621187018809,0.0760240075813414,0.134023464458247,0.0821317881687104,0.1300154320987654,0.1652672264427562,0,1,1,0
1A000851,여자,60대 이상,주부,고졸(대학 재학 포함),서울특별시,2세대가족,기혼,맞벌이 하지 않음,700-800만원 미만,0.1921461570768584,0.258356885293831,0.0792179986662454,0.1505866114561766,0.1036248484031801,0.1413966049382716,0.1759296281487405,1,1,2,0
1A000555,여자,50대,판매 종사자,고졸(대학 재학 포함),서울특별시,2세대가족,기혼,맞벌이 함,500-600만원 미만,0.1117177656446871,0.1531039859662801,0.1054368046049629,0.1505866114561766,0.1086106993666621,0.2044753086419753,0.2243102758896441,2,2,0,0
4K185022,여자,60대 이상,서비스 종사자,고졸(대학 재학 포함),전라북도,2세대가족,기혼,맞벌이 함,400-500만원 미만,0.1877362452750945,0.1248416333690673,0.1042785441016461,0.1285024154589372,0.1311817814310739,0.1648341049382716,0.2283086765293882,1,1,0,0
4D054003,여자,40대,사무 종사자,대학교 졸업(전문대졸/대학원생 포함),대구광역시,2세대가족,기혼,맞벌이 함,800-900만원 미만,0.1585468290634187,0.2164506383393431,0.0750412410936787,0.136783988957902,0.0883304136908772,0.1833526234567901,0.1705984272957483,1,0,1,0
4D054006,여자,40대,사무 종사자,대학교 졸업(전문대졸/대학원생 포함),대구광역시,2세대가족,기혼,맞벌이 함,"1,000만원 이상",0.1343973120537589,0.2442257089952246,0.0376610157593626,0.1388543823326432,0.0574720388087858,0.1642554012345679,0.1412768226042916,0,0,1,0
1C000357,여자,50대,판매 종사자,고졸(대학 재학 포함),인천광역시,2세대가족,기혼,맞벌이 함,600-700만원 미만,0.0888282234355312,0.1150959945424422,0.1436594012144186,0.136783988957902,0.1250505322732785,0.122974537037037,0.117286418765827,2,2,0,0
1F000278,여자,60대 이상,서비스 종사자,고졸(대학 재학 포함),광주광역시,1인 가구,미혼(사별/이혼 포함),맞벌이 하지 않음,200-300만원 미만,0.115077698446031,0.1657733164408927,0.103927556070338,0.136783988957902,0.0687912680231774,0.1118827160493827,0.1679328268692523,2,0,0,0
4I208004,여자,60대 이상,농림어업 숙련 종사자,중졸 이하,경상북도,1인 가구,미혼(사별/이혼 포함),맞벌이 하지 않음,100만원 미만,0.1123477530449391,0.1423837832569925,0.0846232143483907,0.1312629399585921,0.0753267753672011,0.1079282407407407,0.2452352392376383,0,1,1,0
4K185025,여자,50대,서비스 종사자,중졸 이하,전라북도,1인 가구,기혼,맞벌이 하지 않음,100-200만원 미만,0.1289374212515749,0.1355618360783549,0.1130883436874802,0.134023464458247,0.0962808246866999,0.1518132716049383,0.1612688258030121,2,0,0,0
1H001250,여자,50대,주부,대학교 졸업(전문대졸/대학원생 포함),경기도,2세대가족,기혼,맞벌이 하지 않음,500-600만원 미만,0.1091978160436791,0.1501802943182925,0.102979888385806,0.1561076604554865,0.1221533486053092,0.1304976851851852,0.2572304411568706,1,1,1,0
1F000289,여자,60대 이상,서비스 종사자,고졸(대학 재학 포함),광주광역시,1인 가구,미혼(사별/이혼 포함),맞벌이 하지 않음,100-200만원 미만,0.1028979420411591,0.063346652373063,0.1057877926362711,0.0262249827467218,0.0788303463145128,0.0974151234567901,0.1799280287884846,3,3,3,1
3B043025,남자,20대,학생,고졸(대학 재학 포함),부산광역시,1인 가구,미혼(사별/이혼 포함),맞벌이 하지 않음,100-200만원 미만,0.2215455690886182,0.1219179417210798,0.074409462637324,0.1312629399585921,0.1121816466783452,0.1677276234567901,0.2145808343329335,1,0,2,0
3B027008,여자,60대 이상,서비스 종사자,고졸(대학 재학 포함),부산광역시,1인 가구,미혼(사별/이혼 포함),맞벌이 하지 않음,100만원 미만,0.1845863082738345,0.1394600916090049,0.0783756273911059,0.1285024154589372,0.0669721061851502,0.1790123456790123,0.2669598827135813,1,0,2,0
1H001266,여자,50대,서비스 종사자,대학교 졸업(전문대졸/대학원생 포함),경기도,2세대가족,기혼,맞벌이 함,"900-1,000만원 미만",0.0930281394372112,0.1920865412727804,0.0843424239233442,0.1561076604554865,0.105915644791807,0.1812307098765432,0.2225776356124217,0,1,1,0
4K185003,여자,50대,사무 종사자,고졸(대학 재학 포함),전라북도,2세대가족,기혼,맞벌이 함,500-600만원 미만,0.1854262914741705,0.1255238280869311,0.1327085746376048,0.1336093857832988,0.1351569869289853,0.1723572530864197,0.2119152339064374,2,0,0,0
3B027012,남자,20대,기능원 및 관련 기능 종사자,대학교 졸업(전문대졸/대학원생 포함),부산광역시,1인 가구,미혼(사별/이혼 포함),맞벌이 하지 않음,200-300만원 미만,0.1627467450650987,0.143358347139655,0.0901337264399284,0.136783988957902,0.0805147554237973,0.1389853395061728,0.1999200319872051,1,0,1,0
1C000362,여자,60대 이상,주부,고졸(대학 재학 포함),인천광역시,1세대가족,기혼,맞벌이 하지 않음,300-400만원 미만,0.1766064678706425,0.1121723028944547,0.1107718226808466,0.1395445134575569,0.0929120064681309,0.1165123456790123,0.1083566573370651,2,2,0,0
1H001270,여자,40대,주부,대학교 졸업(전문대졸/대학원생 포함),경기도,2세대가족,기혼,맞벌이 하지 않음,600-700만원 미만,0.1749265014699706,0.2398401715232433,0.0904145168649749,0.1561076604554865,0.105376633876836,0.1811342592592592,0.2332400373184059,1,1,2,0
3B027016,남자,20대,장치·기계 조작 및 조립 종사자,대학교 졸업(전문대졸/대학원생 포함),부산광역시,2세대가족,미혼(사별/이혼 포함),맞벌이 하지 않음,500-600만원 미만,0.1545569088618227,0.1394600916090049,0.0810080376259169,0.134023464458247,0.0659614607195795,0.2301311728395061,0.2558976409436225,0,0,2,0
3B043045,여자,50대,사무 종사자,중졸 이하,부산광역시,1세대가족,기혼,맞벌이 함,500-600만원 미만,0.2060058798824023,0.1609004970275801,0.0696009266084026,0.134023464458247,0.1109688721196604,0.1457368827160493,0.195921631347461,1,1,1,0
4K185012,여자,30대,사무 종사자,대학교 졸업(전문대졸/대학원생 포함),전라북도,1인 가구,미혼(사별/이혼 포함),맞벌이 하지 않음,200-300만원 미만,0.1671566568668626,0.1306890166650424,0.1243901582956021,0.1505866114561766,0.1405470960786956,0.1372492283950617,0.1799280287884846,2,2,0,0
3B027020,남자,20대,서비스 종사자,고졸(대학 재학 포함),부산광역시,1세대가족,기혼,맞벌이 함,500-600만원 미만,0.117597648047039,0.1233797875450735,0.109367870555614,0.1360938578329882,0.120334186767282,0.1427469135802469,0.143009462881514,2,2,0,0
4D054009,여자,40대,사무 종사자,대학교 졸업(전문대졸/대학원생 포함),대구광역시,2세대가족,기혼,맞벌이 함,700-800만원 미만,0.0705585888282234,0.1340999902543611,0.0788319118318065,0.1333333333333333,0.1055113866055787,0.1767939814814815,0.1452752232440357,0,0,1,0
4K185019,여자,60대 이상,서비스 종사자,고졸(대학 재학 포함),전라북도,1인 가구,기혼,맞벌이 하지 않음,200-300만원 미만,0.0839983200335993,0.1248416333690673,0.134744305219192,0.1450655624568668,0.130305888694246,0.1413966049382716,0.1905904304944689,2,2,0,0
3B043030,남자,20대,사무 종사자,대학교 졸업(전문대졸/대학원생 포함),부산광역시,1인 가구,미혼(사별/이혼 포함),맞벌이 하지 않음,200-300만원 미만,0.2148257034859302,0.1501802943182925,0.0694956301990102,0.134023464458247,0.1394016978843821,0.1633873456790123,0.1785952285752365,1,1,0,0
1H002165,여자,30대,주부,대학교 졸업(전문대졸/대학원생 포함),경기도,2세대가족,기혼,맞벌이 하지 않음,400-500만원 미만,0.116967660646787,0.1219179417210798,0.1211961672106981,0.1395445134575569,0.1709338364101873,0.1375385802469136,0.1026256164200986,2,2,0,0
3B027024,여자,60대 이상,주부,대학교 졸업(전문대졸/대학원생 포함),부산광역시,1세대가족,기혼,맞벌이 하지 않음,400-500만원 미만,0.1482570348593028,0.1141214306597797,0.0845530167421291,0.1174603174603174,0.0764047971971432,0.1586612654320987,0.2572304411568706,0,0,2,0
3D052005,여자,20대,사무 종사자,대학교 졸업(전문대졸/대학원생 포함),대구광역시,1인 가구,미혼(사별/이혼 포함),맞벌이 하지 않음,300-400만원 미만,0.1837463250734985,0.1326381444303674,0.1250570355550875,0.136783988957902,0.1507883034631451,0.1254822530864197,0.1759296281487405,2,2,0,0
4D054012,여자,40대,판매 종사자,대학교 졸업(전문대졸/대학원생 포함),대구광역시,2세대가족,기혼,맞벌이 함,500-600만원 미만,0.1276774464510709,0.1506675762596238,0.0984872415850619,0.1278122843340234,0.1016035574720388,0.1787229938271605,0.1092896174863388,2,0,0,0
4I208012,여자,60대 이상,주부,고졸(대학 재학 포함),경상북도,1세대가족,기혼,맞벌이 하지 않음,200-300만원 미만,0.0783284334313313,0.1399473735503362,0.0766557860376961,0.1278122843340234,0.0610429861204689,0.1070601851851851,0.3052112488337998,0,1,1,0
4K185034,여자,50대,서비스 종사자,고졸(대학 재학 포함),전라북도,2세대가족,기혼,맞벌이 하지 않음,200-300만원 미만,0.0636287274254514,0.1375109638436799,0.1455196377803517,0.1533471359558316,0.1268023177469343,0.1369598765432098,0.2323070771691323,2,2,0,0
4D054015,여자,50대,주부,대학교 졸업(전문대졸/대학원생 포함),대구광역시,2세대가족,기혼,맞벌이 함,"1,000만원 이상",0.1110877782444351,0.1321508624890361,0.0618791899196237,0.1333333333333333,0.0686565152944347,0.1594328703703703,0.234572837531654,0,0,2,0
3D052050,여자,60대 이상,장치·기계 조작 및 조립 종사자,대학교 졸업(전문대졸/대학원생 포함),대구광역시,1세대가족,기혼,맞벌이 함,500-600만원 미만,0.2043259134817303,0.1378033330084787,0.1078937208241199,0.1285024154589372,0.1443875488478641,0.1564429012345679,0.2065840330534453,1,1,0,0
1C000363,여자,60대 이상,기능원 및 관련 기능 종사자,고졸(대학 재학 포함),인천광역시,1인 가구,미혼(사별/이혼 포함),맞벌이 하지 않음,200-300만원 미만,0.1293574128517429,0.1150959945424422,0.1327436734407356,0.136783988957902,0.0570004042581862,0.1017554012345679,0.1683326669332267,2,2,0,0
4K185031,여자,50대,서비스 종사자,고졸(대학 재학 포함),전라북도,1세대가족,기혼,맞벌이 함,400-500만원 미만,0.0692986140277194,0.1277653250170548,0.1498718893685725,0.1423050379572118,0.1398733324349818,0.1485339506172839,0.2132480341196854,2,2,0,0
4K185028,여자,50대,서비스 종사자,고졸(대학 재학 포함),전라북도,1세대가족,기혼,맞벌이 함,500-600만원 미만,0.0503989920201596,0.1316635805477049,0.1462216138429679,0.1478260869565217,0.146678345236491,0.1251929012345679,0.2105824336931894,2,2,0,0
1A000789,여자,40대,사무 종사자,대학교 졸업(전문대졸/대학원생 포함),서울특별시,2세대가족,기혼,맞벌이 함,700-800만원 미만,0.1938261234775304,0.1022317512912971,0.0870450317644168,0.1195307108350586,0.1376499124107263,0.148341049382716,0.1132880181260829,2,2,0,0
1C000370,여자,30대,사무 종사자,대학교 졸업(전문대졸/대학원생 포함),인천광역시,1세대가족,기혼,맞벌이 함,700-800만원 미만,0.1001679966400672,0.1170451223077672,0.1249868379488259,0.1423050379572118,0.0550464896914162,0.1022376543209876,0.1599360255897641,2,2,0,0
1H002198,여자,40대,판매 종사자,대학교 졸업(전문대졸/대학원생 포함),경기도,2세대가족,기혼,맞벌이 함,500-600만원 미만,0.0915581688366232,0.1248416333690673,0.1241795654768172,0.1312629399585921,0.1259264250101064,0.1494984567901234,0.1212848194055711,2,2,0,0
3D052010,여자,50대,서비스 종사자,대학교 졸업(전문대졸/대학원생 포함),대구광역시,1세대가족,기혼,맞벌이 함,500-600만원 미만,0.1551868962620747,0.14530747490498,0.1112983047278088,0.1423050379572118,0.1207384449535103,0.156153549382716,0.2332400373184059,1,1,0,0
4D054018,여자,50대,사무 종사자,대학교 졸업(전문대졸/대학원생 포함),대구광역시,2세대가족,기혼,맞벌이 함,600-700만원 미만,0.1459470810583788,0.143358347139655,0.0939945947843178,0.1395445134575569,0.11339442123703,0.1890432098765432,0.15593762495002,2,0,0,0
3D052045,여자,30대,서비스 종사자,대학교 졸업(전문대졸/대학원생 포함),대구광역시,2세대가족,기혼,맞벌이 함,400-500만원 미만,0.1784964300713985,0.1258161972517298,0.0740584746060159,0.136783988957902,0.0997170192696402,0.1521026234567901,0.2239104358256697,1,0,1,0
3D052030,여자,60대 이상,사무 종사자,대학교 졸업(전문대졸/대학원생 포함),대구광역시,1세대가족,기혼,맞벌이 함,600-700만원 미만,0.2270054598908021,0.1397524607738037,0.1048752237548699,0.1312629399585921,0.1377172887750977,0.1407214506172839,0.235905637744902,1,1,0,0
4I208016,여자,60대 이상,주부,고졸(대학 재학 포함),경상북도,1세대가족,기혼,맞벌이 하지 않음,300-400만원 미만,0.0787484250314993,0.1443329110223175,0.0879225018426871,0.1312629399585921,0.0594933297399272,0.1022376543209876,0.3078768492602959,0,1,1,0
4D054021,여자,30대,주부,대학교 졸업(전문대졸/대학원생 포함),대구광역시,1세대가족,기혼,맞벌이 하지 않음,300-400만원 미만,0.116757664846703,0.1725952636195302,0.0732161033308764,0.134023464458247,0.0603692224767551,0.1753472222222222,0.1119552179128348,0,0,1,0
1A000527,여자,60대 이상,주부,고졸(대학 재학 포함),서울특별시,2세대가족,기혼,맞벌이 하지 않음,600-700만원 미만,0.1419571608567828,0.1589513692622551,0.1004176757572566,0.1395445134575569,0.1093518393747473,0.165895061728395,0.1932560309209649,2,1,0,0
1C000377,여자,40대,판매 종사자,대학교 졸업(전문대졸/대학원생 포함),인천광역시,2세대가족,기혼,맞벌이 함,400-500만원 미만,0.0888282234355312,0.1111977390117922,0.1485732336527324,0.134023464458247,0.0583479315456137,0.0935570987654321,0.1039584166333466,2,2,0,0
3G107040,여자,60대 이상,주부,중졸 이하,울산광역시,1세대가족,기혼,맞벌이 하지 않음,300-400만원 미만,0.119907601847963,0.1309813858298411,0.0939945947843178,0.1312629399585921,0.0977631047028702,0.1143904320987654,0.1736638677862188,2,0,0,0
3B043010,남자,20대,서비스 종사자,고졸(대학 재학 포함),부산광역시,1인 가구,미혼(사별/이혼 포함),맞벌이 하지 않음,300-400만원 미만,0.2064258714825703,0.1784426469155053,0.07855112140676,0.1395445134575569,0.0977631047028702,0.1576967592592592,0.1812608290017326,1,0,2,0
1F000464,여자,40대,사무 종사자,대학교 졸업(전문대졸/대학원생 포함),광주광역시,1인 가구,미혼(사별/이혼 포함),맞벌이 하지 않음,200-300만원 미만,0.1589668206635867,0.1300068219471786,0.0848689059703064,0.134023464458247,0.0931141355612451,0.1271219135802469,0.1785952285752365,1,0,1,0
1A000547,여자,60대 이상,주부,대학교 졸업(전문대졸/대학원생 포함),서울특별시,2세대가족,기혼,맞벌이 하지 않음,700-800만원 미만,0.2685846283074338,0.1417015885391287,0.0931171247060475,0.1505866114561766,0.1514620671068589,0.1824845679012345,0.2638944422231107,1,1,2,0
3B043040,여자,50대,주부,고졸(대학 재학 포함),부산광역시,1세대가족,기혼,맞벌이 하지 않음,400-500만원 미만,0.2162956740865182,0.147256602670305,0.0657400582640132,0.1423050379572118,0.1082064411804338,0.1856674382716049,0.23723843795815,1,0,2,0
3G107020,여자,60대 이상,주부,고졸(대학 재학 포함),울산광역시,1세대가족,기혼,맞벌이 하지 않음,400-500만원 미만,0.1761864762704746,0.1787350160803041,0.0710048787336351,0.134023464458247,0.0625926425010106,0.1177662037037037,0.2439024390243902,1,1,1,0
3G106007,여자,60대 이상,판매 종사자,대학교 졸업(전문대졸/대학원생 포함),울산광역시,1세대가족,기혼,맞벌이 함,500-600만원 미만,0.1406971860562788,0.2232725855179807,0.0888701695272191,0.1505866114561766,0.0689260207519202,0.1490162037037037,0.1932560309209649,0,0,1,0
4G107018,여자,50대,서비스 종사자,고졸(대학 재학 포함),울산광역시,2세대가족,기혼,맞벌이 함,600-700만원 미만,0.1587568248635027,0.1345872721956924,0.0856761784423151,0.1423050379572118,0.098975879261555,0.1099537037037037,0.2505664400906304,1,1,1,0
1A000556,여자,50대,사무 종사자,대학교 졸업(전문대졸/대학원생 포함),서울특별시,2세대가족,기혼,맞벌이 함,800-900만원 미만,0.2330953380932381,0.1436507163044537,0.1052613105893089,0.1505866114561766,0.1499797870906885,0.146412037037037,0.2852192456350793,1,1,2,0
3G106014,여자,60대 이상,판매 종사자,대학교 졸업(전문대졸/대학원생 포함),울산광역시,1세대가족,기혼,맞벌이 함,600-700만원 미만,0.1014279714405711,0.1755189552675178,0.0863781545049313,0.1505866114561766,0.0713515698692898,0.1089891975308642,0.2239104358256697,0,1,1,0
4G107036,여자,60대 이상,주부,고졸(대학 재학 포함),울산광역시,1세대가족,기혼,맞벌이 하지 않음,300-400만원 미만,0.1654766904661906,0.14530747490498,0.070478396686673,0.1202208419599723,0.0721600862417463,0.1123649691358024,0.2652272424363588,1,1,2,0
1J000470,여자,50대,서비스 종사자,고졸(대학 재학 포함),경상남도,1세대가족,기혼,맞벌이 함,400-500만원 미만,0.1440571188576228,0.14920573043563,0.0911164929275911,0.1285024154589372,0.0916992319094461,0.1324266975308642,0.2279088364654138,1,0,1,0
1A000559,여자,40대,판매 종사자,고졸(대학 재학 포함),서울특별시,2세대가족,기혼,맞벌이 함,600-700만원 미만,0.1797564048719025,0.1423837832569925,0.0899582324242743,0.1478260869565217,0.1243767686295647,0.1586612654320987,0.2665600426496068,1,1,2,0
3G106028,여자,60대 이상,서비스 종사자,고졸(대학 재학 포함),울산광역시,1세대가족,기혼,맞벌이 함,700-800만원 미만,0.0608987820243595,0.1725952636195302,0.0854304868203994,0.1312629399585921,0.0531599514890176,0.1195987654320987,0.2429694788751166,0,1,1,0
3A249002,여자,60대 이상,주부,고졸(대학 재학 포함),서울특별시,1세대가족,기혼,맞벌이 하지 않음,100-200만원 미만,0.1724065518689626,0.0331351720105252,0.0734617949527921,0.0234644582470669,0.1098908502897183,0.1479552469135802,0.2185792349726776,3,3,3,1
1A000021,남자,60대 이상,판매 종사자,대학교 졸업(전문대졸/대학원생 포함),서울특별시,1세대가족,기혼,맞벌이 함,500-600만원 미만,0.1047879042419151,0.14140921937433,0.0630374504229405,0.134023464458247,0.0530251987602748,0.1205632716049382,0.2852192456350793,0,1,2,0
3J229004,여자,50대,판매 종사자,고졸(대학 재학 포함),경상남도,2세대가족,기혼,맞벌이 함,400-500만원 미만,0.1845863082738345,0.14140921937433,0.0906953072900214,0.136783988957902,0.1179086376499124,0.1184413580246913,0.2305744368919099,1,1,2,0
1A001817,여자,30대,주부,대학교 졸업(전문대졸/대학원생 포함),서울특별시,2세대가족,기혼,맞벌이 하지 않음,400-500만원 미만,0.1616967660646787,0.1501802943182925,0.0614229054789231,0.1312629399585921,0.0999191483627543,0.1349344135802469,0.1896574703451952,1,0,1,0
3J229003,여자,40대,판매 종사자,고졸(대학 재학 포함),경상남도,2세대가족,미혼(사별/이혼 포함),맞벌이 하지 않음,400-500만원 미만,0.1312473750524989,0.1306890166650424,0.0825874837668035,0.136783988957902,0.0857701118447648,0.1179591049382716,0.2399040383846461,0,1,1,0
1A001813,여자,40대,사무 종사자,대학교 졸업(전문대졸/대학원생 포함),서울특별시,2세대가족,기혼,맞벌이 함,700-800만원 미만,0.2141957160856782,0.1496930123769613,0.0769014776596118,0.1305728088336784,0.1044333647756367,0.1598186728395061,0.2505664400906304,1,1,2,0
1J000465,여자,60대 이상,주부,고졸(대학 재학 포함),경상남도,2세대가족,기혼,맞벌이 하지 않음,400-500만원 미만,0.1868962620747585,0.1745443913848552,0.0889403671334807,0.134023464458247,0.1022773211157525,0.1240354938271604,0.2079168332666933,1,1,1,0
1A000792,여자,50대,주부,대학교 졸업(전문대졸/대학원생 포함),서울특별시,2세대가족,기혼,맞벌이 하지 않음,800-900만원 미만,0.1931961360772784,0.1105155442939284,0.0910111965181987,0.1312629399585921,0.1468804743296051,0.1196952160493827,0.1652672264427562,2,2,0,0
3B027032,여자,50대,주부,고졸(대학 재학 포함),부산광역시,1세대가족,기혼,맞벌이 하지 않음,300-400만원 미만,0.1879462410751785,0.1891628496247929,0.065389070232705,0.1423050379572118,0.0645465570677806,0.1473765432098765,0.2585632413701186,1,1,1,0
1A000797,여자,50대,사무 종사자,대학교 졸업(전문대졸/대학원생 포함),서울특별시,2세대가족,기혼,맞벌이 함,700-800만원 미만,0.1409071818563628,0.1604132150862489,0.0692499385770945,0.1333333333333333,0.0927772537393882,0.1430362654320987,0.1949886711981874,0,0,1,0
3J235004,여자,60대 이상,판매 종사자,대학교 졸업(전문대졸/대학원생 포함),경상남도,1세대가족,기혼,맞벌이 함,400-500만원 미만,0.2099958000839983,0.1199688139557548,0.1041732476922537,0.136783988957902,0.1365045142164128,0.1555748456790123,0.2256430761028922,1,1,0,0
1J000543,여자,50대,판매 종사자,고졸(대학 재학 포함),경상남도,2세대가족,기혼,맞벌이 하지 않음,200-300만원 미만,0.121797564048719,0.1706461358542052,0.0843424239233442,0.136783988957902,0.0839509500067376,0.1102430555555555,0.2012528322004531,0,1,1,0
3J235032,여자,40대,판매 종사자,대학교 졸업(전문대졸/대학원생 포함),경상남도,2세대가족,기혼,맞벌이 함,500-600만원 미만,0.1963460730785384,0.1170451223077672,0.102418307535713,0.1395445134575569,0.1763913219242689,0.1565393518518518,0.1856590697054511,2,2,0,0
3J235012,여자,40대,서비스 종사자,대학교 졸업(전문대졸/대학원생 포함),경상남도,2세대가족,기혼,맞벌이 함,500-600만원 미만,0.2685846283074338,0.1150959945424422,0.1143519006001895,0.1395445134575569,0.2116965368548713,0.1504629629629629,0.1376782620285219,2,2,0,0
3G106035,여자,60대 이상,서비스 종사자,대학교 졸업(전문대졸/대학원생 포함),울산광역시,1세대가족,기혼,맞벌이 함,500-600만원 미만,0.0972280554388912,0.1618750609102426,0.1068407567301955,0.1533471359558316,0.0686565152944347,0.1167052469135802,0.2465680394508863,0,0,1,0
3G106049,여자,50대,판매 종사자,대학교 졸업(전문대졸/대학원생 포함),울산광역시,1세대가족,기혼,맞벌이 함,600-700만원 미만,0.1511969760604788,0.1462820387876425,0.095644238531466,0.1505866114561766,0.0788303463145128,0.1114004629629629,0.2705584432893509,1,1,1,0
3G101020,여자,60대 이상,주부,고졸(대학 재학 포함),울산광역시,1세대가족,기혼,맞벌이 하지 않음,500-600만원 미만,0.1818563628727425,0.1428710651983237,0.0961005229721666,0.1360938578329882,0.141692494273009,0.1176697530864197,0.2185792349726776,1,1,0,0
3G106056,여자,60대 이상,서비스 종사자,고졸(대학 재학 포함),울산광역시,1세대가족,기혼,맞벌이 함,500-600만원 미만,0.0797984040319193,0.1345872721956924,0.1153346670878523,0.1616287094547964,0.0788303463145128,0.1208526234567901,0.2403038784486205,2,2,1,0
1H002199,여자,50대,서비스 종사자,대학교 졸업(전문대졸/대학원생 포함),경기도,2세대가족,기혼,맞벌이 함,600-700만원 미만,0.0957580848383032,0.1540785498489426,0.1059983854550559,0.1202208419599723,0.1198625522166823,0.1218171296296296,0.1039584166333466,2,1,0,0
1J000514,여자,40대,서비스 종사자,고졸(대학 재학 포함),경상남도,2세대가족,기혼,맞벌이 함,400-500만원 미만,0.0713985720285594,0.1375109638436799,0.1047699273454775,0.136783988957902,0.0766743026546287,0.1118827160493827,0.2159136345461815,0,0,1,0
3G107055,여자,60대 이상,판매 종사자,고졸(대학 재학 포함),울산광역시,2세대가족,기혼,맞벌이 함,600-700만원 미만,0.1572868542629147,0.1482311665529675,0.0805868519883472,0.134023464458247,0.0821317881687104,0.1162229938271605,0.2505664400906304,1,1,1,0
1A001237,여자,60대 이상,주부,고졸(대학 재학 포함),서울특별시,2세대가족,기혼,맞벌이 하지 않음,600-700만원 미만,0.2307853842923141,0.1533963551310788,0.0952230528938963,0.1423050379572118,0.1349548578358712,0.1722608024691358,0.2572304411568706,1,1,2,0
3A020001,여자,30대,사무 종사자,대학교 졸업(전문대졸/대학원생 포함),서울특별시,1인 가구,미혼(사별/이혼 포함),맞벌이 하지 않음,300-400만원 미만,0.1698866022679546,0.1563200467790663,0.0796040855006844,0.1561076604554865,0.1111710012127745,0.1744791666666666,0.2678928428628548,1,1,2,0
3A020003,여자,30대,판매 종사자,대학교 졸업(전문대졸/대학원생 포함),서울특별시,1세대가족,기혼,맞벌이 함,600-700만원 미만,0.2194456110877782,0.1462820387876425,0.097153487066091,0.1505866114561766,0.129227866864304,0.1572145061728395,0.2776222844195655,1,1,2,0
1A001274,여자,30대,사무 종사자,대학교 졸업(전문대졸/대학원생 포함),서울특별시,1세대가족,기혼,맞벌이 함,600-700만원 미만,0.2316253674926501,0.1628496247929051,0.0889052683303499,0.1450655624568668,0.1608947581188519,0.1333912037037037,0.2656270825003332,1,1,2,0
1A001241,여자,40대,사무 종사자,대학교 졸업(전문대졸/대학원생 포함),서울특별시,1세대가족,기혼,맞벌이 함,600-700만원 미만,0.2629147417051659,0.1482311665529675,0.0913621845495068,0.1533471359558316,0.1708664600458159,0.1565393518518518,0.2696254831400773,1,1,2,0
1A001260,여자,40대,주부,대학교 졸업(전문대졸/대학원생 포함),서울특별시,1세대가족,기혼,맞벌이 하지 않음,400-500만원 미만,0.2383452330953381,0.1297144527823799,0.0773226632971815,0.1450655624568668,0.1646678345236491,0.1586612654320987,0.2452352392376383,1,1,2,0
3G106070,여자,50대,서비스 종사자,대학교 졸업(전문대졸/대학원생 포함),울산광역시,2세대가족,기혼,맞벌이 함,600-700만원 미만,0.1381772364552708,0.1570022414969301,0.1042785441016461,0.1588681849551414,0.0910254682657323,0.1220100308641975,0.2598960415833666,1,1,1,0
4K187006,여자,60대 이상,사무 종사자,고졸(대학 재학 포함),전라북도,1세대가족,기혼,맞벌이 함,400-500만원 미만,0.1661066778664426,0.1264983919695936,0.1383243831385349,0.125327812284334,0.1654763508961056,0.1496913580246913,0.157270425163268,2,2,0,0
4K187012,여자,60대 이상,주부,고졸(대학 재학 포함),전라북도,1세대가족,기혼,맞벌이 하지 않음,300-400만원 미만,0.1089878202435951,0.1274729558522561,0.1359025657225088,0.1418909592822636,0.152742218029915,0.1728395061728395,0.1652672264427562,2,2,0,0
3G106079,여자,50대,서비스 종사자,대학교 졸업(전문대졸/대학원생 포함),울산광역시,2세대가족,기혼,맞벌이 함,600-700만원 미만,0.115077698446031,0.1521294220836176,0.1032606788108525,0.1616287094547964,0.0758657862821722,0.1200810185185185,0.2852192456350793,0,1,1,0
4K187018,여자,30대,사무 종사자,대학교 졸업(전문대졸/대학원생 포함),전라북도,1인 가구,미혼(사별/이혼 포함),맞벌이 하지 않음,300-400만원 미만,0.1434271314573708,0.143358347139655,0.1004527745603875,0.136783988957902,0.1643983290661635,0.1680169753086419,0.194588831134213,2,2,0,0
4K187060,남자,30대,사무 종사자,대학교 졸업(전문대졸/대학원생 포함),전라북도,1인 가구,미혼(사별/이혼 포함),맞벌이 하지 않음,200-300만원 미만,0.1369172616547669,0.1345872721956924,0.1254431223895265,0.1395445134575569,0.1482280016170327,0.1610725308641975,0.1865920298547247,2,2,0,0
4K187024,여자,60대 이상,서비스 종사자,고졸(대학 재학 포함),전라북도,2세대가족,기혼,맞벌이 하지 않음,200-300만원 미만,0.0734985300293994,0.1194815320144235,0.1228809097609771,0.1278122843340234,0.1371109014957552,0.1882716049382716,0.2039184326269492,2,2,0,0
4K187066,여자,50대,서비스 종사자,대학교 졸업(전문대졸/대학원생 포함),전라북도,2세대가족,기혼,맞벌이 하지 않음,400-500만원 미만,0.0860982780344393,0.1258161972517298,0.077427959706574,0.1395445134575569,0.1255895431882495,0.1958912037037037,0.274556843929095,0,2,1,0
4K187036,남자,60대 이상,서비스 종사자,대학교 졸업(전문대졸/대학원생 포함),전라북도,1세대가족,기혼,맞벌이 함,500-600만원 미만,0.0776984460310793,0.14140921937433,0.1176862868976168,0.1395445134575569,0.1309122759735884,0.1677276234567901,0.2039184326269492,2,2,0,0
4K187042,남자,30대,서비스 종사자,대학교 졸업(전문대졸/대학원생 포함),전라북도,1인 가구,미혼(사별/이혼 포함),맞벌이 하지 않음,200-300만원 미만,0.1041579168416631,0.1189942500730922,0.1086658944929978,0.1423050379572118,0.1499797870906885,0.1876929012345679,0.1852592296414767,2,2,0,0
3B039004,여자,20대,사무 종사자,대학교 졸업(전문대졸/대학원생 포함),부산광역시,1인 가구,미혼(사별/이혼 포함),맞벌이 하지 않음,200-300만원 미만,0.1822763544729105,0.2106032550433681,0.0778491453441437,0.1423050379572118,0.1045681175043794,0.1479552469135802,0.2105824336931894,1,1,2,0
3B039008,여자,50대,판매 종사자,고졸(대학 재학 포함),부산광역시,1인 가구,미혼(사별/이혼 포함),맞벌이 하지 않음,200-300만원 미만,0.249895002099958,0.1716206997368677,0.0604752377943912,0.1395445134575569,0.1130575394151731,0.1707175925925926,0.2016526722644276,1,0,2,0
1F000416,여자,60대 이상,서비스 종사자,고졸(대학 재학 포함),광주광역시,2세대가족,기혼,맞벌이 함,800-900만원 미만,0.1564468710625787,0.1664555111587564,0.0585448036221964,0.125327812284334,0.0618515024929254,0.1508487654320987,0.2199120351859256,0,0,2,0
1F000433,여자,50대,주부,대학교 졸업(전문대졸/대학원생 포함),광주광역시,2세대가족,기혼,맞벌이 하지 않음,600-700만원 미만,0.1644267114657706,0.1579768053795926,0.0725843248745217,0.1285024154589372,0.0929120064681309,0.1537422839506173,0.2092496334799413,1,0,1,0
1H000292,여자,40대,사무 종사자,대학교 졸업(전문대졸/대학원생 포함),경기도,2세대가족,기혼,맞벌이 함,700-800만원 미만,0.1581268374632507,0.1277653250170548,0.118774349794672,0.1423050379572118,0.1412208597224093,0.1642554012345679,0.1639344262295082,2,2,0,0
3K188005,여자,50대,관리자,고졸(대학 재학 포함),전라북도,2세대가족,기혼,맞벌이 하지 않음,300-400만원 미만,0.1593868122637547,0.1316635805477049,0.1334456495033519,0.1450655624568668,0.1606252526613664,0.165895061728395,0.2265760362521658,2,2,0,0
1F000431,여자,60대 이상,서비스 종사자,고졸(대학 재학 포함),광주광역시,2세대가족,기혼,맞벌이 함,500-600만원 미만,0.1602267954640907,0.1647987525582302,0.068021480467516,0.1229813664596273,0.0743161299016305,0.1413966049382716,0.2185792349726776,0,0,2,0
3H116002,여자,60대 이상,주부,고졸(대학 재학 포함),경기도,1세대가족,기혼,맞벌이 하지 않음,200-300만원 미만,0.0514489710205795,0.1238670694864048,0.1021024183075357,0.136783988957902,0.0766743026546287,0.2076581790123457,0.1825936292149806,0,2,1,0
3K188015,여자,50대,주부,고졸(대학 재학 포함),전라북도,1세대가족,기혼,맞벌이 하지 않음,300-400만원 미만,0.124527509449811,0.1375109638436799,0.1092976729493524,0.1561076604554865,0.1398733324349818,0.1941550925925926,0.2612288417966147,1,2,0,0
1F000448,여자,50대,사무 종사자,대학교 졸업(전문대졸/대학원생 포함),광주광역시,2세대가족,기혼,맞벌이 함,600-700만원 미만,0.1654766904661906,0.1706461358542052,0.0587202976378505,0.134023464458247,0.0708125589543188,0.1219135802469136,0.2305744368919099,0,1,1,0
3K188010,여자,50대,서비스 종사자,대학교 졸업(전문대졸/대학원생 포함),전라북도,1인 가구,미혼(사별/이혼 포함),맞벌이 하지 않음,200-300만원 미만,0.0636287274254514,0.2749244712990937,0.1004527745603875,0.1588681849551414,0.0910254682657323,0.1888503086419753,0.1879248300679728,0,1,1,0
3K188020,여자,50대,사무 종사자,대학교 졸업(전문대졸/대학원생 포함),전라북도,1인 가구,미혼(사별/이혼 포함),맞벌이 하지 않음,300-400만원 미만,0.0734985300293994,0.1443329110223175,0.1324628830156891,0.1478260869565217,0.1675650181916183,0.2216435185185185,0.1799280287884846,2,2,0,0
3K188035,남자,30대,서비스 종사자,대학교 졸업(전문대졸/대학원생 포함),전라북도,2세대가족,기혼,맞벌이 하지 않음,500-600만원 미만,0.1650566988660226,0.2427638631712309,0.1090519813274367,0.1533471359558316,0.1190540358442258,0.1536458333333333,0.2319072371051579,1,1,1,0
1H000311,여자,60대 이상,주부,고졸(대학 재학 포함),경기도,1세대가족,기혼,맞벌이 하지 않음,300-400만원 미만,0.0461990760184796,0.1248416333690673,0.1169492120318697,0.1285024154589372,0.0852984772941652,0.2170138888888889,0.2029854724776756,2,2,1,0
3K188030,여자,60대 이상,서비스 종사자,고졸(대학 재학 포함),전라북도,1세대가족,기혼,맞벌이 함,300-400만원 미만,0.120327593448131,0.208654127278043,0.0967323014285213,0.1505866114561766,0.0980326101603557,0.1652199074074074,0.2665600426496068,1,1,1,0
3K188050,여자,50대,사무 종사자,대학교 졸업(전문대졸/대학원생 포함),전라북도,2세대가족,미혼(사별/이혼 포함),맞벌이 하지 않음,300-400만원 미만,0.1419571608567828,0.1521294220836176,0.1153346670878523,0.1423050379572118,0.1460719579571486,0.1575038580246913,0.234572837531654,2,1,0,0
1H000316,여자,60대 이상,주부,고졸(대학 재학 포함),경기도,1세대가족,기혼,맞벌이 하지 않음,300-400만원 미만,0.0821083578328433,0.1199688139557548,0.1201783019199045,0.134023464458247,0.1228944886133944,0.2163387345679012,0.1612688258030121,2,2,0,0
3K188045,여자,60대 이상,단순노무 종사자,고졸(대학 재학 포함),전라북도,1세대가족,기혼,맞벌이 함,200-300만원 미만,0.0913481730365392,0.208654127278043,0.0814994208697483,0.1423050379572118,0.0844899609217086,0.1890432098765432,0.2692256430761029,0,1,1,0
3B039012,여자,50대,서비스 종사자,고졸(대학 재학 포함),부산광역시,1인 가구,미혼(사별/이혼 포함),맞벌이 하지 않음,100-200만원 미만,0.1984460310793784,0.172887632784329,0.0624056719665859,0.1423050379572118,0.0965503301441854,0.175636574074074,0.2096494735439158,1,0,2,0
3B039020,여자,60대 이상,장치·기계 조작 및 조립 종사자,고졸(대학 재학 포함),부산광역시,1세대가족,기혼,맞벌이 함,500-600만원 미만,0.2351952960940781,0.1823409024461553,0.0697764206240567,0.1450655624568668,0.1158199703543996,0.1575038580246913,0.2385712381713981,1,1,2,0
1H000281,여자,40대,서비스 종사자,대학교 졸업(전문대졸/대학원생 포함),경기도,2세대가족,기혼,맞벌이 함,700-800만원 미만,0.0909281814363712,0.1277653250170548,0.1376575058790495,0.1450655624568668,0.1286214795849616,0.1420717592592592,0.2096494735439158,2,2,0,0
4K186005,여자,60대 이상,농림어업 숙련 종사자,고졸(대학 재학 포함),전라북도,1세대가족,기혼,맞벌이 하지 않음,200-300만원 미만,0.1524569508609827,0.2115778189260306,0.0746200554561089,0.1395445134575569,0.0816601536181107,0.1631944444444444,0.2385712381713981,1,1,1,0
3B039028,남자,50대,서비스 종사자,고졸(대학 재학 포함),부산광역시,2세대가족,기혼,맞벌이 하지 않음,300-400만원 미만,0.2393952120957581,0.1345872721956924,0.0988382296163701,0.1423050379572118,0.1431747742891793,0.1451581790123456,0.1923230707716913,1,1,0,0
3B039032,여자,40대,사무 종사자,고졸(대학 재학 포함),부산광역시,2세대가족,기혼,맞벌이 함,400-500만원 미만,0.2158756824863502,0.1589513692622551,0.0918184689902074,0.136783988957902,0.1391321924268966,0.1455439814814814,0.1839264294282287,1,1,0,0
4K186010,남자,30대,사무 종사자,대학교 졸업(전문대졸/대학원생 포함),전라북도,1인 가구,미혼(사별/이혼 포함),맞벌이 하지 않음,200-300만원 미만,0.1320873582528349,0.1297144527823799,0.0857463760485767,0.1395445134575569,0.1515294434712303,0.1988811728395061,0.2212448353991736,1,2,0,0
1H000287,여자,60대 이상,주부,고졸(대학 재학 포함),경기도,1인 가구,미혼(사별/이혼 포함),맞벌이 하지 않음,200-300만원 미만,0.0552288954220915,0.1287398888997173,0.1174405952757011,0.136783988957902,0.0974262228810133,0.2211612654320988,0.2079168332666933,2,2,1,0
1H000307,여자,30대,전문가 및 관련 종사자,대학교 졸업(전문대졸/대학원생 포함),경기도,2세대가족,기혼,맞벌이 함,600-700만원 미만,0.0678286434271314,0.1277653250170548,0.1414481766171773,0.1423050379572118,0.104500741140008,0.1403356481481481,0.218979075036652,2,2,0,0
3H116004,여자,60대 이상,판매 종사자,고졸(대학 재학 포함),경기도,1세대가족,기혼,맞벌이 함,400-500만원 미만,0.0514489710205795,0.1189942500730922,0.1269523709241515,0.1395445134575569,0.100929793828325,0.1710069444444444,0.1865920298547247,2,2,0,0
1H000212,여자,50대,서비스 종사자,고졸(대학 재학 포함),경기도,2세대가족,기혼,맞벌이 함,700-800만원 미만,0.0678286434271314,0.1277653250170548,0.1261450984521427,0.1478260869565217,0.1156178412612855,0.1662808641975308,0.2163134746101559,2,2,0,0
1H000215,여자,60대 이상,주부,고졸(대학 재학 포함),경기도,1세대가족,기혼,맞벌이 하지 않음,300-400만원 미만,0.0783284334313313,0.1306890166650424,0.1168439156224772,0.1395445134575569,0.1095539684678614,0.189429012345679,0.2025856324137012,2,2,0,0
1H000223,여자,40대,주부,대학교 졸업(전문대졸/대학원생 포함),경기도,2세대가족,기혼,맞벌이 하지 않음,600-700만원 미만,0.0545989080218395,0.1258161972517298,0.1477659611807237,0.1423050379572118,0.1061851502492925,0.156153549382716,0.1839264294282287,2,2,0,0
1H000242,여자,40대,서비스 종사자,대학교 졸업(전문대졸/대학원생 포함),경기도,2세대가족,기혼,맞벌이 함,"900-1,000만원 미만",0.0587988240235195,0.1277653250170548,0.1395528412481134,0.1423050379572118,0.1036248484031801,0.1382137345679012,0.2132480341196854,2,2,0,0
1H000249,여자,60대 이상,주부,고졸(대학 재학 포함),경기도,1세대가족,기혼,맞벌이 하지 않음,300-400만원 미만,0.0419991600167996,0.1228925056037423,0.1119300831841634,0.1450655624568668,0.081525400889368,0.1769868827160494,0.1839264294282287,2,2,0,0
3H115002,여자,60대 이상,주부,고졸(대학 재학 포함),경기도,3세대가족,기혼,맞벌이 하지 않음,"900-1,000만원 미만",0.0503989920201596,0.1306890166650424,0.1250570355550875,0.136783988957902,0.107869559358577,0.1748649691358025,0.1759296281487405,2,2,0,0
3B039036,여자,50대,사무 종사자,고졸(대학 재학 포함),부산광역시,2세대가족,기혼,맞벌이 함,500-600만원 미만,0.2666946661066778,0.1563200467790663,0.104489136920431,0.1395445134575569,0.1559089071553699,0.1574074074074074,0.2025856324137012,1,1,0,0
4B039020,남자,50대,전문가 및 관련 종사자,대학교 졸업(전문대졸/대학원생 포함),부산광역시,2세대가족,기혼,맞벌이 함,600-700만원 미만,0.2351952960940781,0.14530747490498,0.0938191007686638,0.1395445134575569,0.1197277994879396,0.1811342592592592,0.2025856324137012,1,0,2,0
3J231004,여자,60대 이상,주부,고졸(대학 재학 포함),경상남도,3세대가족,기혼,맞벌이 하지 않음,700-800만원 미만,0.1929861402771944,0.1589513692622551,0.1010845530167421,0.1395445134575569,0.1206036922247675,0.1259645061728395,0.2025856324137012,1,1,0,0
3J231008,여자,50대,주부,고졸(대학 재학 포함),경상남도,2세대가족,기혼,맞벌이 하지 않음,600-700만원 미만,0.1728265434691306,0.1570022414969301,0.0906251096837597,0.1395445134575569,0.0813906481606252,0.1309799382716049,0.23723843795815,1,1,1,0
3J231016,여자,50대,서비스 종사자,고졸(대학 재학 포함),경상남도,2세대가족,기혼,맞벌이 함,500-600만원 미만,0.1335573288534229,0.1570022414969301,0.1122459724123407,0.1395445134575569,0.1015361811076674,0.1141010802469135,0.2039184326269492,2,0,0,0
3J231020,여자,50대,서비스 종사자,고졸(대학 재학 포함),경상남도,2세대가족,기혼,맞벌이 함,600-700만원 미만,0.114657706845863,0.1638241886755677,0.1185637569758871,0.1395445134575569,0.092575124646274,0.1141010802469135,0.1825936292149806,2,0,0,0
4K186055,여자,60대 이상,주부,대학교 졸업(전문대졸/대학원생 포함),전라북도,1세대가족,기혼,맞벌이 하지 않음,200-300만원 미만,0.1688366232675346,0.1657733164408927,0.087009932961286,0.1395445134575569,0.1214795849615954,0.1602044753086419,0.2785552445688391,1,1,2,0
4K186060,여자,30대,주부,대학교 졸업(전문대졸/대학원생 포함),전라북도,2세대가족,기혼,맞벌이 하지 않음,400-500만원 미만,0.1108777824443511,0.1998830523340805,0.0789021094380681,0.1423050379572118,0.0954723083142433,0.1929012345679012,0.2558976409436225,0,1,1,0
4K186035,여자,60대 이상,서비스 종사자,고졸(대학 재학 포함),전라북도,1세대가족,기혼,맞벌이 함,500-600만원 미만,0.1948761024779504,0.2142091414092194,0.074795549471763,0.1308488612836439,0.1051071284193504,0.1805555555555555,0.2252432360389177,1,1,2,0
4K186040,여자,30대,서비스 종사자,대학교 졸업(전문대졸/대학원생 포함),전라북도,2세대가족,기혼,맞벌이 함,500-600만원 미만,0.119277614447711,0.1362440307962187,0.1043838405110385,0.1418909592822636,0.1606252526613664,0.1429398148148148,0.1905904304944689,2,2,0,0
4H115022,여자,60대 이상,관리자,고졸(대학 재학 포함),경기도,1인 가구,미혼(사별/이혼 포함),맞벌이 하지 않음,500-600만원 미만,0.0545989080218395,0.143358347139655,0.127233161349198,0.1450655624568668,0.0919687373669316,0.1812307098765432,0.1812608290017326,2,2,0,0
4K186015,여자,60대 이상,판매 종사자,고졸(대학 재학 포함),전라북도,1세대가족,기혼,맞벌이 함,500-600만원 미만,0.1514069718605628,0.1794172107981678,0.0772875644940507,0.1505866114561766,0.1232987467996226,0.1547067901234568,0.2479008396641343,1,1,1,0
4K186045,여자,60대 이상,주부,고졸(대학 재학 포함),전라북도,1세대가족,기혼,맞벌이 하지 않음,300-400만원 미만,0.1516169676606468,0.14530747490498,0.1030500859920676,0.1450655624568668,0.100929793828325,0.1403356481481481,0.2065840330534453,2,0,0,0
1H002161,여자,30대,주부,대학교 졸업(전문대졸/대학원생 포함),경기도,2세대가족,기혼,맞벌이 하지 않음,300-400만원 미만,0.0915581688366232,0.1638241886755677,0.0853251904110069,0.1312629399585921,0.0942595337555585,0.138695987654321,0.1372784219645475,2,0,0,0
4H115044,여자,40대,사무 종사자,대학교 졸업(전문대졸/대학원생 포함),경기도,2세대가족,기혼,맞벌이 함,"1,000만원 이상",0.0629987400251994,0.1297144527823799,0.1470639851181074,0.1450655624568668,0.110901495755289,0.1104359567901234,0.1839264294282287,2,2,0,0
3E088006,여자,30대,서비스 종사자,대학교 졸업(전문대졸/대학원생 포함),대전광역시,1인 가구,미혼(사별/이혼 포함),맞벌이 하지 않음,300-400만원 미만,0.2257454850902982,0.1725952636195302,0.0533501807588361,0.1478260869565217,0.0948659210349009,0.1689814814814814,0.2602958816473411,1,1,2,0
3E088012,남자,30대,사무 종사자,대학교 졸업(전문대졸/대학원생 포함),대전광역시,1인 가구,미혼(사별/이혼 포함),맞벌이 하지 않음,200-300만원 미만,0.2379252414951701,0.1823409024461553,0.057316345512618,0.1395445134575569,0.0991106319902977,0.1129436728395061,0.2185792349726776,1,1,2,0
3J231024,여자,60대 이상,주부,고졸(대학 재학 포함),경상남도,1세대가족,기혼,맞벌이 하지 않음,200-300만원 미만,0.0419991600167996,0.1521294220836176,0.1121757748060791,0.1395445134575569,0.060167093383641,0.1099537037037037,0.2185792349726776,0,0,1,0
3J231028,여자,60대 이상,서비스 종사자,고졸(대학 재학 포함),경상남도,2세대가족,미혼(사별/이혼 포함),맞벌이 하지 않음,400-500만원 미만,0.1014279714405711,0.14140921937433,0.099224316450809,0.1395445134575569,0.0753267753672011,0.1222993827160493,0.2305744368919099,0,0,1,0
3D052025,여자,30대,주부,대학교 졸업(전문대졸/대학원생 포함),대구광역시,2세대가족,기혼,맞벌이 하지 않음,400-500만원 미만,0.1822763544729105,0.1180196861904297,0.0932926187217016,0.1257418909592822,0.1251852850020213,0.1456404320987654,0.2416366786618686,1,1,0,0
3J231032,여자,60대 이상,판매 종사자,고졸(대학 재학 포함),경상남도,1세대가족,기혼,맞벌이 함,400-500만원 미만,0.0768584628307434,0.143358347139655,0.1052964093924397,0.1395445134575569,0.0912275973588465,0.1351273148148148,0.2239104358256697,0,1,1,0
3J231040,여자,60대 이상,서비스 종사자,고졸(대학 재학 포함),경상남도,1세대가족,기혼,맞벌이 함,400-500만원 미만,0.0776984460310793,0.1696715719715427,0.1096135621775297,0.1423050379572118,0.0840857027354803,0.1201774691358024,0.197254431560709,2,1,0,0
1E000190,남자,60대 이상,판매 종사자,대학교 졸업(전문대졸/대학원생 포함),대전광역시,1세대가족,기혼,맞벌이 함,400-500만원 미만,0.119697606047879,0.1901374135074554,0.1022779123231897,0.1312629399585921,0.0767416790190001,0.128858024691358,0.1692656270825003,2,0,0,0
1E000284,여자,60대 이상,주부,고졸(대학 재학 포함),대전광역시,1세대가족,기혼,맞벌이 하지 않음,300-400만원 미만,0.119697606047879,0.120456095897086,0.1249517391456951,0.1250517598343685,0.1067915375286349,0.1896219135802469,0.2225776356124217,2,0,0,0
3F085045,여자,40대,주부,대학교 졸업(전문대졸/대학원생 포함),광주광역시,2세대가족,기혼,맞벌이 하지 않음,500-600만원 미만,0.1644267114657706,0.1267907611343923,0.0754975255343792,0.1257418909592822,0.0891389300633337,0.1442901234567901,0.2678928428628548,1,0,2,0
3F085046,남자,30대,전문가 및 관련 종사자,대학교 졸업(전문대졸/대학원생 포함),광주광역시,1세대가족,기혼,맞벌이 함,500-600만원 미만,0.1709365812683746,0.1609004970275801,0.0708293847179811,0.1257418909592822,0.090958091901361,0.1344521604938271,0.2332400373184059,1,1,2,0
4A248025,여자,50대,주부,대학교 졸업(전문대졸/대학원생 포함),서울특별시,2세대가족,기혼,맞벌이 하지 않음,800-900만원 미만,0.1612767744645107,0.1358542052431537,0.091713172580815,0.1450655624568668,0.1356959978439563,0.1714891975308642,0.273224043715847,1,1,2,0
4A248050,여자,40대,사무 종사자,대학교 졸업(전문대졸/대학원생 포함),서울특별시,2세대가족,기혼,맞벌이 함,700-800만원 미만,0.1816463670726585,0.1446252801871163,0.091713172580815,0.1478260869565217,0.1301037596011319,0.1610725308641975,0.2585632413701186,1,1,2,0
1F000451,여자,50대,전문가 및 관련 종사자,대학교 졸업(전문대졸/대학원생 포함),광주광역시,1세대가족,기혼,맞벌이 함,500-600만원 미만,0.2068458630827383,0.1423837832569925,0.0585448036221964,0.1257418909592822,0.1096887211966042,0.1276041666666666,0.2279088364654138,1,1,1,0
1F000274,여자,50대,서비스 종사자,고졸(대학 재학 포함),광주광역시,2세대가족,기혼,맞벌이 함,600-700만원 미만,0.0692986140277194,0.1189942500730922,0.1319364009687269,0.1423050379572118,0.0727664735210888,0.091628086419753,0.119952019192323,2,2,0,0
3F085048,남자,60대 이상,전문가 및 관련 종사자,고졸(대학 재학 포함),광주광역시,2세대가족,기혼,맞벌이 함,500-600만원 미만,0.1818563628727425,0.1326381444303674,0.0620546839352778,0.134023464458247,0.0976283519741274,0.1178626543209876,0.2239104358256697,1,1,2,0
1A001807,여자,40대,사무 종사자,대학교 졸업(전문대졸/대학원생 포함),서울특별시,2세대가족,기혼,맞벌이 함,700-800만원 미만,0.2032759344813103,0.1599259331449176,0.0912217893369836,0.1478260869565217,0.1369087724026411,0.1446759259259259,0.2812208449953352,1,1,2,0
3A248003,여자,30대,사무 종사자,대학교 졸업(전문대졸/대학원생 포함),서울특별시,1세대가족,기혼,맞벌이 함,700-800만원 미만,0.2330953380932381,0.1611928661923789,0.0899582324242743,0.1533471359558316,0.1301037596011319,0.1729359567901234,0.2838864454218313,1,1,2,0
1A001771,여자,40대,사무 종사자,대학교 졸업(전문대졸/대학원생 포함),서울특별시,2세대가족,기혼,맞벌이 함,800-900만원 미만,0.2081058378832423,0.1511548582009551,0.0914674809588993,0.1505866114561766,0.1390648160625252,0.1510416666666666,0.2642942822870852,1,1,2,0
1A001762,여자,60대 이상,주부,고졸(대학 재학 포함),서울특별시,1세대가족,기혼,맞벌이 하지 않음,400-500만원 미만,0.2152456950860982,0.1521294220836176,0.0836404478607279,0.1423050379572118,0.1334725778197008,0.165895061728395,0.2558976409436225,1,1,2,0
1A001753,여자,40대,판매 종사자,고졸(대학 재학 포함),서울특별시,2세대가족,기혼,맞벌이 함,700-800만원 미만,0.2005459890802184,0.1375109638436799,0.0900635288336667,0.1533471359558316,0.1332704487265867,0.1721643518518518,0.273224043715847,1,1,2,0
3A248002,여자,50대,전문가 및 관련 종사자,대학교 졸업(전문대졸/대학원생 포함),서울특별시,1인 가구,미혼(사별/이혼 포함),맞벌이 하지 않음,400-500만원 미만,0.2112557748845023,0.1584640873209239,0.0948018672563265,0.1554175293305728,0.1455329470421776,0.1456404320987654,0.2802878848460616,1,1,2,0
1B000756,여자,60대 이상,판매 종사자,고졸(대학 재학 포함),부산광역시,1세대가족,기혼,맞벌이 함,300-400만원 미만,0.0991180176396472,0.1535912679076113,0.0905900108806289,0.1416149068322981,0.0607734806629834,0.2250192901234568,0.2159136345461815,0,0,1,0
1B000763,여자,50대,서비스 종사자,대학교 졸업(전문대졸/대학원생 포함),부산광역시,1세대가족,기혼,맞벌이 함,400-500만원 미만,0.0825283494330113,0.1555403956729363,0.0879576006458179,0.1416149068322981,0.0549791133270448,0.1941550925925926,0.2279088364654138,0,0,1,0
1F000281,여자,60대 이상,서비스 종사자,고졸(대학 재학 포함),광주광역시,1세대가족,기혼,맞벌이 함,400-500만원 미만,0.0692986140277194,0.1131468667771172,0.1257590116177038,0.1312629399585921,0.0401563131653416,0.1003086419753086,0.1203518592562974,2,2,0,0
1B000773,여자,40대,판매 종사자,고졸(대학 재학 포함),부산광역시,2세대가족,기혼,맞벌이 함,400-500만원 미만,0.0783284334313313,0.1535912679076113,0.079112702256853,0.1416149068322981,0.0666352243632933,0.1915509259259259,0.2092496334799413,0,0,1,0
3F083033,여자,60대 이상,서비스 종사자,고졸(대학 재학 포함),광주광역시,1세대가족,기혼,맞벌이 함,300-400만원 미만,0.1665266694666106,0.1189942500730922,0.1268119757116282,0.1423050379572118,0.0480393477967928,0.0945216049382716,0.119952019192323,2,2,0,0
1B000774,여자,60대 이상,단순노무 종사자,중졸 이하,부산광역시,1인 가구,미혼(사별/이혼 포함),맞벌이 하지 않음,100-200만원 미만,0.0768584628307434,0.1691842900302115,0.0956793373345969,0.1388543823326432,0.05181242420159,0.167824074074074,0.2065840330534453,0,0,1,0
4F079005,여자,60대 이상,서비스 종사자,고졸(대학 재학 포함),광주광역시,1세대가족,기혼,맞벌이 함,500-600만원 미만,0.1854262914741705,0.1501802943182925,0.1058930890456635,0.1561076604554865,0.1080043120873197,0.1508487654320987,0.2958816473410636,1,1,2,0
3K191003,여자,60대 이상,서비스 종사자,대학교 졸업(전문대졸/대학원생 포함),전라북도,1세대가족,기혼,맞벌이 함,500-600만원 미만,0.0472490550188996,0.1618750609102426,0.0699519146397107,0.1285024154589372,0.0272874275704083,0.1651234567901234,0.2229774756763961,0,0,1,0
1K000441,여자,30대,서비스 종사자,대학교 졸업(전문대졸/대학원생 포함),전라북도,2세대가족,기혼,맞벌이 함,400-500만원 미만,0.0608987820243595,0.1072994834811422,0.0926959390684777,0.1257418909592822,0.090958091901361,0.1758294753086419,0.2119152339064374,0,0,1,0
1K000450,여자,60대 이상,판매 종사자,고졸(대학 재학 포함),전라북도,1세대가족,기혼,맞벌이 함,200-300만원 미만,0.120117597648047,0.1219179417210798,0.0670738127829841,0.134023464458247,0.0501953914566769,0.1814236111111111,0.3225376516060242,0,0,1,0
1B000777,여자,50대,판매 종사자,고졸(대학 재학 포함),부산광역시,2세대가족,기혼,맞벌이 함,500-600만원 미만,0.0810583788324233,0.1448201929636488,0.0872556245832017,0.1416149068322981,0.0470960786955935,0.2282021604938271,0.2665600426496068,0,0,1,0
1B000816,남자,40대,판매 종사자,고졸(대학 재학 포함),부산광역시,1인 가구,미혼(사별/이혼 포함),맞벌이 하지 않음,200-300만원 미만,0.0726585468290634,0.1448201929636488,0.0727598188901758,0.1388543823326432,0.0489152405336208,0.1841242283950617,0.2065840330534453,0,0,1,0
1E000197,여자,60대 이상,사무 종사자,대학교 졸업(전문대졸/대학원생 포함),대전광역시,2세대가족,기혼,맞벌이 함,500-600만원 미만,0.0871482570348593,0.1365363999610174,0.1406760029482994,0.1450655624568668,0.0834119390917666,0.1497878086419753,0.1652672264427562,2,2,0,0
1K000443,여자,60대 이상,서비스 종사자,고졸(대학 재학 포함),전라북도,1세대가족,기혼,맞벌이 함,500-600만원 미만,0.0516589668206635,0.1336127083130299,0.074795549471763,0.1285024154589372,0.0495890041773345,0.1786265432098765,0.2518992403038784,0,0,1,0
1L000366,여자,50대,판매 종사자,고졸(대학 재학 포함),전라남도,2세대가족,기혼,맞벌이 함,400-500만원 미만,0.2022259554808903,0.2235649546827794,0.0738127829841002,0.1395445134575569,0.0857701118447648,0.1669560185185185,0.1759296281487405,1,0,2,0
4F084019,여자,50대,판매 종사자,고졸(대학 재학 포함),광주광역시,1인 가구,미혼(사별/이혼 포함),맞벌이 하지 않음,100-200만원 미만,0.1312473750524989,0.1219179417210798,0.0672493067986381,0.1285024154589372,0.0966850828729281,0.1531635802469136,0.2105824336931894,0,0,2,0
1F000287,여자,50대,판매 종사자,대학교 졸업(전문대졸/대학원생 포함),광주광역시,2세대가족,기혼,맞벌이 함,500-600만원 미만,0.0692986140277194,0.14530747490498,0.1113685023340704,0.1423050379572118,0.0266810402910658,0.0935570987654321,0.1456750633080101,2,2,1,0
1L000376,여자,50대,서비스 종사자,고졸(대학 재학 포함),전라남도,1세대가족,기혼,맞벌이 함,400-500만원 미만,0.125577488450231,0.1280576941818536,0.1140009125688814,0.134023464458247,0.0658940843552081,0.1319444444444444,0.1319472211115553,2,2,0,0
3K191004,여자,30대,서비스 종사자,대학교 졸업(전문대졸/대학원생 포함),전라북도,1세대가족,기혼,맞벌이 함,400-500만원 미만,0.1020579588408231,0.1667478803235552,0.0785862202098908,0.1257418909592822,0.0762026681040291,0.1431327160493827,0.2199120351859256,0,0,1,0
1K000456,여자,60대 이상,기능원 및 관련 기능 종사자,고졸(대학 재학 포함),전라북도,1세대가족,기혼,맞벌이 함,500-600만원 미만,0.0936581268374632,0.1764935191501803,0.060124249763083,0.136783988957902,0.0430534968333108,0.1655092592592592,0.2332400373184059,0,0,1,0
4F084017,여자,60대 이상,서비스 종사자,고졸(대학 재학 포함),광주광역시,2세대가족,미혼(사별/이혼 포함),맞벌이 하지 않음,300-400만원 미만,0.1883662326753465,0.0458045024851379,0.0692499385770945,0.020703933747412,0.118380272200512,0.1428433641975308,0.1745968279354924,3,3,3,1
4K191043,남자,50대,서비스 종사자,대학교 졸업(전문대졸/대학원생 포함),전라북도,1세대가족,기혼,맞벌이 함,600-700만원 미만,0.0562788744225115,0.1764935191501803,0.0753220315187252,0.136783988957902,0.0315321385258051,0.1474729938271605,0.2199120351859256,0,0,1,0
1L000395,여자,50대,서비스 종사자,고졸(대학 재학 포함),전라남도,2세대가족,기혼,맞벌이 함,400-500만원 미만,0.1375472490550189,0.1572946106617289,0.1013653434417886,0.1478260869565217,0.0510712841935049,0.2237654320987654,0.2012528322004531,0,0,1,0
4K191086,남자,60대 이상,판매 종사자,대학교 졸업(전문대졸/대학원생 포함),전라북도,1세대가족,기혼,맞벌이 함,500-600만원 미만,0.1125577488450231,0.1725952636195302,0.0676704924362079,0.1285024154589372,0.044872658671338,0.1459297839506173,0.2505664400906304,0,0,1,0
4F084011,남자,40대,기능원 및 관련 기능 종사자,고졸(대학 재학 포함),광주광역시,1인 가구,미혼(사별/이혼 포함),맞벌이 하지 않음,200-300만원 미만,0.2391852162956741,0.0763083520124744,0.0457337404794496,0.0234644582470669,0.0935857701118447,0.2171103395061728,0.2772224443555911,3,3,3,1
1F000288,여자,40대,판매 종사자,대학교 졸업(전문대졸/대학원생 포함),광주광역시,2세대가족,기혼,맞벌이 함,500-600만원 미만,0.0692986140277194,0.1072994834811422,0.1294443859464392,0.1257418909592822,0.022436329335669,0.085841049382716,0.117286418765827,2,2,0,0
1A000025,여자,60대 이상,판매 종사자,고졸(대학 재학 포함),서울특별시,2세대가족,기혼,맞벌이 함,700-800만원 미만,0.0986980260394792,0.1214306597797485,0.1176862868976168,0.1333333333333333,0.1142703139738579,0.0959683641975308,0.1932560309209649,2,2,1,0
1L000351,여자,40대,서비스 종사자,대학교 졸업(전문대졸/대학원생 포함),전라남도,2세대가족,기혼,맞벌이 함,400-500만원 미만,0.1721965560688786,0.1686970080888802,0.1158611491348145,0.1478260869565217,0.0702735480393478,0.1714891975308642,0.1732640277222444,2,0,1,0
4J233004,여자,60대 이상,주부,고졸(대학 재학 포함),경상남도,1세대가족,기혼,맞벌이 하지 않음,200-300만원 미만,0.1742965140697186,0.1034012279504921,0.1220034396827068,0.1229813664596273,0.1468804743296051,0.1349344135802469,0.0959616153538584,2,2,0,0
4J233008,여자,60대 이상,주부,고졸(대학 재학 포함),경상남도,1세대가족,기혼,맞벌이 하지 않음,200-300만원 미만,0.1700965980680386,0.1306890166650424,0.110315538240146,0.134023464458247,0.1315860396173022,0.1446759259259259,0.1159536185525789,2,2,0,0
1L000357,여자,60대 이상,농림어업 숙련 종사자,중졸 이하,전라남도,1세대가족,기혼,맞벌이 함,200-300만원 미만,0.115707685846283,0.1024266640678296,0.09020392404619,0.134023464458247,0.0445357768494812,0.187403549382716,0.1412768226042916,0,2,0,0
4J233012,여자,60대 이상,판매 종사자,고졸(대학 재학 포함),경상남도,1세대가족,기혼,맞벌이 함,200-300만원 미만,0.2078958420831583,0.1375109638436799,0.0997156996946404,0.1312629399585921,0.1165611103624848,0.1304976851851852,0.158603225376516,2,0,0,0
3L203025,남자,60대 이상,장치·기계 조작 및 조립 종사자,고졸(대학 재학 포함),전라남도,1세대가족,기혼,맞벌이 하지 않음,200-300만원 미만,0.1675766484670306,0.1582691745443914,0.1046997297392159,0.134023464458247,0.0598302115617841,0.1939621913580247,0.1932560309209649,1,0,1,0
3B027036,여자,60대 이상,판매 종사자,고졸(대학 재학 포함),부산광역시,1세대가족,기혼,맞벌이 함,400-500만원 미만,0.1549769004619907,0.2242471494006432,0.0674949984205538,0.1423050379572118,0.0557876296995014,0.1521990740740741,0.2212448353991736,0,0,1,0
3L203030,여자,60대 이상,군인,고졸(대학 재학 포함),전라남도,1세대가족,기혼,맞벌이 함,300-400만원 미만,0.1530869382612348,0.1336127083130299,0.1118949843810326,0.1505866114561766,0.062121007950411,0.2071759259259259,0.2185792349726776,1,2,1,0
3G099005,여자,30대,사무 종사자,대학교 졸업(전문대졸/대학원생 포함),울산광역시,1인 가구,미혼(사별/이혼 포함),맞벌이 하지 않음,200-300만원 미만,0.1280974380512389,0.1462820387876425,0.0625460671791092,0.1533471359558316,0.0559223824282441,0.1022376543209876,0.2785552445688391,0,1,2,0
3G099010,여자,30대,서비스 종사자,대학교 졸업(전문대졸/대학원생 포함),울산광역시,1인 가구,미혼(사별/이혼 포함),맞벌이 하지 않음,300-400만원 미만,0.1119277614447711,0.1531039859662801,0.0930469270997859,0.1505866114561766,0.0615146206710685,0.1109182098765432,0.2705584432893509,0,1,1,0
1F000454,여자,60대 이상,서비스 종사자,고졸(대학 재학 포함),광주광역시,1세대가족,기혼,맞벌이 함,400-500만원 미만,0.1398572028559428,0.0941428710651983,0.0724088308588677,0.1167701863354037,0.1158199703543996,0.1471836419753086,0.194588831134213,1,0,2,0
1H002159,여자,30대,서비스 종사자,대학교 졸업(전문대졸/대학원생 포함),경기도,1세대가족,기혼,맞벌이 함,500-600만원 미만,0.1362872742545149,0.1787350160803041,0.107121547155242,0.136783988957902,0.0922382428244172,0.1379243827160494,0.1506064240970278,2,0,0,0
1H002162,여자,50대,판매 종사자,대학교 졸업(전문대졸/대학원생 포함),경기도,2세대가족,기혼,맞벌이 함,500-600만원 미만,0.115497690046199,0.1258161972517298,0.1075427327928117,0.1229813664596273,0.1231639940708799,0.1329089506172839,0.1479408236705318,2,2,0,0
1F000110,여자,60대 이상,서비스 종사자,고졸(대학 재학 포함),광주광역시,1세대가족,기혼,맞벌이 함,500-600만원 미만,0.2060058798824023,0.1180196861904297,0.0608262258256993,0.1285024154589372,0.1067241611642635,0.1192129629629629,0.2132480341196854,1,1,1,0
3B027028,여자,60대 이상,주부,고졸(대학 재학 포함),부산광역시,2세대가족,기혼,맞벌이 하지 않음,400-500만원 미만,0.1875262494750105,0.1609004970275801,0.0660910462953213,0.1423050379572118,0.0751920226384584,0.1262538580246913,0.2736238837798214,1,1,2,0
1H002196,여자,50대,서비스 종사자,대학교 졸업(전문대졸/대학원생 포함),경기도,2세대가족,기혼,맞벌이 함,600-700만원 미만,0.1287274254514909,0.14530747490498,0.1056473974237478,0.1229813664596273,0.1231639940708799,0.1468942901234568,0.1359456217512994,2,0,0,0
3J236035,여자,50대,서비스 종사자,고졸(대학 재학 포함),경상남도,3세대가족,기혼,맞벌이 함,500-600만원 미만,0.0957580848383032,0.1482311665529675,0.1059281878487943,0.1395445134575569,0.1028837083950949,0.1240354938271604,0.2039184326269492,2,1,0,0
3G101010,남자,60대 이상,판매 종사자,고졸(대학 재학 포함),울산광역시,2세대가족,기혼,맞벌이 함,500-600만원 미만,0.1629567408651827,0.2213234577526557,0.0777087501316205,0.1478260869565217,0.0760679153752863,0.1331018518518518,0.2065840330534453,1,1,1,0
3G101025,여자,50대,서비스 종사자,고졸(대학 재학 포함),울산광역시,2세대가족,기혼,맞벌이 함,400-500만원 미만,0.1577068458630827,0.1842900302114803,0.0914674809588993,0.1423050379572118,0.1118447648564883,0.1215277777777777,0.197254431560709,1,1,1,0
3G101050,남자,30대,사무 종사자,대학교 졸업(전문대졸/대학원생 포함),울산광역시,1인 가구,미혼(사별/이혼 포함),맞벌이 하지 않음,500-600만원 미만,0.2099958000839983,0.252509501997856,0.0875013162051174,0.1478260869565217,0.1115078830346314,0.1160300925925926,0.1923230707716913,1,1,2,0
3G103044,남자,40대,기능원 및 관련 기능 종사자,대학교 졸업(전문대졸/대학원생 포함),울산광역시,2세대가족,기혼,맞벌이 함,500-600만원 미만,0.245485090298194,0.2164506383393431,0.0776736513284897,0.1478260869565217,0.1207384449535103,0.1263503086419753,0.2065840330534453,1,1,2,0
3L203035,남자,50대,기능원 및 관련 기능 종사자,고졸(대학 재학 포함),전라남도,1세대가족,기혼,맞벌이 함,400-500만원 미만,0.1791264174716505,0.1404346554916674,0.1179670773226633,0.1478260869565217,0.0886672955127341,0.1310763888888889,0.1332800213248034,2,2,0,0
3L203045,여자,50대,농림어업 숙련 종사자,고졸(대학 재학 포함),전라남도,1세대가족,기혼,맞벌이 함,400-500만원 미만,0.1682066358672826,0.1540785498489426,0.1117545891685093,0.1423050379572118,0.126734941382563,0.1798804012345679,0.1399440223910436,2,0,0,0
3L203055,여자,60대 이상,판매 종사자,고졸(대학 재학 포함),전라남도,1세대가족,기혼,맞벌이 함,300-400만원 미만,0.1472070558588828,0.1300068219471786,0.1130532448843494,0.134023464458247,0.0943942864843013,0.1758294753086419,0.157270425163268,2,2,0,0
1H002201,여자,50대,판매 종사자,대학교 졸업(전문대졸/대학원생 포함),경기도,2세대가족,기혼,맞벌이 함,500-600만원 미만,0.1301973960520789,0.1455998440697788,0.1071917447615036,0.1395445134575569,0.1351569869289853,0.1557677469135802,0.15593762495002,2,1,0,0
3L205004,여자,50대,주부,고졸(대학 재학 포함),전라남도,1세대가족,기혼,맞벌이 하지 않음,300-400만원 미만,0.1984460310793784,0.2115778189260306,0.0670738127829841,0.136783988957902,0.0667026007276647,0.1263503086419753,0.2132480341196854,1,1,2,0
3L205008,여자,60대 이상,농림어업 숙련 종사자,중졸 이하,전라남도,1인 가구,미혼(사별/이혼 포함),맞벌이 하지 않음,100-200만원 미만,0.1931961360772784,0.1735698275021927,0.0660208486890597,0.1395445134575569,0.1061177738849211,0.1060956790123456,0.1639344262295082,1,0,1,0
3L203050,여자,60대 이상,판매 종사자,고졸(대학 재학 포함),전라남도,1인 가구,미혼(사별/이혼 포함),맞벌이 하지 않음,200-300만원 미만,0.120957580848383,0.1465744079524413,0.10919237653996,0.1478260869565217,0.0704756771324619,0.1326195987654321,0.1639344262295082,2,2,0,0
3L205012,여자,60대 이상,농림어업 숙련 종사자,중졸 이하,전라남도,1세대가족,기혼,맞벌이 함,200-300만원 미만,0.2026459470810583,0.1126595848357859,0.1009441578042188,0.1360938578329882,0.1330683196334725,0.1618441358024691,0.178995068639211,1,2,0,0
3L205016,여자,60대 이상,농림어업 숙련 종사자,고졸(대학 재학 포함),전라남도,1세대가족,기혼,맞벌이 함,300-400만원 미만,0.1787064258714825,0.1150959945424422,0.081183531641571,0.1395445134575569,0.1230966177065085,0.1189236111111111,0.2385712381713981,1,1,2,0
3L203060,여자,60대 이상,서비스 종사자,고졸(대학 재학 포함),전라남도,1세대가족,기혼,맞벌이 함,200-300만원 미만,0.1427971440571188,0.1324432316538349,0.0933628163279632,0.1250517598343685,0.0862417463953645,0.128858024691358,0.1176862588298014,2,0,0,0
3L205020,여자,50대,판매 종사자,고졸(대학 재학 포함),전라남도,2세대가족,기혼,맞벌이 함,500-600만원 미만,0.1299874002519949,0.1199688139557548,0.064265908532519,0.1312629399585921,0.062121007950411,0.2833719135802469,0.2798880447820872,0,0,2,0
3L203021,남자,40대,전문가 및 관련 종사자,대학교 졸업(전문대졸/대학원생 포함),전라남도,2세대가족,미혼(사별/이혼 포함),맞벌이 하지 않음,300-400만원 미만,0.1125577488450231,0.1533963551310788,0.1150889754659366,0.1423050379572118,0.0704756771324619,0.1546103395061728,0.1492736238837798,2,0,0,0
1Q000045,여자,60대 이상,단순노무 종사자,고졸(대학 재학 포함),세종특별자치시,1세대가족,기혼,맞벌이 함,700-800만원 미만,0.2162956740865182,0.198908488451418,0.068021480467516,0.136783988957902,0.08846516641962,0.1786265432098765,0.1865920298547247,1,0,2,0
3B044006,여자,60대 이상,서비스 종사자,고졸(대학 재학 포함),부산광역시,1세대가족,기혼,맞벌이 함,600-700만원 미만,0.0789584208315833,0.1589513692622551,0.1043136429047769,0.1423050379572118,0.0673089880070071,0.1141010802469135,0.2212448353991736,0,0,0,0
1H002248,여자,50대,사무 종사자,대학교 졸업(전문대졸/대학원생 포함),경기도,2세대가족,미혼(사별/이혼 포함),맞벌이 하지 않음,200-300만원 미만,0.0692986140277194,0.1209433778384173,0.0975395739005299,0.1202208419599723,0.1141355612451152,0.1251929012345679,0.1519392243102759,2,0,1,0
1K000369,여자,40대,판매 종사자,대학교 졸업(전문대졸/대학원생 포함),전라북도,2세대가족,기혼,맞벌이 함,500-600만원 미만,0.0888282234355312,0.1813663385634928,0.0638096240918184,0.134023464458247,0.0374612585904864,0.1616512345679012,0.2305744368919099,0,0,1,0
1K000372,여자,40대,사무 종사자,대학교 졸업(전문대졸/대학원생 포함),전라북도,2세대가족,기혼,맞벌이 함,500-600만원 미만,0.1068878622427551,0.1326381444303674,0.0685479625144782,0.136783988957902,0.0598975879261555,0.1744791666666666,0.2718912435025989,0,0,1,0
1K000392,여자,60대 이상,서비스 종사자,대학교 졸업(전문대졸/대학원생 포함),전라북도,1세대가족,기혼,맞벌이 함,500-600만원 미만,0.1285174296514069,0.1375109638436799,0.0582991120002807,0.134023464458247,0.0680501280150923,0.1629050925925926,0.2652272424363588,0,0,2,0
1K000395,여자,50대,주부,고졸(대학 재학 포함),전라북도,2세대가족,기혼,맞벌이 하지 않음,400-500만원 미만,0.1379672406551869,0.1852645940941429,0.0632831420448562,0.1395445134575569,0.0675784934644926,0.1712962962962963,0.2638944422231107,0,0,2,0
1K000401,여자,60대 이상,주부,중졸 이하,전라북도,1세대가족,기혼,맞벌이 하지 않음,300-400만원 미만,0.1278874422511549,0.1706461358542052,0.0708293847179811,0.134023464458247,0.0695324080312626,0.1741898148148148,0.2718912435025989,0,0,2,0
1K000403,여자,50대,서비스 종사자,대학교 졸업(전문대졸/대학원생 포함),전라북도,2세대가족,기혼,맞벌이 함,500-600만원 미만,0.1346073078538429,0.1677224442062177,0.0657400582640132,0.1395445134575569,0.0766743026546287,0.1592399691358024,0.2505664400906304,0,0,2,0
4K190005,여자,30대,서비스 종사자,대학교 졸업(전문대졸/대학원생 포함),전라북도,1세대가족,기혼,맞벌이 함,400-500만원 미만,0.1698866022679546,0.1570022414969301,0.073286300937138,0.134023464458247,0.0867807573103355,0.1500771604938271,0.275889644142343,1,1,2,0
4K190010,여자,50대,서비스 종사자,대학교 졸업(전문대졸/대학원생 포함),전라북도,1세대가족,기혼,맞벌이 함,400-500만원 미만,0.120537589248215,0.1579768053795926,0.0585448036221964,0.1257418909592822,0.0594259533755558,0.148341049382716,0.2638944422231107,0,0,2,0
1H001840,여자,60대 이상,주부,고졸(대학 재학 포함),경기도,1세대가족,기혼,맞벌이 하지 않음,300-400만원 미만,0.1383872322553549,0.1258161972517298,0.1126320592467796,0.1257418909592822,0.0986389974396981,0.1655092592592592,0.1039584166333466,2,2,0,0
1H002249,여자,50대,전문가 및 관련 종사자,대학교 졸업(전문대졸/대학원생 포함),경기도,2세대가족,기혼,맞벌이 함,700-800만원 미만,0.1585468290634187,0.1375109638436799,0.1006984661823031,0.134023464458247,0.1212100795041099,0.1486304012345679,0.194588831134213,2,1,0,0
4A024004,남자,20대,취업 준비 중,대학교 졸업(전문대졸/대학원생 포함),서울특별시,1인 가구,미혼(사별/이혼 포함),맞벌이 하지 않음,100-200만원 미만,0.1285174296514069,0.1589513692622551,0.0790776034537222,0.136783988957902,0.0924403719175313,0.189332561728395,0.1759296281487405,0,0,1,0
3B044072,여자,50대,서비스 종사자,고졸(대학 재학 포함),부산광역시,2세대가족,기혼,맞벌이 함,500-600만원 미만,0.0877782444351113,0.1570022414969301,0.118774349794672,0.1395445134575569,0.0777523244845708,0.1099537037037037,0.1825936292149806,2,0,0,0
1E000572,여자,60대 이상,주부,고졸(대학 재학 포함),대전광역시,1세대가족,기혼,맞벌이 하지 않음,400-500만원 미만,0.1398572028559428,0.2135269466913556,0.0566143694500017,0.136783988957902,0.0505996496429052,0.1694637345679012,0.1999200319872051,0,0,1,0
3H138001,남자,60대 이상,무직,고졸(대학 재학 포함),경기도,1세대가족,기혼,맞벌이 하지 않음,300-400만원 미만,0.1791264174716505,0.1531039859662801,0.0655996630514899,0.1285024154589372,0.0871850154965638,0.1708140432098765,0.2052512328401972,1,0,1,0
3B044018,여자,50대,주부,대학교 졸업(전문대졸/대학원생 포함),부산광역시,2세대가족,기혼,맞벌이 하지 않음,500-600만원 미만,0.1845863082738345,0.1589513692622551,0.1048401249517391,0.1423050379572118,0.1345505996496429,0.1198881172839506,0.1999200319872051,1,1,0,0
1E000578,여자,60대 이상,주부,고졸(대학 재학 포함),대전광역시,2세대가족,기혼,맞벌이 하지 않음,600-700만원 미만,0.0608987820243595,0.1269856739109248,0.0576673335439261,0.1163561076604554,0.0390782913353995,0.1914544753086419,0.2319072371051579,0,0,1,0
4A024010,남자,60대 이상,단순노무 종사자,고졸(대학 재학 포함),서울특별시,1세대가족,기혼,맞벌이 하지 않음,200-300만원 미만,0.1549769004619907,0.1316635805477049,0.106735460320803,0.1478260869565217,0.1154830885325427,0.1786265432098765,0.1932560309209649,2,2,0,0
1H001413,여자,50대,서비스 종사자,중졸 이하,경기도,1세대가족,기혼,맞벌이 함,700-800만원 미만,0.0745485090298194,0.1691842900302115,0.1130181460812186,0.1195307108350586,0.0677132461932354,0.0998263888888889,0.1012928162068506,2,0,0,0
3H138002,여자,60대 이상,주부,중졸 이하,경기도,1세대가족,기혼,맞벌이 하지 않음,200-300만원 미만,0.1367072658546829,0.1014521001851671,0.0965568074128672,0.1229813664596273,0.0876566500471634,0.1938657407407407,0.1626016260162601,2,2,0,0
3B044030,여자,50대,사무 종사자,고졸(대학 재학 포함),부산광역시,2세대가족,기혼,맞벌이 함,600-700만원 미만,0.0594288114237715,0.1647987525582302,0.1086307956898669,0.1423050379572118,0.0706104298612046,0.1224922839506172,0.2145808343329335,0,0,1,0
1E000586,여자,50대,기능원 및 관련 기능 종사자,고졸(대학 재학 포함),대전광역시,2세대가족,기혼,맞벌이 함,600-700만원 미만,0.0545989080218395,0.1594386512035864,0.0783756273911059,0.1222912353347135,0.0404258186228271,0.2150848765432098,0.2425696388111422,0,0,1,0
1E000587,여자,50대,사무 종사자,대학교 졸업(전문대졸/대학원생 포함),대전광역시,2세대가족,기혼,맞벌이 함,600-700만원 미만,0.0510289794204115,0.1448201929636488,0.0903092204555824,0.1388543823326432,0.0722948389704891,0.2112268518518518,0.2212448353991736,0,0,1,0
1H001845,여자,60대 이상,서비스 종사자,고졸(대학 재학 포함),경기도,1인 가구,미혼(사별/이혼 포함),맞벌이 하지 않음,400-500만원 미만,0.1497270054598908,0.1014521001851671,0.102418307535713,0.1202208419599723,0.0952028028567578,0.1992669753086419,0.1785952285752365,2,2,0,0
1Q000006,여자,50대,사무 종사자,대학교 졸업(전문대졸/대학원생 포함),세종특별자치시,2세대가족,기혼,맞벌이 함,600-700만원 미만,0.1782864342713146,0.1638241886755677,0.0766206872345653,0.134023464458247,0.064613933432152,0.1389853395061728,0.1932560309209649,1,0,1,0
1E000600,여자,50대,서비스 종사자,고졸(대학 재학 포함),대전광역시,1인 가구,미혼(사별/이혼 포함),맞벌이 하지 않음,300-400만원 미만,0.0335993280134397,0.1302017347237111,0.0877470078270331,0.1498964803312629,0.053227327853389,0.1871141975308642,0.1612688258030121,0,2,1,0
3B044036,여자,60대 이상,기능원 및 관련 기능 종사자,고졸(대학 재학 포함),부산광역시,2세대가족,기혼,맞벌이 함,500-600만원 미만,0.0877782444351113,0.1609004970275801,0.1121406760029483,0.1395445134575569,0.0706104298612046,0.1167052469135802,0.2092496334799413,2,0,0,0
1Q000007,남자,50대,사무 종사자,대학교 졸업(전문대졸/대학원생 포함),세종특별자치시,1인 가구,미혼(사별/이혼 포함),맞벌이 하지 않음,500-600만원 미만,0.2036959260814783,0.1852645940941429,0.0711803727492892,0.1423050379572118,0.0886672955127341,0.1557677469135802,0.2185792349726776,1,1,2,0
1H001846,여자,60대 이상,주부,고졸(대학 재학 포함),경기도,1세대가족,기혼,맞벌이 하지 않음,300-400만원 미만,0.1564468710625787,0.1072994834811422,0.0899582324242743,0.1312629399585921,0.0987063738040695,0.1938657407407407,0.1892576302812208,1,2,0,0
3B043035,여자,50대,서비스 종사자,고졸(대학 재학 포함),부산광역시,1인 가구,미혼(사별/이혼 포함),맞벌이 하지 않음,300-400만원 미만,0.2568248635027299,0.1813663385634928,0.0681267768769085,0.134023464458247,0.1392669451556394,0.1410108024691358,0.2083166733306677,1,1,2,0
4N182006,여자,40대,주부,대학교 졸업(전문대졸/대학원생 포함),충청남도,2세대가족,기혼,맞벌이 하지 않음,500-600만원 미만,0.0503989920201596,0.1379982457850112,0.0790776034537222,0.1388543823326432,0.0586174370030993,0.2121913580246913,0.195921631347461,0,0,1,0
1H001872,여자,60대 이상,주부,고졸(대학 재학 포함),경기도,1세대가족,기혼,맞벌이 하지 않음,500-600만원 미만,0.1322973540529189,0.095604716889192,0.1061036818644484,0.1174603174603174,0.1181107667430265,0.181616512345679,0.1146208183393309,2,2,0,0
1H002250,여자,60대 이상,판매 종사자,대학교 졸업(전문대졸/대학원생 포함),경기도,2세대가족,미혼(사별/이혼 포함),맞벌이 하지 않음,300-400만원 미만,0.1108777824443511,0.1462820387876425,0.1001719841353409,0.134023464458247,0.1307775232448457,0.1391782407407407,0.1865920298547247,2,1,0,0
4I218006,남자,60대 이상,단순노무 종사자,고졸(대학 재학 포함),경상북도,1세대가족,기혼,맞벌이 함,300-400만원 미만,0.0785384292314153,0.1794172107981678,0.0753220315187252,0.1312629399585921,0.056259264250101,0.1801697530864197,0.1745968279354924,0,0,1,0
1H001876,여자,40대,사무 종사자,대학교 졸업(전문대졸/대학원생 포함),경기도,2세대가족,기혼,맞벌이 함,600-700만원 미만,0.1585468290634187,0.1443329110223175,0.08286827419185,0.136783988957902,0.08455733728608,0.2006172839506173,0.2572304411568706,1,0,2,0
1H002252,여자,30대,사무 종사자,대학교 졸업(전문대졸/대학원생 포함),경기도,2세대가족,기혼,맞벌이 함,600-700만원 미만,0.1278874422511549,0.1852645940941429,0.0944157804218876,0.136783988957902,0.1100256030184611,0.134837962962963,0.1652672264427562,2,1,1,0
1B000942,남자,50대,사무 종사자,대학교 졸업(전문대졸/대학원생 포함),부산광역시,1인 가구,미혼(사별/이혼 포함),맞벌이 하지 않음,300-400만원 미만,0.1379672406551869,0.147256602670305,0.1076129303990734,0.1450655624568668,0.1088128284597763,0.1591435185185185,0.1825936292149806,2,0,0,0
1H001415,여자,40대,서비스 종사자,고졸(대학 재학 포함),경기도,2세대가족,기혼,맞벌이 함,800-900만원 미만,0.0797984040319193,0.1233797875450735,0.1387455687761047,0.1333333333333333,0.1088128284597763,0.1121720679012345,0.1176862588298014,2,2,0,0
1H002257,남자,40대,판매 종사자,대학교 졸업(전문대졸/대학원생 포함),경기도,1인 가구,미혼(사별/이혼 포함),맞벌이 하지 않음,300-400만원 미만,0.1379672406551869,0.1787350160803041,0.0715313607805974,0.1285024154589372,0.0880609082333917,0.1638695987654321,0.1439424230307877,0,0,1,0
3F086032,여자,50대,서비스 종사자,고졸(대학 재학 포함),광주광역시,2세대가족,기혼,맞벌이 함,500-600만원 미만,0.2083158336833263,0.1319559497125036,0.070653890702327,0.1395445134575569,0.0823339172618245,0.1603973765432099,0.2878848460615754,1,1,2,0
1Q000054,여자,60대 이상,서비스 종사자,고졸(대학 재학 포함),세종특별자치시,1세대가족,기혼,맞벌이 하지 않음,300-400만원 미만,0.1545569088618227,0.1755189552675178,0.0711803727492892,0.1450655624568668,0.055181242420159,0.142554012345679,0.23723843795815,0,0,1,0
4N184036,여자,50대,농림어업 숙련 종사자,고졸(대학 재학 포함),충청남도,1세대가족,기혼,맞벌이 함,300-400만원 미만,0.2303653926921461,0.1430659779748562,0.07855112140676,0.125327812284334,0.1015361811076674,0.1882716049382716,0.2545648407303745,1,0,2,0
3G099020,여자,20대,사무 종사자,대학교 졸업(전문대졸/대학원생 포함),울산광역시,1인 가구,미혼(사별/이혼 포함),맞벌이 하지 않음,300-400만원 미만,0.1724065518689626,0.1540785498489426,0.0880277982520796,0.1588681849551414,0.095943942864843,0.1152584876543209,0.2585632413701186,1,1,1,0
4F079010,남자,60대 이상,기능원 및 관련 기능 종사자,고졸(대학 재학 포함),광주광역시,2세대가족,기혼,맞벌이 함,600-700만원 미만,0.2217555648887022,0.1920865412727804,0.0604050401881295,0.1505866114561766,0.0935857701118447,0.1452546296296296,0.2692256430761029,1,1,2,0
1H002274,여자,60대 이상,서비스 종사자,대학교 졸업(전문대졸/대학원생 포함),경기도,1세대가족,기혼,맞벌이 함,300-400만원 미만,0.1606467870642587,0.143358347139655,0.1084904004773437,0.1257418909592822,0.097897857431613,0.1643518518518518,0.1092896174863388,2,0,0,0
1H001417,여자,40대,서비스 종사자,대학교 졸업(전문대졸/대학원생 포함),경기도,1인 가구,미혼(사별/이혼 포함),맞벌이 하지 않음,400-500만원 미만,0.0608987820243595,0.1126595848357859,0.1393422484293285,0.1333333333333333,0.1088128284597763,0.1022376543209876,0.1039584166333466,2,2,0,0
1F000458,여자,50대,서비스 종사자,대학교 졸업(전문대졸/대학원생 포함),광주광역시,2세대가족,기혼,맞벌이 함,600-700만원 미만,0.0720285594288114,0.14140921937433,0.0720578428275595,0.134023464458247,0.0453442932219377,0.1793016975308642,0.2292416366786618,0,0,1,0
4N184032,여자,60대 이상,농림어업 숙련 종사자,고졸(대학 재학 포함),충청남도,1세대가족,기혼,맞벌이 함,300-400만원 미만,0.2360352792944141,0.1930611051554429,0.0718823488119055,0.1312629399585921,0.0952701792211292,0.2059220679012345,0.2469678795148607,1,0,2,0
1Q000059,여자,50대,판매 종사자,고졸(대학 재학 포함),세종특별자치시,1세대가족,기혼,맞벌이 함,500-600만원 미만,0.2200755984880302,0.174057109443524,0.0848689059703064,0.1333333333333333,0.0896779409783048,0.1532600308641975,0.2225776356124217,1,0,2,0
4E095003,여자,50대,사무 종사자,대학교 졸업(전문대졸/대학원생 포함),대전광역시,1세대가족,기혼,맞벌이 함,500-600만원 미만,0.1566568668626627,0.1560276776142676,0.0902390228493208,0.1257418909592822,0.108947581188519,0.1699459876543209,0.2052512328401972,1,0,1,0
1H001879,여자,50대,사무 종사자,대학교 졸업(전문대졸/대학원생 포함),경기도,2세대가족,기혼,맞벌이 함,800-900만원 미만,0.1497270054598908,0.0965792807718546,0.0888350707240883,0.1202208419599723,0.1056461393343215,0.2015817901234568,0.1639344262295082,2,2,0,0
1H002275,여자,30대,주부,대학교 졸업(전문대졸/대학원생 포함),경기도,2세대가족,기혼,맞벌이 하지 않음,400-500만원 미만,0.1465770684586308,0.1326381444303674,0.096030325365905,0.134023464458247,0.0812558954318824,0.138695987654321,0.1679328268692523,2,0,1,0
3G099025,여자,30대,사무 종사자,대학교 졸업(전문대졸/대학원생 포함),울산광역시,1인 가구,미혼(사별/이혼 포함),맞벌이 하지 않음,300-400만원 미만,0.1493070138597228,0.1677224442062177,0.0615983994945772,0.1533471359558316,0.0838161972779948,0.1027199074074074,0.2225776356124217,0,0,1,0
1H002299,여자,60대 이상,단순노무 종사자,고졸(대학 재학 포함),경기도,1세대가족,기혼,맞벌이 함,300-400만원 미만,0.1692566148677026,0.1326381444303674,0.0932926187217016,0.1395445134575569,0.0976283519741274,0.1553819444444444,0.1652672264427562,2,2,0,0
1B000961,여자,60대 이상,주부,고졸(대학 재학 포함),부산광역시,1세대가족,기혼,맞벌이 하지 않음,100-200만원 미만,0.1299874002519949,0.1550531137316051,0.0855708820329226,0.134023464458247,0.0807842608812828,0.1492091049382716,0.1932560309209649,0,0,1,0
4N184040,여자,60대 이상,농림어업 숙련 종사자,고졸(대학 재학 포함),충청남도,1세대가족,기혼,맞벌이 함,200-300만원 미만,0.1961360772784544,0.1716206997368677,0.0743392650310624,0.1395445134575569,0.0824686699905673,0.1768904320987654,0.2225776356124217,1,0,2,0
3G107035,여자,60대 이상,주부,고졸(대학 재학 포함),울산광역시,1세대가족,기혼,맞벌이 하지 않음,300-400만원 미만,0.1266274674506509,0.1105155442939284,0.0810782352321785,0.136783988957902,0.1073305484436059,0.0887345679012345,0.1639344262295082,2,0,2,0
1D000376,남자,60대 이상,기능원 및 관련 기능 종사자,대학교 졸업(전문대졸/대학원생 포함),대구광역시,1인 가구,미혼(사별/이혼 포함),맞벌이 하지 않음,300-400만원 미만,0.1690466190676186,0.1238670694864048,0.0820610017198413,0.1395445134575569,0.0827381754480528,0.1801697530864197,0.2585632413701186,1,0,2,0
4N184044,남자,50대,기능원 및 관련 기능 종사자,고졸(대학 재학 포함),충청남도,1인 가구,미혼(사별/이혼 포함),맞벌이 하지 않음,200-300만원 미만,0.2196556068878622,0.2037813078647305,0.0771471692815275,0.1450655624568668,0.08260342271931,0.2070794753086419,0.2025856324137012,1,0,2,0
4F079015,남자,50대,사무 종사자,고졸(대학 재학 포함),광주광역시,2세대가족,기혼,맞벌이 함,500-600만원 미만,0.2368752624947501,0.200857616216743,0.053736267593275,0.1533471359558316,0.0894758118851906,0.1152584876543209,0.2545648407303745,1,1,2,0
4E095006,여자,60대 이상,주부,대학교 졸업(전문대졸/대학원생 포함),대전광역시,1세대가족,기혼,맞벌이 하지 않음,200-300만원 미만,0.124527509449811,0.1579768053795926,0.0987680320101084,0.1312629399585921,0.0824012936261959,0.1616512345679012,0.2412368385978942,0,0,1,0
4E095009,남자,60대 이상,관리자,대학교 졸업(전문대졸/대학원생 포함),대전광역시,1인 가구,미혼(사별/이혼 포함),맞벌이 하지 않음,300-400만원 미만,0.114867702645947,0.1813663385634928,0.0965568074128672,0.134023464458247,0.0985042447109553,0.1794945987654321,0.15593762495002,2,0,1,0
3G107045,여자,60대 이상,주부,중졸 이하,울산광역시,1세대가족,기혼,맞벌이 하지 않음,100-200만원 미만,0.1432171356572868,0.1141214306597797,0.0937489031624021,0.1312629399585921,0.1018730629295243,0.1041666666666666,0.2292416366786618,1,1,1,0
4N184048,여자,60대 이상,농림어업 숙련 종사자,고졸(대학 재학 포함),충청남도,1세대가족,기혼,맞벌이 함,200-300만원 미만,0.2097858042839143,0.2037813078647305,0.0804113579726931,0.1505866114561766,0.089543188249562,0.2104552469135802,0.2132480341196854,1,0,2,0
3M167070,여자,60대 이상,주부,고졸(대학 재학 포함),충청북도,1세대가족,기혼,맞벌이 하지 않음,300-400만원 미만,0.1703065938681226,0.1647987525582302,0.0901337264399284,0.1450655624568668,0.1084759466379194,0.1276041666666666,0.2705584432893509,1,1,2,0
3F086031,여자,60대 이상,주부,고졸(대학 재학 포함),광주광역시,1세대가족,기혼,맞벌이 하지 않음,300-400만원 미만,0.1600167996640067,0.1407270246564662,0.0725843248745217,0.1423050379572118,0.0934510173831019,0.150270061728395,0.2025856324137012,1,0,1,0
1B000930,여자,50대,서비스 종사자,고졸(대학 재학 포함),부산광역시,2세대가족,기혼,맞벌이 함,800-900만원 미만,0.1043679126417471,0.1550531137316051,0.0824119897511495,0.136783988957902,0.066230966177065,0.134645061728395,0.2283086765293882,0,0,1,0
4G099038,남자,60대 이상,기능원 및 관련 기능 종사자,고졸(대학 재학 포함),울산광역시,1인 가구,미혼(사별/이혼 포함),맞벌이 하지 않음,300-400만원 미만,0.1041579168416631,0.1329305135951662,0.0792530974693763,0.134023464458247,0.0751920226384584,0.0993441358024691,0.2452352392376383,0,1,1,0
3E088048,여자,20대,서비스 종사자,대학교 졸업(전문대졸/대학원생 포함),대전광역시,1인 가구,미혼(사별/이혼 포함),맞벌이 하지 않음,200-300만원 미만,0.244855102897942,0.2013448981580742,0.0475939770453827,0.144375431331953,0.0962808246866999,0.1576967592592592,0.2518992403038784,1,1,2,0
3E088054,여자,30대,사무 종사자,대학교 졸업(전문대졸/대학원생 포함),대전광역시,1인 가구,미혼(사별/이혼 포함),맞벌이 하지 않음,200-300만원 미만,0.2393952120957581,0.1964720787447617,0.075918711171949,0.144375431331953,0.1068589138930063,0.1428433641975308,0.235905637744902,1,1,2,0
3E088060,여자,50대,서비스 종사자,고졸(대학 재학 포함),대전광역시,1인 가구,미혼(사별/이혼 포함),맞벌이 하지 않음,300-400만원 미만,0.2097858042839143,0.1974466426274242,0.0838510406795128,0.1360938578329882,0.0821317881687104,0.1138117283950617,0.2305744368919099,1,1,2,0
1H001423,여자,60대 이상,서비스 종사자,고졸(대학 재학 포함),경기도,1인 가구,미혼(사별/이혼 포함),맞벌이 하지 않음,400-500만원 미만,0.0755984880302394,0.114608712601111,0.1392720508230669,0.1333333333333333,0.1086780757310335,0.107349537037037,0.1066240170598427,2,2,0,0
1O001035,여자,50대,주부,고졸(대학 재학 포함),강원도,2세대가족,기혼,맞벌이 하지 않음,500-600만원 미만,0.0503989920201596,0.1238670694864048,0.1467129970867993,0.1423050379572118,0.1005929120064681,0.1300154320987654,0.1843262694922031,2,2,0,0
1O001039,여자,50대,관리자,고졸(대학 재학 포함),강원도,1인 가구,미혼(사별/이혼 포함),맞벌이 하지 않음,500-600만원 미만,0.0692986140277194,0.14140921937433,0.1360429609350321,0.1395445134575569,0.1127206575933162,0.1358024691358025,0.1576702652272424,2,2,0,0
3M167063,여자,30대,사무 종사자,대학교 졸업(전문대졸/대학원생 포함),충청북도,1인 가구,미혼(사별/이혼 포함),맞벌이 하지 않음,300-400만원 미만,0.1587568248635027,0.1923789104375792,0.1075427327928117,0.1505866114561766,0.1289583614068185,0.1244212962962963,0.197254431560709,2,1,1,0
1O001081,남자,60대 이상,서비스 종사자,고졸(대학 재학 포함),강원도,1인 가구,미혼(사별/이혼 포함),맞벌이 하지 않음,400-500만원 미만,0.0552288954220915,0.14530747490498,0.1152995682847215,0.1423050379572118,0.0778870772133135,0.1674382716049382,0.1492736238837798,2,0,0,0
1H001424,여자,50대,서비스 종사자,고졸(대학 재학 포함),경기도,2세대가족,기혼,맞벌이 함,"1,000만원 이상",0.0335993280134397,0.1110028262352597,0.1344986135972763,0.1222912353347135,0.1073305484436059,0.1003086419753086,0.0986272157803545,2,2,0,0
1M000392,여자,20대,사무 종사자,대학교 졸업(전문대졸/대학원생 포함),충청북도,1인 가구,미혼(사별/이혼 포함),맞벌이 하지 않음,200-300만원 미만,0.1732465350692986,0.2186921352694669,0.0985223403881927,0.1450655624568668,0.1224228540627947,0.1403356481481481,0.2132480341196854,1,1,1,0
4N182018,여자,60대 이상,서비스 종사자,대학교 졸업(전문대졸/대학원생 포함),충청남도,1인 가구,미혼(사별/이혼 포함),맞벌이 하지 않음,100만원 미만,0.0545989080218395,0.2481239645258746,0.0438735039135165,0.1388543823326432,0.0175178547365584,0.2083333333333333,0.1466080234572837,0,0,1,0
1M000410,여자,60대 이상,판매 종사자,고졸(대학 재학 포함),충청북도,1인 가구,미혼(사별/이혼 포함),맞벌이 하지 않음,300-400만원 미만,0.1694666106677866,0.1901374135074554,0.0848689059703064,0.1478260869565217,0.1162242285406279,0.1186342592592592,0.2452352392376383,1,1,1,0
1H001427,여자,30대,사무 종사자,대학교 졸업(전문대졸/대학원생 포함),경기도,1세대가족,기혼,맞벌이 함,800-900만원 미만,0.0608987820243595,0.1168502095312347,0.1343231195816222,0.1278122843340234,0.1148767012532003,0.0977044753086419,0.1039584166333466,2,2,0,0
1O001117,남자,30대,서비스 종사자,대학교 졸업(전문대졸/대학원생 포함),강원도,1인 가구,미혼(사별/이혼 포함),맞벌이 하지 않음,400-500만원 미만,0.0703485930281394,0.1297144527823799,0.098276648766277,0.1423050379572118,0.0692629025737771,0.1585648148148148,0.2136478741836599,0,0,1,0
3O157003,여자,50대,주부,고졸(대학 재학 포함),강원도,2세대가족,기혼,맞벌이 하지 않음,600-700만원 미만,0.0772784544309113,0.1209433778384173,0.1354462812818082,0.1450655624568668,0.0896779409783048,0.1271219135802469,0.2105824336931894,2,2,0,0
4N182030,여자,60대 이상,주부,고졸(대학 재학 포함),충청남도,2세대가족,기혼,맞벌이 하지 않음,700-800만원 미만,0.0545989080218395,0.2081668453367118,0.0933628163279632,0.13567977915804,0.0404258186228271,0.2372685185185185,0.1785952285752365,0,0,1,0
1H001439,여자,40대,서비스 종사자,고졸(대학 재학 포함),경기도,2세대가족,기혼,맞벌이 함,"1,000만원 이상",0.0566988660226795,0.1149010817659097,0.140956793373346,0.1250517598343685,0.1030858374882091,0.0996334876543209,0.1066240170598427,2,2,0,0
4N182042,여자,60대 이상,주부,고졸(대학 재학 포함),충청남도,1세대가족,기혼,맞벌이 하지 않음,500-600만원 미만,0.0556488870222595,0.1494006432121626,0.0911866905338528,0.1301587301587301,0.0441315186632529,0.2054398148148148,0.2602958816473411,0,0,1,0
1H001454,여자,50대,서비스 종사자,고졸(대학 재학 포함),경기도,2세대가족,기혼,맞벌이 함,"1,000만원 이상",0.0566988660226795,0.1187993372965598,0.139061458004282,0.1278122843340234,0.1047702465974936,0.0996334876543209,0.1146208183393309,2,2,0,0
4O157084,여자,30대,사무 종사자,대학교 졸업(전문대졸/대학원생 포함),강원도,2세대가족,기혼,맞벌이 함,700-800만원 미만,0.0734985300293994,0.1345872721956924,0.160682320732863,0.1423050379572118,0.1122490230427166,0.1242283950617284,0.1745968279354924,2,2,0,0
4A021001,여자,40대,사무 종사자,대학교 졸업(전문대졸/대학원생 포함),서울특별시,1세대가족,기혼,맞벌이 함,600-700만원 미만,0.1511969760604788,0.204755871747393,0.0632129444385946,0.1395445134575569,0.0603018461123837,0.175636574074074,0.2172464347594295,0,0,1,0
4O157042,여자,60대 이상,서비스 종사자,고졸(대학 재학 포함),강원도,1세대가족,기혼,맞벌이 함,500-600만원 미만,0.0839983200335993,0.1287398888997173,0.1227756133515847,0.136783988957902,0.1077348066298342,0.1842206790123456,0.1843262694922031,2,2,0,0
4A021002,여자,50대,판매 종사자,대학교 졸업(전문대졸/대학원생 포함),서울특별시,1세대가족,기혼,맞벌이 함,500-600만원 미만,0.0892482150356992,0.2050482409121918,0.0598785581411673,0.136783988957902,0.0372591294973723,0.1845100308641975,0.2105824336931894,0,0,1,0
1O001046,여자,50대,전문가 및 관련 종사자,대학원 졸업 이상,강원도,1세대가족,기혼,맞벌이 함,"1,000만원 이상",0.0734985300293994,0.1326381444303674,0.1498016917623109,0.1395445134575569,0.1127206575933162,0.1404320987654321,0.1683326669332267,2,2,0,0
4E095015,여자,50대,서비스 종사자,고졸(대학 재학 포함),대전광역시,2세대가족,기혼,맞벌이 함,400-500만원 미만,0.1671566568668626,0.1845823993762791,0.0790074058474606,0.1423050379572118,0.0969545883304136,0.1806520061728395,0.2332400373184059,1,1,1,0
4E095018,여자,60대 이상,전문가 및 관련 종사자,대학교 졸업(전문대졸/대학원생 포함),대전광역시,1세대가족,기혼,맞벌이 함,400-500만원 미만,0.1138177236455271,0.1920865412727804,0.0852549928047453,0.1423050379572118,0.0668373534564075,0.1692708333333333,0.2212448353991736,0,0,1,0
1E000227,여자,60대 이상,주부,대학교 졸업(전문대졸/대학원생 포함),대전광역시,2세대가족,기혼,맞벌이 하지 않음,700-800만원 미만,0.1570768584628307,0.1462820387876425,0.1204239935418202,0.134023464458247,0.1073979248079773,0.1324266975308642,0.2185792349726776,2,0,0,0
4E095024,여자,60대 이상,사무 종사자,대학교 졸업(전문대졸/대학원생 포함),대전광역시,2세대가족,기혼,맞벌이 함,500-600만원 미만,0.1467870642587148,0.1865315271416041,0.0863781545049313,0.1423050379572118,0.0787629699501415,0.1655092592592592,0.2585632413701186,1,1,1,0
1E000256,여자,40대,주부,대학교 졸업(전문대졸/대학원생 포함),대전광역시,2세대가족,기혼,맞벌이 하지 않음,400-500만원 미만,0.1556068878622427,0.14608712601111,0.118212768944579,0.144375431331953,0.1377172887750977,0.1558641975308642,0.2119152339064374,2,1,0,0
4N182048,남자,30대,군인,대학교 졸업(전문대졸/대학원생 포함),충청남도,1세대가족,기혼,맞벌이 함,500-600만원 미만,0.0503989920201596,0.2269759282720982,0.0393106595065108,0.1416149068322981,0.0134752728742757,0.1970486111111111,0.1825936292149806,0,0,1,0
1E000265,여자,60대 이상,서비스 종사자,대학교 졸업(전문대졸/대학원생 포함),대전광역시,1세대가족,기혼,맞벌이 함,600-700만원 미만,0.1839563208735825,0.1155832764837735,0.1162823347723842,0.1250517598343685,0.1463414634146341,0.121045524691358,0.2159136345461815,2,1,0,0
1E000364,여자,50대,사무 종사자,대학교 졸업(전문대졸/대학원생 포함),대전광역시,2세대가족,기혼,맞벌이 함,700-800만원 미만,0.2393952120957581,0.1716206997368677,0.0923449510371696,0.1450655624568668,0.148632259803261,0.1858603395061728,0.1999200319872051,1,1,2,0
4G102004,여자,60대 이상,서비스 종사자,대학교 졸업(전문대졸/대학원생 포함),울산광역시,1세대가족,기혼,맞벌이 함,400-500만원 미만,0.1402771944561108,0.1677224442062177,0.0862026604892773,0.1616287094547964,0.0766743026546287,0.1138117283950617,0.257630281220845,1,1,1,0
1E000368,여자,30대,전문가 및 관련 종사자,대학교 졸업(전문대졸/대학원생 포함),대전광역시,1인 가구,미혼(사별/이혼 포함),맞벌이 하지 않음,300-400만원 미만,0.2078958420831583,0.1950102329207679,0.0825172861605419,0.1450655624568668,0.0900148228001617,0.1402391975308642,0.1976542716246835,1,1,2,0
4G102008,여자,50대,판매 종사자,대학교 졸업(전문대졸/대학원생 포함),울산광역시,1세대가족,기혼,맞벌이 함,600-700만원 미만,0.1686266274674506,0.1755189552675178,0.0876768102207714,0.1478260869565217,0.0857701118447648,0.1152584876543209,0.2199120351859256,1,1,1,0
3F081028,남자,60대 이상,사무 종사자,고졸(대학 재학 포함),광주광역시,2세대가족,기혼,맞벌이 함,700-800만원 미만,0.1980260394792104,0.1384855277263424,0.0552104173247692,0.1229813664596273,0.1086780757310335,0.1291473765432098,0.1999200319872051,1,0,1,0
4G102012,여자,60대 이상,서비스 종사자,고졸(대학 재학 포함),울산광역시,1세대가족,기혼,맞벌이 함,500-600만원 미만,0.1742965140697186,0.1560276776142676,0.0882383910708645,0.1450655624568668,0.0889368009702196,0.1205632716049382,0.2602958816473411,1,1,1,0
1D000337,여자,50대,사무 종사자,대학교 졸업(전문대졸/대학원생 포함),대구광역시,2세대가족,기혼,맞벌이 함,600-700만원 미만,0.1860562788744225,0.1150959945424422,0.1207749815731283,0.1395445134575569,0.1749090419080986,0.1017554012345679,0.1239504198320671,2,2,0,0
1L000621,남자,50대,장치·기계 조작 및 조립 종사자,고졸(대학 재학 포함),전라남도,2세대가족,미혼(사별/이혼 포함),맞벌이 하지 않음,300-400만원 미만,0.1742965140697186,0.1092486112464672,0.06258116598224,0.1285024154589372,0.1003907829133539,0.1264467592592592,0.2039184326269492,1,0,2,0
1N000003,여자,50대,판매 종사자,대학교 졸업(전문대졸/대학원생 포함),충청남도,2세대가족,기혼,맞벌이 함,500-600만원 미만,0.1700965980680386,0.0880031186044245,0.0874311185988557,0.1108350586611456,0.1410187306292952,0.0925925925925926,0.158603225376516,2,0,1,0
1N000005,여자,50대,판매 종사자,고졸(대학 재학 포함),충청남도,1세대가족,기혼,맞벌이 함,400-500만원 미만,0.0713985720285594,0.1097358931877984,0.052051525042996,0.1080745341614906,0.0545748551408166,0.0868055555555555,0.2629614820738372,0,0,1,0
3G103048,여자,40대,주부,대학교 졸업(전문대졸/대학원생 포함),울산광역시,2세대가족,기혼,맞벌이 하지 않음,600-700만원 미만,0.253044939101218,0.1628496247929051,0.06689831876733,0.1423050379572118,0.1363697614876701,0.115065586419753,0.2532320405171265,1,1,2,0
1L000639,여자,60대 이상,서비스 종사자,고졸(대학 재학 포함),전라남도,1세대가족,기혼,맞벌이 함,300-400만원 미만,0.1791264174716505,0.1355618360783549,0.0560878874030395,0.1285024154589372,0.0891389300633337,0.1070601851851851,0.2145808343329335,1,1,2,0
1H002391,여자,50대,서비스 종사자,고졸(대학 재학 포함),경기도,2세대가족,기혼,맞벌이 함,600-700만원 미만,0.1858462830743385,0.14920573043563,0.0853953880172686,0.1505866114561766,0.1304406414229888,0.1449652777777778,0.2612288417966147,1,1,2,0
4G102020,여자,50대,서비스 종사자,대학교 졸업(전문대졸/대학원생 포함),울산광역시,1세대가족,기혼,맞벌이 함,600-700만원 미만,0.1879462410751785,0.1579768053795926,0.0844477203327366,0.1478260869565217,0.0832098099986524,0.1157407407407407,0.2505664400906304,1,1,1,0
1H002405,여자,50대,판매 종사자,고졸(대학 재학 포함),경기도,1인 가구,미혼(사별/이혼 포함),맞벌이 하지 않음,200-300만원 미만,0.1887862242755145,0.1982262937335542,0.0867993401425011,0.1561076604554865,0.1344158469209001,0.1584683641975308,0.2159136345461815,1,1,1,0
1N000013,여자,60대 이상,주부,고졸(대학 재학 포함),충청남도,1세대가족,기혼,맞벌이 하지 않음,500-600만원 미만,0.0615287694246115,0.039274924471299,0.0733564985433996,0.0234644582470669,0.0817275299824821,0.0761959876543209,0.1319472211115553,3,3,3,1
4D054024,여자,40대,주부,대학교 졸업(전문대졸/대학원생 포함),대구광역시,2세대가족,기혼,맞벌이 하지 않음,400-500만원 미만,0.1709365812683746,0.1199688139557548,0.1008388613948264,0.1312629399585921,0.1239725104433364,0.1907793209876543,0.1879248300679728,2,2,0,0
1H002411,여자,40대,서비스 종사자,고졸(대학 재학 포함),경기도,2세대가족,기혼,맞벌이 함,500-600만원 미만,0.1816463670726585,0.1533963551310788,0.0931171247060475,0.1450655624568668,0.1462067106858914,0.1488233024691358,0.2536318805811009,1,1,2,0
4D054027,여자,40대,주부,대학교 졸업(전문대졸/대학원생 포함),대구광역시,2세대가족,기혼,맞벌이 하지 않음,500-600만원 미만,0.1688366232675346,0.1407270246564662,0.0923098522340388,0.1423050379572118,0.1280150923056192,0.1462191358024691,0.158603225376516,2,1,0,0
3H143002,여자,60대 이상,서비스 종사자,고졸(대학 재학 포함),경기도,1세대가족,기혼,맞벌이 함,400-500만원 미만,0.2133557328853423,0.1465744079524413,0.0899582324242743,0.1505866114561766,0.1351569869289853,0.1618441358024691,0.2558976409436225,1,1,2,0
1H000587,여자,30대,주부,대학교 졸업(전문대졸/대학원생 포함),경기도,2세대가족,기혼,맞벌이 하지 않음,200-300만원 미만,0.1276774464510709,0.1214306597797485,0.1062089782738408,0.1333333333333333,0.1406818488074383,0.1703317901234567,0.1052912168465947,2,2,0,0
4G102024,여자,50대,사무 종사자,대학교 졸업(전문대졸/대학원생 포함),울산광역시,2세대가족,기혼,맞벌이 함,600-700만원 미만,0.1686266274674506,0.1487184484942988,0.0925204450528237,0.144375431331953,0.0947311683061581,0.1089891975308642,0.2492336398773824,1,1,1,0
4H143024,여자,30대,주부,대학교 졸업(전문대졸/대학원생 포함),경기도,2세대가족,기혼,맞벌이 하지 않음,400-500만원 미만,0.2127257454850903,0.1699639411363415,0.0963813133972131,0.1505866114561766,0.1278803395768764,0.1596257716049382,0.2545648407303745,1,1,2,0
4G102028,여자,60대 이상,서비스 종사자,고졸(대학 재학 포함),울산광역시,1세대가족,기혼,맞벌이 함,500-600만원 미만,0.1784964300713985,0.1579768053795926,0.0869046365518935,0.1450655624568668,0.0832098099986524,0.1070601851851851,0.2492336398773824,1,1,1,0
1N000027,남자,60대 이상,기능원 및 관련 기능 종사자,고졸(대학 재학 포함),충청남도,1세대가족,기혼,맞벌이 함,500-600만원 미만,0.0671986560268794,0.0838124939089757,0.0838861394826436,0.0993788819875776,0.0770111844764856,0.0964506172839506,0.1252832200453152,2,0,1,0
4H143048,여자,30대,사무 종사자,대학교 졸업(전문대졸/대학원생 포함),경기도,1인 가구,미혼(사별/이혼 포함),맞벌이 하지 않음,200-300만원 미만,0.1934061318773624,0.1706461358542052,0.089817837211751,0.1478260869565217,0.1181781431073979,0.1628086419753086,0.2545648407303745,1,1,2,0
1D000292,남자,40대,기능원 및 관련 기능 종사자,대학교 졸업(전문대졸/대학원생 포함),대구광역시,2세대가족,기혼,맞벌이 함,500-600만원 미만,0.1558168836623267,0.1014521001851671,0.0562633814186936,0.1174603174603174,0.0803126263306832,0.1051311728395061,0.2736238837798214,0,1,2,0
1N000001,여자,50대,판매 종사자,대학교 졸업(전문대졸/대학원생 포함),충청남도,2세대가족,기혼,맞벌이 함,600-700만원 미만,0.0986980260394792,0.092875938017737,0.0751114386999403,0.1053140096618357,0.1120468939496024,0.0983796296296296,0.15593762495002,2,0,1,0
4D054030,여자,40대,사무 종사자,대학교 졸업(전문대졸/대학원생 포함),대구광역시,2세대가족,기혼,맞벌이 함,800-900만원 미만,0.2076858462830743,0.1258161972517298,0.0858165736548383,0.1423050379572118,0.1319902978035305,0.1824845679012345,0.1759296281487405,1,2,0,0
1D000287,여자,60대 이상,서비스 종사자,고졸(대학 재학 포함),대구광역시,1인 가구,미혼(사별/이혼 포함),맞벌이 하지 않음,200-300만원 미만,0.1463670726585468,0.1550531137316051,0.0450317644168333,0.1312629399585921,0.0469613259668508,0.109278549382716,0.2869518859123017,0,1,2,0
1N000057,여자,60대 이상,서비스 종사자,대학교 졸업(전문대졸/대학원생 포함),충청남도,2세대가족,기혼,맞벌이 함,600-700만원 미만,0.0713985720285594,0.088977682487087,0.0927661366747394,0.0997929606625258,0.1012666756501819,0.085841049382716,0.1923230707716913,2,0,1,0
4D054033,여자,60대 이상,주부,고졸(대학 재학 포함),대구광역시,1세대가족,기혼,맞벌이 하지 않음,200-300만원 미만,0.1024779504409911,0.1092486112464672,0.1075076339896809,0.1285024154589372,0.1117100121277455,0.15625,0.1426096228175396,2,2,0,0
1N000063,여자,60대 이상,기능원 및 관련 기능 종사자,고졸(대학 재학 포함),충청남도,2세대가족,기혼,맞벌이 함,500-600만원 미만,0.0671986560268794,0.0967741935483871,0.0741637710154083,0.1080745341614906,0.1003907829133539,0.083912037037037,0.1696654671464747,0,0,1,0
1N000074,여자,50대,서비스 종사자,대학교 졸업(전문대졸/대학원생 포함),충청남도,2세대가족,기혼,맞벌이 함,600-700만원 미만,0.1616967660646787,0.0925835688529383,0.076866378856481,0.1076604554865424,0.1172348740061986,0.0694444444444444,0.1492736238837798,2,0,1,0
1Q000192,여자,60대 이상,주부,고졸(대학 재학 포함),세종특별자치시,1세대가족,기혼,맞벌이 하지 않음,300-400만원 미만,0.2095758084838303,0.2076795633953805,0.0673195044048998,0.1312629399585921,0.0780218299420563,0.1902006172839506,0.2185792349726776,1,0,2,0
1H001703,여자,60대 이상,주부,중졸 이하,경기도,1세대가족,기혼,맞벌이 하지 않음,400-500만원 미만,0.0808483830323393,0.1029139460091609,0.1444315748832964,0.1163561076604554,0.1121816466783452,0.1099537037037037,0.1039584166333466,2,2,0,0
3D053040,여자,60대 이상,주부,중졸 이하,대구광역시,1인 가구,미혼(사별/이혼 포함),맞벌이 하지 않음,200-300만원 미만,0.2120957580848383,0.1024266640678296,0.1070864483521112,0.1285024154589372,0.1542918744104568,0.1335841049382716,0.1003598560575769,2,2,0,0
1H001717,여자,40대,서비스 종사자,고졸(대학 재학 포함),경기도,2세대가족,기혼,맞벌이 함,800-900만원 미만,0.0608987820243595,0.1126595848357859,0.1540837457442701,0.1360938578329882,0.1299016305080177,0.0996334876543209,0.117286418765827,2,2,0,0
4E089007,여자,60대 이상,주부,고졸(대학 재학 포함),대전광역시,2세대가족,기혼,맞벌이 하지 않음,500-600만원 미만,0.120747585048299,0.1238670694864048,0.0870801305675476,0.136783988957902,0.1049723756906077,0.1358989197530864,0.2772224443555911,1,1,1,0
4E089014,여자,50대,판매 종사자,대학교 졸업(전문대졸/대학원생 포함),대전광역시,2세대가족,기혼,맞벌이 함,500-600만원 미만,0.0999580008399832,0.1609004970275801,0.07423396862167,0.1395445134575569,0.0617841261285541,0.1141010802469135,0.3012128481940557,0,1,2,0
4E089028,여자,30대,사무 종사자,대학교 졸업(전문대졸/대학원생 포함),대전광역시,2세대가족,기혼,맞벌이 함,600-700만원 미만,0.1320873582528349,0.1219179417210798,0.0958548313502509,0.1395445134575569,0.1115078830346314,0.1333912037037037,0.2452352392376383,1,1,1,0
4I218014,남자,50대,서비스 종사자,고졸(대학 재학 포함),경상북도,1인 가구,미혼(사별/이혼 포함),맞벌이 하지 않음,300-400만원 미만,0.0608987820243595,0.1501802943182925,0.0813590256572251,0.1395445134575569,0.0657593316264654,0.1784336419753086,0.2199120351859256,0,0,1,0
4E089042,여자,30대,사무 종사자,대학교 졸업(전문대졸/대학원생 포함),대전광역시,1세대가족,기혼,맞벌이 함,500-600만원 미만,0.114657706845863,0.1794172107981678,0.0779544417535362,0.136783988957902,0.0605713515698692,0.1295331790123457,0.2598960415833666,0,1,1,0
4I250005,여자,20대,사무 종사자,대학교 졸업(전문대졸/대학원생 포함),경상북도,1인 가구,미혼(사별/이혼 포함),맞벌이 하지 않음,200-300만원 미만,0.0772784544309113,0.1043757918331546,0.0698466182303183,0.1285024154589372,0.0456811750437946,0.1519097222222222,0.1599360255897641,0,2,1,0
4I218018,여자,50대,서비스 종사자,대학교 졸업(전문대졸/대학원생 포함),경상북도,2세대가족,기혼,맞벌이 함,300-400만원 미만,0.0787484250314993,0.1797095799629666,0.0767259836439577,0.1312629399585921,0.0433230022907963,0.1257716049382716,0.2625616420098627,0,1,1,0
4E089056,여자,60대 이상,서비스 종사자,고졸(대학 재학 포함),대전광역시,2세대가족,기혼,맞벌이 함,400-500만원 미만,0.1402771944561108,0.1360491180196862,0.0743392650310624,0.1278122843340234,0.0749898935453442,0.0983796296296296,0.2878848460615754,0,1,2,0
4E095036,여자,50대,사무 종사자,대학교 졸업(전문대졸/대학원생 포함),대전광역시,1세대가족,기혼,맞벌이 함,400-500만원 미만,0.1056278874422511,0.1823409024461553,0.0760591063844722,0.1312629399585921,0.0615146206710685,0.148341049382716,0.235905637744902,0,0,1,0
4E095033,남자,60대 이상,무직,대학교 졸업(전문대졸/대학원생 포함),대전광역시,1세대가족,기혼,맞벌이 하지 않음,200-300만원 미만,0.1377572448551028,0.1725952636195302,0.0719876452212979,0.136783988957902,0.0934510173831019,0.1673418209876543,0.2225776356124217,0,0,1,0
4I250008,여자,20대,사무 종사자,대학교 졸업(전문대졸/대학원생 포함),경상북도,1인 가구,미혼(사별/이혼 포함),맞벌이 하지 않음,300-400만원 미만,0.121377572448551,0.1297144527823799,0.0772173668877891,0.1395445134575569,0.0766743026546287,0.1456404320987654,0.1346128215380514,0,0,1,0
1N000093,여자,20대,서비스 종사자,대학교 졸업(전문대졸/대학원생 포함),충청남도,1인 가구,미혼(사별/이혼 포함),맞벌이 하지 않음,200-300만원 미만,0.1847963040739185,0.0941428710651983,0.0995402056789863,0.1167701863354037,0.1423662579167228,0.0790895061728395,0.0892976142876182,2,2,1,0
1H001742,여자,40대,서비스 종사자,고졸(대학 재학 포함),경기도,2세대가족,기혼,맞벌이 함,"1,000만원 이상",0.0703485930281394,0.116557840366436,0.1416587694359622,0.1360938578329882,0.1148767012532003,0.0996334876543209,0.1266160202585632,2,2,0,0
1H001743,여자,60대 이상,서비스 종사자,고졸(대학 재학 포함),경기도,2세대가족,기혼,맞벌이 함,800-900만원 미만,0.0713985720285594,0.1087613293051359,0.1429223263486715,0.1305728088336784,0.1177738849211696,0.0974151234567901,0.1243502598960415,2,2,0,0
4I250014,여자,20대,판매 종사자,대학교 졸업(전문대졸/대학원생 포함),경상북도,1인 가구,미혼(사별/이혼 포함),맞벌이 하지 않음,400-500만원 미만,0.1358672826543469,0.1102231751291297,0.0797795795163385,0.1423050379572118,0.1022099447513812,0.1220100308641975,0.1412768226042916,2,2,0,0
3B044042,여자,50대,서비스 종사자,고졸(대학 재학 포함),부산광역시,2세대가족,기혼,맞벌이 함,500-600만원 미만,0.0976480470390592,0.1550531137316051,0.1102804394370152,0.136783988957902,0.0962134483223285,0.1141010802469135,0.1919232307077169,2,0,0,0
4I250023,남자,30대,판매 종사자,대학교 졸업(전문대졸/대학원생 포함),경상북도,1인 가구,미혼(사별/이혼 포함),맞벌이 하지 않음,200-300만원 미만,0.121167576648467,0.1121723028944547,0.0926608402653469,0.1395445134575569,0.0766069262902573,0.1572145061728395,0.078635212581634,2,2,0,0
3A017002,여자,60대 이상,주부,고졸(대학 재학 포함),서울특별시,1세대가족,기혼,맞벌이 하지 않음,300-400만원 미만,0.0650986980260394,0.0972614754897183,0.1125969604436488,0.1170462387853692,0.1361002560301846,0.1213348765432098,0.1332800213248034,2,2,0,0
4I250017,여자,60대 이상,주부,중졸 이하,경상북도,1인 가구,미혼(사별/이혼 포함),맞벌이 하지 않음,100만원 미만,0.0583788324233515,0.0302114803625377,0.0825874837668035,0.0262249827467218,0.0517450478372187,0.1128472222222222,0.0932960149273623,3,3,3,1
1H001744,여자,30대,사무 종사자,대학교 졸업(전문대졸/대학원생 포함),경기도,1세대가족,기혼,맞벌이 함,700-800만원 미만,0.0741285174296514,0.1297144527823799,0.1475553683619388,0.1450655624568668,0.1191214122085972,0.1036844135802469,0.117286418765827,2,2,0,0
1L000618,남자,60대 이상,농림어업 숙련 종사자,고졸(대학 재학 포함),전라남도,1세대가족,기혼,맞벌이 함,300-400만원 미만,0.0949181016379672,0.1469642335055063,0.046786704573374,0.1198067632850241,0.0472982077887077,0.1430362654320987,0.2239104358256697,0,0,1,0
4I250026,여자,20대,기능원 및 관련 기능 종사자,대학교 졸업(전문대졸/대학원생 포함),경상북도,1인 가구,미혼(사별/이혼 포함),맞벌이 하지 않음,200-300만원 미만,0.1348173036539269,0.1803917746808303,0.0414165876943596,0.1395445134575569,0.0580784260881282,0.1517168209876543,0.1772624283619885,0,0,1,0
4J228005,여자,50대,판매 종사자,고졸(대학 재학 포함),경상남도,2세대가족,기혼,맞벌이 함,600-700만원 미만,0.1304073918521629,0.1306890166650424,0.0972587834754835,0.134023464458247,0.120334186767282,0.1032021604938271,0.2079168332666933,2,1,1,0
1N000099,여자,50대,서비스 종사자,고졸(대학 재학 포함),충청남도,2세대가족,기혼,맞벌이 함,600-700만원 미만,0.1658966820663586,0.0990156904785108,0.1067003615176722,0.1167701863354037,0.1078021829942056,0.081983024691358,0.0959616153538584,2,2,1,0
1N000101,여자,50대,농림어업 숙련 종사자,고졸(대학 재학 포함),충청남도,1인 가구,미혼(사별/이혼 포함),맞벌이 하지 않음,200-300만원 미만,0.0524989500209995,0.0799142383783257,0.0856410796391843,0.0966183574879227,0.1003907829133539,0.0771604938271605,0.1346128215380514,2,0,1,0
1N000103,남자,30대,사무 종사자,대학교 졸업(전문대졸/대학원생 포함),충청남도,1인 가구,미혼(사별/이혼 포함),맞벌이 하지 않음,200-300만원 미만,0.1616967660646787,0.0799142383783257,0.0635288336667719,0.0966183574879227,0.1154157121681714,0.0752314814814814,0.2092496334799413,1,0,2,0
4J228010,여자,30대,사무 종사자,고졸(대학 재학 포함),경상남도,1세대가족,기혼,맞벌이 함,500-600만원 미만,0.120117597648047,0.1572946106617289,0.0470323961952897,0.1450655624568668,0.0654898261689799,0.0983796296296296,0.2616286818605891,0,1,2,0
1H001748,여자,40대,서비스 종사자,고졸(대학 재학 포함),경기도,2세대가족,기혼,맞벌이 함,"1,000만원 이상",0.0713985720285594,0.1246467205925348,0.1454845389772208,0.1360938578329882,0.1138660557876296,0.1152584876543209,0.1266160202585632,2,2,0,0
1N000114,남자,30대,사무 종사자,대학교 졸업(전문대졸/대학원생 포함),충청남도,1인 가구,미혼(사별/이혼 포함),맞벌이 하지 않음,200-300만원 미만,0.0524989500209995,0.0818633661436507,0.0752167351093327,0.1021394064872325,0.1044333647756367,0.0771604938271605,0.15593762495002,2,0,1,0
3N174006,여자,40대,판매 종사자,대학교 졸업(전문대졸/대학원생 포함),충청남도,1세대가족,기혼,맞벌이 함,500-600만원 미만,0.1847963040739185,0.0701685995517006,0.0659857498859289,0.0910973084886128,0.1181107667430265,0.0713734567901234,0.1799280287884846,1,0,2,0
4J228015,여자,60대 이상,서비스 종사자,고졸(대학 재학 포함),경상남도,1인 가구,미혼(사별/이혼 포함),맞벌이 하지 않음,200-300만원 미만,0.1304073918521629,0.1131468667771172,0.0774981573128356,0.136783988957902,0.105376633876836,0.0868055555555555,0.2105824336931894,0,0,2,0
3N174008,남자,60대 이상,농림어업 숙련 종사자,고졸(대학 재학 포함),충청남도,2세대가족,기혼,맞벌이 함,500-600만원 미만,0.1413271734565308,0.092875938017737,0.086448352111193,0.1108350586611456,0.1437137852041503,0.0848765432098765,0.119952019192323,2,2,1,0
3G107056,남자,60대 이상,취업 준비 중,고졸(대학 재학 포함),울산광역시,1세대가족,기혼,맞벌이 하지 않음,200-300만원 미만,0.1005879882402352,0.1175324042490985,0.0749008458811554,0.1278122843340234,0.0880609082333917,0.0906635802469135,0.2145808343329335,0,0,1,0
3B044048,여자,60대 이상,판매 종사자,고졸(대학 재학 포함),부산광역시,3세대가족,기혼,맞벌이 함,600-700만원 미만,0.1354472910541789,0.1745443913848552,0.1089817837211751,0.1395445134575569,0.0933162646543592,0.1160300925925926,0.2039184326269492,2,1,0,0
4B044020,남자,60대 이상,무직,고졸(대학 재학 포함),부산광역시,1세대가족,기혼,맞벌이 하지 않음,300-400만원 미만,0.123057538849223,0.1462820387876425,0.1150538766628058,0.136783988957902,0.0957418137717288,0.1186342592592592,0.1999200319872051,2,0,0,0
3B044054,여자,50대,서비스 종사자,고졸(대학 재학 포함),부산광역시,2세대가족,기혼,맞벌이 함,600-700만원 미만,0.1581268374632507,0.1462820387876425,0.1056473974237478,0.1395445134575569,0.1213448322328527,0.1138117283950617,0.2239104358256697,1,1,0,0
4I250034,남자,60대 이상,판매 종사자,대학교 졸업(전문대졸/대학원생 포함),경상북도,1인 가구,미혼(사별/이혼 포함),맞벌이 하지 않음,200-300만원 미만,0.1041579168416631,0.1719130689016665,0.0617738935102313,0.1312629399585921,0.0570004042581862,0.1509452160493827,0.1292816206850593,0,0,1,0
3J236005,여자,50대,서비스 종사자,고졸(대학 재학 포함),경상남도,2세대가족,기혼,맞벌이 함,500-600만원 미만,0.0587988240235195,0.1570022414969301,0.1102453406338844,0.136783988957902,0.0629969006872389,0.1198881172839506,0.2212448353991736,0,0,1,0
3J236015,여자,60대 이상,기능원 및 관련 기능 종사자,고졸(대학 재학 포함),경상남도,1세대가족,기혼,맞벌이 함,400-500만원 미만,0.0852582948341033,0.1550531137316051,0.1028394931732828,0.136783988957902,0.0896779409783048,0.1198881172839506,0.2119152339064374,2,1,0,0
4I250037,여자,50대,기능원 및 관련 기능 종사자,고졸(대학 재학 포함),경상북도,1인 가구,미혼(사별/이혼 포함),맞벌이 하지 않음,100-200만원 미만,0.0989080218395632,0.0985284085371796,0.0838861394826436,0.1285024154589372,0.060706104298612,0.1169945987654321,0.0746368119418899,2,2,0,0
4G102032,여자,40대,서비스 종사자,대학교 졸업(전문대졸/대학원생 포함),울산광역시,2세대가족,기혼,맞벌이 함,600-700만원 미만,0.1742965140697186,0.1462820387876425,0.0953283493032887,0.1505866114561766,0.087589273682792,0.1194058641975308,0.2656270825003332,1,1,1,0
3J236020,여자,50대,서비스 종사자,고졸(대학 재학 포함),경상남도,2세대가족,기혼,맞벌이 함,500-600만원 미만,0.0999580008399832,0.1570022414969301,0.1053666069987013,0.1423050379572118,0.0828729281767955,0.1186342592592592,0.2039184326269492,2,0,0,0
4J236002,여자,60대 이상,서비스 종사자,고졸(대학 재학 포함),경상남도,2세대가족,기혼,맞벌이 함,600-700만원 미만,0.0692986140277194,0.1589513692622551,0.117265101260047,0.1395445134575569,0.0840857027354803,0.1118827160493827,0.1999200319872051,2,0,0,0
4Q110003,남자,30대,사무 종사자,대학교 졸업(전문대졸/대학원생 포함),세종특별자치시,1세대가족,기혼,맞벌이 함,400-500만원 미만,0.2568248635027299,0.2408147354059058,0.045101962023095,0.1478260869565217,0.0871176391321924,0.1836419753086419,0.1732640277222444,1,0,2,0
4Q110006,여자,50대,사무 종사자,대학교 졸업(전문대졸/대학원생 포함),세종특별자치시,1인 가구,미혼(사별/이혼 포함),맞벌이 하지 않음,200-300만원 미만,0.2658546829063418,0.1667478803235552,0.0876768102207714,0.1423050379572118,0.1169653685487131,0.2036072530864197,0.235905637744902,1,0,2,0
1H001753,여자,50대,주부,고졸(대학 재학 포함),경기도,1세대가족,기혼,맞벌이 하지 않음,600-700만원 미만,0.0514489710205795,0.1233797875450735,0.1461163174335755,0.1305728088336784,0.1226249831559089,0.1138117283950617,0.1266160202585632,2,2,0,0
1H001757,여자,30대,주부,고졸(대학 재학 포함),경기도,2세대가족,기혼,맞벌이 하지 않음,400-500만원 미만,0.0793784124317513,0.1263034791930611,0.1494156049278719,0.144375431331953,0.1250505322732785,0.1099537037037037,0.1292816206850593,2,2,0,0
1F000304,여자,30대,사무 종사자,대학교 졸업(전문대졸/대학원생 포함),광주광역시,2세대가족,기혼,맞벌이 함,500-600만원 미만,0.0745485090298194,0.1131468667771172,0.1256888140114422,0.134023464458247,0.1147419485244576,0.0974151234567901,0.119952019192323,2,2,0,0
1F000319,여자,60대 이상,서비스 종사자,고졸(대학 재학 포함),광주광역시,1세대가족,기혼,맞벌이 함,400-500만원 미만,0.0556488870222595,0.1131468667771172,0.1281457302305991,0.134023464458247,0.0862417463953645,0.1003086419753086,0.117286418765827,2,2,0,0
4I250047,여자,20대,사무 종사자,대학교 졸업(전문대졸/대학원생 포함),경상북도,1인 가구,미혼(사별/이혼 포함),맞벌이 하지 않음,200-300만원 미만,0.1106677866442671,0.1102231751291297,0.0740584746060159,0.136783988957902,0.1051071284193504,0.163966049382716,0.1439424230307877,2,2,1,0
3J236040,여자,50대,사무 종사자,대학교 졸업(전문대졸/대학원생 포함),경상남도,2세대가족,기혼,맞벌이 함,500-600만원 미만,0.0915581688366232,0.1462820387876425,0.1158260503316837,0.1395445134575569,0.0974262228810133,0.1303047839506173,0.1852592296414767,2,0,0,0
3G101045,여자,60대 이상,판매 종사자,고졸(대학 재학 포함),울산광역시,1인 가구,미혼(사별/이혼 포함),맞벌이 하지 않음,200-300만원 미만,0.2322553548929021,0.2281454049312932,0.0831490646168965,0.1450655624568668,0.0927098773750168,0.1060956790123456,0.2283086765293882,1,1,2,0
4I250044,남자,30대,사무 종사자,대학교 졸업(전문대졸/대학원생 포함),경상북도,1인 가구,미혼(사별/이혼 포함),맞벌이 하지 않음,200-300만원 미만,0.1520369592608147,0.1121723028944547,0.0965217086097364,0.1395445134575569,0.095943942864843,0.1774691358024691,0.119952019192323,2,2,0,0
3G101055,남자,40대,서비스 종사자,대학교 졸업(전문대졸/대학원생 포함),울산광역시,1인 가구,미혼(사별/이혼 포함),맞벌이 하지 않음,400-500만원 미만,0.2133557328853423,0.2349673521099308,0.0801656663507774,0.1423050379572118,0.0922382428244172,0.1224922839506172,0.2159136345461815,1,1,2,0
3F083031,여자,40대,판매 종사자,대학교 졸업(전문대졸/대학원생 포함),광주광역시,2세대가족,기혼,맞벌이 함,500-600만원 미만,0.0730785384292314,0.1072994834811422,0.127794742199291,0.1257418909592822,0.0874545209540493,0.1012731481481481,0.1226176196188191,2,2,0,0
3G103020,남자,30대,서비스 종사자,대학교 졸업(전문대졸/대학원생 포함),울산광역시,2세대가족,기혼,맞벌이 함,700-800만원 미만,0.248845023099538,0.2135269466913556,0.0797093819100768,0.1423050379572118,0.1127206575933162,0.1141010802469135,0.2292416366786618,1,1,2,0
3I213003,남자,60대 이상,기능원 및 관련 기능 종사자,중졸 이하,경상북도,1세대가족,기혼,맞벌이 하지 않음,200-300만원 미만,0.1283074338513229,0.1004775363025046,0.0897125408023586,0.1257418909592822,0.0893410591564479,0.1565393518518518,0.0986272157803545,2,2,0,0
3L204002,여자,40대,서비스 종사자,고졸(대학 재학 포함),전라남도,1인 가구,미혼(사별/이혼 포함),맞벌이 하지 않음,200-300만원 미만,0.1724065518689626,0.1245492642042686,0.0580183215752342,0.125327812284334,0.0885325427839913,0.1282793209876543,0.2425696388111422,1,0,2,0
3L204004,여자,60대 이상,서비스 종사자,고졸(대학 재학 포함),전라남도,1인 가구,미혼(사별/이혼 포함),맞벌이 하지 않음,200-300만원 미만,0.1526669466610667,0.1404346554916674,0.0717068547962514,0.1257418909592822,0.0826707990836814,0.1434220679012345,0.195921631347461,0,0,1,0
3I213006,여자,60대 이상,판매 종사자,중졸 이하,경상북도,1인 가구,미혼(사별/이혼 포함),맞벌이 하지 않음,200-300만원 미만,0.1121377572448551,0.0985284085371796,0.0912568881401144,0.1257418909592822,0.105376633876836,0.1681134259259259,0.0759696121551379,2,2,0,0
3L204003,여자,60대 이상,농림어업 숙련 종사자,고졸(대학 재학 포함),전라남도,1세대가족,기혼,맞벌이 함,400-500만원 미만,0.1125577488450231,0.1206510086736185,0.0798848759257309,0.122567287784679,0.0767416790190001,0.1244212962962963,0.2452352392376383,0,0,2,0
1L000628,여자,60대 이상,농림어업 숙련 종사자,고졸(대학 재학 포함),전라남도,1세대가족,기혼,맞벌이 함,300-400만원 미만,0.1446871062578748,0.1180196861904297,0.0639851181074725,0.1285024154589372,0.0836814445492521,0.1179591049382716,0.2065840330534453,0,0,2,0
4I217012,남자,20대,사무 종사자,대학교 졸업(전문대졸/대학원생 포함),경상북도,1인 가구,미혼(사별/이혼 포함),맞벌이 하지 않음,200-300만원 미만,0.1520369592608147,0.1501802943182925,0.068021480467516,0.1395445134575569,0.0609082333917261,0.1582754629629629,0.2692256430761029,0,0,2,0
4I217016,여자,30대,서비스 종사자,고졸(대학 재학 포함),경상북도,1인 가구,미혼(사별/이혼 포함),맞벌이 하지 않음,200-300만원 미만,0.1459470810583788,0.1102231751291297,0.0673897020111614,0.1395445134575569,0.0966850828729281,0.1383101851851852,0.234572837531654,1,0,2,0
4I217024,여자,40대,기능원 및 관련 기능 종사자,고졸(대학 재학 포함),경상북도,1세대가족,기혼,맞벌이 함,300-400만원 미만,0.124737505249895,0.1082740473638047,0.0804113579726931,0.1395445134575569,0.1067241611642635,0.1216242283950617,0.2105824336931894,0,1,2,0
4J228020,여자,60대 이상,주부,고졸(대학 재학 포함),경상남도,1세대가족,기혼,맞벌이 하지 않음,200-300만원 미만,0.1115077698446031,0.1241594386512036,0.0673195044048998,0.1312629399585921,0.0777523244845708,0.0945216049382716,0.2585632413701186,0,1,1,0
4Q110009,여자,50대,서비스 종사자,대학교 졸업(전문대졸/대학원생 포함),세종특별자치시,1세대가족,기혼,맞벌이 함,400-500만원 미만,0.2687946241075178,0.200857616216743,0.0712856691586816,0.136783988957902,0.1057808920630642,0.189429012345679,0.2265760362521658,1,0,2,0
3J236050,여자,50대,서비스 종사자,고졸(대학 재학 포함),경상남도,2세대가족,기혼,맞벌이 함,600-700만원 미만,0.0636287274254514,0.1589513692622551,0.1201081043136429,0.1395445134575569,0.1061851502492925,0.1198881172839506,0.1666000266560042,2,1,0,0
4Q110012,여자,50대,전문가 및 관련 종사자,대학교 졸업(전문대졸/대학원생 포함),세종특별자치시,1세대가족,기혼,맞벌이 함,500-600만원 미만,0.2139857202855943,0.1862391579768054,0.0750412410936787,0.1478260869565217,0.0868481336747069,0.1693672839506173,0.2025856324137012,1,0,2,0
4I217004,남자,50대,기능원 및 관련 기능 종사자,고졸(대학 재학 포함),경상북도,2세대가족,미혼(사별/이혼 포함),맞벌이 하지 않음,300-400만원 미만,0.1520369592608147,0.1131468667771172,0.0799550735319925,0.136783988957902,0.0851637245654224,0.1453510802469135,0.2772224443555911,1,1,2,0
3J236055,여자,60대 이상,판매 종사자,고졸(대학 재학 포함),경상남도,1세대가족,기혼,맞벌이 함,400-500만원 미만,0.113187736245275,0.1599259331449176,0.0962058193815591,0.134023464458247,0.0878587791402775,0.1121720679012345,0.2052512328401972,0,1,1,0
4I218026,여자,40대,사무 종사자,대학교 졸업(전문대졸/대학원생 포함),경상북도,2세대가족,기혼,맞벌이 함,600-700만원 미만,0.0867282654346913,0.1784426469155053,0.068407567301955,0.1395445134575569,0.0477698423393073,0.1025270061728395,0.2452352392376383,0,1,1,0
1H001770,여자,40대,주부,대학교 졸업(전문대졸/대학원생 포함),경기도,2세대가족,기혼,맞벌이 하지 않음,600-700만원 미만,0.0556488870222595,0.1336127083130299,0.1501877785967498,0.1450655624568668,0.1135291739657728,0.1142939814814814,0.1266160202585632,2,2,0,0
1H001786,여자,60대 이상,서비스 종사자,고졸(대학 재학 포함),경기도,1세대가족,기혼,맞벌이 함,700-800만원 미만,0.0566988660226795,0.1087613293051359,0.1517672247376364,0.1278122843340234,0.1091497102816332,0.1060956790123456,0.1066240170598427,2,2,0,0
1H001797,여자,60대 이상,서비스 종사자,대학교 졸업(전문대졸/대학원생 포함),경기도,1세대가족,기혼,맞벌이 함,"900-1,000만원 미만",0.0430491390172196,0.1246467205925348,0.1488189252746481,0.1360938578329882,0.1255221668238781,0.1012731481481481,0.1359456217512994,2,2,0,0
1H001804,여자,40대,서비스 종사자,고졸(대학 재학 포함),경기도,2세대가족,기혼,맞벌이 함,"1,000만원 이상",0.0850482990340193,0.1272780430757236,0.1499771857779649,0.1360938578329882,0.1279477159412478,0.1141010802469135,0.1266160202585632,2,2,0,0
4I217028,여자,50대,단순노무 종사자,중졸 이하,경상북도,1세대가족,기혼,맞벌이 함,300-400만원 미만,0.1417471650566988,0.14140921937433,0.0384331894282405,0.136783988957902,0.046826573238108,0.1222993827160493,0.2865520458483273,0,1,2,0
4I217008,여자,50대,단순노무 종사자,고졸(대학 재학 포함),경상북도,2세대가족,미혼(사별/이혼 포함),맞벌이 하지 않음,200-300만원 미만,0.1516169676606468,0.1082740473638047,0.059948755747429,0.1395445134575569,0.0850289718366796,0.1304976851851852,0.2678928428628548,1,1,2,0
1L000630,여자,50대,서비스 종사자,고졸(대학 재학 포함),전라남도,1인 가구,미혼(사별/이혼 포함),맞벌이 하지 않음,100-200만원 미만,0.0963880722385552,0.1372185946788812,0.0849742023796988,0.1115251897860593,0.0794367335938552,0.1445794753086419,0.2105824336931894,0,0,1,0
4A012009,여자,40대,판매 종사자,대학교 졸업(전문대졸/대학원생 포함),서울특별시,2세대가족,기혼,맞벌이 함,400-500만원 미만,0.1986560268794624,0.1745443913848552,0.0967323014285213,0.1561076604554865,0.1160220994475138,0.2025462962962963,0.2399040383846461,1,1,2,0
4J228035,여자,50대,서비스 종사자,고졸(대학 재학 포함),경상남도,1인 가구,미혼(사별/이혼 포함),맞벌이 하지 않음,200-300만원 미만,0.121377572448551,0.1280576941818536,0.0877821066301639,0.134023464458247,0.0861069936666217,0.0974151234567901,0.2505664400906304,0,1,1,0
1L000616,여자,60대 이상,농림어업 숙련 종사자,고졸(대학 재학 포함),전라남도,1인 가구,미혼(사별/이혼 포함),맞벌이 하지 않음,100-200만원 미만,0.122427551448971,0.14530747490498,0.0783756273911059,0.1257418909592822,0.0841530790998517,0.1466049382716049,0.2039184326269492,0,0,1,0
1H000832,여자,60대 이상,서비스 종사자,고졸(대학 재학 포함),경기도,1세대가족,기혼,맞벌이 함,500-600만원 미만,0.122847543049139,0.1501802943182925,0.0980660559474921,0.136783988957902,0.0824686699905673,0.1506558641975308,0.2638944422231107,0,1,1,0
3G099030,여자,30대,사무 종사자,대학교 졸업(전문대졸/대학원생 포함),울산광역시,1인 가구,미혼(사별/이혼 포함),맞벌이 하지 않음,200-300만원 미만,0.0867282654346913,0.1319559497125036,0.0670387139798533,0.136783988957902,0.0778870772133135,0.091628086419753,0.2505664400906304,0,1,1,0
1H001806,여자,50대,서비스 종사자,고졸(대학 재학 포함),경기도,1세대가족,기혼,맞벌이 함,"1,000만원 이상",0.0888282234355312,0.1246467205925348,0.1497665929591801,0.1360938578329882,0.1224902304271661,0.1036844135802469,0.1212848194055711,2,2,0,0
4F079020,여자,60대 이상,판매 종사자,고졸(대학 재학 포함),광주광역시,2세대가족,기혼,맞벌이 함,600-700만원 미만,0.2190256194876102,0.2271708410486307,0.0758485135656874,0.1561076604554865,0.0763374208327718,0.1401427469135802,0.2319072371051579,1,1,2,0
1H000836,여자,50대,사무 종사자,대학교 졸업(전문대졸/대학원생 포함),경기도,2세대가족,기혼,맞벌이 함,500-600만원 미만,0.2078958420831583,0.1326381444303674,0.0703029026710189,0.136783988957902,0.1051745047837218,0.103491512345679,0.2665600426496068,1,1,2,0
4F079030,여자,40대,사무 종사자,대학교 졸업(전문대졸/대학원생 포함),광주광역시,2세대가족,기혼,맞벌이 함,600-700만원 미만,0.2015959680806384,0.2115778189260306,0.0530342915306588,0.1561076604554865,0.0707451825899474,0.1142939814814814,0.2212448353991736,1,0,1,0
3G099040,여자,40대,서비스 종사자,대학교 졸업(전문대졸/대학원생 포함),울산광역시,2세대가족,미혼(사별/이혼 포함),맞벌이 하지 않음,300-400만원 미만,0.1024779504409911,0.1326381444303674,0.0875364150082482,0.136783988957902,0.0719579571486322,0.0993441358024691,0.2616286818605891,0,1,1,0
1H001812,여자,60대 이상,주부,고졸(대학 재학 포함),경기도,1세대가족,기혼,맞벌이 하지 않음,600-700만원 미만,0.0808483830323393,0.1209433778384173,0.1276543469867677,0.1395445134575569,0.0896105646139334,0.0940393518518518,0.195921631347461,2,2,1,0
1H000841,여자,60대 이상,장치·기계 조작 및 조립 종사자,대학교 졸업(전문대졸/대학원생 포함),경기도,2세대가족,기혼,맞벌이 함,700-800만원 미만,0.1606467870642587,0.1394600916090049,0.0840616334982977,0.136783988957902,0.0885325427839913,0.1085069444444444,0.2932160469145675,1,1,2,0
3G099045,여자,40대,서비스 종사자,고졸(대학 재학 포함),울산광역시,1인 가구,미혼(사별/이혼 포함),맞벌이 하지 않음,300-400만원 미만,0.1100377992440151,0.14530747490498,0.0859218700642308,0.1423050379572118,0.08064950815254,0.0954861111111111,0.2239104358256697,0,1,1,0
1H001814,여자,30대,사무 종사자,대학교 졸업(전문대졸/대학원생 포함),경기도,1세대가족,기혼,맞벌이 함,700-800만원 미만,0.0661486770264594,0.1233797875450735,0.1376926046821803,0.1305728088336784,0.0987063738040695,0.0977044753086419,0.1626016260162601,2,2,1,0
1H000844,여자,60대 이상,판매 종사자,고졸(대학 재학 포함),경기도,2세대가족,기혼,맞벌이 함,500-600만원 미만,0.1535069298614027,0.1670402494883539,0.0836053490575971,0.1395445134575569,0.0754615280959439,0.1162229938271605,0.2718912435025989,1,1,1,0
1L000644,여자,50대,서비스 종사자,고졸(대학 재학 포함),전라남도,1인 가구,미혼(사별/이혼 포함),맞벌이 하지 않음,100-200만원 미만,0.1360772784544309,0.1150959945424422,0.0924151486434312,0.1229813664596273,0.1085433230022907,0.150366512345679,0.1839264294282287,2,0,0,0
4J228040,여자,60대 이상,주부,중졸 이하,경상남도,1세대가족,기혼,맞벌이 하지 않음,100-200만원 미만,0.0293994120117597,0.1143163434363122,0.0857463760485767,0.1191166321601104,0.0741140008085163,0.0954861111111111,0.2203118752499,0,0,1,0
4A012018,여자,50대,서비스 종사자,대학교 졸업(전문대졸/대학원생 포함),서울특별시,2세대가족,기혼,맞벌이 함,500-600만원 미만,0.122637547249055,0.1599259331449176,0.0972587834754835,0.1478260869565217,0.0708799353186902,0.1847993827160494,0.2625616420098627,0,0,1,0
1H001826,여자,30대,사무 종사자,대학교 졸업(전문대졸/대학원생 포함),경기도,2세대가족,기혼,맞벌이 함,500-600만원 미만,0.0940781184376312,0.1248416333690673,0.1354813800849391,0.1450655624568668,0.126734941382563,0.0993441358024691,0.1616686658669865,2,2,0,0
1H000853,여자,30대,사무 종사자,대학교 졸업(전문대졸/대학원생 포함),경기도,1세대가족,기혼,맞벌이 함,600-700만원 미만,0.1375472490550189,0.1582691745443914,0.0613176090695307,0.134023464458247,0.0691281498450343,0.1005979938271604,0.2532320405171265,0,1,2,0
4J228050,여자,60대 이상,서비스 종사자,고졸(대학 재학 포함),경상남도,1인 가구,미혼(사별/이혼 포함),맞벌이 하지 않음,100-200만원 미만,0.0377992440151197,0.1246467205925348,0.0873258221894633,0.1222912353347135,0.0797062390513407,0.0974151234567901,0.2145808343329335,0,0,1,0
4J228055,여자,60대 이상,주부,중졸 이하,경상남도,2세대가족,미혼(사별/이혼 포함),맞벌이 하지 않음,400-500만원 미만,0.0468290634187316,0.1355618360783549,0.0908708013056754,0.134023464458247,0.0709473116830615,0.0935570987654321,0.2203118752499,0,1,1,0
4A011003,여자,50대,주부,고졸(대학 재학 포함),서울특별시,2세대가족,기혼,맞벌이 하지 않음,600-700만원 미만,0.0867282654346913,0.14920573043563,0.1016812326699659,0.1478260869565217,0.0548443605983021,0.1901041666666666,0.2522990803678528,0,0,1,0
4A011006,여자,60대 이상,단순노무 종사자,중졸 이하,서울특별시,1세대가족,기혼,맞벌이 함,300-400만원 미만,0.0825283494330113,0.1618750609102426,0.0969077954441753,0.1505866114561766,0.073170731707317,0.1876929012345679,0.2039184326269492,0,0,1,0
1H001995,여자,40대,서비스 종사자,고졸(대학 재학 포함),경기도,1세대가족,기혼,맞벌이 함,"1,000만원 이상",0.0699286014279714,0.1228925056037423,0.1422905478923168,0.1423050379572118,0.1211427031397385,0.1046489197530864,0.1239504198320671,2,2,0,0
1H000565,여자,50대,주부,대학교 졸업(전문대졸/대학원생 포함),경기도,2세대가족,기혼,맞벌이 하지 않음,500-600만원 미만,0.1436371272574548,0.1764935191501803,0.1035765680390298,0.1395445134575569,0.1443201724834927,0.1604938271604938,0.1132880181260829,2,1,0,0
1H000566,여자,50대,서비스 종사자,대학교 졸업(전문대졸/대학원생 포함),경기도,2세대가족,미혼(사별/이혼 포함),맞벌이 하지 않음,500-600만원 미만,0.1024779504409911,0.228437774096092,0.0878523042364255,0.1423050379572118,0.0947311683061581,0.1525848765432098,0.1163534586165533,2,1,1,0
1H001997,여자,50대,서비스 종사자,고졸(대학 재학 포함),경기도,1세대가족,기혼,맞벌이 함,"900-1,000만원 미만",0.0963880722385552,0.1246467205925348,0.1419395598610087,0.1360938578329882,0.11144050667026,0.1099537037037037,0.1266160202585632,2,2,0,0
1H001998,여자,50대,서비스 종사자,고졸(대학 재학 포함),경기도,2세대가족,기혼,맞벌이 함,"1,000만원 이상",0.0835783284334313,0.1311762986063736,0.1386402723667123,0.1416149068322981,0.1120468939496024,0.0954861111111111,0.1350126616020258,2,2,0,0
3I213009,여자,60대 이상,주부,중졸 이하,경상북도,1세대가족,기혼,맞벌이 하지 않음,300-400만원 미만,0.119487610247795,0.0565247051944255,0.0937138043592713,0.0289855072463768,0.1036922247675515,0.1480516975308642,0.158603225376516,3,3,3,1
3I213018,여자,40대,전문가 및 관련 종사자,대학교 졸업(전문대졸/대학원생 포함),경상북도,2세대가족,기혼,맞벌이 함,700-800만원 미만,0.1035279294414111,0.1141214306597797,0.0983117475694079,0.1395445134575569,0.1012666756501819,0.1712962962962963,0.1479408236705318,2,2,1,0
3I213021,남자,50대,장치·기계 조작 및 조립 종사자,고졸(대학 재학 포함),경상북도,1세대가족,기혼,맞벌이 함,400-500만원 미만,0.1688366232675346,0.1336127083130299,0.0814292232634867,0.1505866114561766,0.0902843282576472,0.1394675925925926,0.2199120351859256,1,0,1,0
3I213024,여자,60대 이상,주부,고졸(대학 재학 포함),경상북도,1세대가족,기혼,맞벌이 하지 않음,300-400만원 미만,0.1526669466610667,0.1092486112464672,0.1141062089782738,0.134023464458247,0.1187171540223689,0.1668595679012345,0.0892976142876182,2,2,0,0
4I213007,여자,50대,주부,고졸(대학 재학 포함),경상북도,1세대가족,기혼,맞벌이 하지 않음,200-300만원 미만,0.1686266274674506,0.1170451223077672,0.1142817029939279,0.136783988957902,0.0615146206710685,0.1621334876543209,0.1532720245235239,2,2,0,0
1C000282,여자,50대,서비스 종사자,대학교 졸업(전문대졸/대학원생 포함),인천광역시,2세대가족,기혼,맞벌이 함,800-900만원 미만,0.1837463250734985,0.1228925056037423,0.0774981573128356,0.1450655624568668,0.0904864573507613,0.1578896604938271,0.3096094895375184,1,1,2,0
1F000111,여자,50대,서비스 종사자,고졸(대학 재학 포함),광주광역시,1세대가족,기혼,맞벌이 함,400-500만원 미만,0.120537589248215,0.1089562420816684,0.0927661366747394,0.1115251897860593,0.0972914701522705,0.1661844135802469,0.1466080234572837,2,0,0,0
1F000113,여자,50대,서비스 종사자,고졸(대학 재학 포함),광주광역시,1세대가족,기혼,맞벌이 함,400-500만원 미만,0.125787484250315,0.1102231751291297,0.0717068547962514,0.1202208419599723,0.0897453173426761,0.1655092592592592,0.2399040383846461,0,0,2,0
1H000567,여자,60대 이상,주부,대학교 졸업(전문대졸/대학원생 포함),경기도,1세대가족,기혼,맞벌이 하지 않음,400-500만원 미만,0.1354472910541789,0.2320436604619433,0.0875013162051174,0.136783988957902,0.1151462067106858,0.1292438271604938,0.1119552179128348,2,1,1,0
3I221004,여자,50대,판매 종사자,고졸(대학 재학 포함),경상북도,2세대가족,기혼,맞벌이 함,700-800만원 미만,0.1738765224695506,0.1579768053795926,0.0767259836439577,0.1423050379572118,0.0722948389704891,0.1699459876543209,0.2239104358256697,1,0,2,0
1F000114,여자,50대,서비스 종사자,대학교 졸업(전문대졸/대학원생 포함),광주광역시,1세대가족,기혼,맞벌이 함,500-600만원 미만,0.1493070138597228,0.1221128544976123,0.0739882769997543,0.1080745341614906,0.0980999865247271,0.1481481481481481,0.1985872317739571,0,0,2,0
1F000117,여자,50대,서비스 종사자,대학교 졸업(전문대졸/대학원생 포함),광주광역시,1세대가족,기혼,맞벌이 함,400-500만원 미만,0.1719865602687946,0.1209433778384173,0.0904847144712365,0.1229813664596273,0.0883977900552486,0.1309799382716049,0.1599360255897641,2,0,1,0
1H000578,여자,60대 이상,주부,고졸(대학 재학 포함),경기도,1세대가족,기혼,맞벌이 하지 않음,700-800만원 미만,0.1026879462410751,0.1300068219471786,0.1208451791793899,0.1450655624568668,0.1673628890985042,0.1626157407407407,0.119952019192323,2,2,0,0
4I217050,여자,60대 이상,서비스 종사자,중졸 이하,경상북도,1인 가구,미혼(사별/이혼 포함),맞벌이 하지 않음,100-200만원 미만,0.1602267954640907,0.1004775363025046,0.0607209294163069,0.1312629399585921,0.1012666756501819,0.1410108024691358,0.2439024390243902,1,0,2,0
4I217044,여자,60대 이상,단순노무 종사자,중졸 이하,경상북도,1인 가구,미혼(사별/이혼 포함),맞벌이 하지 않음,100만원 미만,0.1488870222595548,0.1131468667771172,0.0681969744831701,0.136783988957902,0.1111036248484031,0.1181520061728395,0.2225776356124217,1,1,2,0
1N000145,남자,30대,사무 종사자,대학교 졸업(전문대졸/대학원생 포함),충청남도,1세대가족,기혼,맞벌이 함,500-600만원 미만,0.1692566148677026,0.0857616216743007,0.0870450317644168,0.1048999309868875,0.1284193504918474,0.0848765432098765,0.1079568172730907,2,0,1,0
4B034005,남자,60대 이상,판매 종사자,고졸(대학 재학 포함),부산광역시,1인 가구,미혼(사별/이혼 포함),맞벌이 하지 않음,200-300만원 미만,0.1062578748425031,0.1360491180196862,0.0752167351093327,0.1388543823326432,0.0625926425010106,0.2262731481481481,0.2159136345461815,0,0,1,0
4B034014,여자,50대,판매 종사자,고졸(대학 재학 포함),부산광역시,1인 가구,미혼(사별/이혼 포함),맞벌이 하지 않음,200-300만원 미만,0.0552288954220915,0.1379982457850112,0.0803411603664315,0.1416149068322981,0.0536315860396173,0.2047646604938272,0.2239104358256697,0,0,1,0
4B034011,여자,60대 이상,단순노무 종사자,중졸 이하,부산광역시,1인 가구,미혼(사별/이혼 포함),맞벌이 하지 않음,200-300만원 미만,0.1453170936581268,0.1360491180196862,0.1042785441016461,0.1416149068322981,0.0784934644926559,0.1719714506172839,0.2279088364654138,1,0,1,0
1H000569,여자,60대 이상,주부,고졸(대학 재학 포함),경기도,1세대가족,기혼,맞벌이 하지 않음,200-300만원 미만,0.0842083158336833,0.1300068219471786,0.1029447895826752,0.1450655624568668,0.1262633068319633,0.2212577160493827,0.1492736238837798,2,2,0,0
1H002001,여자,40대,주부,고졸(대학 재학 포함),경기도,2세대가족,기혼,맞벌이 하지 않음,700-800만원 미만,0.0846283074338513,0.1331254263716986,0.1447474641114738,0.144375431331953,0.1268696941113057,0.1118827160493827,0.1266160202585632,2,2,0,0
4B034008,남자,40대,판매 종사자,대학교 졸업(전문대졸/대학원생 포함),부산광역시,1인 가구,미혼(사별/이혼 포함),맞벌이 하지 않음,300-400만원 미만,0.0986980260394792,0.1272780430757236,0.0755677231406409,0.1416149068322981,0.0545748551408166,0.1842206790123456,0.2039184326269492,0,0,1,0
1H000593,남자,40대,전문가 및 관련 종사자,대학교 졸업(전문대졸/대학원생 포함),경기도,1인 가구,미혼(사별/이혼 포함),맞벌이 하지 않음,400-500만원 미만,0.1847963040739185,0.14530747490498,0.1190902390228493,0.1395445134575569,0.1740331491712707,0.1399498456790123,0.1079568172730907,2,1,0,0
1D000110,여자,60대 이상,주부,고졸(대학 재학 포함),대구광역시,1세대가족,기혼,맞벌이 하지 않음,200-300만원 미만,0.1917261654766904,0.116557840366436,0.084939103576568,0.1360938578329882,0.1389974396981539,0.1664737654320987,0.1386112221777955,2,2,0,0
1H002006,여자,30대,주부,고졸(대학 재학 포함),경기도,1인 가구,기혼,맞벌이 하지 않음,500-600만원 미만,0.0940781184376312,0.122405223662411,0.1422905478923168,0.1416149068322981,0.1272065759331626,0.0977044753086419,0.1239504198320671,2,2,0,0
1H002012,남자,60대 이상,서비스 종사자,고졸(대학 재학 포함),경기도,1인 가구,미혼(사별/이혼 포함),맞벌이 하지 않음,500-600만원 미만,0.0713985720285594,0.1246467205925348,0.1447474641114738,0.1416149068322981,0.1256569195526209,0.0954861111111111,0.1146208183393309,2,2,0,0
1H002020,여자,60대 이상,주부,중졸 이하,경기도,2세대가족,기혼,맞벌이 하지 않음,"900-1,000만원 미만",0.0751784964300713,0.1226975928272098,0.136429047769471,0.1333333333333333,0.1211427031397385,0.0954861111111111,0.1332800213248034,2,2,0,0
1B000760,남자,50대,사무 종사자,고졸(대학 재학 포함),부산광역시,2세대가족,기혼,맞벌이 함,500-600만원 미만,0.125157496850063,0.1535912679076113,0.0940296935874486,0.1416149068322981,0.0657593316264654,0.2149884259259259,0.2425696388111422,0,0,1,0
3G100007,여자,50대,사무 종사자,대학교 졸업(전문대졸/대학원생 포함),울산광역시,2세대가족,기혼,맞벌이 함,400-500만원 미만,0.1745065098698026,0.1297144527823799,0.0722333368432136,0.1395445134575569,0.0649508152540088,0.2294560185185185,0.3745168599226976,1,0,2,0
4B038026,남자,60대 이상,서비스 종사자,고졸(대학 재학 포함),부산광역시,1인 가구,미혼(사별/이혼 포함),맞벌이 하지 않음,300-400만원 미만,0.123267534649307,0.1672351622648864,0.0957495349408585,0.1388543823326432,0.0698692898531195,0.1937692901234568,0.1772624283619885,0,0,1,0
1H002060,여자,30대,서비스 종사자,대학교 졸업(전문대졸/대학원생 포함),경기도,1세대가족,기혼,맞벌이 함,700-800만원 미만,0.1035279294414111,0.114608712601111,0.1461865150398371,0.1305728088336784,0.1359655033014418,0.1060956790123456,0.1146208183393309,2,2,0,0
1J000154,여자,50대,서비스 종사자,고졸(대학 재학 포함),경상남도,1세대가족,기혼,맞벌이 함,300-400만원 미만,0.1973960520789584,0.1609004970275801,0.0687234565301323,0.136783988957902,0.0995822665408974,0.1421682098765432,0.2225776356124217,1,1,1,0
4B038052,여자,60대 이상,주부,고졸(대학 재학 포함),부산광역시,1세대가족,기혼,맞벌이 하지 않음,200-300만원 미만,0.0552288954220915,0.1643114706168989,0.0920641606121231,0.1416149068322981,0.0433230022907963,0.2236689814814815,0.2039184326269492,0,0,1,0
3G100014,여자,50대,서비스 종사자,대학교 졸업(전문대졸/대학원생 포함),울산광역시,1인 가구,미혼(사별/이혼 포함),맞벌이 하지 않음,300-400만원 미만,0.1988660226795464,0.1160705584251047,0.0495946088238391,0.1423050379572118,0.0638054170596954,0.1977237654320987,0.3425296548047448,1,0,2,0
1D000115,남자,50대,기능원 및 관련 기능 종사자,대학교 졸업(전문대졸/대학원생 포함),대구광역시,1인 가구,미혼(사별/이혼 포함),맞벌이 하지 않음,300-400만원 미만,0.1973960520789584,0.14530747490498,0.0470323961952897,0.1395445134575569,0.0741140008085163,0.1498842592592592,0.2585632413701186,1,0,2,0
1J000158,여자,60대 이상,서비스 종사자,고졸(대학 재학 포함),경상남도,1세대가족,기혼,맞벌이 함,200-300만원 미만,0.1875262494750105,0.1845823993762791,0.0822364957354954,0.136783988957902,0.1038269774962943,0.1057098765432098,0.1905904304944689,1,1,1,0
4B034023,남자,50대,사무 종사자,대학교 졸업(전문대졸/대학원생 포함),부산광역시,1인 가구,미혼(사별/이혼 포함),맞벌이 하지 않음,300-400만원 미만,0.1005879882402352,0.1379982457850112,0.070478396686673,0.1416149068322981,0.0504648969141625,0.1876929012345679,0.2452352392376383,0,0,1,0
1J000155,여자,60대 이상,주부,고졸(대학 재학 포함),경상남도,1세대가족,기혼,맞벌이 하지 않음,200-300만원 미만,0.2190256194876102,0.1872137218594678,0.0610017198413534,0.136783988957902,0.0922382428244172,0.1626157407407407,0.2492336398773824,1,1,2,0
4B034032,여자,50대,판매 종사자,고졸(대학 재학 포함),부산광역시,1인 가구,미혼(사별/이혼 포함),맞벌이 하지 않음,300-400만원 미만,0.1705165896682066,0.1555403956729363,0.0812186304447018,0.1416149068322981,0.0924403719175313,0.1529706790123456,0.1919232307077169,1,0,1,0
3G100021,여자,40대,주부,대학교 졸업(전문대졸/대학원생 포함),울산광역시,2세대가족,기혼,맞벌이 하지 않음,300-400만원 미만,0.1875262494750105,0.1618750609102426,0.1043487417079077,0.1505866114561766,0.1125859048645735,0.2156635802469136,0.2065840330534453,1,0,2,0
1D000116,여자,60대 이상,주부,고졸(대학 재학 포함),대구광역시,1인 가구,미혼(사별/이혼 포함),맞벌이 하지 않음,100-200만원 미만,0.1784964300713985,0.1077867654224734,0.0596679653223825,0.1360938578329882,0.0923056191887885,0.1727430555555555,0.2638944422231107,1,0,2,0
3G100028,여자,40대,주부,대학교 졸업(전문대졸/대학원생 포함),울산광역시,2세대가족,기혼,맞벌이 하지 않음,300-400만원 미만,0.1455270894582108,0.1686970080888802,0.0529289951212663,0.1478260869565217,0.0628621479584961,0.2375578703703704,0.2385712381713981,0,0,2,0
1D000132,여자,50대,사무 종사자,고졸(대학 재학 포함),대구광역시,2세대가족,기혼,맞벌이 함,500-600만원 미만,0.1973960520789584,0.114608712601111,0.0726545224807834,0.1360938578329882,0.0889368009702196,0.1701388888888889,0.3078768492602959,1,1,2,0
1J000156,남자,60대 이상,판매 종사자,고졸(대학 재학 포함),경상남도,1인 가구,미혼(사별/이혼 포함),맞벌이 하지 않음,100-200만원 미만,0.1875262494750105,0.1609004970275801,0.0617036959039696,0.136783988957902,0.0947311683061581,0.1535493827160493,0.2159136345461815,1,0,1,0
1J000157,남자,30대,기능원 및 관련 기능 종사자,대학교 졸업(전문대졸/대학원생 포함),경상남도,1인 가구,미혼(사별/이혼 포함),맞벌이 하지 않음,200-300만원 미만,0.2190256194876102,0.14140921937433,0.074971043487417,0.136783988957902,0.1224228540627947,0.1684992283950617,0.2465680394508863,1,1,2,0
1J000169,여자,30대,주부,대학교 졸업(전문대졸/대학원생 포함),경상남도,2세대가족,기혼,맞벌이 하지 않음,300-400만원 미만,0.1931961360772784,0.1475489718351038,0.0862728580955389,0.136783988957902,0.0929120064681309,0.167920524691358,0.2185792349726776,1,0,2,0
1J000189,여자,60대 이상,주부,고졸(대학 재학 포함),경상남도,1세대가족,기혼,맞벌이 하지 않음,100-200만원 미만,0.1931961360772784,0.147256602670305,0.0876066126145098,0.1229813664596273,0.0861069936666217,0.1423611111111111,0.2172464347594295,1,0,1,0
4J225013,남자,50대,판매 종사자,고졸(대학 재학 포함),경상남도,1인 가구,미혼(사별/이혼 포함),맞벌이 하지 않음,200-300만원 미만,0.1766064678706425,0.1670402494883539,0.0873258221894633,0.136783988957902,0.0956070610429861,0.1645447530864197,0.2159136345461815,1,0,2,0
1D000691,여자,60대 이상,주부,고졸(대학 재학 포함),대구광역시,1세대가족,기혼,맞벌이 하지 않음,400-500만원 미만,0.1119277614447711,0.1167527531429685,0.1137552209469657,0.1170462387853692,0.1282172213987333,0.1399498456790123,0.1092896174863388,2,2,0,0
1D000135,여자,50대,주부,대학교 졸업(전문대졸/대학원생 포함),대구광역시,2세대가족,기혼,맞벌이 하지 않음,500-600만원 미만,0.1826963460730785,0.116557840366436,0.0421185637569758,0.1360938578329882,0.0693976553025198,0.2100694444444444,0.31187524990004,1,0,2,0
1H000598,여자,40대,주부,대학교 졸업(전문대졸/대학원생 포함),경기도,2세대가족,기혼,맞벌이 하지 않음,400-500만원 미만,0.1455270894582108,0.1219179417210798,0.126285493664666,0.1395445134575569,0.2003773076404797,0.1559606481481481,0.1159536185525789,2,2,0,0
1D000171,여자,30대,주부,대학교 졸업(전문대졸/대학원생 포함),대구광역시,2세대가족,기혼,맞벌이 하지 않음,300-400만원 미만,0.1868962620747585,0.1121723028944547,0.0484363483205222,0.1423050379572118,0.0828729281767955,0.2005208333333333,0.3025456484073037,1,0,2,0
1B000410,여자,30대,판매 종사자,대학교 졸업(전문대졸/대학원생 포함),부산광역시,1인 가구,미혼(사별/이혼 포함),맞벌이 하지 않음,300-400만원 미만,0.1535069298614027,0.0985284085371796,0.0504720789021094,0.1257418909592822,0.055181242420159,0.119116512345679,0.3425296548047448,0,1,2,0
1D000401,여자,30대,사무 종사자,대학교 졸업(전문대졸/대학원생 포함),대구광역시,1인 가구,미혼(사별/이혼 포함),맞벌이 하지 않음,200-300만원 미만,0.1799664006719865,0.1189942500730922,0.0608262258256993,0.1423050379572118,0.0954723083142433,0.1341628086419753,0.2532320405171265,1,1,2,0
1D000335,여자,60대 이상,사무 종사자,대학교 졸업(전문대졸/대학원생 포함),대구광역시,2세대가족,기혼,맞벌이 함,600-700만원 미만,0.1658966820663586,0.1258161972517298,0.0792530974693763,0.1423050379572118,0.0862417463953645,0.1377314814814815,0.2692256430761029,1,1,2,0
3P242025,여자,40대,전문가 및 관련 종사자,대학교 졸업(전문대졸/대학원생 포함),제주특별자치도,2세대가족,기혼,맞벌이 함,500-600만원 미만,0.1770264594708105,0.1248416333690673,0.094907163665719,0.1257418909592822,0.1005929120064681,0.1160300925925926,0.2692256430761029,1,1,2,0
1B000411,여자,60대 이상,주부,고졸(대학 재학 포함),부산광역시,2세대가족,미혼(사별/이혼 포함),맞벌이 하지 않음,400-500만원 미만,0.2106257874842503,0.1228925056037423,0.0811133340353094,0.1257418909592822,0.0904864573507613,0.1388888888888889,0.2798880447820872,1,1,2,0
3P242030,여자,50대,서비스 종사자,대학교 졸업(전문대졸/대학원생 포함),제주특별자치도,2세대가족,기혼,맞벌이 함,500-600만원 미만,0.2001259974800504,0.14140921937433,0.0982064511600154,0.136783988957902,0.1513946907424875,0.113136574074074,0.2069838731174197,1,1,0,0
1J000749,여자,60대 이상,주부,중졸 이하,경상남도,1세대가족,기혼,맞벌이 하지 않음,100-200만원 미만,0.0703485930281394,0.147256602670305,0.1068407567301955,0.1229813664596273,0.1014014283789246,0.1644483024691358,0.1066240170598427,2,0,0,0
1D000296,여자,40대,사무 종사자,대학교 졸업(전문대졸/대학원생 포함),대구광역시,2세대가족,기혼,맞벌이 함,600-700만원 미만,0.1539269214615707,0.1160705584251047,0.0750412410936787,0.1285024154589372,0.0778870772133135,0.1377314814814815,0.3065440490470478,1,1,2,0
3P242010,남자,50대,서비스 종사자,대학교 졸업(전문대졸/대학원생 포함),제주특별자치도,1인 가구,미혼(사별/이혼 포함),맞벌이 하지 않음,200-300만원 미만,0.1713565728685426,0.1258161972517298,0.0677406900424695,0.1395445134575569,0.0886672955127341,0.1216242283950617,0.275889644142343,1,1,2,0
1B000412,여자,40대,사무 종사자,대학교 졸업(전문대졸/대학원생 포함),부산광역시,2세대가족,기혼,맞벌이 함,600-700만원 미만,0.1969760604787904,0.1121723028944547,0.0511740549647257,0.1423050379572118,0.0687912680231774,0.1065779320987654,0.3562574970011996,1,1,2,0
3P242005,여자,50대,서비스 종사자,대학교 졸업(전문대졸/대학원생 포함),제주특별자치도,2세대가족,기혼,맞벌이 함,500-600만원 미만,0.2106257874842503,0.14530747490498,0.0819908041135797,0.1423050379572118,0.0930467591968737,0.1234567901234568,0.3105424496867919,1,1,2,0
1J000772,여자,50대,농림어업 숙련 종사자,고졸(대학 재학 포함),경상남도,2세대가족,기혼,맞벌이 함,400-500만원 미만,0.0703485930281394,0.1160705584251047,0.0891158611491348,0.1229813664596273,0.0966850828729281,0.1271219135802469,0.1532720245235239,2,0,1,0
1J000748,여자,50대,주부,고졸(대학 재학 포함),경상남도,1세대가족,기혼,맞벌이 하지 않음,200-300만원 미만,0.0650986980260394,0.1248416333690673,0.1180372749289249,0.1285024154589372,0.1057808920630642,0.1232638888888889,0.1119552179128348,2,2,0,0
1J000771,남자,40대,판매 종사자,고졸(대학 재학 포함),경상남도,1인 가구,미혼(사별/이혼 포함),맞벌이 하지 않음,200-300만원 미만,0.0608987820243595,0.1657733164408927,0.0718823488119055,0.1285024154589372,0.0648834388896375,0.0993441358024691,0.1296814607490337,0,0,1,0
1J000729,여자,60대 이상,농림어업 숙련 종사자,중졸 이하,경상남도,1인 가구,미혼(사별/이혼 포함),맞벌이 하지 않음,100-200만원 미만,0.0510289794204115,0.1560276776142676,0.097153487066091,0.1202208419599723,0.0722948389704891,0.1609760802469136,0.0959616153538584,2,0,0,0
3J232008,여자,60대 이상,서비스 종사자,고졸(대학 재학 포함),경상남도,1세대가족,기혼,맞벌이 함,400-500만원 미만,0.0678286434271314,0.1384855277263424,0.1180723737320557,0.1229813664596273,0.0931815119256165,0.1326195987654321,0.1279488204718112,2,0,0,0
1B000413,여자,60대 이상,판매 종사자,고졸(대학 재학 포함),부산광역시,2세대가족,기혼,맞벌이 하지 않음,500-600만원 미만,0.2162956740865182,0.0985284085371796,0.1066301639114106,0.1257418909592822,0.1953914566769977,0.1312692901234567,0.1052912168465947,2,2,0,0
1B000419,여자,60대 이상,사무 종사자,대학교 졸업(전문대졸/대학원생 포함),부산광역시,1세대가족,기혼,맞벌이 함,500-600만원 미만,0.2162956740865182,0.1219179417210798,0.1209504755887824,0.136783988957902,0.0680501280150923,0.1220100308641975,0.1203518592562974,2,2,0,0
1B000427,여자,60대 이상,판매 종사자,고졸(대학 재학 포함),부산광역시,2세대가족,미혼(사별/이혼 포함),맞벌이 하지 않음,300-400만원 미만,0.2015959680806384,0.1053503557158171,0.1249868379488259,0.1257418909592822,0.0619862552216682,0.138695987654321,0.1119552179128348,2,2,0,0
1B000438,여자,30대,사무 종사자,대학교 졸업(전문대졸/대학원생 포함),부산광역시,1인 가구,미혼(사별/이혼 포함),맞벌이 하지 않음,300-400만원 미만,0.2190256194876102,0.1043757918331546,0.1139307149626197,0.1285024154589372,0.0675784934644926,0.1382137345679012,0.1106224176995868,2,2,0,0
4E089063,여자,50대,판매 종사자,대학교 졸업(전문대졸/대학원생 포함),대전광역시,2세대가족,기혼,맞벌이 함,500-600만원 미만,0.125577488450231,0.1550531137316051,0.0863430557018005,0.1423050379572118,0.070138795310605,0.122974537037037,0.273224043715847,0,1,1,0
1D000286,여자,40대,서비스 종사자,대학교 졸업(전문대졸/대학원생 포함),대구광역시,2세대가족,기혼,맞벌이 함,500-600만원 미만,0.1803863922721545,0.1063249195984796,0.0810782352321785,0.136783988957902,0.1470152270583479,0.1391782407407407,0.1599360255897641,2,2,0,0
1B000450,여자,60대 이상,판매 종사자,고졸(대학 재학 포함),부산광역시,1세대가족,기혼,맞벌이 함,500-600만원 미만,0.1883662326753465,0.1228925056037423,0.1297953739777473,0.1450655624568668,0.0633337825090958,0.1560570987654321,0.119952019192323,2,2,0,0
3D050013,여자,50대,서비스 종사자,대학교 졸업(전문대졸/대학원생 포함),대구광역시,2세대가족,기혼,맞벌이 함,500-600만원 미만,0.1104577908441831,0.143358347139655,0.0396616475378189,0.1395445134575569,0.0396846786147419,0.1372492283950617,0.2972144475543116,0,1,2,0
1Q000021,여자,50대,판매 종사자,고졸(대학 재학 포함),세종특별자치시,1세대가족,기혼,맞벌이 함,500-600만원 미만,0.1665266694666106,0.14530747490498,0.0978554631287073,0.1423050379572118,0.0866460045815927,0.2029320987654321,0.2412368385978942,1,0,2,0
1H001569,여자,30대,사무 종사자,대학교 졸업(전문대졸/대학원생 포함),경기도,1인 가구,미혼(사별/이혼 포함),맞벌이 하지 않음,300-400만원 미만,0.251154976900462,0.1384855277263424,0.0868344389456319,0.1450655624568668,0.1092170866460045,0.1364776234567901,0.3238704518192723,1,1,2,0
4E094011,여자,30대,서비스 종사자,대학교 졸업(전문대졸/대학원생 포함),대전광역시,1인 가구,미혼(사별/이혼 포함),맞벌이 하지 않음,100-200만원 미만,0.1992860142797144,0.14920573043563,0.0769014776596118,0.1423050379572118,0.108947581188519,0.1274112654320987,0.2452352392376383,1,1,2,0
3B033009,여자,50대,사무 종사자,대학교 졸업(전문대졸/대학원생 포함),부산광역시,2세대가족,기혼,맞벌이 함,700-800만원 미만,0.2204955900881982,0.1072994834811422,0.1255133199957881,0.1285024154589372,0.0707451825899474,0.1411072530864197,0.1226176196188191,2,2,0,0
3I221008,여자,50대,주부,고졸(대학 재학 포함),경상북도,2세대가족,기혼,맞벌이 하지 않음,"1,000만원 이상",0.2106257874842503,0.1306890166650424,0.1042785441016461,0.1395445134575569,0.1259264250101064,0.1606867283950617,0.1732640277222444,1,2,0,0
3D050017,여자,40대,서비스 종사자,고졸(대학 재학 포함),대구광역시,1인 가구,미혼(사별/이혼 포함),맞벌이 하지 않음,200-300만원 미만,0.1614867702645947,0.1316635805477049,0.0680916780737776,0.1423050379572118,0.1166958630912275,0.1372492283950617,0.1985872317739571,1,1,1,0
3B033011,여자,60대 이상,주부,대학교 졸업(전문대졸/대학원생 포함),부산광역시,2세대가족,기혼,맞벌이 하지 않음,500-600만원 미만,0.2162956740865182,0.1092486112464672,0.1249868379488259,0.1285024154589372,0.1906751111710012,0.1490162037037037,0.1146208183393309,2,2,0,0
3D050028,여자,60대 이상,주부,중졸 이하,대구광역시,1세대가족,기혼,맞벌이 하지 않음,100-200만원 미만,0.1463670726585468,0.1024266640678296,0.0587202976378505,0.134023464458247,0.0833445627273952,0.1051311728395061,0.2625616420098627,0,1,2,0
3I221012,여자,50대,서비스 종사자,고졸(대학 재학 포함),경상북도,1세대가족,기혼,맞벌이 함,100-200만원 미만,0.1446871062578748,0.14530747490498,0.0891860587553964,0.136783988957902,0.0762700444684004,0.1647376543209876,0.218979075036652,0,0,1,0
4P241008,여자,60대 이상,주부,중졸 이하,제주특별자치도,1인 가구,미혼(사별/이혼 포함),맞벌이 하지 않음,100만원 미만,0.0346493070138597,0.1089562420816684,0.0727598188901758,0.1308488612836439,0.0362484840318016,0.2179783950617284,0.1719312275089964,0,2,1,0
3I221016,여자,60대 이상,서비스 종사자,고졸(대학 재학 포함),경상북도,2세대가족,기혼,맞벌이 함,"1,000만원 이상",0.2204955900881982,0.1550531137316051,0.0806570495946088,0.134023464458247,0.1162242285406279,0.1838348765432098,0.2332400373184059,1,0,2,0
1D000363,남자,50대,서비스 종사자,고졸(대학 재학 포함),대구광역시,2세대가족,기혼,맞벌이 함,400-500만원 미만,0.1690466190676186,0.1258161972517298,0.0685479625144782,0.1395445134575569,0.08455733728608,0.1235532407407407,0.2638944422231107,1,1,2,0
4E094017,남자,20대,서비스 종사자,대학교 졸업(전문대졸/대학원생 포함),대전광역시,2세대가족,기혼,맞벌이 하지 않음,200-300만원 미만,0.1944561108777824,0.1579768053795926,0.0863079568986697,0.1478260869565217,0.0940574046624444,0.1657021604938272,0.3176062908170066,1,1,2,0
4K189042,여자,60대 이상,농림어업 숙련 종사자,중졸 이하,전라북도,1세대가족,기혼,맞벌이 함,300-400만원 미만,0.1049979000419991,0.1089562420816684,0.1031202835983293,0.1308488612836439,0.0983694919822126,0.199170524691358,0.1905904304944689,2,2,0,0
1D000294,여자,40대,기능원 및 관련 기능 종사자,고졸(대학 재학 포함),대구광역시,2세대가족,기혼,맞벌이 함,400-500만원 미만,0.1383872322553549,0.1043757918331546,0.0561580850093011,0.134023464458247,0.0863764991241072,0.1256751543209876,0.275889644142343,0,1,2,0
3J232006,여자,60대 이상,서비스 종사자,고졸(대학 재학 포함),경상남도,1세대가족,기혼,맞벌이 함,400-500만원 미만,0.0503989920201596,0.1618750609102426,0.107858622020989,0.1312629399585921,0.0646813097965233,0.1104359567901234,0.1146208183393309,2,0,0,0
4K189038,여자,60대 이상,농림어업 숙련 종사자,고졸(대학 재학 포함),전라북도,1세대가족,기혼,맞벌이 함,400-500만원 미만,0.1488870222595548,0.1269856739109248,0.0968024990347829,0.1191166321601104,0.0976283519741274,0.1691743827160494,0.158603225376516,2,0,0,0
1H001547,여자,60대 이상,판매 종사자,고졸(대학 재학 포함),경기도,1인 가구,미혼(사별/이혼 포함),맞벌이 하지 않음,200-300만원 미만,0.2280554388912221,0.1336127083130299,0.1045242357235618,0.1505866114561766,0.1553025198760274,0.1635802469135802,0.2638944422231107,1,1,2,0
3I221020,여자,60대 이상,서비스 종사자,고졸(대학 재학 포함),경상북도,1세대가족,기혼,맞벌이 함,600-700만원 미만,0.2060058798824023,0.1716206997368677,0.0848689059703064,0.1423050379572118,0.0885325427839913,0.1517168209876543,0.1812608290017326,1,0,2,0
3I221024,여자,40대,서비스 종사자,대학교 졸업(전문대졸/대학원생 포함),경상북도,2세대가족,기혼,맞벌이 함,800-900만원 미만,0.1852162956740865,0.1531039859662801,0.0855708820329226,0.1312629399585921,0.0784934644926559,0.1645447530864197,0.1879248300679728,1,0,1,0
3J232072,여자,60대 이상,주부,중졸 이하,경상남도,1인 가구,미혼(사별/이혼 포함),맞벌이 하지 않음,100-200만원 미만,0.0594288114237715,0.1589513692622551,0.091713172580815,0.1174603174603174,0.0736423662579167,0.1593364197530864,0.0986272157803545,2,0,0,0
4K189046,여자,60대 이상,무직,중졸 이하,전라북도,1인 가구,미혼(사별/이혼 포함),맞벌이 하지 않음,100만원 미만,0.1333473330533389,0.0311860442452002,0.0745147590467165,0.020703933747412,0.0697345371243767,0.1686921296296296,0.2505664400906304,3,3,3,1
4K189050,여자,60대 이상,농림어업 숙련 종사자,고졸(대학 재학 포함),전라북도,1인 가구,미혼(사별/이혼 포함),맞벌이 하지 않음,200-300만원 미만,0.1625367492650147,0.1323457752655686,0.0774981573128356,0.1363699102829537,0.1028837083950949,0.1783371913580247,0.1759296281487405,1,0,1,0
3I221032,여자,40대,주부,대학교 졸업(전문대졸/대학원생 포함),경상북도,2세대가족,기혼,맞벌이 하지 않음,400-500만원 미만,0.2192356152876942,0.14140921937433,0.0855708820329226,0.1395445134575569,0.102007815658267,0.1968557098765432,0.2109822737571638,1,0,2,0
1H000489,여자,50대,서비스 종사자,고졸(대학 재학 포함),경기도,2세대가족,미혼(사별/이혼 포함),맞벌이 하지 않음,400-500만원 미만,0.1732465350692986,0.1326381444303674,0.1205994875574743,0.1423050379572118,0.1742352782643848,0.1515239197530864,0.1052912168465947,2,2,0,0
1H001540,여자,50대,주부,대학교 졸업(전문대졸/대학원생 포함),경기도,2세대가족,기혼,맞벌이 하지 않음,600-700만원 미만,0.2364552708945821,0.1355618360783549,0.1018918254887508,0.1505866114561766,0.1354264923864708,0.1420717592592592,0.2905504464880714,1,1,2,0
4K189022,여자,60대 이상,농림어업 숙련 종사자,고졸(대학 재학 포함),전라북도,1세대가족,기혼,맞벌이 함,400-500만원 미만,0.1648467030659386,0.14530747490498,0.0932926187217016,0.1423050379572118,0.1027489556663522,0.1569251543209876,0.2199120351859256,1,0,2,0
1D000693,여자,60대 이상,주부,중졸 이하,대구광역시,1세대가족,기혼,맞벌이 하지 않음,200-300만원 미만,0.1875262494750105,0.1053503557158171,0.117265101260047,0.1257418909592822,0.1221533486053092,0.1349344135802469,0.1132880181260829,2,2,0,0
4K189010,여자,60대 이상,농림어업 숙련 종사자,중졸 이하,전라북도,1세대가족,기혼,맞벌이 함,300-400만원 미만,0.1843763124737505,0.143358347139655,0.0929416306903934,0.1395445134575569,0.1056461393343215,0.1676311728395061,0.2145808343329335,1,0,2,0
3D051024,여자,30대,사무 종사자,대학교 졸업(전문대졸/대학원생 포함),대구광역시,2세대가족,기혼,맞벌이 함,500-600만원 미만,0.1425871482570348,0.1024266640678296,0.0666877259485451,0.1312629399585921,0.1106319902978035,0.1259645061728395,0.2199120351859256,1,1,2,0
4K189014,여자,60대 이상,주부,중졸 이하,전라북도,1인 가구,미혼(사별/이혼 포함),맞벌이 하지 않음,100만원 미만,0.1663166736665267,0.1404346554916674,0.0808325436102629,0.1198067632850241,0.0958091901361002,0.1876929012345679,0.2052512328401972,1,0,1,0
3P242040,남자,50대,서비스 종사자,대학교 졸업(전문대졸/대학원생 포함),제주특별자치도,2세대가족,미혼(사별/이혼 포함),맞벌이 하지 않음,200-300만원 미만,0.1921461570768584,0.14530747490498,0.0541574532308448,0.1229813664596273,0.0906212100795041,0.1148726851851851,0.254964680794349,1,1,2,0
3P242045,여자,40대,사무 종사자,대학교 졸업(전문대졸/대학원생 포함),제주특별자치도,1인 가구,미혼(사별/이혼 포함),맞벌이 하지 않음,200-300만원 미만,0.2379252414951701,0.143358347139655,0.0962058193815591,0.1423050379572118,0.1400080851637245,0.132716049382716,0.2332400373184059,1,1,0,0
4D050001,여자,50대,서비스 종사자,대학교 졸업(전문대졸/대학원생 포함),대구광역시,2세대가족,기혼,맞벌이 함,500-600만원 미만,0.1425871482570348,0.14140921937433,0.0429258362289845,0.136783988957902,0.045748551408166,0.111207561728395,0.297614287618286,0,1,2,0
1A000003,여자,30대,사무 종사자,대학교 졸업(전문대졸/대학원생 포함),서울특별시,1인 가구,미혼(사별/이혼 포함),맞벌이 하지 않음,200-300만원 미만,0.1595968080638387,0.172107981678199,0.0538064651995367,0.1084886128364389,0.0821317881687104,0.0954861111111111,0.2212448353991736,0,0,2,0
1C000929,여자,40대,사무 종사자,대학교 졸업(전문대졸/대학원생 포함),인천광역시,1인 가구,미혼(사별/이혼 포함),맞벌이 하지 않음,300-400만원 미만,0.2043259134817303,0.204755871747393,0.0682320732863009,0.1395445134575569,0.0969545883304136,0.1353202160493827,0.2225776356124217,1,1,2,0
4K189018,여자,60대 이상,주부,중졸 이하,전라북도,1인 가구,미혼(사별/이혼 포함),맞벌이 하지 않음,100만원 미만,0.1073078538429231,0.119676444790956,0.0739882769997543,0.1336093857832988,0.0674437407357499,0.1992669753086419,0.2598960415833666,0,0,1,0
3P242050,여자,30대,사무 종사자,대학교 졸업(전문대졸/대학원생 포함),제주특별자치도,2세대가족,기혼,맞벌이 함,400-500만원 미만,0.1705165896682066,0.147256602670305,0.0810080376259169,0.1229813664596273,0.1001886538202398,0.1596257716049382,0.2332400373184059,1,0,1,0
3P242055,여자,30대,사무 종사자,대학교 졸업(전문대졸/대학원생 포함),제주특별자치도,2세대가족,기혼,맞벌이 함,500-600만원 미만,0.1902561948761024,0.1677224442062177,0.0725843248745217,0.1202208419599723,0.0883304136908772,0.1462191358024691,0.2545648407303745,1,0,2,0
4D051001,여자,50대,서비스 종사자,대학교 졸업(전문대졸/대학원생 포함),대구광역시,2세대가족,기혼,맞벌이 함,600-700만원 미만,0.1312473750524989,0.1170451223077672,0.0438735039135165,0.1395445134575569,0.0542379733189597,0.1198881172839506,0.3038784486205518,0,1,2,0
3P242060,여자,50대,서비스 종사자,고졸(대학 재학 포함),제주특별자치도,1세대가족,기혼,맞벌이 함,500-600만원 미만,0.2242755144897102,0.147256602670305,0.0856761784423151,0.1257418909592822,0.1177738849211696,0.1412037037037037,0.2518992403038784,1,1,2,0
1H000490,남자,60대 이상,서비스 종사자,대학교 졸업(전문대졸/대학원생 포함),경기도,1인 가구,미혼(사별/이혼 포함),맞벌이 하지 않음,300-400만원 미만,0.1724065518689626,0.1306890166650424,0.1197922150854655,0.1395445134575569,0.1410861069936666,0.148244598765432,0.1106224176995868,2,2,0,0
4D051002,여자,60대 이상,주부,중졸 이하,대구광역시,1세대가족,기혼,맞벌이 하지 않음,100-200만원 미만,0.1577068458630827,0.1331254263716986,0.074795549471763,0.1305728088336784,0.0627273952297534,0.132716049382716,0.2918832467013195,1,1,2,0
1D000364,여자,50대,서비스 종사자,고졸(대학 재학 포함),대구광역시,2세대가족,기혼,맞벌이 함,400-500만원 미만,0.1383872322553549,0.1150959945424422,0.0540521568214523,0.136783988957902,0.0789650990432556,0.1280864197530864,0.275889644142343,0,1,2,0
3D052035,여자,60대 이상,사무 종사자,고졸(대학 재학 포함),대구광역시,1세대가족,기혼,맞벌이 함,400-500만원 미만,0.1663166736665267,0.200857616216743,0.0687234565301323,0.134023464458247,0.0803126263306832,0.1494984567901234,0.2132480341196854,1,1,1,0
3D051007,여자,60대 이상,주부,고졸(대학 재학 포함),대구광역시,1세대가족,기혼,맞벌이 하지 않음,200-300만원 미만,0.1539269214615707,0.1394600916090049,0.0639851181074725,0.136783988957902,0.0675784934644926,0.1221064814814814,0.2825536452085832,0,1,2,0
1D000236,여자,60대 이상,사무 종사자,고졸(대학 재학 포함),대구광역시,1세대가족,기혼,맞벌이 함,600-700만원 미만,0.1087778244435111,0.2005652470519442,0.0937489031624021,0.1363699102829537,0.0881282845977631,0.1186342592592592,0.2145808343329335,0,1,1,0
3D059003,남자,20대,기능원 및 관련 기능 종사자,대학교 졸업(전문대졸/대학원생 포함),대구광역시,1인 가구,미혼(사별/이혼 포함),맞벌이 하지 않음,300-400만원 미만,0.1713565728685426,0.1862391579768054,0.0666175283422835,0.1478260869565217,0.0792346045007411,0.1560570987654321,0.2092496334799413,1,0,1,0
3D052040,여자,60대 이상,사무 종사자,대학교 졸업(전문대졸/대학원생 포함),대구광역시,1세대가족,기혼,맞벌이 함,400-500만원 미만,0.2005459890802184,0.1755189552675178,0.0985574391913235,0.1285024154589372,0.1144050667026007,0.1633873456790123,0.194588831134213,1,0,0,0
1D000238,남자,50대,기능원 및 관련 기능 종사자,대학교 졸업(전문대졸/대학원생 포함),대구광역시,1인 가구,미혼(사별/이혼 포함),맞벌이 하지 않음,200-300만원 미만,0.0902981940361192,0.170548679465939,0.072163139236952,0.1187025534851621,0.0711494407761757,0.1022376543209876,0.2705584432893509,0,0,1,0
1H000493,여자,50대,주부,대학교 졸업(전문대졸/대학원생 포함),경기도,2세대가족,기혼,맞벌이 하지 않음,500-600만원 미만,0.2045359092818144,0.1141214306597797,0.1208451791793899,0.1285024154589372,0.133674706912815,0.1440972222222222,0.1026256164200986,2,2,0,0
4I221022,여자,60대 이상,단순노무 종사자,중졸 이하,경상북도,1인 가구,미혼(사별/이혼 포함),맞벌이 하지 않음,100-200만원 미만,0.1940361192776144,0.1579768053795926,0.0944508792250184,0.1312629399585921,0.0986389974396981,0.1825810185185185,0.1989870718379315,1,0,1,0
4D059002,남자,60대 이상,기능원 및 관련 기능 종사자,고졸(대학 재학 포함),대구광역시,1인 가구,미혼(사별/이혼 포함),맞벌이 하지 않음,300-400만원 미만,0.1766064678706425,0.1677224442062177,0.0717068547962514,0.1285024154589372,0.0964155774154426,0.1429398148148148,0.1652672264427562,1,0,1,0
1D000244,여자,40대,사무 종사자,대학교 졸업(전문대졸/대학원생 포함),대구광역시,2세대가족,기혼,맞벌이 함,400-500만원 미만,0.0755984880302394,0.168599551700614,0.1008388613948264,0.1187025534851621,0.0717558280555181,0.1128472222222222,0.2385712381713981,0,0,1,0
1D000249,여자,60대 이상,주부,대학교 졸업(전문대졸/대학원생 포함),대구광역시,1세대가족,기혼,맞벌이 하지 않음,200-300만원 미만,0.0944981100377992,0.1383880713380762,0.1065248675020181,0.1159420289855072,0.0773480662983425,0.1186342592592592,0.2212448353991736,0,0,1,0
1E000189,여자,60대 이상,판매 종사자,대학교 졸업(전문대졸/대학원생 포함),대전광역시,2세대가족,기혼,맞벌이 함,500-600만원 미만,0.1287274254514909,0.1784426469155053,0.1145273946158436,0.1423050379572118,0.0966177065085568,0.138695987654321,0.1612688258030121,2,0,0,0
1E000233,남자,40대,사무 종사자,대학교 졸업(전문대졸/대학원생 포함),대전광역시,2세대가족,기혼,맞벌이 함,600-700만원 미만,0.1551868962620747,0.1496930123769613,0.1115790951528552,0.1305728088336784,0.0908907155369896,0.1278935185185185,0.2185792349726776,2,0,0,0
1E000244,여자,30대,사무 종사자,대학교 졸업(전문대졸/대학원생 포함),대전광역시,2세대가족,기혼,맞벌이 함,600-700만원 미만,0.1476270474590508,0.1448201929636488,0.1281808290337299,0.1360938578329882,0.1243767686295647,0.1218171296296296,0.1852592296414767,2,0,0,0
4G102036,여자,50대,서비스 종사자,대학교 졸업(전문대졸/대학원생 포함),울산광역시,2세대가족,미혼(사별/이혼 포함),맞벌이 하지 않음,400-500만원 미만,0.1742965140697186,0.1589513692622551,0.0894317503773121,0.1588681849551414,0.1021425683870098,0.1273148148148148,0.2385712381713981,1,1,1,0
1B000111,여자,40대,사무 종사자,대학교 졸업(전문대졸/대학원생 포함),부산광역시,2세대가족,기혼,맞벌이 함,500-600만원 미만,0.122007559848803,0.1531039859662801,0.0758485135656874,0.1478260869565217,0.1126532812289448,0.1438078703703703,0.180327868852459,0,1,1,0
1B000116,여자,60대 이상,주부,고졸(대학 재학 포함),부산광역시,1세대가족,기혼,맞벌이 하지 않음,200-300만원 미만,0.0856782864342713,0.1404346554916674,0.0795689866975536,0.1312629399585921,0.0817275299824821,0.1022376543209876,0.2012528322004531,0,0,1,0
1B000114,여자,60대 이상,주부,대학교 졸업(전문대졸/대학원생 포함),부산광역시,1세대가족,기혼,맞벌이 하지 않음,200-300만원 미만,0.1392272154556909,0.1618750609102426,0.0803411603664315,0.1312629399585921,0.0630642770516102,0.1266396604938272,0.2443022790883647,0,1,2,0
1B000113,남자,60대 이상,사무 종사자,대학교 졸업(전문대졸/대학원생 포함),부산광역시,2세대가족,기혼,맞벌이 함,600-700만원 미만,0.1301973960520789,0.1686970080888802,0.0504720789021094,0.1229813664596273,0.0873197682253065,0.1431327160493827,0.1599360255897641,0,0,1,0
1O001197,남자,50대,사무 종사자,대학교 졸업(전문대졸/대학원생 포함),강원도,2세대가족,기혼,맞벌이 함,800-900만원 미만,0.0636287274254514,0.1189942500730922,0.1309536344810642,0.1423050379572118,0.0969545883304136,0.1572145061728395,0.1865920298547247,2,2,0,0
1F000118,여자,60대 이상,판매 종사자,고졸(대학 재학 포함),광주광역시,1세대가족,기혼,맞벌이 함,400-500만원 미만,0.1640067198656026,0.1277653250170548,0.0724088308588677,0.1229813664596273,0.0916992319094461,0.1619405864197531,0.2079168332666933,1,0,1,0
1F000123,여자,60대 이상,판매 종사자,고졸(대학 재학 포함),광주광역시,1세대가족,기혼,맞벌이 함,500-600만원 미만,0.1507769844603108,0.1199688139557548,0.0745147590467165,0.1146997929606625,0.0894758118851906,0.1533564814814814,0.2239104358256697,0,0,2,0
1D000932,남자,60대 이상,장치·기계 조작 및 조립 종사자,대학교 졸업(전문대졸/대학원생 포함),대구광역시,1세대가족,기혼,맞벌이 함,500-600만원 미만,0.2001259974800504,0.2076795633953805,0.0759538099750798,0.1478260869565217,0.1031532138525805,0.1532600308641975,0.1825936292149806,1,1,2,0
1H000494,여자,50대,주부,대학교 졸업(전문대졸/대학원생 포함),경기도,2세대가족,기혼,맞벌이 하지 않음,600-700만원 미만,0.1652666946661067,0.14530747490498,0.1228809097609771,0.1423050379572118,0.1871715402236895,0.1358024691358025,0.0999600159936025,2,2,0,0
1F000129,남자,60대 이상,판매 종사자,대학교 졸업(전문대졸/대학원생 포함),광주광역시,2세대가족,기혼,맞벌이 함,500-600만원 미만,0.1587568248635027,0.1180196861904297,0.0583693096065424,0.1285024154589372,0.0929120064681309,0.1257716049382716,0.2279088364654138,1,0,2,0
1O001219,여자,60대 이상,주부,고졸(대학 재학 포함),강원도,1세대가족,기혼,맞벌이 하지 않음,200-300만원 미만,0.0461990760184796,0.1150959945424422,0.1320065985749886,0.1395445134575569,0.0919687373669316,0.1624228395061728,0.1599360255897641,2,2,0,0
1D000697,남자,30대,장치·기계 조작 및 조립 종사자,대학교 졸업(전문대졸/대학원생 포함),대구광역시,1인 가구,미혼(사별/이혼 포함),맞벌이 하지 않음,300-400만원 미만,0.1511969760604788,0.1024266640678296,0.1060334842581868,0.1257418909592822,0.1044333647756367,0.1408179012345679,0.0946288151406104,2,2,0,0
1D000250,여자,50대,주부,고졸(대학 재학 포함),대구광역시,1세대가족,기혼,맞벌이 하지 않음,300-400만원 미만,0.0944981100377992,0.175226586102719,0.095468744515812,0.1280883367839889,0.0803800026950545,0.1147762345679012,0.194588831134213,0,0,1,0
1D000936,여자,60대 이상,사무 종사자,대학교 졸업(전문대졸/대학원생 포함),대구광역시,1세대가족,기혼,맞벌이 함,500-600만원 미만,0.1883662326753465,0.1950102329207679,0.0979607595380997,0.1505866114561766,0.1042312356825225,0.165895061728395,0.2039184326269492,1,1,1,0
3O159002,여자,60대 이상,단순노무 종사자,고졸(대학 재학 포함),강원도,1인 가구,미혼(사별/이혼 포함),맞벌이 하지 않음,200-300만원 미만,0.0419991600167996,0.1150959945424422,0.1280404338212067,0.136783988957902,0.0797062390513407,0.1747685185185185,0.1896574703451952,2,2,0,0
1F000135,여자,60대 이상,판매 종사자,고졸(대학 재학 포함),광주광역시,2세대가족,기혼,맞벌이 함,600-700만원 미만,0.2097858042839143,0.1628496247929051,0.0671440103892457,0.1257418909592822,0.0971567174235278,0.1198881172839506,0.2092496334799413,1,1,1,0
1H000501,여자,50대,주부,대학교 졸업(전문대졸/대학원생 포함),경기도,2세대가족,기혼,맞벌이 하지 않음,500-600만원 미만,0.1591768164636707,0.1823409024461553,0.1061036818644484,0.1450655624568668,0.1409513542649238,0.158082561728395,0.1132880181260829,2,1,0,0
4P243004,여자,60대 이상,주부,고졸(대학 재학 포함),제주특별자치도,2세대가족,미혼(사별/이혼 포함),맞벌이 하지 않음,100-200만원 미만,0.1635867282654347,0.1228925056037423,0.0474886806359903,0.1008971704623878,0.0715536989624039,0.0969328703703703,0.2399040383846461,0,0,2,0
4P243006,여자,50대,서비스 종사자,대학교 졸업(전문대졸/대학원생 포함),제주특별자치도,2세대가족,기혼,맞벌이 하지 않음,300-400만원 미만,0.2068458630827383,0.1716206997368677,0.0512793513741181,0.1229813664596273,0.0741140008085163,0.128761574074074,0.2145808343329335,1,0,2,0
4P243008,여자,40대,전문가 및 관련 종사자,대학교 졸업(전문대졸/대학원생 포함),제주특별자치도,1인 가구,미혼(사별/이혼 포함),맞벌이 하지 않음,100-200만원 미만,0.1677866442671146,0.1482311665529675,0.0510687585553332,0.1119392684610075,0.0659614607195795,0.1005979938271604,0.2332400373184059,0,0,2,0
4P243010,여자,20대,전문가 및 관련 종사자,대학원 졸업 이상,제주특별자치도,1인 가구,미혼(사별/이혼 포함),맞벌이 하지 않음,200-300만원 미만,0.2026459470810583,0.202806743982068,0.0439086027166473,0.1146997929606625,0.0636706643309527,0.0989583333333333,0.1639344262295082,1,1,1,0
1D000937,남자,30대,기능원 및 관련 기능 종사자,대학교 졸업(전문대졸/대학원생 포함),대구광역시,1인 가구,미혼(사별/이혼 포함),맞벌이 하지 않음,300-400만원 미만,0.1959260814783704,0.2154760744566806,0.0846232143483907,0.1423050379572118,0.1025468265732381,0.1684992283950617,0.2332400373184059,1,1,2,0
4P243026,남자,50대,사무 종사자,대학교 졸업(전문대졸/대학원생 포함),제주특별자치도,2세대가족,기혼,맞벌이 하지 않음,400-500만원 미만,0.1973960520789584,0.2310690965792808,0.0567898634656558,0.1229813664596273,0.0667026007276647,0.0993441358024691,0.1749966679994669,1,1,1,0
4P243028,남자,20대,전문가 및 관련 종사자,대학교 졸업(전문대졸/대학원생 포함),제주특별자치도,1인 가구,미혼(사별/이혼 포함),맞벌이 하지 않음,200-300만원 미만,0.1633767324653507,0.2018321800994055,0.0487171387455687,0.1202208419599723,0.060167093383641,0.109278549382716,0.1865920298547247,0,0,1,0
4P243030,여자,20대,전문가 및 관련 종사자,대학교 졸업(전문대졸/대학원생 포함),제주특별자치도,1인 가구,미혼(사별/이혼 포함),맞벌이 하지 않음,100-200만원 미만,0.1742965140697186,0.1842900302114803,0.053560773577621,0.1202208419599723,0.0727664735210888,0.146508487654321,0.1985872317739571,0,0,1,0
1D000257,남자,60대 이상,기능원 및 관련 기능 종사자,대학교 졸업(전문대졸/대학원생 포함),대구광역시,1세대가족,기혼,맞벌이 하지 않음,300-400만원 미만,0.0944981100377992,0.113829061494981,0.1171598048506546,0.1280883367839889,0.0893410591564479,0.1234567901234568,0.1999200319872051,2,0,1,0
1D000273,여자,30대,사무 종사자,대학교 졸업(전문대졸/대학원생 포함),대구광역시,1세대가족,기혼,맞벌이 함,600-700만원 미만,0.0850482990340193,0.1457947568463113,0.0821311993261029,0.1305728088336784,0.0773480662983425,0.1080246913580247,0.2039184326269492,0,0,1,0
1H000502,여자,60대 이상,주부,고졸(대학 재학 포함),경기도,1인 가구,미혼(사별/이혼 포함),맞벌이 하지 않음,200-300만원 미만,0.2106257874842503,0.1531039859662801,0.1166333228036924,0.1533471359558316,0.1883843147823743,0.1413966049382716,0.1052912168465947,2,1,0,0
1D000277,여자,60대 이상,서비스 종사자,고졸(대학 재학 포함),대구광역시,1세대가족,기혼,맞벌이 함,400-500만원 미만,0.0944981100377992,0.122795049215476,0.1184584605664946,0.1131815044858523,0.068723891658806,0.1070601851851851,0.2065840330534453,2,0,1,0
3O159003,여자,50대,주부,고졸(대학 재학 포함),강원도,1세대가족,기혼,맞벌이 하지 않음,500-600만원 미만,0.0552288954220915,0.1170451223077672,0.1216524516513987,0.1423050379572118,0.0778870772133135,0.1524884259259259,0.1963214714114354,2,2,0,0
3D049018,여자,50대,서비스 종사자,고졸(대학 재학 포함),대구광역시,2세대가족,기혼,맞벌이 하지 않음,200-300만원 미만,0.113397732045359,0.1352694669135562,0.1141062089782738,0.1280883367839889,0.0894758118851906,0.1215277777777777,0.2185792349726776,2,0,0,0
3D049020,여자,50대,서비스 종사자,대학교 졸업(전문대졸/대학원생 포함),대구광역시,1인 가구,미혼(사별/이혼 포함),맞벌이 하지 않음,300-400만원 미만,0.0944981100377992,0.1072020270928759,0.0913621845495068,0.1131815044858523,0.0700714189462336,0.1253858024691358,0.2279088364654138,0,0,1,0
4D049001,여자,60대 이상,주부,고졸(대학 재학 포함),대구광역시,1세대가족,기혼,맞벌이 하지 않음,200-300만원 미만,0.0997480050398992,0.1422863268687262,0.1124214664279948,0.1187025534851621,0.0778197008489421,0.1147762345679012,0.2145808343329335,2,0,1,0
1D000960,여자,60대 이상,서비스 종사자,대학교 졸업(전문대졸/대학원생 포함),대구광역시,2세대가족,기혼,맞벌이 함,600-700만원 미만,0.1665266694666106,0.1657733164408927,0.1092625741462216,0.136783988957902,0.1061851502492925,0.1683063271604938,0.2252432360389177,1,0,0,0
1H000503,남자,50대,전문가 및 관련 종사자,대학교 졸업(전문대졸/대학원생 포함),경기도,1인 가구,미혼(사별/이혼 포함),맞벌이 하지 않음,400-500만원 미만,0.1955060898782024,0.1638241886755677,0.105050717770524,0.136783988957902,0.1594124781026815,0.1563464506172839,0.1052912168465947,2,1,0,0
1O001209,여자,60대 이상,주부,중졸 이하,강원도,1세대가족,기혼,맞벌이 하지 않음,200-300만원 미만,0.0514489710205795,0.1189942500730922,0.1141062089782738,0.1423050379572118,0.0798409917800835,0.1726466049382716,0.1905904304944689,2,2,0,0
3P239020,여자,60대 이상,판매 종사자,고졸(대학 재학 포함),제주특별자치도,1세대가족,기혼,맞벌이 함,"1,000만원 이상",0.1104577908441831,0.1034012279504921,0.1393071496261977,0.1202208419599723,0.1522032071149441,0.0998263888888889,0.101692656270825,2,2,0,0
1C000296,여자,30대,사무 종사자,대학교 졸업(전문대졸/대학원생 포함),인천광역시,1세대가족,기혼,맞벌이 함,500-600만원 미만,0.1673666526669466,0.1487184484942988,0.0743392650310624,0.1305728088336784,0.0764721735615146,0.1410108024691358,0.3038784486205518,1,1,2,0
1O001230,여자,60대 이상,주부,중졸 이하,강원도,1인 가구,미혼(사별/이혼 포함),맞벌이 하지 않음,100-200만원 미만,0.0514489710205795,0.1345872721956924,0.1248815415394335,0.1423050379572118,0.0888020482414768,0.1836419753086419,0.1536718645874983,2,2,0,0
1Q000051,여자,60대 이상,판매 종사자,고졸(대학 재학 포함),세종특별자치시,1세대가족,기혼,맞벌이 함,500-600만원 미만,0.1963460730785384,0.1443329110223175,0.0985574391913235,0.134023464458247,0.0840857027354803,0.1827739197530864,0.1999200319872051,1,0,1,0
1C000298,여자,50대,관리자,대학교 졸업(전문대졸/대학원생 포함),인천광역시,2세대가족,기혼,맞벌이 함,800-900만원 미만,0.1742965140697186,0.118506968131761,0.0835702502544663,0.1388543823326432,0.0871176391321924,0.1336805555555555,0.3296014927362389,1,1,2,0
4I218034,남자,60대 이상,판매 종사자,고졸(대학 재학 포함),경상북도,2세대가족,미혼(사별/이혼 포함),맞벌이 하지 않음,300-400만원 미만,0.0839983200335993,0.1533963551310788,0.0615282018883156,0.1202208419599723,0.0792346045007411,0.1481481481481481,0.1985872317739571,0,0,1,0
4I218038,남자,30대,서비스 종사자,대학교 졸업(전문대졸/대학원생 포함),경상북도,3세대가족,기혼,맞벌이 하지 않음,400-500만원 미만,0.0608987820243595,0.1199688139557548,0.0831841634200273,0.1285024154589372,0.0782239590351704,0.1044560185185185,0.1506064240970278,0,0,1,0
4I218042,남자,60대 이상,단순노무 종사자,중졸 이하,경상북도,1인 가구,미혼(사별/이혼 포함),맞벌이 하지 않음,300-400만원 미만,0.0615287694246115,0.170938505019004,0.0477694710610368,0.1423050379572118,0.0627947715941247,0.1263503086419753,0.2443022790883647,0,0,1,0
4I218046,여자,50대,사무 종사자,대학교 졸업(전문대졸/대학원생 포함),경상북도,1세대가족,기혼,맞벌이 함,400-500만원 미만,0.0793784124317513,0.1716206997368677,0.05956266891299,0.134023464458247,0.0553159951489017,0.1599151234567901,0.23723843795815,0,0,1,0
1N000544,여자,50대,서비스 종사자,고졸(대학 재학 포함),충청남도,1인 가구,미혼(사별/이혼 포함),맞벌이 하지 않음,200-300만원 미만,0.1864762704745905,0.2172302894454731,0.0671440103892457,0.1333333333333333,0.0658940843552081,0.1751543209876543,0.2185792349726776,1,0,2,0
1N000541,여자,50대,사무 종사자,대학교 졸업(전문대졸/대학원생 포함),충청남도,2세대가족,기혼,맞벌이 함,600-700만원 미만,0.2070558588828223,0.2098236039372381,0.0820610017198413,0.1218771566597653,0.087050262767821,0.1736111111111111,0.2479008396641343,1,0,2,0
1N000542,여자,40대,주부,대학교 졸업(전문대졸/대학원생 포함),충청남도,2세대가족,기혼,맞벌이 하지 않음,600-700만원 미만,0.2274254514909701,0.2130396647500243,0.0787266154224141,0.1388543823326432,0.0859722409378789,0.1964699074074074,0.2572304411568706,1,0,2,0
1N000548,여자,50대,서비스 종사자,대학교 졸업(전문대졸/대학원생 포함),충청남도,2세대가족,기혼,맞벌이 함,700-800만원 미만,0.1948761024779504,0.2461748367605496,0.072163139236952,0.1333333333333333,0.0867807573103355,0.1677276234567901,0.2159136345461815,1,1,2,0
1N000550,여자,50대,서비스 종사자,대학교 졸업(전문대졸/대학원생 포함),충청남도,1인 가구,미혼(사별/이혼 포함),맞벌이 하지 않음,200-300만원 미만,0.1724065518689626,0.1945229509794367,0.05092836334281,0.147135955831608,0.0627273952297534,0.1223958333333333,0.2199120351859256,0,0,1,0
1N000578,여자,40대,서비스 종사자,대학교 졸업(전문대졸/대학원생 포함),충청남도,1인 가구,미혼(사별/이혼 포함),맞벌이 하지 않음,200-300만원 미만,0.1973960520789584,0.174057109443524,0.0397669439472114,0.1222912353347135,0.0633337825090958,0.1593364197530864,0.23723843795815,1,0,2,0
4O159016,여자,60대 이상,주부,고졸(대학 재학 포함),강원도,1세대가족,기혼,맞벌이 하지 않음,200-300만원 미만,0.0472490550188996,0.1297144527823799,0.1301463620090555,0.1450655624568668,0.0962134483223285,0.1682098765432099,0.1652672264427562,2,2,0,0
1L000671,여자,60대 이상,서비스 종사자,고졸(대학 재학 포함),전라남도,1세대가족,기혼,맞벌이 함,400-500만원 미만,0.120537589248215,0.1021342949030309,0.0717068547962514,0.1115251897860593,0.0703409244037191,0.1236496913580246,0.2572304411568706,0,0,2,0
4O159032,남자,60대 이상,단순노무 종사자,고졸(대학 재학 포함),강원도,1인 가구,미혼(사별/이혼 포함),맞벌이 하지 않음,200-300만원 미만,0.0608987820243595,0.1384855277263424,0.1178617809132708,0.1423050379572118,0.0888020482414768,0.1869212962962963,0.1519392243102759,2,2,0,0
1L000611,여자,50대,서비스 종사자,고졸(대학 재학 포함),전라남도,2세대가족,기혼,맞벌이 함,600-700만원 미만,0.1560268794624107,0.1053503557158171,0.0962760169878207,0.1312629399585921,0.129766877779275,0.1539351851851851,0.1932560309209649,2,2,0,0
1G000001,여자,60대 이상,판매 종사자,고졸(대학 재학 포함),울산광역시,3세대가족,기혼,맞벌이 함,300-400만원 미만,0.0846283074338513,0.204755871747393,0.0679512828612544,0.136783988957902,0.038808785877914,0.1275077160493827,0.2225776356124217,0,0,1,0
4L204024,여자,60대 이상,농림어업 숙련 종사자,고졸(대학 재학 포함),전라남도,1세대가족,기혼,맞벌이 함,400-500만원 미만,0.1648467030659386,0.1014521001851671,0.0703029026710189,0.1229813664596273,0.1135291739657728,0.1280864197530864,0.2109822737571638,1,0,2,0
1G000002,여자,50대,판매 종사자,대학교 졸업(전문대졸/대학원생 포함),울산광역시,2세대가족,미혼(사별/이혼 포함),맞벌이 하지 않음,400-500만원 미만,0.1875262494750105,0.2369164798752558,0.0693903337896177,0.1202208419599723,0.0615146206710685,0.1237461419753086,0.1745968279354924,1,1,1,0
1A000859,여자,40대,전문가 및 관련 종사자,대학교 졸업(전문대졸/대학원생 포함),서울특별시,2세대가족,기혼,맞벌이 함,600-700만원 미만,0.1658966820663586,0.1628496247929051,0.0691797409708328,0.1395445134575569,0.0724295916992319,0.109278549382716,0.2892176462748234,1,1,2,0
1G000003,남자,50대,판매 종사자,고졸(대학 재학 포함),울산광역시,1인 가구,기혼,맞벌이 하지 않음,400-500만원 미만,0.2064258714825703,0.2106032550433681,0.0747253518655013,0.1312629399585921,0.0824012936261959,0.1224922839506172,0.254964680794349,1,1,2,0
3P239040,여자,60대 이상,서비스 종사자,고졸(대학 재학 포함),제주특별자치도,2세대가족,기혼,맞벌이 함,400-500만원 미만,0.0968080638387232,0.1862391579768054,0.0667930223579376,0.1312629399585921,0.0513407896509904,0.2018711419753086,0.2736238837798214,0,0,1,0
1G000008,여자,60대 이상,판매 종사자,대학교 졸업(전문대졸/대학원생 포함),울산광역시,2세대가족,기혼,맞벌이 함,500-600만원 미만,0.2232255354892902,0.2106032550433681,0.0805517531852163,0.134023464458247,0.0898126937070475,0.1186342592592592,0.2225776356124217,1,1,2,0
1G000015,여자,50대,사무 종사자,대학교 졸업(전문대졸/대학원생 포함),울산광역시,2세대가족,기혼,맞벌이 함,500-600만원 미만,0.2057958840823183,0.1862391579768054,0.0818153100979256,0.1312629399585921,0.0852984772941652,0.1099537037037037,0.273224043715847,1,1,2,0
3P239028,여자,60대 이상,전문가 및 관련 종사자,대학원 졸업 이상,제주특별자치도,3세대가족,기혼,맞벌이 함,400-500만원 미만,0.0461990760184796,0.1034012279504921,0.0656698606577515,0.1229813664596273,0.0650181916183802,0.1880787037037037,0.2585632413701186,0,0,1,0
1G000019,여자,60대 이상,주부,대학교 졸업(전문대졸/대학원생 포함),울산광역시,2세대가족,기혼,맞벌이 하지 않음,600-700만원 미만,0.0797984040319193,0.2145015105740181,0.0968726966410445,0.1312629399585921,0.0386066567847998,0.1080246913580247,0.2403038784486205,0,1,1,0
1G000022,여자,60대 이상,주부,대학교 졸업(전문대졸/대학원생 포함),울산광역시,1인 가구,미혼(사별/이혼 포함),맞벌이 하지 않음,100-200만원 미만,0.1028979420411591,0.2201539810934607,0.0837457442701204,0.1112491373360938,0.0539010914971028,0.1099537037037037,0.1963214714114354,0,0,1,0
1G000023,남자,60대 이상,사무 종사자,대학교 졸업(전문대졸/대학원생 포함),울산광역시,1세대가족,기혼,맞벌이 함,500-600만원 미만,0.0923981520369592,0.196959360686093,0.0811133340353094,0.1312629399585921,0.0552486187845303,0.1205632716049382,0.2616286818605891,0,1,1,0
1G000036,여자,60대 이상,주부,중졸 이하,울산광역시,1인 가구,미혼(사별/이혼 포함),맞벌이 하지 않음,100-200만원 미만,0.0545989080218395,0.2011499853815417,0.0903443192587132,0.1285024154589372,0.0399541840722274,0.1572145061728395,0.2469678795148607,0,0,1,0
1D000699,여자,60대 이상,사무 종사자,대학교 졸업(전문대졸/대학원생 포함),대구광역시,1세대가족,기혼,맞벌이 함,400-500만원 미만,0.1308273834523309,0.1072994834811422,0.1203186971324278,0.1285024154589372,0.0657593316264654,0.1422646604938271,0.1119552179128348,2,2,0,0
3P239024,여자,40대,판매 종사자,대학교 졸업(전문대졸/대학원생 포함),제주특별자치도,2세대가족,기혼,맞벌이 함,500-600만원 미만,0.118647627047459,0.1141214306597797,0.0737776841809694,0.1229813664596273,0.0697345371243767,0.167824074074074,0.2425696388111422,0,0,2,0
1G000040,여자,60대 이상,서비스 종사자,대학교 졸업(전문대졸/대학원생 포함),울산광역시,2세대가족,기혼,맞벌이 함,500-600만원 미만,0.0608987820243595,0.1823409024461553,0.074409462637324,0.1257418909592822,0.047365584153079,0.1765046296296296,0.2665600426496068,0,0,1,0
3P239044,여자,60대 이상,사무 종사자,대학교 졸업(전문대졸/대학원생 포함),제주특별자치도,2세대가족,기혼,맞벌이 함,400-500만원 미만,0.0377992440151197,0.1531039859662801,0.0782001333754519,0.1285024154589372,0.0168440910928446,0.144483024691358,0.2722910835665734,0,0,1,0
4A245003,여자,60대 이상,서비스 종사자,고졸(대학 재학 포함),서울특별시,1세대가족,기혼,맞벌이 함,400-500만원 미만,0.1826963460730785,0.1258161972517298,0.0893966515741813,0.1423050379572118,0.1036248484031801,0.136670524691358,0.2905504464880714,1,1,2,0
1D000701,여자,60대 이상,서비스 종사자,중졸 이하,대구광역시,1세대가족,기혼,맞벌이 함,500-600만원 미만,0.2078958420831583,0.1123672156709872,0.0700572110491032,0.132919254658385,0.0667026007276647,0.1694637345679012,0.3678528588564574,1,1,2,0
4I207005,여자,60대 이상,판매 종사자,고졸(대학 재학 포함),경상북도,1인 가구,미혼(사별/이혼 포함),맞벌이 하지 않음,100-200만원 미만,0.0755984880302394,0.1383880713380762,0.1032957776139833,0.1159420289855072,0.0579436733593855,0.1128472222222222,0.2012528322004531,0,0,1,0
1A000861,여자,30대,사무 종사자,대학교 졸업(전문대졸/대학원생 포함),서울특별시,1세대가족,기혼,맞벌이 함,600-700만원 미만,0.1291474170516589,0.1599259331449176,0.1167386192130848,0.1505866114561766,0.0983021156178412,0.2166280864197531,0.2052512328401972,2,0,0,0
4I207020,여자,60대 이상,주부,고졸(대학 재학 포함),경상북도,2세대가족,기혼,맞벌이 하지 않음,500-600만원 미만,0.0755984880302394,0.1452100185167137,0.1178968797164016,0.1104209799861973,0.0795041099582266,0.1128472222222222,0.194588831134213,2,0,1,0
4I215007,여자,30대,사무 종사자,대학교 졸업(전문대졸/대학원생 포함),경상북도,1세대가족,기혼,맞벌이 함,500-600만원 미만,0.0793784124317513,0.1647987525582302,0.0818855077041872,0.1229813664596273,0.074585635359116,0.1401427469135802,0.197254431560709,0,0,1,0
4I215010,여자,60대 이상,주부,고졸(대학 재학 포함),경상북도,1세대가족,기혼,맞벌이 하지 않음,300-400만원 미만,0.0944981100377992,0.1506675762596238,0.0917482713839458,0.1278122843340234,0.1106319902978035,0.1403356481481481,0.2136478741836599,0,1,1,0
4I215013,남자,30대,전문가 및 관련 종사자,대학교 졸업(전문대졸/대학원생 포함),경상북도,1인 가구,미혼(사별/이혼 포함),맞벌이 하지 않음,500-600만원 미만,0.0919781604367912,0.176785888314979,0.0683022708925625,0.136783988957902,0.0671742352782643,0.0938464506172839,0.2412368385978942,0,1,1,0
4I207025,남자,50대,전문가 및 관련 종사자,고졸(대학 재학 포함),경상북도,2세대가족,미혼(사별/이혼 포함),맞벌이 하지 않음,500-600만원 미만,0.0755984880302394,0.1510574018126888,0.1005931697729107,0.1159420289855072,0.062660018865382,0.1128472222222222,0.2332400373184059,0,0,1,0
4I207040,남자,40대,전문가 및 관련 종사자,대학교 졸업(전문대졸/대학원생 포함),경상북도,2세대가족,기혼,맞벌이 함,500-600만원 미만,0.0755984880302394,0.1422863268687262,0.1069109543364571,0.1159420289855072,0.0778197008489421,0.1089891975308642,0.2292416366786618,0,0,1,0
1H001231,여자,40대,주부,고졸(대학 재학 포함),경기도,2세대가족,기혼,맞벌이 하지 않음,300-400만원 미만,0.1591768164636707,0.202806743982068,0.0522621178617809,0.134023464458247,0.0541032205902169,0.1198881172839506,0.1905904304944689,0,0,1,0
4I215026,여자,20대,서비스 종사자,대학교 졸업(전문대졸/대학원생 포함),경상북도,1인 가구,미혼(사별/이혼 포함),맞벌이 하지 않음,300-400만원 미만,0.0684586308273834,0.14140921937433,0.0720929416306904,0.136783988957902,0.0790998517719983,0.0952932098765432,0.2265760362521658,0,1,1,0
1A000864,여자,50대,기능원 및 관련 기능 종사자,대학교 졸업(전문대졸/대학원생 포함),서울특별시,2세대가족,기혼,맞벌이 함,"900-1,000만원 미만",0.1654766904661906,0.2381834129227171,0.0819206065073181,0.1561076604554865,0.0972240937878992,0.2445987654320987,0.2625616420098627,1,0,2,0
1O001243,여자,60대 이상,주부,중졸 이하,강원도,1세대가족,기혼,맞벌이 하지 않음,200-300만원 미만,0.0646787064258714,0.1277653250170548,0.1100698466182303,0.1423050379572118,0.0810537663387683,0.1615547839506173,0.1666000266560042,2,2,0,0
4B034017,남자,50대,기능원 및 관련 기능 종사자,고졸(대학 재학 포함),부산광역시,1인 가구,미혼(사별/이혼 포함),맞벌이 하지 않음,300-400만원 미만,0.127047459050819,0.1535912679076113,0.0687936541363939,0.1388543823326432,0.0636706643309527,0.1988811728395061,0.2065840330534453,0,0,1,0
4B034029,여자,60대 이상,판매 종사자,고졸(대학 재학 포함),부산광역시,1인 가구,미혼(사별/이혼 포함),맞벌이 하지 않음,300-400만원 미만,0.0831583368332633,0.1448201929636488,0.0659857498859289,0.1416149068322981,0.0522840587521897,0.203028549382716,0.2212448353991736,0,0,1,0
4E094023,여자,50대,서비스 종사자,고졸(대학 재학 포함),대전광역시,1세대가족,기혼,맞벌이 함,600-700만원 미만,0.1795464090718185,0.14530747490498,0.0804815555789547,0.1423050379572118,0.0935183937474734,0.142554012345679,0.2572304411568706,1,1,2,0
3Q109006,여자,50대,서비스 종사자,고졸(대학 재학 포함),세종특별자치시,2세대가족,기혼,맞벌이 함,800-900만원 미만,0.1776564468710625,0.1716206997368677,0.0827629777824576,0.1395445134575569,0.0913623500875892,0.1936728395061728,0.1865920298547247,1,0,1,0
1O001244,여자,60대 이상,주부,고졸(대학 재학 포함),강원도,1인 가구,미혼(사별/이혼 포함),맞벌이 하지 않음,100-200만원 미만,0.0608987820243595,0.1384855277263424,0.1113685023340704,0.1423050379572118,0.087589273682792,0.1747685185185185,0.1479408236705318,2,2,0,0
1A000870,여자,60대 이상,기능원 및 관련 기능 종사자,대학교 졸업(전문대졸/대학원생 포함),서울특별시,2세대가족,기혼,맞벌이 함,"1,000만원 이상",0.2039059218815623,0.1570022414969301,0.1201783019199045,0.1561076604554865,0.1419619997304945,0.1643518518518518,0.2239104358256697,1,1,0,0
1O001253,여자,60대 이상,주부,중졸 이하,강원도,1인 가구,미혼(사별/이혼 포함),맞벌이 하지 않음,200-300만원 미만,0.0377992440151197,0.1404346554916674,0.1152293706784598,0.1423050379572118,0.0947311683061581,0.1736111111111111,0.1656670665067306,2,2,0,0
1A001559,여자,60대 이상,기능원 및 관련 기능 종사자,고졸(대학 재학 포함),서울특별시,1세대가족,기혼,맞벌이 하지 않음,300-400만원 미만,0.116127677446451,0.1219179417210798,0.1263556912709276,0.134023464458247,0.0972914701522705,0.1176697530864197,0.1506064240970278,2,2,0,0
1A000894,여자,50대,사무 종사자,대학교 졸업(전문대졸/대학원생 포함),서울특별시,2세대가족,기혼,맞벌이 함,"1,000만원 이상",0.1112977740445191,0.1482311665529675,0.134744305219192,0.1533471359558316,0.1315186632529308,0.1831597222222222,0.2336398773823804,2,2,0,0
4H133002,여자,50대,단순노무 종사자,고졸(대학 재학 포함),경기도,1세대가족,기혼,맞벌이 하지 않음,300-400만원 미만,0.121587568248635,0.1326381444303674,0.1248815415394335,0.1395445134575569,0.1328661905403584,0.2107445987654321,0.1785952285752365,2,2,0,0
3O160012,여자,60대 이상,주부,고졸(대학 재학 포함),강원도,1세대가족,기혼,맞벌이 하지 않음,300-400만원 미만,0.0636287274254514,0.1258161972517298,0.1321820925906426,0.1423050379572118,0.1151462067106858,0.1646412037037037,0.1785952285752365,2,2,0,0
4O160044,여자,60대 이상,서비스 종사자,고졸(대학 재학 포함),강원도,1세대가족,기혼,맞벌이 함,300-400만원 미만,0.0594288114237715,0.1297144527823799,0.1206345863606051,0.1478260869565217,0.1151462067106858,0.1693672839506173,0.1932560309209649,2,2,0,0
4I207035,남자,60대 이상,전문가 및 관련 종사자,고졸(대학 재학 포함),경상북도,2세대가족,기혼,맞벌이 함,"1,000만원 이상",0.0755984880302394,0.1523243348601501,0.1048050261486083,0.1273982056590752,0.0621883843147823,0.1003086419753086,0.2265760362521658,0,0,1,0
4I207045,남자,50대,관리자,고졸(대학 재학 포함),경상북도,1인 가구,미혼(사별/이혼 포함),맞벌이 하지 않음,700-800만원 미만,0.0755984880302394,0.1461845823993763,0.093011828296655,0.1187025534851621,0.0505322732785338,0.0954861111111111,0.1999200319872051,0,0,1,0
4I207050,여자,50대,사무 종사자,고졸(대학 재학 포함),경상북도,1인 가구,미혼(사별/이혼 포함),맞벌이 하지 않음,200-300만원 미만,0.0755984880302394,0.1120748465061884,0.0947667684531957,0.1104209799861973,0.0613124915779544,0.1041666666666666,0.2065840330534453,0,0,1,0
1O001241,여자,60대 이상,주부,고졸(대학 재학 포함),강원도,1세대가족,기혼,맞벌이 하지 않음,300-400만원 미만,0.0419991600167996,0.1228925056037423,0.1199677091011196,0.1450655624568668,0.0888020482414768,0.1541280864197531,0.1656670665067306,2,2,0,0
4I219012,여자,50대,주부,고졸(대학 재학 포함),경상북도,2세대가족,미혼(사별/이혼 포함),맞벌이 하지 않음,100만원 미만,0.0755984880302394,0.1559302212260014,0.0758134147625566,0.1104209799861973,0.0717558280555181,0.1147762345679012,0.2145808343329335,0,0,1,0
4H133004,남자,40대,사무 종사자,대학교 졸업(전문대졸/대학원생 포함),경기도,1인 가구,미혼(사별/이혼 포함),맞벌이 하지 않음,200-300만원 미만,0.0724485510289794,0.1219179417210798,0.1175458916850935,0.1395445134575569,0.0946637919417868,0.218653549382716,0.2039184326269492,2,2,1,0
4I219015,여자,40대,사무 종사자,대학교 졸업(전문대졸/대학원생 포함),경상북도,2세대가족,기혼,맞벌이 함,800-900만원 미만,0.0755984880302394,0.1315661241594386,0.1067003615176722,0.1131815044858523,0.0929793828325023,0.1089891975308642,0.2239104358256697,2,0,1,0
1C000109,여자,60대 이상,주부,고졸(대학 재학 포함),인천광역시,1세대가족,기혼,맞벌이 하지 않음,400-500만원 미만,0.1606467870642587,0.2341877010038008,0.0742690674248008,0.1218771566597653,0.0966850828729281,0.1719714506172839,0.0919632147141143,0,1,1,0
1O000401,여자,40대,사무 종사자,대학교 졸업(전문대졸/대학원생 포함),강원도,2세대가족,기혼,맞벌이 함,500-600만원 미만,0.2288954220915581,0.1462820387876425,0.0790776034537222,0.1505866114561766,0.14418541975475,0.1523919753086419,0.2602958816473411,1,1,2,0
1O001242,여자,60대 이상,주부,고졸(대학 재학 포함),강원도,1세대가족,기혼,맞벌이 하지 않음,200-300만원 미만,0.0566988660226795,0.1297144527823799,0.112947948474957,0.1423050379572118,0.087589273682792,0.1723572530864197,0.1692656270825003,2,2,0,0
1A000006,여자,60대 이상,주부,고졸(대학 재학 포함),서울특별시,1세대가족,기혼,맞벌이 하지 않음,200-300만원 미만,0.1308273834523309,0.1399473735503362,0.0716717559931206,0.1278122843340234,0.0668373534564075,0.085841049382716,0.2922830867652939,0,1,2,0
1A000013,여자,30대,사무 종사자,대학교 졸업(전문대졸/대학원생 포함),서울특별시,1세대가족,기혼,맞벌이 하지 않음,500-600만원 미만,0.1692566148677026,0.1155832764837735,0.0639149205012109,0.1305728088336784,0.0883977900552486,0.1041666666666666,0.3052112488337998,1,1,2,0
4H133009,여자,60대 이상,판매 종사자,고졸(대학 재학 포함),경기도,1인 가구,미혼(사별/이혼 포함),맞벌이 하지 않음,200-300만원 미만,0.1322973540529189,0.1716206997368677,0.124214664279948,0.1450655624568668,0.1241746395364506,0.1626157407407407,0.1639344262295082,2,1,0,0
4I219021,여자,60대 이상,주부,중졸 이하,경상북도,1세대가족,기혼,맞벌이 하지 않음,300-400만원 미만,0.0755984880302394,0.1383880713380762,0.1021375171106665,0.1104209799861973,0.068723891658806,0.1176697530864197,0.2092496334799413,0,0,1,0
4O160022,여자,60대 이상,주부,고졸(대학 재학 포함),강원도,1세대가족,기혼,맞벌이 하지 않음,400-500만원 미만,0.0545989080218395,0.1297144527823799,0.1313046225123723,0.1450655624568668,0.101468804743296,0.1497878086419753,0.1839264294282287,2,2,0,0
4I219024,여자,60대 이상,서비스 종사자,고졸(대학 재학 포함),경상북도,1세대가족,기혼,맞벌이 함,500-600만원 미만,0.0755984880302394,0.1315661241594386,0.0908357025025446,0.1104209799861973,0.0673763643713785,0.1060956790123456,0.2185792349726776,0,0,1,0
1O000427,남자,60대 이상,서비스 종사자,대학교 졸업(전문대졸/대학원생 포함),강원도,1인 가구,미혼(사별/이혼 포함),맞벌이 하지 않음,200-300만원 미만,0.2020159596808064,0.1423837832569925,0.0790776034537222,0.1478260869565217,0.1206036922247675,0.1637731481481481,0.2443022790883647,1,1,2,0
1C000074,여자,30대,사무 종사자,대학교 졸업(전문대졸/대학원생 포함),인천광역시,2세대가족,기혼,맞벌이 함,600-700만원 미만,0.1818563628727425,0.1238670694864048,0.1290232003088695,0.1395445134575569,0.1732246327988142,0.1648341049382716,0.1052912168465947,2,2,0,0
4I208042,여자,60대 이상,단순노무 종사자,고졸(대학 재학 포함),경상북도,1세대가족,기혼,맞벌이 함,200-300만원 미만,0.0825283494330113,0.1279602377935874,0.0818504089010564,0.1135955831608005,0.0470960786955935,0.1176697530864197,0.3225376516060242,0,1,1,0
4H133013,여자,40대,기능원 및 관련 기능 종사자,고졸(대학 재학 포함),경기도,2세대가족,기혼,맞벌이 함,500-600만원 미만,0.1507769844603108,0.118506968131761,0.1307430416622793,0.1195307108350586,0.1301037596011319,0.1423611111111111,0.1879248300679728,2,0,0,0
4I219027,여자,40대,사무 종사자,대학교 졸업(전문대졸/대학원생 포함),경상북도,2세대가족,기혼,맞벌이 함,600-700만원 미만,0.0944981100377992,0.1450151057401812,0.1037169632515531,0.125327812284334,0.0776849481201994,0.1051311728395061,0.1852592296414767,2,0,0,0
3Q109018,여자,50대,판매 종사자,고졸(대학 재학 포함),세종특별자치시,1세대가족,기혼,맞벌이 함,500-600만원 미만,0.1719865602687946,0.1448201929636488,0.0767961812502193,0.1333333333333333,0.0729012262498315,0.1752507716049382,0.2332400373184059,1,0,2,0
3Q109024,여자,50대,판매 종사자,대학교 졸업(전문대졸/대학원생 포함),세종특별자치시,2세대가족,기혼,맞벌이 함,500-600만원 미만,0.244015119697606,0.1521294220836176,0.0962058193815591,0.1395445134575569,0.1020751920226384,0.1981095679012345,0.23723843795815,1,0,2,0
3O150032,여자,60대 이상,주부,고졸(대학 재학 포함),강원도,1세대가족,기혼,맞벌이 하지 않음,300-400만원 미만,0.1698866022679546,0.1531039859662801,0.0903092204555824,0.1505866114561766,0.1214795849615954,0.1710069444444444,0.2279088364654138,1,1,2,0
4I219030,여자,50대,서비스 종사자,고졸(대학 재학 포함),경상북도,1인 가구,미혼(사별/이혼 포함),맞벌이 하지 않음,200-300만원 미만,0.0755984880302394,0.1276678686287886,0.1068758555333263,0.1076604554865424,0.062660018865382,0.1215277777777777,0.2092496334799413,0,0,1,0
1C000079,여자,30대,주부,대학교 졸업(전문대졸/대학원생 포함),인천광역시,1세대가족,기혼,맞벌이 하지 않음,500-600만원 미만,0.1992860142797144,0.1160705584251047,0.1297953739777473,0.1257418909592822,0.1532138525805147,0.1438078703703703,0.1252832200453152,2,2,0,0
1O000367,여자,50대,주부,대학교 졸업(전문대졸/대학원생 포함),강원도,2세대가족,기혼,맞벌이 하지 않음,400-500만원 미만,0.2076858462830743,0.14920573043563,0.0913621845495068,0.1478260869565217,0.1468130979652337,0.1605902777777778,0.2776222844195655,1,1,2,0
4I219033,여자,30대,주부,대학교 졸업(전문대졸/대학원생 포함),경상북도,2세대가족,기혼,맞벌이 하지 않음,300-400만원 미만,0.0944981100377992,0.1296169963941136,0.1046295321329542,0.1104209799861973,0.0795041099582266,0.1070601851851851,0.2212448353991736,0,0,1,0
3O150008,남자,40대,기능원 및 관련 기능 종사자,고졸(대학 재학 포함),강원도,2세대가족,기혼,맞벌이 하지 않음,400-500만원 미만,0.1793364132717345,0.1531039859662801,0.0988382296163701,0.1533471359558316,0.1236356286214795,0.173900462962963,0.2638944422231107,1,1,2,0
3O150026,남자,30대,사무 종사자,대학교 졸업(전문대졸/대학원생 포함),강원도,1인 가구,미혼(사별/이혼 포함),맞벌이 하지 않음,300-400만원 미만,0.1868962620747585,0.1511548582009551,0.0803762591695623,0.1533471359558316,0.1096887211966042,0.1504629629629629,0.256297481007597,1,1,2,0
3Q109030,여자,50대,서비스 종사자,고졸(대학 재학 포함),세종특별자치시,2세대가족,기혼,맞벌이 함,500-600만원 미만,0.1803863922721545,0.1287398888997173,0.0743392650310624,0.1312629399585921,0.0859048645735076,0.2212577160493827,0.2798880447820872,1,0,2,0
3Q109042,여자,50대,서비스 종사자,고졸(대학 재학 포함),세종특별자치시,1세대가족,기혼,맞벌이 함,500-600만원 미만,0.1285174296514069,0.1901374135074554,0.0783756273911059,0.136783988957902,0.0665678479989219,0.1295331790123457,0.1949886711981874,0,0,1,0
3L205032,여자,50대,농림어업 숙련 종사자,고졸(대학 재학 포함),전라남도,1세대가족,기혼,맞벌이 함,200-300만원 미만,0.2030659386812263,0.1979339245687555,0.0679512828612544,0.1423050379572118,0.0844225845573372,0.1466049382716049,0.23723843795815,1,1,2,0
4H120068,여자,20대,서비스 종사자,대학교 졸업(전문대졸/대학원생 포함),경기도,2세대가족,기혼,맞벌이 함,600-700만원 미만,0.0640487190256194,0.1426761524217912,0.0822364957354954,0.1257418909592822,0.0707451825899474,0.263503086419753,0.23723843795815,0,0,1,0
3Q109048,여자,50대,주부,고졸(대학 재학 포함),세종특별자치시,1세대가족,기혼,맞벌이 하지 않음,500-600만원 미만,0.0915581688366232,0.1784426469155053,0.0909409989119371,0.1395445134575569,0.0533620805821317,0.175636574074074,0.2252432360389177,0,0,1,0
3L205024,여자,40대,판매 종사자,고졸(대학 재학 포함),전라남도,2세대가족,기혼,맞벌이 함,300-400만원 미만,0.2045359092818144,0.1219179417210798,0.0797795795163385,0.134023464458247,0.1138660557876296,0.140625,0.2385712381713981,1,1,2,0
3Q109054,여자,40대,서비스 종사자,고졸(대학 재학 포함),세종특별자치시,2세대가족,기혼,맞벌이 함,700-800만원 미만,0.1486770264594708,0.1803917746808303,0.0848689059703064,0.1423050379572118,0.0658940843552081,0.1662808641975308,0.2229774756763961,0,0,1,0
4L205015,여자,60대 이상,농림어업 숙련 종사자,중졸 이하,전라남도,1인 가구,미혼(사별/이혼 포함),맞벌이 하지 않음,100-200만원 미만,0.1499370012599748,0.1696715719715427,0.0516303394054262,0.134023464458247,0.070677806225576,0.1419753086419753,0.2256430761028922,0,0,1,0
4H133015,여자,40대,주부,고졸(대학 재학 포함),경기도,2세대가족,기혼,맞벌이 하지 않음,300-400만원 미만,0.1673666526669466,0.1297144527823799,0.1181425713383173,0.1257418909592822,0.1475542379733189,0.1494984567901234,0.2039184326269492,2,1,0,0
3Q109060,남자,40대,장치·기계 조작 및 조립 종사자,대학교 졸업(전문대졸/대학원생 포함),세종특별자치시,1세대가족,기혼,맞벌이 함,500-600만원 미만,0.1883662326753465,0.177955364974174,0.0636341300761644,0.1333333333333333,0.0727664735210888,0.1470871913580247,0.2079168332666933,1,0,1,0
1C000335,여자,60대 이상,서비스 종사자,고졸(대학 재학 포함),인천광역시,1인 가구,기혼,맞벌이 하지 않음,200-300만원 미만,0.2196556068878622,0.1501802943182925,0.0655645642483591,0.134023464458247,0.0833445627273952,0.1385030864197531,0.3092096494735439,1,1,2,0
1L000190,남자,50대,판매 종사자,고졸(대학 재학 포함),전라남도,1세대가족,기혼,맞벌이 함,300-400만원 미만,0.1545569088618227,0.1326381444303674,0.0553859113404233,0.136783988957902,0.0932488882899878,0.1814236111111111,0.2239104358256697,1,0,2,0
3L198002,여자,30대,사무 종사자,고졸(대학 재학 포함),전라남도,1인 가구,미혼(사별/이혼 포함),맞벌이 하지 않음,100-200만원 미만,0.1413271734565308,0.1872137218594678,0.0504720789021094,0.136783988957902,0.0555181242420159,0.179591049382716,0.2399040383846461,0,0,1,0
3L198008,여자,60대 이상,주부,고졸(대학 재학 포함),전라남도,1세대가족,기혼,맞벌이 하지 않음,200-300만원 미만,0.1398572028559428,0.1521294220836176,0.0522270190586501,0.136783988957902,0.0674437407357499,0.1811342592592592,0.2612288417966147,0,0,2,0
1L000140,여자,60대 이상,서비스 종사자,고졸(대학 재학 포함),전라남도,2세대가족,기혼,맞벌이 함,500-600만원 미만,0.121377572448551,0.1891628496247929,0.0466112105577199,0.1395445134575569,0.0460854332300229,0.1537422839506173,0.23723843795815,0,0,1,0
4I209007,여자,60대 이상,서비스 종사자,고졸(대학 재학 포함),경상북도,1세대가족,기혼,맞벌이 함,500-600만원 미만,0.0755984880302394,0.1364389435727512,0.1181425713383173,0.1076604554865424,0.068723891658806,0.1195987654320987,0.2039184326269492,2,0,1,0
1L000141,여자,40대,판매 종사자,고졸(대학 재학 포함),전라남도,2세대가족,기혼,맞벌이 함,300-400만원 미만,0.1329273414531709,0.1813663385634928,0.0771471692815275,0.1312629399585921,0.0817275299824821,0.1644483024691358,0.1639344262295082,0,0,1,0
4I209084,여자,60대 이상,주부,중졸 이하,경상북도,1인 가구,미혼(사별/이혼 포함),맞벌이 하지 않음,100만원 미만,0.0755984880302394,0.120845921450151,0.1075076339896809,0.1104209799861973,0.0747877644522301,0.1176697530864197,0.2305744368919099,0,0,1,0
1L000143,여자,50대,판매 종사자,고졸(대학 재학 포함),전라남도,1세대가족,기혼,맞벌이 함,300-400만원 미만,0.1530869382612348,0.1784426469155053,0.0522270190586501,0.136783988957902,0.0671742352782643,0.1736111111111111,0.2199120351859256,0,0,1,0
1L000159,여자,60대 이상,판매 종사자,중졸 이하,전라남도,1세대가족,기혼,맞벌이 함,100-200만원 미만,0.1591768164636707,0.1219179417210798,0.0570355550875715,0.1312629399585921,0.0903517046220186,0.1423611111111111,0.2439024390243902,1,0,2,0
4I209014,여자,50대,사무 종사자,고졸(대학 재학 포함),경상북도,1세대가족,기혼,맞벌이 함,700-800만원 미만,0.0755984880302394,0.1383880713380762,0.1073321399740269,0.1104209799861973,0.068723891658806,0.1195987654320987,0.2185792349726776,0,0,1,0
1L000230,여자,60대 이상,서비스 종사자,고졸(대학 재학 포함),전라남도,1세대가족,기혼,맞벌이 함,200-300만원 미만,0.1138177236455271,0.1920865412727804,0.0602997437787371,0.134023464458247,0.0454790459506805,0.1726466049382716,0.2412368385978942,0,0,1,0
3K192001,남자,60대 이상,사무 종사자,대학교 졸업(전문대졸/대학원생 포함),전라북도,1세대가족,기혼,맞벌이 하지 않음,400-500만원 미만,0.2060058798824023,0.2110905369846993,0.0445052823698711,0.1360938578329882,0.0764047971971432,0.1078317901234568,0.1932560309209649,1,1,1,0
3K192002,여자,50대,판매 종사자,대학교 졸업(전문대졸/대학원생 포함),전라북도,1세대가족,기혼,맞벌이 함,600-700만원 미만,0.2301553968920621,0.1170451223077672,0.0624056719665859,0.1229813664596273,0.0859722409378789,0.1071566358024691,0.2958816473410636,1,1,2,0
1K000558,여자,60대 이상,서비스 종사자,고졸(대학 재학 포함),전라북도,1세대가족,기혼,맞벌이 함,600-700만원 미만,0.2032759344813103,0.1540785498489426,0.0571408514969639,0.1202208419599723,0.0721600862417463,0.0960648148148148,0.2612288417966147,1,1,2,0
1K000654,여자,60대 이상,서비스 종사자,고졸(대학 재학 포함),전라북도,1세대가족,기혼,맞벌이 함,400-500만원 미만,0.2291054178916421,0.1531039859662801,0.0445052823698711,0.1285024154589372,0.085635359116022,0.1274112654320987,0.2625616420098627,1,1,2,0
1K000548,여자,60대 이상,판매 종사자,고졸(대학 재학 포함),전라북도,1인 가구,미혼(사별/이혼 포함),맞벌이 하지 않음,200-300만원 미만,0.2154556908861822,0.1716206997368677,0.0567898634656558,0.1257418909592822,0.0764047971971432,0.1158371913580246,0.2505664400906304,1,1,2,0
1E000216,여자,50대,서비스 종사자,대학교 졸업(전문대졸/대학원생 포함),대전광역시,1세대가족,기혼,맞벌이 함,500-600만원 미만,0.1425871482570348,0.1901374135074554,0.0755677231406409,0.1478260869565217,0.0563940169788438,0.1859567901234568,0.234572837531654,0,0,1,0
1E000226,여자,30대,사무 종사자,대학교 졸업(전문대졸/대학원생 포함),대전광역시,3세대가족,기혼,맞벌이 함,500-600만원 미만,0.1950860982780344,0.1667478803235552,0.0817100136885332,0.1478260869565217,0.0896105646139334,0.1828703703703703,0.2412368385978942,1,0,2,0
1E000235,여자,40대,판매 종사자,고졸(대학 재학 포함),대전광역시,2세대가족,기혼,맞벌이 함,600-700만원 미만,0.0957580848383032,0.1657733164408927,0.0871503281738092,0.136783988957902,0.061245115213583,0.1926118827160493,0.2239104358256697,0,0,1,0
1A001546,여자,50대,주부,대학교 졸업(전문대졸/대학원생 포함),서울특별시,1세대가족,기혼,맞벌이 하지 않음,400-500만원 미만,0.1667366652666946,0.1521294220836176,0.1066301639114106,0.1395445134575569,0.1045681175043794,0.1032021604938271,0.1776622684259629,2,0,0,0
1K000550,여자,60대 이상,주부,고졸(대학 재학 포함),전라북도,1세대가족,기혼,맞벌이 하지 않음,100-200만원 미만,0.2328853422931541,0.1511548582009551,0.0439788003229089,0.1229813664596273,0.0853658536585365,0.1094714506172839,0.2479008396641343,1,1,2,0
4K192051,남자,60대 이상,판매 종사자,대학교 졸업(전문대졸/대학원생 포함),전라북도,1세대가족,기혼,맞벌이 함,400-500만원 미만,0.2154556908861822,0.14530747490498,0.0560878874030395,0.1229813664596273,0.0780892063064277,0.1080246913580247,0.2785552445688391,1,1,2,0
1A001561,여자,50대,사무 종사자,대학교 졸업(전문대졸/대학원생 포함),서울특별시,2세대가족,기혼,맞벌이 함,600-700만원 미만,0.1822763544729105,0.1277653250170548,0.1127022568530413,0.136783988957902,0.144724430669721,0.1147762345679012,0.1799280287884846,2,2,0,0
1A000872,여자,50대,판매 종사자,대학교 졸업(전문대졸/대학원생 포함),서울특별시,2세대가족,기혼,맞벌이 함,"1,000만원 이상",0.1371272574548509,0.1628496247929051,0.1395528412481134,0.1616287094547964,0.1123837757714593,0.1787229938271605,0.15593762495002,2,0,0,0
4D059001,남자,50대,기능원 및 관련 기능 종사자,고졸(대학 재학 포함),대구광역시,2세대가족,기혼,맞벌이 함,600-700만원 미만,0.1652666946661067,0.1920865412727804,0.0597030641255133,0.1312629399585921,0.065152944347123,0.1947337962962963,0.2239104358256697,0,0,1,0
4A001007,여자,40대,사무 종사자,대학교 졸업(전문대졸/대학원생 포함),서울특별시,2세대가족,기혼,맞벌이 함,500-600만원 미만,0.1818563628727425,0.2666406782964624,0.0678810852549928,0.1305728088336784,0.0698692898531195,0.1015625,0.118619218979075,0,1,1,0
1A000907,여자,30대,사무 종사자,대학원 졸업 이상,서울특별시,2세대가족,기혼,맞벌이 함,600-700만원 미만,0.1713565728685426,0.1618750609102426,0.1181776701414481,0.1533471359558316,0.1373130305888694,0.128761574074074,0.1639344262295082,2,1,0,0
4I209028,남자,40대,기능원 및 관련 기능 종사자,고졸(대학 재학 포함),경상북도,1인 가구,미혼(사별/이혼 포함),맞벌이 하지 않음,200-300만원 미만,0.0944981100377992,0.118896793684826,0.1064546698957565,0.1104209799861973,0.0795041099582266,0.1176697530864197,0.2092496334799413,2,0,1,0
1O000188,여자,60대 이상,주부,고졸(대학 재학 포함),강원도,1세대가족,기혼,맞벌이 하지 않음,200-300만원 미만,0.0825283494330113,0.1336127083130299,0.0870450317644168,0.1312629399585921,0.0470960786955935,0.1861496913580247,0.254964680794349,0,0,1,0
1C000108,여자,40대,서비스 종사자,고졸(대학 재학 포함),인천광역시,2세대가족,기혼,맞벌이 함,500-600만원 미만,0.1898362032759345,0.1233797875450735,0.1244603559018637,0.1388543823326432,0.1482280016170327,0.1539351851851851,0.1132880181260829,2,2,0,0
1A001530,여자,40대,사무 종사자,대학교 졸업(전문대졸/대학원생 포함),서울특별시,2세대가족,기혼,맞벌이 함,700-800만원 미만,0.1633767324653507,0.14140921937433,0.0937489031624021,0.1395445134575569,0.0935183937474734,0.1118827160493827,0.2252432360389177,1,1,1,0
4I209035,남자,30대,사무 종사자,대학교 졸업(전문대졸/대학원생 포함),경상북도,1세대가족,기혼,맞벌이 함,500-600만원 미만,0.0755984880302394,0.1269856739109248,0.100733564985434,0.1191166321601104,0.068723891658806,0.1118827160493827,0.235905637744902,0,0,1,0
4I209049,남자,60대 이상,서비스 종사자,대학교 졸업(전문대졸/대학원생 포함),경상북도,1인 가구,미혼(사별/이혼 포함),맞벌이 하지 않음,400-500만원 미만,0.0755984880302394,0.1383880713380762,0.0972236846723526,0.1104209799861973,0.062660018865382,0.1176697530864197,0.2305744368919099,0,0,1,0
1H000001,여자,20대,사무 종사자,대학교 졸업(전문대졸/대학원생 포함),경기도,1인 가구,미혼(사별/이혼 포함),맞벌이 하지 않음,300-400만원 미만,0.1768164636707266,0.1789299288568366,0.0594222737004668,0.1278122843340234,0.0654898261689799,0.1179591049382716,0.2279088364654138,1,1,1,0
1A001583,여자,40대,판매 종사자,대학교 졸업(전문대졸/대학원생 포함),서울특별시,2세대가족,기혼,맞벌이 함,600-700만원 미만,0.1497270054598908,0.1150959945424422,0.0804113579726931,0.136783988957902,0.1100256030184611,0.0964506172839506,0.2012528322004531,1,0,2,0
4I209063,여자,50대,서비스 종사자,고졸(대학 재학 포함),경상북도,1세대가족,기혼,맞벌이 함,400-500만원 미만,0.0755984880302394,0.1383880713380762,0.1116141939559861,0.1104209799861973,0.0552486187845303,0.1138117283950617,0.2185792349726776,0,0,1,0
4A001014,여자,50대,판매 종사자,고졸(대학 재학 포함),서울특별시,1세대가족,기혼,맞벌이 함,700-800만원 미만,0.2118857622847543,0.1501802943182925,0.0782352321785827,0.136783988957902,0.0970893410591564,0.1184413580246913,0.3162734906037585,1,1,2,0
1D000958,여자,60대 이상,주부,고졸(대학 재학 포함),대구광역시,1세대가족,기혼,맞벌이 하지 않음,300-400만원 미만,0.1948761024779504,0.1891628496247929,0.0872556245832017,0.1450655624568668,0.0861743700309931,0.1641589506172839,0.2665600426496068,1,1,2,0
1C000129,여자,40대,사무 종사자,고졸(대학 재학 포함),인천광역시,2세대가족,기혼,맞벌이 함,400-500만원 미만,0.1917261654766904,0.1160705584251047,0.1252676283738724,0.134023464458247,0.1706643309527017,0.1368634259259259,0.1136878581900573,2,2,0,0
4I209077,여자,60대 이상,서비스 종사자,고졸(대학 재학 포함),경상북도,1세대가족,기혼,맞벌이 함,500-600만원 미만,0.0944981100377992,0.1452100185167137,0.0989786248288933,0.1076604554865424,0.0929793828325023,0.1003086419753086,0.194588831134213,2,0,1,0
1D000966,여자,60대 이상,사무 종사자,대학교 졸업(전문대졸/대학원생 포함),대구광역시,2세대가족,기혼,맞벌이 함,600-700만원 미만,0.1419571608567828,0.1950102329207679,0.1169492120318697,0.1312629399585921,0.1054440102412073,0.1385030864197531,0.1799280287884846,2,1,0,0
1D000981,여자,50대,판매 종사자,고졸(대학 재학 포함),대구광역시,1세대가족,기혼,맞벌이 함,400-500만원 미만,0.1381772364552708,0.1972517298508917,0.0986978344038468,0.1423050379572118,0.0728338498854601,0.1686921296296296,0.2598960415833666,0,0,1,0
1C000139,여자,60대 이상,주부,고졸(대학 재학 포함),인천광역시,1세대가족,기혼,맞벌이 하지 않음,200-300만원 미만,0.1602267954640907,0.1240619822629373,0.0984872415850619,0.132919254658385,0.1194582940304541,0.2001350308641975,0.1666000266560042,2,2,0,0
3O147005,여자,60대 이상,주부,중졸 이하,강원도,1인 가구,미혼(사별/이혼 포함),맞벌이 하지 않음,100-200만원 미만,0.0734985300293994,0.177955364974174,0.0837808430732512,0.1167701863354037,0.0381350222342002,0.1510416666666666,0.1772624283619885,0,0,1,0
1H000013,여자,40대,주부,고졸(대학 재학 포함),경기도,2세대가족,기혼,맞벌이 하지 않음,400-500만원 미만,0.1383872322553549,0.1730825455608615,0.073286300937138,0.1305728088336784,0.0789650990432556,0.1838348765432098,0.2132480341196854,0,0,1,0
4C071020,남자,60대 이상,서비스 종사자,고졸(대학 재학 포함),인천광역시,1세대가족,기혼,맞벌이 함,400-500만원 미만,0.1293574128517429,0.2154760744566806,0.0685479625144782,0.1395445134575569,0.0462201859587656,0.2082368827160494,0.2252432360389177,0,0,1,0
3O147007,여자,60대 이상,주부,중졸 이하,강원도,1인 가구,미혼(사별/이혼 포함),맞벌이 하지 않음,100-200만원 미만,0.0825283494330113,0.1571971542734626,0.0833596574356814,0.1218771566597653,0.0502627678210483,0.1832561728395061,0.1865920298547247,0,0,1,0
1H000020,여자,60대 이상,서비스 종사자,고졸(대학 재학 포함),경기도,1세대가족,기혼,맞벌이 함,500-600만원 미만,0.120957580848383,0.1282526069583861,0.0769716752658734,0.1112491373360938,0.0947311683061581,0.2039930555555555,0.2283086765293882,0,0,1,0
3O147006,여자,60대 이상,주부,대학교 졸업(전문대졸/대학원생 포함),강원도,1세대가족,기혼,맞벌이 하지 않음,300-400만원 미만,0.1077278454430911,0.1506675762596238,0.0935383103436172,0.1305728088336784,0.0648834388896375,0.1787229938271605,0.1852592296414767,0,0,1,0
3E088018,남자,30대,서비스 종사자,대학교 졸업(전문대졸/대학원생 포함),대전광역시,1인 가구,미혼(사별/이혼 포함),맞벌이 하지 않음,300-400만원 미만,0.1671566568668626,0.2188870480459994,0.0432768242602927,0.1388543823326432,0.0619188788572968,0.1844135802469135,0.2012528322004531,0,0,2,0
1C000097,여자,50대,사무 종사자,대학교 졸업(전문대졸/대학원생 포함),인천광역시,2세대가족,기혼,맞벌이 함,600-700만원 미만,0.2196556068878622,0.1319559497125036,0.1227756133515847,0.1423050379572118,0.1671607600053901,0.1452546296296296,0.1146208183393309,2,2,0,0
1H000032,여자,30대,주부,고졸(대학 재학 포함),경기도,2세대가족,기혼,맞벌이 하지 않음,300-400만원 미만,0.1425871482570348,0.1379982457850112,0.083991435892036,0.1278122843340234,0.089543188249562,0.1747685185185185,0.2279088364654138,0,0,1,0
3E088036,여자,20대,학생,고졸(대학 재학 포함),대전광역시,1인 가구,미혼(사별/이혼 포함),맞벌이 하지 않음,100만원 미만,0.2026459470810583,0.2182048533281357,0.0445754799761328,0.1416149068322981,0.0746530117234874,0.2278163580246913,0.2065840330534453,1,0,2,0
1O000192,남자,30대,사무 종사자,대학교 졸업(전문대졸/대학원생 포함),강원도,1인 가구,미혼(사별/이혼 포함),맞벌이 하지 않음,300-400만원 미만,0.0789584208315833,0.1867264399181366,0.0927661366747394,0.1388543823326432,0.0630642770516102,0.1533564814814814,0.1546048247367719,0,0,1,0
3E088042,남자,20대,판매 종사자,고졸(대학 재학 포함),대전광역시,1인 가구,미혼(사별/이혼 포함),맞벌이 하지 않음,200-300만원 미만,0.1883662326753465,0.2062177175713868,0.0410655996630514,0.1333333333333333,0.0604365988411265,0.2028356481481481,0.1985872317739571,0,0,2,0
1A001587,여자,60대 이상,서비스 종사자,고졸(대학 재학 포함),서울특별시,1세대가족,기혼,맞벌이 함,500-600만원 미만,0.1818563628727425,0.1238670694864048,0.1080692148397739,0.136783988957902,0.1354938687508421,0.1012731481481481,0.2136478741836599,2,1,0,0
1O000193,남자,30대,사무 종사자,대학교 졸업(전문대졸/대학원생 포함),강원도,1인 가구,미혼(사별/이혼 포함),맞벌이 하지 않음,200-300만원 미만,0.1455270894582108,0.1662605983822239,0.0757081183531641,0.147135955831608,0.0811211427031397,0.1398533950617284,0.2265760362521658,0,1,1,0
1A000911,여자,40대,판매 종사자,대학교 졸업(전문대졸/대학원생 포함),서울특별시,2세대가족,기혼,맞벌이 함,600-700만원 미만,0.1283074338513229,0.2427638631712309,0.0909409989119371,0.1505866114561766,0.0619188788572968,0.1948302469135802,0.2558976409436225,0,0,1,0
1N000562,남자,40대,서비스 종사자,대학교 졸업(전문대졸/대학원생 포함),충청남도,1인 가구,미혼(사별/이혼 포함),맞벌이 하지 않음,300-400만원 미만,0.1921461570768584,0.2188870480459994,0.0700572110491032,0.1416149068322981,0.0663657189058078,0.1860532407407407,0.2252432360389177,1,0,2,0
1N000581,여자,30대,서비스 종사자,대학교 졸업(전문대졸/대학원생 포함),충청남도,2세대가족,기혼,맞벌이 함,600-700만원 미만,0.1992860142797144,0.2120651008673618,0.0644414025481731,0.1416149068322981,0.0695324080312626,0.2014853395061728,0.2292416366786618,1,0,2,0
1N000585,남자,50대,서비스 종사자,고졸(대학 재학 포함),충청남도,1세대가족,기혼,맞벌이 함,500-600만원 미만,0.1822763544729105,0.1857518760354741,0.0672493067986381,0.147135955831608,0.0598302115617841,0.1905864197530864,0.2612288417966147,1,0,2,0
3N181003,남자,60대 이상,농림어업 숙련 종사자,고졸(대학 재학 포함),충청남도,1세대가족,기혼,맞벌이 함,300-400만원 미만,0.2251154976900462,0.1945229509794367,0.0685479625144782,0.144375431331953,0.0764721735615146,0.21875,0.2545648407303745,1,0,2,0
1O000194,여자,40대,사무 종사자,대학교 졸업(전문대졸/대학원생 포함),강원도,1인 가구,미혼(사별/이혼 포함),맞벌이 하지 않음,200-300만원 미만,0.0747585048299034,0.1521294220836176,0.08286827419185,0.1395445134575569,0.0761352917396577,0.1514274691358025,0.2309742769558843,0,0,1,0
1H000035,여자,60대 이상,주부,고졸(대학 재학 포함),경기도,1세대가족,기혼,맞벌이 하지 않음,300-400만원 미만,0.1474170516589668,0.1496930123769613,0.0710048787336351,0.1250517598343685,0.0789650990432556,0.1666666666666666,0.23723843795815,0,0,2,0
3N181006,여자,60대 이상,농림어업 숙련 종사자,고졸(대학 재학 포함),충청남도,1세대가족,기혼,맞벌이 함,300-400만원 미만,0.2624947501049979,0.2023194620407367,0.0703029026710189,0.1333333333333333,0.0801778736019404,0.2092978395061728,0.2279088364654138,1,0,2,0
1C000309,여자,60대 이상,기능원 및 관련 기능 종사자,고졸(대학 재학 포함),인천광역시,1세대가족,기혼,맞벌이 함,400-500만원 미만,0.2144057118857622,0.143358347139655,0.0716366571899898,0.136783988957902,0.0839509500067376,0.1451581790123456,0.2985472477675596,1,1,2,0
3N181009,여자,60대 이상,서비스 종사자,고졸(대학 재학 포함),충청남도,1인 가구,미혼(사별/이혼 포함),맞벌이 하지 않음,100-200만원 미만,0.243595128097438,0.196179709579963,0.0718121512056438,0.1273982056590752,0.078156582670799,0.1875,0.2536318805811009,1,0,2,0
3N181012,여자,60대 이상,농림어업 숙련 종사자,고졸(대학 재학 포함),충청남도,1세대가족,기혼,맞벌이 함,300-400만원 미만,0.2011759764804704,0.203586395088198,0.0685479625144782,0.1388543823326432,0.063199029780353,0.2541473765432099,0.2452352392376383,1,0,2,0
3N181015,여자,60대 이상,농림어업 숙련 종사자,대학교 졸업(전문대졸/대학원생 포함),충청남도,1세대가족,기혼,맞벌이 함,200-300만원 미만,0.2337253254934901,0.1818536205048241,0.0493489172019234,0.1416149068322981,0.0819296590755962,0.2180748456790123,0.2399040383846461,1,0,2,0
1C000105,여자,40대,판매 종사자,고졸(대학 재학 포함),인천광역시,2세대가족,기혼,맞벌이 함,600-700만원 미만,0.2204955900881982,0.1852645940941429,0.1032255800077217,0.1395445134575569,0.1491038943538606,0.1278935185185185,0.1279488204718112,2,1,0,0
3N181018,남자,50대,서비스 종사자,고졸(대학 재학 포함),충청남도,2세대가족,기혼,맞벌이 함,400-500만원 미만,0.2337253254934901,0.2101159731020368,0.0459794321013653,0.1416149068322981,0.0749898935453442,0.1883680555555555,0.2212448353991736,1,0,2,0
1H000039,여자,60대 이상,주부,고졸(대학 재학 포함),경기도,1세대가족,기혼,맞벌이 하지 않음,300-400만원 미만,0.1020579588408231,0.1321508624890361,0.0741637710154083,0.1222912353347135,0.0704756771324619,0.179591049382716,0.275889644142343,0,0,1,0
3N181021,여자,60대 이상,농림어업 숙련 종사자,고졸(대학 재학 포함),충청남도,1인 가구,미혼(사별/이혼 포함),맞벌이 하지 않음,200-300만원 미만,0.2280554388912221,0.2149887925153494,0.0643361061387806,0.1360938578329882,0.0718232044198895,0.214795524691358,0.2083166733306677,1,0,2,0
3N181024,여자,60대 이상,주부,고졸(대학 재학 포함),충청남도,1세대가족,기혼,맞벌이 하지 않음,200-300만원 미만,0.1940361192776144,0.2023194620407367,0.0724088308588677,0.1360938578329882,0.0595607061042986,0.2445987654320987,0.2252432360389177,1,0,2,0
4I219009,여자,60대 이상,서비스 종사자,고졸(대학 재학 포함),경상북도,1인 가구,미혼(사별/이혼 포함),맞벌이 하지 않음,100-200만원 미만,0.0944981100377992,0.1081765909755384,0.1116141939559861,0.1076604554865424,0.0869155100390782,0.1109182098765432,0.1999200319872051,2,0,1,0
1H000061,여자,60대 이상,주부,고졸(대학 재학 포함),경기도,1세대가족,기혼,맞벌이 하지 않음,200-300만원 미만,0.0936581268374632,0.1428710651983237,0.0681969744831701,0.1222912353347135,0.0495890041773345,0.2291666666666666,0.2896174863387978,0,0,1,0
4J233020,여자,40대,사무 종사자,대학교 졸업(전문대졸/대학원생 포함),경상남도,2세대가족,기혼,맞벌이 함,700-800만원 미만,0.1686266274674506,0.1131468667771172,0.1123512688217331,0.134023464458247,0.1585365853658536,0.1404320987654321,0.1452752232440357,2,2,0,0
4I207015,여자,60대 이상,판매 종사자,고졸(대학 재학 포함),경상북도,2세대가족,미혼(사별/이혼 포함),맞벌이 하지 않음,400-500만원 미만,0.0755984880302394,0.1364389435727512,0.1017865290793584,0.1104209799861973,0.0734402371648025,0.1176697530864197,0.2239104358256697,0,0,1,0
1A000912,여자,20대,사무 종사자,대학교 졸업(전문대졸/대학원생 포함),서울특별시,1세대가족,기혼,맞벌이 함,600-700만원 미만,0.0629987400251994,0.2164506383393431,0.1055421010143554,0.1505866114561766,0.0426492386470826,0.1311728395061728,0.2692256430761029,0,1,1,0
4I215029,여자,40대,판매 종사자,대학교 졸업(전문대졸/대학원생 포함),경상북도,1인 가구,미혼(사별/이혼 포함),맞벌이 하지 않음,400-500만원 미만,0.0556488870222595,0.1375109638436799,0.0602997437787371,0.1285024154589372,0.0638054170596954,0.1205632716049382,0.2439024390243902,0,0,1,0
4J233024,여자,50대,사무 종사자,대학교 졸업(전문대졸/대학원생 포함),경상남도,2세대가족,기혼,맞벌이 함,800-900만원 미만,0.1350272994540109,0.1170451223077672,0.1197220174792039,0.1395445134575569,0.1567174235278264,0.1333912037037037,0.1332800213248034,2,2,0,0
1H000063,남자,50대,장치·기계 조작 및 조립 종사자,고졸(대학 재학 포함),경기도,1인 가구,미혼(사별/이혼 포함),맞벌이 하지 않음,300-400만원 미만,0.0755984880302394,0.1506675762596238,0.0650380822013969,0.1250517598343685,0.0545748551408166,0.1887538580246913,0.2185792349726776,0,0,1,0
1A000915,남자,60대 이상,단순노무 종사자,고졸(대학 재학 포함),서울특별시,1세대가족,기혼,맞벌이 함,300-400만원 미만,0.0961780764384712,0.2261962771659682,0.0915025797620301,0.1423050379572118,0.0458833041369087,0.1825810185185185,0.2545648407303745,0,0,1,0
1H000073,여자,60대 이상,주부,고졸(대학 재학 포함),경기도,1세대가족,기혼,맞벌이 하지 않음,300-400만원 미만,0.0888282234355312,0.1457947568463113,0.0618791899196237,0.1140096618357487,0.0509365314647621,0.1625192901234568,0.2225776356124217,0,0,1,0
4I215045,여자,60대 이상,주부,고졸(대학 재학 포함),경상북도,1세대가족,기혼,맞벌이 하지 않음,300-400만원 미만,0.0835783284334313,0.1667478803235552,0.0773577621003123,0.1312629399585921,0.0497237569060773,0.1449652777777778,0.2319072371051579,0,0,1,0
1A000928,여자,30대,사무 종사자,대학교 졸업(전문대졸/대학원생 포함),서울특별시,2세대가족,기혼,맞벌이 함,600-700만원 미만,0.0900881982360352,0.2203488938699931,0.1093327717524832,0.1561076604554865,0.0737771189866594,0.1871141975308642,0.2305744368919099,0,1,1,0
1A000934,남자,40대,장치·기계 조작 및 조립 종사자,고졸(대학 재학 포함),서울특별시,2세대가족,기혼,맞벌이 함,500-600만원 미만,0.0772784544309113,0.2388656076405808,0.1156856551191604,0.1478260869565217,0.0499258859991914,0.1885609567901234,0.2585632413701186,0,0,1,0
1A000941,여자,60대 이상,판매 종사자,고졸(대학 재학 포함),서울특별시,1세대가족,기혼,맞벌이 함,700-800만원 미만,0.1329273414531709,0.1358542052431537,0.1526095960127759,0.1478260869565217,0.1181781431073979,0.1234567901234568,0.2349726775956284,2,2,0,0
1A000952,여자,60대 이상,서비스 종사자,고졸(대학 재학 포함),서울특별시,1세대가족,기혼,맞벌이 함,600-700만원 미만,0.1112977740445191,0.1618750609102426,0.1440454880488575,0.1533471359558316,0.1152809594394286,0.1359953703703703,0.1936558709849394,2,2,0,0
1C000387,여자,30대,사무 종사자,대학교 졸업(전문대졸/대학원생 포함),인천광역시,1인 가구,미혼(사별/이혼 포함),맞벌이 하지 않음,400-500만원 미만,0.0986980260394792,0.1082740473638047,0.1235477870204626,0.1312629399585921,0.0495216278129632,0.1070601851851851,0.1386112221777955,2,2,0,0
4A008004,여자,60대 이상,판매 종사자,고졸(대학 재학 포함),서울특별시,1세대가족,기혼,맞벌이 함,"900-1,000만원 미만",0.0976480470390592,0.1336127083130299,0.1528552876346916,0.1505866114561766,0.1344158469209001,0.1273148148148148,0.118619218979075,2,2,0,0
4A008008,여자,40대,사무 종사자,대학교 졸업(전문대졸/대학원생 포함),서울특별시,2세대가족,기혼,맞벌이 함,"1,000만원 이상",0.1024779504409911,0.118506968131761,0.1470639851181074,0.1360938578329882,0.1312491577954453,0.109278549382716,0.1039584166333466,2,2,0,0
1C000304,여자,50대,서비스 종사자,고졸(대학 재학 포함),인천광역시,2세대가족,기혼,맞벌이 함,600-700만원 미만,0.1889962200755985,0.1238670694864048,0.0704081990804113,0.134023464458247,0.0710820644118043,0.1596257716049382,0.3198720511795282,1,1,2,0
4A008012,여자,60대 이상,주부,고졸(대학 재학 포함),서울특별시,1세대가족,기혼,맞벌이 하지 않음,500-600만원 미만,0.0808483830323393,0.1107104570704609,0.1415885718297006,0.1305728088336784,0.1243093922651933,0.0935570987654321,0.1243502598960415,2,2,0,0
1C000305,여자,60대 이상,단순노무 종사자,고졸(대학 재학 포함),인천광역시,1세대가족,기혼,맞벌이 함,300-400만원 미만,0.1799664006719865,0.1345872721956924,0.068021480467516,0.136783988957902,0.0819970354399676,0.1498842592592592,0.3012128481940557,1,1,2,0
1H000196,여자,30대,사무 종사자,대학교 졸업(전문대졸/대학원생 포함),경기도,2세대가족,기혼,맞벌이 함,600-700만원 미만,0.1770264594708105,0.1219179417210798,0.0825172861605419,0.134023464458247,0.1034900956744374,0.134645061728395,0.2932160469145675,1,1,2,0
4A008016,여자,40대,사무 종사자,대학교 졸업(전문대졸/대학원생 포함),서울특별시,2세대가족,기혼,맞벌이 함,"1,000만원 이상",0.0661486770264594,0.1292271708410486,0.1443964760801656,0.1388543823326432,0.1212774558684813,0.0993441358024691,0.1239504198320671,2,2,0,0
1H000184,여자,50대,장치·기계 조작 및 조립 종사자,대학교 졸업(전문대졸/대학원생 포함),경기도,2세대가족,기혼,맞벌이 함,600-700만원 미만,0.1558168836623267,0.14530747490498,0.0801656663507774,0.1423050379572118,0.0722274626061177,0.1167052469135802,0.3225376516060242,1,1,2,0
3P239036,여자,60대 이상,주부,고졸(대학 재학 포함),제주특별자치도,2세대가족,기혼,맞벌이 하지 않음,400-500만원 미만,0.0335993280134397,0.0965792807718546,0.1105261310589308,0.1202208419599723,0.0848942191079369,0.0848765432098765,0.1692656270825003,2,0,1,0
1E000601,여자,50대,사무 종사자,고졸(대학 재학 포함),대전광역시,2세대가족,기혼,맞벌이 함,600-700만원 미만,0.0461990760184796,0.1831205535522853,0.0685479625144782,0.144375431331953,0.0195391456676997,0.1922260802469136,0.2932160469145675,0,0,1,0
1E000269,여자,60대 이상,주부,고졸(대학 재학 포함),대전광역시,1세대가족,기혼,맞벌이 하지 않음,400-500만원 미만,0.1476270474590508,0.1633369067342364,0.1195816222666807,0.1333333333333333,0.1146745721600862,0.1221064814814814,0.194588831134213,2,1,0,0
4I215048,여자,60대 이상,주부,대학교 졸업(전문대졸/대학원생 포함),경상북도,2세대가족,기혼,맞벌이 하지 않음,300-400만원 미만,0.0335993280134397,0.1545658317902738,0.0660559474921905,0.1278122843340234,0.056259264250101,0.1251929012345679,0.2483006797281088,0,0,1,0
1E000275,여자,60대 이상,주부,대학교 졸업(전문대졸/대학원생 포함),대전광역시,2세대가족,기혼,맞벌이 하지 않음,800-900만원 미만,0.1098278034439311,0.1455023876815125,0.114632691025236,0.132919254658385,0.1061851502492925,0.1237461419753086,0.2065840330534453,2,1,0,0
4I215051,여자,60대 이상,주부,고졸(대학 재학 포함),경상북도,2세대가족,기혼,맞벌이 하지 않음,300-400만원 미만,0.0741285174296514,0.1457947568463113,0.0737074865747078,0.1333333333333333,0.0656245788977226,0.1215277777777777,0.2572304411568706,0,1,1,0
4E094025,여자,20대,사무 종사자,대학교 졸업(전문대졸/대학원생 포함),대전광역시,1인 가구,미혼(사별/이혼 포함),맞벌이 하지 않음,200-300만원 미만,0.0860982780344393,0.1574895234382614,0.0577726299533185,0.1250517598343685,0.0634011588734671,0.1186342592592592,0.2079168332666933,0,0,1,0
4A022010,여자,60대 이상,주부,고졸(대학 재학 포함),서울특별시,1세대가족,기혼,맞벌이 하지 않음,300-400만원 미만,0.0692986140277194,0.1277653250170548,0.1442209820645116,0.1450655624568668,0.1199973049454251,0.1264467592592592,0.1812608290017326,2,2,0,0
4A022017,여자,40대,서비스 종사자,대학교 졸업(전문대졸/대학원생 포함),서울특별시,2세대가족,기혼,맞벌이 함,800-900만원 미만,0.0829483410331793,0.1297144527823799,0.1404654101295145,0.1450655624568668,0.1184476485648834,0.1452546296296296,0.1839264294282287,2,2,0,0
4F080078,여자,60대 이상,주부,중졸 이하,광주광역시,1인 가구,미혼(사별/이혼 포함),맞벌이 하지 않음,100-200만원 미만,0.1713565728685426,0.1063249195984796,0.0860973640798848,0.136783988957902,0.1263980595607061,0.1856674382716049,0.1763294682127149,1,2,0,0
1H000084,여자,50대,사무 종사자,대학교 졸업(전문대졸/대학원생 포함),경기도,2세대가족,미혼(사별/이혼 포함),맞벌이 하지 않음,300-400만원 미만,0.1371272574548509,0.1877010038007991,0.0710048787336351,0.1278122843340234,0.0617167497641827,0.1615547839506173,0.1772624283619885,0,0,1,0
4A022019,여자,60대 이상,주부,고졸(대학 재학 포함),서울특별시,1세대가족,기혼,맞벌이 하지 않음,400-500만원 미만,0.0636287274254514,0.1316635805477049,0.1352707872661542,0.1478260869565217,0.0910254682657323,0.1676311728395061,0.195921631347461,2,2,0,0
4F080021,남자,20대,서비스 종사자,고졸(대학 재학 포함),광주광역시,1인 가구,미혼(사별/이혼 포함),맞벌이 하지 않음,100-200만원 미만,0.1667366652666946,0.1409219374329987,0.0804815555789547,0.1278122843340234,0.1262633068319633,0.1408179012345679,0.1332800213248034,2,1,1,0
1H000086,여자,50대,서비스 종사자,고졸(대학 재학 포함),경기도,2세대가족,기혼,맞벌이 함,600-700만원 미만,0.1860562788744225,0.1818536205048241,0.0673195044048998,0.1278122843340234,0.0855006063872793,0.1567322530864197,0.2283086765293882,1,0,2,0
1A000020,여자,50대,사무 종사자,고졸(대학 재학 포함),서울특별시,2세대가족,기혼,맞벌이 함,700-800만원 미만,0.1123477530449391,0.1345872721956924,0.0825523849636727,0.1395445134575569,0.0652876970758657,0.1247106481481481,0.3332000533120085,0,1,1,0
1H002093,여자,40대,사무 종사자,대학교 졸업(전문대졸/대학원생 포함),경기도,2세대가족,기혼,맞벌이 함,700-800만원 미만,0.1455270894582108,0.1521294220836176,0.0848689059703064,0.136783988957902,0.0943942864843013,0.1408179012345679,0.2492336398773824,1,1,1,0
4A022025,여자,60대 이상,주부,고졸(대학 재학 포함),서울특별시,1인 가구,미혼(사별/이혼 포함),맞벌이 하지 않음,200-300만원 미만,0.0419991600167996,0.1228925056037423,0.1267417781053666,0.1450655624568668,0.0857701118447648,0.165991512345679,0.1709982673597228,2,2,0,0
4F080040,남자,50대,장치·기계 조작 및 조립 종사자,고졸(대학 재학 포함),광주광역시,1인 가구,미혼(사별/이혼 포함),맞벌이 하지 않음,300-400만원 미만,0.1770264594708105,0.1501802943182925,0.0775683549190972,0.136783988957902,0.1147419485244576,0.1440972222222222,0.1412768226042916,1,0,1,0
4F080043,남자,30대,서비스 종사자,고졸(대학 재학 포함),광주광역시,1인 가구,미혼(사별/이혼 포함),맞벌이 하지 않음,200-300만원 미만,0.2295254094918101,0.1277653250170548,0.0831841634200273,0.1395445134575569,0.1432421506535507,0.1411072530864197,0.158603225376516,1,2,0,0
4A022033,여자,30대,사무 종사자,대학교 졸업(전문대졸/대학원생 포함),서울특별시,2세대가족,기혼,맞벌이 함,600-700만원 미만,0.0678286434271314,0.1277653250170548,0.1515917307219823,0.1423050379572118,0.1166284867268562,0.1273148148148148,0.1759296281487405,2,2,0,0
1C001136,여자,30대,사무 종사자,대학교 졸업(전문대졸/대학원생 포함),인천광역시,2세대가족,기혼,맞벌이 함,500-600만원 미만,0.2005459890802184,0.1258161972517298,0.0858867712610999,0.1395445134575569,0.1115078830346314,0.1290509259259259,0.353192056510729,1,1,2,0
4F080024,남자,40대,서비스 종사자,고졸(대학 재학 포함),광주광역시,1인 가구,미혼(사별/이혼 포함),맞벌이 하지 않음,200-300만원 미만,0.2125157496850063,0.1170451223077672,0.0845881155452599,0.136783988957902,0.1456676997709203,0.1440972222222222,0.1705984272957483,1,2,0,0
1C001153,여자,40대,사무 종사자,대학교 졸업(전문대졸/대학원생 포함),인천광역시,1세대가족,기혼,맞벌이 함,500-600만원 미만,0.1098278034439311,0.1141214306597797,0.1178968797164016,0.1229813664596273,0.1243767686295647,0.1126543209876543,0.2838864454218313,2,1,1,0
4A022037,남자,60대 이상,단순노무 종사자,고졸(대학 재학 포함),서울특별시,1인 가구,미혼(사별/이혼 포함),맞벌이 하지 않음,200-300만원 미만,0.0608987820243595,0.1209433778384173,0.1232318977922853,0.1423050379572118,0.0801778736019404,0.1660879629629629,0.1812608290017326,2,2,0,0
4F080046,여자,30대,사무 종사자,대학교 졸업(전문대졸/대학원생 포함),광주광역시,1인 가구,미혼(사별/이혼 포함),맞벌이 하지 않음,200-300만원 미만,0.2154556908861822,0.1092486112464672,0.0878523042364255,0.1257418909592822,0.1627812963212505,0.1570216049382716,0.15593762495002,1,2,0,0
3D053035,남자,50대,판매 종사자,대학교 졸업(전문대졸/대학원생 포함),대구광역시,1인 가구,미혼(사별/이혼 포함),맞벌이 하지 않음,500-600만원 미만,0.2064258714825703,0.1170451223077672,0.1081394124460356,0.1395445134575569,0.1403449669855814,0.1430362654320987,0.1399440223910436,2,2,0,0
1O000200,남자,40대,판매 종사자,대학교 졸업(전문대졸/대학원생 포함),강원도,1인 가구,기혼,맞벌이 하지 않음,300-400만원 미만,0.0850482990340193,0.1516421401422863,0.089080762346004,0.144375431331953,0.0851637245654224,0.1083140432098765,0.2412368385978942,0,1,1,0
4F080075,남자,20대,학생,고졸(대학 재학 포함),광주광역시,1인 가구,미혼(사별/이혼 포함),맞벌이 하지 않음,100만원 미만,0.2011759764804704,0.0985284085371796,0.0903092204555824,0.1257418909592822,0.1615685217625657,0.1649305555555555,0.1306144208983073,2,2,0,0
4C065004,여자,30대,주부,대학교 졸업(전문대졸/대학원생 포함),인천광역시,1세대가족,기혼,맞벌이 하지 않음,400-500만원 미만,0.242755144897102,0.1141214306597797,0.1231617001860236,0.1285024154589372,0.1953240803126263,0.1304976851851852,0.1026256164200986,2,2,0,0
4F080054,남자,20대,학생,고졸(대학 재학 포함),광주광역시,1인 가구,미혼(사별/이혼 포함),맞벌이 하지 않음,100만원 미만,0.1789164216715665,0.1024266640678296,0.0887999719209575,0.1312629399585921,0.159142972645196,0.1507523148148148,0.1359456217512994,2,2,0,0
4H118044,여자,40대,사무 종사자,대학교 졸업(전문대졸/대학원생 포함),경기도,2세대가족,기혼,맞벌이 함,600-700만원 미만,0.1478370432591348,0.1446252801871163,0.086448352111193,0.1450655624568668,0.1015361811076674,0.1300154320987654,0.2265760362521658,1,1,1,0
1H000094,여자,50대,판매 종사자,고졸(대학 재학 포함),경기도,2세대가족,기혼,맞벌이 함,600-700만원 미만,0.1427971440571188,0.1662605983822239,0.0615282018883156,0.1222912353347135,0.0588195660962134,0.1564429012345679,0.2492336398773824,0,0,2,0
1C000937,여자,60대 이상,주부,고졸(대학 재학 포함),인천광역시,2세대가족,기혼,맞벌이 하지 않음,300-400만원 미만,0.1364972700545989,0.2232725855179807,0.0833596574356814,0.1533471359558316,0.070138795310605,0.1118827160493827,0.2185792349726776,0,1,1,0
3D053045,여자,40대,서비스 종사자,대학교 졸업(전문대졸/대학원생 포함),대구광역시,1인 가구,미혼(사별/이혼 포함),맞벌이 하지 않음,200-300만원 미만,0.2120957580848383,0.1267907611343923,0.1125969604436488,0.1312629399585921,0.1482280016170327,0.1176697530864197,0.1039584166333466,2,2,0,0
1O000409,여자,40대,주부,대학교 졸업(전문대졸/대학원생 포함),강원도,2세대가족,기혼,맞벌이 하지 않음,500-600만원 미만,0.2368752624947501,0.1745443913848552,0.0920641606121231,0.1561076604554865,0.1439159142972645,0.158179012345679,0.2305744368919099,1,1,2,0
4A022015,여자,50대,서비스 종사자,대학교 졸업(전문대졸/대학원생 포함),서울특별시,2세대가족,기혼,맞벌이 함,"1,000만원 이상",0.0734985300293994,0.1199688139557548,0.1556631918851567,0.134023464458247,0.1239051340789651,0.1351273148148148,0.1745968279354924,2,2,0,0
1C000942,여자,60대 이상,장치·기계 조작 및 조립 종사자,고졸(대학 재학 포함),인천광역시,2세대가족,기혼,맞벌이 하지 않음,500-600만원 미만,0.2316253674926501,0.1467693207289737,0.1154399634972447,0.1195307108350586,0.1360328796658132,0.1179591049382716,0.2399040383846461,1,0,0,0
4F084007,여자,50대,사무 종사자,고졸(대학 재학 포함),광주광역시,1인 가구,미혼(사별/이혼 포함),맞벌이 하지 않음,200-300만원 미만,0.2167156656866862,0.1034012279504921,0.1082096100522972,0.1257418909592822,0.1652068454386201,0.1599151234567901,0.1683326669332267,2,2,0,0
1O000204,여자,40대,관리자,대학교 졸업(전문대졸/대학원생 포함),강원도,2세대가족,미혼(사별/이혼 포함),맞벌이 하지 않음,200-300만원 미만,0.0783284334313313,0.1253289153103986,0.1076480292022042,0.1167701863354037,0.0960786955935857,0.1186342592592592,0.1936558709849394,2,0,1,0
3O150020,남자,30대,사무 종사자,대학교 졸업(전문대졸/대학원생 포함),강원도,1인 가구,미혼(사별/이혼 포함),맞벌이 하지 않음,400-500만원 미만,0.1759764804703905,0.1621674300750414,0.0885542802990418,0.1423050379572118,0.1191887885729686,0.1618441358024691,0.2239104358256697,1,1,2,0
4F084009,남자,20대,서비스 종사자,고졸(대학 재학 포함),광주광역시,1세대가족,미혼(사별/이혼 포함),맞벌이 하지 않음,100-200만원 미만,0.1917261654766904,0.1043757918331546,0.0871503281738092,0.134023464458247,0.151125185285002,0.1413001543209876,0.1506064240970278,2,2,0,0
1H000097,여자,50대,서비스 종사자,고졸(대학 재학 포함),경기도,2세대가족,기혼,맞벌이 함,600-700만원 미만,0.1299874002519949,0.1565149595555988,0.0657400582640132,0.1140096618357487,0.0598975879261555,0.1850887345679012,0.2243102758896441,0,0,2,0
1C000983,여자,60대 이상,판매 종사자,고졸(대학 재학 포함),인천광역시,2세대가족,기혼,맞벌이 함,500-600만원 미만,0.1868962620747585,0.14920573043563,0.0996455020883787,0.1478260869565217,0.1164937339981134,0.1157407407407407,0.2852192456350793,1,1,2,0
1H000102,여자,50대,단순노무 종사자,고졸(대학 재학 포함),경기도,1인 가구,미혼(사별/이혼 포함),맞벌이 하지 않음,200-300만원 미만,0.0837883242335153,0.1438456290809862,0.065389070232705,0.1112491373360938,0.061245115213583,0.1744791666666666,0.1932560309209649,0,0,1,0
4A024008,여자,30대,서비스 종사자,대학교 졸업(전문대졸/대학원생 포함),서울특별시,1인 가구,미혼(사별/이혼 포함),맞벌이 하지 않음,200-300만원 미만,0.1661066778664426,0.1579768053795926,0.106735460320803,0.1450655624568668,0.107869559358577,0.1558641975308642,0.140343862455018,2,0,0,0
4C065008,여자,30대,사무 종사자,대학교 졸업(전문대졸/대학원생 포함),인천광역시,1인 가구,미혼(사별/이혼 포함),맞벌이 하지 않음,200-300만원 미만,0.113397732045359,0.1363414871844849,0.1134744305219192,0.1360938578329882,0.1840048510982347,0.1399498456790123,0.1026256164200986,2,2,0,0
4I208020,남자,60대 이상,단순노무 종사자,중졸 이하,경상북도,2세대가족,미혼(사별/이혼 포함),맞벌이 하지 않음,300-400만원 미만,0.125157496850063,0.1667478803235552,0.0726896212839142,0.1478260869565217,0.0522840587521897,0.1141010802469135,0.2772224443555911,0,1,2,0
3A026002,여자,60대 이상,주부,고졸(대학 재학 포함),서울특별시,1세대가족,기혼,맞벌이 하지 않음,300-400만원 미만,0.1535069298614027,0.1131468667771172,0.1005931697729107,0.136783988957902,0.1129227866864304,0.0954861111111111,0.2296414767426363,1,0,1,0
1O000362,여자,60대 이상,주부,중졸 이하,강원도,1세대가족,기혼,맞벌이 하지 않음,200-300만원 미만,0.1831163376732465,0.1384855277263424,0.0878523042364255,0.1423050379572118,0.1332704487265867,0.1449652777777778,0.2598960415833666,1,1,2,0
4A022021,여자,40대,사무 종사자,대학교 졸업(전문대졸/대학원생 포함),서울특별시,2세대가족,기혼,맞벌이 함,"1,000만원 이상",0.0776984460310793,0.1297144527823799,0.1421150538766628,0.1450655624568668,0.1026815793019808,0.1303047839506173,0.2092496334799413,2,2,0,0
3D053020,여자,60대 이상,서비스 종사자,고졸(대학 재학 포함),대구광역시,1세대가족,기혼,맞벌이 함,400-500만원 미만,0.1875262494750105,0.1111977390117922,0.1189147450071952,0.134023464458247,0.173561514620671,0.1393711419753086,0.0932960149273623,2,2,0,0
3D053025,여자,60대 이상,주부,고졸(대학 재학 포함),대구광역시,1세대가족,기혼,맞벌이 하지 않음,200-300만원 미만,0.2106257874842503,0.1050579865510184,0.106559966305149,0.125327812284334,0.1160894758118852,0.1302083333333333,0.1732640277222444,2,2,0,0
4C065024,여자,30대,사무 종사자,대학교 졸업(전문대졸/대학원생 포함),인천광역시,2세대가족,기혼,맞벌이 함,500-600만원 미만,0.2049559008819823,0.1550531137316051,0.1132287389000035,0.136783988957902,0.1743026546287562,0.1349344135802469,0.1190190590430494,2,1,0,0
4I208026,남자,60대 이상,단순노무 종사자,고졸(대학 재학 포함),경상북도,1세대가족,기혼,맞벌이 함,300-400만원 미만,0.1791264174716505,0.1487184484942988,0.0619142887227545,0.1250517598343685,0.074585635359116,0.0996334876543209,0.3012128481940557,1,1,2,0
4H117003,여자,60대 이상,주부,고졸(대학 재학 포함),경기도,1인 가구,미혼(사별/이혼 포함),맞벌이 하지 않음,200-300만원 미만,0.0419991600167996,0.1248416333690673,0.1213716612263521,0.1478260869565217,0.0749898935453442,0.1909722222222222,0.195921631347461,2,2,0,0
3D053030,여자,40대,사무 종사자,대학교 졸업(전문대졸/대학원생 포함),대구광역시,1인 가구,미혼(사별/이혼 포함),맞벌이 하지 않음,300-400만원 미만,0.2383452330953381,0.1336127083130299,0.103927556070338,0.1312629399585921,0.1595472308314243,0.1065779320987654,0.1785952285752365,1,1,0,0
3A026003,여자,60대 이상,주부,고졸(대학 재학 포함),서울특별시,1세대가족,기혼,맞벌이 하지 않음,300-400만원 미만,0.2106257874842503,0.1131468667771172,0.102979888385806,0.136783988957902,0.1208058213178816,0.1012731481481481,0.2403038784486205,1,0,0,0
3D053010,남자,30대,사무 종사자,대학교 졸업(전문대졸/대학원생 포함),대구광역시,1인 가구,미혼(사별/이혼 포함),맞벌이 하지 않음,200-300만원 미만,0.2022259554808903,0.1248416333690673,0.1052262117861781,0.1478260869565217,0.0947311683061581,0.1422646604938271,0.1666000266560042,2,2,0,0
4H117006,여자,30대,사무 종사자,대학교 졸업(전문대졸/대학원생 포함),경기도,1세대가족,기혼,맞벌이 함,600-700만원 미만,0.0881982360352792,0.1189942500730922,0.10185672668562,0.1423050379572118,0.0940574046624444,0.1372492283950617,0.2252432360389177,2,0,1,0
3P239004,여자,40대,전문가 및 관련 종사자,고졸(대학 재학 포함),제주특별자치도,2세대가족,기혼,맞벌이 함,100-200만원 미만,0.120327593448131,0.1501802943182925,0.0691797409708328,0.1174603174603174,0.0639401697884382,0.2237654320987654,0.2718912435025989,0,0,1,0
3D053015,남자,60대 이상,서비스 종사자,고졸(대학 재학 포함),대구광역시,1세대가족,기혼,맞벌이 하지 않음,200-300만원 미만,0.1931961360772784,0.0995029724198421,0.0677406900424695,0.1146997929606625,0.0904864573507613,0.1358024691358025,0.1985872317739571,1,0,2,0
1O000363,여자,60대 이상,주부,고졸(대학 재학 포함),강원도,1세대가족,기혼,맞벌이 하지 않음,200-300만원 미만,0.2595548089038219,0.1426761524217912,0.1011898494261345,0.1478260869565217,0.1623096617706508,0.1478587962962963,0.2545648407303745,1,1,2,0
4A016006,여자,50대,판매 종사자,고졸(대학 재학 포함),서울특별시,2세대가족,기혼,맞벌이 함,"900-1,000만원 미만",0.0825283494330113,0.1833154663288178,0.1227405145484539,0.1561076604554865,0.0702735480393478,0.1755401234567901,0.2136478741836599,2,0,0,0
4C065012,여자,30대,사무 종사자,대학교 졸업(전문대졸/대학원생 포함),인천광역시,1인 가구,미혼(사별/이혼 포함),맞벌이 하지 않음,300-400만원 미만,0.1278874422511549,0.1199688139557548,0.1239338738549015,0.136783988957902,0.1468130979652337,0.1457368827160493,0.119952019192323,2,2,0,0
3G100082,여자,50대,사무 종사자,대학교 졸업(전문대졸/대학원생 포함),울산광역시,2세대가족,기혼,맞벌이 함,400-500만원 미만,0.1331373372532549,0.1911119773901179,0.0845179179389983,0.1423050379572118,0.0725643444279746,0.1977237654320987,0.2132480341196854,0,0,1,0
3G100063,남자,30대,사무 종사자,대학교 졸업(전문대졸/대학원생 포함),울산광역시,1세대가족,기혼,맞벌이 함,400-500만원 미만,0.2120957580848383,0.1511548582009551,0.0720578428275595,0.1450655624568668,0.1057808920630642,0.1527777777777778,0.2479008396641343,1,1,2,0
1B000119,여자,60대 이상,주부,고졸(대학 재학 포함),부산광역시,2세대가족,기혼,맞벌이 하지 않음,700-800만원 미만,0.1369172616547669,0.1277653250170548,0.0683022708925625,0.1174603174603174,0.08064950815254,0.1655092592592592,0.2239104358256697,0,0,2,0
1B000121,여자,60대 이상,주부,대학교 졸업(전문대졸/대학원생 포함),부산광역시,2세대가족,기혼,맞벌이 하지 않음,600-700만원 미만,0.1474170516589668,0.1297144527823799,0.1001368853322101,0.134023464458247,0.1094865921034901,0.1389853395061728,0.1212848194055711,2,2,0,0
1B000128,여자,60대 이상,사무 종사자,대학교 졸업(전문대졸/대학원생 포함),부산광역시,1인 가구,미혼(사별/이혼 포함),맞벌이 하지 않음,200-300만원 미만,0.1339773204535909,0.1618750609102426,0.0877821066301639,0.134023464458247,0.0800431208731976,0.1531635802469136,0.2105824336931894,0,0,1,0
1B000138,여자,60대 이상,서비스 종사자,대학교 졸업(전문대졸/대학원생 포함),부산광역시,2세대가족,기혼,맞벌이 함,600-700만원 미만,0.0804283914321713,0.0990156904785108,0.0840616334982977,0.1195307108350586,0.1135291739657728,0.081983024691358,0.1949886711981874,2,0,1,0
4A008020,여자,60대 이상,판매 종사자,고졸(대학 재학 포함),서울특별시,1세대가족,기혼,맞벌이 함,"900-1,000만원 미만",0.0846283074338513,0.1297144527823799,0.1355866764943315,0.1423050379572118,0.1073305484436059,0.1036844135802469,0.1279488204718112,2,2,0,0
1B000932,여자,50대,판매 종사자,고졸(대학 재학 포함),부산광역시,2세대가족,기혼,맞벌이 함,600-700만원 미만,0.1614867702645947,0.1891628496247929,0.0634937348636411,0.136783988957902,0.0760679153752863,0.1206597222222222,0.1785952285752365,0,0,1,0
1B000939,여자,50대,사무 종사자,고졸(대학 재학 포함),부산광역시,2세대가족,기혼,맞벌이 함,500-600만원 미만,0.121797564048719,0.14530747490498,0.1037169632515531,0.1257418909592822,0.0982347392534698,0.1080246913580247,0.1879248300679728,2,0,0,0
4A008024,여자,60대 이상,주부,고졸(대학 재학 포함),서울특별시,1세대가족,기혼,맞벌이 하지 않음,300-400만원 미만,0.0940781184376312,0.1638241886755677,0.1161770383629918,0.1312629399585921,0.0921708664600458,0.1295331790123457,0.1136878581900573,2,0,0,0
4A008028,여자,60대 이상,사무 종사자,고졸(대학 재학 포함),서울특별시,2세대가족,기혼,맞벌이 함,"1,000만원 이상",0.1318773624527509,0.1867264399181366,0.1168439156224772,0.1333333333333333,0.0921708664600458,0.1094714506172839,0.1212848194055711,2,0,0,0
4A008032,여자,60대 이상,주부,고졸(대학 재학 포함),서울특별시,1세대가족,기혼,맞벌이 하지 않음,500-600만원 미만,0.1073078538429231,0.1745443913848552,0.1192306342353725,0.134023464458247,0.0842878318285945,0.109278549382716,0.1159536185525789,2,0,0,0
4A008036,여자,50대,판매 종사자,대학교 졸업(전문대졸/대학원생 포함),서울특별시,2세대가족,기혼,맞벌이 함,"1,000만원 이상",0.1129777404451911,0.170158853912874,0.1196869186760731,0.144375431331953,0.0965503301441854,0.1174768518518518,0.1239504198320671,2,0,0,0
4A008040,여자,40대,사무 종사자,대학교 졸업(전문대졸/대학원생 포함),서울특별시,2세대가족,기혼,맞벌이 함,"900-1,000만원 미만",0.0978580428391432,0.1511548582009551,0.1268119757116282,0.1423050379572118,0.0933836410187306,0.124903549382716,0.1296814607490337,2,0,0,0
4A023006,여자,50대,주부,고졸(대학 재학 포함),서울특별시,2세대가족,기혼,맞벌이 하지 않음,400-500만원 미만,0.1343973120537589,0.1180196861904297,0.0750412410936787,0.134023464458247,0.0539010914971028,0.2102623456790123,0.351859256297481,0,0,2,0
4O158003,여자,60대 이상,주부,고졸(대학 재학 포함),강원도,1세대가족,기혼,맞벌이 하지 않음,200-300만원 미만,0.0793784124317513,0.1209433778384173,0.112947948474957,0.1423050379572118,0.0871176391321924,0.1634837962962963,0.2052512328401972,2,2,0,0
4A023012,여자,60대 이상,사무 종사자,대학교 졸업(전문대졸/대학원생 포함),서울특별시,2세대가족,기혼,맞벌이 함,600-700만원 미만,0.0982780344393112,0.2642042685898061,0.06258116598224,0.134023464458247,0.0315321385258051,0.1948302469135802,0.1332800213248034,0,0,1,0
1D000706,여자,30대,주부,대학교 졸업(전문대졸/대학원생 포함),대구광역시,2세대가족,기혼,맞벌이 하지 않음,300-400만원 미만,0.0514489710205795,0.143358347139655,0.0940998911937103,0.134023464458247,0.0782239590351704,0.1813271604938271,0.1386112221777955,2,0,1,0
1D000811,여자,60대 이상,주부,중졸 이하,대구광역시,1인 가구,미혼(사별/이혼 포함),맞벌이 하지 않음,100만원 미만,0.2267954640907181,0.1487184484942988,0.0407146116317433,0.1195307108350586,0.0848942191079369,0.154320987654321,0.2105824336931894,1,0,2,0
4A016012,남자,30대,기능원 및 관련 기능 종사자,대학교 졸업(전문대졸/대학원생 포함),서울특별시,2세대가족,기혼,맞벌이 함,700-800만원 미만,0.0860982780344393,0.2135269466913556,0.1152293706784598,0.1533471359558316,0.0932488882899878,0.2006172839506173,0.2416366786618686,0,1,1,0
4I208030,여자,60대 이상,농림어업 숙련 종사자,고졸(대학 재학 포함),경상북도,1인 가구,미혼(사별/이혼 포함),맞벌이 하지 않음,100-200만원 미만,0.1467870642587148,0.1652860344995614,0.0701274086553648,0.1305728088336784,0.0530251987602748,0.1118827160493827,0.2852192456350793,0,1,2,0
4O158009,여자,60대 이상,농림어업 숙련 종사자,고졸(대학 재학 포함),강원도,1세대가족,기혼,맞벌이 함,300-400만원 미만,0.0741285174296514,0.1189942500730922,0.1194412270541574,0.1450655624568668,0.0974262228810133,0.1454475308641975,0.1839264294282287,2,2,0,0
4A016018,남자,30대,사무 종사자,대학교 졸업(전문대졸/대학원생 포함),서울특별시,1세대가족,기혼,맞벌이 함,600-700만원 미만,0.0503989920201596,0.1823409024461553,0.1180021761257941,0.1478260869565217,0.0830076809055383,0.160108024691358,0.2039184326269492,2,1,0,0
1D000707,여자,60대 이상,주부,대학교 졸업(전문대졸/대학원생 포함),대구광역시,1세대가족,기혼,맞벌이 하지 않음,300-400만원 미만,0.0552288954220915,0.1282526069583861,0.1095784633743989,0.1112491373360938,0.0924403719175313,0.1789158950617284,0.1692656270825003,2,0,1,0
1H000121,여자,30대,사무 종사자,대학교 졸업(전문대졸/대학원생 포함),경기도,1세대가족,기혼,맞벌이 함,500-600만원 미만,0.1549769004619907,0.1448201929636488,0.0696009266084026,0.1222912353347135,0.0822665408974531,0.2027391975308642,0.2616286818605891,1,0,2,0
4A016024,여자,40대,주부,대학교 졸업(전문대졸/대학원생 포함),서울특별시,2세대가족,기혼,맞벌이 하지 않음,500-600만원 미만,0.1385972280554389,0.1531039859662801,0.1276543469867677,0.1505866114561766,0.1092170866460045,0.1729359567901234,0.2319072371051579,2,0,0,0
1D000831,남자,60대 이상,무직,중졸 이하,대구광역시,1인 가구,미혼(사별/이혼 포함),맞벌이 하지 않음,100만원 미만,0.1409071818563628,0.1214306597797485,0.0675651960268154,0.1305728088336784,0.1071957957148632,0.1657986111111111,0.1745968279354924,0,0,1,0
4A016030,여자,60대 이상,서비스 종사자,고졸(대학 재학 포함),서울특별시,1세대가족,기혼,맞벌이 함,400-500만원 미만,0.0909281814363712,0.1794172107981678,0.1255835176020497,0.1505866114561766,0.0923729955531599,0.163966049382716,0.2079168332666933,2,0,0,0
1H000127,남자,50대,단순노무 종사자,고졸(대학 재학 포함),경기도,1인 가구,미혼(사별/이혼 포함),맞벌이 하지 않음,300-400만원 미만,0.0642587148257034,0.179904492739499,0.0660910462953213,0.1416149068322981,0.0300498585096348,0.1650270061728395,0.2479008396641343,0,0,1,0
4O158012,여자,50대,농림어업 숙련 종사자,고졸(대학 재학 포함),강원도,1세대가족,기혼,맞벌이 함,400-500만원 미만,0.0419991600167996,0.1297144527823799,0.1243901582956021,0.1450655624568668,0.0828729281767955,0.1506558641975308,0.1709982673597228,2,2,0,0
4A016036,남자,60대 이상,관리자,고졸(대학 재학 포함),서울특별시,1세대가족,기혼,맞벌이 함,500-600만원 미만,0.1574968500629987,0.1901374135074554,0.1196167210698115,0.1533471359558316,0.1057135156986929,0.1716820987654321,0.2065840330534453,2,0,0,0
4A016042,여자,50대,사무 종사자,대학교 졸업(전문대졸/대학원생 포함),서울특별시,2세대가족,기혼,맞벌이 함,600-700만원 미만,0.1371272574548509,0.2145015105740181,0.1060685830613176,0.1533471359558316,0.0908233391726182,0.1623263888888889,0.2159136345461815,1,1,1,0
4A016048,여자,60대 이상,서비스 종사자,대학교 졸업(전문대졸/대학원생 포함),서울특별시,1세대가족,기혼,맞벌이 함,400-500만원 미만,0.1343973120537589,0.202806743982068,0.1108420202871082,0.1561076604554865,0.0859048645735076,0.1716820987654321,0.2612288417966147,1,1,1,0
1O000220,여자,60대 이상,판매 종사자,고졸(대학 재학 포함),강원도,1세대가족,기혼,맞벌이 함,300-400만원 미만,0.0741285174296514,0.1477438846116363,0.1051209153767856,0.1140096618357487,0.044872658671338,0.1446759259259259,0.1639344262295082,0,0,1,0
4O158021,여자,50대,서비스 종사자,고졸(대학 재학 포함),강원도,1인 가구,미혼(사별/이혼 포함),맞벌이 하지 않음,300-400만원 미만,0.0692986140277194,0.1443329110223175,0.1226352181390614,0.1505866114561766,0.1066567847998922,0.148341049382716,0.1932560309209649,2,2,0,0
4A016054,여자,60대 이상,판매 종사자,대학교 졸업(전문대졸/대학원생 포함),서울특별시,1세대가족,기혼,맞벌이 함,600-700만원 미만,0.1343973120537589,0.1745443913848552,0.1269523709241515,0.1616287094547964,0.096482953779814,0.1803626543209876,0.217646274823404,2,0,0,0
1D000836,여자,60대 이상,주부,중졸 이하,대구광역시,1세대가족,기혼,맞벌이 하지 않음,100-200만원 미만,0.1346073078538429,0.1175324042490985,0.0498403004457548,0.1278122843340234,0.0721600862417463,0.1796875,0.2425696388111422,0,0,2,0
4A016060,여자,40대,판매 종사자,고졸(대학 재학 포함),서울특별시,2세대가족,기혼,맞벌이 함,600-700만원 미만,0.1259974800503989,0.1950102329207679,0.128356323049384,0.1505866114561766,0.1130575394151731,0.1668595679012345,0.1905904304944689,2,1,0,0
4A016066,남자,60대 이상,관리자,대학교 졸업(전문대졸/대학원생 포함),서울특별시,2세대가족,기혼,맞벌이 함,700-800만원 미만,0.1301973960520789,0.1920865412727804,0.1301814608121863,0.1505866114561766,0.1122490230427166,0.162037037037037,0.1825936292149806,2,1,0,0
4F084021,여자,60대 이상,주부,고졸(대학 재학 포함),광주광역시,1세대가족,기혼,맞벌이 하지 않음,400-500만원 미만,0.2015959680806384,0.1111977390117922,0.1220736372889684,0.1312629399585921,0.1603557472038808,0.1579861111111111,0.1616686658669865,2,2,0,0
4A016072,여자,30대,판매 종사자,대학교 졸업(전문대졸/대학원생 포함),서울특별시,2세대가족,기혼,맞벌이 함,600-700만원 미만,0.1028979420411591,0.1745443913848552,0.1361482573444245,0.1533471359558316,0.0619862552216682,0.158179012345679,0.195921631347461,2,0,0,0
4F084023,남자,60대 이상,장치·기계 조작 및 조립 종사자,고졸(대학 재학 포함),광주광역시,1세대가족,기혼,맞벌이 하지 않음,300-400만원 미만,0.2001259974800504,0.1131468667771172,0.1134042329156575,0.1395445134575569,0.138660557876297,0.1510416666666666,0.1736638677862188,2,2,0,0
4F084025,남자,20대,서비스 종사자,고졸(대학 재학 포함),광주광역시,2세대가족,미혼(사별/이혼 포함),맞벌이 하지 않음,200-300만원 미만,0.1826963460730785,0.1063249195984796,0.0953985469095504,0.1312629399585921,0.1529443471230292,0.146412037037037,0.1576702652272424,2,2,0,0
1O000226,여자,30대,사무 종사자,대학교 졸업(전문대졸/대학원생 포함),강원도,3세대가족,기혼,맞벌이 함,400-500만원 미만,0.0944981100377992,0.177955364974174,0.0919237653995998,0.1360938578329882,0.0581458024524996,0.1632908950617284,0.2492336398773824,0,0,1,0
4P243002,여자,50대,전문가 및 관련 종사자,대학교 졸업(전문대졸/대학원생 포함),제주특별자치도,2세대가족,기혼,맞벌이 하지 않음,300-400만원 미만,0.1658966820663586,0.1287398888997173,0.0401881295847811,0.1285024154589372,0.0665678479989219,0.1181520061728395,0.2665600426496068,0,1,2,0
1D000708,여자,50대,주부,고졸(대학 재학 포함),대구광역시,2세대가족,기혼,맞벌이 하지 않음,300-400만원 미만,0.1543469130617387,0.1326381444303674,0.096030325365905,0.134023464458247,0.1056461393343215,0.2064043209876543,0.1785952285752365,2,0,0,0
1B000987,여자,60대 이상,서비스 종사자,고졸(대학 재학 포함),부산광역시,1세대가족,기혼,맞벌이 함,300-400만원 미만,0.24842503149937,0.1745443913848552,0.0865536485205854,0.136783988957902,0.1318555450747877,0.144386574074074,0.2212448353991736,1,1,2,0
1C000789,여자,50대,사무 종사자,대학교 졸업(전문대졸/대학원생 포함),인천광역시,2세대가족,기혼,맞벌이 함,700-800만원 미만,0.2158756824863502,0.1716206997368677,0.0634586360605103,0.1423050379572118,0.079571486322598,0.1099537037037037,0.2638944422231107,1,1,2,0
3O148010,여자,60대 이상,서비스 종사자,고졸(대학 재학 포함),강원도,1인 가구,미혼(사별/이혼 포함),맞벌이 하지 않음,100-200만원 미만,0.0768584628307434,0.1954975148620992,0.0798848759257309,0.1416149068322981,0.052688316938418,0.1575038580246913,0.2145808343329335,0,0,1,0
4F079040,여자,50대,사무 종사자,고졸(대학 재학 포함),광주광역시,2세대가족,기혼,맞벌이 함,500-600만원 미만,0.2190256194876102,0.1287398888997173,0.1323575866062967,0.1533471359558316,0.1477563670664331,0.144483024691358,0.1226176196188191,2,2,0,0
1Q000202,여자,50대,서비스 종사자,대학교 졸업(전문대졸/대학원생 포함),세종특별자치시,1세대가족,기혼,맞벌이 함,500-600만원 미만,0.1738765224695506,0.2037813078647305,0.0757432171562949,0.1505866114561766,0.0702735480393478,0.2321566358024691,0.2216446754631481,1,0,2,0
4D055002,여자,50대,판매 종사자,고졸(대학 재학 포함),대구광역시,1세대가족,기혼,맞벌이 함,300-400만원 미만,0.2253254934901302,0.0946301530065295,0.0906602084868906,0.1202208419599723,0.1646004581592777,0.124903549382716,0.119952019192323,2,2,0,0
1D000710,여자,50대,기능원 및 관련 기능 종사자,고졸(대학 재학 포함),대구광역시,2세대가족,미혼(사별/이혼 포함),맞벌이 하지 않음,200-300만원 미만,0.1005879882402352,0.147256602670305,0.0730406093152223,0.136783988957902,0.0624578897722678,0.1973379629629629,0.1829934692789551,0,0,1,0
4D055004,여자,60대 이상,단순노무 종사자,중졸 이하,대구광역시,1인 가구,기혼,맞벌이 하지 않음,100-200만원 미만,0.1511969760604788,0.1326381444303674,0.0694956301990102,0.134023464458247,0.0797062390513407,0.132716049382716,0.1532720245235239,0,0,1,0
4F079045,여자,50대,서비스 종사자,고졸(대학 재학 포함),광주광역시,2세대가족,기혼,맞벌이 함,600-700만원 미만,0.2246955060898782,0.1287398888997173,0.133059562668913,0.1533471359558316,0.1387953106050397,0.1194058641975308,0.1252832200453152,2,2,0,0
1A001855,여자,50대,주부,대학교 졸업(전문대졸/대학원생 포함),서울특별시,2세대가족,기혼,맞벌이 하지 않음,600-700만원 미만,0.1530869382612348,0.1022317512912971,0.0724088308588677,0.1195307108350586,0.1218838431478237,0.105420524691358,0.2079168332666933,1,0,2,0
4F079050,여자,50대,기능원 및 관련 기능 종사자,고졸(대학 재학 포함),광주광역시,2세대가족,기혼,맞벌이 함,600-700만원 미만,0.2190256194876102,0.1141214306597797,0.1118949843810326,0.1450655624568668,0.1174370030993127,0.1109182098765432,0.118619218979075,2,2,0,0
1O000248,여자,60대 이상,주부,고졸(대학 재학 포함),강원도,1세대가족,기혼,맞벌이 하지 않음,200-300만원 미만,0.1056278874422511,0.1643114706168989,0.0731108069214839,0.1250517598343685,0.0560571351569869,0.1931905864197531,0.2092496334799413,0,0,1,0
1O000281,여자,60대 이상,주부,고졸(대학 재학 포함),강원도,1세대가족,기혼,맞벌이 하지 않음,300-400만원 미만,0.0986980260394792,0.1516421401422863,0.0664069355234986,0.1416149068322981,0.0767416790190001,0.105420524691358,0.1909902705584433,0,0,1,0
1Q000212,여자,50대,서비스 종사자,고졸(대학 재학 포함),세종특별자치시,1세대가족,기혼,맞벌이 함,600-700만원 미만,0.2007559848803023,0.1570022414969301,0.0843424239233442,0.1561076604554865,0.1133270448726586,0.2181712962962963,0.2558976409436225,1,0,2,0
3F247005,여자,50대,판매 종사자,고졸(대학 재학 포함),광주광역시,2세대가족,기혼,맞벌이 함,500-600만원 미만,0.1314573708525829,0.1852645940941429,0.0669685163735916,0.1423050379572118,0.0733728608004312,0.1805555555555555,0.2079168332666933,0,0,1,0
4D055006,여자,30대,사무 종사자,대학교 졸업(전문대졸/대학원생 포함),대구광역시,1세대가족,기혼,맞벌이 함,500-600만원 미만,0.2715245695086098,0.1160705584251047,0.0875364150082482,0.1285024154589372,0.1551677671472847,0.1509452160493827,0.2545648407303745,1,1,0,0
1A001820,여자,40대,판매 종사자,대학교 졸업(전문대졸/대학원생 포함),서울특별시,2세대가족,기혼,맞벌이 함,700-800만원 미만,0.2120957580848383,0.1243543514277361,0.0755677231406409,0.1278122843340234,0.1073305484436059,0.103491512345679,0.2642942822870852,1,1,2,0
1F000601,여자,60대 이상,단순노무 종사자,고졸(대학 재학 포함),광주광역시,1인 가구,미혼(사별/이혼 포함),맞벌이 하지 않음,200-300만원 미만,0.1129777404451911,0.1189942500730922,0.0632831420448562,0.1285024154589372,0.0526209405740466,0.3260995370370371,0.3438624550179928,0,0,2,0
1D000783,여자,40대,서비스 종사자,고졸(대학 재학 포함),대구광역시,2세대가족,기혼,맞벌이 함,500-600만원 미만,0.0835783284334313,0.1531039859662801,0.0744445614404548,0.1312629399585921,0.0600323406548982,0.2039930555555555,0.1506064240970278,0,0,1,0
1O000278,여자,30대,사무 종사자,대학교 졸업(전문대졸/대학원생 포함),강원도,1인 가구,미혼(사별/이혼 포함),맞벌이 하지 않음,300-400만원 미만,0.1700965980680386,0.1487184484942988,0.0958899301533817,0.1416149068322981,0.1030858374882091,0.1086033950617283,0.1932560309209649,1,0,1,0
1F000602,여자,50대,판매 종사자,고졸(대학 재학 포함),광주광역시,1세대가족,기혼,맞벌이 함,300-400만원 미만,0.1026879462410751,0.1034012279504921,0.065389070232705,0.1285024154589372,0.0444010241207384,0.2667824074074074,0.3345328535252566,0,0,2,0
1F000603,여자,30대,사무 종사자,대학교 졸업(전문대졸/대학원생 포함),광주광역시,1인 가구,미혼(사별/이혼 포함),맞벌이 하지 않음,200-300만원 미만,0.1129777404451911,0.1131468667771172,0.0931522235091783,0.134023464458247,0.1029510847594663,0.1555748456790123,0.2012528322004531,2,0,1,0
3O148006,여자,50대,사무 종사자,대학교 졸업(전문대졸/대학원생 포함),강원도,1세대가족,기혼,맞벌이 함,400-500만원 미만,0.0846283074338513,0.1506675762596238,0.0876768102207714,0.1305728088336784,0.0574720388087858,0.1353202160493827,0.2025856324137012,0,0,1,0
1F000604,남자,60대 이상,판매 종사자,고졸(대학 재학 포함),광주광역시,1세대가족,기혼,맞벌이 함,300-400만원 미만,0.1304073918521629,0.1092486112464672,0.0957495349408585,0.1312629399585921,0.1262633068319633,0.1632908950617284,0.1772624283619885,2,2,0,0
1A001845,여자,60대 이상,주부,고졸(대학 재학 포함),서울특별시,1세대가족,기혼,맞벌이 하지 않음,300-400만원 미만,0.1889962200755985,0.1484260793295,0.0671440103892457,0.1025534851621808,0.090958091901361,0.1098572530864197,0.2092496334799413,1,0,2,0
1N000417,여자,60대 이상,농림어업 숙련 종사자,고졸(대학 재학 포함),충청남도,1세대가족,기혼,맞벌이 함,200-300만원 미만,0.121587568248635,0.1594386512035864,0.1070864483521112,0.1305728088336784,0.0960113192292144,0.1325231481481481,0.195921631347461,2,0,0,0
4D055017,여자,50대,사무 종사자,대학교 졸업(전문대졸/대학원생 포함),대구광역시,2세대가족,기혼,맞벌이 함,700-800만원 미만,0.245695086098278,0.1940356690381054,0.093397915131094,0.136783988957902,0.134752728742757,0.1401427469135802,0.1039584166333466,1,1,0,0
1F000606,여자,60대 이상,주부,고졸(대학 재학 포함),광주광역시,1세대가족,기혼,맞벌이 하지 않음,200-300만원 미만,0.116337673246535,0.1365363999610174,0.0566143694500017,0.1257418909592822,0.0594259533755558,0.1669560185185185,0.2612288417966147,0,0,2,0
1F000607,남자,50대,판매 종사자,고졸(대학 재학 포함),광주광역시,2세대가족,기혼,맞벌이 하지 않음,300-400만원 미만,0.1545569088618227,0.1053503557158171,0.0841669299076901,0.1312629399585921,0.0994475138121546,0.1593364197530864,0.2558976409436225,1,0,1,0
1Q000216,여자,30대,사무 종사자,대학교 졸업(전문대졸/대학원생 포함),세종특별자치시,2세대가족,기혼,맞벌이 함,500-600만원 미만,0.1829063418731625,0.1550531137316051,0.1009441578042188,0.1533471359558316,0.1142703139738579,0.1839313271604938,0.2385712381713981,1,1,2,0
4D055019,여자,50대,사무 종사자,대학교 졸업(전문대졸/대학원생 포함),대구광역시,2세대가족,기혼,맞벌이 함,500-600만원 미만,0.2253254934901302,0.1355618360783549,0.1148081850408901,0.1312629399585921,0.1693168036652742,0.1239390432098765,0.1039584166333466,2,2,0,0
4A249003,여자,60대 이상,주부,고졸(대학 재학 포함),서울특별시,1세대가족,기혼,맞벌이 하지 않음,200-300만원 미만,0.1572868542629147,0.1240619822629373,0.0773226632971815,0.1080745341614906,0.0902169518932758,0.1304012345679012,0.2092496334799413,1,0,2,0
1Q000196,여자,60대 이상,주부,고졸(대학 재학 포함),세종특별자치시,1세대가족,기혼,맞벌이 하지 않음,400-500만원 미만,0.1469970600587988,0.1686970080888802,0.0778491453441437,0.1533471359558316,0.0832098099986524,0.2195216049382716,0.2412368385978942,1,0,2,0
4F087004,여자,60대 이상,주부,고졸(대학 재학 포함),광주광역시,1세대가족,기혼,맞벌이 하지 않음,200-300만원 미만,0.1432171356572868,0.1121723028944547,0.0880277982520796,0.1285024154589372,0.1126532812289448,0.1719714506172839,0.2056510729041717,1,0,0,0
4A249006,여자,30대,사무 종사자,대학교 졸업(전문대졸/대학원생 포함),서울특별시,1인 가구,미혼(사별/이혼 포함),맞벌이 하지 않음,300-400만원 미만,0.1364972700545989,0.1175324042490985,0.0593169772910743,0.1222912353347135,0.0817275299824821,0.0848765432098765,0.2119152339064374,0,0,1,0
4D055025,여자,60대 이상,서비스 종사자,고졸(대학 재학 포함),대구광역시,2세대가족,기혼,맞벌이 함,800-900만원 미만,0.2162956740865182,0.1326381444303674,0.1155101611035063,0.136783988957902,0.188855949332974,0.1104359567901234,0.1012928162068506,2,2,0,0
3F247009,남자,50대,사무 종사자,대학교 졸업(전문대졸/대학원생 포함),광주광역시,1세대가족,기혼,맞벌이 함,700-800만원 미만,0.0800083998320033,0.1189942500730922,0.0714611631743357,0.1285024154589372,0.0647486861608947,0.150366512345679,0.2518992403038784,0,0,1,0
1Q000193,여자,50대,서비스 종사자,대학교 졸업(전문대졸/대학원생 포함),세종특별자치시,2세대가족,기혼,맞벌이 함,500-600만원 미만,0.1917261654766904,0.1375109638436799,0.083815941876382,0.1533471359558316,0.1112383775771459,0.2184606481481481,0.2852192456350793,1,0,2,0
1F000619,남자,60대 이상,판매 종사자,고졸(대학 재학 포함),광주광역시,2세대가족,기혼,맞벌이 함,600-700만원 미만,0.1591768164636707,0.1111977390117922,0.0708293847179811,0.1285024154589372,0.1127880339576876,0.1501736111111111,0.2039184326269492,1,0,2,0
4F087008,남자,60대 이상,기능원 및 관련 기능 종사자,대학교 졸업(전문대졸/대학원생 포함),광주광역시,1세대가족,기혼,맞벌이 함,300-400만원 미만,0.0653086938261234,0.1113926517883247,0.0621599803446702,0.1191166321601104,0.0283654494003503,0.1851851851851852,0.314540850326536,0,0,1,0
4D055027,여자,60대 이상,주부,중졸 이하,대구광역시,1세대가족,기혼,맞벌이 하지 않음,100-200만원 미만,0.1553968920621587,0.1021342949030309,0.1021375171106665,0.1308488612836439,0.1573238108071688,0.1336805555555555,0.0946288151406104,2,2,0,0
1F000643,여자,60대 이상,주부,고졸(대학 재학 포함),광주광역시,1세대가족,기혼,맞벌이 하지 않음,300-400만원 미만,0.1322973540529189,0.1287398888997173,0.0677757888456003,0.136783988957902,0.0680501280150923,0.1509452160493827,0.2692256430761029,0,0,2,0
4F087016,남자,50대,장치·기계 조작 및 조립 종사자,대학교 졸업(전문대졸/대학원생 포함),광주광역시,1세대가족,기혼,맞벌이 함,400-500만원 미만,0.0468290634187316,0.092875938017737,0.0951528552876347,0.1108350586611456,0.0999191483627543,0.1668595679012345,0.1626016260162601,2,0,1,0
3F247008,여자,50대,판매 종사자,고졸(대학 재학 포함),광주광역시,2세대가족,기혼,맞벌이 함,600-700만원 미만,0.1499370012599748,0.1287398888997173,0.0825874837668035,0.134023464458247,0.1070610429861204,0.1529706790123456,0.2212448353991736,1,0,1,0
4F247010,여자,50대,판매 종사자,고졸(대학 재학 포함),광주광역시,2세대가족,기혼,맞벌이 함,500-600만원 미만,0.1761864762704746,0.1199688139557548,0.0743392650310624,0.136783988957902,0.1001886538202398,0.1426504629629629,0.2705584432893509,1,1,2,0
4F087032,여자,60대 이상,판매 종사자,고졸(대학 재학 포함),광주광역시,1세대가족,기혼,맞벌이 함,400-500만원 미만,0.2211255774884502,0.1035961407270246,0.1004878733635183,0.1135955831608005,0.1493060234469748,0.1588541666666666,0.1599360255897641,2,2,0,0
1A000782,여자,30대,사무 종사자,대학교 졸업(전문대졸/대학원생 포함),서울특별시,2세대가족,기혼,맞벌이 함,800-900만원 미만,0.1852162956740865,0.1477438846116363,0.0554561089466849,0.1278122843340234,0.1000539010914971,0.0868055555555555,0.1905904304944689,1,0,1,0
4A021003,여자,60대 이상,주부,고졸(대학 재학 포함),서울특별시,2세대가족,기혼,맞벌이 하지 않음,600-700만원 미만,0.1280974380512389,0.1865315271416041,0.0540872556245832,0.1395445134575569,0.066230966177065,0.1322337962962963,0.2119152339064374,0,0,1,0
4A021026,여자,50대,주부,대학교 졸업(전문대졸/대학원생 포함),서울특별시,2세대가족,기혼,맞벌이 하지 않음,500-600만원 미만,0.117177656446871,0.1696715719715427,0.0343968270681969,0.1395445134575569,0.0404931949871984,0.1755401234567901,0.2305744368919099,0,0,1,0
4F087040,남자,60대 이상,장치·기계 조작 및 조립 종사자,고졸(대학 재학 포함),광주광역시,1인 가구,미혼(사별/이혼 포함),맞벌이 하지 않음,200-300만원 미만,0.2225955480890382,0.0987233213137121,0.0959250289565125,0.1135955831608005,0.1497776579975744,0.1552854938271605,0.1372784219645475,2,2,0,0
4D055029,여자,60대 이상,주부,중졸 이하,대구광역시,1인 가구,미혼(사별/이혼 포함),맞벌이 하지 않음,100-200만원 미만,0.1511969760604788,0.0953123477243933,0.099785897300902,0.1087646652864044,0.175515429187441,0.1142939814814814,0.0892976142876182,2,2,0,0
4A021027,여자,50대,주부,고졸(대학 재학 포함),서울특별시,1세대가족,기혼,맞벌이 하지 않음,300-400만원 미만,0.1595968080638387,0.2232725855179807,0.0738127829841002,0.1533471359558316,0.0644118043390378,0.1440007716049383,0.2252432360389177,0,1,1,0
4A021040,여자,50대,주부,대학교 졸업(전문대졸/대학원생 포함),서울특별시,2세대가족,기혼,맞벌이 하지 않음,600-700만원 미만,0.123477530449391,0.1956924276386317,0.0640202169106033,0.1363699102829537,0.0508017787360194,0.1885609567901234,0.2279088364654138,0,0,1,0
1A000798,여자,50대,서비스 종사자,고졸(대학 재학 포함),서울특별시,1세대가족,기혼,맞벌이 하지 않음,400-500만원 미만,0.1784964300713985,0.1260111100282623,0.0782001333754519,0.1053140096618357,0.1115752593990028,0.103491512345679,0.1999200319872051,1,0,2,0
4A021041,여자,40대,사무 종사자,대학교 졸업(전문대졸/대학원생 포함),서울특별시,2세대가족,기혼,맞벌이 함,600-700만원 미만,0.1665266694666106,0.1764935191501803,0.0608262258256993,0.1395445134575569,0.0591564479180703,0.171778549382716,0.2429694788751166,0,0,1,0
1A000807,여자,50대,사무 종사자,대학교 졸업(전문대졸/대학원생 포함),서울특별시,2세대가족,기혼,맞벌이 함,800-900만원 미만,0.1728265434691306,0.1318584933242374,0.0804815555789547,0.1108350586611456,0.1055113866055787,0.1208526234567901,0.2052512328401972,1,0,2,0
1A000820,여자,60대 이상,주부,대학교 졸업(전문대졸/대학원생 포함),서울특별시,1세대가족,기혼,맞벌이 하지 않음,700-800만원 미만,0.1440571188576228,0.1226975928272098,0.0804815555789547,0.1167701863354037,0.0947311683061581,0.1041666666666666,0.2145808343329335,0,0,2,0
1Q000217,여자,60대 이상,주부,중졸 이하,세종특별자치시,1세대가족,기혼,맞벌이 하지 않음,100-200만원 미만,0.1474170516589668,0.1716206997368677,0.0718823488119055,0.1423050379572118,0.08455733728608,0.2393904320987654,0.2265760362521658,0,0,2,0
4A021042,여자,30대,사무 종사자,대학교 졸업(전문대졸/대학원생 포함),서울특별시,1세대가족,기혼,맞벌이 함,600-700만원 미만,0.1579168416631667,0.2021245492642042,0.0404689200098276,0.136783988957902,0.0663657189058078,0.1685956790123457,0.2279088364654138,0,0,1,0
1H000939,여자,60대 이상,판매 종사자,고졸(대학 재학 포함),경기도,2세대가족,미혼(사별/이혼 포함),맞벌이 하지 않음,400-500만원 미만,0.0921881562368752,0.1379982457850112,0.0755677231406409,0.1250517598343685,0.064613933432152,0.1907793209876543,0.2012528322004531,0,0,1,0
4A021043,여자,30대,사무 종사자,대학교 졸업(전문대졸/대학원생 포함),서울특별시,1세대가족,기혼,맞벌이 함,700-800만원 미만,0.1371272574548509,0.1842900302114803,0.0368537432873539,0.1308488612836439,0.0557876296995014,0.1788194444444444,0.235905637744902,0,0,1,0
1A000821,여자,50대,서비스 종사자,대학교 졸업(전문대졸/대학원생 포함),서울특별시,1인 가구,미혼(사별/이혼 포함),맞벌이 하지 않음,400-500만원 미만,0.1614867702645947,0.1331254263716986,0.0776736513284897,0.1222912353347135,0.0850289718366796,0.0996334876543209,0.2025856324137012,1,0,2,0
4A021044,여자,30대,사무 종사자,대학교 졸업(전문대졸/대학원생 포함),서울특별시,1세대가족,기혼,맞벌이 함,600-700만원 미만,0.1322973540529189,0.1803917746808303,0.0489277315643536,0.1423050379572118,0.0466918205093653,0.1524884259259259,0.2456350793016127,0,0,1,0
1I000684,남자,40대,사무 종사자,대학교 졸업(전문대졸/대학원생 포함),경상북도,2세대가족,기혼,맞벌이 함,"900-1,000만원 미만",0.1497270054598908,0.1180196861904297,0.0805868519883472,0.1257418909592822,0.0797062390513407,0.142554012345679,0.1812608290017326,0,0,1,0
1H001275,여자,40대,사무 종사자,대학교 졸업(전문대졸/대학원생 포함),경기도,2세대가족,기혼,맞벌이 함,800-900만원 미만,0.2186056278874422,0.2115778189260306,0.080060369941385,0.1561076604554865,0.0762026681040291,0.1333912037037037,0.234572837531654,1,1,2,0
1H000968,남자,30대,사무 종사자,대학교 졸업(전문대졸/대학원생 포함),경기도,1인 가구,미혼(사별/이혼 포함),맞벌이 하지 않음,300-400만원 미만,0.122007559848803,0.1418965013156612,0.0664420343266294,0.1250517598343685,0.067645869828864,0.1764081790123457,0.2252432360389177,0,0,2,0
1Q000218,여자,60대 이상,서비스 종사자,중졸 이하,세종특별자치시,1인 가구,미혼(사별/이혼 포함),맞벌이 하지 않음,200-300만원 미만,0.1757664846703066,0.1953026020855667,0.0750412410936787,0.1588681849551414,0.0803126263306832,0.2542438271604939,0.2492336398773824,1,0,2,0
4C065020,여자,50대,판매 종사자,고졸(대학 재학 포함),인천광역시,1인 가구,미혼(사별/이혼 포함),맞벌이 하지 않음,200-300만원 미만,0.1266274674506509,0.1248416333690673,0.1237583798392474,0.136783988957902,0.1565826707990836,0.1761188271604938,0.1163534586165533,2,2,0,0
4A021045,여자,60대 이상,주부,고졸(대학 재학 포함),서울특별시,1세대가족,기혼,맞벌이 하지 않음,300-400만원 미만,0.0705585888282234,0.1889679368482604,0.038713979853287,0.1333333333333333,0.0283654494003503,0.1550925925925926,0.2149806743969079,0,0,1,0
1H001285,여자,60대 이상,서비스 종사자,대학교 졸업(전문대졸/대학원생 포함),경기도,2세대가족,기혼,맞벌이 함,"900-1,000만원 미만",0.244015119697606,0.2286326868726245,0.0846934119546523,0.1526570048309178,0.117841261285541,0.1333912037037037,0.2265760362521658,1,1,2,0
1H001245,여자,40대,주부,대학교 졸업(전문대졸/대학원생 포함),경기도,2세대가족,기혼,맞벌이 하지 않음,500-600만원 미만,0.2183956320873582,0.2554331936458435,0.0895370467867045,0.1561076604554865,0.0863091227597358,0.1634837962962963,0.2332400373184059,1,1,2,0
4A021046,여자,50대,사무 종사자,대학교 졸업(전문대졸/대학원생 포함),서울특별시,2세대가족,기혼,맞벌이 함,700-800만원 미만,0.123897522049559,0.200857616216743,0.0399424379628654,0.134023464458247,0.053227327853389,0.1399498456790123,0.2092496334799413,0,0,1,0
1I000641,여자,30대,사무 종사자,대학교 졸업(전문대졸/대학원생 포함),경상북도,1세대가족,기혼,맞벌이 함,700-800만원 미만,0.1507769844603108,0.1199688139557548,0.0831139658137657,0.1257418909592822,0.0921708664600458,0.1324266975308642,0.2239104358256697,1,0,1,0
1H001299,여자,60대 이상,주부,고졸(대학 재학 포함),경기도,1세대가족,기혼,맞벌이 하지 않음,400-500만원 미만,0.2060058798824023,0.2359419159925933,0.0726896212839142,0.1533471359558316,0.0789650990432556,0.1234567901234568,0.1879248300679728,1,1,2,0
4A019002,여자,40대,사무 종사자,대학교 졸업(전문대졸/대학원생 포함),서울특별시,1세대가족,기혼,맞벌이 함,600-700만원 미만,0.1371272574548509,0.1920865412727804,0.060510336597522,0.136783988957902,0.0539684678614741,0.1685956790123457,0.2332400373184059,0,0,1,0
1H001300,여자,60대 이상,주부,고졸(대학 재학 포함),경기도,1세대가족,기혼,맞벌이 하지 않음,500-600만원 미만,0.2265854682906342,0.2339927882272683,0.0814643220666175,0.1533471359558316,0.0980326101603557,0.1239390432098765,0.2292416366786618,1,1,2,0
4C065032,여자,30대,사무 종사자,대학교 졸업(전문대졸/대학원생 포함),인천광역시,1세대가족,기혼,맞벌이 함,500-600만원 미만,0.1936161276774464,0.1628496247929051,0.1063844722894949,0.1257418909592822,0.1495755289044603,0.1314621913580247,0.1026256164200986,2,1,0,0
1C000398,여자,50대,주부,대학교 졸업(전문대졸/대학원생 포함),인천광역시,2세대가족,기혼,맞벌이 하지 않음,700-800만원 미만,0.0377992440151197,0.1053503557158171,0.1349899968411077,0.1285024154589372,0.0454790459506805,0.0954861111111111,0.1230174596827935,2,2,0,0
4A019001,여자,60대 이상,단순노무 종사자,대학교 졸업(전문대졸/대학원생 포함),서울특별시,2세대가족,기혼,맞벌이 함,800-900만원 미만,0.1007979840403192,0.1706461358542052,0.0363272612403917,0.1285024154589372,0.048241476889907,0.1447723765432098,0.2212448353991736,0,0,1,0
3A019003,여자,60대 이상,주부,고졸(대학 재학 포함),서울특별시,2세대가족,기혼,맞벌이 하지 않음,600-700만원 미만,0.0818983620327593,0.1852645940941429,0.0383629918219788,0.134023464458247,0.0533620805821317,0.144483024691358,0.2296414767426363,0,0,1,0
1H001325,여자,50대,사무 종사자,대학교 졸업(전문대졸/대학원생 포함),경기도,2세대가족,기혼,맞벌이 함,"900-1,000만원 미만",0.254094918101638,0.2471494006432121,0.0801305675476466,0.147135955831608,0.1163589812693706,0.142554012345679,0.1932560309209649,1,1,2,0
1A001186,여자,40대,사무 종사자,대학교 졸업(전문대졸/대학원생 포함),서울특별시,2세대가족,기혼,맞벌이 함,600-700만원 미만,0.0818983620327593,0.1852645940941429,0.0435576146853392,0.134023464458247,0.0380676458698288,0.2026427469135802,0.2052512328401972,0,0,1,0
1H001331,여자,60대 이상,서비스 종사자,대학교 졸업(전문대졸/대학원생 포함),경기도,2세대가족,기혼,맞벌이 함,"900-1,000만원 미만",0.2246955060898782,0.2003703342754117,0.0797093819100768,0.1498964803312629,0.0941921573911871,0.1302083333333333,0.2798880447820872,1,1,2,0
1A001172,여자,40대,사무 종사자,대학교 졸업(전문대졸/대학원생 포함),서울특별시,2세대가족,기혼,맞벌이 함,500-600만원 미만,0.0993280134397312,0.2001754214988792,0.0662665403109754,0.1561076604554865,0.0375960113192292,0.1848958333333333,0.2425696388111422,0,0,1,0
1A001167,여자,40대,주부,대학교 졸업(전문대졸/대학원생 포함),서울특별시,2세대가족,기혼,맞벌이 하지 않음,600-700만원 미만,0.0860982780344393,0.198908488451418,0.0423993541820223,0.1533471359558316,0.0450074114000808,0.1984953703703703,0.2332400373184059,0,0,1,0
1A001162,여자,50대,주부,대학교 졸업(전문대졸/대학원생 포함),서울특별시,2세대가족,기혼,맞벌이 하지 않음,500-600만원 미만,0.0818983620327593,0.1940356690381054,0.0348531115088975,0.136783988957902,0.0450074114000808,0.1408179012345679,0.2056510729041717,0,0,1,0
1A001160,여자,60대 이상,주부,고졸(대학 재학 포함),서울특별시,1세대가족,기혼,맞벌이 하지 않음,300-400만원 미만,0.0468290634187316,0.2145015105740181,0.0629321540135481,0.1533471359558316,0.022436329335669,0.2228973765432098,0.2429694788751166,0,0,1,0
1A001156,여자,40대,사무 종사자,대학교 졸업(전문대졸/대학원생 포함),서울특별시,2세대가족,기혼,맞벌이 함,600-700만원 미만,0.0440991180176396,0.2193743299873307,0.0399424379628654,0.1423050379572118,0.0195391456676997,0.2000385802469136,0.1905904304944689,0,0,1,0
4E094027,여자,50대,서비스 종사자,대학교 졸업(전문대졸/대학원생 포함),대전광역시,2세대가족,기혼,맞벌이 함,500-600만원 미만,0.1007979840403192,0.1672351622648864,0.0570706538907023,0.1333333333333333,0.0677806225576067,0.1080246913580247,0.2012528322004531,0,0,1,0
1A001148,여자,60대 이상,주부,고졸(대학 재학 포함),서울특별시,1세대가족,기혼,맞벌이 하지 않음,300-400만원 미만,0.1312473750524989,0.1950102329207679,0.0414165876943596,0.1505866114561766,0.0450074114000808,0.1585648148148148,0.2492336398773824,0,0,1,0
4A008044,여자,50대,사무 종사자,대학교 졸업(전문대졸/대학원생 포함),서울특별시,1세대가족,기혼,맞벌이 함,"1,000만원 이상",0.1129777404451911,0.1518370529188188,0.1235126882173317,0.1363699102829537,0.0968872119660423,0.0998263888888889,0.1252832200453152,2,0,0,0
4A008048,여자,40대,사무 종사자,대학교 졸업(전문대졸/대학원생 포함),서울특별시,2세대가족,기혼,맞벌이 함,"1,000만원 이상",0.0850482990340193,0.1574895234382614,0.128917903899477,0.1388543823326432,0.097021964694785,0.1094714506172839,0.1412768226042916,2,0,0,0
4E094031,여자,50대,서비스 종사자,대학교 졸업(전문대졸/대학원생 포함),대전광역시,2세대가족,기혼,맞벌이 함,500-600만원 미만,0.1553968920621587,0.174057109443524,0.0547190340809378,0.1305728088336784,0.0722948389704891,0.0906635802469135,0.2163134746101559,0,1,2,0
4A007007,여자,40대,판매 종사자,대학교 졸업(전문대졸/대학원생 포함),서울특별시,2세대가족,기혼,맞벌이 함,800-900만원 미만,0.126207475850483,0.1618750609102426,0.1262503948615352,0.1478260869565217,0.1098908502897183,0.109278549382716,0.1292816206850593,2,0,0,0
4A007010,여자,40대,서비스 종사자,대학교 졸업(전문대졸/대학원생 포함),서울특별시,2세대가족,기혼,맞벌이 함,800-900만원 미만,0.1129777404451911,0.1609004970275801,0.1181425713383173,0.136783988957902,0.0921708664600458,0.1065779320987654,0.1039584166333466,2,0,0,0
1H000179,여자,50대,주부,고졸(대학 재학 포함),경기도,2세대가족,기혼,맞벌이 하지 않음,600-700만원 미만,0.2148257034859302,0.1511548582009551,0.0538064651995367,0.1505866114561766,0.0931815119256165,0.1181520061728395,0.3185392509662801,1,1,2,0
1H000174,여자,60대 이상,기능원 및 관련 기능 종사자,고졸(대학 재학 포함),경기도,1세대가족,기혼,맞벌이 함,400-500만원 미만,0.120327593448131,0.1550531137316051,0.0740935734091467,0.1533471359558316,0.0563266406144724,0.1138117283950617,0.351859256297481,0,1,1,0
1D000851,여자,60대 이상,주부,고졸(대학 재학 포함),대구광역시,2세대가족,기혼,맞벌이 하지 않음,300-400만원 미만,0.2404451910961781,0.1623623428515739,0.0737425853778386,0.1388543823326432,0.1088128284597763,0.2115162037037037,0.2159136345461815,1,0,2,0
1D000854,여자,60대 이상,주부,중졸 이하,대구광역시,1세대가족,기혼,맞벌이 하지 않음,100-200만원 미만,0.2162956740865182,0.1457947568463113,0.0428205398195921,0.1305728088336784,0.0830750572699097,0.2398726851851851,0.2509662801546048,1,0,2,0
1D000856,여자,60대 이상,주부,중졸 이하,대구광역시,1인 가구,미혼(사별/이혼 포함),맞벌이 하지 않음,100만원 미만,0.1459470810583788,0.1457947568463113,0.0358007791934295,0.1305728088336784,0.0441315186632529,0.2484567901234568,0.2638944422231107,0,0,2,0
1N000420,여자,60대 이상,농림어업 숙련 종사자,고졸(대학 재학 포함),충청남도,1세대가족,기혼,맞벌이 함,200-300만원 미만,0.1782864342713146,0.1353669233018224,0.1105963286651925,0.1222912353347135,0.118919283115483,0.1176697530864197,0.2283086765293882,1,0,0,0
1N000456,여자,50대,판매 종사자,고졸(대학 재학 포함),충청남도,2세대가족,기혼,맞벌이 함,500-600만원 미만,0.115497690046199,0.1428710651983237,0.1128075532624337,0.1360938578329882,0.0927098773750168,0.1179591049382716,0.2185792349726776,2,0,0,0
1N000475,남자,30대,사무 종사자,대학교 졸업(전문대졸/대학원생 포함),충청남도,1인 가구,미혼(사별/이혼 포함),맞벌이 하지 않음,300-400만원 미만,0.123057538849223,0.1662605983822239,0.0952230528938963,0.1388543823326432,0.0908907155369896,0.1223958333333333,0.2509662801546048,0,1,1,0
3D057003,여자,60대 이상,주부,중졸 이하,대구광역시,1인 가구,미혼(사별/이혼 포함),맞벌이 하지 않음,100만원 미만,0.1436371272574548,0.1915992593314492,0.0459794321013653,0.1305728088336784,0.0703409244037191,0.2269483024691358,0.1612688258030121,0,0,2,0
3D057004,여자,60대 이상,주부,중졸 이하,대구광역시,1인 가구,미혼(사별/이혼 포함),맞벌이 하지 않음,100만원 미만,0.1352372952540949,0.1828281843874866,0.0358007791934295,0.1305728088336784,0.0508017787360194,0.2201967592592592,0.2012528322004531,0,0,2,0
4E094036,남자,20대,사무 종사자,대학교 졸업(전문대졸/대학원생 포함),대전광역시,1인 가구,미혼(사별/이혼 포함),맞벌이 하지 않음,200-300만원 미만,0.1280974380512389,0.174057109443524,0.0450317644168333,0.1305728088336784,0.0588195660962134,0.1041666666666666,0.2025856324137012,0,0,2,0
1B000991,여자,40대,사무 종사자,대학교 졸업(전문대졸/대학원생 포함),부산광역시,2세대가족,기혼,맞벌이 함,500-600만원 미만,0.2169256614867702,0.1482311665529675,0.0947316696500649,0.134023464458247,0.1352243632933567,0.1525848765432098,0.2052512328401972,1,1,0,0
1D000799,여자,40대,서비스 종사자,고졸(대학 재학 포함),대구광역시,2세대가족,기혼,맞벌이 함,400-500만원 미만,0.0650986980260394,0.1323457752655686,0.0705134954898038,0.1087646652864044,0.0390782913353995,0.2064043209876543,0.1932560309209649,0,0,1,0
1B001005,여자,60대 이상,서비스 종사자,고졸(대학 재학 포함),부산광역시,1인 가구,미혼(사별/이혼 포함),맞벌이 하지 않음,100-200만원 미만,0.2267954640907181,0.1345872721956924,0.0779544417535362,0.136783988957902,0.1383910524188114,0.1498842592592592,0.2159136345461815,1,1,0,0
3L202003,여자,30대,사무 종사자,대학교 졸업(전문대졸/대학원생 포함),전라남도,1인 가구,미혼(사별/이혼 포함),맞벌이 하지 않음,200-300만원 미만,0.1719865602687946,0.1248416333690673,0.0799550735319925,0.1285024154589372,0.1000539010914971,0.1385030864197531,0.2722910835665734,1,1,2,0
4D060006,여자,50대,주부,고졸(대학 재학 포함),대구광역시,1세대가족,기혼,맞벌이 하지 않음,100-200만원 미만,0.1484670306593868,0.1662605983822239,0.03193991084904,0.1222912353347135,0.0503301441854197,0.2317708333333333,0.2332400373184059,0,0,2,0
3L202006,여자,50대,판매 종사자,고졸(대학 재학 포함),전라남도,1세대가족,기혼,맞벌이 함,300-400만원 미만,0.1285174296514069,0.1506675762596238,0.0621599803446702,0.1278122843340234,0.0486457350761352,0.1548996913580247,0.274556843929095,0,0,2,0
1B001008,여자,60대 이상,판매 종사자,고졸(대학 재학 포함),부산광역시,3세대가족,미혼(사별/이혼 포함),맞벌이 하지 않음,300-400만원 미만,0.2253254934901302,0.1638241886755677,0.0862026604892773,0.1312629399585921,0.1127880339576876,0.1350308641975308,0.1963214714114354,1,1,2,0
4E097012,남자,30대,사무 종사자,대학교 졸업(전문대졸/대학원생 포함),대전광역시,1인 가구,기혼,맞벌이 하지 않음,200-300만원 미만,0.1427971440571188,0.1526167040249488,0.0688638517426555,0.1305728088336784,0.0938552755693302,0.0935570987654321,0.1749966679994669,0,0,1,0
4I220008,여자,60대 이상,주부,고졸(대학 재학 포함),경상북도,2세대가족,기혼,맞벌이 하지 않음,300-400만원 미만,0.0545989080218395,0.0155930221226001,0.0824821873574111,0.020703933747412,0.0188653820239859,0.0665509259259259,0.1146208183393309,3,3,3,1
4E097016,여자,50대,서비스 종사자,고졸(대학 재학 포함),대전광역시,1인 가구,미혼(사별/이혼 포함),맞벌이 하지 않음,200-300만원 미만,0.1889962200755985,0.1457947568463113,0.0693201361833561,0.1305728088336784,0.1147419485244576,0.0887345679012345,0.1843262694922031,1,0,1,0
3L202009,여자,50대,주부,고졸(대학 재학 포함),전라남도,1세대가족,기혼,맞벌이 하지 않음,200-300만원 미만,0.1413271734565308,0.1209433778384173,0.0750412410936787,0.1229813664596273,0.0767416790190001,0.1441936728395061,0.2452352392376383,0,0,2,0
4E094040,남자,50대,판매 종사자,대학교 졸업(전문대졸/대학원생 포함),대전광역시,2세대가족,기혼,맞벌이 함,500-600만원 미만,0.1049979000419991,0.1350745541370236,0.0780948369660594,0.1250517598343685,0.0896105646139334,0.1099537037037037,0.1666000266560042,0,0,1,0
3L202012,여자,60대 이상,판매 종사자,고졸(대학 재학 포함),전라남도,1인 가구,미혼(사별/이혼 포함),맞벌이 하지 않음,100-200만원 미만,0.116337673246535,0.0995029724198421,0.093397915131094,0.1202208419599723,0.1175043794636841,0.1828703703703703,0.1829934692789551,2,2,0,0
4I220011,여자,60대 이상,주부,고졸(대학 재학 포함),경상북도,1세대가족,기혼,맞벌이 하지 않음,300-400만원 미만,0.0720285594288114,0.0224149693012376,0.0786213190130216,0.020703933747412,0.0718232044198895,0.1420717592592592,0.1932560309209649,3,3,3,1
4E097020,남자,60대 이상,장치·기계 조작 및 조립 종사자,중졸 이하,대전광역시,1인 가구,미혼(사별/이혼 포함),맞벌이 하지 않음,200-300만원 미만,0.1973960520789584,0.1789299288568366,0.062195079147801,0.1278122843340234,0.1036922247675515,0.1003086419753086,0.1812608290017326,1,1,1,0
4D060066,여자,60대 이상,주부,고졸(대학 재학 포함),대구광역시,1인 가구,미혼(사별/이혼 포함),맞벌이 하지 않음,100만원 미만,0.2097858042839143,0.1545658317902738,0.0624056719665859,0.1333333333333333,0.0720253335130036,0.2164351851851852,0.2385712381713981,1,0,2,0
3L197056,남자,40대,기능원 및 관련 기능 종사자,고졸(대학 재학 포함),전라남도,1인 가구,미혼(사별/이혼 포함),맞벌이 하지 않음,300-400만원 미만,0.1910961780764384,0.1733749147256603,0.0605805342037836,0.1388543823326432,0.0788303463145128,0.1001157407407407,0.2092496334799413,1,1,1,0
3L202015,여자,60대 이상,군인,고졸(대학 재학 포함),전라남도,1세대가족,기혼,맞벌이 함,200-300만원 미만,0.1421671566568668,0.1672351622648864,0.057491839528272,0.1084886128364389,0.0485109823473925,0.1638695987654321,0.23723843795815,0,0,2,0
4I220014,여자,60대 이상,주부,고졸(대학 재학 포함),경상북도,1세대가족,기혼,맞벌이 하지 않음,300-400만원 미만,0.0503989920201596,0.0311860442452002,0.0836404478607279,0.020703933747412,0.0768090553833715,0.1237461419753086,0.1279488204718112,3,3,3,1
4E097033,여자,50대,서비스 종사자,고졸(대학 재학 포함),대전광역시,1세대가족,기혼,맞벌이 함,500-600만원 미만,0.1553968920621587,0.1613877789689114,0.0926257414622161,0.1278122843340234,0.1030858374882091,0.089699074074074,0.158603225376516,2,0,0,0
1O000366,여자,40대,사무 종사자,대학교 졸업(전문대졸/대학원생 포함),강원도,2세대가족,기혼,맞벌이 함,500-600만원 미만,0.1604367912641747,0.1806841438456291,0.083991435892036,0.1533471359558316,0.1223554776984233,0.162037037037037,0.2132480341196854,1,1,1,0
3L202018,여자,50대,판매 종사자,고졸(대학 재학 포함),전라남도,1세대가족,기혼,맞벌이 함,300-400만원 미만,0.122007559848803,0.1170451223077672,0.0953985469095504,0.1146997929606625,0.0526209405740466,0.1751543209876543,0.1639344262295082,0,2,0,0
4I220017,여자,60대 이상,주부,고졸(대학 재학 포함),경상북도,1세대가족,기혼,맞벌이 하지 않음,300-400만원 미만,0.0598488030239395,0.0399571191891628,0.0748657470780246,0.020703933747412,0.0239186093518393,0.1417824074074074,0.1652672264427562,3,3,3,1
3L202024,여자,30대,주부,고졸(대학 재학 포함),전라남도,2세대가족,기혼,맞벌이 하지 않음,200-300만원 미만,0.1610667786644267,0.1111977390117922,0.0667930223579376,0.134023464458247,0.0559223824282441,0.2971643518518518,0.3252032520325203,0,0,2,0
4K194019,남자,60대 이상,기능원 및 관련 기능 종사자,대학교 졸업(전문대졸/대학원생 포함),전라북도,1세대가족,기혼,맞벌이 하지 않음,400-500만원 미만,0.1772364552708946,0.1180196861904297,0.0711803727492892,0.1285024154589372,0.0811211427031397,0.1259645061728395,0.2785552445688391,1,1,2,0
4L202015,여자,50대,판매 종사자,고졸(대학 재학 포함),전라남도,1세대가족,기혼,맞벌이 함,400-500만원 미만,0.1530869382612348,0.1755189552675178,0.0631076480292022,0.1257418909592822,0.0656245788977226,0.1489197530864197,0.2319072371051579,0,0,2,0
3B042002,여자,50대,판매 종사자,고졸(대학 재학 포함),부산광역시,1인 가구,미혼(사별/이혼 포함),맞벌이 하지 않음,200-300만원 미만,0.2666946661066778,0.1540785498489426,0.0784809238004984,0.1423050379572118,0.1377172887750977,0.1710069444444444,0.2025856324137012,1,1,2,0
3L197021,여자,40대,사무 종사자,고졸(대학 재학 포함),전라남도,2세대가족,기혼,맞벌이 함,500-600만원 미만,0.1679966400671986,0.120456095897086,0.0794285914850303,0.13567977915804,0.0821991645330817,0.1603973765432099,0.2399040383846461,1,0,2,0
3P239032,남자,50대,농림어업 숙련 종사자,고졸(대학 재학 포함),제주특별자치도,2세대가족,기혼,맞벌이 함,400-500만원 미만,0.0959680806383872,0.1131468667771172,0.1374820118633954,0.136783988957902,0.1426357633742083,0.1681134259259259,0.101692656270825,2,2,0,0
3B042003,여자,30대,주부,대학교 졸업(전문대졸/대학원생 포함),부산광역시,2세대가족,기혼,맞벌이 하지 않음,300-400만원 미만,0.1973960520789584,0.1696715719715427,0.0794285914850303,0.1395445134575569,0.0921708664600458,0.1734182098765432,0.2439024390243902,1,0,2,0
4E097041,여자,30대,사무 종사자,대학교 졸업(전문대졸/대학원생 포함),대전광역시,1인 가구,미혼(사별/이혼 포함),맞벌이 하지 않음,200-300만원 미만,0.1427971440571188,0.1545658317902738,0.0657049594608823,0.1278122843340234,0.0952028028567578,0.1060956790123456,0.1612688258030121,0,0,1,0
3B042004,남자,50대,단순노무 종사자,대학교 졸업(전문대졸/대학원생 포함),부산광역시,1인 가구,미혼(사별/이혼 포함),맞벌이 하지 않음,200-300만원 미만,0.1837463250734985,0.1326381444303674,0.0750412410936787,0.134023464458247,0.1074653011723487,0.1535493827160493,0.194588831134213,1,0,1,0
4E097045,여자,40대,사무 종사자,대학교 졸업(전문대졸/대학원생 포함),대전광역시,2세대가족,기혼,맞벌이 함,500-600만원 미만,0.1833263334733305,0.1808790566221615,0.0679161840581236,0.1305728088336784,0.0864438754884786,0.0829475308641975,0.1399440223910436,1,0,1,0
4O150033,여자,60대 이상,주부,고졸(대학 재학 포함),강원도,1세대가족,기혼,맞벌이 하지 않음,300-400만원 미만,0.2133557328853423,0.14530747490498,0.0938191007686638,0.1478260869565217,0.1437811615685217,0.1546103395061728,0.2558976409436225,1,1,2,0
4E097055,여자,50대,서비스 종사자,고졸(대학 재학 포함),대전광역시,1세대가족,기혼,맞벌이 함,500-600만원 미만,0.1469970600587988,0.174057109443524,0.0588255940472429,0.1305728088336784,0.0774828190270853,0.0848765432098765,0.157270425163268,0,0,1,0
3L197049,여자,60대 이상,주부,고졸(대학 재학 포함),전라남도,1세대가족,기혼,맞벌이 하지 않음,200-300만원 미만,0.0734985300293994,0.1084689601403372,0.0515952406022954,0.1273982056590752,0.0485109823473925,0.1736111111111111,0.2545648407303745,0,0,1,0
1I000662,남자,40대,관리자,대학교 졸업(전문대졸/대학원생 포함),경상북도,2세대가족,기혼,맞벌이 함,700-800만원 미만,0.1535069298614027,0.1219179417210798,0.0969077954441753,0.1312629399585921,0.1024794502088667,0.1523919753086419,0.1839264294282287,2,0,0,0
1B000250,여자,60대 이상,주부,고졸(대학 재학 포함),부산광역시,1세대가족,기혼,맞벌이 하지 않음,200-300만원 미만,0.2658546829063418,0.1267907611343923,0.1092976729493524,0.1312629399585921,0.1575933162646543,0.1430362654320987,0.234572837531654,1,1,0,0
4E097059,남자,50대,장치·기계 조작 및 조립 종사자,대학교 졸업(전문대졸/대학원생 포함),대전광역시,1세대가족,기혼,맞벌이 함,500-600만원 미만,0.1364972700545989,0.1808790566221615,0.0644414025481731,0.1305728088336784,0.0770111844764856,0.0954861111111111,0.1346128215380514,0,0,1,0
3L197077,여자,50대,전문가 및 관련 종사자,고졸(대학 재학 포함),전라남도,2세대가족,미혼(사별/이혼 포함),맞벌이 하지 않음,600-700만원 미만,0.1721965560688786,0.1101257187408634,0.0645116001544347,0.124223602484472,0.0952028028567578,0.1317515432098765,0.2412368385978942,1,0,2,0
4D046025,남자,20대,사무 종사자,대학교 졸업(전문대졸/대학원생 포함),대구광역시,1인 가구,미혼(사별/이혼 포함),맞벌이 하지 않음,300-400만원 미만,0.1784964300713985,0.1121723028944547,0.0470323961952897,0.1423050379572118,0.081525400889368,0.1617476851851851,0.2972144475543116,1,0,2,0
1I000698,여자,50대,장치·기계 조작 및 조립 종사자,고졸(대학 재학 포함),경상북도,1세대가족,기혼,맞벌이 함,500-600만원 미만,0.1516169676606468,0.1063249195984796,0.0601593485662139,0.136783988957902,0.0668373534564075,0.126832561728395,0.3038784486205518,0,1,2,0
4B042052,남자,50대,기능원 및 관련 기능 종사자,대학교 졸업(전문대졸/대학원생 포함),부산광역시,2세대가족,미혼(사별/이혼 포함),맞벌이 하지 않음,300-400만원 미만,0.2158756824863502,0.1940356690381054,0.0792530974693763,0.1395445134575569,0.0994475138121546,0.142554012345679,0.195921631347461,1,1,2,0
1C000400,여자,40대,판매 종사자,대학교 졸업(전문대졸/대학원생 포함),인천광역시,2세대가족,기혼,맞벌이 함,600-700만원 미만,0.0793784124317513,0.1024266640678296,0.1011547506230037,0.1312629399585921,0.0691281498450343,0.0887345679012345,0.1603358656537385,2,2,1,0
1H001533,여자,40대,서비스 종사자,대학교 졸업(전문대졸/대학원생 포함),경기도,2세대가족,기혼,맞벌이 함,700-800만원 미만,0.2028559428811423,0.1599259331449176,0.1107016250745849,0.1229813664596273,0.1274087050262767,0.162037037037037,0.1999200319872051,1,0,0,0
4N178014,여자,20대,서비스 종사자,대학교 졸업(전문대졸/대학원생 포함),충청남도,1세대가족,기혼,맞벌이 함,500-600만원 미만,0.1469970600587988,0.1613877789689114,0.0663016391141062,0.1250517598343685,0.0801778736019404,0.0925925925925926,0.1772624283619885,0,0,1,0
1I000677,여자,50대,서비스 종사자,고졸(대학 재학 포함),경상북도,2세대가족,미혼(사별/이혼 포함),맞벌이 하지 않음,400-500만원 미만,0.114657706845863,0.1326381444303674,0.103927556070338,0.136783988957902,0.08260342271931,0.1632908950617284,0.1456750633080101,2,2,0,0
4A004040,여자,50대,서비스 종사자,대학교 졸업(전문대졸/대학원생 포함),서울특별시,2세대가족,기혼,맞벌이 함,600-700만원 미만,0.1833263334733305,0.1189942500730922,0.1290232003088695,0.1423050379572118,0.151125185285002,0.148341049382716,0.1146208183393309,2,2,0,0
1B000251,여자,60대 이상,판매 종사자,고졸(대학 재학 포함),부산광역시,2세대가족,기혼,맞벌이 함,500-600만원 미만,0.24842503149937,0.1355618360783549,0.1170194096381313,0.1505866114561766,0.1744374073574989,0.134837962962963,0.2212448353991736,1,1,0,0
4N178022,여자,40대,서비스 종사자,대학교 졸업(전문대졸/대학원생 포함),충청남도,2세대가족,기혼,맞벌이 함,500-600만원 미만,0.1364972700545989,0.1565149595555988,0.0556667017654698,0.1333333333333333,0.0714189462336612,0.0868055555555555,0.1905904304944689,0,0,1,0
1I000635,여자,40대,주부,고졸(대학 재학 포함),경상북도,2세대가족,기혼,맞벌이 하지 않음,500-600만원 미만,0.121797564048719,0.1092486112464672,0.0819908041135797,0.1285024154589372,0.0572699097156717,0.1533564814814814,0.2199120351859256,0,0,2,0
4N178045,여자,50대,판매 종사자,고졸(대학 재학 포함),충청남도,1세대가족,기혼,맞벌이 함,500-600만원 미만,0.1280974380512389,0.1672351622648864,0.0658453546734056,0.1333333333333333,0.0862417463953645,0.0925925925925926,0.1652672264427562,0,0,1,0
1B000255,남자,30대,사무 종사자,대학교 졸업(전문대졸/대학원생 포함),부산광역시,1인 가구,미혼(사별/이혼 포함),맞벌이 하지 않음,300-400만원 미만,0.2328853422931541,0.1872137218594678,0.0625109683759783,0.1533471359558316,0.1003234065489826,0.1227816358024691,0.2105824336931894,1,1,2,0
4N178061,남자,30대,사무 종사자,대학교 졸업(전문대졸/대학원생 포함),충청남도,1인 가구,미혼(사별/이혼 포함),맞벌이 하지 않음,200-300만원 미만,0.123897522049559,0.1652860344995614,0.0566143694500017,0.1305728088336784,0.0801778736019404,0.0887345679012345,0.1839264294282287,0,0,1,0
4O150066,여자,30대,주부,대학교 졸업(전문대졸/대학원생 포함),강원도,2세대가족,기혼,맞벌이 하지 않음,400-500만원 미만,0.240655186896262,0.1660656856056914,0.0948720648625881,0.1533471359558316,0.1511925616493734,0.1710069444444444,0.2505664400906304,1,1,2,0
3L197078,여자,40대,주부,대학교 졸업(전문대졸/대학원생 포함),전라남도,2세대가족,기혼,맞벌이 하지 않음,300-400만원 미만,0.1322973540529189,0.1311762986063736,0.0884840826927801,0.1273982056590752,0.0763374208327718,0.1649305555555555,0.2772224443555911,0,0,1,0
4O148032,남자,30대,사무 종사자,대학교 졸업(전문대졸/대학원생 포함),강원도,1인 가구,미혼(사별/이혼 포함),맞벌이 하지 않음,300-400만원 미만,0.1018479630407391,0.1538836370724101,0.0967674002316521,0.1333333333333333,0.0809190136100256,0.1440007716049383,0.2185792349726776,0,0,1,0
4N178065,여자,20대,판매 종사자,대학교 졸업(전문대졸/대학원생 포함),충청남도,1인 가구,미혼(사별/이혼 포함),맞벌이 하지 않음,200-300만원 미만,0.117597648047039,0.1808790566221615,0.0450317644168333,0.1305728088336784,0.066230966177065,0.1015625,0.1776622684259629,0,0,1,0
4F087028,여자,50대,판매 종사자,대학교 졸업(전문대졸/대학원생 포함),광주광역시,2세대가족,기혼,맞벌이 함,500-600만원 미만,0.2196556068878622,0.1035961407270246,0.0955740409252044,0.1163561076604554,0.1535507344023716,0.1633873456790123,0.1892576302812208,1,2,0,0
4I220020,여자,60대 이상,사무 종사자,고졸(대학 재학 포함),경상북도,1세대가족,미혼(사별/이혼 포함),맞벌이 하지 않음,200-300만원 미만,0.0419991600167996,0.0419062469544878,0.0666877259485451,0.020703933747412,0.0707451825899474,0.0906635802469135,0.1332800213248034,3,3,3,1
4O148064,여자,40대,서비스 종사자,대학교 졸업(전문대졸/대학원생 포함),강원도,1인 가구,미혼(사별/이혼 포함),맞벌이 하지 않음,200-300만원 미만,0.0608987820243595,0.1915992593314492,0.091327085746376,0.1333333333333333,0.056798275165072,0.158179012345679,0.2039184326269492,0,0,1,0
4A004044,여자,60대 이상,서비스 종사자,고졸(대학 재학 포함),서울특별시,1세대가족,기혼,맞벌이 함,400-500만원 미만,0.1889962200755985,0.1131468667771172,0.1006633673791723,0.1395445134575569,0.1515968198356016,0.1197916666666666,0.1652672264427562,2,2,0,0
4N178029,여자,50대,판매 종사자,대학교 졸업(전문대졸/대학원생 포함),충청남도,2세대가족,기혼,맞벌이 함,500-600만원 미만,0.1091978160436791,0.1652860344995614,0.0548594292934611,0.1305728088336784,0.0592912006468131,0.0925925925925926,0.1936558709849394,0,0,1,0
1I000649,여자,30대,주부,대학교 졸업(전문대졸/대학원생 포함),경상북도,2세대가족,기혼,맞벌이 하지 않음,500-600만원 미만,0.121797564048719,0.1248416333690673,0.0759538099750798,0.1285024154589372,0.0923056191887885,0.1736111111111111,0.1896574703451952,0,0,1,0
4I220023,여자,60대 이상,주부,고졸(대학 재학 포함),경상북도,1세대가족,기혼,맞벌이 하지 않음,500-600만원 미만,0.0377992440151197,0.0204658415359126,0.0687936541363939,0.020703933747412,0.0451421641288236,0.1141010802469135,0.195921631347461,3,3,3,1
4F087020,남자,50대,기능원 및 관련 기능 종사자,대학교 졸업(전문대졸/대학원생 포함),광주광역시,1인 가구,미혼(사별/이혼 포함),맞벌이 하지 않음,200-300만원 미만,0.2120957580848383,0.0987233213137121,0.0786213190130216,0.1135955831608005,0.151125185285002,0.1511381172839506,0.1852592296414767,1,2,0,0
1H001536,여자,40대,서비스 종사자,대학교 졸업(전문대졸/대학원생 포함),경기도,2세대가족,기혼,맞벌이 함,700-800만원 미만,0.2009659806803864,0.1774680830328428,0.1038222596609455,0.1285024154589372,0.1339442123703005,0.1571180555555555,0.1799280287884846,1,1,0,0
1N000422,남자,60대 이상,판매 종사자,고졸(대학 재학 포함),충청남도,1세대가족,기혼,맞벌이 함,300-400만원 미만,0.0972280554388912,0.179904492739499,0.0925906426590853,0.1167701863354037,0.0583479315456137,0.1363811728395061,0.1679328268692523,0,0,1,0
4N178041,남자,60대 이상,사무 종사자,고졸(대학 재학 포함),충청남도,1세대가족,기혼,맞벌이 함,500-600만원 미만,0.1322973540529189,0.1613877789689114,0.0714611631743357,0.1278122843340234,0.0983694919822126,0.0887345679012345,0.1336798613887778,0,0,1,0
4O147007,여자,60대 이상,판매 종사자,고졸(대학 재학 포함),강원도,1인 가구,미혼(사별/이혼 포함),맞벌이 하지 않음,200-300만원 미만,0.0503989920201596,0.1594386512035864,0.0921343582183847,0.1333333333333333,0.0652876970758657,0.1909722222222222,0.2149806743969079,0,0,1,0
4I220026,여자,60대 이상,주부,고졸(대학 재학 포함),경상북도,1세대가족,기혼,맞벌이 하지 않음,300-400만원 미만,0.0503989920201596,0.0487281941331254,0.0755677231406409,0.0234644582470669,0.0406279477159412,0.1167052469135802,0.1466080234572837,3,3,3,1
4D046042,남자,20대,사무 종사자,대학교 졸업(전문대졸/대학원생 포함),대구광역시,1인 가구,미혼(사별/이혼 포함),맞벌이 하지 않음,300-400만원 미만,0.1784964300713985,0.1058376376571484,0.061071917447615,0.1305728088336784,0.1100256030184611,0.1521990740740741,0.2492336398773824,1,0,2,0
4N178057,여자,50대,판매 종사자,대학교 졸업(전문대졸/대학원생 포함),충청남도,2세대가족,기혼,맞벌이 함,500-600만원 미만,0.1091978160436791,0.1915992593314492,0.0595275701098592,0.1305728088336784,0.0818622827112248,0.0945216049382716,0.1630014660802345,0,0,1,0
4F087036,남자,50대,기능원 및 관련 기능 종사자,대학교 졸업(전문대졸/대학원생 포함),광주광역시,1세대가족,기혼,맞벌이 함,500-600만원 미만,0.2167156656866862,0.0987233213137121,0.0927661366747394,0.1135955831608005,0.1451960652203207,0.1657021604938272,0.1705984272957483,1,2,0,0
1B000260,여자,50대,사무 종사자,대학교 졸업(전문대졸/대학원생 포함),부산광역시,2세대가족,기혼,맞벌이 함,600-700만원 미만,0.2719445611087778,0.1794172107981678,0.0632129444385946,0.1478260869565217,0.1296995014149036,0.1574074074074074,0.2319072371051579,1,1,2,0
1K000551,여자,60대 이상,서비스 종사자,고졸(대학 재학 포함),전라북도,1세대가족,기혼,맞벌이 함,400-500만원 미만,0.2022259554808903,0.14920573043563,0.0712856691586816,0.1257418909592822,0.0999191483627543,0.1196952160493827,0.2212448353991736,1,1,1,0
4O147014,여자,50대,주부,고졸(대학 재학 포함),강원도,1세대가족,기혼,맞벌이 하지 않음,400-500만원 미만,0.117597648047039,0.1457947568463113,0.0870450317644168,0.1305728088336784,0.0760679153752863,0.1745756172839506,0.2145808343329335,0,0,1,0
1N000487,여자,30대,사무 종사자,대학교 졸업(전문대졸/대학원생 포함),충청남도,1인 가구,미혼(사별/이혼 포함),맞벌이 하지 않음,300-400만원 미만,0.0881982360352792,0.2183997661046681,0.0820610017198413,0.1505866114561766,0.0512060369222476,0.111207561728395,0.1963214714114354,0,1,1,0
4I220029,여자,60대 이상,주부,고졸(대학 재학 포함),경상북도,1세대가족,기혼,맞벌이 하지 않음,300-400만원 미만,0.0461990760184796,0.0399571191891628,0.0745147590467165,0.020703933747412,0.0619862552216682,0.0964506172839506,0.1252832200453152,3,3,3,1
4D046038,남자,50대,기능원 및 관련 기능 종사자,대학교 졸업(전문대졸/대학원생 포함),대구광역시,1세대가족,기혼,맞벌이 함,400-500만원 미만,0.1973960520789584,0.1038885098918234,0.0614229054789231,0.1305728088336784,0.1147419485244576,0.1515239197530864,0.234572837531654,1,0,2,0
3C068010,여자,50대,판매 종사자,대학교 졸업(전문대졸/대학원생 포함),인천광역시,2세대가족,기혼,맞벌이 함,800-900만원 미만,0.0661486770264594,0.1092486112464672,0.1385700747604507,0.1285024154589372,0.0539684678614741,0.0954861111111111,0.1426096228175396,2,2,0,0
1K000675,여자,60대 이상,판매 종사자,고졸(대학 재학 포함),전라북도,1세대가족,기혼,맞벌이 함,300-400만원 미만,0.2196556068878622,0.1774680830328428,0.0664771331297602,0.136783988957902,0.0947311683061581,0.105420524691358,0.2585632413701186,1,1,2,0
1B000264,여자,50대,주부,대학교 졸업(전문대졸/대학원생 포함),부산광역시,1세대가족,기혼,맞벌이 하지 않음,400-500만원 미만,0.24212515749685,0.1735698275021927,0.0575971359376645,0.1450655624568668,0.1001212774558684,0.1316550925925926,0.2642942822870852,1,1,2,0
3I222054,여자,60대 이상,주부,중졸 이하,경상북도,1인 가구,미혼(사별/이혼 포함),맞벌이 하지 않음,200-300만원 미만,0.0419991600167996,0.0380079914238378,0.0712505703555508,0.020703933747412,0.0485109823473925,0.1047453703703703,0.157270425163268,3,3,3,1
1K000698,남자,60대 이상,판매 종사자,중졸 이하,전라북도,1인 가구,미혼(사별/이혼 포함),맞벌이 하지 않음,600-700만원 미만,0.2022259554808903,0.1399473735503362,0.0538064651995367,0.1250517598343685,0.0739792480797736,0.0930748456790123,0.2625616420098627,1,1,2,0
1K000692,남자,50대,서비스 종사자,고졸(대학 재학 포함),전라북도,1세대가족,기혼,맞벌이 하지 않음,500-600만원 미만,0.2169256614867702,0.1267907611343923,0.0532799831525745,0.1285024154589372,0.0965503301441854,0.1012731481481481,0.273224043715847,1,1,2,0
1H001560,여자,50대,주부,고졸(대학 재학 포함),경기도,2세대가족,기혼,맞벌이 하지 않음,700-800만원 미만,0.1755564888702226,0.1540785498489426,0.1098943526025762,0.1202208419599723,0.1538202398598571,0.144483024691358,0.1825936292149806,2,1,0,0
1K000721,여자,60대 이상,주부,고졸(대학 재학 포함),전라북도,1세대가족,기혼,맞벌이 하지 않음,300-400만원 미만,0.2064258714825703,0.1297144527823799,0.0655645642483591,0.1257418909592822,0.0844225845573372,0.089699074074074,0.2892176462748234,1,1,2,0
3K193001,여자,50대,판매 종사자,고졸(대학 재학 포함),전라북도,1세대가족,기혼,맞벌이 함,500-600만원 미만,0.2574548509029819,0.14920573043563,0.0536309711838826,0.1257418909592822,0.1063872793424066,0.1256751543209876,0.2638944422231107,1,1,2,0
1K000731,여자,60대 이상,판매 종사자,고졸(대학 재학 포함),전라북도,1세대가족,기혼,맞벌이 함,200-300만원 미만,0.1616967660646787,0.1443329110223175,0.0564388754343476,0.134023464458247,0.0751920226384584,0.111207561728395,0.2705584432893509,1,1,2,0
3K193008,여자,50대,판매 종사자,고졸(대학 재학 포함),전라북도,1세대가족,기혼,맞벌이 함,600-700만원 미만,0.1908861822763544,0.1345872721956924,0.0569653574813098,0.1229813664596273,0.0733728608004312,0.1097608024691358,0.275889644142343,1,1,2,0
3K193006,여자,60대 이상,농림어업 숙련 종사자,대학교 졸업(전문대졸/대학원생 포함),전라북도,1세대가족,기혼,맞벌이 함,400-500만원 미만,0.2225955480890382,0.118506968131761,0.0662665403109754,0.1250517598343685,0.0817275299824821,0.1169945987654321,0.3052112488337998,1,1,2,0
1E000606,여자,50대,사무 종사자,고졸(대학 재학 포함),대전광역시,2세대가족,기혼,맞벌이 함,600-700만원 미만,0.113187736245275,0.197739011792223,0.0452072584324874,0.1305728088336784,0.0349683331087454,0.1875,0.2269758763161402,0,0,1,0
3C068016,여자,60대 이상,판매 종사자,고졸(대학 재학 포함),인천광역시,1세대가족,기혼,맞벌이 함,700-800만원 미만,0.0594288114237715,0.1102231751291297,0.1293741883401776,0.1395445134575569,0.0527556933027893,0.0935570987654321,0.1283486605357857,2,2,0,0
4B036006,여자,60대 이상,판매 종사자,고졸(대학 재학 포함),부산광역시,1세대가족,기혼,맞벌이 함,300-400만원 미만,0.1967660646787064,0.14140921937433,0.0990137236320241,0.1395445134575569,0.1207384449535103,0.1880787037037037,0.2602958816473411,1,1,2,0
4K193025,여자,50대,서비스 종사자,고졸(대학 재학 포함),전라북도,1세대가족,기혼,맞벌이 함,300-400만원 미만,0.2060058798824023,0.1443329110223175,0.065389070232705,0.1257418909592822,0.0885325427839913,0.1242283950617284,0.2536318805811009,1,1,2,0
4C065044,여자,40대,판매 종사자,대학교 졸업(전문대졸/대학원생 포함),인천광역시,1인 가구,미혼(사별/이혼 포함),맞벌이 하지 않음,300-400만원 미만,0.1658966820663586,0.1631419939577039,0.109367870555614,0.134023464458247,0.1433769033822935,0.1232638888888889,0.1052912168465947,2,1,0,0
4I206003,남자,40대,판매 종사자,대학교 졸업(전문대졸/대학원생 포함),경상북도,1세대가족,미혼(사별/이혼 포함),맞벌이 하지 않음,300-400만원 미만,0.1581268374632507,0.2106032550433681,0.0554912077498157,0.1423050379572118,0.0598302115617841,0.1700424382716049,0.194588831134213,0,0,1,0
1N000464,여자,30대,사무 종사자,대학교 졸업(전문대졸/대학원생 포함),충청남도,1인 가구,미혼(사별/이혼 포함),맞벌이 하지 않음,300-400만원 미만,0.1014279714405711,0.2515349381151935,0.0859569688673616,0.1478260869565217,0.0493868750842204,0.1192129629629629,0.1466080234572837,0,1,1,0
1K000770,여자,60대 이상,농림어업 숙련 종사자,중졸 이하,전라북도,1세대가족,기혼,맞벌이 함,400-500만원 미만,0.1927761444771104,0.1560276776142676,0.0734617949527921,0.1285024154589372,0.0898800700714189,0.107349537037037,0.2718912435025989,1,1,2,0
4B036003,여자,40대,판매 종사자,대학교 졸업(전문대졸/대학원생 포함),부산광역시,2세대가족,기혼,맞벌이 함,500-600만원 미만,0.2005459890802184,0.2417892992885683,0.0807623460040012,0.1450655624568668,0.0746530117234874,0.1674382716049382,0.2119152339064374,1,1,2,0
1K000775,남자,60대 이상,기능원 및 관련 기능 종사자,고졸(대학 재학 포함),전라북도,1세대가족,기혼,맞벌이 함,400-500만원 미만,0.1451070978580428,0.1375109638436799,0.0617036959039696,0.136783988957902,0.0629295243228675,0.1183449074074074,0.2612288417966147,0,1,2,0
1K000787,여자,60대 이상,농림어업 숙련 종사자,중졸 이하,전라북도,1세대가족,기혼,맞벌이 함,300-400만원 미만,0.1686266274674506,0.1511548582009551,0.0606507318100452,0.1312629399585921,0.0679153752863495,0.107349537037037,0.2718912435025989,1,1,2,0
3I222012,남자,40대,기능원 및 관련 기능 종사자,대학교 졸업(전문대졸/대학원생 포함),경상북도,1세대가족,미혼(사별/이혼 포함),맞벌이 하지 않음,300-400만원 미만,0.0472490550188996,0.1238670694864048,0.105612298620617,0.1395445134575569,0.0679153752863495,0.2200038580246913,0.1812608290017326,0,2,1,0
1K000799,남자,30대,사무 종사자,대학교 졸업(전문대졸/대학원생 포함),전라북도,1인 가구,미혼(사별/이혼 포함),맞벌이 하지 않음,200-300만원 미만,0.1927761444771104,0.1297144527823799,0.062756659997894,0.1257418909592822,0.0751920226384584,0.1219135802469136,0.2776222844195655,1,1,2,0
4L201003,여자,60대 이상,주부,중졸 이하,전라남도,1세대가족,기혼,맞벌이 하지 않음,200-300만원 미만,0.1440571188576228,0.1313712113829061,0.0855708820329226,0.1198067632850241,0.08260342271931,0.1804591049382716,0.194588831134213,0,0,1,0
3K194001,여자,60대 이상,서비스 종사자,대학교 졸업(전문대졸/대학원생 포함),전라북도,1세대가족,기혼,맞벌이 함,400-500만원 미만,0.1871062578748425,0.143358347139655,0.0602997437787371,0.1202208419599723,0.0764047971971432,0.117091049382716,0.2465680394508863,1,1,2,0
3K194002,여자,50대,주부,고졸(대학 재학 포함),전라북도,1세대가족,기혼,맞벌이 하지 않음,400-500만원 미만,0.1768164636707266,0.1238670694864048,0.0751465375030711,0.1202208419599723,0.1014014283789246,0.1240354938271604,0.2652272424363588,1,1,2,0
4D046040,남자,40대,기능원 및 관련 기능 종사자,고졸(대학 재학 포함),대구광역시,1인 가구,미혼(사별/이혼 포함),맞벌이 하지 않음,300-400만원 미만,0.1826963460730785,0.1097358931877984,0.0582640131971499,0.1388543823326432,0.0983694919822126,0.1626157407407407,0.2492336398773824,1,0,2,0
4B036009,여자,60대 이상,주부,중졸 이하,부산광역시,1세대가족,기혼,맞벌이 하지 않음,300-400만원 미만,0.2322553548929021,0.2099210603255043,0.0701274086553648,0.1312629399585921,0.0908907155369896,0.1388888888888889,0.2532320405171265,1,1,2,0
1H001567,여자,30대,주부,대학교 졸업(전문대졸/대학원생 포함),경기도,2세대가족,기혼,맞벌이 하지 않음,300-400만원 미만,0.1751364972700546,0.1745443913848552,0.1011196518198729,0.1202208419599723,0.1468804743296051,0.1335841049382716,0.1332800213248034,2,1,0,0
3K194004,여자,50대,서비스 종사자,대학교 졸업(전문대졸/대학원생 포함),전라북도,1세대가족,기혼,맞벌이 함,400-500만원 미만,0.1749265014699706,0.1628496247929051,0.0620546839352778,0.1229813664596273,0.0832771863630238,0.1172839506172839,0.2052512328401972,1,0,1,0
1K000777,여자,60대 이상,주부,고졸(대학 재학 포함),전라북도,1세대가족,기혼,맞벌이 하지 않음,400-500만원 미만,0.1616967660646787,0.14530747490498,0.0664420343266294,0.1257418909592822,0.0682522571082064,0.1084104938271605,0.2665600426496068,0,1,2,0
4L201019,여자,60대 이상,주부,중졸 이하,전라남도,1인 가구,미혼(사별/이혼 포함),맞벌이 하지 않음,100만원 미만,0.1425871482570348,0.1258161972517298,0.0592467796848127,0.1395445134575569,0.0881956609621344,0.1586612654320987,0.2119152339064374,0,0,2,0
1N000432,여자,50대,판매 종사자,고졸(대학 재학 포함),충청남도,1세대가족,기혼,맞벌이 함,400-500만원 미만,0.1755564888702226,0.1604132150862489,0.0720578428275595,0.1360938578329882,0.0852984772941652,0.1060956790123456,0.2056510729041717,1,1,1,0
4D046044,여자,50대,서비스 종사자,대학교 졸업(전문대졸/대학원생 포함),대구광역시,2세대가족,기혼,맞벌이 함,500-600만원 미만,0.1868962620747585,0.1141214306597797,0.0589659892597662,0.1450655624568668,0.1053092575124646,0.1579861111111111,0.2492336398773824,1,0,2,0
1H001602,남자,50대,판매 종사자,고졸(대학 재학 포함),경기도,1인 가구,미혼(사별/이혼 포함),맞벌이 하지 않음,500-600만원 미만,0.1873162536749265,0.1823409024461553,0.1084904004773437,0.1257418909592822,0.142770516102951,0.1420717592592592,0.1239504198320671,2,1,0,0
4K194038,여자,60대 이상,농림어업 숙련 종사자,고졸(대학 재학 포함),전라북도,1세대가족,기혼,맞벌이 함,200-300만원 미만,0.1413271734565308,0.1618750609102426,0.0459092344951037,0.1285024154589372,0.0608408570273548,0.119020061728395,0.2159136345461815,0,0,2,0
1E000608,여자,50대,사무 종사자,고졸(대학 재학 포함),대전광역시,2세대가족,기혼,맞벌이 함,500-600만원 미만,0.0535489290214195,0.2183997661046681,0.0694956301990102,0.1533471359558316,0.0272874275704083,0.1941550925925926,0.2252432360389177,0,0,1,0
4L201042,여자,50대,농림어업 숙련 종사자,고졸(대학 재학 포함),전라남도,1세대가족,기혼,맞벌이 함,400-500만원 미만,0.1497270054598908,0.1511548582009551,0.0824119897511495,0.1505866114561766,0.0797062390513407,0.1765046296296296,0.2412368385978942,1,0,2,0
1E000623,남자,30대,사무 종사자,대학교 졸업(전문대졸/대학원생 포함),대전광역시,1인 가구,미혼(사별/이혼 포함),맞벌이 하지 않음,300-400만원 미만,0.0608987820243595,0.229607250755287,0.0396616475378189,0.144375431331953,0.0222342002425549,0.2040895061728395,0.1839264294282287,0,0,1,0
4C065036,여자,60대 이상,서비스 종사자,고졸(대학 재학 포함),인천광역시,1세대가족,기혼,맞벌이 함,600-700만원 미만,0.1938261234775304,0.1496930123769613,0.1068407567301955,0.1167701863354037,0.1493060234469748,0.1396604938271605,0.0946288151406104,2,1,0,0
3H123001,여자,30대,사무 종사자,대학교 졸업(전문대졸/대학원생 포함),경기도,1인 가구,미혼(사별/이혼 포함),맞벌이 하지 않음,200-300만원 미만,0.0986980260394792,0.1243543514277361,0.0551051209153767,0.1195307108350586,0.0801778736019404,0.1031057098765432,0.197254431560709,0,0,1,0
1E000625,여자,60대 이상,주부,고졸(대학 재학 포함),대전광역시,1세대가족,기혼,맞벌이 하지 않음,300-400만원 미만,0.0377992440151197,0.2062177175713868,0.0389596714752027,0.1388543823326432,0.0134752728742757,0.183449074074074,0.2012528322004531,0,0,1,0
4B036012,여자,50대,판매 종사자,대학교 졸업(전문대졸/대학원생 포함),부산광역시,2세대가족,기혼,맞벌이 함,500-600만원 미만,0.1868962620747585,0.1238670694864048,0.0878523042364255,0.1395445134575569,0.1090823339172618,0.146412037037037,0.3158736505397841,1,1,2,0
4L201039,여자,60대 이상,주부,중졸 이하,전라남도,1인 가구,미혼(사별/이혼 포함),맞벌이 하지 않음,100만원 미만,0.1291474170516589,0.1316635805477049,0.0790074058474606,0.1229813664596273,0.0757984099178008,0.1960841049382716,0.2363054778088764,0,0,1,0
1B000265,여자,40대,서비스 종사자,대학교 졸업(전문대졸/대학원생 포함),부산광역시,2세대가족,기혼,맞벌이 함,600-700만원 미만,0.24422511549769,0.1560276776142676,0.0746902530623705,0.1423050379572118,0.120334186767282,0.1259645061728395,0.2665600426496068,1,1,2,0
3I222060,여자,60대 이상,서비스 종사자,중졸 이하,경상북도,1인 가구,미혼(사별/이혼 포함),맞벌이 하지 않음,100-200만원 미만,0.0503989920201596,0.057499269077088,0.0738127829841002,0.0234644582470669,0.0633337825090958,0.1179591049382716,0.15593762495002,3,3,3,1
4D046004,여자,60대 이상,주부,고졸(대학 재학 포함),대구광역시,1세대가족,기혼,맞벌이 하지 않음,200-300만원 미만,0.1826963460730785,0.1180196861904297,0.0649327857920045,0.1505866114561766,0.1071284193504918,0.1715856481481481,0.234572837531654,1,0,1,0
3L199015,여자,60대 이상,주부,고졸(대학 재학 포함),전라남도,1세대가족,기혼,맞벌이 하지 않음,200-300만원 미만,0.0167996640067198,0.1292271708410486,0.0748657470780246,0.1273982056590752,0.0242554911736962,0.1938657407407407,0.2692256430761029,0,0,1,0
3O144002,여자,60대 이상,주부,고졸(대학 재학 포함),강원도,1세대가족,기혼,맞벌이 하지 않음,400-500만원 미만,0.0692986140277194,0.1092486112464672,0.1382892843354041,0.1312629399585921,0.0509365314647621,0.091628086419753,0.1239504198320671,2,2,0,0
4L201034,여자,60대 이상,농림어업 숙련 종사자,고졸(대학 재학 포함),전라남도,1세대가족,기혼,맞벌이 함,400-500만원 미만,0.1455270894582108,0.1979339245687555,0.068021480467516,0.1423050379572118,0.0765395499258859,0.1617476851851851,0.1599360255897641,0,0,1,0
3I222066,여자,50대,서비스 종사자,고졸(대학 재학 포함),경상북도,1인 가구,미혼(사별/이혼 포함),맞벌이 하지 않음,100-200만원 미만,0.0678286434271314,0.0458045024851379,0.0712505703555508,0.0262249827467218,0.0522840587521897,0.1195987654320987,0.157270425163268,3,3,3,1
4D046046,여자,50대,서비스 종사자,대학교 졸업(전문대졸/대학원생 포함),대구광역시,1세대가족,기혼,맞벌이 함,400-500만원 미만,0.1826963460730785,0.1180196861904297,0.0673897020111614,0.1505866114561766,0.1204689394960248,0.1635802469135802,0.2279088364654138,1,0,1,0
4L201022,여자,60대 이상,주부,중졸 이하,전라남도,1인 가구,미혼(사별/이혼 포함),맞벌이 하지 않음,100-200만원 미만,0.122007559848803,0.1586590000974564,0.0739882769997543,0.1336093857832988,0.0634011588734671,0.1809413580246913,0.2305744368919099,0,0,1,0
1B000271,여자,60대 이상,주부,고졸(대학 재학 포함),부산광역시,1세대가족,기혼,맞벌이 하지 않음,200-300만원 미만,0.2091558168836623,0.2372088490400546,0.0799901723351233,0.136783988957902,0.0745182589947446,0.1138117283950617,0.2079168332666933,1,1,2,0
3H123002,남자,30대,사무 종사자,대학교 졸업(전문대졸/대학원생 포함),경기도,1인 가구,미혼(사별/이혼 포함),맞벌이 하지 않음,300-400만원 미만,0.1035279294414111,0.148036253776435,0.0537011687901442,0.1195307108350586,0.0803800026950545,0.0813078703703703,0.1909902705584433,0,0,1,0
4L201031,여자,60대 이상,주부,중졸 이하,전라남도,1인 가구,미혼(사별/이혼 포함),맞벌이 하지 않음,100-200만원 미만,0.1360772784544309,0.1586590000974564,0.0764451932189112,0.1363699102829537,0.0800431208731976,0.1945408950617284,0.1892576302812208,0,0,1,0
3L197007,여자,50대,서비스 종사자,고졸(대학 재학 포함),전라남도,1인 가구,미혼(사별/이혼 포함),맞벌이 하지 않음,200-300만원 미만,0.1574968500629987,0.1318584933242374,0.070653890702327,0.1384403036576949,0.08260342271931,0.1167052469135802,0.2665600426496068,1,1,2,0
4D046048,여자,50대,판매 종사자,대학교 졸업(전문대졸/대학원생 포함),대구광역시,1인 가구,미혼(사별/이혼 포함),맞벌이 하지 않음,300-400만원 미만,0.1614867702645947,0.1136341487184485,0.0673897020111614,0.144375431331953,0.111979517585231,0.1726466049382716,0.2252432360389177,1,0,1,0
1H000691,남자,30대,사무 종사자,대학교 졸업(전문대졸/대학원생 포함),경기도,1인 가구,미혼(사별/이혼 포함),맞벌이 하지 않음,300-400만원 미만,0.0986980260394792,0.1285449761231848,0.0526482046962198,0.1195307108350586,0.0741140008085163,0.0951003086419753,0.2145808343329335,0,0,1,0
1E000638,여자,20대,사무 종사자,고졸(대학 재학 포함),대전광역시,1인 가구,미혼(사별/이혼 포함),맞벌이 하지 않음,200-300만원 미만,0.0419991600167996,0.1828281843874866,0.0414165876943596,0.1250517598343685,0.0134752728742757,0.2758487654320988,0.2256430761028922,0,0,1,0
1B000275,여자,60대 이상,판매 종사자,고졸(대학 재학 포함),부산광역시,1세대가족,기혼,맞벌이 함,300-400만원 미만,0.2568248635027299,0.2193743299873307,0.0613878066757923,0.1423050379572118,0.0927098773750168,0.1605902777777778,0.2279088364654138,1,1,2,0
3L197028,여자,60대 이상,사무 종사자,대학교 졸업(전문대졸/대학원생 포함),전라남도,2세대가족,미혼(사별/이혼 포함),맞벌이 하지 않음,500-600만원 미만,0.2001259974800504,0.1503752070948251,0.0569653574813098,0.1273982056590752,0.0675784934644926,0.1167052469135802,0.2802878848460616,1,1,2,0
4L201025,여자,60대 이상,농림어업 숙련 종사자,중졸 이하,전라남도,1세대가족,기혼,맞벌이 함,400-500만원 미만,0.1614867702645947,0.1911119773901179,0.0860271664736232,0.1423050379572118,0.0969545883304136,0.1732253086419753,0.2039184326269492,1,1,1,0
4Q110021,여자,60대 이상,서비스 종사자,중졸 이하,세종특별자치시,1세대가족,기혼,맞벌이 함,500-600만원 미만,0.2135657286854263,0.1602183023097164,0.0734617949527921,0.1450655624568668,0.1015361811076674,0.2461419753086419,0.2678928428628548,1,0,2,0
1D000128,여자,50대,사무 종사자,대학교 졸업(전문대졸/대학원생 포함),대구광역시,1세대가족,기혼,맞벌이 함,500-600만원 미만,0.1600167996640067,0.1136341487184485,0.0751114386999403,0.144375431331953,0.1162242285406279,0.1713927469135802,0.2012528322004531,1,0,1,0
1H000749,여자,50대,주부,대학교 졸업(전문대졸/대학원생 포함),경기도,2세대가족,기혼,맞벌이 하지 않음,500-600만원 미만,0.1686266274674506,0.1302017347237111,0.0780246393597978,0.1112491373360938,0.098975879261555,0.1022376543209876,0.2065840330534453,1,0,2,0
1H000696,여자,40대,사무 종사자,대학교 졸업(전문대졸/대학원생 포함),경기도,2세대가족,기혼,맞벌이 함,700-800만원 미만,0.1965560688786224,0.1457947568463113,0.0787266154224141,0.1278122843340234,0.1018730629295243,0.1214313271604938,0.2145808343329335,1,1,1,0
1H000970,여자,50대,서비스 종사자,고졸(대학 재학 포함),경기도,2세대가족,기혼,맞벌이 함,500-600만원 미만,0.115287694246115,0.1662605983822239,0.0692499385770945,0.1250517598343685,0.055181242420159,0.1872106481481481,0.2305744368919099,0,0,1,0
1I000685,여자,50대,서비스 종사자,고졸(대학 재학 포함),경상북도,1인 가구,미혼(사별/이혼 포함),맞벌이 하지 않음,300-400만원 미만,0.1411171776564468,0.1219179417210798,0.0658453546734056,0.1312629399585921,0.0910928446301037,0.1731288580246913,0.2256430761028922,0,0,2,0
3E096001,남자,60대 이상,사무 종사자,고졸(대학 재학 포함),대전광역시,1세대가족,기혼,맞벌이 함,500-600만원 미만,0.0598488030239395,0.1899425007309229,0.0656347618546207,0.1222912353347135,0.0308583748820913,0.2166280864197531,0.2505664400906304,0,0,1,0
4Q110024,여자,60대 이상,주부,중졸 이하,세종특별자치시,1세대가족,기혼,맞벌이 하지 않음,400-500만원 미만,0.1988660226795464,0.1553454828964038,0.0792530974693763,0.1478260869565217,0.1045681175043794,0.2636959876543209,0.2492336398773824,1,0,2,0
1D000124,여자,50대,사무 종사자,대학교 졸업(전문대졸/대학원생 포함),대구광역시,1세대가족,기혼,맞벌이 함,600-700만원 미만,0.1860562788744225,0.1180196861904297,0.0719525464181671,0.1505866114561766,0.1198625522166823,0.1661844135802469,0.2132480341196854,1,0,1,0
4D060048,여자,60대 이상,주부,고졸(대학 재학 포함),대구광역시,1세대가족,기혼,맞벌이 하지 않음,100-200만원 미만,0.1652666946661067,0.1526167040249488,0.0501912884770629,0.1250517598343685,0.0516776714728473,0.3070023148148148,0.2585632413701186,0,0,2,0
1H000700,여자,30대,사무 종사자,대학교 졸업(전문대졸/대학원생 포함),경기도,1인 가구,미혼(사별/이혼 포함),맞벌이 하지 않음,300-400만원 미만,0.1602267954640907,0.1350745541370236,0.0512442525709873,0.1250517598343685,0.0830750572699097,0.1262538580246913,0.2319072371051579,0,0,2,0
1H000974,여자,60대 이상,판매 종사자,고졸(대학 재학 포함),경기도,1세대가족,미혼(사별/이혼 포함),맞벌이 하지 않음,400-500만원 미만,0.0671986560268794,0.1233797875450735,0.0650380822013969,0.1195307108350586,0.0444684004851098,0.1942515432098765,0.2439024390243902,0,0,1,0
3L197070,여자,60대 이상,주부,고졸(대학 재학 포함),전라남도,1세대가족,기혼,맞벌이 하지 않음,200-300만원 미만,0.123897522049559,0.1175324042490985,0.0652837738233126,0.1246376811594202,0.0653550734402371,0.1208526234567901,0.2385712381713981,0,0,2,0
3E096002,여자,50대,사무 종사자,대학교 졸업(전문대졸/대학원생 포함),대전광역시,2세대가족,기혼,맞벌이 함,700-800만원 미만,0.0293994120117597,0.2081668453367118,0.0375557193499701,0.1416149068322981,0.0094326910119929,0.1649305555555555,0.2056510729041717,0,0,1,0
1H000703,여자,60대 이상,주부,대학교 졸업(전문대졸/대학원생 포함),경기도,1세대가족,기혼,맞벌이 하지 않음,300-400만원 미만,0.1553968920621587,0.1428710651983237,0.0745147590467165,0.1195307108350586,0.0904864573507613,0.111207561728395,0.194588831134213,1,0,2,0
3I214008,남자,60대 이상,단순노무 종사자,고졸(대학 재학 포함),경상북도,1세대가족,기혼,맞벌이 하지 않음,400-500만원 미만,0.1686266274674506,0.1248416333690673,0.0761293039907339,0.1257418909592822,0.0965503301441854,0.1528742283950617,0.1639344262295082,1,0,1,0
4Q110015,여자,50대,판매 종사자,고졸(대학 재학 포함),세종특별자치시,1세대가족,기혼,맞벌이 함,600-700만원 미만,0.1927761444771104,0.1959847968034304,0.065213576217051,0.1395445134575569,0.0827381754480528,0.2399691358024691,0.2039184326269492,1,0,2,0
1H000732,여자,40대,판매 종사자,대학교 졸업(전문대졸/대학원생 포함),경기도,1인 가구,미혼(사별/이혼 포함),맞벌이 하지 않음,300-400만원 미만,0.1413271734565308,0.1526167040249488,0.0693552349864869,0.1250517598343685,0.069599784395634,0.1278935185185185,0.2239104358256697,0,0,2,0
3E096005,여자,60대 이상,단순노무 종사자,고졸(대학 재학 포함),대전광역시,1세대가족,기혼,맞벌이 함,500-600만원 미만,0.0797984040319193,0.1784426469155053,0.0766206872345653,0.134023464458247,0.0377307640479719,0.187403549382716,0.2572304411568706,0,0,1,0
4D060060,여자,50대,주부,고졸(대학 재학 포함),대구광역시,2세대가족,기혼,맞벌이 하지 않음,100-200만원 미만,0.1871062578748425,0.172107981678199,0.0402934259941736,0.1278122843340234,0.0617167497641827,0.2847222222222222,0.2332400373184059,0,0,2,0
1D000178,여자,40대,사무 종사자,대학교 졸업(전문대졸/대학원생 포함),대구광역시,2세대가족,기혼,맞벌이 함,500-600만원 미만,0.1637967240655187,0.1136341487184485,0.0687936541363939,0.144375431331953,0.1113731303058887,0.1635802469135802,0.2279088364654138,1,0,1,0
1D000107,여자,50대,판매 종사자,고졸(대학 재학 포함),대구광역시,2세대가족,기혼,맞벌이 함,400-500만원 미만,0.1520369592608147,0.1102231751291297,0.0958197325471201,0.1395445134575569,0.1154830885325427,0.1824845679012345,0.117286418765827,2,2,0,0
3I214056,남자,60대 이상,기능원 및 관련 기능 종사자,고졸(대학 재학 포함),경상북도,2세대가족,기혼,맞벌이 함,500-600만원 미만,0.1327173456530869,0.1482311665529675,0.0819206065073181,0.134023464458247,0.0715536989624039,0.1615547839506173,0.2172464347594295,0,0,1,0
4A007013,여자,60대 이상,서비스 종사자,고졸(대학 재학 포함),서울특별시,1세대가족,기혼,맞벌이 함,"1,000만원 이상",0.1091978160436791,0.1716206997368677,0.1186690533852795,0.1423050379572118,0.0896105646139334,0.1063850308641975,0.1066240170598427,2,0,0,0
4D060042,여자,60대 이상,주부,중졸 이하,대구광역시,1인 가구,미혼(사별/이혼 포함),맞벌이 하지 않음,100만원 미만,0.2070558588828223,0.1438456290809862,0.0592467796848127,0.1305728088336784,0.0691281498450343,0.2328317901234568,0.2896174863387978,1,0,2,0
4D060030,여자,60대 이상,주부,중졸 이하,대구광역시,1인 가구,미혼(사별/이혼 포함),맞벌이 하지 않음,100만원 미만,0.1591768164636707,0.1584640873209239,0.0417675757256677,0.1333333333333333,0.0524188114809324,0.2458526234567901,0.2505664400906304,0,0,2,0
4D060018,남자,60대 이상,무직,중졸 이하,대구광역시,1인 가구,미혼(사별/이혼 포함),맞벌이 하지 않음,100만원 미만,0.1805963880722385,0.1389728096676737,0.0382576954125864,0.1305728088336784,0.0640075461528096,0.2218364197530864,0.2518992403038784,0,0,2,0
3I214088,여자,50대,장치·기계 조작 및 조립 종사자,고졸(대학 재학 포함),경상북도,1세대가족,기혼,맞벌이 함,500-600만원 미만,0.1845863082738345,0.1657733164408927,0.059948755747429,0.1312629399585921,0.0971567174235278,0.1610725308641975,0.1612688258030121,1,0,1,0
1H002079,남자,30대,사무 종사자,대학교 졸업(전문대졸/대학원생 포함),경기도,1인 가구,미혼(사별/이혼 포함),맞벌이 하지 않음,300-400만원 미만,0.1049979000419991,0.1570022414969301,0.0421536625601067,0.1533471359558316,0.0454790459506805,0.1755401234567901,0.2638944422231107,0,0,1,0
4D060024,남자,60대 이상,단순노무 종사자,중졸 이하,대구광역시,1세대가족,기혼,맞벌이 하지 않음,100-200만원 미만,0.1677866442671146,0.1126595848357859,0.0505773753115018,0.1305728088336784,0.0538337151327314,0.269386574074074,0.2816206850593096,0,0,2,0
1H002087,여자,40대,사무 종사자,대학교 졸업(전문대졸/대학원생 포함),경기도,2세대가족,기혼,맞벌이 함,600-700만원 미만,0.1056278874422511,0.1925738232141117,0.0653188726264434,0.144375431331953,0.0436598841126532,0.1807484567901234,0.2479008396641343,0,0,1,0
3O144003,여자,60대 이상,주부,중졸 이하,강원도,1세대가족,기혼,맞벌이 하지 않음,300-400만원 미만,0.1293574128517429,0.1131468667771172,0.1409216945702151,0.136783988957902,0.098975879261555,0.087770061728395,0.1470078635212581,2,2,0,0
4B032005,여자,30대,사무 종사자,대학교 졸업(전문대졸/대학원생 포함),부산광역시,1인 가구,미혼(사별/이혼 포함),맞벌이 하지 않음,300-400만원 미만,0.1451070978580428,0.1638241886755677,0.0870801305675476,0.1478260869565217,0.0912275973588465,0.1114004629629629,0.1532720245235239,2,0,0,0
4B032010,여자,30대,사무 종사자,대학원 졸업 이상,부산광역시,1세대가족,기혼,맞벌이 함,500-600만원 미만,0.1616967660646787,0.147256602670305,0.0908708013056754,0.1505866114561766,0.1124511521358307,0.1157407407407407,0.1896574703451952,1,0,1,0
1H002099,여자,60대 이상,주부,대학교 졸업(전문대졸/대학원생 포함),경기도,1세대가족,기혼,맞벌이 하지 않음,400-500만원 미만,0.0804283914321713,0.1758113244323165,0.0356252851777754,0.136783988957902,0.0271526748416655,0.1524884259259259,0.2452352392376383,0,0,1,0
1B000180,여자,60대 이상,주부,고졸(대학 재학 포함),부산광역시,1세대가족,기혼,맞벌이 하지 않음,200-300만원 미만,0.1451070978580428,0.143358347139655,0.073847881787231,0.1395445134575569,0.1065894084355208,0.1447723765432098,0.1985872317739571,1,1,1,0
4A007016,여자,50대,주부,대학교 졸업(전문대졸/대학원생 포함),서울특별시,1인 가구,기혼,맞벌이 하지 않음,"900-1,000만원 미만",0.118647627047459,0.1540785498489426,0.1300059667965322,0.1395445134575569,0.1014014283789246,0.1036844135802469,0.1012928162068506,2,0,0,0
1O000005,여자,60대 이상,판매 종사자,고졸(대학 재학 포함),강원도,2세대가족,기혼,맞벌이 함,700-800만원 미만,0.1591768164636707,0.1092486112464672,0.1372012214383489,0.1312629399585921,0.0766743026546287,0.087770061728395,0.1132880181260829,2,2,0,0
4A007019,여자,50대,판매 종사자,대학교 졸업(전문대졸/대학원생 포함),서울특별시,2세대가족,기혼,맞벌이 함,"1,000만원 이상",0.0902981940361192,0.1816587077282916,0.1159664455442069,0.1450655624568668,0.0683870098369492,0.1160300925925926,0.1212848194055711,2,0,0,0
4A007022,여자,60대 이상,판매 종사자,대학교 졸업(전문대졸/대학원생 포함),서울특별시,1세대가족,기혼,맞벌이 함,"1,000만원 이상",0.0902981940361192,0.1628496247929051,0.1242848618862096,0.1423050379572118,0.0835466918205093,0.1147762345679012,0.1239504198320671,2,0,0,0
4Q111018,여자,50대,주부,고졸(대학 재학 포함),세종특별자치시,1세대가족,기혼,맞벌이 하지 않음,400-500만원 미만,0.1955060898782024,0.2261962771659682,0.0657400582640132,0.1423050379572118,0.0869828864034496,0.1922260802469136,0.2056510729041717,1,0,2,0
4A007025,여자,40대,사무 종사자,대학교 졸업(전문대졸/대학원생 포함),서울특별시,1인 가구,미혼(사별/이혼 포함),맞벌이 하지 않음,400-500만원 미만,0.0808483830323393,0.1680148133710164,0.1269172721210207,0.1450655624568668,0.0835466918205093,0.1094714506172839,0.1203518592562974,2,0,0,0
4Q111036,여자,40대,사무 종사자,대학교 졸업(전문대졸/대학원생 포함),세종특별자치시,2세대가족,기혼,맞벌이 함,400-500만원 미만,0.1833263334733305,0.1930611051554429,0.0425748481976764,0.1450655624568668,0.0722948389704891,0.1492091049382716,0.1936558709849394,1,0,1,0
4A007033,여자,30대,사무 종사자,대학교 졸업(전문대졸/대학원생 포함),서울특별시,1인 가구,미혼(사별/이혼 포함),맞벌이 하지 않음,300-400만원 미만,0.0808483830323393,0.1680148133710164,0.1195465234635499,0.1450655624568668,0.0865786282172214,0.1083140432098765,0.117286418765827,2,0,0,0
4A007036,여자,40대,사무 종사자,대학교 졸업(전문대졸/대학원생 포함),서울특별시,1인 가구,미혼(사별/이혼 포함),맞벌이 하지 않음,400-500만원 미만,0.0808483830323393,0.1724003508429978,0.116141939559861,0.1388543823326432,0.0771459372052284,0.1116898148148148,0.1266160202585632,2,0,0,0
4A007039,여자,30대,주부,대학교 졸업(전문대졸/대학원생 포함),서울특별시,1세대가족,기혼,맞벌이 하지 않음,300-400만원 미만,0.1091978160436791,0.1618750609102426,0.124214664279948,0.1450655624568668,0.0965503301441854,0.1184413580246913,0.1012928162068506,2,0,0,0
4A007042,여자,60대 이상,주부,대학교 졸업(전문대졸/대학원생 포함),서울특별시,1세대가족,기혼,맞벌이 하지 않음,700-800만원 미만,0.1115077698446031,0.1540785498489426,0.1254080235863957,0.136783988957902,0.1050397520549791,0.1186342592592592,0.1096894575503132,2,0,0,0
4A007045,여자,40대,주부,대학교 졸업(전문대졸/대학원생 포함),서울특별시,2세대가족,기혼,맞벌이 하지 않음,700-800만원 미만,0.1469970600587988,0.1599259331449176,0.1306377452528868,0.1478260869565217,0.1147419485244576,0.1114004629629629,0.1230174596827935,2,0,0,0
1B000964,여자,60대 이상,주부,고졸(대학 재학 포함),부산광역시,1세대가족,기혼,맞벌이 하지 않음,400-500만원 미만,0.1644267114657706,0.0995029724198421,0.0821662981292337,0.1174603174603174,0.0965503301441854,0.1531635802469136,0.2652272424363588,1,0,1,0
1B000971,여자,60대 이상,주부,고졸(대학 재학 포함),부산광역시,1세대가족,기혼,맞벌이 하지 않음,200-300만원 미만,0.1629567408651827,0.1014521001851671,0.0923449510371696,0.1174603174603174,0.0980999865247271,0.1589506172839506,0.2385712381713981,1,0,1,0
1B000973,여자,60대 이상,주부,고졸(대학 재학 포함),부산광역시,1세대가족,기혼,맞벌이 하지 않음,200-300만원 미만,0.1280974380512389,0.095604716889192,0.1048050261486083,0.1174603174603174,0.1273413286619054,0.1448688271604938,0.1612688258030121,2,2,0,0
4B036015,여자,30대,주부,대학교 졸업(전문대졸/대학원생 포함),부산광역시,1세대가족,기혼,맞벌이 하지 않음,300-400만원 미만,0.1808063838723225,0.2398401715232433,0.0717068547962514,0.1423050379572118,0.0696671607600054,0.1557677469135802,0.2043182726909236,1,1,2,0
4B036018,여자,60대 이상,판매 종사자,고졸(대학 재학 포함),부산광역시,1세대가족,기혼,맞벌이 함,400-500만원 미만,0.2393952120957581,0.2486112464672059,0.0707591871117195,0.1423050379572118,0.0902843282576472,0.1470871913580247,0.1976542716246835,1,1,2,0
4B036024,여자,30대,주부,대학교 졸업(전문대졸/대학원생 포함),부산광역시,1세대가족,기혼,맞벌이 하지 않음,300-400만원 미만,0.2322553548929021,0.1826332716109541,0.0731108069214839,0.1395445134575569,0.0805821317881687,0.1490162037037037,0.296281487405038,1,1,2,0
4B036030,여자,40대,판매 종사자,대학교 졸업(전문대졸/대학원생 포함),부산광역시,2세대가족,기혼,맞벌이 함,500-600만원 미만,0.1906761864762704,0.2310690965792808,0.0692499385770945,0.1423050379572118,0.0719579571486322,0.1470871913580247,0.2216446754631481,1,1,2,0
4J233032,여자,40대,사무 종사자,대학교 졸업(전문대졸/대학원생 포함),경상남도,1세대가족,기혼,맞벌이 함,600-700만원 미만,0.1700965980680386,0.1131468667771172,0.1196167210698115,0.1312629399585921,0.1300363832367605,0.1343557098765432,0.1092896174863388,2,2,0,0
3J224006,여자,60대 이상,주부,고졸(대학 재학 포함),경상남도,1세대가족,기혼,맞벌이 하지 않음,200-300만원 미만,0.0552288954220915,0.1638241886755677,0.1049805201642624,0.1312629399585921,0.0596954588330413,0.1295331790123457,0.1239504198320671,2,0,0,0
4J233040,여자,40대,사무 종사자,대학교 졸업(전문대졸/대학원생 포함),경상남도,2세대가족,기혼,맞벌이 함,600-700만원 미만,0.1784964300713985,0.1170451223077672,0.1266364816959741,0.134023464458247,0.1524727125724296,0.1271219135802469,0.119952019192323,2,2,0,0
4J233048,여자,60대 이상,주부,고졸(대학 재학 포함),경상남도,1세대가족,기혼,맞벌이 하지 않음,200-300만원 미만,0.1742965140697186,0.1228925056037423,0.1217226492576603,0.1450655624568668,0.1542918744104568,0.1413966049382716,0.1226176196188191,2,2,0,0
3J235016,여자,30대,주부,대학교 졸업(전문대졸/대학원생 포함),경상남도,2세대가족,기혼,맞벌이 하지 않음,300-400만원 미만,0.2402351952960941,0.2612805769418185,0.0559123933873854,0.1423050379572118,0.0878587791402775,0.1657021604938272,0.1563374650139944,1,1,2,0
3J224018,여자,60대 이상,서비스 종사자,고졸(대학 재학 포함),경상남도,1인 가구,미혼(사별/이혼 포함),맞벌이 하지 않음,100-200만원 미만,0.0503989920201596,0.1384855277263424,0.1061387806675792,0.1229813664596273,0.0768090553833715,0.1276041666666666,0.1106224176995868,2,0,0,0
4J227007,남자,60대 이상,무직,고졸(대학 재학 포함),경상남도,1세대가족,기혼,맞벌이 하지 않음,100-200만원 미만,0.1606467870642587,0.1189942500730922,0.1255835176020497,0.1450655624568668,0.1555046489691416,0.1227816358024691,0.1146208183393309,2,2,0,0
4J227011,남자,30대,사무 종사자,대학교 졸업(전문대졸/대학원생 포함),경상남도,1인 가구,미혼(사별/이혼 포함),맞벌이 하지 않음,200-300만원 미만,0.1360772784544309,0.1209433778384173,0.1238285774455091,0.1423050379572118,0.1433769033822935,0.1353202160493827,0.1239504198320671,2,2,0,0
1E000350,여자,40대,사무 종사자,대학교 졸업(전문대졸/대학원생 포함),대전광역시,2세대가족,기혼,맞벌이 함,600-700만원 미만,0.1969760604787904,0.1803917746808303,0.0862728580955389,0.1423050379572118,0.1339442123703005,0.1597222222222222,0.1905904304944689,1,1,1,0
1O000623,여자,60대 이상,단순노무 종사자,중졸 이하,강원도,1인 가구,미혼(사별/이혼 포함),맞벌이 하지 않음,200-300만원 미만,0.2274254514909701,0.1365363999610174,0.0995402056789863,0.1533471359558316,0.1524053362080582,0.1760223765432098,0.2612288417966147,1,1,2,0
4B028004,여자,60대 이상,서비스 종사자,고졸(대학 재학 포함),부산광역시,1세대가족,기혼,맞벌이 함,400-500만원 미만,0.0699286014279714,0.1623623428515739,0.0875013162051174,0.1416149068322981,0.0466918205093653,0.2132523148148148,0.2425696388111422,0,0,1,0
4B028008,여자,50대,판매 종사자,고졸(대학 재학 포함),부산광역시,1인 가구,미혼(사별/이혼 포함),맞벌이 하지 않음,200-300만원 미만,0.0419991600167996,0.1646038397816977,0.0989435260257625,0.1388543823326432,0.0363832367605444,0.1936728395061728,0.2159136345461815,0,0,1,0
4A004004,여자,30대,사무 종사자,대학교 졸업(전문대졸/대학원생 포함),서울특별시,2세대가족,기혼,맞벌이 함,500-600만원 미만,0.0902981940361192,0.2125523828086931,0.1026289003544979,0.1533471359558316,0.0938552755693302,0.1089891975308642,0.1506064240970278,2,1,0,0
4J223007,여자,60대 이상,주부,중졸 이하,경상남도,2세대가족,기혼,맞벌이 하지 않음,200-300만원 미만,0.1719865602687946,0.1696715719715427,0.0776736513284897,0.1395445134575569,0.1036922247675515,0.1712962962962963,0.1732640277222444,1,0,1,0
4Q110018,여자,60대 이상,서비스 종사자,고졸(대학 재학 포함),세종특별자치시,1세대가족,기혼,맞벌이 함,400-500만원 미만,0.2018059638807224,0.196959360686093,0.0613527078726615,0.1312629399585921,0.0748551408166015,0.2012924382716049,0.1839264294282287,1,0,2,0
4B028012,남자,50대,판매 종사자,고졸(대학 재학 포함),부산광역시,1인 가구,미혼(사별/이혼 포함),맞벌이 하지 않음,200-300만원 미만,0.0566988660226795,0.1643114706168989,0.09452107683128,0.1416149068322981,0.0527556933027893,0.2015817901234568,0.2243102758896441,0,0,1,0
4Q110027,남자,50대,서비스 종사자,대학교 졸업(전문대졸/대학원생 포함),세종특별자치시,1세대가족,기혼,맞벌이 함,500-600만원 미만,0.1803863922721545,0.1531039859662801,0.0733915973465304,0.1285024154589372,0.0686565152944347,0.1713927469135802,0.2518992403038784,1,0,2,0
4Q110030,여자,60대 이상,서비스 종사자,고졸(대학 재학 포함),세종특별자치시,1세대가족,기혼,맞벌이 함,400-500만원 미만,0.1881562368752624,0.1735698275021927,0.0525078094836966,0.136783988957902,0.0738444953510308,0.1589506172839506,0.2025856324137012,1,0,1,0
4H118032,남자,40대,사무 종사자,대학교 졸업(전문대졸/대학원생 포함),경기도,2세대가족,기혼,맞벌이 함,600-700만원 미만,0.1747165056698866,0.1818536205048241,0.0638096240918184,0.1416149068322981,0.071216817140547,0.1414930555555555,0.194588831134213,1,0,1,0
4A004012,여자,40대,서비스 종사자,대학교 졸업(전문대졸/대학원생 포함),서울특별시,2세대가족,기혼,맞벌이 함,500-600만원 미만,0.0825283494330113,0.1940356690381054,0.1133340353093959,0.1450655624568668,0.0998517719983829,0.1167052469135802,0.1749966679994669,2,1,0,0
4H117009,여자,60대 이상,주부,고졸(대학 재학 포함),경기도,1인 가구,미혼(사별/이혼 포함),맞벌이 하지 않음,200-300만원 미만,0.0377992440151197,0.1384855277263424,0.1190200414165877,0.1423050379572118,0.0811885190675111,0.1764081790123457,0.1719312275089964,2,2,0,0
4N184004,여자,60대 이상,농림어업 숙련 종사자,고졸(대학 재학 포함),충청남도,1세대가족,기혼,맞벌이 함,300-400만원 미만,0.1950860982780344,0.1657733164408927,0.0407146116317433,0.1312629399585921,0.0868481336747069,0.228395061728395,0.1745968279354924,1,0,2,0
4N184008,여자,60대 이상,주부,대학교 졸업(전문대졸/대학원생 포함),충청남도,1세대가족,기혼,맞벌이 하지 않음,200-300만원 미만,0.254094918101638,0.1940356690381054,0.0752167351093327,0.1312629399585921,0.1057808920630642,0.1928047839506173,0.2185792349726776,1,0,2,0
1E000391,여자,40대,사무 종사자,대학교 졸업(전문대졸/대학원생 포함),대전광역시,2세대가족,기혼,맞벌이 함,500-600만원 미만,0.1927761444771104,0.196959360686093,0.094345582815626,0.1533471359558316,0.1260611777388492,0.1647376543209876,0.1879248300679728,1,1,1,0
4E092028,여자,60대 이상,단순노무 종사자,대학교 졸업(전문대졸/대학원생 포함),대전광역시,2세대가족,기혼,맞벌이 함,700-800만원 미만,0.122427551448971,0.1277653250170548,0.1050156189673932,0.1395445134575569,0.0722948389704891,0.1329089506172839,0.2492336398773824,0,0,1,0
3O153018,여자,30대,사무 종사자,대학교 졸업(전문대졸/대학원생 포함),강원도,1세대가족,기혼,맞벌이 함,500-600만원 미만,0.2322553548929021,0.1891628496247929,0.091713172580815,0.1588681849551414,0.1579975744508826,0.1597222222222222,0.2479008396641343,1,1,2,0
4H118055,여자,60대 이상,서비스 종사자,고졸(대학 재학 포함),경기도,1세대가족,기혼,맞벌이 함,500-600만원 미만,0.1547669046619067,0.1628496247929051,0.0873258221894633,0.1478260869565217,0.078156582670799,0.1547067901234568,0.273224043715847,1,1,2,0
4E092031,여자,60대 이상,판매 종사자,고졸(대학 재학 포함),대전광역시,2세대가족,기혼,맞벌이 함,600-700만원 미만,0.1614867702645947,0.1358542052431537,0.0973289810817451,0.1395445134575569,0.0804473790594259,0.1242283950617284,0.2536318805811009,1,0,1,0
4H117015,여자,30대,사무 종사자,대학교 졸업(전문대졸/대학원생 포함),경기도,1세대가족,기혼,맞벌이 함,600-700만원 미만,0.0720285594288114,0.1316635805477049,0.1295847811589625,0.1478260869565217,0.1025468265732381,0.1457368827160493,0.2305744368919099,2,2,0,0
4N183004,남자,60대 이상,농림어업 숙련 종사자,고졸(대학 재학 포함),충청남도,1세대가족,기혼,맞벌이 하지 않음,100만원 미만,0.0783284334313313,0.1652860344995614,0.0908357025025446,0.1246376811594202,0.0509365314647621,0.1335841049382716,0.1839264294282287,0,0,1,0
4E092034,여자,60대 이상,판매 종사자,대학교 졸업(전문대졸/대학원생 포함),대전광역시,1인 가구,미혼(사별/이혼 포함),맞벌이 하지 않음,300-400만원 미만,0.1539269214615707,0.1589513692622551,0.0917482713839458,0.134023464458247,0.0901495755289044,0.1222993827160493,0.1905904304944689,1,0,1,0
3M167035,여자,50대,서비스 종사자,고졸(대학 재학 포함),충청북도,1세대가족,기혼,맞벌이 함,500-600만원 미만,0.1524569508609827,0.1833154663288178,0.093397915131094,0.1395445134575569,0.1028837083950949,0.1174768518518518,0.194588831134213,1,1,1,0
4H117021,남자,60대 이상,기능원 및 관련 기능 종사자,고졸(대학 재학 포함),경기도,1인 가구,미혼(사별/이혼 포함),맞벌이 하지 않음,300-400만원 미만,0.0684586308273834,0.1355618360783549,0.1173703976694394,0.1505866114561766,0.0687912680231774,0.1641589506172839,0.1932560309209649,2,2,0,0
4N183008,남자,60대 이상,농림어업 숙련 종사자,고졸(대학 재학 포함),충청남도,1세대가족,기혼,맞벌이 함,100-200만원 미만,0.0636287274254514,0.1496930123769613,0.0817100136885332,0.1333333333333333,0.0674437407357499,0.1410108024691358,0.1705984272957483,0,0,1,0
4H133021,여자,40대,주부,대학교 졸업(전문대졸/대학원생 포함),경기도,2세대가족,기혼,맞벌이 하지 않음,300-400만원 미만,0.1486770264594708,0.1482311665529675,0.1008739601979572,0.1174603174603174,0.1158199703543996,0.1377314814814815,0.1612688258030121,2,0,0,0
3I222042,남자,50대,서비스 종사자,고졸(대학 재학 포함),경상북도,1인 가구,미혼(사별/이혼 포함),맞벌이 하지 않음,200-300만원 미만,0.0556488870222595,0.0419062469544878,0.0831490646168965,0.0234644582470669,0.040762700444684,0.1572145061728395,0.1439424230307877,3,3,3,1
1D000887,여자,50대,주부,고졸(대학 재학 포함),대구광역시,1세대가족,기혼,맞벌이 하지 않음,500-600만원 미만,0.116547669046619,0.1998830523340805,0.0639500193043417,0.1423050379572118,0.0551138660557876,0.1919367283950617,0.2185792349726776,0,0,1,0
3M167049,여자,40대,서비스 종사자,고졸(대학 재학 포함),충청북도,2세대가족,기혼,맞벌이 함,500-600만원 미만,0.1301973960520789,0.1716206997368677,0.0832192622231581,0.1395445134575569,0.0586174370030993,0.1333912037037037,0.275889644142343,0,1,1,0
4H117027,여자,30대,사무 종사자,대학교 졸업(전문대졸/대학원생 포함),경기도,1세대가족,기혼,맞벌이 함,600-700만원 미만,0.0678286434271314,0.1316635805477049,0.1300059667965322,0.1478260869565217,0.0966177065085568,0.1500771604938271,0.2185792349726776,2,2,0,0
4I206006,여자,40대,주부,대학교 졸업(전문대졸/대학원생 포함),경상북도,2세대가족,기혼,맞벌이 하지 않음,500-600만원 미만,0.1419571608567828,0.1180196861904297,0.1022428135200589,0.1285024154589372,0.130305888694246,0.1461226851851852,0.2092496334799413,2,1,0,0
4N184024,여자,40대,농림어업 숙련 종사자,고졸(대학 재학 포함),충청남도,2세대가족,기혼,맞벌이 함,300-400만원 미만,0.2026459470810583,0.14530747490498,0.0753922291249868,0.1450655624568668,0.1091497102816332,0.2599344135802469,0.2789550846328136,1,0,2,0
4B028016,여자,60대 이상,판매 종사자,고졸(대학 재학 포함),부산광역시,1인 가구,미혼(사별/이혼 포함),맞벌이 하지 않음,200-300만원 미만,0.0741285174296514,0.1555403956729363,0.0964866098066055,0.144375431331953,0.0433230022907963,0.1781442901234567,0.2332400373184059,0,0,1,0
4I206009,여자,30대,판매 종사자,대학교 졸업(전문대졸/대학원생 포함),경상북도,1세대가족,기혼,맞벌이 함,600-700만원 미만,0.2169256614867702,0.143358347139655,0.1095433645712681,0.1202208419599723,0.1068589138930063,0.1383101851851852,0.1052912168465947,2,0,0,0
3I222024,여자,60대 이상,주부,중졸 이하,경상북도,1인 가구,미혼(사별/이혼 포함),맞벌이 하지 않음,200-300만원 미만,0.0335993280134397,0.0399571191891628,0.0714611631743357,0.0234644582470669,0.0215604365988411,0.1128472222222222,0.1506064240970278,3,3,3,1
3I222006,남자,30대,사무 종사자,대학교 졸업(전문대졸/대학원생 포함),경상북도,1인 가구,미혼(사별/이혼 포함),맞벌이 하지 않음,200-300만원 미만,0.0751784964300713,0.1343923594191599,0.0512442525709873,0.1250517598343685,0.0618515024929254,0.1437114197530864,0.194588831134213,0,0,1,0
4H133023,여자,40대,사무 종사자,대학교 졸업(전문대졸/대학원생 포함),경기도,2세대가족,기혼,맞벌이 함,700-800만원 미만,0.1665266694666106,0.1609004970275801,0.1143519006001895,0.1229813664596273,0.1204689394960248,0.1203703703703703,0.1546048247367719,2,0,0,0
1O000619,여자,50대,판매 종사자,고졸(대학 재학 포함),강원도,2세대가족,기혼,맞벌이 함,400-500만원 미만,0.2322553548929021,0.1407270246564662,0.0959250289565125,0.1423050379572118,0.1469478506939765,0.1811342592592592,0.2692256430761029,1,1,2,0
3I212045,여자,60대 이상,농림어업 숙련 종사자,중졸 이하,경상북도,1인 가구,미혼(사별/이혼 포함),맞벌이 하지 않음,100-200만원 미만,0.0503989920201596,0.0243640970665627,0.0782703309817135,0.020703933747412,0.02492925481741,0.0578703703703703,0.1346128215380514,3,3,3,1
3D062005,여자,40대,전문가 및 관련 종사자,대학원 졸업 이상,대구광역시,2세대가족,기혼,맞벌이 함,500-600만원 미만,0.1444771104577908,0.2222980216353182,0.0570004562844407,0.1588681849551414,0.0477024659749359,0.1825810185185185,0.2039184326269492,0,0,1,0
4H117030,여자,60대 이상,주부,고졸(대학 재학 포함),경기도,1세대가족,기혼,맞벌이 하지 않음,200-300만원 미만,0.0377992440151197,0.1297144527823799,0.1229862061703695,0.1450655624568668,0.0889368009702196,0.1638695987654321,0.1719312275089964,2,2,0,0
3I212044,여자,50대,판매 종사자,고졸(대학 재학 포함),경상북도,1인 가구,미혼(사별/이혼 포함),맞벌이 하지 않음,200-300만원 미만,0.0468290634187316,0.0380079914238378,0.0808325436102629,0.020703933747412,0.044872658671338,0.1118827160493827,0.1239504198320671,3,3,3,1
3I212004,여자,60대 이상,서비스 종사자,중졸 이하,경상북도,1인 가구,미혼(사별/이혼 포함),맞벌이 하지 않음,200-300만원 미만,0.0510289794204115,0.0526264496637754,0.0857463760485767,0.0234644582470669,0.0500606387279342,0.0868055555555555,0.0879648140743702,3,3,3,1
4J223009,남자,40대,서비스 종사자,고졸(대학 재학 포함),경상남도,2세대가족,기혼,맞벌이 함,400-500만원 미만,0.1684166316673666,0.1485235357177663,0.0750412410936787,0.1312629399585921,0.0931141355612451,0.1548996913580247,0.2159136345461815,1,0,1,0
1A000768,남자,50대,학생,고졸(대학 재학 포함),서울특별시,2세대가족,미혼(사별/이혼 포함),맞벌이 하지 않음,300-400만원 미만,0.1505669886602268,0.1719130689016665,0.0894317503773121,0.1505866114561766,0.0828729281767955,0.1881751543209876,0.194588831134213,1,0,1,0
1O000614,여자,30대,서비스 종사자,대학교 졸업(전문대졸/대학원생 포함),강원도,1인 가구,미혼(사별/이혼 포함),맞벌이 하지 않음,300-400만원 미만,0.250104997900042,0.176785888314979,0.0953283493032887,0.1533471359558316,0.1525400889368009,0.1697530864197531,0.2332400373184059,1,1,2,0
3D062010,여자,40대,서비스 종사자,대학교 졸업(전문대졸/대학원생 포함),대구광역시,2세대가족,기혼,맞벌이 함,500-600만원 미만,0.1287274254514909,0.1794172107981678,0.0878523042364255,0.1285024154589372,0.0830076809055383,0.1793016975308642,0.1932560309209649,0,0,1,0
4J223010,여자,50대,주부,중졸 이하,경상남도,3세대가족,미혼(사별/이혼 포함),맞벌이 하지 않음,300-400만원 미만,0.1700965980680386,0.1703537666894065,0.0641606121231266,0.1032436162870945,0.0667026007276647,0.1707175925925926,0.2132480341196854,0,0,2,0
4I206012,남자,30대,판매 종사자,고졸(대학 재학 포함),경상북도,1인 가구,미혼(사별/이혼 포함),맞벌이 하지 않음,300-400만원 미만,0.1894162116757665,0.1124646720592534,0.0757432171562949,0.1229813664596273,0.0910928446301037,0.189332561728395,0.2652272424363588,1,0,2,0
3M165012,남자,40대,사무 종사자,고졸(대학 재학 포함),충청북도,2세대가족,기혼,맞벌이 함,500-600만원 미만,0.123897522049559,0.1694766591950102,0.0646168965638271,0.1305728088336784,0.0606387279342406,0.0868055555555555,0.1666000266560042,0,0,1,0
4H117018,여자,50대,서비스 종사자,고졸(대학 재학 포함),경기도,2세대가족,기혼,맞벌이 함,700-800만원 미만,0.0734985300293994,0.1238670694864048,0.1464322066617528,0.1395445134575569,0.1226923595202802,0.1413966049382716,0.1839264294282287,2,2,0,0
3O153009,여자,30대,사무 종사자,대학교 졸업(전문대졸/대학원생 포함),강원도,1세대가족,기혼,맞벌이 함,500-600만원 미만,0.2005459890802184,0.1404346554916674,0.1023481099294514,0.1505866114561766,0.1712033418676728,0.1485339506172839,0.2439024390243902,1,1,0,0
4I206015,남자,20대,사무 종사자,대학교 졸업(전문대졸/대학원생 포함),경상북도,1인 가구,미혼(사별/이혼 포함),맞벌이 하지 않음,400-500만원 미만,0.2141957160856782,0.1501802943182925,0.0617036959039696,0.1202208419599723,0.1241746395364506,0.1331983024691358,0.1612688258030121,1,1,1,0
4N183012,남자,60대 이상,판매 종사자,대학교 졸업(전문대졸/대학원생 포함),충청남도,1세대가족,기혼,맞벌이 함,200-300만원 미만,0.1119277614447711,0.1389728096676737,0.1048752237548699,0.1333333333333333,0.0965503301441854,0.1218171296296296,0.2012528322004531,2,0,0,0
1O000608,남자,20대,서비스 종사자,고졸(대학 재학 포함),강원도,1인 가구,미혼(사별/이혼 포함),맞벌이 하지 않음,200-300만원 미만,0.2246955060898782,0.1621674300750414,0.0769716752658734,0.1478260869565217,0.1420967524592373,0.1572145061728395,0.2598960415833666,1,1,2,0
4N183020,여자,20대,사무 종사자,대학교 졸업(전문대졸/대학원생 포함),충청남도,1인 가구,미혼(사별/이혼 포함),맞벌이 하지 않음,300-400만원 미만,0.125157496850063,0.2471494006432121,0.086623846126847,0.147135955831608,0.0625926425010106,0.115065586419753,0.1363454618152739,0,1,1,0
1O000605,여자,60대 이상,단순노무 종사자,중졸 이하,강원도,1인 가구,미혼(사별/이혼 포함),맞벌이 하지 않음,200-300만원 미만,0.2217555648887022,0.1543709190137413,0.1001368853322101,0.1423050379572118,0.1631855545074787,0.1630015432098765,0.2309742769558843,1,1,0,0
4H133025,여자,60대 이상,기능원 및 관련 기능 종사자,고졸(대학 재학 포함),경기도,1세대가족,기혼,맞벌이 하지 않음,300-400만원 미만,0.1570768584628307,0.1725952636195302,0.1213014636200905,0.1174603174603174,0.1144050667026007,0.111207561728395,0.1359456217512994,2,0,0,0
3D062015,여자,40대,주부,대학교 졸업(전문대졸/대학원생 포함),대구광역시,2세대가족,기혼,맞벌이 하지 않음,300-400만원 미만,0.0999580008399832,0.1228925056037423,0.0851496963953529,0.1229813664596273,0.0792346045007411,0.1729359567901234,0.1719312275089964,0,0,1,0
4O153023,여자,40대,주부,고졸(대학 재학 포함),강원도,2세대가족,기혼,맞벌이 하지 않음,400-500만원 미만,0.2028559428811423,0.1686970080888802,0.0966270050191288,0.1533471359558316,0.14027759062121,0.1652199074074074,0.23723843795815,1,1,2,0
3I212008,여자,60대 이상,농림어업 숙련 종사자,중졸 이하,경상북도,1인 가구,미혼(사별/이혼 포함),맞벌이 하지 않음,200-300만원 미만,0.0419991600167996,0.0487281941331254,0.0727598188901758,0.020703933747412,0.0410995822665408,0.1099537037037037,0.1399440223910436,3,3,3,1
4P241024,여자,40대,취업 준비 중,대학교 졸업(전문대졸/대학원생 포함),제주특별자치도,1인 가구,미혼(사별/이혼 포함),맞벌이 하지 않음,100-200만원 미만,0.0346493070138597,0.2349673521099308,0.0630374504229405,0.1229813664596273,0.012464627408705,0.1793981481481481,0.1519392243102759,0,0,1,0
4I206018,여자,30대,사무 종사자,대학교 졸업(전문대졸/대학원생 포함),경상북도,1인 가구,미혼(사별/이혼 포함),맞벌이 하지 않음,400-500만원 미만,0.2337253254934901,0.1521294220836176,0.0882383910708645,0.1174603174603174,0.1122490230427166,0.1399498456790123,0.2252432360389177,1,0,2,0
3I212016,여자,60대 이상,판매 종사자,고졸(대학 재학 포함),경상북도,1인 가구,미혼(사별/이혼 포함),맞벌이 하지 않음,200-300만원 미만,0.0419991600167996,0.0350842997758503,0.0829384717981116,0.0234644582470669,0.0554507478776445,0.0935570987654321,0.1506064240970278,3,3,3,1
4P241027,여자,50대,사무 종사자,대학교 졸업(전문대졸/대학원생 포함),제주특별자치도,1인 가구,미혼(사별/이혼 포함),맞벌이 하지 않음,200-300만원 미만,0.0503989920201596,0.114608712601111,0.0732161033308764,0.1195307108350586,0.0878587791402775,0.1192129629629629,0.3158736505397841,0,1,1,0
3I212028,여자,50대,서비스 종사자,고졸(대학 재학 포함),경상북도,1인 가구,미혼(사별/이혼 포함),맞벌이 하지 않음,200-300만원 미만,0.0835783284334313,0.0399571191891628,0.0812888280509634,0.020703933747412,0.0618515024929254,0.1218171296296296,0.1452752232440357,3,3,3,1
1H000976,여자,50대,서비스 종사자,고졸(대학 재학 포함),경기도,2세대가족,기혼,맞벌이 함,500-600만원 미만,0.0860982780344393,0.1428710651983237,0.067845986451862,0.1195307108350586,0.0379328931410861,0.187307098765432,0.2065840330534453,0,0,1,0
3I212032,여자,60대 이상,농림어업 숙련 종사자,중졸 이하,경상북도,1인 가구,미혼(사별/이혼 포함),맞벌이 하지 않음,200-300만원 미만,0.0377992440151197,0.0292369164798752,0.0766206872345653,0.020703933747412,0.0410995822665408,0.083912037037037,0.1479408236705318,3,3,3,1
4I206021,여자,30대,사무 종사자,대학교 졸업(전문대졸/대학원생 포함),경상북도,1세대가족,기혼,맞벌이 함,600-700만원 미만,0.1448971020579588,0.1082740473638047,0.1080341160366431,0.1174603174603174,0.1007276647352108,0.1235532407407407,0.2425696388111422,2,0,1,0
1H000856,여자,40대,서비스 종사자,대학교 졸업(전문대졸/대학원생 포함),경기도,2세대가족,기혼,맞벌이 함,500-600만원 미만,0.1293574128517429,0.1394600916090049,0.0812888280509634,0.134023464458247,0.1133270448726586,0.1186342592592592,0.2678928428628548,1,1,1,0
3I212040,여자,60대 이상,주부,중졸 이하,경상북도,1인 가구,미혼(사별/이혼 포함),맞벌이 하지 않음,100-200만원 미만,0.0503989920201596,0.0263132248318877,0.0719525464181671,0.0234644582470669,0.0417733459102546,0.0482253086419753,0.1066240170598427,3,3,3,1
1H000865,여자,40대,주부,대학교 졸업(전문대졸/대학원생 포함),경기도,2세대가족,기혼,맞벌이 하지 않음,600-700만원 미만,0.1343973120537589,0.1706461358542052,0.1185286581727563,0.1533471359558316,0.0969545883304136,0.1205632716049382,0.2612288417966147,1,1,1,0
1H000890,여자,40대,판매 종사자,대학교 졸업(전문대졸/대학원생 포함),경기도,2세대가족,기혼,맞벌이 함,500-600만원 미만,0.0965980680386392,0.1638241886755677,0.0845881155452599,0.1312629399585921,0.0805821317881687,0.1147762345679012,0.2678928428628548,0,1,1,0
1H001621,여자,40대,주부,대학교 졸업(전문대졸/대학원생 포함),경기도,1세대가족,기혼,맞벌이 하지 않음,300-400만원 미만,0.1553968920621587,0.1599259331449176,0.0757432171562949,0.1450655624568668,0.0778870772133135,0.0925925925925926,0.2638944422231107,1,1,1,0
4I206024,여자,40대,서비스 종사자,대학교 졸업(전문대졸/대학원생 포함),경상북도,1인 가구,미혼(사별/이혼 포함),맞벌이 하지 않음,300-400만원 미만,0.1350272994540109,0.1141214306597797,0.1074374363834193,0.1257418909592822,0.1066567847998922,0.1635802469135802,0.2145808343329335,2,0,1,0
1H001622,여자,60대 이상,서비스 종사자,대학원 졸업 이상,경기도,2세대가족,기혼,맞벌이 함,800-900만원 미만,0.113397732045359,0.1375109638436799,0.0830788670106349,0.1312629399585921,0.0715536989624039,0.0993441358024691,0.2798880447820872,0,1,1,0
1H001633,여자,60대 이상,사무 종사자,대학교 졸업(전문대졸/대학원생 포함),경기도,2세대가족,기혼,맞벌이 함,800-900만원 미만,0.1595968080638387,0.1735698275021927,0.0827278789793268,0.1423050379572118,0.0789650990432556,0.1138117283950617,0.273224043715847,1,1,1,0
4A010006,여자,60대 이상,주부,고졸(대학 재학 포함),서울특별시,1인 가구,미혼(사별/이혼 포함),맞벌이 하지 않음,100-200만원 미만,0.2148257034859302,0.1306890166650424,0.107683128005335,0.1395445134575569,0.1398733324349818,0.1285686728395061,0.2199120351859256,1,1,0,0
1B000292,여자,60대 이상,주부,고졸(대학 재학 포함),부산광역시,1세대가족,기혼,맞벌이 하지 않음,300-400만원 미만,0.2120957580848383,0.1638241886755677,0.0855708820329226,0.134023464458247,0.0992453847190405,0.1435185185185185,0.2469678795148607,1,1,2,0
1H001639,여자,40대,사무 종사자,대학교 졸업(전문대졸/대학원생 포함),경기도,2세대가족,기혼,맞벌이 함,600-700만원 미만,0.0892482150356992,0.2193743299873307,0.0728300164964374,0.1450655624568668,0.0480393477967928,0.1022376543209876,0.1892576302812208,0,1,1,0
4N183024,남자,30대,사무 종사자,대학교 졸업(전문대졸/대학원생 포함),충청남도,1세대가족,기혼,맞벌이 함,600-700만원 미만,0.1686266274674506,0.2042685898060618,0.1004176757572566,0.1416149068322981,0.1063872793424066,0.1240354938271604,0.1612688258030121,2,1,1,0
4N183030,여자,50대,판매 종사자,고졸(대학 재학 포함),충청남도,1세대가족,기혼,맞벌이 함,300-400만원 미만,0.1104577908441831,0.1691842900302115,0.0670387139798533,0.1360938578329882,0.0639401697884382,0.1063850308641975,0.1825936292149806,0,0,1,0
1B000293,여자,50대,주부,고졸(대학 재학 포함),부산광역시,1세대가족,기혼,맞벌이 하지 않음,300-400만원 미만,0.2526249475010499,0.1657733164408927,0.0892913551647888,0.1312629399585921,0.1212100795041099,0.1261574074074074,0.2705584432893509,1,1,2,0
4N183034,여자,50대,판매 종사자,고졸(대학 재학 포함),충청남도,1세대가족,기혼,맞벌이 함,300-400만원 미만,0.1083578328433431,0.1928661923789104,0.1118949843810326,0.1360938578329882,0.0782913353995418,0.1276041666666666,0.1852592296414767,2,0,0,0
4N183038,여자,60대 이상,주부,중졸 이하,충청남도,1세대가족,기혼,맞벌이 하지 않음,100-200만원 미만,0.0692986140277194,0.2227853035766494,0.0824119897511495,0.1278122843340234,0.0451421641288236,0.1463155864197531,0.1470078635212581,0,0,1,0
1O000016,여자,60대 이상,주부,고졸(대학 재학 포함),강원도,1세대가족,기혼,맞벌이 하지 않음,300-400만원 미만,0.1472070558588828,0.1170451223077672,0.1386753711698431,0.134023464458247,0.0850289718366796,0.091628086419753,0.117286418765827,2,2,0,0
3M165016,여자,60대 이상,서비스 종사자,중졸 이하,충청북도,1세대가족,기혼,맞벌이 함,500-600만원 미만,0.0818983620327593,0.1675275314296852,0.0626864623916324,0.1305728088336784,0.0453442932219377,0.0954861111111111,0.1679328268692523,0,0,1,0
3M165020,남자,60대 이상,서비스 종사자,고졸(대학 재학 포함),충청북도,1세대가족,기혼,맞벌이 함,500-600만원 미만,0.1322973540529189,0.1370236819023487,0.0691095433645712,0.1305728088336784,0.066230966177065,0.1012731481481481,0.2056510729041717,0,0,2,0
3M165024,여자,50대,서비스 종사자,고졸(대학 재학 포함),충청북도,2세대가족,기혼,맞벌이 함,500-600만원 미만,0.1385972280554389,0.1457947568463113,0.0713207679618125,0.1305728088336784,0.0791672281363697,0.0868055555555555,0.1869918699186992,0,0,1,0
3M165036,남자,30대,사무 종사자,대학교 졸업(전문대졸/대학원생 포함),충청북도,1세대가족,기혼,맞벌이 함,500-600만원 미만,0.1049979000419991,0.1694766591950102,0.0634937348636411,0.1305728088336784,0.0545748551408166,0.0925925925925926,0.1905904304944689,0,0,1,0
1H000171,여자,30대,사무 종사자,대학교 졸업(전문대졸/대학원생 포함),경기도,1세대가족,기혼,맞벌이 함,600-700만원 미만,0.119487610247795,0.1131468667771172,0.0681267768769085,0.136783988957902,0.0533620805821317,0.1036844135802469,0.3345328535252566,0,1,1,0
1H000154,여자,30대,사무 종사자,대학교 졸업(전문대졸/대학원생 포함),경기도,1인 가구,미혼(사별/이혼 포함),맞벌이 하지 않음,300-400만원 미만,0.0472490550188996,0.1326381444303674,0.0677757888456003,0.134023464458247,0.0554507478776445,0.1051311728395061,0.2589630814340931,0,1,1,0
3J224030,여자,60대 이상,판매 종사자,대학교 졸업(전문대졸/대학원생 포함),경상남도,2세대가족,기혼,맞벌이 함,500-600만원 미만,0.0461990760184796,0.1336127083130299,0.1281808290337299,0.1229813664596273,0.0675784934644926,0.089699074074074,0.1412768226042916,2,0,0,0
3M165040,남자,40대,사무 종사자,대학교 졸업(전문대졸/대학원생 포함),충청북도,2세대가족,기혼,맞벌이 함,500-600만원 미만,0.1511969760604788,0.1565149595555988,0.071777052402513,0.1333333333333333,0.0633337825090958,0.0868055555555555,0.1825936292149806,0,0,1,0
1H000144,여자,50대,사무 종사자,대학교 졸업(전문대졸/대학원생 포함),경기도,2세대가족,기혼,맞벌이 함,700-800만원 미만,0.0556488870222595,0.1521294220836176,0.0869046365518935,0.1423050379572118,0.0382697749629429,0.1099537037037037,0.3158736505397841,0,1,1,0
3J224036,남자,30대,판매 종사자,대학교 졸업(전문대졸/대학원생 포함),경상남도,1세대가족,미혼(사별/이혼 포함),맞벌이 하지 않음,400-500만원 미만,0.0461990760184796,0.1609004970275801,0.0753922291249868,0.134023464458247,0.0359116022099447,0.1070601851851851,0.1452752232440357,0,0,1,0
1C000312,여자,60대 이상,서비스 종사자,대학교 졸업(전문대졸/대학원생 포함),인천광역시,2세대가족,기혼,맞벌이 함,"900-1,000만원 미만",0.0461990760184796,0.1306890166650424,0.093959495981187,0.134023464458247,0.0636032879665813,0.1141010802469135,0.314540850326536,0,1,1,0
3M166005,여자,50대,판매 종사자,고졸(대학 재학 포함),충청북도,1세대가족,기혼,맞벌이 함,500-600만원 미만,0.1091978160436791,0.1652860344995614,0.0708644835211119,0.1305728088336784,0.0579436733593855,0.087770061728395,0.1466080234572837,0,0,1,0
3M166010,남자,60대 이상,판매 종사자,고졸(대학 재학 포함),충청북도,2세대가족,기혼,맞벌이 함,500-600만원 미만,0.0986980260394792,0.1662605983822239,0.063142746832333,0.1195307108350586,0.0554507478776445,0.0810185185185185,0.1492736238837798,0,0,1,0
3M166015,여자,40대,판매 종사자,고졸(대학 재학 포함),충청북도,2세대가족,기혼,맞벌이 함,500-600만원 미만,0.1280974380512389,0.1443329110223175,0.0781299357691902,0.1285024154589372,0.0774828190270853,0.0829475308641975,0.1812608290017326,0,0,1,0
3M167007,여자,60대 이상,판매 종사자,고졸(대학 재학 포함),충청북도,1세대가족,기혼,맞벌이 함,400-500만원 미만,0.1637967240655187,0.1540785498489426,0.103541469235899,0.1395445134575569,0.072092709877375,0.1629050925925926,0.2292416366786618,1,0,1,0
3M167021,여자,30대,사무 종사자,대학교 졸업(전문대졸/대학원생 포함),충청북도,1세대가족,기혼,맞벌이 함,500-600만원 미만,0.1784964300713985,0.1638241886755677,0.0872556245832017,0.136783988957902,0.1022773211157525,0.1510416666666666,0.2265760362521658,1,1,2,0
1M000402,여자,50대,판매 종사자,고졸(대학 재학 포함),충청북도,2세대가족,기혼,맞벌이 함,600-700만원 미만,0.1388072238555228,0.1365363999610174,0.0835702502544663,0.1395445134575569,0.0566635224363293,0.1585648148148148,0.2492336398773824,0,0,2,0
4A023018,남자,50대,사무 종사자,대학교 졸업(전문대졸/대학원생 포함),서울특별시,2세대가족,기혼,맞벌이 함,400-500만원 미만,0.113397732045359,0.1833154663288178,0.0634586360605103,0.1312629399585921,0.0454790459506805,0.1948302469135802,0.2305744368919099,0,0,1,0
4A023024,남자,40대,사무 종사자,대학교 졸업(전문대졸/대학원생 포함),서울특별시,2세대가족,기혼,맞벌이 함,400-500만원 미만,0.1354472910541789,0.198908488451418,0.0636341300761644,0.134023464458247,0.0434577550195391,0.1931905864197531,0.2305744368919099,0,0,1,0
3M166020,여자,40대,사무 종사자,대학교 졸업(전문대졸/대학원생 포함),충청북도,2세대가족,기혼,맞벌이 함,500-600만원 미만,0.1469970600587988,0.1633369067342364,0.072163139236952,0.1278122843340234,0.0714189462336612,0.0868055555555555,0.157270425163268,0,0,1,0
3M166030,여자,30대,사무 종사자,고졸(대학 재학 포함),충청북도,1세대가족,기혼,맞벌이 함,500-600만원 미만,0.1511969760604788,0.1677224442062177,0.0589308904566354,0.136783988957902,0.0754615280959439,0.0868055555555555,0.1519392243102759,0,0,1,0
3M166035,여자,60대 이상,단순노무 종사자,고졸(대학 재학 포함),충청북도,1인 가구,미혼(사별/이혼 포함),맞벌이 하지 않음,200-300만원 미만,0.0902981940361192,0.1496930123769613,0.0634937348636411,0.1305728088336784,0.0664330952701792,0.0935570987654321,0.1799280287884846,0,0,1,0
4P241016,여자,40대,사무 종사자,대학교 졸업(전문대졸/대학원생 포함),제주특별자치도,1인 가구,미혼(사별/이혼 포함),맞벌이 하지 않음,100-200만원 미만,0.0587988240235195,0.1063249195984796,0.1337264399283984,0.1229813664596273,0.1782104837622961,0.1364776234567901,0.1159536185525789,2,2,0,0
1O001408,여자,60대 이상,주부,중졸 이하,강원도,1세대가족,기혼,맞벌이 하지 않음,200-300만원 미만,0.0741285174296514,0.1316635805477049,0.1329191674563897,0.1450655624568668,0.0901495755289044,0.1530671296296296,0.1692656270825003,2,2,0,0
4P241030,여자,40대,사무 종사자,대학교 졸업(전문대졸/대학원생 포함),제주특별자치도,1인 가구,미혼(사별/이혼 포함),맞벌이 하지 않음,100-200만원 미만,0.0335993280134397,0.1267907611343923,0.1177213857007476,0.1312629399585921,0.1068589138930063,0.1085069444444444,0.195921631347461,2,2,1,0
3M166040,남자,60대 이상,기능원 및 관련 기능 종사자,고졸(대학 재학 포함),충청북도,1세대가족,기혼,맞벌이 함,500-600만원 미만,0.1469970600587988,0.1808790566221615,0.0588957916535046,0.1305728088336784,0.0736423662579167,0.0848765432098765,0.1666000266560042,0,0,1,0
4A023030,여자,40대,사무 종사자,대학원 졸업 이상,서울특별시,2세대가족,기혼,맞벌이 함,400-500만원 미만,0.1850062998740025,0.1199688139557548,0.1320065985749886,0.1312629399585921,0.0811885190675111,0.1401427469135802,0.118619218979075,2,2,0,0
4A023036,여자,50대,주부,대학교 졸업(전문대졸/대학원생 포함),서울특별시,2세대가족,기혼,맞벌이 하지 않음,400-500만원 미만,0.0997480050398992,0.1326381444303674,0.0681969744831701,0.1395445134575569,0.0557876296995014,0.1986882716049383,0.2949486871917899,0,0,1,0
3M168006,남자,60대 이상,장치·기계 조작 및 조립 종사자,고졸(대학 재학 포함),충청북도,2세대가족,기혼,맞벌이 함,500-600만원 미만,0.1266274674506509,0.1538836370724101,0.0519462286336036,0.1333333333333333,0.060167093383641,0.0925925925925926,0.2145808343329335,0,1,2,0
1O000520,남자,50대,판매 종사자,고졸(대학 재학 포함),강원도,1인 가구,기혼,맞벌이 하지 않음,500-600만원 미만,0.1049979000419991,0.1175324042490985,0.0632831420448562,0.1163561076604554,0.0835466918205093,0.0829475308641975,0.2092496334799413,0,0,1,0
1O001424,여자,50대,서비스 종사자,고졸(대학 재학 포함),강원도,1인 가구,미혼(사별/이혼 포함),맞벌이 하지 않음,300-400만원 미만,0.1014279714405711,0.1316635805477049,0.1327436734407356,0.1450655624568668,0.1104298612046894,0.1462191358024691,0.2132480341196854,2,2,0,0
4A023042,여자,50대,사무 종사자,대학교 졸업(전문대졸/대학원생 포함),서울특별시,2세대가족,기혼,맞벌이 함,500-600만원 미만,0.1396472070558589,0.1686970080888802,0.0681969744831701,0.134023464458247,0.05376633876836,0.2083333333333333,0.2865520458483273,0,0,2,0
3O154027,여자,60대 이상,주부,고졸(대학 재학 포함),강원도,1세대가족,기혼,맞벌이 하지 않음,300-400만원 미만,0.2091558168836623,0.1394600916090049,0.0948720648625881,0.1450655624568668,0.1415577415442662,0.1676311728395061,0.2612288417966147,1,1,2,0
3M168012,남자,60대 이상,전문가 및 관련 종사자,고졸(대학 재학 포함),충청북도,2세대가족,기혼,맞벌이 함,700-800만원 미만,0.1035279294414111,0.1399473735503362,0.0706187918991962,0.1222912353347135,0.0828055518124242,0.0935570987654321,0.1869918699186992,0,0,1,0
4A023048,여자,50대,사무 종사자,대학교 졸업(전문대졸/대학원생 포함),서울특별시,2세대가족,기혼,맞벌이 함,700-800만원 미만,0.1528769424611507,0.1764935191501803,0.0715313607805974,0.1423050379572118,0.067106858913893,0.2054398148148148,0.2705584432893509,0,0,2,0
1D000186,남자,60대 이상,서비스 종사자,중졸 이하,대구광역시,1세대가족,기혼,맞벌이 하지 않음,100-200만원 미만,0.0461990760184796,0.1340999902543611,0.0489979291706152,0.1360938578329882,0.0177199838296725,0.1615547839506173,0.3065440490470478,0,0,1,0
1O000720,남자,60대 이상,서비스 종사자,고졸(대학 재학 포함),강원도,1인 가구,미혼(사별/이혼 포함),맞벌이 하지 않음,300-400만원 미만,0.2118857622847543,0.1716206997368677,0.0843424239233442,0.1478260869565217,0.1328661905403584,0.1714891975308642,0.2385712381713981,1,1,2,0
1H000981,여자,40대,주부,고졸(대학 재학 포함),경기도,2세대가족,기혼,맞벌이 하지 않음,400-500만원 미만,0.0510289794204115,0.1769808010915115,0.0643361061387806,0.1222912353347135,0.0644118043390378,0.2140239197530864,0.1426096228175396,0,0,1,0
3M168018,여자,30대,사무 종사자,대학교 졸업(전문대졸/대학원생 포함),충청북도,1세대가족,기혼,맞벌이 함,500-600만원 미만,0.0944981100377992,0.1574895234382614,0.0720227440244287,0.1250517598343685,0.0669047298207788,0.0887345679012345,0.1510062641610022,0,0,1,0
1O001429,남자,50대,판매 종사자,고졸(대학 재학 포함),강원도,1세대가족,기혼,맞벌이 함,400-500만원 미만,0.0835783284334313,0.1228925056037423,0.1293741883401776,0.1450655624568668,0.1083411939091766,0.1549961419753086,0.180327868852459,2,2,0,0
1H000987,여자,40대,단순노무 종사자,고졸(대학 재학 포함),경기도,2세대가족,미혼(사별/이혼 포함),맞벌이 하지 않음,200-300만원 미만,0.1488870222595548,0.1574895234382614,0.0671440103892457,0.1222912353347135,0.0794367335938552,0.1805555555555555,0.2229774756763961,0,0,2,0
3I214090,여자,20대,사무 종사자,대학교 졸업(전문대졸/대학원생 포함),경상북도,1인 가구,미혼(사별/이혼 포함),맞벌이 하지 않음,300-400만원 미만,0.1406971860562788,0.1496930123769613,0.0897125408023586,0.1305728088336784,0.0923056191887885,0.1599151234567901,0.1812608290017326,0,0,1,0
3M168024,여자,40대,사무 종사자,대학교 졸업(전문대졸/대학원생 포함),충청북도,2세대가족,기혼,맞벌이 함,500-600만원 미만,0.1091978160436791,0.1633369067342364,0.0683022708925625,0.1278122843340234,0.0633337825090958,0.0848765432098765,0.1492736238837798,0,0,1,0
1O000227,여자,60대 이상,주부,고졸(대학 재학 포함),강원도,1세대가족,기혼,맞벌이 하지 않음,300-400만원 미만,0.0839983200335993,0.1633369067342364,0.0882734898739953,0.1305728088336784,0.0628621479584961,0.1382137345679012,0.1879248300679728,0,0,1,0
1O000691,여자,60대 이상,판매 종사자,고졸(대학 재학 포함),강원도,1세대가족,기혼,맞벌이 함,400-500만원 미만,0.2322553548929021,0.14530747490498,0.0929416306903934,0.1450655624568668,0.1539549925885999,0.1760223765432098,0.2616286818605891,1,1,2,0
1H000988,여자,40대,서비스 종사자,대학교 졸업(전문대졸/대학원생 포함),경기도,2세대가족,기혼,맞벌이 함,500-600만원 미만,0.115287694246115,0.1467693207289737,0.0790776034537222,0.1305728088336784,0.0868481336747069,0.2034143518518518,0.2159136345461815,0,0,1,0
3O148011,여자,60대 이상,주부,고졸(대학 재학 포함),강원도,1세대가족,기혼,맞벌이 하지 않음,300-400만원 미만,0.1049979000419991,0.1574895234382614,0.0709697799305043,0.144375431331953,0.0598975879261555,0.1189236111111111,0.1879248300679728,0,0,1,0
1O000518,여자,60대 이상,주부,고졸(대학 재학 포함),강원도,1인 가구,미혼(사별/이혼 포함),맞벌이 하지 않음,100-200만원 미만,0.0888282234355312,0.1143163434363122,0.0884489838896493,0.1135955831608005,0.0952028028567578,0.1626157407407407,0.1732640277222444,2,0,1,0
1O001434,여자,60대 이상,단순노무 종사자,중졸 이하,강원도,1인 가구,미혼(사별/이혼 포함),맞벌이 하지 않음,100-200만원 미만,0.0755984880302394,0.1209433778384173,0.1177915833070092,0.1395445134575569,0.0918339846381889,0.1977237654320987,0.1905904304944689,2,2,0,0
1O000689,여자,60대 이상,서비스 종사자,고졸(대학 재학 포함),강원도,1인 가구,미혼(사별/이혼 포함),맞벌이 하지 않음,300-400만원 미만,0.2209155816883662,0.1735698275021927,0.0911164929275911,0.1478260869565217,0.1330683196334725,0.1546103395061728,0.2425696388111422,1,1,2,0
3M168030,여자,40대,판매 종사자,고졸(대학 재학 포함),충청북도,2세대가족,기혼,맞벌이 함,500-600만원 미만,0.123897522049559,0.1392651788324725,0.0792881962725071,0.1278122843340234,0.0803800026950545,0.0887345679012345,0.1692656270825003,0,0,1,0
1O000494,여자,60대 이상,주부,고졸(대학 재학 포함),강원도,1인 가구,미혼(사별/이혼 포함),맞벌이 하지 않음,100만원 미만,0.1077278454430911,0.1084689601403372,0.0755677231406409,0.1053140096618357,0.0817275299824821,0.134645061728395,0.2105824336931894,0,0,1,0
1H001003,여자,60대 이상,서비스 종사자,고졸(대학 재학 포함),경기도,2세대가족,기혼,맞벌이 함,800-900만원 미만,0.1299874002519949,0.1555403956729363,0.0787266154224141,0.1222912353347135,0.0733728608004312,0.1927083333333333,0.1909902705584433,0,0,1,0
1O000688,여자,60대 이상,주부,고졸(대학 재학 포함),강원도,1세대가족,기혼,맞벌이 하지 않음,300-400만원 미만,0.245905081898362,0.14920573043563,0.0911164929275911,0.1478260869565217,0.1498450343619458,0.1654128086419753,0.2812208449953352,1,1,2,0
3O162001,여자,60대 이상,단순노무 종사자,고졸(대학 재학 포함),강원도,1세대가족,기혼,맞벌이 함,300-400만원 미만,0.0930281394372112,0.1277653250170548,0.1263907900740584,0.1423050379572118,0.1144050667026007,0.1638695987654321,0.1452752232440357,2,2,0,0
3O151038,여자,60대 이상,서비스 종사자,고졸(대학 재학 포함),강원도,1인 가구,미혼(사별/이혼 포함),맞벌이 하지 않음,200-300만원 미만,0.1406971860562788,0.1399473735503362,0.0801305675476466,0.1195307108350586,0.1026142029376094,0.1345486111111111,0.1825936292149806,0,0,1,0
4C069006,여자,40대,사무 종사자,대학교 졸업(전문대졸/대학원생 포함),인천광역시,1인 가구,미혼(사별/이혼 포함),맞벌이 하지 않음,300-400만원 미만,0.1459470810583788,0.1706461358542052,0.060124249763083,0.1312629399585921,0.0673089880070071,0.1105324074074074,0.2545648407303745,0,1,2,0
3D062025,여자,30대,주부,대학교 졸업(전문대졸/대학원생 포함),대구광역시,3세대가족,기혼,맞벌이 하지 않음,300-400만원 미만,0.117807643847123,0.1072994834811422,0.1153697658909831,0.1174603174603174,0.1183128958361406,0.2074652777777778,0.1643342662934826,2,2,0,0
3M168036,여자,30대,판매 종사자,고졸(대학 재학 포함),충청북도,1세대가족,기혼,맞벌이 함,500-600만원 미만,0.122427551448971,0.1594386512035864,0.0678108876487311,0.1222912353347135,0.0770111844764856,0.089699074074074,0.1346128215380514,0,0,1,0
4O154017,여자,60대 이상,농림어업 숙련 종사자,고졸(대학 재학 포함),강원도,1세대가족,기혼,맞벌이 함,300-400만원 미만,0.2039059218815623,0.1365363999610174,0.0920641606121231,0.1478260869565217,0.1471499797870906,0.1734182098765432,0.274556843929095,1,1,2,0
1H001007,여자,40대,서비스 종사자,고졸(대학 재학 포함),경기도,2세대가족,기혼,맞벌이 함,500-600만원 미만,0.0747585048299034,0.1565149595555988,0.0710048787336351,0.1333333333333333,0.061245115213583,0.1925154320987654,0.2229774756763961,0,0,1,0
3M168042,여자,60대 이상,판매 종사자,중졸 이하,충청북도,1세대가족,기혼,맞벌이 함,500-600만원 미만,0.1413271734565308,0.1506675762596238,0.0705134954898038,0.1278122843340234,0.0709473116830615,0.0868055555555555,0.1612688258030121,0,0,1,0
4A010016,여자,50대,판매 종사자,고졸(대학 재학 포함),서울특별시,2세대가족,기혼,맞벌이 함,600-700만원 미만,0.2162956740865182,0.1306890166650424,0.113123442490611,0.1395445134575569,0.1472847325158334,0.1224922839506172,0.2109822737571638,1,1,0,0
3M168048,여자,60대 이상,기능원 및 관련 기능 종사자,고졸(대학 재학 포함),충청북도,1세대가족,기혼,맞벌이 함,500-600만원 미만,0.1413271734565308,0.1565149595555988,0.0744796602435857,0.1305728088336784,0.0709473116830615,0.0887345679012345,0.1466080234572837,0,0,1,0
3D062030,여자,20대,주부,대학교 졸업(전문대졸/대학원생 포함),대구광역시,2세대가족,기혼,맞벌이 하지 않음,200-300만원 미만,0.1005879882402352,0.1423837832569925,0.0928012354778702,0.1450655624568668,0.0625926425010106,0.1876929012345679,0.1439424230307877,0,2,1,0
1O000751,여자,40대,단순노무 종사자,고졸(대학 재학 포함),강원도,1인 가구,미혼(사별/이혼 포함),맞벌이 하지 않음,200-300만원 미만,0.2123057538849223,0.143358347139655,0.0966270050191288,0.1450655624568668,0.1419619997304945,0.1734182098765432,0.2602958816473411,1,1,2,0
1M001240,여자,50대,사무 종사자,고졸(대학 재학 포함),충청북도,2세대가족,기혼,맞벌이 함,500-600만원 미만,0.118227635447291,0.1789299288568366,0.0637394264855568,0.1278122843340234,0.0561245115213583,0.1003086419753086,0.117286418765827,0,0,1,0
3D062040,여자,40대,주부,대학교 졸업(전문대졸/대학원생 포함),대구광역시,2세대가족,기혼,맞벌이 하지 않음,400-500만원 미만,0.123477530449391,0.1920865412727804,0.0704081990804113,0.1588681849551414,0.0628621479584961,0.2079475308641975,0.2505664400906304,0,0,1,0
1M001245,남자,60대 이상,기능원 및 관련 기능 종사자,고졸(대학 재학 포함),충청북도,1세대가족,기혼,맞벌이 함,500-600만원 미만,0.116757664846703,0.1714257869603352,0.0750763398968095,0.1305728088336784,0.0603692224767551,0.0887345679012345,0.1510062641610022,0,0,1,0
4O162032,여자,60대 이상,주부,고졸(대학 재학 포함),강원도,1세대가족,기혼,맞벌이 하지 않음,200-300만원 미만,0.0892482150356992,0.1209433778384173,0.1256537152083114,0.1423050379572118,0.0919687373669316,0.1744791666666666,0.2052512328401972,2,2,0,0
1H001016,남자,40대,사무 종사자,대학교 졸업(전문대졸/대학원생 포함),경기도,1인 가구,미혼(사별/이혼 포함),맞벌이 하지 않음,300-400만원 미만,0.0879882402351952,0.1340999902543611,0.066336737917237,0.1333333333333333,0.0855006063872793,0.1642554012345679,0.158603225376516,0,0,1,0
4O154034,여자,50대,서비스 종사자,대학교 졸업(전문대졸/대학원생 포함),강원도,1세대가족,기혼,맞벌이 함,400-500만원 미만,0.2383452330953381,0.14920573043563,0.0948720648625881,0.1533471359558316,0.1482953779814041,0.1427469135802469,0.2692256430761029,1,1,2,0
1M001248,여자,60대 이상,사무 종사자,대학교 졸업(전문대졸/대학원생 포함),충청북도,2세대가족,기혼,맞벌이 함,700-800만원 미만,0.1497270054598908,0.1633369067342364,0.0746200554561089,0.1305728088336784,0.075663657189058,0.0829475308641975,0.1283486605357857,0,0,1,0
3D062045,여자,40대,주부,대학교 졸업(전문대졸/대학원생 포함),대구광역시,2세대가족,기혼,맞벌이 하지 않음,400-500만원 미만,0.1427971440571188,0.1287398888997173,0.1176862868976168,0.1588681849551414,0.1401428378924673,0.1817129629629629,0.1279488204718112,2,2,0,0
3D045005,여자,50대,사무 종사자,대학교 졸업(전문대졸/대학원생 포함),대구광역시,2세대가족,기혼,맞벌이 함,200-300만원 미만,0.116967660646787,0.1214306597797485,0.0938541995717946,0.1112491373360938,0.0946637919417868,0.1577932098765432,0.2389710782353725,0,0,1,0
1D000802,여자,40대,판매 종사자,고졸(대학 재학 포함),대구광역시,2세대가족,기혼,맞벌이 함,400-500만원 미만,0.0650986980260394,0.0682194717863756,0.0611772138570074,0.0234644582470669,0.0404258186228271,0.1548032407407407,0.1399440223910436,3,3,3,1
1H001018,여자,20대,주부,고졸(대학 재학 포함),경기도,2세대가족,기혼,맞벌이 하지 않음,200-300만원 미만,0.1005879882402352,0.172107981678199,0.0540521568214523,0.1305728088336784,0.0816601536181107,0.1735146604938271,0.2083166733306677,0,0,1,0
1M001251,여자,50대,단순노무 종사자,고졸(대학 재학 포함),충청북도,2세대가족,기혼,맞벌이 함,500-600만원 미만,0.1440571188576228,0.1477438846116363,0.065389070232705,0.1305728088336784,0.0749225171809729,0.0974151234567901,0.158603225376516,0,0,1,0
1H001024,여자,50대,서비스 종사자,고졸(대학 재학 포함),경기도,1인 가구,미혼(사별/이혼 포함),맞벌이 하지 않음,200-300만원 미만,0.1266274674506509,0.1662605983822239,0.0748657470780246,0.1250517598343685,0.0682522571082064,0.1616512345679012,0.15593762495002,0,0,1,0
3D045004,여자,60대 이상,주부,고졸(대학 재학 포함),대구광역시,2세대가족,기혼,맞벌이 하지 않음,500-600만원 미만,0.1075178496430071,0.1253289153103986,0.1022077147169281,0.1140096618357487,0.099514890176526,0.1609760802469136,0.2185792349726776,2,0,1,0
1H001026,여자,50대,사무 종사자,대학교 졸업(전문대졸/대학원생 포함),경기도,2세대가족,기혼,맞벌이 함,800-900만원 미만,0.1012179756404871,0.1418965013156612,0.0774981573128356,0.1305728088336784,0.0641422988815523,0.179591049382716,0.2385712381713981,0,0,1,0
3D062050,여자,40대,주부,대학교 졸업(전문대졸/대학원생 포함),대구광역시,3세대가족,기혼,맞벌이 하지 않음,400-500만원 미만,0.1413271734565308,0.1950102329207679,0.1072268435646344,0.1561076604554865,0.1042986120468939,0.1353202160493827,0.157270425163268,2,1,1,0
3O151033,여자,60대 이상,판매 종사자,고졸(대학 재학 포함),강원도,1세대가족,기혼,맞벌이 함,300-400만원 미만,0.1028979420411591,0.1191891628496248,0.0832894598294198,0.1135955831608005,0.08260342271931,0.136574074074074,0.1772624283619885,0,0,1,0
4A005007,여자,60대 이상,판매 종사자,대학교 졸업(전문대졸/대학원생 포함),서울특별시,1인 가구,미혼(사별/이혼 포함),맞벌이 하지 않음,500-600만원 미만,0.1339773204535909,0.1516421401422863,0.0956793373345969,0.1388543823326432,0.0793693572294838,0.1118827160493827,0.1452752232440357,2,0,0,0
4O145012,여자,60대 이상,농림어업 숙련 종사자,중졸 이하,강원도,1인 가구,미혼(사별/이혼 포함),맞벌이 하지 않음,200-300만원 미만,0.0566988660226795,0.1219179417210798,0.0735670913621845,0.1312629399585921,0.0509365314647621,0.130787037037037,0.2652272424363588,0,0,1,0
1H001036,여자,50대,판매 종사자,고졸(대학 재학 포함),경기도,1인 가구,미혼(사별/이혼 포함),맞벌이 하지 않음,200-300만원 미만,0.0789584208315833,0.1418965013156612,0.0741637710154083,0.1305728088336784,0.0700040425818622,0.1983024691358024,0.2065840330534453,0,0,1,0
3O162003,여자,60대 이상,주부,고졸(대학 재학 포함),강원도,1세대가족,기혼,맞벌이 하지 않음,300-400만원 미만,0.0797984040319193,0.1209433778384173,0.127794742199291,0.1423050379572118,0.1021425683870098,0.177758487654321,0.1785952285752365,2,2,0,0
1C001143,여자,50대,서비스 종사자,대학교 졸업(전문대졸/대학원생 포함),인천광역시,2세대가족,기혼,맞벌이 함,600-700만원 미만,0.0766484670306593,0.1745443913848552,0.0895370467867045,0.136783988957902,0.0479045950680501,0.1139081790123456,0.2518992403038784,0,1,1,0
1H001062,여자,50대,서비스 종사자,고졸(대학 재학 포함),경기도,1세대가족,기혼,맞벌이 함,400-500만원 미만,0.1341873162536749,0.1418965013156612,0.068021480467516,0.1278122843340234,0.0673089880070071,0.1395640432098765,0.2585632413701186,0,0,2,0
4A005014,여자,30대,사무 종사자,대학교 졸업(전문대졸/대학원생 포함),서울특별시,1세대가족,기혼,맞벌이 함,600-700만원 미만,0.1007979840403192,0.1462820387876425,0.1128075532624337,0.134023464458247,0.0673763643713785,0.1070601851851851,0.1692656270825003,2,0,0,0
1M001255,여자,60대 이상,사무 종사자,대학교 졸업(전문대졸/대학원생 포함),충청북도,1세대가족,기혼,맞벌이 함,500-600만원 미만,0.0860982780344393,0.1526167040249488,0.0763749956126496,0.1278122843340234,0.0722948389704891,0.0887345679012345,0.1656670665067306,0,0,1,0
1M001272,여자,60대 이상,주부,고졸(대학 재학 포함),충청북도,1인 가구,미혼(사별/이혼 포함),맞벌이 하지 않음,100-200만원 미만,0.1308273834523309,0.1636292758990352,0.060685830613176,0.1195307108350586,0.0738444953510308,0.0974151234567901,0.1825936292149806,0,0,1,0
1O000778,여자,60대 이상,주부,고졸(대학 재학 포함),강원도,1세대가족,기혼,맞벌이 하지 않음,300-400만원 미만,0.247795044099118,0.1641165578403664,0.0955740409252044,0.1505866114561766,0.1243767686295647,0.1625192901234568,0.2798880447820872,1,1,2,0
1M001279,남자,30대,전문가 및 관련 종사자,대학교 졸업(전문대졸/대학원생 포함),충청북도,1인 가구,미혼(사별/이혼 포함),맞벌이 하지 않음,200-300만원 미만,0.125157496850063,0.1694766591950102,0.0645466989575655,0.1305728088336784,0.0598975879261555,0.0935570987654321,0.1532720245235239,0,0,1,0
1M001282,여자,60대 이상,단순노무 종사자,고졸(대학 재학 포함),충청북도,1세대가족,기혼,맞벌이 함,500-600만원 미만,0.1049979000419991,0.174057109443524,0.0648976869888736,0.1278122843340234,0.0512060369222476,0.0993441358024691,0.1492736238837798,0,0,1,0
4O158018,여자,50대,서비스 종사자,고졸(대학 재학 포함),강원도,1세대가족,기혼,맞벌이 함,400-500만원 미만,0.0867282654346913,0.1277653250170548,0.1315854129374188,0.1423050379572118,0.127273952297534,0.1629050925925926,0.1839264294282287,2,2,0,0
4A005035,여자,50대,서비스 종사자,대학교 졸업(전문대졸/대학원생 포함),서울특별시,2세대가족,미혼(사별/이혼 포함),맞벌이 하지 않음,300-400만원 미만,0.0629987400251994,0.1394600916090049,0.1094731669650064,0.136783988957902,0.072092709877375,0.119116512345679,0.2016526722644276,2,0,1,0
3M165008,남자,60대 이상,기능원 및 관련 기능 종사자,고졸(대학 재학 포함),충청북도,1인 가구,미혼(사별/이혼 포함),맞벌이 하지 않음,200-300만원 미만,0.1308273834523309,0.1652860344995614,0.0665473307360219,0.1305728088336784,0.0868481336747069,0.0974151234567901,0.1426096228175396,0,0,1,0
4P241021,여자,40대,사무 종사자,대학교 졸업(전문대졸/대학원생 포함),제주특별자치도,1인 가구,미혼(사별/이혼 포함),맞벌이 하지 않음,100-200만원 미만,0.0293994120117597,0.1141214306597797,0.1116492927591169,0.1257418909592822,0.1056461393343215,0.0964506172839506,0.23723843795815,2,1,1,0
4P241035,여자,50대,서비스 종사자,대학교 졸업(전문대졸/대학원생 포함),제주특별자치도,2세대가족,미혼(사별/이혼 포함),맞벌이 하지 않음,200-300만원 미만,0.0293994120117597,0.1141214306597797,0.1115439963497244,0.1257418909592822,0.0774828190270853,0.1141010802469135,0.234572837531654,0,0,1,0
4O158030,여자,50대,서비스 종사자,고졸(대학 재학 포함),강원도,1세대가족,기혼,맞벌이 함,400-500만원 미만,0.0839983200335993,0.1209433778384173,0.133621143519006,0.1423050379572118,0.1239725104433364,0.1426504629629629,0.1599360255897641,2,2,0,0
4A245006,여자,60대 이상,판매 종사자,고졸(대학 재학 포함),서울특별시,1세대가족,기혼,맞벌이 함,300-400만원 미만,0.1742965140697186,0.1409219374329987,0.0799550735319925,0.1333333333333333,0.0947311683061581,0.1201774691358024,0.2385712381713981,1,1,1,0
1H001646,여자,60대 이상,주부,고졸(대학 재학 포함),경기도,1세대가족,기혼,맞벌이 하지 않음,300-400만원 미만,0.1308273834523309,0.1560276776142676,0.091327085746376,0.1423050379572118,0.0742487535372591,0.1128472222222222,0.2678928428628548,0,1,1,0
3G100042,여자,40대,사무 종사자,대학교 졸업(전문대졸/대학원생 포함),울산광역시,2세대가족,기혼,맞벌이 함,400-500만원 미만,0.2060058798824023,0.1686970080888802,0.0813590256572251,0.1478260869565217,0.0881956609621344,0.1513310185185185,0.2785552445688391,1,1,2,0
1O000483,여자,60대 이상,서비스 종사자,고졸(대학 재학 포함),강원도,1세대가족,기혼,맞벌이 함,300-400만원 미만,0.1595968080638387,0.1084689601403372,0.0699519146397107,0.1053140096618357,0.1100256030184611,0.130787037037037,0.1852592296414767,1,0,2,0
1H001659,여자,40대,사무 종사자,대학교 졸업(전문대졸/대학원생 포함),경기도,2세대가족,기혼,맞벌이 함,600-700만원 미만,0.1364972700545989,0.147256602670305,0.0697062230177951,0.1395445134575569,0.0753267753672011,0.1041666666666666,0.3016126882580301,0,1,2,0
1C000979,여자,40대,사무 종사자,대학교 졸업(전문대졸/대학원생 포함),인천광역시,2세대가족,기혼,맞벌이 함,500-600만원 미만,0.2047459050818983,0.1964720787447617,0.0862026604892773,0.1278122843340234,0.1317881687104163,0.1321373456790123,0.2279088364654138,1,1,1,0
3O155002,여자,60대 이상,주부,고졸(대학 재학 포함),강원도,1세대가족,기혼,맞벌이 하지 않음,300-400만원 미만,0.2013859722805544,0.1423837832569925,0.1066301639114106,0.1505866114561766,0.1284867268562188,0.1864390432098765,0.2572304411568706,1,1,2,0
1D000894,여자,30대,주부,고졸(대학 재학 포함),대구광역시,2세대가족,기혼,맞벌이 하지 않음,200-300만원 미만,0.0831583368332633,0.1609004970275801,0.0525078094836966,0.1119392684610075,0.0772806899339711,0.1427469135802469,0.158603225376516,0,0,1,0
4O158036,여자,60대 이상,농림어업 숙련 종사자,고졸(대학 재학 포함),강원도,1세대가족,기혼,맞벌이 함,200-300만원 미만,0.0510289794204115,0.1189942500730922,0.0911866905338528,0.1423050379572118,0.0778870772133135,0.1609760802469136,0.1719312275089964,0,2,1,0
1H001661,여자,40대,서비스 종사자,대학교 졸업(전문대졸/대학원생 포함),경기도,2세대가족,기혼,맞벌이 함,500-600만원 미만,0.1868962620747585,0.1911119773901179,0.0909059001088063,0.1505866114561766,0.08651125185285,0.1118827160493827,0.2998800479808077,1,1,2,0
4A005042,여자,60대 이상,사무 종사자,고졸(대학 재학 포함),서울특별시,1세대가족,기혼,맞벌이 함,"1,000만원 이상",0.126207475850483,0.1628496247929051,0.1186690533852795,0.1450655624568668,0.0937205228405875,0.1089891975308642,0.157270425163268,2,0,0,0
4A245009,여자,40대,서비스 종사자,대학교 졸업(전문대졸/대학원생 포함),서울특별시,2세대가족,기혼,맞벌이 함,600-700만원 미만,0.23897522049559,0.1243543514277361,0.106559966305149,0.144375431331953,0.1318555450747877,0.1247106481481481,0.2305744368919099,1,0,0,0
1D000899,여자,20대,서비스 종사자,대학교 졸업(전문대졸/대학원생 포함),대구광역시,1세대가족,기혼,맞벌이 함,400-500만원 미만,0.0814783704325913,0.1277653250170548,0.0569653574813098,0.136783988957902,0.0652203207114944,0.1876929012345679,0.2399040383846461,0,0,1,0
1H001693,여자,40대,사무 종사자,대학교 졸업(전문대졸/대학원생 포함),경기도,2세대가족,기혼,맞벌이 함,500-600만원 미만,0.1459470810583788,0.1462820387876425,0.0772173668877891,0.134023464458247,0.0527556933027893,0.1001157407407407,0.2985472477675596,0,1,2,0
3O155003,여자,40대,판매 종사자,고졸(대학 재학 포함),강원도,2세대가족,기혼,맞벌이 함,400-500만원 미만,0.1963460730785384,0.1511548582009551,0.0924151486434312,0.1478260869565217,0.1240398868077078,0.1695601851851852,0.2932160469145675,1,1,2,0
1O000455,여자,60대 이상,서비스 종사자,고졸(대학 재학 포함),강원도,1세대가족,기혼,맞벌이 함,300-400만원 미만,0.1364972700545989,0.1201637267322873,0.0766206872345653,0.1025534851621808,0.0891389300633337,0.1134259259259259,0.2065840330534453,0,0,2,0
1D000900,남자,20대,사무 종사자,고졸(대학 재학 포함),대구광역시,1세대가족,기혼,맞벌이 하지 않음,200-300만원 미만,0.0524989500209995,0.1139265178832472,0.0685479625144782,0.1360938578329882,0.0700714189462336,0.1211419753086419,0.1829934692789551,0,0,1,0
1C000996,여자,50대,판매 종사자,대학교 졸업(전문대졸/대학원생 포함),인천광역시,2세대가족,기혼,맞벌이 함,600-700만원 미만,0.1917261654766904,0.1638241886755677,0.0833245586325506,0.136783988957902,0.0948659210349009,0.1157407407407407,0.2403038784486205,1,1,1,0
4H125035,여자,40대,사무 종사자,대학교 졸업(전문대졸/대학원생 포함),경기도,2세대가족,기혼,맞벌이 함,500-600만원 미만,0.1973960520789584,0.1842900302114803,0.0798146783194693,0.1478260869565217,0.0760679153752863,0.115065586419753,0.2558976409436225,1,1,1,0
4H125070,여자,40대,사무 종사자,대학교 졸업(전문대졸/대학원생 포함),경기도,2세대가족,기혼,맞벌이 함,500-600만원 미만,0.1784964300713985,0.147256602670305,0.0757783159594257,0.1450655624568668,0.1065220320711494,0.1099537037037037,0.2892176462748234,1,1,2,0
4O158033,여자,60대 이상,주부,중졸 이하,강원도,1세대가족,기혼,맞벌이 하지 않음,100-200만원 미만,0.0741285174296514,0.1209433778384173,0.1018918254887508,0.1450655624568668,0.0900148228001617,0.1875,0.2079168332666933,2,2,1,0
1O000783,여자,60대 이상,사무 종사자,대학교 졸업(전문대졸/대학원생 포함),강원도,1인 가구,미혼(사별/이혼 포함),맞벌이 하지 않음,400-500만원 미만,0.1934061318773624,0.1582691745443914,0.0878523042364255,0.1478260869565217,0.1116426357633742,0.1628086419753086,0.275889644142343,1,1,2,0
4H135034,여자,40대,사무 종사자,대학교 졸업(전문대졸/대학원생 포함),경기도,2세대가족,기혼,맞벌이 함,500-600만원 미만,0.1364972700545989,0.1833154663288178,0.0846934119546523,0.136783988957902,0.0644118043390378,0.0974151234567901,0.2265760362521658,0,1,1,0
4H135068,여자,40대,사무 종사자,대학교 졸업(전문대졸/대학원생 포함),경기도,2세대가족,기혼,맞벌이 함,500-600만원 미만,0.121797564048719,0.1959847968034304,0.0904145168649749,0.1395445134575569,0.066230966177065,0.1032021604938271,0.2465680394508863,0,1,1,0
4A245012,여자,60대 이상,주부,고졸(대학 재학 포함),서울특별시,1세대가족,기혼,맞벌이 하지 않음,200-300만원 미만,0.2068458630827383,0.1038885098918234,0.0712505703555508,0.1333333333333333,0.1056461393343215,0.1313657407407407,0.234572837531654,1,1,2,0
1C000938,여자,40대,사무 종사자,대학교 졸업(전문대졸/대학원생 포함),인천광역시,2세대가족,기혼,맞벌이 함,400-500만원 미만,0.1864762704745905,0.1920865412727804,0.093011828296655,0.136783988957902,0.0816601536181107,0.1331018518518518,0.2185792349726776,1,1,1,0
4H124030,여자,50대,서비스 종사자,대학교 졸업(전문대졸/대학원생 포함),경기도,2세대가족,기혼,맞벌이 함,700-800만원 미만,0.0787484250314993,0.1735698275021927,0.072338633252606,0.1395445134575569,0.0536315860396173,0.1063850308641975,0.2585632413701186,0,1,1,0
4A245018,여자,50대,서비스 종사자,대학교 졸업(전문대졸/대학원생 포함),서울특별시,1인 가구,미혼(사별/이혼 포함),맞벌이 하지 않음,200-300만원 미만,0.1497270054598908,0.1321508624890361,0.0921694570215155,0.1388543823326432,0.0751920226384584,0.109278549382716,0.2172464347594295,1,0,1,0
1M000008,여자,40대,서비스 종사자,대학교 졸업(전문대졸/대학원생 포함),충청북도,2세대가족,기혼,맞벌이 함,500-600만원 미만,0.1530869382612348,0.2037813078647305,0.0773577621003123,0.134023464458247,0.055181242420159,0.1901041666666666,0.2079168332666933,0,0,1,0
1M000033,여자,30대,단순노무 종사자,고졸(대학 재학 포함),충청북도,2세대가족,기혼,맞벌이 함,500-600만원 미만,0.120537589248215,0.1745443913848552,0.0827980765855884,0.136783988957902,0.0486457350761352,0.1359953703703703,0.2585632413701186,0,1,1,0
3G100056,여자,50대,사무 종사자,대학교 졸업(전문대졸/대학원생 포함),울산광역시,1세대가족,기혼,맞벌이 함,400-500만원 미만,0.2139857202855943,0.2037813078647305,0.070653890702327,0.1450655624568668,0.0760679153752863,0.1645447530864197,0.2336398773823804,1,0,2,0
4A245027,여자,60대 이상,서비스 종사자,대학교 졸업(전문대졸/대학원생 포함),서울특별시,1세대가족,기혼,맞벌이 함,400-500만원 미만,0.2106257874842503,0.1126595848357859,0.0940998911937103,0.1305728088336784,0.1288236086780757,0.1295331790123457,0.2319072371051579,1,1,0,0
3I214072,여자,60대 이상,판매 종사자,고졸(대학 재학 포함),경상북도,2세대가족,기혼,맞벌이 함,500-600만원 미만,0.1747165056698866,0.1375109638436799,0.0728651152995682,0.1257418909592822,0.0985042447109553,0.1575038580246913,0.1896574703451952,1,0,1,0
3G104077,여자,30대,주부,대학교 졸업(전문대졸/대학원생 포함),울산광역시,2세대가족,기혼,맞벌이 하지 않음,300-400만원 미만,0.2553548929021419,0.1579768053795926,0.0871503281738092,0.1450655624568668,0.1196604231235682,0.1802662037037037,0.2878848460615754,1,1,2,0
3I214080,여자,50대,주부,대학교 졸업(전문대졸/대학원생 포함),경상북도,1세대가족,기혼,맞벌이 하지 않음,300-400만원 미만,0.1978160436791264,0.1267907611343923,0.0853251904110069,0.1285024154589372,0.1166958630912275,0.1505594135802469,0.1883246701319472,1,0,0,0
3G104070,여자,40대,주부,대학교 졸업(전문대졸/대학원생 포함),울산광역시,2세대가족,기혼,맞벌이 하지 않음,300-400만원 미만,0.2757244855102898,0.1638241886755677,0.0715313607805974,0.1505866114561766,0.1213448322328527,0.1669560185185185,0.275889644142343,1,1,2,0
4I214039,여자,30대,사무 종사자,대학교 졸업(전문대졸/대학원생 포함),경상북도,2세대가족,기혼,맞벌이 함,600-700만원 미만,0.2106257874842503,0.1482311665529675,0.0796040855006844,0.1285024154589372,0.1250505322732785,0.1239390432098765,0.1510062641610022,1,1,1,0
3G104014,여자,40대,사무 종사자,대학교 졸업(전문대졸/대학원생 포함),울산광역시,1세대가족,기혼,맞벌이 함,500-600만원 미만,0.24737505249895,0.1579768053795926,0.09452107683128,0.1478260869565217,0.1358981269370704,0.1755401234567901,0.2612288417966147,1,1,2,0
4B032020,여자,30대,사무 종사자,대학원 졸업 이상,부산광역시,1인 가구,미혼(사별/이혼 포함),맞벌이 하지 않음,200-300만원 미만,0.1087778244435111,0.1667478803235552,0.0862026604892773,0.1229813664596273,0.0617167497641827,0.1457368827160493,0.2172464347594295,0,0,1,0
4B032025,여자,20대,사무 종사자,대학원 졸업 이상,부산광역시,1인 가구,미혼(사별/이혼 포함),맞벌이 하지 않음,200-300만원 미만,0.1847963040739185,0.1141214306597797,0.0771471692815275,0.1229813664596273,0.1090149575528904,0.1399498456790123,0.2452352392376383,1,0,2,0
4B032030,남자,20대,기능원 및 관련 기능 종사자,고졸(대학 재학 포함),부산광역시,1인 가구,미혼(사별/이혼 포함),맞벌이 하지 않음,300-400만원 미만,0.1602267954640907,0.0946301530065295,0.0793232950756379,0.1202208419599723,0.1544940035035709,0.1408179012345679,0.1346128215380514,2,2,0,0
4B032045,여자,30대,사무 종사자,대학원 졸업 이상,부산광역시,1인 가구,미혼(사별/이혼 포함),맞벌이 하지 않음,200-300만원 미만,0.1518269634607308,0.1628496247929051,0.0774630585097048,0.1423050379572118,0.075663657189058,0.1442901234567901,0.1812608290017326,0,0,1,0
4B032055,남자,20대,서비스 종사자,고졸(대학 재학 포함),부산광역시,1인 가구,미혼(사별/이혼 포함),맞벌이 하지 않음,300-400만원 미만,0.0984880302393952,0.1631419939577039,0.0654943666420975,0.1395445134575569,0.0606387279342406,0.1403356481481481,0.2349726775956284,0,0,1,0
4B032060,남자,40대,서비스 종사자,대학교 졸업(전문대졸/대학원생 포함),부산광역시,1인 가구,미혼(사별/이혼 포함),맞벌이 하지 않음,400-500만원 미만,0.0629987400251994,0.1297144527823799,0.0963462145940823,0.1285024154589372,0.065691955262094,0.1104359567901234,0.1865920298547247,0,0,1,0
1H000148,여자,50대,사무 종사자,대학교 졸업(전문대졸/대학원생 포함),경기도,2세대가족,기혼,맞벌이 함,800-900만원 미만,0.0703485930281394,0.1277653250170548,0.0794636902881611,0.1395445134575569,0.0522840587521897,0.1051311728395061,0.3149406903905105,0,1,1,0
4C067031,여자,30대,사무 종사자,대학교 졸업(전문대졸/대학원생 포함),인천광역시,1세대가족,기혼,맞벌이 함,700-800만원 미만,0.0783284334313313,0.1238670694864048,0.0756028219437717,0.134023464458247,0.0934510173831019,0.1032021604938271,0.2798880447820872,0,1,1,0
4C067062,여자,30대,사무 종사자,대학교 졸업(전문대졸/대학원생 포함),인천광역시,2세대가족,기혼,맞벌이 함,800-900만원 미만,0.0741285174296514,0.1540785498489426,0.0536309711838826,0.134023464458247,0.0280285675784934,0.1022376543209876,0.2825536452085832,0,1,1,0
4A018008,여자,60대 이상,단순노무 종사자,고졸(대학 재학 포함),서울특별시,1세대가족,기혼,맞벌이 함,500-600만원 미만,0.0699286014279714,0.14140921937433,0.069530729002141,0.134023464458247,0.050734402371648,0.1257716049382716,0.2838864454218313,0,1,1,0
1C001132,여자,60대 이상,주부,고졸(대학 재학 포함),인천광역시,2세대가족,기혼,맞벌이 하지 않음,600-700만원 미만,0.1020579588408231,0.1745443913848552,0.0784107261942367,0.1312629399585921,0.0753267753672011,0.0950038580246913,0.2039184326269492,0,1,1,0
4P241038,여자,50대,판매 종사자,고졸(대학 재학 포함),제주특별자치도,1인 가구,미혼(사별/이혼 포함),맞벌이 하지 않음,100-200만원 미만,0.0472490550188996,0.1404346554916674,0.1075076339896809,0.1285024154589372,0.0718232044198895,0.1083140432098765,0.2279088364654138,0,0,1,0
4J223019,남자,30대,장치·기계 조작 및 조립 종사자,대학교 졸업(전문대졸/대학원생 포함),경상남도,2세대가족,기혼,맞벌이 함,500-600만원 미만,0.1900461990760185,0.1261085664165286,0.0961005229721666,0.1285024154589372,0.1229618649777657,0.1493055555555555,0.1386112221777955,2,2,0,0
4P241041,여자,50대,주부,대학교 졸업(전문대졸/대학원생 포함),제주특별자치도,1세대가족,기혼,맞벌이 하지 않음,200-300만원 미만,0.0510289794204115,0.1297144527823799,0.0973640798848759,0.1285024154589372,0.1319902978035305,0.1142939814814814,0.2172464347594295,2,2,1,0
4J223028,여자,50대,취업 준비 중,중졸 이하,경상남도,1인 가구,미혼(사별/이혼 포함),맞벌이 하지 않음,100만원 미만,0.1606467870642587,0.1072994834811422,0.0758485135656874,0.1257418909592822,0.1069936666217491,0.1611689814814814,0.1799280287884846,1,0,1,0
3A017003,여자,60대 이상,주부,대학교 졸업(전문대졸/대학원생 포함),서울특별시,1세대가족,기혼,맞벌이 하지 않음,400-500만원 미만,0.115917681646367,0.1672351622648864,0.1055070022112246,0.1140096618357487,0.1327314378116156,0.1114969135802469,0.1279488204718112,2,1,0,0
1O000787,남자,50대,군인,대학교 졸업(전문대졸/대학원생 포함),강원도,1인 가구,미혼(사별/이혼 포함),맞벌이 하지 않음,400-500만원 미만,0.1774464510709786,0.1621674300750414,0.0878523042364255,0.1450655624568668,0.1278803395768764,0.1676311728395061,0.23723843795815,1,1,2,0
4J223036,여자,40대,주부,중졸 이하,경상남도,2세대가족,미혼(사별/이혼 포함),맞벌이 하지 않음,200-300만원 미만,0.1616967660646787,0.1248416333690673,0.0666877259485451,0.1257418909592822,0.0882630373265058,0.1220100308641975,0.1666000266560042,0,0,1,0
1A001049,여자,40대,사무 종사자,대학교 졸업(전문대졸/대학원생 포함),서울특별시,2세대가족,기혼,맞벌이 함,700-800만원 미만,0.0942881142377152,0.1175324042490985,0.1292688919307851,0.1305728088336784,0.1016709338364101,0.1428433641975308,0.1159536185525789,2,2,0,0
4O155082,여자,40대,주부,고졸(대학 재학 포함),강원도,2세대가족,기혼,맞벌이 하지 않음,400-500만원 미만,0.1661066778664426,0.1535912679076113,0.0869046365518935,0.1416149068322981,0.1169653685487131,0.1683063271604938,0.2465680394508863,1,1,2,0
4J223041,여자,20대,주부,고졸(대학 재학 포함),경상남도,2세대가족,기혼,맞벌이 하지 않음,500-600만원 미만,0.1761864762704746,0.1326381444303674,0.096030325365905,0.1229813664596273,0.098975879261555,0.1290509259259259,0.2012528322004531,1,0,1,0
4J223042,여자,20대,서비스 종사자,고졸(대학 재학 포함),경상남도,1인 가구,미혼(사별/이혼 포함),맞벌이 하지 않음,100-200만원 미만,0.122427551448971,0.1384855277263424,0.0734968937559229,0.1229813664596273,0.079032475407627,0.1020447530864197,0.1652672264427562,0,0,1,0
1O001316,여자,60대 이상,단순노무 종사자,고졸(대학 재학 포함),강원도,1세대가족,기혼,맞벌이 함,200-300만원 미만,0.0741285174296514,0.1336127083130299,0.1250921343582184,0.1478260869565217,0.0913623500875892,0.1556712962962963,0.1785952285752365,2,2,0,0
4L196017,여자,60대 이상,주부,중졸 이하,전라남도,1세대가족,기혼,맞벌이 하지 않음,200-300만원 미만,0.1360772784544309,0.1579768053795926,0.0743392650310624,0.1450655624568668,0.0679153752863495,0.2040895061728395,0.2505664400906304,0,0,2,0
1A001046,여자,30대,전문가 및 관련 종사자,대학교 졸업(전문대졸/대학원생 포함),서울특별시,1세대가족,기혼,맞벌이 함,700-800만원 미만,0.0545989080218395,0.114608712601111,0.1125267628373872,0.1333333333333333,0.1470152270583479,0.1051311728395061,0.1066240170598427,2,2,0,0
1O000867,여자,40대,주부,대학교 졸업(전문대졸/대학원생 포함),강원도,1세대가족,기혼,맞벌이 하지 않음,400-500만원 미만,0.1623267534649307,0.176785888314979,0.0931171247060475,0.1533471359558316,0.1113731303058887,0.1695601851851852,0.2425696388111422,1,1,2,0
4L196034,여자,60대 이상,주부,중졸 이하,전라남도,1인 가구,미혼(사별/이혼 포함),맞벌이 하지 않음,100만원 미만,0.0968080638387232,0.1518370529188188,0.0594222737004668,0.1391304347826087,0.0674437407357499,0.2175925925925926,0.2105824336931894,0,0,1,0
4D045011,여자,40대,사무 종사자,고졸(대학 재학 포함),대구광역시,2세대가족,기혼,맞벌이 함,500-600만원 미만,0.0879882402351952,0.1277653250170548,0.0890105647397423,0.1423050379572118,0.0824686699905673,0.1248070987654321,0.2012528322004531,0,0,1,0
1O000932,남자,50대,사무 종사자,대학교 졸업(전문대졸/대학원생 포함),강원도,1인 가구,미혼(사별/이혼 포함),맞벌이 하지 않음,300-400만원 미만,0.1509869802603948,0.1660656856056914,0.0938191007686638,0.1505866114561766,0.1057135156986929,0.1591435185185185,0.2598960415833666,1,1,2,0
1O001318,여자,60대 이상,주부,고졸(대학 재학 포함),강원도,2세대가족,기혼,맞벌이 하지 않음,"1,000만원 이상",0.0881982360352792,0.1297144527823799,0.1467129970867993,0.1450655624568668,0.1340789650990432,0.1433256172839506,0.1892576302812208,2,2,0,0
1O000019,여자,60대 이상,주부,중졸 이하,강원도,1세대가족,기혼,맞벌이 하지 않음,300-400만원 미만,0.127467450650987,0.1189942500730922,0.1389912603980204,0.1423050379572118,0.0798409917800835,0.0993441358024691,0.1266160202585632,2,2,0,0
3L196077,여자,60대 이상,판매 종사자,중졸 이하,전라남도,1인 가구,미혼(사별/이혼 포함),맞벌이 하지 않음,100만원 미만,0.1753464930701386,0.1696715719715427,0.0421185637569758,0.1423050379572118,0.0753267753672011,0.1895254629629629,0.2305744368919099,1,0,1,0
4J234018,여자,40대,판매 종사자,고졸(대학 재학 포함),경상남도,2세대가족,기혼,맞벌이 함,600-700만원 미만,0.1736665266694666,0.1797095799629666,0.0861324628830157,0.1229813664596273,0.0981673628890985,0.1264467592592592,0.195921631347461,1,1,1,0
3L196080,여자,60대 이상,판매 종사자,고졸(대학 재학 포함),전라남도,1세대가족,기혼,맞벌이 함,300-400만원 미만,0.1440571188576228,0.2018321800994055,0.0736372889684461,0.1363699102829537,0.0704756771324619,0.1462191358024691,0.1905904304944689,0,0,1,0
4J234034,남자,20대,서비스 종사자,고졸(대학 재학 포함),경상남도,1인 가구,미혼(사별/이혼 포함),맞벌이 하지 않음,200-300만원 미만,0.1545569088618227,0.1699639411363415,0.039837141553473,0.1257418909592822,0.0815927772537393,0.0958719135802469,0.1892576302812208,0,0,2,0
3M167083,여자,30대,사무 종사자,대학교 졸업(전문대졸/대학원생 포함),충청북도,1세대가족,기혼,맞벌이 함,500-600만원 미만,0.1751364972700546,0.202806743982068,0.0919939630058615,0.1561076604554865,0.0790998517719983,0.1239390432098765,0.2065840330534453,1,0,1,0
1O001352,여자,50대,사무 종사자,고졸(대학 재학 포함),강원도,1인 가구,미혼(사별/이혼 포함),맞벌이 하지 않음,300-400만원 미만,0.1014279714405711,0.1404346554916674,0.1366747393913867,0.1450655624568668,0.1213448322328527,0.1498842592592592,0.1763294682127149,2,2,0,0
1D000892,여자,30대,서비스 종사자,대학교 졸업(전문대졸/대학원생 포함),대구광역시,1인 가구,미혼(사별/이혼 포함),맞벌이 하지 않음,200-300만원 미만,0.1062578748425031,0.14920573043563,0.0730055105120915,0.1285024154589372,0.0900148228001617,0.1460262345679012,0.1732640277222444,0,0,1,0
3L196070,여자,60대 이상,판매 종사자,고졸(대학 재학 포함),전라남도,1세대가족,기혼,맞벌이 함,500-600만원 미만,0.117597648047039,0.1306890166650424,0.0701274086553648,0.1312629399585921,0.066230966177065,0.1869212962962963,0.2909502865520458,0,0,1,0
4O149002,여자,30대,사무 종사자,대학교 졸업(전문대졸/대학원생 포함),강원도,1세대가족,기혼,맞벌이 함,500-600만원 미만,0.248635027299454,0.1647987525582302,0.0968375978379137,0.1505866114561766,0.1360328796658132,0.158179012345679,0.2825536452085832,1,1,2,0
4J234068,여자,60대 이상,주부,중졸 이하,경상남도,1세대가족,기혼,맞벌이 하지 않음,200-300만원 미만,0.1969760604787904,0.1579768053795926,0.0845179179389983,0.1229813664596273,0.0955396846786147,0.1391782407407407,0.1732640277222444,1,0,1,0
1N000162,남자,40대,장치·기계 조작 및 조립 종사자,고졸(대학 재학 포함),충청남도,1세대가족,기혼,맞벌이 함,500-600만원 미만,0.0713985720285594,0.1607055842510476,0.0658453546734056,0.1333333333333333,0.0680501280150923,0.0887345679012345,0.1883246701319472,0,0,1,0
3M167077,여자,60대 이상,판매 종사자,고졸(대학 재학 포함),충청북도,1세대가족,기혼,맞벌이 함,500-600만원 미만,0.2095758084838303,0.1794172107981678,0.0919939630058615,0.1505866114561766,0.091497102816332,0.1273148148148148,0.2389710782353725,1,1,1,0
1D000885,여자,30대,주부,대학교 졸업(전문대졸/대학원생 포함),대구광역시,2세대가족,기혼,맞벌이 하지 않음,200-300만원 미만,0.0829483410331793,0.1891628496247929,0.0575971359376645,0.134023464458247,0.0554507478776445,0.1741898148148148,0.1692656270825003,0,0,1,0
4J234073,남자,20대,사무 종사자,대학교 졸업(전문대졸/대학원생 포함),경상남도,1인 가구,미혼(사별/이혼 포함),맞벌이 하지 않음,200-300만원 미만,0.1381772364552708,0.1387778968911412,0.0544031448527605,0.1312629399585921,0.0834119390917666,0.1184413580246913,0.1999200319872051,0,0,2,0
1N000165,여자,60대 이상,단순노무 종사자,고졸(대학 재학 포함),충청남도,1인 가구,미혼(사별/이혼 포함),맞벌이 하지 않음,200-300만원 미만,0.0713985720285594,0.1331254263716986,0.0729704117089607,0.1278122843340234,0.0592912006468131,0.0868055555555555,0.1745968279354924,0,0,1,0
3L196035,여자,60대 이상,주부,중졸 이하,전라남도,1세대가족,기혼,맞벌이 하지 않음,200-300만원 미만,0.1402771944561108,0.1901374135074554,0.0767961812502193,0.1505866114561766,0.0766743026546287,0.1881751543209876,0.1989870718379315,0,0,1,0
1N000167,여자,60대 이상,주부,고졸(대학 재학 포함),충청남도,1인 가구,미혼(사별/이혼 포함),맞벌이 하지 않음,200-300만원 미만,0.0993280134397312,0.1789299288568366,0.0680565792706468,0.1305728088336784,0.0561245115213583,0.0887345679012345,0.1532720245235239,0,0,1,0
1M000438,여자,60대 이상,서비스 종사자,고졸(대학 재학 포함),충청북도,1세대가족,기혼,맞벌이 함,600-700만원 미만,0.1595968080638387,0.2164506383393431,0.089256256361658,0.1505866114561766,0.0797062390513407,0.1239390432098765,0.1999200319872051,1,1,1,0
4J234074,여자,50대,주부,중졸 이하,경상남도,1인 가구,미혼(사별/이혼 포함),맞벌이 하지 않음,100-200만원 미만,0.1913061738765224,0.1189942500730922,0.0983117475694079,0.1257418909592822,0.1146071957957148,0.1059027777777777,0.1745968279354924,2,0,0,0
4O149012,여자,40대,판매 종사자,고졸(대학 재학 포함),강원도,2세대가족,기혼,맞벌이 함,500-600만원 미만,0.2123057538849223,0.1531039859662801,0.0932224211154399,0.1533471359558316,0.1489017652607465,0.1710069444444444,0.2869518859123017,1,1,2,0
3L196021,남자,60대 이상,무직,중졸 이하,전라남도,1인 가구,미혼(사별/이혼 포함),맞벌이 하지 않음,100만원 미만,0.1511969760604788,0.0506773218984504,0.0355550875715138,0.020703933747412,0.0559223824282441,0.1961805555555555,0.2692256430761029,3,3,3,1
3N175001,여자,50대,판매 종사자,고졸(대학 재학 포함),충청남도,2세대가족,기혼,맞벌이 함,500-600만원 미만,0.0978580428391432,0.1801968619042978,0.0644414025481731,0.1305728088336784,0.0704756771324619,0.0945216049382716,0.1439424230307877,0,0,1,0
1O001358,여자,20대,주부,대학교 졸업(전문대졸/대학원생 포함),강원도,2세대가족,기혼,맞벌이 하지 않음,300-400만원 미만,0.0965980680386392,0.1297144527823799,0.1552420062475869,0.1450655624568668,0.1468130979652337,0.136670524691358,0.158603225376516,2,2,0,0
1A001040,여자,40대,사무 종사자,대학교 졸업(전문대졸/대학원생 포함),서울특별시,2세대가족,기혼,맞벌이 함,700-800만원 미만,0.0776984460310793,0.1068122015398109,0.1066652627145414,0.1222912353347135,0.1404797197143242,0.0945216049382716,0.1106224176995868,2,2,0,0
4J234087,여자,60대 이상,주부,중졸 이하,경상남도,1세대가족,기혼,맞벌이 하지 않음,600-700만원 미만,0.1885762284754304,0.1297144527823799,0.086448352111193,0.1257418909592822,0.1024794502088667,0.121045524691358,0.1785952285752365,1,0,1,0
1M000416,여자,50대,사무 종사자,대학교 졸업(전문대졸/대학원생 포함),충청북도,1세대가족,기혼,맞벌이 함,500-600만원 미만,0.1619067618647627,0.1881882857421304,0.0792881962725071,0.1478260869565217,0.0969545883304136,0.1321373456790123,0.1985872317739571,1,1,1,0
3N175002,남자,50대,장치·기계 조작 및 조립 종사자,고졸(대학 재학 포함),충청남도,1세대가족,기혼,맞벌이 함,500-600만원 미만,0.1091978160436791,0.1626547120163727,0.0720578428275595,0.1305728088336784,0.068723891658806,0.0935570987654321,0.1519392243102759,0,0,1,0
4O149017,여자,50대,판매 종사자,고졸(대학 재학 포함),강원도,2세대가족,기혼,맞벌이 함,500-600만원 미만,0.1423771524569508,0.1599259331449176,0.1005931697729107,0.1561076604554865,0.1204689394960248,0.1567322530864197,0.2678928428628548,1,1,1,0
3L196056,여자,60대 이상,주부,중졸 이하,전라남도,1인 가구,미혼(사별/이혼 포함),맞벌이 하지 않음,100만원 미만,0.1266274674506509,0.1267907611343923,0.0347478150995051,0.1257418909592822,0.0522840587521897,0.2111304012345679,0.2678928428628548,0,0,2,0
1M000038,여자,50대,서비스 종사자,고졸(대학 재학 포함),충청북도,1세대가족,기혼,맞벌이 함,500-600만원 미만,0.2207055858882822,0.1043757918331546,0.0899231336211435,0.134023464458247,0.1253874140951354,0.1167052469135802,0.2199120351859256,1,0,0,0
1D000888,여자,50대,주부,고졸(대학 재학 포함),대구광역시,1세대가족,기혼,맞벌이 하지 않음,300-400만원 미만,0.0940781184376312,0.1326381444303674,0.0739882769997543,0.134023464458247,0.0874545209540493,0.1408179012345679,0.15593762495002,0,0,1,0
1D000895,여자,20대,판매 종사자,고졸(대학 재학 포함),대구광역시,1인 가구,미혼(사별/이혼 포함),맞벌이 하지 않음,200-300만원 미만,0.0755984880302394,0.1735698275021927,0.0542627496402372,0.1423050379572118,0.0390782913353995,0.2559799382716049,0.2918832467013195,0,0,1,0
4O149023,여자,60대 이상,단순노무 종사자,고졸(대학 재학 포함),강원도,1인 가구,미혼(사별/이혼 포함),맞벌이 하지 않음,200-300만원 미만,0.1499370012599748,0.1443329110223175,0.0825874837668035,0.1533471359558316,0.1145398194313434,0.1427469135802469,0.2865520458483273,1,1,2,0
1A001036,여자,50대,사무 종사자,대학교 졸업(전문대졸/대학원생 포함),서울특별시,2세대가족,기혼,맞벌이 함,600-700만원 미만,0.0919781604367912,0.1660656856056914,0.0963462145940823,0.1257418909592822,0.0983694919822126,0.1244212962962963,0.1279488204718112,2,0,0,0
4B028020,여자,60대 이상,판매 종사자,고졸(대학 재학 포함),부산광역시,1세대가족,기혼,맞벌이 함,300-400만원 미만,0.0566988660226795,0.1604132150862489,0.0964866098066055,0.1416149068322981,0.0424471095539684,0.1847993827160494,0.2065840330534453,0,0,1,0
1O000021,여자,40대,주부,대학교 졸업(전문대졸/대학원생 포함),강원도,2세대가족,기혼,맞벌이 하지 않음,400-500만원 미만,0.1312473750524989,0.1189942500730922,0.1376575058790495,0.1395445134575569,0.087589273682792,0.0993441358024691,0.1292816206850593,2,2,0,0
1M000431,여자,40대,사무 종사자,대학교 졸업(전문대졸/대학원생 포함),충청북도,1세대가족,기혼,맞벌이 함,500-600만원 미만,0.1430071398572028,0.1794172107981678,0.0982415499631462,0.1533471359558316,0.0993801374477833,0.1343557098765432,0.2385712381713981,1,1,1,0
1M000056,여자,60대 이상,단순노무 종사자,중졸 이하,충청북도,1세대가족,기혼,맞벌이 함,500-600만원 미만,0.2127257454850903,0.1180196861904297,0.0659155522796672,0.1312629399585921,0.1041638593181511,0.105420524691358,0.235905637744902,1,1,1,0
1O001363,여자,60대 이상,서비스 종사자,고졸(대학 재학 포함),강원도,1인 가구,미혼(사별/이혼 포함),맞벌이 하지 않음,200-300만원 미만,0.0797984040319193,0.1316635805477049,0.1241444666736864,0.1450655624568668,0.0974262228810133,0.1651234567901234,0.1829934692789551,2,2,0,0
1A001032,여자,60대 이상,주부,고졸(대학 재학 포함),서울특별시,1세대가족,기혼,맞벌이 하지 않음,300-400만원 미만,0.0772784544309113,0.1124646720592534,0.1241795654768172,0.1229813664596273,0.1117100121277455,0.1809413580246913,0.1106224176995868,2,2,0,0
4B028029,여자,60대 이상,판매 종사자,대학교 졸업(전문대졸/대학원생 포함),부산광역시,1인 가구,미혼(사별/이혼 포함),맞벌이 하지 않음,300-400만원 미만,0.0552288954220915,0.1643114706168989,0.0755326243375101,0.1416149068322981,0.0433230022907963,0.1889467592592592,0.2065840330534453,0,0,1,0
4D045022,여자,50대,서비스 종사자,고졸(대학 재학 포함),대구광역시,2세대가족,미혼(사별/이혼 포함),맞벌이 하지 않음,500-600만원 미만,0.1358672826543469,0.1339050774778286,0.0948018672563265,0.1174603174603174,0.1022099447513812,0.1613618827160494,0.2389710782353725,1,0,1,0
1N000193,여자,60대 이상,단순노무 종사자,고졸(대학 재학 포함),충청남도,1인 가구,미혼(사별/이혼 포함),맞벌이 하지 않음,200-300만원 미만,0.0783284334313313,0.1610954098041127,0.065950651082798,0.1246376811594202,0.0615146206710685,0.0887345679012345,0.1412768226042916,0,0,1,0
1O000030,여자,60대 이상,주부,고졸(대학 재학 포함),강원도,1세대가족,기혼,맞벌이 하지 않음,300-400만원 미만,0.1577068458630827,0.1004775363025046,0.1169141132287389,0.1285024154589372,0.1195930467591968,0.0928819444444444,0.1052912168465947,2,2,0,0
1A001026,여자,60대 이상,주부,고졸(대학 재학 포함),서울특별시,1세대가족,기혼,맞벌이 하지 않음,400-500만원 미만,0.0984880302393952,0.1189942500730922,0.1206696851637359,0.1229813664596273,0.0848268427435655,0.1844135802469135,0.0972944155671065,2,2,0,0
1N000221,여자,40대,판매 종사자,고졸(대학 재학 포함),충청남도,2세대가족,기혼,맞벌이 함,500-600만원 미만,0.0860982780344393,0.176006237208849,0.0716717559931206,0.1305728088336784,0.0727664735210888,0.1012731481481481,0.1399440223910436,0,0,1,0
4O161016,여자,50대,주부,대학교 졸업(전문대졸/대학원생 포함),강원도,1세대가족,기혼,맞벌이 하지 않음,400-500만원 미만,0.0825283494330113,0.1297144527823799,0.1491699133059562,0.1450655624568668,0.1365045142164128,0.148341049382716,0.1736638677862188,2,2,0,0
1M000397,여자,40대,사무 종사자,대학교 졸업(전문대졸/대학원생 포함),충청북도,2세대가족,기혼,맞벌이 함,500-600만원 미만,0.1558168836623267,0.2057304356300555,0.114632691025236,0.1505866114561766,0.1054440102412073,0.1314621913580247,0.194588831134213,2,1,1,0
3M170003,여자,50대,판매 종사자,고졸(대학 재학 포함),충청북도,1세대가족,기혼,맞벌이 함,400-500만원 미만,0.1889962200755985,0.1716206997368677,0.064265908532519,0.1395445134575569,0.1135291739657728,0.1553819444444444,0.1723310675729708,1,1,1,0
1D000018,여자,60대 이상,서비스 종사자,대학교 졸업(전문대졸/대학원생 포함),대구광역시,3세대가족,기혼,맞벌이 함,"900-1,000만원 미만",0.1259974800503989,0.1423837832569925,0.0998209961040328,0.1312629399585921,0.0946637919417868,0.1821952160493827,0.2349726775956284,0,0,1,0
4N175018,남자,30대,사무 종사자,대학교 졸업(전문대졸/대학원생 포함),충청남도,1세대가족,기혼,맞벌이 함,500-600만원 미만,0.1616967660646787,0.1691842900302115,0.0655996630514899,0.1360938578329882,0.0848942191079369,0.0993441358024691,0.1666000266560042,0,0,1,0
4M163005,여자,40대,사무 종사자,대학교 졸업(전문대졸/대학원생 포함),충청북도,2세대가족,기혼,맞벌이 함,400-500만원 미만,0.2141957160856782,0.1725952636195302,0.0709346811273735,0.136783988957902,0.0877914027759062,0.1080246913580247,0.2305744368919099,1,1,2,0
4D058002,여자,30대,주부,고졸(대학 재학 포함),대구광역시,1세대가족,기혼,맞벌이 하지 않음,200-300만원 미만,0.0650986980260394,0.1672351622648864,0.0686532589238707,0.1305728088336784,0.0588195660962134,0.1372492283950617,0.1652672264427562,0,0,1,0
4N177041,여자,50대,사무 종사자,대학교 졸업(전문대졸/대학원생 포함),충청남도,1세대가족,기혼,맞벌이 함,500-600만원 미만,0.1724065518689626,0.1623623428515739,0.0774981573128356,0.1167701863354037,0.095943942864843,0.128761574074074,0.1759296281487405,1,0,1,0
1D000041,여자,60대 이상,주부,대학교 졸업(전문대졸/대학원생 포함),대구광역시,2세대가족,기혼,맞벌이 하지 않음,700-800만원 미만,0.118437631247375,0.1326381444303674,0.080060369941385,0.1395445134575569,0.096482953779814,0.1638695987654321,0.2323070771691323,0,0,1,0
1M000399,여자,60대 이상,장치·기계 조작 및 조립 종사자,고졸(대학 재학 포함),충청북도,2세대가족,기혼,맞벌이 함,500-600만원 미만,0.2043259134817303,0.2096286911607056,0.0999613913165561,0.1561076604554865,0.1028163320307236,0.1382137345679012,0.2159136345461815,1,1,1,0
1D000896,여자,30대,서비스 종사자,대학교 졸업(전문대졸/대학원생 포함),대구광역시,1인 가구,미혼(사별/이혼 포함),맞벌이 하지 않음,200-300만원 미만,0.0482990340193196,0.1594386512035864,0.0474886806359903,0.1278122843340234,0.0471634550599649,0.1558641975308642,0.1905904304944689,0,0,1,0
3M170006,여자,40대,판매 종사자,고졸(대학 재학 포함),충청북도,2세대가족,기혼,맞벌이 함,400-500만원 미만,0.1753464930701386,0.1667478803235552,0.0919939630058615,0.1478260869565217,0.1238377577145937,0.1645447530864197,0.1812608290017326,1,1,0,0
1M000004,여자,50대,단순노무 종사자,고졸(대학 재학 포함),충청북도,1세대가족,기혼,맞벌이 함,400-500만원 미만,0.2078958420831583,0.1092486112464672,0.1113334035309396,0.134023464458247,0.1389974396981539,0.1015625,0.2172464347594295,1,0,0,0
1O001339,여자,30대,사무 종사자,대학교 졸업(전문대졸/대학원생 포함),강원도,2세대가족,기혼,맞벌이 함,700-800만원 미만,0.0810583788324233,0.1316635805477049,0.16012073988277,0.1478260869565217,0.1360328796658132,0.1335841049382716,0.1679328268692523,2,2,0,0
4E092016,여자,30대,판매 종사자,대학교 졸업(전문대졸/대학원생 포함),대전광역시,1인 가구,미혼(사별/이혼 포함),맞벌이 하지 않음,300-400만원 미만,0.2160856782864343,0.2344800701685995,0.1173002000631778,0.144375431331953,0.1340789650990432,0.1195987654320987,0.1386112221777955,2,1,0,0
1D000045,여자,60대 이상,서비스 종사자,대학교 졸업(전문대졸/대학원생 포함),대구광역시,1세대가족,기혼,맞벌이 함,"900-1,000만원 미만",0.1448971020579588,0.1462820387876425,0.0996455020883787,0.134023464458247,0.1024120738444953,0.1685956790123457,0.2239104358256697,1,0,1,0
4O145025,여자,60대 이상,주부,중졸 이하,강원도,1세대가족,기혼,맞벌이 하지 않음,200-300만원 미만,0.0902981940361192,0.1014521001851671,0.0604752377943912,0.1202208419599723,0.066230966177065,0.1488233024691358,0.2678928428628548,0,0,1,0
1M000020,여자,40대,단순노무 종사자,대학교 졸업(전문대졸/대학원생 포함),충청북도,2세대가족,기혼,맞벌이 함,400-500만원 미만,0.2032759344813103,0.1238670694864048,0.0791478010599838,0.136783988957902,0.1090149575528904,0.1163194444444444,0.2185792349726776,1,1,2,0
1M000030,여자,50대,서비스 종사자,고졸(대학 재학 포함),충청북도,1세대가족,기혼,맞벌이 함,400-500만원 미만,0.2154556908861822,0.1375109638436799,0.0771471692815275,0.134023464458247,0.1158199703543996,0.1828703703703703,0.1905904304944689,1,0,2,0
4O145035,여자,60대 이상,주부,중졸 이하,강원도,1세대가족,기혼,맞벌이 하지 않음,300-400만원 미만,0.116127677446451,0.1189942500730922,0.0932224211154399,0.1229813664596273,0.0809190136100256,0.1450617283950617,0.273224043715847,0,0,1,0
4H118066,여자,50대,관리자,대학교 졸업(전문대졸/대학원생 포함),경기도,2세대가족,기혼,맞벌이 함,600-700만원 미만,0.122427551448971,0.1394600916090049,0.0794636902881611,0.136783988957902,0.1076000539010914,0.1435185185185185,0.2439024390243902,0,1,1,0
1D000030,여자,60대 이상,사무 종사자,대학교 졸업(전문대졸/대학원생 포함),대구광역시,2세대가족,기혼,맞벌이 함,600-700만원 미만,0.1963460730785384,0.1355618360783549,0.0987329332069776,0.134023464458247,0.118919283115483,0.1655092592592592,0.2159136345461815,1,0,0,0
4E092005,여자,40대,판매 종사자,고졸(대학 재학 포함),대전광역시,2세대가족,기혼,맞벌이 함,500-600만원 미만,0.1894162116757665,0.2145015105740181,0.0951528552876347,0.1505866114561766,0.1088128284597763,0.121045524691358,0.1825936292149806,1,1,1,0
4D061050,여자,30대,주부,대학교 졸업(전문대졸/대학원생 포함),대구광역시,2세대가족,기혼,맞벌이 하지 않음,300-400만원 미만,0.0919781604367912,0.1877010038007991,0.060510336597522,0.147135955831608,0.0490499932623635,0.246045524691358,0.2105824336931894,0,0,1,0
3M170009,남자,20대,사무 종사자,대학교 졸업(전문대졸/대학원생 포함),충청북도,1세대가족,미혼(사별/이혼 포함),맞벌이 하지 않음,500-600만원 미만,0.1322973540529189,0.2145015105740181,0.0715313607805974,0.1450655624568668,0.0751920226384584,0.1384066358024691,0.1666000266560042,0,0,1,0
3N176005,여자,30대,판매 종사자,고졸(대학 재학 포함),충청남도,2세대가족,기혼,맞벌이 함,400-500만원 미만,0.125157496850063,0.1808790566221615,0.0633884384542487,0.1305728088336784,0.0585500606387279,0.0906635802469135,0.1563374650139944,0,0,1,0
1D000033,여자,60대 이상,서비스 종사자,대학교 졸업(전문대졸/대학원생 포함),대구광역시,2세대가족,기혼,맞벌이 함,800-900만원 미만,0.251154976900462,0.14140921937433,0.1044540381173002,0.1395445134575569,0.1286214795849616,0.1475694444444444,0.2496334799413568,1,1,0,0
4O161008,여자,60대 이상,서비스 종사자,고졸(대학 재학 포함),강원도,1세대가족,기혼,맞벌이 함,400-500만원 미만,0.0646787064258714,0.1316635805477049,0.1270927661366747,0.1450655624568668,0.0901495755289044,0.1669560185185185,0.1749966679994669,2,2,0,0
3N176010,여자,40대,사무 종사자,대학교 졸업(전문대졸/대학원생 포함),충청남도,1세대가족,기혼,맞벌이 함,500-600만원 미만,0.1497270054598908,0.1568073287203976,0.0646870941700888,0.1250517598343685,0.0859722409378789,0.0810185185185185,0.1696654671464747,0,0,1,0
3M170012,여자,50대,서비스 종사자,대학교 졸업(전문대졸/대학원생 포함),충청북도,2세대가족,미혼(사별/이혼 포함),맞벌이 하지 않음,300-400만원 미만,0.1375472490550189,0.1774680830328428,0.0763047980063879,0.1423050379572118,0.0748551408166015,0.1485339506172839,0.235905637744902,0,1,1,0
3N176015,여자,60대 이상,단순노무 종사자,중졸 이하,충청남도,1세대가족,기혼,맞벌이 함,400-500만원 미만,0.0615287694246115,0.174836760549654,0.068407567301955,0.1257418909592822,0.0605039752054979,0.083912037037037,0.1456750633080101,0,0,1,0
1M000107,여자,30대,서비스 종사자,고졸(대학 재학 포함),충청북도,2세대가족,기혼,맞벌이 함,500-600만원 미만,0.1648467030659386,0.1852645940941429,0.0495946088238391,0.136783988957902,0.0613798679423258,0.1661844135802469,0.2212448353991736,0,0,1,0
3N176020,여자,50대,판매 종사자,고졸(대학 재학 포함),충청남도,1인 가구,미혼(사별/이혼 포함),맞벌이 하지 않음,200-300만원 미만,0.121797564048719,0.1811714257869603,0.0598785581411673,0.1278122843340234,0.0693976553025198,0.0948109567901234,0.1439424230307877,0,0,1,0
3N176025,여자,50대,판매 종사자,고졸(대학 재학 포함),충청남도,2세대가족,기혼,맞벌이 함,500-600만원 미만,0.1119277614447711,0.1545658317902738,0.0690042469551788,0.1250517598343685,0.069599784395634,0.0868055555555555,0.1869918699186992,0,0,1,0
1M000131,여자,40대,판매 종사자,고졸(대학 재학 포함),충청북도,2세대가족,기혼,맞벌이 함,500-600만원 미만,0.0907181856362872,0.1764935191501803,0.0554912077498157,0.134023464458247,0.0412343349952836,0.1828703703703703,0.2145808343329335,0,0,1,0
3N176030,남자,60대 이상,기능원 및 관련 기능 종사자,고졸(대학 재학 포함),충청남도,1세대가족,기혼,맞벌이 함,400-500만원 미만,0.0944981100377992,0.1587564564857226,0.0560878874030395,0.1278122843340234,0.0839509500067376,0.0887345679012345,0.1532720245235239,0,0,1,0
4N177046,여자,40대,판매 종사자,고졸(대학 재학 포함),충청남도,2세대가족,기혼,맞벌이 함,700-800만원 미만,0.1068878622427551,0.1662605983822239,0.0780246393597978,0.1222912353347135,0.0697345371243767,0.1362847222222222,0.1652672264427562,0,0,1,0
4O145020,여자,60대 이상,서비스 종사자,중졸 이하,강원도,1세대가족,기혼,맞벌이 함,400-500만원 미만,0.1020579588408231,0.1072994834811422,0.1009441578042188,0.1285024154589372,0.0947311683061581,0.1484375,0.2292416366786618,2,0,1,0
3N176035,여자,50대,사무 종사자,대학교 졸업(전문대졸/대학원생 포함),충청남도,2세대가족,기혼,맞벌이 함,500-600만원 미만,0.0902981940361192,0.1675275314296852,0.0660910462953213,0.1278122843340234,0.0606387279342406,0.085841049382716,0.1346128215380514,0,0,1,0
1M000122,여자,60대 이상,서비스 종사자,고졸(대학 재학 포함),충청북도,1세대가족,기혼,맞벌이 함,500-600만원 미만,0.1394372112557749,0.1570022414969301,0.0445754799761328,0.134023464458247,0.0508017787360194,0.1534529320987654,0.2399040383846461,0,0,1,0
4H124034,여자,50대,장치·기계 조작 및 조립 종사자,고졸(대학 재학 포함),경기도,2세대가족,기혼,맞벌이 함,700-800만원 미만,0.0986980260394792,0.14530747490498,0.0935383103436172,0.1395445134575569,0.0687912680231774,0.1302083333333333,0.2878848460615754,0,1,1,0
3N176040,남자,30대,사무 종사자,대학교 졸업(전문대졸/대학원생 포함),충청남도,1인 가구,미혼(사별/이혼 포함),맞벌이 하지 않음,200-300만원 미만,0.1035279294414111,0.1808790566221615,0.0664069355234986,0.1305728088336784,0.0635359116022099,0.089699074074074,0.1519392243102759,0,0,1,0
4N177052,여자,50대,사무 종사자,고졸(대학 재학 포함),충청남도,1세대가족,기혼,맞벌이 함,500-600만원 미만,0.1579168416631667,0.1706461358542052,0.0637394264855568,0.1257418909592822,0.090082199164533,0.1384066358024691,0.1719312275089964,0,0,1,0
1M000114,여자,50대,서비스 종사자,고졸(대학 재학 포함),충청북도,2세대가족,기혼,맞벌이 함,500-600만원 미만,0.1322973540529189,0.1263034791930611,0.0606507318100452,0.1278122843340234,0.0835466918205093,0.1711998456790123,0.2092496334799413,0,0,2,0
4H124038,여자,40대,사무 종사자,대학교 졸업(전문대졸/대학원생 포함),경기도,2세대가족,기혼,맞벌이 함,600-700만원 미만,0.1532969340613187,0.1774680830328428,0.0879576006458179,0.1478260869565217,0.0799757445088263,0.1089891975308642,0.2852192456350793,1,1,1,0
4N177058,여자,40대,사무 종사자,대학교 졸업(전문대졸/대학원생 포함),충청남도,2세대가족,기혼,맞벌이 함,500-600만원 미만,0.115707685846283,0.1599259331449176,0.0809378400196553,0.1312629399585921,0.0885325427839913,0.1526813271604938,0.2159136345461815,0,0,1,0
4C073004,여자,60대 이상,주부,고졸(대학 재학 포함),인천광역시,1세대가족,기혼,맞벌이 하지 않음,200-300만원 미만,0.0839983200335993,0.1133417795536497,0.0778491453441437,0.0997929606625258,0.069599784395634,0.1420717592592592,0.2039184326269492,0,0,1,0
4H124042,여자,40대,사무 종사자,대학교 졸업(전문대졸/대학원생 포함),경기도,2세대가족,기혼,맞벌이 함,600-700만원 미만,0.0608987820243595,0.1628496247929051,0.088694675511565,0.1423050379572118,0.046826573238108,0.107349537037037,0.2945488471278155,0,1,1,0
4N177064,여자,30대,사무 종사자,대학교 졸업(전문대졸/대학원생 포함),충청남도,2세대가족,기혼,맞벌이 함,500-600만원 미만,0.1606467870642587,0.1482311665529675,0.0776736513284897,0.134023464458247,0.0827381754480528,0.1534529320987654,0.2199120351859256,1,0,1,0
4O145007,여자,40대,서비스 종사자,대학교 졸업(전문대졸/대학원생 포함),강원도,2세대가족,기혼,맞벌이 함,600-700만원 미만,0.0642587148257034,0.1170451223077672,0.0971183882629602,0.1423050379572118,0.0609082333917261,0.1253858024691358,0.2892176462748234,0,1,1,0
4N177070,남자,50대,서비스 종사자,대학교 졸업(전문대졸/대학원생 포함),충청남도,1인 가구,미혼(사별/이혼 포함),맞벌이 하지 않음,400-500만원 미만,0.1348173036539269,0.1443329110223175,0.0629321540135481,0.1312629399585921,0.0717558280555181,0.1509452160493827,0.1932560309209649,0,0,2,0
4A002004,여자,60대 이상,주부,고졸(대학 재학 포함),서울특별시,1세대가족,기혼,맞벌이 하지 않음,300-400만원 미만,0.1497270054598908,0.1789299288568366,0.089642343196097,0.1305728088336784,0.0792346045007411,0.1195987654320987,0.2105824336931894,0,1,1,0
4N177082,남자,50대,사무 종사자,대학교 졸업(전문대졸/대학원생 포함),충청남도,1인 가구,미혼(사별/이혼 포함),맞벌이 하지 않음,400-500만원 미만,0.1337673246535069,0.1579768053795926,0.0827629777824576,0.134023464458247,0.074585635359116,0.1806520061728395,0.1896574703451952,0,0,1,0
1E000566,여자,40대,사무 종사자,대학교 졸업(전문대졸/대학원생 포함),대전광역시,2세대가족,기혼,맞벌이 함,500-600만원 미만,0.0930281394372112,0.1835103791053504,0.0419430697413218,0.1412008281573498,0.0311952567039482,0.1664737654320987,0.2319072371051579,0,0,1,0
4N177088,여자,50대,서비스 종사자,고졸(대학 재학 포함),충청남도,2세대가족,기혼,맞벌이 함,500-600만원 미만,0.1299874002519949,0.1706461358542052,0.0676704924362079,0.1312629399585921,0.0747203880878587,0.1864390432098765,0.197254431560709,0,0,1,0
1J000469,여자,50대,판매 종사자,고졸(대학 재학 포함),경상남도,2세대가족,기혼,맞벌이 하지 않음,300-400만원 미만,0.0787484250314993,0.1716206997368677,0.1031904812045909,0.1423050379572118,0.0706104298612046,0.1143904320987654,0.194588831134213,0,0,0,0
4O145030,여자,60대 이상,주부,중졸 이하,강원도,1세대가족,기혼,맞벌이 하지 않음,300-400만원 미만,0.0755984880302394,0.1677224442062177,0.0606156330069144,0.134023464458247,0.0401563131653416,0.1102430555555555,0.2332400373184059,0,1,1,0
1J000498,여자,60대 이상,서비스 종사자,고졸(대학 재학 포함),경상남도,2세대가족,기혼,맞벌이 함,500-600만원 미만,0.0900881982360352,0.1482311665529675,0.0916429749745533,0.1395445134575569,0.075124646274087,0.1060956790123456,0.2425696388111422,0,1,1,0
4A002012,여자,30대,사무 종사자,대학교 졸업(전문대졸/대학원생 포함),서울특별시,1인 가구,미혼(사별/이혼 포함),맞벌이 하지 않음,300-400만원 미만,0.1818563628727425,0.1911119773901179,0.0853602892141378,0.1395445134575569,0.0644118043390378,0.1118827160493827,0.2225776356124217,1,1,1,0
4D061100,여자,30대,주부,대학교 졸업(전문대졸/대학원생 포함),대구광역시,2세대가족,기혼,맞벌이 하지 않음,300-400만원 미만,0.0629987400251994,0.1367313127375499,0.0544031448527605,0.1080745341614906,0.0565961460719579,0.1715856481481481,0.1705984272957483,0,0,1,0
4C073008,여자,60대 이상,주부,고졸(대학 재학 포함),인천광역시,1세대가족,기혼,맞벌이 하지 않음,200-300만원 미만,0.1482570348593028,0.1386804405028749,0.0727598188901758,0.1108350586611456,0.0704756771324619,0.1259645061728395,0.2092496334799413,0,0,2,0
4A002008,여자,50대,기능원 및 관련 기능 종사자,고졸(대학 재학 포함),서울특별시,1세대가족,기혼,맞벌이 함,300-400만원 미만,0.2330953380932381,0.1609004970275801,0.1120353795935558,0.1395445134575569,0.118919283115483,0.1437114197530864,0.2172464347594295,1,0,0,0
3P240006,여자,60대 이상,서비스 종사자,고졸(대학 재학 포함),제주특별자치도,2세대가족,미혼(사별/이혼 포함),맞벌이 하지 않음,300-400만원 미만,0.24947501049979,0.1004775363025046,0.0973640798848759,0.1202208419599723,0.1435790324754076,0.1015625,0.2292416366786618,1,0,0,0
3M166025,여자,50대,사무 종사자,고졸(대학 재학 포함),충청북도,2세대가족,기혼,맞벌이 함,600-700만원 미만,0.0608987820243595,0.1964720787447617,0.0417675757256677,0.1498964803312629,0.0195391456676997,0.1956018518518518,0.2172464347594295,0,0,1,0
3P240012,여자,50대,서비스 종사자,고졸(대학 재학 포함),제주특별자치도,2세대가족,미혼(사별/이혼 포함),맞벌이 하지 않음,400-500만원 미만,0.2343553128937421,0.1150959945424422,0.1018216278824892,0.1229813664596273,0.1432421506535507,0.1109182098765432,0.2079168332666933,1,0,0,0
4M163010,여자,40대,사무 종사자,대학교 졸업(전문대졸/대학원생 포함),충청북도,2세대가족,기혼,맞벌이 함,500-600만원 미만,0.122427551448971,0.1745443913848552,0.0708293847179811,0.134023464458247,0.0603692224767551,0.1831597222222222,0.2265760362521658,0,0,1,0
4M164009,여자,40대,단순노무 종사자,대학교 졸업(전문대졸/대학원생 포함),충청북도,2세대가족,기혼,맞벌이 함,400-500만원 미만,0.0835783284334313,0.1881882857421304,0.0454880488575339,0.1312629399585921,0.025468265732381,0.1470871913580247,0.2092496334799413,0,0,1,0
3M165028,남자,50대,사무 종사자,대학교 졸업(전문대졸/대학원생 포함),충청북도,2세대가족,기혼,맞벌이 함,600-700만원 미만,0.0661486770264594,0.2003703342754117,0.0456284440700572,0.1526570048309178,0.0225710820644118,0.1982060185185185,0.234572837531654,0,0,1,0
3M165032,여자,50대,사무 종사자,고졸(대학 재학 포함),충청북도,2세대가족,기혼,맞벌이 함,500-600만원 미만,0.0604787904241915,0.2332131371211383,0.0433470218665543,0.1246376811594202,0.0207519202263845,0.2133487654320987,0.1825936292149806,0,0,1,0
4O145040,여자,50대,서비스 종사자,대학교 졸업(전문대졸/대학원생 포함),강원도,2세대가족,기혼,맞벌이 함,600-700만원 미만,0.0902981940361192,0.1029139460091609,0.1068407567301955,0.1278122843340234,0.0862417463953645,0.0935570987654321,0.2642942822870852,0,1,1,0
4M164018,여자,30대,단순노무 종사자,대학교 졸업(전문대졸/대학원생 포함),충청북도,2세대가족,기혼,맞벌이 함,400-500만원 미만,0.1106677866442671,0.196959360686093,0.0639851181074725,0.1312629399585921,0.0355073440237164,0.1820987654320988,0.2212448353991736,0,0,1,0
3G104007,여자,40대,주부,대학교 졸업(전문대졸/대학원생 포함),울산광역시,2세대가족,기혼,맞벌이 하지 않음,300-400만원 미만,0.1747165056698866,0.1560276776142676,0.0697764206240567,0.1423050379572118,0.0607734806629834,0.1582754629629629,0.3065440490470478,1,1,2,0
1M000129,여자,40대,사무 종사자,대학교 졸업(전문대졸/대학원생 포함),충청북도,2세대가족,기혼,맞벌이 함,500-600만원 미만,0.0902981940361192,0.1852645940941429,0.0480151626829525,0.1312629399585921,0.0375960113192292,0.142554012345679,0.2239104358256697,0,0,1,0
3G104035,여자,40대,사무 종사자,대학교 졸업(전문대졸/대학원생 포함),울산광역시,2세대가족,기혼,맞벌이 함,500-600만원 미만,0.1955060898782024,0.1667478803235552,0.0834649538450739,0.1423050379572118,0.1097560975609756,0.1511381172839506,0.2199120351859256,1,1,2,0
3G104056,여자,50대,사무 종사자,대학교 졸업(전문대졸/대학원생 포함),울산광역시,2세대가족,기혼,맞벌이 함,500-600만원 미만,0.2158756824863502,0.147256602670305,0.0834649538450739,0.1395445134575569,0.0995822665408974,0.1518132716049383,0.2505664400906304,1,1,2,0
4O145049,여자,60대 이상,주부,중졸 이하,강원도,1세대가족,기혼,맞벌이 하지 않음,300-400만원 미만,0.0608987820243595,0.1024266640678296,0.0915025797620301,0.134023464458247,0.066230966177065,0.1008873456790123,0.2505664400906304,0,1,1,0
3G104049,여자,40대,사무 종사자,대학교 졸업(전문대졸/대학원생 포함),울산광역시,2세대가족,기혼,맞벌이 함,400-500만원 미만,0.2215455690886182,0.1550531137316051,0.0831139658137657,0.1478260869565217,0.100929793828325,0.1686921296296296,0.2585632413701186,1,1,2,0
1O000045,여자,60대 이상,주부,고졸(대학 재학 포함),강원도,1세대가족,기혼,맞벌이 하지 않음,400-500만원 미만,0.1501469970600588,0.1024266640678296,0.1188796462040644,0.1285024154589372,0.1224902304271661,0.0930748456790123,0.1239504198320671,2,2,0,0
4J226009,여자,40대,사무 종사자,대학교 졸업(전문대졸/대학원생 포함),경상남도,2세대가족,기혼,맞벌이 함,500-600만원 미만,0.2039059218815623,0.2515349381151935,0.0884489838896493,0.1505866114561766,0.096482953779814,0.1433256172839506,0.2039184326269492,1,1,2,0
4O149027,여자,50대,주부,고졸(대학 재학 포함),강원도,1세대가족,기혼,맞벌이 하지 않음,300-400만원 미만,0.1990760184796304,0.1455998440697788,0.0981362535537538,0.1450655624568668,0.1196604231235682,0.1523919753086419,0.2918832467013195,1,1,2,0
1O000048,여자,60대 이상,주부,중졸 이하,강원도,1세대가족,기혼,맞벌이 하지 않음,200-300만원 미만,0.1637967240655187,0.1111977390117922,0.1311993261029799,0.1312629399585921,0.1311144050667026,0.0954861111111111,0.1256830601092896,2,2,0,0
3M170015,남자,50대,판매 종사자,대학교 졸업(전문대졸/대학원생 포함),충청북도,1세대가족,기혼,맞벌이 함,700-800만원 미만,0.1656866862662747,0.1248416333690673,0.1047348285423467,0.134023464458247,0.127273952297534,0.2048611111111111,0.2185792349726776,1,2,0,0
3M170018,남자,40대,서비스 종사자,대학교 졸업(전문대졸/대학원생 포함),충청북도,1인 가구,미혼(사별/이혼 포함),맞벌이 하지 않음,300-400만원 미만,0.118647627047459,0.1189942500730922,0.0809378400196553,0.1395445134575569,0.0892736827920765,0.2192322530864197,0.2252432360389177,0,0,1,0
3M170030,남자,40대,장치·기계 조작 및 조립 종사자,대학교 졸업(전문대졸/대학원생 포함),충청북도,2세대가족,기혼,맞벌이 함,600-700만원 미만,0.0556488870222595,0.1160705584251047,0.1521884103752062,0.134023464458247,0.1054440102412073,0.1186342592592592,0.1865920298547247,2,2,0,0
3M170021,여자,50대,주부,고졸(대학 재학 포함),충청북도,1세대가족,기혼,맞벌이 하지 않음,400-500만원 미만,0.1392272154556909,0.1160705584251047,0.0939945947843178,0.136783988957902,0.0992453847190405,0.1975308641975308,0.2199120351859256,1,0,0,0
3M171003,남자,60대 이상,농림어업 숙련 종사자,고졸(대학 재학 포함),충청북도,1세대가족,기혼,맞벌이 하지 않음,300-400만원 미만,0.1073078538429231,0.0970665627131858,0.0955038433189428,0.1167701863354037,0.1080716884516911,0.1684027777777778,0.1949886711981874,2,0,0,0
1O000054,여자,40대,사무 종사자,대학교 졸업(전문대졸/대학원생 포함),강원도,2세대가족,기혼,맞벌이 함,700-800만원 미만,0.1822763544729105,0.1053503557158171,0.1196167210698115,0.1257418909592822,0.0873197682253065,0.089699074074074,0.1452752232440357,2,2,0,0
4O149029,남자,30대,사무 종사자,대학교 졸업(전문대졸/대학원생 포함),강원도,1인 가구,미혼(사별/이혼 포함),맞벌이 하지 않음,300-400만원 미만,0.1793364132717345,0.14920573043563,0.0918184689902074,0.1478260869565217,0.1338094596415577,0.1441936728395061,0.2652272424363588,1,1,2,0
3O146001,여자,60대 이상,주부,대학교 졸업(전문대졸/대학원생 포함),강원도,1세대가족,기혼,맞벌이 하지 않음,400-500만원 미만,0.121797564048719,0.1150959945424422,0.1232318977922853,0.134023464458247,0.0983694919822126,0.0935570987654321,0.1536718645874983,2,2,0,0
4A018010,여자,60대 이상,기능원 및 관련 기능 종사자,대학교 졸업(전문대졸/대학원생 포함),서울특별시,2세대가족,기혼,맞벌이 함,"900-1,000만원 미만",0.0986980260394792,0.1258161972517298,0.0714611631743357,0.134023464458247,0.0480393477967928,0.1036844135802469,0.3309342929494869,0,1,1,0
4O149031,여자,30대,주부,고졸(대학 재학 포함),강원도,2세대가족,기혼,맞벌이 하지 않음,300-400만원 미만,0.1892062158756824,0.1514472273657538,0.09452107683128,0.1533471359558316,0.1354264923864708,0.1647376543209876,0.2638944422231107,1,1,2,0
3M171009,여자,60대 이상,농림어업 숙련 종사자,중졸 이하,충청북도,1세대가족,기혼,맞벌이 함,300-400만원 미만,0.1058378832423351,0.1087613293051359,0.0889052683303499,0.1333333333333333,0.102007815658267,0.1797839506172839,0.2265760362521658,0,0,1,0
3M171012,여자,60대 이상,농림어업 숙련 종사자,중졸 이하,충청북도,1세대가족,기혼,맞벌이 함,200-300만원 미만,0.1058378832423351,0.1111977390117922,0.0852198940016145,0.1312629399585921,0.0912275973588465,0.1857638888888889,0.2105824336931894,0,0,1,0
4A018016,여자,30대,사무 종사자,대학교 졸업(전문대졸/대학원생 포함),서울특별시,1세대가족,기혼,맞벌이 함,700-800만원 미만,0.0688786224275514,0.1501802943182925,0.0771120704783966,0.1395445134575569,0.0505996496429052,0.1003086419753086,0.3078768492602959,0,1,1,0
4O149037,여자,40대,사무 종사자,대학교 졸업(전문대졸/대학원생 포함),강원도,2세대가족,기혼,맞벌이 함,500-600만원 미만,0.1631667366652667,0.14920573043563,0.0971885858692218,0.1478260869565217,0.1363023851232987,0.1504629629629629,0.2722910835665734,1,1,2,0
4A018013,여자,40대,사무 종사자,대학교 졸업(전문대졸/대학원생 포함),서울특별시,2세대가족,기혼,맞벌이 함,700-800만원 미만,0.1316673666526669,0.1287398888997173,0.0564388754343476,0.136783988957902,0.0842204554642231,0.091628086419753,0.3012128481940557,0,1,2,0
3M171018,여자,60대 이상,서비스 종사자,중졸 이하,충청북도,1세대가족,기혼,맞벌이 함,500-600만원 미만,0.125157496850063,0.1287398888997173,0.0852198940016145,0.1395445134575569,0.0868481336747069,0.2002314814814814,0.2239104358256697,0,0,1,0
3M171021,여자,60대 이상,주부,중졸 이하,충청북도,1세대가족,기혼,맞벌이 하지 않음,200-300만원 미만,0.1047879042419151,0.1107104570704609,0.0841669299076901,0.1333333333333333,0.0747203880878587,0.1692708333333333,0.2399040383846461,0,0,1,0
3M171024,여자,60대 이상,서비스 종사자,고졸(대학 재학 포함),충청북도,1세대가족,기혼,맞벌이 함,600-700만원 미만,0.1081478370432591,0.1170451223077672,0.0974342774911375,0.1450655624568668,0.1014014283789246,0.1547067901234568,0.2025856324137012,2,2,1,0
3M171027,여자,60대 이상,단순노무 종사자,중졸 이하,충청북도,1인 가구,미혼(사별/이혼 포함),맞벌이 하지 않음,200-300만원 미만,0.0684586308273834,0.1063249195984796,0.0674949984205538,0.136783988957902,0.0718232044198895,0.1587577160493827,0.2319072371051579,0,0,1,0
3M171036,여자,50대,주부,고졸(대학 재학 포함),충청북도,2세대가족,기혼,맞벌이 하지 않음,700-800만원 미만,0.0873582528349433,0.1189942500730922,0.0878874030395563,0.1423050379572118,0.0778870772133135,0.1780478395061728,0.2385712381713981,0,0,1,0
1C001122,여자,40대,판매 종사자,대학교 졸업(전문대졸/대학원생 포함),인천광역시,2세대가족,기혼,맞벌이 함,500-600만원 미만,0.0961780764384712,0.1326381444303674,0.0968375978379137,0.1395445134575569,0.0540358442258455,0.1208526234567901,0.3438624550179928,0,1,1,0
4A002016,여자,50대,판매 종사자,대학교 졸업(전문대졸/대학원생 포함),서울특별시,2세대가족,기혼,맞벌이 함,600-700만원 미만,0.1973960520789584,0.1570022414969301,0.0928012354778702,0.136783988957902,0.0947311683061581,0.121045524691358,0.195921631347461,1,0,1,0
4C073016,여자,60대 이상,서비스 종사자,대학교 졸업(전문대졸/대학원생 포함),인천광역시,2세대가족,기혼,맞벌이 함,800-900만원 미만,0.2043259134817303,0.1428710651983237,0.0871503281738092,0.1222912353347135,0.1333378250909581,0.126832561728395,0.1919232307077169,1,1,0,0
1E000376,여자,60대 이상,주부,고졸(대학 재학 포함),대전광역시,2세대가족,미혼(사별/이혼 포함),맞벌이 하지 않음,300-400만원 미만,0.0524989500209995,0.1111977390117922,0.0908357025025446,0.136783988957902,0.0844225845573372,0.152295524691358,0.2119152339064374,0,0,1,0
1E000385,여자,50대,서비스 종사자,고졸(대학 재학 포함),대전광역시,2세대가족,기혼,맞벌이 하지 않음,700-800만원 미만,0.0608987820243595,0.1082740473638047,0.0743392650310624,0.1395445134575569,0.081525400889368,0.171778549382716,0.2052512328401972,0,0,1,0
3E093003,여자,40대,사무 종사자,대학교 졸업(전문대졸/대학원생 포함),대전광역시,2세대가족,기혼,맞벌이 함,600-700만원 미만,0.1024779504409911,0.1082740473638047,0.0676002948299463,0.1395445134575569,0.085635359116022,0.144483024691358,0.2185792349726776,0,0,1,0
3E093004,여자,50대,사무 종사자,고졸(대학 재학 포함),대전광역시,2세대가족,기혼,맞벌이 함,700-800만원 미만,0.1138177236455271,0.1102231751291297,0.0746902530623705,0.1395445134575569,0.1088128284597763,0.1676311728395061,0.2016526722644276,0,0,1,0
4E090005,여자,60대 이상,서비스 종사자,대학교 졸업(전문대졸/대학원생 포함),대전광역시,1세대가족,기혼,맞벌이 함,500-600만원 미만,0.120537589248215,0.1423837832569925,0.074971043487417,0.1285024154589372,0.0654898261689799,0.1772762345679012,0.2682926829268293,0,0,1,0
4O152003,여자,30대,사무 종사자,대학교 졸업(전문대졸/대학원생 포함),강원도,1세대가족,기혼,맞벌이 함,500-600만원 미만,0.1627467450650987,0.1589513692622551,0.096030325365905,0.1450655624568668,0.1149440776175717,0.1644483024691358,0.2718912435025989,1,1,2,0
4E090007,여자,50대,서비스 종사자,대학교 졸업(전문대졸/대학원생 포함),대전광역시,2세대가족,기혼,맞벌이 함,500-600만원 미만,0.0968080638387232,0.1228925056037423,0.0803060615633007,0.1312629399585921,0.08064950815254,0.1929012345679012,0.254964680794349,0,0,1,0
4E090009,여자,50대,사무 종사자,대학교 졸업(전문대졸/대학원생 포함),대전광역시,2세대가족,기혼,맞벌이 함,400-500만원 미만,0.115287694246115,0.1287398888997173,0.0720578428275595,0.134023464458247,0.0639401697884382,0.181616512345679,0.2629614820738372,0,0,1,0
4O152006,여자,60대 이상,단순노무 종사자,고졸(대학 재학 포함),강원도,1인 가구,미혼(사별/이혼 포함),맞벌이 하지 않음,200-300만원 미만,0.1434271314573708,0.1345872721956924,0.0920641606121231,0.1450655624568668,0.1150114539819431,0.1634837962962963,0.2678928428628548,1,1,2,0
4E090011,여자,40대,서비스 종사자,대학교 졸업(전문대졸/대학원생 포함),대전광역시,2세대가족,기혼,맞벌이 함,500-600만원 미만,0.0982780344393112,0.1725952636195302,0.0660910462953213,0.136783988957902,0.0539684678614741,0.1753472222222222,0.2522990803678528,0,0,1,0
3E093009,여자,50대,사무 종사자,대학교 졸업(전문대졸/대학원생 포함),대전광역시,1세대가족,기혼,맞벌이 함,700-800만원 미만,0.0646787064258714,0.1111977390117922,0.0890105647397423,0.134023464458247,0.0692629025737771,0.1677276234567901,0.235905637744902,0,0,1,0
1E000360,여자,40대,사무 종사자,대학교 졸업(전문대졸/대학원생 포함),대전광역시,2세대가족,기혼,맞벌이 함,600-700만원 미만,0.0783284334313313,0.1219179417210798,0.1390965568074128,0.1395445134575569,0.1265328122894488,0.1167052469135802,0.1865920298547247,2,2,0,0
4A002020,여자,40대,사무 종사자,대학교 졸업(전문대졸/대학원생 포함),서울특별시,1세대가족,기혼,맞벌이 함,500-600만원 미만,0.2011759764804704,0.2671279602377936,0.0906953072900214,0.1450655624568668,0.092575124646274,0.1167052469135802,0.1146208183393309,1,1,1,0
4E090013,여자,50대,서비스 종사자,대학교 졸업(전문대졸/대학원생 포함),대전광역시,2세대가족,기혼,맞벌이 함,500-600만원 미만,0.0974380512389752,0.1940356690381054,0.0386086834438945,0.136783988957902,0.0339576876431747,0.1493055555555555,0.2025856324137012,0,0,1,0
4H118053,여자,40대,사무 종사자,대학교 졸업(전문대졸/대학원생 포함),경기도,2세대가족,기혼,맞벌이 함,600-700만원 미만,0.114027719445611,0.147256602670305,0.0641957109262574,0.1395445134575569,0.0842878318285945,0.121045524691358,0.2292416366786618,0,1,2,0
4E090017,여자,50대,서비스 종사자,대학교 졸업(전문대졸/대학원생 포함),대전광역시,2세대가족,기혼,맞벌이 함,500-600만원 미만,0.1039479210415791,0.1306890166650424,0.090765504896283,0.1395445134575569,0.0953375555855006,0.1864390432098765,0.2509662801546048,0,0,1,0
3O146002,여자,40대,사무 종사자,대학교 졸업(전문대졸/대학원생 포함),강원도,2세대가족,기혼,맞벌이 함,700-800만원 미만,0.1396472070558589,0.1102231751291297,0.1192657330385034,0.134023464458247,0.1117100121277455,0.0868055555555555,0.1136878581900573,2,2,0,0
1C000675,여자,50대,주부,대학교 졸업(전문대졸/대학원생 포함),인천광역시,1세대가족,기혼,맞벌이 하지 않음,400-500만원 미만,0.1098278034439311,0.1077867654224734,0.121020673195044,0.1195307108350586,0.1247136504514216,0.1167052469135802,0.1106224176995868,2,2,0,0
4H118068,여자,50대,서비스 종사자,고졸(대학 재학 포함),경기도,2세대가족,기혼,맞벌이 함,700-800만원 미만,0.1497270054598908,0.1448201929636488,0.068583061317609,0.1195307108350586,0.0736423662579167,0.1319444444444444,0.2429694788751166,0,0,2,0
1C000681,여자,60대 이상,주부,고졸(대학 재학 포함),인천광역시,1세대가족,기혼,맞벌이 하지 않음,400-500만원 미만,0.0867282654346913,0.1226975928272098,0.1291635955213927,0.1195307108350586,0.1130575394151731,0.1339699074074074,0.1026256164200986,2,2,0,0
1E000363,여자,50대,서비스 종사자,대학교 졸업(전문대졸/대학원생 포함),대전광역시,2세대가족,기혼,맞벌이 함,700-800만원 미만,0.0850482990340193,0.1082740473638047,0.0685479625144782,0.1395445134575569,0.0892736827920765,0.1535493827160493,0.2025856324137012,0,0,1,0
1E000378,여자,60대 이상,판매 종사자,고졸(대학 재학 포함),대전광역시,1세대가족,기혼,맞벌이 함,500-600만원 미만,0.0930281394372112,0.1131468667771172,0.0965568074128672,0.1395445134575569,0.1021425683870098,0.1603009259259259,0.194588831134213,2,2,1,0
4H118014,여자,40대,사무 종사자,대학교 졸업(전문대졸/대학원생 포함),경기도,2세대가족,기혼,맞벌이 함,600-700만원 미만,0.1770264594708105,0.1501802943182925,0.0827629777824576,0.134023464458247,0.1050397520549791,0.1157407407407407,0.2065840330534453,1,1,1,0
4A002024,여자,50대,주부,고졸(대학 재학 포함),서울특별시,1세대가족,기혼,맞벌이 하지 않음,300-400만원 미만,0.1587568248635027,0.143358347139655,0.101470639851181,0.136783988957902,0.1111036248484031,0.1263503086419753,0.2132480341196854,1,1,0,0
4H118030,여자,40대,사무 종사자,대학교 졸업(전문대졸/대학원생 포함),경기도,2세대가족,기혼,맞벌이 함,700-800만원 미만,0.1692566148677026,0.1618750609102426,0.0897827384086202,0.1561076604554865,0.0994475138121546,0.1388888888888889,0.23723843795815,1,1,1,0
4H119015,여자,50대,사무 종사자,대학교 졸업(전문대졸/대학원생 포함),경기도,2세대가족,기혼,맞벌이 함,700-800만원 미만,0.123897522049559,0.1531039859662801,0.09020392404619,0.1312629399585921,0.1000539010914971,0.1128472222222222,0.2349726775956284,0,1,1,0
1C000701,여자,40대,사무 종사자,대학교 졸업(전문대졸/대학원생 포함),인천광역시,2세대가족,기혼,맞벌이 함,600-700만원 미만,0.1551868962620747,0.1202611831205535,0.1218279456670527,0.1257418909592822,0.1288236086780757,0.1521990740740741,0.1106224176995868,2,2,0,0
4H119030,여자,40대,관리자,대학교 졸업(전문대졸/대학원생 포함),경기도,2세대가족,기혼,맞벌이 함,600-700만원 미만,0.1881562368752624,0.1716206997368677,0.0976799691130532,0.1533471359558316,0.0873197682253065,0.1345486111111111,0.2522990803678528,1,1,1,0
3O146004,여자,40대,주부,대학교 졸업(전문대졸/대학원생 포함),강원도,2세대가족,기혼,맞벌이 하지 않음,400-500만원 미만,0.1648467030659386,0.115388363707241,0.1245305535081253,0.1312629399585921,0.1135291739657728,0.087770061728395,0.0986272157803545,2,2,0,0
2B000006,여자,40대,주부,대학교 졸업(전문대졸/대학원생 포함),부산광역시,2세대가족,기혼,맞벌이 하지 않음,400-500만원 미만,0.1686266274674506,0.1696715719715427,0.0880277982520796,0.1395445134575569,0.1265328122894488,0.1556712962962963,0.1666000266560042,1,1,0,0
1C000703,남자,40대,사무 종사자,대학교 졸업(전문대졸/대학원생 포함),인천광역시,1인 가구,미혼(사별/이혼 포함),맞벌이 하지 않음,300-400만원 미만,0.0909281814363712,0.1365363999610174,0.1154048646941139,0.1423050379572118,0.0930467591968737,0.1563464506172839,0.1346128215380514,2,2,0,0
4A024006,남자,30대,판매 종사자,고졸(대학 재학 포함),서울특별시,1인 가구,미혼(사별/이혼 포함),맞벌이 하지 않음,200-300만원 미만,0.1679966400671986,0.14920573043563,0.1025236039451054,0.1423050379572118,0.1145398194313434,0.150366512345679,0.1336798613887778,2,0,0,0
4D062026,여자,50대,주부,고졸(대학 재학 포함),대구광역시,2세대가족,기혼,맞벌이 하지 않음,300-400만원 미만,0.0251994960100798,0.1578793489913263,0.0593169772910743,0.1159420289855072,0.060167093383641,0.1587577160493827,0.1879248300679728,0,0,1,0
4D062052,여자,30대,서비스 종사자,대학교 졸업(전문대졸/대학원생 포함),대구광역시,1인 가구,미혼(사별/이혼 포함),맞벌이 하지 않음,200-300만원 미만,0.0461990760184796,0.1006724490790371,0.0611772138570074,0.1163561076604554,0.0669047298207788,0.1413966049382716,0.1692656270825003,0,0,1,0
1C000710,여자,50대,주부,대학교 졸업(전문대졸/대학원생 포함),인천광역시,2세대가족,기혼,맞벌이 하지 않음,500-600만원 미만,0.1381772364552708,0.1222103108858785,0.1238285774455091,0.1285024154589372,0.1368413960382697,0.1996527777777778,0.1159536185525789,2,2,0,0
4H119045,여자,50대,판매 종사자,고졸(대학 재학 포함),경기도,1인 가구,미혼(사별/이혼 포함),맞벌이 하지 않음,300-400만원 미만,0.0755984880302394,0.1438456290809862,0.0674248008142922,0.1278122843340234,0.0600323406548982,0.0964506172839506,0.1999200319872051,0,0,1,0
1D001043,여자,30대,사무 종사자,대학교 졸업(전문대졸/대학원생 포함),대구광역시,2세대가족,기혼,맞벌이 함,500-600만원 미만,0.1931961360772784,0.1189942500730922,0.096030325365905,0.1395445134575569,0.1363023851232987,0.1165123456790123,0.1239504198320671,2,2,0,0
1C000711,여자,30대,주부,대학교 졸업(전문대졸/대학원생 포함),인천광역시,2세대가족,기혼,맞벌이 하지 않음,500-600만원 미만,0.1495170096598068,0.1121723028944547,0.1316556105436804,0.1202208419599723,0.1327314378116156,0.150270061728395,0.1239504198320671,2,2,0,0
4H119055,여자,60대 이상,서비스 종사자,고졸(대학 재학 포함),경기도,1세대가족,기혼,맞벌이 함,700-800만원 미만,0.1553968920621587,0.1365363999610174,0.0694605313958794,0.1257418909592822,0.0862417463953645,0.1253858024691358,0.2456350793016127,1,1,2,0
1D001045,여자,30대,서비스 종사자,고졸(대학 재학 포함),대구광역시,1인 가구,미혼(사별/이혼 포함),맞벌이 하지 않음,200-300만원 미만,0.0629987400251994,0.1786375596920378,0.0352040995402056,0.1191166321601104,0.0377307640479719,0.1793981481481481,0.1919232307077169,0,0,1,0
4H119060,여자,30대,사무 종사자,대학교 졸업(전문대졸/대학원생 포함),경기도,1세대가족,기혼,맞벌이 함,600-700만원 미만,0.0936581268374632,0.1370236819023487,0.0632831420448562,0.1305728088336784,0.0915644791807034,0.1121720679012345,0.1839264294282287,0,0,1,0
4H119005,여자,50대,사무 종사자,고졸(대학 재학 포함),경기도,2세대가족,기혼,맞벌이 함,"900-1,000만원 미만",0.1486770264594708,0.1738621966669915,0.0815696184760099,0.1423050379572118,0.0809190136100256,0.1271219135802469,0.234572837531654,1,1,1,0
1C000715,여자,50대,판매 종사자,대학교 졸업(전문대졸/대학원생 포함),인천광역시,2세대가족,기혼,맞벌이 함,600-700만원 미만,0.1453170936581268,0.1180196861904297,0.1351654908567618,0.1285024154589372,0.1313839105241881,0.1780478395061728,0.1212848194055711,2,2,0,0
4H119010,여자,50대,주부,고졸(대학 재학 포함),경기도,2세대가족,기혼,맞벌이 하지 않음,600-700만원 미만,0.1266274674506509,0.1443329110223175,0.0627215611947632,0.134023464458247,0.0720253335130036,0.1051311728395061,0.2149806743969079,0,0,2,0
1C000793,여자,50대,주부,대학교 졸업(전문대졸/대학원생 포함),인천광역시,2세대가족,기혼,맞벌이 하지 않음,500-600만원 미만,0.2337253254934901,0.1686970080888802,0.1042785441016461,0.134023464458247,0.1771324619323541,0.1629050925925926,0.0999600159936025,2,1,0,0
4C063008,여자,40대,사무 종사자,대학교 졸업(전문대졸/대학원생 포함),인천광역시,2세대가족,기혼,맞벌이 함,700-800만원 미만,0.0797984040319193,0.1345872721956924,0.0863430557018005,0.1395445134575569,0.048780487804878,0.1241319444444444,0.314540850326536,0,1,1,0
4H119020,여자,30대,사무 종사자,대학교 졸업(전문대졸/대학원생 포함),경기도,2세대가족,기혼,맞벌이 함,800-900만원 미만,0.118227635447291,0.1553454828964038,0.093397915131094,0.1285024154589372,0.0721600862417463,0.1302083333333333,0.2159136345461815,0,0,1,0
1D001048,여자,30대,판매 종사자,대학교 졸업(전문대졸/대학원생 포함),대구광역시,1세대가족,기혼,맞벌이 함,400-500만원 미만,0.0209995800083998,0.1691842900302115,0.0453827524481415,0.1167701863354037,0.02688316938418,0.2295524691358025,0.2239104358256697,0,0,1,0
1C000722,여자,60대 이상,판매 종사자,대학교 졸업(전문대졸/대학원생 포함),인천광역시,1세대가족,기혼,맞벌이 함,500-600만원 미만,0.1868962620747585,0.1141214306597797,0.1247060475237794,0.1229813664596273,0.1342810941921574,0.1457368827160493,0.1106224176995868,2,2,0,0
2B000011,여자,40대,주부,대학교 졸업(전문대졸/대학원생 포함),부산광역시,2세대가족,기혼,맞벌이 하지 않음,300-400만원 미만,0.1860562788744225,0.1755189552675178,0.0705836930960654,0.1450655624568668,0.073170731707317,0.1793981481481481,0.2865520458483273,1,0,2,0
4C063012,여자,60대 이상,주부,고졸(대학 재학 포함),인천광역시,1세대가족,기혼,맞벌이 하지 않음,300-400만원 미만,0.115707685846283,0.1248416333690673,0.0799199747288617,0.1312629399585921,0.0718232044198895,0.1089891975308642,0.3305344528855125,0,1,1,0
3P240018,여자,50대,서비스 종사자,고졸(대학 재학 포함),제주특별자치도,2세대가족,미혼(사별/이혼 포함),맞벌이 하지 않음,300-400만원 미만,0.2169256614867702,0.1024266640678296,0.0996455020883787,0.1146997929606625,0.139199568791268,0.0930748456790123,0.2319072371051579,1,0,0,0
4A010001,여자,60대 이상,주부,고졸(대학 재학 포함),서울특별시,1세대가족,기혼,맞벌이 하지 않음,300-400만원 미만,0.1803863922721545,0.1150959945424422,0.091888666596469,0.136783988957902,0.1348874814714998,0.0925925925925926,0.1599360255897641,2,0,0,0
1D001051,여자,40대,주부,고졸(대학 재학 포함),대구광역시,2세대가족,기혼,맞벌이 하지 않음,300-400만원 미만,0.0734985300293994,0.1038885098918234,0.0726545224807834,0.1084886128364389,0.0864438754884786,0.1375385802469136,0.1092896174863388,2,0,0,0
3P240024,여자,50대,서비스 종사자,대학교 졸업(전문대졸/대학원생 포함),제주특별자치도,2세대가족,미혼(사별/이혼 포함),맞벌이 하지 않음,500-600만원 미만,0.2381352372952541,0.1082740473638047,0.0759538099750798,0.1202208419599723,0.1292952432286754,0.0991512345679012,0.273224043715847,1,1,2,0
1D001055,여자,50대,주부,고졸(대학 재학 포함),대구광역시,1세대가족,기혼,맞벌이 하지 않음,400-500만원 미만,0.0503989920201596,0.1350745541370236,0.0667930223579376,0.1167701863354037,0.0520819296590755,0.2008101851851851,0.1985872317739571,0,0,1,0
4A010009,여자,50대,판매 종사자,고졸(대학 재학 포함),서울특별시,2세대가족,기혼,맞벌이 함,600-700만원 미만,0.1686266274674506,0.1150959945424422,0.1154048646941139,0.1395445134575569,0.1263980595607061,0.1192129629629629,0.1719312275089964,2,2,0,0
3P240030,여자,50대,서비스 종사자,고졸(대학 재학 포함),제주특별자치도,2세대가족,기혼,맞벌이 함,500-600만원 미만,0.248005039899202,0.1102231751291297,0.1036116668421606,0.1257418909592822,0.1402102142568387,0.1012731481481481,0.2439024390243902,1,0,0,0
1D001060,여자,20대,주부,고졸(대학 재학 포함),대구광역시,2세대가족,기혼,맞벌이 하지 않음,200-300만원 미만,0.1077278454430911,0.1764935191501803,0.0497701028394931,0.1146997929606625,0.0630642770516102,0.1551890432098765,0.1745968279354924,0,0,1,0
1C000794,여자,50대,주부,고졸(대학 재학 포함),인천광역시,1세대가족,기혼,맞벌이 하지 않음,400-500만원 미만,0.1553968920621587,0.2101159731020368,0.0884840826927801,0.1305728088336784,0.1232313704352513,0.15625,0.0972944155671065,2,1,1,0
4E090021,여자,60대 이상,서비스 종사자,대학교 졸업(전문대졸/대학원생 포함),대전광역시,2세대가족,기혼,맞벌이 함,500-600만원 미만,0.0978580428391432,0.1628496247929051,0.050366782492717,0.1395445134575569,0.0538337151327314,0.1644483024691358,0.2323070771691323,0,0,1,0
3P240036,여자,40대,서비스 종사자,고졸(대학 재학 포함),제주특별자치도,2세대가족,기혼,맞벌이 함,400-500만원 미만,0.2370852582948341,0.1063249195984796,0.0818855077041872,0.1229813664596273,0.1274760813906481,0.1057098765432098,0.2678928428628548,1,1,2,0
4C073020,여자,30대,사무 종사자,대학교 졸업(전문대졸/대학원생 포함),인천광역시,1세대가족,기혼,맞벌이 함,500-600만원 미만,0.1793364132717345,0.1097358931877984,0.1264960864834509,0.1167701863354037,0.1359655033014418,0.1312692901234567,0.1079568172730907,2,2,0,0
4A010010,여자,60대 이상,주부,고졸(대학 재학 포함),서울특별시,1세대가족,기혼,맞벌이 하지 않음,300-400만원 미만,0.1789164216715665,0.1219179417210798,0.1064897686988873,0.136783988957902,0.1418272470017517,0.1138117283950617,0.2199120351859256,1,1,0,0
4E090025,여자,60대 이상,서비스 종사자,대학교 졸업(전문대졸/대학원생 포함),대전광역시,2세대가족,기혼,맞벌이 함,500-600만원 미만,0.0619487610247795,0.1443329110223175,0.0757432171562949,0.134023464458247,0.0586848133674706,0.1822916666666666,0.2522990803678528,0,0,1,0
4C073024,여자,40대,판매 종사자,대학교 졸업(전문대졸/대학원생 포함),인천광역시,2세대가족,기혼,맞벌이 함,600-700만원 미만,0.2288954220915581,0.1102231751291297,0.1234775894142009,0.1229813664596273,0.1636571890580784,0.1337770061728395,0.1106224176995868,2,2,0,0
4C073032,여자,60대 이상,서비스 종사자,고졸(대학 재학 포함),인천광역시,1세대가족,기혼,맞벌이 함,400-500만원 미만,0.1619067618647627,0.1214306597797485,0.1231266013828928,0.1140096618357487,0.1288236086780757,0.1739969135802469,0.119952019192323,2,2,0,0
4A010015,여자,40대,판매 종사자,고졸(대학 재학 포함),서울특별시,1인 가구,미혼(사별/이혼 포함),맞벌이 하지 않음,200-300만원 미만,0.1860562788744225,0.119286619237891,0.1013653434417886,0.134023464458247,0.135830750572699,0.1060956790123456,0.1869918699186992,2,0,0,0
4E089008,여자,50대,사무 종사자,대학교 졸업(전문대졸/대학원생 포함),대전광역시,2세대가족,기혼,맞벌이 함,500-600만원 미만,0.0846283074338513,0.1306890166650424,0.0852198940016145,0.134023464458247,0.0817275299824821,0.1652199074074074,0.2279088364654138,0,0,1,0
1D001085,여자,50대,장치·기계 조작 및 조립 종사자,고졸(대학 재학 포함),대구광역시,2세대가족,기혼,맞벌이 함,400-500만원 미만,0.0587988240235195,0.1623623428515739,0.0453827524481415,0.1167701863354037,0.0336881821856892,0.1905864197530864,0.2065840330534453,0,0,1,0
1D001091,여자,50대,주부,고졸(대학 재학 포함),대구광역시,2세대가족,기혼,맞벌이 하지 않음,300-400만원 미만,0.0839983200335993,0.1084689601403372,0.0687936541363939,0.0997929606625258,0.0768090553833715,0.1616512345679012,0.1985872317739571,0,0,1,0
3D058008,여자,40대,서비스 종사자,고졸(대학 재학 포함),대구광역시,2세대가족,기혼,맞벌이 함,500-600만원 미만,0.0902981940361192,0.1024266640678296,0.0932224211154399,0.136783988957902,0.1012666756501819,0.1519097222222222,0.1376782620285219,2,2,1,0
4D058001,여자,50대,주부,고졸(대학 재학 포함),대구광역시,1세대가족,기혼,맞벌이 하지 않음,300-400만원 미만,0.0650986980260394,0.1652860344995614,0.0396265487346881,0.1084886128364389,0.0168440910928446,0.2102623456790123,0.2279088364654138,0,0,1,0
4C073040,여자,60대 이상,주부,고졸(대학 재학 포함),인천광역시,2세대가족,기혼,맞벌이 하지 않음,400-500만원 미만,0.0999580008399832,0.1087613293051359,0.1189147450071952,0.1084886128364389,0.0974262228810133,0.1689814814814814,0.1226176196188191,2,0,0,0
4E089015,여자,50대,사무 종사자,대학교 졸업(전문대졸/대학원생 포함),대전광역시,2세대가족,기혼,맞벌이 함,500-600만원 미만,0.1020579588408231,0.1355618360783549,0.0845179179389983,0.136783988957902,0.0842878318285945,0.1758294753086419,0.2265760362521658,0,0,1,0
4B028033,여자,60대 이상,주부,고졸(대학 재학 포함),부산광역시,2세대가족,기혼,맞벌이 하지 않음,500-600만원 미만,0.0510289794204115,0.1604132150862489,0.0971885858692218,0.1416149068322981,0.0406279477159412,0.1813271604938271,0.2185792349726776,0,0,1,0
4C073048,여자,50대,판매 종사자,대학교 졸업(전문대졸/대학원생 포함),인천광역시,2세대가족,기혼,맞벌이 함,500-600만원 미만,0.1698866022679546,0.1102231751291297,0.1291986943245235,0.1202208419599723,0.1488343888963751,0.1623263888888889,0.118619218979075,2,2,0,0
4B028041,남자,60대 이상,단순노무 종사자,중졸 이하,부산광역시,2세대가족,기혼,맞벌이 하지 않음,300-400만원 미만,0.0732885342293154,0.1496930123769613,0.0974342774911375,0.1388543823326432,0.055181242420159,0.1870177469135802,0.2159136345461815,0,0,1,0
4E090027,여자,60대 이상,사무 종사자,대학교 졸업(전문대졸/대학원생 포함),대전광역시,2세대가족,기혼,맞벌이 함,500-600만원 미만,0.123267534649307,0.1531039859662801,0.0803060615633007,0.134023464458247,0.0685217625656919,0.181616512345679,0.2349726775956284,0,0,1,0
4E090029,여자,50대,서비스 종사자,대학교 졸업(전문대졸/대학원생 포함),대전광역시,2세대가족,기혼,맞벌이 함,500-600만원 미만,0.1005879882402352,0.1336127083130299,0.0935734091467481,0.134023464458247,0.0888694246058482,0.1668595679012345,0.2016526722644276,0,0,1,0
4A004052,여자,50대,판매 종사자,고졸(대학 재학 포함),서울특별시,2세대가족,기혼,맞벌이 함,"1,000만원 이상",0.1560268794624107,0.1428710651983237,0.0932224211154399,0.1388543823326432,0.1012666756501819,0.0935570987654321,0.197254431560709,1,0,1,0
1O000108,여자,40대,사무 종사자,대학교 졸업(전문대졸/대학원생 포함),강원도,2세대가족,기혼,맞벌이 함,600-700만원 미만,0.1127677446451071,0.0999902543611733,0.121582254045137,0.1222912353347135,0.1135291739657728,0.0848765432098765,0.1136878581900573,2,2,0,0
2B000017,여자,50대,주부,고졸(대학 재학 포함),부산광역시,2세대가족,기혼,맞벌이 하지 않음,400-500만원 미만,0.1822763544729105,0.1745443913848552,0.0919939630058615,0.1561076604554865,0.1134617976014014,0.1784336419753086,0.2492336398773824,1,1,2,0
1D000181,남자,60대 이상,사무 종사자,중졸 이하,대구광역시,1세대가족,기혼,맞벌이 함,300-400만원 미만,0.1054178916421671,0.118506968131761,0.0495946088238391,0.1388543823326432,0.0486457350761352,0.1025270061728395,0.2972144475543116,0,1,2,0
4A004048,여자,30대,사무 종사자,대학원 졸업 이상,서울특별시,1세대가족,미혼(사별/이혼 포함),맞벌이 하지 않음,500-600만원 미만,0.2204955900881982,0.1038885098918234,0.0962760169878207,0.1333333333333333,0.1627812963212505,0.1105324074074074,0.1546048247367719,2,2,0,0
1C000797,여자,40대,판매 종사자,대학교 졸업(전문대졸/대학원생 포함),인천광역시,1인 가구,미혼(사별/이혼 포함),맞벌이 하지 않음,300-400만원 미만,0.1936161276774464,0.1570022414969301,0.1074374363834193,0.1395445134575569,0.1542918744104568,0.1187307098765432,0.1079568172730907,2,1,0,0
3P240042,여자,20대,사무 종사자,고졸(대학 재학 포함),제주특별자치도,1인 가구,미혼(사별/이혼 포함),맞벌이 하지 않음,200-300만원 미만,0.2400251994960101,0.1233797875450735,0.106559966305149,0.1360938578329882,0.1344832232852715,0.0887345679012345,0.2252432360389177,1,0,0,0
1O000112,여자,60대 이상,주부,고졸(대학 재학 포함),강원도,1세대가족,기혼,맞벌이 하지 않음,400-500만원 미만,0.117597648047039,0.1150959945424422,0.1297602751746165,0.134023464458247,0.087589273682792,0.091628086419753,0.118619218979075,2,2,0,0
4A004016,여자,60대 이상,주부,고졸(대학 재학 포함),서울특별시,2세대가족,기혼,맞벌이 하지 않음,700-800만원 미만,0.2393952120957581,0.1233797875450735,0.130988733284195,0.1360938578329882,0.216278129632125,0.1041666666666666,0.118619218979075,2,2,0,0
1C000801,여자,60대 이상,주부,고졸(대학 재학 포함),인천광역시,1세대가족,기혼,맞벌이 하지 않음,300-400만원 미만,0.1682066358672826,0.1316635805477049,0.1204239935418202,0.1312629399585921,0.1609621344832232,0.1442901234567901,0.103025456484073,2,2,0,0
4C063020,여자,40대,사무 종사자,대학교 졸업(전문대졸/대학원생 포함),인천광역시,2세대가족,기혼,맞벌이 함,700-800만원 미만,0.0968080638387232,0.1716206997368677,0.070092309852234,0.1395445134575569,0.0668373534564075,0.0868055555555555,0.234572837531654,0,1,1,0
4C063024,여자,30대,사무 종사자,대학교 졸업(전문대졸/대학원생 포함),인천광역시,1세대가족,기혼,맞벌이 함,500-600만원 미만,0.1283074338513229,0.1219179417210798,0.0825523849636727,0.1395445134575569,0.0690607734806629,0.1027199074074074,0.350526456084233,0,1,1,0
1D000182,남자,20대,사무 종사자,대학교 졸업(전문대졸/대학원생 포함),대구광역시,1인 가구,미혼(사별/이혼 포함),맞벌이 하지 않음,200-300만원 미만,0.0335993280134397,0.1077867654224734,0.0471376926046821,0.1388543823326432,0.0206171674976418,0.085841049382716,0.3318672530987605,0,1,1,0
1D000185,남자,30대,서비스 종사자,고졸(대학 재학 포함),대구광역시,1인 가구,미혼(사별/이혼 포함),맞벌이 하지 않음,200-300만원 미만,0.0846283074338513,0.1272780430757236,0.0495946088238391,0.1388543823326432,0.0419754750033688,0.1645447530864197,0.2692256430761029,0,0,1,0
1D000187,여자,20대,사무 종사자,대학교 졸업(전문대졸/대학원생 포함),대구광역시,1인 가구,미혼(사별/이혼 포함),맞벌이 하지 않음,200-300만원 미만,0.122427551448971,0.1906246954487866,0.0485416447299147,0.1388543823326432,0.0406279477159412,0.1032021604938271,0.2319072371051579,0,1,1,0
1D000213,여자,60대 이상,기능원 및 관련 기능 종사자,고졸(대학 재학 포함),대구광역시,1세대가족,기혼,맞벌이 함,400-500만원 미만,0.0888282234355312,0.1448201929636488,0.0686532589238707,0.1388543823326432,0.0345640749225171,0.1648341049382716,0.2892176462748234,0,0,1,0
3D048025,남자,60대 이상,서비스 종사자,고졸(대학 재학 포함),대구광역시,1인 가구,미혼(사별/이혼 포함),맞벌이 하지 않음,200-300만원 미만,0.1266274674506509,0.1477438846116363,0.0449264680074409,0.1333333333333333,0.0466918205093653,0.0938464506172839,0.2625616420098627,0,1,2,0
3D048029,여자,60대 이상,서비스 종사자,중졸 이하,대구광역시,1인 가구,미혼(사별/이혼 포함),맞벌이 하지 않음,200-300만원 미만,0.1795464090718185,0.1272780430757236,0.0393106595065108,0.1388543823326432,0.0679153752863495,0.1032021604938271,0.2958816473410636,1,1,2,0
1D000220,여자,60대 이상,판매 종사자,대학교 졸업(전문대졸/대학원생 포함),대구광역시,1세대가족,기혼,맞벌이 함,400-500만원 미만,0.2181856362872742,0.1467693207289737,0.0425748481976764,0.1388543823326432,0.0673089880070071,0.1032021604938271,0.2945488471278155,1,1,2,0
3D048019,여자,50대,서비스 종사자,고졸(대학 재학 포함),대구광역시,1세대가족,기혼,맞벌이 하지 않음,200-300만원 미만,0.1969760604787904,0.1321508624890361,0.0451370608262258,0.1333333333333333,0.0618515024929254,0.1012731481481481,0.2892176462748234,1,1,2,0
4D048001,여자,40대,취업 준비 중,중졸 이하,대구광역시,1인 가구,미혼(사별/이혼 포함),맞벌이 하지 않음,200-300만원 미만,0.1738765224695506,0.1009648182438359,0.0383629918219788,0.1167701863354037,0.0586848133674706,0.087770061728395,0.3172064507530321,0,1,2,0
4D048002,여자,50대,주부,고졸(대학 재학 포함),대구광역시,1인 가구,미혼(사별/이혼 포함),맞벌이 하지 않음,200-300만원 미만,0.1984460310793784,0.1097358931877984,0.045839036888842,0.1388543823326432,0.0724295916992319,0.0983796296296296,0.3345328535252566,1,1,2,0
3I211004,여자,40대,서비스 종사자,고졸(대학 재학 포함),경상북도,1인 가구,미혼(사별/이혼 포함),맞벌이 하지 않음,200-300만원 미만,0.1516169676606468,0.116557840366436,0.0654943666420975,0.1388543823326432,0.0486457350761352,0.1292438271604938,0.3438624550179928,0,1,2,0
3I211005,여자,60대 이상,서비스 종사자,고졸(대학 재학 포함),경상북도,1인 가구,미혼(사별/이혼 포함),맞벌이 하지 않음,200-300만원 미만,0.1931961360772784,0.118506968131761,0.0644414025481731,0.1388543823326432,0.0619862552216682,0.1118827160493827,0.3545248567239771,1,1,2,0
4I211030,여자,60대 이상,서비스 종사자,중졸 이하,경상북도,1인 가구,미혼(사별/이혼 포함),맞벌이 하지 않음,200-300만원 미만,0.1511969760604788,0.1097358931877984,0.0459794321013653,0.1388543823326432,0.0541032205902169,0.1044560185185185,0.3451952552312408,0,1,2,0
4I211015,여자,60대 이상,서비스 종사자,중졸 이하,경상북도,1인 가구,미혼(사별/이혼 포함),맞벌이 하지 않음,200-300만원 미만,0.1648467030659386,0.118506968131761,0.0683022708925625,0.1388543823326432,0.0528904460315321,0.1109182098765432,0.3571904571504731,1,1,2,0
1I000347,남자,60대 이상,서비스 종사자,고졸(대학 재학 포함),경상북도,1세대가족,기혼,맞벌이 함,400-500만원 미만,0.1761864762704746,0.1097358931877984,0.0397669439472114,0.1360938578329882,0.0625926425010106,0.0983796296296296,0.3429294948687192,1,1,2,0
1I000336,여자,60대 이상,판매 종사자,중졸 이하,경상북도,1인 가구,미혼(사별/이혼 포함),맞벌이 하지 않음,200-300만원 미만,0.1705165896682066,0.1097358931877984,0.0493489172019234,0.1360938578329882,0.0663657189058078,0.1089891975308642,0.3451952552312408,1,1,2,0
1I000330,여자,60대 이상,판매 종사자,중졸 이하,경상북도,1인 가구,기혼,맞벌이 하지 않음,200-300만원 미만,0.1558168836623267,0.118506968131761,0.0665473307360219,0.1388543823326432,0.0560571351569869,0.1089891975308642,0.3655870984939358,1,1,2,0
1I000327,여자,50대,주부,고졸(대학 재학 포함),경상북도,1세대가족,기혼,맞벌이 하지 않음,400-500만원 미만,0.1690466190676186,0.118506968131761,0.0629321540135481,0.1388543823326432,0.0627273952297534,0.1215277777777777,0.3629214980674397,1,1,2,0
1I000257,여자,50대,서비스 종사자,대학교 졸업(전문대졸/대학원생 포함),경상북도,1세대가족,기혼,맞벌이 함,500-600만원 미만,0.1587568248635027,0.0980411265958483,0.0513495489803797,0.1195307108350586,0.0522840587521897,0.1128472222222222,0.3535918965747034,0,1,2,0
4E092008,여자,60대 이상,주부,고졸(대학 재학 포함),대전광역시,2세대가족,기혼,맞벌이 하지 않음,600-700만원 미만,0.1547669046619067,0.196959360686093,0.0959250289565125,0.1505866114561766,0.0846247136504514,0.1446759259259259,0.2452352392376383,1,1,1,0
3I210005,여자,60대 이상,서비스 종사자,대학교 졸업(전문대졸/대학원생 포함),경상북도,1인 가구,미혼(사별/이혼 포함),맞벌이 하지 않음,200-300만원 미만,0.1936161276774464,0.1116850209531234,0.0488926327612228,0.1388543823326432,0.062121007950411,0.1022376543209876,0.3509262961482074,1,1,2,0
1I000273,남자,50대,기능원 및 관련 기능 종사자,중졸 이하,경상북도,1인 가구,미혼(사별/이혼 포함),맞벌이 하지 않음,200-300만원 미만,0.0600587988240235,0.0955072605009258,0.0408199080411358,0.1187025534851621,0.0206171674976418,0.1900077160493827,0.3318672530987605,0,0,1,0
4E092039,여자,30대,사무 종사자,대학교 졸업(전문대졸/대학원생 포함),대전광역시,2세대가족,기혼,맞벌이 함,500-600만원 미만,0.1509869802603948,0.1865315271416041,0.1024534063388438,0.1395445134575569,0.077078560840857,0.1536458333333333,0.2376382780221245,1,0,1,0
1O000136,여자,40대,서비스 종사자,대학교 졸업(전문대졸/대학원생 포함),강원도,2세대가족,기혼,맞벌이 함,600-700만원 미만,0.1675766484670306,0.1111977390117922,0.1111228107121547,0.1312629399585921,0.0844225845573372,0.0925925925925926,0.1292816206850593,2,2,0,0
1I000291,여자,50대,서비스 종사자,대학교 졸업(전문대졸/대학원생 포함),경상북도,1세대가족,기혼,맞벌이 함,500-600만원 미만,0.1644267114657706,0.118506968131761,0.072163139236952,0.1388543823326432,0.0644118043390378,0.115065586419753,0.351859256297481,1,1,2,0
1I000290,여자,50대,기능원 및 관련 기능 종사자,고졸(대학 재학 포함),경상북도,2세대가족,기혼,맞벌이 함,400-500만원 미만,0.0865182696346073,0.094825065783062,0.0333438629742725,0.1080745341614906,0.0277590621210079,0.1787229938271605,0.3265360522457683,0,0,1,0
4E092042,여자,50대,서비스 종사자,고졸(대학 재학 포함),대전광역시,1인 가구,미혼(사별/이혼 포함),맞벌이 하지 않음,500-600만원 미만,0.1604367912641747,0.1813663385634928,0.0774981573128356,0.1533471359558316,0.0902843282576472,0.1702353395061728,0.2132480341196854,1,0,1,0
3I210003,여자,30대,사무 종사자,대학교 졸업(전문대졸/대학원생 포함),경상북도,1인 가구,미혼(사별/이혼 포함),맞벌이 하지 않음,200-300만원 미만,0.0865182696346073,0.0860539908390995,0.0333438629742725,0.1080745341614906,0.0277590621210079,0.1787229938271605,0.3265360522457683,0,0,1,0
1H002106,여자,60대 이상,주부,대학교 졸업(전문대졸/대학원생 포함),경기도,2세대가족,기혼,맞벌이 하지 않음,800-900만원 미만,0.1383872322553549,0.2076795633953805,0.0443999859604787,0.1505866114561766,0.0547096078695593,0.1408179012345679,0.2132480341196854,0,0,1,0
4I210032,남자,40대,기능원 및 관련 기능 종사자,대학교 졸업(전문대졸/대학원생 포함),경상북도,1인 가구,미혼(사별/이혼 포함),맞벌이 하지 않음,200-300만원 미만,0.1488870222595548,0.0967741935483871,0.0369590396967463,0.1080745341614906,0.0491173696267349,0.1240354938271604,0.3292016526722644,0,1,2,0
4C063028,여자,40대,판매 종사자,대학교 졸업(전문대졸/대학원생 포함),인천광역시,2세대가족,기혼,맞벌이 함,600-700만원 미만,0.1066778664426711,0.1316635805477049,0.0882383910708645,0.134023464458247,0.0622557606791537,0.1102430555555555,0.3371984539517526,0,1,1,0
4C063032,여자,60대 이상,판매 종사자,고졸(대학 재학 포함),인천광역시,1세대가족,기혼,맞벌이 함,300-400만원 미만,0.1085678286434271,0.143358347139655,0.0895721455898353,0.1395445134575569,0.0515429187441045,0.103491512345679,0.3012128481940557,0,1,1,0
1H002110,여자,40대,사무 종사자,대학교 졸업(전문대졸/대학원생 포함),경기도,2세대가족,기혼,맞벌이 함,700-800만원 미만,0.1329273414531709,0.2157684436214794,0.0671440103892457,0.1533471359558316,0.0568656515294434,0.158179012345679,0.2505664400906304,0,0,1,0
1O000137,여자,60대 이상,주부,대학교 졸업(전문대졸/대학원생 포함),강원도,1세대가족,기혼,맞벌이 하지 않음,400-500만원 미만,0.1383872322553549,0.1189942500730922,0.1387104699729739,0.1395445134575569,0.1005255356420967,0.1041666666666666,0.1256830601092896,2,2,0,0
4H122012,여자,60대 이상,서비스 종사자,대학교 졸업(전문대졸/대학원생 포함),경기도,2세대가족,기혼,맞벌이 함,600-700만원 미만,0.1377572448551028,0.116557840366436,0.121020673195044,0.1195307108350586,0.1259264250101064,0.1609760802469136,0.1052912168465947,2,2,0,0
1A000679,여자,40대,주부,대학교 졸업(전문대졸/대학원생 포함),서울특별시,2세대가족,기혼,맞벌이 하지 않음,600-700만원 미만,0.0957580848383032,0.1904297826722542,0.0893615527710505,0.1423050379572118,0.0475677132461932,0.1751543209876543,0.2109822737571638,0,0,1,0
1O000160,여자,60대 이상,주부,대학교 졸업(전문대졸/대학원생 포함),강원도,2세대가족,기혼,맞벌이 하지 않음,700-800만원 미만,0.1448971020579588,0.1092486112464672,0.137376715454003,0.1312629399585921,0.1250505322732785,0.087770061728395,0.1092896174863388,2,2,0,0
1O000162,여자,60대 이상,주부,대학교 졸업(전문대졸/대학원생 포함),강원도,1세대가족,기혼,맞벌이 하지 않음,400-500만원 미만,0.1316673666526669,0.1024266640678296,0.1142115053876662,0.1312629399585921,0.0941247810268157,0.0868055555555555,0.1079568172730907,2,2,0,0
1O000169,여자,30대,판매 종사자,대학교 졸업(전문대졸/대학원생 포함),강원도,1세대가족,기혼,맞벌이 함,600-700만원 미만,0.1425871482570348,0.1072994834811422,0.1311291284967182,0.1285024154589372,0.1030858374882091,0.0954861111111111,0.1119552179128348,2,2,0,0
3P240048,여자,40대,서비스 종사자,대학교 졸업(전문대졸/대학원생 포함),제주특별자치도,2세대가족,기혼,맞벌이 함,400-500만원 미만,0.2267954640907181,0.1306890166650424,0.1021726159137973,0.1395445134575569,0.1453981943134348,0.1252893518518518,0.2252432360389177,1,1,0,0
1O000170,여자,50대,판매 종사자,대학교 졸업(전문대졸/대학원생 포함),강원도,2세대가족,기혼,맞벌이 함,700-800만원 미만,0.121377572448551,0.1004775363025046,0.1196518198729423,0.1285024154589372,0.11339442123703,0.0935570987654321,0.1079568172730907,2,2,0,0
1O000174,여자,30대,사무 종사자,대학교 졸업(전문대졸/대학원생 포함),강원도,2세대가족,기혼,맞벌이 함,700-800만원 미만,0.114237715245695,0.1092486112464672,0.1271980625460671,0.1285024154589372,0.1045681175043794,0.1041666666666666,0.1119552179128348,2,2,0,0
4A025008,여자,50대,사무 종사자,대학교 졸업(전문대졸/대학원생 포함),서울특별시,2세대가족,기혼,맞벌이 함,"900-1,000만원 미만",0.1854262914741705,0.2442257089952246,0.0841669299076901,0.1554175293305728,0.0844899609217086,0.146412037037037,0.2239104358256697,1,1,2,0
1A000687,여자,50대,서비스 종사자,고졸(대학 재학 포함),서울특별시,1세대가족,기혼,맞벌이 함,400-500만원 미만,0.1028979420411591,0.1823409024461553,0.0961005229721666,0.1450655624568668,0.0792346045007411,0.1510416666666666,0.1999200319872051,0,0,1,0
4A025012,여자,40대,사무 종사자,대학교 졸업(전문대졸/대학원생 포함),서울특별시,2세대가족,기혼,맞벌이 함,600-700만원 미만,0.2114657706845863,0.2466621187018809,0.0708293847179811,0.1561076604554865,0.0902843282576472,0.1387924382716049,0.2012528322004531,1,1,2,0
4H122018,여자,30대,사무 종사자,대학교 졸업(전문대졸/대학원생 포함),경기도,1세대가족,기혼,맞벌이 함,700-800만원 미만,0.2133557328853423,0.1071045707046097,0.1104910322558,0.1167701863354037,0.1573238108071688,0.1020447530864197,0.118619218979075,2,2,0,0
4C069012,여자,60대 이상,주부,고졸(대학 재학 포함),인천광역시,1세대가족,기혼,맞벌이 하지 않음,500-600만원 미만,0.1801763964720705,0.1121723028944547,0.1427117335298866,0.1312629399585921,0.1204689394960248,0.0983796296296296,0.1319472211115553,2,2,0,0
4A025016,여자,50대,서비스 종사자,고졸(대학 재학 포함),서울특별시,2세대가족,기혼,맞벌이 함,"900-1,000만원 미만",0.1734565308693826,0.2413020173472371,0.0566143694500017,0.1581780538302277,0.070677806225576,0.189429012345679,0.2305744368919099,1,0,1,0
4H122024,여자,30대,사무 종사자,대학교 졸업(전문대졸/대학원생 포함),경기도,1세대가족,기혼,맞벌이 함,500-600만원 미만,0.2246955060898782,0.1180196861904297,0.0903092204555824,0.1285024154589372,0.1385258051475542,0.0901813271604938,0.1026256164200986,2,2,0,0
4C069018,여자,60대 이상,주부,대학교 졸업(전문대졸/대학원생 포함),인천광역시,1세대가족,기혼,맞벌이 하지 않음,400-500만원 미만,0.1364972700545989,0.1024266640678296,0.1200028079042504,0.1285024154589372,0.0648834388896375,0.0906635802469135,0.1226176196188191,2,2,0,0
3J237004,남자,60대 이상,농림어업 숙련 종사자,중졸 이하,경상남도,1세대가족,기혼,맞벌이 하지 않음,100만원 미만,0.1327173456530869,0.1353669233018224,0.0537011687901442,0.1195307108350586,0.0927772537393882,0.1588541666666666,0.1599360255897641,0,0,1,0
4A025024,여자,30대,서비스 종사자,고졸(대학 재학 포함),서울특별시,1세대가족,기혼,맞벌이 함,800-900만원 미만,0.2057958840823183,0.2417892992885683,0.062756659997894,0.1588681849551414,0.0881282845977631,0.1719714506172839,0.2185792349726776,1,1,2,0
4H122030,여자,50대,사무 종사자,대학교 졸업(전문대졸/대학원생 포함),경기도,2세대가족,기혼,맞벌이 함,600-700만원 미만,0.1774464510709786,0.1228925056037423,0.1200730055105121,0.1285024154589372,0.1459372052284058,0.1277006172839506,0.1079568172730907,2,2,0,0
1H002136,여자,50대,서비스 종사자,대학교 졸업(전문대졸/대학원생 포함),경기도,2세대가족,기혼,맞벌이 함,700-800만원 미만,0.113397732045359,0.1803917746808303,0.0402232283879119,0.136783988957902,0.0480393477967928,0.1490162037037037,0.2305744368919099,0,0,1,0
1H002142,여자,50대,주부,대학교 졸업(전문대졸/대학원생 포함),경기도,2세대가족,기혼,맞벌이 하지 않음,800-900만원 미만,0.0629987400251994,0.1979339245687555,0.0638447228949492,0.136783988957902,0.038808785877914,0.1803626543209876,0.2332400373184059,0,0,1,0
4C069030,여자,60대 이상,주부,고졸(대학 재학 포함),인천광역시,1세대가족,기혼,맞벌이 하지 않음,400-500만원 미만,0.1595968080638387,0.113439235941916,0.121020673195044,0.1285024154589372,0.1313839105241881,0.0974151234567901,0.141676662668266,2,2,0,0
4H122036,여자,40대,사무 종사자,대학교 졸업(전문대졸/대학원생 포함),경기도,2세대가족,기혼,맞벌이 함,500-600만원 미만,0.2118857622847543,0.1121723028944547,0.1293039907339159,0.1257418909592822,0.1350222342002425,0.1221064814814814,0.1132880181260829,2,2,0,0
1A000696,여자,30대,사무 종사자,대학교 졸업(전문대졸/대학원생 포함),서울특별시,2세대가족,기혼,맞벌이 함,500-600만원 미만,0.1541369172616548,0.1862391579768054,0.0995402056789863,0.1478260869565217,0.0869155100390782,0.177758487654321,0.2239104358256697,1,0,1,0
4H140064,여자,40대,주부,대학교 졸업(전문대졸/대학원생 포함),경기도,2세대가족,기혼,맞벌이 하지 않음,500-600만원 미만,0.113397732045359,0.2006627034402105,0.0446807763855252,0.1498964803312629,0.0528904460315321,0.1533564814814814,0.2452352392376383,0,0,1,0
4H122048,여자,60대 이상,주부,고졸(대학 재학 포함),경기도,1세대가족,기혼,맞벌이 하지 않음,400-500만원 미만,0.1740865182696346,0.1102231751291297,0.1301463620090555,0.1257418909592822,0.130305888694246,0.1820987654320988,0.118619218979075,2,2,0,0
3J237012,여자,60대 이상,주부,중졸 이하,경상남도,1인 가구,미혼(사별/이혼 포함),맞벌이 하지 않음,100만원 미만,0.1469970600587988,0.1548582009550726,0.0748657470780246,0.1222912353347135,0.0844225845573372,0.1839313271604938,0.195921631347461,0,0,1,0
4C066004,여자,40대,주부,대학교 졸업(전문대졸/대학원생 포함),인천광역시,2세대가족,기혼,맞벌이 하지 않음,500-600만원 미만,0.0986980260394792,0.208654127278043,0.0466112105577199,0.1395445134575569,0.0450074114000808,0.1533564814814814,0.2159136345461815,0,0,1,0
4C069036,여자,50대,사무 종사자,대학교 졸업(전문대졸/대학원생 포함),인천광역시,2세대가족,기혼,맞벌이 함,600-700만원 미만,0.1535069298614027,0.1072994834811422,0.1288477062932154,0.1312629399585921,0.0903517046220186,0.091628086419753,0.1146208183393309,2,2,0,0
4H122054,여자,60대 이상,주부,고졸(대학 재학 포함),경기도,1세대가족,기혼,맞벌이 하지 않음,400-500만원 미만,0.1415371692566149,0.1189942500730922,0.119897511494858,0.1229813664596273,0.1003234065489826,0.1826774691358025,0.1146208183393309,2,2,0,0
4C066008,여자,40대,사무 종사자,대학교 졸업(전문대졸/대학원생 포함),인천광역시,2세대가족,기혼,맞벌이 함,600-700만원 미만,0.118227635447291,0.196959360686093,0.072338633252606,0.1478260869565217,0.0495890041773345,0.1608796296296296,0.2705584432893509,0,0,1,0
4C066012,여자,50대,주부,대학교 졸업(전문대졸/대학원생 포함),인천광역시,2세대가족,기혼,맞벌이 하지 않음,400-500만원 미만,0.113397732045359,0.2001754214988792,0.048471447123653,0.134023464458247,0.0451421641288236,0.1232638888888889,0.2149806743969079,0,0,1,0
4C069048,여자,60대 이상,판매 종사자,고졸(대학 재학 포함),인천광역시,1세대가족,기혼,맞벌이 함,600-700만원 미만,0.1520369592608147,0.1131468667771172,0.1269172721210207,0.1312629399585921,0.102007815658267,0.1003086419753086,0.1092896174863388,2,2,0,0
4C066016,여자,50대,주부,대학교 졸업(전문대졸/대학원생 포함),인천광역시,2세대가족,기혼,맞벌이 하지 않음,700-800만원 미만,0.119697606047879,0.1443329110223175,0.0675300972236846,0.134023464458247,0.0579436733593855,0.1326195987654321,0.2399040383846461,0,0,2,0
4C066020,여자,30대,판매 종사자,대학교 졸업(전문대졸/대학원생 포함),인천광역시,1세대가족,기혼,맞벌이 함,600-700만원 미만,0.1427971440571188,0.204755871747393,0.060124249763083,0.136783988957902,0.0514081660153618,0.1459297839506173,0.2292416366786618,0,0,1,0
3J237028,남자,60대 이상,판매 종사자,중졸 이하,경상남도,1세대가족,기혼,맞벌이 하지 않음,200-300만원 미만,0.120957580848383,0.174057109443524,0.0737425853778386,0.1333333333333333,0.0738444953510308,0.1380208333333333,0.2119152339064374,0,0,1,0
4H122066,여자,30대,사무 종사자,대학교 졸업(전문대졸/대학원생 포함),경기도,1세대가족,기혼,맞벌이 함,600-700만원 미만,0.1301973960520789,0.1087613293051359,0.1086658944929978,0.1250517598343685,0.1489691416251179,0.1506558641975308,0.1039584166333466,2,2,0,0
4C066024,여자,40대,사무 종사자,고졸(대학 재학 포함),인천광역시,2세대가족,기혼,맞벌이 함,600-700만원 미만,0.1024779504409911,0.1797095799629666,0.0368537432873539,0.134023464458247,0.0355747203880878,0.1681134259259259,0.2385712381713981,0,0,1,0
4C066028,여자,60대 이상,서비스 종사자,고졸(대학 재학 포함),인천광역시,1세대가족,기혼,맞벌이 함,500-600만원 미만,0.0661486770264594,0.1611928661923789,0.0433821206696851,0.134023464458247,0.0272874275704083,0.1524884259259259,0.273224043715847,0,0,1,0
4O152018,남자,40대,기능원 및 관련 기능 종사자,고졸(대학 재학 포함),강원도,1인 가구,미혼(사별/이혼 포함),맞벌이 하지 않음,300-400만원 미만,0.1385972280554389,0.1699639411363415,0.0913621845495068,0.1533471359558316,0.0985716210753267,0.1673418209876543,0.2705584432893509,1,1,2,0
3J237040,여자,60대 이상,주부,중졸 이하,경상남도,1세대가족,기혼,맞벌이 하지 않음,200-300만원 미만,0.1606467870642587,0.1570022414969301,0.0709346811273735,0.136783988957902,0.0818622827112248,0.1398533950617284,0.2185792349726776,1,0,1,0
1A000655,여자,30대,서비스 종사자,대학교 졸업(전문대졸/대학원생 포함),서울특별시,2세대가족,기혼,맞벌이 함,400-500만원 미만,0.117807643847123,0.1787350160803041,0.0865185497174546,0.1533471359558316,0.0832771863630238,0.1603973765432099,0.2199120351859256,0,0,1,0
3J237032,남자,60대 이상,농림어업 숙련 종사자,중졸 이하,경상남도,1세대가족,기혼,맞벌이 하지 않음,100만원 미만,0.1572868542629147,0.1555403956729363,0.0848689059703064,0.144375431331953,0.077617571755828,0.1367669753086419,0.2203118752499,1,0,1,0
4O152029,여자,50대,판매 종사자,고졸(대학 재학 포함),강원도,2세대가족,기혼,맞벌이 함,500-600만원 미만,0.1812263754724905,0.1348796413604912,0.0903092204555824,0.1423050379572118,0.1226923595202802,0.158179012345679,0.2905504464880714,1,1,2,0
4A025028,여자,30대,서비스 종사자,대학교 졸업(전문대졸/대학원생 포함),서울특별시,2세대가족,기혼,맞벌이 함,500-600만원 미만,0.2221755564888702,0.2310690965792808,0.0640202169106033,0.1616287094547964,0.0829403045411669,0.195216049382716,0.2212448353991736,1,0,2,0
4A025032,여자,50대,사무 종사자,대학교 졸업(전문대졸/대학원생 포함),서울특별시,2세대가족,기혼,맞벌이 함,"900-1,000만원 미만",0.2015959680806384,0.208654127278043,0.0831139658137657,0.1588681849551414,0.0898126937070475,0.154320987654321,0.274556843929095,1,1,2,0
3J237036,남자,50대,장치·기계 조작 및 조립 종사자,고졸(대학 재학 포함),경상남도,1세대가족,기혼,맞벌이 함,400-500만원 미만,0.1997060058798824,0.1602183023097164,0.0793583938787687,0.1202208419599723,0.0991106319902977,0.1534529320987654,0.1839264294282287,1,0,1,0
4C069054,여자,60대 이상,주부,대학교 졸업(전문대졸/대학원생 포함),인천광역시,1세대가족,기혼,맞벌이 하지 않음,400-500만원 미만,0.1010079798404032,0.1111977390117922,0.1338668351409216,0.1312629399585921,0.0842878318285945,0.1022376543209876,0.1176862588298014,2,2,0,0
1M000121,여자,40대,서비스 종사자,대학교 졸업(전문대졸/대학원생 포함),충청북도,2세대가족,기혼,맞벌이 함,500-600만원 미만,0.0982780344393112,0.1618750609102426,0.0746200554561089,0.136783988957902,0.060167093383641,0.1842206790123456,0.2336398773823804,0,0,1,0
4O152032,여자,60대 이상,주부,고졸(대학 재학 포함),강원도,1세대가족,기혼,맞벌이 하지 않음,300-400만원 미만,0.1343973120537589,0.1602183023097164,0.091713172580815,0.1478260869565217,0.0987737501684409,0.15625,0.2812208449953352,1,1,2,0
4A025040,여자,50대,서비스 종사자,고졸(대학 재학 포함),서울특별시,2세대가족,기혼,맞벌이 함,700-800만원 미만,0.2335153296934061,0.1959847968034304,0.0870801305675476,0.1588681849551414,0.0943269101199299,0.1871141975308642,0.2865520458483273,1,1,2,0
4C069066,여자,60대 이상,판매 종사자,대학교 졸업(전문대졸/대학원생 포함),인천광역시,2세대가족,기혼,맞벌이 함,700-800만원 미만,0.0934481310373792,0.1150959945424422,0.1293039907339159,0.136783988957902,0.0896105646139334,0.1128472222222222,0.1283486605357857,2,2,0,0
4A025044,여자,40대,사무 종사자,대학교 졸업(전문대졸/대학원생 포함),서울특별시,2세대가족,기혼,맞벌이 함,700-800만원 미만,0.250104997900042,0.202806743982068,0.0602997437787371,0.1561076604554865,0.0996496429052688,0.1526813271604938,0.274556843929095,1,1,2,0
3J237042,여자,50대,판매 종사자,고졸(대학 재학 포함),경상남도,2세대가족,미혼(사별/이혼 포함),맞벌이 하지 않음,200-300만원 미만,0.1629567408651827,0.1745443913848552,0.0743392650310624,0.134023464458247,0.0765395499258859,0.1696566358024691,0.1825936292149806,0,0,1,0
4O152038,여자,40대,판매 종사자,대학교 졸업(전문대졸/대학원생 포함),강원도,2세대가족,기혼,맞벌이 함,500-600만원 미만,0.1797564048719025,0.1326381444303674,0.089256256361658,0.1423050379572118,0.1090823339172618,0.1507523148148148,0.2692256430761029,1,1,2,0
4O152015,여자,30대,주부,고졸(대학 재학 포함),강원도,2세대가족,기혼,맞벌이 하지 않음,300-400만원 미만,0.1423771524569508,0.1514472273657538,0.0885542802990418,0.1423050379572118,0.1076674302654628,0.1615547839506173,0.2678928428628548,1,1,2,0
4O152012,여자,60대 이상,주부,고졸(대학 재학 포함),강원도,1세대가족,기혼,맞벌이 하지 않음,200-300만원 미만,0.1755564888702226,0.1524217912484163,0.0882032922677336,0.1395445134575569,0.1028163320307236,0.1523919753086419,0.2785552445688391,1,1,2,0
1C000803,여자,40대,주부,대학교 졸업(전문대졸/대학원생 포함),인천광역시,2세대가족,기혼,맞벌이 하지 않음,500-600만원 미만,0.1780764384712305,0.143358347139655,0.1186690533852795,0.1450655624568668,0.1700579436733593,0.1293402777777778,0.1372784219645475,2,2,0,0
3J237044,여자,60대 이상,장치·기계 조작 및 조립 종사자,고졸(대학 재학 포함),경상남도,1세대가족,기혼,맞벌이 함,400-500만원 미만,0.1682066358672826,0.1501802943182925,0.0771471692815275,0.1174603174603174,0.0829403045411669,0.1611689814814814,0.2092496334799413,1,0,1,0
1C000821,여자,30대,주부,대학교 졸업(전문대졸/대학원생 포함),인천광역시,2세대가족,기혼,맞벌이 하지 않음,500-600만원 미만,0.2257454850902982,0.1650911217230289,0.1127022568530413,0.1423050379572118,0.1646004581592777,0.1457368827160493,0.0999600159936025,2,1,0,0
4G104036,여자,40대,주부,고졸(대학 재학 포함),울산광역시,2세대가족,기혼,맞벌이 하지 않음,400-500만원 미만,0.1497270054598908,0.1375109638436799,0.0804815555789547,0.1478260869565217,0.0736423662579167,0.1649305555555555,0.3162734906037585,1,1,2,0
1B000167,여자,60대 이상,서비스 종사자,고졸(대학 재학 포함),부산광역시,1세대가족,기혼,맞벌이 함,300-400만원 미만,0.1644267114657706,0.198908488451418,0.0650029833982661,0.1561076604554865,0.0780892063064277,0.1195987654320987,0.2256430761028922,1,1,1,0
4B041003,여자,50대,판매 종사자,고졸(대학 재학 포함),부산광역시,1인 가구,기혼,맞벌이 하지 않음,200-300만원 미만,0.1316673666526669,0.1755189552675178,0.1018216278824892,0.1505866114561766,0.0958765665004716,0.1701388888888889,0.2079168332666933,1,0,1,0
1B000122,여자,60대 이상,단순노무 종사자,중졸 이하,부산광역시,1인 가구,미혼(사별/이혼 포함),맞벌이 하지 않음,100-200만원 미만,0.1549769004619907,0.1287398888997173,0.0856761784423151,0.136783988957902,0.0753267753672011,0.1954089506172839,0.2496334799413568,1,0,2,0
1B000153,여자,60대 이상,판매 종사자,고졸(대학 재학 포함),부산광역시,1인 가구,미혼(사별/이혼 포함),맞벌이 하지 않음,200-300만원 미만,0.0888282234355312,0.1609004970275801,0.0973640798848759,0.136783988957902,0.060167093383641,0.1565393518518518,0.2105824336931894,0,0,1,0
4A018037,여자,30대,사무 종사자,대학교 졸업(전문대졸/대학원생 포함),서울특별시,1인 가구,미혼(사별/이혼 포함),맞벌이 하지 않음,300-400만원 미만,0.114657706845863,0.1306890166650424,0.0783054297848443,0.136783988957902,0.0739118717154022,0.1118827160493827,0.3318672530987605,0,1,1,0
4A018014,여자,60대 이상,서비스 종사자,고졸(대학 재학 포함),서울특별시,1세대가족,기혼,맞벌이 함,500-600만원 미만,0.0726585468290634,0.14920573043563,0.0792530974693763,0.1478260869565217,0.0689260207519202,0.1138117283950617,0.3292016526722644,0,1,1,0
4C063036,여자,50대,사무 종사자,대학교 졸업(전문대졸/대학원생 포함),인천광역시,1인 가구,미혼(사별/이혼 포함),맞벌이 하지 않음,300-400만원 미만,0.0821083578328433,0.1365363999610174,0.0901337264399284,0.1395445134575569,0.0408974531734267,0.1116898148148148,0.333599893375983,0,1,1,0
3J238004,남자,40대,장치·기계 조작 및 조립 종사자,대학교 졸업(전문대졸/대학원생 포함),경상남도,2세대가족,기혼,맞벌이 함,500-600만원 미만,0.2230155396892062,0.1933534743202417,0.0739180793934926,0.136783988957902,0.1106319902978035,0.1527777777777778,0.1932560309209649,1,1,2,0
4N182012,여자,50대,사무 종사자,대학교 졸업(전문대졸/대학원생 포함),충청남도,1세대가족,기혼,맞벌이 함,600-700만원 미만,0.0503989920201596,0.2731702563103012,0.0769716752658734,0.1412008281573498,0.0161703274491308,0.2134452160493827,0.1252832200453152,0,0,1,0
4N182072,여자,40대,주부,고졸(대학 재학 포함),충청남도,2세대가족,기혼,맞벌이 하지 않음,400-500만원 미만,0.0657286854262914,0.2218107396939869,0.0425748481976764,0.1554175293305728,0.0268157930198086,0.199170524691358,0.195921631347461,0,0,1,0
3G103004,여자,60대 이상,서비스 종사자,고졸(대학 재학 포함),울산광역시,1세대가족,기혼,맞벌이 함,400-500만원 미만,0.1965560688786224,0.1816587077282916,0.0560878874030395,0.1423050379572118,0.0958091901361002,0.107349537037037,0.2456350793016127,1,1,2,0
3J238008,남자,30대,사무 종사자,대학교 졸업(전문대졸/대학원생 포함),경상남도,2세대가족,기혼,맞벌이 하지 않음,300-400만원 미만,0.2154556908861822,0.1641165578403664,0.0428205398195921,0.1174603174603174,0.0933836410187306,0.1263503086419753,0.195921631347461,1,0,2,0
3J238024,여자,50대,서비스 종사자,고졸(대학 재학 포함),경상남도,1세대가족,기혼,맞벌이 함,700-800만원 미만,0.2173456530869382,0.1618750609102426,0.0792530974693763,0.1257418909592822,0.1000539010914971,0.1460262345679012,0.1999200319872051,1,0,2,0
4N182054,남자,60대 이상,판매 종사자,대학교 졸업(전문대졸/대학원생 포함),충청남도,1세대가족,기혼,맞벌이 하지 않음,300-400만원 미만,0.0251994960100798,0.2222980216353182,0.067845986451862,0.1561076604554865,0.0195391456676997,0.2211612654320988,0.2136478741836599,0,0,1,0
3J238028,여자,60대 이상,주부,대학교 졸업(전문대졸/대학원생 포함),경상남도,1세대가족,기혼,맞벌이 하지 않음,400-500만원 미만,0.1940361192776144,0.1920865412727804,0.0943104840124951,0.1395445134575569,0.1166958630912275,0.115065586419753,0.194588831134213,1,1,1,0
3J238032,남자,30대,전문가 및 관련 종사자,대학교 졸업(전문대졸/대학원생 포함),경상남도,1세대가족,기혼,맞벌이 함,500-600만원 미만,0.2343553128937421,0.1628496247929051,0.0698817170334491,0.1174603174603174,0.1206710685891389,0.1171875,0.2172464347594295,1,1,1,0
3J238040,여자,60대 이상,주부,고졸(대학 재학 포함),경상남도,2세대가족,기혼,맞벌이 하지 않음,800-900만원 미만,0.1833263334733305,0.147256602670305,0.0703029026710189,0.1202208419599723,0.0830750572699097,0.1440007716049383,0.2105824336931894,1,0,1,0
4O156024,여자,60대 이상,주부,고졸(대학 재학 포함),강원도,1세대가족,기혼,맞벌이 하지 않음,200-300만원 미만,0.1854262914741705,0.1533963551310788,0.0875013162051174,0.1505866114561766,0.1021425683870098,0.1575038580246913,0.2838864454218313,1,1,2,0
4O156038,여자,30대,사무 종사자,대학교 졸업(전문대졸/대학원생 포함),강원도,1인 가구,미혼(사별/이혼 포함),맞벌이 하지 않음,200-300만원 미만,0.1627467450650987,0.1572946106617289,0.0906602084868906,0.1478260869565217,0.112855410322059,0.1408179012345679,0.2692256430761029,1,1,2,0
4O156048,여자,60대 이상,단순노무 종사자,고졸(대학 재학 포함),강원도,1세대가족,기혼,맞벌이 하지 않음,300-400만원 미만,0.1566568668626627,0.1407270246564662,0.083991435892036,0.1423050379572118,0.0974262228810133,0.1654128086419753,0.2798880447820872,1,1,2,0
4O156064,여자,30대,주부,대학교 졸업(전문대졸/대학원생 포함),강원도,2세대가족,기혼,맞벌이 하지 않음,400-500만원 미만,0.1619067618647627,0.14920573043563,0.0896072443929662,0.1478260869565217,0.1181781431073979,0.1494984567901234,0.2785552445688391,1,1,2,0
4O156067,여자,30대,사무 종사자,대학교 졸업(전문대졸/대학원생 포함),강원도,1세대가족,기혼,맞벌이 함,400-500만원 미만,0.1923561528769424,0.1579768053795926,0.0860973640798848,0.1505866114561766,0.1234334995283654,0.1538387345679012,0.2718912435025989,1,1,2,0
4O156070,여자,40대,서비스 종사자,대학교 졸업(전문대졸/대학원생 포함),강원도,1인 가구,미혼(사별/이혼 포함),맞벌이 하지 않음,300-400만원 미만,0.1812263754724905,0.1533963551310788,0.0853953880172686,0.1478260869565217,0.1169653685487131,0.1437114197530864,0.2558976409436225,1,1,2,0
2B000023,여자,40대,사무 종사자,대학교 졸업(전문대졸/대학원생 포함),부산광역시,2세대가족,기혼,맞벌이 함,500-600만원 미만,0.2018059638807224,0.1277653250170548,0.0718823488119055,0.1423050379572118,0.0923056191887885,0.1769868827160494,0.3411968545914967,1,1,2,0
3J224012,여자,60대 이상,서비스 종사자,고졸(대학 재학 포함),경상남도,1세대가족,기혼,맞벌이 함,400-500만원 미만,0.0461990760184796,0.14920573043563,0.1149134814502825,0.1229813664596273,0.0983694919822126,0.1109182098765432,0.1119552179128348,2,0,0,0
4O156076,여자,30대,기능원 및 관련 기능 종사자,고졸(대학 재학 포함),강원도,2세대가족,기혼,맞벌이 함,400-500만원 미만,0.1522469550608987,0.1387778968911412,0.0889052683303499,0.1395445134575569,0.1119121412208597,0.1572145061728395,0.2852192456350793,1,1,2,0
4A024007,남자,60대 이상,단순노무 종사자,고졸(대학 재학 포함),서울특별시,1세대가족,기혼,맞벌이 함,300-400만원 미만,0.1501469970600588,0.1277653250170548,0.0937840019655329,0.1423050379572118,0.1040964829537798,0.1546103395061728,0.1652672264427562,2,2,0,0
2B000024,여자,60대 이상,서비스 종사자,고졸(대학 재학 포함),부산광역시,2세대가족,기혼,맞벌이 함,500-600만원 미만,0.1875262494750105,0.1823409024461553,0.098662735600716,0.1395445134575569,0.136706643309527,0.1476658950617284,0.1936558709849394,1,1,1,0
4A003003,여자,60대 이상,주부,고졸(대학 재학 포함),서울특별시,1세대가족,기혼,맞벌이 하지 않음,300-400만원 미만,0.1839563208735825,0.143358347139655,0.0921694570215155,0.1423050379572118,0.1281498450343619,0.1466049382716049,0.2892176462748234,1,1,2,0
4A024017,여자,60대 이상,서비스 종사자,고졸(대학 재학 포함),서울특별시,1인 가구,미혼(사별/이혼 포함),맞벌이 하지 않음,200-300만원 미만,0.1679966400671986,0.1251340025338661,0.1176160892913551,0.1423050379572118,0.1131922921439159,0.1498842592592592,0.1452752232440357,2,2,0,0
4A003014,여자,40대,사무 종사자,대학교 졸업(전문대졸/대학원생 포함),서울특별시,2세대가족,기혼,맞벌이 함,500-600만원 미만,0.2009659806803864,0.1572946106617289,0.0860973640798848,0.1505866114561766,0.1293626195930467,0.1552854938271605,0.2678928428628548,1,1,2,0
4A024024,남자,50대,단순노무 종사자,고졸(대학 재학 포함),서울특별시,1인 가구,미혼(사별/이혼 포함),맞벌이 하지 않음,100-200만원 미만,0.1094078118437631,0.1150959945424422,0.1190902390228493,0.136783988957902,0.0987737501684409,0.1646412037037037,0.157270425163268,2,2,0,0
1C000830,여자,50대,판매 종사자,고졸(대학 재학 포함),인천광역시,2세대가족,기혼,맞벌이 함,600-700만원 미만,0.1427971440571188,0.1764935191501803,0.0909409989119371,0.1395445134575569,0.1137313030588869,0.1262538580246913,0.1052912168465947,2,1,0,0
4A003020,여자,50대,사무 종사자,대학교 졸업(전문대졸/대학원생 포함),서울특별시,1인 가구,미혼(사별/이혼 포함),맞벌이 하지 않음,300-400만원 미만,0.1585468290634187,0.168989377253679,0.0836404478607279,0.1450655624568668,0.1125859048645735,0.1403356481481481,0.2585632413701186,1,1,2,0
4A024035,남자,30대,서비스 종사자,고졸(대학 재학 포함),서울특별시,1세대가족,기혼,맞벌이 함,500-600만원 미만,0.1793364132717345,0.1170451223077672,0.0968726966410445,0.1395445134575569,0.1588060908233391,0.1378279320987654,0.1132880181260829,2,2,0,0
3K195016,여자,60대 이상,농림어업 숙련 종사자,중졸 이하,전라북도,1세대가족,기혼,맞벌이 함,300-400만원 미만,0.1507769844603108,0.0701685995517006,0.0673195044048998,0.020703933747412,0.0679153752863495,0.1786265432098765,0.2452352392376383,3,3,3,1
2B000036,여자,40대,사무 종사자,대학교 졸업(전문대졸/대학원생 포함),부산광역시,1세대가족,기혼,맞벌이 함,600-700만원 미만,0.2204955900881982,0.1599259331449176,0.0761995015969955,0.1505866114561766,0.1401428378924673,0.1505594135802469,0.1852592296414767,1,1,0,0
4K195018,여자,60대 이상,주부,중졸 이하,전라북도,1인 가구,미혼(사별/이혼 포함),맞벌이 하지 않음,100-200만원 미만,0.1129777404451911,0.1420914140921937,0.0414165876943596,0.122567287784679,0.0618515024929254,0.1888503086419753,0.194588831134213,0,0,2,0
4A003026,여자,30대,주부,고졸(대학 재학 포함),서울특별시,2세대가족,기혼,맞벌이 하지 않음,400-500만원 미만,0.1467870642587148,0.14530747490498,0.0935734091467481,0.1450655624568668,0.1175717558280555,0.1557677469135802,0.2705584432893509,1,1,2,0
3L199025,여자,40대,판매 종사자,대학교 졸업(전문대졸/대학원생 포함),전라남도,1세대가족,기혼,맞벌이 함,300-400만원 미만,0.0957580848383032,0.1665529675470227,0.0618791899196237,0.1333333333333333,0.0495890041773345,0.1320408950617284,0.2199120351859256,0,0,1,0
4K195019,여자,60대 이상,주부,중졸 이하,전라북도,1인 가구,미혼(사별/이혼 포함),맞벌이 하지 않음,100만원 미만,0.1564468710625787,0.1540785498489426,0.0659155522796672,0.1423050379572118,0.0786955935857701,0.2220293209876543,0.234572837531654,0,0,2,0
4A245030,여자,60대 이상,주부,고졸(대학 재학 포함),서울특별시,1세대가족,기혼,맞벌이 하지 않음,300-400만원 미만,0.2238555228895422,0.1029139460091609,0.105612298620617,0.1278122843340234,0.1823204419889502,0.1097608024691358,0.1666000266560042,2,2,0,0
4A245024,여자,50대,서비스 종사자,대학교 졸업(전문대졸/대학원생 포함),서울특별시,2세대가족,기혼,맞벌이 함,700-800만원 미만,0.2553548929021419,0.116557840366436,0.0860271664736232,0.1360938578329882,0.165004716345506,0.1162229938271605,0.2092496334799413,1,1,0,0
4A003029,여자,40대,판매 종사자,고졸(대학 재학 포함),서울특별시,2세대가족,기혼,맞벌이 함,500-600만원 미만,0.1551868962620747,0.1494980996004288,0.0932926187217016,0.1395445134575569,0.1133270448726586,0.1388888888888889,0.2589630814340931,1,1,2,0
3K195028,여자,60대 이상,농림어업 숙련 종사자,중졸 이하,전라북도,1인 가구,미혼(사별/이혼 포함),맞벌이 하지 않음,200-300만원 미만,0.1734565308693826,0.1362440307962187,0.074795549471763,0.1198067632850241,0.0980999865247271,0.1967592592592592,0.1879248300679728,1,0,1,0
4A003032,여자,30대,사무 종사자,대학교 졸업(전문대졸/대학원생 포함),서울특별시,1인 가구,미혼(사별/이혼 포함),맞벌이 하지 않음,200-300만원 미만,0.1642167156656866,0.14530747490498,0.0872556245832017,0.1423050379572118,0.1193909176660827,0.1316550925925926,0.2878848460615754,1,1,2,0
4H131041,여자,50대,주부,고졸(대학 재학 포함),경기도,2세대가족,기혼,맞벌이 하지 않음,500-600만원 미만,0.1793364132717345,0.1209433778384173,0.1232669965954161,0.1395445134575569,0.1060503975205497,0.1643518518518518,0.1865920298547247,2,2,0,0
3K195032,여자,60대 이상,주부,중졸 이하,전라북도,1인 가구,미혼(사별/이혼 포함),맞벌이 하지 않음,100만원 미만,0.1493070138597228,0.1830230971640191,0.0610017198413534,0.1336093857832988,0.0669721061851502,0.2182677469135802,0.1932560309209649,0,0,2,0
4A246005,여자,60대 이상,주부,대학교 졸업(전문대졸/대학원생 포함),서울특별시,1세대가족,기혼,맞벌이 하지 않음,300-400만원 미만,0.2379252414951701,0.1209433778384173,0.0600540521568214,0.1450655624568668,0.0989085028971836,0.1216242283950617,0.3491936558709849,1,1,2,0
4A246015,여자,50대,서비스 종사자,대학교 졸업(전문대졸/대학원생 포함),서울특별시,2세대가족,기혼,맞벌이 함,500-600만원 미만,0.249685006299874,0.114608712601111,0.0694605313958794,0.1333333333333333,0.1104298612046894,0.1244212962962963,0.3358656537385046,1,1,2,0
4H131058,여자,30대,판매 종사자,대학교 졸업(전문대졸/대학원생 포함),경기도,2세대가족,기혼,맞벌이 함,500-600만원 미만,0.2028559428811423,0.1189942500730922,0.1148783826471517,0.1395445134575569,0.1754480528230696,0.1677276234567901,0.1230174596827935,2,2,0,0
2B000048,여자,50대,판매 종사자,고졸(대학 재학 포함),부산광역시,2세대가족,기혼,맞벌이 함,400-500만원 미만,0.2039059218815623,0.1306890166650424,0.0639851181074725,0.1395445134575569,0.0816601536181107,0.1579861111111111,0.3425296548047448,1,1,2,0
3K195036,여자,60대 이상,주부,중졸 이하,전라북도,1인 가구,미혼(사별/이혼 포함),맞벌이 하지 않음,100만원 미만,0.0982780344393112,0.1560276776142676,0.0480151626829525,0.1450655624568668,0.0510712841935049,0.2064043209876543,0.2132480341196854,0,0,1,0
4L197033,여자,40대,서비스 종사자,고졸(대학 재학 포함),전라남도,2세대가족,미혼(사별/이혼 포함),맞벌이 하지 않음,100-200만원 미만,0.118227635447291,0.1558327648377351,0.0794285914850303,0.1333333333333333,0.0751920226384584,0.1408179012345679,0.1892576302812208,0,0,1,0
4A003038,여자,60대 이상,주부,고졸(대학 재학 포함),서울특별시,1세대가족,기혼,맞벌이 하지 않음,300-400만원 미만,0.1703065938681226,0.1533963551310788,0.0942753852093643,0.1450655624568668,0.1239051340789651,0.1359953703703703,0.2612288417966147,1,1,2,0
4H131055,여자,60대 이상,서비스 종사자,고졸(대학 재학 포함),경기도,1세대가족,기혼,맞벌이 함,300-400만원 미만,0.2190256194876102,0.1068122015398109,0.1000666877259485,0.1278122843340234,0.110901495755289,0.1635802469135802,0.2145808343329335,1,0,0,0
3K195040,여자,60대 이상,농림어업 숙련 종사자,중졸 이하,전라북도,1세대가족,기혼,맞벌이 함,300-400만원 미만,0.121377572448551,0.1316635805477049,0.0463304201326734,0.1257418909592822,0.0719579571486322,0.2014853395061728,0.2132480341196854,0,0,2,0
4L197066,여자,60대 이상,주부,중졸 이하,전라남도,1인 가구,미혼(사별/이혼 포함),맞벌이 하지 않음,100-200만원 미만,0.0732885342293154,0.1675275314296852,0.0498403004457548,0.1305728088336784,0.055181242420159,0.1533564814814814,0.1745968279354924,0,0,1,0
4A003041,여자,30대,사무 종사자,대학교 졸업(전문대졸/대학원생 포함),서울특별시,1세대가족,기혼,맞벌이 함,500-600만원 미만,0.1862662746745065,0.1514472273657538,0.0867993401425011,0.1450655624568668,0.1243767686295647,0.1422646604938271,0.2652272424363588,1,1,2,0
3K195044,여자,60대 이상,농림어업 숙련 종사자,중졸 이하,전라북도,1세대가족,기혼,맞벌이 함,400-500만원 미만,0.1833263334733305,0.1935483870967742,0.073286300937138,0.1333333333333333,0.0904864573507613,0.183545524691358,0.1590030654404904,1,0,1,0
1H002392,여자,60대 이상,단순노무 종사자,고졸(대학 재학 포함),경기도,1세대가족,기혼,맞벌이 함,400-500만원 미만,0.1528769424611507,0.1475489718351038,0.0896072443929662,0.1450655624568668,0.0975609756097561,0.1575038580246913,0.2718912435025989,1,1,2,0
4L199021,여자,60대 이상,단순노무 종사자,중졸 이하,전라남도,1인 가구,미혼(사별/이혼 포함),맞벌이 하지 않음,100-200만원 미만,0.0432591348173036,0.14998538154176,0.0726545224807834,0.1278122843340234,0.0556528769707586,0.1693672839506173,0.2105824336931894,0,0,1,0
4A246020,여자,60대 이상,주부,고졸(대학 재학 포함),서울특별시,1세대가족,기혼,맞벌이 하지 않음,300-400만원 미만,0.2309953800923981,0.1043757918331546,0.0496999052332315,0.136783988957902,0.0801778736019404,0.1385030864197531,0.3398640543782487,1,1,2,0
4A246025,남자,50대,서비스 종사자,고졸(대학 재학 포함),서울특별시,1세대가족,기혼,맞벌이 함,500-600만원 미만,0.2211255774884502,0.1102231751291297,0.0474886806359903,0.1395445134575569,0.1001886538202398,0.1114004629629629,0.3398640543782487,1,1,2,0
4H131046,남자,30대,사무 종사자,대학교 졸업(전문대졸/대학원생 포함),경기도,1인 가구,미혼(사별/이혼 포함),맞벌이 하지 않음,200-300만원 미만,0.2057958840823183,0.1163629275899035,0.1037520620546839,0.136783988957902,0.1435116561110362,0.130787037037037,0.0972944155671065,2,2,0,0
2B000029,여자,50대,서비스 종사자,대학교 졸업(전문대졸/대학원생 포함),부산광역시,2세대가족,기혼,맞벌이 하지 않음,300-400만원 미만,0.1923561528769424,0.1501802943182925,0.0817100136885332,0.1395445134575569,0.1244441449939361,0.1628086419753086,0.2518992403038784,1,1,2,0
4L199042,여자,60대 이상,판매 종사자,고졸(대학 재학 포함),전라남도,1세대가족,기혼,맞벌이 함,300-400만원 미만,0.1068878622427551,0.1733749147256603,0.0767961812502193,0.1416149068322981,0.0780892063064277,0.1593364197530864,0.1705984272957483,0,0,1,0
1H002366,여자,60대 이상,서비스 종사자,고졸(대학 재학 포함),경기도,1세대가족,기혼,맞벌이 함,500-600만원 미만,0.1566568668626627,0.1618750609102426,0.0876066126145098,0.1478260869565217,0.1086106993666621,0.162037037037037,0.2505664400906304,1,1,2,0
4A246035,여자,60대 이상,서비스 종사자,고졸(대학 재학 포함),서울특별시,1세대가족,기혼,맞벌이 함,400-500만원 미만,0.245485090298194,0.1238670694864048,0.0771822680846583,0.1395445134575569,0.1225576067915375,0.1335841049382716,0.3638544582167133,1,1,2,0
4A246030,여자,60대 이상,서비스 종사자,고졸(대학 재학 포함),서울특별시,1세대가족,기혼,맞벌이 함,400-500만원 미만,0.246955060898782,0.1238670694864048,0.0692499385770945,0.1395445134575569,0.1137986794232583,0.1309799382716049,0.3678528588564574,1,1,2,0
3L199035,여자,60대 이상,사무 종사자,대학교 졸업(전문대졸/대학원생 포함),전라남도,2세대가족,미혼(사별/이혼 포함),맞벌이 하지 않음,600-700만원 미만,0.1293574128517429,0.1336127083130299,0.0791828998631146,0.1478260869565217,0.0785608408570273,0.1661844135802469,0.2545648407303745,0,0,2,0
1C000859,여자,50대,사무 종사자,대학교 졸업(전문대졸/대학원생 포함),인천광역시,2세대가족,기혼,맞벌이 함,600-700만원 미만,0.1682066358672826,0.1197739011792223,0.1090870801305675,0.1278122843340234,0.1421641288236086,0.1285686728395061,0.194588831134213,2,1,0,0
2B000054,여자,50대,사무 종사자,대학교 졸업(전문대졸/대학원생 포함),부산광역시,2세대가족,기혼,맞벌이 함,500-600만원 미만,0.1658966820663586,0.1228925056037423,0.0476641746516443,0.1450655624568668,0.0732381080716884,0.1182484567901234,0.3371984539517526,1,1,2,0
3L199040,여자,60대 이상,주부,고졸(대학 재학 포함),전라남도,1세대가족,기혼,맞벌이 하지 않음,200-300만원 미만,0.1776564468710625,0.1750316733261865,0.0818855077041872,0.1416149068322981,0.0971567174235278,0.1372492283950617,0.2159136345461815,1,1,1,0
4J226003,여자,50대,기능원 및 관련 기능 종사자,고졸(대학 재학 포함),경상남도,1세대가족,기혼,맞벌이 함,600-700만원 미만,0.1717765644687106,0.1901374135074554,0.1034712716296374,0.1533471359558316,0.1195256703948254,0.1470871913580247,0.2932160469145675,1,1,2,0
4A246045,여자,40대,주부,대학교 졸업(전문대졸/대학원생 포함),서울특별시,2세대가족,기혼,맞벌이 하지 않음,400-500만원 미만,0.243595128097438,0.1238670694864048,0.077427959706574,0.1395445134575569,0.0976957283384988,0.1440007716049383,0.3611888577902172,1,1,2,0
4A246050,여자,40대,주부,대학교 졸업(전문대졸/대학원생 포함),서울특별시,2세대가족,기혼,맞벌이 하지 않음,400-500만원 미만,0.2582948341033179,0.1199688139557548,0.0783756273911059,0.136783988957902,0.1048376229618649,0.1253858024691358,0.3585232573637212,1,1,2,0
1A000540,여자,50대,사무 종사자,대학교 졸업(전문대졸/대학원생 포함),서울특별시,2세대가족,기혼,맞벌이 함,800-900만원 미만,0.0766484670306593,0.14530747490498,0.1069811519427187,0.1257418909592822,0.0923729955531599,0.2057291666666666,0.2185792349726776,0,0,0,0
4J226015,여자,60대 이상,서비스 종사자,고졸(대학 재학 포함),경상남도,2세대가족,기혼,맞벌이 함,700-800만원 미만,0.2045359092818144,0.2232725855179807,0.0836053490575971,0.1450655624568668,0.0742487535372591,0.1259645061728395,0.2079168332666933,1,1,2,0
4B251066,여자,40대,사무 종사자,대학교 졸업(전문대졸/대학원생 포함),부산광역시,2세대가족,기혼,맞벌이 함,700-800만원 미만,0.1102477950440991,0.1170451223077672,0.0571408514969639,0.136783988957902,0.0500606387279342,0.1485339506172839,0.3358656537385046,0,1,1,0
4J226021,남자,60대 이상,판매 종사자,고졸(대학 재학 포함),경상남도,1인 가구,미혼(사별/이혼 포함),맞벌이 하지 않음,200-300만원 미만,0.2246955060898782,0.2140142286326868,0.104664630936085,0.147135955831608,0.0933162646543592,0.1179591049382716,0.2332400373184059,1,1,2,0
1C000882,여자,60대 이상,주부,고졸(대학 재학 포함),인천광역시,1세대가족,기혼,맞벌이 하지 않음,300-400만원 미만,0.1329273414531709,0.1682097261475489,0.0908357025025446,0.1305728088336784,0.0997843956340115,0.1042631172839506,0.0946288151406104,2,0,0,0
4A004056,여자,40대,서비스 종사자,대학교 졸업(전문대졸/대학원생 포함),서울특별시,2세대가족,기혼,맞벌이 함,500-600만원 미만,0.1931961360772784,0.1058376376571484,0.099785897300902,0.1360938578329882,0.1846112383775771,0.1207561728395061,0.1066240170598427,2,2,0,0
2B000060,여자,50대,장치·기계 조작 및 조립 종사자,고졸(대학 재학 포함),부산광역시,2세대가족,기혼,맞벌이 하지 않음,400-500만원 미만,0.2045359092818144,0.1238670694864048,0.072338633252606,0.1395445134575569,0.087589273682792,0.1508487654320987,0.3558576569372251,1,1,2,0
1A001224,여자,40대,사무 종사자,대학교 졸업(전문대졸/대학원생 포함),서울특별시,1인 가구,미혼(사별/이혼 포함),맞벌이 하지 않음,300-400만원 미만,0.1077278454430911,0.1540785498489426,0.1153346670878523,0.1423050379572118,0.08846516641962,0.1936728395061728,0.2239104358256697,2,0,0,0
4J226024,남자,20대,판매 종사자,고졸(대학 재학 포함),경상남도,2세대가족,기혼,맞벌이 하지 않음,200-300만원 미만,0.2368752624947501,0.1911119773901179,0.0968024990347829,0.1478260869565217,0.0954049319498719,0.1167052469135802,0.2585632413701186,1,1,2,0
4A002032,여자,40대,사무 종사자,대학교 졸업(전문대졸/대학원생 포함),서울특별시,1인 가구,미혼(사별/이혼 포함),맞벌이 하지 않음,300-400만원 미만,0.1728265434691306,0.1716206997368677,0.0602997437787371,0.1395445134575569,0.0736423662579167,0.1051311728395061,0.234572837531654,1,1,1,0
4J226027,여자,50대,서비스 종사자,대학교 졸업(전문대졸/대학원생 포함),경상남도,1세대가족,기혼,맞벌이 하지 않음,500-600만원 미만,0.2246955060898782,0.2661533963551311,0.0902390228493208,0.1588681849551414,0.1019404392938957,0.1195987654320987,0.2039184326269492,1,1,2,0
4A002036,여자,60대 이상,주부,고졸(대학 재학 포함),서울특별시,1세대가족,기혼,맞벌이 하지 않음,400-500만원 미만,0.2091558168836623,0.1823409024461553,0.0822364957354954,0.1423050379572118,0.1048376229618649,0.1186342592592592,0.2612288417966147,1,1,2,0
4J226030,여자,60대 이상,서비스 종사자,고졸(대학 재학 포함),경상남도,1세대가족,기혼,맞벌이 함,400-500만원 미만,0.2047459050818983,0.2300945326966182,0.0876417114176406,0.1561076604554865,0.0898126937070475,0.1426504629629629,0.2305744368919099,1,1,2,0
3J224060,여자,60대 이상,기능원 및 관련 기능 종사자,고졸(대학 재학 포함),경상남도,1세대가족,기혼,맞벌이 함,400-500만원 미만,0.0461990760184796,0.14920573043563,0.1152644694815906,0.1257418909592822,0.0693976553025198,0.1060956790123456,0.1146208183393309,2,0,0,0
4J226006,여자,50대,서비스 종사자,고졸(대학 재학 포함),경상남도,1세대가족,기혼,맞벌이 함,400-500만원 미만,0.2120957580848383,0.1735698275021927,0.0860973640798848,0.1450655624568668,0.1021425683870098,0.1133294753086419,0.2785552445688391,1,1,2,0
3J224066,여자,60대 이상,서비스 종사자,대학교 졸업(전문대졸/대학원생 포함),경상남도,2세대가족,미혼(사별/이혼 포함),맞벌이 하지 않음,200-300만원 미만,0.0461990760184796,0.1784426469155053,0.0978203643255765,0.136783988957902,0.0680501280150923,0.0969328703703703,0.1243502598960415,2,0,0,0
4A005056,여자,60대 이상,사무 종사자,대학교 졸업(전문대졸/대학원생 포함),서울특별시,2세대가족,기혼,맞벌이 함,"900-1,000만원 미만",0.1532969340613187,0.1180196861904297,0.1182478677477098,0.134023464458247,0.1098234739253469,0.122974537037037,0.1852592296414767,2,2,0,0
3J238044,여자,30대,사무 종사자,대학교 졸업(전문대졸/대학원생 포함),경상남도,2세대가족,기혼,맞벌이 함,700-800만원 미만,0.2041159176816463,0.1823409024461553,0.0673195044048998,0.1257418909592822,0.0988411265328122,0.1276041666666666,0.2079168332666933,1,1,1,0
3J238048,여자,60대 이상,서비스 종사자,고졸(대학 재학 포함),경상남도,1인 가구,미혼(사별/이혼 포함),맞벌이 하지 않음,200-300만원 미만,0.125577488450231,0.1725952636195302,0.050542276508371,0.1312629399585921,0.0748551408166015,0.1155478395061728,0.1852592296414767,0,0,1,0
4J234043,여자,60대 이상,주부,중졸 이하,경상남도,1세대가족,기혼,맞벌이 하지 않음,100만원 미만,0.117597648047039,0.1559302212260014,0.0741637710154083,0.1159420289855072,0.0667026007276647,0.1549961419753086,0.1839264294282287,0,0,1,0
1C001055,여자,60대 이상,주부,고졸(대학 재학 포함),인천광역시,1세대가족,기혼,맞벌이 하지 않음,300-400만원 미만,0.1973960520789584,0.1657733164408927,0.0967323014285213,0.134023464458247,0.1007950410995822,0.1157407407407407,0.2039184326269492,1,0,1,0
1C001051,여자,30대,사무 종사자,고졸(대학 재학 포함),인천광역시,1인 가구,미혼(사별/이혼 포함),맞벌이 하지 않음,300-400만원 미만,0.2057958840823183,0.1716206997368677,0.1079288196272507,0.136783988957902,0.1231639940708799,0.1311728395061728,0.2425696388111422,1,1,0,0
4J234044,여자,60대 이상,주부,중졸 이하,경상남도,1세대가족,기혼,맞벌이 하지 않음,100-200만원 미만,0.1417471650566988,0.1647987525582302,0.0632831420448562,0.1229813664596273,0.0744508826303732,0.1203703703703703,0.1759296281487405,0,0,1,0
1A001756,여자,50대,주부,고졸(대학 재학 포함),서울특별시,2세대가족,기혼,맞벌이 하지 않음,600-700만원 미만,0.1665266694666106,0.14530747490498,0.0897125408023586,0.1450655624568668,0.1093518393747473,0.162037037037037,0.2505664400906304,1,1,2,0
1C001000,여자,60대 이상,주부,고졸(대학 재학 포함),인천광역시,1세대가족,기혼,맞벌이 하지 않음,300-400만원 미만,0.2137757244855103,0.1696715719715427,0.1021024183075357,0.1423050379572118,0.1092170866460045,0.1340663580246913,0.2518992403038784,1,1,0,0
4A005070,여자,60대 이상,전문가 및 관련 종사자,대학교 졸업(전문대졸/대학원생 포함),서울특별시,2세대가족,기혼,맞벌이 함,700-800만원 미만,0.1537169256614868,0.1482311665529675,0.0865185497174546,0.136783988957902,0.0946637919417868,0.1041666666666666,0.1519392243102759,2,0,0,0
4B251033,여자,50대,사무 종사자,대학교 졸업(전문대졸/대학원생 포함),부산광역시,2세대가족,기혼,맞벌이 함,800-900만원 미만,0.1982360352792944,0.1316635805477049,0.0736372889684461,0.1478260869565217,0.0786282172213987,0.1699459876543209,0.3611888577902172,1,1,2,0
1A001789,여자,50대,전문가 및 관련 종사자,대학교 졸업(전문대졸/대학원생 포함),서울특별시,1인 가구,미혼(사별/이혼 포함),맞벌이 하지 않음,500-600만원 미만,0.1581268374632507,0.1436507163044537,0.0899582324242743,0.134023464458247,0.1048376229618649,0.1615547839506173,0.275889644142343,1,1,2,0
4B037004,남자,60대 이상,취업 준비 중,고졸(대학 재학 포함),부산광역시,1인 가구,미혼(사별/이혼 포함),맞벌이 하지 않음,100-200만원 미만,0.1005879882402352,0.1180196861904297,0.0559123933873854,0.1450655624568668,0.0578762969950141,0.1556712962962963,0.3092096494735439,0,1,1,0
4A005077,남자,50대,관리자,대학교 졸업(전문대졸/대학원생 포함),서울특별시,1인 가구,미혼(사별/이혼 포함),맞벌이 하지 않음,400-500만원 미만,0.1438471230575388,0.1609004970275801,0.1043838405110385,0.1423050379572118,0.0933162646543592,0.1007908950617284,0.194588831134213,2,0,0,0
1C001020,여자,30대,사무 종사자,대학교 졸업(전문대졸/대학원생 포함),인천광역시,1인 가구,미혼(사별/이혼 포함),맞벌이 하지 않음,300-400만원 미만,0.1879462410751785,0.1516421401422863,0.1064195710926257,0.1360938578329882,0.1048376229618649,0.1273148148148148,0.2239104358256697,1,0,0,0
4A005028,여자,40대,사무 종사자,대학교 졸업(전문대졸/대학원생 포함),서울특별시,2세대가족,기혼,맞벌이 함,600-700만원 미만,0.1446871062578748,0.1755189552675178,0.10919237653996,0.1450655624568668,0.0917666082738175,0.1171875,0.1745968279354924,2,0,0,0
4B037012,남자,60대 이상,기능원 및 관련 기능 종사자,고졸(대학 재학 포함),부산광역시,1세대가족,기혼,맞벌이 하지 않음,200-300만원 미만,0.1572868542629147,0.1589513692622551,0.0782001333754519,0.1395445134575569,0.0851637245654224,0.1548996913580247,0.2319072371051579,1,0,1,0
1C001034,여자,60대 이상,주부,고졸(대학 재학 포함),인천광역시,1세대가족,기혼,맞벌이 하지 않음,300-400만원 미만,0.1973960520789584,0.1628496247929051,0.0938191007686638,0.1423050379572118,0.1082064411804338,0.1186342592592592,0.2159136345461815,1,1,1,0
1C001043,여자,40대,사무 종사자,대학교 졸업(전문대졸/대학원생 포함),인천광역시,1세대가족,기혼,맞벌이 함,500-600만원 미만,0.1671566568668626,0.1745443913848552,0.0856059808360534,0.136783988957902,0.0794367335938552,0.1186342592592592,0.2132480341196854,1,1,1,0
4B037028,여자,60대 이상,사무 종사자,대학교 졸업(전문대졸/대학원생 포함),부산광역시,2세대가족,미혼(사별/이혼 포함),맞벌이 하지 않음,500-600만원 미만,0.1822763544729105,0.1602183023097164,0.0694254325927486,0.1423050379572118,0.0706104298612046,0.1375385802469136,0.2825536452085832,1,1,2,0
4J225026,여자,50대,서비스 종사자,대학교 졸업(전문대졸/대학원생 포함),경상남도,1인 가구,미혼(사별/이혼 포함),맞벌이 하지 않음,100-200만원 미만,0.1917261654766904,0.1762986063736478,0.070653890702327,0.1278122843340234,0.0797062390513407,0.1262538580246913,0.2172464347594295,1,1,1,0
4B037032,여자,60대 이상,판매 종사자,고졸(대학 재학 포함),부산광역시,1세대가족,기혼,맞벌이 함,400-500만원 미만,0.1700965980680386,0.14530747490498,0.0827629777824576,0.1423050379572118,0.093990028298073,0.1374421296296296,0.1683326669332267,1,0,1,0
1C001038,여자,40대,사무 종사자,대학교 졸업(전문대졸/대학원생 포함),인천광역시,2세대가족,기혼,맞벌이 함,500-600만원 미만,0.1902561948761024,0.1833154663288178,0.0877821066301639,0.1312629399585921,0.0868481336747069,0.126832561728395,0.2065840330534453,1,1,1,0
3B030004,여자,50대,판매 종사자,고졸(대학 재학 포함),부산광역시,1세대가족,기혼,맞벌이 하지 않음,100-200만원 미만,0.249895002099958,0.1755189552675178,0.0787266154224141,0.1478260869565217,0.1069936666217491,0.1875964506172839,0.2265760362521658,1,0,2,0
4F086020,남자,40대,판매 종사자,고졸(대학 재학 포함),광주광역시,3세대가족,기혼,맞벌이 하지 않음,300-400만원 미만,0.1465770684586308,0.1704512230776727,0.0846934119546523,0.144375431331953,0.0995822665408974,0.1426504629629629,0.1879248300679728,1,1,1,0
4B037008,여자,50대,서비스 종사자,대학교 졸업(전문대졸/대학원생 포함),부산광역시,2세대가족,기혼,맞벌이 함,"1,000만원 이상",0.1950860982780344,0.1209433778384173,0.0778491453441437,0.1423050379572118,0.0863764991241072,0.1432291666666666,0.3096094895375184,1,1,2,0
1C001041,여자,50대,사무 종사자,대학교 졸업(전문대졸/대학원생 포함),인천광역시,2세대가족,기혼,맞벌이 함,400-500만원 미만,0.1826963460730785,0.147256602670305,0.088519181495911,0.1395445134575569,0.0874545209540493,0.1118827160493827,0.2105824336931894,1,0,1,0
4A006012,여자,30대,사무 종사자,대학교 졸업(전문대졸/대학원생 포함),서울특별시,2세대가족,기혼,맞벌이 함,500-600만원 미만,0.1642167156656866,0.1570022414969301,0.1174405952757011,0.134023464458247,0.0904190809863899,0.1085069444444444,0.1896574703451952,2,0,0,0
1C000944,여자,60대 이상,주부,대학교 졸업(전문대졸/대학원생 포함),인천광역시,2세대가족,기혼,맞벌이 하지 않음,500-600만원 미만,0.2068458630827383,0.14920573043563,0.0805166543820855,0.1423050379572118,0.0960786955935857,0.1109182098765432,0.2425696388111422,1,1,1,0
1F000455,여자,60대 이상,서비스 종사자,고졸(대학 재학 포함),광주광역시,2세대가족,기혼,맞벌이 함,400-500만원 미만,0.1125577488450231,0.1750316733261865,0.0727598188901758,0.1498964803312629,0.0691281498450343,0.1943479938271605,0.2185792349726776,0,0,1,0
4A006022,여자,60대 이상,서비스 종사자,고졸(대학 재학 포함),서울특별시,1인 가구,미혼(사별/이혼 포함),맞벌이 하지 않음,200-300만원 미만,0.1310373792524149,0.1443329110223175,0.1134042329156575,0.1312629399585921,0.0813232717962538,0.1215277777777777,0.1949886711981874,2,0,0,0
4B037020,여자,60대 이상,주부,고졸(대학 재학 포함),부산광역시,1인 가구,미혼(사별/이혼 포함),맞벌이 하지 않음,100-200만원 미만,0.2152456950860982,0.1599259331449176,0.0753922291249868,0.1423050379572118,0.0888020482414768,0.1372492283950617,0.273224043715847,1,1,2,0
4F086040,여자,40대,서비스 종사자,고졸(대학 재학 포함),광주광역시,2세대가족,미혼(사별/이혼 포함),맞벌이 하지 않음,200-300만원 미만,0.1782864342713146,0.1655784036643602,0.0783756273911059,0.144375431331953,0.0929120064681309,0.1741898148148148,0.2545648407303745,1,0,2,0
4A006024,여자,50대,주부,대학교 졸업(전문대졸/대학원생 포함),서울특별시,2세대가족,기혼,맞벌이 하지 않음,500-600만원 미만,0.1411171776564468,0.147256602670305,0.0925204450528237,0.136783988957902,0.0998517719983829,0.1162229938271605,0.1626016260162601,2,0,0,0
3B030020,여자,50대,서비스 종사자,고졸(대학 재학 포함),부산광역시,2세대가족,기혼,맞벌이 함,300-400만원 미만,0.2347753044939101,0.2213234577526557,0.0787266154224141,0.1450655624568668,0.0977631047028702,0.1683063271604938,0.2025856324137012,1,1,2,0
4H131014,남자,50대,장치·기계 조작 및 조립 종사자,고졸(대학 재학 포함),경기도,1인 가구,미혼(사별/이혼 포함),맞벌이 하지 않음,300-400만원 미만,0.2057958840823183,0.1131468667771172,0.1297602751746165,0.136783988957902,0.1313839105241881,0.163966049382716,0.1266160202585632,2,2,0,0
4B037016,남자,30대,전문가 및 관련 종사자,대학원 졸업 이상,부산광역시,1인 가구,미혼(사별/이혼 포함),맞벌이 하지 않음,300-400만원 미만,0.1024779504409911,0.147256602670305,0.0841669299076901,0.1395445134575569,0.0778870772133135,0.1551890432098765,0.2465680394508863,0,0,1,0
1H001192,여자,30대,판매 종사자,대학교 졸업(전문대졸/대학원생 포함),경기도,1세대가족,기혼,맞벌이 함,600-700만원 미만,0.1406971860562788,0.2388656076405808,0.0702327050647572,0.1505866114561766,0.0481741005255356,0.1494984567901234,0.1759296281487405,0,0,1,0
4H131063,여자,60대 이상,서비스 종사자,고졸(대학 재학 포함),경기도,1세대가족,기혼,맞벌이 함,200-300만원 미만,0.1698866022679546,0.1241594386512036,0.1253027271770032,0.136783988957902,0.1121142703139738,0.1539351851851851,0.1905904304944689,2,2,0,0
1H001180,여자,40대,사무 종사자,대학교 졸업(전문대졸/대학원생 포함),경기도,2세대가족,기혼,맞벌이 함,600-700만원 미만,0.0684586308273834,0.2232725855179807,0.0613527078726615,0.1312629399585921,0.0439293895701387,0.1548996913580247,0.1825936292149806,0,0,1,0
3B030024,여자,50대,기능원 및 관련 기능 종사자,고졸(대학 재학 포함),부산광역시,2세대가족,기혼,맞벌이 함,300-400만원 미만,0.2582948341033179,0.198908488451418,0.0810080376259169,0.1505866114561766,0.1084759466379194,0.1797839506172839,0.2332400373184059,1,1,2,0
1H001178,여자,60대 이상,주부,대학교 졸업(전문대졸/대학원생 포함),경기도,1세대가족,기혼,맞벌이 하지 않음,400-500만원 미만,0.1062578748425031,0.1609004970275801,0.0547892316871994,0.136783988957902,0.0430534968333108,0.1172839506172839,0.2505664400906304,0,1,1,0
4J227013,여자,30대,전문가 및 관련 종사자,대학교 졸업(전문대졸/대학원생 포함),경상남도,1세대가족,기혼,맞벌이 함,800-900만원 미만,0.1648467030659386,0.1150959945424422,0.1288477062932154,0.136783988957902,0.144724430669721,0.1508487654320987,0.1119552179128348,2,2,0,0
4J227019,남자,60대 이상,판매 종사자,고졸(대학 재학 포함),경상남도,1인 가구,미혼(사별/이혼 포함),맞벌이 하지 않음,200-300만원 미만,0.1459470810583788,0.1170451223077672,0.1204239935418202,0.1423050379572118,0.1667565018191618,0.144483024691358,0.0959616153538584,2,2,0,0
3H129002,여자,60대 이상,서비스 종사자,고졸(대학 재학 포함),경기도,1세대가족,기혼,맞벌이 함,400-500만원 미만,0.0608987820243595,0.14530747490498,0.0636341300761644,0.1395445134575569,0.0718232044198895,0.1355131172839506,0.2012528322004531,0,0,1,0
1C000894,여자,30대,주부,대학교 졸업(전문대졸/대학원생 포함),인천광역시,2세대가족,기혼,맞벌이 하지 않음,500-600만원 미만,0.1619067618647627,0.1368287691258162,0.126285493664666,0.1395445134575569,0.1471499797870906,0.1109182098765432,0.117286418765827,2,2,0,0
3H129001,여자,60대 이상,주부,고졸(대학 재학 포함),경기도,1세대가족,기혼,맞벌이 하지 않음,200-300만원 미만,0.0608987820243595,0.1214306597797485,0.0760942051876031,0.1278122843340234,0.0857701118447648,0.1491126543209876,0.1905904304944689,0,0,1,0
4A006030,여자,40대,서비스 종사자,대학교 졸업(전문대졸/대학원생 포함),서울특별시,2세대가족,기혼,맞벌이 함,500-600만원 미만,0.124947501049979,0.1628496247929051,0.107683128005335,0.1450655624568668,0.0760005390109149,0.122974537037037,0.2269758763161402,0,0,1,0
4J227021,여자,30대,서비스 종사자,대학교 졸업(전문대졸/대학원생 포함),경상남도,1인 가구,미혼(사별/이혼 포함),맞벌이 하지 않음,300-400만원 미만,0.1889962200755985,0.1189942500730922,0.1236881822329858,0.1423050379572118,0.166621749090419,0.1379243827160494,0.0932960149273623,2,2,0,0
1H001172,여자,60대 이상,주부,고졸(대학 재학 포함),경기도,2세대가족,기혼,맞벌이 하지 않음,600-700만원 미만,0.1308273834523309,0.1131468667771172,0.1058579902425327,0.1395445134575569,0.1026142029376094,0.1276041666666666,0.2145808343329335,2,0,1,0
4A006032,여자,60대 이상,서비스 종사자,고졸(대학 재학 포함),서울특별시,1인 가구,미혼(사별/이혼 포함),맞벌이 하지 않음,200-300만원 미만,0.1385972280554389,0.1482311665529675,0.1057526938331403,0.134023464458247,0.089543188249562,0.1060956790123456,0.2069838731174197,2,0,0,0
1F000473,여자,60대 이상,주부,고졸(대학 재학 포함),광주광역시,2세대가족,기혼,맞벌이 하지 않음,600-700만원 미만,0.0913481730365392,0.1733749147256603,0.0882032922677336,0.1388543823326432,0.0609756097560975,0.2221257716049383,0.1732640277222444,0,0,1,0
4C063040,여자,50대,주부,대학교 졸업(전문대졸/대학원생 포함),인천광역시,2세대가족,기혼,맞벌이 하지 않음,600-700만원 미만,0.1742965140697186,0.1180196861904297,0.0815696184760099,0.1285024154589372,0.0900148228001617,0.1015625,0.3318672530987605,1,1,2,0
4J227026,여자,30대,판매 종사자,대학교 졸업(전문대졸/대학원생 포함),경상남도,1인 가구,미혼(사별/이혼 포함),맞벌이 하지 않음,200-300만원 미만,0.1427971440571188,0.1150959945424422,0.1220736372889684,0.1395445134575569,0.1414903651798948,0.1336805555555555,0.0986272157803545,2,2,0,0
3F086033,여자,60대 이상,주부,고졸(대학 재학 포함),광주광역시,1세대가족,기혼,맞벌이 하지 않음,100-200만원 미만,0.0398992020159596,0.1340999902543611,0.0508932645396792,0.1360938578329882,0.0485109823473925,0.1539351851851851,0.2012528322004531,0,0,1,0
1H001111,여자,60대 이상,서비스 종사자,중졸 이하,경기도,1인 가구,미혼(사별/이혼 포함),맞벌이 하지 않음,100-200만원 미만,0.0684586308273834,0.1267907611343923,0.0953283493032887,0.1285024154589372,0.0765395499258859,0.1793981481481481,0.2065840330534453,0,0,1,0
4A006014,여자,40대,판매 종사자,고졸(대학 재학 포함),서울특별시,1세대가족,기혼,맞벌이 함,600-700만원 미만,0.1877362452750945,0.1579768053795926,0.0880628970552104,0.1423050379572118,0.1047028702331222,0.1116898148148148,0.1869918699186992,1,0,1,0
1C001131,여자,60대 이상,판매 종사자,고졸(대학 재학 포함),인천광역시,1세대가족,기혼,맞벌이 함,500-600만원 미만,0.0468290634187316,0.1531039859662801,0.0807623460040012,0.1285024154589372,0.0656245788977226,0.107349537037037,0.2665600426496068,0,1,1,0
1C000896,여자,40대,판매 종사자,대학교 졸업(전문대졸/대학원생 포함),인천광역시,1인 가구,미혼(사별/이혼 포함),맞벌이 하지 않음,300-400만원 미만,0.1875262494750105,0.1725952636195302,0.1134042329156575,0.1561076604554865,0.156111036248484,0.1445794753086419,0.0972944155671065,2,1,0,0
4A006036,여자,30대,사무 종사자,대학교 졸업(전문대졸/대학원생 포함),서울특별시,1세대가족,기혼,맞벌이 함,600-700만원 미만,0.1934061318773624,0.1660656856056914,0.0782001333754519,0.1450655624568668,0.0910254682657323,0.109278549382716,0.1852592296414767,1,0,1,0
4P244005,여자,50대,서비스 종사자,대학교 졸업(전문대졸/대학원생 포함),제주특별자치도,2세대가족,기혼,맞벌이 함,500-600만원 미만,0.0978580428391432,0.1287398888997173,0.0781299357691902,0.1285024154589372,0.0583479315456137,0.1827739197530864,0.1812608290017326,0,0,1,0
4J227028,여자,60대 이상,서비스 종사자,고졸(대학 재학 포함),경상남도,1세대가족,기혼,맞벌이 함,400-500만원 미만,0.1385972280554389,0.1189942500730922,0.1161068407567302,0.136783988957902,0.1515968198356016,0.1468942901234568,0.079968012794882,2,2,0,0
1H001099,여자,50대,기능원 및 관련 기능 종사자,고졸(대학 재학 포함),경기도,2세대가족,기혼,맞벌이 함,500-600만원 미만,0.0986980260394792,0.1521294220836176,0.1008388613948264,0.1395445134575569,0.0776849481201994,0.1691743827160494,0.2465680394508863,0,0,1,0
4J227030,여자,30대,사무 종사자,대학교 졸업(전문대졸/대학원생 포함),경상남도,1인 가구,미혼(사별/이혼 포함),맞벌이 하지 않음,200-300만원 미만,0.1763964720705585,0.1150959945424422,0.1191955354322417,0.136783988957902,0.1544940035035709,0.1239390432098765,0.0932960149273623,2,2,0,0
4A006016,여자,60대 이상,주부,고졸(대학 재학 포함),서울특별시,1세대가족,기혼,맞벌이 하지 않음,300-400만원 미만,0.1453170936581268,0.1540785498489426,0.1204239935418202,0.1395445134575569,0.0951354264923864,0.1297260802469136,0.1709982673597228,2,0,0,0
1H001077,여자,40대,사무 종사자,대학교 졸업(전문대졸/대학원생 포함),경기도,2세대가족,기혼,맞벌이 함,600-700만원 미만,0.0999580008399832,0.143358347139655,0.1073672387771576,0.1395445134575569,0.0861743700309931,0.1951195987654321,0.2185792349726776,0,0,0,0
4P244007,남자,50대,단순노무 종사자,대학교 졸업(전문대졸/대학원생 포함),제주특별자치도,1인 가구,미혼(사별/이혼 포함),맞벌이 하지 않음,200-300만원 미만,0.1102477950440991,0.146476951564175,0.0492436207925309,0.1163561076604554,0.0623231370435251,0.1508487654320987,0.2039184326269492,0,0,1,0
3B030028,여자,50대,판매 종사자,고졸(대학 재학 포함),부산광역시,2세대가족,기혼,맞벌이 함,300-400만원 미만,0.2652246955060899,0.1959847968034304,0.0788319118318065,0.1395445134575569,0.1032879665813232,0.1575038580246913,0.2585632413701186,1,1,2,0
4H131005,여자,50대,판매 종사자,고졸(대학 재학 포함),경기도,2세대가족,기혼,맞벌이 함,700-800만원 미만,0.1826963460730785,0.1521294220836176,0.1231266013828928,0.1423050379572118,0.0889368009702196,0.1224922839506172,0.1466080234572837,2,0,0,0
1H001098,여자,60대 이상,주부,고졸(대학 재학 포함),경기도,1세대가족,기혼,맞벌이 하지 않음,200-300만원 미만,0.0737085258294834,0.1394600916090049,0.0902390228493208,0.136783988957902,0.0782239590351704,0.1900077160493827,0.1999200319872051,0,0,1,0
4H131035,여자,30대,서비스 종사자,대학교 졸업(전문대졸/대학원생 포함),경기도,1세대가족,기혼,맞벌이 함,400-500만원 미만,0.1623267534649307,0.1443329110223175,0.0862026604892773,0.1450655624568668,0.0763374208327718,0.1356095679012345,0.1652672264427562,1,0,1,0
4P244008,남자,30대,전문가 및 관련 종사자,대학교 졸업(전문대졸/대학원생 포함),제주특별자치도,1인 가구,미혼(사별/이혼 포함),맞벌이 하지 않음,700-800만원 미만,0.1654766904661906,0.1769808010915115,0.0566143694500017,0.1250517598343685,0.0739792480797736,0.1387924382716049,0.1412768226042916,0,0,1,0
1H001094,여자,60대 이상,서비스 종사자,고졸(대학 재학 포함),경기도,1세대가족,기혼,맞벌이 함,400-500만원 미만,0.0785384292314153,0.1345872721956924,0.1113685023340704,0.136783988957902,0.058213178816871,0.1722608024691358,0.158603225376516,2,2,0,0
1F000484,여자,60대 이상,주부,고졸(대학 재학 포함),광주광역시,1세대가족,기혼,맞벌이 하지 않음,200-300만원 미만,0.0852582948341033,0.1363414871844849,0.0509985609490716,0.1333333333333333,0.0495890041773345,0.1507523148148148,0.2172464347594295,0,0,1,0
3H128002,여자,60대 이상,판매 종사자,고졸(대학 재학 포함),경기도,1세대가족,기혼,맞벌이 함,500-600만원 미만,0.1497270054598908,0.1297144527823799,0.1090870801305675,0.1423050379572118,0.1098908502897183,0.1286651234567901,0.1692656270825003,2,2,0,0
3B030012,여자,50대,서비스 종사자,고졸(대학 재학 포함),부산광역시,2세대가족,기혼,맞벌이 함,200-300만원 미만,0.249895002099958,0.196959360686093,0.0766206872345653,0.1533471359558316,0.0936531464762161,0.1234567901234568,0.234572837531654,1,1,2,0
1F000186,남자,50대,판매 종사자,고졸(대학 재학 포함),광주광역시,1세대가족,기혼,맞벌이 함,400-500만원 미만,0.1524569508609827,0.202806743982068,0.0922396546277772,0.134023464458247,0.0987737501684409,0.1767939814814815,0.158603225376516,1,0,1,0
3H128003,여자,60대 이상,주부,고졸(대학 재학 포함),경기도,1세대가족,기혼,맞벌이 하지 않음,200-300만원 미만,0.1047879042419151,0.1306890166650424,0.111438699940332,0.136783988957902,0.0609082333917261,0.1774691358024691,0.197254431560709,2,2,0,0
3C070007,여자,60대 이상,주부,고졸(대학 재학 포함),인천광역시,1세대가족,기혼,맞벌이 하지 않음,200-300만원 미만,0.120957580848383,0.1238670694864048,0.0926608402653469,0.134023464458247,0.0868481336747069,0.1302083333333333,0.1479408236705318,2,2,0,0
1F000512,남자,60대 이상,판매 종사자,고졸(대학 재학 포함),광주광역시,1세대가족,기혼,맞벌이 함,300-400만원 미만,0.0648887022259554,0.1519345093070851,0.0480853602892141,0.1305728088336784,0.061245115213583,0.1957947530864197,0.1719312275089964,0,0,1,0
4C070120,여자,50대,서비스 종사자,고졸(대학 재학 포함),인천광역시,2세대가족,기혼,맞벌이 함,500-600만원 미만,0.0713985720285594,0.1150959945424422,0.0882734898739953,0.1395445134575569,0.0313973857970623,0.0848765432098765,0.1679328268692523,0,2,1,0
1F000194,남자,50대,사무 종사자,대학교 졸업(전문대졸/대학원생 포함),광주광역시,2세대가족,미혼(사별/이혼 포함),맞벌이 하지 않음,500-600만원 미만,0.1577068458630827,0.1904297826722542,0.0870801305675476,0.1395445134575569,0.0809190136100256,0.1536458333333333,0.2252432360389177,1,1,1,0
1F000526,여자,40대,사무 종사자,고졸(대학 재학 포함),광주광역시,2세대가족,기혼,맞벌이 함,400-500만원 미만,0.1503569928601427,0.1435532599161875,0.0488926327612228,0.1218771566597653,0.0751920226384584,0.1630015432098765,0.2279088364654138,0,0,2,0
1F000201,여자,20대,사무 종사자,대학교 졸업(전문대졸/대학원생 포함),광주광역시,1세대가족,미혼(사별/이혼 포함),맞벌이 하지 않음,300-400만원 미만,0.1648467030659386,0.1774680830328428,0.0920641606121231,0.1450655624568668,0.08455733728608,0.1716820987654321,0.1732640277222444,1,0,1,0
1C000905,여자,40대,사무 종사자,대학교 졸업(전문대졸/대학원생 포함),인천광역시,2세대가족,기혼,맞벌이 함,600-700만원 미만,0.1931961360772784,0.1199688139557548,0.1275490505773753,0.136783988957902,0.1569869289853119,0.1434220679012345,0.0999600159936025,2,2,0,0
1F000204,남자,50대,사무 종사자,고졸(대학 재학 포함),광주광역시,2세대가족,기혼,맞벌이 함,400-500만원 미만,0.1406971860562788,0.1628496247929051,0.0895370467867045,0.136783988957902,0.0800431208731976,0.1094714506172839,0.2332400373184059,0,1,1,0
1A000937,남자,60대 이상,기능원 및 관련 기능 종사자,고졸(대학 재학 포함),서울특별시,1세대가족,기혼,맞벌이 하지 않음,200-300만원 미만,0.2057958840823183,0.1589513692622551,0.0709346811273735,0.134023464458247,0.0906212100795041,0.1060956790123456,0.3065440490470478,1,1,2,0
4C071008,여자,60대 이상,판매 종사자,고졸(대학 재학 포함),인천광역시,1인 가구,미혼(사별/이혼 포함),맞벌이 하지 않음,200-300만원 미만,0.1266274674506509,0.1482311665529675,0.1128075532624337,0.134023464458247,0.0904864573507613,0.1594328703703703,0.1532720245235239,2,0,0,0
4C071012,여자,40대,주부,대학교 졸업(전문대졸/대학원생 포함),인천광역시,2세대가족,기혼,맞벌이 하지 않음,700-800만원 미만,0.116127677446451,0.1365363999610174,0.1256888140114422,0.1423050379572118,0.066230966177065,0.1450617283950617,0.1106224176995868,2,2,0,0
4B037024,남자,60대 이상,판매 종사자,고졸(대학 재학 포함),부산광역시,1세대가족,기혼,맞벌이 하지 않음,200-300만원 미만,0.1346073078538429,0.1423837832569925,0.0646870941700888,0.1450655624568668,0.0777523244845708,0.1341628086419753,0.23723843795815,0,0,2,0
1G000438,여자,60대 이상,서비스 종사자,대학교 졸업(전문대졸/대학원생 포함),울산광역시,1인 가구,미혼(사별/이혼 포함),맞벌이 하지 않음,400-500만원 미만,0.1784964300713985,0.1238670694864048,0.0897476396054894,0.1229813664596273,0.0872523918609351,0.1297260802469136,0.2119152339064374,1,0,1,0
1G000439,여자,50대,서비스 종사자,대학교 졸업(전문대졸/대학원생 포함),울산광역시,2세대가족,기혼,맞벌이 함,400-500만원 미만,0.0573288534229315,0.1716206997368677,0.0857814748517075,0.1395445134575569,0.0608408570273548,0.1273148148148148,0.2132480341196854,0,0,1,0
1G000447,남자,50대,사무 종사자,대학교 졸업(전문대졸/대학원생 포함),울산광역시,2세대가족,기혼,맞벌이 함,400-500만원 미만,0.116127677446451,0.1777604521976415,0.0906953072900214,0.1423050379572118,0.0735076135291739,0.1138117283950617,0.2012528322004531,0,0,1,0
1G000476,여자,30대,사무 종사자,대학교 졸업(전문대졸/대학원생 포함),울산광역시,1세대가족,기혼,맞벌이 함,500-600만원 미만,0.1329273414531709,0.1618750609102426,0.05092836334281,0.1174603174603174,0.0529578223959035,0.1036844135802469,0.2305744368919099,0,0,2,0
1G000506,여자,50대,사무 종사자,대학교 졸업(전문대졸/대학원생 포함),울산광역시,1세대가족,기혼,맞벌이 함,500-600만원 미만,0.0965980680386392,0.1647987525582302,0.0813239268540942,0.1285024154589372,0.0707451825899474,0.1382137345679012,0.2212448353991736,0,0,1,0
1G000513,여자,40대,서비스 종사자,대학교 졸업(전문대졸/대학원생 포함),울산광역시,1세대가족,기혼,맞벌이 함,500-600만원 미만,0.0919781604367912,0.1774680830328428,0.0717419535993822,0.1229813664596273,0.0548443605983021,0.1599151234567901,0.2039184326269492,0,0,1,0
3J235020,여자,60대 이상,판매 종사자,대학교 졸업(전문대졸/대학원생 포함),경상남도,2세대가족,기혼,맞벌이 함,500-600만원 미만,0.2803443931121377,0.1394600916090049,0.0761995015969955,0.136783988957902,0.1020751920226384,0.1611689814814814,0.3535918965747034,1,1,2,0
3J235024,여자,40대,판매 종사자,대학교 졸업(전문대졸/대학원생 포함),경상남도,2세대가족,기혼,맞벌이 함,500-600만원 미만,0.2981940361192776,0.1170451223077672,0.0611070162507458,0.1395445134575569,0.106454655706778,0.1415895061728395,0.3718512594962015,1,1,2,0
1B000522,여자,50대,판매 종사자,고졸(대학 재학 포함),부산광역시,2세대가족,기혼,맞벌이 함,500-600만원 미만,0.2769844603107938,0.1238670694864048,0.0746902530623705,0.1395445134575569,0.0978304810672416,0.1533564814814814,0.3718512594962015,1,1,2,0
1B000523,여자,50대,판매 종사자,고졸(대학 재학 포함),부산광역시,2세대가족,기혼,맞벌이 함,400-500만원 미만,0.2198656026879462,0.1277653250170548,0.0729353129058299,0.1423050379572118,0.0821991645330817,0.1653163580246913,0.3811808609889378,1,1,2,0
1B000530,여자,50대,판매 종사자,고졸(대학 재학 포함),부산광역시,2세대가족,기혼,맞벌이 함,500-600만원 미만,0.2585048299034019,0.1238670694864048,0.0744445614404548,0.1395445134575569,0.0996496429052688,0.1533564814814814,0.3691856590697054,1,1,2,0
1B000540,여자,50대,판매 종사자,고졸(대학 재학 포함),부산광역시,2세대가족,기혼,맞벌이 함,500-600만원 미만,0.252414951700966,0.1209433778384173,0.0649678845951353,0.1423050379572118,0.1007276647352108,0.1413966049382716,0.3625216580034653,1,1,2,0
1B000598,남자,50대,판매 종사자,고졸(대학 재학 포함),부산광역시,2세대가족,기혼,맞벌이 함,400-500만원 미만,0.1877362452750945,0.1172400350842997,0.080060369941385,0.1273982056590752,0.099514890176526,0.1203703703703703,0.3718512594962015,1,1,2,0
4B035029,여자,30대,주부,대학교 졸업(전문대졸/대학원생 포함),부산광역시,2세대가족,기혼,맞벌이 하지 않음,300-400만원 미만,0.2108357832843343,0.1297144527823799,0.077603453722228,0.1450655624568668,0.0996496429052688,0.1290509259259259,0.3745168599226976,1,1,2,0
1C000541,여자,50대,주부,고졸(대학 재학 포함),인천광역시,2세대가족,기혼,맞벌이 하지 않음,700-800만원 미만,0.1087778244435111,0.1126595848357859,0.1070864483521112,0.1278122843340234,0.1090149575528904,0.1822916666666666,0.1759296281487405,2,2,0,0
4G105035,여자,60대 이상,판매 종사자,고졸(대학 재학 포함),울산광역시,2세대가족,기혼,맞벌이 함,400-500만원 미만,0.117597648047039,0.1950102329207679,0.0651784774139201,0.1533471359558316,0.0566635224363293,0.1176697530864197,0.23723843795815,0,1,1,0
4B035058,여자,40대,서비스 종사자,대학교 졸업(전문대졸/대학원생 포함),부산광역시,1세대가족,기혼,맞벌이 함,400-500만원 미만,0.1892062158756824,0.1189942500730922,0.0557368993717314,0.1423050379572118,0.1037596011319229,0.1266396604938272,0.3691856590697054,1,1,2,0
4G105070,남자,50대,서비스 종사자,대학교 졸업(전문대졸/대학원생 포함),울산광역시,1인 가구,기혼,맞벌이 하지 않음,300-400만원 미만,0.125577488450231,0.1647987525582302,0.0832894598294198,0.1395445134575569,0.0613798679423258,0.1729359567901234,0.2572304411568706,0,0,2,0
1C000551,여자,50대,서비스 종사자,고졸(대학 재학 포함),인천광역시,2세대가족,기혼,맞벌이 함,500-600만원 미만,0.1297774044519109,0.1277653250170548,0.1108420202871082,0.1395445134575569,0.1069936666217491,0.1749614197530864,0.1452752232440357,2,2,0,0
1B000581,여자,30대,주부,대학교 졸업(전문대졸/대학원생 포함),부산광역시,2세대가족,기혼,맞벌이 하지 않음,300-400만원 미만,0.1915161696766064,0.1258161972517298,0.0715313607805974,0.1423050379572118,0.0946637919417868,0.144483024691358,0.3775823004131681,1,1,2,0
1C000530,남자,30대,사무 종사자,대학교 졸업(전문대졸/대학원생 포함),인천광역시,1인 가구,미혼(사별/이혼 포함),맞벌이 하지 않음,300-400만원 미만,0.113397732045359,0.1560276776142676,0.0744445614404548,0.1423050379572118,0.0545748551408166,0.1697530864197531,0.2718912435025989,0,0,2,0
3J235036,여자,30대,주부,대학교 졸업(전문대졸/대학원생 포함),경상남도,2세대가족,기혼,맞벌이 하지 않음,300-400만원 미만,0.2221755564888702,0.1258161972517298,0.0753922291249868,0.1423050379572118,0.1028163320307236,0.1377314814814815,0.3775823004131681,1,1,2,0
3J235040,여자,60대 이상,판매 종사자,대학교 졸업(전문대졸/대학원생 포함),경상남도,1세대가족,기혼,맞벌이 함,500-600만원 미만,0.2349853002939941,0.1258161972517298,0.0761995015969955,0.1423050379572118,0.1164937339981134,0.1266396604938272,0.374916699986672,1,1,2,0
3J230006,여자,60대 이상,기능원 및 관련 기능 종사자,고졸(대학 재학 포함),경상남도,2세대가족,기혼,맞벌이 함,500-600만원 미만,0.0692986140277194,0.147256602670305,0.1143168017970587,0.1229813664596273,0.0828729281767955,0.1350308641975308,0.1092896174863388,2,0,0,0
3C070009,여자,60대 이상,주부,고졸(대학 재학 포함),인천광역시,1세대가족,기혼,맞벌이 하지 않음,300-400만원 미만,0.2015959680806384,0.200857616216743,0.0751465375030711,0.136783988957902,0.0646813097965233,0.1864390432098765,0.2185792349726776,1,0,2,0
1C000486,여자,30대,사무 종사자,대학교 졸업(전문대졸/대학원생 포함),인천광역시,2세대가족,기혼,맞벌이 함,600-700만원 미만,0.2223855522889542,0.14920573043563,0.0604050401881295,0.1478260869565217,0.0713515698692898,0.1538387345679012,0.2972144475543116,1,1,2,0
3J230012,여자,30대,전문가 및 관련 종사자,대학교 졸업(전문대졸/대학원생 포함),경상남도,1세대가족,미혼(사별/이혼 포함),맞벌이 하지 않음,400-500만원 미만,0.0692986140277194,0.1589513692622551,0.1080341160366431,0.134023464458247,0.0889368009702196,0.1261574074074074,0.1150206584033053,2,0,0,0
1C000608,여자,40대,주부,대학교 졸업(전문대졸/대학원생 포함),인천광역시,2세대가족,기혼,맞벌이 하지 않음,400-500만원 미만,0.2595548089038219,0.1950102329207679,0.0801656663507774,0.1478260869565217,0.1452634415846921,0.1862461419753086,0.1745968279354924,1,1,2,0
1F000247,여자,60대 이상,서비스 종사자,고졸(대학 재학 포함),광주광역시,2세대가족,기혼,맞벌이 함,"900-1,000만원 미만",0.1299874002519949,0.1280576941818536,0.0818855077041872,0.136783988957902,0.0760679153752863,0.1421682098765432,0.235905637744902,0,0,2,0
3J230015,여자,60대 이상,주부,대학교 졸업(전문대졸/대학원생 포함),경상남도,2세대가족,기혼,맞벌이 하지 않음,300-400만원 미만,0.0608987820243595,0.1443329110223175,0.1043838405110385,0.1312629399585921,0.0633337825090958,0.1369598765432098,0.1390110622417699,2,0,0,0
4C071024,남자,60대 이상,기능원 및 관련 기능 종사자,고졸(대학 재학 포함),인천광역시,1세대가족,기혼,맞벌이 함,500-600만원 미만,0.1841663166736665,0.1072994834811422,0.1034712716296374,0.1285024154589372,0.0894084355208192,0.1630015432098765,0.1332800213248034,2,2,0,0
4C071028,여자,60대 이상,기능원 및 관련 기능 종사자,고졸(대학 재학 포함),인천광역시,1세대가족,기혼,맞벌이 함,400-500만원 미만,0.1894162116757665,0.1833154663288178,0.0945561756344108,0.1395445134575569,0.0880609082333917,0.1863425925925926,0.1723310675729708,1,0,1,0
1F000206,여자,30대,사무 종사자,대학교 졸업(전문대졸/대학원생 포함),광주광역시,1세대가족,기혼,맞벌이 함,400-500만원 미만,0.1549769004619907,0.1521294220836176,0.0840616334982977,0.1312629399585921,0.0571351569869289,0.1230709876543209,0.1323470611755298,0,0,0,0
4I210016,여자,50대,서비스 종사자,고졸(대학 재학 포함),경상북도,1인 가구,미혼(사별/이혼 포함),맞벌이 하지 않음,200-300만원 미만,0.0865182696346073,0.0921937432998733,0.0355550875715138,0.1167701863354037,0.0291065894084355,0.1845100308641975,0.3265360522457683,0,0,1,0
3J230018,여자,50대,주부,대학교 졸업(전문대졸/대학원생 포함),경상남도,2세대가족,기혼,맞벌이 하지 않음,300-400만원 미만,0.0503989920201596,0.1579768053795926,0.1070513495489803,0.1229813664596273,0.0572699097156717,0.1051311728395061,0.1176862588298014,2,0,0,0
1A000731,여자,30대,서비스 종사자,대학교 졸업(전문대졸/대학원생 포함),서울특별시,1인 가구,미혼(사별/이혼 포함),맞벌이 하지 않음,300-400만원 미만,0.1577068458630827,0.1972517298508917,0.0894317503773121,0.1616287094547964,0.0804473790594259,0.2026427469135802,0.2229774756763961,1,0,1,0
1F000230,여자,30대,사무 종사자,대학교 졸업(전문대졸/대학원생 포함),광주광역시,1세대가족,기혼,맞벌이 함,400-500만원 미만,0.1436371272574548,0.1316635805477049,0.115755852725422,0.1478260869565217,0.0460854332300229,0.1599151234567901,0.1683326669332267,2,2,0,0
1C001134,여자,50대,기능원 및 관련 기능 종사자,고졸(대학 재학 포함),인천광역시,2세대가족,기혼,맞벌이 함,600-700만원 미만,0.1675766484670306,0.1638241886755677,0.1034010740233758,0.136783988957902,0.0930467591968737,0.1102430555555555,0.2572304411568706,1,1,1,0
3J230024,여자,50대,사무 종사자,고졸(대학 재학 포함),경상남도,2세대가족,기혼,맞벌이 함,500-600만원 미만,0.0650986980260394,0.1531039859662801,0.1053315081955705,0.1285024154589372,0.0693976553025198,0.1171875,0.1306144208983073,2,0,0,0
4C078022,여자,60대 이상,주부,고졸(대학 재학 포함),인천광역시,1세대가족,기혼,맞벌이 하지 않음,300-400만원 미만,0.0827383452330953,0.1660656856056914,0.0779544417535362,0.1312629399585921,0.0491173696267349,0.0977044753086419,0.256297481007597,0,1,1,0
1A000752,여자,50대,사무 종사자,대학교 졸업(전문대졸/대학원생 포함),서울특별시,2세대가족,미혼(사별/이혼 포함),맞벌이 하지 않음,300-400만원 미만,0.1373372532549349,0.1950102329207679,0.0912919869432452,0.1450655624568668,0.0534968333108745,0.1797839506172839,0.1999200319872051,0,0,1,0
1F000249,여자,50대,사무 종사자,대학교 졸업(전문대졸/대학원생 포함),광주광역시,2세대가족,기혼,맞벌이 함,400-500만원 미만,0.1587568248635027,0.1267907611343923,0.0683724684988242,0.1478260869565217,0.0780892063064277,0.1036844135802469,0.235905637744902,1,1,2,0
3J230027,여자,50대,사무 종사자,고졸(대학 재학 포함),경상남도,2세대가족,기혼,맞벌이 함,600-700만원 미만,0.0608987820243595,0.1725952636195302,0.1026289003544979,0.1312629399585921,0.0633337825090958,0.1147762345679012,0.118619218979075,2,0,0,0
3J230030,여자,50대,사무 종사자,대학교 졸업(전문대졸/대학원생 포함),경상남도,1세대가족,기혼,맞벌이 함,500-600만원 미만,0.0692986140277194,0.1699639411363415,0.0955038433189428,0.1285024154589372,0.0586174370030993,0.1056134259259259,0.1279488204718112,2,0,0,0
1F000262,여자,50대,판매 종사자,고졸(대학 재학 포함),광주광역시,2세대가족,기혼,맞벌이 함,300-400만원 미만,0.1364972700545989,0.1121723028944547,0.0940647923905794,0.1423050379572118,0.0982347392534698,0.1182484567901234,0.15593762495002,2,2,0,0
3J230036,여자,50대,서비스 종사자,고졸(대학 재학 포함),경상남도,2세대가족,기혼,맞벌이 함,500-600만원 미만,0.0650986980260394,0.1725952636195302,0.1004878733635183,0.1312629399585921,0.0675784934644926,0.1003086419753086,0.1363454618152739,2,0,0,0
1F000267,여자,50대,사무 종사자,대학교 졸업(전문대졸/대학원생 포함),광주광역시,2세대가족,미혼(사별/이혼 포함),맞벌이 하지 않음,300-400만원 미만,0.1129777404451911,0.1494980996004288,0.1115439963497244,0.1395445134575569,0.0389435386066567,0.1481481481481481,0.119952019192323,2,2,0,0
3F082024,여자,60대 이상,단순노무 종사자,중졸 이하,광주광역시,1세대가족,기혼,맞벌이 함,400-500만원 미만,0.1364972700545989,0.1287398888997173,0.0937138043592713,0.1505866114561766,0.0541032205902169,0.1401427469135802,0.1439424230307877,2,2,0,0
3B030040,남자,50대,기능원 및 관련 기능 종사자,고졸(대학 재학 포함),부산광역시,1인 가구,미혼(사별/이혼 포함),맞벌이 하지 않음,100-200만원 미만,0.1927761444771104,0.1784426469155053,0.0673195044048998,0.1395445134575569,0.0881956609621344,0.1716820987654321,0.2412368385978942,1,0,2,0
4C071032,여자,60대 이상,기능원 및 관련 기능 종사자,고졸(대학 재학 포함),인천광역시,1세대가족,기혼,맞벌이 하지 않음,300-400만원 미만,0.1845863082738345,0.143358347139655,0.0862728580955389,0.1450655624568668,0.0830076809055383,0.2353395061728395,0.2585632413701186,1,0,2,0
1A001246,여자,40대,서비스 종사자,고졸(대학 재학 포함),서울특별시,1인 가구,미혼(사별/이혼 포함),맞벌이 하지 않음,300-400만원 미만,0.252414951700966,0.1426761524217912,0.0930469270997859,0.1395445134575569,0.1445223015766069,0.121045524691358,0.2638944422231107,1,1,2,0
4C071036,여자,50대,사무 종사자,대학교 졸업(전문대졸/대학원생 포함),인천광역시,2세대가족,기혼,맞벌이 함,500-600만원 미만,0.1864762704745905,0.1365363999610174,0.0672142079955073,0.1395445134575569,0.0584826842743565,0.1547067901234568,0.2216446754631481,1,0,2,0
3B030044,여자,40대,판매 종사자,고졸(대학 재학 포함),부산광역시,2세대가족,기혼,맞벌이 함,400-500만원 미만,0.249895002099958,0.2145015105740181,0.070478396686673,0.1478260869565217,0.097897857431613,0.1631944444444444,0.2399040383846461,1,1,2,0
3A009001,여자,30대,사무 종사자,대학교 졸업(전문대졸/대학원생 포함),서울특별시,1인 가구,미혼(사별/이혼 포함),맞벌이 하지 않음,300-400만원 미만,0.1745065098698026,0.1563200467790663,0.1046295321329542,0.1423050379572118,0.1299690068723891,0.1227816358024691,0.2376382780221245,1,1,0,0
3A009002,여자,30대,사무 종사자,대학교 졸업(전문대졸/대학원생 포함),서울특별시,1세대가족,기혼,맞벌이 함,600-700만원 미만,0.1877362452750945,0.1777604521976415,0.1032957776139833,0.1450655624568668,0.1028837083950949,0.1311728395061728,0.2425696388111422,1,1,1,0
3B030045,여자,50대,기능원 및 관련 기능 종사자,고졸(대학 재학 포함),부산광역시,2세대가족,기혼,맞벌이 함,400-500만원 미만,0.2729945401091978,0.1803917746808303,0.0757432171562949,0.1423050379572118,0.1174370030993127,0.1704282407407407,0.273224043715847,1,1,2,0
4C071048,여자,60대 이상,판매 종사자,고졸(대학 재학 포함),인천광역시,2세대가족,미혼(사별/이혼 포함),맞벌이 하지 않음,400-500만원 미만,0.1629567408651827,0.1277653250170548,0.1071917447615036,0.1478260869565217,0.089543188249562,0.2051504629629629,0.2025856324137012,1,2,1,0
4O156016,여자,50대,서비스 종사자,고졸(대학 재학 포함),강원도,2세대가족,기혼,맞벌이 함,500-600만원 미만,0.1997060058798824,0.1631419939577039,0.0887297743146958,0.1423050379572118,0.1193909176660827,0.1461226851851852,0.2638944422231107,1,1,2,0
1H001100,남자,40대,사무 종사자,대학교 졸업(전문대졸/대학원생 포함),경기도,2세대가족,기혼,맞벌이 함,500-600만원 미만,0.119487610247795,0.1253289153103986,0.0755677231406409,0.1416149068322981,0.0821317881687104,0.1936728395061728,0.1892576302812208,0,0,1,0
3G101035,남자,30대,기능원 및 관련 기능 종사자,대학교 졸업(전문대졸/대학원생 포함),울산광역시,1세대가족,기혼,맞벌이 함,700-800만원 미만,0.1591768164636707,0.1735698275021927,0.0803060615633007,0.1423050379572118,0.0751920226384584,0.1237461419753086,0.2696254831400773,1,1,1,0
1H001184,여자,60대 이상,판매 종사자,고졸(대학 재학 포함),경기도,1세대가족,기혼,맞벌이 함,400-500만원 미만,0.1623267534649307,0.1716206997368677,0.0996104032852479,0.1423050379572118,0.0719579571486322,0.1861496913580247,0.1909902705584433,1,0,1,0
1F000294,여자,60대 이상,단순노무 종사자,고졸(대학 재학 포함),광주광역시,1인 가구,미혼(사별/이혼 포함),맞벌이 하지 않음,100-200만원 미만,0.1581268374632507,0.1228925056037423,0.1272682601523288,0.1478260869565217,0.0527556933027893,0.1080246913580247,0.117286418765827,2,2,0,0
3G103012,여자,60대 이상,서비스 종사자,고졸(대학 재학 포함),울산광역시,1세대가족,기혼,맞벌이 함,400-500만원 미만,0.2198656026879462,0.2018321800994055,0.0920641606121231,0.1450655624568668,0.1011992992858105,0.1224922839506172,0.23723843795815,1,1,2,0
4C066032,여자,50대,주부,대학교 졸업(전문대졸/대학원생 포함),인천광역시,1세대가족,기혼,맞벌이 하지 않음,400-500만원 미만,0.1364972700545989,0.1806841438456291,0.0361517672247376,0.134023464458247,0.0451421641288236,0.1661844135802469,0.23723843795815,0,0,1,0
3G101005,남자,60대 이상,기능원 및 관련 기능 종사자,고졸(대학 재학 포함),울산광역시,1세대가족,기혼,맞벌이 하지 않음,300-400만원 미만,0.1860562788744225,0.1833154663288178,0.0796040855006844,0.136783988957902,0.0833445627273952,0.1221064814814814,0.23723843795815,1,1,1,0
1C000909,여자,50대,판매 종사자,대학교 졸업(전문대졸/대학원생 포함),인천광역시,2세대가족,기혼,맞벌이 함,700-800만원 미만,0.1501469970600588,0.1428710651983237,0.1234775894142009,0.1416149068322981,0.1562457889772268,0.1363811728395061,0.1359456217512994,2,2,0,0
4A018011,여자,30대,사무 종사자,대학교 졸업(전문대졸/대학원생 포함),서울특별시,1인 가구,미혼(사별/이혼 포함),맞벌이 하지 않음,300-400만원 미만,0.1104577908441831,0.1365363999610174,0.0712856691586816,0.1423050379572118,0.0445357768494812,0.1012731481481481,0.3158736505397841,0,1,1,0
4A018015,여자,60대 이상,서비스 종사자,대학교 졸업(전문대졸/대학원생 포함),서울특별시,1세대가족,기혼,맞벌이 함,600-700만원 미만,0.0911381772364552,0.1131468667771172,0.0659155522796672,0.136783988957902,0.0527556933027893,0.0954861111111111,0.3278688524590164,0,1,1,0
4B030022,여자,50대,판매 종사자,고졸(대학 재학 포함),부산광역시,2세대가족,기혼,맞벌이 함,300-400만원 미만,0.2582948341033179,0.1550531137316051,0.0717068547962514,0.1505866114561766,0.1026142029376094,0.1234567901234568,0.3025456484073037,1,1,2,0
4B030011,여자,40대,판매 종사자,대학교 졸업(전문대졸/대학원생 포함),부산광역시,2세대가족,기혼,맞벌이 함,400-500만원 미만,0.2286854262914741,0.1940356690381054,0.0490681267768769,0.134023464458247,0.0747203880878587,0.1109182098765432,0.2199120351859256,1,1,1,0
1C000917,여자,30대,주부,대학교 졸업(전문대졸/대학원생 포함),인천광역시,1세대가족,기혼,맞벌이 하지 않음,400-500만원 미만,0.1675766484670306,0.1183120553552285,0.1256888140114422,0.1257418909592822,0.1550330144185419,0.1237461419753086,0.1052912168465947,2,2,0,0
3B030032,여자,30대,판매 종사자,대학교 졸업(전문대졸/대학원생 포함),부산광역시,3세대가족,기혼,맞벌이 함,400-500만원 미만,0.2526249475010499,0.2232725855179807,0.0740935734091467,0.1505866114561766,0.08846516641962,0.1167052469135802,0.235905637744902,1,1,2,0
4H124010,여자,40대,사무 종사자,대학교 졸업(전문대졸/대학원생 포함),경기도,2세대가족,기혼,맞벌이 함,600-700만원 미만,0.1406971860562788,0.1686970080888802,0.0953985469095504,0.1285024154589372,0.0883304136908772,0.1198881172839506,0.2545648407303745,1,1,1,0
4H124014,여자,40대,사무 종사자,대학교 졸업(전문대졸/대학원생 포함),경기도,2세대가족,기혼,맞벌이 함,600-700만원 미만,0.1728265434691306,0.1326381444303674,0.091888666596469,0.134023464458247,0.0985042447109553,0.1215277777777777,0.274556843929095,1,1,2,0
1C000918,여자,60대 이상,주부,고졸(대학 재학 포함),인천광역시,1세대가족,기혼,맞벌이 하지 않음,300-400만원 미만,0.1440571188576228,0.1219179417210798,0.1294443859464392,0.1395445134575569,0.1864304002156043,0.1521026234567901,0.1026256164200986,2,2,0,0
3L199010,남자,40대,판매 종사자,대학교 졸업(전문대졸/대학원생 포함),전라남도,2세대가족,기혼,맞벌이 함,400-500만원 미만,0.1308273834523309,0.1314686677711724,0.0857463760485767,0.1360938578329882,0.0770111844764856,0.1741898148148148,0.2403038784486205,0,0,1,0
4L200007,여자,60대 이상,주부,중졸 이하,전라남도,1세대가족,기혼,맞벌이 하지 않음,200-300만원 미만,0.1690466190676186,0.1290322580645161,0.1123161700186023,0.1423050379572118,0.0771459372052284,0.134645061728395,0.1212848194055711,2,2,0,0
4H124018,여자,40대,사무 종사자,대학교 졸업(전문대졸/대학원생 포함),경기도,2세대가족,기혼,맞벌이 함,500-600만원 미만,0.2001259974800504,0.1609004970275801,0.065213576217051,0.1395445134575569,0.0852984772941652,0.1012731481481481,0.3002798880447821,1,1,2,0
4L200008,여자,50대,판매 종사자,고졸(대학 재학 포함),전라남도,1인 가구,미혼(사별/이혼 포함),맞벌이 하지 않음,100-200만원 미만,0.1272574548509029,0.123184874768541,0.0986276367975852,0.136783988957902,0.0556528769707586,0.1345486111111111,0.1639344262295082,2,2,0,0
4H124026,여자,50대,사무 종사자,대학교 졸업(전문대졸/대학원생 포함),경기도,2세대가족,기혼,맞벌이 함,500-600만원 미만,0.2015959680806384,0.1540785498489426,0.0822364957354954,0.1395445134575569,0.1016709338364101,0.1176697530864197,0.3096094895375184,1,1,2,0
3L199005,남자,60대 이상,단순노무 종사자,고졸(대학 재학 포함),전라남도,1세대가족,기혼,맞벌이 함,200-300만원 미만,0.0293994120117597,0.1451125621284475,0.0822364957354954,0.1388543823326432,0.0619862552216682,0.1967592592592592,0.1905904304944689,0,0,1,0
4L200009,여자,60대 이상,농림어업 숙련 종사자,중졸 이하,전라남도,1세대가족,기혼,맞벌이 함,300-400만원 미만,0.1493070138597228,0.1290322580645161,0.1125969604436488,0.1285024154589372,0.0522840587521897,0.1242283950617284,0.1212848194055711,2,2,0,0
4L200010,여자,60대 이상,농림어업 숙련 종사자,중졸 이하,전라남도,1인 가구,미혼(사별/이혼 포함),맞벌이 하지 않음,100-200만원 미만,0.127047459050819,0.1436507163044537,0.0870450317644168,0.1285024154589372,0.0481741005255356,0.1343557098765432,0.1652672264427562,0,0,0,0
1A000653,여자,50대,주부,고졸(대학 재학 포함),서울특별시,1세대가족,기혼,맞벌이 하지 않음,400-500만원 미만,0.1052078958420831,0.1647987525582302,0.1000666877259485,0.1395445134575569,0.0787629699501415,0.1725501543209876,0.2025856324137012,0,0,1,0
1A000676,남자,30대,서비스 종사자,대학교 졸업(전문대졸/대학원생 포함),서울특별시,1인 가구,미혼(사별/이혼 포함),맞벌이 하지 않음,200-300만원 미만,0.1577068458630827,0.1777604521976415,0.0551051209153767,0.1588681849551414,0.0762026681040291,0.2082368827160494,0.2305744368919099,0,0,2,0
1A000681,여자,60대 이상,서비스 종사자,대학교 졸업(전문대졸/대학원생 포함),서울특별시,2세대가족,기혼,맞벌이 함,800-900만원 미만,0.1499370012599748,0.1599259331449176,0.1056824962268786,0.1285024154589372,0.0963482010510712,0.1917438271604938,0.2229774756763961,1,0,1,0
1A000688,남자,30대,사무 종사자,대학교 졸업(전문대졸/대학원생 포함),서울특별시,1인 가구,미혼(사별/이혼 포함),맞벌이 하지 않음,300-400만원 미만,0.1463670726585468,0.1602183023097164,0.0708995823242427,0.1561076604554865,0.0907559628082468,0.189332561728395,0.2029854724776756,1,0,1,0
1A000694,여자,60대 이상,단순노무 종사자,고졸(대학 재학 포함),서울특별시,2세대가족,기혼,맞벌이 함,"900-1,000만원 미만",0.1377572448551028,0.1599259331449176,0.10919237653996,0.1478260869565217,0.0792346045007411,0.1790123456790123,0.195921631347461,2,0,1,0
1A000715,여자,30대,사무 종사자,대학교 졸업(전문대졸/대학원생 포함),서울특별시,1세대가족,기혼,맞벌이 함,500-600만원 미만,0.1755564888702226,0.1436507163044537,0.0698466182303183,0.1478260869565217,0.1021425683870098,0.1807484567901234,0.2296414767426363,1,0,1,0
1A000744,남자,30대,사무 종사자,대학교 졸업(전문대졸/대학원생 포함),서울특별시,1인 가구,미혼(사별/이혼 포함),맞벌이 하지 않음,300-400만원 미만,0.1440571188576228,0.1933534743202417,0.055807096977993,0.1561076604554865,0.0812558954318824,0.1720679012345679,0.1865920298547247,0,0,1,0
1A000748,여자,60대 이상,주부,고졸(대학 재학 포함),서울특별시,1세대가족,기혼,맞벌이 하지 않음,200-300만원 미만,0.119907601847963,0.1803917746808303,0.0929416306903934,0.1423050379572118,0.0790998517719983,0.1812307098765432,0.1825936292149806,0,0,1,0
1A000759,여자,40대,주부,고졸(대학 재학 포함),서울특별시,2세대가족,기혼,맞벌이 하지 않음,300-400만원 미만,0.1713565728685426,0.1764935191501803,0.0848689059703064,0.1561076604554865,0.0852984772941652,0.1916473765432098,0.2389710782353725,1,0,1,0
1A000774,여자,60대 이상,판매 종사자,고졸(대학 재학 포함),서울특별시,1인 가구,미혼(사별/이혼 포함),맞벌이 하지 않음,100-200만원 미만,0.1392272154556909,0.1511548582009551,0.0730055105120915,0.1450655624568668,0.1007950410995822,0.1619405864197531,0.181660669065707,0,0,1,0
1A000779,여자,30대,사무 종사자,대학교 졸업(전문대졸/대학원생 포함),서울특별시,1세대가족,기혼,맞벌이 함,500-600만원 미만,0.1440571188576228,0.1602183023097164,0.0596679653223825,0.1588681849551414,0.0947311683061581,0.1515239197530864,0.2159136345461815,0,0,1,0
1O000456,남자,40대,서비스 종사자,고졸(대학 재학 포함),강원도,1인 가구,미혼(사별/이혼 포함),맞벌이 하지 않음,400-500만원 미만,0.0972280554388912,0.1197739011792223,0.1013653434417886,0.1195307108350586,0.0916992319094461,0.1618441358024691,0.1226176196188191,2,2,0,0
3P244028,여자,50대,서비스 종사자,고졸(대학 재학 포함),제주특별자치도,2세대가족,기혼,맞벌이 함,500-600만원 미만,0.1446871062578748,0.116557840366436,0.0853953880172686,0.1388543823326432,0.0520145532947042,0.1579861111111111,0.2243102758896441,0,2,2,0
3P244032,여자,20대,서비스 종사자,대학교 졸업(전문대졸/대학원생 포함),제주특별자치도,1인 가구,미혼(사별/이혼 포함),맞벌이 하지 않음,100-200만원 미만,0.0915581688366232,0.1199688139557548,0.0757783159594257,0.1312629399585921,0.0415038404527691,0.152295524691358,0.2199120351859256,0,0,2,0
4P244006,남자,50대,단순노무 종사자,고졸(대학 재학 포함),제주특별자치도,1인 가구,미혼(사별/이혼 포함),맞벌이 하지 않음,200-300만원 미만,0.0482990340193196,0.1149010817659097,0.0596679653223825,0.1250517598343685,0.0471634550599649,0.2152777777777778,0.2092496334799413,0,0,1,0
3P244036,여자,50대,서비스 종사자,고졸(대학 재학 포함),제주특별자치도,2세대가족,미혼(사별/이혼 포함),맞벌이 하지 않음,200-300만원 미만,0.1518269634607308,0.1672351622648864,0.0697062230177951,0.1167701863354037,0.0785608408570273,0.1318479938271604,0.1519392243102759,0,0,1,0
4P244014,여자,50대,서비스 종사자,대학교 졸업(전문대졸/대학원생 포함),제주특별자치도,2세대가족,기혼,맞벌이 함,500-600만원 미만,0.0963880722385552,0.1696715719715427,0.0859569688673616,0.1450655624568668,0.0881956609621344,0.15625,0.1919232307077169,0,0,1,0
