id,gender,age,job,education,region,household,marriage,income_status,income_month,cluster,brand_loyalty_scaled,cooking_convenience_scaled,health_orientation_scaled,hmr_preference_scaled,premium_orientation_scaled,price_sensitivity_scaled,variety_seeking_scaled,label,Description
1,남자,30대,사무 종사자,대학교 졸업(전문대졸/대학원생 포함),경상북도,1세대가족,기혼,맞벌이 함,500-600만원 미만,0,0.208955223880597,0.4295377677564825,0.5343511450381679,0.6983349657198823,0.2866449511400651,0.2290871225269004,0.5260869565217392,실속형 미식가,편리성을 중시하면서도 새로운 맛과 제품을 시도하는 데 적극적인 소비자 그룹입니다. 가격에 민감하기보다는 효율성과 맛을 동시에 추구합니다.
2,남자,30대,사무 종사자,대학교 졸업(전문대졸/대학원생 포함),서울특별시,1세대가족,기혼,맞벌이 함,600-700만원 미만,1,0.1194029850746268,0.6429913566328448,0.668484187568157,0.9020568070519096,0.355700325732899,0.4026379729260674,0.4217391304347826,건강 추구형 소비자,가격이나 브랜드에 크게 구애받지 않고 건강을 최우선으로 고려하는 프리미엄 소비자 그룹입니다. 건강과 편리성을 모두 만족시키는 제품에 기꺼이 지갑을 엽니다.
3,남자,30대,사무 종사자,대학교 졸업(전문대졸/대학원생 포함),세종특별자치시,1세대가족,기혼,맞벌이 함,400-500만원 미만,3,0.8529850746268656,0.8684704998121007,0.1022355507088331,0.9020568070519096,0.3755700325732899,0.4873307879208608,0.3217391304347826,트렌드 주도형 소비자,"자신의 취향과 경험을 중시하는 소비자 그룹입니다. 단순히 배를 채우는 것 이상의 가치를 추구하며, 새로운 제품을 가장 먼저 경험하고 공유하려는 경향이 강합니다"
4,남자,30대,사무 종사자,대학교 졸업(전문대졸/대학원생 포함),충청남도,1인 가구,미혼(사별/이혼 포함),맞벌이 하지 않음,200-300만원 미만,0,0.380597014925373,0.5772266065388951,0.1916575790621592,0.7796278158667971,0.3420195439739414,0.1457827143353002,0.3565217391304348,실속형 미식가,편리성을 중시하면서도 새로운 맛과 제품을 시도하는 데 적극적인 소비자 그룹입니다. 가격에 민감하기보다는 효율성과 맛을 동시에 추구합니다.
5,남자,30대,사무 종사자,대학교 졸업(전문대졸/대학원생 포함),충청남도,1인 가구,미혼(사별/이혼 포함),맞벌이 하지 않음,200-300만원 미만,0,0.3082089552238805,0.6373543780533634,0.2677208287895311,0.7796278158667971,0.2615635179153094,0.1492537313432836,0.2521739130434782,실속형 미식가,편리성을 중시하면서도 새로운 맛과 제품을 시도하는 데 적극적인 소비자 그룹입니다. 가격에 민감하기보다는 효율성과 맛을 동시에 추구합니다.
6,남자,30대,서비스 종사자,대학교 졸업(전문대졸/대학원생 포함),강원도,1인 가구,미혼(사별/이혼 포함),맞벌이 하지 않음,400-500만원 미만,0,0.1902985074626865,0.4400601277715145,0.5152671755725191,0.8628795298726737,0.2892508143322475,0.397084345713294,0.4534782608695653,실속형 미식가,편리성을 중시하면서도 새로운 맛과 제품을 시도하는 데 적극적인 소비자 그룹입니다. 가격에 민감하기보다는 효율성과 맛을 동시에 추구합니다.
7,남자,30대,전문가 및 관련 종사자,대학원 졸업 이상,부산광역시,1인 가구,미혼(사별/이혼 포함),맞벌이 하지 않음,300-400만원 미만,0,0.3044776119402984,0.5077038707252912,0.40567066521265,0.8432908912830557,0.3309446254071661,0.3849357861853523,0.5608695652173913,실속형 미식가,편리성을 중시하면서도 새로운 맛과 제품을 시도하는 데 적극적인 소비자 그룹입니다. 가격에 민감하기보다는 효율성과 맛을 동시에 추구합니다.
8,남자,30대,사무 종사자,대학교 졸업(전문대졸/대학원생 포함),경기도,1인 가구,미혼(사별/이혼 포함),맞벌이 하지 않음,300-400만원 미만,0,0.3082089552238805,0.5107102593010147,0.1690294438386041,0.701273261508325,0.3429967426710098,0.1190558833738285,0.3795652173913044,실속형 미식가,편리성을 중시하면서도 새로운 맛과 제품을 시도하는 데 적극적인 소비자 그룹입니다. 가격에 민감하기보다는 효율성과 맛을 동시에 추구합니다.
9,남자,30대,판매 종사자,고졸(대학 재학 포함),서울특별시,1인 가구,미혼(사별/이혼 포함),맞벌이 하지 않음,200-300만원 미만,1,0.5373134328358209,0.5152198421645998,0.5482551799345693,0.8628795298726737,0.50814332247557,0.3675807011454356,0.1926086956521739,건강 추구형 소비자,가격이나 브랜드에 크게 구애받지 않고 건강을 최우선으로 고려하는 프리미엄 소비자 그룹입니다. 건강과 편리성을 모두 만족시키는 제품에 기꺼이 지갑을 엽니다.
10,남자,30대,서비스 종사자,대학교 졸업(전문대졸/대학원생 포함),전라북도,1인 가구,미혼(사별/이혼 포함),맞벌이 하지 않음,200-300만원 미만,1,0.3104477611940298,0.3987222848553175,0.5959651035986914,0.8628795298726737,0.6794788273615635,0.5019090593543908,0.3608695652173913,건강 추구형 소비자,가격이나 브랜드에 크게 구애받지 않고 건강을 최우선으로 고려하는 프리미엄 소비자 그룹입니다. 건강과 편리성을 모두 만족시키는 제품에 기꺼이 지갑을 엽니다.
11,남자,30대,사무 종사자,대학교 졸업(전문대졸/대학원생 포함),강원도,1인 가구,미혼(사별/이혼 포함),맞벌이 하지 않음,400-500만원 미만,3,0.5656716417910447,0.5652010522360016,0.4397491821155943,0.8628795298726737,0.5306188925081434,0.4088858035404373,0.4869565217391305,트렌드 주도형 소비자,"자신의 취향과 경험을 중시하는 소비자 그룹입니다. 단순히 배를 채우는 것 이상의 가치를 추구하며, 새로운 제품을 가장 먼저 경험하고 공유하려는 경향이 강합니다"
12,남자,30대,사무 종사자,대학교 졸업(전문대졸/대학원생 포함),전라북도,1인 가구,미혼(사별/이혼 포함),맞벌이 하지 않음,200-300만원 미만,3,0.6253731343283581,0.4400601277715145,0.2393675027262814,0.7453476983349656,0.317915309446254,0.2651856994099272,0.6621739130434784,트렌드 주도형 소비자,"자신의 취향과 경험을 중시하는 소비자 그룹입니다. 단순히 배를 채우는 것 이상의 가치를 추구하며, 새로운 제품을 가장 먼저 경험하고 공유하려는 경향이 강합니다"
13,남자,30대,기능원 및 관련 기능 종사자,고졸(대학 재학 포함),울산광역시,1인 가구,미혼(사별/이혼 포함),맞벌이 하지 않음,300-400만원 미만,3,0.8813432835820894,0.6629086809470124,0.5013631406761176,0.9020568070519096,0.6495114006514658,0.3509198195071155,0.5665217391304349,트렌드 주도형 소비자,"자신의 취향과 경험을 중시하는 소비자 그룹입니다. 단순히 배를 채우는 것 이상의 가치를 추구하며, 새로운 제품을 가장 먼저 경험하고 공유하려는 경향이 강합니다"
14,남자,30대,서비스 종사자,대학교 졸업(전문대졸/대학원생 포함),전라북도,2세대가족,기혼,맞벌이 하지 않음,500-600만원 미만,3,0.526865671641791,0.8759864712514092,0.5989640130861504,0.9412340842311456,0.5299674267100977,0.379382158972579,0.5130434782608696,트렌드 주도형 소비자,"자신의 취향과 경험을 중시하는 소비자 그룹입니다. 단순히 배를 채우는 것 이상의 가치를 추구하며, 새로운 제품을 가장 먼저 경험하고 공유하려는 경향이 강합니다"
15,여자,30대,사무 종사자,대학교 졸업(전문대졸/대학원생 포함),서울특별시,1세대가족,기혼,맞벌이 함,700-800만원 미만,0,0.4276119402985074,0.6505073280721533,0.0381679389312977,0.7815866797257591,0.2241042345276873,0.469975702880944,0.5260869565217392,실속형 미식가,편리성을 중시하면서도 새로운 맛과 제품을 시도하는 데 적극적인 소비자 그룹입니다. 가격에 민감하기보다는 효율성과 맛을 동시에 추구합니다.
16,여자,30대,사무 종사자,대학교 졸업(전문대졸/대학원생 포함),서울특별시,1세대가족,기혼,맞벌이 함,700-800만원 미만,0,0.1850746268656715,0.5189778278842541,0.3508724100327153,0.8432908912830557,0.1990228013029316,0.1874349184311003,0.7608695652173915,실속형 미식가,편리성을 중시하면서도 새로운 맛과 제품을 시도하는 데 적극적인 소비자 그룹입니다. 가격에 민감하기보다는 효율성과 맛을 동시에 추구합니다.
17,여자,30대,주부,대학교 졸업(전문대졸/대학원생 포함),대구광역시,1세대가족,기혼,맞벌이 하지 않음,300-400만원 미만,0,0.3552238805970149,0.6054114994363021,0.3206106870229007,0.8041136141038197,0.2462540716612378,0.4574800416522041,0.1217391304347826,실속형 미식가,편리성을 중시하면서도 새로운 맛과 제품을 시도하는 데 적극적인 소비자 그룹입니다. 가격에 민감하기보다는 효율성과 맛을 동시에 추구합니다.
18,여자,30대,사무 종사자,대학교 졸업(전문대졸/대학원생 포함),광주광역시,1세대가족,기혼,맞벌이 함,400-500만원 미만,0,0.4910447761194028,0.5264937993235626,0.4048527808069792,0.7845249755142016,0.2306188925081433,0.2693509198195071,0.1882608695652174,실속형 미식가,편리성을 중시하면서도 새로운 맛과 제품을 시도하는 데 적극적인 소비자 그룹입니다. 가격에 민감하기보다는 효율성과 맛을 동시에 추구합니다.
19,여자,30대,사무 종사자,고졸(대학 재학 포함),충청북도,1세대가족,기혼,맞벌이 함,500-600만원 미만,0,0.4776119402985074,0.5866215708380308,0.2096510359869138,0.8237022526934379,0.3192182410423453,0.1388406803193335,0.2521739130434782,실속형 미식가,편리성을 중시하면서도 새로운 맛과 제품을 시도하는 데 적극적인 소비자 그룹입니다. 가격에 민감하기보다는 효율성과 맛을 동시에 추구합니다.
20,여자,30대,사무 종사자,대학교 졸업(전문대졸/대학원생 포함),경기도,1세대가족,기혼,맞벌이 함,600-700만원 미만,1,0.253731343283582,0.3987222848553175,0.5430752453653216,0.8628795298726737,0.4091205211726384,0.3203748698368622,0.491304347826087,건강 추구형 소비자,가격이나 브랜드에 크게 구애받지 않고 건강을 최우선으로 고려하는 프리미엄 소비자 그룹입니다. 건강과 편리성을 모두 만족시키는 제품에 기꺼이 지갑을 엽니다.
21,여자,30대,전문가 및 관련 종사자,대학교 졸업(전문대졸/대학원생 포함),경상남도,1세대가족,미혼(사별/이혼 포함),맞벌이 하지 않음,400-500만원 미만,1,0.1865671641791044,0.5527996993611424,0.5910577971646674,0.8041136141038197,0.3843648208469056,0.2804581742450538,0.1317391304347826,건강 추구형 소비자,가격이나 브랜드에 크게 구애받지 않고 건강을 최우선으로 고려하는 프리미엄 소비자 그룹입니다. 건강과 편리성을 모두 만족시키는 제품에 기꺼이 지갑을 엽니다.
22,여자,30대,주부,대학교 졸업(전문대졸/대학원생 포함),인천광역시,1세대가족,기혼,맞벌이 하지 않음,400-500만원 미만,1,0.8029850746268656,0.3799323562570462,0.7085605234460196,0.7649363369245838,0.8986970684039087,0.2960777507809788,0.091304347826087,건강 추구형 소비자,가격이나 브랜드에 크게 구애받지 않고 건강을 최우선으로 고려하는 프리미엄 소비자 그룹입니다. 건강과 편리성을 모두 만족시키는 제품에 기꺼이 지갑을 엽니다.
23,여자,30대,사무 종사자,대학교 졸업(전문대졸/대학원생 포함),경기도,1세대가족,기혼,맞벌이 함,700-800만원 미만,1,0.698507462686567,0.3528748590755355,0.6101417666303162,0.681684622918707,0.714983713355049,0.1936827490454703,0.1434782608695652,건강 추구형 소비자,가격이나 브랜드에 크게 구애받지 않고 건강을 최우선으로 고려하는 프리미엄 소비자 그룹입니다. 건강과 편리성을 모두 만족시키는 제품에 기꺼이 지갑을 엽니다.
24,여자,30대,사무 종사자,대학교 졸업(전문대졸/대학원생 포함),인천광역시,1세대가족,기혼,맞벌이 함,700-800만원 미만,1,0.2962686567164179,0.391206313416009,0.7227371864776445,0.8628795298726737,0.2205211726384365,0.194376952447067,0.2782608695652174,건강 추구형 소비자,가격이나 브랜드에 크게 구애받지 않고 건강을 최우선으로 고려하는 프리미엄 소비자 그룹입니다. 건강과 편리성을 모두 만족시키는 제품에 기꺼이 지갑을 엽니다.
25,여자,30대,사무 종사자,대학교 졸업(전문대졸/대학원생 포함),경기도,1세대가족,기혼,맞벌이 함,600-700만원 미만,1,0.1962686567164178,0.447576099210823,0.7584514721919303,0.9020568070519096,0.4501628664495114,0.3509198195071155,0.5086956521739131,건강 추구형 소비자,가격이나 브랜드에 크게 구애받지 않고 건강을 최우선으로 고려하는 프리미엄 소비자 그룹입니다. 건강과 편리성을 모두 만족시키는 제품에 기꺼이 지갑을 엽니다.
26,여자,30대,사무 종사자,대학교 졸업(전문대졸/대학원생 포함),경상북도,1세대가족,기혼,맞벌이 함,700-800만원 미만,3,0.4761194029850745,0.4024802705749717,0.3974918211559433,0.7453476983349656,0.4000000000000001,0.3030197847969456,0.4869565217391305,트렌드 주도형 소비자,"자신의 취향과 경험을 중시하는 소비자 그룹입니다. 단순히 배를 채우는 것 이상의 가치를 추구하며, 새로운 제품을 가장 먼저 경험하고 공유하려는 경향이 강합니다"
27,여자,30대,사무 종사자,대학교 졸업(전문대졸/대학원생 포함),강원도,1세대가족,기혼,맞벌이 함,500-600만원 미만,3,0.8238805970149253,0.5753476136790681,0.5040894220283533,0.9216454456415276,0.6120521172638437,0.3956959389101007,0.6782608695652174,트렌드 주도형 소비자,"자신의 취향과 경험을 중시하는 소비자 그룹입니다. 단순히 배를 채우는 것 이상의 가치를 추구하며, 새로운 제품을 가장 먼저 경험하고 공유하려는 경향이 강합니다"
28,여자,30대,판매 종사자,대학교 졸업(전문대졸/대학원생 포함),서울특별시,1세대가족,기혼,맞벌이 함,600-700만원 미만,3,0.7201492537313432,0.503945885005637,0.5065430752453653,0.9216454456415276,0.5791530944625408,0.3922249219021173,0.6621739130434784,트렌드 주도형 소비자,"자신의 취향과 경험을 중시하는 소비자 그룹입니다. 단순히 배를 채우는 것 이상의 가치를 추구하며, 새로운 제품을 가장 먼저 경험하고 공유하려는 경향이 강합니다"
29,여자,30대,사무 종사자,대학교 졸업(전문대졸/대학원생 포함),서울특별시,1세대가족,기혼,맞벌이 함,600-700만원 미만,3,0.6074626865671642,0.6253288237504698,0.5542529989094874,0.8824681684622917,0.4517915309446254,0.2985074626865671,0.5478260869565217,트렌드 주도형 소비자,"자신의 취향과 경험을 중시하는 소비자 그룹입니다. 단순히 배를 채우는 것 이상의 가치를 추구하며, 새로운 제품을 가장 먼저 경험하고 공유하려는 경향이 강합니다"
30,여자,30대,주부,대학교 졸업(전문대졸/대학원생 포함),부산광역시,1세대가족,기혼,맞벌이 하지 않음,300-400만원 미만,3,0.7656716417910446,0.644118752348741,0.3197928026172301,0.8432908912830557,0.3439739413680781,0.3627212773342589,0.7230434782608697,트렌드 주도형 소비자,"자신의 취향과 경험을 중시하는 소비자 그룹입니다. 단순히 배를 채우는 것 이상의 가치를 추구하며, 새로운 제품을 가장 먼저 경험하고 공유하려는 경향이 강합니다"
31,여자,30대,사무 종사자,대학원 졸업 이상,부산광역시,1인 가구,미혼(사별/이혼 포함),맞벌이 하지 않음,200-300만원 미만,0,0.4798507462686567,0.5678316422397595,0.3535986913849509,0.8628795298726737,0.3201954397394136,0.3457132939951405,0.3478260869565217,실속형 미식가,편리성을 중시하면서도 새로운 맛과 제품을 시도하는 데 적극적인 소비자 그룹입니다. 가격에 민감하기보다는 효율성과 맛을 동시에 추구합니다.
32,여자,30대,사무 종사자,대학교 졸업(전문대졸/대학원생 포함),충청남도,1인 가구,미혼(사별/이혼 포함),맞벌이 하지 않음,300-400만원 미만,0,0.253731343283582,0.7820368282600526,0.3893129770992366,0.9216454456415276,0.2019543973941368,0.226657410621312,0.3969565217391305,실속형 미식가,편리성을 중시하면서도 새로운 맛과 제품을 시도하는 데 적극적인 소비자 그룹입니다. 가격에 민감하기보다는 효율성과 맛을 동시에 추구합니다.
33,여자,30대,사무 종사자,대학교 졸업(전문대졸/대학원생 포함),울산광역시,1인 가구,미혼(사별/이혼 포함),맞벌이 하지 않음,200-300만원 미만,0,0.3955223880597013,0.503945885005637,0.23773173391494,0.9412340842311456,0.2247557003257329,0.194376952447067,0.6652173913043478,실속형 미식가,편리성을 중시하면서도 새로운 맛과 제품을 시도하는 데 적극적인 소비자 그룹입니다. 가격에 민감하기보다는 효율성과 맛을 동시에 추구합니다.
34,여자,30대,사무 종사자,대학교 졸업(전문대졸/대학원생 포함),대전광역시,1인 가구,미혼(사별/이혼 포함),맞벌이 하지 않음,200-300만원 미만,0,0.4477611940298506,0.5358887636226982,0.2622682660850599,0.7600391772771791,0.4146579804560261,0.2082610204790003,0.2826086956521739,실속형 미식가,편리성을 중시하면서도 새로운 맛과 제품을 시도하는 데 적극적인 소비자 그룹입니다. 가격에 민감하기보다는 효율성과 맛을 동시에 추구합니다.
35,여자,30대,서비스 종사자,대학교 졸업(전문대졸/대학원생 포함),대구광역시,1인 가구,미혼(사별/이혼 포함),맞벌이 하지 않음,200-300만원 미만,0,0.1119402985074626,0.5546786922209695,0.1207742639040349,0.7600391772771791,0.1824104234527687,0.3873654980909405,0.3782608695652174,실속형 미식가,편리성을 중시하면서도 새로운 맛과 제품을 시도하는 데 적극적인 소비자 그룹입니다. 가격에 민감하기보다는 효율성과 맛을 동시에 추구합니다.
36,여자,30대,사무 종사자,대학교 졸업(전문대졸/대학원생 포함),전라북도,1인 가구,미혼(사별/이혼 포함),맞벌이 하지 않음,200-300만원 미만,1,0.5343283582089552,0.4438181134911687,0.7181025081788439,0.9216454456415276,0.6338762214983714,0.3203748698368622,0.3434782608695652,건강 추구형 소비자,가격이나 브랜드에 크게 구애받지 않고 건강을 최우선으로 고려하는 프리미엄 소비자 그룹입니다. 건강과 편리성을 모두 만족시키는 제품에 기꺼이 지갑을 엽니다.
37,여자,30대,사무 종사자,대학교 졸업(전문대졸/대학원생 포함),전라북도,1인 가구,미혼(사별/이혼 포함),맞벌이 하지 않음,300-400만원 미만,1,0.4499999999999999,0.4926719278466741,0.5321701199563795,0.8237022526934379,0.7491856677524431,0.4311003123915305,0.3913043478260869,건강 추구형 소비자,가격이나 브랜드에 크게 구애받지 않고 건강을 최우선으로 고려하는 프리미엄 소비자 그룹입니다. 건강과 편리성을 모두 만족시키는 제품에 기꺼이 지갑을 엽니다.
38,여자,30대,사무 종사자,대학교 졸업(전문대졸/대학원생 포함),인천광역시,1인 가구,미혼(사별/이혼 포함),맞벌이 하지 않음,400-500만원 미만,1,0.2910447761194029,0.3573844419391206,0.7115594329334788,0.7845249755142016,0.1938110749185668,0.2117320374869837,0.2086956521739131,건강 추구형 소비자,가격이나 브랜드에 크게 구애받지 않고 건강을 최우선으로 고려하는 프리미엄 소비자 그룹입니다. 건강과 편리성을 모두 만족시키는 제품에 기꺼이 지갑을 엽니다.
39,여자,30대,사무 종사자,대학교 졸업(전문대졸/대학원생 포함),서울특별시,1인 가구,미혼(사별/이혼 포함),맞벌이 하지 않음,300-400만원 미만,3,0.5440298507462686,0.5426531379180759,0.3702290076335878,0.960822722820764,0.4918566775244299,0.4543561263450191,0.6304347826086957,트렌드 주도형 소비자,"자신의 취향과 경험을 중시하는 소비자 그룹입니다. 단순히 배를 채우는 것 이상의 가치를 추구하며, 새로운 제품을 가장 먼저 경험하고 공유하려는 경향이 강합니다"
40,여자,30대,사무 종사자,고졸(대학 재학 포함),인천광역시,1인 가구,미혼(사별/이혼 포함),맞벌이 하지 않음,300-400만원 미만,3,0.6716417910447761,0.6016535137166478,0.5902399127589968,0.8237022526934379,0.5498371335504887,0.2985074626865671,0.5478260869565217,트렌드 주도형 소비자,"자신의 취향과 경험을 중시하는 소비자 그룹입니다. 단순히 배를 채우는 것 이상의 가치를 추구하며, 새로운 제품을 가장 먼저 경험하고 공유하려는 경향이 강합니다"
41,여자,30대,사무 종사자,대학교 졸업(전문대졸/대학원생 포함),강원도,1인 가구,미혼(사별/이혼 포함),맞벌이 하지 않음,200-300만원 미만,3,0.5186567164179104,0.5464111236377301,0.4561068702290076,0.9020568070519096,0.5,0.3332176327664006,0.6347826086956523,트렌드 주도형 소비자,"자신의 취향과 경험을 중시하는 소비자 그룹입니다. 단순히 배를 채우는 것 이상의 가치를 추구하며, 새로운 제품을 가장 먼저 경험하고 공유하려는 경향이 강합니다"
42,여자,30대,서비스 종사자,대학교 졸업(전문대졸/대학원생 포함),대전광역시,1인 가구,미혼(사별/이혼 포함),맞벌이 하지 않음,300-400만원 미만,3,0.7425373134328358,0.6054114994363021,0.1663031624863686,0.9020568070519096,0.4130293159609121,0.434571329399514,0.6056521739130435,트렌드 주도형 소비자,"자신의 취향과 경험을 중시하는 소비자 그룹입니다. 단순히 배를 채우는 것 이상의 가치를 추구하며, 새로운 제품을 가장 먼저 경험하고 공유하려는 경향이 강합니다"
43,여자,30대,주부,대학교 졸업(전문대졸/대학원생 포함),전라북도,2세대가족,기혼,맞벌이 하지 않음,400-500만원 미만,0,0.3343283582089551,0.7106350995866215,0.3647764449291166,0.8628795298726737,0.4159609120521172,0.5206525511975008,0.591304347826087,실속형 미식가,편리성을 중시하면서도 새로운 맛과 제품을 시도하는 데 적극적인 소비자 그룹입니다. 가격에 민감하기보다는 효율성과 맛을 동시에 추구합니다.
44,여자,30대,서비스 종사자,대학교 졸업(전문대졸/대학원생 포함),전라북도,2세대가족,기혼,맞벌이 함,400-500만원 미만,0,0.1567164179104477,0.3536264562194663,0.4719193020719738,0.7453476983349656,0.3941368078175896,0.4592155501561957,0.4478260869565217,실속형 미식가,편리성을 중시하면서도 새로운 맛과 제품을 시도하는 데 적극적인 소비자 그룹입니다. 가격에 민감하기보다는 효율성과 맛을 동시에 추구합니다.
45,여자,30대,단순노무 종사자,고졸(대학 재학 포함),충청북도,2세대가족,기혼,맞벌이 함,500-600만원 미만,0,0.3686567164179103,0.6129274708756106,0.3950381679389313,0.8237022526934379,0.1895765472312703,0.3158625477264839,0.6000000000000001,실속형 미식가,편리성을 중시하면서도 새로운 맛과 제품을 시도하는 데 적극적인 소비자 그룹입니다. 가격에 민감하기보다는 효율성과 맛을 동시에 추구합니다.
46,여자,30대,주부,고졸(대학 재학 포함),전라남도,2세대가족,기혼,맞벌이 하지 않음,200-300만원 미만,0,0.5126865671641792,0.3686583990980834,0.2707197382769902,0.8041136141038197,0.2247557003257329,0.8958694897604997,0.8173913043478261,실속형 미식가,편리성을 중시하면서도 새로운 맛과 제품을 시도하는 데 적극적인 소비자 그룹입니다. 가격에 민감하기보다는 효율성과 맛을 동시에 추구합니다.
47,여자,30대,사무 종사자,대학교 졸업(전문대졸/대학원생 포함),광주광역시,2세대가족,기혼,맞벌이 함,500-600만원 미만,1,0.2052238805970149,0.3761743705373919,0.7281897491821157,0.8041136141038197,0.5091205211726385,0.1770218674071502,0.1478260869565218,건강 추구형 소비자,가격이나 브랜드에 크게 구애받지 않고 건강을 최우선으로 고려하는 프리미엄 소비자 그룹입니다. 건강과 편리성을 모두 만족시키는 제품에 기꺼이 지갑을 엽니다.
48,여자,30대,판매 종사자,대학교 졸업(전문대졸/대학원생 포함),경기도,2세대가족,기혼,맞벌이 함,500-600만원 미만,1,0.6611940298507462,0.3987222848553175,0.6442202835332607,0.8432908912830557,0.8026058631921823,0.4300590072891357,0.1578260869565217,건강 추구형 소비자,가격이나 브랜드에 크게 구애받지 않고 건강을 최우선으로 고려하는 프리미엄 소비자 그룹입니다. 건강과 편리성을 모두 만족시키는 제품에 기꺼이 지갑을 엽니다.
49,여자,30대,주부,고졸(대학 재학 포함),경기도,2세대가족,기혼,맞벌이 하지 않음,400-500만원 미만,1,0.2223880597014925,0.4269071777527245,0.9124863685932386,0.8775710088148874,0.5589576547231271,0.2221450885109337,0.1782608695652174,건강 추구형 소비자,가격이나 브랜드에 크게 구애받지 않고 건강을 최우선으로 고려하는 프리미엄 소비자 그룹입니다. 건강과 편리성을 모두 만족시키는 제품에 기꺼이 지갑을 엽니다.
50,여자,30대,사무 종사자,대학교 졸업(전문대졸/대학원생 포함),대구광역시,2세대가족,기혼,맞벌이 함,500-600만원 미만,1,0.626865671641791,0.3987222848553175,0.4978189749182116,0.8432908912830557,0.613355048859935,0.2457480041652204,0.1608695652173913,건강 추구형 소비자,가격이나 브랜드에 크게 구애받지 않고 건강을 최우선으로 고려하는 프리미엄 소비자 그룹입니다. 건강과 편리성을 모두 만족시키는 제품에 기꺼이 지갑을 엽니다.
51,여자,30대,주부,대학교 졸업(전문대졸/대학원생 포함),경기도,2세대가족,기혼,맞벌이 하지 않음,400-500만원 미만,1,0.3559701492537312,0.4099962420142803,0.6932933478735005,0.8432908912830557,0.7807817589576548,0.3214161749392572,0.091304347826087,건강 추구형 소비자,가격이나 브랜드에 크게 구애받지 않고 건강을 최우선으로 고려하는 프리미엄 소비자 그룹입니다. 건강과 편리성을 모두 만족시키는 제품에 기꺼이 지갑을 엽니다.
52,여자,30대,사무 종사자,대학교 졸업(전문대졸/대학원생 포함),인천광역시,2세대가족,기혼,맞벌이 함,600-700만원 미만,1,0.5865671641791044,0.4175122134535888,0.7540894220283535,0.8432908912830557,0.7918566775244301,0.4196459562651856,0.1,건강 추구형 소비자,가격이나 브랜드에 크게 구애받지 않고 건강을 최우선으로 고려하는 프리미엄 소비자 그룹입니다. 건강과 편리성을 모두 만족시키는 제품에 기꺼이 지갑을 엽니다.
53,여자,30대,주부,대학교 졸업(전문대졸/대학원생 포함),부산광역시,2세대가족,기혼,맞벌이 하지 않음,300-400만원 미만,3,0.6417910447761194,0.5941375422773394,0.36886586695747,0.8432908912830557,0.4000000000000001,0.4505380076362374,0.5521739130434783,트렌드 주도형 소비자,"자신의 취향과 경험을 중시하는 소비자 그룹입니다. 단순히 배를 채우는 것 이상의 가치를 추구하며, 새로운 제품을 가장 먼저 경험하고 공유하려는 경향이 강합니다"
54,여자,30대,사무 종사자,대학교 졸업(전문대졸/대학원생 포함),경상북도,2세대가족,기혼,맞벌이 함,600-700만원 미만,3,0.6888059701492537,0.5114618564449455,0.3702290076335878,0.7649363369245838,0.5589576547231271,0.2724748351266921,0.2491304347826086,트렌드 주도형 소비자,"자신의 취향과 경험을 중시하는 소비자 그룹입니다. 단순히 배를 채우는 것 이상의 가치를 추구하며, 새로운 제품을 가장 먼저 경험하고 공유하려는 경향이 강합니다"
55,여자,30대,기능원 및 관련 기능 종사자,고졸(대학 재학 포함),강원도,2세대가족,기혼,맞벌이 함,400-500만원 미만,3,0.4813432835820894,0.4750093949642991,0.4424754634678298,0.8432908912830557,0.4954397394136808,0.3922249219021173,0.6869565217391306,트렌드 주도형 소비자,"자신의 취향과 경험을 중시하는 소비자 그룹입니다. 단순히 배를 채우는 것 이상의 가치를 추구하며, 새로운 제품을 가장 먼저 경험하고 공유하려는 경향이 강합니다"
56,여자,30대,주부,대학교 졸업(전문대졸/대학원생 포함),강원도,2세대가족,기혼,맞벌이 하지 않음,400-500만원 미만,3,0.5156716417910446,0.5152198421645998,0.447928026172301,0.9020568070519096,0.5257328990228014,0.3644567858382506,0.6652173913043478,트렌드 주도형 소비자,"자신의 취향과 경험을 중시하는 소비자 그룹입니다. 단순히 배를 채우는 것 이상의 가치를 추구하며, 새로운 제품을 가장 먼저 경험하고 공유하려는 경향이 강합니다"
57,여자,30대,사무 종사자,대학교 졸업(전문대졸/대학원생 포함),제주특별자치도,2세대가족,기혼,맞벌이 함,400-500만원 미만,3,0.5462686567164179,0.5077038707252912,0.3811341330425299,0.7257590597453476,0.4387622149837134,0.4009024644220755,0.5173913043478261,트렌드 주도형 소비자,"자신의 취향과 경험을 중시하는 소비자 그룹입니다. 단순히 배를 채우는 것 이상의 가치를 추구하며, 새로운 제품을 가장 먼저 경험하고 공유하려는 경향이 강합니다"
58,여자,30대,서비스 종사자,대학교 졸업(전문대졸/대학원생 포함),서울특별시,2세대가족,기혼,맞벌이 함,500-600만원 미만,3,0.7298507462686566,0.830890642615558,0.2491821155943293,0.9999999999999998,0.3553745928338762,0.5289829920166609,0.4782608695652174,트렌드 주도형 소비자,"자신의 취향과 경험을 중시하는 소비자 그룹입니다. 단순히 배를 채우는 것 이상의 가치를 추구하며, 새로운 제품을 가장 먼저 경험하고 공유하려는 경향이 강합니다"
59,여자,30대,주부,고졸(대학 재학 포함),강원도,2세대가족,기혼,맞벌이 하지 않음,300-400만원 미만,3,0.612686567164179,0.5238632093198046,0.4860959651035986,0.9412340842311456,0.6091205211726384,0.4192988545643873,0.6173913043478261,트렌드 주도형 소비자,"자신의 취향과 경험을 중시하는 소비자 그룹입니다. 단순히 배를 채우는 것 이상의 가치를 추구하며, 새로운 제품을 가장 먼저 경험하고 공유하려는 경향이 강합니다"
60,남자,40대,판매 종사자,대학교 졸업(전문대졸/대학원생 포함),경상북도,1세대가족,미혼(사별/이혼 포함),맞벌이 하지 않음,300-400만원 미만,0,0.5022388059701492,0.7519729425028184,0.1829334787350054,0.8628795298726737,0.2436482084690553,0.4383894481082957,0.3913043478260869,실속형 미식가,편리성을 중시하면서도 새로운 맛과 제품을 시도하는 데 적극적인 소비자 그룹입니다. 가격에 민감하기보다는 효율성과 맛을 동시에 추구합니다.
61,남자,40대,서비스 종사자,대학교 졸업(전문대졸/대학원생 포함),충청북도,1인 가구,미혼(사별/이혼 포함),맞벌이 하지 않음,300-400만원 미만,0,0.3619402985074626,0.3987222848553175,0.3805888767720828,0.8432908912830557,0.3859934853420195,0.615411315515446,0.491304347826087,실속형 미식가,편리성을 중시하면서도 새로운 맛과 제품을 시도하는 데 적극적인 소비자 그룹입니다. 가격에 민감하기보다는 효율성과 맛을 동시에 추구합니다.
62,남자,40대,판매 종사자,대학교 졸업(전문대졸/대학원생 포함),경기도,1인 가구,미혼(사별/이혼 포함),맞벌이 하지 않음,300-400만원 미만,0,0.430597014925373,0.6290868094701241,0.3075245365321701,0.7649363369245838,0.3801302931596091,0.4161749392572024,0.2260869565217391,실속형 미식가,편리성을 중시하면서도 새로운 맛과 제품을 시도하는 데 적극적인 소비자 그룹입니다. 가격에 민감하기보다는 효율성과 맛을 동시에 추구합니다.
63,남자,40대,사무 종사자,대학교 졸업(전문대졸/대학원생 포함),경기도,1인 가구,미혼(사별/이혼 포함),맞벌이 하지 않음,200-300만원 미만,1,0.1977611940298507,0.4099962420142803,0.6649400218102508,0.8432908912830557,0.4120521172638436,0.613328705310656,0.4217391304347826,건강 추구형 소비자,가격이나 브랜드에 크게 구애받지 않고 건강을 최우선으로 고려하는 프리미엄 소비자 그룹입니다. 건강과 편리성을 모두 만족시키는 제품에 기꺼이 지갑을 엽니다.
64,남자,40대,서비스 종사자,대학교 졸업(전문대졸/대학원생 포함),울산광역시,1인 가구,미혼(사별/이혼 포함),맞벌이 하지 않음,400-500만원 미만,3,0.698507462686567,0.8459225854941751,0.3745910577971647,0.8628795298726737,0.4003257328990228,0.2672683096147171,0.4608695652173913,트렌드 주도형 소비자,"자신의 취향과 경험을 중시하는 소비자 그룹입니다. 단순히 배를 채우는 것 이상의 가치를 추구하며, 새로운 제품을 가장 먼저 경험하고 공유하려는 경향이 강합니다"
65,남자,40대,사무 종사자,대학교 졸업(전문대졸/대학원생 포함),경기도,2세대가족,기혼,맞벌이 함,500-600만원 미만,0,0.3649253731343282,0.4231491920330703,0.3388767720828789,0.8579823702252691,0.3514657980456026,0.5234293648038876,0.3739130434782609,실속형 미식가,편리성을 중시하면서도 새로운 맛과 제품을 시도하는 데 적극적인 소비자 그룹입니다. 가격에 민감하기보다는 효율성과 맛을 동시에 추구합니다.
66,남자,40대,전문가 및 관련 종사자,대학교 졸업(전문대졸/대학원생 포함),경상북도,2세대가족,기혼,맞벌이 함,500-600만원 미만,0,0.208955223880597,0.4885381435550544,0.5823336968375137,0.6758080313418218,0.3306188925081433,0.2186740715029503,0.5043478260869565,실속형 미식가,편리성을 중시하면서도 새로운 맛과 제품을 시도하는 데 적극적인 소비자 그룹입니다. 가격에 민감하기보다는 효율성과 맛을 동시에 추구합니다.
67,남자,40대,사무 종사자,대학교 졸업(전문대졸/대학원생 포함),대전광역시,2세대가족,기혼,맞벌이 함,600-700만원 미만,1,0.4917910447761194,0.5170988350244269,0.6185932388222464,0.7796278158667971,0.3938110749185668,0.2867060048594237,0.4695652173913044,건강 추구형 소비자,가격이나 브랜드에 크게 구애받지 않고 건강을 최우선으로 고려하는 프리미엄 소비자 그룹입니다. 건강과 편리성을 모두 만족시키는 제품에 기꺼이 지갑을 엽니다.
68,남자,40대,기능원 및 관련 기능 종사자,고졸(대학 재학 포함),강원도,2세대가족,기혼,맞벌이 하지 않음,400-500만원 미만,3,0.5776119402985075,0.5302517850432169,0.519629225736096,0.9412340842311456,0.5521172638436482,0.4522735161402291,0.6173913043478261,트렌드 주도형 소비자,"자신의 취향과 경험을 중시하는 소비자 그룹입니다. 단순히 배를 채우는 것 이상의 가치를 추구하며, 새로운 제품을 가장 먼저 경험하고 공유하려는 경향이 강합니다"
69,여자,40대,사무 종사자,대학교 졸업(전문대졸/대학원생 포함),서울특별시,1세대가족,기혼,맞벌이 함,600-700만원 미만,0,0.4776119402985074,0.7294250281848929,0.2429116684841875,0.8432908912830557,0.2459283387622149,0.458521346754599,0.4652173913043478,실속형 미식가,편리성을 중시하면서도 새로운 맛과 제품을 시도하는 데 적극적인 소비자 그룹입니다. 가격에 민감하기보다는 효율성과 맛을 동시에 추구합니다.
70,여자,40대,서비스 종사자,고졸(대학 재학 포함),경기도,1세대가족,기혼,맞벌이 함,"1,000만원 이상",1,0.1888059701492537,0.4137542277339346,0.8571428571428571,0.8628795298726737,0.5400651465798046,0.2030544949670253,0.1608695652173913,건강 추구형 소비자,가격이나 브랜드에 크게 구애받지 않고 건강을 최우선으로 고려하는 프리미엄 소비자 그룹입니다. 건강과 편리성을 모두 만족시키는 제품에 기꺼이 지갑을 엽니다.
71,여자,40대,판매 종사자,고졸(대학 재학 포함),서울특별시,1세대가족,기혼,맞벌이 함,600-700만원 미만,3,0.6074626865671642,0.5490417136414881,0.4359323882224645,0.8628795298726737,0.4605863192182411,0.2283929191253037,0.3665217391304348,트렌드 주도형 소비자,"자신의 취향과 경험을 중시하는 소비자 그룹입니다. 단순히 배를 채우는 것 이상의 가치를 추구하며, 새로운 제품을 가장 먼저 경험하고 공유하려는 경향이 강합니다"
72,여자,40대,사무 종사자,대학교 졸업(전문대졸/대학원생 포함),부산광역시,1세대가족,기혼,맞벌이 함,600-700만원 미만,3,0.7238805970149254,0.5565576850807966,0.3437840785169028,0.9216454456415276,0.6319218241042346,0.3682749045470322,0.3608695652173913,트렌드 주도형 소비자,"자신의 취향과 경험을 중시하는 소비자 그룹입니다. 단순히 배를 채우는 것 이상의 가치를 추구하며, 새로운 제품을 가장 먼저 경험하고 공유하려는 경향이 강합니다"
73,여자,40대,주부,대학교 졸업(전문대졸/대학원생 포함),부산광역시,1세대가족,기혼,맞벌이 하지 않음,300-400만원 미만,3,0.6873134328358208,0.5114618564449455,0.502453653217012,0.8041136141038197,0.5355048859934853,0.4401249566122873,0.3956521739130434,트렌드 주도형 소비자,"자신의 취향과 경험을 중시하는 소비자 그룹입니다. 단순히 배를 채우는 것 이상의 가치를 추구하며, 새로운 제품을 가장 먼저 경험하고 공유하려는 경향이 강합니다"
74,여자,40대,취업 준비 중,중졸 이하,대구광역시,1인 가구,미혼(사별/이혼 포함),맞벌이 하지 않음,200-300만원 미만,0,0.5582089552238805,0.3291995490417136,0.0498909487459105,0.681684622918707,0.2381107491856677,0.1423116973273168,0.7913043478260872,실속형 미식가,편리성을 중시하면서도 새로운 맛과 제품을 시도하는 데 적극적인 소비자 그룹입니다. 가격에 민감하기보다는 효율성과 맛을 동시에 추구합니다.
75,여자,40대,전문가 및 관련 종사자,대학교 졸업(전문대졸/대학원생 포함),제주특별자치도,1인 가구,미혼(사별/이혼 포함),맞벌이 하지 않음,100-200만원 미만,0,0.5365671641791045,0.5114618564449455,0.1485823336968375,0.6474045053868756,0.2732899022801303,0.1884762235334952,0.5173913043478261,실속형 미식가,편리성을 중시하면서도 새로운 맛과 제품을 시도하는 데 적극적인 소비자 그룹입니다. 가격에 민감하기보다는 효율성과 맛을 동시에 추구합니다.
76,여자,40대,사무 종사자,대학교 졸업(전문대졸/대학원생 포함),서울특별시,1인 가구,미혼(사별/이혼 포함),맞벌이 하지 않음,300-400만원 미만,1,0.3231343283582089,0.5340097707628711,0.6477644492911668,0.8628795298726737,0.382084690553746,0.5234293648038876,0.4869565217391305,건강 추구형 소비자,가격이나 브랜드에 크게 구애받지 않고 건강을 최우선으로 고려하는 프리미엄 소비자 그룹입니다. 건강과 편리성을 모두 만족시키는 제품에 기꺼이 지갑을 엽니다.
77,여자,40대,판매 종사자,고졸(대학 재학 포함),서울특별시,1인 가구,미혼(사별/이혼 포함),맞벌이 하지 않음,200-300만원 미만,1,0.6014925373134328,0.3998496805712138,0.539258451472192,0.8041136141038197,0.6110749185667752,0.2082610204790003,0.3665217391304348,건강 추구형 소비자,가격이나 브랜드에 크게 구애받지 않고 건강을 최우선으로 고려하는 프리미엄 소비자 그룹입니다. 건강과 편리성을 모두 만족시키는 제품에 기꺼이 지갑을 엽니다.
78,여자,40대,서비스 종사자,대학교 졸업(전문대졸/대학원생 포함),경기도,1인 가구,미혼(사별/이혼 포함),맞벌이 하지 않음,400-500만원 미만,1,0.1567164179104477,0.3742953776775648,0.8342420937840785,0.7992164544564153,0.4804560260586319,0.194376952447067,0.0956521739130435,건강 추구형 소비자,가격이나 브랜드에 크게 구애받지 않고 건강을 최우선으로 고려하는 프리미엄 소비자 그룹입니다. 건강과 편리성을 모두 만족시키는 제품에 기꺼이 지갑을 엽니다.
79,여자,40대,서비스 종사자,대학교 졸업(전문대졸/대학원생 포함),충청남도,1인 가구,미혼(사별/이혼 포함),맞벌이 하지 않음,200-300만원 미만,3,0.6417910447761194,0.6110484780157835,0.0607960741548527,0.720861900097943,0.2605863192182411,0.3998611593196806,0.5304347826086957,트렌드 주도형 소비자,"자신의 취향과 경험을 중시하는 소비자 그룹입니다. 단순히 배를 채우는 것 이상의 가치를 추구하며, 새로운 제품을 가장 먼저 경험하고 공유하려는 경향이 강합니다"
80,여자,40대,사무 종사자,대학교 졸업(전문대졸/대학원생 포함),광주광역시,1인 가구,미혼(사별/이혼 포함),맞벌이 하지 않음,200-300만원 미만,3,0.505223880597015,0.4411875234874107,0.4111232279171209,0.8041136141038197,0.4045602605863192,0.2839291912530371,0.3391304347826087,트렌드 주도형 소비자,"자신의 취향과 경험을 중시하는 소비자 그룹입니다. 단순히 배를 채우는 것 이상의 가치를 추구하며, 새로운 제품을 가장 먼저 경험하고 공유하려는 경향이 강합니다"
81,여자,40대,주부,대학교 졸업(전문대졸/대학원생 포함),경기도,2세대가족,기혼,맞벌이 하지 않음,500-600만원 미만,0,0.3432835820895522,0.713641488162345,0.0989640130861505,0.9167482859941232,0.2100977198697068,0.3783408538701839,0.5565217391304348,실속형 미식가,편리성을 중시하면서도 새로운 맛과 제품을 시도하는 데 적극적인 소비자 그룹입니다. 가격에 민감하기보다는 효율성과 맛을 동시에 추구합니다.
82,여자,40대,사무 종사자,대학교 졸업(전문대졸/대학원생 포함),대구광역시,2세대가족,기혼,맞벌이 함,"1,000만원 이상",0,0.4179104477611939,0.8816234498308907,0.0444383860414394,0.8383937316356511,0.2322475570032573,0.4175633460603957,0.217391304347826,실속형 미식가,편리성을 중시하면서도 새로운 맛과 제품을 시도하는 데 적극적인 소비자 그룹입니다. 가격에 민감하기보다는 효율성과 맛을 동시에 추구합니다.
83,여자,40대,사무 종사자,대학교 졸업(전문대졸/대학원생 포함),서울특별시,2세대가족,기혼,맞벌이 함,500-600만원 미만,0,0.2932835820895522,0.7117624953025178,0.2666303162486368,0.960822722820764,0.1361563517915309,0.4918431100312391,0.5478260869565217,실속형 미식가,편리성을 중시하면서도 새로운 맛과 제품을 시도하는 데 적극적인 소비자 그룹입니다. 가격에 민감하기보다는 효율성과 맛을 동시에 추구합니다.
84,여자,40대,전문가 및 관련 종사자,고졸(대학 재학 포함),제주특별자치도,2세대가족,기혼,맞벌이 함,100-200만원 미만,0,0.3679104477611939,0.5189778278842541,0.2892584514721918,0.6865817825661116,0.2635179153094463,0.6317250954529677,0.6434782608695653,실속형 미식가,편리성을 중시하면서도 새로운 맛과 제품을 시도하는 데 적극적인 소비자 그룹입니다. 가격에 민감하기보다는 효율성과 맛을 동시에 추구합니다.
85,여자,40대,사무 종사자,대학교 졸업(전문대졸/대학원생 포함),대구광역시,2세대가족,기혼,맞벌이 함,400-500만원 미만,0,0.208955223880597,0.5900037579857197,0.5351690294438386,0.6953966699314398,0.3013029315960912,0.2325581395348837,0.5347826086956522,실속형 미식가,편리성을 중시하면서도 새로운 맛과 제품을 시도하는 데 적극적인 소비자 그룹입니다. 가격에 민감하기보다는 효율성과 맛을 동시에 추구합니다.
86,여자,40대,판매 종사자,대학교 졸업(전문대졸/대학원생 포함),인천광역시,2세대가족,기혼,맞벌이 함,500-600만원 미만,0,0.2820895522388059,0.4513340849304772,0.5040894220283533,0.8432908912830557,0.2156351791530945,0.2613675807011454,0.8782608695652175,실속형 미식가,편리성을 중시하면서도 새로운 맛과 제품을 시도하는 데 적극적인 소비자 그룹입니다. 가격에 민감하기보다는 효율성과 맛을 동시에 추구합니다.
87,여자,40대,주부,대학교 졸업(전문대졸/대학원생 포함),울산광역시,2세대가족,기혼,맞벌이 하지 않음,300-400만원 미만,0,0.4574626865671641,0.590379556557685,0.1630316248636859,0.9020568070519096,0.2583061889250814,0.6813606386671295,0.5347826086956522,실속형 미식가,편리성을 중시하면서도 새로운 맛과 제품을 시도하는 데 적극적인 소비자 그룹입니다. 가격에 민감하기보다는 효율성과 맛을 동시에 추구합니다.
88,여자,40대,판매 종사자,고졸(대학 재학 포함),대전광역시,2세대가족,기혼,맞벌이 함,600-700만원 미만,0,0.2805970149253731,0.5791055993987223,0.4288440567066521,0.8237022526934379,0.2504885993485342,0.5196112460951058,0.4869565217391305,실속형 미식가,편리성을 중시하면서도 새로운 맛과 제품을 시도하는 데 적극적인 소비자 그룹입니다. 가격에 민감하기보다는 효율성과 맛을 동시에 추구합니다.
89,여자,40대,판매 종사자,고졸(대학 재학 포함),부산광역시,2세대가족,기혼,맞벌이 함,400-500만원 미만,0,0.2186567164179103,0.532130777903044,0.3664122137404579,0.8579823702252691,0.2765472312703583,0.5157931273863241,0.4391304347826087,실속형 미식가,편리성을 중시하면서도 새로운 맛과 제품을 시도하는 데 적극적인 소비자 그룹입니다. 가격에 민감하기보다는 효율성과 맛을 동시에 추구합니다.
90,여자,40대,사무 종사자,대학교 졸업(전문대졸/대학원생 포함),대전광역시,2세대가족,기혼,맞벌이 함,600-700만원 미만,0,0.3044776119402984,0.3573844419391206,0.2769901853871319,0.8432908912830557,0.3684039087947882,0.3464074973967372,0.4695652173913044,실속형 미식가,편리성을 중시하면서도 새로운 맛과 제품을 시도하는 데 적극적인 소비자 그룹입니다. 가격에 민감하기보다는 효율성과 맛을 동시에 추구합니다.
91,여자,40대,서비스 종사자,대학교 졸업(전문대졸/대학원생 포함),서울특별시,2세대가족,기혼,맞벌이 함,500-600만원 미만,0,0.3843283582089551,0.5678316422397595,0.5883315158124318,0.8824681684622917,0.3218241042345277,0.2690038181187087,0.4969565217391305,실속형 미식가,편리성을 중시하면서도 새로운 맛과 제품을 시도하는 데 적극적인 소비자 그룹입니다. 가격에 민감하기보다는 효율성과 맛을 동시에 추구합니다.
92,여자,40대,사무 종사자,대학교 졸업(전문대졸/대학원생 포함),충청북도,2세대가족,기혼,맞벌이 함,500-600만원 미만,0,0.2611940298507462,0.6542653137918076,0.1248636859323882,0.7845249755142016,0.1361563517915309,0.3394654633807705,0.4869565217391305,실속형 미식가,편리성을 중시하면서도 새로운 맛과 제품을 시도하는 데 적극적인 소비자 그룹입니다. 가격에 민감하기보다는 효율성과 맛을 동시에 추구합니다.
93,여자,40대,서비스 종사자,대학교 졸업(전문대졸/대학원생 포함),충청북도,2세대가족,기혼,맞벌이 함,500-600만원 미만,0,0.4843283582089552,0.7256670424652385,0.3527808069792802,0.8041136141038197,0.2211726384364821,0.5105866018743491,0.4347826086956522,실속형 미식가,편리성을 중시하면서도 새로운 맛과 제품을 시도하는 데 적극적인 소비자 그룹입니다. 가격에 민감하기보다는 효율성과 맛을 동시에 추구합니다.
94,여자,40대,서비스 종사자,대학교 졸업(전문대졸/대학원생 포함),충청북도,2세대가족,기혼,맞벌이 함,500-600만원 미만,0,0.2895522388059701,0.5640736565201052,0.3315158124318429,0.8237022526934379,0.2452768729641694,0.4894133981256507,0.5186956521739131,실속형 미식가,편리성을 중시하면서도 새로운 맛과 제품을 시도하는 데 적극적인 소비자 그룹입니다. 가격에 민감하기보다는 효율성과 맛을 동시에 추구합니다.
95,여자,40대,사무 종사자,대학교 졸업(전문대졸/대학원생 포함),경기도,2세대가족,기혼,맞벌이 함,600-700만원 미만,0,0.1835820895522388,0.8008267568583238,0.2284623773173391,0.7845249755142016,0.1667752442996742,0.3838944810829573,0.3521739130434782,실속형 미식가,편리성을 중시하면서도 새로운 맛과 제품을 시도하는 데 적극적인 소비자 그룹입니다. 가격에 민감하기보다는 효율성과 맛을 동시에 추구합니다.
96,여자,40대,단순노무 종사자,대학교 졸업(전문대졸/대학원생 포함),충청북도,2세대가족,기혼,맞벌이 함,400-500만원 미만,0,0.2373134328358208,0.6655392709507703,0.1052344601962922,0.7845249755142016,0.0775244299674267,0.3557792433182922,0.4391304347826087,실속형 미식가,편리성을 중시하면서도 새로운 맛과 제품을 시도하는 데 적극적인 소비자 그룹입니다. 가격에 민감하기보다는 효율성과 맛을 동시에 추구합니다.
97,여자,40대,사무 종사자,대학교 졸업(전문대졸/대학원생 포함),경기도,2세대가족,기혼,맞벌이 함,600-700만원 미만,0,0.3156716417910447,0.6824502066892146,0.2592693565976008,0.8775710088148874,0.1654723127035831,0.4769177368969107,0.5652173913043479,실속형 미식가,편리성을 중시하면서도 새로운 맛과 제품을 시도하는 데 적극적인 소비자 그룹입니다. 가격에 민감하기보다는 효율성과 맛을 동시에 추구합니다.
98,여자,40대,사무 종사자,고졸(대학 재학 포함),인천광역시,2세대가족,기혼,맞벌이 함,600-700만원 미만,0,0.3044776119402984,0.6328447951897783,0.0381679389312977,0.8041136141038197,0.1263843648208469,0.4314474140923291,0.5347826086956522,실속형 미식가,편리성을 중시하면서도 새로운 맛과 제품을 시도하는 데 적극적인 소비자 그룹입니다. 가격에 민감하기보다는 효율성과 맛을 동시에 추구합니다.
99,여자,40대,판매 종사자,대학교 졸업(전문대졸/대학원생 포함),경상남도,2세대가족,기혼,맞벌이 함,500-600만원 미만,1,0.6380597014925373,0.391206313416009,0.5474372955288986,0.8432908912830557,0.8071661237785017,0.3897952099965289,0.3621739130434783,건강 추구형 소비자,가격이나 브랜드에 크게 구애받지 않고 건강을 최우선으로 고려하는 프리미엄 소비자 그룹입니다. 건강과 편리성을 모두 만족시키는 제품에 기꺼이 지갑을 엽니다.
100,여자,40대,사무 종사자,대학교 졸업(전문대졸/대학원생 포함),경상남도,2세대가족,기혼,맞벌이 함,700-800만원 미만,1,0.5395522388059701,0.3761743705373919,0.6245910577971646,0.8041136141038197,0.7208469055374593,0.3318292259632072,0.2304347826086956,건강 추구형 소비자,가격이나 브랜드에 크게 구애받지 않고 건강을 최우선으로 고려하는 프리미엄 소비자 그룹입니다. 건강과 편리성을 모두 만족시키는 제품에 기꺼이 지갑을 엽니다.
101,여자,40대,사무 종사자,대학교 졸업(전문대졸/대학원생 포함),경기도,2세대가족,기혼,맞벌이 함,"1,000만원 이상",1,0.1641791044776119,0.4400601277715145,0.8942202835332606,0.8824681684622917,0.4905537459283388,0.2238805970149253,0.3565217391304348,건강 추구형 소비자,가격이나 브랜드에 크게 구애받지 않고 건강을 최우선으로 고려하는 프리미엄 소비자 그룹입니다. 건강과 편리성을 모두 만족시키는 제품에 기꺼이 지갑을 엽니다.
102,여자,40대,판매 종사자,대학교 졸업(전문대졸/대학원생 포함),대구광역시,2세대가족,기혼,맞벌이 함,500-600만원 미만,1,0.3940298507462686,0.5208568207440811,0.5169029443838604,0.7600391772771791,0.4456026058631922,0.4696286011801457,0.1130434782608696,건강 추구형 소비자,가격이나 브랜드에 크게 구애받지 않고 건강을 최우선으로 고려하는 프리미엄 소비자 그룹입니다. 건강과 편리성을 모두 만족시키는 제품에 기꺼이 지갑을 엽니다.
103,여자,40대,판매 종사자,대학교 졸업(전문대졸/대학원생 포함),서울특별시,2세대가족,기혼,맞벌이 함,800-900만원 미만,1,0.3888059701492537,0.5640736565201052,0.7325517993456924,0.9020568070519096,0.4856677524429967,0.2197153766053453,0.1782608695652174,건강 추구형 소비자,가격이나 브랜드에 크게 구애받지 않고 건강을 최우선으로 고려하는 프리미엄 소비자 그룹입니다. 건강과 편리성을 모두 만족시키는 제품에 기꺼이 지갑을 엽니다.
104,여자,40대,판매 종사자,대학교 졸업(전문대졸/대학원생 포함),인천광역시,2세대가족,기혼,맞벌이 함,600-700만원 미만,1,0.2223880597014925,0.334836527621195,0.5376226826608506,0.7845249755142016,0.288599348534202,0.1457827143353002,0.2795652173913043,건강 추구형 소비자,가격이나 브랜드에 크게 구애받지 않고 건강을 최우선으로 고려하는 프리미엄 소비자 그룹입니다. 건강과 편리성을 모두 만족시키는 제품에 기꺼이 지갑을 엽니다.
105,여자,40대,주부,고졸(대학 재학 포함),대구광역시,2세대가족,기혼,맞벌이 하지 않음,300-400만원 미만,1,0.2014925373134328,0.3404735062006764,0.3162486368593239,0.622918707149853,0.3723127035830619,0.3214161749392572,0.1130434782608696,건강 추구형 소비자,가격이나 브랜드에 크게 구애받지 않고 건강을 최우선으로 고려하는 프리미엄 소비자 그룹입니다. 건강과 편리성을 모두 만족시키는 제품에 기꺼이 지갑을 엽니다.
106,여자,40대,사무 종사자,대학교 졸업(전문대졸/대학원생 포함),경기도,2세대가족,기혼,맞벌이 함,700-800만원 미만,1,0.5320895522388058,0.560315670800451,0.6401308615049073,0.7257590597453476,0.5368078175895766,0.2596320721971538,0.2608695652173913,건강 추구형 소비자,가격이나 브랜드에 크게 구애받지 않고 건강을 최우선으로 고려하는 프리미엄 소비자 그룹입니다. 건강과 편리성을 모두 만족시키는 제품에 기꺼이 지갑을 엽니다.
107,여자,40대,서비스 종사자,대학교 졸업(전문대졸/대학원생 포함),서울특별시,2세대가족,기혼,맞벌이 함,500-600만원 미만,1,0.2335820895522387,0.6880871852686959,0.6322246455834241,0.8824681684622917,0.4371335504885993,0.2464422075668171,0.3273913043478261,건강 추구형 소비자,가격이나 브랜드에 크게 구애받지 않고 건강을 최우선으로 고려하는 프리미엄 소비자 그룹입니다. 건강과 편리성을 모두 만족시키는 제품에 기꺼이 지갑을 엽니다.
108,여자,40대,사무 종사자,대학교 졸업(전문대졸/대학원생 포함),경상북도,2세대가족,기혼,맞벌이 함,800-900만원 미만,1,0.208955223880597,0.4472003006388575,0.5806979280261723,0.6562193927522038,0.4039087947882736,0.2186740715029503,0.4869565217391305,건강 추구형 소비자,가격이나 브랜드에 크게 구애받지 않고 건강을 최우선으로 고려하는 프리미엄 소비자 그룹입니다. 건강과 편리성을 모두 만족시키는 제품에 기꺼이 지갑을 엽니다.
109,여자,40대,서비스 종사자,고졸(대학 재학 포함),대구광역시,2세대가족,기혼,맞벌이 함,500-600만원 미만,1,0.2611940298507462,0.334836527621195,0.4760087241003272,0.8237022526934379,0.4439739413680783,0.3731343283582089,0.2056521739130435,건강 추구형 소비자,가격이나 브랜드에 크게 구애받지 않고 건강을 최우선으로 고려하는 프리미엄 소비자 그룹입니다. 건강과 편리성을 모두 만족시키는 제품에 기꺼이 지갑을 엽니다.
110,여자,40대,사무 종사자,대학교 졸업(전문대졸/대학원생 포함),경기도,2세대가족,기혼,맞벌이 함,500-600만원 미만,1,0.6932835820895522,0.3724163848177376,0.7562704471101417,0.7453476983349656,0.6071661237785018,0.2658799028115237,0.1260869565217391,건강 추구형 소비자,가격이나 브랜드에 크게 구애받지 않고 건강을 최우선으로 고려하는 프리미엄 소비자 그룹입니다. 건강과 편리성을 모두 만족시키는 제품에 기꺼이 지갑을 엽니다.
111,여자,40대,서비스 종사자,고졸(대학 재학 포함),경기도,2세대가족,기혼,맞벌이 함,800-900만원 미만,1,0.1567164179104477,0.3742953776775648,0.9487459105779716,0.8188050930460331,0.5824104234527688,0.1850052065255119,0.1391304347826087,건강 추구형 소비자,가격이나 브랜드에 크게 구애받지 않고 건강을 최우선으로 고려하는 프리미엄 소비자 그룹입니다. 건강과 편리성을 모두 만족시키는 제품에 기꺼이 지갑을 엽니다.
112,여자,40대,서비스 종사자,대학교 졸업(전문대졸/대학원생 포함),전라남도,2세대가족,기혼,맞벌이 함,400-500만원 미만,1,0.5522388059701492,0.590379556557685,0.6518538713195202,0.9020568070519096,0.2941368078175896,0.4435959736202708,0.3217391304347826,건강 추구형 소비자,가격이나 브랜드에 크게 구애받지 않고 건강을 최우선으로 고려하는 프리미엄 소비자 그룹입니다. 건강과 편리성을 모두 만족시키는 제품에 기꺼이 지갑을 엽니다.
113,여자,40대,주부,대학교 졸업(전문대졸/대학원생 포함),강원도,2세대가족,기혼,맞벌이 하지 않음,400-500만원 미만,1,0.4067164179104476,0.3987222848553175,0.8211559432933476,0.8432908912830557,0.3778501628664495,0.183963901423117,0.1782608695652174,건강 추구형 소비자,가격이나 브랜드에 크게 구애받지 않고 건강을 최우선으로 고려하는 프리미엄 소비자 그룹입니다. 건강과 편리성을 모두 만족시키는 제품에 기꺼이 지갑을 엽니다.
114,여자,40대,판매 종사자,대학교 졸업(전문대졸/대학원생 포함),강원도,2세대가족,기혼,맞벌이 함,500-600만원 미만,3,0.5791044776119403,0.4513340849304772,0.4452017448200653,0.8628795298726737,0.4817589576547232,0.3689691079486289,0.6347826086956523,트렌드 주도형 소비자,"자신의 취향과 경험을 중시하는 소비자 그룹입니다. 단순히 배를 채우는 것 이상의 가치를 추구하며, 새로운 제품을 가장 먼저 경험하고 공유하려는 경향이 강합니다"
115,여자,40대,서비스 종사자,대학교 졸업(전문대졸/대학원생 포함),경기도,2세대가족,기혼,맞벌이 함,500-600만원 미만,3,0.6044776119402985,0.6768132281097331,0.4580152671755725,0.9216454456415276,0.3726384364820847,0.2290871225269004,0.7347826086956523,트렌드 주도형 소비자,"자신의 취향과 경험을 중시하는 소비자 그룹입니다. 단순히 배를 채우는 것 이상의 가치를 추구하며, 새로운 제품을 가장 먼저 경험하고 공유하려는 경향이 강합니다"
116,여자,40대,판매 종사자,고졸(대학 재학 포함),충청북도,2세대가족,기혼,맞벌이 함,400-500만원 미만,3,0.5634328358208955,0.5828635851183765,0.4664667393675028,0.9020568070519096,0.5530944625407167,0.4186046511627906,0.3478260869565217,트렌드 주도형 소비자,"자신의 취향과 경험을 중시하는 소비자 그룹입니다. 단순히 배를 채우는 것 이상의 가치를 추구하며, 새로운 제품을 가장 먼저 경험하고 공유하려는 경향이 강합니다"
117,여자,40대,단순노무 종사자,대학교 졸업(전문대졸/대학원생 포함),충청북도,2세대가족,기혼,맞벌이 함,400-500만원 미만,3,0.6626865671641791,0.4175122134535888,0.3666848418756815,0.8237022526934379,0.4814332247557004,0.2450538007636237,0.4695652173913044,트렌드 주도형 소비자,"자신의 취향과 경험을 중시하는 소비자 그룹입니다. 단순히 배를 채우는 것 이상의 가치를 추구하며, 새로운 제품을 가장 먼저 경험하고 공유하려는 경향이 강합니다"
118,여자,40대,사무 종사자,대학교 졸업(전문대졸/대학원생 포함),세종특별자치시,2세대가족,기혼,맞벌이 함,400-500만원 미만,3,0.5917910447761193,0.6843291995490417,0.0826063249727371,0.8824681684622917,0.3039087947882736,0.3634154807358556,0.3882608695652174,트렌드 주도형 소비자,"자신의 취향과 경험을 중시하는 소비자 그룹입니다. 단순히 배를 채우는 것 이상의 가치를 추구하며, 새로운 제품을 가장 먼저 경험하고 공유하려는 경향이 강합니다"
119,여자,40대,서비스 종사자,대학교 졸업(전문대졸/대학원생 포함),경기도,2세대가족,기혼,맞벌이 함,700-800만원 미만,3,0.6611940298507462,0.5565576850807966,0.6117775354416575,0.7257590597453476,0.5703583061889251,0.409580006942034,0.408695652173913,트렌드 주도형 소비자,"자신의 취향과 경험을 중시하는 소비자 그룹입니다. 단순히 배를 채우는 것 이상의 가치를 추구하며, 새로운 제품을 가장 먼저 경험하고 공유하려는 경향이 강합니다"
120,여자,40대,주부,대학교 졸업(전문대졸/대학원생 포함),경상북도,2세대가족,기혼,맞벌이 하지 않음,400-500만원 미만,3,0.7194029850746269,0.4851559564073656,0.4165757906215921,0.8432908912830557,0.447557003257329,0.5348837209302325,0.4447826086956522,트렌드 주도형 소비자,"자신의 취향과 경험을 중시하는 소비자 그룹입니다. 단순히 배를 채우는 것 이상의 가치를 추구하며, 새로운 제품을 가장 먼저 경험하고 공유하려는 경향이 강합니다"
121,여자,40대,사무 종사자,대학교 졸업(전문대졸/대학원생 포함),대구광역시,2세대가족,기혼,맞벌이 함,500-600만원 미만,3,0.5223880597014926,0.378053363397219,0.2862595419847328,0.8775710088148874,0.4928338762214984,0.4151336341548073,0.5,트렌드 주도형 소비자,"자신의 취향과 경험을 중시하는 소비자 그룹입니다. 단순히 배를 채우는 것 이상의 가치를 추구하며, 새로운 제품을 가장 먼저 경험하고 공유하려는 경향이 강합니다"
122,여자,40대,사무 종사자,대학교 졸업(전문대졸/대학원생 포함),경기도,2세대가족,기혼,맞벌이 함,600-700만원 미만,3,0.503731343283582,0.4964299135663284,0.3955834242093783,0.8237022526934379,0.3631921824104235,0.5484206872613675,0.5956521739130435,트렌드 주도형 소비자,"자신의 취향과 경험을 중시하는 소비자 그룹입니다. 단순히 배를 채우는 것 이상의 가치를 추구하며, 새로운 제품을 가장 먼저 경험하고 공유하려는 경향이 강합니다"
123,여자,40대,사무 종사자,대학교 졸업(전문대졸/대학원생 포함),대구광역시,2세대가족,기혼,맞벌이 함,800-900만원 미만,3,0.503731343283582,0.7745208568207441,0.3347873500545256,0.8237022526934379,0.3814332247557003,0.4862894828184657,0.3130434782608695,트렌드 주도형 소비자,"자신의 취향과 경험을 중시하는 소비자 그룹입니다. 단순히 배를 채우는 것 이상의 가치를 추구하며, 새로운 제품을 가장 먼저 경험하고 공유하려는 경향이 강합니다"
124,여자,40대,전문가 및 관련 종사자,대학교 졸업(전문대졸/대학원생 포함),제주특별자치도,2세대가족,기혼,맞벌이 함,500-600만원 미만,3,0.5694029850746268,0.4212701991732431,0.4890948745910577,0.7453476983349656,0.4407166123778502,0.2440124956612287,0.6347826086956523,트렌드 주도형 소비자,"자신의 취향과 경험을 중시하는 소비자 그룹입니다. 단순히 배를 채우는 것 이상의 가치를 추구하며, 새로운 제품을 가장 먼저 경험하고 공유하려는 경향이 강합니다"
125,여자,40대,사무 종사자,대학교 졸업(전문대졸/대학원생 포함),경기도,2세대가족,기혼,맞벌이 함,600-700만원 미만,3,0.4656716417910447,0.4975573092822247,0.423391494002181,0.8824681684622917,0.4452768729641694,0.2943422422769872,0.4956521739130435,트렌드 주도형 소비자,"자신의 취향과 경험을 중시하는 소비자 그룹입니다. 단순히 배를 채우는 것 이상의 가치를 추구하며, 새로운 제품을 가장 먼저 경험하고 공유하려는 경향이 강합니다"
126,여자,40대,사무 종사자,대학교 졸업(전문대졸/대학원생 포함),경기도,2세대가족,기혼,맞벌이 함,600-700만원 미만,3,0.4402985074626864,0.590379556557685,0.4929116684841875,0.7649363369245838,0.3814332247557003,0.257896563693162,0.5869565217391305,트렌드 주도형 소비자,"자신의 취향과 경험을 중시하는 소비자 그룹입니다. 단순히 배를 채우는 것 이상의 가치를 추구하며, 새로운 제품을 가장 먼저 경험하고 공유하려는 경향이 강합니다"
127,여자,40대,사무 종사자,대학교 졸업(전문대졸/대학원생 포함),경기도,2세대가족,기혼,맞벌이 함,800-900만원 미만,3,0.7171641791044776,0.7557309282224727,0.3737731733914939,0.960822722820764,0.3228013029315961,0.3064908018049289,0.5217391304347827,트렌드 주도형 소비자,"자신의 취향과 경험을 중시하는 소비자 그룹입니다. 단순히 배를 채우는 것 이상의 가치를 추구하며, 새로운 제품을 가장 먼저 경험하고 공유하려는 경향이 강합니다"
128,여자,40대,관리자,대학교 졸업(전문대졸/대학원생 포함),경기도,2세대가족,기혼,맞벌이 함,600-700만원 미만,3,0.6089552238805969,0.6016535137166478,0.5106324972737186,0.9412340842311456,0.3765472312703583,0.3106560222145088,0.5795652173913044,트렌드 주도형 소비자,"자신의 취향과 경험을 중시하는 소비자 그룹입니다. 단순히 배를 채우는 것 이상의 가치를 추구하며, 새로운 제품을 가장 먼저 경험하고 공유하려는 경향이 강합니다"
129,여자,40대,사무 종사자,고졸(대학 재학 포함),부산광역시,2세대가족,기혼,맞벌이 함,400-500만원 미만,3,0.7074626865671642,0.5527996993611424,0.4651035986913849,0.8237022526934379,0.6270358306188926,0.3502256161055188,0.3565217391304348,트렌드 주도형 소비자,"자신의 취향과 경험을 중시하는 소비자 그룹입니다. 단순히 배를 채우는 것 이상의 가치를 추구하며, 새로운 제품을 가장 먼저 경험하고 공유하려는 경향이 강합니다"
130,여자,40대,판매 종사자,대학교 졸업(전문대졸/대학원생 포함),경상남도,2세대가족,기혼,맞벌이 함,500-600만원 미만,3,1.0,0.391206313416009,0.2265539803707742,0.8432908912830557,0.469055374592834,0.3359944463727872,0.9695652173913044,트렌드 주도형 소비자,"자신의 취향과 경험을 중시하는 소비자 그룹입니다. 단순히 배를 채우는 것 이상의 가치를 추구하며, 새로운 제품을 가장 먼저 경험하고 공유하려는 경향이 강합니다"
131,여자,40대,주부,대학교 졸업(전문대졸/대학원생 포함),부산광역시,2세대가족,기혼,맞벌이 하지 않음,400-500만원 미만,3,0.5395522388059701,0.5941375422773394,0.435659760087241,0.8432908912830557,0.5661237785016288,0.3866712946893439,0.2999999999999999,트렌드 주도형 소비자,"자신의 취향과 경험을 중시하는 소비자 그룹입니다. 단순히 배를 채우는 것 이상의 가치를 추구하며, 새로운 제품을 가장 먼저 경험하고 공유하려는 경향이 강합니다"
132,여자,40대,서비스 종사자,고졸(대학 재학 포함),경기도,2세대가족,기혼,맞벌이 함,500-600만원 미만,3,0.585820895522388,0.5313791807591131,0.4751908396946566,0.8824681684622917,0.6612377850162867,0.3620270739326623,0.583913043478261,트렌드 주도형 소비자,"자신의 취향과 경험을 중시하는 소비자 그룹입니다. 단순히 배를 채우는 것 이상의 가치를 추구하며, 새로운 제품을 가장 먼저 경험하고 공유하려는 경향이 강합니다"
133,여자,40대,주부,대학교 졸업(전문대졸/대학원생 포함),강원도,2세대가족,기혼,맞벌이 하지 않음,500-600만원 미만,3,0.7820895522388059,0.6129274708756106,0.4670119956379498,0.960822722820764,0.6501628664495115,0.3956959389101007,0.5086956521739131,트렌드 주도형 소비자,"자신의 취향과 경험을 중시하는 소비자 그룹입니다. 단순히 배를 채우는 것 이상의 가치를 추구하며, 새로운 제품을 가장 먼저 경험하고 공유하려는 경향이 강합니다"
134,남자,50대,사무 종사자,대학교 졸업(전문대졸/대학원생 포함),광주광역시,1세대가족,기혼,맞벌이 함,700-800만원 미만,0,0.2246268656716417,0.3987222848553175,0.306979280261723,0.7649363369245838,0.2674267100977199,0.3675807011454356,0.5782608695652174,실속형 미식가,편리성을 중시하면서도 새로운 맛과 제품을 시도하는 데 적극적인 소비자 그룹입니다. 가격에 민감하기보다는 효율성과 맛을 동시에 추구합니다.
135,남자,50대,기능원 및 관련 기능 종사자,고졸(대학 재학 포함),전라남도,1세대가족,기혼,맞벌이 함,400-500만원 미만,1,0.5768656716417909,0.4813979706877113,0.6682115594329334,0.9020568070519096,0.3830618892508143,0.2981603609857688,0.191304347826087,건강 추구형 소비자,가격이나 브랜드에 크게 구애받지 않고 건강을 최우선으로 고려하는 프리미엄 소비자 그룹입니다. 건강과 편리성을 모두 만족시키는 제품에 기꺼이 지갑을 엽니다.
136,남자,50대,서비스 종사자,고졸(대학 재학 포함),전라북도,1세대가족,기혼,맞벌이 하지 않음,500-600만원 미만,3,0.7111940298507462,0.4287861706125516,0.1657579062159215,0.7649363369245838,0.4211726384364821,0.1909059354390836,0.6478260869565218,트렌드 주도형 소비자,"자신의 취향과 경험을 중시하는 소비자 그룹입니다. 단순히 배를 채우는 것 이상의 가치를 추구하며, 새로운 제품을 가장 먼저 경험하고 공유하려는 경향이 강합니다"
137,남자,50대,장치·기계 조작 및 조립 종사자,고졸(대학 재학 포함),경상북도,1세대가족,기혼,맞벌이 함,400-500만원 미만,3,0.5402985074626865,0.4550920706501316,0.3844056706652126,0.9216454456415276,0.3908794788273616,0.3283582089552238,0.4739130434782609,트렌드 주도형 소비자,"자신의 취향과 경험을 중시하는 소비자 그룹입니다. 단순히 배를 채우는 것 이상의 가치를 추구하며, 새로운 제품을 가장 먼저 경험하고 공유하려는 경향이 강합니다"
138,남자,50대,서비스 종사자,대학교 졸업(전문대졸/대학원생 포함),충청남도,1인 가구,미혼(사별/이혼 포함),맞벌이 하지 않음,400-500만원 미만,0,0.4194029850746268,0.4964299135663284,0.2407306434023991,0.7845249755142016,0.3013029315960912,0.3696633113502255,0.3869565217391305,실속형 미식가,편리성을 중시하면서도 새로운 맛과 제품을 시도하는 데 적극적인 소비자 그룹입니다. 가격에 민감하기보다는 효율성과 맛을 동시에 추구합니다.
139,남자,50대,기능원 및 관련 기능 종사자,중졸 이하,경상북도,1인 가구,미혼(사별/이혼 포함),맞벌이 하지 않음,200-300만원 미만,0,0.153731343283582,0.3081548290116497,0.0689749182115594,0.6953966699314398,0.054071661237785,0.5102395001735508,0.8391304347826088,실속형 미식가,편리성을 중시하면서도 새로운 맛과 제품을 시도하는 데 적극적인 소비자 그룹입니다. 가격에 민감하기보다는 효율성과 맛을 동시에 추구합니다.
140,남자,50대,서비스 종사자,고졸(대학 재학 포함),경상북도,1인 가구,미혼(사별/이혼 포함),맞벌이 하지 않음,300-400만원 미만,0,0.1567164179104477,0.5189778278842541,0.3838604143947656,0.8432908912830557,0.2723127035830618,0.4685872960777507,0.4739130434782609,실속형 미식가,편리성을 중시하면서도 새로운 맛과 제품을 시도하는 데 적극적인 소비자 그룹입니다. 가격에 민감하기보다는 효율성과 맛을 동시에 추구합니다.
141,남자,50대,사무 종사자,대학교 졸업(전문대졸/대학원생 포함),부산광역시,1인 가구,미혼(사별/이혼 포함),맞벌이 하지 않음,300-400만원 미만,1,0.430597014925373,0.5077038707252912,0.5877862595419848,0.8824681684622917,0.4804560260586319,0.3991669559180839,0.3521739130434782,건강 추구형 소비자,가격이나 브랜드에 크게 구애받지 않고 건강을 최우선으로 고려하는 프리미엄 소비자 그룹입니다. 건강과 편리성을 모두 만족시키는 제품에 기꺼이 지갑을 엽니다.
142,남자,50대,사무 종사자,대학교 졸업(전문대졸/대학원생 포함),강원도,1인 가구,미혼(사별/이혼 포함),맞벌이 하지 않음,300-400만원 미만,3,0.476865671641791,0.5802329951146186,0.4806434023991276,0.9216454456415276,0.4654723127035831,0.3991669559180839,0.6043478260869565,트렌드 주도형 소비자,"자신의 취향과 경험을 중시하는 소비자 그룹입니다. 단순히 배를 채우는 것 이상의 가치를 추구하며, 새로운 제품을 가장 먼저 경험하고 공유하려는 경향이 강합니다"
143,남자,50대,군인,대학교 졸업(전문대졸/대학원생 포함),강원도,1인 가구,미혼(사별/이혼 포함),맞벌이 하지 않음,400-500만원 미만,3,0.5708955223880596,0.5652010522360016,0.4342966194111232,0.8824681684622917,0.5726384364820848,0.4297119055883374,0.5304347826086957,트렌드 주도형 소비자,"자신의 취향과 경험을 중시하는 소비자 그룹입니다. 단순히 배를 채우는 것 이상의 가치를 추구하며, 새로운 제품을 가장 먼저 경험하고 공유하려는 경향이 강합니다"
144,남자,50대,전문가 및 관련 종사자,고졸(대학 재학 포함),경상북도,2세대가족,미혼(사별/이혼 포함),맞벌이 하지 않음,500-600만원 미만,0,0.208955223880597,0.5223600150319428,0.5332606324972738,0.6758080313418218,0.2573289902280131,0.2325581395348837,0.5173913043478261,실속형 미식가,편리성을 중시하면서도 새로운 맛과 제품을 시도하는 데 적극적인 소비자 그룹입니다. 가격에 민감하기보다는 효율성과 맛을 동시에 추구합니다.
145,남자,50대,사무 종사자,대학교 졸업(전문대졸/대학원생 포함),충청북도,2세대가족,기혼,맞벌이 함,600-700만원 미만,0,0.1753731343283582,0.7125140924464487,0.1063249727371864,0.9363369245837414,0.0635179153094462,0.5397431447414092,0.5217391304347827,실속형 미식가,편리성을 중시하면서도 새로운 맛과 제품을 시도하는 데 적극적인 소비자 그룹입니다. 가격에 민감하기보다는 효율성과 맛을 동시에 추구합니다.
146,남자,50대,판매 종사자,고졸(대학 재학 포함),광주광역시,2세대가족,기혼,맞벌이 하지 않음,300-400만원 미만,3,0.48955223880597,0.3461104847801578,0.40567066521265,0.7845249755142016,0.4351791530944626,0.3998611593196806,0.591304347826087,트렌드 주도형 소비자,"자신의 취향과 경험을 중시하는 소비자 그룹입니다. 단순히 배를 채우는 것 이상의 가치를 추구하며, 새로운 제품을 가장 먼저 경험하고 공유하려는 경향이 강합니다"
147,남자,50대,학생,고졸(대학 재학 포함),서울특별시,2세대가족,미혼(사별/이혼 포함),맞벌이 하지 않음,300-400만원 미만,3,0.4753731343283581,0.6027809094325441,0.4465648854961832,0.9216454456415276,0.3550488599348534,0.5036445678583825,0.3913043478260869,트렌드 주도형 소비자,"자신의 취향과 경험을 중시하는 소비자 그룹입니다. 단순히 배를 채우는 것 이상의 가치를 추구하며, 새로운 제품을 가장 먼저 경험하고 공유하려는 경향이 강합니다"
148,남자,50대,서비스 종사자,고졸(대학 재학 포함),부산광역시,2세대가족,기혼,맞벌이 하지 않음,300-400만원 미만,3,0.7910447761194029,0.4588500563697858,0.519629225736096,0.8628795298726737,0.6465798045602607,0.3488372093023255,0.3839130434782609,트렌드 주도형 소비자,"자신의 취향과 경험을 중시하는 소비자 그룹입니다. 단순히 배를 채우는 것 이상의 가치를 추구하며, 새로운 제품을 가장 먼저 경험하고 공유하려는 경향이 강합니다"
149,여자,50대,서비스 종사자,대학교 졸업(전문대졸/대학원생 포함),경상북도,1세대가족,기혼,맞벌이 함,500-600만원 미만,0,0.5044776119402985,0.3179255918827508,0.1507633587786259,0.701273261508325,0.2071661237785016,0.2325581395348837,0.91,실속형 미식가,편리성을 중시하면서도 새로운 맛과 제품을 시도하는 데 적극적인 소비자 그룹입니다. 가격에 민감하기보다는 효율성과 맛을 동시에 추구합니다.
150,여자,50대,판매 종사자,고졸(대학 재학 포함),전라남도,1세대가족,기혼,맞벌이 함,400-500만원 미만,0,0.4843283582089552,0.6166854565952649,0.2420937840785169,0.7453476983349656,0.2716612377850163,0.3623741756334606,0.5130434782608696,실속형 미식가,편리성을 중시하면서도 새로운 맛과 제품을 시도하는 데 적극적인 소비자 그룹입니다. 가격에 민감하기보다는 효율성과 맛을 동시에 추구합니다.
151,여자,50대,서비스 종사자,고졸(대학 재학 포함),대전광역시,1세대가족,기혼,맞벌이 함,500-600만원 미만,0,0.462686567164179,0.6110484780157835,0.2088331515812432,0.7796278158667971,0.3289902280130293,0.1318986463033668,0.2695652173913043,실속형 미식가,편리성을 중시하면서도 새로운 맛과 제품을 시도하는 데 적극적인 소비자 그룹입니다. 가격에 민감하기보다는 효율성과 맛을 동시에 추구합니다.
152,여자,50대,주부,대학교 졸업(전문대졸/대학원생 포함),인천광역시,1세대가족,기혼,맞벌이 하지 않음,400-500만원 미만,0,0.4253731343283581,0.6366027809094326,0.0327153762268266,0.8041136141038197,0.1726384364820847,0.4245053800763624,0.5304347826086957,실속형 미식가,편리성을 중시하면서도 새로운 맛과 제품을 시도하는 데 적극적인 소비자 그룹입니다. 가격에 민감하기보다는 효율성과 맛을 동시에 추구합니다.
153,여자,50대,사무 종사자,고졸(대학 재학 포함),충청남도,1세대가족,기혼,맞벌이 함,500-600만원 미만,0,0.5014925373134328,0.5978955279969936,0.2470010905125409,0.7453476983349656,0.3899022801302931,0.3245400902464422,0.3173913043478261,실속형 미식가,편리성을 중시하면서도 새로운 맛과 제품을 시도하는 데 적극적인 소비자 그룹입니다. 가격에 민감하기보다는 효율성과 맛을 동시에 추구합니다.
154,여자,50대,사무 종사자,대학교 졸업(전문대졸/대학원생 포함),충청남도,1세대가족,기혼,맞벌이 함,600-700만원 미만,0,0.1194029850746268,0.9932356257046224,0.3497818974918211,0.8550440744368264,0.0325732899022801,0.594585213467546,0.1652173913043479,실속형 미식가,편리성을 중시하면서도 새로운 맛과 제품을 시도하는 데 적극적인 소비자 그룹입니다. 가격에 민감하기보다는 효율성과 맛을 동시에 추구합니다.
155,여자,50대,사무 종사자,대학교 졸업(전문대졸/대학원생 포함),대전광역시,1세대가족,기혼,맞벌이 함,400-500만원 미만,0,0.3156716417910447,0.6429913566328448,0.3426935659760086,0.7845249755142016,0.2517915309446254,0.3602915654286706,0.5260869565217392,실속형 미식가,편리성을 중시하면서도 새로운 맛과 제품을 시도하는 데 적극적인 소비자 그룹입니다. 가격에 민감하기보다는 효율성과 맛을 동시에 추구합니다.
156,여자,50대,주부,고졸(대학 재학 포함),세종특별자치시,1세대가족,기혼,맞벌이 하지 않음,500-600만원 미만,0,0.2656716417910447,0.6279594137542277,0.4582878953107961,0.8432908912830557,0.2123778501628664,0.458521346754599,0.491304347826087,실속형 미식가,편리성을 중시하면서도 새로운 맛과 제품을 시도하는 데 적극적인 소비자 그룹입니다. 가격에 민감하기보다는 효율성과 맛을 동시에 추구합니다.
157,여자,50대,서비스 종사자,고졸(대학 재학 포함),경상북도,1세대가족,기혼,맞벌이 함,100-200만원 미만,0,0.4544776119402985,0.5001878992859827,0.4446564885496182,0.8237022526934379,0.3231270358306189,0.4192988545643873,0.4708695652173914,실속형 미식가,편리성을 중시하면서도 새로운 맛과 제품을 시도하는 데 적극적인 소비자 그룹입니다. 가격에 민감하기보다는 효율성과 맛을 동시에 추구합니다.
158,여자,50대,주부,고졸(대학 재학 포함),경상북도,1세대가족,기혼,맞벌이 하지 않음,200-300만원 미만,1,0.5395522388059701,0.391206313416009,0.6395856052344603,0.8237022526934379,0.2517915309446254,0.4099271086428322,0.2565217391304347,건강 추구형 소비자,가격이나 브랜드에 크게 구애받지 않고 건강을 최우선으로 고려하는 프리미엄 소비자 그룹입니다. 건강과 편리성을 모두 만족시키는 제품에 기꺼이 지갑을 엽니다.
159,여자,50대,주부,대학교 졸업(전문대졸/대학원생 포함),인천광역시,1세대가족,기혼,맞벌이 하지 않음,400-500만원 미만,1,0.330597014925373,0.3555054490792935,0.6919302071973829,0.701273261508325,0.5573289902280131,0.2464422075668171,0.1173913043478261,건강 추구형 소비자,가격이나 브랜드에 크게 구애받지 않고 건강을 최우선으로 고려하는 프리미엄 소비자 그룹입니다. 건강과 편리성을 모두 만족시키는 제품에 기꺼이 지갑을 엽니다.
160,여자,50대,서비스 종사자,고졸(대학 재학 포함),경기도,1세대가족,기혼,맞벌이 함,"900-1,000만원 미만",1,0.2828358208955223,0.4205186020293123,0.8544165757906214,0.8188050930460331,0.4931596091205212,0.2221450885109337,0.1695652173913044,건강 추구형 소비자,가격이나 브랜드에 크게 구애받지 않고 건강을 최우선으로 고려하는 프리미엄 소비자 그룹입니다. 건강과 편리성을 모두 만족시키는 제품에 기꺼이 지갑을 엽니다.
161,여자,50대,서비스 종사자,고졸(대학 재학 포함),강원도,1세대가족,기혼,맞벌이 함,400-500만원 미만,1,0.2485074626865671,0.4325441563322059,0.7739912758996726,0.8628795298726737,0.5697068403908795,0.412703922249219,0.3565217391304348,건강 추구형 소비자,가격이나 브랜드에 크게 구애받지 않고 건강을 최우선으로 고려하는 프리미엄 소비자 그룹입니다. 건강과 편리성을 모두 만족시키는 제품에 기꺼이 지갑을 엽니다.
162,여자,50대,서비스 종사자,고졸(대학 재학 포함),전라북도,1세대가족,기혼,맞벌이 함,400-500만원 미만,1,0.1865671641791044,0.4325441563322059,0.9160305343511452,0.8628795298726737,0.6306188925081433,0.3609857688302672,0.4521739130434782,건강 추구형 소비자,가격이나 브랜드에 크게 구애받지 않고 건강을 최우선으로 고려하는 프리미엄 소비자 그룹입니다. 건강과 편리성을 모두 만족시키는 제품에 기꺼이 지갑을 엽니다.
163,여자,50대,주부,고졸(대학 재학 포함),경상남도,1세대가족,기혼,맞벌이 하지 않음,200-300만원 미만,1,0.1716417910447761,0.4212701991732431,0.6687568157033806,0.7649363369245838,0.4657980456026059,0.2700451232211037,0.1217391304347826,건강 추구형 소비자,가격이나 브랜드에 크게 구애받지 않고 건강을 최우선으로 고려하는 프리미엄 소비자 그룹입니다. 건강과 편리성을 모두 만족시키는 제품에 기꺼이 지갑을 엽니다.
164,여자,50대,기능원 및 관련 기능 종사자,고졸(대학 재학 포함),서울특별시,1세대가족,기혼,맞벌이 함,300-400만원 미만,3,0.7686567164179104,0.560315670800451,0.6221374045801527,0.8432908912830557,0.5293159609120521,0.3436306837903505,0.4652173913043478,트렌드 주도형 소비자,"자신의 취향과 경험을 중시하는 소비자 그룹입니다. 단순히 배를 채우는 것 이상의 가치를 추구하며, 새로운 제품을 가장 먼저 경험하고 공유하려는 경향이 강합니다"
165,여자,50대,서비스 종사자,고졸(대학 재학 포함),경상남도,1세대가족,기혼,맞벌이 함,700-800만원 미만,3,0.712686567164179,0.5640736565201052,0.3675027262813521,0.7453476983349656,0.4381107491856678,0.3519611246095107,0.408695652173913,트렌드 주도형 소비자,"자신의 취향과 경험을 중시하는 소비자 그룹입니다. 단순히 배를 채우는 것 이상의 가치를 추구하며, 새로운 제품을 가장 먼저 경험하고 공유하려는 경향이 강합니다"
166,여자,50대,서비스 종사자,고졸(대학 재학 포함),울산광역시,1세대가족,기혼,맞벌이 함,500-600만원 미만,3,0.7074626865671642,0.8271326568959038,0.329607415485278,0.9020568070519096,0.3895765472312703,0.3554321416174939,0.4708695652173914,트렌드 주도형 소비자,"자신의 취향과 경험을 중시하는 소비자 그룹입니다. 단순히 배를 채우는 것 이상의 가치를 추구하며, 새로운 제품을 가장 먼저 경험하고 공유하려는 경향이 강합니다"
167,여자,50대,사무 종사자,대학교 졸업(전문대졸/대학원생 포함),울산광역시,1세대가족,기혼,맞벌이 함,400-500만원 미만,3,0.7007462686567164,0.7256670424652385,0.3007088331515812,0.8824681684622917,0.3221498371335505,0.4186046511627906,0.5186956521739131,트렌드 주도형 소비자,"자신의 취향과 경험을 중시하는 소비자 그룹입니다. 단순히 배를 채우는 것 이상의 가치를 추구하며, 새로운 제품을 가장 먼저 경험하고 공유하려는 경향이 강합니다"
168,여자,50대,주부,고졸(대학 재학 포함),부산광역시,1세대가족,기혼,맞벌이 하지 않음,300-400만원 미만,3,0.6082089552238805,0.6692972566704246,0.2598146128680479,0.8628795298726737,0.2664495114006515,0.3568205484206872,0.6000000000000001,트렌드 주도형 소비자,"자신의 취향과 경험을 중시하는 소비자 그룹입니다. 단순히 배를 채우는 것 이상의 가치를 추구하며, 새로운 제품을 가장 먼저 경험하고 공유하려는 경향이 강합니다"
169,여자,50대,기능원 및 관련 기능 종사자,고졸(대학 재학 포함),경상남도,1세대가족,기혼,맞벌이 함,600-700만원 미만,3,0.5507462686567164,0.6730552423900789,0.5556161395856053,0.9412340842311456,0.5322475570032573,0.3557792433182922,0.7130434782608697,트렌드 주도형 소비자,"자신의 취향과 경험을 중시하는 소비자 그룹입니다. 단순히 배를 채우는 것 이상의 가치를 추구하며, 새로운 제품을 가장 먼저 경험하고 공유하려는 경향이 강합니다"
170,여자,50대,전문가 및 관련 종사자,대학교 졸업(전문대졸/대학원생 포함),세종특별자치시,1세대가족,기혼,맞벌이 함,500-600만원 미만,3,0.7007462686567164,0.6580232995114619,0.3347873500545256,0.9020568070519096,0.3742671009771987,0.4359597362027073,0.4173913043478261,트렌드 주도형 소비자,"자신의 취향과 경험을 중시하는 소비자 그룹입니다. 단순히 배를 채우는 것 이상의 가치를 추구하며, 새로운 제품을 가장 먼저 경험하고 공유하려는 경향이 강합니다"
171,여자,50대,사무 종사자,대학교 졸업(전문대졸/대학원생 포함),대전광역시,1세대가족,기혼,맞벌이 함,500-600만원 미만,3,0.4970149253731341,0.5415257422021795,0.452835332606325,0.7453476983349656,0.4811074918566775,0.4380423464074973,0.4260869565217392,트렌드 주도형 소비자,"자신의 취향과 경험을 중시하는 소비자 그룹입니다. 단순히 배를 채우는 것 이상의 가치를 추구하며, 새로운 제품을 가장 먼저 경험하고 공유하려는 경향이 강합니다"
172,여자,50대,판매 종사자,고졸(대학 재학 포함),부산광역시,1세대가족,기혼,맞벌이 하지 않음,100-200만원 미만,3,0.8283582089552238,0.6166854565952649,0.3634133042529989,0.9020568070519096,0.4716612377850163,0.5015619576535926,0.4956521739130435,트렌드 주도형 소비자,"자신의 취향과 경험을 중시하는 소비자 그룹입니다. 단순히 배를 채우는 것 이상의 가치를 추구하며, 새로운 제품을 가장 먼저 경험하고 공유하려는 경향이 강합니다"
173,여자,50대,판매 종사자,고졸(대학 재학 포함),전라북도,1세대가족,기혼,맞벌이 함,600-700만원 미만,3,0.6186567164179104,0.4588500563697858,0.1943838604143948,0.7257590597453476,0.3091205211726384,0.221450885109337,0.6565217391304348,트렌드 주도형 소비자,"자신의 취향과 경험을 중시하는 소비자 그룹입니다. 단순히 배를 채우는 것 이상의 가치를 추구하며, 새로운 제품을 가장 먼저 경험하고 공유하려는 경향이 강합니다"
174,여자,50대,서비스 종사자,대학교 졸업(전문대졸/대학원생 포함),전라북도,1세대가족,기혼,맞벌이 함,400-500만원 미만,3,0.5619402985074626,0.5678316422397595,0.2339149400218102,0.7257590597453476,0.3570032573289902,0.248524817771607,0.4260869565217392,트렌드 주도형 소비자,"자신의 취향과 경험을 중시하는 소비자 그룹입니다. 단순히 배를 채우는 것 이상의 가치를 추구하며, 새로운 제품을 가장 먼저 경험하고 공유하려는 경향이 강합니다"
175,여자,50대,주부,고졸(대학 재학 포함),전라남도,1세대가족,기혼,맞벌이 하지 않음,300-400만원 미만,3,0.6455223880597014,0.7557309282224727,0.2729007633587786,0.8237022526934379,0.2768729641693811,0.2811523776466504,0.4521739130434782,트렌드 주도형 소비자,"자신의 취향과 경험을 중시하는 소비자 그룹입니다. 단순히 배를 채우는 것 이상의 가치를 추구하며, 새로운 제품을 가장 먼저 경험하고 공유하려는 경향이 강합니다"
176,여자,50대,주부,고졸(대학 재학 포함),세종특별자치시,1세대가족,기혼,맞벌이 하지 않음,400-500만원 미만,3,0.6350746268656715,0.8121007140172867,0.2625408942202836,0.8628795298726737,0.3749185667752442,0.5182228392919125,0.4273913043478262,트렌드 주도형 소비자,"자신의 취향과 경험을 중시하는 소비자 그룹입니다. 단순히 배를 채우는 것 이상의 가치를 추구하며, 새로운 제품을 가장 먼저 경험하고 공유하려는 경향이 강합니다"
177,여자,50대,서비스 종사자,대학교 졸업(전문대졸/대학원생 포함),전라북도,1인 가구,미혼(사별/이혼 포함),맞벌이 하지 않음,200-300만원 미만,0,0.1664179104477611,1.0,0.5321701199563795,0.9804113614103818,0.3944625407166124,0.5060742797639709,0.3695652173913043,실속형 미식가,편리성을 중시하면서도 새로운 맛과 제품을 시도하는 데 적극적인 소비자 그룹입니다. 가격에 민감하기보다는 효율성과 맛을 동시에 추구합니다.
178,여자,50대,사무 종사자,대학교 졸업(전문대졸/대학원생 포함),제주특별자치도,1인 가구,미혼(사별/이혼 포함),맞벌이 하지 않음,200-300만원 미만,0,0.1194029850746268,0.3818113491168733,0.3206106870229007,0.701273261508325,0.3791530944625407,0.2554668517875738,0.7869565217391304,실속형 미식가,편리성을 중시하면서도 새로운 맛과 제품을 시도하는 데 적극적인 소비자 그룹입니다. 가격에 민감하기보다는 효율성과 맛을 동시에 추구합니다.
179,여자,50대,사무 종사자,고졸(대학 재학 포함),경상북도,1인 가구,미혼(사별/이혼 포함),맞벌이 하지 않음,200-300만원 미만,0,0.208955223880597,0.3720405862457722,0.4880043620501635,0.6366307541625857,0.250814332247557,0.2013189864630336,0.4304347826086957,실속형 미식가,편리성을 중시하면서도 새로운 맛과 제품을 시도하는 데 적극적인 소비자 그룹입니다. 가격에 민감하기보다는 효율성과 맛을 동시에 추구합니다.
180,여자,50대,판매 종사자,고졸(대학 재학 포함),광주광역시,1인 가구,미혼(사별/이혼 포함),맞벌이 하지 않음,100-200만원 미만,0,0.4067164179104476,0.4099962420142803,0.2742639040348963,0.7649363369245838,0.4218241042345277,0.3776466504685872,0.4434782608695652,실속형 미식가,편리성을 중시하면서도 새로운 맛과 제품을 시도하는 데 적극적인 소비자 그룹입니다. 가격에 민감하기보다는 효율성과 맛을 동시에 추구합니다.
181,여자,50대,주부,대학교 졸업(전문대졸/대학원생 포함),서울특별시,1인 가구,기혼,맞벌이 하지 않음,"900-1,000만원 미만",1,0.3619402985074626,0.5340097707628711,0.7617230098146127,0.8432908912830557,0.4446254071661238,0.199583477959042,0.0869565217391304,건강 추구형 소비자,가격이나 브랜드에 크게 구애받지 않고 건강을 최우선으로 고려하는 프리미엄 소비자 그룹입니다. 건강과 편리성을 모두 만족시키는 제품에 기꺼이 지갑을 엽니다.
182,여자,50대,사무 종사자,고졸(대학 재학 포함),강원도,1인 가구,미혼(사별/이혼 포함),맞벌이 하지 않음,300-400만원 미만,1,0.3007462686567163,0.4813979706877113,0.8135223555070882,0.8824681684622917,0.541042345276873,0.365845192641444,0.3317391304347826,건강 추구형 소비자,가격이나 브랜드에 크게 구애받지 않고 건강을 최우선으로 고려하는 프리미엄 소비자 그룹입니다. 건강과 편리성을 모두 만족시키는 제품에 기꺼이 지갑을 엽니다.
183,여자,50대,서비스 종사자,중졸 이하,전라북도,1인 가구,기혼,맞벌이 하지 않음,100-200만원 미만,1,0.3985074626865671,0.46260804208944,0.6303162486368593,0.8041136141038197,0.4198697068403909,0.3727872266574106,0.2826086956521739,건강 추구형 소비자,가격이나 브랜드에 크게 구애받지 않고 건강을 최우선으로 고려하는 프리미엄 소비자 그룹입니다. 건강과 편리성을 모두 만족시키는 제품에 기꺼이 지갑을 엽니다.
184,여자,50대,판매 종사자,대학교 졸업(전문대졸/대학원생 포함),대구광역시,1인 가구,미혼(사별/이혼 포함),맞벌이 하지 않음,300-400만원 미만,3,0.514179104477612,0.378053363397219,0.2753544165757905,0.8775710088148874,0.4957654723127035,0.4477611940298507,0.491304347826087,트렌드 주도형 소비자,"자신의 취향과 경험을 중시하는 소비자 그룹입니다. 단순히 배를 채우는 것 이상의 가치를 추구하며, 새로운 제품을 가장 먼저 경험하고 공유하려는 경향이 강합니다"
185,여자,50대,판매 종사자,고졸(대학 재학 포함),부산광역시,1인 가구,미혼(사별/이혼 포함),맞벌이 하지 않음,300-400만원 미만,3,0.5462686567164179,0.5396467493423525,0.3827699018538714,0.8579823702252691,0.4013029315960912,0.3769524470669906,0.3826086956521739,트렌드 주도형 소비자,"자신의 취향과 경험을 중시하는 소비자 그룹입니다. 단순히 배를 채우는 것 이상의 가치를 추구하며, 새로운 제품을 가장 먼저 경험하고 공유하려는 경향이 강합니다"
186,여자,50대,단순노무 종사자,고졸(대학 재학 포함),부산광역시,1인 가구,미혼(사별/이혼 포함),맞벌이 하지 않음,100-200만원 미만,3,0.5395522388059701,0.5978955279969936,0.3705016357688113,0.8041136141038197,0.4687296416938111,0.3158625477264839,0.408695652173913,트렌드 주도형 소비자,"자신의 취향과 경험을 중시하는 소비자 그룹입니다. 단순히 배를 채우는 것 이상의 가치를 추구하며, 새로운 제품을 가장 먼저 경험하고 공유하려는 경향이 강합니다"
187,여자,50대,서비스 종사자,대학교 졸업(전문대졸/대학원생 포함),울산광역시,1인 가구,미혼(사별/이혼 포함),맞벌이 하지 않음,300-400만원 미만,3,0.6470149253731343,0.3874483276963547,0.1371319520174482,0.8628795298726737,0.2628664495114007,0.5380076362374175,0.8739130434782608,트렌드 주도형 소비자,"자신의 취향과 경험을 중시하는 소비자 그룹입니다. 단순히 배를 채우는 것 이상의 가치를 추구하며, 새로운 제품을 가장 먼저 경험하고 공유하려는 경향이 강합니다"
188,여자,50대,주부,고졸(대학 재학 포함),대구광역시,1인 가구,미혼(사별/이혼 포함),맞벌이 하지 않음,200-300만원 미만,3,0.6455223880597014,0.363021420518602,0.1079607415485277,0.8383937316356511,0.3045602605863192,0.1804928844151336,0.8478260869565218,트렌드 주도형 소비자,"자신의 취향과 경험을 중시하는 소비자 그룹입니다. 단순히 배를 채우는 것 이상의 가치를 추구하며, 새로운 제품을 가장 먼저 경험하고 공유하려는 경향이 강합니다"
189,여자,50대,서비스 종사자,대학교 졸업(전문대졸/대학원생 포함),강원도,2세대가족,기혼,맞벌이 함,600-700만원 미만,0,0.2611940298507462,0.3367155204810221,0.5817884405670665,0.7600391772771791,0.3713355048859935,0.1631377993752169,0.6186956521739131,실속형 미식가,편리성을 중시하면서도 새로운 맛과 제품을 시도하는 데 적극적인 소비자 그룹입니다. 가격에 민감하기보다는 효율성과 맛을 동시에 추구합니다.
190,여자,50대,주부,고졸(대학 재학 포함),전라북도,2세대가족,기혼,맞벌이 하지 않음,400-500만원 미만,0,0.430597014925373,0.6542653137918076,0.2434569247546346,0.8432908912830557,0.2811074918566775,0.442901770218674,0.6173913043478261,실속형 미식가,편리성을 중시하면서도 새로운 맛과 제품을 시도하는 데 적극적인 소비자 그룹입니다. 가격에 민감하기보다는 효율성과 맛을 동시에 추구합니다.
191,여자,50대,서비스 종사자,대학교 졸업(전문대졸/대학원생 포함),울산광역시,2세대가족,기혼,맞벌이 함,600-700만원 미만,0,0.3492537313432835,0.5264937993235626,0.5539803707742639,0.9999999999999998,0.3211726384364821,0.2585907670947587,0.6869565217391306,실속형 미식가,편리성을 중시하면서도 새로운 맛과 제품을 시도하는 데 적극적인 소비자 그룹입니다. 가격에 민감하기보다는 효율성과 맛을 동시에 추구합니다.
192,여자,50대,서비스 종사자,대학교 졸업(전문대졸/대학원생 포함),대전광역시,2세대가족,기혼,맞벌이 함,500-600만원 미만,0,0.2865671641791044,0.6880871852686959,0.0517993456924754,0.8237022526934379,0.1185667752442996,0.3637625824366539,0.4173913043478261,실속형 미식가,편리성을 중시하면서도 새로운 맛과 제품을 시도하는 데 적극적인 소비자 그룹입니다. 가격에 민감하기보다는 효율성과 맛을 동시에 추구합니다.
193,여자,50대,서비스 종사자,대학교 졸업(전문대졸/대학원생 포함),제주특별자치도,2세대가족,미혼(사별/이혼 포함),맞벌이 하지 않음,200-300만원 미만,0,0.044776119402985,0.3799323562570462,0.6183206106870229,0.7453476983349656,0.3289902280130293,0.237070461645262,0.5217391304347827,실속형 미식가,편리성을 중시하면서도 새로운 맛과 제품을 시도하는 데 적극적인 소비자 그룹입니다. 가격에 민감하기보다는 효율성과 맛을 동시에 추구합니다.
194,여자,50대,관리자,대학교 졸업(전문대졸/대학원생 포함),경기도,2세대가족,기혼,맞벌이 함,600-700만원 미만,0,0.3753731343283581,0.477639984968057,0.3691384950926936,0.8237022526934379,0.4745928338762214,0.3429364803887539,0.5521739130434783,실속형 미식가,편리성을 중시하면서도 새로운 맛과 제품을 시도하는 데 적극적인 소비자 그룹입니다. 가격에 민감하기보다는 효율성과 맛을 동시에 추구합니다.
195,여자,50대,사무 종사자,고졸(대학 재학 포함),서울특별시,2세대가족,기혼,맞벌이 함,700-800만원 미만,0,0.3395522388059701,0.4588500563697858,0.3931297709923663,0.8432908912830557,0.2700325732899023,0.2752516487330788,0.8434782608695651,실속형 미식가,편리성을 중시하면서도 새로운 맛과 제품을 시도하는 데 적극적인 소비자 그룹입니다. 가격에 민감하기보다는 효율성과 맛을 동시에 추구합니다.
196,여자,50대,판매 종사자,대학교 졸업(전문대졸/대학원생 포함),충청남도,2세대가족,기혼,맞벌이 함,500-600만원 미만,0,0.3283582089552238,0.5772266065388951,0.1780261723009814,0.7796278158667971,0.2410423452768729,0.1596667823672336,0.3882608695652174,실속형 미식가,편리성을 중시하면서도 새로운 맛과 제품을 시도하는 데 적극적인 소비자 그룹입니다. 가격에 민감하기보다는 효율성과 맛을 동시에 추구합니다.
197,여자,50대,기능원 및 관련 기능 종사자,고졸(대학 재학 포함),경상북도,2세대가족,기혼,맞벌이 함,400-500만원 미만,0,0.2477611940298507,0.3055242390078918,0.0109051254089422,0.6199804113614102,0.0885993485342019,0.4696286011801457,0.8217391304347826,실속형 미식가,편리성을 중시하면서도 새로운 맛과 제품을 시도하는 데 적극적인 소비자 그룹입니다. 가격에 민감하기보다는 효율성과 맛을 동시에 추구합니다.
198,여자,50대,서비스 종사자,대학교 졸업(전문대졸/대학원생 포함),전라북도,2세대가족,기혼,맞벌이 함,500-600만원 미만,0,0.4186567164179103,0.5866215708380308,0.2625408942202836,0.8432908912830557,0.3250814332247557,0.3995140576188822,0.573913043478261,실속형 미식가,편리성을 중시하면서도 새로운 맛과 제품을 시도하는 데 적극적인 소비자 그룹입니다. 가격에 민감하기보다는 효율성과 맛을 동시에 추구합니다.
199,여자,50대,주부,고졸(대학 재학 포함),충청북도,2세대가족,기혼,맞벌이 하지 않음,700-800만원 미만,0,0.2507462686567164,0.3987222848553175,0.4345692475463468,0.8628795298726737,0.3309446254071661,0.4671988892745574,0.5347826086956522,실속형 미식가,편리성을 중시하면서도 새로운 맛과 제품을 시도하는 데 적극적인 소비자 그룹입니다. 가격에 민감하기보다는 효율성과 맛을 동시에 추구합니다.
200,여자,50대,서비스 종사자,고졸(대학 재학 포함),대전광역시,2세대가족,기혼,맞벌이 하지 않음,700-800만원 미만,0,0.1567164179104477,0.3573844419391206,0.3293347873500545,0.8432908912830557,0.3485342019543974,0.4446372787226657,0.4260869565217392,실속형 미식가,편리성을 중시하면서도 새로운 맛과 제품을 시도하는 데 적극적인 소비자 그룹입니다. 가격에 민감하기보다는 효율성과 맛을 동시에 추구합니다.
201,여자,50대,서비스 종사자,대학교 졸업(전문대졸/대학원생 포함),경기도,2세대가족,기혼,맞벌이 함,"900-1,000만원 미만",0,0.2708955223880596,0.6805712138293873,0.4070338058887677,0.960822722820764,0.4664495114006515,0.4786532454009025,0.482608695652174,실속형 미식가,편리성을 중시하면서도 새로운 맛과 제품을 시도하는 데 적극적인 소비자 그룹입니다. 가격에 민감하기보다는 효율성과 맛을 동시에 추구합니다.
202,여자,50대,사무 종사자,고졸(대학 재학 포함),대전광역시,2세대가족,기혼,맞벌이 함,700-800만원 미만,0,0.344776119402985,0.3649004133784291,0.3320610687022901,0.8432908912830557,0.4804560260586319,0.4297119055883374,0.4143478260869566,실속형 미식가,편리성을 중시하면서도 새로운 맛과 제품을 시도하는 데 적극적인 소비자 그룹입니다. 가격에 민감하기보다는 효율성과 맛을 동시에 추구합니다.
203,여자,50대,서비스 종사자,대학교 졸업(전문대졸/대학원생 포함),경상북도,2세대가족,기혼,맞벌이 함,300-400만원 미만,0,0.2201492537313432,0.6328447951897783,0.3478735005452562,0.7845249755142016,0.163843648208469,0.2790697674418605,0.6130434782608697,실속형 미식가,편리성을 중시하면서도 새로운 맛과 제품을 시도하는 데 적극적인 소비자 그룹입니다. 가격에 민감하기보다는 효율성과 맛을 동시에 추구합니다.
204,여자,50대,판매 종사자,고졸(대학 재학 포함),충청남도,2세대가족,기혼,맞벌이 함,500-600만원 미만,0,0.3380597014925372,0.5358887636226982,0.2878953107960741,0.7404505386875613,0.2908794788273616,0.1388406803193335,0.3665217391304348,실속형 미식가,편리성을 중시하면서도 새로운 맛과 제품을 시도하는 데 적극적인 소비자 그룹입니다. 가격에 민감하기보다는 효율성과 맛을 동시에 추구합니다.
205,여자,50대,주부,대학교 졸업(전문대졸/대학원생 포함),서울특별시,2세대가족,기혼,맞벌이 하지 않음,400-500만원 미만,0,0.294776119402985,0.4513340849304772,0.2816248636859324,0.8432908912830557,0.2241042345276873,0.5414786532454009,0.7186956521739131,실속형 미식가,편리성을 중시하면서도 새로운 맛과 제품을 시도하는 데 적극적인 소비자 그룹입니다. 가격에 민감하기보다는 효율성과 맛을 동시에 추구합니다.
206,여자,50대,장치·기계 조작 및 조립 종사자,고졸(대학 재학 포함),경기도,2세대가족,기혼,맞벌이 함,700-800만원 미만,0,0.2910447761194029,0.5001878992859827,0.4784623773173391,0.8432908912830557,0.2869706840390879,0.2950364456785839,0.6956521739130436,실속형 미식가,편리성을 중시하면서도 새로운 맛과 제품을 시도하는 데 적극적인 소비자 그룹입니다. 가격에 민감하기보다는 효율성과 맛을 동시에 추구합니다.
207,여자,50대,서비스 종사자,고졸(대학 재학 포함),제주특별자치도,2세대가족,미혼(사별/이혼 포함),맞벌이 하지 않음,200-300만원 미만,0,0.4798507462686567,0.5847425779782036,0.2933478735005452,0.681684622918707,0.3342019543973941,0.3009371745921554,0.2521739130434782,실속형 미식가,편리성을 중시하면서도 새로운 맛과 제품을 시도하는 데 적극적인 소비자 그룹입니다. 가격에 민감하기보다는 효율성과 맛을 동시에 추구합니다.
208,여자,50대,주부,대학교 졸업(전문대졸/대학원생 포함),서울특별시,2세대가족,기혼,맞벌이 하지 않음,500-600만원 미만,0,0.2313432835820895,0.6880871852686959,0.022628135223555,0.8237022526934379,0.171986970684039,0.3332176327664006,0.4273913043478262,실속형 미식가,편리성을 중시하면서도 새로운 맛과 제품을 시도하는 데 적극적인 소비자 그룹입니다. 가격에 민감하기보다는 효율성과 맛을 동시에 추구합니다.
209,여자,50대,사무 종사자,고졸(대학 재학 포함),부산광역시,2세대가족,기혼,맞벌이 함,600-700만원 미만,0,0.1514925373134328,0.5753476136790681,0.5956924754634678,0.8628795298726737,0.2957654723127035,0.2672683096147171,0.4565217391304348,실속형 미식가,편리성을 중시하면서도 새로운 맛과 제품을 시도하는 데 적극적인 소비자 그룹입니다. 가격에 민감하기보다는 효율성과 맛을 동시에 추구합니다.
210,여자,50대,전문가 및 관련 종사자,대학교 졸업(전문대졸/대학원생 포함),제주특별자치도,2세대가족,기혼,맞벌이 하지 않음,300-400만원 미만,0,0.5298507462686567,0.4363021420518602,0.0640676117775354,0.7649363369245838,0.2762214983713354,0.2516487330787921,0.6260869565217393,실속형 미식가,편리성을 중시하면서도 새로운 맛과 제품을 시도하는 데 적극적인 소비자 그룹입니다. 가격에 민감하기보다는 효율성과 맛을 동시에 추구합니다.
211,여자,50대,서비스 종사자,고졸(대학 재학 포함),경기도,2세대가족,미혼(사별/이혼 포함),맞벌이 하지 않음,400-500만원 미만,1,0.5559701492537313,0.4513340849304772,0.6886586695747002,0.8628795298726737,0.7967426710097721,0.3717459215550156,0.1,건강 추구형 소비자,가격이나 브랜드에 크게 구애받지 않고 건강을 최우선으로 고려하는 프리미엄 소비자 그룹입니다. 건강과 편리성을 모두 만족시키는 제품에 기꺼이 지갑을 엽니다.
212,여자,50대,서비스 종사자,고졸(대학 재학 포함),경기도,2세대가족,기혼,맞벌이 함,"1,000만원 이상",1,0.0597014925373134,0.3679068019541526,0.7966194111232278,0.720861900097943,0.4732899022801303,0.1874349184311003,0.0782608695652174,건강 추구형 소비자,가격이나 브랜드에 크게 구애받지 않고 건강을 최우선으로 고려하는 프리미엄 소비자 그룹입니다. 건강과 편리성을 모두 만족시키는 제품에 기꺼이 지갑을 엽니다.
213,여자,50대,주부,고졸(대학 재학 포함),대구광역시,2세대가족,기혼,맞벌이 하지 않음,300-400만원 미만,1,0.4888059701492536,0.4513340849304772,0.4978189749182116,0.8041136141038197,0.4651465798045603,0.5692467893092675,0.3391304347826087,건강 추구형 소비자,가격이나 브랜드에 크게 구애받지 않고 건강을 최우선으로 고려하는 프리미엄 소비자 그룹입니다. 건강과 편리성을 모두 만족시키는 제품에 기꺼이 지갑을 엽니다.
214,여자,50대,판매 종사자,대학교 졸업(전문대졸/대학원생 포함),인천광역시,2세대가족,기혼,맞벌이 함,600-700만원 미만,1,0.4567164179104476,0.3949642991356632,0.8017993456924756,0.7649363369245838,0.5895765472312704,0.4671988892745574,0.1521739130434782,건강 추구형 소비자,가격이나 브랜드에 크게 구애받지 않고 건강을 최우선으로 고려하는 프리미엄 소비자 그룹입니다. 건강과 편리성을 모두 만족시키는 제품에 기꺼이 지갑을 엽니다.
215,여자,50대,판매 종사자,고졸(대학 재학 포함),서울특별시,2세대가족,기혼,맞벌이 함,500-600만원 미만,1,0.3373134328358209,0.5302517850432169,0.5708833151581242,0.9216454456415276,0.4794788273615635,0.5623047552933009,0.4882608695652174,건강 추구형 소비자,가격이나 브랜드에 크게 구애받지 않고 건강을 최우선으로 고려하는 프리미엄 소비자 그룹입니다. 건강과 편리성을 모두 만족시키는 제품에 기꺼이 지갑을 엽니다.
216,여자,50대,판매 종사자,대학교 졸업(전문대졸/대학원생 포함),충청남도,2세대가족,기혼,맞벌이 함,500-600만원 미만,1,0.5447761194029851,0.2792183389703119,0.4310250817884405,0.6395690499510283,0.636156351791531,0.1596667823672336,0.2739130434782609,건강 추구형 소비자,가격이나 브랜드에 크게 구애받지 않고 건강을 최우선으로 고려하는 프리미엄 소비자 그룹입니다. 건강과 편리성을 모두 만족시키는 제품에 기꺼이 지갑을 엽니다.
217,여자,50대,사무 종사자,대학교 졸업(전문대졸/대학원생 포함),부산광역시,2세대가족,기혼,맞벌이 함,700-800만원 미만,1,0.7238805970149254,0.3536264562194663,0.7268266085059979,0.7649363369245838,0.2964169381107492,0.3342589378687955,0.1565217391304348,건강 추구형 소비자,가격이나 브랜드에 크게 구애받지 않고 건강을 최우선으로 고려하는 프리미엄 소비자 그룹입니다. 건강과 편리성을 모두 만족시키는 제품에 기꺼이 지갑을 엽니다.
218,여자,50대,판매 종사자,대학교 졸업(전문대졸/대학원생 포함),서울특별시,2세대가족,기혼,맞벌이 함,"1,000만원 이상",1,0.2611940298507462,0.6403607666290869,0.6526717557251908,0.8824681684622917,0.2850162866449512,0.2440124956612287,0.1521739130434782,건강 추구형 소비자,가격이나 브랜드에 크게 구애받지 않고 건강을 최우선으로 고려하는 프리미엄 소비자 그룹입니다. 건강과 편리성을 모두 만족시키는 제품에 기꺼이 지갑을 엽니다.
219,여자,50대,서비스 종사자,고졸(대학 재학 포함),경상남도,2세대가족,기혼,맞벌이 함,500-600만원 미만,1,0.4149253731343283,0.5452837279218339,0.623773173391494,0.8432908912830557,0.4452768729641694,0.237070461645262,0.4217391304347826,건강 추구형 소비자,가격이나 브랜드에 크게 구애받지 않고 건강을 최우선으로 고려하는 프리미엄 소비자 그룹입니다. 건강과 편리성을 모두 만족시키는 제품에 기꺼이 지갑을 엽니다.
220,여자,50대,서비스 종사자,고졸(대학 재학 포함),대구광역시,2세대가족,기혼,맞벌이 하지 않음,200-300만원 미만,1,0.3432835820895522,0.4614806463735438,0.6382224645583424,0.7619980411361409,0.386970684039088,0.2637972926067338,0.4695652173913044,건강 추구형 소비자,가격이나 브랜드에 크게 구애받지 않고 건강을 최우선으로 고려하는 프리미엄 소비자 그룹입니다. 건강과 편리성을 모두 만족시키는 제품에 기꺼이 지갑을 엽니다.
221,여자,50대,판매 종사자,고졸(대학 재학 포함),경기도,2세대가족,기혼,맞벌이 함,700-800만원 미만,1,0.5895522388059702,0.5264937993235626,0.7082878953107961,0.8628795298726737,0.3843648208469056,0.2672683096147171,0.2347826086956522,건강 추구형 소비자,가격이나 브랜드에 크게 구애받지 않고 건강을 최우선으로 고려하는 프리미엄 소비자 그룹입니다. 건강과 편리성을 모두 만족시키는 제품에 기꺼이 지갑을 엽니다.
222,여자,50대,주부,대학교 졸업(전문대졸/대학원생 포함),경기도,2세대가족,기혼,맞벌이 하지 않음,500-600만원 미만,1,0.4507462686567163,0.6204434423149191,0.556434023991276,0.8432908912830557,0.6521172638436482,0.4040263797292607,0.1260869565217391,건강 추구형 소비자,가격이나 브랜드에 크게 구애받지 않고 건강을 최우선으로 고려하는 프리미엄 소비자 그룹입니다. 건강과 편리성을 모두 만족시키는 제품에 기꺼이 지갑을 엽니다.
223,여자,50대,서비스 종사자,고졸(대학 재학 포함),경상남도,2세대가족,기혼,맞벌이 함,500-600만원 미만,1,0.1716417910447761,0.6054114994363021,0.5324427480916031,0.7845249755142016,0.2811074918566775,0.1874349184311003,0.201304347826087,건강 추구형 소비자,가격이나 브랜드에 크게 구애받지 않고 건강을 최우선으로 고려하는 프리미엄 소비자 그룹입니다. 건강과 편리성을 모두 만족시키는 제품에 기꺼이 지갑을 엽니다.
224,여자,50대,서비스 종사자,고졸(대학 재학 포함),경상북도,2세대가족,미혼(사별/이혼 포함),맞벌이 하지 않음,400-500만원 미만,1,0.3477611940298507,0.4513340849304772,0.5591603053435116,0.8237022526934379,0.3537459283387622,0.4140923290524124,0.2317391304347826,건강 추구형 소비자,가격이나 브랜드에 크게 구애받지 않고 건강을 최우선으로 고려하는 프리미엄 소비자 그룹입니다. 건강과 편리성을 모두 만족시키는 제품에 기꺼이 지갑을 엽니다.
225,여자,50대,서비스 종사자,고졸(대학 재학 포함),광주광역시,2세대가족,기혼,맞벌이 함,600-700만원 미만,1,0.1865671641791044,0.3987222848553175,0.7767175572519084,0.8628795298726737,0.3061889250814332,0.1561957653592502,0.1478260869565218,건강 추구형 소비자,가격이나 브랜드에 크게 구애받지 않고 건강을 최우선으로 고려하는 프리미엄 소비자 그룹입니다. 건강과 편리성을 모두 만족시키는 제품에 기꺼이 지갑을 엽니다.
226,여자,50대,사무 종사자,대학교 졸업(전문대졸/대학원생 포함),대구광역시,2세대가족,기혼,맞벌이 함,600-700만원 미만,1,0.4589552238805969,0.4926719278466741,0.4820065430752454,0.8432908912830557,0.5026058631921825,0.5067684831655674,0.2652173913043478,건강 추구형 소비자,가격이나 브랜드에 크게 구애받지 않고 건강을 최우선으로 고려하는 프리미엄 소비자 그룹입니다. 건강과 편리성을 모두 만족시키는 제품에 기꺼이 지갑을 엽니다.
227,여자,50대,전문가 및 관련 종사자,대학교 졸업(전문대졸/대학원생 포함),경기도,2세대가족,기혼,맞벌이 함,700-800만원 미만,1,0.503731343283582,0.4701240135287486,0.5340785169029443,0.8041136141038197,0.5403908794788275,0.3613328705310655,0.3913043478260869,건강 추구형 소비자,가격이나 브랜드에 크게 구애받지 않고 건강을 최우선으로 고려하는 프리미엄 소비자 그룹입니다. 건강과 편리성을 모두 만족시키는 제품에 기꺼이 지갑을 엽니다.
228,여자,50대,서비스 종사자,대학교 졸업(전문대졸/대학원생 포함),충청남도,2세대가족,기혼,맞벌이 함,600-700만원 미만,1,0.5149253731343283,0.2968808718526869,0.3489640130861504,0.6170421155729677,0.5211726384364822,0.0763623741756334,0.2434782608695652,건강 추구형 소비자,가격이나 브랜드에 크게 구애받지 않고 건강을 최우선으로 고려하는 프리미엄 소비자 그룹입니다. 건강과 편리성을 모두 만족시키는 제품에 기꺼이 지갑을 엽니다.
229,여자,50대,사무 종사자,대학교 졸업(전문대졸/대학원생 포함),인천광역시,2세대가족,기혼,맞벌이 함,600-700만원 미만,1,0.7208955223880595,0.4487034949267193,0.7055616139585605,0.8628795298726737,0.7625407166123779,0.3491843110031238,0.1304347826086956,건강 추구형 소비자,가격이나 브랜드에 크게 구애받지 않고 건강을 최우선으로 고려하는 프리미엄 소비자 그룹입니다. 건강과 편리성을 모두 만족시키는 제품에 기꺼이 지갑을 엽니다.
230,여자,50대,사무 종사자,대학교 졸업(전문대졸/대학원생 포함),광주광역시,2세대가족,기혼,맞벌이 함,400-500만원 미만,3,0.5044776119402985,0.4287861706125516,0.2829880043620502,0.9020568070519096,0.3319218241042346,0.199583477959042,0.5260869565217392,트렌드 주도형 소비자,"자신의 취향과 경험을 중시하는 소비자 그룹입니다. 단순히 배를 채우는 것 이상의 가치를 추구하며, 새로운 제품을 가장 먼저 경험하고 공유하려는 경향이 강합니다"
231,여자,50대,서비스 종사자,고졸(대학 재학 포함),울산광역시,2세대가족,기혼,맞벌이 함,400-500만원 미만,3,0.5007462686567163,0.6505073280721533,0.4623773173391494,0.8628795298726737,0.495114006514658,0.2637972926067338,0.4,트렌드 주도형 소비자,"자신의 취향과 경험을 중시하는 소비자 그룹입니다. 단순히 배를 채우는 것 이상의 가치를 추구하며, 새로운 제품을 가장 먼저 경험하고 공유하려는 경향이 강합니다"
232,여자,50대,서비스 종사자,대학교 졸업(전문대졸/대학원생 포함),울산광역시,2세대가족,기혼,맞벌이 함,600-700만원 미만,3,0.4313432835820894,0.5452837279218339,0.5618865866957471,0.9804113614103818,0.3944625407166124,0.2655328011107254,0.6043478260869565,트렌드 주도형 소비자,"자신의 취향과 경험을 중시하는 소비자 그룹입니다. 단순히 배를 채우는 것 이상의 가치를 추구하며, 새로운 제품을 가장 먼저 경험하고 공유하려는 경향이 강합니다"
233,여자,50대,서비스 종사자,대학교 졸업(전문대졸/대학원생 포함),서울특별시,2세대가족,기혼,맞벌이 함,500-600만원 미만,3,0.8276119402985075,0.3818113491168733,0.2914394765539804,0.7992164544564153,0.4882736156351792,0.2742103436306838,0.8521739130434783,트렌드 주도형 소비자,"자신의 취향과 경험을 중시하는 소비자 그룹입니다. 단순히 배를 채우는 것 이상의 가치를 추구하며, 새로운 제품을 가장 먼저 경험하고 공유하려는 경향이 강합니다"
234,여자,50대,판매 종사자,고졸(대학 재학 포함),부산광역시,2세대가족,기혼,맞벌이 함,500-600만원 미만,3,0.8589552238805969,0.4175122134535888,0.3301526717557251,0.8432908912830557,0.4361563517915309,0.3783408538701839,0.9608695652173914,트렌드 주도형 소비자,"자신의 취향과 경험을 중시하는 소비자 그룹입니다. 단순히 배를 채우는 것 이상의 가치를 추구하며, 새로운 제품을 가장 먼저 경험하고 공유하려는 경향이 강합니다"
235,여자,50대,서비스 종사자,고졸(대학 재학 포함),대구광역시,2세대가족,미혼(사별/이혼 포함),맞벌이 하지 않음,500-600만원 미만,3,0.4231343283582089,0.4562194663660277,0.4882769901853871,0.6865817825661116,0.4485342019543973,0.4071502950364457,0.5360869565217392,트렌드 주도형 소비자,"자신의 취향과 경험을 중시하는 소비자 그룹입니다. 단순히 배를 채우는 것 이상의 가치를 추구하며, 새로운 제품을 가장 먼저 경험하고 공유하려는 경향이 강합니다"
236,여자,50대,서비스 종사자,대학교 졸업(전문대졸/대학원생 포함),울산광역시,2세대가족,미혼(사별/이혼 포함),맞벌이 하지 않음,400-500만원 미만,3,0.5597014925373134,0.5527996993611424,0.4465648854961832,0.9804113614103818,0.4482084690553746,0.2846233946546338,0.5347826086956522,트렌드 주도형 소비자,"자신의 취향과 경험을 중시하는 소비자 그룹입니다. 단순히 배를 채우는 것 이상의 가치를 추구하며, 새로운 제품을 가장 먼저 경험하고 공유하려는 경향이 강합니다"
237,여자,50대,사무 종사자,대학교 졸업(전문대졸/대학원생 포함),충청남도,2세대가족,기혼,맞벌이 함,600-700만원 미만,3,0.6761194029850744,0.7489665539270951,0.3893129770992366,0.7179236043095005,0.375244299674267,0.4512322110378339,0.5652173913043479,트렌드 주도형 소비자,"자신의 취향과 경험을 중시하는 소비자 그룹입니다. 단순히 배를 채우는 것 이상의 가치를 추구하며, 새로운 제품을 가장 먼저 경험하고 공유하려는 경향이 강합니다"
238,여자,50대,판매 종사자,고졸(대학 재학 포함),부산광역시,2세대가족,기혼,맞벌이 함,300-400만원 미만,3,0.8828358208955224,0.6956031567080044,0.3642311886586695,0.8432908912830557,0.4537459283387622,0.3932662270045124,0.6000000000000001,트렌드 주도형 소비자,"자신의 취향과 경험을 중시하는 소비자 그룹입니다. 단순히 배를 채우는 것 이상의 가치를 추구하며, 새로운 제품을 가장 먼저 경험하고 공유하려는 경향이 강합니다"
239,여자,50대,주부,대학교 졸업(전문대졸/대학원생 포함),부산광역시,2세대가족,기혼,맞벌이 하지 않음,500-600만원 미만,3,0.5962686567164179,0.5527996993611424,0.5662486368593238,0.8628795298726737,0.604885993485342,0.257896563693162,0.408695652173913,트렌드 주도형 소비자,"자신의 취향과 경험을 중시하는 소비자 그룹입니다. 단순히 배를 채우는 것 이상의 가치를 추구하며, 새로운 제품을 가장 먼저 경험하고 공유하려는 경향이 강합니다"
240,여자,50대,주부,대학교 졸업(전문대졸/대학원생 포함),서울특별시,2세대가족,기혼,맞벌이 하지 않음,600-700만원 미만,3,0.4843283582089552,0.3340849304772642,0.314340239912759,0.701273261508325,0.5436482084690555,0.205831308573412,0.4347826086956522,트렌드 주도형 소비자,"자신의 취향과 경험을 중시하는 소비자 그룹입니다. 단순히 배를 채우는 것 이상의 가치를 추구하며, 새로운 제품을 가장 먼저 경험하고 공유하려는 경향이 강합니다"
241,여자,50대,서비스 종사자,고졸(대학 재학 포함),인천광역시,2세대가족,기혼,맞벌이 함,600-700만원 미만,3,0.6119402985074627,0.4175122134535888,0.2988004362050164,0.8041136141038197,0.2980456026058632,0.4009024644220755,0.8000000000000002,트렌드 주도형 소비자,"자신의 취향과 경험을 중시하는 소비자 그룹입니다. 단순히 배를 채우는 것 이상의 가치를 추구하며, 새로운 제품을 가장 먼저 경험하고 공유하려는 경향이 강합니다"
242,여자,50대,주부,대학교 졸업(전문대졸/대학원생 포함),경기도,2세대가족,기혼,맞벌이 하지 않음,500-600만원 미만,3,0.3283582089552238,0.5189778278842541,0.5517993456924755,0.960822722820764,0.5449511400651467,0.2960777507809788,0.5956521739130435,트렌드 주도형 소비자,"자신의 취향과 경험을 중시하는 소비자 그룹입니다. 단순히 배를 채우는 것 이상의 가치를 추구하며, 새로운 제품을 가장 먼저 경험하고 공유하려는 경향이 강합니다"
243,여자,50대,사무 종사자,대학교 졸업(전문대졸/대학원생 포함),서울특별시,2세대가족,기혼,맞벌이 함,"900-1,000만원 미만",3,0.6567164179104478,0.7444569710635099,0.3974918211559433,0.9804113614103818,0.388599348534202,0.3818118708781673,0.6521739130434783,트렌드 주도형 소비자,"자신의 취향과 경험을 중시하는 소비자 그룹입니다. 단순히 배를 채우는 것 이상의 가치를 추구하며, 새로운 제품을 가장 먼저 경험하고 공유하려는 경향이 강합니다"
244,여자,50대,서비스 종사자,고졸(대학 재학 포함),부산광역시,2세대가족,기혼,맞벌이 함,600-700만원 미만,3,0.5022388059701492,0.503945885005637,0.5725190839694657,0.8432908912830557,0.541042345276873,0.236029156542867,0.4869565217391305,트렌드 주도형 소비자,"자신의 취향과 경험을 중시하는 소비자 그룹입니다. 단순히 배를 채우는 것 이상의 가치를 추구하며, 새로운 제품을 가장 먼저 경험하고 공유하려는 경향이 강합니다"
245,여자,50대,판매 종사자,고졸(대학 재학 포함),강원도,2세대가족,기혼,맞벌이 함,500-600만원 미만,3,0.4462686567164177,0.5565576850807966,0.5332606324972738,0.960822722820764,0.5368078175895766,0.3904894133981256,0.6304347826086957,트렌드 주도형 소비자,"자신의 취향과 경험을 중시하는 소비자 그룹입니다. 단순히 배를 채우는 것 이상의 가치를 추구하며, 새로운 제품을 가장 먼저 경험하고 공유하려는 경향이 강합니다"
246,여자,50대,사무 종사자,대학교 졸업(전문대졸/대학원생 포함),울산광역시,2세대가족,기혼,맞벌이 함,500-600만원 미만,3,0.7074626865671642,0.5077038707252912,0.4002181025081789,0.8432908912830557,0.4358306188925082,0.3727872266574106,0.573913043478261,트렌드 주도형 소비자,"자신의 취향과 경험을 중시하는 소비자 그룹입니다. 단순히 배를 채우는 것 이상의 가치를 추구하며, 새로운 제품을 가장 먼저 경험하고 공유하려는 경향이 강합니다"
247,여자,50대,서비스 종사자,고졸(대학 재학 포함),서울특별시,2세대가족,기혼,맞벌이 함,700-800만원 미만,3,0.7701492537313432,0.6956031567080044,0.428298800436205,0.9804113614103818,0.4104234527687296,0.4998264491496007,0.691304347826087,트렌드 주도형 소비자,"자신의 취향과 경험을 중시하는 소비자 그룹입니다. 단순히 배를 채우는 것 이상의 가치를 추구하며, 새로운 제품을 가장 먼저 경험하고 공유하려는 경향이 강합니다"
248,여자,50대,전문가 및 관련 종사자,고졸(대학 재학 포함),전라남도,2세대가족,미혼(사별/이혼 포함),맞벌이 하지 않음,600-700만원 미만,3,0.5522388059701492,0.3645246148064637,0.2529989094874592,0.7345739471106758,0.4146579804560261,0.3005900728913571,0.5434782608695653,트렌드 주도형 소비자,"자신의 취향과 경험을 중시하는 소비자 그룹입니다. 단순히 배를 채우는 것 이상의 가치를 추구하며, 새로운 제품을 가장 먼저 경험하고 공유하려는 경향이 강합니다"
249,여자,50대,서비스 종사자,고졸(대학 재학 포함),경기도,2세대가족,기혼,맞벌이 함,600-700만원 미만,3,0.6014925373134328,0.6411123637730176,0.2748091603053435,0.7600391772771791,0.3677524429967427,0.3904894133981256,0.501304347826087,트렌드 주도형 소비자,"자신의 취향과 경험을 중시하는 소비자 그룹입니다. 단순히 배를 채우는 것 이상의 가치를 추구하며, 새로운 제품을 가장 먼저 경험하고 공유하려는 경향이 강합니다"
250,여자,50대,사무 종사자,대학교 졸업(전문대졸/대학원생 포함),세종특별자치시,2세대가족,기혼,맞벌이 함,600-700만원 미만,3,0.5738805970149254,0.5715896279594137,0.3470556161395856,0.8041136141038197,0.2667752442996743,0.3266227004512322,0.3869565217391305,트렌드 주도형 소비자,"자신의 취향과 경험을 중시하는 소비자 그룹입니다. 단순히 배를 채우는 것 이상의 가치를 추구하며, 새로운 제품을 가장 먼저 경험하고 공유하려는 경향이 강합니다"
251,남자,60대 이상,판매 종사자,고졸(대학 재학 포함),충청남도,1세대가족,기혼,맞벌이 함,300-400만원 미만,0,0.285820895522388,0.633596392333709,0.4711014176663031,0.681684622918707,0.2364820846905537,0.3172509545296772,0.3043478260869565,실속형 미식가,편리성을 중시하면서도 새로운 맛과 제품을 시도하는 데 적극적인 소비자 그룹입니다. 가격에 민감하기보다는 효율성과 맛을 동시에 추구합니다.
252,남자,60대 이상,판매 종사자,대학교 졸업(전문대졸/대학원생 포함),충청남도,1세대가족,기혼,맞벌이 하지 않음,300-400만원 미만,0,0.0298507462686567,0.7970687711386696,0.2788985823336969,0.960822722820764,0.0488599348534202,0.6223533495314127,0.4534782608695653,실속형 미식가,편리성을 중시하면서도 새로운 맛과 제품을 시도하는 데 적극적인 소비자 그룹입니다. 가격에 민감하기보다는 효율성과 맛을 동시에 추구합니다.
253,남자,60대 이상,기능원 및 관련 기능 종사자,고졸(대학 재학 포함),충청남도,1세대가족,기혼,맞벌이 함,500-600만원 미만,1,0.1791044776119402,0.2630590003757986,0.4034896401308615,0.5582761998041135,0.3267100977198697,0.1735508503991669,0.1652173913043479,건강 추구형 소비자,가격이나 브랜드에 크게 구애받지 않고 건강을 최우선으로 고려하는 프리미엄 소비자 그룹입니다. 건강과 편리성을 모두 만족시키는 제품에 기꺼이 지갑을 엽니다.
254,남자,60대 이상,기능원 및 관련 기능 종사자,고졸(대학 재학 포함),인천광역시,1세대가족,기혼,맞벌이 함,500-600만원 미만,1,0.594776119402985,0.3536264562194663,0.5556161395856053,0.7649363369245838,0.3866449511400651,0.4130510239500173,0.191304347826087,건강 추구형 소비자,가격이나 브랜드에 크게 구애받지 않고 건강을 최우선으로 고려하는 프리미엄 소비자 그룹입니다. 건강과 편리성을 모두 만족시키는 제품에 기꺼이 지갑을 엽니다.
255,남자,60대 이상,장치·기계 조작 및 조립 종사자,고졸(대학 재학 포함),전라남도,1세대가족,기혼,맞벌이 하지 않음,200-300만원 미만,3,0.535820895522388,0.5501691093573845,0.5651581243184297,0.8041136141038197,0.2436482084690553,0.5244706699062825,0.3869565217391305,트렌드 주도형 소비자,"자신의 취향과 경험을 중시하는 소비자 그룹입니다. 단순히 배를 채우는 것 이상의 가치를 추구하며, 새로운 제품을 가장 먼저 경험하고 공유하려는 경향이 강합니다"
256,남자,60대 이상,기능원 및 관련 기능 종사자,고졸(대학 재학 포함),충청북도,1인 가구,미혼(사별/이혼 포함),맞벌이 하지 않음,200-300만원 미만,0,0.4052238805970148,0.5772266065388951,0.2688113413304253,0.7796278158667971,0.3742671009771987,0.1770218674071502,0.2217391304347827,실속형 미식가,편리성을 중시하면서도 새로운 맛과 제품을 시도하는 데 적극적인 소비자 그룹입니다. 가격에 민감하기보다는 효율성과 맛을 동시에 추구합니다.
257,남자,60대 이상,단순노무 종사자,고졸(대학 재학 포함),서울특별시,1인 가구,미혼(사별/이혼 포함),맞벌이 하지 않음,200-300만원 미만,1,0.1567164179104477,0.406238256294626,0.7091057797164668,0.8628795298726737,0.3420195439739414,0.4241582783755639,0.3478260869565217,건강 추구형 소비자,가격이나 브랜드에 크게 구애받지 않고 건강을 최우선으로 고려하는 프리미엄 소비자 그룹입니다. 건강과 편리성을 모두 만족시키는 제품에 기꺼이 지갑을 엽니다.
258,남자,60대 이상,장치·기계 조작 및 조립 종사자,중졸 이하,대전광역시,1인 가구,미혼(사별/이혼 포함),맞벌이 하지 않음,200-300만원 미만,3,0.6417910447761194,0.6298384066140549,0.2350054525627044,0.7600391772771791,0.4557003257328991,0.1874349184311003,0.3478260869565217,트렌드 주도형 소비자,"자신의 취향과 경험을 중시하는 소비자 그룹입니다. 단순히 배를 채우는 것 이상의 가치를 추구하며, 새로운 제품을 가장 먼저 경험하고 공유하려는 경향이 강합니다"
259,남자,60대 이상,사무 종사자,대학교 졸업(전문대졸/대학원생 포함),부산광역시,2세대가족,기혼,맞벌이 함,600-700만원 미만,0,0.4029850746268656,0.590379556557685,0.1439476553980371,0.7257590597453476,0.3765472312703583,0.3415480735855606,0.2782608695652174,실속형 미식가,편리성을 중시하면서도 새로운 맛과 제품을 시도하는 데 적극적인 소비자 그룹입니다. 가격에 민감하기보다는 효율성과 맛을 동시에 추구합니다.
260,남자,60대 이상,전문가 및 관련 종사자,고졸(대학 재학 포함),광주광역시,2세대가족,기혼,맞벌이 함,500-600만원 미만,3,0.5865671641791044,0.4513340849304772,0.2339149400218102,0.8041136141038197,0.4263843648208469,0.2506074279763971,0.4869565217391305,트렌드 주도형 소비자,"자신의 취향과 경험을 중시하는 소비자 그룹입니다. 단순히 배를 채우는 것 이상의 가치를 추구하며, 새로운 제품을 가장 먼저 경험하고 공유하려는 경향이 강합니다"
261,여자,60대 이상,주부,고졸(대학 재학 포함),서울특별시,1세대가족,기혼,맞벌이 하지 않음,300-400만원 미만,0,0.1910447761194029,0.6685456595264938,0.0526172300981461,0.7992164544564153,0.0915309446254071,0.3845886844845539,0.4578260869565218,실속형 미식가,편리성을 중시하면서도 새로운 맛과 제품을 시도하는 데 적극적인 소비자 그룹입니다. 가격에 민감하기보다는 효율성과 맛을 동시에 추구합니다.
262,여자,60대 이상,서비스 종사자,대학교 졸업(전문대졸/대학원생 포함),대전광역시,1세대가족,기혼,맞벌이 함,500-600만원 미만,0,0.3686567164179103,0.4889139421270199,0.3342420937840784,0.7649363369245838,0.2710097719869707,0.4644220756681708,0.6317391304347827,실속형 미식가,편리성을 중시하면서도 새로운 맛과 제품을 시도하는 데 적극적인 소비자 그룹입니다. 가격에 민감하기보다는 효율성과 맛을 동시에 추구합니다.
263,여자,60대 이상,주부,고졸(대학 재학 포함),전라남도,1세대가족,기혼,맞벌이 하지 않음,200-300만원 미만,0,0.2014925373134328,0.3581360390830514,0.1526717557251908,0.7571008814887366,0.1889250814332247,0.4512322110378339,0.5869565217391305,실속형 미식가,편리성을 중시하면서도 새로운 맛과 제품을 시도하는 데 적극적인 소비자 그룹입니다. 가격에 민감하기보다는 효율성과 맛을 동시에 추구합니다.
264,여자,60대 이상,판매 종사자,고졸(대학 재학 포함),강원도,1세대가족,기혼,맞벌이 함,300-400만원 미만,0,0.203731343283582,0.5095828635851183,0.5684296619411123,0.662095984329089,0.1713355048859934,0.3471017007983339,0.2913043478260869,실속형 미식가,편리성을 중시하면서도 새로운 맛과 제품을 시도하는 데 적극적인 소비자 그룹입니다. 가격에 민감하기보다는 효율성과 맛을 동시에 추구합니다.
265,여자,60대 이상,주부,고졸(대학 재학 포함),경기도,1세대가족,기혼,맞벌이 하지 않음,300-400만원 미만,0,0.4052238805970148,0.5415257422021795,0.4612868047982551,0.8628795298726737,0.3133550488599348,0.2325581395348837,0.6304347826086957,실속형 미식가,편리성을 중시하면서도 새로운 맛과 제품을 시도하는 데 적극적인 소비자 그룹입니다. 가격에 민감하기보다는 효율성과 맛을 동시에 추구합니다.
266,여자,60대 이상,주부,중졸 이하,경상남도,1세대가족,기혼,맞벌이 하지 않음,100만원 미만,0,0.3582089552238806,0.5411499436302143,0.3279716466739367,0.6758080313418218,0.2768729641693811,0.3842415827837556,0.3565217391304348,실속형 미식가,편리성을 중시하면서도 새로운 맛과 제품을 시도하는 데 적극적인 소비자 그룹입니다. 가격에 민감하기보다는 효율성과 맛을 동시에 추구합니다.
267,여자,60대 이상,주부,고졸(대학 재학 포함),부산광역시,1세대가족,기혼,맞벌이 하지 않음,200-300만원 미만,0,0.244776119402985,0.4813979706877113,0.3699563794983641,0.7845249755142016,0.3495114006514658,0.194376952447067,0.4130434782608696,실속형 미식가,편리성을 중시하면서도 새로운 맛과 제품을 시도하는 데 적극적인 소비자 그룹입니다. 가격에 민감하기보다는 효율성과 맛을 동시에 추구합니다.
268,여자,60대 이상,단순노무 종사자,중졸 이하,서울특별시,1세대가족,기혼,맞벌이 함,300-400만원 미만,0,0.2335820895522387,0.5640736565201052,0.5046346782988005,0.9216454456415276,0.30814332247557,0.5019090593543908,0.4217391304347826,실속형 미식가,편리성을 중시하면서도 새로운 맛과 제품을 시도하는 데 적극적인 소비자 그룹입니다. 가격에 민감하기보다는 효율성과 맛을 동시에 추구합니다.
269,여자,60대 이상,서비스 종사자,대학교 졸업(전문대졸/대학원생 포함),서울특별시,1세대가족,기혼,맞벌이 함,600-700만원 미만,0,0.2641791044776119,0.3761743705373919,0.2639040348964012,0.8237022526934379,0.2094462540716612,0.1700798333911836,0.8260869565217391,실속형 미식가,편리성을 중시하면서도 새로운 맛과 제품을 시도하는 데 적극적인 소비자 그룹입니다. 가격에 민감하기보다는 효율성과 맛을 동시에 추구합니다.
270,여자,60대 이상,주부,고졸(대학 재학 포함),인천광역시,1세대가족,기혼,맞벌이 하지 않음,200-300만원 미만,0,0.2388059701492537,0.3769259676813228,0.3565976008724101,0.5612144955925562,0.2908794788273616,0.3377299548767789,0.4217391304347826,실속형 미식가,편리성을 중시하면서도 새로운 맛과 제품을 시도하는 데 적극적인 소비자 그룹입니다. 가격에 민감하기보다는 효율성과 맛을 동시에 추구합니다.
271,여자,60대 이상,서비스 종사자,중졸 이하,충청북도,1세대가족,기혼,맞벌이 함,500-600만원 미만,0,0.2313432835820895,0.5858699736941,0.2388222464558342,0.7796278158667971,0.173615635179153,0.1700798333911836,0.3043478260869565,실속형 미식가,편리성을 중시하면서도 새로운 맛과 제품을 시도하는 데 적극적인 소비자 그룹입니다. 가격에 민감하기보다는 효율성과 맛을 동시에 추구합니다.
272,여자,60대 이상,주부,대학교 졸업(전문대졸/대학원생 포함),부산광역시,1세대가족,기혼,맞벌이 하지 않음,200-300만원 미만,0,0.4350746268656715,0.5640736565201052,0.3759541984732824,0.7845249755142016,0.2592833876221498,0.2821936827490455,0.5534782608695653,실속형 미식가,편리성을 중시하면서도 새로운 맛과 제품을 시도하는 데 적극적인 소비자 그룹입니다. 가격에 민감하기보다는 효율성과 맛을 동시에 추구합니다.
273,여자,60대 이상,서비스 종사자,고졸(대학 재학 포함),경상북도,1세대가족,기혼,맞벌이 함,500-600만원 미만,0,0.208955223880597,0.4472003006388575,0.4574700109051255,0.6366307541625857,0.2801302931596091,0.2082610204790003,0.4695652173913044,실속형 미식가,편리성을 중시하면서도 새로운 맛과 제품을 시도하는 데 적극적인 소비자 그룹입니다. 가격에 민감하기보다는 효율성과 맛을 동시에 추구합니다.
274,여자,60대 이상,주부,중졸 이하,충청남도,1세대가족,기혼,맞벌이 하지 않음,100-200만원 미만,0,0.1865671641791044,0.7989477639984968,0.3920392584514722,0.7600391772771791,0.1726384364820847,0.3530024297119055,0.2360869565217391,실속형 미식가,편리성을 중시하면서도 새로운 맛과 제품을 시도하는 데 적극적인 소비자 그룹입니다. 가격에 민감하기보다는 효율성과 맛을 동시에 추구합니다.
275,여자,60대 이상,농림어업 숙련 종사자,고졸(대학 재학 포함),전라남도,1세대가족,기혼,맞벌이 함,400-500만원 미만,0,0.3402985074626865,0.4051108605787298,0.3724100327153762,0.7228207639569049,0.3254071661237785,0.2742103436306838,0.5565217391304348,실속형 미식가,편리성을 중시하면서도 새로운 맛과 제품을 시도하는 데 적극적인 소비자 그룹입니다. 가격에 민감하기보다는 효율성과 맛을 동시에 추구합니다.
276,여자,60대 이상,주부,고졸(대학 재학 포함),서울특별시,1세대가족,기혼,맞벌이 하지 않음,300-400만원 미만,1,0.1865671641791044,0.4325441563322059,0.8721374045801525,0.8824681684622917,0.534527687296417,0.2814994793474488,0.3478260869565217,건강 추구형 소비자,가격이나 브랜드에 크게 구애받지 않고 건강을 최우선으로 고려하는 프리미엄 소비자 그룹입니다. 건강과 편리성을 모두 만족시키는 제품에 기꺼이 지갑을 엽니다.
277,여자,60대 이상,주부,고졸(대학 재학 포함),강원도,1세대가족,기혼,맞벌이 하지 않음,200-300만원 미만,1,0.1082089552238805,0.4400601277715145,0.7628135223555071,0.8824681684622917,0.4195439739413681,0.4317945157931274,0.2956521739130434,건강 추구형 소비자,가격이나 브랜드에 크게 구애받지 않고 건강을 최우선으로 고려하는 프리미엄 소비자 그룹입니다. 건강과 편리성을 모두 만족시키는 제품에 기꺼이 지갑을 엽니다.
278,여자,60대 이상,사무 종사자,고졸(대학 재학 포함),서울특별시,1세대가족,기혼,맞벌이 함,"1,000만원 이상",1,0.3888059701492537,0.5678316422397595,0.6736641221374046,0.8824681684622917,0.4074918566775244,0.2186740715029503,0.2695652173913043,건강 추구형 소비자,가격이나 브랜드에 크게 구애받지 않고 건강을 최우선으로 고려하는 프리미엄 소비자 그룹입니다. 건강과 편리성을 모두 만족시키는 제품에 기꺼이 지갑을 엽니다.
279,여자,60대 이상,판매 종사자,고졸(대학 재학 포함),부산광역시,1세대가족,기혼,맞벌이 함,500-600만원 미만,1,0.6097014925373134,0.4137542277339346,0.7600872410032716,0.8824681684622917,0.2605863192182411,0.3880597014925373,0.1478260869565218,건강 추구형 소비자,가격이나 브랜드에 크게 구애받지 않고 건강을 최우선으로 고려하는 프리미엄 소비자 그룹입니다. 건강과 편리성을 모두 만족시키는 제품에 기꺼이 지갑을 엽니다.
280,여자,60대 이상,판매 종사자,대학교 졸업(전문대졸/대학원생 포함),서울특별시,1세대가족,기혼,맞벌이 함,"1,000만원 이상",1,0.2611940298507462,0.5678316422397595,0.7172846237731734,0.8628795298726737,0.3583061889250814,0.2395001735508504,0.1608695652173913,건강 추구형 소비자,가격이나 브랜드에 크게 구애받지 않고 건강을 최우선으로 고려하는 프리미엄 소비자 그룹입니다. 건강과 편리성을 모두 만족시키는 제품에 기꺼이 지갑을 엽니다.
281,여자,60대 이상,주부,고졸(대학 재학 포함),경기도,1세대가족,기혼,맞벌이 하지 않음,200-300만원 미만,1,0.0746268656716418,0.4400601277715145,0.7071973827699017,0.8824681684622917,0.3843648208469056,0.4161749392572024,0.3173913043478261,건강 추구형 소비자,가격이나 브랜드에 크게 구애받지 않고 건강을 최우선으로 고려하는 프리미엄 소비자 그룹입니다. 건강과 편리성을 모두 만족시키는 제품에 기꺼이 지갑을 엽니다.
282,여자,60대 이상,주부,고졸(대학 재학 포함),전라북도,1세대가족,기혼,맞벌이 하지 않음,300-400만원 미만,1,0.3276119402985074,0.4314167606163096,0.80752453653217,0.859941234084231,0.6928338762214984,0.4484553974314473,0.2956521739130434,건강 추구형 소비자,가격이나 브랜드에 크게 구애받지 않고 건강을 최우선으로 고려하는 프리미엄 소비자 그룹입니다. 건강과 편리성을 모두 만족시키는 제품에 기꺼이 지갑을 엽니다.
283,여자,60대 이상,주부,중졸 이하,강원도,1세대가족,기혼,맞벌이 하지 않음,200-300만원 미만,1,0.1231343283582089,0.3987222848553175,0.6382224645583424,0.8628795298726737,0.3403908794788273,0.4477611940298507,0.3782608695652174,건강 추구형 소비자,가격이나 브랜드에 크게 구애받지 않고 건강을 최우선으로 고려하는 프리미엄 소비자 그룹입니다. 건강과 편리성을 모두 만족시키는 제품에 기꺼이 지갑을 엽니다.
284,여자,60대 이상,주부,중졸 이하,대구광역시,1세대가족,기혼,맞벌이 하지 않음,200-300만원 미만,1,0.6067164179104477,0.3461104847801578,0.6627589967284625,0.7453476983349656,0.5449511400651467,0.3120444290177022,0.1260869565217391,건강 추구형 소비자,가격이나 브랜드에 크게 구애받지 않고 건강을 최우선으로 고려하는 프리미엄 소비자 그룹입니다. 건강과 편리성을 모두 만족시키는 제품에 기꺼이 지갑을 엽니다.
285,여자,60대 이상,판매 종사자,고졸(대학 재학 포함),경상남도,1세대가족,기혼,맞벌이 함,200-300만원 미만,1,0.6791044776119403,0.4701240135287486,0.5264449291166848,0.7845249755142016,0.5179153094462542,0.2960777507809788,0.2739130434782609,건강 추구형 소비자,가격이나 브랜드에 크게 구애받지 않고 건강을 최우선으로 고려하는 프리미엄 소비자 그룹입니다. 건강과 편리성을 모두 만족시키는 제품에 기꺼이 지갑을 엽니다.
286,여자,60대 이상,서비스 종사자,고졸(대학 재학 포함),전라남도,1세대가족,기혼,맞벌이 함,200-300만원 미만,1,0.4477611940298506,0.4505824877865464,0.4770992366412213,0.7404505386875613,0.3713355048859935,0.2901770218674071,0.1404347826086956,건강 추구형 소비자,가격이나 브랜드에 크게 구애받지 않고 건강을 최우선으로 고려하는 프리미엄 소비자 그룹입니다. 건강과 편리성을 모두 만족시키는 제품에 기꺼이 지갑을 엽니다.
287,여자,60대 이상,기능원 및 관련 기능 종사자,고졸(대학 재학 포함),경기도,1세대가족,기혼,맞벌이 하지 않음,300-400만원 미만,1,0.498507462686567,0.6054114994363021,0.6941112322791712,0.6865817825661116,0.5074918566775245,0.226657410621312,0.2,건강 추구형 소비자,가격이나 브랜드에 크게 구애받지 않고 건강을 최우선으로 고려하는 프리미엄 소비자 그룹입니다. 건강과 편리성을 모두 만족시키는 제품에 기꺼이 지갑을 엽니다.
288,여자,60대 이상,서비스 종사자,중졸 이하,강원도,1세대가족,기혼,맞벌이 함,400-500만원 미만,1,0.3029850746268656,0.3536264562194663,0.5359869138495094,0.7649363369245838,0.4123778501628664,0.3606386671294689,0.5043478260869565,건강 추구형 소비자,가격이나 브랜드에 크게 구애받지 않고 건강을 최우선으로 고려하는 프리미엄 소비자 그룹입니다. 건강과 편리성을 모두 만족시키는 제품에 기꺼이 지갑을 엽니다.
289,여자,60대 이상,주부,중졸 이하,경상남도,1세대가족,기혼,맞벌이 하지 않음,100-200만원 미만,1,0.1902985074626865,0.5077038707252912,0.5817884405670665,0.7257590597453476,0.4446254071661238,0.4182575494619923,0.1043478260869565,건강 추구형 소비자,가격이나 브랜드에 크게 구애받지 않고 건강을 최우선으로 고려하는 프리미엄 소비자 그룹입니다. 건강과 편리성을 모두 만족시키는 제품에 기꺼이 지갑을 엽니다.
290,여자,60대 이상,서비스 종사자,고졸(대학 재학 포함),서울특별시,1세대가족,기혼,맞벌이 함,400-500만원 미만,3,0.8126865671641791,0.4175122134535888,0.3514176663031625,0.8432908912830557,0.5469055374592835,0.3071850052065255,0.9434782608695654,트렌드 주도형 소비자,"자신의 취향과 경험을 중시하는 소비자 그룹입니다. 단순히 배를 채우는 것 이상의 가치를 추구하며, 새로운 제품을 가장 먼저 경험하고 공유하려는 경향이 강합니다"
291,여자,60대 이상,서비스 종사자,고졸(대학 재학 포함),경상남도,1세대가족,기혼,맞벌이 함,200-300만원 미만,3,0.6067164179104477,0.6516347237880495,0.3906761177753544,0.8237022526934379,0.4563517915309446,0.2068726136758069,0.3782608695652174,트렌드 주도형 소비자,"자신의 취향과 경험을 중시하는 소비자 그룹입니다. 단순히 배를 채우는 것 이상의 가치를 추구하며, 새로운 제품을 가장 먼저 경험하고 공유하려는 경향이 강합니다"
292,여자,60대 이상,주부,중졸 이하,대구광역시,1세대가족,기혼,맞벌이 하지 않음,100-200만원 미만,3,0.708955223880597,0.5020668921458099,0.0845147219193021,0.7796278158667971,0.3560260586319218,0.6896910794862894,0.575217391304348,트렌드 주도형 소비자,"자신의 취향과 경험을 중시하는 소비자 그룹입니다. 단순히 배를 채우는 것 이상의 가치를 추구하며, 새로운 제품을 가장 먼저 경험하고 공유하려는 경향이 강합니다"
293,여자,60대 이상,서비스 종사자,고졸(대학 재학 포함),광주광역시,1세대가족,기혼,맞벌이 함,400-500만원 미만,3,0.4373134328358208,0.3028936490041337,0.314340239912759,0.681684622918707,0.5143322475570032,0.3561263450190906,0.3913043478260869,트렌드 주도형 소비자,"자신의 취향과 경험을 중시하는 소비자 그룹입니다. 단순히 배를 채우는 것 이상의 가치를 추구하며, 새로운 제품을 가장 먼저 경험하고 공유하려는 경향이 강합니다"
294,여자,60대 이상,판매 종사자,고졸(대학 재학 포함),충청북도,1세대가족,기혼,맞벌이 함,500-600만원 미만,3,0.6850746268656716,0.631717399473882,0.4664667393675028,0.9216454456415276,0.396742671009772,0.2846233946546338,0.5360869565217392,트렌드 주도형 소비자,"자신의 취향과 경험을 중시하는 소비자 그룹입니다. 단순히 배를 채우는 것 이상의 가치를 추구하며, 새로운 제품을 가장 먼저 경험하고 공유하려는 경향이 강합니다"
295,여자,60대 이상,서비스 종사자,고졸(대학 재학 포함),부산광역시,1세대가족,기혼,맞벌이 함,300-400만원 미만,3,0.8231343283582089,0.6129274708756106,0.4242093784078516,0.8237022526934379,0.5918566775244299,0.3460603956959388,0.4782608695652174,트렌드 주도형 소비자,"자신의 취향과 경험을 중시하는 소비자 그룹입니다. 단순히 배를 채우는 것 이상의 가치를 추구하며, 새로운 제품을 가장 먼저 경험하고 공유하려는 경향이 강합니다"
296,여자,60대 이상,농림어업 숙련 종사자,고졸(대학 재학 포함),충청남도,1세대가족,기혼,맞벌이 함,300-400만원 미만,3,0.6335820895522387,0.5791055993987223,0.0681570338058887,0.7845249755142016,0.3742671009771987,0.6483859770912878,0.3260869565217391,트렌드 주도형 소비자,"자신의 취향과 경험을 중시하는 소비자 그룹입니다. 단순히 배를 채우는 것 이상의 가치를 추구하며, 새로운 제품을 가장 먼저 경험하고 공유하려는 경향이 강합니다"
297,여자,60대 이상,주부,고졸(대학 재학 포함),강원도,1세대가족,기혼,맞벌이 하지 않음,200-300만원 미만,3,0.5992537313432835,0.5313791807591131,0.4315703380588878,0.9216454456415276,0.4482084690553746,0.3932662270045124,0.682608695652174,트렌드 주도형 소비자,"자신의 취향과 경험을 중시하는 소비자 그룹입니다. 단순히 배를 채우는 것 이상의 가치를 추구하며, 새로운 제품을 가장 먼저 경험하고 공유하려는 경향이 강합니다"
298,여자,60대 이상,주부,고졸(대학 재학 포함),세종특별자치시,1세대가족,기혼,맞벌이 하지 않음,400-500만원 미만,3,0.462686567164179,0.590379556557685,0.3565976008724101,0.9412340842311456,0.3566775244299675,0.616452620617841,0.5434782608695653,트렌드 주도형 소비자,"자신의 취향과 경험을 중시하는 소비자 그룹입니다. 단순히 배를 채우는 것 이상의 가치를 추구하며, 새로운 제품을 가장 먼저 경험하고 공유하려는 경향이 강합니다"
299,여자,60대 이상,서비스 종사자,고졸(대학 재학 포함),서울특별시,1세대가족,기혼,맞벌이 함,400-500만원 미만,3,0.5895522388059702,0.4250281848928973,0.4462922573609595,0.8628795298726737,0.4553745928338762,0.3182922596320722,0.7043478260869565,트렌드 주도형 소비자,"자신의 취향과 경험을 중시하는 소비자 그룹입니다. 단순히 배를 채우는 것 이상의 가치를 추구하며, 새로운 제품을 가장 먼저 경험하고 공유하려는 경향이 강합니다"
300,여자,60대 이상,주부,고졸(대학 재학 포함),세종특별자치시,1세대가족,기혼,맞벌이 하지 않음,300-400만원 미만,3,0.6850746268656716,0.7406989853438556,0.2748091603053435,0.7845249755142016,0.3315960912052117,0.5109337035751474,0.4695652173913044,트렌드 주도형 소비자,"자신의 취향과 경험을 중시하는 소비자 그룹입니다. 단순히 배를 채우는 것 이상의 가치를 추구하며, 새로운 제품을 가장 먼저 경험하고 공유하려는 경향이 강합니다"
301,여자,60대 이상,주부,고졸(대학 재학 포함),인천광역시,1세대가족,기혼,맞벌이 하지 않음,300-400만원 미만,3,0.6417910447761194,0.5791055993987223,0.5032715376226826,0.8041136141038197,0.4416938110749185,0.2429711905588337,0.4217391304347826,트렌드 주도형 소비자,"자신의 취향과 경험을 중시하는 소비자 그룹입니다. 단순히 배를 채우는 것 이상의 가치를 추구하며, 새로운 제품을 가장 먼저 경험하고 공유하려는 경향이 강합니다"
302,여자,60대 이상,주부,고졸(대학 재학 포함),서울특별시,1세대가족,기혼,맞벌이 하지 않음,300-400만원 미만,3,0.5455223880597014,0.5313791807591131,0.4841875681570339,0.8824681684622917,0.5534201954397394,0.3158625477264839,0.6086956521739131,트렌드 주도형 소비자,"자신의 취향과 경험을 중시하는 소비자 그룹입니다. 단순히 배를 채우는 것 이상의 가치를 추구하며, 새로운 제품을 가장 먼저 경험하고 공유하려는 경향이 강합니다"
303,여자,60대 이상,서비스 종사자,고졸(대학 재학 포함),경기도,1세대가족,기혼,맞벌이 함,500-600만원 미만,3,0.4902985074626865,0.5678316422397595,0.4302071973827699,0.9020568070519096,0.3322475570032573,0.3832002776813606,0.6478260869565218,트렌드 주도형 소비자,"자신의 취향과 경험을 중시하는 소비자 그룹입니다. 단순히 배를 채우는 것 이상의 가치를 추구하며, 새로운 제품을 가장 먼저 경험하고 공유하려는 경향이 강합니다"
304,여자,60대 이상,기능원 및 관련 기능 종사자,고졸(대학 재학 포함),인천광역시,1세대가족,기혼,맞벌이 하지 않음,300-400만원 미만,3,0.5962686567164179,0.4926719278466741,0.4220283533260632,0.8824681684622917,0.355700325732899,0.6733772995487678,0.6000000000000001,트렌드 주도형 소비자,"자신의 취향과 경험을 중시하는 소비자 그룹입니다. 단순히 배를 채우는 것 이상의 가치를 추구하며, 새로운 제품을 가장 먼저 경험하고 공유하려는 경향이 강합니다"
305,여자,60대 이상,서비스 종사자,고졸(대학 재학 포함),울산광역시,1세대가족,기혼,맞벌이 함,500-600만원 미만,3,0.5597014925373134,0.5415257422021795,0.4372955288985823,0.8824681684622917,0.3843648208469056,0.2603262755987504,0.6056521739130435,트렌드 주도형 소비자,"자신의 취향과 경험을 중시하는 소비자 그룹입니다. 단순히 배를 채우는 것 이상의 가치를 추구하며, 새로운 제품을 가장 먼저 경험하고 공유하려는 경향이 강합니다"
306,여자,60대 이상,주부,중졸 이하,제주특별자치도,1인 가구,미혼(사별/이혼 포함),맞벌이 하지 않음,100만원 미만,0,0.0634328358208955,0.3600150319428786,0.3170665212649945,0.7815866797257591,0.1296416938110749,0.6108989934050676,0.3173913043478261,실속형 미식가,편리성을 중시하면서도 새로운 맛과 제품을 시도하는 데 적극적인 소비자 그룹입니다. 가격에 민감하기보다는 효율성과 맛을 동시에 추구합니다.
307,여자,60대 이상,판매 종사자,고졸(대학 재학 포함),경상북도,1인 가구,미혼(사별/이혼 포함),맞벌이 하지 않음,100-200만원 미만,0,0.208955223880597,0.4735062006764374,0.5542529989094874,0.6758080313418218,0.2345276872964169,0.2325581395348837,0.4130434782608696,실속형 미식가,편리성을 중시하면서도 새로운 맛과 제품을 시도하는 데 적극적인 소비자 그룹입니다. 가격에 민감하기보다는 효율성과 맛을 동시에 추구합니다.
308,여자,60대 이상,판매 종사자,고졸(대학 재학 포함),강원도,1인 가구,미혼(사별/이혼 포함),맞벌이 하지 않음,200-300만원 미만,0,0.1194029850746268,0.5546786922209695,0.4675572519083969,0.7992164544564153,0.2700325732899023,0.5137105171815342,0.4578260869565218,실속형 미식가,편리성을 중시하면서도 새로운 맛과 제품을 시도하는 데 적극적인 소비자 그룹입니다. 가격에 민감하기보다는 효율성과 맛을 동시에 추구합니다.
309,여자,60대 이상,주부,중졸 이하,전라남도,1인 가구,미혼(사별/이혼 포함),맞벌이 하지 않음,100-200만원 미만,0,0.4238805970149252,0.5516723036452462,0.3456924754634678,0.8207639569049949,0.3413680781758957,0.5265532801110725,0.3739130434782609,실속형 미식가,편리성을 중시하면서도 새로운 맛과 제품을 시도하는 데 적극적인 소비자 그룹입니다. 가격에 민감하기보다는 효율성과 맛을 동시에 추구합니다.
310,여자,60대 이상,단순노무 종사자,중졸 이하,전라남도,1인 가구,미혼(사별/이혼 포함),맞벌이 하지 않음,100-200만원 미만,0,0.0940298507462686,0.5182262307403233,0.3162486368593239,0.7600391772771791,0.2234527687296416,0.4359597362027073,0.4434782608695652,실속형 미식가,편리성을 중시하면서도 새로운 맛과 제품을 시도하는 데 적극적인 소비자 그룹입니다. 가격에 민감하기보다는 효율성과 맛을 동시에 추구합니다.
311,여자,60대 이상,농림어업 숙련 종사자,중졸 이하,전라남도,1인 가구,미혼(사별/이혼 포함),맞벌이 하지 않음,100-200만원 미만,0,0.4731343283582088,0.5941375422773394,0.1529443838604144,0.8041136141038197,0.2960912052117264,0.3373828531759805,0.4926086956521739,실속형 미식가,편리성을 중시하면서도 새로운 맛과 제품을 시도하는 데 적극적인 소비자 그룹입니다. 가격에 민감하기보다는 효율성과 맛을 동시에 추구합니다.
312,여자,60대 이상,서비스 종사자,고졸(대학 재학 포함),경상북도,1인 가구,미혼(사별/이혼 포함),맞벌이 하지 않음,100-200만원 미만,1,0.2761194029850746,0.3570086433671552,0.61886586695747,0.6170421155729677,0.3745928338762215,0.225616105518917,0.408695652173913,건강 추구형 소비자,가격이나 브랜드에 크게 구애받지 않고 건강을 최우선으로 고려하는 프리미엄 소비자 그룹입니다. 건강과 편리성을 모두 만족시키는 제품에 기꺼이 지갑을 엽니다.
313,여자,60대 이상,서비스 종사자,고졸(대학 재학 포함),서울특별시,1인 가구,미혼(사별/이혼 포함),맞벌이 하지 않음,200-300만원 미만,1,0.4328358208955223,0.5114618564449455,0.5733369683751364,0.8041136141038197,0.3872964169381108,0.2082610204790003,0.4317391304347826,건강 추구형 소비자,가격이나 브랜드에 크게 구애받지 않고 건강을 최우선으로 고려하는 프리미엄 소비자 그룹입니다. 건강과 편리성을 모두 만족시키는 제품에 기꺼이 지갑을 엽니다.
314,여자,60대 이상,서비스 종사자,고졸(대학 재학 포함),전라북도,1인 가구,기혼,맞벌이 하지 않음,200-300만원 미만,1,0.2388059701492537,0.4212701991732431,0.7985278080697927,0.8824681684622917,0.5843648208469056,0.3353002429711905,0.3782608695652174,건강 추구형 소비자,가격이나 브랜드에 크게 구애받지 않고 건강을 최우선으로 고려하는 프리미엄 소비자 그룹입니다. 건강과 편리성을 모두 만족시키는 제품에 기꺼이 지갑을 엽니다.
315,여자,60대 이상,단순노무 종사자,중졸 이하,강원도,1인 가구,미혼(사별/이혼 포함),맞벌이 하지 않음,200-300만원 미만,3,0.7283582089552237,0.5351371664787674,0.5297164667393676,0.8628795298726737,0.7433224755700326,0.4130510239500173,0.5100000000000001,트렌드 주도형 소비자,"자신의 취향과 경험을 중시하는 소비자 그룹입니다. 단순히 배를 채우는 것 이상의 가치를 추구하며, 새로운 제품을 가장 먼저 경험하고 공유하려는 경향이 강합니다"
316,여자,60대 이상,서비스 종사자,고졸(대학 재학 포함),부산광역시,1인 가구,미혼(사별/이혼 포함),맞벌이 하지 않음,100-200만원 미만,3,0.7462686567164178,0.4588500563697858,0.3574154852780806,0.8237022526934379,0.6234527687296417,0.365845192641444,0.4608695652173913,트렌드 주도형 소비자,"자신의 취향과 경험을 중시하는 소비자 그룹입니다. 단순히 배를 채우는 것 이상의 가치를 추구하며, 새로운 제품을 가장 먼저 경험하고 공유하려는 경향이 강합니다"
317,여자,60대 이상,농림어업 숙련 종사자,고졸(대학 재학 포함),충청남도,1인 가구,미혼(사별/이혼 포함),맞벌이 하지 않음,200-300만원 미만,3,0.7507462686567163,0.7688838782412626,0.2516357688113413,0.8188050930460331,0.301628664495114,0.5994446372787225,0.4360869565217391,트렌드 주도형 소비자,"자신의 취향과 경험을 중시하는 소비자 그룹입니다. 단순히 배를 채우는 것 이상의 가치를 추구하며, 새로운 제품을 가장 먼저 경험하고 공유하려는 경향이 강합니다"
318,여자,60대 이상,단순노무 종사자,중졸 이하,부산광역시,1인 가구,미혼(사별/이혼 포함),맞벌이 하지 않음,100-200만원 미만,3,0.4910447761194028,0.4363021420518602,0.4173936750272627,0.8237022526934379,0.3185667752442997,0.5296771954182574,0.5708695652173914,트렌드 주도형 소비자,"자신의 취향과 경험을 중시하는 소비자 그룹입니다. 단순히 배를 채우는 것 이상의 가치를 추구하며, 새로운 제품을 가장 먼저 경험하고 공유하려는 경향이 강합니다"
319,여자,60대 이상,주부,중졸 이하,경상남도,2세대가족,미혼(사별/이혼 포함),맞벌이 하지 않음,400-500만원 미만,0,0.1067164179104477,0.46260804208944,0.4577426390403488,0.8041136141038197,0.2973941368078176,0.1631377993752169,0.4752173913043479,실속형 미식가,편리성을 중시하면서도 새로운 맛과 제품을 시도하는 데 적극적인 소비자 그룹입니다. 가격에 민감하기보다는 효율성과 맛을 동시에 추구합니다.
320,여자,60대 이상,사무 종사자,대학교 졸업(전문대졸/대학원생 포함),전라남도,2세대가족,미혼(사별/이혼 포함),맞벌이 하지 않음,600-700만원 미만,0,0.3999999999999999,0.4550920706501316,0.366957470010905,0.9020568070519096,0.3342019543973941,0.4245053800763624,0.5869565217391305,실속형 미식가,편리성을 중시하면서도 새로운 맛과 제품을 시도하는 데 적극적인 소비자 그룹입니다. 가격에 민감하기보다는 효율성과 맛을 동시에 추구합니다.
321,여자,60대 이상,판매 종사자,고졸(대학 재학 포함),경상북도,2세대가족,미혼(사별/이혼 포함),맞벌이 하지 않음,400-500만원 미만,0,0.208955223880597,0.4659902292371289,0.5425299890948746,0.6366307541625857,0.3094462540716612,0.2499132245748004,0.4869565217391305,실속형 미식가,편리성을 중시하면서도 새로운 맛과 제품을 시도하는 데 적극적인 소비자 그룹입니다. 가격에 민감하기보다는 효율성과 맛을 동시에 추구합니다.
322,여자,60대 이상,주부,대학교 졸업(전문대졸/대학원생 포함),울산광역시,2세대가족,기혼,맞벌이 하지 않음,600-700만원 미만,0,0.2238805970149253,0.7670048853814355,0.5043620501635768,0.7845249755142016,0.1410423452768729,0.215203054494967,0.5404347826086957,실속형 미식가,편리성을 중시하면서도 새로운 맛과 제품을 시도하는 데 적극적인 소비자 그룹입니다. 가격에 민감하기보다는 효율성과 맛을 동시에 추구합니다.
323,여자,60대 이상,서비스 종사자,고졸(대학 재학 포함),제주특별자치도,2세대가족,기혼,맞벌이 함,400-500만원 미만,0,0.2843283582089552,0.6580232995114619,0.2707197382769902,0.7845249755142016,0.2026058631921824,0.5529330093717459,0.6491304347826088,실속형 미식가,편리성을 중시하면서도 새로운 맛과 제품을 시도하는 데 적극적인 소비자 그룹입니다. 가격에 민감하기보다는 효율성과 맛을 동시에 추구합니다.
324,여자,60대 이상,판매 종사자,고졸(대학 재학 포함),부산광역시,2세대가족,미혼(사별/이혼 포함),맞벌이 하지 않음,300-400만원 미만,1,0.6567164179104478,0.3461104847801578,0.7227371864776445,0.7453476983349656,0.254071661237785,0.3255813953488372,0.1217391304347826,건강 추구형 소비자,가격이나 브랜드에 크게 구애받지 않고 건강을 최우선으로 고려하는 프리미엄 소비자 그룹입니다. 건강과 편리성을 모두 만족시키는 제품에 기꺼이 지갑을 엽니다.
325,여자,60대 이상,주부,대학교 졸업(전문대졸/대학원생 포함),부산광역시,2세대가족,기혼,맞벌이 하지 않음,500-600만원 미만,1,0.708955223880597,0.3611424276587748,0.7227371864776445,0.7649363369245838,0.8762214983713356,0.3627212773342589,0.1304347826086956,건강 추구형 소비자,가격이나 브랜드에 크게 구애받지 않고 건강을 최우선으로 고려하는 프리미엄 소비자 그룹입니다. 건강과 편리성을 모두 만족시키는 제품에 기꺼이 지갑을 엽니다.
326,여자,60대 이상,주부,대학교 졸업(전문대졸/대학원생 포함),대전광역시,2세대가족,기혼,맞벌이 하지 않음,800-900만원 미만,1,0.330597014925373,0.5009394964299136,0.6423118865866957,0.7962781586679726,0.4677524429967427,0.2717806317250955,0.4304347826086957,건강 추구형 소비자,가격이나 브랜드에 크게 구애받지 않고 건강을 최우선으로 고려하는 프리미엄 소비자 그룹입니다. 건강과 편리성을 모두 만족시키는 제품에 기꺼이 지갑을 엽니다.
327,여자,60대 이상,기능원 및 관련 기능 종사자,고졸(대학 재학 포함),경상남도,2세대가족,기혼,맞벌이 함,500-600만원 미만,1,0.1865671641791044,0.5077038707252912,0.6398582333696837,0.7257590597453476,0.3550488599348534,0.3123915307185005,0.1130434782608696,건강 추구형 소비자,가격이나 브랜드에 크게 구애받지 않고 건강을 최우선으로 고려하는 프리미엄 소비자 그룹입니다. 건강과 편리성을 모두 만족시키는 제품에 기꺼이 지갑을 엽니다.
328,여자,60대 이상,서비스 종사자,고졸(대학 재학 포함),전라북도,2세대가족,기혼,맞벌이 함,400-500만원 미만,3,0.6074626865671642,0.4212701991732431,0.5618865866957471,0.7649363369245838,0.588599348534202,0.4196459562651856,0.501304347826087,트렌드 주도형 소비자,"자신의 취향과 경험을 중시하는 소비자 그룹입니다. 단순히 배를 채우는 것 이상의 가치를 추구하며, 새로운 제품을 가장 먼저 경험하고 공유하려는 경향이 강합니다"
329,여자,60대 이상,사무 종사자,대학교 졸업(전문대졸/대학원생 포함),대전광역시,2세대가족,기혼,맞벌이 함,500-600만원 미만,3,0.4619402985074627,0.6591506952273581,0.4228462377317339,0.8628795298726737,0.3351791530944626,0.422075668170774,0.6000000000000001,트렌드 주도형 소비자,"자신의 취향과 경험을 중시하는 소비자 그룹입니다. 단순히 배를 채우는 것 이상의 가치를 추구하며, 새로운 제품을 가장 먼저 경험하고 공유하려는 경향이 강합니다"
330,여자,60대 이상,서비스 종사자,대학교 졸업(전문대졸/대학원생 포함),서울특별시,2세대가족,기혼,맞벌이 함,800-900만원 미만,3,0.4731343283582088,0.5565576850807966,0.5727917121046892,0.7649363369245838,0.4201954397394137,0.5164873307879209,0.4839130434782609,트렌드 주도형 소비자,"자신의 취향과 경험을 중시하는 소비자 그룹입니다. 단순히 배를 채우는 것 이상의 가치를 추구하며, 새로운 제품을 가장 먼저 경험하고 공유하려는 경향이 강합니다"
331,여자,60대 이상,서비스 종사자,대학교 졸업(전문대졸/대학원생 포함),경기도,2세대가족,기혼,맞벌이 함,"900-1,000만원 미만",3,0.7388059701492536,0.7125140924464487,0.3710468920392584,0.9167482859941232,0.4097719869706841,0.2950364456785839,0.6695652173913044,트렌드 주도형 소비자,"자신의 취향과 경험을 중시하는 소비자 그룹입니다. 단순히 배를 채우는 것 이상의 가치를 추구하며, 새로운 제품을 가장 먼저 경험하고 공유하려는 경향이 강합니다"
332,여자,60대 이상,주부,고졸(대학 재학 포함),대전광역시,2세대가족,기혼,맞벌이 하지 않음,500-600만원 미만,3,0.3694029850746268,0.4175122134535888,0.428298800436205,0.8237022526934379,0.4618892508143323,0.3155154460256856,0.6608695652173914,트렌드 주도형 소비자,"자신의 취향과 경험을 중시하는 소비자 그룹입니다. 단순히 배를 채우는 것 이상의 가치를 추구하며, 새로운 제품을 가장 먼저 경험하고 공유하려는 경향이 강합니다"
333,남자,20대,사무 종사자,대학교 졸업(전문대졸/대학원생 포함),충청북도,1세대가족,미혼(사별/이혼 포함),맞벌이 하지 않음,500-600만원 미만,0,0.4104477611940298,0.7670048853814355,0.3075245365321701,0.8824681684622917,0.317915309446254,0.3245400902464422,0.2999999999999999,실속형 미식가,편리성을 중시하면서도 새로운 맛과 제품을 시도하는 데 적극적인 소비자 그룹입니다. 가격에 민감하기보다는 효율성과 맛을 동시에 추구합니다.
334,남자,20대,서비스 종사자,고졸(대학 재학 포함),광주광역시,1세대가족,미혼(사별/이혼 포함),맞벌이 하지 않음,100-200만원 미만,1,0.6216417910447761,0.3423524990605035,0.4288440567066521,0.8041136141038197,0.6850162866449512,0.3349531412703922,0.2478260869565218,건강 추구형 소비자,가격이나 브랜드에 크게 구애받지 않고 건강을 최우선으로 고려하는 프리미엄 소비자 그룹입니다. 건강과 편리성을 모두 만족시키는 제품에 기꺼이 지갑을 엽니다.
335,남자,20대,사무 종사자,대학교 졸업(전문대졸/대학원생 포함),경상남도,1인 가구,미혼(사별/이혼 포함),맞벌이 하지 않음,200-300만원 미만,0,0.4313432835820894,0.4750093949642991,0.1744820065430752,0.7845249755142016,0.3576547231270358,0.252690038181187,0.408695652173913,실속형 미식가,편리성을 중시하면서도 새로운 맛과 제품을 시도하는 데 적극적인 소비자 그룹입니다. 가격에 민감하기보다는 효율성과 맛을 동시에 추구합니다.
336,남자,20대,사무 종사자,대학교 졸업(전문대졸/대학원생 포함),경상북도,1인 가구,미혼(사별/이혼 포함),맞벌이 하지 않음,200-300만원 미만,0,0.480597014925373,0.5189778278842541,0.2802617230098146,0.8432908912830557,0.2488599348534202,0.3960430406108989,0.6347826086956523,실속형 미식가,편리성을 중시하면서도 새로운 맛과 제품을 시도하는 데 적극적인 소비자 그룹입니다. 가격에 민감하기보다는 효율성과 맛을 동시에 추구합니다.
337,남자,20대,서비스 종사자,고졸(대학 재학 포함),부산광역시,1인 가구,미혼(사별/이혼 포함),맞벌이 하지 않음,300-400만원 미만,0,0.2902985074626865,0.5689590379556558,0.2606324972737185,0.8432908912830557,0.247557003257329,0.3314821242624088,0.5230434782608697,실속형 미식가,편리성을 중시하면서도 새로운 맛과 제품을 시도하는 데 적극적인 소비자 그룹입니다. 가격에 민감하기보다는 효율성과 맛을 동시에 추구합니다.
338,남자,20대,취업 준비 중,대학교 졸업(전문대졸/대학원생 포함),서울특별시,1인 가구,미혼(사별/이혼 포함),맞벌이 하지 않음,100-200만원 미만,0,0.3970149253731342,0.5527996993611424,0.3661395856052345,0.8237022526934379,0.4013029315960912,0.5078097882679625,0.3304347826086957,실속형 미식가,편리성을 중시하면서도 새로운 맛과 제품을 시도하는 데 적극적인 소비자 그룹입니다. 가격에 민감하기보다는 효율성과 맛을 동시에 추구합니다.
339,남자,20대,학생,고졸(대학 재학 포함),광주광역시,1인 가구,미혼(사별/이혼 포함),맞벌이 하지 않음,100만원 미만,1,0.6552238805970149,0.3198045847425779,0.4533805888767721,0.7453476983349656,0.7355048859934854,0.4199930579659839,0.1826086956521739,건강 추구형 소비자,가격이나 브랜드에 크게 구애받지 않고 건강을 최우선으로 고려하는 프리미엄 소비자 그룹입니다. 건강과 편리성을 모두 만족시키는 제품에 기꺼이 지갑을 엽니다.
340,남자,20대,기능원 및 관련 기능 종사자,고졸(대학 재학 포함),부산광역시,1인 가구,미혼(사별/이혼 포함),맞벌이 하지 않음,300-400만원 미만,1,0.5097014925373133,0.3047726418639608,0.3680479825517994,0.7061704211557296,0.7013029315960914,0.3332176327664006,0.1956521739130435,건강 추구형 소비자,가격이나 브랜드에 크게 구애받지 않고 건강을 최우선으로 고려하는 프리미엄 소비자 그룹입니다. 건강과 편리성을 모두 만족시키는 제품에 기꺼이 지갑을 엽니다.
341,남자,20대,사무 종사자,대학교 졸업(전문대졸/대학원생 포함),경상북도,1인 가구,미혼(사별/이혼 포함),맞벌이 하지 않음,400-500만원 미만,3,0.7014925373134328,0.5189778278842541,0.2311886586695747,0.7061704211557296,0.5547231270358307,0.3057965984033322,0.2826086956521739,트렌드 주도형 소비자,"자신의 취향과 경험을 중시하는 소비자 그룹입니다. 단순히 배를 채우는 것 이상의 가치를 추구하며, 새로운 제품을 가장 먼저 경험하고 공유하려는 경향이 강합니다"
342,남자,20대,기능원 및 관련 기능 종사자,대학교 졸업(전문대졸/대학원생 포함),부산광역시,1인 가구,미혼(사별/이혼 포함),맞벌이 하지 않음,200-300만원 미만,3,0.5186567164179104,0.4926719278466741,0.4520174482006543,0.8237022526934379,0.3436482084690553,0.3266227004512322,0.408695652173913,트렌드 주도형 소비자,"자신의 취향과 경험을 중시하는 소비자 그룹입니다. 단순히 배를 채우는 것 이상의 가치를 추구하며, 새로운 제품을 가장 먼저 경험하고 공유하려는 경향이 강합니다"
343,남자,20대,사무 종사자,대학교 졸업(전문대졸/대학원생 포함),대구광역시,1인 가구,미혼(사별/이혼 포함),맞벌이 하지 않음,300-400만원 미만,3,0.5746268656716417,0.3724163848177376,0.1172300981461286,0.8628795298726737,0.3485342019543974,0.4085387018396389,0.7260869565217393,트렌드 주도형 소비자,"자신의 취향과 경험을 중시하는 소비자 그룹입니다. 단순히 배를 채우는 것 이상의 가치를 추구하며, 새로운 제품을 가장 먼저 경험하고 공유하려는 경향이 강합니다"
344,남자,20대,학생,고졸(대학 재학 포함),부산광역시,1인 가구,미혼(사별/이혼 포함),맞벌이 하지 않음,100-200만원 미만,3,0.7276119402985074,0.4099962420142803,0.3298800436205016,0.7845249755142016,0.496742671009772,0.4300590072891357,0.4565217391304348,트렌드 주도형 소비자,"자신의 취향과 경험을 중시하는 소비자 그룹입니다. 단순히 배를 채우는 것 이상의 가치를 추구하며, 새로운 제품을 가장 먼저 경험하고 공유하려는 경향이 강합니다"
345,남자,20대,판매 종사자,고졸(대학 재학 포함),경상남도,2세대가족,기혼,맞벌이 하지 않음,200-300만원 미만,3,0.7820895522388059,0.6768132281097331,0.5038167938931298,0.9020568070519096,0.4156351791530945,0.2464422075668171,0.6000000000000001,트렌드 주도형 소비자,"자신의 취향과 경험을 중시하는 소비자 그룹입니다. 단순히 배를 채우는 것 이상의 가치를 추구하며, 새로운 제품을 가장 먼저 경험하고 공유하려는 경향이 강합니다"
346,여자,20대,사무 종사자,대학교 졸업(전문대졸/대학원생 포함),서울특별시,1세대가족,기혼,맞벌이 함,600-700만원 미만,0,0.1641791044776119,0.7745208568207441,0.571701199563795,0.9216454456415276,0.160586319218241,0.2985074626865671,0.6347826086956523,실속형 미식가,편리성을 중시하면서도 새로운 맛과 제품을 시도하는 데 적극적인 소비자 그룹입니다. 가격에 민감하기보다는 효율성과 맛을 동시에 추구합니다.
347,여자,20대,서비스 종사자,대학교 졸업(전문대졸/대학원생 포함),충청남도,1세대가족,기혼,맞벌이 함,500-600만원 미만,0,0.462686567164179,0.5621946636602781,0.2669029443838604,0.7404505386875613,0.3420195439739414,0.1596667823672336,0.3347826086956522,실속형 미식가,편리성을 중시하면서도 새로운 맛과 제품을 시도하는 데 적극적인 소비자 그룹입니다. 가격에 민감하기보다는 효율성과 맛을 동시에 추구합니다.
348,여자,20대,사무 종사자,대학교 졸업(전문대졸/대학원생 포함),경상북도,1인 가구,미혼(사별/이혼 포함),맞벌이 하지 않음,300-400만원 미만,0,0.4402985074626864,0.5170988350244269,0.4487459105779716,0.7796278158667971,0.4006514657980456,0.4019437695244707,0.3478260869565217,실속형 미식가,편리성을 중시하면서도 새로운 맛과 제품을 시도하는 데 적극적인 소비자 그룹입니다. 가격에 민감하기보다는 효율성과 맛을 동시에 추구합니다.
349,여자,20대,판매 종사자,고졸(대학 재학 포함),대구광역시,1인 가구,미혼(사별/이혼 포함),맞벌이 하지 않음,200-300만원 미만,0,0.208955223880597,0.6091694851559564,0.1733914940021809,0.8628795298726737,0.1433224755700325,0.7476570635196111,0.7086956521739131,실속형 미식가,편리성을 중시하면서도 새로운 맛과 제품을 시도하는 데 적극적인 소비자 그룹입니다. 가격에 민감하기보다는 효율성과 맛을 동시에 추구합니다.
350,여자,20대,사무 종사자,대학교 졸업(전문대졸/대학원생 포함),경상북도,1인 가구,미혼(사별/이혼 포함),맞벌이 하지 않음,200-300만원 미만,0,0.2149253731343283,0.3423524990605035,0.2944383860414394,0.7649363369245838,0.175244299674267,0.3731343283582089,0.2782608695652174,실속형 미식가,편리성을 중시하면서도 새로운 맛과 제품을 시도하는 데 적극적인 소비자 그룹입니다. 가격에 민감하기보다는 효율성과 맛을 동시에 추구합니다.
351,여자,20대,사무 종사자,대학교 졸업(전문대졸/대학원생 포함),대구광역시,1인 가구,미혼(사별/이혼 포함),맞벌이 하지 않음,200-300만원 미만,0,0.3753731343283581,0.674934235249906,0.1289531079607415,0.8383937316356511,0.1508143322475569,0.1978479694550503,0.5130434782608696,실속형 미식가,편리성을 중시하면서도 새로운 맛과 제품을 시도하는 데 적극적인 소비자 그룹입니다. 가격에 민감하기보다는 효율성과 맛을 동시에 추구합니다.
352,여자,20대,사무 종사자,대학교 졸업(전문대졸/대학원생 포함),대전광역시,1인 가구,미혼(사별/이혼 포함),맞벌이 하지 않음,200-300만원 미만,0,0.2462686567164178,0.5471627207816611,0.2006543075245365,0.7404505386875613,0.2609120521172638,0.2533842415827837,0.4347826086956522,실속형 미식가,편리성을 중시하면서도 새로운 맛과 제품을 시도하는 데 적극적인 소비자 그룹입니다. 가격에 민감하기보다는 효율성과 맛을 동시에 추구합니다.
353,여자,20대,사무 종사자,대학교 졸업(전문대졸/대학원생 포함),충청남도,1인 가구,미혼(사별/이혼 포함),맞벌이 하지 않음,300-400만원 미만,0,0.3850746268656715,0.8928974069898533,0.4247546346782987,0.8971596474045052,0.2570032573289902,0.2405414786532454,0.201304347826087,실속형 미식가,편리성을 중시하면서도 새로운 맛과 제품을 시도하는 데 적극적인 소비자 그룹입니다. 가격에 민감하기보다는 효율성과 맛을 동시에 추구합니다.
354,여자,20대,기능원 및 관련 기능 종사자,대학교 졸업(전문대졸/대학원생 포함),경상북도,1인 가구,미혼(사별/이혼 포함),맞벌이 하지 않음,200-300만원 미만,0,0.4194029850746268,0.6354753851935362,0.0736095965103598,0.8432908912830557,0.2351791530944625,0.3724401249566124,0.3347826086956522,실속형 미식가,편리성을 중시하면서도 새로운 맛과 제품을 시도하는 데 적극적인 소비자 그룹입니다. 가격에 민감하기보다는 효율성과 맛을 동시에 추구합니다.
355,여자,20대,서비스 종사자,대학교 졸업(전문대졸/대학원생 포함),충청남도,1인 가구,미혼(사별/이혼 포함),맞벌이 하지 않음,200-300만원 미만,1,0.5970149253731343,0.3028936490041337,0.5250817884405671,0.681684622918707,0.642671009771987,0.1110725442554668,0.0478260869565217,건강 추구형 소비자,가격이나 브랜드에 크게 구애받지 않고 건강을 최우선으로 고려하는 프리미엄 소비자 그룹입니다. 건강과 편리성을 모두 만족시키는 제품에 기꺼이 지갑을 엽니다.
356,여자,20대,사무 종사자,대학교 졸업(전문대졸/대학원생 포함),경상북도,1인 가구,미혼(사별/이혼 포함),맞벌이 하지 않음,200-300만원 미만,1,0.3335820895522388,0.3649004133784291,0.327153762268266,0.8237022526934379,0.4625407166123779,0.4165220409580007,0.2260869565217391,건강 추구형 소비자,가격이나 브랜드에 크게 구애받지 않고 건강을 최우선으로 고려하는 프리미엄 소비자 그룹입니다. 건강과 편리성을 모두 만족시키는 제품에 기꺼이 지갑을 엽니다.
357,여자,20대,사무 종사자,대학원 졸업 이상,부산광역시,1인 가구,미혼(사별/이혼 포함),맞벌이 하지 않음,200-300만원 미만,3,0.5970149253731343,0.3799323562570462,0.3511450381679389,0.7257590597453476,0.4814332247557004,0.3300937174592154,0.5565217391304348,트렌드 주도형 소비자,"자신의 취향과 경험을 중시하는 소비자 그룹입니다. 단순히 배를 채우는 것 이상의 가치를 추구하며, 새로운 제품을 가장 먼저 경험하고 공유하려는 경향이 강합니다"
358,여자,20대,사무 종사자,대학교 졸업(전문대졸/대학원생 포함),부산광역시,1인 가구,미혼(사별/이혼 포함),맞벌이 하지 않음,200-300만원 미만,3,0.5880597014925373,0.7519729425028184,0.3565976008724101,0.8628795298726737,0.4599348534201954,0.3589031586254773,0.4434782608695652,트렌드 주도형 소비자,"자신의 취향과 경험을 중시하는 소비자 그룹입니다. 단순히 배를 채우는 것 이상의 가치를 추구하며, 새로운 제품을 가장 먼저 경험하고 공유하려는 경향이 강합니다"
359,여자,20대,전문가 및 관련 종사자,대학원 졸업 이상,제주특별자치도,1인 가구,미혼(사별/이혼 포함),맞벌이 하지 않음,200-300만원 미만,3,0.6604477611940298,0.7219090567455844,0.0929661941112322,0.6669931439764936,0.262214983713355,0.1825754946199236,0.2913043478260869,트렌드 주도형 소비자,"자신의 취향과 경험을 중시하는 소비자 그룹입니다. 단순히 배를 채우는 것 이상의 가치를 추구하며, 새로운 제품을 가장 먼저 경험하고 공유하려는 경향이 강합니다"
360,여자,20대,전문가 및 관련 종사자,고졸(대학 재학 포함),부산광역시,1인 가구,미혼(사별/이혼 포함),맞벌이 하지 않음,200-300만원 미만,3,0.8179104477611939,0.6542653137918076,0.4506543075245365,0.8432908912830557,0.5550488599348535,0.4286706004859423,0.4956521739130435,트렌드 주도형 소비자,"자신의 취향과 경험을 중시하는 소비자 그룹입니다. 단순히 배를 채우는 것 이상의 가치를 추구하며, 새로운 제품을 가장 먼저 경험하고 공유하려는 경향이 강합니다"
361,여자,20대,학생,고졸(대학 재학 포함),대전광역시,1인 가구,미혼(사별/이혼 포함),맞벌이 하지 않음,100만원 미만,3,0.6604477611940298,0.7812852311161218,0.0981461286804798,0.8579823702252691,0.3153094462540717,0.6463033668864977,0.4304347826086957,트렌드 주도형 소비자,"자신의 취향과 경험을 중시하는 소비자 그룹입니다. 단순히 배를 채우는 것 이상의 가치를 추구하며, 새로운 제품을 가장 먼저 경험하고 공유하려는 경향이 강합니다"
362,여자,20대,주부,대학교 졸업(전문대졸/대학원생 포함),대구광역시,2세대가족,기혼,맞벌이 하지 않음,200-300만원 미만,0,0.2977611940298507,0.4889139421270199,0.4727371864776444,0.8824681684622917,0.2570032573289902,0.5019090593543908,0.2260869565217391,실속형 미식가,편리성을 중시하면서도 새로운 맛과 제품을 시도하는 데 적극적인 소비자 그룹입니다. 가격에 민감하기보다는 효율성과 맛을 동시에 추구합니다.
363,여자,20대,주부,고졸(대학 재학 포함),대구광역시,2세대가족,기혼,맞벌이 하지 않음,200-300만원 미만,0,0.3231343283582089,0.6204434423149191,0.138495092693566,0.6669931439764936,0.2592833876221498,0.3849357861853523,0.3260869565217391,실속형 미식가,편리성을 중시하면서도 새로운 맛과 제품을 시도하는 데 적극적인 소비자 그룹입니다. 가격에 민감하기보다는 효율성과 맛을 동시에 추구합니다.
